cur_x,cur_y,cur_z,d_0_1,d_0_2,d_1_2,episodes,form_err,formation_state,max_drift,modes,occ_G06,p1_ok,p2_ok,t,x0,x1,x2,y0,y1,y2,z0,z1,z2
0.0,-0.05,0.0,7.0001,4.6104,4.6101,0,0.0005,OK,0.05,FORMATION_RECOVERY|FORMATION_RECOVERY|GATE_APPROACH,0,1,1,0.1,-18.177,-17.141,-14.691,17.567,10.644,14.549,-4.3,-4.3,-4.3
0.0,-0.05,0.0,7.0008,4.6121,4.6116,0,0.0019,OK,0.05,FORMATION_RECOVERY|FORMATION_RECOVERY|GATE_APPROACH,0,1,1,0.2,-18.161,-17.126,-14.674,17.569,10.645,14.551,-4.301,-4.301,-4.302
0.0,-0.05,0.0,7.0022,4.6145,4.6139,0,0.0038,OK,0.05,FORMATION_RECOVERY|FORMATION_RECOVERY|GATE_APPROACH,0,1,1,0.3,-18.138,-17.103,-14.648,17.572,10.647,14.553,-4.302,-4.303,-4.303
0.0,-0.05,0.0,7.0036,4.617,4.6162,0,0.0058,OK,0.05,FORMATION_RECOVERY|FORMATION_RECOVERY|GATE_APPROACH,0,1,1,0.4,-18.11,-17.074,-14.616,17.576,10.65,14.557,-4.304,-4.304,-4.306
0.0,-0.05,0.0,7.0052,4.6199,4.6187,0,0.0079,OK,0.05,FORMATION_RECOVERY|FORMATION_RECOVERY|GATE_APPROACH,0,1,1,0.5,-18.076,-17.04,-14.58,17.581,10.653,14.562,-4.306,-4.306,-4.308
0.0,-0.05,0.0,7.0068,4.6233,4.621,0,0.0103,OK,0.05,FORMATION_RECOVERY|FORMATION_RECOVERY|GATE_APPROACH,0,1,1,0.6,-18.039,-17.002,-14.539,17.586,10.656,14.566,-4.308,-4.308,-4.311
0.0,-0.05,0.0,7.0085,4.627,4.623,0,0.0127,OK,0.05,FORMATION_RECOVERY|FORMATION_RECOVERY|GATE_APPROACH,0,1,1,0.7,-17.999,-16.961,-14.495,17.592,10.66,14.57,-4.31,-4.309,-4.314
0.0,-0.05,0.0,7.0101,4.631,4.6252,0,0.0153,OK,0.05,FORMATION_RECOVERY|FORMATION_RECOVERY|GATE_APPROACH,0,1,1,0.8,-17.957,-16.918,-14.448,17.597,10.665,14.575,-4.313,-4.311,-4.317
0.0,-0.05,0.0,7.0116,4.635,4.628,0,0.0183,OK,0.05,FORMATION_RECOVERY|FORMATION_RECOVERY|GATE_APPROACH,0,1,1,0.9,-17.913,-16.873,-14.399,17.603,10.669,14.581,-4.315,-4.313,-4.32
0.0,-0.05,0.0,7.0131,4.639,4.6308,0,0.0212,OK,0.05,FORMATION_RECOVERY|FORMATION_RECOVERY|GATE_APPROACH,0,1,1,1.0,-17.868,-16.826,-14.349,17.609,10.674,14.586,-4.318,-4.315,-4.323
0.0,-0.05,0.0,7.0151,4.6435,4.6337,0,0.0243,OK,0.05,FORMATION_RECOVERY|FORMATION_RECOVERY|GATE_APPROACH,0,1,1,1.1,-17.822,-16.779,-14.298,17.616,10.679,14.592,-4.32,-4.318,-4.326
0.0,-0.05,0.0,7.0173,4.6485,4.6366,0,0.0276,OK,0.05,FORMATION_RECOVERY|FORMATION_RECOVERY|GATE_APPROACH,0,1,1,1.2,-17.776,-16.732,-14.247,17.623,10.683,14.598,-4.322,-4.32,-4.329
0.0,-0.05,0.0,7.0193,4.6524,4.6389,0,0.03,OK,0.05,GATE_APPROACH|GATE_APPROACH|GATE_APPROACH,0,1,1,1.3,-17.728,-16.683,-14.194,17.63,10.689,14.604,-4.324,-4.322,-4.332
0.0,-0.05,0.0,7.0211,4.6553,4.6402,0,0.0316,OK,0.05,GATE_APPROACH|GATE_APPROACH|GATE_APPROACH,0,1,1,1.4,-17.678,-16.632,-14.142,17.637,10.694,14.609,-4.327,-4.325,-4.335
0.0,-0.05,0.0,7.0226,4.6571,4.6408,0,0.0324,OK,0.05,GATE_APPROACH|GATE_APPROACH|GATE_APPROACH,0,1,1,1.5,-17.627,-16.58,-14.089,17.644,10.7,14.615,-4.33,-4.327,-4.339
0.0,-0.05,0.0,7.024,4.6583,4.6408,0,0.0326,OK,0.05,GATE_APPROACH|GATE_APPROACH|GATE_APPROACH,0,1,1,1.6,-17.574,-16.527,-14.036,17.651,10.706,14.621,-4.332,-4.329,-4.342
0.0,-0.05,0.0,7.0249,4.6586,4.6404,0,0.0323,OK,0.05,GATE_APPROACH|GATE_APPROACH|GATE_APPROACH,0,1,1,1.7,-17.521,-16.473,-13.983,17.658,10.712,14.628,-4.335,-4.331,-4.345
0.0,-0.05,0.0,7.0255,4.6582,4.6395,0,0.0316,OK,0.05,GATE_APPROACH|GATE_APPROACH|GATE_APPROACH,0,1,1,1.8,-17.467,-16.419,-13.93,17.665,10.719,14.634,-4.337,-4.333,-4.347
0.0,-0.05,0.0,7.0259,4.6573,4.6386,0,0.0306,OK,0.05,GATE_APPROACH|GATE_APPROACH|GATE_APPROACH,0,1,1,1.9,-17.413,-16.364,-13.877,17.672,10.725,14.641,-4.34,-4.335,-4.349
0.0,-0.05,0.0,7.026,4.6561,4.6381,0,0.0296,OK,0.05,GATE_APPROACH|GATE_APPROACH|GATE_APPROACH,0,1,1,2.0,-17.358,-16.31,-13.824,17.679,10.731,14.647,-4.342,-4.337,-4.351
0.0,-0.05,0.0,7.0255,4.6546,4.6373,0,0.0285,OK,0.05,GATE_APPROACH|GATE_APPROACH|GATE_APPROACH,0,1,1,2.1,-17.303,-16.255,-13.771,17.685,10.738,14.654,-4.344,-4.339,-4.352
0.0,-0.05,0.0,7.0245,4.6528,4.636,0,0.0273,OK,0.05,GATE_APPROACH|GATE_APPROACH|GATE_APPROACH,0,1,1,2.2,-17.248,-16.2,-13.718,17.691,10.745,14.66,-4.346,-4.34,-4.353
0.0,-0.05,0.0,7.0228,4.6508,4.6342,0,0.0259,OK,0.05,GATE_APPROACH|GATE_APPROACH|GATE_APPROACH,0,1,1,2.3,-17.193,-16.146,-13.665,17.697,10.753,14.667,-4.347,-4.341,-4.354
0.0,-0.05,0.0,7.0211,4.6485,4.6324,0,0.0244,OK,0.05,GATE_APPROACH|GATE_APPROACH|GATE_APPROACH,0,1,1,2.4,-17.138,-16.091,-13.612,17.703,10.76,14.674,-4.349,-4.343,-4.355
0.0,-0.05,0.0,7.0198,4.6464,4.6306,0,0.0229,OK,0.05,GATE_APPROACH|GATE_APPROACH|GATE_APPROACH,0,1,1,2.5,-17.083,-16.036,-13.559,17.709,10.768,14.681,-4.35,-4.344,-4.355
0.0,-0.05,0.0,7.0183,4.6443,4.6287,0,0.0213,OK,0.05,GATE_APPROACH|GATE_APPROACH|GATE_APPROACH,0,1,1,2.6,-17.028,-15.982,-13.507,17.716,10.776,14.688,-4.351,-4.346,-4.356
0.0,-0.05,0.0,7.0177,4.6425,4.6271,0,0.0198,OK,0.05,GATE_APPROACH|GATE_APPROACH|GATE_APPROACH,0,1,1,2.7,-16.973,-15.927,-13.454,17.724,10.784,14.695,-4.352,-4.347,-4.356
0.0,-0.05,0.0,7.0178,4.641,4.6261,0,0.0184,OK,0.05,GATE_APPROACH|GATE_APPROACH|GATE_APPROACH,0,1,1,2.8,-16.918,-15.873,-13.402,17.731,10.791,14.702,-4.353,-4.349,-4.356
0.0,-0.05,0.0,7.0181,4.6401,4.6254,0,0.0174,OK,0.05,GATE_APPROACH|GATE_APPROACH|GATE_APPROACH,0,1,1,2.9,-16.864,-15.82,-13.349,17.738,10.798,14.709,-4.353,-4.35,-4.356
0.0,-0.05,0.0,7.0187,4.6392,4.625,0,0.0165,OK,0.05,GATE_APPROACH|GATE_APPROACH|GATE_APPROACH,0,1,1,3.0,-16.81,-15.767,-13.297,17.746,10.805,14.715,-4.354,-4.352,-4.355
0.0,-0.05,0.0,7.0197,4.638,4.625,0,0.0154,OK,0.05,GATE_APPROACH|GATE_APPROACH|GATE_APPROACH,0,1,1,3.1,-16.756,-15.714,-13.245,17.754,10.812,14.723,-4.354,-4.353,-4.355
0.0,-0.05,0.0,7.0203,4.6364,4.6247,0,0.0146,OK,0.05,GATE_APPROACH|GATE_APPROACH|GATE_APPROACH,0,1,1,3.2,-16.702,-15.661,-13.193,17.761,10.818,14.73,-4.354,-4.353,-4.355
0.0,-0.05,0.0,7.0205,4.6347,4.6242,0,0.0141,OK,0.05,GATE_APPROACH|GATE_APPROACH|GATE_APPROACH,0,1,1,3.3,-16.648,-15.608,-13.142,17.769,10.826,14.737,-4.353,-4.354,-4.356
0.0,-0.05,0.0,7.0203,4.633,4.6239,0,0.0135,OK,0.05,GATE_APPROACH|GATE_APPROACH|GATE_APPROACH,0,1,1,3.4,-16.594,-15.555,-13.09,17.776,10.833,14.745,-4.353,-4.354,-4.356
0.0,-0.05,0.0,7.0202,4.6314,4.6236,0,0.0129,OK,0.05,GATE_APPROACH|GATE_APPROACH|GATE_APPROACH,0,1,1,3.5,-16.541,-15.502,-13.038,17.783,10.84,14.752,-4.354,-4.355,-4.356
0.0,-0.05,0.0,7.0202,4.6299,4.6231,0,0.0125,OK,0.05,GATE_APPROACH|GATE_APPROACH|GATE_APPROACH,0,1,1,3.6,-16.488,-15.449,-12.987,17.79,10.847,14.76,-4.355,-4.355,-4.356
0.0,-0.05,0.0,7.0203,4.629,4.6223,0,0.0123,OK,0.05,GATE_APPROACH|GATE_APPROACH|GATE_APPROACH,0,1,1,3.7,-16.435,-15.396,-12.936,17.798,10.855,14.768,-4.355,-4.355,-4.356
0.0,-0.05,0.0,7.0205,4.6283,4.6215,0,0.0123,OK,0.05,GATE_APPROACH|GATE_APPROACH|GATE_APPROACH,0,1,1,3.8,-16.383,-15.344,-12.884,17.805,10.862,14.775,-4.356,-4.355,-4.356
0.0,-0.05,0.0,7.0209,4.6285,4.6208,0,0.0127,OK,0.05,GATE_APPROACH|GATE_APPROACH|GATE_APPROACH,0,1,1,3.9,-16.331,-15.291,-12.833,17.813,10.869,14.782,-4.356,-4.355,-4.356
0.0,-0.05,0.0,7.0216,4.6287,4.6202,0,0.0131,OK,0.05,GATE_APPROACH|GATE_APPROACH|GATE_APPROACH,0,1,1,4.0,-16.279,-15.238,-12.781,17.821,10.877,14.79,-4.357,-4.355,-4.356
0.0,-0.05,0.0,7.0223,4.6288,4.6194,0,0.0136,OK,0.05,GATE_APPROACH|GATE_APPROACH|GATE_APPROACH,0,1,1,4.1,-16.227,-15.186,-12.73,17.829,10.884,14.797,-4.358,-4.355,-4.356
0.0,-0.05,0.0,7.0226,4.6289,4.6185,0,0.0139,OK,0.05,GATE_APPROACH|GATE_APPROACH|GATE_APPROACH,0,1,1,4.2,-16.175,-15.134,-12.678,17.837,10.892,14.803,-4.358,-4.356,-4.356
0.0,-0.05,0.0,7.0223,4.6288,4.6177,0,0.0139,OK,0.05,GATE_APPROACH|GATE_APPROACH|GATE_APPROACH,0,1,1,4.3,-16.123,-15.083,-12.627,17.844,10.899,14.81,-4.358,-4.356,-4.357
0.0,-0.05,0.0,7.0213,4.6282,4.6164,0,0.0135,OK,0.05,GATE_APPROACH|GATE_APPROACH|GATE_APPROACH,0,1,1,4.4,-16.071,-15.032,-12.577,17.851,10.907,14.817,-4.358,-4.356,-4.357
0.0,-0.05,0.0,7.0207,4.6272,4.6151,0,0.0132,OK,0.05,GATE_APPROACH|GATE_APPROACH|GATE_APPROACH,0,1,1,4.5,-16.02,-14.98,-12.527,17.859,10.915,14.824,-4.358,-4.356,-4.357
0.0,-0.05,0.0,7.0207,4.6263,4.614,0,0.0131,OK,0.05,GATE_APPROACH|GATE_APPROACH|GATE_APPROACH,0,1,1,4.6,-15.968,-14.929,-12.477,17.867,10.923,14.832,-4.358,-4.356,-4.357
0.0,-0.05,0.0,7.0212,4.6256,4.6137,0,0.0132,OK,0.05,GATE_APPROACH|GATE_APPROACH|GATE_APPROACH,0,1,1,4.7,-15.917,-14.878,-12.427,17.875,10.931,14.84,-4.357,-4.356,-4.357
0.0,-0.05,0.0,7.0216,4.6251,4.6136,0,0.0133,OK,0.05,GATE_APPROACH|GATE_APPROACH|GATE_APPROACH,0,1,1,4.8,-15.866,-14.827,-12.376,17.883,10.939,14.848,-4.357,-4.357,-4.357
0.0,-0.05,0.0,7.0217,4.6245,4.6136,0,0.0132,OK,0.05,GATE_APPROACH|GATE_APPROACH|GATE_APPROACH,0,1,1,4.9,-15.816,-14.776,-12.326,17.891,10.946,14.856,-4.356,-4.357,-4.356
0.0,-0.05,0.0,7.0221,4.6238,4.6136,0,0.0132,OK,0.05,GATE_APPROACH|GATE_APPROACH|GATE_APPROACH,0,1,1,5.0,-15.765,-14.725,-12.276,17.899,10.954,14.864,-4.355,-4.357,-4.356
-0.0,-0.049,0.0,7.0226,4.6232,4.6135,0,0.0134,OK,0.049,GATE_APPROACH|GATE_APPROACH|GATE_APPROACH,0,1,1,5.1,-15.714,-14.674,-12.226,17.907,10.962,14.872,-4.354,-4.357,-4.356
-0.0,-0.048,0.0,7.0236,4.6228,4.614,0,0.0137,OK,0.048,GATE_APPROACH|GATE_APPROACH|GATE_APPROACH,0,1,1,5.2,-15.664,-14.623,-12.176,17.915,10.969,14.881,-4.353,-4.358,-4.355
-0.001,-0.045,0.0,7.0246,4.6224,4.6146,0,0.014,OK,0.045,GATE_APPROACH|GATE_APPROACH|GATE_APPROACH,0,1,1,5.3,-15.613,-14.572,-12.126,17.923,10.976,14.889,-4.353,-4.358,-4.354
-0.001,-0.042,0.0,7.0253,4.6225,4.6145,0,0.0141,OK,0.042,GATE_APPROACH|GATE_APPROACH|GATE_APPROACH,0,1,1,5.4,-15.564,-14.521,-12.076,17.931,10.984,14.897,-4.353,-4.358,-4.354
-0.002,-0.037,0.0,7.026,4.6231,4.6139,0,0.0145,OK,0.037,GATE_APPROACH|GATE_APPROACH|GATE_APPROACH,0,1,1,5.5,-15.514,-14.47,-12.026,17.94,10.992,14.905,-4.353,-4.358,-4.354
-0.003,-0.031,0.0,7.027,4.6237,4.6135,0,0.0152,OK,0.031,GATE_APPROACH|GATE_APPROACH|GATE_APPROACH,0,1,1,5.6,-15.465,-14.418,-11.976,17.948,11.0,14.914,-4.353,-4.359,-4.353
-0.004,-0.025,0.0,7.0278,4.6243,4.6135,0,0.0156,OK,0.025,GATE_APPROACH|GATE_APPROACH|GATE_APPROACH,0,1,1,5.7,-15.416,-14.367,-11.926,17.956,11.007,14.922,-4.353,-4.359,-4.353
-0.005,-0.017,0.0,7.0282,4.6248,4.6139,0,0.0159,OK,0.018,GATE_APPROACH|GATE_APPROACH|GATE_APPROACH,0,1,1,5.8,-15.367,-14.316,-11.876,17.965,11.015,14.931,-4.353,-4.359,-4.354
-0.006,-0.009,0.0,7.0285,4.6253,4.6137,0,0.0162,OK,0.011,GATE_APPROACH|GATE_APPROACH|GATE_APPROACH,0,1,1,5.9,-15.318,-14.265,-11.826,17.973,11.024,14.94,-4.353,-4.359,-4.353
-0.008,0.001,0.0,7.029,4.6256,4.6134,0,0.0166,OK,0.008,GATE_APPROACH|GATE_APPROACH|GATE_APPROACH,0,1,1,6.0,-15.269,-14.215,-11.776,17.981,11.032,14.948,-4.353,-4.359,-4.353
-0.009,0.011,0.0,7.0298,4.6258,4.6125,0,0.017,OK,0.014,GATE_APPROACH|GATE_APPROACH|GATE_APPROACH,0,1,1,6.1,-15.219,-14.164,-11.727,17.99,11.04,14.956,-4.353,-4.358,-4.353
-0.011,0.021,0.0,7.0299,4.6257,4.6118,0,0.0171,OK,0.024,GATE_APPROACH|GATE_APPROACH|GATE_APPROACH,0,1,1,6.2,-15.169,-14.114,-11.678,18.0,11.049,14.965,-4.353,-4.358,-4.353
-0.012,0.033,0.0,7.0298,4.6251,4.6114,0,0.0171,OK,0.035,GATE_APPROACH|GATE_APPROACH|GATE_APPROACH,0,1,1,6.3,-15.12,-14.064,-11.629,18.009,11.059,14.975,-4.353,-4.358,-4.353
-0.014,0.044,0.0,7.0299,4.6244,4.6112,0,0.0174,OK,0.047,GATE_APPROACH|GATE_APPROACH|GATE_APPROACH,0,1,1,6.4,-15.07,-14.014,-11.58,18.019,11.069,14.985,-4.354,-4.358,-4.354
-0.016,0.057,0.0,7.0299,4.6236,4.6114,0,0.0177,OK,0.059,GATE_APPROACH|GATE_APPROACH|GATE_APPROACH,0,1,1,6.5,-15.02,-13.964,-11.531,18.029,11.079,14.996,-4.355,-4.358,-4.355
-0.018,0.07,0.0,7.03,4.6227,4.6118,0,0.0182,OK,0.072,GATE_APPROACH|GATE_APPROACH|GATE_APPROACH,0,1,1,6.6,-14.971,-13.914,-11.482,18.041,11.09,15.008,-4.355,-4.357,-4.356
-0.02,0.083,0.0,7.0298,4.6219,4.6124,0,0.0184,OK,0.085,GATE_APPROACH|GATE_APPROACH|GATE_APPROACH,0,1,1,6.7,-14.922,-13.865,-11.432,18.052,11.102,15.021,-4.356,-4.357,-4.357
-0.022,0.096,0.0,7.0293,4.6212,4.613,0,0.0185,OK,0.098,GATE_APPROACH|GATE_APPROACH|GATE_APPROACH,0,1,1,6.8,-14.873,-13.816,-11.384,18.064,11.114,15.034,-4.356,-4.356,-4.358
-0.024,0.109,0.0,7.0291,4.6209,4.6131,0,0.0186,OK,0.112,GATE_APPROACH|GATE_APPROACH|GATE_APPROACH,0,1,1,6.9,-14.824,-13.767,-11.335,18.076,11.127,15.047,-4.356,-4.355,-4.359
-0.026,0.123,0.0,7.0292,4.6209,4.613,0,0.0187,OK,0.126,GATE_APPROACH|GATE_APPROACH|GATE_APPROACH,0,1,1,7.0,-14.775,-13.718,-11.286,18.089,11.14,15.06,-4.357,-4.354,-4.36
-0.028,0.137,0.0,7.0295,4.621,4.6129,0,0.0189,OK,0.139,GATE_APPROACH|GATE_APPROACH|GATE_APPROACH,0,1,1,7.1,-14.726,-13.67,-11.237,18.103,11.153,15.073,-4.358,-4.354,-4.362
-0.03,0.15,0.0,7.0292,4.621,4.6125,0,0.0189,OK,0.153,GATE_APPROACH|GATE_APPROACH|GATE_APPROACH,0,1,1,7.2,-14.678,-13.621,-11.189,18.116,11.167,15.086,-4.358,-4.354,-4.363
-0.032,0.163,0.0,7.0287,4.6207,4.6122,0,0.0189,OK,0.166,GATE_APPROACH|GATE_APPROACH|GATE_APPROACH,0,1,1,7.3,-14.63,-13.573,-11.141,18.13,11.181,15.1,-4.358,-4.354,-4.364
-0.034,0.176,0.0,7.0281,4.6205,4.6114,0,0.019,OK,0.18,GATE_APPROACH|GATE_APPROACH|GATE_APPROACH,0,1,1,7.4,-14.582,-13.525,-11.093,18.144,11.196,15.114,-4.359,-4.354,-4.365
-0.036,0.189,0.0,7.0269,4.6196,4.6095,0,0.0189,OK,0.193,GATE_APPROACH|GATE_APPROACH|GATE_APPROACH,0,1,1,7.5,-14.534,-13.477,-11.047,18.158,11.211,15.128,-4.359,-4.354,-4.366
-0.038,0.202,0.0,7.0254,4.6176,4.6065,0,0.019,OK,0.205,GATE_APPROACH|GATE_APPROACH|GATE_APPROACH,0,1,1,7.6,-14.487,-13.429,-11.002,18.172,11.227,15.142,-4.36,-4.355,-4.365
-0.04,0.213,0.0,7.0238,4.6145,4.6021,0,0.0195,OK,0.217,GATE_APPROACH|GATE_APPROACH|GATE_APPROACH,0,1,1,7.7,-14.439,-13.381,-10.959,18.186,11.243,15.156,-4.36,-4.356,-4.365
-0.041,0.225,0.0,7.022,4.61,4.596,0,0.0206,OK,0.228,GATE_APPROACH|GATE_APPROACH|GATE_APPROACH,0,1,1,7.8,-14.392,-13.334,-10.919,18.2,11.259,15.169,-4.36,-4.356,-4.365
-0.043,0.235,0.0,7.0206,4.6047,4.5877,0,0.0229,OK,0.239,GATE_APPROACH|GATE_APPROACH|GATE_APPROACH,0,1,1,7.9,-14.345,-13.286,-10.881,18.215,11.275,15.181,-4.36,-4.357,-4.365
-0.044,0.245,0.0,7.0195,4.5983,4.5771,0,0.0308,OK,0.249,GATE_APPROACH|GATE_APPROACH|GATE_APPROACH,0,1,1,8.0,-14.298,-13.239,-10.846,18.231,11.291,15.193,-4.36,-4.358,-4.364
-0.046,0.255,0.0,7.0185,4.591,4.565,0,0.0405,OK,0.259,GATE_APPROACH|GATE_APPROACH|GATE_APPROACH,0,1,1,8.1,-14.251,-13.191,-10.813,18.246,11.308,15.204,-4.359,-4.358,-4.364
-0.047,0.263,0.0,7.0176,4.5819,4.551,0,0.0523,OK,0.267,GATE_APPROACH|GATE_APPROACH|GATE_APPROACH,0,1,1,8.2,-14.204,-13.144,-10.782,18.261,11.324,15.214,-4.359,-4.359,-4.364
-0.048,0.271,0.0,7.017,4.5714,4.5349,0,0.0661,OK,0.275,GATE_APPROACH|GATE_APPROACH|GATE_APPROACH,0,1,1,8.3,-14.157,-13.097,-10.755,18.277,11.341,15.224,-4.359,-4.358,-4.363
-0.049,0.277,0.0,7.0165,4.5601,4.5173,0,0.0812,OK,0.281,GATE_APPROACH|GATE_APPROACH|GATE_APPROACH,0,1,1,8.4,-14.111,-13.049,-10.73,18.293,11.358,15.234,-4.358,-4.358,-4.363
-0.05,0.283,0.0,7.0159,4.5481,4.4984,0,0.0974,OK,0.287,GATE_APPROACH|GATE_APPROACH|GATE_APPROACH,0,1,1,8.5,-14.065,-13.002,-10.707,18.309,11.374,15.242,-4.358,-4.358,-4.362
-0.051,0.288,0.0,7.0153,4.5353,4.4784,0,0.1147,OK,0.292,GATE_APPROACH|GATE_APPROACH|GATE_YIELD,0,1,1,8.6,-14.02,-12.955,-10.685,18.324,11.39,15.25,-4.358,-4.357,-4.361
-0.051,0.291,0.0,7.0146,4.5216,4.4573,0,0.1332,OK,0.296,GATE_APPROACH|GATE_APPROACH|GATE_YIELD,0,1,1,8.7,-13.973,-12.908,-10.665,18.339,11.406,15.257,-4.357,-4.357,-4.359
-0.052,0.294,0.0,7.0141,4.5071,4.4346,0,0.1531,OK,0.298,GATE_APPROACH|GATE_APPROACH|GATE_YIELD,0,1,1,8.8,-13.927,-12.861,-10.647,18.354,11.422,15.264,-4.357,-4.356,-4.358
-0.052,0.295,0.0,7.0135,4.4919,4.4106,0,0.1743,OK,0.3,GATE_APPROACH|GATE_APPROACH|GATE_YIELD,0,1,1,8.9,-13.881,-12.814,-10.63,18.369,11.437,15.269,-4.356,-4.356,-4.357
-0.052,0.296,0.0,7.0131,4.4763,4.3858,0,0.1963,OK,0.301,GATE_APPROACH|GATE_APPROACH|GATE_YIELD,0,1,1,9.0,-13.835,-12.766,-10.615,18.384,11.452,15.274,-4.356,-4.357,-4.356
-0.052,0.296,0.0,7.0125,4.4601,4.3602,0,0.2193,OK,0.301,GATE_APPROACH|GATE_APPROACH|GATE_YIELD,0,1,1,9.1,-13.789,-12.718,-10.601,18.398,11.468,15.279,-4.356,-4.357,-4.355
-0.052,0.296,0.0,7.0121,4.4432,4.3339,0,0.2432,OK,0.301,GATE_APPROACH|GATE_APPROACH|GATE_YIELD,0,1,1,9.2,-13.742,-12.671,-10.588,18.412,11.482,15.283,-4.356,-4.357,-4.355
-0.052,0.296,0.0,7.0118,4.4257,4.3071,0,0.268,OK,0.301,GATE_APPROACH|GATE_APPROACH|GATE_YIELD,0,1,1,9.3,-13.695,-12.623,-10.576,18.426,11.497,15.286,-4.356,-4.357,-4.355
-0.052,0.296,0.0,7.0113,4.4078,4.2798,0,0.2934,OK,0.301,GATE_APPROACH|GATE_APPROACH|GATE_YIELD,0,1,1,9.4,-13.648,-12.576,-10.565,18.439,11.511,15.289,-4.356,-4.357,-4.355
-0.052,0.296,0.0,7.0102,4.3894,4.2522,0,0.3194,OK,0.301,GATE_APPROACH|GATE_APPROACH|GATE_YIELD,0,1,1,9.5,-13.6,-12.529,-10.555,18.452,11.524,15.29,-4.356,-4.358,-4.355
-0.052,0.296,0.0,7.0091,4.3701,4.2246,0,0.3459,OK,0.301,GATE_APPROACH|GATE_APPROACH|GATE_YIELD,0,1,1,9.6,-13.552,-12.482,-10.546,18.464,11.537,15.292,-4.356,-4.358,-4.355
-0.052,0.296,0.0,7.0082,4.3511,4.1966,0,0.373,OK,0.301,GATE_APPROACH|GATE_APPROACH|GATE_YIELD,0,1,1,9.7,-13.505,-12.434,-10.538,18.475,11.549,15.293,-4.357,-4.358,-4.355
-0.052,0.296,0.0,7.0076,4.3324,4.1684,0,0.4004,OK,0.301,GATE_APPROACH|GATE_APPROACH|GATE_YIELD,0,1,1,9.8,-13.457,-12.387,-10.53,18.486,11.56,15.292,-4.357,-4.358,-4.355
-0.052,0.296,0.0,7.0067,4.313,4.1399,0,0.4285,OK,0.301,GATE_APPROACH|GATE_APPROACH|GATE_YIELD,0,1,1,9.9,-13.409,-12.339,-10.522,18.496,11.571,15.292,-4.357,-4.358,-4.355
-0.052,0.296,0.0,7.0057,4.2934,4.1117,0,0.4569,OK,0.301,GATE_APPROACH|GATE_APPROACH|GATE_YIELD,0,1,1,10.0,-13.362,-12.291,-10.516,18.505,11.582,15.291,-4.357,-4.358,-4.354
-0.052,0.296,0.0,7.0047,4.2738,4.0833,0,0.4857,OK,0.301,GATE_APPROACH|GATE_APPROACH|GATE_YIELD,0,1,1,10.1,-13.314,-12.243,-10.51,18.514,11.592,15.289,-4.357,-4.358,-4.354
-0.052,0.296,0.0,7.0035,4.2541,4.0548,0,0.5149,OK,0.301,GATE_APPROACH|GATE_APPROACH|GATE_YIELD,0,1,1,10.2,-13.266,-12.194,-10.504,18.522,11.601,15.287,-4.358,-4.357,-4.355
-0.052,0.296,0.0,7.0021,4.2343,4.0265,0,0.5443,OK,0.301,GATE_APPROACH|GATE_APPROACH|GATE_YIELD,0,1,1,10.3,-13.218,-12.145,-10.498,18.53,11.61,15.285,-4.358,-4.357,-4.355
-0.052,0.296,0.0,7.0005,4.2143,3.9988,0,0.5737,OK,0.301,GATE_APPROACH|GATE_APPROACH|GATE_YIELD,0,1,1,10.4,-13.171,-12.097,-10.493,18.537,11.619,15.282,-4.359,-4.356,-4.356
-0.052,0.296,0.0,6.9991,4.1945,3.9718,0,0.603,OK,0.301,GATE_APPROACH|GATE_APPROACH|GATE_YIELD,0,1,1,10.5,-13.123,-12.049,-10.488,18.544,11.628,15.28,-4.359,-4.356,-4.357
-0.052,0.296,0.0,6.9981,4.1745,3.9456,0,0.6327,OK,0.301,GATE_APPROACH|GATE_APPROACH|GATE_YIELD,0,1,1,10.6,-13.075,-12.001,-10.484,18.551,11.636,15.278,-4.359,-4.356,-4.357
-0.052,0.296,0.0,6.9974,4.1543,3.9198,0,0.6626,OK,0.301,GATE_APPROACH|GATE_APPROACH|GATE_YIELD,0,1,1,10.7,-13.027,-11.952,-10.479,18.557,11.643,15.276,-4.359,-4.356,-4.358
-0.052,0.296,0.0,6.9971,4.1344,3.8946,0,0.6928,OK,0.301,GATE_APPROACH|GATE_APPROACH|GATE_YIELD,0,1,1,10.8,-12.979,-11.903,-10.476,18.564,11.65,15.273,-4.359,-4.357,-4.358
-0.052,0.296,0.0,6.9965,4.1142,3.8698,0,0.7233,OK,0.301,GATE_APPROACH|GATE_APPROACH|GATE_YIELD,0,1,1,10.9,-12.93,-11.855,-10.472,18.57,11.657,15.271,-4.358,-4.357,-4.357
-0.052,0.296,0.0,6.9958,4.0938,3.8454,0,0.754,OK,0.301,GATE_APPROACH|GATE_APPROACH|GATE_YIELD,0,1,1,11.0,-12.882,-11.806,-10.469,18.576,11.663,15.268,-4.358,-4.356,-4.357
-0.052,0.296,0.0,6.9953,4.0737,3.8214,0,0.7852,OK,0.301,GATE_APPROACH|GATE_APPROACH|GATE_YIELD,0,1,1,11.1,-12.833,-11.758,-10.466,18.581,11.669,15.266,-4.357,-4.356,-4.358
-0.052,0.296,0.0,6.9951,4.0536,3.7979,0,0.8165,OK,0.301,GATE_APPROACH|GATE_APPROACH|GATE_YIELD,0,1,1,11.2,-12.784,-11.709,-10.464,18.587,11.675,15.263,-4.357,-4.356,-4.358
-0.052,0.296,0.0,6.9954,4.0339,3.7755,0,0.8478,OK,0.301,GATE_APPROACH|GATE_APPROACH|GATE_YIELD,0,1,1,11.3,-12.735,-11.661,-10.462,18.592,11.679,15.26,-4.356,-4.356,-4.359
-0.052,0.296,0.0,6.9955,4.0148,3.7534,0,0.8791,OK,0.301,GATE_APPROACH|GATE_APPROACH|GATE_YIELD,0,1,1,11.4,-12.687,-11.612,-10.459,18.597,11.685,15.257,-4.356,-4.356,-4.359
-0.052,0.296,0.0,6.9961,3.9959,3.7323,0,0.9104,OK,0.301,GATE_APPROACH|GATE_APPROACH|GATE_YIELD,0,1,1,11.5,-12.638,-11.563,-10.457,18.602,11.689,15.254,-4.356,-4.356,-4.36
-0.052,0.296,0.0,6.9968,3.9773,3.7123,0,0.9414,OK,0.301,GATE_APPROACH|GATE_APPROACH|GATE_YIELD,0,1,1,11.6,-12.59,-11.514,-10.455,18.607,11.694,15.252,-4.356,-4.356,-4.36
-0.052,0.296,0.0,6.9969,3.9587,3.6924,0,0.9726,OK,0.301,GATE_APPROACH|GATE_APPROACH|GATE_YIELD,0,1,1,11.7,-12.541,-11.465,-10.452,18.612,11.698,15.249,-4.356,-4.356,-4.36
-0.052,0.296,0.0,6.9967,3.9402,3.673,0,1.004,OK,0.301,GATE_APPROACH|GATE_APPROACH|GATE_YIELD,0,1,1,11.8,-12.492,-11.417,-10.45,18.617,11.703,15.247,-4.356,-4.355,-4.361
-0.052,0.296,0.0,6.9964,3.9224,3.6537,0,1.0354,OK,0.301,GATE_APPROACH|GATE_APPROACH|GATE_YIELD,0,1,1,11.9,-12.443,-11.368,-10.448,18.621,11.708,15.244,-4.356,-4.354,-4.361
-0.052,0.296,0.0,6.9954,3.9048,3.6348,0,1.0667,OK,0.301,GATE_APPROACH|GATE_APPROACH|GATE_YIELD,0,1,1,12.0,-12.394,-11.319,-10.446,18.625,11.712,15.241,-4.356,-4.354,-4.361
-0.052,0.296,0.0,6.9945,3.8878,3.6166,0,1.0977,OK,0.301,GATE_APPROACH|GATE_APPROACH|GATE_YIELD,0,1,1,12.1,-12.345,-11.27,-10.443,18.628,11.717,15.238,-4.356,-4.353,-4.361
-0.052,0.296,0.0,6.9936,3.8708,3.5993,0,1.1287,OK,0.301,GATE_APPROACH|GATE_APPROACH|GATE_YIELD,0,1,1,12.2,-12.296,-11.221,-10.44,18.632,11.721,15.234,-4.355,-4.352,-4.362
-0.052,0.296,0.0,6.9929,3.8542,3.583,0,1.1597,OK,0.301,GATE_APPROACH|GATE_APPROACH|GATE_YIELD,0,1,1,12.3,-12.247,-11.172,-10.437,18.635,11.725,15.232,-4.355,-4.351,-4.362
-0.052,0.296,0.0,6.9924,3.8379,3.5676,0,1.1907,OK,0.301,GATE_APPROACH|GATE_APPROACH|GATE_YIELD,0,1,1,12.4,-12.198,-11.123,-10.434,18.638,11.728,15.229,-4.355,-4.351,-4.362
-0.052,0.296,0.0,6.9922,3.8219,3.5532,1,1.2215,LOST,0.301,GATE_APPROACH|GATE_APPROACH|GATE_YIELD,0,1,1,12.5,-12.149,-11.074,-10.432,18.641,11.732,15.226,-4.355,-4.35,-4.363
-0.052,0.296,0.0,6.9916,3.8065,3.5392,1,1.2521,LOST,0.301,GATE_APPROACH|GATE_APPROACH|GATE_YIELD,0,1,1,12.6,-12.101,-11.024,-10.429,18.643,11.735,15.224,-4.355,-4.349,-4.363
-0.052,0.296,0.0,6.9904,3.7914,3.5256,1,1.2826,LOST,0.301,GATE_APPROACH|GATE_APPROACH|GATE_YIELD,0,1,1,12.7,-12.053,-10.975,-10.426,18.645,11.739,15.221,-4.356,-4.349,-4.364
-0.052,0.296,0.0,6.9889,3.776,3.5129,1,1.313,LOST,0.301,GATE_APPROACH|GATE_APPROACH|GATE_YIELD,0,1,1,12.8,-12.005,-10.926,-10.423,18.647,11.742,15.219,-4.357,-4.349,-4.364
-0.052,0.296,0.0,6.9877,3.7606,3.5013,1,1.3438,LOST,0.301,GATE_APPROACH|GATE_APPROACH|GATE_YIELD,0,1,1,12.9,-11.956,-10.877,-10.42,18.649,11.745,15.217,-4.357,-4.349,-4.364
-0.052,0.296,0.0,6.9867,3.7456,3.4904,1,1.3748,LOST,0.301,GATE_APPROACH|GATE_APPROACH|GATE_YIELD,0,1,1,13.0,-11.907,-10.828,-10.417,18.651,11.748,15.214,-4.358,-4.349,-4.364
-0.052,0.296,0.0,6.9865,3.7311,3.4809,1,1.4058,LOST,0.301,GATE_APPROACH|GATE_APPROACH|GATE_YIELD,0,1,1,13.1,-11.858,-10.779,-10.415,18.653,11.75,15.212,-4.358,-4.349,-4.363
-0.052,0.296,0.0,6.9861,3.7168,3.4722,1,1.4367,LOST,0.301,GATE_APPROACH|GATE_APPROACH|GATE_YIELD,0,1,1,13.2,-11.809,-10.73,-10.413,18.655,11.753,15.21,-4.359,-4.349,-4.362
-0.052,0.296,0.0,6.9854,3.7028,3.4639,1,1.4681,LOST,0.301,GATE_APPROACH|GATE_APPROACH|GATE_YIELD,0,1,1,13.3,-11.76,-10.681,-10.411,18.657,11.755,15.208,-4.359,-4.349,-4.362
-0.052,0.296,0.0,6.985,3.689,3.4566,1,1.4996,LOST,0.301,GATE_APPROACH|GATE_APPROACH|GATE_YIELD,0,1,1,13.4,-11.711,-10.632,-10.409,18.658,11.757,15.206,-4.359,-4.349,-4.361
-0.052,0.296,0.0,6.9845,3.6752,3.4506,1,1.531,LOST,0.301,GATE_APPROACH|GATE_APPROACH|GATE_YIELD,0,1,1,13.5,-11.662,-10.583,-10.408,18.659,11.759,15.205,-4.36,-4.349,-4.36
-0.052,0.296,0.0,6.9846,3.6622,3.4458,1,1.5617,LOST,0.301,GATE_APPROACH|GATE_APPROACH|GATE_YIELD,0,1,1,13.6,-11.614,-10.535,-10.406,18.66,11.76,15.203,-4.361,-4.349,-4.359
-0.052,0.296,0.0,6.985,3.6502,3.4421,1,1.5916,LOST,0.301,GATE_APPROACH|GATE_APPROACH|GATE_YIELD,0,1,1,13.7,-11.568,-10.488,-10.405,18.662,11.76,15.202,-4.361,-4.349,-4.359
-0.052,0.296,0.0,6.986,3.6394,3.4393,1,1.6205,LOST,0.301,GATE_APPROACH|GATE_APPROACH|GATE_YIELD,0,1,1,13.8,-11.523,-10.443,-10.404,18.663,11.761,15.2,-4.362,-4.35,-4.358
-0.052,0.296,0.0,6.9872,3.6295,3.4374,1,1.6482,LOST,0.301,GATE_APPROACH|GATE_APPROACH|GATE_YIELD,0,1,1,13.9,-11.481,-10.399,-10.403,18.664,11.761,15.198,-4.363,-4.35,-4.358
-0.052,0.296,0.0,6.988,3.6201,3.436,1,1.6746,LOST,0.301,GATE_APPROACH|GATE_APPROACH|GATE_YIELD,0,1,1,14.0,-11.44,-10.358,-10.402,18.665,11.761,15.197,-4.363,-4.35,-4.359
-0.052,0.296,0.0,6.9882,3.6112,3.4351,1,1.6997,LOST,0.301,GATE_APPROACH|GATE_APPROACH|GATE_YIELD,0,1,1,14.1,-11.402,-10.319,-10.401,18.665,11.761,15.196,-4.364,-4.349,-4.359
-0.052,0.296,0.0,6.988,3.6026,3.4347,1,1.7234,LOST,0.301,GATE_APPROACH|GATE_APPROACH|GATE_YIELD,0,1,1,14.2,-11.367,-10.282,-10.401,18.665,11.762,15.194,-4.363,-4.349,-4.358
-0.052,0.296,0.0,6.9876,3.5947,3.4346,1,1.7455,LOST,0.301,GATE_APPROACH|GATE_APPROACH|GATE_YIELD,0,1,1,14.3,-11.333,-10.248,-10.4,18.664,11.761,15.193,-4.363,-4.35,-4.358
-0.052,0.296,0.0,6.9871,3.5873,3.435,1,1.7662,LOST,0.301,GATE_APPROACH|GATE_APPROACH|GATE_YIELD,0,1,1,14.4,-11.302,-10.216,-10.4,18.663,11.761,15.191,-4.363,-4.35,-4.358
-0.052,0.296,0.0,6.9865,3.5803,3.4359,1,1.785,LOST,0.301,GATE_APPROACH|GATE_APPROACH|GATE_YIELD,0,1,1,14.5,-11.273,-10.186,-10.399,18.662,11.76,15.19,-4.362,-4.351,-4.357
-0.052,0.296,0.0,6.9859,3.574,3.4372,1,1.802,LOST,0.301,GATE_APPROACH|GATE_APPROACH|GATE_YIELD,0,1,1,14.6,-11.246,-10.159,-10.398,18.66,11.76,15.188,-4.361,-4.351,-4.357
-0.052,0.296,0.0,6.9858,3.5684,3.4388,1,1.8173,LOST,0.301,GATE_YIELD|GATE_YIELD|GATE_YIELD,0,1,1,14.7,-11.222,-10.134,-10.397,18.659,11.758,15.187,-4.36,-4.351,-4.357
-0.052,0.296,0.0,6.9863,3.5635,3.4412,1,1.8314,LOST,0.301,GATE_YIELD|GATE_YIELD|GATE_YIELD,0,1,1,14.8,-11.2,-10.111,-10.396,18.658,11.757,15.186,-4.36,-4.352,-4.357
-0.052,0.296,0.0,6.9871,3.5592,3.4435,1,1.8443,LOST,0.301,GATE_YIELD|GATE_YIELD|GATE_YIELD,0,1,1,14.9,-11.179,-10.09,-10.395,18.656,11.755,15.185,-4.359,-4.352,-4.357
-0.052,0.296,0.0,6.9875,3.5553,3.4456,1,1.856,LOST,0.301,GATE_YIELD|GATE_YIELD|GATE_YIELD,0,1,1,15.0,-11.16,-10.071,-10.394,18.655,11.753,15.184,-4.358,-4.352,-4.357
-0.052,0.296,0.0,6.9878,3.5516,3.4475,1,1.8669,LOST,0.301,GATE_YIELD|GATE_YIELD|GATE_YIELD,0,1,1,15.1,-11.143,-10.054,-10.393,18.654,11.752,15.182,-4.357,-4.352,-4.358
-0.052,0.296,0.0,6.988,3.5485,3.4493,1,1.8768,LOST,0.301,GATE_YIELD|GATE_YIELD|GATE_YIELD,0,1,1,15.2,-11.127,-10.038,-10.392,18.653,11.75,15.181,-4.356,-4.352,-4.358
-0.052,0.296,0.0,6.9883,3.546,3.4507,1,1.8857,LOST,0.301,GATE_YIELD|GATE_YIELD|GATE_YIELD,0,1,1,15.3,-11.112,-10.024,-10.392,18.652,11.749,15.18,-4.356,-4.352,-4.359
-0.052,0.296,0.0,6.9888,3.544,3.452,1,1.8939,LOST,0.301,GATE_YIELD|GATE_YIELD|GATE_YIELD,0,1,1,15.4,-11.099,-10.012,-10.391,18.651,11.748,15.179,-4.355,-4.353,-4.359
-0.052,0.296,0.0,6.9894,3.5421,3.4535,1,1.9018,LOST,0.301,GATE_YIELD|GATE_YIELD|GATE_YIELD,0,1,1,15.5,-11.088,-10.0,-10.391,18.651,11.746,15.178,-4.355,-4.353,-4.36
-0.052,0.296,0.0,6.99,3.5407,3.4546,1,1.9092,LOST,0.301,GATE_YIELD|GATE_YIELD|GATE_YIELD,0,1,1,15.6,-11.076,-9.989,-10.391,18.65,11.746,15.177,-4.355,-4.353,-4.36
-0.052,0.296,0.0,6.9906,3.54,3.4552,1,1.916,LOST,0.301,GATE_YIELD|GATE_YIELD|GATE_YIELD,0,1,1,15.7,-11.066,-9.979,-10.392,18.651,11.745,15.175,-4.356,-4.353,-4.361
-0.052,0.296,0.0,6.9915,3.5393,3.4558,1,1.9245,LOST,0.301,GATE_PASS|GATE_YIELD|GATE_YIELD,0,1,1,15.8,-11.05,-9.971,-10.392,18.652,11.744,15.174,-4.356,-4.353,-4.361
-0.052,0.296,0.0,6.9922,3.5382,3.4568,1,1.9351,LOST,0.301,GATE_PASS|GATE_YIELD|GATE_YIELD,0,1,1,15.9,-11.027,-9.963,-10.392,18.654,11.743,15.173,-4.356,-4.353,-4.362
-0.052,0.296,0.0,6.9927,3.5371,3.4574,1,1.9474,LOST,0.301,GATE_PASS|GATE_YIELD|GATE_YIELD,0,1,1,16.0,-10.998,-9.956,-10.393,18.657,11.743,15.172,-4.356,-4.354,-4.363
-0.052,0.296,0.0,6.9934,3.5363,3.4581,1,1.961,LOST,0.301,GATE_PASS|GATE_YIELD|GATE_YIELD,0,1,1,16.1,-10.965,-9.949,-10.393,18.661,11.742,15.172,-4.356,-4.354,-4.363
-0.052,0.296,0.0,6.9945,3.5359,3.459,1,1.9758,LOST,0.301,GATE_PASS|GATE_YIELD|GATE_YIELD,0,1,1,16.2,-10.927,-9.943,-10.393,18.666,11.741,15.171,-4.356,-4.355,-4.363
-0.052,0.296,0.0,6.9958,3.5363,3.4595,1,1.9917,LOST,0.301,GATE_PASS|GATE_YIELD|GATE_YIELD,0,1,1,16.3,-10.886,-9.938,-10.394,18.672,11.741,15.17,-4.355,-4.355,-4.363
-0.052,0.296,0.0,6.9969,3.5371,3.4598,1,2.0083,LOST,0.301,GATE_PASS|GATE_YIELD|GATE_YIELD,0,1,1,16.4,-10.843,-9.933,-10.394,18.678,11.74,15.169,-4.354,-4.355,-4.362
-0.052,0.296,0.0,6.9983,3.5383,3.4604,1,2.0252,LOST,0.301,GATE_PASS|GATE_YIELD|GATE_YIELD,0,1,1,16.5,-10.798,-9.928,-10.395,18.684,11.739,15.168,-4.354,-4.355,-4.36
-0.052,0.296,0.0,7.0002,3.5397,3.4615,1,2.0423,LOST,0.301,GATE_PASS|GATE_YIELD|GATE_YIELD,0,1,1,16.6,-10.752,-9.924,-10.395,18.69,11.739,15.168,-4.353,-4.355,-4.359
-0.052,0.296,0.0,7.0023,3.5421,3.4624,1,2.0596,LOST,0.301,GATE_PASS|GATE_YIELD|GATE_YIELD,0,1,1,16.7,-10.705,-9.92,-10.395,18.696,11.738,15.168,-4.353,-4.355,-4.357
-0.052,0.296,0.0,7.0051,3.5455,3.4633,1,2.0768,LOST,0.301,GATE_PASS|GATE_YIELD|GATE_YIELD,0,1,1,16.8,-10.657,-9.917,-10.395,18.703,11.737,15.167,-4.353,-4.355,-4.355
-0.052,0.296,0.0,7.0082,3.5495,3.4642,1,2.094,LOST,0.301,GATE_PASS|GATE_YIELD|GATE_YIELD,0,1,1,16.9,-10.609,-9.914,-10.395,18.71,11.736,15.167,-4.353,-4.355,-4.354
-0.052,0.296,0.0,7.0115,3.5545,3.4647,1,2.1113,LOST,0.301,GATE_PASS|GATE_YIELD|GATE_YIELD,0,1,1,17.0,-10.561,-9.911,-10.395,18.716,11.735,15.166,-4.353,-4.355,-4.353
-0.052,0.296,0.0,7.0147,3.5601,3.4649,1,2.1285,LOST,0.301,GATE_PASS|GATE_YIELD|GATE_YIELD,0,1,1,17.1,-10.512,-9.908,-10.395,18.723,11.735,15.165,-4.353,-4.355,-4.352
-0.052,0.296,0.0,7.0178,3.5666,3.4644,1,2.1456,LOST,0.301,GATE_PASS|GATE_YIELD|GATE_YIELD,0,1,1,17.2,-10.463,-9.905,-10.394,18.73,11.734,15.164,-4.353,-4.355,-4.351
-0.052,0.296,0.0,7.0214,3.574,3.4639,1,2.1628,LOST,0.301,GATE_PASS|GATE_YIELD|GATE_YIELD,0,1,1,17.3,-10.413,-9.902,-10.394,18.737,11.734,15.163,-4.353,-4.356,-4.35
-0.052,0.296,0.0,7.0253,3.5819,3.4635,1,2.1798,LOST,0.301,GATE_PASS|GATE_YIELD|GATE_YIELD,0,1,1,17.4,-10.364,-9.9,-10.393,18.744,11.734,15.162,-4.353,-4.356,-4.349
-0.052,0.296,0.0,7.0285,3.5897,3.4628,1,2.1967,LOST,0.301,GATE_PASS|GATE_YIELD|GATE_YIELD,0,1,1,17.5,-10.315,-9.897,-10.392,18.75,11.734,15.161,-4.353,-4.357,-4.349
-0.052,0.296,0.0,7.0312,3.5969,3.4626,1,2.2138,LOST,0.301,GATE_PASS|GATE_YIELD|GATE_YIELD,0,1,1,17.6,-10.266,-9.895,-10.392,18.755,11.733,15.16,-4.353,-4.357,-4.349
-0.052,0.296,0.0,7.0326,3.6031,3.4625,1,2.231,LOST,0.301,GATE_PASS|GATE_YIELD|GATE_YIELD,0,1,1,17.7,-10.217,-9.893,-10.392,18.758,11.733,15.159,-4.353,-4.358,-4.349
-0.052,0.296,0.0,7.0324,3.608,3.4625,1,2.248,LOST,0.301,GATE_PASS|GATE_YIELD|GATE_YIELD,0,1,1,17.8,-10.167,-9.891,-10.392,18.759,11.732,15.158,-4.353,-4.358,-4.349
-0.052,0.296,0.0,7.0302,3.6113,3.4621,1,2.2646,LOST,0.301,GATE_PASS|GATE_YIELD|GATE_YIELD,0,1,1,17.9,-10.118,-9.889,-10.391,18.758,11.732,15.157,-4.354,-4.358,-4.35
-0.052,0.296,0.0,7.0261,3.6131,3.4619,1,2.2811,LOST,0.301,GATE_PASS|GATE_YIELD|GATE_YIELD,0,1,1,18.0,-10.069,-9.886,-10.391,18.756,11.732,15.157,-4.354,-4.359,-4.35
-0.052,0.296,0.0,7.0205,3.6133,3.4621,1,2.2972,LOST,0.301,GATE_PASS|GATE_YIELD|GATE_YIELD,0,1,1,18.1,-10.021,-9.884,-10.39,18.751,11.732,15.157,-4.355,-4.359,-4.351
-0.052,0.296,0.0,7.0128,3.6117,3.4621,1,2.3129,LOST,0.301,GATE_PASS|GATE_YIELD|GATE_YIELD,0,1,1,18.2,-9.973,-9.881,-10.39,18.744,11.732,15.157,-4.356,-4.359,-4.351
-0.052,0.296,0.0,7.0029,3.6083,3.4621,1,2.3284,LOST,0.301,GATE_PASS|GATE_YIELD|GATE_YIELD,0,1,1,18.3,-9.925,-9.88,-10.389,18.735,11.732,15.157,-4.356,-4.36,-4.352
-0.052,0.296,0.0,6.9917,3.6037,3.4622,1,2.3438,LOST,0.301,GATE_PASS|GATE_YIELD|GATE_YIELD,0,1,1,18.4,-9.877,-9.878,-10.388,18.724,11.733,15.157,-4.357,-4.361,-4.353
-0.052,0.296,0.0,6.9788,3.5982,3.462,1,2.359,LOST,0.301,GATE_PASS|GATE_YIELD|GATE_YIELD,0,1,1,18.5,-9.83,-9.876,-10.388,18.712,11.733,15.157,-4.357,-4.361,-4.353
-0.052,0.296,0.0,6.965,3.5926,3.4612,1,2.3742,LOST,0.301,GATE_PASS|GATE_YIELD|GATE_YIELD,0,1,1,18.6,-9.783,-9.874,-10.387,18.698,11.734,15.157,-4.358,-4.362,-4.354
-0.052,0.296,0.0,6.9497,3.5859,3.4607,1,2.3896,LOST,0.301,GATE_PASS|GATE_YIELD|GATE_YIELD,0,1,1,18.7,-9.737,-9.873,-10.388,18.683,11.734,15.156,-4.358,-4.363,-4.355
-0.052,0.296,0.0,6.9332,3.5781,3.4603,1,2.4048,LOST,0.301,GATE_PASS|GATE_YIELD|GATE_YIELD,0,1,1,18.8,-9.691,-9.871,-10.388,18.665,11.735,15.156,-4.358,-4.364,-4.357
-0.052,0.296,0.0,6.9155,3.5692,3.46,1,2.4199,LOST,0.301,GATE_PASS|GATE_YIELD|GATE_YIELD,0,1,1,18.9,-9.646,-9.87,-10.389,18.647,11.735,15.156,-4.358,-4.364,-4.358
-0.052,0.296,0.0,6.897,3.5595,3.4602,1,2.4346,LOST,0.301,GATE_PASS|GATE_YIELD|GATE_YIELD,0,1,1,19.0,-9.602,-9.869,-10.39,18.627,11.735,15.156,-4.358,-4.364,-4.36
-0.052,0.296,0.0,6.8779,3.5489,3.4609,1,2.449,LOST,0.301,GATE_PASS|GATE_YIELD|GATE_YIELD,0,1,1,19.1,-9.558,-9.868,-10.391,18.607,11.736,15.157,-4.358,-4.365,-4.361
-0.052,0.296,0.0,6.8574,3.537,3.4615,1,2.463,LOST,0.301,GATE_PASS|GATE_YIELD|GATE_YIELD,0,1,1,19.2,-9.514,-9.866,-10.391,18.584,11.736,15.158,-4.357,-4.365,-4.362
-0.052,0.296,0.0,6.8358,3.5239,3.4626,1,2.4763,LOST,0.301,GATE_PASS|GATE_YIELD|GATE_YIELD,0,1,1,19.3,-9.472,-9.865,-10.39,18.56,11.736,15.159,-4.358,-4.366,-4.363
-0.052,0.296,0.0,6.8129,3.5095,3.4639,1,2.4895,LOST,0.301,GATE_PASS|GATE_YIELD|GATE_YIELD,0,1,1,19.4,-9.43,-9.863,-10.39,18.535,11.736,15.159,-4.358,-4.366,-4.363
-0.052,0.296,0.0,6.7891,3.4946,3.465,1,2.5025,LOST,0.301,GATE_PASS|GATE_YIELD|GATE_YIELD,0,1,1,19.5,-9.389,-9.862,-10.39,18.508,11.736,15.16,-4.357,-4.366,-4.364
-0.052,0.296,0.0,6.7645,3.4797,3.4656,1,2.5153,LOST,0.301,GATE_PASS|GATE_YIELD|GATE_YIELD,0,1,1,19.6,-9.348,-9.861,-10.39,18.48,11.735,15.16,-4.357,-4.367,-4.365
-0.052,0.296,0.0,6.7392,3.4649,3.4658,1,2.528,LOST,0.301,GATE_PASS|GATE_YIELD|GATE_YIELD,0,1,1,19.7,-9.308,-9.86,-10.39,18.452,11.735,15.16,-4.356,-4.367,-4.365
-0.052,0.296,0.0,6.7132,3.4496,3.4658,1,2.5403,LOST,0.301,GATE_PASS|GATE_YIELD|GATE_YIELD,0,1,1,19.8,-9.268,-9.859,-10.39,18.422,11.735,15.16,-4.356,-4.367,-4.366
-0.052,0.296,0.0,6.6867,3.4344,3.4657,1,2.5525,LOST,0.301,GATE_PASS|GATE_YIELD|GATE_YIELD,0,1,1,19.9,-9.229,-9.859,-10.39,18.393,11.736,15.16,-4.356,-4.367,-4.366
-0.052,0.296,0.0,6.6604,3.4198,3.4655,1,2.5649,LOST,0.301,GATE_PASS|GATE_YIELD|GATE_YIELD,0,1,1,20.0,-9.19,-9.859,-10.39,18.362,11.736,15.16,-4.355,-4.367,-4.366
-0.052,0.296,0.0,6.634,3.4054,3.4654,1,2.5771,LOST,0.301,GATE_PASS|GATE_YIELD|GATE_YIELD,0,1,1,20.1,-9.151,-9.859,-10.391,18.332,11.736,15.16,-4.355,-4.367,-4.366
-0.052,0.296,0.0,6.6074,3.3908,3.4653,1,2.5889,LOST,0.301,GATE_PASS|GATE_YIELD|GATE_YIELD,0,1,1,20.2,-9.113,-9.859,-10.391,18.301,11.735,15.16,-4.355,-4.367,-4.366
-0.052,0.296,0.0,6.5808,3.3766,3.465,1,2.6007,LOST,0.301,GATE_PASS|GATE_YIELD|GATE_YIELD,0,1,1,20.3,-9.075,-9.859,-10.39,18.269,11.735,15.159,-4.356,-4.366,-4.367
-0.052,0.296,0.0,6.554,3.3629,3.4647,1,2.6126,LOST,0.301,GATE_PASS|GATE_YIELD|GATE_YIELD,0,1,1,20.4,-9.038,-9.858,-10.39,18.238,11.735,15.159,-4.357,-4.365,-4.366
-0.052,0.296,0.0,6.527,3.3496,3.4644,1,2.6247,LOST,0.301,GATE_PASS|GATE_YIELD|GATE_YIELD,0,1,1,20.5,-9.0,-9.857,-10.391,18.206,11.735,15.158,-4.357,-4.364,-4.366
-0.052,0.296,0.0,6.5,3.3367,3.4638,1,2.6367,LOST,0.301,GATE_PASS|GATE_YIELD|GATE_YIELD,0,1,1,20.6,-8.963,-9.857,-10.39,18.174,11.735,15.158,-4.357,-4.363,-4.366
-0.052,0.296,0.0,6.4833,3.3336,3.4633,1,2.649,LOST,0.301,SEPARATION_WARNING|GATE_YIELD|GATE_YIELD,0,1,1,20.7,-8.924,-9.856,-10.39,18.151,11.735,15.157,-4.357,-4.362,-4.366
-0.052,0.296,0.0,6.4785,3.3416,3.4633,1,2.6618,LOST,0.301,SEPARATION_WARNING|GATE_YIELD|GATE_YIELD,0,1,1,20.8,-8.884,-9.856,-10.389,18.14,11.735,15.156,-4.356,-4.362,-4.365
-0.052,0.296,0.0,6.4779,3.3532,3.4633,1,2.6746,LOST,0.301,SEPARATION_WARNING|GATE_YIELD|GATE_YIELD,0,1,1,20.9,-8.845,-9.855,-10.389,18.133,11.734,15.156,-4.355,-4.361,-4.365
-0.052,0.296,0.0,6.4784,3.3655,3.4636,1,2.6869,LOST,0.301,SEPARATION_WARNING|GATE_YIELD|GATE_YIELD,0,1,1,21.0,-8.807,-9.854,-10.388,18.127,11.734,15.156,-4.353,-4.36,-4.365
-0.052,0.296,0.0,6.48,3.378,3.4642,1,2.6985,LOST,0.301,SEPARATION_WARNING|GATE_YIELD|GATE_YIELD,0,1,1,21.1,-8.771,-9.854,-10.387,18.123,11.734,15.157,-4.35,-4.359,-4.364
-0.052,0.296,0.0,6.4824,3.3907,3.4649,1,2.7097,LOST,0.301,SEPARATION_WARNING|GATE_YIELD|GATE_YIELD,0,1,1,21.2,-8.735,-9.853,-10.386,18.118,11.733,15.157,-4.346,-4.359,-4.364
-0.052,0.296,0.0,6.4855,3.4044,3.4655,1,2.7208,LOST,0.301,SEPARATION_WARNING|GATE_YIELD|GATE_YIELD,0,1,1,21.3,-8.699,-9.853,-10.384,18.115,11.733,15.157,-4.342,-4.359,-4.364
-0.052,0.296,0.0,6.4891,3.4187,3.4662,1,2.7322,LOST,0.301,SEPARATION_WARNING|GATE_YIELD|GATE_YIELD,0,1,1,21.4,-8.663,-9.852,-10.384,18.112,11.733,15.158,-4.338,-4.358,-4.363
-0.052,0.296,0.0,6.493,3.4336,3.4667,1,2.7438,LOST,0.301,SEPARATION_WARNING|GATE_YIELD|GATE_YIELD,0,1,1,21.5,-8.628,-9.851,-10.383,18.109,11.732,15.158,-4.333,-4.358,-4.363
-0.052,0.296,0.0,6.4971,3.4491,3.4671,1,2.7556,LOST,0.301,SEPARATION_WARNING|GATE_YIELD|GATE_YIELD,0,1,1,21.6,-8.594,-9.849,-10.383,18.107,11.732,15.158,-4.328,-4.359,-4.362
-0.052,0.296,0.0,6.5017,3.4653,3.4676,1,2.7675,LOST,0.301,SEPARATION_WARNING|GATE_YIELD|GATE_YIELD,0,1,1,21.7,-8.559,-9.848,-10.383,18.105,11.732,15.158,-4.323,-4.359,-4.361
-0.052,0.296,0.0,6.5061,3.4813,3.4676,1,2.7789,LOST,0.301,SEPARATION_WARNING|GATE_YIELD|GATE_YIELD,0,1,1,21.8,-8.526,-9.847,-10.383,18.103,11.732,15.158,-4.318,-4.359,-4.361
-0.052,0.296,0.0,6.5101,3.4966,3.4671,1,2.7894,LOST,0.301,SEPARATION_WARNING|GATE_YIELD|GATE_YIELD,0,1,1,21.9,-8.496,-9.845,-10.383,18.101,11.732,15.158,-4.313,-4.36,-4.36
-0.052,0.296,0.0,6.5145,3.5108,3.467,1,2.799,LOST,0.301,SEPARATION_WARNING|GATE_YIELD|GATE_YIELD,0,1,1,22.0,-8.467,-9.845,-10.382,18.099,11.732,15.157,-4.308,-4.361,-4.36
-0.052,0.296,0.0,6.5144,3.5204,3.4671,1,2.8078,LOST,0.301,GATE_PASS|GATE_YIELD|GATE_YIELD,0,1,1,22.1,-8.44,-9.844,-10.382,18.094,11.732,15.157,-4.305,-4.362,-4.359
-0.052,0.296,0.0,6.5085,3.5246,3.467,1,2.8159,LOST,0.301,GATE_PASS|GATE_YIELD|GATE_YIELD,0,1,1,22.2,-8.415,-9.843,-10.381,18.082,11.733,15.157,-4.302,-4.362,-4.359
-0.052,0.296,0.0,6.4979,3.5243,3.467,1,2.8233,LOST,0.301,GATE_PASS|GATE_YIELD|GATE_YIELD,0,1,1,22.3,-8.391,-9.842,-10.381,18.066,11.733,15.158,-4.3,-4.362,-4.358
-0.052,0.296,0.0,6.4833,3.5201,3.4671,1,2.8302,LOST,0.301,GATE_PASS|GATE_YIELD|GATE_YIELD,0,1,1,22.4,-8.368,-9.842,-10.379,18.046,11.733,15.158,-4.3,-4.361,-4.358
-0.052,0.296,0.0,6.4649,3.5127,3.467,1,2.8368,LOST,0.301,GATE_PASS|GATE_YIELD|GATE_YIELD,0,1,1,22.5,-8.345,-9.841,-10.378,18.022,11.733,15.158,-4.301,-4.361,-4.358
-0.052,0.296,0.0,6.4441,3.5034,3.4669,1,2.8434,LOST,0.301,GATE_PASS|GATE_YIELD|GATE_YIELD,0,1,1,22.6,-8.323,-9.841,-10.377,17.996,11.733,15.159,-4.302,-4.361,-4.358
-0.052,0.296,0.0,6.421,3.4928,3.4668,1,2.8503,LOST,0.301,GATE_PASS|GATE_YIELD|GATE_YIELD,0,1,1,22.7,-8.301,-9.84,-10.377,17.967,11.734,15.159,-4.304,-4.361,-4.358
-0.052,0.296,0.0,6.3961,3.4808,3.4669,1,2.8572,LOST,0.301,GATE_PASS|GATE_YIELD|GATE_YIELD,0,1,1,22.8,-8.278,-9.839,-10.376,17.937,11.734,15.159,-4.306,-4.36,-4.358
-0.052,0.296,0.0,6.3698,3.4678,3.4671,1,2.8641,LOST,0.301,GATE_PASS|GATE_YIELD|GATE_YIELD,0,1,1,22.9,-8.256,-9.839,-10.375,17.904,11.734,15.16,-4.309,-4.359,-4.358
-0.052,0.296,0.0,6.3424,3.454,3.4676,1,2.8711,LOST,0.301,GATE_PASS|GATE_YIELD|GATE_YIELD,0,1,1,23.0,-8.234,-9.837,-10.374,17.87,11.734,15.16,-4.312,-4.359,-4.358
-0.052,0.296,0.0,6.3143,3.4397,3.4685,1,2.8782,LOST,0.301,GATE_PASS|GATE_YIELD|GATE_YIELD,0,1,1,23.1,-8.211,-9.836,-10.373,17.836,11.734,15.161,-4.315,-4.359,-4.358
-0.052,0.296,0.0,6.2855,3.4251,3.4694,1,2.8852,LOST,0.301,GATE_PASS|GATE_YIELD|GATE_YIELD,0,1,1,23.2,-8.188,-9.835,-10.372,17.8,11.734,15.162,-4.319,-4.359,-4.359
-0.052,0.296,0.0,6.2562,3.4105,3.4702,1,2.8923,LOST,0.301,GATE_PASS|GATE_YIELD|GATE_YIELD,0,1,1,23.3,-8.165,-9.833,-10.371,17.764,11.734,15.163,-4.322,-4.36,-4.359
-0.052,0.296,0.0,6.2268,3.3965,3.4708,1,2.8996,LOST,0.301,GATE_PASS|GATE_YIELD|GATE_YIELD,0,1,1,23.4,-8.142,-9.832,-10.369,17.727,11.734,15.163,-4.325,-4.361,-4.359
-0.052,0.296,0.0,6.1977,3.3832,3.4715,1,2.907,LOST,0.301,GATE_PASS|GATE_YIELD|GATE_YIELD,0,1,1,23.5,-8.118,-9.831,-10.368,17.69,11.734,15.164,-4.328,-4.361,-4.359
-0.052,0.296,0.0,6.1688,3.3707,3.472,1,2.9145,LOST,0.301,GATE_PASS|GATE_YIELD|GATE_YIELD,0,1,1,23.6,-8.094,-9.83,-10.367,17.653,11.734,15.164,-4.33,-4.361,-4.359
-0.052,0.296,0.0,6.1399,3.3592,3.4725,1,2.9226,LOST,0.301,GATE_PASS|GATE_YIELD|GATE_YIELD,0,1,1,23.7,-8.069,-9.829,-10.366,17.616,11.733,15.164,-4.331,-4.362,-4.359
-0.052,0.296,0.0,6.1113,3.349,3.4728,1,2.9311,LOST,0.301,GATE_PASS|GATE_YIELD|GATE_YIELD,0,1,1,23.8,-8.044,-9.827,-10.365,17.578,11.733,15.164,-4.333,-4.363,-4.359
-0.052,0.296,0.0,6.083,3.3399,3.4732,1,2.9499,LOST,0.301,GATE_PASS|GATE_YIELD|GATE_YIELD,0,1,1,23.9,-8.019,-9.826,-10.365,17.541,11.732,15.163,-4.336,-4.364,-4.359
-0.052,0.296,0.0,6.0545,3.3322,3.4727,1,2.9715,LOST,0.301,GATE_PASS|GATE_YIELD|GATE_YIELD,0,1,1,24.0,-7.992,-9.824,-10.364,17.503,11.733,15.163,-4.338,-4.365,-4.358
-0.052,0.296,0.0,6.0258,3.3253,3.4714,1,2.9935,LOST,0.301,GATE_PASS|GATE_YIELD|GATE_YIELD,0,1,1,24.1,-7.965,-9.823,-10.364,17.466,11.733,15.162,-4.34,-4.365,-4.358
-0.052,0.296,0.0,5.9973,3.3241,3.4647,1,3.0161,LOST,0.301,GATE_PASS|GATE_YIELD|SEPARATION_WARNING,0,1,1,24.2,-7.938,-9.821,-10.365,17.428,11.734,15.156,-4.343,-4.365,-4.358
-0.052,0.296,0.0,5.9692,3.3248,3.4618,1,3.0406,LOST,0.301,GATE_PASS|GATE_YIELD|SEPARATION_WARNING,0,1,1,24.3,-7.911,-9.821,-10.37,17.391,11.735,15.153,-4.345,-4.365,-4.357
-0.052,0.296,0.0,5.9416,3.325,3.4669,1,3.0676,LOST,0.301,GATE_PASS|GATE_YIELD|SEPARATION_WARNING,0,1,1,24.4,-7.884,-9.82,-10.381,17.353,11.735,15.157,-4.348,-4.365,-4.354
-0.052,0.296,0.0,5.9148,3.326,3.4756,1,3.0955,LOST,0.301,GATE_PASS|GATE_YIELD|SEPARATION_WARNING,0,1,1,24.5,-7.857,-9.819,-10.393,17.315,11.735,15.163,-4.35,-4.365,-4.352
-0.052,0.296,0.0,5.8886,3.328,3.488,1,3.1247,LOST,0.301,GATE_PASS|GATE_YIELD|SEPARATION_WARNING,0,1,1,24.6,-7.829,-9.819,-10.407,17.278,11.735,15.173,-4.352,-4.365,-4.348
-0.052,0.296,0.0,5.863,3.3317,3.5048,1,3.1555,LOST,0.301,GATE_PASS|GATE_YIELD|SEPARATION_WARNING,0,1,1,24.7,-7.801,-9.818,-10.425,17.24,11.735,15.187,-4.353,-4.364,-4.344
-0.052,0.296,0.0,5.8381,3.3369,3.522,1,3.1868,LOST,0.301,GATE_PASS|GATE_YIELD|SEPARATION_WARNING,0,1,1,24.8,-7.773,-9.818,-10.443,17.203,11.735,15.201,-4.355,-4.364,-4.34
-0.052,0.296,0.0,5.8138,3.3438,3.5407,1,3.2189,LOST,0.301,GATE_PASS|GATE_YIELD|SEPARATION_WARNING,0,1,1,24.9,-7.745,-9.818,-10.461,17.166,11.735,15.217,-4.356,-4.363,-4.335
-0.052,0.296,0.0,5.7896,3.3518,3.5585,1,3.2513,LOST,0.301,GATE_PASS|GATE_YIELD|SEPARATION_WARNING,0,1,1,25.0,-7.716,-9.819,-10.479,17.129,11.735,15.232,-4.357,-4.362,-4.331
-0.052,0.296,0.0,5.7657,3.3606,3.5746,1,3.2835,LOST,0.301,GATE_PASS|GATE_YIELD|SEPARATION_WARNING,0,1,1,25.1,-7.686,-9.82,-10.494,17.092,11.736,15.246,-4.358,-4.362,-4.326
-0.052,0.296,0.0,5.7425,3.3706,3.5896,1,3.3156,LOST,0.301,GATE_PASS|GATE_YIELD|SEPARATION_WARNING,0,1,1,25.2,-7.657,-9.821,-10.509,17.055,11.736,15.259,-4.358,-4.362,-4.322
-0.052,0.296,0.0,5.7197,3.3818,3.6036,1,3.3477,LOST,0.301,GATE_PASS|GATE_YIELD|SEPARATION_WARNING,0,1,1,25.3,-7.627,-9.822,-10.522,17.018,11.737,15.272,-4.359,-4.362,-4.318
-0.052,0.296,0.0,5.6972,3.3943,3.6171,1,3.38,LOST,0.301,GATE_PASS|GATE_YIELD|SEPARATION_WARNING,0,1,1,25.4,-7.597,-9.824,-10.536,16.982,11.738,15.284,-4.36,-4.361,-4.315
-0.052,0.296,0.0,5.6751,3.4079,3.6306,1,3.4122,LOST,0.301,GATE_PASS|GATE_YIELD|SEPARATION_WARNING,0,1,1,25.5,-7.567,-9.825,-10.548,16.945,11.739,15.296,-4.361,-4.361,-4.311
-0.052,0.296,0.0,5.6536,3.4228,3.6442,1,3.4446,LOST,0.301,GATE_PASS|GATE_YIELD|SEPARATION_WARNING,0,1,1,25.6,-7.536,-9.825,-10.561,16.909,11.739,15.308,-4.362,-4.361,-4.307
-0.052,0.296,0.0,5.6327,3.4388,3.6577,1,3.477,LOST,0.301,GATE_PASS|GATE_YIELD|SEPARATION_WARNING,0,1,1,25.7,-7.505,-9.826,-10.573,16.872,11.74,15.32,-4.363,-4.362,-4.304
-0.052,0.296,0.0,5.6122,3.4562,3.671,1,3.5096,LOST,0.301,GATE_PASS|GATE_YIELD|SEPARATION_WARNING,0,1,1,25.8,-7.474,-9.827,-10.585,16.836,11.74,15.332,-4.363,-4.362,-4.301
-0.052,0.296,0.0,5.5927,3.475,3.6845,1,3.5423,LOST,0.301,GATE_PASS|GATE_YIELD|SEPARATION_WARNING,0,1,1,25.9,-7.443,-9.827,-10.597,16.8,11.741,15.343,-4.364,-4.362,-4.297
-0.052,0.296,0.0,5.5733,3.4945,3.6983,1,3.5748,LOST,0.301,GATE_PASS|GATE_YIELD|SEPARATION_WARNING,0,1,1,26.0,-7.412,-9.828,-10.609,16.763,11.741,15.355,-4.364,-4.362,-4.294
-0.052,0.296,0.0,5.5546,3.5151,3.7126,1,3.6074,LOST,0.301,GATE_PASS|GATE_YIELD|SEPARATION_WARNING,0,1,1,26.1,-7.381,-9.828,-10.621,16.727,11.74,15.367,-4.364,-4.362,-4.291
-0.052,0.296,0.0,5.5367,3.5372,3.7269,1,3.6401,LOST,0.301,GATE_PASS|GATE_YIELD|SEPARATION_WARNING,0,1,1,26.2,-7.349,-9.827,-10.633,16.691,11.74,15.378,-4.365,-4.362,-4.288
-0.052,0.296,0.0,5.5191,3.5608,3.7411,1,3.6732,LOST,0.301,GATE_PASS|GATE_YIELD|SEPARATION_WARNING,0,1,1,26.3,-7.317,-9.827,-10.645,16.655,11.739,15.389,-4.365,-4.362,-4.285
-0.052,0.296,0.0,5.5018,3.5858,3.7553,1,3.7064,LOST,0.301,GATE_PASS|GATE_YIELD|SEPARATION_WARNING,0,1,1,26.4,-7.286,-9.827,-10.657,16.618,11.739,15.4,-4.366,-4.361,-4.282
-0.052,0.296,0.0,5.4851,3.6116,3.7696,1,3.7396,LOST,0.301,GATE_PASS|GATE_YIELD|SEPARATION_WARNING,0,1,1,26.5,-7.254,-9.827,-10.669,16.582,11.738,15.411,-4.367,-4.361,-4.279
-0.052,0.296,0.0,5.4685,3.6382,3.7832,1,3.7727,LOST,0.301,GATE_PASS|GATE_YIELD|SEPARATION_WARNING,0,1,1,26.6,-7.222,-9.826,-10.681,16.546,11.737,15.422,-4.368,-4.361,-4.276
-0.052,0.296,0.0,5.4522,3.6621,3.7915,1,3.8036,LOST,0.301,GATE_PASS|GATE_YIELD|GATE_YIELD,0,1,1,26.7,-7.19,-9.826,-10.688,16.51,11.737,15.428,-4.368,-4.362,-4.274
-0.052,0.296,0.0,5.4365,3.6827,3.7936,1,3.8321,LOST,0.301,GATE_PASS|GATE_YIELD|GATE_YIELD,0,1,1,26.8,-7.158,-9.825,-10.688,16.474,11.736,15.429,-4.368,-4.362,-4.274
-0.052,0.296,0.0,5.4213,3.7006,3.7902,1,3.859,LOST,0.301,GATE_PASS|GATE_YIELD|GATE_YIELD,0,1,1,26.9,-7.126,-9.824,-10.684,16.438,11.736,15.426,-4.368,-4.362,-4.275
-0.052,0.296,0.0,5.4074,3.7169,3.7827,1,3.8846,LOST,0.301,GATE_PASS|GATE_YIELD|GATE_YIELD,0,1,1,27.0,-7.092,-9.823,-10.676,16.403,11.736,15.42,-4.367,-4.362,-4.277
-0.052,0.296,0.0,5.395,3.7325,3.7722,1,3.9094,LOST,0.301,GATE_PASS|GATE_YIELD|GATE_YIELD,0,1,1,27.1,-7.059,-9.822,-10.665,16.369,11.736,15.412,-4.367,-4.362,-4.279
-0.052,0.296,0.0,5.3846,3.7484,3.7597,1,3.934,LOST,0.301,GATE_PASS|GATE_YIELD|GATE_YIELD,0,1,1,27.2,-7.023,-9.822,-10.653,16.336,11.736,15.402,-4.366,-4.362,-4.282
-0.052,0.296,0.0,5.3769,3.7654,3.7459,1,3.9589,LOST,0.301,GATE_PASS|GATE_YIELD|GATE_YIELD,0,1,1,27.3,-6.987,-9.822,-10.639,16.305,11.736,15.391,-4.365,-4.362,-4.286
-0.052,0.296,0.0,5.3712,3.7832,3.7309,1,3.984,LOST,0.301,GATE_PASS|GATE_YIELD|GATE_YIELD,0,1,1,27.4,-6.949,-9.822,-10.624,16.274,11.736,15.379,-4.365,-4.362,-4.29
-0.052,0.296,0.0,5.3679,3.8021,3.7154,1,4.0096,LOST,0.301,GATE_PASS|GATE_YIELD|GATE_YIELD,0,1,1,27.5,-6.909,-9.823,-10.608,16.245,11.737,15.367,-4.364,-4.363,-4.295
-0.052,0.296,0.0,5.3665,3.8225,3.7,1,4.0355,LOST,0.301,GATE_PASS|GATE_YIELD|GATE_YIELD,0,1,1,27.6,-6.869,-9.823,-10.592,16.217,11.737,15.356,-4.364,-4.363,-4.299
-0.052,0.296,0.0,5.367,3.8444,3.6848,1,4.0619,LOST,0.301,GATE_PASS|GATE_YIELD|GATE_YIELD,0,1,1,27.7,-6.827,-9.823,-10.577,16.19,11.738,15.344,-4.363,-4.362,-4.303
-0.052,0.296,0.0,5.3699,3.8679,3.6699,1,4.0885,LOST,0.301,GATE_PASS|GATE_YIELD|GATE_YIELD,0,1,1,27.8,-6.784,-9.824,-10.561,16.165,11.738,15.333,-4.363,-4.362,-4.308
-0.052,0.296,0.0,5.3751,3.8932,3.6552,1,4.1155,LOST,0.301,GATE_PASS|GATE_YIELD|GATE_YIELD,0,1,1,27.9,-6.741,-9.824,-10.546,16.142,11.739,15.322,-4.363,-4.361,-4.313
-0.052,0.296,0.0,5.3823,3.9205,3.6413,1,4.143,LOST,0.301,GATE_PASS|GATE_YIELD|GATE_YIELD,0,1,1,28.0,-6.696,-9.824,-10.532,16.12,11.74,15.311,-4.363,-4.361,-4.317
-0.052,0.296,0.0,5.3916,3.9492,3.6284,1,4.1708,LOST,0.301,GATE_PASS|GATE_YIELD|GATE_YIELD,0,1,1,28.1,-6.65,-9.824,-10.518,16.099,11.74,15.301,-4.364,-4.361,-4.321
-0.052,0.296,0.0,5.4026,3.9789,3.6165,1,4.1986,LOST,0.301,GATE_PASS|GATE_YIELD|GATE_YIELD,0,1,1,28.2,-6.605,-9.823,-10.505,16.08,11.741,15.292,-4.365,-4.36,-4.325
-0.052,0.296,0.0,5.4154,4.0099,3.6051,1,4.2267,LOST,0.301,GATE_PASS|GATE_YIELD|GATE_YIELD,0,1,1,28.3,-6.558,-9.823,-10.491,16.062,11.741,15.284,-4.365,-4.359,-4.328
-0.052,0.296,0.0,5.4303,4.0429,3.5947,1,4.2551,LOST,0.301,GATE_PASS|GATE_YIELD|GATE_YIELD,0,1,1,28.4,-6.511,-9.822,-10.479,16.045,11.741,15.275,-4.365,-4.359,-4.332
-0.052,0.296,0.0,5.4476,4.078,3.5849,1,4.2839,LOST,0.301,GATE_PASS|GATE_YIELD|GATE_YIELD,0,1,1,28.5,-6.462,-9.821,-10.468,16.031,11.742,15.268,-4.366,-4.358,-4.335
-0.052,0.296,0.0,5.4669,4.1149,3.5756,1,4.3132,LOST,0.301,GATE_PASS|GATE_YIELD|GATE_YIELD,0,1,1,28.6,-6.414,-9.821,-10.458,16.017,11.742,15.26,-4.366,-4.357,-4.337
-0.052,0.296,0.0,5.4888,4.1533,3.5668,1,4.3426,LOST,0.301,GATE_PASS|GATE_YIELD|GATE_YIELD,0,1,1,28.7,-6.364,-9.82,-10.448,16.006,11.742,15.253,-4.366,-4.356,-4.34
-0.052,0.296,0.0,5.514,4.1937,3.5592,1,4.3722,LOST,0.301,GATE_PASS|GATE_YIELD|GATE_YIELD,0,1,1,28.8,-6.314,-9.82,-10.439,15.997,11.742,15.246,-4.365,-4.356,-4.342
-0.052,0.296,0.0,5.5413,4.2355,3.5521,1,4.402,LOST,0.301,GATE_PASS|GATE_YIELD|GATE_YIELD,0,1,1,28.9,-6.263,-9.82,-10.431,15.99,11.741,15.24,-4.365,-4.356,-4.345
-0.052,0.296,0.0,5.57,4.2781,3.5459,1,4.4319,LOST,0.301,GATE_PASS|GATE_YIELD|GATE_YIELD,0,1,1,29.0,-6.212,-9.82,-10.424,15.984,11.741,15.235,-4.365,-4.356,-4.346
-0.052,0.296,0.0,5.5995,4.3218,3.5399,1,4.462,LOST,0.301,GATE_PASS|GATE_YIELD|GATE_YIELD,0,1,1,29.1,-6.16,-9.819,-10.417,15.979,11.741,15.23,-4.365,-4.356,-4.348
-0.052,0.296,0.0,5.6299,4.3666,3.5338,1,4.4922,LOST,0.301,GATE_PASS|GATE_YIELD|GATE_YIELD,0,1,1,29.2,-6.109,-9.819,-10.41,15.976,11.741,15.225,-4.366,-4.357,-4.349
-0.052,0.296,0.0,5.6617,4.4129,3.5283,1,4.5228,LOST,0.301,GATE_PASS|GATE_YIELD|GATE_YIELD,0,1,1,29.3,-6.057,-9.818,-10.405,15.973,11.742,15.221,-4.366,-4.357,-4.349
-0.052,0.296,0.0,5.6948,4.46,3.5232,1,4.5534,LOST,0.301,GATE_PASS|GATE_YIELD|GATE_YIELD,0,1,1,29.4,-6.005,-9.818,-10.401,15.972,11.742,15.217,-4.366,-4.358,-4.35
-0.052,0.296,0.0,5.7287,4.5072,3.5183,1,4.5838,LOST,0.301,GATE_PASS|GATE_YIELD|GATE_YIELD,0,1,1,29.5,-5.953,-9.818,-10.396,15.971,11.742,15.213,-4.366,-4.359,-4.35
-0.052,0.296,0.0,5.7636,4.5549,3.5137,1,4.6141,LOST,0.301,GATE_PASS|GATE_YIELD|GATE_YIELD,0,1,1,29.6,-5.902,-9.818,-10.392,15.972,11.743,15.209,-4.367,-4.359,-4.35
-0.052,0.296,0.0,5.7991,4.6025,3.5095,1,4.6444,LOST,0.301,GATE_PASS|GATE_YIELD|GATE_YIELD,0,1,1,29.7,-5.85,-9.818,-10.388,15.973,11.743,15.206,-4.367,-4.361,-4.35
-0.052,0.296,0.0,5.835,4.65,3.5053,1,4.6747,LOST,0.301,GATE_PASS|GATE_YIELD|GATE_YIELD,1,1,1,29.8,-5.799,-9.818,-10.385,15.974,11.744,15.203,-4.368,-4.362,-4.349
-0.052,0.296,0.0,5.8715,4.6981,3.5014,1,4.7052,LOST,0.301,GATE_PASS|GATE_YIELD|GATE_YIELD,1,1,1,29.9,-5.748,-9.818,-10.381,15.976,11.745,15.201,-4.368,-4.363,-4.35
-0.052,0.296,0.0,5.9089,4.7466,3.4975,1,4.7358,LOST,0.301,GATE_PASS|GATE_YIELD|GATE_YIELD,1,1,1,30.0,-5.696,-9.819,-10.378,15.979,11.746,15.198,-4.368,-4.364,-4.35
-0.052,0.296,0.0,5.947,4.7953,3.4938,1,4.7663,LOST,0.301,GATE_PASS|GATE_YIELD|GATE_YIELD,1,1,1,30.1,-5.645,-9.819,-10.375,15.981,11.746,15.195,-4.368,-4.365,-4.351
-0.052,0.296,0.0,5.9854,4.844,3.4904,1,4.7966,LOST,0.301,GATE_PASS|GATE_YIELD|GATE_YIELD,1,1,1,30.2,-5.593,-9.82,-10.372,15.985,11.746,15.193,-4.367,-4.367,-4.352
-0.052,0.296,0.0,6.0239,4.8927,3.4874,1,4.8268,LOST,0.301,GATE_PASS|GATE_YIELD|GATE_YIELD,1,1,1,30.3,-5.542,-9.82,-10.369,15.988,11.747,15.191,-4.367,-4.368,-4.352
-0.052,0.296,0.0,6.0626,4.941,3.4847,1,4.8569,LOST,0.301,GATE_PASS|GATE_YIELD|GATE_YIELD,1,1,1,30.4,-5.491,-9.82,-10.366,15.992,11.747,15.189,-4.366,-4.369,-4.353
-0.052,0.296,0.0,6.1021,4.9904,3.4822,1,4.8875,LOST,0.301,GATE_PASS|GATE_YIELD|GATE_YIELD,1,1,1,30.5,-5.44,-9.82,-10.364,15.997,11.748,15.187,-4.365,-4.37,-4.353
-0.052,0.296,0.0,6.1412,5.0397,3.4805,1,4.918,LOST,0.301,GATE_PASS|GATE_YIELD|GATE_YIELD,1,1,1,30.6,-5.388,-9.819,-10.362,16.0,11.748,15.186,-4.365,-4.37,-4.354
-0.052,0.296,0.0,6.1788,5.0883,3.4793,1,4.9486,LOST,0.301,GATE_PASS|GATE_YIELD|GATE_YIELD,1,1,1,30.7,-5.338,-9.819,-10.36,16.003,11.749,15.186,-4.364,-4.37,-4.354
-0.052,0.296,0.0,6.2157,5.137,3.4784,1,4.9795,LOST,0.301,GATE_PASS|GATE_YIELD|GATE_YIELD,1,1,1,30.8,-5.287,-9.818,-10.358,16.004,11.749,15.185,-4.364,-4.37,-4.355
-0.052,0.296,0.0,6.253,5.1856,3.4778,1,5.0104,LOST,0.301,GATE_PASS|GATE_YIELD|GATE_YIELD,1,1,1,30.9,-5.236,-9.817,-10.357,16.005,11.749,15.185,-4.363,-4.37,-4.356
-0.052,0.296,0.0,6.291,5.2345,3.4775,1,5.0413,LOST,0.301,GATE_PASS|GATE_YIELD|GATE_YIELD,1,1,1,31.0,-5.186,-9.817,-10.355,16.007,11.749,15.185,-4.363,-4.37,-4.356
-0.052,0.296,0.0,6.33,5.2841,3.4776,1,5.0725,LOST,0.301,GATE_PASS|GATE_YIELD|GATE_YIELD,1,1,1,31.1,-5.135,-9.816,-10.354,16.01,11.75,15.185,-4.363,-4.37,-4.357
-0.052,0.296,0.0,6.3697,5.334,3.4777,1,5.1037,LOST,0.301,GATE_PASS|GATE_YIELD|GATE_YIELD,1,1,1,31.2,-5.083,-9.816,-10.353,16.013,11.75,15.186,-4.363,-4.37,-4.357
-0.052,0.296,0.0,6.4098,5.3837,3.4774,1,5.1348,LOST,0.301,GATE_PASS|GATE_YIELD|GATE_YIELD,1,1,1,31.3,-5.032,-9.816,-10.352,16.017,11.75,15.186,-4.363,-4.37,-4.357
-0.052,0.296,0.0,6.4507,5.4336,3.4774,1,5.1657,LOST,0.301,GATE_PASS|GATE_YIELD|GATE_YIELD,1,1,1,31.4,-4.982,-9.815,-10.35,16.022,11.75,15.186,-4.363,-4.37,-4.357
-0.052,0.296,0.0,6.4922,5.4835,3.4774,1,5.1963,LOST,0.301,GATE_PASS|GATE_YIELD|GATE_YIELD,1,1,1,31.5,-4.931,-9.815,-10.349,16.027,11.75,15.186,-4.364,-4.37,-4.357
-0.052,0.296,0.0,6.5344,5.5338,3.4772,1,5.2267,LOST,0.301,GATE_PASS|GATE_YIELD|GATE_YIELD,1,1,1,31.6,-4.88,-9.815,-10.349,16.033,11.75,15.186,-4.365,-4.37,-4.358
-0.052,0.296,0.0,6.5771,5.5846,3.4762,1,5.257,LOST,0.301,GATE_PASS|GATE_YIELD|GATE_YIELD,1,1,1,31.7,-4.83,-9.815,-10.348,16.041,11.75,15.185,-4.366,-4.37,-4.358
-0.052,0.296,0.0,6.6206,5.6351,3.475,1,5.2869,LOST,0.301,GATE_PASS|GATE_YIELD|GATE_YIELD,1,1,1,31.8,-4.779,-9.814,-10.347,16.05,11.751,15.185,-4.367,-4.369,-4.358
-0.052,0.296,0.0,6.6645,5.6856,3.474,1,5.3162,LOST,0.301,GATE_PASS|GATE_YIELD|GATE_YIELD,1,1,1,31.9,-4.729,-9.814,-10.347,16.06,11.751,15.184,-4.368,-4.368,-4.358
-0.052,0.296,0.0,6.7085,5.736,3.473,1,5.3452,LOST,0.301,GATE_PASS|GATE_YIELD|GATE_YIELD,1,1,1,32.0,-4.68,-9.813,-10.346,16.071,11.752,15.184,-4.368,-4.367,-4.358
-0.052,0.296,0.0,6.7531,5.787,3.4725,1,5.3741,LOST,0.301,GATE_PASS|GATE_YIELD|GATE_YIELD,1,1,1,32.1,-4.63,-9.812,-10.347,16.083,11.752,15.183,-4.369,-4.367,-4.358
-0.052,0.296,0.0,6.7987,5.8387,3.4718,1,5.4029,LOST,0.301,GATE_PASS|GATE_YIELD|GATE_YIELD,1,1,1,32.2,-4.581,-9.811,-10.347,16.097,11.753,15.183,-4.369,-4.366,-4.358
-0.052,0.296,0.0,6.8456,5.8907,3.4711,1,5.4315,LOST,0.301,GATE_PASS|GATE_YIELD|GATE_YIELD,1,1,1,32.3,-4.531,-9.81,-10.348,16.112,11.753,15.182,-4.368,-4.365,-4.358
-0.052,0.296,0.0,6.8933,5.9423,3.4708,1,5.4596,LOST,0.301,GATE_PASS|GATE_YIELD|GATE_YIELD,1,1,1,32.4,-4.482,-9.809,-10.349,16.128,11.753,15.181,-4.368,-4.365,-4.359
-0.052,0.296,0.0,6.9419,5.9937,3.4707,1,5.4875,LOST,0.301,GATE_PASS|GATE_YIELD|GATE_YIELD,1,1,1,32.5,-4.434,-9.809,-10.349,16.145,11.753,15.181,-4.367,-4.363,-4.359
-0.052,0.296,0.0,6.9908,6.0449,3.471,1,5.515,LOST,0.301,GATE_PASS|GATE_YIELD|GATE_YIELD,1,1,1,32.6,-4.386,-9.809,-10.35,16.164,11.752,15.181,-4.367,-4.362,-4.359
-0.052,0.296,0.0,7.0399,6.0954,3.4715,1,5.5417,LOST,0.301,GATE_PASS|GATE_YIELD|GATE_YIELD,1,1,1,32.7,-4.339,-9.808,-10.351,16.184,11.752,15.181,-4.366,-4.361,-4.359
-0.052,0.296,0.0,7.0892,6.145,3.4722,1,5.5677,LOST,0.301,GATE_PASS|GATE_YIELD|GATE_YIELD,1,1,1,32.8,-4.292,-9.808,-10.351,16.205,11.752,15.181,-4.366,-4.359,-4.359
-0.052,0.296,0.0,7.1391,6.1945,3.4731,1,5.5934,LOST,0.301,GATE_PASS|GATE_YIELD|GATE_YIELD,1,1,1,32.9,-4.245,-9.807,-10.351,16.227,11.751,15.181,-4.366,-4.358,-4.359
-0.052,0.296,0.0,7.1893,6.2435,3.4741,1,5.6187,LOST,0.301,GATE_PASS|GATE_YIELD|GATE_YIELD,0,1,1,33.0,-4.199,-9.806,-10.351,16.25,11.75,15.181,-4.365,-4.358,-4.359
-0.052,0.296,0.0,7.2396,6.2922,3.4752,1,5.6437,LOST,0.301,GATE_PASS|GATE_YIELD|GATE_YIELD,0,1,1,33.1,-4.154,-9.805,-10.35,16.273,11.749,15.182,-4.365,-4.357,-4.359
-0.052,0.296,0.0,7.2899,6.3406,3.4756,1,5.6683,LOST,0.301,GATE_PASS|GATE_YIELD|GATE_YIELD,0,1,1,33.2,-4.108,-9.805,-10.35,16.298,11.749,15.182,-4.365,-4.357,-4.359
-0.052,0.296,0.0,7.3404,6.3886,3.4757,1,5.6925,LOST,0.301,GATE_PASS|GATE_YIELD|GATE_YIELD,0,1,1,33.3,-4.064,-9.804,-10.349,16.323,11.749,15.181,-4.364,-4.357,-4.36
-0.052,0.296,0.0,7.3908,6.4362,3.4756,1,5.7164,LOST,0.301,GATE_PASS|GATE_YIELD|GATE_YIELD,0,1,1,33.4,-4.019,-9.803,-10.349,16.349,11.748,15.181,-4.364,-4.357,-4.36
-0.052,0.296,0.0,7.4416,6.484,3.4751,1,5.7402,LOST,0.301,GATE_PASS|GATE_YIELD|GATE_YIELD,0,1,1,33.5,-3.975,-9.803,-10.348,16.376,11.748,15.18,-4.364,-4.357,-4.36
-0.052,0.296,0.0,7.4928,6.5317,3.4744,1,5.764,LOST,0.301,GATE_PASS|GATE_YIELD|GATE_YIELD,0,1,1,33.6,-3.931,-9.802,-10.347,16.403,11.748,15.18,-4.364,-4.357,-4.36
-0.052,0.296,0.0,7.5438,6.5788,3.4742,1,5.7874,LOST,0.301,GATE_PASS|GATE_YIELD|GATE_YIELD,0,1,1,33.7,-3.888,-9.802,-10.346,16.431,11.748,15.179,-4.365,-4.357,-4.361
-0.052,0.296,0.0,7.595,6.626,3.4739,1,5.8107,LOST,0.301,GATE_PASS|GATE_YIELD|GATE_YIELD,0,1,1,33.8,-3.844,-9.802,-10.346,16.459,11.747,15.178,-4.365,-4.357,-4.361
-0.052,0.296,0.0,7.646,6.6727,3.4736,1,5.8338,LOST,0.301,GATE_PASS|GATE_YIELD|GATE_YIELD,0,1,1,33.9,-3.802,-9.801,-10.345,16.487,11.747,15.178,-4.365,-4.357,-4.362
-0.052,0.296,0.0,7.6968,6.7194,3.4733,1,5.8568,LOST,0.301,GATE_PASS|GATE_YIELD|GATE_YIELD,0,1,1,34.0,-3.76,-9.801,-10.345,16.516,11.747,15.177,-4.366,-4.357,-4.362
-0.052,0.296,0.0,7.7475,6.7661,3.4726,1,5.8798,LOST,0.301,GATE_PASS|GATE_YIELD|GATE_YIELD,0,1,1,34.1,-3.718,-9.801,-10.344,16.545,11.747,15.177,-4.366,-4.357,-4.362
-0.052,0.296,0.0,7.798,6.8126,3.4722,1,5.9029,LOST,0.301,GATE_PASS|GATE_YIELD|GATE_YIELD,0,1,1,34.2,-3.676,-9.801,-10.344,16.574,11.748,15.177,-4.366,-4.357,-4.362
-0.052,0.296,0.0,7.8483,6.8588,3.4725,1,5.926,LOST,0.301,GATE_PASS|GATE_YIELD|GATE_YIELD,0,1,1,34.3,-3.635,-9.802,-10.344,16.603,11.748,15.178,-4.367,-4.357,-4.362
-0.052,0.296,0.0,7.8988,6.9047,3.4731,1,5.9488,LOST,0.301,GATE_PASS|GATE_YIELD|GATE_YIELD,0,1,1,34.4,-3.594,-9.802,-10.344,16.632,11.748,15.179,-4.367,-4.357,-4.361
-0.052,0.296,0.0,7.9491,6.9503,3.4737,1,5.9716,LOST,0.301,GATE_PASS|GATE_YIELD|GATE_YIELD,0,1,1,34.5,-3.553,-9.802,-10.343,16.661,11.748,15.179,-4.368,-4.357,-4.361
-0.052,0.296,0.0,7.9995,6.9958,3.4741,1,5.9943,LOST,0.301,GATE_PASS|GATE_YIELD|GATE_YIELD,0,1,1,34.6,-3.512,-9.802,-10.343,16.691,11.748,15.18,-4.368,-4.357,-4.36
-0.052,0.296,0.0,8.05,7.0414,3.4743,1,6.0168,LOST,0.301,GATE_PASS|GATE_YIELD|GATE_YIELD,0,1,1,34.7,-3.471,-9.802,-10.342,16.722,11.749,15.181,-4.368,-4.356,-4.359
-0.052,0.296,0.0,8.1001,7.0869,3.4742,1,6.0392,LOST,0.301,GATE_PASS|GATE_YIELD|GATE_YIELD,0,1,1,34.8,-3.431,-9.801,-10.342,16.752,11.749,15.181,-4.367,-4.357,-4.358
-0.052,0.296,0.0,8.1497,7.1323,3.4738,1,6.0615,LOST,0.301,GATE_PASS|GATE_YIELD|GATE_YIELD,0,1,1,34.9,-3.391,-9.801,-10.341,16.783,11.75,15.181,-4.367,-4.357,-4.358
-0.052,0.296,0.0,8.199,7.1773,3.4735,1,6.0837,LOST,0.301,GATE_PASS|GATE_YIELD|GATE_YIELD,0,1,1,35.0,-3.351,-9.8,-10.341,16.813,11.751,15.182,-4.367,-4.357,-4.358
-0.052,0.296,0.0,8.2481,7.2229,3.4727,1,6.106,LOST,0.301,GATE_PASS|GATE_YIELD|GATE_YIELD,0,1,1,35.1,-3.311,-9.8,-10.34,16.844,11.752,15.182,-4.367,-4.358,-4.357
-0.052,0.296,0.0,8.2973,7.2687,3.4714,1,6.1286,LOST,0.301,GATE_PASS|GATE_YIELD|GATE_YIELD,0,1,1,35.2,-3.271,-9.799,-10.34,16.875,11.753,15.182,-4.367,-4.359,-4.357
-0.052,0.296,0.0,8.3467,7.3146,3.4698,1,6.1512,LOST,0.301,GATE_PASS|GATE_YIELD|GATE_YIELD,0,1,1,35.3,-3.231,-9.799,-10.34,16.906,11.754,15.182,-4.367,-4.359,-4.357
-0.052,0.296,0.0,8.3967,7.3605,3.4686,1,6.1738,LOST,0.301,GATE_PASS|GATE_YIELD|GATE_YIELD,0,1,1,35.4,-3.191,-9.798,-10.339,16.937,11.755,15.181,-4.367,-4.359,-4.357
-0.052,0.296,0.0,8.4468,7.4064,3.4678,1,6.1966,LOST,0.301,GATE_PASS|GATE_YIELD|GATE_YIELD,0,1,1,35.5,-3.151,-9.798,-10.339,16.968,11.756,15.181,-4.367,-4.36,-4.357
-0.052,0.296,0.0,8.4971,7.4526,3.4674,1,6.2195,LOST,0.301,GATE_PASS|GATE_YIELD|GATE_YIELD,0,1,1,35.6,-3.111,-9.798,-10.339,16.999,11.756,15.181,-4.367,-4.36,-4.357
-0.052,0.296,0.0,8.5468,7.4986,3.4672,1,6.2424,LOST,0.301,GATE_PASS|GATE_YIELD|GATE_YIELD,0,1,1,35.7,-3.071,-9.797,-10.339,17.03,11.756,15.181,-4.366,-4.36,-4.357
-0.052,0.296,0.0,8.597,7.5447,3.4673,1,6.2655,LOST,0.301,GATE_PASS|GATE_YIELD|GATE_YIELD,0,1,1,35.8,-3.032,-9.797,-10.339,17.061,11.757,15.182,-4.366,-4.361,-4.357
-0.052,0.296,0.0,8.6476,7.5911,3.467,1,6.2888,LOST,0.301,GATE_PASS|GATE_YIELD|GATE_YIELD,0,1,1,35.9,-2.992,-9.797,-10.339,17.093,11.757,15.182,-4.365,-4.361,-4.357
-0.052,0.296,0.0,8.698,7.6373,3.467,1,6.3121,LOST,0.301,GATE_PASS|GATE_YIELD|GATE_YIELD,0,1,1,36.0,-2.952,-9.797,-10.338,17.124,11.758,15.182,-4.365,-4.361,-4.357
-0.052,0.296,0.0,8.7481,7.6836,3.4672,1,6.3353,LOST,0.301,GATE_PASS|GATE_YIELD|GATE_YIELD,0,1,1,36.1,-2.912,-9.797,-10.338,17.156,11.758,15.183,-4.364,-4.361,-4.357
-0.052,0.296,0.0,8.7986,7.73,3.4673,1,6.3586,LOST,0.301,GATE_PASS|GATE_YIELD|GATE_YIELD,0,1,1,36.2,-2.873,-9.797,-10.338,17.187,11.758,15.183,-4.364,-4.361,-4.357
-0.052,0.296,0.0,8.8493,7.7762,3.4676,1,6.3819,LOST,0.301,GATE_PASS|GATE_YIELD|GATE_YIELD,0,1,1,36.3,-2.833,-9.796,-10.338,17.219,11.758,15.183,-4.363,-4.36,-4.357
-0.052,0.296,0.0,8.8997,7.822,3.4682,1,6.4049,LOST,0.301,GATE_PASS|GATE_YIELD|GATE_YIELD,0,1,1,36.4,-2.794,-9.796,-10.338,17.251,11.758,15.184,-4.362,-4.36,-4.356
-0.052,0.296,0.0,8.9501,7.8677,3.4689,1,6.4279,LOST,0.301,GATE_PASS|GATE_YIELD|GATE_YIELD,0,1,1,36.5,-2.755,-9.795,-10.337,17.283,11.758,15.184,-4.362,-4.36,-4.356
-0.052,0.296,0.0,9.0008,7.9136,3.4698,1,6.451,LOST,0.301,GATE_PASS|GATE_YIELD|GATE_YIELD,0,1,1,36.6,-2.716,-9.795,-10.337,17.315,11.757,15.184,-4.361,-4.359,-4.356
-0.052,0.296,0.0,9.052,7.96,3.4712,1,6.4745,LOST,0.301,GATE_PASS|GATE_YIELD|GATE_YIELD,0,1,1,36.7,-2.676,-9.795,-10.337,17.348,11.756,15.185,-4.361,-4.359,-4.356
-0.052,0.296,0.0,9.1038,8.0069,3.4725,1,6.4983,LOST,0.301,GATE_PASS|GATE_YIELD|GATE_YIELD,0,1,1,36.8,-2.637,-9.795,-10.337,17.38,11.755,15.185,-4.359,-4.359,-4.357
-0.052,0.296,0.0,9.1561,8.0541,3.4735,1,6.5223,LOST,0.301,GATE_PASS|GATE_YIELD|GATE_YIELD,0,1,1,36.9,-2.598,-9.796,-10.337,17.413,11.754,15.185,-4.358,-4.358,-4.357
-0.052,0.296,0.0,9.2088,8.1015,3.4745,1,6.5465,LOST,0.301,GATE_PASS|GATE_YIELD|GATE_YIELD,0,1,1,37.0,-2.558,-9.797,-10.338,17.446,11.753,15.185,-4.357,-4.357,-4.358
-0.052,0.296,0.0,9.2607,8.1488,3.4747,1,6.5708,LOST,0.301,GATE_PASS|GATE_YIELD|GATE_YIELD,0,1,1,37.1,-2.519,-9.797,-10.338,17.479,11.753,15.185,-4.356,-4.357,-4.359
-0.052,0.296,0.0,9.3121,8.1958,3.4745,1,6.595,LOST,0.301,GATE_PASS|GATE_YIELD|GATE_YIELD,0,1,1,37.2,-2.48,-9.798,-10.339,17.511,11.753,15.185,-4.355,-4.356,-4.36
-0.052,0.296,0.0,9.363,8.2426,3.4743,1,6.6191,LOST,0.301,GATE_PASS|GATE_YIELD|GATE_YIELD,0,1,1,37.3,-2.441,-9.799,-10.339,17.543,11.753,15.185,-4.355,-4.356,-4.36
-0.052,0.296,0.0,9.4134,8.2895,3.4739,1,6.6432,LOST,0.301,GATE_PASS|GATE_YIELD|GATE_YIELD,0,1,1,37.4,-2.403,-9.8,-10.34,17.575,11.753,15.184,-4.355,-4.356,-4.361
-0.052,0.296,0.0,9.4634,8.3364,3.4737,1,6.6674,LOST,0.301,GATE_PASS|GATE_YIELD|GATE_YIELD,0,1,1,37.5,-2.365,-9.8,-10.341,17.607,11.753,15.185,-4.355,-4.355,-4.361
-0.052,0.296,0.0,9.5136,8.3834,3.4736,1,6.6917,LOST,0.301,GATE_PASS|GATE_YIELD|GATE_YIELD,0,1,1,37.6,-2.327,-9.801,-10.343,17.639,11.754,15.185,-4.354,-4.355,-4.362
-0.052,0.296,0.0,9.5641,8.4302,3.4737,1,6.7159,LOST,0.301,GATE_PASS|GATE_YIELD|GATE_YIELD,0,1,1,37.7,-2.289,-9.802,-10.344,17.672,11.754,15.185,-4.354,-4.356,-4.363
-0.052,0.296,0.0,9.6147,8.4767,3.4736,1,6.74,LOST,0.301,GATE_PASS|GATE_YIELD|GATE_YIELD,0,1,1,37.8,-2.251,-9.803,-10.345,17.704,11.754,15.185,-4.353,-4.356,-4.363
-0.052,0.296,0.0,9.6653,8.5232,3.4734,1,6.7642,LOST,0.301,GATE_PASS|GATE_YIELD|GATE_YIELD,0,1,1,37.9,-2.213,-9.804,-10.345,17.737,11.754,15.185,-4.353,-4.357,-4.363
-0.052,0.296,0.0,9.7162,8.5695,3.4738,1,6.7884,LOST,0.301,GATE_PASS|GATE_YIELD|GATE_YIELD,0,1,1,38.0,-2.175,-9.804,-10.345,17.77,11.754,15.185,-4.353,-4.357,-4.364
-0.052,0.296,0.0,9.7678,8.6158,3.474,1,6.8129,LOST,0.301,GATE_PASS|GATE_YIELD|GATE_YIELD,0,1,1,38.1,-2.136,-9.806,-10.345,17.802,11.753,15.185,-4.353,-4.358,-4.364
-0.052,0.296,0.0,9.8196,8.662,3.4741,1,6.8375,LOST,0.301,GATE_PASS|GATE_YIELD|GATE_YIELD,0,1,1,38.2,-2.098,-9.807,-10.345,17.835,11.753,15.185,-4.353,-4.358,-4.364
-0.052,0.296,0.0,9.8711,8.7085,3.4745,1,6.862,LOST,0.301,GATE_PASS|GATE_YIELD|GATE_YIELD,0,1,1,38.3,-2.06,-9.808,-10.345,17.868,11.752,15.185,-4.353,-4.359,-4.363
-0.052,0.296,0.0,9.9224,8.7551,3.4745,1,6.8867,LOST,0.301,GATE_PASS|GATE_YIELD|GATE_YIELD,0,1,1,38.4,-2.021,-9.809,-10.345,17.9,11.752,15.185,-4.353,-4.36,-4.363
-0.052,0.296,0.0,9.9735,8.8014,3.4744,1,6.9113,LOST,0.301,GATE_PASS|GATE_YIELD|GATE_YIELD,0,1,1,38.5,-1.983,-9.81,-10.345,17.933,11.751,15.185,-4.353,-4.36,-4.363
-0.052,0.296,0.0,10.0241,8.8473,3.4741,1,6.9356,LOST,0.301,GATE_PASS|GATE_YIELD|GATE_YIELD,0,1,1,38.6,-1.946,-9.811,-10.344,17.965,11.751,15.184,-4.353,-4.361,-4.363
-0.052,0.296,0.0,10.0749,8.8933,3.4738,1,6.96,LOST,0.301,GATE_PASS|GATE_YIELD|GATE_YIELD,0,1,1,38.7,-1.908,-9.812,-10.344,17.998,11.751,15.184,-4.353,-4.362,-4.363
-0.052,0.296,0.0,10.1257,8.9391,3.4733,1,6.9844,LOST,0.301,GATE_PASS|GATE_YIELD|GATE_YIELD,0,1,1,38.8,-1.87,-9.813,-10.343,18.031,11.751,15.184,-4.353,-4.363,-4.362
-0.052,0.296,0.0,10.1764,8.9848,3.4729,1,7.0088,LOST,0.301,GATE_PASS|GATE_YIELD|GATE_YIELD,0,1,1,38.9,-1.832,-9.814,-10.343,18.064,11.751,15.184,-4.353,-4.364,-4.362
-0.052,0.296,0.0,10.2272,9.0309,3.4731,1,7.0334,LOST,0.301,GATE_PASS|GATE_YIELD|GATE_YIELD,0,1,1,39.0,-1.795,-9.815,-10.343,18.097,11.751,15.184,-4.354,-4.364,-4.361
-0.052,0.296,0.0,10.2773,9.0767,3.4732,1,7.0575,LOST,0.301,FORMATION_RECOVERY|GATE_YIELD|GATE_YIELD,0,1,1,39.1,-1.758,-9.815,-10.343,18.131,11.751,15.184,-4.355,-4.365,-4.36
-0.052,0.296,0.0,10.3266,9.1218,3.4726,1,7.0808,LOST,0.301,FORMATION_RECOVERY|GATE_YIELD|GATE_YIELD,0,1,1,39.2,-1.722,-9.815,-10.343,18.165,11.751,15.184,-4.355,-4.365,-4.36
-0.052,0.296,0.0,10.3758,9.1665,3.4714,1,7.1038,LOST,0.301,FORMATION_RECOVERY|GATE_YIELD|GATE_YIELD,0,1,1,39.3,-1.687,-9.816,-10.343,18.2,11.752,15.183,-4.356,-4.366,-4.359
-0.052,0.296,0.0,10.4253,9.211,3.4703,1,7.1266,LOST,0.301,FORMATION_RECOVERY|GATE_YIELD|GATE_YIELD,0,1,1,39.4,-1.652,-9.816,-10.342,18.235,11.752,15.182,-4.356,-4.366,-4.359
-0.052,0.296,0.0,10.4749,9.2554,3.4692,1,7.1492,LOST,0.301,FORMATION_RECOVERY|GATE_YIELD|GATE_YIELD,0,1,1,39.5,-1.617,-9.817,-10.342,18.27,11.752,15.181,-4.357,-4.366,-4.359
-0.052,0.296,0.0,10.5248,9.2995,3.4684,1,7.1718,LOST,0.301,FORMATION_RECOVERY|GATE_YIELD|GATE_YIELD,0,1,1,39.6,-1.583,-9.818,-10.342,18.306,11.751,15.18,-4.357,-4.366,-4.36
-0.052,0.296,0.0,10.5749,9.3432,3.468,1,7.1943,LOST,0.301,FORMATION_RECOVERY|GATE_YIELD|GATE_YIELD,0,1,1,39.7,-1.549,-9.819,-10.341,18.342,11.751,15.179,-4.358,-4.365,-4.36
-0.052,0.296,0.0,10.6253,9.3868,3.468,1,7.217,LOST,0.301,FORMATION_RECOVERY|GATE_YIELD|GATE_YIELD,0,1,1,39.8,-1.516,-9.82,-10.34,18.378,11.75,15.179,-4.359,-4.365,-4.361
-0.052,0.296,0.0,10.676,9.4304,3.468,1,7.2397,LOST,0.301,FORMATION_RECOVERY|GATE_YIELD|GATE_YIELD,0,1,1,39.9,-1.482,-9.822,-10.34,18.415,11.75,15.179,-4.359,-4.365,-4.361
-0.052,0.296,0.0,10.7265,9.4742,3.4677,1,7.2626,LOST,0.301,FORMATION_RECOVERY|GATE_YIELD|GATE_YIELD,0,1,1,40.0,-1.447,-9.823,-10.339,18.451,11.75,15.179,-4.36,-4.365,-4.361
-0.052,0.296,0.0,10.777,9.5181,3.4671,1,7.2854,LOST,0.301,FORMATION_RECOVERY|GATE_YIELD|GATE_YIELD,0,1,1,40.1,-1.413,-9.824,-10.338,18.488,11.75,15.178,-4.36,-4.366,-4.362
-0.052,0.296,0.0,10.827,9.555,3.4667,1,7.3059,LOST,0.301,FORMATION_RECOVERY|GATE_YIELD|GATE_PASS,0,1,1,40.2,-1.379,-9.825,-10.33,18.524,11.75,15.18,-4.36,-4.366,-4.362
-0.052,0.296,0.0,10.8769,9.5828,3.467,1,7.3234,LOST,0.301,FORMATION_RECOVERY|GATE_YIELD|GATE_PASS,0,1,1,40.3,-1.345,-9.825,-10.313,18.561,11.75,15.183,-4.361,-4.366,-4.363
-0.052,0.296,0.0,10.927,9.6033,3.4669,1,7.3386,LOST,0.301,FORMATION_RECOVERY|GATE_YIELD|GATE_PASS,0,1,1,40.4,-1.311,-9.826,-10.288,18.598,11.751,15.187,-4.361,-4.366,-4.363
-0.052,0.296,0.0,10.9776,9.618,3.4672,1,7.3521,LOST,0.301,FORMATION_RECOVERY|GATE_YIELD|GATE_PASS,0,1,1,40.5,-1.276,-9.828,-10.257,18.634,11.751,15.192,-4.361,-4.366,-4.364
-0.052,0.296,0.0,11.0289,9.6288,3.4681,1,7.3646,LOST,0.301,FORMATION_RECOVERY|GATE_YIELD|GATE_PASS,0,1,1,40.6,-1.241,-9.829,-10.221,18.671,11.751,15.197,-4.361,-4.366,-4.364
-0.052,0.296,0.0,11.0802,9.6356,3.4699,1,7.3758,LOST,0.301,FORMATION_RECOVERY|GATE_YIELD|GATE_PASS,0,1,1,40.7,-1.206,-9.831,-10.182,18.707,11.751,15.203,-4.361,-4.367,-4.365
-0.052,0.296,0.0,11.1311,9.6389,3.4718,1,7.3857,LOST,0.301,FORMATION_RECOVERY|GATE_YIELD|GATE_PASS,0,1,1,40.8,-1.171,-9.832,-10.139,18.744,11.751,15.21,-4.361,-4.367,-4.366
-0.052,0.296,0.0,11.1815,9.6399,3.4741,1,7.3947,LOST,0.301,FORMATION_RECOVERY|GATE_YIELD|GATE_PASS,0,1,1,40.9,-1.137,-9.833,-10.093,18.78,11.752,15.216,-4.361,-4.367,-4.366
-0.052,0.296,0.0,11.2319,9.6391,3.4772,1,7.4031,LOST,0.301,FORMATION_RECOVERY|GATE_YIELD|GATE_PASS,0,1,1,41.0,-1.102,-9.834,-10.046,18.816,11.753,15.223,-4.361,-4.366,-4.366
-0.052,0.295,0.0,11.2822,9.6366,3.481,1,7.4109,LOST,0.3,FORMATION_RECOVERY|GATE_YIELD|GATE_PASS,0,1,1,41.1,-1.067,-9.836,-9.997,18.853,11.753,15.23,-4.361,-4.366,-4.365
-0.052,0.294,0.0,11.3323,9.633,3.4857,1,7.4182,LOST,0.298,FORMATION_RECOVERY|GATE_YIELD|GATE_PASS,0,1,1,41.2,-1.033,-9.837,-9.947,18.889,11.754,15.238,-4.361,-4.365,-4.364
-0.051,0.291,0.0,11.3821,9.6289,3.491,1,7.4253,LOST,0.296,FORMATION_RECOVERY|GATE_YIELD|GATE_PASS,0,1,1,41.3,-0.999,-9.837,-9.896,18.926,11.755,15.245,-4.361,-4.365,-4.364
-0.051,0.288,0.0,11.4314,9.6243,3.497,1,7.4321,LOST,0.292,FORMATION_RECOVERY|GATE_YIELD|GATE_PASS,0,1,1,41.4,-0.965,-9.838,-9.845,18.963,11.756,15.253,-4.361,-4.365,-4.363
-0.05,0.283,0.0,11.4806,9.6191,3.5041,1,7.4388,LOST,0.287,FORMATION_RECOVERY|GATE_YIELD|GATE_PASS,0,1,1,41.5,-0.931,-9.839,-9.794,18.999,11.757,15.261,-4.361,-4.365,-4.363
-0.049,0.277,0.0,11.5298,9.6135,3.5121,1,7.4454,LOST,0.281,FORMATION_RECOVERY|GATE_YIELD|GATE_PASS,0,1,1,41.6,-0.897,-9.84,-9.742,19.035,11.758,15.268,-4.361,-4.365,-4.362
-0.048,0.271,0.0,11.5797,9.6081,3.521,1,7.4523,LOST,0.275,FORMATION_RECOVERY|GATE_YIELD|GATE_PASS,0,1,1,41.7,-0.862,-9.841,-9.689,19.071,11.758,15.276,-4.361,-4.366,-4.361
-0.047,0.263,0.0,11.6294,9.6025,3.531,1,7.4591,LOST,0.267,FORMATION_RECOVERY|GATE_YIELD|GATE_PASS,0,1,1,41.8,-0.828,-9.842,-9.637,19.106,11.758,15.283,-4.361,-4.365,-4.361
-0.046,0.255,0.0,11.6789,9.5969,3.542,1,7.4659,LOST,0.259,FORMATION_RECOVERY|GATE_YIELD|GATE_PASS,0,1,1,41.9,-0.794,-9.843,-9.584,19.141,11.758,15.291,-4.361,-4.365,-4.362
-0.044,0.245,0.0,11.7288,9.5917,3.5539,1,7.4731,LOST,0.249,FORMATION_RECOVERY|GATE_YIELD|GATE_PASS,0,1,1,42.0,-0.759,-9.844,-9.532,19.176,11.758,15.298,-4.36,-4.365,-4.362
-0.043,0.235,0.0,11.7791,9.5868,3.5663,1,7.4806,LOST,0.239,FORMATION_RECOVERY|GATE_YIELD|GATE_PASS,0,1,1,42.1,-0.725,-9.846,-9.48,19.211,11.757,15.305,-4.36,-4.364,-4.362
-0.041,0.225,0.0,11.8294,9.5821,3.5794,1,7.488,LOST,0.228,FORMATION_RECOVERY|GATE_YIELD|GATE_PASS,0,1,1,42.2,-0.69,-9.847,-9.427,19.245,11.756,15.311,-4.36,-4.364,-4.362
-0.04,0.213,0.0,11.8794,9.5778,3.5931,1,7.4954,LOST,0.217,FORMATION_RECOVERY|GATE_YIELD|GATE_PASS,0,1,1,42.3,-0.655,-9.848,-9.375,19.279,11.754,15.316,-4.36,-4.364,-4.362
-0.038,0.202,0.0,11.9292,9.5737,3.6074,1,7.5027,LOST,0.205,FORMATION_RECOVERY|GATE_YIELD|GATE_PASS,0,1,1,42.4,-0.62,-9.848,-9.322,19.313,11.752,15.321,-4.36,-4.363,-4.362
-0.036,0.189,0.0,11.9787,9.5696,3.6225,1,7.5097,LOST,0.193,FORMATION_RECOVERY|GATE_YIELD|GATE_PASS,0,1,1,42.5,-0.585,-9.847,-9.269,19.346,11.749,15.325,-4.359,-4.363,-4.362
-0.034,0.177,0.0,12.0281,9.5656,3.638,1,7.5169,LOST,0.18,FORMATION_RECOVERY|GATE_YIELD|GATE_PASS,0,1,1,42.6,-0.55,-9.847,-9.217,19.379,11.746,15.329,-4.359,-4.363,-4.362
-0.032,0.163,0.0,12.0777,9.5617,3.6545,1,7.5243,LOST,0.167,FORMATION_RECOVERY|GATE_YIELD|GATE_PASS,0,1,1,42.7,-0.515,-9.846,-9.164,19.411,11.743,15.333,-4.359,-4.363,-4.362
-0.03,0.15,0.0,12.1273,9.5584,3.6717,1,7.5319,LOST,0.153,FORMATION_RECOVERY|GATE_YIELD|GATE_PASS,0,1,1,42.8,-0.48,-9.846,-9.111,19.443,11.739,15.337,-4.359,-4.363,-4.362
-0.028,0.137,0.0,12.1765,9.5551,3.689,1,7.5393,LOST,0.139,FORMATION_RECOVERY|GATE_YIELD|GATE_PASS,0,1,1,42.9,-0.445,-9.845,-9.059,19.475,11.735,15.34,-4.359,-4.363,-4.361
-0.026,0.123,0.0,12.2256,9.552,3.7069,1,7.5467,LOST,0.126,FORMATION_RECOVERY|GATE_YIELD|GATE_PASS,0,1,1,43.0,-0.409,-9.844,-9.006,19.507,11.731,15.342,-4.359,-4.363,-4.36
-0.024,0.109,0.0,12.2746,9.5488,3.7253,1,7.554,LOST,0.112,FORMATION_RECOVERY|GATE_YIELD|GATE_PASS,0,1,1,43.1,-0.374,-9.842,-8.953,19.538,11.727,15.344,-4.359,-4.363,-4.359
-0.022,0.096,0.0,12.3234,9.5455,3.7444,1,7.5614,LOST,0.098,FORMATION_RECOVERY|GATE_YIELD|GATE_PASS,0,1,1,43.2,-0.338,-9.841,-8.899,19.569,11.723,15.347,-4.36,-4.363,-4.358
-0.02,0.083,0.0,12.3713,9.5414,3.7647,1,7.5685,LOST,0.085,FORMATION_RECOVERY|GATE_YIELD|GATE_PASS,0,1,1,43.3,-0.304,-9.84,-8.846,19.6,11.718,15.349,-4.36,-4.363,-4.357
-0.018,0.07,0.0,12.4179,9.536,3.7859,1,7.5747,LOST,0.072,FORMATION_RECOVERY|GATE_YIELD|GATE_PASS,0,1,1,43.4,-0.27,-9.838,-8.793,19.629,11.713,15.352,-4.36,-4.362,-4.356
-0.016,0.057,0.0,12.4627,9.5292,3.8073,1,7.5802,LOST,0.059,FORMATION_RECOVERY|GATE_YIELD|GATE_PASS,0,1,1,43.5,-0.237,-9.836,-8.739,19.657,11.709,15.354,-4.36,-4.362,-4.355
-0.014,0.045,0.0,12.5057,9.5208,3.829,1,7.5849,LOST,0.047,FORMATION_RECOVERY|GATE_YIELD|GATE_PASS,0,1,1,43.6,-0.205,-9.834,-8.686,19.683,11.704,15.356,-4.36,-4.362,-4.354
-0.012,0.033,0.0,12.5467,9.5107,3.8514,1,7.5884,LOST,0.035,FORMATION_RECOVERY|GATE_YIELD|GATE_PASS,0,1,1,43.7,-0.174,-9.832,-8.632,19.708,11.699,15.358,-4.36,-4.362,-4.353
-0.011,0.021,0.0,12.5854,9.499,3.8739,1,7.5908,LOST,0.024,FORMATION_RECOVERY|GATE_YIELD|GATE_PASS,0,1,1,43.8,-0.146,-9.83,-8.579,19.732,11.694,15.36,-4.36,-4.362,-4.352
-0.009,0.011,0.0,12.6222,9.4854,3.897,1,7.5924,LOST,0.014,FORMATION_RECOVERY|GATE_YIELD|GATE_PASS,0,1,1,43.9,-0.118,-9.828,-8.525,19.754,11.689,15.362,-4.36,-4.362,-4.351
-0.008,0.001,0.0,12.6573,9.4703,3.9205,1,7.5932,LOST,0.008,FORMATION_RECOVERY|GATE_YIELD|GATE_PASS,0,1,1,44.0,-0.092,-9.826,-8.472,19.776,11.685,15.364,-4.361,-4.362,-4.35
-0.006,-0.009,0.0,12.6909,9.4536,3.9448,1,7.5931,LOST,0.011,FORMATION_RECOVERY|GATE_YIELD|GATE_PASS,0,1,1,44.1,-0.067,-9.825,-8.419,19.796,11.68,15.366,-4.361,-4.361,-4.35
-0.005,-0.017,0.0,12.7221,9.4352,3.9692,1,7.5919,LOST,0.018,FORMATION_RECOVERY|GATE_YIELD|GATE_PASS,0,1,1,44.2,-0.044,-9.823,-8.366,19.814,11.676,15.369,-4.362,-4.361,-4.35
-0.004,-0.024,0.0,12.7518,9.4149,3.9945,1,7.5899,LOST,0.025,FORMATION_RECOVERY|GATE_YIELD|GATE_PASS,0,1,1,44.3,-0.022,-9.822,-8.313,19.832,11.672,15.371,-4.362,-4.361,-4.35
-0.003,-0.031,0.0,12.7798,9.3931,4.0203,1,7.587,LOST,0.031,FORMATION_RECOVERY|GATE_YIELD|GATE_PASS,0,1,1,44.4,-0.002,-9.821,-8.26,19.848,11.668,15.373,-4.363,-4.36,-4.35
-0.002,-0.037,0.0,12.8059,9.3697,4.0462,1,7.5834,LOST,0.037,FORMATION_RECOVERY|GATE_YIELD|GATE_PASS,0,1,1,44.5,0.018,-9.82,-8.208,19.863,11.665,15.376,-4.363,-4.36,-4.35
-0.001,-0.042,0.0,12.83,9.3448,4.072,1,7.5789,LOST,0.042,FORMATION_RECOVERY|GATE_YIELD|GATE_PASS,0,1,1,44.6,0.036,-9.819,-8.155,19.877,11.662,15.378,-4.363,-4.359,-4.35
-0.001,-0.045,0.0,12.8526,9.3185,4.0984,1,7.5737,LOST,0.045,FORMATION_RECOVERY|GATE_YIELD|GATE_PASS,0,1,1,44.7,0.053,-9.819,-8.102,19.89,11.66,15.381,-4.364,-4.359,-4.351
-0.0,-0.048,0.0,12.874,9.2911,4.1254,1,7.5681,LOST,0.048,FORMATION_RECOVERY|GATE_YIELD|GATE_PASS,0,1,1,44.8,0.069,-9.819,-8.05,19.901,11.657,15.384,-4.364,-4.359,-4.351
-0.0,-0.049,0.0,12.8937,9.2625,4.1527,1,7.5618,LOST,0.049,FORMATION_RECOVERY|GATE_YIELD|GATE_PASS,0,1,1,44.9,0.084,-9.82,-7.998,19.912,11.656,15.388,-4.364,-4.36,-4.352
-0.0,-0.05,0.0,12.912,9.2331,4.1804,1,7.555,LOST,0.05,FORMATION_RECOVERY|GATE_YIELD|GATE_PASS,0,1,1,45.0,0.098,-9.82,-7.947,19.922,11.654,15.392,-4.364,-4.36,-4.352
0.0,-0.05,0.0,12.9293,9.2028,4.2086,1,7.5478,LOST,0.05,FORMATION_RECOVERY|GATE_YIELD|GATE_PASS,0,1,1,45.1,0.112,-9.82,-7.896,19.932,11.654,15.397,-4.364,-4.361,-4.353
0.0,-0.05,0.0,12.9455,9.1722,4.2368,1,7.5402,LOST,0.05,FORMATION_RECOVERY|GATE_YIELD|GATE_PASS,0,1,1,45.2,0.125,-9.82,-7.846,19.941,11.653,15.402,-4.364,-4.361,-4.354
0.0,-0.05,0.0,12.9608,9.1404,4.2659,1,7.5321,LOST,0.05,FORMATION_RECOVERY|GATE_YIELD|GATE_PASS,0,1,1,45.3,0.137,-9.82,-7.795,19.951,11.653,15.408,-4.364,-4.362,-4.354
0.0,-0.05,0.0,12.9751,9.108,4.2957,1,7.5236,LOST,0.05,FORMATION_RECOVERY|GATE_YIELD|GATE_PASS,0,1,1,45.4,0.148,-9.82,-7.745,19.959,11.654,15.415,-4.363,-4.362,-4.355
0.0,-0.05,0.0,12.9882,9.0744,4.3259,1,7.5145,LOST,0.05,FORMATION_RECOVERY|GATE_YIELD|GATE_PASS,0,1,1,45.5,0.159,-9.82,-7.695,19.968,11.655,15.422,-4.363,-4.362,-4.355
0.0,-0.05,0.0,13.0004,9.0399,4.3566,1,7.5049,LOST,0.05,FORMATION_RECOVERY|GATE_YIELD|GATE_PASS,0,1,1,45.6,0.169,-9.82,-7.645,19.976,11.656,15.431,-4.362,-4.362,-4.355
0.0,-0.05,0.0,13.0116,9.0046,4.3878,1,7.4948,LOST,0.05,FORMATION_RECOVERY|GATE_YIELD|GATE_PASS,0,1,1,45.7,0.178,-9.82,-7.596,19.984,11.657,15.439,-4.362,-4.362,-4.355
0.0,-0.05,0.0,13.0226,8.9691,4.4194,1,7.4845,LOST,0.05,FORMATION_RECOVERY|GATE_YIELD|GATE_PASS,0,1,1,45.8,0.186,-9.821,-7.546,19.992,11.659,15.448,-4.362,-4.362,-4.355
0.0,-0.05,0.0,13.0332,8.9333,4.4515,1,7.4742,LOST,0.05,FORMATION_RECOVERY|GATE_YIELD|GATE_PASS,0,1,1,45.9,0.195,-9.821,-7.497,20.0,11.661,15.458,-4.361,-4.363,-4.356
0.0,-0.05,0.0,13.0435,8.8967,4.4843,1,7.4637,LOST,0.05,FORMATION_RECOVERY|GATE_YIELD|GATE_PASS,0,1,1,46.0,0.203,-9.822,-7.448,20.008,11.663,15.468,-4.361,-4.363,-4.356
0.0,-0.05,0.0,13.0535,8.8601,4.5175,1,7.4531,LOST,0.05,FORMATION_RECOVERY|GATE_YIELD|GATE_PASS,0,1,1,46.1,0.211,-9.823,-7.399,20.016,11.666,15.478,-4.361,-4.363,-4.357
0.0,-0.05,0.0,13.0628,8.8234,4.5505,1,7.4423,LOST,0.05,FORMATION_RECOVERY|GATE_YIELD|GATE_PASS,0,1,1,46.2,0.218,-9.823,-7.351,20.024,11.669,15.489,-4.361,-4.363,-4.357
0.0,-0.05,0.0,13.0715,8.7865,4.5837,1,7.4311,LOST,0.05,FORMATION_RECOVERY|GATE_YIELD|GATE_PASS,0,1,1,46.3,0.225,-9.824,-7.302,20.031,11.672,15.5,-4.361,-4.363,-4.357
0.0,-0.05,0.0,13.0797,8.7491,4.6174,1,7.4197,LOST,0.05,FORMATION_RECOVERY|GATE_YIELD|GATE_PASS,0,1,1,46.4,0.232,-9.824,-7.254,20.039,11.675,15.511,-4.361,-4.363,-4.357
0.0,-0.05,0.0,13.0875,8.7114,4.6512,1,7.408,LOST,0.05,FORMATION_RECOVERY|GATE_YIELD|GATE_PASS,0,1,1,46.5,0.238,-9.824,-7.206,20.047,11.678,15.522,-4.361,-4.363,-4.357
0.0,-0.05,0.0,13.0951,8.6734,4.6856,1,7.396,LOST,0.05,FORMATION_RECOVERY|GATE_YIELD|GATE_PASS,0,1,1,46.6,0.244,-9.823,-7.158,20.055,11.68,15.534,-4.361,-4.363,-4.357
0.0,-0.05,0.0,13.1021,8.635,4.7201,1,7.3836,LOST,0.05,FORMATION_RECOVERY|GATE_YIELD|GATE_PASS,0,1,1,46.7,0.249,-9.823,-7.11,20.062,11.683,15.546,-4.361,-4.363,-4.357
0.0,-0.05,0.0,13.1085,8.5963,4.7548,1,7.3711,LOST,0.05,FORMATION_RECOVERY|GATE_YIELD|GATE_PASS,0,1,1,46.8,0.255,-9.823,-7.062,20.07,11.686,15.558,-4.36,-4.362,-4.357
0.0,-0.05,0.0,13.1149,8.5572,4.7901,1,7.3585,LOST,0.05,FORMATION_RECOVERY|GATE_YIELD|GATE_PASS,0,1,1,46.9,0.259,-9.822,-7.015,20.077,11.689,15.57,-4.36,-4.362,-4.357
0.0,-0.05,0.0,13.1211,8.5176,4.826,1,7.3456,LOST,0.05,FORMATION_RECOVERY|GATE_YIELD|GATE_PASS,0,1,1,47.0,0.264,-9.822,-6.967,20.083,11.691,15.582,-4.36,-4.362,-4.357
0.0,-0.05,0.0,13.1271,8.4774,4.8627,1,7.3325,LOST,0.05,FORMATION_RECOVERY|GATE_YIELD|GATE_PASS,0,1,1,47.1,0.268,-9.823,-6.919,20.09,11.693,15.594,-4.359,-4.362,-4.357
0.0,-0.05,0.0,13.1331,8.4373,4.8995,1,7.3194,LOST,0.05,FORMATION_RECOVERY|GATE_YIELD|GATE_PASS,0,1,1,47.2,0.271,-9.823,-6.872,20.096,11.695,15.607,-4.359,-4.361,-4.357
0.0,-0.05,0.0,13.1386,8.3971,4.9363,1,7.306,LOST,0.05,FORMATION_RECOVERY|GATE_YIELD|GATE_PASS,0,1,1,47.3,0.275,-9.823,-6.825,20.103,11.698,15.619,-4.358,-4.361,-4.357
0.0,-0.05,0.0,13.1442,8.3568,4.9734,1,7.2927,LOST,0.05,FORMATION_RECOVERY|GATE_YIELD|GATE_PASS,0,1,1,47.4,0.278,-9.824,-6.777,20.11,11.7,15.631,-4.357,-4.361,-4.358
0.0,-0.05,0.0,13.1496,8.3163,5.0106,1,7.2791,LOST,0.05,FORMATION_RECOVERY|GATE_YIELD|GATE_PASS,0,1,1,47.5,0.282,-9.824,-6.73,20.116,11.703,15.643,-4.357,-4.36,-4.358
0.0,-0.05,0.0,13.1548,8.2757,5.0478,1,7.2653,LOST,0.05,FORMATION_RECOVERY|GATE_YIELD|GATE_PASS,0,1,1,47.6,0.285,-9.824,-6.682,20.122,11.705,15.655,-4.357,-4.36,-4.358
0.0,-0.05,0.0,13.1596,8.235,5.0851,1,7.2514,LOST,0.05,FORMATION_RECOVERY|GATE_YIELD|GATE_PASS,0,1,1,47.7,0.288,-9.824,-6.634,20.128,11.706,15.666,-4.356,-4.36,-4.358
0.0,-0.05,0.0,13.164,8.1939,5.1225,1,7.237,LOST,0.05,FORMATION_RECOVERY|GATE_YIELD|GATE_PASS,0,1,1,47.8,0.291,-9.824,-6.585,20.134,11.708,15.677,-4.356,-4.36,-4.358
0.0,-0.05,0.0,13.1684,8.1528,5.16,1,7.2227,LOST,0.05,FORMATION_RECOVERY|GATE_YIELD|GATE_PASS,0,1,1,47.9,0.293,-9.823,-6.537,20.14,11.71,15.688,-4.356,-4.36,-4.358
0.0,-0.05,0.0,13.1729,8.1117,5.1977,1,7.2086,LOST,0.05,FORMATION_RECOVERY|GATE_YIELD|GATE_PASS,0,1,1,48.0,0.296,-9.823,-6.488,20.145,11.712,15.699,-4.355,-4.36,-4.358
0.0,-0.05,0.0,13.1768,8.0704,5.2355,1,7.1942,LOST,0.05,FORMATION_RECOVERY|GATE_YIELD|GATE_PASS,0,1,1,48.1,0.299,-9.823,-6.439,20.15,11.714,15.709,-4.355,-4.36,-4.358
0.0,-0.05,0.0,13.1805,8.029,5.2731,1,7.1796,LOST,0.05,FORMATION_RECOVERY|GATE_YIELD|GATE_PASS,0,1,1,48.2,0.302,-9.823,-6.391,20.155,11.716,15.72,-4.355,-4.36,-4.358
0.0,-0.05,0.0,13.1838,7.9872,5.3109,1,7.1648,LOST,0.05,FORMATION_RECOVERY|GATE_YIELD|GATE_PASS,0,1,1,48.3,0.304,-9.823,-6.342,20.16,11.719,15.73,-4.355,-4.361,-4.359
0.0,-0.05,0.0,13.1869,7.9453,5.349,1,7.1499,LOST,0.05,FORMATION_RECOVERY|GATE_YIELD|GATE_PASS,0,1,1,48.4,0.306,-9.823,-6.293,20.165,11.721,15.74,-4.355,-4.361,-4.359
0.0,-0.05,0.0,13.1898,7.9032,5.3872,1,7.1348,LOST,0.05,FORMATION_RECOVERY|GATE_YIELD|GATE_PASS,0,1,1,48.5,0.308,-9.823,-6.244,20.17,11.723,15.75,-4.356,-4.361,-4.36
0.0,-0.05,0.0,13.1925,7.8609,5.4257,1,7.1194,LOST,0.05,FORMATION_RECOVERY|GATE_YIELD|GATE_PASS,0,1,1,48.6,0.309,-9.822,-6.195,20.174,11.724,15.759,-4.356,-4.361,-4.36
0.0,-0.05,0.0,13.1953,7.8186,5.4644,1,7.1038,LOST,0.05,FORMATION_RECOVERY|GATE_YIELD|GATE_PASS,0,1,1,48.7,0.31,-9.822,-6.146,20.178,11.725,15.769,-4.357,-4.36,-4.36
0.0,-0.05,0.0,13.1977,7.7764,5.503,1,7.0882,LOST,0.05,FORMATION_RECOVERY|GATE_YIELD|GATE_PASS,0,1,1,48.8,0.311,-9.822,-6.098,20.182,11.727,15.778,-4.357,-4.36,-4.361
0.0,-0.05,0.0,13.1999,7.7337,5.542,1,7.0723,LOST,0.05,FORMATION_RECOVERY|GATE_YIELD|GATE_PASS,0,1,1,48.9,0.312,-9.822,-6.049,20.186,11.728,15.787,-4.357,-4.36,-4.361
0.0,-0.05,0.0,13.2022,7.6907,5.5816,1,7.0563,LOST,0.05,FORMATION_RECOVERY|GATE_YIELD|GATE_PASS,0,1,1,49.0,0.312,-9.822,-6.0,20.19,11.729,15.796,-4.357,-4.359,-4.361
0.0,-0.05,0.0,13.2048,7.6481,5.6214,1,7.0406,LOST,0.05,FORMATION_RECOVERY|GATE_YIELD|GATE_PASS,0,1,1,49.1,0.313,-9.823,-5.951,20.194,11.729,15.805,-4.357,-4.359,-4.361
0.0,-0.05,0.0,13.2072,7.6054,5.6614,1,7.0248,LOST,0.05,FORMATION_RECOVERY|GATE_YIELD|GATE_PASS,0,1,1,49.2,0.313,-9.823,-5.902,20.197,11.73,15.815,-4.357,-4.358,-4.361
0.0,-0.05,0.0,13.2092,7.5626,5.7013,1,7.0089,LOST,0.05,FORMATION_RECOVERY|GATE_YIELD|GATE_PASS,0,1,1,49.3,0.314,-9.822,-5.853,20.201,11.731,15.824,-4.357,-4.358,-4.361
0.0,-0.05,0.0,13.2111,7.5199,5.7411,1,6.9929,LOST,0.05,FORMATION_RECOVERY|GATE_YIELD|GATE_PASS,0,1,1,49.4,0.315,-9.822,-5.804,20.204,11.732,15.832,-4.358,-4.358,-4.36
0.0,-0.05,0.0,13.2126,7.477,5.781,1,6.9768,LOST,0.05,FORMATION_RECOVERY|GATE_YIELD|GATE_PASS,1,1,1,49.5,0.316,-9.821,-5.754,20.207,11.733,15.842,-4.358,-4.357,-4.36
0.0,-0.05,0.0,13.214,7.4341,5.8211,1,6.9608,LOST,0.05,FORMATION_RECOVERY|GATE_YIELD|GATE_PASS,1,1,1,49.6,0.318,-9.82,-5.704,20.21,11.735,15.851,-4.358,-4.357,-4.359
0.0,-0.05,0.0,13.2155,7.3913,5.8615,1,6.945,LOST,0.05,FORMATION_RECOVERY|GATE_YIELD|GATE_PASS,1,1,1,49.7,0.319,-9.82,-5.655,20.213,11.736,15.861,-4.358,-4.357,-4.358
0.0,-0.05,0.0,13.2172,7.3488,5.9019,1,6.9294,LOST,0.05,FORMATION_RECOVERY|GATE_YIELD|GATE_PASS,1,1,1,49.8,0.321,-9.819,-5.606,20.215,11.737,15.87,-4.358,-4.357,-4.358
0.0,-0.05,0.0,13.2193,7.3066,5.9427,1,6.9138,LOST,0.05,FORMATION_RECOVERY|GATE_YIELD|GATE_PASS,1,1,1,49.9,0.322,-9.819,-5.557,20.218,11.738,15.879,-4.358,-4.356,-4.358
0.0,-0.05,0.0,13.222,7.2649,5.9837,1,6.8985,LOST,0.05,FORMATION_RECOVERY|GATE_YIELD|GATE_PASS,1,1,1,49.999,0.324,-9.818,-5.508,20.221,11.738,15.888,-4.358,-4.356,-4.358
0.0,-0.05,0.0,13.2246,7.2237,6.0244,1,6.8834,LOST,0.05,FORMATION_RECOVERY|GATE_YIELD|GATE_PASS,1,1,1,50.099,0.326,-9.818,-5.459,20.223,11.739,15.897,-4.359,-4.357,-4.358
0.0,-0.05,0.0,13.2273,7.1828,6.0651,1,6.8684,LOST,0.05,FORMATION_RECOVERY|GATE_YIELD|GATE_PASS,1,1,1,50.199,0.328,-9.818,-5.41,20.226,11.739,15.905,-4.359,-4.357,-4.357
0.0,-0.05,0.0,13.2298,7.1419,6.1057,1,6.8535,LOST,0.05,FORMATION_RECOVERY|GATE_YIELD|GATE_PASS,1,1,1,50.299,0.331,-9.817,-5.361,20.228,11.74,15.914,-4.359,-4.358,-4.357
0.0,-0.05,0.0,13.2323,7.1013,6.1462,1,6.8388,LOST,0.05,FORMATION_RECOVERY|GATE_YIELD|GATE_PASS,1,1,1,50.399,0.333,-9.817,-5.312,20.23,11.741,15.922,-4.36,-4.359,-4.357
0.0,-0.05,0.0,13.235,7.0612,6.1867,1,6.8242,LOST,0.05,FORMATION_RECOVERY|GATE_YIELD|GATE_PASS,1,1,1,50.499,0.336,-9.817,-5.263,20.233,11.742,15.931,-4.36,-4.36,-4.357
0.0,-0.05,0.0,13.2373,7.0212,6.2269,1,6.8094,LOST,0.05,FORMATION_RECOVERY|GATE_YIELD|GATE_PASS,1,1,1,50.599,0.339,-9.816,-5.215,20.235,11.744,15.939,-4.36,-4.36,-4.358
0.0,-0.05,0.0,13.2396,6.9809,6.2675,1,6.7945,LOST,0.05,FORMATION_RECOVERY|GATE_YIELD|GATE_PASS,1,1,1,50.699,0.341,-9.816,-5.165,20.238,11.745,15.947,-4.36,-4.361,-4.358
0.0,-0.05,0.0,13.2419,6.9403,6.3086,1,6.7795,LOST,0.05,FORMATION_RECOVERY|GATE_YIELD|GATE_PASS,1,1,1,50.799,0.343,-9.815,-5.116,20.24,11.746,15.956,-4.361,-4.361,-4.359
0.0,-0.05,0.0,13.244,6.8993,6.3501,1,6.7644,LOST,0.05,FORMATION_RECOVERY|GATE_YIELD|GATE_PASS,1,1,1,50.899,0.345,-9.815,-5.068,20.242,11.747,15.964,-4.361,-4.361,-4.359
0.0,-0.05,0.0,13.2461,6.8578,6.3924,1,6.7494,LOST,0.05,FORMATION_RECOVERY|GATE_YIELD|GATE_PASS,1,1,1,50.999,0.347,-9.816,-5.019,20.243,11.748,15.973,-4.361,-4.361,-4.359
0.0,-0.05,0.0,13.2484,6.8163,6.435,1,6.7342,LOST,0.05,FORMATION_RECOVERY|GATE_YIELD|GATE_PASS,1,1,1,51.099,0.349,-9.816,-4.97,20.245,11.749,15.982,-4.361,-4.361,-4.36
0.0,-0.05,0.0,13.2506,6.7751,6.4775,1,6.7191,LOST,0.05,FORMATION_RECOVERY|GATE_YIELD|GATE_PASS,1,1,1,51.199,0.351,-9.817,-4.921,20.247,11.75,15.991,-4.361,-4.361,-4.36
0.0,-0.05,0.0,13.2523,6.7339,6.5196,1,6.7035,LOST,0.05,FORMATION_RECOVERY|GATE_YIELD|GATE_PASS,1,1,1,51.299,0.352,-9.816,-4.872,20.248,11.75,15.999,-4.36,-4.36,-4.361
0.0,-0.05,0.0,13.2536,6.6928,6.5614,1,6.6877,LOST,0.05,FORMATION_RECOVERY|GATE_YIELD|GATE_PASS,1,1,1,51.399,0.354,-9.816,-4.823,20.25,11.751,16.008,-4.36,-4.36,-4.362
0.0,-0.05,0.0,13.2552,6.6514,6.604,1,6.6718,LOST,0.05,FORMATION_RECOVERY|GATE_YIELD|GATE_PASS,1,1,1,51.499,0.355,-9.815,-4.774,20.252,11.751,16.017,-4.36,-4.36,-4.362
0.0,-0.05,0.0,13.2566,6.6093,6.6473,1,6.6555,LOST,0.05,FORMATION_RECOVERY|GATE_YIELD|GATE_PASS,1,1,1,51.599,0.355,-9.815,-4.724,20.255,11.751,16.026,-4.359,-4.36,-4.362
0.0,-0.05,0.0,13.2579,6.5671,6.6909,1,6.639,LOST,0.05,FORMATION_RECOVERY|GATE_YIELD|GATE_PASS,1,1,1,51.699,0.355,-9.815,-4.675,20.257,11.752,16.035,-4.359,-4.36,-4.362
0.0,-0.05,0.0,13.26,6.5256,6.7346,1,6.6226,LOST,0.05,FORMATION_RECOVERY|GATE_YIELD|GATE_PASS,1,1,1,51.799,0.355,-9.815,-4.626,20.26,11.752,16.044,-4.359,-4.36,-4.362
0.0,-0.05,0.0,13.2627,6.4846,6.7788,1,6.6063,LOST,0.05,FORMATION_RECOVERY|GATE_YIELD|GATE_PASS,1,1,1,51.899,0.355,-9.815,-4.576,20.264,11.752,16.053,-4.359,-4.36,-4.362
0.0,-0.05,0.0,13.2656,6.4441,6.8228,1,6.5899,LOST,0.05,FORMATION_RECOVERY|GATE_YIELD|GATE_PASS,1,1,1,51.999,0.355,-9.816,-4.526,20.269,11.753,16.062,-4.359,-4.36,-4.362
0.0,-0.05,0.0,13.2689,6.4044,6.8667,1,6.5736,LOST,0.05,FORMATION_RECOVERY|GATE_YIELD|GATE_PASS,1,1,1,52.099,0.354,-9.817,-4.477,20.275,11.753,16.071,-4.358,-4.36,-4.362
0.0,-0.05,0.0,13.2723,6.3653,6.9104,1,6.5572,LOST,0.05,FORMATION_RECOVERY|GATE_YIELD|GATE_PASS,1,1,1,52.199,0.353,-9.817,-4.428,20.281,11.754,16.079,-4.358,-4.36,-4.362
0.0,-0.05,0.0,13.2764,6.3275,6.9537,1,6.5409,LOST,0.05,FORMATION_RECOVERY|GATE_YIELD|GATE_PASS,1,1,1,52.299,0.353,-9.818,-4.378,20.289,11.755,16.087,-4.358,-4.36,-4.363
0.0,-0.05,0.0,13.2813,6.2909,6.997,1,6.5245,LOST,0.05,FORMATION_RECOVERY|GATE_YIELD|GATE_PASS,1,1,1,52.399,0.352,-9.818,-4.329,20.298,11.756,16.094,-4.357,-4.359,-4.363
0.0,-0.05,0.0,13.2864,6.2547,7.0402,1,6.5081,LOST,0.05,FORMATION_RECOVERY|GATE_YIELD|GATE_PASS,1,1,1,52.499,0.351,-9.818,-4.28,20.307,11.756,16.102,-4.357,-4.359,-4.363
0.0,-0.05,0.0,13.2914,6.2188,7.0835,1,6.4918,LOST,0.05,FORMATION_RECOVERY|GATE_YIELD|GATE_PASS,1,1,1,52.599,0.35,-9.819,-4.23,20.316,11.757,16.109,-4.357,-4.359,-4.363
0.0,-0.05,0.0,13.2965,6.1833,7.1268,1,6.4754,LOST,0.05,FORMATION_RECOVERY|GATE_YIELD|GATE_PASS,0,1,1,52.699,0.348,-9.819,-4.181,20.326,11.757,16.116,-4.356,-4.358,-4.363
0.0,-0.05,0.0,13.3016,6.1481,7.17,1,6.4591,LOST,0.05,FORMATION_RECOVERY|GATE_YIELD|GATE_PASS,0,1,1,52.799,0.347,-9.819,-4.132,20.335,11.757,16.124,-4.356,-4.358,-4.363
0.0,-0.05,0.0,13.3064,6.1132,7.2128,1,6.4426,LOST,0.05,FORMATION_RECOVERY|GATE_YIELD|GATE_PASS,0,1,1,52.899,0.346,-9.819,-4.083,20.344,11.758,16.131,-4.357,-4.357,-4.363
0.0,-0.05,0.0,13.3113,6.0789,7.2556,1,6.4265,LOST,0.05,FORMATION_RECOVERY|GATE_YIELD|GATE_PASS,0,1,1,52.999,0.345,-9.819,-4.034,20.354,11.758,16.138,-4.358,-4.357,-4.363
0.0,-0.05,0.0,13.316,6.0445,7.2984,1,6.4103,LOST,0.05,FORMATION_RECOVERY|GATE_YIELD|GATE_PASS,0,1,1,53.099,0.345,-9.819,-3.985,20.363,11.759,16.145,-4.358,-4.357,-4.363
0.0,-0.05,0.0,13.3199,6.0096,7.3412,1,6.3936,LOST,0.05,FORMATION_RECOVERY|GATE_YIELD|GATE_PASS,0,1,1,53.199,0.343,-9.818,-3.936,20.372,11.76,16.152,-4.359,-4.357,-4.363
0.0,-0.05,0.0,13.3235,5.9752,7.3837,1,6.377,LOST,0.05,FORMATION_RECOVERY|GATE_YIELD|GATE_PASS,0,1,1,53.299,0.342,-9.818,-3.887,20.38,11.761,16.159,-4.359,-4.357,-4.363
0.0,-0.05,0.0,13.3274,5.941,7.4265,1,6.3607,LOST,0.05,FORMATION_RECOVERY|GATE_YIELD|GATE_PASS,0,1,1,53.399,0.342,-9.817,-3.837,20.388,11.762,16.166,-4.359,-4.357,-4.363
0.0,-0.05,0.0,13.3314,5.9066,7.4697,1,6.3445,LOST,0.05,FORMATION_RECOVERY|GATE_YIELD|GATE_PASS,0,1,1,53.499,0.342,-9.816,-3.788,20.396,11.763,16.173,-4.36,-4.357,-4.363
0.0,-0.05,0.0,13.3354,5.8725,7.513,1,6.3284,LOST,0.05,FORMATION_RECOVERY|GATE_YIELD|GATE_PASS,0,1,1,53.599,0.342,-9.816,-3.738,20.403,11.763,16.179,-4.36,-4.358,-4.363
0.0,-0.05,0.0,13.3395,5.8387,7.5563,1,6.3125,LOST,0.05,FORMATION_RECOVERY|GATE_YIELD|GATE_PASS,0,1,1,53.699,0.342,-9.816,-3.689,20.41,11.764,16.186,-4.36,-4.358,-4.363
0.0,-0.05,0.0,13.3431,5.8046,7.5996,1,6.2964,LOST,0.05,FORMATION_RECOVERY|GATE_YIELD|GATE_PASS,0,1,1,53.799,0.342,-9.816,-3.64,20.417,11.765,16.193,-4.36,-4.359,-4.363
0.0,-0.05,0.0,13.3467,5.7705,7.6433,1,6.2803,LOST,0.05,FORMATION_RECOVERY|GATE_YIELD|GATE_PASS,0,1,1,53.899,0.342,-9.815,-3.59,20.424,11.765,16.2,-4.36,-4.359,-4.363
0.0,-0.05,0.0,13.35,5.7363,7.6872,1,6.264,LOST,0.05,FORMATION_RECOVERY|GATE_YIELD|GATE_PASS,0,1,1,53.999,0.341,-9.815,-3.54,20.43,11.766,16.207,-4.36,-4.359,-4.363
0.0,-0.05,0.0,13.3518,5.7007,7.7311,1,6.2475,LOST,0.05,FORMATION_RECOVERY|GATE_YIELD|GATE_PASS,0,1,1,54.099,0.341,-9.815,-3.49,20.435,11.768,16.214,-4.36,-4.359,-4.363
0.0,-0.05,0.0,13.3522,5.6639,7.7748,1,6.2308,LOST,0.05,FORMATION_RECOVERY|GATE_YIELD|GATE_PASS,0,1,1,54.199,0.342,-9.814,-3.44,20.437,11.769,16.221,-4.361,-4.358,-4.363
0.0,-0.05,0.0,13.3517,5.6259,7.8187,1,6.2143,LOST,0.05,FORMATION_RECOVERY|GATE_YIELD|GATE_PASS,0,1,1,54.299,0.343,-9.814,-3.391,20.437,11.77,16.228,-4.361,-4.357,-4.363
0.0,-0.05,0.0,13.3505,5.5875,7.8624,1,6.1979,LOST,0.05,FORMATION_RECOVERY|GATE_YIELD|GATE_PASS,0,1,1,54.399,0.344,-9.813,-3.341,20.435,11.77,16.235,-4.361,-4.357,-4.363
0.0,-0.05,0.0,13.3486,5.5481,7.9064,1,6.1816,LOST,0.05,FORMATION_RECOVERY|GATE_YIELD|GATE_PASS,0,1,1,54.499,0.345,-9.813,-3.291,20.432,11.771,16.242,-4.361,-4.356,-4.362
0.0,-0.05,0.0,13.3472,5.5093,7.9506,1,6.1653,LOST,0.05,FORMATION_RECOVERY|GATE_YIELD|GATE_PASS,0,1,1,54.599,0.346,-9.812,-3.242,20.43,11.772,16.249,-4.362,-4.356,-4.362
0.0,-0.05,0.0,13.3454,5.4705,7.9945,1,6.1488,LOST,0.05,FORMATION_RECOVERY|GATE_YIELD|GATE_PASS,0,1,1,54.699,0.348,-9.811,-3.192,20.427,11.773,16.257,-4.362,-4.355,-4.361
0.0,-0.05,0.0,13.3428,5.4312,8.0381,1,6.1324,LOST,0.05,FORMATION_RECOVERY|GATE_YIELD|GATE_PASS,0,1,1,54.799,0.349,-9.81,-3.143,20.424,11.774,16.264,-4.363,-4.355,-4.361
0.0,-0.05,0.0,13.3397,5.3919,8.0815,1,6.1161,LOST,0.05,FORMATION_RECOVERY|GATE_YIELD|GATE_PASS,0,1,1,54.899,0.351,-9.809,-3.093,20.42,11.776,16.272,-4.364,-4.354,-4.361
0.0,-0.05,0.0,13.336,5.3523,8.1246,1,6.0997,LOST,0.05,FORMATION_RECOVERY|GATE_YIELD|GATE_PASS,0,1,1,54.999,0.353,-9.807,-3.044,20.415,11.777,16.279,-4.364,-4.354,-4.362
0.0,-0.05,0.0,13.3323,5.3125,8.1683,1,6.0832,LOST,0.05,FORMATION_RECOVERY|GATE_YIELD|GATE_PASS,0,1,1,55.099,0.355,-9.806,-2.995,20.41,11.779,16.287,-4.365,-4.354,-4.362
0.0,-0.05,0.0,13.3287,5.2723,8.2123,1,6.0667,LOST,0.05,FORMATION_RECOVERY|GATE_YIELD|GATE_PASS,0,1,1,55.199,0.356,-9.805,-2.945,20.405,11.78,16.295,-4.365,-4.354,-4.361
0.0,-0.05,0.0,13.325,5.2323,8.2563,1,6.0503,LOST,0.05,FORMATION_RECOVERY|GATE_YIELD|GATE_PASS,0,1,1,55.299,0.358,-9.804,-2.896,20.4,11.781,16.302,-4.365,-4.354,-4.361
0.0,-0.05,0.0,13.3212,5.1923,8.3003,1,6.0336,LOST,0.05,FORMATION_RECOVERY|GATE_YIELD|GATE_PASS,0,1,1,55.399,0.36,-9.803,-2.847,20.394,11.781,16.31,-4.365,-4.354,-4.36
0.0,-0.05,0.0,13.3173,5.1519,8.3451,1,6.0168,LOST,0.05,FORMATION_RECOVERY|GATE_YIELD|GATE_PASS,0,1,1,55.499,0.361,-9.802,-2.797,20.389,11.782,16.318,-4.365,-4.354,-4.359
0.0,-0.05,0.0,13.3135,5.1114,8.3902,1,5.9998,LOST,0.05,FORMATION_RECOVERY|GATE_YIELD|GATE_PASS,0,1,1,55.599,0.362,-9.801,-2.747,20.383,11.783,16.326,-4.365,-4.353,-4.359
0.0,-0.05,0.0,13.3097,5.0708,8.4358,1,5.9827,LOST,0.05,FORMATION_RECOVERY|GATE_YIELD|GATE_PASS,0,1,1,55.699,0.363,-9.801,-2.698,20.378,11.784,16.335,-4.365,-4.353,-4.358
0.0,-0.05,0.0,13.3063,5.0306,8.4816,1,5.9658,LOST,0.05,FORMATION_RECOVERY|GATE_YIELD|GATE_PASS,0,1,1,55.799,0.363,-9.8,-2.648,20.373,11.785,16.343,-4.364,-4.353,-4.357
0.0,-0.05,0.0,13.3033,4.9908,8.5276,1,5.9491,LOST,0.05,FORMATION_RECOVERY|GATE_YIELD|GATE_PASS,0,1,1,55.899,0.365,-9.8,-2.598,20.368,11.785,16.351,-4.365,-4.353,-4.357
0.0,-0.05,0.0,13.3007,4.9522,8.5732,1,5.9326,LOST,0.05,FORMATION_RECOVERY|GATE_YIELD|GATE_PASS,0,1,1,55.999,0.366,-9.8,-2.548,20.364,11.786,16.359,-4.365,-4.353,-4.357
0.0,-0.05,0.0,13.2922,4.9141,8.6122,1,5.9137,LOST,0.05,FORMATION_RECOVERY|GATE_PASS|GATE_PASS,0,1,1,56.099,0.367,-9.792,-2.498,20.36,11.789,16.368,-4.365,-4.353,-4.357
0.0,-0.05,0.0,13.2755,4.8767,8.6422,1,5.8914,LOST,0.05,FORMATION_RECOVERY|GATE_PASS|GATE_PASS,0,1,1,56.199,0.369,-9.775,-2.448,20.357,11.792,16.376,-4.364,-4.354,-4.358
0.0,-0.05,0.0,13.2517,4.8396,8.6645,1,5.8663,LOST,0.05,FORMATION_RECOVERY|GATE_PASS|GATE_PASS,0,1,1,56.299,0.369,-9.749,-2.398,20.354,11.797,16.384,-4.365,-4.356,-4.358
0.0,-0.05,0.0,13.2226,4.8031,8.6809,1,5.8389,LOST,0.05,FORMATION_RECOVERY|GATE_PASS|GATE_PASS,0,1,1,56.399,0.37,-9.717,-2.349,20.351,11.803,16.392,-4.365,-4.357,-4.359
0.0,-0.05,0.0,13.1889,4.767,8.6921,1,5.8098,LOST,0.05,FORMATION_RECOVERY|GATE_PASS|GATE_PASS,0,1,1,56.499,0.371,-9.68,-2.299,20.349,11.81,16.4,-4.365,-4.358,-4.36
0.0,-0.05,0.0,13.1516,4.731,8.6996,1,5.779,LOST,0.05,FORMATION_RECOVERY|GATE_PASS|GATE_PASS,0,1,1,56.599,0.372,-9.638,-2.249,20.346,11.816,16.408,-4.365,-4.359,-4.36
0.0,-0.05,0.0,13.1114,4.6955,8.7039,1,5.7469,LOST,0.05,FORMATION_RECOVERY|GATE_PASS|GATE_PASS,0,1,1,56.699,0.372,-9.593,-2.199,20.344,11.824,16.415,-4.365,-4.36,-4.36
0.0,-0.05,0.0,13.0693,4.6603,8.7057,1,5.7142,LOST,0.05,FORMATION_RECOVERY|GATE_PASS|GATE_PASS,0,1,1,56.799,0.373,-9.545,-2.149,20.342,11.831,16.423,-4.364,-4.361,-4.36
0.0,-0.05,0.0,13.0261,4.626,8.7055,1,5.6811,LOST,0.05,FORMATION_RECOVERY|GATE_PASS|GATE_PASS,0,1,1,56.899,0.374,-9.495,-2.099,20.341,11.839,16.431,-4.363,-4.362,-4.36
0.0,-0.05,0.0,12.9813,4.592,8.7036,1,5.6473,LOST,0.05,FORMATION_RECOVERY|GATE_PASS|GATE_PASS,0,1,1,56.999,0.375,-9.443,-2.05,20.339,11.847,16.44,-4.362,-4.363,-4.361
0.0,-0.05,0.0,12.9352,4.5582,8.7004,1,5.6127,LOST,0.05,FORMATION_RECOVERY|GATE_PASS|GATE_PASS,0,1,1,57.099,0.375,-9.389,-2.0,20.338,11.855,16.448,-4.362,-4.363,-4.361
0.0,-0.05,0.0,12.8885,4.5247,8.6965,1,5.5778,LOST,0.05,FORMATION_RECOVERY|GATE_PASS|GATE_PASS,0,1,1,57.199,0.376,-9.335,-1.951,20.337,11.863,16.456,-4.361,-4.363,-4.361
0.0,-0.05,0.0,12.8412,4.4912,8.6923,1,5.5425,LOST,0.05,FORMATION_RECOVERY|GATE_PASS|GATE_PASS,0,1,1,57.299,0.375,-9.281,-1.901,20.336,11.871,16.465,-4.361,-4.364,-4.361
0.0,-0.05,0.0,12.7936,4.4581,8.6878,1,5.5072,LOST,0.05,FORMATION_RECOVERY|GATE_PASS|GATE_PASS,0,1,1,57.399,0.375,-9.226,-1.852,20.335,11.88,16.473,-4.361,-4.364,-4.361
0.0,-0.05,0.0,12.7457,4.4256,8.6828,1,5.472,LOST,0.05,FORMATION_RECOVERY|GATE_PASS|GATE_PASS,0,1,1,57.499,0.375,-9.172,-1.802,20.334,11.89,16.482,-4.361,-4.364,-4.362
0.0,-0.05,0.0,12.6975,4.3942,8.677,1,5.4369,LOST,0.05,FORMATION_RECOVERY|GATE_PASS|GATE_PASS,0,1,1,57.599,0.375,-9.118,-1.753,20.334,11.902,16.49,-4.361,-4.364,-4.362
0.0,-0.05,0.0,12.6486,4.3633,8.6707,1,5.4018,LOST,0.05,FORMATION_RECOVERY|GATE_PASS|GATE_PASS,0,1,1,57.699,0.375,-9.064,-1.704,20.334,11.915,16.498,-4.36,-4.363,-4.362
0.0,-0.05,0.0,12.5988,4.3328,8.6637,1,5.3668,LOST,0.05,FORMATION_RECOVERY|GATE_PASS|GATE_PASS,0,1,1,57.799,0.375,-9.011,-1.654,20.334,11.93,16.506,-4.36,-4.362,-4.362
0.0,-0.05,0.0,12.5482,4.3024,8.6565,1,5.332,LOST,0.05,FORMATION_RECOVERY|GATE_PASS|GATE_PASS,0,1,1,57.899,0.376,-8.958,-1.604,20.334,11.947,16.514,-4.359,-4.362,-4.362
0.0,-0.05,0.0,12.4971,4.2727,8.6487,1,5.2975,LOST,0.05,FORMATION_RECOVERY|GATE_PASS|GATE_PASS,0,1,1,57.999,0.376,-8.906,-1.555,20.334,11.966,16.523,-4.359,-4.361,-4.362
0.0,-0.05,0.0,12.4462,4.244,8.6409,1,5.2635,LOST,0.05,FORMATION_RECOVERY|GATE_PASS|FORMATION_RECOVERY,0,1,1,58.099,0.377,-8.855,-1.505,20.335,11.988,16.531,-4.358,-4.36,-4.362
0.0,-0.05,0.0,12.3949,4.2161,8.6328,1,5.23,LOST,0.05,FORMATION_RECOVERY|GATE_PASS|FORMATION_RECOVERY,0,1,1,58.199,0.377,-8.806,-1.456,20.335,12.011,16.538,-4.358,-4.36,-4.362
0.0,-0.05,0.0,12.3431,4.1887,8.6249,1,5.1967,LOST,0.05,FORMATION_RECOVERY|GATE_PASS|FORMATION_RECOVERY,0,1,1,58.299,0.378,-8.758,-1.407,20.336,12.036,16.546,-4.358,-4.359,-4.362
0.0,-0.05,0.0,12.2914,4.1619,8.6172,1,5.1639,LOST,0.05,FORMATION_RECOVERY|GATE_PASS|FORMATION_RECOVERY,0,1,1,58.399,0.378,-8.712,-1.357,20.336,12.063,16.553,-4.359,-4.359,-4.361
0.0,-0.05,0.0,12.2397,4.1354,8.6097,1,5.1317,LOST,0.05,FORMATION_RECOVERY|GATE_PASS|FORMATION_RECOVERY,0,1,1,58.499,0.379,-8.667,-1.308,20.336,12.091,16.561,-4.358,-4.358,-4.361
0.0,-0.05,0.0,12.1877,4.109,8.6028,1,5.0998,LOST,0.05,FORMATION_RECOVERY|GATE_PASS|FORMATION_RECOVERY,0,1,1,58.599,0.38,-8.623,-1.259,20.337,12.122,16.569,-4.358,-4.358,-4.361
0.0,-0.05,0.0,12.1356,4.0833,8.596,1,5.0685,LOST,0.05,FORMATION_RECOVERY|GATE_PASS|FORMATION_RECOVERY,0,1,1,58.699,0.38,-8.581,-1.21,20.337,12.154,16.576,-4.358,-4.357,-4.361
0.0,-0.05,0.0,12.0836,4.058,8.5895,1,5.0379,LOST,0.05,FORMATION_RECOVERY|GATE_PASS|FORMATION_RECOVERY,0,1,1,58.799,0.381,-8.541,-1.161,20.337,12.188,16.584,-4.357,-4.356,-4.361
0.0,-0.05,0.0,12.0315,4.0326,8.584,1,5.0076,LOST,0.05,FORMATION_RECOVERY|GATE_PASS|FORMATION_RECOVERY,0,1,1,58.899,0.383,-8.502,-1.112,20.338,12.224,16.592,-4.357,-4.356,-4.361
0.0,-0.05,0.0,11.9796,4.0076,8.5792,1,4.9777,LOST,0.05,FORMATION_RECOVERY|GATE_PASS|FORMATION_RECOVERY,0,1,1,58.999,0.384,-8.464,-1.063,20.338,12.261,16.6,-4.357,-4.356,-4.361
0.0,-0.05,0.0,11.9279,3.9828,8.5754,1,4.9639,LOST,0.05,FORMATION_RECOVERY|GATE_PASS|FORMATION_RECOVERY,0,1,1,59.099,0.385,-8.428,-1.013,20.337,12.299,16.608,-4.357,-4.356,-4.361
0.0,-0.05,0.0,11.8765,3.9586,8.5725,1,4.9556,LOST,0.05,FORMATION_RECOVERY|GATE_PASS|FORMATION_RECOVERY,0,1,1,59.199,0.386,-8.394,-0.964,20.337,12.339,16.616,-4.357,-4.355,-4.361
0.0,-0.05,0.0,11.825,3.935,8.5697,1,4.9479,LOST,0.05,FORMATION_RECOVERY|GATE_PASS|FORMATION_RECOVERY,0,1,1,59.299,0.387,-8.361,-0.915,20.337,12.38,16.623,-4.357,-4.355,-4.361
0.0,-0.05,0.0,11.7742,3.9135,8.5676,1,4.9411,LOST,0.05,FORMATION_RECOVERY|GATE_PASS|FORMATION_RECOVERY,0,1,1,59.399,0.388,-8.329,-0.866,20.338,12.422,16.63,-4.357,-4.355,-4.361
0.0,-0.05,0.0,11.7253,3.8948,8.5659,1,4.9351,LOST,0.05,FORMATION_RECOVERY|GATE_PASS|FORMATION_RECOVERY,0,1,1,59.499,0.389,-8.298,-0.817,20.341,12.465,16.637,-4.358,-4.355,-4.361
0.0,-0.05,0.0,11.6776,3.8788,8.5647,1,4.9298,LOST,0.05,FORMATION_RECOVERY|GATE_PASS|FORMATION_RECOVERY,0,1,1,59.599,0.389,-8.268,-0.768,20.345,12.508,16.643,-4.358,-4.355,-4.362
0.0,-0.05,0.0,11.6311,3.8651,8.5642,1,4.9253,LOST,0.05,FORMATION_RECOVERY|GATE_PASS|FORMATION_RECOVERY,0,1,1,59.699,0.389,-8.24,-0.719,20.351,12.552,16.648,-4.358,-4.355,-4.362
0.0,-0.05,0.0,11.5853,3.8529,8.5647,1,4.9213,LOST,0.05,FORMATION_RECOVERY|GATE_PASS|FORMATION_RECOVERY,0,1,1,59.799,0.389,-8.212,-0.669,20.358,12.596,16.653,-4.358,-4.354,-4.362
0.0,-0.05,0.0,11.5398,3.8423,8.5655,1,4.9176,LOST,0.05,FORMATION_RECOVERY|GATE_PASS|FORMATION_RECOVERY,0,1,1,59.899,0.389,-8.184,-0.619,20.366,12.64,16.658,-4.358,-4.354,-4.362
0.0,-0.05,0.0,11.4944,3.8328,8.5667,1,4.9141,LOST,0.05,FORMATION_RECOVERY|GATE_PASS|FORMATION_RECOVERY,0,1,1,59.999,0.388,-8.156,-0.569,20.374,12.685,16.662,-4.358,-4.353,-4.362
0.0,-0.05,0.0,11.4485,3.8239,8.5683,1,4.9108,LOST,0.05,FORMATION_RECOVERY|GATE_PASS|FORMATION_RECOVERY,0,1,1,60.099,0.386,-8.129,-0.519,20.382,12.73,16.667,-4.358,-4.353,-4.362
0.0,-0.05,0.0,11.4027,3.8156,8.5705,1,4.9078,LOST,0.05,FORMATION_RECOVERY|GATE_PASS|FORMATION_RECOVERY,0,1,1,60.199,0.385,-8.102,-0.469,20.391,12.775,16.672,-4.359,-4.352,-4.362
0.0,-0.05,0.0,11.3575,3.8082,8.5737,1,4.9052,LOST,0.05,FORMATION_RECOVERY|GATE_PASS|FORMATION_RECOVERY,0,1,1,60.299,0.383,-8.076,-0.418,20.4,12.82,16.677,-4.359,-4.352,-4.361
0.0,-0.05,0.0,11.3122,3.8011,8.5777,1,4.903,LOST,0.05,FORMATION_RECOVERY|GATE_PASS|FORMATION_RECOVERY,0,1,1,60.399,0.381,-8.05,-0.368,20.408,12.865,16.682,-4.36,-4.352,-4.361
0.0,-0.05,0.0,11.2667,3.7942,8.5821,1,4.9011,LOST,0.05,FORMATION_RECOVERY|GATE_PASS|FORMATION_RECOVERY,0,1,1,60.499,0.379,-8.024,-0.317,20.416,12.911,16.686,-4.36,-4.351,-4.36
0.0,-0.05,0.0,11.2208,3.7877,8.5869,1,4.8994,LOST,0.05,FORMATION_RECOVERY|GATE_PASS|FORMATION_RECOVERY,0,1,1,60.599,0.376,-7.998,-0.267,20.424,12.956,16.691,-4.361,-4.351,-4.359
0.0,-0.05,0.0,11.1746,3.7817,8.5918,1,4.8976,LOST,0.05,FORMATION_RECOVERY|GATE_PASS|FORMATION_RECOVERY,0,1,1,60.699,0.373,-7.973,-0.216,20.432,13.001,16.696,-4.362,-4.351,-4.358
0.0,-0.05,0.0,11.1282,3.7765,8.5968,1,4.896,LOST,0.05,FORMATION_RECOVERY|GATE_PASS|FORMATION_RECOVERY,0,1,1,60.799,0.371,-7.947,-0.166,20.439,13.046,16.701,-4.363,-4.351,-4.358
0.0,-0.05,0.0,11.0816,3.7716,8.602,1,4.8947,LOST,0.05,FORMATION_RECOVERY|GATE_PASS|FORMATION_RECOVERY,0,1,1,60.899,0.368,-7.922,-0.116,20.445,13.092,16.705,-4.364,-4.35,-4.358
0.0,-0.05,0.0,11.0348,3.7675,8.6073,1,4.8935,LOST,0.05,FORMATION_RECOVERY|GATE_PASS|FORMATION_RECOVERY,0,1,1,60.999,0.365,-7.897,-0.066,20.452,13.137,16.709,-4.365,-4.351,-4.357
0.0,-0.05,0.0,10.9882,3.7641,8.613,1,4.8925,LOST,0.05,FORMATION_RECOVERY|GATE_PASS|FORMATION_RECOVERY,0,1,1,61.099,0.362,-7.872,-0.016,20.459,13.183,16.714,-4.366,-4.351,-4.357
0.0,-0.05,0.0,10.9413,3.7611,8.6195,1,4.8918,LOST,0.05,FORMATION_RECOVERY|GATE_PASS|FORMATION_RECOVERY,0,1,1,61.199,0.359,-7.847,0.034,20.465,13.228,16.718,-4.366,-4.352,-4.357
0.0,-0.05,0.0,10.8936,3.7578,8.6266,1,4.8913,LOST,0.05,FORMATION_RECOVERY|GATE_PASS|FORMATION_RECOVERY,0,1,1,61.299,0.356,-7.823,0.085,20.47,13.274,16.722,-4.366,-4.353,-4.357
0.0,-0.05,0.0,10.8457,3.7544,8.6346,1,4.8913,LOST,0.05,FORMATION_RECOVERY|GATE_PASS|FORMATION_RECOVERY,0,1,1,61.399,0.352,-7.799,0.135,20.474,13.319,16.726,-4.366,-4.354,-4.357
0.0,-0.05,0.0,10.7978,3.7512,8.6432,1,4.8915,LOST,0.05,FORMATION_RECOVERY|GATE_PASS|FORMATION_RECOVERY,0,1,1,61.499,0.348,-7.775,0.186,20.478,13.364,16.731,-4.366,-4.355,-4.357
0.0,-0.05,0.0,10.7493,3.7482,8.6521,1,4.8917,LOST,0.05,FORMATION_RECOVERY|GATE_PASS|FORMATION_RECOVERY,0,1,1,61.599,0.344,-7.751,0.236,20.482,13.409,16.735,-4.365,-4.357,-4.357
0.0,-0.05,0.0,10.7003,3.7453,8.6608,1,4.8917,LOST,0.05,FORMATION_RECOVERY|GATE_PASS|FORMATION_RECOVERY,0,1,1,61.699,0.339,-7.727,0.287,20.485,13.454,16.74,-4.365,-4.358,-4.357
0.0,-0.05,0.0,10.6511,3.7426,8.67,1,4.8918,LOST,0.05,FORMATION_RECOVERY|GATE_PASS|FORMATION_RECOVERY,0,1,1,61.799,0.335,-7.702,0.337,20.488,13.499,16.745,-4.364,-4.359,-4.357
0.0,-0.05,0.0,10.6019,3.7402,8.6798,1,4.8924,LOST,0.05,FORMATION_RECOVERY|GATE_PASS|FORMATION_RECOVERY,0,1,1,61.899,0.331,-7.678,0.387,20.49,13.543,16.75,-4.363,-4.36,-4.357
0.0,-0.05,0.0,10.5524,3.7386,8.6899,1,4.8931,LOST,0.05,FORMATION_RECOVERY|GATE_PASS|FORMATION_RECOVERY,0,1,1,61.999,0.326,-7.655,0.438,20.492,13.588,16.756,-4.361,-4.361,-4.357
0.0,-0.05,0.0,10.503,3.7379,8.7001,1,4.894,LOST,0.05,FORMATION_RECOVERY|GATE_PASS|FORMATION_RECOVERY,0,1,1,62.099,0.321,-7.631,0.488,20.495,13.634,16.761,-4.36,-4.361,-4.356
0.0,-0.05,0.0,10.4538,3.7382,8.7098,1,4.8948,LOST,0.05,FORMATION_RECOVERY|GATE_PASS|FORMATION_RECOVERY,0,1,1,62.199,0.317,-7.607,0.537,20.497,13.678,16.765,-4.359,-4.362,-4.356
0.0,-0.05,0.0,10.4044,3.7392,8.7195,1,4.8956,LOST,0.05,FORMATION_RECOVERY|GATE_PASS|FORMATION_RECOVERY,0,1,1,62.299,0.312,-7.583,0.587,20.499,13.723,16.77,-4.358,-4.362,-4.356
0.0,-0.05,0.0,10.355,3.7411,8.7302,1,4.8968,LOST,0.05,FORMATION_RECOVERY|GATE_PASS|FORMATION_RECOVERY,0,1,1,62.399,0.308,-7.559,0.637,20.501,13.768,16.774,-4.358,-4.363,-4.356
0.0,-0.05,0.0,10.3062,3.7435,8.7416,1,4.8983,LOST,0.05,FORMATION_RECOVERY|GATE_PASS|FORMATION_RECOVERY,0,1,1,62.499,0.303,-7.535,0.687,20.503,13.812,16.779,-4.357,-4.362,-4.356
0.0,-0.05,0.0,10.2573,3.7465,8.7533,1,4.9001,LOST,0.05,FORMATION_RECOVERY|GATE_PASS|FORMATION_RECOVERY,0,1,1,62.599,0.299,-7.512,0.737,20.505,13.856,16.784,-4.357,-4.362,-4.356
0.0,-0.05,0.0,10.2085,3.7501,8.7649,1,4.9019,LOST,0.05,FORMATION_RECOVERY|GATE_PASS|FORMATION_RECOVERY,0,1,1,62.699,0.294,-7.489,0.787,20.507,13.901,16.789,-4.356,-4.362,-4.356
0.0,-0.05,0.0,10.1597,3.7543,8.7768,1,4.9039,LOST,0.05,FORMATION_RECOVERY|GATE_PASS|FORMATION_RECOVERY,0,1,1,62.799,0.29,-7.465,0.836,20.509,13.945,16.795,-4.356,-4.362,-4.356
0.0,-0.05,0.0,10.1109,3.7592,8.789,1,4.9061,LOST,0.05,FORMATION_RECOVERY|GATE_PASS|FORMATION_RECOVERY,0,1,1,62.899,0.286,-7.442,0.886,20.511,13.99,16.8,-4.357,-4.361,-4.355
0.0,-0.05,0.0,10.0616,3.7647,8.8015,1,4.9085,LOST,0.05,FORMATION_RECOVERY|GATE_PASS|FORMATION_RECOVERY,0,1,1,62.999,0.281,-7.418,0.936,20.512,14.034,16.805,-4.357,-4.361,-4.355
0.0,-0.05,0.0,10.0123,3.7709,8.8141,1,4.9111,LOST,0.05,FORMATION_RECOVERY|GATE_PASS|FORMATION_RECOVERY,0,1,1,63.099,0.277,-7.394,0.986,20.513,14.079,16.81,-4.357,-4.36,-4.355
0.0,-0.05,0.0,9.9631,3.7775,8.8274,1,4.9139,LOST,0.05,FORMATION_RECOVERY|GATE_PASS|FORMATION_RECOVERY,0,1,1,63.199,0.273,-7.371,1.036,20.514,14.124,16.815,-4.358,-4.36,-4.355
0.0,-0.05,0.0,9.914,3.7847,8.841,1,4.917,LOST,0.05,FORMATION_RECOVERY|GATE_PASS|FORMATION_RECOVERY,0,1,1,63.299,0.268,-7.348,1.086,20.516,14.169,16.821,-4.358,-4.359,-4.355
0.0,-0.05,0.0,9.865,3.7922,8.8552,1,4.9202,LOST,0.05,FORMATION_RECOVERY|GATE_PASS|FORMATION_RECOVERY,0,1,1,63.399,0.264,-7.324,1.136,20.517,14.214,16.827,-4.359,-4.359,-4.355
0.0,-0.05,0.0,9.8162,3.8009,8.8699,1,4.9236,LOST,0.05,FORMATION_RECOVERY|GATE_PASS|FORMATION_RECOVERY,0,1,1,63.499,0.259,-7.301,1.187,20.519,14.258,16.833,-4.359,-4.359,-4.355
0.0,-0.05,0.0,9.767,3.8104,8.8844,1,4.9268,LOST,0.05,FORMATION_RECOVERY|GATE_PASS|FORMATION_RECOVERY,0,1,1,63.599,0.254,-7.278,1.237,20.52,14.302,16.838,-4.359,-4.358,-4.355
0.0,-0.05,0.0,9.7175,3.8208,8.8984,1,4.93,LOST,0.05,FORMATION_RECOVERY|GATE_PASS|FORMATION_RECOVERY,0,1,1,63.699,0.249,-7.255,1.286,20.521,14.346,16.843,-4.359,-4.358,-4.354
0.0,-0.05,0.0,9.6675,3.8319,8.9122,1,4.9332,LOST,0.05,FORMATION_RECOVERY|GATE_PASS|FORMATION_RECOVERY,0,1,1,63.799,0.244,-7.231,1.336,20.521,14.391,16.848,-4.36,-4.358,-4.354
0.0,-0.05,0.0,9.6175,3.8435,8.9264,1,4.9366,LOST,0.05,FORMATION_RECOVERY|GATE_PASS|FORMATION_RECOVERY,0,1,1,63.899,0.239,-7.208,1.385,20.522,14.436,16.853,-4.36,-4.358,-4.354
0.0,-0.05,0.0,9.5678,3.8557,8.9411,1,4.9403,LOST,0.05,FORMATION_RECOVERY|GATE_PASS|FORMATION_RECOVERY,0,1,1,63.999,0.234,-7.185,1.434,20.523,14.48,16.859,-4.36,-4.357,-4.355
0.0,-0.05,0.0,9.5183,3.8686,8.9561,1,4.9442,LOST,0.05,FORMATION_RECOVERY|GATE_PASS|FORMATION_RECOVERY,0,1,1,64.099,0.229,-7.161,1.484,20.524,14.525,16.864,-4.359,-4.357,-4.356
0.0,-0.05,0.0,9.4688,3.8819,8.9717,1,4.9485,LOST,0.05,FORMATION_RECOVERY|GATE_PASS|FORMATION_RECOVERY,0,1,1,64.199,0.224,-7.138,1.534,20.524,14.57,16.87,-4.359,-4.357,-4.356
0.0,-0.05,0.0,9.4193,3.8954,8.9875,1,4.953,LOST,0.05,FORMATION_RECOVERY|GATE_PASS|FORMATION_RECOVERY,0,1,1,64.299,0.219,-7.115,1.583,20.525,14.614,16.876,-4.359,-4.357,-4.357
0.0,-0.05,0.0,9.3704,3.9092,9.0037,1,4.9578,LOST,0.05,FORMATION_RECOVERY|GATE_PASS|FORMATION_RECOVERY,0,1,1,64.399,0.215,-7.092,1.633,20.525,14.659,16.882,-4.36,-4.357,-4.357
0.0,-0.05,0.0,9.3214,3.9238,9.0202,1,4.9627,LOST,0.05,FORMATION_RECOVERY|GATE_PASS|FORMATION_RECOVERY,0,1,1,64.499,0.211,-7.069,1.683,20.525,14.703,16.888,-4.36,-4.358,-4.358
0.0,-0.05,0.0,9.2727,3.9389,9.0365,1,4.9677,LOST,0.05,FORMATION_RECOVERY|GATE_PASS|FORMATION_RECOVERY,0,1,1,64.599,0.207,-7.045,1.733,20.525,14.747,16.893,-4.361,-4.359,-4.358
0.0,-0.05,0.0,9.2243,3.9554,9.0533,1,4.9727,LOST,0.05,FORMATION_RECOVERY|GATE_PASS|FORMATION_RECOVERY,0,1,1,64.699,0.203,-7.022,1.783,20.526,14.791,16.899,-4.361,-4.359,-4.358
0.0,-0.05,0.0,9.1757,3.973,9.07,1,4.9779,LOST,0.05,FORMATION_RECOVERY|GATE_PASS|FORMATION_RECOVERY,0,1,1,64.799,0.199,-6.998,1.833,20.526,14.835,16.905,-4.361,-4.36,-4.359
0.0,-0.05,0.0,9.1267,3.9914,9.0866,1,4.9829,LOST,0.05,FORMATION_RECOVERY|GATE_PASS|FORMATION_RECOVERY,0,1,1,64.899,0.195,-6.974,1.883,20.527,14.879,16.91,-4.362,-4.36,-4.359
0.0,-0.05,0.0,9.078,4.0106,9.1032,1,4.9881,LOST,0.05,FORMATION_RECOVERY|GATE_PASS|FORMATION_RECOVERY,0,1,1,64.999,0.191,-6.951,1.932,20.528,14.923,16.915,-4.362,-4.361,-4.359
0.0,-0.05,0.0,9.0296,4.0307,9.12,1,4.9934,LOST,0.05,FORMATION_RECOVERY|GATE_PASS|FORMATION_RECOVERY,0,1,1,65.099,0.186,-6.927,1.981,20.529,14.967,16.92,-4.363,-4.362,-4.36
0.0,-0.05,0.0,8.9815,4.0516,9.1371,1,4.999,LOST,0.05,FORMATION_RECOVERY|GATE_PASS|FORMATION_RECOVERY,0,1,1,65.199,0.182,-6.904,2.031,20.53,15.011,16.925,-4.363,-4.362,-4.359
0.0,-0.05,0.0,8.9327,4.0727,9.1541,1,5.0042,LOST,0.05,FORMATION_RECOVERY|GATE_PASS|FORMATION_RECOVERY,0,1,1,65.299,0.178,-6.88,2.08,20.531,15.055,16.93,-4.364,-4.363,-4.359
0.0,-0.05,0.0,8.883,4.0942,9.1703,1,5.0087,LOST,0.05,FORMATION_RECOVERY|GATE_PASS|FORMATION_RECOVERY,0,1,1,65.399,0.173,-6.854,2.13,20.531,15.098,16.935,-4.365,-4.364,-4.359
0.0,-0.05,0.0,8.8325,4.1166,9.1854,1,5.0123,LOST,0.05,FORMATION_RECOVERY|GATE_PASS|FORMATION_RECOVERY,0,1,1,65.499,0.168,-6.828,2.18,20.531,15.14,16.939,-4.365,-4.365,-4.358
0.0,-0.05,0.0,8.7816,4.1397,9.1999,1,5.0153,LOST,0.05,FORMATION_RECOVERY|GATE_PASS|FORMATION_RECOVERY,0,1,1,65.599,0.163,-6.8,2.229,20.531,15.181,16.944,-4.366,-4.365,-4.358
0.0,-0.05,0.0,8.7299,4.1628,9.2135,1,5.0173,LOST,0.05,FORMATION_RECOVERY|GATE_PASS|FORMATION_RECOVERY,0,1,1,65.699,0.158,-6.771,2.279,20.531,15.222,16.949,-4.366,-4.366,-4.357
0.0,-0.05,0.0,8.6774,4.1858,9.2254,1,5.018,LOST,0.05,FORMATION_RECOVERY|GATE_PASS|FORMATION_RECOVERY,0,1,1,65.799,0.153,-6.74,2.328,20.531,15.261,16.955,-4.367,-4.367,-4.356
0.0,-0.05,0.0,8.6242,4.2088,9.2355,1,5.0172,LOST,0.05,FORMATION_RECOVERY|GATE_PASS|FORMATION_RECOVERY,0,1,1,65.899,0.149,-6.707,2.378,20.531,15.299,16.961,-4.367,-4.367,-4.356
0.0,-0.05,0.0,8.5706,4.2314,9.2439,1,5.0153,LOST,0.05,FORMATION_RECOVERY|GATE_PASS|FORMATION_RECOVERY,0,1,1,65.999,0.145,-6.673,2.426,20.53,15.336,16.967,-4.368,-4.368,-4.355
0.0,-0.05,0.0,8.5165,4.2543,9.2513,1,5.0125,LOST,0.05,FORMATION_RECOVERY|GATE_PASS|FORMATION_RECOVERY,0,1,1,66.099,0.141,-6.637,2.475,20.529,15.372,16.973,-4.368,-4.368,-4.355
0.0,-0.05,0.0,8.4619,4.2771,9.2583,1,5.0089,LOST,0.05,FORMATION_RECOVERY|GATE_PASS|FORMATION_RECOVERY,0,1,1,66.199,0.136,-6.6,2.524,20.527,15.406,16.979,-4.369,-4.368,-4.355
0.0,-0.05,0.0,8.4071,4.2998,9.2644,1,5.0044,LOST,0.05,FORMATION_RECOVERY|GATE_PASS|FORMATION_RECOVERY,0,1,1,66.299,0.133,-6.561,2.573,20.525,15.439,16.985,-4.369,-4.368,-4.355
0.0,-0.05,0.0,8.3522,4.3218,9.2693,1,4.9989,LOST,0.05,FORMATION_RECOVERY|GATE_PASS|FORMATION_RECOVERY,0,1,1,66.399,0.13,-6.521,2.622,20.523,15.47,16.993,-4.369,-4.368,-4.355
0.0,-0.05,0.0,8.2972,4.343,9.2726,1,4.9923,LOST,0.05,FORMATION_RECOVERY|GATE_PASS|FORMATION_RECOVERY,0,1,1,66.499,0.127,-6.479,2.671,20.52,15.5,17.0,-4.369,-4.368,-4.355
0.0,-0.05,0.0,8.2425,4.3643,9.2756,1,4.985,LOST,0.05,FORMATION_RECOVERY|GATE_PASS|FORMATION_RECOVERY,0,1,1,66.599,0.125,-6.437,2.72,20.517,15.528,17.008,-4.369,-4.368,-4.356
0.0,-0.05,0.0,8.1877,4.3857,9.2779,1,4.9767,LOST,0.05,FORMATION_RECOVERY|GATE_PASS|FORMATION_RECOVERY,0,1,1,66.699,0.122,-6.394,2.768,20.513,15.554,17.016,-4.369,-4.367,-4.356
0.0,-0.05,0.0,8.1318,4.4056,9.2793,1,4.9678,LOST,0.05,FORMATION_RECOVERY|GATE_PASS|FORMATION_RECOVERY,0,1,1,66.799,0.119,-6.349,2.817,20.507,15.579,17.024,-4.369,-4.367,-4.356
0.0,-0.05,0.0,8.0755,4.4239,9.2804,1,4.9587,LOST,0.05,FORMATION_RECOVERY|GATE_PASS|FORMATION_RECOVERY,0,1,1,66.899,0.117,-6.304,2.865,20.5,15.603,17.033,-4.368,-4.366,-4.356
0.0,-0.05,0.0,8.0199,4.4414,9.2817,1,4.9491,LOST,0.05,FORMATION_RECOVERY|GATE_PASS|FORMATION_RECOVERY,0,1,1,66.999,0.116,-6.259,2.914,20.492,15.625,17.043,-4.368,-4.365,-4.356
0.0,-0.05,0.0,7.9639,4.4589,9.2824,1,4.9385,LOST,0.05,FORMATION_RECOVERY|GATE_PASS|FORMATION_RECOVERY,0,1,1,67.099,0.114,-6.213,2.962,20.483,15.646,17.053,-4.368,-4.365,-4.357
0.0,-0.05,0.0,7.9077,4.4766,9.2823,1,4.9268,LOST,0.05,FORMATION_RECOVERY|GATE_PASS|FORMATION_RECOVERY,0,1,1,67.199,0.111,-6.165,3.011,20.475,15.665,17.064,-4.368,-4.364,-4.358
0.0,-0.05,0.0,7.8518,4.4945,9.2821,1,4.9147,LOST,0.05,FORMATION_RECOVERY|GATE_PASS|FORMATION_RECOVERY,0,1,1,67.299,0.109,-6.118,3.059,20.466,15.683,17.076,-4.367,-4.364,-4.358
0.0,-0.05,0.0,7.7966,4.5127,9.2816,1,4.9023,LOST,0.05,FORMATION_RECOVERY|GATE_PASS|FORMATION_RECOVERY,0,1,1,67.399,0.108,-6.069,3.108,20.458,15.701,17.088,-4.367,-4.364,-4.358
0.0,-0.05,0.0,7.7419,4.5317,9.2807,1,4.8895,LOST,0.05,FORMATION_RECOVERY|GATE_PASS|FORMATION_RECOVERY,0,1,1,67.499,0.106,-6.02,3.157,20.451,15.718,17.1,-4.366,-4.365,-4.359
0.0,-0.05,0.0,7.6875,4.551,9.2789,1,4.8762,LOST,0.05,FORMATION_RECOVERY|GATE_PASS|FORMATION_RECOVERY,0,1,1,67.599,0.105,-5.971,3.205,20.443,15.734,17.111,-4.365,-4.365,-4.359
0.0,-0.05,0.0,7.6333,4.5703,9.2759,1,4.8622,LOST,0.05,FORMATION_RECOVERY|GATE_PASS|FORMATION_RECOVERY,0,1,1,67.699,0.103,-5.922,3.252,20.436,15.749,17.123,-4.364,-4.365,-4.359
0.0,-0.05,0.0,7.5794,4.5893,9.2716,1,4.8479,LOST,0.05,FORMATION_RECOVERY|GATE_PASS|FORMATION_RECOVERY,0,1,1,67.799,0.102,-5.873,3.297,20.429,15.764,17.135,-4.363,-4.365,-4.36
0.0,-0.05,0.0,7.5264,4.6077,9.2657,1,4.8329,LOST,0.05,FORMATION_RECOVERY|GATE_PASS|FORMATION_RECOVERY,0,1,1,67.899,0.1,-5.823,3.341,20.421,15.778,17.146,-4.362,-4.365,-4.36
0.0,-0.05,0.0,7.474,4.6254,9.2581,1,4.8173,LOST,0.05,FORMATION_RECOVERY|GATE_PASS|FORMATION_RECOVERY,1,1,1,67.999,0.099,-5.774,3.383,20.415,15.792,17.157,-4.362,-4.365,-4.36
0.0,-0.05,0.0,7.4226,4.6424,9.2486,1,4.8011,LOST,0.05,FORMATION_RECOVERY|GATE_PASS|FORMATION_RECOVERY,1,1,1,68.099,0.099,-5.724,3.424,20.408,15.805,17.168,-4.361,-4.365,-4.36
0.0,-0.05,0.0,7.3713,4.6582,9.2367,1,4.7841,LOST,0.05,FORMATION_RECOVERY|GATE_PASS|FORMATION_RECOVERY,1,1,1,68.199,0.099,-5.674,3.462,20.402,15.818,17.179,-4.36,-4.365,-4.361
0.0,-0.05,0.0,7.3198,4.6733,9.223,1,4.7665,LOST,0.05,FORMATION_RECOVERY|GATE_PASS|FORMATION_RECOVERY,1,1,1,68.299,0.099,-5.624,3.499,20.395,15.83,17.189,-4.359,-4.365,-4.361
0.0,-0.05,0.0,7.2684,4.6872,9.2071,1,4.7482,LOST,0.05,FORMATION_FOLLOW|GATE_PASS|FORMATION_RECOVERY,1,1,1,68.399,0.098,-5.573,3.533,20.388,15.843,17.199,-4.359,-4.365,-4.362
0.0,-0.05,0.0,7.2175,4.7001,9.1892,1,4.7293,LOST,0.05,FORMATION_FOLLOW|GATE_PASS|FORMATION_RECOVERY,1,1,1,68.499,0.098,-5.523,3.566,20.382,15.855,17.209,-4.358,-4.365,-4.362
0.0,-0.05,0.0,7.1671,4.7127,9.1699,1,4.7101,LOST,0.05,FORMATION_FOLLOW|GATE_PASS|FORMATION_RECOVERY,1,1,1,68.599,0.098,-5.474,3.596,20.376,15.867,17.219,-4.357,-4.365,-4.363
0.0,-0.05,0.0,7.1167,4.7243,9.1484,1,4.6901,LOST,0.05,FORMATION_FOLLOW|GATE_PASS|FORMATION_RECOVERY,1,1,1,68.699,0.097,-5.424,3.625,20.37,15.879,17.228,-4.357,-4.365,-4.363
0.0,-0.05,0.0,7.0673,4.735,9.1252,1,4.6696,LOST,0.05,FORMATION_FOLLOW|GATE_PASS|FORMATION_RECOVERY,1,1,1,68.799,0.096,-5.374,3.651,20.365,15.891,17.237,-4.356,-4.365,-4.363
0.0,-0.05,0.0,7.0184,4.7446,9.0999,1,4.6485,LOST,0.05,FORMATION_FOLLOW|GATE_PASS|FORMATION_RECOVERY,1,1,1,68.899,0.096,-5.325,3.675,20.36,15.902,17.246,-4.355,-4.365,-4.363
0.0,-0.05,0.0,6.9696,4.7531,9.0735,1,4.628,LOST,0.05,FORMATION_FOLLOW|GATE_PASS|FORMATION_RECOVERY,1,1,1,68.999,0.096,-5.276,3.698,20.355,15.915,17.254,-4.355,-4.365,-4.363
0.0,-0.05,0.0,6.9206,4.7614,9.0464,1,4.6081,LOST,0.05,FORMATION_FOLLOW|GATE_PASS|FORMATION_RECOVERY,1,1,1,69.099,0.096,-5.228,3.72,20.35,15.929,17.262,-4.355,-4.365,-4.363
0.0,-0.05,0.0,6.8716,4.7687,9.0182,1,4.5882,LOST,0.05,FORMATION_FOLLOW|GATE_PASS|FORMATION_RECOVERY,1,1,1,69.199,0.096,-5.18,3.74,20.346,15.944,17.269,-4.355,-4.364,-4.363
0.0,-0.05,0.0,6.823,4.7748,8.9882,1,4.568,LOST,0.05,FORMATION_FOLLOW|GATE_PASS|FORMATION_RECOVERY,1,1,1,69.299,0.097,-5.133,3.759,20.341,15.959,17.276,-4.355,-4.364,-4.363
0.0,-0.05,0.0,6.7746,4.7801,8.9569,1,4.547,LOST,0.05,FORMATION_FOLLOW|GATE_PASS|FORMATION_RECOVERY,1,1,1,69.399,0.098,-5.085,3.776,20.336,15.973,17.283,-4.355,-4.364,-4.363
0.0,-0.05,0.0,6.7267,4.785,8.9238,1,4.5253,LOST,0.05,FORMATION_FOLLOW|GATE_PASS|FORMATION_RECOVERY,1,1,1,69.499,0.099,-5.036,3.792,20.332,15.986,17.29,-4.356,-4.363,-4.363
0.0,-0.05,0.0,6.679,4.7897,8.8894,1,4.5031,LOST,0.05,FORMATION_FOLLOW|GATE_PASS|FORMATION_RECOVERY,1,1,1,69.599,0.1,-4.987,3.808,20.327,15.998,17.295,-4.356,-4.363,-4.363
0.0,-0.05,0.0,6.6314,4.7939,8.8534,1,4.48,LOST,0.05,FORMATION_FOLLOW|GATE_PASS|FORMATION_RECOVERY,1,1,1,69.699,0.1,-4.937,3.822,20.322,16.009,17.301,-4.357,-4.363,-4.363
0.0,-0.05,0.0,6.5847,4.7978,8.8163,1,4.4563,LOST,0.05,FORMATION_FOLLOW|GATE_PASS|FORMATION_RECOVERY,1,1,1,69.799,0.101,-4.887,3.835,20.318,16.02,17.305,-4.357,-4.362,-4.363
0.0,-0.05,0.0,6.5389,4.8018,8.7782,1,4.4318,LOST,0.05,FORMATION_FOLLOW|GATE_PASS|FORMATION_RECOVERY,1,1,1,69.899,0.101,-4.838,3.847,20.314,16.029,17.31,-4.358,-4.362,-4.362
0.0,-0.05,0.0,6.494,4.8053,8.7395,1,4.4069,LOST,0.05,FORMATION_FOLLOW|GATE_PASS|FORMATION_RECOVERY,1,1,1,69.999,0.101,-4.788,3.858,20.311,16.037,17.314,-4.358,-4.362,-4.361
0.0,-0.05,0.0,6.4498,4.8083,8.6997,1,4.3814,LOST,0.05,FORMATION_FOLLOW|GATE_PASS|FORMATION_RECOVERY,1,1,1,70.099,0.102,-4.738,3.868,20.308,16.044,17.318,-4.358,-4.362,-4.361
0.0,-0.05,0.0,6.4067,4.8116,8.6589,1,4.3549,LOST,0.05,FORMATION_FOLLOW|GATE_PASS|FORMATION_RECOVERY,1,1,1,70.199,0.102,-4.687,3.878,20.305,16.05,17.322,-4.358,-4.362,-4.36
0.0,-0.05,0.0,6.3652,4.8155,8.6178,1,4.3274,LOST,0.05,FORMATION_FOLLOW|GATE_PASS|FORMATION_RECOVERY,1,1,1,70.299,0.102,-4.636,3.887,20.304,16.054,17.326,-4.358,-4.363,-4.36
0.0,-0.05,0.0,6.3253,4.8202,8.5763,1,4.2992,LOST,0.05,FORMATION_FOLLOW|GATE_PASS|FORMATION_RECOVERY,1,1,1,70.399,0.102,-4.585,3.896,20.304,16.056,17.331,-4.358,-4.363,-4.359
0.0,-0.05,0.0,6.2869,4.8253,8.5345,1,4.2704,LOST,0.05,FORMATION_FOLLOW|GATE_PASS|FORMATION_RECOVERY,1,1,1,70.499,0.101,-4.534,3.904,20.305,16.058,17.335,-4.358,-4.363,-4.358
0.0,-0.05,0.0,6.2501,4.8308,8.4926,1,4.2411,LOST,0.05,FORMATION_FOLLOW|GATE_PASS|FORMATION_RECOVERY,1,1,1,70.599,0.101,-4.483,3.913,20.307,16.059,17.339,-4.357,-4.363,-4.358
0.0,-0.05,0.0,6.2148,4.8364,8.4504,1,4.2112,LOST,0.05,FORMATION_FOLLOW|GATE_PASS|FORMATION_RECOVERY,1,1,1,70.699,0.101,-4.432,3.921,20.31,16.058,17.343,-4.357,-4.363,-4.357
0.0,-0.05,0.0,6.1812,4.8421,8.4081,1,4.1809,LOST,0.05,FORMATION_FOLLOW|GATE_PASS|FORMATION_RECOVERY,1,1,1,70.799,0.101,-4.38,3.928,20.313,16.055,17.346,-4.357,-4.363,-4.356
0.0,-0.05,0.0,6.149,4.8481,8.3656,1,4.1501,LOST,0.05,FORMATION_FOLLOW|GATE_PASS|FORMATION_RECOVERY,1,1,1,70.899,0.101,-4.329,3.935,20.317,16.052,17.35,-4.356,-4.364,-4.355
0.0,-0.05,0.0,6.1184,4.8542,8.3231,1,4.1188,LOST,0.05,FORMATION_FOLLOW|GATE_PASS|FORMATION_RECOVERY,1,1,1,70.999,0.101,-4.278,3.942,20.321,16.048,17.353,-4.356,-4.364,-4.355
0.0,-0.05,0.0,6.0899,4.8604,8.2809,1,4.0871,LOST,0.05,FORMATION_FOLLOW|GATE_PASS|FORMATION_RECOVERY,1,1,1,71.099,0.101,-4.227,3.949,20.326,16.041,17.357,-4.356,-4.364,-4.354
0.0,-0.05,0.0,6.0629,4.867,8.2389,1,4.0549,LOST,0.05,FORMATION_FOLLOW|GATE_PASS|FORMATION_RECOVERY,0,1,1,71.199,0.1,-4.177,3.955,20.331,16.034,17.36,-4.356,-4.364,-4.354
0.0,-0.05,0.0,6.0375,4.8735,8.1972,1,4.0224,LOST,0.05,FORMATION_FOLLOW|GATE_PASS|FORMATION_RECOVERY,0,1,1,71.299,0.099,-4.126,3.961,20.337,16.025,17.364,-4.356,-4.365,-4.353
0.0,-0.05,0.0,6.0129,4.8799,8.1549,1,3.9893,LOST,0.05,FORMATION_FOLLOW|GATE_PASS|FORMATION_RECOVERY,0,1,1,71.399,0.099,-4.076,3.966,20.343,16.015,17.367,-4.356,-4.364,-4.353
0.0,-0.05,0.0,5.9892,4.8866,8.1122,1,3.9557,LOST,0.05,FORMATION_FOLLOW|GATE_PASS|FORMATION_RECOVERY,0,1,1,71.499,0.098,-4.025,3.971,20.349,16.005,17.37,-4.357,-4.364,-4.353
0.0,-0.05,0.0,5.9666,4.8932,8.0692,1,3.9217,LOST,0.05,FORMATION_FOLLOW|GATE_PASS|FORMATION_RECOVERY,0,1,1,71.599,0.097,-3.975,3.976,20.355,15.993,17.373,-4.357,-4.363,-4.353
0.0,-0.05,0.0,5.9456,4.8998,8.0267,1,3.8875,LOST,0.05,FORMATION_FOLLOW|GATE_PASS|FORMATION_RECOVERY,0,1,1,71.699,0.096,-3.924,3.98,20.362,15.981,17.376,-4.357,-4.362,-4.353
0.0,-0.05,0.0,5.926,4.9058,7.9847,1,3.8533,LOST,0.05,FORMATION_FOLLOW|GATE_PASS|FORMATION_RECOVERY,0,1,1,71.799,0.095,-3.874,3.985,20.367,15.967,17.378,-4.357,-4.361,-4.353
0.0,-0.05,0.0,5.9076,4.9108,7.9427,1,3.8192,LOST,0.05,FORMATION_FOLLOW|GATE_PASS|FORMATION_RECOVERY,0,1,1,71.899,0.094,-3.825,3.988,20.373,15.952,17.381,-4.357,-4.361,-4.353
0.0,-0.05,0.0,5.8905,4.9153,7.9007,1,3.785,LOST,0.05,FORMATION_FOLLOW|GATE_PASS|FORMATION_RECOVERY,0,1,1,71.999,0.094,-3.775,3.992,20.378,15.937,17.384,-4.357,-4.362,-4.354
0.0,-0.05,0.0,5.8742,4.92,7.859,1,3.7507,LOST,0.05,FORMATION_FOLLOW|GATE_PASS|FORMATION_RECOVERY,0,1,1,72.099,0.094,-3.726,3.995,20.384,15.922,17.386,-4.357,-4.362,-4.354
0.0,-0.05,0.0,5.8581,4.9252,7.8172,1,3.7162,LOST,0.05,FORMATION_FOLLOW|GATE_PASS|FORMATION_RECOVERY,0,1,1,72.199,0.093,-3.677,3.998,20.39,15.907,17.389,-4.356,-4.362,-4.354
0.0,-0.05,0.0,5.8424,4.9309,7.7756,1,3.6814,LOST,0.05,FORMATION_FOLLOW|GATE_PASS|FORMATION_RECOVERY,0,1,1,72.299,0.092,-3.628,4.002,20.397,15.891,17.392,-4.356,-4.362,-4.355
0.0,-0.05,0.0,5.8275,4.9368,7.7344,1,3.6466,LOST,0.05,FORMATION_FOLLOW|GATE_PASS|FORMATION_RECOVERY,0,1,1,72.399,0.09,-3.578,4.005,20.403,15.876,17.395,-4.355,-4.362,-4.355
0.0,-0.05,0.0,5.8135,4.9424,7.6935,1,3.612,LOST,0.05,FORMATION_FOLLOW|GATE_PASS|FORMATION_RECOVERY,0,1,1,72.499,0.089,-3.53,4.008,20.409,15.86,17.398,-4.355,-4.362,-4.355
0.0,-0.05,0.0,5.8004,4.9475,7.6526,1,3.5775,LOST,0.05,FORMATION_FOLLOW|GATE_PASS|FORMATION_RECOVERY,0,1,1,72.599,0.088,-3.481,4.011,20.416,15.844,17.401,-4.355,-4.361,-4.355
0.0,-0.05,0.0,5.7879,4.9522,7.6116,1,3.5429,LOST,0.05,FORMATION_FOLLOW|GATE_PASS|FORMATION_RECOVERY,0,1,1,72.699,0.087,-3.433,4.014,20.422,15.827,17.404,-4.354,-4.36,-4.355
0.0,-0.05,0.0,5.7767,4.9565,7.571,1,3.5085,LOST,0.05,FORMATION_FOLLOW|GATE_PASS|FORMATION_RECOVERY,0,1,1,72.799,0.087,-3.385,4.016,20.427,15.81,17.406,-4.354,-4.36,-4.355
0.0,-0.05,0.0,5.7648,4.9591,7.5308,1,3.4746,LOST,0.05,FORMATION_FOLLOW|GATE_PASS|FORMATION_RECOVERY,0,1,1,72.899,0.087,-3.337,4.018,20.43,15.793,17.408,-4.354,-4.359,-4.355
0.0,-0.05,0.0,5.7512,4.9594,7.4906,1,3.4415,LOST,0.05,FORMATION_FOLLOW|GATE_PASS|FORMATION_RECOVERY,0,1,1,72.999,0.087,-3.289,4.021,20.431,15.775,17.41,-4.354,-4.359,-4.355
0.0,-0.05,0.0,5.7366,4.9573,7.4502,1,3.409,LOST,0.05,FORMATION_FOLLOW|GATE_PASS|FORMATION_RECOVERY,0,1,1,73.099,0.089,-3.242,4.022,20.429,15.758,17.412,-4.354,-4.359,-4.355
0.0,-0.05,0.0,5.7215,4.9532,7.4094,1,3.3766,LOST,0.05,FORMATION_FOLLOW|GATE_PASS|FORMATION_RECOVERY,0,1,1,73.199,0.091,-3.194,4.024,20.425,15.74,17.414,-4.354,-4.359,-4.355
0.0,-0.05,0.0,5.7054,4.9479,7.3687,1,3.3446,LOST,0.05,FORMATION_FOLLOW|GATE_PASS|FORMATION_RECOVERY,0,1,1,73.299,0.093,-3.147,4.025,20.419,15.723,17.416,-4.354,-4.358,-4.355
0.0,-0.05,0.0,5.6886,4.9419,7.3281,1,3.3127,LOST,0.05,FORMATION_FOLLOW|GATE_PASS|FORMATION_RECOVERY,0,1,1,73.399,0.095,-3.099,4.026,20.413,15.706,17.418,-4.355,-4.358,-4.355
0.0,-0.05,0.0,5.6716,4.9353,7.2876,1,3.2808,LOST,0.05,FORMATION_FOLLOW|GATE_PASS|FORMATION_RECOVERY,0,1,1,73.499,0.097,-3.052,4.027,20.405,15.688,17.42,-4.356,-4.358,-4.355
0.0,-0.05,0.0,5.6546,4.9281,7.247,1,3.2489,LOST,0.05,FORMATION_FOLLOW|GATE_PASS|FORMATION_RECOVERY,0,1,1,73.599,0.099,-3.004,4.028,20.397,15.67,17.422,-4.357,-4.358,-4.355
0.0,-0.05,0.0,5.6379,4.921,7.2066,1,3.2172,LOST,0.05,FORMATION_FOLLOW|GATE_PASS|FORMATION_RECOVERY,0,1,1,73.699,0.102,-2.957,4.029,20.388,15.652,17.423,-4.358,-4.358,-4.355
0.0,-0.05,0.0,5.6222,4.914,7.1666,1,3.1857,LOST,0.05,FORMATION_FOLLOW|GATE_PASS|FORMATION_RECOVERY,0,1,1,73.799,0.104,-2.909,4.03,20.38,15.634,17.425,-4.358,-4.357,-4.355
0.0,-0.05,0.0,5.6075,4.9073,7.1272,1,3.154,LOST,0.05,FORMATION_FOLLOW|GATE_PASS|FORMATION_RECOVERY,0,1,1,73.899,0.107,-2.862,4.031,20.372,15.615,17.426,-4.359,-4.357,-4.355
0.0,-0.05,0.0,5.5933,4.9012,7.0881,1,3.1222,LOST,0.05,FORMATION_FOLLOW|GATE_PASS|FORMATION_RECOVERY,0,1,1,73.999,0.108,-2.815,4.032,20.364,15.596,17.427,-4.36,-4.357,-4.355
0.0,-0.05,0.0,5.5793,4.8957,7.0492,1,3.0901,LOST,0.05,FORMATION_FOLLOW|GATE_PASS|FORMATION_RECOVERY,0,1,1,74.099,0.11,-2.768,4.033,20.356,15.576,17.429,-4.361,-4.357,-4.355
0.0,-0.05,0.0,5.5659,4.8908,7.0104,1,3.0579,LOST,0.05,FORMATION_FOLLOW|GATE_PASS|FORMATION_RECOVERY,0,1,1,74.199,0.111,-2.721,4.035,20.349,15.557,17.43,-4.361,-4.357,-4.355
0.0,-0.05,0.0,5.5535,4.8865,6.9717,1,3.0258,LOST,0.05,FORMATION_FOLLOW|GATE_PASS|FORMATION_RECOVERY,0,1,1,74.299,0.112,-2.674,4.036,20.342,15.538,17.43,-4.362,-4.358,-4.355
0.0,-0.05,0.0,5.542,4.8831,6.9329,1,2.9935,LOST,0.05,FORMATION_FOLLOW|GATE_PASS|FORMATION_RECOVERY,0,1,1,74.399,0.112,-2.627,4.037,20.336,15.519,17.431,-4.362,-4.359,-4.355
0.0,-0.05,0.0,5.5313,4.8804,6.8948,1,2.9613,LOST,0.05,FORMATION_FOLLOW|GATE_PASS|FORMATION_RECOVERY,0,1,1,74.499,0.113,-2.581,4.038,20.331,15.5,17.431,-4.363,-4.36,-4.356
0.0,-0.05,0.0,5.5219,4.8782,6.8569,1,2.9291,LOST,0.05,FORMATION_FOLLOW|GATE_PASS|FORMATION_RECOVERY,0,1,1,74.599,0.113,-2.534,4.04,20.326,15.48,17.431,-4.363,-4.361,-4.356
0.0,-0.05,0.0,5.5136,4.8757,6.8192,1,2.897,LOST,0.05,FORMATION_FOLLOW|GATE_PASS|FORMATION_RECOVERY,0,1,1,74.699,0.114,-2.488,4.041,20.322,15.461,17.431,-4.364,-4.361,-4.357
0.0,-0.05,0.0,5.5064,4.8731,6.7815,1,2.8649,LOST,0.05,FORMATION_FOLLOW|GATE_PASS|FORMATION_RECOVERY,0,1,1,74.799,0.116,-2.441,4.042,20.318,15.441,17.431,-4.364,-4.361,-4.358
0.0,-0.05,0.0,5.5002,4.8704,6.7438,1,2.8326,LOST,0.05,FORMATION_FOLLOW|GATE_PASS|FORMATION_RECOVERY,0,1,1,74.899,0.117,-2.395,4.042,20.314,15.421,17.431,-4.365,-4.362,-4.358
0.0,-0.05,0.0,5.4946,4.8681,6.7063,1,2.8005,LOST,0.05,FORMATION_FOLLOW|GATE_PASS|FORMATION_RECOVERY,0,1,1,74.999,0.119,-2.349,4.043,20.311,15.401,17.43,-4.365,-4.362,-4.359
0.0,-0.05,0.0,5.4893,4.8664,6.669,1,2.7684,LOST,0.05,FORMATION_FOLLOW|GATE_PASS|FORMATION_RECOVERY,0,1,1,75.099,0.12,-2.303,4.044,20.308,15.382,17.43,-4.366,-4.362,-4.359
0.0,-0.05,0.0,5.4846,4.8648,6.6316,1,2.7362,LOST,0.05,FORMATION_FOLLOW|GATE_PASS|FORMATION_RECOVERY,0,1,1,75.199,0.121,-2.256,4.045,20.305,15.362,17.429,-4.366,-4.362,-4.36
0.0,-0.05,0.0,5.4806,4.8632,6.5941,1,2.7037,LOST,0.05,FORMATION_FOLLOW|GATE_PASS|FORMATION_RECOVERY,0,1,1,75.299,0.122,-2.21,4.046,20.303,15.343,17.429,-4.366,-4.362,-4.36
0.0,-0.05,0.0,5.4773,4.8616,6.5567,1,2.6711,LOST,0.05,FORMATION_FOLLOW|GATE_PASS|FORMATION_RECOVERY,0,1,1,75.399,0.124,-2.163,4.046,20.301,15.324,17.429,-4.366,-4.362,-4.361
0.0,-0.05,0.0,5.4744,4.8599,6.5189,1,2.6383,LOST,0.05,FORMATION_FOLLOW|GATE_PASS|FORMATION_RECOVERY,0,1,1,75.499,0.125,-2.116,4.047,20.299,15.305,17.429,-4.366,-4.362,-4.362
0.0,-0.05,0.0,5.4718,4.8581,6.4807,1,2.6055,LOST,0.05,FORMATION_FOLLOW|GATE_PASS|FORMATION_RECOVERY,0,1,1,75.599,0.127,-2.069,4.047,20.297,15.286,17.428,-4.366,-4.362,-4.363
0.0,-0.05,0.0,5.4701,4.8562,6.4429,1,2.5727,LOST,0.05,FORMATION_FOLLOW|GATE_PASS|FORMATION_RECOVERY,0,1,1,75.699,0.128,-2.022,4.047,20.296,15.266,17.428,-4.366,-4.362,-4.364
0.0,-0.05,0.0,5.4693,4.8547,6.4054,1,2.5398,LOST,0.05,FORMATION_FOLLOW|GATE_PASS|FORMATION_RECOVERY,0,1,1,75.799,0.13,-1.975,4.047,20.295,15.247,17.427,-4.366,-4.363,-4.364
0.0,-0.05,0.0,5.4688,4.8537,6.3687,1,2.5071,LOST,0.05,FORMATION_FOLLOW|GATE_PASS|FORMATION_RECOVERY,0,1,1,75.899,0.131,-1.929,4.048,20.294,15.228,17.427,-4.366,-4.363,-4.364
0.0,-0.05,0.0,5.4686,4.8532,6.3322,1,2.4742,LOST,0.05,FORMATION_FOLLOW|GATE_PASS|FORMATION_RECOVERY,0,1,1,75.999,0.132,-1.882,4.049,20.293,15.208,17.427,-4.366,-4.364,-4.365
0.0,-0.05,0.0,5.4698,4.8532,6.2965,1,2.4413,LOST,0.05,FORMATION_FOLLOW|GATE_PASS|FORMATION_RECOVERY,0,1,1,76.099,0.132,-1.836,4.049,20.292,15.188,17.427,-4.366,-4.364,-4.365
0.0,-0.05,0.0,5.4715,4.853,6.2614,1,2.4087,LOST,0.05,FORMATION_FOLLOW|GATE_PASS|FORMATION_RECOVERY,0,1,1,76.199,0.133,-1.79,4.05,20.291,15.169,17.426,-4.367,-4.364,-4.365
0.0,-0.05,0.0,5.4734,4.8522,6.226,1,2.3761,LOST,0.05,FORMATION_FOLLOW|GATE_PASS|FORMATION_RECOVERY,0,1,1,76.299,0.134,-1.744,4.051,20.29,15.149,17.426,-4.367,-4.365,-4.365
0.0,-0.05,0.0,5.4755,4.8511,6.1906,1,2.3434,LOST,0.05,FORMATION_FOLLOW|GATE_PASS|FORMATION_RECOVERY,0,1,1,76.399,0.135,-1.697,4.051,20.289,15.129,17.425,-4.367,-4.366,-4.364
0.0,-0.05,0.0,5.4781,4.8497,6.1554,1,2.3106,LOST,0.05,FORMATION_FOLLOW|GATE_PASS|FORMATION_RECOVERY,0,1,1,76.499,0.137,-1.651,4.052,20.287,15.109,17.426,-4.366,-4.366,-4.363
0.0,-0.05,0.0,5.4817,4.8483,6.1208,1,2.2776,LOST,0.05,FORMATION_FOLLOW|GATE_PASS|FORMATION_RECOVERY,0,1,1,76.599,0.138,-1.605,4.052,20.286,15.089,17.426,-4.366,-4.366,-4.363
0.0,-0.05,0.0,5.486,4.8471,6.0864,1,2.2446,LOST,0.05,FORMATION_FOLLOW|GATE_PASS|FORMATION_RECOVERY,0,1,1,76.699,0.139,-1.558,4.053,20.286,15.069,17.426,-4.365,-4.367,-4.362
0.0,-0.05,0.0,5.4909,4.8455,6.052,1,2.2114,LOST,0.05,FORMATION_FOLLOW|GATE_PASS|FORMATION_RECOVERY,0,1,1,76.799,0.14,-1.512,4.053,20.285,15.048,17.427,-4.365,-4.367,-4.362
0.0,-0.05,0.0,5.4963,4.8434,6.0176,1,2.1783,LOST,0.05,FORMATION_FOLLOW|GATE_PASS|FORMATION_RECOVERY,0,1,1,76.899,0.142,-1.466,4.053,20.284,15.028,17.427,-4.364,-4.367,-4.362
0.0,-0.05,0.0,5.5023,4.8414,5.9831,1,2.1451,LOST,0.05,FORMATION_FOLLOW|GATE_PASS|FORMATION_RECOVERY,0,1,1,76.999,0.143,-1.42,4.052,20.284,15.008,17.428,-4.364,-4.366,-4.362
0.0,-0.05,0.0,5.5087,4.8395,5.9485,1,2.1121,LOST,0.05,FORMATION_FOLLOW|GATE_PASS|FORMATION_RECOVERY,0,1,1,77.099,0.144,-1.374,4.052,20.283,14.988,17.428,-4.364,-4.366,-4.362
0.0,-0.05,0.0,5.5152,4.8376,5.9137,1,2.0791,LOST,0.05,FORMATION_FOLLOW|GATE_PASS|FORMATION_RECOVERY,0,1,1,77.199,0.146,-1.328,4.05,20.283,14.968,17.428,-4.364,-4.366,-4.361
0.0,-0.05,0.0,5.522,4.8359,5.879,1,2.0461,LOST,0.05,FORMATION_FOLLOW|GATE_PASS|FORMATION_RECOVERY,0,1,1,77.299,0.147,-1.282,4.049,20.283,14.949,17.427,-4.364,-4.365,-4.361
0.0,-0.05,0.0,5.5296,4.8357,5.844,1,2.0133,LOST,0.05,FORMATION_FOLLOW|FORMATION_RECOVERY|FORMATION_RECOVERY,0,1,1,77.399,0.148,-1.236,4.049,20.283,14.929,17.425,-4.364,-4.364,-4.36
0.0,-0.05,0.0,5.5385,4.8369,5.8089,1,1.981,LOST,0.05,FORMATION_FOLLOW|FORMATION_RECOVERY|FORMATION_RECOVERY,0,1,1,77.499,0.149,-1.19,4.048,20.283,14.909,17.421,-4.364,-4.364,-4.359
0.0,-0.05,0.0,5.548,4.8391,5.7738,1,1.9492,LOST,0.05,FORMATION_FOLLOW|FORMATION_RECOVERY|FORMATION_RECOVERY,0,1,1,77.599,0.15,-1.144,4.048,20.284,14.889,17.415,-4.364,-4.363,-4.358
0.0,-0.05,0.0,5.5584,4.8425,5.7391,1,1.9178,LOST,0.05,FORMATION_FOLLOW|FORMATION_RECOVERY|FORMATION_RECOVERY,0,1,1,77.699,0.152,-1.099,4.048,20.284,14.868,17.407,-4.365,-4.363,-4.357
0.0,-0.05,0.0,5.5698,4.8464,5.7042,1,1.8866,LOST,0.05,FORMATION_FOLLOW|FORMATION_RECOVERY|FORMATION_RECOVERY,0,1,1,77.799,0.154,-1.054,4.048,20.284,14.847,17.399,-4.365,-4.363,-4.357
0.0,-0.05,0.0,5.5818,4.8506,5.6695,1,1.8554,LOST,0.05,FORMATION_FOLLOW|FORMATION_RECOVERY|FORMATION_RECOVERY,0,1,1,77.899,0.156,-1.008,4.048,20.285,14.826,17.391,-4.365,-4.363,-4.357
0.0,-0.05,0.0,5.5938,4.8544,5.6346,1,1.8241,LOST,0.05,FORMATION_FOLLOW|FORMATION_RECOVERY|FORMATION_RECOVERY,0,1,1,77.999,0.158,-0.963,4.048,20.286,14.805,17.382,-4.365,-4.363,-4.357
0.0,-0.05,0.0,5.6061,4.8579,5.5998,1,1.7929,LOST,0.05,FORMATION_FOLLOW|FORMATION_RECOVERY|FORMATION_RECOVERY,0,1,1,78.099,0.16,-0.918,4.048,20.286,14.785,17.374,-4.365,-4.362,-4.358
0.0,-0.05,0.0,5.6185,4.8613,5.5654,1,1.7618,LOST,0.05,FORMATION_FOLLOW|FORMATION_RECOVERY|FORMATION_RECOVERY,0,1,1,78.199,0.162,-0.872,4.048,20.287,14.764,17.366,-4.365,-4.362,-4.358
0.0,-0.05,0.0,5.6313,4.8637,5.5319,1,1.7302,LOST,0.05,FORMATION_FOLLOW|FORMATION_RECOVERY|FORMATION_RECOVERY,0,1,1,78.299,0.164,-0.827,4.047,20.287,14.743,17.359,-4.365,-4.362,-4.358
0.0,-0.05,0.0,5.6446,4.8652,5.499,1,1.6986,LOST,0.05,FORMATION_FOLLOW|FORMATION_RECOVERY|FORMATION_RECOVERY,0,1,1,78.399,0.165,-0.782,4.047,20.287,14.722,17.353,-4.365,-4.361,-4.358
0.0,-0.05,0.0,5.659,4.8665,5.4667,1,1.6669,LOST,0.05,FORMATION_FOLLOW|FORMATION_RECOVERY|FORMATION_RECOVERY,0,1,1,78.499,0.168,-0.737,4.046,20.288,14.702,17.349,-4.365,-4.361,-4.358
0.0,-0.05,0.0,5.6736,4.8661,5.4351,1,1.6349,LOST,0.05,FORMATION_FOLLOW|FORMATION_RECOVERY|FORMATION_RECOVERY,0,1,1,78.599,0.17,-0.692,4.045,20.289,14.681,17.346,-4.364,-4.361,-4.359
0.0,-0.05,0.0,5.6879,4.8643,5.4039,1,1.6026,LOST,0.05,FORMATION_FOLLOW|FORMATION_RECOVERY|FORMATION_RECOVERY,0,1,1,78.699,0.173,-0.646,4.044,20.29,14.661,17.345,-4.364,-4.36,-4.359
0.0,-0.05,0.0,5.7021,4.8615,5.3735,1,1.5703,LOST,0.05,FORMATION_FOLLOW|FORMATION_RECOVERY|FORMATION_RECOVERY,0,1,1,78.799,0.175,-0.601,4.043,20.29,14.641,17.344,-4.364,-4.36,-4.359
0.0,-0.05,0.0,5.7165,4.8579,5.3442,1,1.538,LOST,0.05,FORMATION_FOLLOW|FORMATION_RECOVERY|FORMATION_RECOVERY,0,1,1,78.899,0.178,-0.556,4.042,20.29,14.621,17.345,-4.363,-4.36,-4.36
0.0,-0.05,0.0,5.7314,4.8537,5.3156,1,1.5054,LOST,0.05,FORMATION_FOLLOW|FORMATION_RECOVERY|FORMATION_RECOVERY,0,1,1,78.999,0.181,-0.511,4.04,20.29,14.601,17.347,-4.363,-4.359,-4.36
0.0,-0.05,0.0,5.7468,4.8496,5.2877,1,1.4728,LOST,0.05,FORMATION_FOLLOW|FORMATION_RECOVERY|FORMATION_RECOVERY,0,1,1,79.099,0.183,-0.466,4.039,20.291,14.581,17.349,-4.362,-4.359,-4.36
0.0,-0.05,0.0,5.7627,4.8456,5.2603,1,1.4403,LOST,0.05,FORMATION_FOLLOW|FORMATION_RECOVERY|FORMATION_RECOVERY,0,1,1,79.199,0.185,-0.422,4.037,20.291,14.561,17.351,-4.361,-4.359,-4.36
0.0,-0.05,0.0,5.7793,4.8417,5.2334,1,1.4078,LOST,0.05,FORMATION_FOLLOW|FORMATION_RECOVERY|FORMATION_RECOVERY,0,1,1,79.299,0.188,-0.377,4.036,20.292,14.54,17.353,-4.361,-4.359,-4.359
0.0,-0.05,0.0,5.7968,4.8378,5.2071,1,1.3751,LOST,0.05,FORMATION_FOLLOW|FORMATION_RECOVERY|FORMATION_RECOVERY,0,1,1,79.399,0.19,-0.333,4.034,20.293,14.52,17.355,-4.36,-4.359,-4.359
0.0,-0.05,0.0,5.8153,4.8336,5.1815,1,1.3422,LOST,0.05,FORMATION_FOLLOW|FORMATION_RECOVERY|FORMATION_RECOVERY,0,1,1,79.499,0.192,-0.289,4.032,20.294,14.498,17.358,-4.36,-4.359,-4.359
0.0,-0.05,0.0,5.8343,4.8293,5.1568,1,1.3093,LOST,0.05,FORMATION_FOLLOW|FORMATION_RECOVERY|FORMATION_RECOVERY,0,1,1,79.599,0.195,-0.245,4.03,20.294,14.477,17.36,-4.359,-4.359,-4.358
0.0,-0.05,0.0,5.8539,4.8251,5.1328,1,1.2761,LOST,0.05,FORMATION_FOLLOW|FORMATION_RECOVERY|FORMATION_RECOVERY,0,1,1,79.699,0.197,-0.201,4.029,20.295,14.455,17.363,-4.359,-4.359,-4.358
0.0,-0.05,0.0,5.8739,4.8208,5.1096,1,1.243,LOST,0.05,FORMATION_FOLLOW|FORMATION_RECOVERY|FORMATION_RECOVERY,0,1,1,79.799,0.199,-0.157,4.027,20.295,14.432,17.365,-4.359,-4.359,-4.358
0.0,-0.05,0.0,5.8945,4.8162,5.0869,1,1.2099,LOST,0.05,FORMATION_FOLLOW|FORMATION_RECOVERY|FORMATION_RECOVERY,0,1,1,79.899,0.201,-0.113,4.025,20.296,14.41,17.368,-4.359,-4.359,-4.358
0.0,-0.05,0.0,5.9177,4.8135,5.0645,1,1.1764,LOST,0.05,FORMATION_FOLLOW|FORMATION_RECOVERY|FORMATION_RECOVERY,0,1,1,79.999,0.203,-0.07,4.023,20.298,14.387,17.37,-4.358,-4.359,-4.359
0.0,-0.05,0.0,5.9436,4.8123,5.0422,1,1.142,LOST,0.05,FORMATION_FOLLOW|FORMATION_RECOVERY|FORMATION_RECOVERY,0,1,1,80.099,0.204,-0.026,4.021,20.303,14.364,17.372,-4.358,-4.359,-4.359
0.0,-0.05,0.0,5.9716,4.812,5.0199,1,1.1071,LOST,0.05,FORMATION_FOLLOW|FORMATION_RECOVERY|FORMATION_RECOVERY,0,1,1,80.199,0.205,0.018,4.018,20.309,14.34,17.373,-4.358,-4.36,-4.359
0.0,-0.05,0.0,6.0014,4.8127,4.9976,1,1.0717,LOST,0.05,FORMATION_FOLLOW|FORMATION_RECOVERY|FORMATION_RECOVERY,0,1,1,80.299,0.206,0.063,4.015,20.316,14.317,17.375,-4.358,-4.36,-4.359
0.0,-0.05,0.0,6.0323,4.8142,4.9748,1,1.0359,LOST,0.05,FORMATION_FOLLOW|FORMATION_RECOVERY|FORMATION_RECOVERY,0,1,1,80.399,0.207,0.108,4.013,20.325,14.293,17.376,-4.358,-4.361,-4.359
0.0,-0.05,0.0,6.0642,4.8175,4.9521,1,1.0001,LOST,0.05,FORMATION_FOLLOW|FORMATION_RECOVERY|FORMATION_RECOVERY,0,1,1,80.499,0.208,0.153,4.01,20.334,14.27,17.375,-4.358,-4.361,-4.36
0.0,-0.05,0.0,6.0965,4.822,4.9294,1,0.9646,LOST,0.05,FORMATION_FOLLOW|FORMATION_RECOVERY|FORMATION_RECOVERY,0,1,1,80.599,0.209,0.198,4.008,20.343,14.247,17.374,-4.358,-4.362,-4.36
0.0,-0.05,0.0,6.1292,4.8279,4.9071,1,0.9294,LOST,0.05,FORMATION_FOLLOW|FORMATION_RECOVERY|FORMATION_RECOVERY,0,1,1,80.699,0.209,0.243,4.007,20.353,14.224,17.372,-4.357,-4.363,-4.361
0.0,-0.05,0.0,6.1619,4.8341,4.8854,1,0.8945,LOST,0.05,FORMATION_FOLLOW|FORMATION_RECOVERY|FORMATION_RECOVERY,0,1,1,80.799,0.209,0.288,4.006,20.362,14.201,17.37,-4.357,-4.363,-4.361
0.0,-0.05,0.0,6.1943,4.8406,4.8637,1,0.8598,LOST,0.05,FORMATION_FOLLOW|FORMATION_RECOVERY|FORMATION_RECOVERY,0,1,1,80.899,0.209,0.333,4.005,20.371,14.178,17.367,-4.357,-4.364,-4.362
0.0,-0.05,0.0,6.2267,4.8473,4.8421,1,0.8252,LOST,0.05,FORMATION_FOLLOW|FORMATION_RECOVERY|FORMATION_RECOVERY,0,1,1,80.999,0.209,0.378,4.004,20.379,14.154,17.363,-4.357,-4.364,-4.363
0.0,-0.05,0.0,6.2596,4.8536,4.821,1,0.7904,LOST,0.05,FORMATION_FOLLOW|FORMATION_RECOVERY|FORMATION_RECOVERY,0,1,1,81.099,0.209,0.423,4.003,20.386,14.13,17.359,-4.357,-4.364,-4.363
0.0,-0.05,0.0,6.2919,4.8589,4.8003,1,0.7557,LOST,0.05,FORMATION_FOLLOW|FORMATION_RECOVERY|FORMATION_RECOVERY,0,1,1,81.199,0.209,0.468,4.002,20.393,14.106,17.355,-4.357,-4.364,-4.364
0.0,-0.05,0.0,6.3237,4.8633,4.78,1,0.7208,LOST,0.05,FORMATION_FOLLOW|FORMATION_RECOVERY|FORMATION_RECOVERY,0,1,1,81.299,0.21,0.513,4.0,20.399,14.082,17.352,-4.357,-4.364,-4.364
0.0,-0.05,0.0,6.3555,4.8672,4.7604,1,0.6858,LOST,0.05,FORMATION_FOLLOW|FORMATION_RECOVERY|FORMATION_RECOVERY,0,1,1,81.399,0.21,0.559,3.999,20.404,14.058,17.349,-4.357,-4.364,-4.364
0.0,-0.05,0.0,6.3873,4.8705,4.7418,1,0.6507,LOST,0.05,FORMATION_FOLLOW|FORMATION_RECOVERY|FORMATION_RECOVERY,0,1,1,81.499,0.21,0.605,3.997,20.409,14.034,17.347,-4.358,-4.363,-4.364
0.0,-0.05,0.0,6.4188,4.8731,4.7242,1,0.6158,LOST,0.05,FORMATION_FOLLOW|FORMATION_RECOVERY|FORMATION_RECOVERY,0,1,1,81.599,0.21,0.65,3.996,20.413,14.01,17.345,-4.358,-4.363,-4.364
0.0,-0.05,0.0,6.4489,4.8745,4.7078,1,0.582,LOST,0.05,FORMATION_FOLLOW|FORMATION_RECOVERY|FORMATION_RECOVERY,0,1,1,81.699,0.21,0.694,3.994,20.417,13.986,17.344,-4.358,-4.363,-4.364
0.0,-0.05,0.0,6.4781,4.8752,4.6931,1,0.5494,LOST,0.05,FORMATION_FOLLOW|FORMATION_RECOVERY|FORMATION_RECOVERY,0,1,1,81.799,0.211,0.737,3.993,20.419,13.963,17.343,-4.358,-4.362,-4.364
0.0,-0.05,0.0,6.506,4.8755,4.6796,1,0.5178,LOST,0.05,FORMATION_FOLLOW|FORMATION_RECOVERY|FORMATION_RECOVERY,0,1,1,81.899,0.211,0.778,3.991,20.421,13.94,17.342,-4.358,-4.362,-4.364
0.0,-0.05,0.0,6.5332,4.8755,4.6673,1,0.4872,RECOVERING,0.05,FORMATION_FOLLOW|FORMATION_RECOVERY|FORMATION_RECOVERY,0,1,1,81.999,0.211,0.818,3.99,20.423,13.918,17.342,-4.358,-4.363,-4.364
0.0,-0.05,0.0,6.5588,4.8746,4.656,1,0.4582,RECOVERING,0.05,FORMATION_FOLLOW|FORMATION_RECOVERY|FORMATION_RECOVERY,0,1,1,82.099,0.212,0.856,3.988,20.424,13.896,17.341,-4.359,-4.363,-4.364
0.0,-0.05,0.0,6.5828,4.8729,4.6458,1,0.4306,RECOVERING,0.05,FORMATION_FOLLOW|FORMATION_RECOVERY|FORMATION_RECOVERY,0,1,1,82.199,0.213,0.892,3.987,20.424,13.876,17.341,-4.359,-4.363,-4.364
0.0,-0.05,0.0,6.6054,4.8704,4.6368,1,0.4043,RECOVERING,0.05,FORMATION_FOLLOW|FORMATION_RECOVERY|FORMATION_RECOVERY,0,1,1,82.299,0.213,0.927,3.985,20.423,13.857,17.342,-4.359,-4.363,-4.365
0.0,-0.05,0.0,6.6264,4.8672,4.6293,1,0.3796,RECOVERING,0.05,FORMATION_FOLLOW|FORMATION_RECOVERY|FORMATION_RECOVERY,0,1,1,82.399,0.214,0.959,3.983,20.422,13.838,17.343,-4.36,-4.363,-4.365
0.0,-0.05,0.0,6.646,4.8632,4.6233,1,0.3563,RECOVERING,0.05,FORMATION_FOLLOW|FORMATION_RECOVERY|FORMATION_RECOVERY,0,1,1,82.499,0.215,0.99,3.982,20.421,13.82,17.345,-4.36,-4.363,-4.365
0.0,-0.05,0.0,6.6647,4.8592,4.6181,1,0.3342,RECOVERING,0.05,FORMATION_FOLLOW|FORMATION_RECOVERY|FORMATION_RECOVERY,0,1,1,82.599,0.216,1.019,3.98,20.42,13.804,17.347,-4.361,-4.362,-4.365
0.0,-0.05,0.0,6.6823,4.8553,4.6135,1,0.3133,RECOVERING,0.05,FORMATION_FOLLOW|FORMATION_RECOVERY|FORMATION_RECOVERY,0,1,1,82.699,0.217,1.046,3.979,20.418,13.788,17.349,-4.361,-4.362,-4.365
0.0,-0.05,0.0,6.6981,4.8509,4.6093,1,0.2939,RECOVERING,0.05,FORMATION_FOLLOW|FORMATION_RECOVERY|FORMATION_RECOVERY,0,1,1,82.799,0.218,1.071,3.977,20.416,13.773,17.351,-4.362,-4.363,-4.365
0.0,-0.05,0.0,6.7124,4.8463,4.6058,1,0.2758,RECOVERING,0.05,FORMATION_FOLLOW|FORMATION_RECOVERY|FORMATION_FOLLOW,0,1,1,82.899,0.218,1.095,3.975,20.414,13.759,17.353,-4.362,-4.363,-4.365
0.0,-0.05,0.0,6.7255,4.8422,4.6026,1,0.2592,RECOVERING,0.05,FORMATION_FOLLOW|FORMATION_RECOVERY|FORMATION_FOLLOW,0,1,1,82.999,0.218,1.117,3.974,20.412,13.747,17.355,-4.361,-4.363,-4.365
0.0,-0.05,0.0,6.7375,4.8384,4.5997,1,0.2437,RECOVERING,0.05,FORMATION_FOLLOW|FORMATION_RECOVERY|FORMATION_FOLLOW,0,1,1,83.099,0.219,1.138,3.973,20.409,13.735,17.357,-4.361,-4.363,-4.365
0.0,-0.05,0.0,6.7487,4.8346,4.597,1,0.2335,RECOVERING,0.05,FORMATION_FOLLOW|FORMATION_RECOVERY|FORMATION_FOLLOW,0,1,1,83.199,0.219,1.158,3.972,20.407,13.724,17.359,-4.361,-4.363,-4.365
0.0,-0.05,0.0,6.7592,4.8313,4.5949,1,0.2251,RECOVERING,0.05,FORMATION_FOLLOW|FORMATION_RECOVERY|FORMATION_FOLLOW,0,1,1,83.299,0.219,1.177,3.971,20.404,13.713,17.361,-4.361,-4.363,-4.365
0.0,-0.05,0.0,6.7689,4.8281,4.5935,1,0.2174,RECOVERING,0.05,FORMATION_FOLLOW|FORMATION_RECOVERY|FORMATION_FOLLOW,0,1,1,83.399,0.219,1.194,3.971,20.402,13.704,17.363,-4.362,-4.363,-4.365
0.0,-0.05,0.0,6.7777,4.8253,4.5926,1,0.2104,RECOVERING,0.05,FORMATION_FOLLOW|FORMATION_RECOVERY|FORMATION_FOLLOW,0,1,1,83.499,0.22,1.21,3.971,20.4,13.695,17.365,-4.362,-4.362,-4.365
0.0,-0.05,0.0,6.7857,4.8226,4.5919,1,0.2039,RECOVERING,0.05,FORMATION_FOLLOW|FORMATION_RECOVERY|FORMATION_FOLLOW,0,1,1,83.599,0.22,1.226,3.972,20.397,13.686,17.367,-4.362,-4.36,-4.365
0.0,-0.05,0.0,6.7935,4.8197,4.5915,1,0.1976,RECOVERING,0.05,FORMATION_FOLLOW|FORMATION_RECOVERY|FORMATION_FOLLOW,0,1,1,83.699,0.221,1.24,3.972,20.395,13.679,17.369,-4.362,-4.359,-4.365
0.0,-0.05,0.0,6.8012,4.8167,4.5911,1,0.1915,RECOVERING,0.05,FORMATION_FOLLOW|FORMATION_RECOVERY|FORMATION_FOLLOW,0,1,1,83.799,0.221,1.254,3.972,20.393,13.671,17.371,-4.362,-4.358,-4.365
0.0,-0.05,0.0,6.8091,4.8142,4.591,1,0.1859,RECOVERING,0.05,FORMATION_FOLLOW|FORMATION_RECOVERY|FORMATION_FOLLOW,0,1,1,83.899,0.223,1.267,3.972,20.392,13.663,17.372,-4.362,-4.357,-4.365
0.0,-0.05,0.0,6.8175,4.8116,4.5912,1,0.1803,RECOVERING,0.05,FORMATION_FOLLOW|FORMATION_RECOVERY|FORMATION_FOLLOW,0,1,1,83.999,0.224,1.279,3.972,20.391,13.655,17.374,-4.362,-4.356,-4.365
0.0,-0.05,0.0,6.8259,4.8095,4.5918,1,0.1752,OK,0.05,FORMATION_FOLLOW|FORMATION_RECOVERY|FORMATION_FOLLOW,0,1,1,84.099,0.225,1.29,3.972,20.39,13.647,17.375,-4.363,-4.355,-4.365
0.0,-0.05,0.0,6.8343,4.8078,4.5928,1,0.1704,OK,0.05,FORMATION_FOLLOW|FORMATION_RECOVERY|FORMATION_FOLLOW,0,1,1,84.199,0.226,1.301,3.973,20.389,13.64,17.376,-4.363,-4.355,-4.365
0.0,-0.05,0.0,6.8423,4.8065,4.5936,1,0.1661,OK,0.05,FORMATION_FOLLOW|FORMATION_RECOVERY|FORMATION_FOLLOW,0,1,1,84.299,0.227,1.312,3.973,20.388,13.632,17.376,-4.363,-4.354,-4.365
0.0,-0.05,0.0,6.8504,4.8057,4.594,1,0.1621,OK,0.05,FORMATION_FOLLOW|FORMATION_RECOVERY|FORMATION_FOLLOW,0,1,1,84.399,0.228,1.322,3.973,20.387,13.625,17.376,-4.363,-4.354,-4.365
0.0,-0.05,0.0,6.8583,4.8049,4.5942,1,0.1582,OK,0.05,FORMATION_FOLLOW|FORMATION_RECOVERY|FORMATION_FOLLOW,0,1,1,84.499,0.229,1.331,3.973,20.387,13.618,17.376,-4.362,-4.354,-4.364
0.0,-0.05,0.0,6.8651,4.8035,4.5943,1,0.1543,OK,0.05,FORMATION_FOLLOW|FORMATION_RECOVERY|FORMATION_FOLLOW,0,1,1,84.599,0.23,1.339,3.973,20.386,13.611,17.376,-4.362,-4.354,-4.364
0.0,-0.05,0.0,6.8714,4.8019,4.5942,1,0.1504,OK,0.05,FORMATION_FOLLOW|FORMATION_RECOVERY|FORMATION_FOLLOW,0,1,1,84.699,0.231,1.348,3.973,20.385,13.605,17.375,-4.361,-4.354,-4.363
0.0,-0.05,0.0,6.8769,4.7999,4.5937,1,0.1464,OK,0.05,FORMATION_FOLLOW|FORMATION_RECOVERY|FORMATION_FOLLOW,0,1,1,84.799,0.232,1.356,3.972,20.383,13.599,17.375,-4.361,-4.354,-4.363
0.0,-0.05,0.0,6.8807,4.7974,4.5927,1,0.1425,OK,0.05,FORMATION_FOLLOW|FORMATION_RECOVERY|FORMATION_FOLLOW,0,1,1,84.899,0.233,1.364,3.972,20.38,13.593,17.374,-4.361,-4.354,-4.362
0.0,-0.05,0.0,6.8835,4.7941,4.592,1,0.1386,OK,0.05,FORMATION_FOLLOW|FORMATION_RECOVERY|FORMATION_FOLLOW,0,1,1,84.999,0.234,1.372,3.971,20.377,13.588,17.374,-4.36,-4.354,-4.361
0.0,-0.05,0.0,6.8856,4.7905,4.5917,1,0.1348,OK,0.05,FORMATION_FOLLOW|FORMATION_RECOVERY|FORMATION_FOLLOW,0,1,1,85.099,0.235,1.379,3.97,20.374,13.584,17.374,-4.36,-4.354,-4.36
0.0,-0.05,0.0,6.8871,4.7871,4.5915,1,0.1316,OK,0.05,FORMATION_FOLLOW|FORMATION_FOLLOW|FORMATION_FOLLOW,0,1,1,85.199,0.236,1.386,3.97,20.37,13.579,17.374,-4.36,-4.354,-4.359
0.0,-0.05,0.0,6.888,4.7843,4.5909,1,0.1332,OK,0.05,FORMATION_FOLLOW|FORMATION_FOLLOW|FORMATION_FOLLOW,0,1,1,85.299,0.237,1.392,3.97,20.366,13.576,17.374,-4.36,-4.355,-4.359
0.0,-0.05,0.0,6.8887,4.7817,4.5906,1,0.1351,OK,0.05,FORMATION_FOLLOW|FORMATION_FOLLOW|FORMATION_FOLLOW,0,1,1,85.399,0.237,1.397,3.97,20.362,13.572,17.374,-4.36,-4.355,-4.358
0.0,-0.05,0.0,6.8897,4.7791,4.5903,1,0.1368,OK,0.05,FORMATION_FOLLOW|FORMATION_FOLLOW|FORMATION_FOLLOW,0,1,1,85.499,0.238,1.403,3.97,20.359,13.568,17.373,-4.36,-4.355,-4.358
0.0,-0.05,0.0,6.8908,4.7767,4.59,1,0.1384,OK,0.05,FORMATION_FOLLOW|FORMATION_FOLLOW|FORMATION_FOLLOW,0,1,1,85.599,0.239,1.408,3.97,20.355,13.565,17.373,-4.359,-4.356,-4.358
0.0,-0.05,0.0,6.892,4.7748,4.5901,1,0.1401,OK,0.05,FORMATION_FOLLOW|FORMATION_FOLLOW|FORMATION_FOLLOW,0,1,1,85.699,0.239,1.413,3.97,20.352,13.561,17.373,-4.359,-4.356,-4.357
0.0,-0.05,0.0,6.8934,4.7731,4.5906,1,0.1417,OK,0.05,FORMATION_FOLLOW|FORMATION_FOLLOW|FORMATION_FOLLOW,0,1,1,85.799,0.239,1.418,3.97,20.349,13.557,17.373,-4.358,-4.356,-4.357
0.0,-0.05,0.0,6.895,4.7715,4.591,1,0.1431,OK,0.05,FORMATION_FOLLOW|FORMATION_FOLLOW|FORMATION_FOLLOW,0,1,1,85.899,0.24,1.422,3.971,20.347,13.554,17.373,-4.358,-4.356,-4.357
0.0,-0.05,0.0,6.8962,4.7699,4.591,1,0.1443,OK,0.05,FORMATION_FOLLOW|FORMATION_FOLLOW|FORMATION_FOLLOW,0,1,1,85.999,0.24,1.426,3.971,20.345,13.551,17.373,-4.357,-4.357,-4.357
0.0,-0.05,0.0,6.8966,4.768,4.5909,1,0.1453,OK,0.05,FORMATION_FOLLOW|FORMATION_FOLLOW|FORMATION_FOLLOW,0,1,1,86.099,0.241,1.43,3.971,20.342,13.548,17.372,-4.357,-4.357,-4.356
0.0,-0.05,0.0,6.8971,4.7662,4.5903,1,0.1461,OK,0.05,FORMATION_FOLLOW|FORMATION_FOLLOW|FORMATION_FOLLOW,0,1,1,86.199,0.241,1.433,3.971,20.339,13.546,17.371,-4.357,-4.357,-4.356
0.0,-0.05,0.0,6.8977,4.7645,4.5897,1,0.1467,OK,0.05,FORMATION_FOLLOW|FORMATION_FOLLOW|FORMATION_FOLLOW,0,1,1,86.299,0.242,1.436,3.97,20.337,13.544,17.371,-4.357,-4.357,-4.356
0.0,-0.05,0.0,6.8984,4.7627,4.5894,1,0.1473,OK,0.05,FORMATION_FOLLOW|FORMATION_FOLLOW|FORMATION_FOLLOW,0,1,1,86.399,0.243,1.439,3.97,20.335,13.542,17.37,-4.357,-4.357,-4.356
0.0,-0.05,0.0,6.8991,4.7613,4.5895,1,0.1479,OK,0.05,FORMATION_FOLLOW|FORMATION_FOLLOW|FORMATION_FOLLOW,0,1,1,86.499,0.243,1.442,3.97,20.334,13.54,17.37,-4.357,-4.358,-4.356
0.0,-0.05,0.0,6.8997,4.7598,4.5895,1,0.1483,OK,0.05,FORMATION_FOLLOW|FORMATION_FOLLOW|FORMATION_FOLLOW,0,1,1,86.599,0.244,1.444,3.97,20.332,13.538,17.37,-4.358,-4.358,-4.356
0.0,-0.05,0.0,6.9,4.7581,4.5893,1,0.1488,OK,0.05,FORMATION_FOLLOW|FORMATION_FOLLOW|FORMATION_FOLLOW,0,1,1,86.699,0.245,1.447,3.969,20.33,13.536,17.37,-4.358,-4.359,-4.356
0.0,-0.05,0.0,6.9004,4.7564,4.589,1,0.1493,OK,0.05,FORMATION_FOLLOW|FORMATION_FOLLOW|FORMATION_FOLLOW,0,1,1,86.799,0.246,1.45,3.97,20.329,13.534,17.37,-4.359,-4.359,-4.356
0.0,-0.05,0.0,6.901,4.7549,4.5891,1,0.1499,OK,0.05,FORMATION_FOLLOW|FORMATION_FOLLOW|FORMATION_FOLLOW,0,1,1,86.899,0.247,1.453,3.97,20.327,13.532,17.369,-4.359,-4.359,-4.357
0.0,-0.05,0.0,6.9017,4.7532,4.5898,1,0.1503,OK,0.05,FORMATION_FOLLOW|FORMATION_FOLLOW|FORMATION_FOLLOW,0,1,1,86.999,0.248,1.456,3.97,20.325,13.53,17.37,-4.36,-4.359,-4.357
0.0,-0.05,0.0,6.9023,4.7514,4.5905,1,0.1506,OK,0.05,FORMATION_FOLLOW|FORMATION_FOLLOW|FORMATION_FOLLOW,0,1,1,87.099,0.249,1.458,3.971,20.324,13.528,17.37,-4.361,-4.359,-4.358
0.0,-0.05,0.0,6.9033,4.75,4.591,1,0.1509,OK,0.05,FORMATION_FOLLOW|FORMATION_FOLLOW|FORMATION_FOLLOW,0,1,1,87.199,0.25,1.46,3.971,20.322,13.526,17.37,-4.362,-4.358,-4.358
0.0,-0.05,0.0,6.9046,4.749,4.5917,1,0.1509,OK,0.05,FORMATION_FOLLOW|FORMATION_FOLLOW|FORMATION_FOLLOW,0,1,1,87.299,0.251,1.462,3.971,20.322,13.524,17.37,-4.363,-4.358,-4.359
0.0,-0.05,0.0,6.906,4.7478,4.5927,1,0.1506,OK,0.05,FORMATION_FOLLOW|FORMATION_FOLLOW|FORMATION_FOLLOW,0,1,1,87.399,0.252,1.463,3.971,20.321,13.522,17.37,-4.363,-4.358,-4.359
0.0,-0.05,0.0,6.9074,4.7464,4.5935,1,0.1502,OK,0.05,FORMATION_FOLLOW|FORMATION_FOLLOW|FORMATION_FOLLOW,0,1,1,87.499,0.253,1.465,3.971,20.321,13.52,17.37,-4.364,-4.358,-4.359
0.0,-0.05,0.0,6.9088,4.745,4.5943,1,0.1499,OK,0.05,FORMATION_FOLLOW|FORMATION_FOLLOW|FORMATION_FOLLOW,0,1,1,87.599,0.254,1.466,3.97,20.32,13.519,17.37,-4.364,-4.358,-4.359
0.0,-0.05,0.0,6.9101,4.7435,4.5948,1,0.1496,OK,0.05,FORMATION_FOLLOW|FORMATION_FOLLOW|FORMATION_FOLLOW,0,1,1,87.699,0.255,1.468,3.97,20.32,13.517,17.371,-4.364,-4.358,-4.359
0.0,-0.05,0.0,6.9116,4.7421,4.5955,1,0.1492,OK,0.05,FORMATION_FOLLOW|FORMATION_FOLLOW|FORMATION_FOLLOW,0,1,1,87.799,0.256,1.469,3.97,20.32,13.515,17.371,-4.363,-4.357,-4.359
0.0,-0.05,0.0,6.9134,4.741,4.5964,1,0.1488,OK,0.05,FORMATION_FOLLOW|FORMATION_FOLLOW|FORMATION_FOLLOW,0,1,1,87.899,0.257,1.471,3.97,20.32,13.514,17.371,-4.363,-4.357,-4.358
0.0,-0.05,0.0,6.9155,4.7398,4.5973,1,0.1484,OK,0.05,FORMATION_FOLLOW|FORMATION_FOLLOW|FORMATION_FOLLOW,0,1,1,87.999,0.258,1.473,3.97,20.32,13.512,17.372,-4.363,-4.357,-4.358
0.0,-0.05,0.0,6.9175,4.7386,4.5984,1,0.1479,OK,0.05,FORMATION_FOLLOW|FORMATION_FOLLOW|FORMATION_FOLLOW,0,1,1,88.099,0.259,1.474,3.97,20.32,13.51,17.373,-4.362,-4.357,-4.358
0.0,-0.05,0.0,6.9195,4.7374,4.5997,1,0.1475,OK,0.05,FORMATION_FOLLOW|FORMATION_FOLLOW|FORMATION_FOLLOW,0,1,1,88.199,0.261,1.476,3.97,20.321,13.509,17.374,-4.362,-4.356,-4.358
0.0,-0.05,0.0,6.9214,4.7363,4.6007,1,0.1469,OK,0.05,FORMATION_FOLLOW|FORMATION_FOLLOW|FORMATION_FOLLOW,0,1,1,88.299,0.262,1.477,3.97,20.322,13.508,17.375,-4.362,-4.356,-4.358
0.0,-0.05,0.0,6.9232,4.7354,4.6014,1,0.1463,OK,0.05,FORMATION_FOLLOW|FORMATION_FOLLOW|FORMATION_FOLLOW,0,1,1,88.399,0.263,1.479,3.97,20.322,13.507,17.376,-4.362,-4.356,-4.358
0.0,-0.05,0.0,6.9249,4.7346,4.6023,1,0.1458,OK,0.05,FORMATION_FOLLOW|FORMATION_FOLLOW|FORMATION_FOLLOW,0,1,1,88.499,0.264,1.48,3.97,20.323,13.506,17.376,-4.362,-4.357,-4.358
0.0,-0.05,0.0,6.9269,4.7341,4.6033,1,0.1453,OK,0.05,FORMATION_FOLLOW|FORMATION_FOLLOW|FORMATION_FOLLOW,0,1,1,88.599,0.265,1.481,3.97,20.324,13.504,17.376,-4.362,-4.357,-4.358
0.0,-0.05,0.0,6.9291,4.7342,4.6038,1,0.1448,OK,0.05,FORMATION_FOLLOW|FORMATION_FOLLOW|FORMATION_FOLLOW,0,1,1,88.699,0.266,1.482,3.97,20.325,13.503,17.377,-4.362,-4.357,-4.358
0.0,-0.05,0.0,6.9314,4.7341,4.604,1,0.1443,OK,0.05,FORMATION_FOLLOW|FORMATION_FOLLOW|FORMATION_FOLLOW,0,1,1,88.799,0.266,1.483,3.97,20.326,13.502,17.377,-4.362,-4.358,-4.358
0.0,-0.05,0.0,6.9337,4.7338,4.6042,1,0.1438,OK,0.05,FORMATION_FOLLOW|FORMATION_FOLLOW|FORMATION_FOLLOW,0,1,1,88.899,0.267,1.485,3.97,20.327,13.501,17.377,-4.362,-4.358,-4.358
0.0,-0.05,0.0,6.9356,4.7333,4.6041,1,0.1433,OK,0.05,FORMATION_FOLLOW|FORMATION_FOLLOW|FORMATION_FOLLOW,0,1,1,88.999,0.268,1.486,3.969,20.328,13.5,17.377,-4.362,-4.358,-4.358
0.0,-0.05,0.0,6.9373,4.7329,4.6039,1,0.1427,OK,0.05,FORMATION_FOLLOW|FORMATION_FOLLOW|FORMATION_FOLLOW,0,1,1,89.099,0.27,1.488,3.969,20.329,13.499,17.377,-4.362,-4.358,-4.358
0.0,-0.05,0.0,6.9388,4.7321,4.6035,1,0.1419,OK,0.05,FORMATION_FOLLOW|FORMATION_FOLLOW|FORMATION_FOLLOW,0,1,1,89.199,0.271,1.49,3.969,20.33,13.499,17.377,-4.362,-4.358,-4.358
0.0,-0.05,0.0,6.9398,4.731,4.6032,1,0.141,OK,0.05,FORMATION_FOLLOW|FORMATION_FOLLOW|FORMATION_FOLLOW,0,1,1,89.299,0.273,1.491,3.969,20.33,13.498,17.377,-4.362,-4.358,-4.358
0.0,-0.05,0.0,6.9407,4.7298,4.6029,1,0.1404,OK,0.05,FORMATION_FOLLOW|FORMATION_FOLLOW|FORMATION_FOLLOW,0,1,1,89.399,0.274,1.492,3.969,20.331,13.498,17.377,-4.362,-4.358,-4.357
0.0,-0.05,0.0,6.9417,4.729,4.6023,1,0.1397,OK,0.05,FORMATION_FOLLOW|FORMATION_FOLLOW|FORMATION_FOLLOW,0,1,1,89.499,0.275,1.493,3.968,20.331,13.497,17.377,-4.362,-4.358,-4.357
0.0,-0.05,0.0,6.9424,4.7284,4.6015,1,0.1393,OK,0.05,FORMATION_FOLLOW|FORMATION_FOLLOW|FORMATION_FOLLOW,0,1,1,89.599,0.276,1.495,3.968,20.332,13.497,17.377,-4.361,-4.357,-4.357
0.0,-0.05,0.0,6.9428,4.7276,4.6005,1,0.1392,OK,0.05,FORMATION_FOLLOW|FORMATION_FOLLOW|FORMATION_FOLLOW,0,1,1,89.699,0.277,1.497,3.968,20.332,13.497,17.377,-4.361,-4.357,-4.357
0.0,-0.05,0.0,6.943,4.727,4.5989,1,0.1392,OK,0.05,FORMATION_FOLLOW|FORMATION_FOLLOW|FORMATION_FOLLOW,0,1,1,89.799,0.278,1.498,3.967,20.331,13.496,17.376,-4.361,-4.356,-4.356
0.0,-0.05,0.0,6.9435,4.7267,4.5972,1,0.1393,OK,0.05,FORMATION_FOLLOW|FORMATION_FOLLOW|FORMATION_FOLLOW,0,1,1,89.899,0.278,1.5,3.967,20.331,13.496,17.376,-4.361,-4.356,-4.356
0.0,-0.05,0.0,6.9439,4.7268,4.5954,1,0.1397,OK,0.05,FORMATION_FOLLOW|FORMATION_FOLLOW|FORMATION_FOLLOW,0,1,1,89.999,0.278,1.502,3.966,20.331,13.496,17.375,-4.361,-4.356,-4.356
0.0,-0.05,0.0,6.9442,4.727,4.5937,1,0.1403,OK,0.05,FORMATION_FOLLOW|FORMATION_FOLLOW|FORMATION_FOLLOW,0,1,1,90.099,0.278,1.504,3.966,20.331,13.496,17.375,-4.361,-4.355,-4.356
0.0,-0.05,0.0,6.9444,4.7269,4.592,1,0.1409,OK,0.05,FORMATION_FOLLOW|FORMATION_FOLLOW|FORMATION_FOLLOW,0,1,1,90.199,0.277,1.506,3.965,20.331,13.496,17.374,-4.361,-4.355,-4.356
0.0,-0.05,0.0,6.9442,4.7268,4.5906,1,0.1416,OK,0.05,FORMATION_FOLLOW|FORMATION_FOLLOW|FORMATION_FOLLOW,0,1,1,90.299,0.277,1.508,3.965,20.331,13.496,17.374,-4.362,-4.355,-4.356
0.0,-0.05,0.0,6.944,4.7269,4.5895,1,0.1425,OK,0.05,FORMATION_FOLLOW|FORMATION_FOLLOW|FORMATION_FOLLOW,0,1,1,90.399,0.277,1.509,3.965,20.33,13.496,17.374,-4.362,-4.355,-4.356
0.0,-0.05,0.0,6.944,4.7273,4.5881,1,0.1432,OK,0.05,FORMATION_FOLLOW|FORMATION_FOLLOW|FORMATION_FOLLOW,0,1,1,90.499,0.277,1.511,3.965,20.33,13.496,17.373,-4.362,-4.355,-4.356
0.0,-0.05,0.0,6.9448,4.7281,4.5871,1,0.1438,OK,0.05,FORMATION_FOLLOW|FORMATION_FOLLOW|FORMATION_FOLLOW,0,1,1,90.599,0.277,1.513,3.966,20.329,13.496,17.372,-4.362,-4.355,-4.356
0.0,-0.05,0.0,6.9463,4.7289,4.5863,1,0.1441,OK,0.05,FORMATION_FOLLOW|FORMATION_FOLLOW|FORMATION_FOLLOW,0,1,1,90.699,0.277,1.515,3.966,20.33,13.495,17.371,-4.362,-4.354,-4.356
0.0,-0.05,0.0,6.9482,4.7301,4.5854,1,0.1443,OK,0.05,FORMATION_FOLLOW|FORMATION_FOLLOW|FORMATION_FOLLOW,0,1,1,90.799,0.277,1.517,3.967,20.331,13.494,17.37,-4.362,-4.355,-4.357
0.0,-0.05,0.0,6.9501,4.7315,4.5847,1,0.1446,OK,0.05,FORMATION_FOLLOW|FORMATION_FOLLOW|FORMATION_FOLLOW,0,1,1,90.899,0.277,1.519,3.967,20.331,13.493,17.369,-4.362,-4.355,-4.358
0.0,-0.05,0.0,6.9519,4.7324,4.5848,1,0.1449,OK,0.05,FORMATION_FOLLOW|FORMATION_FOLLOW|FORMATION_FOLLOW,0,1,1,90.999,0.278,1.52,3.968,20.331,13.491,17.369,-4.362,-4.356,-4.358
0.0,-0.05,0.0,6.9533,4.7323,4.5847,1,0.145,OK,0.05,FORMATION_FOLLOW|FORMATION_FOLLOW|FORMATION_FOLLOW,0,1,1,91.099,0.278,1.522,3.968,20.331,13.49,17.368,-4.362,-4.356,-4.359
0.0,-0.05,0.0,6.9544,4.7321,4.5842,1,0.1452,OK,0.05,FORMATION_FOLLOW|FORMATION_FOLLOW|FORMATION_FOLLOW,0,1,1,91.199,0.279,1.524,3.968,20.331,13.489,17.367,-4.362,-4.357,-4.36
0.0,-0.05,0.0,6.9549,4.7317,4.5832,1,0.1453,OK,0.05,FORMATION_FOLLOW|FORMATION_FOLLOW|FORMATION_FOLLOW,0,1,1,91.299,0.279,1.526,3.968,20.331,13.488,17.367,-4.361,-4.357,-4.36
0.0,-0.05,0.0,6.955,4.731,4.5822,1,0.1452,OK,0.05,FORMATION_FOLLOW|FORMATION_FOLLOW|FORMATION_FOLLOW,0,1,1,91.399,0.28,1.527,3.967,20.33,13.488,17.367,-4.361,-4.357,-4.361
0.0,-0.05,0.0,6.9549,4.7302,4.5811,1,0.1451,OK,0.05,FORMATION_FOLLOW|FORMATION_FOLLOW|FORMATION_FOLLOW,0,1,1,91.499,0.28,1.528,3.967,20.33,13.488,17.367,-4.361,-4.357,-4.361
0.0,-0.05,0.0,6.955,4.7295,4.58,1,0.1452,OK,0.05,FORMATION_FOLLOW|FORMATION_FOLLOW|FORMATION_FOLLOW,0,1,1,91.599,0.28,1.53,3.966,20.33,13.488,17.366,-4.36,-4.357,-4.361
0.0,-0.05,0.0,6.9556,4.7293,4.5792,1,0.1455,OK,0.05,FORMATION_FOLLOW|FORMATION_FOLLOW|FORMATION_FOLLOW,0,1,1,91.699,0.28,1.531,3.965,20.33,13.488,17.366,-4.36,-4.357,-4.361
0.0,-0.05,0.0,6.9567,4.7291,4.5786,1,0.1458,OK,0.05,FORMATION_FOLLOW|FORMATION_FOLLOW|FORMATION_FOLLOW,0,1,1,91.799,0.283,1.536,3.968,20.331,13.488,17.367,-4.36,-4.357,-4.361
0.0,-0.05,0.0,6.9578,4.7292,4.5783,1,0.1461,OK,0.05,FORMATION_FOLLOW|FORMATION_FOLLOW|FORMATION_FOLLOW,0,1,1,91.899,0.294,1.548,3.979,20.333,13.489,17.369,-4.36,-4.356,-4.361
0.0,-0.05,0.0,6.9584,4.7295,4.578,1,0.1464,OK,0.05,FORMATION_FOLLOW|FORMATION_FOLLOW|FORMATION_FOLLOW,0,1,1,91.999,0.313,1.568,3.998,20.335,13.491,17.371,-4.359,-4.356,-4.36
