absent,cur_x,cur_y,cur_z,d_0_1,d_0_2,d_0_3,d_1_2,d_1_3,d_2_3,episodes,form_err,form_err_present,formation_state,max_drift,modes,p1_ok,p2_ok,t,x0,x1,x2,x3,y0,y1,y2,y3,z0,z1,z2,z3
,0.0,0.0,0.0,3.5002,3.4999,4.9494,4.9498,3.4995,3.4999,0,0.0004,0.0004,OK,0.0,FORMATION_FOLLOW|FORMATION_FOLLOW|FORMATION_FOLLOW|FORMATION_FOLLOW,1,1,0.1,-14.25,-14.25,-17.75,-17.75,-32.25,-35.75,-32.25,-35.75,-5.0,-5.0,-5.0,-5.0
,0.0,0.0,0.0,3.5005,3.4998,4.9488,4.9497,3.4984,3.5,0,0.0011,0.0011,OK,0.0,FORMATION_FOLLOW|FORMATION_FOLLOW|FORMATION_FOLLOW|FORMATION_FOLLOW,1,1,0.2,-14.25,-14.25,-17.75,-17.749,-32.25,-35.75,-32.25,-35.75,-5.001,-5.002,-5.002,-5.001
,0.0,0.0,0.0,3.5012,3.5001,4.9488,4.95,3.4973,3.5004,0,0.0017,0.0017,OK,0.0,FORMATION_FOLLOW|FORMATION_FOLLOW|FORMATION_FOLLOW|FORMATION_FOLLOW,1,1,0.3,-14.25,-14.251,-17.75,-17.748,-32.249,-35.75,-32.249,-35.75,-5.002,-5.003,-5.003,-5.003
,0.0,0.0,0.0,3.5021,3.5006,4.9491,4.9508,3.4968,3.501,0,0.002,0.002,OK,0.0,FORMATION_FOLLOW|FORMATION_FOLLOW|FORMATION_FOLLOW|FORMATION_FOLLOW,1,1,0.4,-14.25,-14.251,-17.751,-17.748,-32.248,-35.75,-32.248,-35.749,-5.004,-5.004,-5.005,-5.005
,0.0,0.0,0.0,3.5034,3.5016,4.9495,4.9521,3.4965,3.5015,0,0.0027,0.0027,OK,0.0,FORMATION_FOLLOW|FORMATION_FOLLOW|FORMATION_FOLLOW|FORMATION_FOLLOW,1,1,0.5,-14.25,-14.251,-17.751,-17.748,-32.248,-35.751,-32.247,-35.749,-5.005,-5.006,-5.008,-5.006
,0.0,0.0,0.0,3.5051,3.5029,4.9504,4.9539,3.4965,3.5023,0,0.0036,0.0036,OK,0.0,FORMATION_FOLLOW|FORMATION_FOLLOW|FORMATION_FOLLOW|FORMATION_FOLLOW,1,1,0.6,-14.249,-14.251,-17.752,-17.748,-32.247,-35.752,-32.247,-35.749,-5.008,-5.008,-5.011,-5.008
,0.0,0.0,0.0,3.5073,3.5041,4.9518,4.9558,3.4965,3.5035,0,0.0047,0.0047,OK,0.0,FORMATION_FOLLOW|FORMATION_FOLLOW|FORMATION_FOLLOW|FORMATION_FOLLOW,1,1,0.7,-14.249,-14.251,-17.753,-17.748,-32.245,-35.752,-32.246,-35.749,-5.01,-5.01,-5.014,-5.01
,0.0,0.0,0.0,3.5103,3.5052,4.9534,4.958,3.4966,3.5047,0,0.0058,0.0058,OK,0.0,FORMATION_FOLLOW|FORMATION_FOLLOW|FORMATION_FOLLOW|FORMATION_FOLLOW,1,1,0.8,-14.249,-14.251,-17.754,-17.747,-32.243,-35.754,-32.245,-35.75,-5.012,-5.012,-5.016,-5.013
,0.0,0.0,0.0,3.5132,3.5064,4.9552,4.9601,3.497,3.5056,0,0.0071,0.0071,OK,0.0,FORMATION_FOLLOW|FORMATION_FOLLOW|FORMATION_FOLLOW|FORMATION_FOLLOW,1,1,0.9,-14.248,-14.25,-17.755,-17.748,-32.241,-35.755,-32.244,-35.75,-5.014,-5.015,-5.019,-5.016
,0.0,0.0,0.0,3.5152,3.5078,4.9565,4.9619,3.4975,3.5063,0,0.008,0.008,OK,0.0,FORMATION_FOLLOW|FORMATION_FOLLOW|FORMATION_FOLLOW|FORMATION_FOLLOW,1,1,1.0,-14.248,-14.25,-17.756,-17.748,-32.24,-35.755,-32.244,-35.75,-5.016,-5.017,-5.022,-5.018
,0.0,0.0,0.0,3.517,3.5091,4.9578,4.9635,3.4976,3.5073,0,0.0092,0.0092,OK,0.0,FORMATION_FOLLOW|FORMATION_FOLLOW|FORMATION_FOLLOW|FORMATION_FOLLOW,1,1,1.1,-14.248,-14.25,-17.757,-17.747,-32.239,-35.756,-32.244,-35.751,-5.018,-5.019,-5.024,-5.021
,0.0,0.0,0.0,3.5182,3.5103,4.9588,4.965,3.4975,3.5084,0,0.01,0.01,OK,0.0,FORMATION_FOLLOW|FORMATION_FOLLOW|FORMATION_FOLLOW|FORMATION_FOLLOW,1,1,1.2,-14.248,-14.249,-17.758,-17.747,-32.238,-35.757,-32.244,-35.752,-5.021,-5.021,-5.027,-5.024
,0.0,0.0,0.0,3.5189,3.5113,4.9594,4.9658,3.4969,3.5092,0,0.0106,0.0106,OK,0.0,FORMATION_FOLLOW|FORMATION_FOLLOW|FORMATION_FOLLOW|FORMATION_FOLLOW,1,1,1.3,-14.247,-14.249,-17.759,-17.746,-32.238,-35.757,-32.243,-35.753,-5.023,-5.024,-5.029,-5.027
,0.0,0.0,0.0,3.5194,3.5121,4.9598,4.9661,3.4964,3.5094,0,0.0111,0.0111,OK,0.0,FORMATION_FOLLOW|FORMATION_FOLLOW|FORMATION_FOLLOW|FORMATION_FOLLOW,1,1,1.4,-14.247,-14.249,-17.759,-17.745,-32.237,-35.757,-32.244,-35.753,-5.026,-5.026,-5.031,-5.029
,0.0,0.0,0.0,3.5193,3.5132,4.9595,4.9664,3.4959,3.509,0,0.0113,0.0113,OK,0.0,FORMATION_FOLLOW|FORMATION_FOLLOW|FORMATION_FOLLOW|FORMATION_FOLLOW,1,1,1.5,-14.247,-14.248,-17.76,-17.744,-32.237,-35.756,-32.244,-35.753,-5.029,-5.028,-5.033,-5.032
,0.0,0.0,0.0,3.5186,3.5142,4.9588,4.9666,3.4953,3.5085,0,0.0119,0.0119,OK,0.0,FORMATION_FOLLOW|FORMATION_FOLLOW|FORMATION_FOLLOW|FORMATION_FOLLOW,1,1,1.6,-14.247,-14.248,-17.761,-17.743,-32.237,-35.755,-32.245,-35.754,-5.032,-5.03,-5.035,-5.035
,0.0,0.0,0.0,3.5173,3.5154,4.9578,4.9667,3.4947,3.508,0,0.0131,0.0131,OK,0.0,FORMATION_FOLLOW|FORMATION_FOLLOW|FORMATION_FOLLOW|FORMATION_FOLLOW,1,1,1.7,-14.247,-14.247,-17.762,-17.742,-32.237,-35.754,-32.246,-35.754,-5.034,-5.033,-5.036,-5.037
,0.0,0.0,0.0,3.5155,3.517,4.9566,4.9669,3.4943,3.507,0,0.0145,0.0145,OK,0.0,FORMATION_FOLLOW|FORMATION_FOLLOW|FORMATION_FOLLOW|FORMATION_FOLLOW,1,1,1.8,-14.247,-14.246,-17.764,-17.741,-32.238,-35.753,-32.247,-35.754,-5.037,-5.035,-5.037,-5.039
,0.0,0.0,0.0,3.5143,3.5189,4.9555,4.9676,3.494,3.5061,0,0.0161,0.0161,OK,0.0,FORMATION_FOLLOW|FORMATION_FOLLOW|FORMATION_FOLLOW|FORMATION_FOLLOW,1,1,1.9,-14.247,-14.246,-17.765,-17.74,-32.239,-35.753,-32.248,-35.754,-5.039,-5.037,-5.038,-5.042
,0.0,0.0,0.0,3.5128,3.5208,4.9543,4.9681,3.4938,3.5051,0,0.0178,0.0178,OK,0.0,FORMATION_FOLLOW|FORMATION_FOLLOW|FORMATION_FOLLOW|FORMATION_FOLLOW,1,1,2.0,-14.246,-14.245,-17.767,-17.739,-32.24,-35.753,-32.249,-35.754,-5.041,-5.039,-5.04,-5.044
,0.0,0.0,0.0,3.5113,3.5225,4.9531,4.9685,3.4935,3.504,0,0.0194,0.0194,OK,0.0,FORMATION_FOLLOW|FORMATION_FOLLOW|FORMATION_FOLLOW|FORMATION_FOLLOW,1,1,2.1,-14.241,-14.239,-17.763,-17.733,-32.241,-35.752,-32.25,-35.754,-5.044,-5.04,-5.041,-5.046
,0.0,0.0,0.0,3.5103,3.5238,4.9517,4.9688,3.4929,3.5027,0,0.0209,0.0209,OK,0.0,FORMATION_FOLLOW|FORMATION_FOLLOW|FORMATION_FOLLOW|FORMATION_FOLLOW,1,1,2.2,-14.229,-14.227,-17.753,-17.72,-32.241,-35.752,-32.251,-35.753,-5.046,-5.042,-5.043,-5.047
,0.0,0.0,0.0,3.5098,3.5247,4.9503,4.9688,3.4922,3.5012,0,0.0221,0.0221,OK,0.0,FORMATION_FOLLOW|FORMATION_FOLLOW|FORMATION_FOLLOW|FORMATION_FOLLOW,1,1,2.3,-14.211,-14.208,-17.736,-17.701,-32.241,-35.751,-32.252,-35.753,-5.047,-5.044,-5.045,-5.049
,0.0,0.0,0.0,3.5096,3.5254,4.9493,4.9689,3.4914,3.5,0,0.0232,0.0232,OK,0.0,FORMATION_FOLLOW|FORMATION_FOLLOW|FORMATION_FOLLOW|FORMATION_FOLLOW,1,1,2.4,-14.189,-14.186,-17.714,-17.677,-32.241,-35.751,-32.253,-35.752,-5.049,-5.045,-5.046,-5.05
,0.0,0.0,0.0,3.5093,3.5257,4.9479,4.969,3.4909,3.4989,0,0.0241,0.0241,OK,0.0,FORMATION_FOLLOW|FORMATION_FOLLOW|FORMATION_FOLLOW|FORMATION_FOLLOW,1,1,2.5,-14.163,-14.158,-17.688,-17.649,-32.241,-35.751,-32.253,-35.752,-5.05,-5.047,-5.047,-5.051
,0.0,0.0,0.0,3.5091,3.5256,4.9465,4.969,3.4904,3.4976,0,0.0249,0.0249,OK,0.0,FORMATION_FOLLOW|FORMATION_FOLLOW|FORMATION_FOLLOW|FORMATION_FOLLOW,1,1,2.6,-14.134,-14.128,-17.659,-17.619,-32.241,-35.75,-32.254,-35.752,-5.051,-5.048,-5.048,-5.051
,0.0,0.0,0.0,3.5092,3.5252,4.9456,4.9688,3.4904,3.4964,0,0.0255,0.0255,OK,0.0,FORMATION_FOLLOW|FORMATION_FOLLOW|FORMATION_FOLLOW|FORMATION_FOLLOW,1,1,2.7,-14.103,-14.096,-17.628,-17.586,-32.241,-35.75,-32.255,-35.751,-5.052,-5.049,-5.049,-5.052
,0.0,0.0,0.0,3.5096,3.5244,4.9452,4.9683,3.4906,3.4954,0,0.0259,0.0259,OK,0.0,FORMATION_FOLLOW|FORMATION_FOLLOW|FORMATION_FOLLOW|FORMATION_FOLLOW,1,1,2.8,-14.07,-14.061,-17.594,-17.552,-32.24,-35.75,-32.256,-35.751,-5.053,-5.051,-5.05,-5.053
,0.0,0.0,0.0,3.5094,3.5238,4.9452,4.9676,3.4912,3.4944,0,0.0262,0.0262,OK,0.0,FORMATION_FOLLOW|FORMATION_FOLLOW|FORMATION_FOLLOW|FORMATION_FOLLOW,1,1,2.9,-14.035,-14.026,-17.559,-17.517,-32.239,-35.749,-32.257,-35.751,-5.054,-5.052,-5.05,-5.053
,0.0,0.0,0.0,3.5088,3.5232,4.9454,4.9665,3.4925,3.4931,0,0.0264,0.0264,OK,0.0,FORMATION_FOLLOW|FORMATION_FOLLOW|FORMATION_FOLLOW|FORMATION_FOLLOW,1,1,3.0,-14.0,-13.989,-17.523,-17.482,-32.239,-35.748,-32.259,-35.751,-5.054,-5.053,-5.051,-5.053
,0.0,0.0,0.0,3.5078,3.5227,4.9453,4.9655,3.4938,3.4919,0,0.0267,0.0267,OK,0.0,FORMATION_FOLLOW|FORMATION_FOLLOW|FORMATION_FOLLOW|FORMATION_FOLLOW,1,1,3.1,-13.964,-13.952,-17.487,-17.446,-32.239,-35.747,-32.26,-35.751,-5.055,-5.053,-5.052,-5.053
,0.0,0.0,0.0,3.5065,3.5221,4.945,4.9646,3.4951,3.4907,0,0.0268,0.0268,OK,0.0,FORMATION_FOLLOW|FORMATION_FOLLOW|FORMATION_FOLLOW|FORMATION_FOLLOW,1,1,3.2,-13.928,-13.915,-17.45,-17.41,-32.24,-35.747,-32.261,-35.751,-5.055,-5.054,-5.052,-5.053
,0.0,0.0,0.0,3.5053,3.5219,4.9449,4.9635,3.496,3.4895,0,0.0269,0.0269,OK,0.0,FORMATION_FOLLOW|FORMATION_FOLLOW|FORMATION_FOLLOW|FORMATION_FOLLOW,1,1,3.3,-13.891,-13.877,-17.413,-17.373,-32.241,-35.746,-32.262,-35.751,-5.056,-5.055,-5.053,-5.053
,0.0,0.0,0.0,3.5039,3.5218,4.9445,4.9623,3.4963,3.4885,0,0.0272,0.0272,OK,0.0,FORMATION_FOLLOW|FORMATION_FOLLOW|FORMATION_FOLLOW|FORMATION_FOLLOW,1,1,3.4,-13.854,-13.84,-17.376,-17.337,-32.242,-35.746,-32.263,-35.751,-5.056,-5.055,-5.053,-5.054
,0.0,0.0,0.0,3.5027,3.5218,4.9445,4.961,3.4965,3.4875,0,0.0274,0.0274,OK,0.0,FORMATION_FOLLOW|FORMATION_FOLLOW|FORMATION_FOLLOW|FORMATION_FOLLOW,1,1,3.5,-13.817,-13.804,-17.339,-17.3,-32.242,-35.745,-32.264,-35.752,-5.056,-5.056,-5.054,-5.054
,0.0,0.0,0.0,3.5021,3.5217,4.9446,4.96,3.4969,3.4866,0,0.0274,0.0274,OK,0.0,FORMATION_FOLLOW|FORMATION_FOLLOW|FORMATION_FOLLOW|FORMATION_FOLLOW,1,1,3.6,-13.781,-13.768,-17.302,-17.265,-32.243,-35.745,-32.266,-35.752,-5.056,-5.056,-5.054,-5.055
,0.0,0.0,0.0,3.5016,3.5215,4.9452,4.9589,3.4974,3.4859,0,0.0275,0.0275,OK,0.0,FORMATION_FOLLOW|FORMATION_FOLLOW|FORMATION_FOLLOW|FORMATION_FOLLOW,1,1,3.7,-13.745,-13.732,-17.266,-17.229,-32.244,-35.745,-32.267,-35.753,-5.055,-5.056,-5.054,-5.056
,0.0,0.0,0.0,3.5011,3.5213,4.946,4.9576,3.4978,3.4857,0,0.0274,0.0274,OK,0.0,FORMATION_FOLLOW|FORMATION_FOLLOW|FORMATION_FOLLOW|FORMATION_FOLLOW,1,1,3.8,-13.709,-13.697,-17.23,-17.194,-32.244,-35.745,-32.268,-35.754,-5.055,-5.056,-5.054,-5.056
,0.0,0.0,0.0,3.5002,3.521,4.9467,4.9563,3.4983,3.4855,0,0.0275,0.0275,OK,0.0,FORMATION_FOLLOW|FORMATION_FOLLOW|FORMATION_FOLLOW|FORMATION_FOLLOW,1,1,3.9,-13.674,-13.662,-17.195,-17.16,-32.245,-35.745,-32.27,-35.755,-5.054,-5.056,-5.053,-5.057
,0.0,0.0,0.0,3.4994,3.5209,4.9478,4.9551,3.4992,3.4853,0,0.0276,0.0276,OK,0.0,FORMATION_FOLLOW|FORMATION_FOLLOW|FORMATION_FOLLOW|FORMATION_FOLLOW,1,1,4.0,-13.64,-13.627,-17.16,-17.126,-32.246,-35.745,-32.271,-35.756,-5.053,-5.055,-5.053,-5.057
,0.0,0.0,0.0,3.4987,3.5213,4.9493,4.9539,3.4999,3.4853,0,0.0277,0.0277,OK,0.0,FORMATION_FOLLOW|FORMATION_FOLLOW|FORMATION_FOLLOW|FORMATION_FOLLOW,1,1,4.1,-13.605,-13.593,-17.126,-17.093,-32.246,-35.745,-32.272,-35.757,-5.053,-5.055,-5.052,-5.057
,0.0,0.0,0.0,3.4979,3.5215,4.9503,4.9527,3.5004,3.4851,0,0.0277,0.0277,OK,0.0,FORMATION_FOLLOW|FORMATION_FOLLOW|FORMATION_FOLLOW|FORMATION_FOLLOW,1,1,4.2,-13.571,-13.56,-17.092,-17.06,-32.247,-35.745,-32.273,-35.758,-5.053,-5.055,-5.052,-5.057
,0.0,0.0,0.0,3.4971,3.5215,4.9509,4.9513,3.5003,3.4849,0,0.0275,0.0275,OK,0.0,FORMATION_FOLLOW|FORMATION_FOLLOW|FORMATION_FOLLOW|FORMATION_FOLLOW,1,1,4.3,-13.538,-13.528,-17.059,-17.028,-32.248,-35.745,-32.274,-35.759,-5.052,-5.054,-5.052,-5.057
,0.0,0.0,0.0,3.4959,3.5214,4.9515,4.9496,3.5001,3.4849,0,0.0271,0.0271,OK,0.0,FORMATION_FOLLOW|FORMATION_FOLLOW|FORMATION_FOLLOW|FORMATION_FOLLOW,1,1,4.4,-13.505,-13.496,-17.026,-16.996,-32.249,-35.745,-32.275,-35.76,-5.052,-5.054,-5.052,-5.057
,0.0,0.0,0.0,3.4944,3.5213,4.9523,4.9477,3.4999,3.485,0,0.0266,0.0266,OK,0.0,FORMATION_FOLLOW|FORMATION_FOLLOW|FORMATION_FOLLOW|FORMATION_FOLLOW,1,1,4.5,-13.472,-13.465,-16.993,-16.965,-32.25,-35.744,-32.276,-35.761,-5.051,-5.054,-5.052,-5.057
,0.0,0.0,0.0,3.4931,3.5207,4.9531,4.9455,3.4997,3.4852,0,0.0259,0.0259,OK,0.0,FORMATION_FOLLOW|FORMATION_FOLLOW|FORMATION_FOLLOW|FORMATION_FOLLOW,1,1,4.6,-13.44,-13.434,-16.961,-16.934,-32.251,-35.744,-32.276,-35.761,-5.051,-5.054,-5.052,-5.058
,0.0,0.0,0.0,3.4921,3.5196,4.9537,4.9437,3.4995,3.4858,0,0.0248,0.0248,OK,0.0,FORMATION_FOLLOW|FORMATION_FOLLOW|FORMATION_FOLLOW|FORMATION_FOLLOW,1,1,4.7,-13.408,-13.404,-16.928,-16.903,-32.251,-35.743,-32.276,-35.762,-5.05,-5.055,-5.051,-5.058
,0.0,0.0,0.0,3.4911,3.5184,4.9541,4.9419,3.4992,3.4863,0,0.0236,0.0236,OK,0.0,FORMATION_FOLLOW|FORMATION_FOLLOW|FORMATION_FOLLOW|FORMATION_FOLLOW,1,1,4.8,-13.377,-13.374,-16.895,-16.873,-32.252,-35.743,-32.276,-35.762,-5.05,-5.055,-5.052,-5.058
,0.0,0.0,0.0,3.4896,3.5174,4.9544,4.9398,3.499,3.4866,0,0.0227,0.0227,OK,0.0,FORMATION_FOLLOW|FORMATION_FOLLOW|FORMATION_FOLLOW|FORMATION_FOLLOW,1,1,4.9,-13.346,-13.344,-16.863,-16.843,-32.252,-35.742,-32.275,-35.762,-5.05,-5.056,-5.052,-5.058
,0.0,0.0,0.0,3.4881,3.5169,4.9548,4.9383,3.499,3.4869,0,0.0222,0.0222,OK,0.0,FORMATION_FOLLOW|FORMATION_FOLLOW|FORMATION_FOLLOW|FORMATION_FOLLOW,1,1,5.0,-13.315,-13.314,-16.832,-16.813,-32.253,-35.741,-32.275,-35.762,-5.05,-5.056,-5.052,-5.058
,0.0,0.0,0.0,3.4866,3.5161,4.9546,4.9368,3.4988,3.4869,0,0.0218,0.0218,OK,0.0,FORMATION_FOLLOW|FORMATION_FOLLOW|FORMATION_FOLLOW|FORMATION_FOLLOW,1,1,5.1,-13.285,-13.284,-16.801,-16.783,-32.253,-35.74,-32.275,-35.762,-5.05,-5.057,-5.053,-5.057
,0.0,0.0,0.0,3.4851,3.515,4.9539,4.9351,3.4983,3.4867,0,0.0213,0.0213,OK,0.0,FORMATION_FOLLOW|FORMATION_FOLLOW|FORMATION_FOLLOW|FORMATION_FOLLOW,1,1,5.2,-13.255,-13.254,-16.77,-16.753,-32.254,-35.739,-32.275,-35.762,-5.05,-5.057,-5.053,-5.057
,0.0,0.0,0.0,3.4838,3.5141,4.953,4.9339,3.4977,3.4865,0,0.021,0.021,OK,0.0,FORMATION_FOLLOW|FORMATION_FOLLOW|FORMATION_FOLLOW|FORMATION_FOLLOW,1,1,5.3,-13.225,-13.225,-16.739,-16.723,-32.254,-35.738,-32.275,-35.761,-5.05,-5.057,-5.053,-5.057
,0.0,0.0,0.0,3.4827,3.5134,4.952,4.9329,3.4969,3.4863,0,0.0206,0.0206,OK,0.0,FORMATION_FOLLOW|FORMATION_FOLLOW|FORMATION_FOLLOW|FORMATION_FOLLOW,1,1,5.4,-13.196,-13.196,-16.709,-16.693,-32.255,-35.738,-32.275,-35.761,-5.051,-5.056,-5.054,-5.057
,0.0,0.0,0.0,3.4818,3.5127,4.951,4.9325,3.4968,3.4863,0,0.0202,0.0202,OK,0.0,FORMATION_FOLLOW|FORMATION_FOLLOW|FORMATION_FOLLOW|FORMATION_FOLLOW,1,1,5.5,-13.166,-13.167,-16.679,-16.663,-32.256,-35.737,-32.274,-35.761,-5.051,-5.056,-5.054,-5.057
,0.0,0.0,0.0,3.4812,3.5121,4.9503,4.9324,3.4966,3.4863,0,0.0198,0.0198,OK,0.0,FORMATION_FOLLOW|FORMATION_FOLLOW|FORMATION_FOLLOW|FORMATION_FOLLOW,1,1,5.6,-13.137,-13.137,-16.649,-16.634,-32.256,-35.737,-32.274,-35.76,-5.052,-5.056,-5.055,-5.057
,0.0,0.0,0.0,3.4809,3.5114,4.9496,4.9324,3.4961,3.4868,0,0.0197,0.0197,OK,0.0,FORMATION_FOLLOW|FORMATION_FOLLOW|FORMATION_FOLLOW|FORMATION_FOLLOW,1,1,5.7,-13.108,-13.108,-16.62,-16.604,-32.257,-35.738,-32.274,-35.76,-5.052,-5.056,-5.055,-5.057
,0.0,0.0,0.0,3.4802,3.511,4.9491,4.9322,3.4955,3.4875,0,0.0199,0.0199,OK,0.0,FORMATION_FOLLOW|FORMATION_FOLLOW|FORMATION_FOLLOW|FORMATION_FOLLOW,1,1,5.8,-13.079,-13.079,-16.59,-16.575,-32.257,-35.737,-32.273,-35.761,-5.053,-5.056,-5.056,-5.057
,0.0,0.0,0.0,3.4788,3.5106,4.9489,4.9319,3.4955,3.4886,0,0.0206,0.0206,OK,0.0,FORMATION_FOLLOW|FORMATION_FOLLOW|FORMATION_FOLLOW|FORMATION_FOLLOW,1,1,5.9,-13.05,-13.05,-16.561,-16.545,-32.258,-35.736,-32.273,-35.761,-5.053,-5.057,-5.056,-5.057
,0.0,0.0,0.0,3.4767,3.5107,4.9485,4.9316,3.4957,3.4896,0,0.0218,0.0218,OK,0.0,FORMATION_FOLLOW|FORMATION_FOLLOW|FORMATION_FOLLOW|FORMATION_FOLLOW,1,1,6.0,-13.02,-13.02,-16.531,-16.516,-32.259,-35.735,-32.272,-35.762,-5.053,-5.057,-5.056,-5.057
,0.0,0.0,0.0,3.4742,3.5106,4.9475,4.9311,3.4954,3.4902,0,0.0229,0.0229,OK,0.0,FORMATION_FOLLOW|FORMATION_FOLLOW|FORMATION_FOLLOW|FORMATION_FOLLOW,1,1,6.1,-12.991,-12.99,-16.502,-16.486,-32.26,-35.734,-32.272,-35.762,-5.054,-5.057,-5.056,-5.057
,0.0,0.0,0.0,3.4716,3.5103,4.9462,4.93,3.4947,3.4904,0,0.0241,0.0241,OK,0.0,FORMATION_FOLLOW|FORMATION_FOLLOW|FORMATION_FOLLOW|FORMATION_FOLLOW,1,1,6.2,-12.961,-12.961,-16.472,-16.456,-32.262,-35.733,-32.272,-35.762,-5.054,-5.058,-5.056,-5.058
,0.0,0.0,0.0,3.4691,3.5099,4.9448,4.9287,3.494,3.4904,0,0.0253,0.0253,OK,0.0,FORMATION_FOLLOW|FORMATION_FOLLOW|FORMATION_FOLLOW|FORMATION_FOLLOW,1,1,6.3,-12.932,-12.932,-16.442,-16.426,-32.263,-35.733,-32.272,-35.763,-5.054,-5.058,-5.056,-5.058
,0.0,0.0,0.0,3.4666,3.5095,4.944,4.9277,3.4936,3.4909,0,0.0264,0.0264,OK,0.0,FORMATION_FOLLOW|FORMATION_FOLLOW|FORMATION_FOLLOW|FORMATION_FOLLOW,1,1,6.4,-12.903,-12.903,-16.412,-16.397,-32.265,-35.732,-32.272,-35.763,-5.055,-5.059,-5.056,-5.058
,0.0,0.0,0.0,3.4646,3.5095,4.9437,4.9268,3.4931,3.4918,0,0.0274,0.0274,OK,0.0,FORMATION_FOLLOW|FORMATION_FOLLOW|FORMATION_FOLLOW|FORMATION_FOLLOW,1,1,6.5,-12.873,-12.874,-16.383,-16.367,-32.266,-35.731,-32.272,-35.764,-5.055,-5.06,-5.056,-5.058
,0.0,0.0,0.0,3.4632,3.5096,4.944,4.9263,3.4928,3.493,0,0.0283,0.0283,OK,0.0,FORMATION_FOLLOW|FORMATION_FOLLOW|FORMATION_FOLLOW|FORMATION_FOLLOW,1,1,6.6,-12.844,-12.845,-16.353,-16.338,-32.267,-35.73,-32.271,-35.764,-5.055,-5.06,-5.055,-5.058
,0.0,0.0,0.0,3.4618,3.5098,4.9445,4.9255,3.4927,3.494,0,0.0292,0.0292,OK,0.0,FORMATION_FOLLOW|FORMATION_FOLLOW|FORMATION_FOLLOW|FORMATION_FOLLOW,1,1,6.7,-12.814,-12.817,-16.324,-16.309,-32.267,-35.729,-32.271,-35.764,-5.055,-5.061,-5.055,-5.058
,0.0,0.0,0.0,3.4605,3.5104,4.9451,4.9248,3.4928,3.4945,0,0.0301,0.0301,OK,0.0,FORMATION_FOLLOW|FORMATION_FOLLOW|FORMATION_FOLLOW|FORMATION_FOLLOW,1,1,6.8,-12.784,-12.788,-16.295,-16.28,-32.267,-35.728,-32.27,-35.764,-5.055,-5.062,-5.055,-5.058
,0.0,0.0,0.0,3.4592,3.5111,4.9458,4.9239,3.4929,3.4947,0,0.0311,0.0311,OK,0.0,FORMATION_FOLLOW|FORMATION_FOLLOW|FORMATION_FOLLOW|FORMATION_FOLLOW,1,1,6.9,-12.754,-12.759,-16.265,-16.251,-32.267,-35.726,-32.27,-35.765,-5.055,-5.063,-5.055,-5.058
,0.0,0.0,0.0,3.4583,3.5119,4.9465,4.9233,3.493,3.495,0,0.0319,0.0319,OK,0.0,FORMATION_FOLLOW|FORMATION_FOLLOW|FORMATION_FOLLOW|FORMATION_FOLLOW,1,1,7.0,-12.725,-12.73,-16.236,-16.222,-32.267,-35.726,-32.27,-35.765,-5.055,-5.063,-5.056,-5.058
,0.0,0.0,0.0,3.4577,3.5129,4.9473,4.9234,3.4933,3.4954,0,0.0323,0.0323,OK,0.0,FORMATION_FOLLOW|FORMATION_FOLLOW|FORMATION_FOLLOW|FORMATION_FOLLOW,1,1,7.1,-12.695,-12.7,-16.208,-16.194,-32.267,-35.725,-32.27,-35.765,-5.055,-5.064,-5.056,-5.058
,0.0,0.0,0.0,3.4572,3.5146,4.9483,4.9242,3.4941,3.496,0,0.0326,0.0326,OK,0.0,FORMATION_FOLLOW|FORMATION_FOLLOW|FORMATION_FOLLOW|FORMATION_FOLLOW,1,1,7.2,-12.665,-12.671,-16.179,-16.165,-32.267,-35.724,-32.269,-35.765,-5.055,-5.064,-5.056,-5.057
,0.0,0.0,0.0,3.457,3.5162,4.9491,4.9253,3.4949,3.4965,0,0.0327,0.0327,OK,0.0,FORMATION_FOLLOW|FORMATION_FOLLOW|FORMATION_FOLLOW|FORMATION_FOLLOW,1,1,7.3,-12.635,-12.642,-16.151,-16.136,-32.267,-35.724,-32.269,-35.765,-5.055,-5.063,-5.057,-5.057
,0.0,0.0,0.0,3.4569,3.5176,4.9498,4.9264,3.4959,3.4967,0,0.0328,0.0328,OK,0.0,FORMATION_FOLLOW|FORMATION_FOLLOW|FORMATION_FOLLOW|FORMATION_FOLLOW,1,1,7.4,-12.606,-12.612,-16.124,-16.108,-32.267,-35.724,-32.269,-35.765,-5.055,-5.063,-5.057,-5.056
,0.0,0.0,0.0,3.4569,3.5194,4.9506,4.9279,3.4973,3.4968,0,0.0328,0.0328,OK,0.0,FORMATION_FOLLOW|FORMATION_FOLLOW|FORMATION_FOLLOW|FORMATION_FOLLOW,1,1,7.5,-12.576,-12.582,-16.096,-16.079,-32.267,-35.724,-32.269,-35.766,-5.055,-5.062,-5.058,-5.056
,0.0,0.0,0.0,3.4572,3.5217,4.9519,4.9297,3.4989,3.4969,0,0.0328,0.0328,OK,0.0,FORMATION_FOLLOW|FORMATION_FOLLOW|FORMATION_FOLLOW|FORMATION_FOLLOW,1,1,7.6,-12.546,-12.552,-16.068,-16.05,-32.266,-35.724,-32.269,-35.766,-5.055,-5.061,-5.058,-5.057
,0.0,0.0,0.0,3.4577,3.5238,4.9528,4.9314,3.5003,3.4966,0,0.0328,0.0328,OK,0.0,FORMATION_FOLLOW|FORMATION_FOLLOW|FORMATION_FOLLOW|FORMATION_FOLLOW,1,1,7.7,-12.517,-12.521,-16.041,-16.021,-32.266,-35.724,-32.269,-35.766,-5.055,-5.06,-5.059,-5.057
,0.0,0.0,0.0,3.4577,3.5256,4.9531,4.933,3.5017,3.4961,0,0.033,0.033,OK,0.0,FORMATION_FOLLOW|FORMATION_FOLLOW|FORMATION_FOLLOW|FORMATION_FOLLOW,1,1,7.8,-12.487,-12.491,-16.013,-15.992,-32.266,-35.724,-32.27,-35.766,-5.054,-5.059,-5.059,-5.056
,0.0,0.0,0.0,3.4577,3.5272,4.953,4.9346,3.5029,3.4953,0,0.0334,0.0334,OK,0.0,FORMATION_FOLLOW|FORMATION_FOLLOW|FORMATION_FOLLOW|FORMATION_FOLLOW,1,1,7.9,-12.458,-12.46,-15.985,-15.963,-32.266,-35.724,-32.27,-35.765,-5.054,-5.058,-5.06,-5.056
,0.0,0.0,0.0,3.4577,3.5286,4.9528,4.9364,3.5044,3.4946,0,0.0337,0.0337,OK,0.0,FORMATION_FOLLOW|FORMATION_FOLLOW|FORMATION_FOLLOW|FORMATION_FOLLOW,1,1,8.0,-12.429,-12.43,-15.957,-15.934,-32.266,-35.724,-32.271,-35.765,-5.054,-5.058,-5.06,-5.057
,0.0,0.0,0.0,3.4577,3.5301,4.9526,4.938,3.5055,3.4941,0,0.034,0.034,OK,0.0,FORMATION_FOLLOW|FORMATION_FOLLOW|FORMATION_FOLLOW|FORMATION_FOLLOW,1,1,8.1,-12.399,-12.399,-15.93,-15.904,-32.266,-35.723,-32.271,-35.765,-5.054,-5.058,-5.06,-5.057
,0.0,0.0,0.0,3.4578,3.5313,4.9526,4.9394,3.5063,3.4938,0,0.0342,0.0342,OK,0.0,FORMATION_FOLLOW|FORMATION_FOLLOW|FORMATION_FOLLOW|FORMATION_FOLLOW,1,1,8.2,-12.37,-12.369,-15.901,-15.875,-32.266,-35.723,-32.271,-35.765,-5.054,-5.057,-5.06,-5.058
,0.0,0.0,0.0,3.4582,3.5327,4.953,4.9405,3.5066,3.494,0,0.0343,0.0343,OK,0.0,FORMATION_FOLLOW|FORMATION_FOLLOW|FORMATION_FOLLOW|FORMATION_FOLLOW,1,1,8.3,-12.34,-12.339,-15.873,-15.845,-32.265,-35.723,-32.271,-35.765,-5.054,-5.057,-5.06,-5.058
,0.0,0.0,0.0,3.4586,3.5344,4.9539,4.9415,3.5067,3.4944,0,0.0344,0.0344,OK,0.0,FORMATION_FOLLOW|FORMATION_FOLLOW|FORMATION_FOLLOW|FORMATION_FOLLOW,1,1,8.4,-12.31,-12.309,-15.845,-15.816,-32.265,-35.724,-32.271,-35.765,-5.054,-5.057,-5.06,-5.059
,0.0,0.0,0.0,3.4585,3.536,4.9548,4.9419,3.5065,3.4948,0,0.0346,0.0346,OK,0.0,FORMATION_FOLLOW|FORMATION_FOLLOW|FORMATION_FOLLOW|FORMATION_FOLLOW,1,1,8.5,-12.28,-12.28,-15.816,-15.786,-32.265,-35.724,-32.271,-35.766,-5.054,-5.058,-5.06,-5.059
,0.0,0.0,0.0,3.4584,3.5373,4.9557,4.9421,3.5064,3.4954,0,0.0347,0.0347,OK,0.0,FORMATION_FOLLOW|FORMATION_FOLLOW|FORMATION_FOLLOW|FORMATION_FOLLOW,1,1,8.6,-12.25,-12.251,-15.787,-15.757,-32.265,-35.723,-32.271,-35.766,-5.054,-5.058,-5.06,-5.059
,0.0,0.0,0.0,3.4582,3.5387,4.9567,4.9427,3.5068,3.4962,0,0.0348,0.0348,OK,0.0,FORMATION_FOLLOW|FORMATION_FOLLOW|FORMATION_FOLLOW|FORMATION_FOLLOW,1,1,8.7,-12.22,-12.221,-15.758,-15.728,-32.265,-35.723,-32.271,-35.767,-5.054,-5.058,-5.06,-5.06
,0.0,0.0,0.0,3.4583,3.54,4.958,4.9434,3.5073,3.4968,0,0.0348,0.0348,OK,0.0,FORMATION_FOLLOW|FORMATION_FOLLOW|FORMATION_FOLLOW|FORMATION_FOLLOW,1,1,8.8,-12.189,-12.192,-15.729,-15.699,-32.265,-35.724,-32.271,-35.768,-5.055,-5.058,-5.06,-5.06
,0.0,0.0,0.0,3.4587,3.5412,4.959,4.9442,3.5076,3.4977,0,0.0346,0.0346,OK,0.0,FORMATION_FOLLOW|FORMATION_FOLLOW|FORMATION_FOLLOW|FORMATION_FOLLOW,1,1,8.9,-12.159,-12.162,-15.7,-15.669,-32.265,-35.724,-32.27,-35.768,-5.055,-5.058,-5.06,-5.06
,0.0,0.0,0.0,3.4591,3.5425,4.9599,4.9452,3.5075,3.4988,0,0.0342,0.0342,OK,0.0,FORMATION_FOLLOW|FORMATION_FOLLOW|FORMATION_FOLLOW|FORMATION_FOLLOW,1,1,9.0,-12.129,-12.133,-15.671,-15.64,-32.265,-35.724,-32.27,-35.768,-5.056,-5.058,-5.06,-5.059
,0.0,0.0,0.0,3.4589,3.5441,4.961,4.9459,3.5073,3.5002,0,0.0341,0.0341,OK,0.0,FORMATION_FOLLOW|FORMATION_FOLLOW|FORMATION_FOLLOW|FORMATION_FOLLOW,1,1,9.1,-12.098,-12.104,-15.642,-15.61,-32.265,-35.724,-32.269,-35.769,-5.056,-5.057,-5.06,-5.059
,0.0,0.0,0.0,3.4585,3.5455,4.9619,4.9462,3.5068,3.5014,0,0.0342,0.0342,OK,0.0,FORMATION_FOLLOW|FORMATION_FOLLOW|FORMATION_FOLLOW|FORMATION_FOLLOW,1,1,9.2,-12.068,-12.074,-15.613,-15.581,-32.266,-35.724,-32.268,-35.77,-5.057,-5.056,-5.06,-5.059
,0.0,0.0,0.0,3.458,3.5463,4.9627,4.9461,3.5064,3.5023,0,0.0345,0.0345,OK,0.0,FORMATION_FOLLOW|FORMATION_FOLLOW|FORMATION_FOLLOW|FORMATION_FOLLOW,1,1,9.3,-12.037,-12.045,-15.584,-15.551,-32.266,-35.724,-32.268,-35.77,-5.057,-5.056,-5.06,-5.059
,0.0,0.0,0.0,3.4577,3.5467,4.9631,4.9456,3.506,3.5026,0,0.0348,0.0348,OK,0.0,FORMATION_FOLLOW|FORMATION_FOLLOW|FORMATION_FOLLOW|FORMATION_FOLLOW,1,1,9.4,-12.007,-12.016,-15.554,-15.521,-32.266,-35.724,-32.268,-35.771,-5.057,-5.056,-5.06,-5.06
,0.0,0.0,0.0,3.4577,3.5473,4.9637,4.9447,3.5054,3.5022,0,0.035,0.035,OK,0.0,FORMATION_FOLLOW|FORMATION_FOLLOW|FORMATION_FOLLOW|FORMATION_FOLLOW,1,1,9.5,-11.977,-11.986,-15.524,-15.491,-32.266,-35.723,-32.269,-35.771,-5.057,-5.056,-5.06,-5.059
,0.0,0.0,0.0,3.4582,3.5478,4.9644,4.9439,3.5046,3.5018,0,0.0352,0.0352,OK,0.0,FORMATION_FOLLOW|FORMATION_FOLLOW|FORMATION_FOLLOW|FORMATION_FOLLOW,1,1,9.6,-11.947,-11.957,-15.494,-15.461,-32.265,-35.723,-32.27,-35.772,-5.057,-5.056,-5.06,-5.059
,0.0,0.0,0.0,3.4587,3.5477,4.9648,4.943,3.5035,3.5018,0,0.0353,0.0353,OK,0.0,FORMATION_FOLLOW|FORMATION_FOLLOW|FORMATION_FOLLOW|FORMATION_FOLLOW,1,1,9.7,-11.917,-11.927,-15.465,-15.43,-32.264,-35.723,-32.271,-35.772,-5.057,-5.056,-5.06,-5.059
,0.0,0.0,0.0,3.459,3.547,4.9649,4.9417,3.5023,3.5018,0,0.0355,0.0355,OK,0.0,FORMATION_FOLLOW|FORMATION_FOLLOW|FORMATION_FOLLOW|FORMATION_FOLLOW,1,1,9.8,-11.888,-11.898,-15.435,-15.4,-32.264,-35.723,-32.271,-35.773,-5.057,-5.056,-5.06,-5.058
,0.0,0.0,0.0,3.4596,3.5461,4.9652,4.9402,3.5014,3.5014,0,0.0354,0.0354,OK,0.0,FORMATION_FOLLOW|FORMATION_FOLLOW|FORMATION_FOLLOW|FORMATION_FOLLOW,1,1,9.9,-11.858,-11.869,-15.404,-15.37,-32.264,-35.723,-32.272,-35.773,-5.057,-5.056,-5.061,-5.058
,0.0,0.0,0.0,3.4599,3.5449,4.9651,4.9387,3.5005,3.5008,0,0.0353,0.0353,OK,0.0,FORMATION_FOLLOW|FORMATION_FOLLOW|FORMATION_FOLLOW|FORMATION_FOLLOW,1,1,10.0,-11.828,-11.84,-15.373,-15.34,-32.264,-35.723,-32.273,-35.773,-5.056,-5.056,-5.061,-5.059
,0.0,0.0,0.0,3.4599,3.5435,4.9649,4.9372,3.5,3.5002,0,0.0353,0.0353,OK,0.0,FORMATION_FOLLOW|FORMATION_FOLLOW|FORMATION_FOLLOW|FORMATION_FOLLOW,1,1,10.1,-11.799,-11.811,-15.343,-15.311,-32.264,-35.724,-32.273,-35.773,-5.056,-5.057,-5.062,-5.059
,0.0,0.0,0.0,3.4599,3.542,4.9645,4.9356,3.4996,3.4994,0,0.0354,0.0354,OK,0.0,FORMATION_FOLLOW|FORMATION_FOLLOW|FORMATION_FOLLOW|FORMATION_FOLLOW,1,1,10.2,-11.77,-11.782,-15.312,-15.281,-32.264,-35.724,-32.275,-35.774,-5.055,-5.058,-5.063,-5.059
,0.0,0.0,0.0,3.46,3.541,4.9639,4.934,3.4986,3.4981,0,0.0354,0.0354,OK,0.0,FORMATION_FOLLOW|FORMATION_FOLLOW|FORMATION_FOLLOW|FORMATION_FOLLOW,1,1,10.3,-11.741,-11.753,-15.282,-15.251,-32.265,-35.725,-32.276,-35.774,-5.054,-5.058,-5.064,-5.059
,0.0,0.0,0.0,3.4599,3.5403,4.9627,4.9326,3.4974,3.4966,0,0.0356,0.0356,OK,0.0,FORMATION_FOLLOW|FORMATION_FOLLOW|FORMATION_FOLLOW|FORMATION_FOLLOW,1,1,10.4,-11.712,-11.724,-15.252,-15.221,-32.265,-35.725,-32.278,-35.774,-5.054,-5.059,-5.065,-5.06
,0.0,0.0,0.0,3.4596,3.5399,4.9617,4.9316,3.4968,3.495,0,0.0359,0.0359,OK,0.0,FORMATION_FOLLOW|FORMATION_FOLLOW|FORMATION_FOLLOW|FORMATION_FOLLOW,1,1,10.5,-11.682,-11.695,-15.222,-15.191,-32.266,-35.725,-32.279,-35.774,-5.053,-5.059,-5.066,-5.059
,0.0,0.0,0.0,3.4599,3.5389,4.9608,4.9305,3.4963,3.4933,0,0.0359,0.0359,OK,0.0,FORMATION_FOLLOW|FORMATION_FOLLOW|FORMATION_FOLLOW|FORMATION_FOLLOW,1,1,10.6,-11.653,-11.665,-15.192,-15.161,-32.266,-35.726,-32.281,-35.774,-5.052,-5.06,-5.067,-5.059
,0.0,0.0,0.0,3.4607,3.5379,4.9602,4.9297,3.4959,3.4921,0,0.0357,0.0357,OK,0.0,FORMATION_FOLLOW|FORMATION_FOLLOW|FORMATION_FOLLOW|FORMATION_FOLLOW,1,1,10.7,-11.624,-11.635,-15.162,-15.131,-32.266,-35.726,-32.282,-35.774,-5.052,-5.06,-5.067,-5.059
,0.0,0.0,0.0,3.4617,3.5369,4.9602,4.929,3.4956,3.4913,0,0.0354,0.0354,OK,0.0,FORMATION_FOLLOW|FORMATION_FOLLOW|FORMATION_FOLLOW|FORMATION_FOLLOW,1,1,10.8,-11.594,-11.605,-15.131,-15.101,-32.265,-35.727,-32.283,-35.774,-5.051,-5.061,-5.068,-5.059
,0.0,0.0,0.0,3.4621,3.5362,4.9603,4.9285,3.4959,3.4907,0,0.0353,0.0353,OK,0.0,FORMATION_FOLLOW|FORMATION_FOLLOW|FORMATION_FOLLOW|FORMATION_FOLLOW,1,1,10.9,-11.565,-11.575,-15.101,-15.071,-32.265,-35.727,-32.283,-35.774,-5.051,-5.061,-5.068,-5.06
,0.0,0.0,0.0,3.4623,3.5356,4.9606,4.9284,3.4965,3.4908,0,0.0353,0.0353,OK,0.0,FORMATION_FOLLOW|FORMATION_FOLLOW|FORMATION_FOLLOW|FORMATION_FOLLOW,1,1,11.0,-11.535,-11.545,-15.07,-15.041,-32.265,-35.728,-32.284,-35.774,-5.051,-5.062,-5.068,-5.06
,0.0,0.0,0.0,3.4628,3.535,4.9611,4.9288,3.497,3.4918,0,0.0351,0.0351,OK,0.0,FORMATION_FOLLOW|FORMATION_FOLLOW|FORMATION_FOLLOW|FORMATION_FOLLOW,1,1,11.1,-11.505,-11.515,-15.04,-15.011,-32.265,-35.728,-32.283,-35.775,-5.051,-5.062,-5.069,-5.06
,0.0,0.0,0.0,3.4634,3.5345,4.9619,4.929,3.4973,3.4927,0,0.0347,0.0347,OK,0.0,FORMATION_FOLLOW|FORMATION_FOLLOW|FORMATION_FOLLOW|FORMATION_FOLLOW,1,1,11.2,-11.475,-11.485,-15.01,-14.982,-32.265,-35.729,-32.283,-35.776,-5.051,-5.062,-5.07,-5.061
,0.0,0.0,0.0,3.4635,3.5341,4.9621,4.9292,3.4974,3.4935,0,0.0344,0.0344,OK,0.0,FORMATION_FOLLOW|FORMATION_FOLLOW|FORMATION_FOLLOW|FORMATION_FOLLOW,1,1,11.3,-11.445,-11.455,-14.979,-14.952,-32.266,-35.729,-32.283,-35.776,-5.051,-5.062,-5.07,-5.061
,0.0,0.0,0.0,3.4634,3.534,4.9619,4.9296,3.4971,3.4942,0,0.0341,0.0341,OK,0.0,FORMATION_FOLLOW|FORMATION_FOLLOW|FORMATION_FOLLOW|FORMATION_FOLLOW,1,1,11.4,-11.416,-11.426,-14.949,-14.923,-32.266,-35.73,-32.282,-35.777,-5.052,-5.062,-5.071,-5.061
,0.0,0.0,0.0,3.4635,3.5342,4.962,4.9299,3.4969,3.4948,0,0.0338,0.0338,OK,0.0,FORMATION_FOLLOW|FORMATION_FOLLOW|FORMATION_FOLLOW|FORMATION_FOLLOW,1,1,11.5,-11.385,-11.396,-14.92,-14.893,-32.267,-35.731,-32.282,-35.777,-5.052,-5.062,-5.071,-5.061
,0.0,0.0,0.0,3.4636,3.5343,4.962,4.9304,3.4967,3.4955,0,0.0333,0.0333,OK,0.0,FORMATION_FOLLOW|FORMATION_FOLLOW|FORMATION_FOLLOW|FORMATION_FOLLOW,1,1,11.6,-11.355,-11.367,-14.89,-14.863,-32.268,-35.732,-32.282,-35.778,-5.053,-5.061,-5.072,-5.061
,0.0,0.0,0.0,3.4637,3.534,4.9624,4.9305,3.4968,3.4963,0,0.033,0.033,OK,0.0,FORMATION_FOLLOW|FORMATION_FOLLOW|FORMATION_FOLLOW|FORMATION_FOLLOW,1,1,11.7,-11.325,-11.337,-14.859,-14.834,-32.269,-35.733,-32.282,-35.778,-5.054,-5.061,-5.072,-5.061
,0.0,0.0,0.0,3.4641,3.5334,4.9633,4.9304,3.4973,3.497,0,0.0327,0.0327,OK,0.0,FORMATION_FOLLOW|FORMATION_FOLLOW|FORMATION_FOLLOW|FORMATION_FOLLOW,1,1,11.8,-11.295,-11.308,-14.829,-14.805,-32.269,-35.733,-32.282,-35.779,-5.054,-5.06,-5.072,-5.062
,0.0,0.0,0.0,3.4647,3.533,4.9642,4.9306,3.4982,3.4977,0,0.0324,0.0324,OK,0.0,FORMATION_FOLLOW|FORMATION_FOLLOW|FORMATION_FOLLOW|FORMATION_FOLLOW,1,1,11.9,-11.265,-11.277,-14.798,-14.775,-32.269,-35.734,-32.282,-35.78,-5.055,-5.06,-5.072,-5.062
,0.0,0.0,0.0,3.4646,3.5323,4.9648,4.931,3.4996,3.4984,0,0.0323,0.0323,OK,0.0,FORMATION_FOLLOW|FORMATION_FOLLOW|FORMATION_FOLLOW|FORMATION_FOLLOW,1,1,12.0,-11.235,-11.247,-14.768,-14.746,-32.27,-35.735,-32.282,-35.78,-5.055,-5.06,-5.073,-5.062
,-0.0,0.0,0.0,3.4643,3.5316,4.965,4.9314,3.5008,3.4991,0,0.0323,0.0323,OK,0.007,FORMATION_FOLLOW|FORMATION_FOLLOW|FORMATION_FOLLOW|FORMATION_FOLLOW,1,1,12.1,-11.206,-11.217,-14.737,-14.717,-32.271,-35.735,-32.282,-35.781,-5.055,-5.06,-5.072,-5.062
,-0.002,0.0,0.0,3.464,3.5309,4.9647,4.9315,3.501,3.4995,0,0.0322,0.0322,OK,0.026,FORMATION_FOLLOW|FORMATION_FOLLOW|FORMATION_FOLLOW|FORMATION_FOLLOW,1,1,12.2,-11.176,-11.187,-14.707,-14.687,-32.271,-35.735,-32.282,-35.781,-5.055,-5.06,-5.072,-5.062
,-0.003,0.0,0.0,3.4642,3.5308,4.9642,4.932,3.5006,3.4997,0,0.0319,0.0319,OK,0.057,FORMATION_FOLLOW|FORMATION_FOLLOW|FORMATION_FOLLOW|FORMATION_FOLLOW,1,1,12.3,-11.147,-11.157,-14.677,-14.658,-32.272,-35.736,-32.282,-35.781,-5.056,-5.06,-5.072,-5.062
,-0.005,0.0,0.0,3.4649,3.5314,4.9639,4.933,3.5006,3.4995,0,0.0315,0.0315,OK,0.099,FORMATION_FOLLOW|FORMATION_FOLLOW|FORMATION_FOLLOW|FORMATION_FOLLOW,1,1,12.4,-11.117,-11.127,-14.649,-14.628,-32.272,-35.737,-32.282,-35.782,-5.056,-5.06,-5.071,-5.062
,-0.008,0.0,0.0,3.4661,3.5335,4.9641,4.9352,3.5007,3.4996,0,0.031,0.031,OK,0.149,FORMATION_FOLLOW|FORMATION_FOLLOW|FORMATION_FOLLOW|FORMATION_FOLLOW,1,1,12.5,-11.088,-11.098,-14.621,-14.598,-32.272,-35.738,-32.283,-35.783,-5.057,-5.06,-5.07,-5.062
,-0.01,0.0,0.0,3.4673,3.5376,4.9646,4.9388,3.5011,3.4996,0,0.0306,0.0306,OK,0.206,FORMATION_FOLLOW|FORMATION_FOLLOW|FORMATION_FOLLOW|FORMATION_FOLLOW,1,1,12.6,-11.059,-11.068,-14.596,-14.569,-32.272,-35.739,-32.284,-35.783,-5.057,-5.06,-5.069,-5.061
,-0.012,0.0,0.0,3.4689,3.5436,4.9651,4.9443,3.5019,3.4996,0,0.0318,0.0318,OK,0.267,FORMATION_FOLLOW|FORMATION_FOLLOW|FORMATION_FOLLOW|FORMATION_FOLLOW,1,1,12.7,-11.029,-11.038,-14.573,-14.54,-32.272,-35.741,-32.284,-35.783,-5.057,-5.06,-5.068,-5.061
,-0.015,0.0,0.0,3.4705,3.5519,4.9652,4.952,3.5027,3.5001,0,0.0371,0.0371,OK,0.328,FORMATION_FOLLOW|FORMATION_FOLLOW|FORMATION_FOLLOW|FORMATION_FOLLOW,1,1,12.8,-11.001,-11.009,-14.552,-14.511,-32.272,-35.742,-32.283,-35.783,-5.058,-5.061,-5.068,-5.061
,-0.016,0.0,0.0,3.472,3.5623,4.9652,4.9613,3.5035,3.5005,0,0.0444,0.0444,OK,0.388,FORMATION_FOLLOW|FORMATION_FOLLOW|FORMATION_FOLLOW|FORMATION_FOLLOW,1,1,12.9,-10.972,-10.979,-14.534,-14.483,-32.272,-35.744,-32.283,-35.783,-5.058,-5.061,-5.067,-5.061
,-0.018,0.0,0.0,3.4736,3.5755,4.9652,4.9728,3.5042,3.5012,0,0.0542,0.0542,OK,0.445,FORMATION_FOLLOW|FORMATION_FOLLOW|FORMATION_FOLLOW|FORMATION_FOLLOW,1,1,13.0,-10.944,-10.95,-14.519,-14.454,-32.272,-35.745,-32.283,-35.784,-5.059,-5.062,-5.067,-5.061
,-0.019,0.0,0.0,3.4747,3.5914,4.9648,4.9863,3.5053,3.5017,0,0.0662,0.0662,OK,0.494,FORMATION_FOLLOW|FORMATION_FOLLOW|FORMATION_FOLLOW|FORMATION_FOLLOW,1,1,13.1,-10.915,-10.92,-14.507,-14.425,-32.272,-35.747,-32.283,-35.784,-5.059,-5.062,-5.066,-5.06
,-0.02,0.0,0.0,3.4754,3.6096,4.9644,5.0013,3.5065,3.5023,0,0.0801,0.0801,OK,0.535,FORMATION_FOLLOW|FORMATION_FOLLOW|FORMATION_FOLLOW|FORMATION_FOLLOW,1,1,13.2,-10.887,-10.89,-14.497,-14.396,-32.272,-35.748,-32.283,-35.784,-5.06,-5.062,-5.065,-5.06
,-0.02,0.0,0.0,3.4761,3.6297,4.9637,5.0175,3.5076,3.5027,0,0.0956,0.0956,OK,0.565,FORMATION_FOLLOW|FORMATION_FOLLOW|FORMATION_FOLLOW|FORMATION_FOLLOW,1,1,13.3,-10.859,-10.86,-14.489,-14.368,-32.272,-35.749,-32.283,-35.784,-5.06,-5.062,-5.065,-5.059
,-0.02,0.0,0.0,3.4767,3.6514,4.963,5.0344,3.5084,3.5027,0,0.1123,0.1123,OK,0.584,FORMATION_FOLLOW|FORMATION_FOLLOW|FORMATION_FOLLOW|FORMATION_FOLLOW,1,1,13.4,-10.831,-10.831,-14.482,-14.339,-32.273,-35.749,-32.284,-35.784,-5.061,-5.062,-5.064,-5.059
,-0.019,0.0,0.0,3.4774,3.6742,4.963,5.0517,3.5092,3.5031,0,0.1296,0.1296,OK,0.59,FORMATION_FOLLOW|FORMATION_FOLLOW|FORMATION_FOLLOW|FORMATION_FOLLOW,1,1,13.5,-10.803,-10.801,-14.477,-14.31,-32.273,-35.75,-32.284,-35.784,-5.061,-5.061,-5.064,-5.059
,-0.018,0.0,0.0,3.4779,3.6976,4.9629,5.0693,3.5099,3.5038,0,0.1473,0.1473,OK,0.59,FORMATION_FOLLOW|FORMATION_FOLLOW|FORMATION_FOLLOW|FORMATION_FOLLOW,1,1,13.6,-10.774,-10.772,-14.471,-14.281,-32.273,-35.751,-32.285,-35.784,-5.061,-5.061,-5.063,-5.059
,-0.017,0.0,0.0,3.4785,3.7207,4.9629,5.0866,3.5104,3.5046,0,0.1649,0.1649,OK,0.589,FORMATION_FOLLOW|FORMATION_FOLLOW|FORMATION_FOLLOW|FORMATION_FOLLOW,1,1,13.7,-10.745,-10.742,-14.466,-14.252,-32.273,-35.751,-32.286,-35.784,-5.062,-5.061,-5.063,-5.059
,-0.016,0.0,0.0,3.4789,3.7433,4.9629,5.1034,3.5109,3.5052,0,0.1821,0.1821,OK,0.589,FORMATION_FOLLOW|FORMATION_FOLLOW|FORMATION_FOLLOW|FORMATION_FOLLOW,1,1,13.8,-10.716,-10.712,-14.459,-14.223,-32.273,-35.752,-32.287,-35.784,-5.062,-5.061,-5.063,-5.059
,-0.015,0.0,0.0,3.4786,3.7653,4.9627,5.1193,3.5116,3.5057,0,0.1988,0.1988,OK,0.588,FORMATION_FOLLOW|FORMATION_FOLLOW|FORMATION_FOLLOW|FORMATION_FOLLOW,1,1,13.9,-10.687,-10.683,-14.452,-14.194,-32.273,-35.752,-32.289,-35.785,-5.061,-5.06,-5.063,-5.059
,-0.015,0.0,0.0,3.4778,3.7869,4.9626,5.1345,3.5127,3.506,0,0.2151,0.2151,OK,0.587,FORMATION_FOLLOW|FORMATION_FOLLOW|FORMATION_FOLLOW|FORMATION_FOLLOW,1,1,14.0,-10.658,-10.652,-14.444,-14.165,-32.274,-35.752,-32.29,-35.785,-5.061,-5.06,-5.062,-5.059
,-0.014,0.0,0.0,3.4766,3.8081,4.9629,5.1493,3.5142,3.5063,0,0.231,0.231,OK,0.587,FORMATION_FOLLOW|FORMATION_FOLLOW|FORMATION_FOLLOW|FORMATION_FOLLOW,1,1,14.1,-10.628,-10.622,-14.436,-14.136,-32.275,-35.752,-32.292,-35.785,-5.061,-5.06,-5.062,-5.059
,-0.013,0.0,0.0,3.4756,3.8288,4.9636,5.1638,3.516,3.5069,0,0.2466,0.2466,OK,0.586,FORMATION_FOLLOW|FORMATION_FOLLOW|FORMATION_FOLLOW|FORMATION_FOLLOW,1,1,14.2,-10.598,-10.592,-14.427,-14.107,-32.275,-35.751,-32.294,-35.786,-5.06,-5.06,-5.061,-5.06
,-0.012,0.0,0.0,3.4742,3.8494,4.9644,5.178,3.5178,3.5078,0,0.2621,0.2621,OK,0.585,FORMATION_FOLLOW|FORMATION_FOLLOW|FORMATION_FOLLOW|FORMATION_FOLLOW,1,1,14.3,-10.569,-10.561,-14.418,-14.078,-32.276,-35.75,-32.295,-35.787,-5.06,-5.059,-5.061,-5.06
,-0.012,0.0,0.0,3.4728,3.8699,4.9653,5.1916,3.519,3.5086,0,0.2774,0.2774,OK,0.584,FORMATION_FOLLOW|FORMATION_FOLLOW|FORMATION_FOLLOW|FORMATION_FOLLOW,1,1,14.4,-10.539,-10.53,-14.408,-14.049,-32.276,-35.749,-32.297,-35.787,-5.06,-5.059,-5.06,-5.061
,-0.011,0.0,0.0,3.4714,3.8902,4.9661,5.205,3.5199,3.5096,0,0.2926,0.2926,OK,0.583,FORMATION_FOLLOW|FORMATION_FOLLOW|FORMATION_FOLLOW|FORMATION_FOLLOW,1,1,14.5,-10.508,-10.5,-14.399,-14.02,-32.276,-35.748,-32.299,-35.788,-5.06,-5.059,-5.06,-5.061
,-0.01,0.0,0.0,3.4698,3.9104,4.9667,5.2184,3.5207,3.5108,0,0.3075,0.3075,OK,0.582,FORMATION_FOLLOW|FORMATION_FOLLOW|FORMATION_FOLLOW|FORMATION_FOLLOW,1,1,14.6,-10.478,-10.47,-14.388,-13.99,-32.277,-35.746,-32.3,-35.788,-5.059,-5.06,-5.06,-5.061
,-0.01,0.0,0.0,3.4681,3.9304,4.9673,5.2315,3.5214,3.5121,0,0.3222,0.3222,OK,0.581,FORMATION_FOLLOW|FORMATION_FOLLOW|FORMATION_FOLLOW|FORMATION_FOLLOW,1,1,14.7,-10.447,-10.44,-14.378,-13.961,-32.277,-35.745,-32.301,-35.788,-5.059,-5.06,-5.06,-5.062
,-0.009,0.0,0.0,3.4667,3.9498,4.9678,5.2444,3.522,3.5133,0,0.3365,0.3365,OK,0.58,FORMATION_FOLLOW|FORMATION_FOLLOW|FORMATION_FOLLOW|FORMATION_FOLLOW,1,1,14.8,-10.417,-10.41,-14.367,-13.931,-32.277,-35.744,-32.302,-35.788,-5.059,-5.061,-5.06,-5.062
,-0.009,0.0,0.0,3.4657,3.9687,4.9679,5.2569,3.5219,3.5143,0,0.3505,0.3505,OK,0.579,FORMATION_FOLLOW|FORMATION_FOLLOW|FORMATION_FOLLOW|FORMATION_FOLLOW,1,1,14.9,-10.387,-10.38,-14.356,-13.902,-32.277,-35.743,-32.303,-35.788,-5.059,-5.062,-5.059,-5.062
,-0.008,0.0,0.0,3.4647,3.9876,4.9682,5.2689,3.5211,3.5155,0,0.3644,0.3644,OK,0.578,FORMATION_FOLLOW|FORMATION_FOLLOW|FORMATION_FOLLOW|FORMATION_FOLLOW,1,1,15.0,-10.357,-10.351,-14.345,-13.872,-32.277,-35.741,-32.304,-35.788,-5.059,-5.063,-5.059,-5.063
,-0.008,0.0,0.0,3.4635,4.0066,4.9682,5.2809,3.5199,3.5171,0,0.3783,0.3783,OK,0.577,FORMATION_FOLLOW|FORMATION_FOLLOW|FORMATION_FOLLOW|FORMATION_FOLLOW,1,1,15.1,-10.327,-10.322,-14.333,-13.842,-32.277,-35.74,-32.305,-35.788,-5.059,-5.063,-5.059,-5.063
,-0.007,0.0,0.0,3.462,4.0259,4.9682,5.2926,3.5184,3.5186,0,0.3921,0.3921,OK,0.576,FORMATION_FOLLOW|FORMATION_FOLLOW|FORMATION_FOLLOW|FORMATION_FOLLOW,1,1,15.2,-10.296,-10.293,-14.322,-13.811,-32.277,-35.739,-32.306,-35.787,-5.059,-5.064,-5.059,-5.063
,-0.007,0.0,0.0,3.4608,4.0451,4.9679,5.3046,3.5167,3.5202,0,0.406,0.406,OK,0.574,FORMATION_FOLLOW|FORMATION_FOLLOW|FORMATION_FOLLOW|FORMATION_FOLLOW,1,1,15.3,-10.265,-10.264,-14.31,-13.781,-32.277,-35.738,-32.306,-35.787,-5.059,-5.064,-5.059,-5.063
,0.0,0.0,0.0,3.4599,4.064,4.9672,5.3172,3.5152,3.5219,0,0.4198,0.4198,OK,0.573,FORMATION_FOLLOW|FORMATION_FOLLOW|FORMATION_FOLLOW|FORMATION_FOLLOW,1,1,15.4,-10.234,-10.235,-14.298,-13.75,-32.277,-35.737,-32.307,-35.786,-5.059,-5.064,-5.059,-5.062
,0.0,0.0,0.0,3.459,4.0828,4.9665,5.3297,3.5137,3.5237,0,0.4336,0.4336,OK,0.571,FORMATION_FOLLOW|FORMATION_FOLLOW|FORMATION_FOLLOW|FORMATION_FOLLOW,1,1,15.5,-10.203,-10.205,-14.285,-13.718,-32.277,-35.736,-32.307,-35.785,-5.059,-5.064,-5.059,-5.061
,0.0,0.0,0.0,3.4581,4.1015,4.9661,5.3419,3.5122,3.5255,0,0.4473,0.4473,OK,0.57,FORMATION_FOLLOW|FORMATION_FOLLOW|FORMATION_FOLLOW|FORMATION_FOLLOW,1,1,15.6,-10.172,-10.176,-14.273,-13.687,-32.277,-35.735,-32.308,-35.785,-5.059,-5.064,-5.06,-5.061
,0.0,0.0,0.0,3.4573,4.1199,4.9657,5.3538,3.5104,3.5276,0,0.4608,0.4608,OK,0.568,FORMATION_FOLLOW|FORMATION_FOLLOW|FORMATION_FOLLOW|FORMATION_FOLLOW,1,1,15.7,-10.141,-10.146,-14.26,-13.656,-32.277,-35.734,-32.309,-35.784,-5.06,-5.065,-5.06,-5.061
,0.0,0.0,0.0,3.4565,4.1378,4.9651,5.3657,3.5086,3.5299,0,0.4742,0.4742,OK,0.567,FORMATION_FOLLOW|FORMATION_FOLLOW|FORMATION_FOLLOW|FORMATION_FOLLOW,1,1,15.8,-10.11,-10.116,-14.248,-13.625,-32.277,-35.733,-32.309,-35.784,-5.06,-5.065,-5.06,-5.061
,0.0,0.0,0.0,3.4559,4.155,4.9648,5.3776,3.5073,3.5326,0,0.4875,0.4875,OK,0.565,FORMATION_FOLLOW|FORMATION_FOLLOW|FORMATION_FOLLOW|FORMATION_FOLLOW,1,1,15.9,-10.08,-10.086,-14.235,-13.593,-32.276,-35.732,-32.31,-35.784,-5.061,-5.065,-5.06,-5.061
,0.0,0.0,0.0,3.4555,4.1716,4.9642,5.3895,3.5062,3.5351,0,0.5007,0.5007,OK,0.563,FORMATION_FOLLOW|FORMATION_FOLLOW|FORMATION_FOLLOW|FORMATION_FOLLOW,1,1,16.0,-10.05,-10.056,-14.222,-13.562,-32.275,-35.731,-32.311,-35.784,-5.061,-5.065,-5.061,-5.06
,0.0,0.0,0.0,3.4549,4.1879,4.9632,5.4009,3.5049,3.537,0,0.5136,0.5136,OK,0.562,FORMATION_FOLLOW|FORMATION_FOLLOW|FORMATION_FOLLOW|FORMATION_FOLLOW,1,1,16.1,-10.021,-10.025,-14.208,-13.53,-32.274,-35.729,-32.312,-35.784,-5.061,-5.064,-5.061,-5.061
,0.0,0.0,0.0,3.4545,4.2038,4.9619,5.412,3.5033,3.5389,0,0.5264,0.5264,OK,0.56,FORMATION_FOLLOW|FORMATION_FOLLOW|FORMATION_FOLLOW|FORMATION_FOLLOW,1,1,16.2,-9.991,-9.996,-14.195,-13.499,-32.273,-35.727,-32.313,-35.783,-5.061,-5.064,-5.061,-5.061
,0.0,0.0,0.0,3.4543,4.2192,4.9607,5.4231,3.5013,3.5414,0,0.5387,0.5387,OK,0.558,FORMATION_FOLLOW|FORMATION_FOLLOW|FORMATION_FOLLOW|FORMATION_FOLLOW,1,1,16.3,-9.963,-9.966,-14.182,-13.467,-32.271,-35.726,-32.314,-35.783,-5.061,-5.063,-5.061,-5.062
,0.0,0.0,0.0,3.454,4.234,4.959,5.4338,3.499,3.5439,0,0.5508,0.5508,OK,0.556,FORMATION_FOLLOW|FORMATION_FOLLOW|FORMATION_FOLLOW|FORMATION_FOLLOW,1,1,16.4,-9.934,-9.937,-14.168,-13.436,-32.27,-35.724,-32.315,-35.782,-5.061,-5.063,-5.061,-5.062
,0.0,0.0,0.0,3.453,4.2483,4.9565,5.4441,3.4965,3.5459,0,0.5626,0.5626,OK,0.554,FORMATION_FOLLOW|FORMATION_FOLLOW|FORMATION_FOLLOW|FORMATION_FOLLOW,1,1,16.5,-9.906,-9.908,-14.154,-13.404,-32.27,-35.723,-32.315,-35.781,-5.061,-5.062,-5.061,-5.062
,0.0,0.0,0.0,3.4519,4.2623,4.954,5.4547,3.4948,3.5481,0,0.5743,0.5743,OK,0.552,FORMATION_FOLLOW|FORMATION_FOLLOW|FORMATION_FOLLOW|FORMATION_FOLLOW,1,1,16.6,-9.878,-9.879,-14.14,-13.373,-32.269,-35.721,-32.316,-35.78,-5.061,-5.062,-5.061,-5.063
,0.0,0.0,0.0,3.4509,4.2763,4.9522,5.4653,3.4935,3.5507,0,0.5858,0.5858,OK,0.55,FORMATION_FOLLOW|FORMATION_FOLLOW|FORMATION_FOLLOW|FORMATION_FOLLOW,1,1,16.7,-9.85,-9.849,-14.126,-13.342,-32.269,-35.719,-32.316,-35.78,-5.06,-5.061,-5.061,-5.063
,0.0,0.0,0.0,3.4501,4.2906,4.9508,5.4759,3.492,3.5534,0,0.5973,0.5973,OK,0.547,FORMATION_FOLLOW|FORMATION_FOLLOW|FORMATION_FOLLOW|FORMATION_FOLLOW,1,1,16.8,-9.821,-9.82,-14.111,-13.311,-32.268,-35.718,-32.317,-35.779,-5.06,-5.061,-5.061,-5.063
,0.0,0.0,0.0,3.4496,4.3047,4.9497,5.4866,3.4908,3.5566,0,0.6085,0.6085,OK,0.545,FORMATION_FOLLOW|FORMATION_FOLLOW|FORMATION_FOLLOW|FORMATION_FOLLOW,1,1,16.9,-9.792,-9.79,-14.096,-13.28,-32.267,-35.717,-32.317,-35.779,-5.06,-5.061,-5.06,-5.063
,0.0,0.0,0.0,3.4488,4.3188,4.9492,5.4967,3.4897,3.5598,0,0.6197,0.6197,OK,0.543,FORMATION_FOLLOW|FORMATION_FOLLOW|FORMATION_FOLLOW|FORMATION_FOLLOW,1,1,17.0,-9.763,-9.76,-14.081,-13.249,-32.267,-35.715,-32.318,-35.779,-5.06,-5.061,-5.06,-5.064
,0.0,0.0,0.0,3.4479,4.3329,4.9487,5.5067,3.4888,3.5626,0,0.6308,0.6308,OK,0.54,FORMATION_FOLLOW|FORMATION_FOLLOW|FORMATION_FOLLOW|FORMATION_FOLLOW,1,1,17.1,-9.733,-9.731,-14.066,-13.219,-32.266,-35.714,-32.319,-35.779,-5.06,-5.061,-5.06,-5.064
,0.0,0.0,0.0,3.447,4.3469,4.9484,5.5164,3.4879,3.5656,0,0.6417,0.6417,OK,0.538,FORMATION_FOLLOW|FORMATION_FOLLOW|FORMATION_FOLLOW|FORMATION_FOLLOW,1,1,17.2,-9.704,-9.701,-14.051,-13.188,-32.265,-35.712,-32.319,-35.779,-5.059,-5.061,-5.06,-5.064
,0.0,0.0,0.0,3.4464,4.3604,4.9482,5.526,3.4868,3.5687,0,0.6524,0.6524,OK,0.535,FORMATION_FOLLOW|FORMATION_FOLLOW|FORMATION_FOLLOW|FORMATION_FOLLOW,1,1,17.3,-9.675,-9.671,-14.035,-13.157,-32.264,-35.711,-32.32,-35.78,-5.059,-5.06,-5.059,-5.065
,0.0,0.0,0.0,3.4458,4.3732,4.9474,5.5355,3.4858,3.5717,0,0.6629,0.6629,OK,0.532,FORMATION_FOLLOW|FORMATION_FOLLOW|FORMATION_FOLLOW|FORMATION_FOLLOW,1,1,17.4,-9.646,-9.641,-14.019,-13.127,-32.264,-35.709,-32.321,-35.78,-5.059,-5.06,-5.059,-5.065
,0.0,0.0,0.0,3.4454,4.3857,4.9464,5.545,3.4845,3.5748,0,0.6733,0.6733,OK,0.529,FORMATION_FOLLOW|FORMATION_FOLLOW|FORMATION_FOLLOW|FORMATION_FOLLOW,1,1,17.5,-9.618,-9.612,-14.003,-13.095,-32.263,-35.708,-32.323,-35.78,-5.059,-5.06,-5.058,-5.065
,0.0,0.0,0.0,3.4452,4.3979,4.9455,5.5543,3.4831,3.578,0,0.6835,0.6835,OK,0.526,FORMATION_FOLLOW|FORMATION_FOLLOW|FORMATION_FOLLOW|FORMATION_FOLLOW,1,1,17.6,-9.589,-9.582,-13.986,-13.064,-32.262,-35.707,-32.324,-35.781,-5.059,-5.06,-5.058,-5.065
,0.0,0.0,0.0,3.4446,4.4097,4.9443,5.5632,3.482,3.5808,0,0.6934,0.6934,OK,0.523,FORMATION_FOLLOW|FORMATION_FOLLOW|FORMATION_FOLLOW|FORMATION_FOLLOW,1,1,17.7,-9.56,-9.552,-13.97,-13.033,-32.261,-35.706,-32.325,-35.781,-5.059,-5.06,-5.058,-5.065
,0.0,0.0,0.0,3.4444,4.4213,4.9434,5.5719,3.4808,3.5835,0,0.703,0.703,OK,0.52,FORMATION_FOLLOW|FORMATION_FOLLOW|FORMATION_FOLLOW|FORMATION_FOLLOW,1,1,17.8,-9.532,-9.522,-13.953,-13.002,-32.261,-35.705,-32.326,-35.781,-5.06,-5.06,-5.057,-5.065
,0.0,0.0,0.0,3.4444,4.4327,4.943,5.5805,3.4799,3.5863,0,0.7123,0.7123,OK,0.517,FORMATION_FOLLOW|FORMATION_FOLLOW|FORMATION_FOLLOW|FORMATION_FOLLOW,1,1,17.9,-9.503,-9.492,-13.935,-12.971,-32.26,-35.704,-32.328,-35.782,-5.06,-5.06,-5.057,-5.065
,0.0,0.0,0.0,3.444,4.4436,4.9424,5.5889,3.479,3.5894,0,0.7214,0.7214,OK,0.514,FORMATION_FOLLOW|FORMATION_FOLLOW|FORMATION_FOLLOW|FORMATION_FOLLOW,1,1,18.0,-9.475,-9.463,-13.918,-12.941,-32.259,-35.703,-32.329,-35.783,-5.06,-5.059,-5.057,-5.064
,0.0,0.0,0.0,3.4436,4.4543,4.9417,5.5971,3.4779,3.5927,0,0.7303,0.7303,OK,0.51,FORMATION_FOLLOW|FORMATION_FOLLOW|FORMATION_FOLLOW|FORMATION_FOLLOW,1,1,18.1,-9.446,-9.433,-13.9,-12.91,-32.259,-35.703,-32.33,-35.784,-5.061,-5.059,-5.057,-5.064
,0.0,0.0,0.0,3.4432,4.4647,4.941,5.6056,3.4769,3.5966,0,0.7389,0.7389,OK,0.507,FORMATION_FOLLOW|FORMATION_FOLLOW|FORMATION_FOLLOW|FORMATION_FOLLOW,1,1,18.2,-9.418,-9.403,-13.882,-12.879,-32.259,-35.702,-32.331,-35.785,-5.061,-5.058,-5.057,-5.064
,0.0,0.0,0.0,3.4429,4.475,4.9401,5.6141,3.4758,3.6002,0,0.7475,0.7475,OK,0.503,FORMATION_FOLLOW|FORMATION_FOLLOW|FORMATION_FOLLOW|FORMATION_FOLLOW,1,1,18.3,-9.389,-9.374,-13.864,-12.848,-32.258,-35.701,-32.331,-35.785,-5.061,-5.057,-5.057,-5.064
,0.0,0.0,0.0,3.4429,4.485,4.9388,5.6227,3.4745,3.6038,0,0.7561,0.7561,OK,0.5,FORMATION_FOLLOW|FORMATION_FOLLOW|FORMATION_FOLLOW|FORMATION_FOLLOW,1,1,18.4,-9.361,-9.344,-13.846,-12.818,-32.258,-35.701,-32.332,-35.786,-5.061,-5.057,-5.057,-5.064
,0.0,0.0,0.0,3.4428,4.4943,4.9373,5.6316,3.4738,3.6077,0,0.7641,0.7641,OK,0.496,FORMATION_FOLLOW|FORMATION_FOLLOW|FORMATION_FOLLOW|FORMATION_FOLLOW,1,1,18.5,-9.333,-9.314,-13.827,-12.787,-32.258,-35.701,-32.332,-35.786,-5.062,-5.056,-5.057,-5.064
,0.0,0.0,0.0,3.4426,4.5028,4.9355,5.6403,3.4733,3.6114,0,0.7718,0.7718,OK,0.492,FORMATION_FOLLOW|FORMATION_FOLLOW|FORMATION_FOLLOW|FORMATION_FOLLOW,1,1,18.6,-9.306,-9.284,-13.808,-12.756,-32.258,-35.7,-32.331,-35.786,-5.062,-5.056,-5.056,-5.063
,0.0,0.0,0.0,3.4419,4.5107,4.9332,5.6487,3.4727,3.6152,0,0.7792,0.7792,OK,0.488,FORMATION_FOLLOW|FORMATION_FOLLOW|FORMATION_FOLLOW|FORMATION_FOLLOW,1,1,18.7,-9.278,-9.254,-13.788,-12.726,-32.258,-35.7,-32.331,-35.786,-5.062,-5.055,-5.056,-5.063
,0.0,0.0,0.0,3.4412,4.5179,4.9304,5.6573,3.472,3.6195,0,0.7862,0.7862,OK,0.484,FORMATION_FOLLOW|FORMATION_FOLLOW|FORMATION_FOLLOW|FORMATION_FOLLOW,1,1,18.8,-9.251,-9.224,-13.768,-12.695,-32.258,-35.699,-32.33,-35.786,-5.062,-5.055,-5.055,-5.063
,0.0,0.0,0.0,3.4403,4.5247,4.9273,5.6658,3.4714,3.6238,0,0.7929,0.7929,OK,0.479,FORMATION_FOLLOW|FORMATION_FOLLOW|FORMATION_FOLLOW|FORMATION_FOLLOW,1,1,18.9,-9.224,-9.194,-13.748,-12.664,-32.258,-35.699,-32.328,-35.786,-5.062,-5.055,-5.055,-5.063
,0.0,0.0,0.0,3.4392,4.5311,4.9242,5.6738,3.4707,3.6277,0,0.7993,0.7993,OK,0.475,FORMATION_FOLLOW|FORMATION_FOLLOW|FORMATION_FOLLOW|FORMATION_FOLLOW,1,1,19.0,-9.197,-9.164,-13.727,-12.633,-32.259,-35.698,-32.327,-35.785,-5.062,-5.055,-5.055,-5.062
,0.0,0.0,0.0,3.4381,4.5375,4.9212,5.6812,3.4698,3.6315,0,0.8056,0.8056,OK,0.47,FORMATION_FOLLOW|FORMATION_FOLLOW|FORMATION_FOLLOW|FORMATION_FOLLOW,1,1,19.1,-9.169,-9.134,-13.706,-12.602,-32.259,-35.697,-32.325,-35.785,-5.062,-5.055,-5.055,-5.061
,0.0,0.0,0.0,3.4376,4.5434,4.9183,5.688,3.4684,3.6348,0,0.8115,0.8115,OK,0.466,FORMATION_FOLLOW|FORMATION_FOLLOW|FORMATION_FOLLOW|FORMATION_FOLLOW,1,1,19.2,-9.142,-9.104,-13.685,-12.571,-32.259,-35.696,-32.324,-35.784,-5.062,-5.055,-5.055,-5.061
,0.0,0.0,0.0,3.4369,4.5487,4.9155,5.6935,3.4664,3.6377,0,0.8167,0.8167,OK,0.461,FORMATION_FOLLOW|FORMATION_FOLLOW|FORMATION_FOLLOW|FORMATION_FOLLOW,1,1,19.3,-9.115,-9.075,-13.663,-12.541,-32.258,-35.695,-32.324,-35.784,-5.062,-5.055,-5.055,-5.061
,0.0,0.0,0.0,3.4363,4.5535,4.913,5.6986,3.465,3.6401,0,0.8216,0.8216,OK,0.456,FORMATION_FOLLOW|FORMATION_FOLLOW|FORMATION_WAIT_REJOIN|FORMATION_FOLLOW,1,1,19.4,-9.088,-9.046,-13.641,-12.51,-32.258,-35.694,-32.323,-35.783,-5.062,-5.055,-5.055,-5.062
,0.0,0.0,0.0,3.4355,4.5576,4.9107,5.7037,3.4642,3.6427,0,0.826,0.826,OK,0.451,FORMATION_FOLLOW|FORMATION_FOLLOW|FORMATION_WAIT_REJOIN|FORMATION_FOLLOW,1,1,19.5,-9.061,-9.017,-13.618,-12.48,-32.258,-35.693,-32.322,-35.783,-5.062,-5.054,-5.055,-5.062
,0.0,0.0,0.0,3.4349,4.5678,4.9084,5.7134,3.4631,3.6472,0,0.8348,0.8348,OK,0.447,FORMATION_FOLLOW|FORMATION_FOLLOW|FAILSAFE_HOLD_OR_RETREAT|FORMATION_FOLLOW,1,1,19.6,-9.034,-8.988,-13.601,-12.45,-32.258,-35.693,-32.322,-35.783,-5.062,-5.054,-5.052,-5.062
,0.0,0.0,0.0,3.4346,4.5858,4.9063,5.729,3.4618,3.6537,0,0.8493,0.8493,OK,0.445,FORMATION_FOLLOW|FORMATION_FOLLOW|FAILSAFE_HOLD_OR_RETREAT|FORMATION_FOLLOW,1,1,19.7,-9.006,-8.96,-13.592,-12.42,-32.258,-35.693,-32.321,-35.782,-5.062,-5.055,-5.046,-5.063
,0.0,0.0,0.0,3.4347,4.6093,4.9044,5.7487,3.4603,3.6617,0,0.8679,0.8679,OK,0.444,FORMATION_FOLLOW|FORMATION_FOLLOW|FAILSAFE_HOLD_OR_RETREAT|FORMATION_FOLLOW,1,1,19.8,-8.979,-8.931,-13.588,-12.39,-32.258,-35.692,-32.321,-35.782,-5.063,-5.055,-5.036,-5.063
,0.0,0.0,0.0,3.4346,4.6371,4.9029,5.7719,3.4595,3.6711,0,0.8898,0.8898,OK,0.444,FORMATION_FOLLOW|FORMATION_FOLLOW|FAILSAFE_HOLD_OR_RETREAT|FORMATION_FOLLOW,1,1,19.9,-8.952,-8.903,-13.588,-12.361,-32.258,-35.692,-32.322,-35.781,-5.063,-5.056,-5.024,-5.064
,0.0,0.0,0.0,3.4345,4.6676,4.9018,5.7974,3.4593,3.6817,0,0.914,0.914,OK,0.445,FORMATION_FOLLOW|FORMATION_FOLLOW|FAILSAFE_HOLD_OR_RETREAT|FORMATION_FOLLOW,1,1,20.0,-8.925,-8.873,-13.591,-12.331,-32.257,-35.691,-32.323,-35.782,-5.063,-5.056,-5.01,-5.065
,0.0,0.0,0.0,3.4346,4.7003,4.9014,5.8246,3.4592,3.6935,0,0.94,0.94,OK,0.446,FORMATION_FOLLOW|FORMATION_FOLLOW|FAILSAFE_HOLD_OR_RETREAT|FORMATION_FOLLOW,1,1,20.1,-8.897,-8.844,-13.597,-12.302,-32.256,-35.69,-32.324,-35.782,-5.063,-5.057,-4.994,-5.066
,0.0,0.0,0.0,3.4343,4.7348,4.9011,5.8523,3.4582,3.7065,0,0.9673,0.9673,OK,0.447,FORMATION_FOLLOW|FORMATION_FOLLOW|FAILSAFE_HOLD_OR_RETREAT|FORMATION_FOLLOW,1,1,20.2,-8.87,-8.815,-13.604,-12.272,-32.255,-35.689,-32.325,-35.783,-5.064,-5.057,-4.977,-5.066
,0.0,0.0,0.0,3.4338,4.7705,4.9011,5.88,3.4567,3.7197,0,0.9953,0.9953,OK,0.449,FORMATION_FOLLOW|FORMATION_FOLLOW|FAILSAFE_HOLD_OR_RETREAT|FORMATION_FOLLOW,1,1,20.3,-8.842,-8.787,-13.611,-12.243,-32.254,-35.687,-32.326,-35.783,-5.064,-5.056,-4.958,-5.067
,0.0,0.0,0.0,3.4331,4.8073,4.9013,5.9084,3.4555,3.7336,0,1.0242,1.0242,OK,0.451,FORMATION_FOLLOW|FORMATION_FOLLOW|FAILSAFE_HOLD_OR_RETREAT|FORMATION_FOLLOW,1,1,20.4,-8.814,-8.759,-13.62,-12.213,-32.253,-35.685,-32.328,-35.784,-5.064,-5.056,-4.939,-5.067
,0.0,0.0,0.0,3.4323,4.8446,4.9015,5.9375,3.4541,3.7486,0,1.0537,1.0537,OK,0.453,FORMATION_FOLLOW|FORMATION_FOLLOW|FAILSAFE_HOLD_OR_RETREAT|FORMATION_FOLLOW,1,1,20.5,-8.787,-8.731,-13.628,-12.184,-32.252,-35.684,-32.33,-35.785,-5.064,-5.056,-4.919,-5.067
,0.0,0.0,0.0,3.4316,4.8817,4.9015,5.9667,3.4522,3.7646,0,1.0834,1.0834,OK,0.455,FORMATION_FOLLOW|FORMATION_FOLLOW|FAILSAFE_HOLD_OR_RETREAT|FORMATION_FOLLOW,1,1,20.6,-8.759,-8.703,-13.637,-12.153,-32.251,-35.682,-32.331,-35.787,-5.064,-5.055,-4.898,-5.068
,0.0,0.0,0.0,3.4311,4.9187,4.9016,5.9959,3.4501,3.7812,0,1.1131,1.1131,OK,0.457,FORMATION_FOLLOW|FORMATION_FOLLOW|FAILSAFE_HOLD_OR_RETREAT|FORMATION_FOLLOW,1,1,20.7,-8.731,-8.675,-13.646,-12.123,-32.249,-35.68,-32.333,-35.788,-5.064,-5.055,-4.877,-5.068
,0.0,0.0,0.0,3.4302,4.9554,4.9014,6.0249,3.4482,3.7977,0,1.1428,1.1428,OK,0.459,FORMATION_FOLLOW|FORMATION_FOLLOW|FAILSAFE_HOLD_OR_RETREAT|FORMATION_FOLLOW,1,1,20.8,-8.704,-8.646,-13.654,-12.093,-32.248,-35.678,-32.334,-35.789,-5.064,-5.055,-4.855,-5.068
,0.0,0.0,0.0,3.4288,4.9919,4.9011,6.0538,3.4468,3.8142,0,1.1724,1.1724,OK,0.461,FORMATION_FOLLOW|FORMATION_FOLLOW|FAILSAFE_HOLD_OR_RETREAT|FORMATION_FOLLOW,1,1,20.9,-8.676,-8.618,-13.662,-12.063,-32.247,-35.675,-32.335,-35.79,-5.064,-5.055,-4.834,-5.069
,0.0,0.0,0.0,3.4276,5.0283,4.9008,6.083,3.4457,3.8309,1,1.202,1.202,LOST,0.462,FORMATION_FOLLOW|FORMATION_FOLLOW|FAILSAFE_HOLD_OR_RETREAT|FORMATION_FOLLOW,1,1,21.0,-8.649,-8.589,-13.67,-12.033,-32.246,-35.673,-32.337,-35.79,-5.064,-5.056,-4.812,-5.069
,0.0,0.0,0.0,3.427,5.0639,4.9004,6.1122,3.4445,3.8479,1,1.2312,1.2312,LOST,0.464,FORMATION_WAIT_REJOIN|FORMATION_FOLLOW|FAILSAFE_HOLD_OR_RETREAT|FORMATION_FOLLOW,1,1,21.1,-8.621,-8.56,-13.677,-12.003,-32.244,-35.671,-32.338,-35.791,-5.064,-5.056,-4.79,-5.07
,0.0,0.0,0.0,3.4269,5.0994,4.9,6.1421,3.4436,3.8655,1,1.2603,1.2603,LOST,0.465,FORMATION_WAIT_REJOIN|FORMATION_FOLLOW|FAILSAFE_HOLD_OR_RETREAT|FORMATION_FOLLOW,1,1,21.2,-8.594,-8.531,-13.684,-11.973,-32.243,-35.67,-32.338,-35.791,-5.063,-5.057,-4.768,-5.07
,0.0,0.0,0.0,3.427,5.135,4.9,6.172,3.4432,3.8831,1,1.2893,1.2893,LOST,0.467,FORMATION_WAIT_REJOIN|FORMATION_FOLLOW|FAILSAFE_HOLD_OR_RETREAT|FORMATION_FOLLOW,1,1,21.3,-8.565,-8.502,-13.69,-11.943,-32.242,-35.668,-32.339,-35.792,-5.063,-5.057,-4.745,-5.07
,0.0,0.0,0.0,3.4274,5.1705,4.8999,6.2017,3.4424,3.9007,1,1.318,1.318,LOST,0.468,FORMATION_WAIT_REJOIN|FORMATION_FOLLOW|FAILSAFE_HOLD_OR_RETREAT|FORMATION_FOLLOW,1,1,21.4,-8.537,-8.474,-13.696,-11.914,-32.241,-35.667,-32.339,-35.792,-5.062,-5.057,-4.723,-5.07
,0.0,0.0,0.0,3.4278,5.2054,4.8995,6.2311,3.4414,3.9185,1,1.3464,1.3464,LOST,0.469,FORMATION_WAIT_REJOIN|FORMATION_FOLLOW|FAILSAFE_HOLD_OR_RETREAT|FORMATION_FOLLOW,1,1,21.5,-8.509,-8.445,-13.701,-11.884,-32.239,-35.666,-32.339,-35.791,-5.062,-5.057,-4.701,-5.07
,0.0,0.0,0.0,3.4282,5.2402,4.8995,6.26,3.4401,3.9366,1,1.3745,1.3745,LOST,0.47,FORMATION_WAIT_REJOIN|FORMATION_FOLLOW|FAILSAFE_HOLD_OR_RETREAT|FORMATION_FOLLOW,1,1,21.6,-8.48,-8.416,-13.706,-11.854,-32.237,-35.665,-32.339,-35.791,-5.062,-5.057,-4.679,-5.07
,0.0,0.0,0.0,3.4294,5.275,4.8998,6.2892,3.439,3.9549,1,1.4025,1.4025,LOST,0.471,FORMATION_WAIT_REJOIN|FORMATION_FOLLOW|FAILSAFE_HOLD_OR_RETREAT|FORMATION_FOLLOW,1,1,21.7,-8.451,-8.387,-13.71,-11.824,-32.236,-35.665,-32.338,-35.79,-5.061,-5.057,-4.657,-5.069
,0.0,0.0,0.0,3.4319,5.3091,4.9001,6.3184,3.438,3.9727,1,1.43,1.43,LOST,0.472,FORMATION_WAIT_REJOIN|FORMATION_FOLLOW|FAILSAFE_HOLD_OR_RETREAT|FORMATION_FOLLOW,1,1,21.8,-8.423,-8.359,-13.714,-11.795,-32.234,-35.665,-32.338,-35.79,-5.061,-5.057,-4.635,-5.069
,0.0,0.0,0.0,3.4352,5.3428,4.9004,6.3477,3.4367,3.9909,1,1.4572,1.4572,LOST,0.473,FORMATION_WAIT_REJOIN|FORMATION_FOLLOW|FAILSAFE_HOLD_OR_RETREAT|FORMATION_FOLLOW,1,1,21.9,-8.394,-8.331,-13.717,-11.765,-32.232,-35.667,-32.338,-35.789,-5.061,-5.058,-4.614,-5.069
,0.0,0.0,0.0,3.4384,5.3761,4.9006,6.3767,3.4352,4.0094,1,1.484,1.484,LOST,0.473,FORMATION_WAIT_REJOIN|FORMATION_FOLLOW|FAILSAFE_HOLD_OR_RETREAT|FORMATION_FOLLOW,1,1,22.0,-8.365,-8.302,-13.72,-11.736,-32.231,-35.669,-32.338,-35.789,-5.061,-5.058,-4.592,-5.069
,0.0,0.0,0.0,3.4417,5.409,4.9004,6.4053,3.4332,4.0277,1,1.5106,1.5106,LOST,0.474,FORMATION_WAIT_REJOIN|FORMATION_FOLLOW|FAILSAFE_HOLD_OR_RETREAT|FORMATION_FOLLOW,1,1,22.1,-8.337,-8.275,-13.722,-11.706,-32.23,-35.671,-32.338,-35.788,-5.061,-5.059,-4.57,-5.069
,0.0,0.0,0.0,3.4449,5.4417,4.8998,6.4336,3.4309,4.0461,1,1.537,1.537,LOST,0.474,FORMATION_WAIT_REJOIN|FORMATION_FOLLOW|FAILSAFE_HOLD_OR_RETREAT|FORMATION_FOLLOW,1,1,22.2,-8.308,-8.247,-13.724,-11.676,-32.229,-35.673,-32.338,-35.788,-5.061,-5.059,-4.549,-5.069
,0.0,0.0,0.0,3.4483,5.4741,4.8991,6.4619,3.4287,4.0644,1,1.5631,1.5631,LOST,0.474,FORMATION_WAIT_REJOIN|FORMATION_FOLLOW|FAILSAFE_HOLD_OR_RETREAT|FORMATION_FOLLOW,1,1,22.3,-8.279,-8.219,-13.726,-11.646,-32.228,-35.676,-32.337,-35.787,-5.06,-5.059,-4.528,-5.07
,0.0,0.0,0.0,3.4517,5.5065,4.8982,6.4904,3.4272,4.0823,1,1.5893,1.5893,LOST,0.475,FORMATION_WAIT_REJOIN|FORMATION_FOLLOW|FAILSAFE_HOLD_OR_RETREAT|FORMATION_FOLLOW,1,1,22.4,-8.25,-8.19,-13.727,-11.616,-32.227,-35.679,-32.338,-35.786,-5.06,-5.059,-4.507,-5.069
,0.0,0.0,0.0,3.4543,5.5391,4.8973,6.5187,3.4262,4.0997,1,1.6155,1.6155,LOST,0.475,FORMATION_WAIT_REJOIN|FORMATION_FOLLOW|FAILSAFE_HOLD_OR_RETREAT|FORMATION_FOLLOW,1,1,22.5,-8.22,-8.161,-13.728,-11.586,-32.227,-35.681,-32.338,-35.784,-5.06,-5.059,-4.486,-5.069
,0.0,0.0,0.0,3.4563,5.5711,4.8961,6.5467,3.4254,4.117,1,1.6411,1.6411,LOST,0.47,FORMATION_WAIT_REJOIN|FORMATION_FOLLOW|FAILSAFE_HOLD_OR_RETREAT|FORMATION_FOLLOW,1,1,22.6,-8.191,-8.132,-13.729,-11.556,-32.227,-35.683,-32.338,-35.783,-5.06,-5.058,-4.466,-5.069
,0.0,0.0,0.0,3.4586,5.6022,4.8948,6.5742,3.4245,4.1341,1,1.6662,1.6662,LOST,0.455,FORMATION_WAIT_REJOIN|FORMATION_WAIT_REJOIN|FAILSAFE_HOLD_OR_RETREAT|FORMATION_FOLLOW,1,1,22.7,-8.161,-8.103,-13.729,-11.526,-32.227,-35.685,-32.339,-35.782,-5.059,-5.058,-4.446,-5.068
,0.0,0.0,0.0,3.4614,5.6328,4.8933,6.6014,3.4237,4.1508,1,1.6907,1.6907,LOST,0.43,FORMATION_WAIT_REJOIN|FORMATION_WAIT_REJOIN|FAILSAFE_HOLD_OR_RETREAT|FORMATION_FOLLOW,1,1,22.8,-8.132,-8.074,-13.728,-11.497,-32.227,-35.688,-32.339,-35.78,-5.059,-5.058,-4.427,-5.068
,0.0,0.0,0.0,3.4643,5.6627,4.8918,6.6283,3.4229,4.1672,1,1.7147,1.7147,LOST,0.396,FORMATION_WAIT_REJOIN|FORMATION_WAIT_REJOIN|FAILSAFE_HOLD_OR_RETREAT|FORMATION_FOLLOW,1,1,22.9,-8.103,-8.045,-13.727,-11.467,-32.227,-35.69,-32.339,-35.778,-5.059,-5.058,-4.409,-5.067
,0.0,0.0,0.0,3.4673,5.6919,4.8904,6.6548,3.4224,4.1834,1,1.7382,1.7382,LOST,0.356,FORMATION_WAIT_REJOIN|FORMATION_WAIT_REJOIN|FAILSAFE_HOLD_OR_RETREAT|FORMATION_FOLLOW,1,1,23.0,-8.074,-8.016,-13.725,-11.437,-32.226,-35.693,-32.339,-35.776,-5.059,-5.058,-4.391,-5.066
,0.0,0.0,0.0,3.4705,5.7202,4.889,6.6807,3.422,4.1992,1,1.761,1.761,LOST,0.31,FORMATION_WAIT_REJOIN|FORMATION_WAIT_REJOIN|FAILSAFE_HOLD_OR_RETREAT|FORMATION_FOLLOW,1,1,23.1,-8.044,-7.986,-13.722,-11.407,-32.226,-35.696,-32.339,-35.774,-5.06,-5.058,-4.373,-5.065
,0.0,0.0,0.0,3.4748,5.7471,4.8876,6.7058,3.4213,4.2144,1,1.7827,1.7827,LOST,0.261,FORMATION_WAIT_REJOIN|FORMATION_WAIT_REJOIN|FAILSAFE_HOLD_OR_RETREAT|FORMATION_FOLLOW,1,1,23.2,-8.014,-7.956,-13.716,-11.377,-32.226,-35.7,-32.34,-35.773,-5.06,-5.059,-4.356,-5.064
,0.0,0.0,0.0,3.4792,5.7717,4.8864,6.7292,3.4213,4.2282,1,1.8027,1.8027,LOST,0.211,FORMATION_WAIT_REJOIN|FORMATION_WAIT_REJOIN|FAILSAFE_HOLD_OR_RETREAT|FORMATION_FOLLOW,1,1,23.3,-7.984,-7.926,-13.709,-11.347,-32.226,-35.705,-32.34,-35.771,-5.061,-5.059,-4.338,-5.063
,0.0,0.0,0.0,3.4831,5.7938,4.8852,6.7503,3.4216,4.2404,1,1.8208,1.8208,LOST,0.162,FORMATION_WAIT_REJOIN|FORMATION_WAIT_REJOIN|FAILSAFE_HOLD_OR_RETREAT|FORMATION_FOLLOW,1,1,23.4,-7.954,-7.896,-13.699,-11.317,-32.226,-35.708,-32.34,-35.769,-5.062,-5.059,-4.321,-5.062
,0.0,0.0,0.0,3.487,5.8136,4.8839,6.7695,3.4218,4.2515,1,1.8375,1.8375,LOST,0.117,FORMATION_WAIT_REJOIN|FORMATION_WAIT_REJOIN|FAILSAFE_HOLD_OR_RETREAT|FORMATION_FOLLOW,1,1,23.5,-7.924,-7.866,-13.687,-11.287,-32.225,-35.712,-32.339,-35.767,-5.063,-5.06,-4.305,-5.061
,0.0,0.0,0.0,3.49,5.8319,4.8828,6.7866,3.4222,4.2616,1,1.8528,1.8528,LOST,0.077,FORMATION_WAIT_REJOIN|FORMATION_WAIT_REJOIN|FAILSAFE_HOLD_OR_RETREAT|FORMATION_FOLLOW,1,1,23.6,-7.893,-7.835,-13.672,-11.257,-32.225,-35.714,-32.339,-35.764,-5.064,-5.06,-4.288,-5.06
,0.0,0.0,0.0,3.4923,5.8485,4.8814,6.8018,3.4222,4.2706,1,1.8669,1.8669,LOST,0.044,FORMATION_WAIT_REJOIN|FORMATION_WAIT_REJOIN|FAILSAFE_HOLD_OR_RETREAT|FORMATION_FOLLOW,1,1,23.7,-7.863,-7.805,-13.656,-11.227,-32.225,-35.717,-32.339,-35.762,-5.065,-5.06,-4.271,-5.06
,0.0,0.0,0.0,3.4942,5.8642,4.8805,6.8158,3.4224,4.2793,1,1.8799,1.8799,LOST,0.02,FORMATION_WAIT_REJOIN|FORMATION_WAIT_REJOIN|FAILSAFE_HOLD_OR_RETREAT|FORMATION_FOLLOW,1,1,23.8,-7.832,-7.775,-13.639,-11.198,-32.225,-35.719,-32.339,-35.76,-5.066,-5.06,-4.253,-5.059
,0.0,0.0,0.0,3.4952,5.8788,4.8799,6.8282,3.4226,4.2876,1,1.8924,1.8924,LOST,0.005,FORMATION_WAIT_REJOIN|FORMATION_WAIT_REJOIN|FAILSAFE_HOLD_OR_RETREAT|FORMATION_FOLLOW,1,1,23.9,-7.802,-7.746,-13.621,-11.168,-32.225,-35.72,-32.338,-35.758,-5.066,-5.06,-4.236,-5.058
,0.0,0.0,0.0,3.4954,5.8928,4.8796,6.8393,3.4228,4.2952,1,1.9042,1.9042,LOST,0.0,FORMATION_WAIT_REJOIN|FORMATION_WAIT_REJOIN|FAILSAFE_HOLD_OR_RETREAT|FORMATION_FOLLOW,1,1,24.0,-7.771,-7.716,-13.601,-11.139,-32.225,-35.72,-32.338,-35.756,-5.067,-5.06,-4.218,-5.058
,0.0,0.0,0.0,3.4952,5.9061,4.879,6.85,3.4227,4.3033,1,1.9159,1.9159,LOST,0.0,FORMATION_WAIT_REJOIN|FORMATION_WAIT_REJOIN|FAILSAFE_HOLD_OR_RETREAT|FORMATION_FOLLOW,1,1,24.1,-7.741,-7.687,-13.581,-11.11,-32.225,-35.72,-32.338,-35.754,-5.067,-5.06,-4.199,-5.058
,0.0,0.0,0.0,3.4952,5.9194,4.8783,6.8613,3.423,4.3115,1,1.928,1.928,LOST,0.0,FORMATION_WAIT_REJOIN|FORMATION_WAIT_REJOIN|FAILSAFE_HOLD_OR_RETREAT|FORMATION_FOLLOW,1,1,24.2,-7.71,-7.657,-13.562,-11.08,-32.225,-35.72,-32.338,-35.753,-5.067,-5.06,-4.18,-5.058
,0.0,0.0,0.0,3.4955,5.9337,4.8778,6.8737,3.4236,4.3204,1,1.9408,1.9408,LOST,0.0,FORMATION_WAIT_REJOIN|FORMATION_WAIT_REJOIN|FAILSAFE_HOLD_OR_RETREAT|FORMATION_FOLLOW,1,1,24.3,-7.68,-7.627,-13.543,-11.051,-32.225,-35.72,-32.338,-35.751,-5.067,-5.061,-4.161,-5.058
,0.0,0.0,0.0,3.4955,5.9488,4.8768,6.8865,3.4238,4.3297,1,1.9543,1.9543,LOST,0.0,FORMATION_WAIT_REJOIN|FORMATION_WAIT_REJOIN|FAILSAFE_HOLD_OR_RETREAT|FORMATION_FOLLOW,1,1,24.4,-7.65,-7.597,-13.525,-11.021,-32.225,-35.721,-32.338,-35.749,-5.067,-5.061,-4.142,-5.058
,0.0,0.0,0.0,3.4954,5.965,4.8755,6.9006,3.4241,4.3398,1,1.9688,1.9688,LOST,0.0,FORMATION_WAIT_REJOIN|FORMATION_WAIT_REJOIN|FAILSAFE_HOLD_OR_RETREAT|FORMATION_FOLLOW,1,1,24.5,-7.619,-7.567,-13.508,-10.991,-32.225,-35.72,-32.338,-35.747,-5.066,-5.06,-4.123,-5.058
,0.0,0.0,0.0,3.4957,5.9828,4.8743,6.9161,3.4245,4.351,1,1.9845,1.9845,LOST,0.0,FORMATION_WAIT_REJOIN|FORMATION_WAIT_REJOIN|FAILSAFE_HOLD_OR_RETREAT|FORMATION_FOLLOW,1,1,24.6,-7.589,-7.536,-13.493,-10.961,-32.225,-35.721,-32.338,-35.745,-5.066,-5.06,-4.103,-5.059
,0.0,0.0,0.0,3.4958,6.0027,4.8732,6.9335,3.4251,4.3635,1,2.0016,2.0016,LOST,0.0,FORMATION_WAIT_REJOIN|FORMATION_WAIT_REJOIN|FAILSAFE_HOLD_OR_RETREAT|FORMATION_FOLLOW,1,1,24.7,-7.558,-7.506,-13.479,-10.931,-32.225,-35.721,-32.338,-35.743,-5.067,-5.059,-4.084,-5.059
,0.0,0.0,0.0,3.4953,6.0246,4.8723,6.952,3.4254,4.3773,1,2.02,2.02,LOST,0.0,FORMATION_WAIT_REJOIN|FORMATION_WAIT_REJOIN|FAILSAFE_HOLD_OR_RETREAT|FORMATION_FOLLOW,1,1,24.8,-7.527,-7.475,-13.467,-10.901,-32.226,-35.72,-32.338,-35.741,-5.067,-5.059,-4.064,-5.06
,0.0,0.0,0.0,3.4954,6.0394,4.872,6.9637,3.4249,4.3863,1,2.032,2.032,LOST,0.0,FORMATION_WAIT_REJOIN|FORMATION_WAIT_REJOIN|FORMATION_RECOVERY|FORMATION_FOLLOW,1,1,24.9,-7.496,-7.445,-13.449,-10.87,-32.226,-35.721,-32.338,-35.74,-5.067,-5.059,-4.051,-5.06
,0.0,0.0,0.0,3.4959,6.0433,4.8719,6.9664,3.4247,4.3878,1,2.035,2.035,LOST,0.0,FORMATION_WAIT_REJOIN|FORMATION_WAIT_REJOIN|FORMATION_RECOVERY|FORMATION_FOLLOW,1,1,25.0,-7.465,-7.416,-13.421,-10.84,-32.226,-35.721,-32.339,-35.739,-5.066,-5.058,-4.047,-5.061
,0.0,0.0,0.0,3.4969,6.0377,4.8718,6.961,3.4248,4.3825,1,2.0301,2.0301,LOST,0.0,FORMATION_WAIT_REJOIN|FORMATION_WAIT_REJOIN|FORMATION_RECOVERY|FORMATION_FOLLOW,1,1,25.1,-7.435,-7.386,-13.385,-10.81,-32.225,-35.722,-32.339,-35.738,-5.067,-5.058,-4.051,-5.061
,0.0,0.0,0.0,3.498,6.0238,4.872,6.9486,3.4251,4.3714,1,2.0181,2.0181,LOST,0.0,FORMATION_WAIT_REJOIN|FORMATION_WAIT_REJOIN|FORMATION_RECOVERY|FORMATION_FOLLOW,1,1,25.2,-7.405,-7.356,-13.343,-10.781,-32.225,-35.723,-32.339,-35.737,-5.067,-5.058,-4.062,-5.061
,0.0,0.0,0.0,3.4998,6.0037,4.8724,6.9309,3.4255,4.3557,1,2.0009,2.0009,LOST,0.0,FORMATION_WAIT_REJOIN|FORMATION_WAIT_REJOIN|FORMATION_RECOVERY|FORMATION_FOLLOW,1,1,25.3,-7.374,-7.326,-13.295,-10.752,-32.225,-35.725,-32.34,-35.737,-5.067,-5.058,-4.078,-5.062
,0.0,0.0,0.0,3.5017,5.9789,4.8725,6.9092,3.4261,4.3361,1,1.9794,1.9794,LOST,0.0,FORMATION_WAIT_REJOIN|FORMATION_WAIT_REJOIN|FORMATION_RECOVERY|FORMATION_FOLLOW,1,1,25.4,-7.344,-7.297,-13.243,-10.723,-32.225,-35.727,-32.341,-35.736,-5.067,-5.058,-4.1,-5.062
,0.0,0.0,0.0,3.5028,5.95,4.8723,6.8839,3.4269,4.3136,1,1.9546,1.9546,LOST,0.0,FORMATION_WAIT_REJOIN|FORMATION_WAIT_REJOIN|FORMATION_RECOVERY|FORMATION_FOLLOW,1,1,25.5,-7.313,-7.267,-13.187,-10.694,-32.226,-35.728,-32.342,-35.734,-5.066,-5.058,-4.125,-5.063
,0.0,0.0,0.0,3.5033,5.9183,4.8721,6.856,3.4279,4.2892,1,1.9273,1.9273,LOST,0.0,FORMATION_WAIT_REJOIN|FORMATION_WAIT_REJOIN|FORMATION_RECOVERY|FORMATION_FOLLOW,1,1,25.6,-7.283,-7.238,-13.13,-10.665,-32.227,-35.729,-32.343,-35.733,-5.066,-5.059,-4.154,-5.064
,0.0,0.0,0.0,3.5032,5.8845,4.8724,6.8267,3.4297,4.2639,1,1.8983,1.8983,LOST,0.0,FORMATION_WAIT_REJOIN|FORMATION_WAIT_REJOIN|FORMATION_RECOVERY|FORMATION_FOLLOW,1,1,25.7,-7.253,-7.207,-13.07,-10.637,-32.227,-35.73,-32.344,-35.733,-5.066,-5.059,-4.185,-5.065
,0.0,0.0,0.0,3.5036,5.8495,4.8728,6.7964,3.4311,4.2382,1,1.868,1.868,LOST,0.0,FORMATION_WAIT_REJOIN|FORMATION_WAIT_REJOIN|FORMATION_RECOVERY|FORMATION_FOLLOW,1,1,25.8,-7.223,-7.177,-13.009,-10.608,-32.227,-35.731,-32.344,-35.732,-5.066,-5.06,-4.218,-5.065
,0.0,0.0,0.0,3.504,5.8136,4.8735,6.7645,3.4322,4.2114,1,1.8366,1.8366,LOST,0.0,FORMATION_WAIT_REJOIN|FORMATION_WAIT_REJOIN|FORMATION_RECOVERY|FORMATION_FOLLOW,1,1,25.9,-7.192,-7.147,-12.947,-10.579,-32.228,-35.732,-32.345,-35.732,-5.066,-5.06,-4.253,-5.066
,0.0,0.0,0.0,3.5046,5.7776,4.8752,6.7319,3.4336,4.1842,1,1.8046,1.8046,LOST,0.0,FORMATION_WAIT_REJOIN|FORMATION_WAIT_REJOIN|FORMATION_RECOVERY|FORMATION_FOLLOW,1,1,26.0,-7.16,-7.117,-12.884,-10.551,-32.228,-35.733,-32.347,-35.732,-5.066,-5.06,-4.289,-5.067
,0.0,0.0,0.0,3.5049,5.7415,4.8774,6.699,3.4353,4.1574,1,1.7722,1.7722,LOST,0.0,FORMATION_WAIT_REJOIN|FORMATION_WAIT_REJOIN|FORMATION_RECOVERY|FORMATION_FOLLOW,1,1,26.1,-7.128,-7.087,-12.821,-10.522,-32.229,-35.733,-32.348,-35.731,-5.066,-5.06,-4.326,-5.068
,0.0,0.0,0.0,3.5052,5.7056,4.8799,6.666,3.4367,4.1309,1,1.7398,1.7398,LOST,0.0,FORMATION_WAIT_REJOIN|FORMATION_WAIT_REJOIN|FORMATION_RECOVERY|FORMATION_FOLLOW,1,1,26.2,-7.096,-7.057,-12.757,-10.494,-32.229,-35.734,-32.349,-35.732,-5.067,-5.06,-4.364,-5.068
,0.0,0.0,0.0,3.5056,5.6699,4.8828,6.6329,3.438,4.1049,1,1.7076,1.7076,LOST,0.0,FORMATION_WAIT_REJOIN|FORMATION_WAIT_REJOIN|FORMATION_RECOVERY|FORMATION_FOLLOW,1,1,26.3,-7.065,-7.027,-12.694,-10.465,-32.229,-35.734,-32.35,-35.733,-5.067,-5.06,-4.402,-5.069
,0.0,0.0,0.0,3.5064,5.6347,4.8862,6.6002,3.4391,4.0799,1,1.6758,1.6758,LOST,0.0,FORMATION_WAIT_REJOIN|FORMATION_WAIT_REJOIN|FORMATION_RECOVERY|FORMATION_FOLLOW,1,1,26.4,-7.033,-6.998,-12.631,-10.437,-32.229,-35.735,-32.352,-35.734,-5.067,-5.061,-4.441,-5.069
,0.0,0.0,0.0,3.5077,5.5998,4.8898,6.5677,3.4401,4.0552,1,1.6444,1.6444,LOST,0.0,FORMATION_WAIT_REJOIN|FORMATION_WAIT_REJOIN|FORMATION_RECOVERY|FORMATION_FOLLOW,1,1,26.5,-7.001,-6.969,-12.569,-10.409,-32.228,-35.736,-32.354,-35.735,-5.066,-5.061,-4.479,-5.069
,0.0,0.0,0.0,3.5091,5.5649,4.893,6.5358,3.4412,4.0312,1,1.6134,1.6134,LOST,0.0,FORMATION_WAIT_REJOIN|FORMATION_WAIT_REJOIN|FORMATION_RECOVERY|FORMATION_FOLLOW,1,1,26.6,-6.97,-6.939,-12.506,-10.38,-32.228,-35.737,-32.356,-35.737,-5.066,-5.061,-4.516,-5.069
,0.0,0.0,0.0,3.5114,5.5307,4.8961,6.5049,3.442,4.008,1,1.5832,1.5832,LOST,0.0,FORMATION_WAIT_REJOIN|FORMATION_WAIT_REJOIN|FORMATION_RECOVERY|FORMATION_FOLLOW,1,1,26.7,-6.939,-6.91,-12.444,-10.352,-32.227,-35.739,-32.358,-35.738,-5.066,-5.061,-4.553,-5.069
,0.0,0.0,0.0,3.5138,5.4975,4.8991,6.4746,3.4424,3.9859,1,1.554,1.554,LOST,0.0,FORMATION_WAIT_REJOIN|FORMATION_WAIT_REJOIN|FORMATION_RECOVERY|FORMATION_FOLLOW,1,1,26.8,-6.908,-6.881,-12.383,-10.323,-32.227,-35.74,-32.361,-35.739,-5.066,-5.061,-4.588,-5.069
,0.0,0.0,0.0,3.516,5.4654,4.9021,6.4452,3.4424,3.9653,1,1.526,1.526,LOST,0.0,FORMATION_WAIT_REJOIN|FORMATION_WAIT_REJOIN|FORMATION_RECOVERY|FORMATION_FOLLOW,1,1,26.9,-6.877,-6.851,-12.322,-10.294,-32.226,-35.742,-32.363,-35.741,-5.066,-5.062,-4.622,-5.069
,0.0,0.0,0.0,3.518,5.4344,4.9053,6.4169,3.4425,3.9462,1,1.499,1.499,LOST,0.0,FORMATION_WAIT_REJOIN|FORMATION_WAIT_REJOIN|FORMATION_RECOVERY|FORMATION_FOLLOW,1,1,27.0,-6.845,-6.822,-12.262,-10.265,-32.226,-35.744,-32.365,-35.743,-5.066,-5.062,-4.654,-5.068
,0.0,0.0,0.0,3.5193,5.4044,4.9083,6.3893,3.4427,3.9278,1,1.473,1.473,LOST,0.0,FORMATION_WAIT_REJOIN|FORMATION_WAIT_REJOIN|FORMATION_RECOVERY|FORMATION_FOLLOW,1,1,27.1,-6.814,-6.793,-12.203,-10.236,-32.226,-35.745,-32.367,-35.745,-5.066,-5.062,-4.684,-5.068
,0.0,0.0,0.0,3.5195,5.3749,4.9106,6.3621,3.4428,3.9103,1,1.4478,1.4478,LOST,0.0,FORMATION_WAIT_REJOIN|FORMATION_WAIT_REJOIN|FORMATION_RECOVERY|FORMATION_FOLLOW,1,1,27.2,-6.783,-6.764,-12.144,-10.206,-32.226,-35.745,-32.369,-35.747,-5.065,-5.062,-4.712,-5.068
,0.0,0.0,0.0,3.5191,5.346,4.9125,6.3351,3.4424,3.8936,1,1.4235,1.4235,LOST,0.0,FORMATION_WAIT_REJOIN|FORMATION_WAIT_REJOIN|FORMATION_RECOVERY|FORMATION_FOLLOW,1,1,27.3,-6.752,-6.734,-12.086,-10.177,-32.226,-35.746,-32.371,-35.748,-5.065,-5.062,-4.738,-5.068
,0.0,0.0,0.0,3.5178,5.3174,4.9138,6.3083,3.4416,3.878,1,1.3998,1.3998,LOST,0.0,FORMATION_WAIT_REJOIN|FORMATION_WAIT_REJOIN|FORMATION_RECOVERY|FORMATION_FOLLOW,1,1,27.4,-6.721,-6.705,-12.028,-10.147,-32.227,-35.745,-32.373,-35.75,-5.064,-5.062,-4.762,-5.068
,0.0,0.0,0.0,3.5162,5.2891,4.9148,6.2819,3.4405,3.8633,1,1.3766,1.3766,LOST,0.0,FORMATION_WAIT_REJOIN|FORMATION_WAIT_REJOIN|FORMATION_RECOVERY|FORMATION_FOLLOW,1,1,27.5,-6.691,-6.676,-11.97,-10.117,-32.228,-35.744,-32.374,-35.752,-5.064,-5.062,-4.785,-5.067
,0.0,0.0,0.0,3.5147,5.2613,4.9162,6.256,3.4398,3.8492,1,1.354,1.354,LOST,0.0,FORMATION_WAIT_REJOIN|FORMATION_WAIT_REJOIN|FORMATION_RECOVERY|FORMATION_FOLLOW,1,1,27.6,-6.66,-6.647,-11.913,-10.087,-32.229,-35.743,-32.376,-35.754,-5.063,-5.062,-4.805,-5.067
,0.0,0.0,0.0,3.5129,5.2338,4.9181,6.2303,3.4393,3.8357,1,1.3317,1.3317,LOST,0.0,FORMATION_WAIT_REJOIN|FORMATION_WAIT_REJOIN|FORMATION_RECOVERY|FORMATION_FOLLOW,1,1,27.7,-6.629,-6.618,-11.855,-10.057,-32.229,-35.742,-32.377,-35.756,-5.063,-5.062,-4.824,-5.067
,0.0,0.0,0.0,3.5104,5.2069,4.9201,6.2044,3.4391,3.8222,1,1.3099,1.3099,LOST,0.0,FORMATION_WAIT_REJOIN|FORMATION_WAIT_REJOIN|FORMATION_RECOVERY|FORMATION_FOLLOW,1,1,27.8,-6.598,-6.588,-11.798,-10.027,-32.23,-35.74,-32.378,-35.758,-5.062,-5.062,-4.841,-5.067
,0.0,0.0,0.0,3.5068,5.1802,4.9218,6.1785,3.4389,3.8092,1,1.2887,1.2887,LOST,0.0,FORMATION_WAIT_REJOIN|FORMATION_WAIT_REJOIN|FORMATION_RECOVERY|FORMATION_FOLLOW,1,1,27.9,-6.567,-6.559,-11.741,-9.997,-32.23,-35.737,-32.38,-35.76,-5.062,-5.062,-4.857,-5.066
,0.0,0.0,0.0,3.5025,5.1535,4.9228,6.1524,3.4382,3.7966,1,1.2679,1.2679,LOST,0.0,FORMATION_WAIT_REJOIN|FORMATION_WAIT_REJOIN|FORMATION_RECOVERY|FORMATION_FOLLOW,1,1,28.0,-6.537,-6.529,-11.685,-9.967,-32.231,-35.733,-32.382,-35.762,-5.062,-5.062,-4.871,-5.066
,0.0,0.0,0.0,3.4979,5.1268,4.9232,6.1262,3.437,3.7843,1,1.2474,1.2474,LOST,0.0,FORMATION_WAIT_REJOIN|FORMATION_WAIT_REJOIN|FORMATION_RECOVERY|FORMATION_FOLLOW,1,1,28.1,-6.507,-6.5,-11.629,-9.937,-32.231,-35.729,-32.383,-35.763,-5.062,-5.062,-4.883,-5.065
,0.0,0.0,0.0,3.4932,5.1006,4.9236,6.1007,3.4359,3.7727,1,1.2275,1.2275,LOST,0.0,FORMATION_WAIT_REJOIN|FORMATION_WAIT_REJOIN|FORMATION_RECOVERY|FORMATION_FOLLOW,1,1,28.2,-6.477,-6.471,-11.573,-9.906,-32.231,-35.725,-32.384,-35.765,-5.062,-5.063,-4.895,-5.065
,0.0,0.0,0.0,3.4881,5.0747,4.9241,6.0752,3.4348,3.7616,1,1.2078,1.2078,LOST,0.0,FORMATION_WAIT_REJOIN|FORMATION_WAIT_REJOIN|FORMATION_RECOVERY|FORMATION_FOLLOW,1,1,28.3,-6.448,-6.442,-11.518,-9.876,-32.232,-35.72,-32.386,-35.766,-5.061,-5.064,-4.906,-5.064
,0.0,0.0,0.0,3.483,5.0489,4.9248,6.05,3.4339,3.7509,1,1.1883,1.1883,LOST,0.0,FORMATION_WAIT_REJOIN|FORMATION_WAIT_REJOIN|FORMATION_RECOVERY|FORMATION_FOLLOW,1,1,28.4,-6.418,-6.412,-11.463,-9.846,-32.232,-35.715,-32.387,-35.768,-5.061,-5.064,-4.915,-5.064
,0.0,0.0,0.0,3.4781,5.0231,4.9255,6.0249,3.4326,3.741,1,1.1689,1.1689,LOST,0.0,FORMATION_WAIT_REJOIN|FORMATION_WAIT_REJOIN|FORMATION_RECOVERY|FORMATION_FOLLOW,1,1,28.5,-6.389,-6.384,-11.408,-9.816,-32.232,-35.71,-32.387,-35.77,-5.061,-5.064,-4.923,-5.063
,0.0,0.0,0.0,3.4731,4.9974,4.9262,5.9996,3.4309,3.7313,1,1.1496,1.1496,LOST,0.0,FORMATION_WAIT_REJOIN|FORMATION_WAIT_REJOIN|FORMATION_RECOVERY|FORMATION_FOLLOW,1,1,28.6,-6.359,-6.355,-11.353,-9.785,-32.232,-35.705,-32.388,-35.771,-5.061,-5.064,-4.93,-5.063
,0.0,0.0,0.0,3.4685,4.9721,4.9271,5.9746,3.4295,3.7216,1,1.1304,1.1304,LOST,0.0,FORMATION_WAIT_REJOIN|FORMATION_WAIT_REJOIN|FORMATION_RECOVERY|FORMATION_FOLLOW,1,1,28.7,-6.329,-6.326,-11.297,-9.755,-32.231,-35.7,-32.388,-35.773,-5.061,-5.064,-4.936,-5.062
,0.0,0.0,0.0,3.4643,4.9474,4.9285,5.95,3.4282,3.7124,1,1.1115,1.1115,LOST,0.0,FORMATION_WAIT_REJOIN|FORMATION_WAIT_REJOIN|FORMATION_RECOVERY|FORMATION_FOLLOW,1,1,28.8,-6.299,-6.297,-11.243,-9.724,-32.23,-35.695,-32.389,-35.774,-5.061,-5.063,-4.942,-5.061
,0.0,0.0,0.0,3.4607,4.9229,4.9298,5.9265,3.4271,3.7037,1,1.093,1.093,LOST,0.0,FORMATION_WAIT_REJOIN|FORMATION_WAIT_REJOIN|FORMATION_RECOVERY|FORMATION_FOLLOW,1,1,28.9,-6.269,-6.268,-11.188,-9.694,-32.23,-35.69,-32.388,-35.775,-5.061,-5.062,-4.947,-5.06
,0.0,0.0,0.0,3.4571,4.8983,4.931,5.9041,3.4269,3.6956,1,1.0747,1.0747,LOST,0.0,FORMATION_WAIT_REJOIN|FORMATION_WAIT_REJOIN|FORMATION_RECOVERY|FORMATION_FOLLOW,1,1,29.0,-6.24,-6.239,-11.134,-9.664,-32.229,-35.686,-32.388,-35.777,-5.061,-5.062,-4.952,-5.06
,0.0,0.0,0.0,3.4537,4.8737,4.9317,5.8822,3.4267,3.6878,1,1.0563,1.0563,LOST,0.0,FORMATION_WAIT_REJOIN|FORMATION_WAIT_REJOIN|FORMATION_RECOVERY|FORMATION_FOLLOW,1,1,29.1,-6.21,-6.209,-11.08,-9.634,-32.229,-35.682,-32.387,-35.778,-5.062,-5.061,-4.956,-5.06
,0.0,0.0,0.0,3.4508,4.8494,4.9321,5.8609,3.4261,3.6805,1,1.0383,1.0383,LOST,0.0,FORMATION_WAIT_REJOIN|FORMATION_WAIT_REJOIN|FORMATION_RECOVERY|FORMATION_FOLLOW,1,1,29.2,-6.181,-6.18,-11.027,-9.604,-32.228,-35.679,-32.386,-35.779,-5.062,-5.061,-4.959,-5.06
,0.0,0.0,0.0,3.4485,4.8255,4.9327,5.8404,3.4255,3.6738,1,1.0204,1.0204,LOST,0.0,FORMATION_WAIT_REJOIN|FORMATION_WAIT_REJOIN|FORMATION_RECOVERY|FORMATION_FOLLOW,1,1,29.3,-6.151,-6.15,-10.973,-9.574,-32.228,-35.677,-32.384,-35.78,-5.062,-5.06,-4.962,-5.06
,0.0,0.0,0.0,3.4467,4.8022,4.9337,5.8203,3.425,3.6673,1,1.0028,1.0028,LOST,0.0,FORMATION_WAIT_REJOIN|FORMATION_WAIT_REJOIN|FORMATION_RECOVERY|FORMATION_FOLLOW,1,1,29.4,-6.121,-6.121,-10.92,-9.544,-32.228,-35.675,-32.383,-35.781,-5.062,-5.059,-4.965,-5.06
,0.0,0.0,0.0,3.445,4.7791,4.9345,5.8006,3.4246,3.6607,1,0.9853,0.9853,LOST,0.0,FORMATION_WAIT_REJOIN|FORMATION_WAIT_REJOIN|FORMATION_RECOVERY|FORMATION_FOLLOW,1,1,29.5,-6.091,-6.091,-10.867,-9.514,-32.228,-35.673,-32.382,-35.782,-5.062,-5.058,-4.967,-5.061
,0.0,0.0,0.0,3.4436,4.7562,4.9352,5.7811,3.4243,3.6542,1,0.9679,0.9679,LOST,0.0,FORMATION_WAIT_REJOIN|FORMATION_WAIT_REJOIN|FORMATION_RECOVERY|FORMATION_FOLLOW,1,1,29.6,-6.061,-6.062,-10.814,-9.484,-32.228,-35.671,-32.38,-35.783,-5.062,-5.058,-4.97,-5.061
,0.0,0.0,0.0,3.4427,4.7336,4.9359,5.7621,3.4237,3.6479,1,0.9507,0.9507,LOST,0.0,FORMATION_WAIT_REJOIN|FORMATION_WAIT_REJOIN|FORMATION_RECOVERY|FORMATION_FOLLOW,1,1,29.7,-6.031,-6.032,-10.761,-9.454,-32.228,-35.67,-32.379,-35.783,-5.062,-5.057,-4.972,-5.062
,0.0,0.0,0.0,3.4419,4.7113,4.9371,5.7431,3.4231,3.642,1,0.9334,0.9334,LOST,0.0,FORMATION_WAIT_REJOIN|FORMATION_WAIT_REJOIN|FORMATION_RECOVERY|FORMATION_FOLLOW,1,1,29.8,-6.0,-6.003,-10.708,-9.424,-32.227,-35.669,-32.377,-35.784,-5.062,-5.057,-4.974,-5.062
,0.0,0.0,0.0,3.4411,4.689,4.9386,5.7244,3.4227,3.6367,1,0.916,0.916,LOST,0.0,FORMATION_WAIT_REJOIN|FORMATION_WAIT_REJOIN|FORMATION_RECOVERY|FORMATION_FOLLOW,1,1,29.9,-5.969,-5.974,-10.655,-9.394,-32.227,-35.668,-32.375,-35.785,-5.062,-5.057,-4.975,-5.062
,0.0,0.0,0.0,3.4404,4.6665,4.9397,5.706,3.4224,3.6316,1,0.8985,0.8985,LOST,0.0,FORMATION_WAIT_REJOIN|FORMATION_WAIT_REJOIN|FORMATION_RECOVERY|FORMATION_FOLLOW,1,1,30.0,-5.939,-5.945,-10.602,-9.365,-32.228,-35.668,-32.373,-35.786,-5.062,-5.057,-4.976,-5.062
,0.0,0.0,0.0,3.4402,4.644,4.9406,5.6885,3.4221,3.6271,1,0.8812,0.8812,LOST,0.0,FORMATION_WAIT_REJOIN|FORMATION_WAIT_REJOIN|FORMATION_RECOVERY|FORMATION_FOLLOW,1,1,30.1,-5.909,-5.916,-10.55,-9.336,-32.228,-35.668,-32.37,-35.787,-5.062,-5.057,-4.978,-5.062
,0.0,0.0,0.0,3.4407,4.6221,4.9419,5.6719,3.422,3.6231,1,0.8642,0.8642,LOST,0.0,FORMATION_WAIT_REJOIN|FORMATION_WAIT_REJOIN|FORMATION_RECOVERY|FORMATION_FOLLOW,1,1,30.2,-5.879,-5.886,-10.498,-9.306,-32.228,-35.669,-32.368,-35.788,-5.062,-5.057,-4.979,-5.062
,0.0,0.0,0.0,3.4417,4.6008,4.9433,5.6556,3.4217,3.6191,1,0.8477,0.8477,LOST,0.0,FORMATION_WAIT_REJOIN|FORMATION_WAIT_REJOIN|FORMATION_RECOVERY|FORMATION_FOLLOW,1,1,30.3,-5.848,-5.857,-10.446,-9.277,-32.228,-35.67,-32.365,-35.789,-5.061,-5.057,-4.981,-5.063
,0.0,0.0,0.0,3.4429,4.5796,4.9446,5.6396,3.4208,3.6159,1,0.8312,0.8312,LOST,0.0,FORMATION_WAIT_REJOIN|FORMATION_WAIT_REJOIN|FORMATION_RECOVERY|FORMATION_FOLLOW,1,1,30.4,-5.818,-5.828,-10.395,-9.247,-32.228,-35.671,-32.363,-35.791,-5.061,-5.057,-4.982,-5.063
,0.0,0.0,0.0,3.4439,4.5587,4.9457,5.6241,3.4197,3.6135,1,0.815,0.815,LOST,0.0,FORMATION_WAIT_REJOIN|FORMATION_WAIT_REJOIN|FORMATION_RECOVERY|FORMATION_FOLLOW,1,1,30.5,-5.788,-5.799,-10.344,-9.217,-32.228,-35.671,-32.36,-35.792,-5.06,-5.056,-4.984,-5.064
,0.0,0.0,0.0,3.4451,4.5379,4.9466,5.6092,3.4188,3.6113,1,0.7989,0.7989,LOST,0.0,FORMATION_WAIT_REJOIN|FORMATION_WAIT_REJOIN|FORMATION_RECOVERY|FORMATION_FOLLOW,1,1,30.6,-5.758,-5.77,-10.293,-9.187,-32.227,-35.672,-32.356,-35.793,-5.06,-5.056,-4.985,-5.064
,0.0,0.0,0.0,3.4463,4.5168,4.9474,5.5942,3.4179,3.6091,1,0.7828,0.7828,LOST,0.0,FORMATION_WAIT_REJOIN|FORMATION_FOLLOW|FORMATION_RECOVERY|FORMATION_FOLLOW,1,1,30.7,-5.728,-5.741,-10.242,-9.156,-32.227,-35.674,-32.353,-35.794,-5.06,-5.056,-4.987,-5.064
,0.0,0.0,0.0,3.4469,4.4955,4.9483,5.5789,3.4174,3.6068,1,0.7665,0.7665,LOST,0.0,FORMATION_WAIT_REJOIN|FORMATION_FOLLOW|FORMATION_RECOVERY|FORMATION_FOLLOW,1,1,30.8,-5.698,-5.711,-10.191,-9.126,-32.228,-35.675,-32.35,-35.796,-5.06,-5.056,-4.988,-5.064
,0.0,0.0,0.0,3.4475,4.4744,4.9496,5.5637,3.4175,3.6046,1,0.7501,0.7501,LOST,0.0,FORMATION_WAIT_REJOIN|FORMATION_FOLLOW|FORMATION_RECOVERY|FORMATION_FOLLOW,1,1,30.9,-5.667,-5.682,-10.14,-9.097,-32.228,-35.676,-32.348,-35.797,-5.06,-5.056,-4.989,-5.064
,0.0,0.0,0.0,3.4485,4.453,4.9512,5.5483,3.4181,3.6015,1,0.7337,0.7337,LOST,0.0,FORMATION_WAIT_REJOIN|FORMATION_FOLLOW|FORMATION_RECOVERY|FORMATION_FOLLOW,1,1,31.0,-5.637,-5.651,-10.088,-9.067,-32.228,-35.677,-32.346,-35.799,-5.059,-5.056,-4.989,-5.064
,0.0,0.0,0.0,3.4497,4.4316,4.9525,5.5321,3.4185,3.5971,1,0.7173,0.7173,LOST,0.0,FORMATION_WAIT_REJOIN|FORMATION_FOLLOW|FORMATION_RECOVERY|FORMATION_FOLLOW,1,1,31.1,-5.607,-5.622,-10.036,-9.038,-32.229,-35.678,-32.345,-35.8,-5.059,-5.056,-4.99,-5.063
,0.0,0.0,0.0,3.4511,4.4102,4.9534,5.5157,3.4186,3.5918,1,0.701,0.701,LOST,0.0,FORMATION_WAIT_REJOIN|FORMATION_FOLLOW|FORMATION_RECOVERY|FORMATION_FOLLOW,1,1,31.2,-5.577,-5.592,-9.985,-9.008,-32.229,-35.68,-32.345,-35.801,-5.058,-5.056,-4.991,-5.062
,0.0,0.0,0.0,3.4524,4.3889,4.9542,5.4992,3.4184,3.5868,1,0.6848,0.6848,LOST,0.0,FORMATION_WAIT_REJOIN|FORMATION_FOLLOW|FORMATION_RECOVERY|FORMATION_FOLLOW,1,1,31.3,-5.547,-5.563,-9.934,-8.979,-32.229,-35.681,-32.345,-35.802,-5.058,-5.056,-4.992,-5.061
,0.0,0.0,0.0,3.4536,4.3672,4.9543,5.4826,3.4177,3.5819,1,0.6685,0.6685,LOST,0.0,FORMATION_WAIT_REJOIN|FORMATION_FOLLOW|FORMATION_RECOVERY|FORMATION_FOLLOW,1,1,31.4,-5.517,-5.534,-9.883,-8.949,-32.229,-35.683,-32.345,-35.803,-5.058,-5.057,-4.993,-5.06
,0.0,0.0,0.0,3.4547,4.345,4.9535,5.4659,3.4164,3.5769,1,0.6521,0.6521,LOST,0.0,FORMATION_WAIT_REJOIN|FORMATION_FOLLOW|FORMATION_RECOVERY|FORMATION_FOLLOW,1,1,31.5,-5.489,-5.505,-9.832,-8.919,-32.23,-35.685,-32.345,-35.803,-5.058,-5.057,-4.995,-5.059
,0.0,0.0,0.0,3.4559,4.3227,4.952,5.4497,3.4147,3.5723,1,0.6358,0.6358,LOST,0.0,FORMATION_WAIT_REJOIN|FORMATION_FOLLOW|FORMATION_RECOVERY|FORMATION_FOLLOW,1,1,31.6,-5.46,-5.476,-9.781,-8.889,-32.231,-35.687,-32.345,-35.803,-5.058,-5.057,-4.996,-5.059
,0.0,0.0,0.0,3.457,4.3001,4.9504,5.4335,3.4132,3.5676,1,0.6194,0.6194,LOST,0.0,FORMATION_WAIT_REJOIN|FORMATION_FOLLOW|FORMATION_RECOVERY|FORMATION_FOLLOW,1,1,31.7,-5.432,-5.448,-9.73,-8.859,-32.232,-35.689,-32.345,-35.804,-5.058,-5.057,-4.998,-5.058
,0.0,0.0,0.0,3.4581,4.2773,4.9489,5.417,3.4119,3.5627,1,0.6028,0.6028,LOST,0.0,FORMATION_WAIT_REJOIN|FORMATION_FOLLOW|FORMATION_RECOVERY|FORMATION_FOLLOW,1,1,31.8,-5.403,-5.419,-9.679,-8.829,-32.233,-35.691,-32.345,-35.804,-5.059,-5.058,-5.0,-5.057
,0.0,0.0,0.0,3.4591,4.2543,4.9471,5.4002,3.4102,3.5578,1,0.5862,0.5862,LOST,0.0,FORMATION_WAIT_REJOIN|FORMATION_FOLLOW|FORMATION_RECOVERY|FORMATION_FOLLOW,1,1,31.9,-5.375,-5.39,-9.628,-8.799,-32.234,-35.693,-32.345,-35.805,-5.059,-5.058,-5.002,-5.057
,0.0,0.0,0.0,3.4598,4.2311,4.9449,5.3831,3.4081,3.5527,1,0.5696,0.5696,LOST,0.0,FORMATION_WAIT_REJOIN|FORMATION_FOLLOW|FORMATION_RECOVERY|FORMATION_FOLLOW,1,1,32.0,-5.347,-5.362,-9.577,-8.768,-32.235,-35.694,-32.346,-35.805,-5.059,-5.058,-5.003,-5.057
,0.0,0.0,0.0,3.4602,4.2081,4.9422,5.3657,3.4055,3.5474,1,0.5531,0.5531,LOST,0.0,FORMATION_WAIT_REJOIN|FORMATION_FOLLOW|FORMATION_RECOVERY|FORMATION_FOLLOW,1,1,32.1,-5.319,-5.334,-9.525,-8.738,-32.236,-35.696,-32.347,-35.805,-5.059,-5.058,-5.005,-5.057
,0.0,0.0,0.0,3.4608,4.1852,4.9397,5.3485,3.4031,3.542,1,0.5367,0.5367,LOST,0.0,FORMATION_WAIT_REJOIN|FORMATION_FOLLOW|FORMATION_RECOVERY|FORMATION_FOLLOW,1,1,32.2,-5.291,-5.306,-9.474,-8.707,-32.237,-35.698,-32.347,-35.805,-5.059,-5.058,-5.007,-5.057
,0.0,0.0,0.0,3.4616,4.1623,4.9373,5.3316,3.4009,3.5372,1,0.5202,0.5202,LOST,0.0,FORMATION_WAIT_REJOIN|FORMATION_FOLLOW|FORMATION_RECOVERY|FORMATION_FOLLOW,1,1,32.3,-5.263,-5.277,-9.424,-8.677,-32.238,-35.699,-32.348,-35.805,-5.06,-5.058,-5.009,-5.057
,0.0,0.0,0.0,3.4625,4.1394,4.9351,5.315,3.3984,3.5332,1,0.5036,0.5036,LOST,0.0,FORMATION_WAIT_REJOIN|FORMATION_FOLLOW|FORMATION_RECOVERY|FORMATION_FOLLOW,1,1,32.4,-5.235,-5.25,-9.373,-8.646,-32.239,-35.701,-32.348,-35.805,-5.06,-5.058,-5.011,-5.057
,0.0,0.0,0.0,3.4637,4.1168,4.9331,5.299,3.3962,3.5295,1,0.4873,0.4873,RECOVERING,0.0,FORMATION_WAIT_REJOIN|FORMATION_FOLLOW|FORMATION_RECOVERY|FORMATION_FOLLOW,1,1,32.5,-5.207,-5.221,-9.322,-8.616,-32.24,-35.704,-32.348,-35.805,-5.06,-5.058,-5.012,-5.057
,0.0,0.0,0.0,3.4652,4.0944,4.9309,5.2833,3.3937,3.5258,1,0.4711,0.4711,RECOVERING,0.0,FORMATION_WAIT_REJOIN|FORMATION_FOLLOW|FORMATION_RECOVERY|FORMATION_FOLLOW,1,1,32.6,-5.179,-5.193,-9.272,-8.585,-32.241,-35.706,-32.348,-35.806,-5.059,-5.057,-5.014,-5.057
,0.0,0.0,0.0,3.4671,4.0721,4.929,5.2682,3.3917,3.5225,1,0.455,0.455,RECOVERING,0.0,FORMATION_WAIT_REJOIN|FORMATION_FOLLOW|FORMATION_RECOVERY|FORMATION_FOLLOW,1,1,32.7,-5.151,-5.165,-9.221,-8.555,-32.242,-35.709,-32.347,-35.806,-5.059,-5.057,-5.015,-5.058
,0.0,0.0,0.0,3.469,4.0496,4.9274,5.2538,3.3903,3.5201,1,0.4389,0.4389,RECOVERING,0.0,FORMATION_WAIT_REJOIN|FORMATION_FOLLOW|FORMATION_RECOVERY|FORMATION_FOLLOW,1,1,32.8,-5.122,-5.136,-9.17,-8.525,-32.242,-35.711,-32.347,-35.807,-5.06,-5.057,-5.016,-5.058
,0.0,0.0,0.0,3.471,4.0272,4.9262,5.2395,3.3892,3.518,1,0.423,0.423,RECOVERING,0.0,FORMATION_WAIT_REJOIN|FORMATION_FOLLOW|FORMATION_RECOVERY|FORMATION_FOLLOW,1,1,32.9,-5.094,-5.106,-9.12,-8.494,-32.243,-35.714,-32.346,-35.808,-5.06,-5.057,-5.018,-5.058
,0.0,0.0,0.0,3.4724,4.0049,4.9252,5.2248,3.3884,3.5155,1,0.407,0.407,RECOVERING,0.0,FORMATION_WAIT_REJOIN|FORMATION_FOLLOW|FORMATION_RECOVERY|FORMATION_FOLLOW,1,1,33.0,-5.066,-5.077,-9.069,-8.464,-32.243,-35.715,-32.345,-35.808,-5.06,-5.057,-5.019,-5.058
,0.0,0.0,0.0,3.4731,3.9831,4.9242,5.21,3.3881,3.5128,1,0.3912,0.3912,RECOVERING,0.0,FORMATION_WAIT_REJOIN|FORMATION_FOLLOW|FORMATION_RECOVERY|FORMATION_FOLLOW,1,1,33.1,-5.037,-5.047,-9.019,-8.434,-32.244,-35.717,-32.345,-35.809,-5.061,-5.057,-5.021,-5.058
,0.0,0.0,0.0,3.4738,3.9616,4.9233,5.1954,3.3879,3.5104,1,0.3756,0.3756,RECOVERING,0.0,FORMATION_WAIT_REJOIN|FORMATION_FOLLOW|FORMATION_RECOVERY|FORMATION_FOLLOW,1,1,33.2,-5.008,-5.018,-8.969,-8.404,-32.245,-35.719,-32.345,-35.81,-5.061,-5.057,-5.022,-5.057
,0.0,0.0,0.0,3.4747,3.9401,4.9224,5.1811,3.3875,3.5082,1,0.3602,0.3602,RECOVERING,0.0,FORMATION_FOLLOW|FORMATION_FOLLOW|FORMATION_RECOVERY|FORMATION_FOLLOW,1,1,33.3,-4.98,-4.988,-8.919,-8.374,-32.246,-35.721,-32.345,-35.811,-5.061,-5.057,-5.024,-5.057
,0.0,0.0,0.0,3.4753,3.9186,4.9213,5.167,3.3871,3.5064,1,0.3448,0.3448,RECOVERING,0.0,FORMATION_FOLLOW|FORMATION_FOLLOW|FORMATION_RECOVERY|FORMATION_FOLLOW,1,1,33.4,-4.951,-4.958,-8.869,-8.344,-32.247,-35.723,-32.345,-35.812,-5.061,-5.057,-5.025,-5.057
,0.0,0.0,0.0,3.4758,3.8969,4.9203,5.1527,3.3866,3.5051,1,0.3291,0.3291,RECOVERING,0.0,FORMATION_FOLLOW|FORMATION_FOLLOW|FORMATION_RECOVERY|FORMATION_FOLLOW,1,1,33.5,-4.923,-4.929,-8.818,-8.314,-32.248,-35.724,-32.345,-35.813,-5.061,-5.057,-5.026,-5.057
,0.0,0.0,0.0,3.4763,3.875,4.9193,5.1384,3.386,3.504,1,0.3133,0.3133,RECOVERING,0.0,FORMATION_FOLLOW|FORMATION_FOLLOW|FORMATION_RECOVERY|FORMATION_FOLLOW,1,1,33.6,-4.894,-4.899,-8.768,-8.284,-32.249,-35.726,-32.344,-35.814,-5.061,-5.057,-5.027,-5.057
,0.0,0.0,0.0,3.4768,3.8531,4.9187,5.1243,3.386,3.5031,1,0.2973,0.2973,RECOVERING,0.0,FORMATION_FOLLOW|FORMATION_FOLLOW|FORMATION_RECOVERY|FORMATION_FOLLOW,1,1,33.7,-4.865,-4.87,-8.717,-8.255,-32.25,-35.727,-32.343,-35.815,-5.061,-5.058,-5.028,-5.057
,0.0,0.0,0.0,3.4772,3.8315,4.9183,5.1105,3.3867,3.5021,1,0.2813,0.2813,RECOVERING,0.0,FORMATION_FOLLOW|FORMATION_FOLLOW|FORMATION_RECOVERY|FORMATION_FOLLOW,1,1,33.8,-4.836,-4.84,-8.667,-8.225,-32.251,-35.729,-32.341,-35.816,-5.061,-5.058,-5.029,-5.057
,0.0,0.0,0.0,3.4777,3.8095,4.9178,5.0965,3.3872,3.5012,1,0.2652,0.2652,RECOVERING,0.0,FORMATION_FOLLOW|FORMATION_FOLLOW|FORMATION_RECOVERY|FORMATION_FOLLOW,1,1,33.9,-4.807,-4.81,-8.616,-8.196,-32.252,-35.73,-32.34,-35.816,-5.061,-5.058,-5.03,-5.058
,0.0,0.0,0.0,3.4779,3.7872,4.9169,5.0826,3.388,3.5002,1,0.2491,0.2491,RECOVERING,0.0,FORMATION_FOLLOW|FORMATION_FOLLOW|FORMATION_RECOVERY|FORMATION_FOLLOW,1,1,34.0,-4.779,-4.78,-8.565,-8.167,-32.253,-35.731,-32.339,-35.816,-5.061,-5.058,-5.031,-5.058
,0.0,0.0,0.0,3.4781,3.7657,4.9158,5.0691,3.3884,3.4993,1,0.2335,0.2335,RECOVERING,0.0,FORMATION_FOLLOW|FORMATION_FOLLOW|FORMATION_RECOVERY|FORMATION_FOLLOW,1,1,34.1,-4.75,-4.75,-8.515,-8.138,-32.254,-35.732,-32.338,-35.817,-5.061,-5.058,-5.033,-5.059
,0.0,0.0,0.0,3.479,3.7446,4.9153,5.0562,3.3889,3.499,1,0.2184,0.2184,RECOVERING,0.0,FORMATION_FOLLOW|FORMATION_FOLLOW|FORMATION_RECOVERY|FORMATION_FOLLOW,1,1,34.2,-4.722,-4.72,-8.465,-8.108,-32.254,-35.733,-32.336,-35.817,-5.061,-5.059,-5.034,-5.059
,0.0,0.0,0.0,3.4803,3.7234,4.9151,5.0435,3.3897,3.4988,1,0.2035,0.2035,RECOVERING,0.0,FORMATION_FOLLOW|FORMATION_FOLLOW|FORMATION_RECOVERY|FORMATION_FOLLOW,1,1,34.3,-4.693,-4.689,-8.415,-8.078,-32.254,-35.734,-32.335,-35.818,-5.06,-5.06,-5.035,-5.06
,0.0,0.0,0.0,3.4816,3.7024,4.915,5.0308,3.3904,3.4987,1,0.1888,0.1888,RECOVERING,0.0,FORMATION_FOLLOW|FORMATION_FOLLOW|FORMATION_RECOVERY|FORMATION_FOLLOW,1,1,34.4,-4.664,-4.659,-8.365,-8.048,-32.254,-35.735,-32.334,-35.818,-5.06,-5.06,-5.036,-5.061
,0.0,0.0,0.0,3.4827,3.6814,4.9147,5.0183,3.3911,3.4987,1,0.1743,0.1743,RECOVERING,0.0,FORMATION_FOLLOW|FORMATION_FOLLOW|FORMATION_RECOVERY|FORMATION_FOLLOW,1,1,34.5,-4.635,-4.628,-8.316,-8.018,-32.253,-35.736,-32.333,-35.819,-5.06,-5.061,-5.037,-5.061
,0.0,0.0,0.0,3.4838,3.6606,4.9141,5.0061,3.3917,3.4988,1,0.1599,0.1599,OK,0.0,FORMATION_FOLLOW|FORMATION_FOLLOW|FORMATION_RECOVERY|FORMATION_FOLLOW,1,1,34.6,-4.607,-4.597,-8.267,-7.988,-32.253,-35.737,-32.332,-35.819,-5.06,-5.062,-5.038,-5.062
,0.0,0.0,0.0,3.4852,3.64,4.9131,4.9941,3.3919,3.4985,1,0.1458,0.1458,OK,0.0,FORMATION_FOLLOW|FORMATION_FOLLOW|FORMATION_RECOVERY|FORMATION_FOLLOW,1,1,34.7,-4.578,-4.566,-8.217,-7.957,-32.253,-35.738,-32.33,-35.819,-5.06,-5.062,-5.039,-5.063
,0.0,0.0,0.0,3.4862,3.6202,4.9116,4.9824,3.3916,3.4983,1,0.1324,0.1324,OK,0.0,FORMATION_FOLLOW|FORMATION_FOLLOW|FORMATION_RECOVERY|FORMATION_FOLLOW,1,1,34.8,-4.55,-4.536,-8.169,-7.927,-32.252,-35.739,-32.329,-35.819,-5.061,-5.062,-5.04,-5.064
,0.0,0.0,0.0,3.4869,3.6011,4.9104,4.9714,3.3914,3.4989,1,0.1203,0.1203,OK,0.0,FORMATION_FOLLOW|FORMATION_FOLLOW|FORMATION_RECOVERY|FORMATION_FOLLOW,1,1,34.9,-4.522,-4.506,-8.122,-7.896,-32.252,-35.739,-32.327,-35.819,-5.061,-5.062,-5.041,-5.064
,0.0,0.0,0.0,3.4876,3.5829,4.9098,4.9604,3.3915,3.4994,1,0.1167,0.1167,OK,0.0,FORMATION_FOLLOW|FORMATION_FOLLOW|FORMATION_RECOVERY|FORMATION_FOLLOW,1,1,35.0,-4.493,-4.476,-8.075,-7.866,-32.252,-35.739,-32.326,-35.819,-5.061,-5.062,-5.042,-5.064
,0.0,0.0,0.0,3.4883,3.5651,4.9095,4.9493,3.3916,3.4997,1,0.1132,0.1132,OK,0.0,FORMATION_FOLLOW|FORMATION_FOLLOW|FORMATION_RECOVERY|FORMATION_FOLLOW,1,1,35.1,-4.464,-4.445,-8.028,-7.836,-32.251,-35.739,-32.325,-35.819,-5.062,-5.062,-5.043,-5.065
,0.0,0.0,0.0,3.4889,3.5486,4.9095,4.9384,3.3916,3.4998,1,0.1097,0.1097,OK,0.0,FORMATION_FOLLOW|FORMATION_FOLLOW|FORMATION_RECOVERY|FORMATION_FOLLOW,1,1,35.2,-4.434,-4.415,-7.982,-7.806,-32.251,-35.74,-32.324,-35.819,-5.062,-5.062,-5.044,-5.066
,0.0,0.0,0.0,3.4895,3.5337,4.9094,4.9285,3.3916,3.4994,1,0.1063,0.1063,OK,0.0,FORMATION_FOLLOW|FORMATION_FOLLOW|FORMATION_RECOVERY|FORMATION_FOLLOW,1,1,35.3,-4.405,-4.385,-7.937,-7.776,-32.25,-35.74,-32.323,-35.819,-5.062,-5.062,-5.046,-5.066
,0.0,0.0,0.0,3.4898,3.5198,4.9089,4.9198,3.3919,3.4995,1,0.103,0.103,OK,0.0,FORMATION_FOLLOW|FORMATION_FOLLOW|FORMATION_RECOVERY|FORMATION_FOLLOW,1,1,35.4,-4.375,-4.355,-7.894,-7.746,-32.251,-35.74,-32.323,-35.819,-5.063,-5.062,-5.046,-5.066
,0.0,0.0,0.0,3.4901,3.5065,4.9083,4.9121,3.3924,3.4999,1,0.0998,0.0998,OK,0.0,FORMATION_FOLLOW|FORMATION_FOLLOW|FORMATION_RECOVERY|FORMATION_FOLLOW,1,1,35.5,-4.345,-4.324,-7.851,-7.716,-32.251,-35.741,-32.321,-35.819,-5.063,-5.062,-5.047,-5.066
,0.0,0.0,0.0,3.4906,3.4935,4.9077,4.905,3.3933,3.5003,1,0.0965,0.0965,OK,0.0,FORMATION_FOLLOW|FORMATION_FOLLOW|FORMATION_RECOVERY|FORMATION_FOLLOW,1,1,35.6,-4.315,-4.294,-7.808,-7.686,-32.252,-35.742,-32.32,-35.818,-5.062,-5.062,-5.048,-5.066
,0.0,0.0,0.0,3.4916,3.4807,4.9073,4.8991,3.3948,3.5014,1,0.0932,0.0932,OK,0.0,FORMATION_FOLLOW|FORMATION_FOLLOW|FORMATION_RECOVERY|FORMATION_FOLLOW,1,1,35.7,-4.286,-4.263,-7.766,-7.657,-32.252,-35.744,-32.319,-35.818,-5.062,-5.063,-5.048,-5.065
,0.0,0.0,0.0,3.4926,3.469,4.9069,4.894,3.3958,3.503,1,0.0905,0.0905,OK,0.0,FORMATION_FOLLOW|FORMATION_FOLLOW|FORMATION_RECOVERY|FORMATION_FOLLOW,1,1,35.8,-4.256,-4.231,-7.724,-7.626,-32.252,-35.745,-32.317,-35.819,-5.062,-5.063,-5.048,-5.065
,0.0,0.0,0.0,3.4932,3.458,4.9062,4.8895,3.3967,3.5049,1,0.0882,0.0882,OK,0.0,FORMATION_FOLLOW|FORMATION_FOLLOW|FORMATION_RECOVERY|FORMATION_FOLLOW,1,1,35.9,-4.226,-4.2,-7.684,-7.596,-32.253,-35.746,-32.315,-35.819,-5.062,-5.064,-5.049,-5.064
,0.0,0.0,0.0,3.4939,3.4472,4.9056,4.885,3.3975,3.5067,1,0.086,0.086,OK,0.0,FORMATION_FOLLOW|FORMATION_FOLLOW|FORMATION_RECOVERY|FORMATION_FOLLOW,1,1,36.0,-4.197,-4.169,-7.644,-7.566,-32.253,-35.747,-32.314,-35.819,-5.062,-5.065,-5.049,-5.063
,0.0,0.0,0.0,3.4944,3.4371,4.9054,4.8805,3.3984,3.5086,1,0.084,0.084,OK,0.0,FORMATION_FOLLOW|FORMATION_FOLLOW|FORMATION_RECOVERY|FORMATION_FOLLOW,1,1,36.1,-4.168,-4.138,-7.604,-7.536,-32.254,-35.748,-32.312,-35.82,-5.062,-5.065,-5.05,-5.063
,0.0,0.0,0.0,3.495,3.4278,4.9052,4.8764,3.3993,3.5101,1,0.0822,0.0822,OK,0.0,FORMATION_FOLLOW|FORMATION_FOLLOW|FORMATION_RECOVERY|FORMATION_FOLLOW,1,1,36.2,-4.138,-4.107,-7.565,-7.506,-32.254,-35.749,-32.311,-35.82,-5.062,-5.066,-5.051,-5.063
,0.0,0.0,0.0,3.496,3.4194,4.9051,4.8731,3.4002,3.5116,1,0.0806,0.0806,OK,0.0,FORMATION_FOLLOW|FORMATION_FOLLOW|FORMATION_RECOVERY|FORMATION_FOLLOW,1,1,36.3,-4.109,-4.076,-7.527,-7.475,-32.254,-35.75,-32.31,-35.821,-5.061,-5.066,-5.051,-5.063
,0.0,0.0,0.0,3.4973,3.4115,4.9052,4.8699,3.4008,3.5131,1,0.0791,0.0791,OK,0.0,FORMATION_FOLLOW|FORMATION_FOLLOW|FORMATION_FOLLOW|FORMATION_FOLLOW,1,1,36.4,-4.079,-4.045,-7.49,-7.445,-32.254,-35.751,-32.309,-35.822,-5.061,-5.066,-5.051,-5.064
,0.0,0.0,0.0,3.4985,3.4042,4.905,4.8665,3.4011,3.5138,1,0.0774,0.0774,OK,0.0,FORMATION_FOLLOW|FORMATION_FOLLOW|FORMATION_FOLLOW|FORMATION_FOLLOW,1,1,36.5,-4.049,-4.015,-7.453,-7.416,-32.254,-35.753,-32.308,-35.822,-5.06,-5.066,-5.051,-5.064
,0.0,0.0,0.0,3.4996,3.3974,4.9046,4.8632,3.4012,3.5141,1,0.0758,0.0758,OK,0.0,FORMATION_FOLLOW|FORMATION_FOLLOW|FORMATION_FOLLOW|FORMATION_FOLLOW,1,1,36.6,-4.019,-3.985,-7.416,-7.385,-32.254,-35.754,-32.307,-35.821,-5.06,-5.066,-5.051,-5.065
,0.0,0.0,0.0,3.5005,3.3912,4.9043,4.8595,3.401,3.5138,1,0.0754,0.0754,OK,0.0,FORMATION_FOLLOW|FORMATION_FOLLOW|FORMATION_FOLLOW|FORMATION_FOLLOW,1,1,36.7,-3.989,-3.955,-7.38,-7.355,-32.254,-35.755,-32.307,-35.821,-5.059,-5.067,-5.052,-5.065
,0.0,0.0,0.0,3.5012,3.3856,4.9039,4.8561,3.4009,3.5133,1,0.0768,0.0768,OK,0.0,FORMATION_FOLLOW|FORMATION_FOLLOW|FORMATION_FOLLOW|FORMATION_FOLLOW,1,1,36.8,-3.959,-3.924,-7.344,-7.325,-32.254,-35.755,-32.307,-35.82,-5.059,-5.068,-5.052,-5.065
,0.0,0.0,0.0,3.5014,3.3809,4.9036,4.853,3.4011,3.5128,1,0.0778,0.0778,OK,0.0,FORMATION_FOLLOW|FORMATION_FOLLOW|FORMATION_FOLLOW|FORMATION_FOLLOW,1,1,36.9,-3.928,-3.894,-7.308,-7.294,-32.254,-35.756,-32.307,-35.82,-5.059,-5.068,-5.052,-5.065
,0.0,0.0,0.0,3.5013,3.3766,4.9035,4.8506,3.4018,3.513,1,0.0786,0.0786,OK,0.0,FORMATION_FOLLOW|FORMATION_FOLLOW|FORMATION_FOLLOW|FORMATION_FOLLOW,1,1,37.0,-3.897,-3.863,-7.273,-7.264,-32.255,-35.756,-32.306,-35.819,-5.059,-5.069,-5.052,-5.064
,0.0,0.0,0.0,3.5015,3.3726,4.904,4.8487,3.4029,3.5136,1,0.0792,0.0792,OK,0.0,FORMATION_FOLLOW|FORMATION_FOLLOW|FORMATION_FOLLOW|FORMATION_FOLLOW,1,1,37.1,-3.866,-3.832,-7.238,-7.234,-32.255,-35.756,-32.306,-35.819,-5.059,-5.069,-5.052,-5.064
,0.0,0.0,0.0,3.5016,3.3695,4.9049,4.847,3.404,3.5144,1,0.0796,0.0796,OK,0.0,FORMATION_FOLLOW|FORMATION_FOLLOW|FORMATION_FOLLOW|FORMATION_FOLLOW,1,1,37.2,-3.835,-3.801,-7.204,-7.204,-32.254,-35.756,-32.305,-35.819,-5.06,-5.069,-5.052,-5.064
,0.0,0.0,0.0,3.5014,3.3668,4.9058,4.8451,3.4049,3.5149,1,0.0798,0.0798,OK,0.0,FORMATION_FOLLOW|FORMATION_FOLLOW|FORMATION_FOLLOW|FORMATION_FOLLOW,1,1,37.3,-3.804,-3.77,-7.17,-7.174,-32.254,-35.756,-32.304,-35.819,-5.06,-5.069,-5.052,-5.064
,0.0,0.0,0.0,3.5014,3.3644,4.907,4.8429,3.4056,3.5153,1,0.0798,0.0798,OK,0.0,FORMATION_FOLLOW|FORMATION_FOLLOW|FORMATION_FOLLOW|FORMATION_FOLLOW,1,1,37.4,-3.773,-3.74,-7.137,-7.145,-32.254,-35.755,-32.304,-35.819,-5.06,-5.069,-5.052,-5.064
,0.0,0.0,0.0,3.5011,3.362,4.9073,4.8407,3.406,3.5149,1,0.0799,0.0799,OK,0.0,FORMATION_FOLLOW|FORMATION_FOLLOW|FORMATION_FOLLOW|FORMATION_FOLLOW,1,1,37.5,-3.742,-3.709,-7.103,-7.115,-32.254,-35.755,-32.303,-35.818,-5.06,-5.069,-5.053,-5.064
,0.0,0.0,0.0,3.5008,3.3597,4.9076,4.8384,3.4064,3.5143,1,0.0799,0.0799,OK,0.0,FORMATION_FOLLOW|FORMATION_FOLLOW|FORMATION_FOLLOW|FORMATION_FOLLOW,1,1,37.6,-3.711,-3.679,-7.07,-7.085,-32.254,-35.754,-32.303,-35.817,-5.06,-5.068,-5.053,-5.064
,0.0,0.0,0.0,3.5002,3.3576,4.9079,4.8361,3.4065,3.514,1,0.08,0.08,OK,0.0,FORMATION_FOLLOW|FORMATION_FOLLOW|FORMATION_FOLLOW|FORMATION_FOLLOW,1,1,37.7,-3.68,-3.649,-7.038,-7.055,-32.254,-35.754,-32.303,-35.817,-5.06,-5.068,-5.053,-5.064
,0.0,0.0,0.0,3.4996,3.3551,4.908,4.8341,3.4068,3.5142,1,0.0802,0.0802,OK,0.0,FORMATION_FOLLOW|FORMATION_FOLLOW|FORMATION_FOLLOW|FORMATION_FOLLOW,1,1,37.8,-3.65,-3.619,-7.005,-7.026,-32.254,-35.753,-32.303,-35.817,-5.06,-5.068,-5.053,-5.064
,0.0,0.0,0.0,3.4989,3.3529,4.908,4.8323,3.4074,3.5141,1,0.0804,0.0804,OK,0.0,FORMATION_FOLLOW|FORMATION_FOLLOW|FORMATION_FOLLOW|FORMATION_FOLLOW,1,1,37.9,-3.62,-3.589,-6.972,-6.996,-32.254,-35.753,-32.303,-35.817,-5.061,-5.067,-5.053,-5.064
,0.0,0.0,0.0,3.4984,3.3511,4.908,4.8309,3.408,3.5137,1,0.0804,0.0804,OK,0.0,FORMATION_FOLLOW|FORMATION_FOLLOW|FORMATION_FOLLOW|FORMATION_FOLLOW,1,1,38.0,-3.59,-3.559,-6.94,-6.966,-32.255,-35.753,-32.303,-35.816,-5.061,-5.066,-5.053,-5.064
,0.0,0.0,0.0,3.4983,3.3496,4.9081,4.8299,3.4085,3.5136,1,0.0804,0.0804,OK,0.0,FORMATION_FOLLOW|FORMATION_FOLLOW|FORMATION_FOLLOW|FORMATION_FOLLOW,1,1,38.1,-3.559,-3.529,-6.909,-6.937,-32.254,-35.753,-32.302,-35.816,-5.061,-5.066,-5.053,-5.064
,0.0,0.0,0.0,3.4979,3.3485,4.9078,4.829,3.4082,3.5137,1,0.08,0.08,OK,0.0,FORMATION_FOLLOW|FORMATION_FOLLOW|FORMATION_FOLLOW|FORMATION_FOLLOW,1,1,38.2,-3.529,-3.5,-6.877,-6.907,-32.255,-35.752,-32.301,-35.815,-5.061,-5.066,-5.053,-5.064
,0.0,0.0,0.0,3.4974,3.3473,4.9077,4.8279,3.4077,3.5141,1,0.0805,0.0805,OK,0.0,FORMATION_FOLLOW|FORMATION_FOLLOW|FORMATION_FOLLOW|FORMATION_FOLLOW,1,1,38.3,-3.498,-3.47,-6.845,-6.878,-32.255,-35.752,-32.3,-35.814,-5.062,-5.066,-5.052,-5.064
,0.0,0.0,0.0,3.4969,3.3464,4.9081,4.8268,3.4076,3.5148,1,0.0816,0.0816,OK,0.0,FORMATION_FOLLOW|FORMATION_FOLLOW|FORMATION_FOLLOW|FORMATION_FOLLOW,1,1,38.4,-3.468,-3.441,-6.814,-6.848,-32.255,-35.752,-32.299,-35.813,-5.062,-5.065,-5.052,-5.064
,0.0,0.0,0.0,3.4961,3.3458,4.9088,4.8259,3.4079,3.5155,1,0.0826,0.0826,OK,0.0,FORMATION_FOLLOW|FORMATION_FOLLOW|FORMATION_FOLLOW|FORMATION_FOLLOW,1,1,38.5,-3.437,-3.412,-6.783,-6.819,-32.255,-35.751,-32.298,-35.813,-5.062,-5.065,-5.052,-5.064
,0.0,0.0,0.0,3.4953,3.3455,4.9097,4.8251,3.4086,3.516,1,0.0834,0.0834,OK,0.0,FORMATION_FOLLOW|FORMATION_FOLLOW|FORMATION_FOLLOW|FORMATION_FOLLOW,1,1,38.6,-3.406,-3.382,-6.751,-6.79,-32.255,-35.751,-32.297,-35.813,-5.062,-5.065,-5.052,-5.064
,0.0,0.0,0.0,3.4948,3.3449,4.9105,4.8244,3.4095,3.5165,1,0.0841,0.0841,OK,0.0,FORMATION_FOLLOW|FORMATION_FOLLOW|FORMATION_FOLLOW|FORMATION_FOLLOW,1,1,38.7,-3.376,-3.352,-6.72,-6.761,-32.255,-35.75,-32.296,-35.813,-5.062,-5.064,-5.053,-5.064
,0.0,0.0,0.0,3.4943,3.3445,4.9115,4.8239,3.4102,3.5174,1,0.0847,0.0847,OK,0.0,FORMATION_FOLLOW|FORMATION_FOLLOW|FORMATION_FOLLOW|FORMATION_FOLLOW,1,1,38.8,-3.345,-3.322,-6.69,-6.732,-32.256,-35.75,-32.296,-35.813,-5.062,-5.064,-5.053,-5.063
,0.0,0.0,0.0,3.4943,3.3442,4.9126,4.8234,3.4102,3.5185,1,0.0852,0.0852,OK,0.0,FORMATION_FOLLOW|FORMATION_FOLLOW|FORMATION_FOLLOW|FORMATION_FOLLOW,1,1,38.9,-3.315,-3.292,-6.659,-6.702,-32.255,-35.749,-32.295,-35.814,-5.063,-5.063,-5.053,-5.063
,0.0,0.0,0.0,3.4944,3.3437,4.9136,4.8228,3.4101,3.5197,1,0.0857,0.0857,OK,0.0,FORMATION_FOLLOW|FORMATION_FOLLOW|FORMATION_FOLLOW|FORMATION_FOLLOW,1,1,39.0,-3.285,-3.263,-6.628,-6.672,-32.255,-35.749,-32.295,-35.814,-5.063,-5.063,-5.053,-5.064
,0.0,0.0,0.0,3.4943,3.3433,4.9141,4.8223,3.4097,3.5206,1,0.0862,0.0862,OK,0.0,FORMATION_FOLLOW|FORMATION_FOLLOW|FORMATION_FOLLOW|FORMATION_FOLLOW,1,1,39.1,-3.254,-3.233,-6.597,-6.642,-32.255,-35.749,-32.295,-35.815,-5.064,-5.062,-5.054,-5.064
,0.0,0.0,0.0,3.4938,3.3434,4.9144,4.8216,3.4089,3.5212,1,0.0865,0.0865,OK,0.0,FORMATION_FOLLOW|FORMATION_FOLLOW|FORMATION_FOLLOW|FORMATION_FOLLOW,1,1,39.2,-3.224,-3.204,-6.567,-6.612,-32.256,-35.749,-32.294,-35.815,-5.064,-5.061,-5.054,-5.064
,0.0,0.0,0.0,3.4931,3.3437,4.9149,4.8204,3.4083,3.5213,1,0.0869,0.0869,OK,0.0,FORMATION_FOLLOW|FORMATION_FOLLOW|FORMATION_FOLLOW|FORMATION_FOLLOW,1,1,39.3,-3.193,-3.175,-6.536,-6.582,-32.256,-35.749,-32.295,-35.816,-5.064,-5.061,-5.054,-5.064
,0.0,0.0,0.0,3.492,3.3443,4.9155,4.8192,3.4081,3.5212,1,0.0873,0.0873,OK,0.0,FORMATION_FOLLOW|FORMATION_FOLLOW|FORMATION_FOLLOW|FORMATION_FOLLOW,1,1,39.4,-3.162,-3.145,-6.506,-6.553,-32.257,-35.749,-32.295,-35.816,-5.064,-5.061,-5.055,-5.065
,0.0,0.0,0.0,3.4905,3.345,4.9158,4.818,3.408,3.5209,1,0.0875,0.0875,OK,0.0,FORMATION_FOLLOW|FORMATION_FOLLOW|FORMATION_FOLLOW|FORMATION_FOLLOW,1,1,39.5,-3.131,-3.116,-6.475,-6.523,-32.258,-35.749,-32.295,-35.816,-5.064,-5.061,-5.055,-5.065
,0.0,0.0,0.0,3.4888,3.3458,4.9158,4.8174,3.4087,3.5202,1,0.0876,0.0876,OK,0.0,FORMATION_FOLLOW|FORMATION_FOLLOW|FORMATION_FOLLOW|FORMATION_FOLLOW,1,1,39.6,-3.099,-3.086,-6.445,-6.494,-32.259,-35.748,-32.295,-35.815,-5.064,-5.061,-5.056,-5.065
,0.0,0.0,0.0,3.4872,3.3466,4.9159,4.8171,3.4099,3.5196,1,0.0877,0.0877,OK,0.0,FORMATION_FOLLOW|FORMATION_FOLLOW|FORMATION_FOLLOW|FORMATION_FOLLOW,1,1,39.7,-3.068,-3.055,-6.414,-6.465,-32.261,-35.748,-32.295,-35.815,-5.064,-5.061,-5.057,-5.064
,0.0,0.0,0.0,3.4861,3.3469,4.9158,4.8172,3.4111,3.5193,1,0.0879,0.0879,OK,0.0,FORMATION_FOLLOW|FORMATION_FOLLOW|FORMATION_FOLLOW|FORMATION_FOLLOW,1,1,39.8,-3.037,-3.025,-6.384,-6.435,-32.262,-35.748,-32.295,-35.814,-5.064,-5.061,-5.058,-5.064
,0.0,0.0,0.0,3.4853,3.3471,4.9153,4.8177,3.4123,3.5186,1,0.0879,0.0879,OK,0.0,FORMATION_FOLLOW|FORMATION_FOLLOW|FORMATION_FOLLOW|FORMATION_FOLLOW,1,1,39.9,-3.007,-2.994,-6.354,-6.406,-32.263,-35.748,-32.295,-35.813,-5.063,-5.061,-5.058,-5.064
,0.0,0.0,0.0,3.4846,3.3476,4.9144,4.8186,3.4133,3.5179,1,0.0874,0.0874,OK,0.0,FORMATION_FOLLOW|FORMATION_FOLLOW|FORMATION_FOLLOW|FORMATION_FOLLOW,1,1,40.0,-2.976,-2.963,-6.324,-6.376,-32.264,-35.748,-32.295,-35.813,-5.063,-5.062,-5.059,-5.064
,0.0,0.0,0.0,3.4842,3.3481,4.9128,4.8201,3.4141,3.5169,1,0.0866,0.0866,OK,0.0,FORMATION_FOLLOW|FORMATION_FOLLOW|FORMATION_FOLLOW|FORMATION_FOLLOW,1,1,40.1,-2.946,-2.932,-6.294,-6.345,-32.265,-35.749,-32.295,-35.812,-5.062,-5.062,-5.059,-5.063
,0.0,0.0,0.0,3.4841,3.349,4.9117,4.8218,3.4149,3.5163,1,0.0856,0.0856,OK,0.0,FORMATION_FOLLOW|FORMATION_FOLLOW|FORMATION_FOLLOW|FORMATION_FOLLOW,1,1,40.2,-2.916,-2.9,-6.265,-6.315,-32.265,-35.749,-32.295,-35.811,-5.061,-5.063,-5.059,-5.063
,0.0,0.0,0.0,3.4839,3.3504,4.9109,4.8238,3.4159,3.5157,1,0.0843,0.0843,OK,0.0,FORMATION_FOLLOW|FORMATION_FOLLOW|FORMATION_FOLLOW|FORMATION_FOLLOW,1,1,40.3,-2.885,-2.869,-6.235,-6.284,-32.266,-35.75,-32.295,-35.811,-5.061,-5.064,-5.06,-5.062
,0.0,0.0,0.0,3.4837,3.3518,4.9094,4.8261,3.4167,3.5148,1,0.083,0.083,OK,0.0,FORMATION_FOLLOW|FORMATION_FOLLOW|FORMATION_FOLLOW|FORMATION_FOLLOW,1,1,40.4,-2.855,-2.837,-6.206,-6.254,-32.267,-35.751,-32.295,-35.81,-5.061,-5.064,-5.06,-5.062
,0.0,0.0,0.0,3.4833,3.3535,4.9079,4.8283,3.4172,3.514,1,0.0817,0.0817,OK,0.0,FORMATION_FOLLOW|FORMATION_FOLLOW|FORMATION_FOLLOW|FORMATION_FOLLOW,1,1,40.5,-2.824,-2.806,-6.177,-6.223,-32.268,-35.751,-32.295,-35.808,-5.061,-5.064,-5.06,-5.061
,0.0,0.0,0.0,3.483,3.3552,4.9066,4.8298,3.4172,3.5129,1,0.0805,0.0805,OK,0.0,FORMATION_FOLLOW|FORMATION_FOLLOW|FORMATION_FOLLOW|FORMATION_FOLLOW,1,1,40.6,-2.792,-2.775,-6.147,-6.192,-32.269,-35.752,-32.294,-35.807,-5.061,-5.064,-5.061,-5.061
,0.0,0.0,0.0,3.4824,3.3565,4.9048,4.8308,3.4168,3.5115,1,0.0797,0.0797,OK,0.0,FORMATION_FOLLOW|FORMATION_FOLLOW|FORMATION_FOLLOW|FORMATION_FOLLOW,1,1,40.7,-2.761,-2.745,-6.118,-6.161,-32.27,-35.752,-32.294,-35.805,-5.062,-5.064,-5.061,-5.06
,0.0,0.0,0.0,3.4816,3.3576,4.9031,4.8314,3.4164,3.51,1,0.079,0.079,OK,0.0,FORMATION_FOLLOW|FORMATION_FOLLOW|FORMATION_FOLLOW|FORMATION_FOLLOW,1,1,40.8,-2.73,-2.714,-6.088,-6.13,-32.271,-35.752,-32.294,-35.803,-5.062,-5.064,-5.062,-5.059
,0.0,0.0,0.0,3.4804,3.3587,4.9014,4.8317,3.4163,3.5083,1,0.0784,0.0784,OK,0.0,FORMATION_FOLLOW|FORMATION_FOLLOW|FORMATION_FOLLOW|FORMATION_FOLLOW,1,1,40.9,-2.7,-2.684,-6.058,-6.1,-32.272,-35.752,-32.294,-35.802,-5.063,-5.063,-5.063,-5.058
,0.0,0.0,0.0,3.4796,3.3594,4.8998,4.8314,3.4157,3.5063,1,0.0781,0.0781,OK,0.0,FORMATION_FOLLOW|FORMATION_FOLLOW|FORMATION_FOLLOW|FORMATION_FOLLOW,1,1,41.0,-2.669,-2.654,-6.028,-6.069,-32.272,-35.752,-32.294,-35.8,-5.063,-5.063,-5.063,-5.058
,0.0,0.0,0.0,3.4788,3.3595,4.8984,4.8306,3.4149,3.5047,1,0.0781,0.0781,OK,0.0,FORMATION_FOLLOW|FORMATION_FOLLOW|FORMATION_FOLLOW|FORMATION_FOLLOW,1,1,41.1,-2.639,-2.624,-5.998,-6.039,-32.273,-35.751,-32.295,-35.799,-5.064,-5.062,-5.064,-5.057
,0.0,0.0,0.0,3.4777,3.3596,4.8977,4.8295,3.4145,3.5036,1,0.0783,0.0783,OK,0.0,FORMATION_FOLLOW|FORMATION_FOLLOW|FORMATION_FOLLOW|FORMATION_FOLLOW,1,1,41.2,-2.609,-2.594,-5.968,-6.008,-32.273,-35.751,-32.295,-35.799,-5.064,-5.062,-5.064,-5.057
,0.0,0.0,0.0,3.4766,3.3599,4.8976,4.8284,3.4144,3.5028,1,0.0785,0.0785,OK,0.0,FORMATION_FOLLOW|FORMATION_FOLLOW|FORMATION_FOLLOW|FORMATION_FOLLOW,1,1,41.3,-2.578,-2.564,-5.938,-5.978,-32.273,-35.75,-32.295,-35.798,-5.064,-5.062,-5.064,-5.057
,0.0,0.0,0.0,3.4759,3.3603,4.8976,4.8276,3.4145,3.502,1,0.0786,0.0786,OK,0.0,FORMATION_FOLLOW|FORMATION_FOLLOW|FORMATION_FOLLOW|FORMATION_FOLLOW,1,1,41.4,-2.547,-2.534,-5.907,-5.948,-32.273,-35.749,-32.296,-35.798,-5.064,-5.061,-5.064,-5.056
,0.0,0.0,0.0,3.4753,3.3607,4.8981,4.8268,3.4148,3.5013,1,0.0788,0.0788,OK,0.0,FORMATION_FOLLOW|FORMATION_FOLLOW|FORMATION_FOLLOW|FORMATION_FOLLOW,1,1,41.5,-2.516,-2.504,-5.877,-5.918,-32.274,-35.749,-32.296,-35.797,-5.064,-5.061,-5.064,-5.056
,0.0,0.0,0.0,3.4745,3.3613,4.8985,4.8262,3.4156,3.5006,1,0.0789,0.0789,OK,0.0,FORMATION_FOLLOW|FORMATION_FOLLOW|FORMATION_FOLLOW|FORMATION_FOLLOW,1,1,41.6,-2.485,-2.473,-5.847,-5.889,-32.274,-35.748,-32.297,-35.797,-5.064,-5.061,-5.063,-5.057
,0.0,0.0,0.0,3.4741,3.3625,4.899,4.8262,3.4164,3.4998,1,0.0786,0.0786,OK,0.0,FORMATION_FOLLOW|FORMATION_FOLLOW|FORMATION_FOLLOW|FORMATION_FOLLOW,1,1,41.7,-2.454,-2.443,-5.817,-5.859,-32.274,-35.748,-32.297,-35.797,-5.064,-5.061,-5.063,-5.057
,0.0,0.0,0.0,3.4736,3.3635,4.8992,4.8263,3.4172,3.499,1,0.0785,0.0785,OK,0.0,FORMATION_FOLLOW|FORMATION_FOLLOW|FORMATION_FOLLOW|FORMATION_FOLLOW,1,1,41.8,-2.423,-2.413,-5.787,-5.829,-32.275,-35.748,-32.297,-35.796,-5.063,-5.061,-5.063,-5.057
,0.0,0.0,0.0,3.4731,3.3643,4.8997,4.8259,3.418,3.4981,1,0.0786,0.0786,OK,0.0,FORMATION_FOLLOW|FORMATION_FOLLOW|FORMATION_FOLLOW|FORMATION_FOLLOW,1,1,41.9,-2.392,-2.382,-5.756,-5.8,-32.275,-35.748,-32.298,-35.796,-5.063,-5.061,-5.063,-5.058
,0.0,0.0,0.0,3.473,3.3655,4.9003,4.826,3.4186,3.4974,1,0.0783,0.0783,OK,0.0,FORMATION_FOLLOW|FORMATION_FOLLOW|FORMATION_FOLLOW|FORMATION_FOLLOW,1,1,42.0,-2.361,-2.352,-5.726,-5.77,-32.275,-35.748,-32.298,-35.795,-5.062,-5.061,-5.063,-5.059
,0.0,0.0,0.0,3.4728,3.3668,4.9008,4.8267,3.4195,3.497,1,0.0777,0.0777,OK,0.0,FORMATION_FOLLOW|FORMATION_FOLLOW|FORMATION_FOLLOW|FORMATION_FOLLOW,1,1,42.1,-2.33,-2.321,-5.697,-5.74,-32.276,-35.748,-32.298,-35.795,-5.062,-5.061,-5.062,-5.06
,0.0,0.0,0.0,3.4728,3.3679,4.9012,4.8275,3.4202,3.497,1,0.0771,0.0771,OK,0.0,FORMATION_FOLLOW|FORMATION_FOLLOW|FORMATION_FOLLOW|FORMATION_FOLLOW,1,1,42.2,-2.299,-2.291,-5.667,-5.711,-32.276,-35.749,-32.299,-35.795,-5.062,-5.061,-5.062,-5.061
,0.0,0.0,0.0,3.4728,3.3686,4.9014,4.8283,3.4211,3.4967,1,0.0767,0.0767,OK,0.0,FORMATION_FOLLOW|FORMATION_FOLLOW|FORMATION_FOLLOW|FORMATION_FOLLOW,1,1,42.3,-2.269,-2.26,-5.637,-5.681,-32.277,-35.749,-32.299,-35.795,-5.062,-5.062,-5.061,-5.062
,0.0,0.0,0.0,3.4731,3.3696,4.9016,4.8291,3.4222,3.4959,1,0.0763,0.0763,OK,0.0,FORMATION_FOLLOW|FORMATION_FOLLOW|FORMATION_FOLLOW|FORMATION_FOLLOW,1,1,42.4,-2.238,-2.229,-5.608,-5.651,-32.277,-35.75,-32.3,-35.795,-5.061,-5.062,-5.061,-5.062
,0.0,0.0,0.0,3.474,3.371,4.902,4.83,3.4231,3.4946,1,0.0758,0.0758,OK,0.0,FORMATION_FOLLOW|FORMATION_FOLLOW|FORMATION_FOLLOW|FORMATION_FOLLOW,1,1,42.5,-2.208,-2.199,-5.578,-5.622,-32.278,-35.752,-32.301,-35.795,-5.061,-5.063,-5.061,-5.063
,0.0,0.0,0.0,3.4757,3.3722,4.9029,4.8309,3.424,3.4933,1,0.0755,0.0755,OK,0.0,FORMATION_FOLLOW|FORMATION_FOLLOW|FORMATION_FOLLOW|FORMATION_FOLLOW,1,1,42.6,-2.177,-2.169,-5.549,-5.592,-32.277,-35.753,-32.301,-35.795,-5.061,-5.063,-5.062,-5.063
,0.0,0.0,0.0,3.4778,3.3732,4.9036,4.8319,3.4246,3.492,1,0.0753,0.0753,OK,0.0,FORMATION_FOLLOW|FORMATION_FOLLOW|FORMATION_FOLLOW|FORMATION_FOLLOW,1,1,42.7,-2.146,-2.138,-5.519,-5.563,-32.276,-35.754,-32.302,-35.794,-5.06,-5.063,-5.062,-5.063
,0.0,0.0,0.0,3.4796,3.3745,4.9042,4.8328,3.4249,3.4909,1,0.0749,0.0749,OK,0.0,FORMATION_FOLLOW|FORMATION_FOLLOW|FORMATION_FOLLOW|FORMATION_FOLLOW,1,1,42.8,-2.115,-2.108,-5.49,-5.533,-32.276,-35.755,-32.302,-35.793,-5.06,-5.063,-5.062,-5.063
,0.0,0.0,0.0,3.4804,3.3757,4.9042,4.8334,3.4248,3.4896,1,0.0743,0.0743,OK,0.0,FORMATION_FOLLOW|FORMATION_FOLLOW|FORMATION_FOLLOW|FORMATION_FOLLOW,1,1,42.9,-2.085,-2.078,-5.46,-5.503,-32.275,-35.755,-32.303,-35.792,-5.06,-5.064,-5.062,-5.064
,0.0,0.0,0.0,3.4806,3.3769,4.9038,4.8337,3.4243,3.4887,1,0.0737,0.0737,OK,0.0,FORMATION_FOLLOW|FORMATION_FOLLOW|FORMATION_FOLLOW|FORMATION_FOLLOW,1,1,43.0,-2.054,-2.048,-5.431,-5.472,-32.275,-35.755,-32.303,-35.791,-5.059,-5.064,-5.062,-5.064
,0.0,0.0,0.0,3.4806,3.3779,4.9033,4.8339,3.4237,3.4878,1,0.0732,0.0732,OK,0.0,FORMATION_FOLLOW|FORMATION_FOLLOW|FORMATION_FOLLOW|FORMATION_FOLLOW,1,1,43.1,-2.024,-2.018,-5.402,-5.442,-32.275,-35.755,-32.303,-35.79,-5.059,-5.065,-5.062,-5.065
,0.0,0.0,0.0,3.4806,3.3789,4.903,4.8339,3.4233,3.4868,1,0.0729,0.0729,OK,0.0,FORMATION_FOLLOW|FORMATION_FOLLOW|FORMATION_FOLLOW|FORMATION_FOLLOW,1,1,43.2,-1.993,-1.989,-5.372,-5.412,-32.274,-35.755,-32.303,-35.789,-5.059,-5.065,-5.062,-5.065
,0.0,0.0,0.0,3.4802,3.3798,4.903,4.8333,3.4229,3.4858,1,0.0727,0.0727,OK,0.0,FORMATION_FOLLOW|FORMATION_FOLLOW|FORMATION_FOLLOW|FORMATION_FOLLOW,1,1,43.3,-1.963,-1.959,-5.342,-5.382,-32.274,-35.754,-32.303,-35.788,-5.059,-5.066,-5.062,-5.065
,0.0,0.0,0.0,3.4795,3.3807,4.9029,4.8328,3.4228,3.485,1,0.0725,0.0725,OK,0.0,FORMATION_FOLLOW|FORMATION_FOLLOW|FORMATION_FOLLOW|FORMATION_FOLLOW,1,1,43.4,-1.932,-1.929,-5.313,-5.351,-32.274,-35.753,-32.303,-35.788,-5.058,-5.066,-5.062,-5.064
,0.0,0.0,0.0,3.479,3.3815,4.9025,4.833,3.4229,3.4843,1,0.0719,0.0719,OK,0.0,FORMATION_FOLLOW|FORMATION_FOLLOW|FORMATION_FOLLOW|FORMATION_FOLLOW,1,1,43.5,-1.902,-1.898,-5.283,-5.321,-32.274,-35.753,-32.303,-35.787,-5.058,-5.066,-5.062,-5.064
,0.0,0.0,0.0,3.4788,3.3821,4.9023,4.8336,3.4232,3.4842,1,0.0713,0.0713,OK,0.0,FORMATION_FOLLOW|FORMATION_FOLLOW|FORMATION_FOLLOW|FORMATION_FOLLOW,1,1,43.6,-1.872,-1.868,-5.254,-5.291,-32.274,-35.753,-32.304,-35.788,-5.058,-5.066,-5.062,-5.064
,0.0,0.0,0.0,3.4786,3.3829,4.903,4.8338,3.4235,3.4845,1,0.0708,0.0708,OK,0.0,FORMATION_FOLLOW|FORMATION_FOLLOW|FORMATION_FOLLOW|FORMATION_FOLLOW,1,1,43.7,-1.842,-1.837,-5.225,-5.261,-32.274,-35.752,-32.304,-35.788,-5.057,-5.066,-5.062,-5.064
,0.0,0.0,0.0,3.4784,3.3836,4.9036,4.834,3.4238,3.4849,1,0.0704,0.0704,OK,0.0,FORMATION_FOLLOW|FORMATION_FOLLOW|FORMATION_FOLLOW|FORMATION_FOLLOW,1,1,43.8,-1.812,-1.807,-5.195,-5.23,-32.274,-35.752,-32.304,-35.789,-5.057,-5.066,-5.062,-5.064
,0.0,0.0,0.0,3.4781,3.3843,4.9043,4.8344,3.4242,3.4856,1,0.0697,0.0697,OK,0.0,FORMATION_FOLLOW|FORMATION_FOLLOW|FORMATION_FOLLOW|FORMATION_FOLLOW,1,1,43.9,-1.782,-1.776,-5.166,-5.2,-32.274,-35.752,-32.305,-35.79,-5.057,-5.066,-5.062,-5.064
,0.0,0.0,0.0,3.4775,3.3847,4.905,4.8346,3.425,3.4864,1,0.0693,0.0693,OK,0.0,FORMATION_FOLLOW|FORMATION_FOLLOW|FORMATION_FOLLOW|FORMATION_FOLLOW,1,1,44.0,-1.752,-1.746,-5.136,-5.171,-32.274,-35.752,-32.305,-35.791,-5.056,-5.066,-5.062,-5.063
,0.0,0.0,0.0,3.4769,3.3848,4.906,4.835,3.4265,3.4874,1,0.069,0.069,OK,0.0,FORMATION_FOLLOW|FORMATION_FOLLOW|FORMATION_FOLLOW|FORMATION_FOLLOW,1,1,44.1,-1.722,-1.715,-5.107,-5.141,-32.275,-35.752,-32.306,-35.793,-5.056,-5.067,-5.062,-5.064
,0.0,0.0,0.0,3.4766,3.3849,4.9072,4.8356,3.4282,3.4884,1,0.0688,0.0688,OK,0.0,FORMATION_FOLLOW|FORMATION_FOLLOW|FORMATION_FOLLOW|FORMATION_FOLLOW,1,1,44.2,-1.692,-1.684,-5.077,-5.112,-32.275,-35.752,-32.306,-35.794,-5.057,-5.067,-5.062,-5.064
,0.0,0.0,0.0,3.4767,3.3852,4.9086,4.8363,3.4297,3.4896,1,0.0686,0.0686,OK,0.0,FORMATION_FOLLOW|FORMATION_FOLLOW|FORMATION_FOLLOW|FORMATION_FOLLOW,1,1,44.3,-1.662,-1.653,-5.047,-5.082,-32.276,-35.752,-32.307,-35.796,-5.057,-5.068,-5.062,-5.064
,0.0,0.0,0.0,3.4767,3.3855,4.9098,4.8373,3.431,3.4911,1,0.0681,0.0681,OK,0.0,FORMATION_FOLLOW|FORMATION_FOLLOW|FORMATION_FOLLOW|FORMATION_FOLLOW,1,1,44.4,-1.631,-1.622,-5.017,-5.053,-32.276,-35.753,-32.307,-35.798,-5.058,-5.068,-5.062,-5.064
,0.0,0.0,0.0,3.476,3.3855,4.9104,4.8379,3.4324,3.492,1,0.0679,0.0679,OK,0.0,FORMATION_FOLLOW|FORMATION_FOLLOW|FORMATION_FOLLOW|FORMATION_FOLLOW,1,1,44.5,-1.601,-1.591,-4.987,-5.023,-32.277,-35.753,-32.307,-35.799,-5.058,-5.068,-5.062,-5.064
,0.0,0.0,0.0,3.4753,3.3852,4.9108,4.8381,3.4338,3.4926,1,0.0681,0.0681,OK,0.0,FORMATION_FOLLOW|FORMATION_FOLLOW|FORMATION_FOLLOW|FORMATION_FOLLOW,1,1,44.6,-1.571,-1.56,-4.956,-4.994,-32.278,-35.753,-32.307,-35.8,-5.059,-5.069,-5.061,-5.064
,0.0,0.0,0.0,3.4748,3.3847,4.9113,4.8383,3.4351,3.4932,1,0.0684,0.0684,OK,0.0,FORMATION_FOLLOW|FORMATION_FOLLOW|FORMATION_FOLLOW|FORMATION_FOLLOW,1,1,44.7,-1.541,-1.53,-4.926,-4.965,-32.279,-35.754,-32.308,-35.801,-5.059,-5.069,-5.061,-5.064
,0.0,0.0,0.0,3.4744,3.3844,4.912,4.8384,3.4361,3.4941,1,0.0687,0.0687,OK,0.0,FORMATION_FOLLOW|FORMATION_FOLLOW|FORMATION_FOLLOW|FORMATION_FOLLOW,1,1,44.8,-1.512,-1.5,-4.896,-4.936,-32.28,-35.754,-32.307,-35.801,-5.06,-5.069,-5.061,-5.063
,0.0,0.0,0.0,3.4742,3.3841,4.9133,4.8381,3.4372,3.4949,1,0.0692,0.0692,OK,0.0,FORMATION_FOLLOW|FORMATION_FOLLOW|FORMATION_FOLLOW|FORMATION_FOLLOW,1,1,44.9,-1.482,-1.471,-4.866,-4.908,-32.28,-35.755,-32.308,-35.802,-5.06,-5.07,-5.061,-5.063
,0.0,0.0,0.0,3.4738,3.384,4.9142,4.8379,3.4381,3.4955,1,0.0695,0.0695,OK,0.0,FORMATION_FOLLOW|FORMATION_FOLLOW|FORMATION_FOLLOW|FORMATION_FOLLOW,1,1,45.0,-1.452,-1.441,-4.836,-4.879,-32.281,-35.755,-32.308,-35.803,-5.061,-5.07,-5.061,-5.062
,0.0,0.0,0.0,3.474,3.3842,4.9153,4.8383,3.4392,3.4962,1,0.0695,0.0695,OK,0.0,FORMATION_FOLLOW|FORMATION_FOLLOW|FORMATION_FOLLOW|FORMATION_FOLLOW,1,1,45.1,-1.422,-1.411,-4.806,-4.85,-32.281,-35.755,-32.308,-35.804,-5.062,-5.071,-5.061,-5.062
,0.0,0.0,0.0,3.4741,3.3847,4.9164,4.839,3.4405,3.4968,1,0.0693,0.0693,OK,0.0,FORMATION_FOLLOW|FORMATION_FOLLOW|FORMATION_FOLLOW|FORMATION_FOLLOW,1,1,45.2,-1.392,-1.381,-4.776,-4.821,-32.281,-35.755,-32.308,-35.804,-5.063,-5.071,-5.062,-5.062
,0.0,0.0,0.0,3.4741,3.385,4.9173,4.8398,3.4419,3.4976,1,0.069,0.069,OK,0.0,FORMATION_FOLLOW|FORMATION_FOLLOW|FORMATION_FOLLOW|FORMATION_FOLLOW,1,1,45.3,-1.362,-1.35,-4.747,-4.792,-32.282,-35.756,-32.308,-35.805,-5.063,-5.071,-5.062,-5.062
,0.0,0.0,0.0,3.474,3.3853,4.9182,4.8404,3.443,3.4983,1,0.0687,0.0687,OK,0.0,FORMATION_FOLLOW|FORMATION_FOLLOW|FORMATION_FOLLOW|FORMATION_FOLLOW,1,1,45.4,-1.332,-1.32,-4.718,-4.763,-32.282,-35.756,-32.308,-35.806,-5.064,-5.071,-5.063,-5.062
,0.0,0.0,0.0,3.4738,3.3858,4.9191,4.8408,3.4444,3.4985,1,0.0685,0.0685,OK,0.0,FORMATION_FOLLOW|FORMATION_FOLLOW|FORMATION_FOLLOW|FORMATION_FOLLOW,1,1,45.5,-1.302,-1.29,-4.688,-4.734,-32.282,-35.756,-32.309,-35.807,-5.064,-5.071,-5.063,-5.062
,0.0,0.0,0.0,3.4738,3.3864,4.9198,4.841,3.4461,3.4977,1,0.0685,0.0685,OK,0.0,FORMATION_FOLLOW|FORMATION_FOLLOW|FORMATION_FOLLOW|FORMATION_FOLLOW,1,1,45.6,-1.273,-1.26,-4.659,-4.705,-32.282,-35.756,-32.309,-35.807,-5.065,-5.071,-5.064,-5.062
,0.0,0.0,0.0,3.4738,3.3873,4.9208,4.8412,3.448,3.4964,1,0.0684,0.0684,OK,0.0,FORMATION_FOLLOW|FORMATION_FOLLOW|FORMATION_FOLLOW|FORMATION_FOLLOW,1,1,45.7,-1.242,-1.229,-4.63,-4.677,-32.282,-35.756,-32.31,-35.806,-5.065,-5.071,-5.064,-5.061
,0.0,0.0,0.0,3.4748,3.3884,4.922,4.8418,3.4497,3.4954,1,0.0681,0.0681,OK,0.0,FORMATION_FOLLOW|FORMATION_FOLLOW|FORMATION_FOLLOW|FORMATION_FOLLOW,1,1,45.8,-1.212,-1.199,-4.6,-4.648,-32.282,-35.757,-32.311,-35.806,-5.066,-5.071,-5.065,-5.061
,0.0,0.0,0.0,3.4759,3.3894,4.9231,4.8425,3.4512,3.4944,1,0.0679,0.0679,OK,0.0,FORMATION_FOLLOW|FORMATION_FOLLOW|FORMATION_FOLLOW|FORMATION_FOLLOW,1,1,45.9,-1.182,-1.168,-4.571,-4.619,-32.281,-35.757,-32.312,-35.806,-5.066,-5.071,-5.065,-5.06
,0.0,0.0,0.0,3.4767,3.3906,4.9246,4.8431,3.4529,3.4935,1,0.0676,0.0676,OK,0.0,FORMATION_FOLLOW|FORMATION_FOLLOW|FORMATION_FOLLOW|FORMATION_FOLLOW,1,1,46.0,-1.152,-1.138,-4.542,-4.59,-32.281,-35.757,-32.313,-35.806,-5.067,-5.071,-5.065,-5.059
,0.0,0.0,0.0,3.477,3.3918,4.9262,4.8432,3.4547,3.4928,1,0.0673,0.0673,OK,0.0,FORMATION_FOLLOW|FORMATION_FOLLOW|FORMATION_FOLLOW|FORMATION_FOLLOW,1,1,46.1,-1.121,-1.107,-4.513,-4.561,-32.28,-35.757,-32.314,-35.806,-5.068,-5.072,-5.065,-5.059
,0.0,0.0,0.0,3.4768,3.3926,4.9272,4.8433,3.4564,3.492,1,0.0671,0.0671,OK,0.0,FORMATION_FOLLOW|FORMATION_FOLLOW|FORMATION_FOLLOW|FORMATION_FOLLOW,1,1,46.2,-1.091,-1.076,-4.484,-4.532,-32.28,-35.757,-32.315,-35.806,-5.068,-5.071,-5.064,-5.058
,0.0,0.0,0.0,3.4767,3.3935,4.9278,4.8437,3.4579,3.4913,1,0.0667,0.0667,OK,0.0,FORMATION_FOLLOW|FORMATION_FOLLOW|FORMATION_FOLLOW|FORMATION_FOLLOW,1,1,46.3,-1.061,-1.045,-4.455,-4.503,-32.28,-35.756,-32.316,-35.807,-5.069,-5.071,-5.065,-5.057
,0.0,0.0,0.0,3.4765,3.3946,4.9282,4.844,3.4591,3.4903,1,0.0662,0.0662,OK,0.0,FORMATION_FOLLOW|FORMATION_FOLLOW|FORMATION_FOLLOW|FORMATION_FOLLOW,1,1,46.4,-1.031,-1.014,-4.425,-4.473,-32.279,-35.756,-32.316,-35.806,-5.07,-5.071,-5.065,-5.057
,0.0,0.0,0.0,3.4761,3.3958,4.9288,4.8443,3.4606,3.4892,1,0.066,0.066,OK,0.0,FORMATION_FOLLOW|FORMATION_FOLLOW|FORMATION_FOLLOW|FORMATION_FOLLOW,1,1,46.5,-1.0,-0.983,-4.396,-4.443,-32.279,-35.755,-32.317,-35.806,-5.07,-5.07,-5.065,-5.056
,0.0,0.0,0.0,3.4753,3.3968,4.9298,4.844,3.4622,3.4884,1,0.066,0.066,OK,0.0,FORMATION_FOLLOW|FORMATION_FOLLOW|FORMATION_FOLLOW|FORMATION_FOLLOW,1,1,46.6,-0.969,-0.953,-4.366,-4.414,-32.279,-35.754,-32.318,-35.806,-5.07,-5.07,-5.066,-5.056
,0.0,0.0,0.0,3.4738,3.3977,4.9307,4.8432,3.4641,3.4873,1,0.0661,0.0661,OK,0.0,FORMATION_FOLLOW|FORMATION_FOLLOW|FORMATION_FOLLOW|FORMATION_FOLLOW,1,1,46.7,-0.939,-0.922,-4.336,-4.385,-32.28,-35.753,-32.318,-35.805,-5.07,-5.07,-5.066,-5.056
,0.0,0.0,0.0,3.4723,3.3987,4.9314,4.8428,3.4659,3.4863,1,0.0662,0.0662,OK,0.0,FORMATION_FOLLOW|FORMATION_FOLLOW|FORMATION_FOLLOW|FORMATION_FOLLOW,1,1,46.8,-0.908,-0.891,-4.306,-4.356,-32.28,-35.752,-32.319,-35.805,-5.07,-5.069,-5.067,-5.056
,0.0,0.0,0.0,3.471,3.3997,4.9324,4.8423,3.4678,3.4857,1,0.0663,0.0663,OK,0.0,FORMATION_FOLLOW|FORMATION_FOLLOW|FORMATION_FOLLOW|FORMATION_FOLLOW,1,1,46.9,-0.877,-0.86,-4.276,-4.327,-32.28,-35.751,-32.319,-35.805,-5.07,-5.069,-5.067,-5.056
,0.0,0.0,0.0,3.47,3.4011,4.9337,4.8423,3.4698,3.4853,1,0.0662,0.0662,OK,0.0,FORMATION_FOLLOW|FORMATION_FOLLOW|FORMATION_FOLLOW|FORMATION_FOLLOW,1,1,47.0,-0.846,-0.829,-4.247,-4.298,-32.28,-35.75,-32.32,-35.805,-5.069,-5.069,-5.068,-5.056
,0.0,0.0,0.0,3.4693,3.402,4.9351,4.842,3.4715,3.4849,1,0.0663,0.0663,OK,0.0,FORMATION_FOLLOW|FORMATION_FOLLOW|FORMATION_FOLLOW|FORMATION_FOLLOW,1,1,47.1,-0.815,-0.798,-4.216,-4.269,-32.28,-35.75,-32.32,-35.805,-5.069,-5.068,-5.068,-5.056
,0.0,0.0,0.0,3.4683,3.4028,4.9361,4.8416,3.4729,3.4845,1,0.0663,0.0663,OK,0.0,FORMATION_FOLLOW|FORMATION_FOLLOW|FORMATION_FOLLOW|FORMATION_FOLLOW,1,1,47.2,-0.784,-0.768,-4.186,-4.24,-32.281,-35.749,-32.321,-35.805,-5.068,-5.067,-5.067,-5.055
,0.0,0.0,0.0,3.4677,3.4038,4.9367,4.8416,3.4736,3.4843,1,0.0661,0.0661,OK,0.0,FORMATION_FOLLOW|FORMATION_FOLLOW|FORMATION_FOLLOW|FORMATION_FOLLOW,1,1,47.3,-0.753,-0.737,-4.157,-4.21,-32.282,-35.749,-32.322,-35.805,-5.067,-5.067,-5.067,-5.055
,0.0,0.0,0.0,3.4676,3.4052,4.9371,4.8424,3.4744,3.4839,1,0.0655,0.0655,OK,0.0,FORMATION_FOLLOW|FORMATION_FOLLOW|FORMATION_FOLLOW|FORMATION_FOLLOW,1,1,47.4,-0.722,-0.706,-4.127,-4.18,-32.282,-35.75,-32.322,-35.806,-5.066,-5.066,-5.067,-5.055
,0.0,0.0,0.0,3.4674,3.4066,4.9377,4.843,3.4752,3.4836,1,0.065,0.065,OK,0.0,FORMATION_FOLLOW|FORMATION_FOLLOW|FORMATION_FOLLOW|FORMATION_FOLLOW,1,1,47.5,-0.691,-0.675,-4.097,-4.15,-32.282,-35.75,-32.323,-35.806,-5.065,-5.065,-5.066,-5.055
,0.0,0.0,0.0,3.4669,3.408,4.9379,4.8439,3.4759,3.4836,1,0.0642,0.0642,OK,0.0,FORMATION_FOLLOW|FORMATION_FOLLOW|FORMATION_FOLLOW|FORMATION_FOLLOW,1,1,47.6,-0.66,-0.645,-4.068,-4.12,-32.283,-35.75,-32.323,-35.806,-5.064,-5.064,-5.065,-5.055
,0.0,0.0,0.0,3.4665,3.4093,4.9376,4.845,3.4759,3.4837,1,0.0633,0.0633,OK,0.0,FORMATION_FOLLOW|FORMATION_FOLLOW|FORMATION_FOLLOW|FORMATION_FOLLOW,1,1,47.7,-0.629,-0.614,-4.038,-4.09,-32.284,-35.751,-32.323,-35.806,-5.063,-5.064,-5.064,-5.055
,0.0,0.0,0.0,3.4665,3.4102,4.9367,4.8463,3.476,3.4835,1,0.0624,0.0624,OK,0.0,FORMATION_FOLLOW|FORMATION_FOLLOW|FORMATION_FOLLOW|FORMATION_FOLLOW,1,1,47.8,-0.599,-0.584,-4.009,-4.059,-32.285,-35.751,-32.323,-35.806,-5.062,-5.063,-5.064,-5.055
,0.0,0.0,0.0,3.4665,3.4109,4.9356,4.8475,3.4759,3.4828,1,0.0618,0.0618,OK,0.0,FORMATION_FOLLOW|FORMATION_FOLLOW|FORMATION_FOLLOW|FORMATION_FOLLOW,1,1,47.9,-0.569,-0.553,-3.979,-4.029,-32.286,-35.752,-32.323,-35.805,-5.061,-5.062,-5.063,-5.055
,0.0,0.0,0.0,3.4666,3.4112,4.9345,4.8484,3.4759,3.4821,1,0.0613,0.0613,OK,0.0,FORMATION_FOLLOW|FORMATION_FOLLOW|FORMATION_FOLLOW|FORMATION_FOLLOW,1,1,48.0,-0.538,-0.523,-3.949,-3.998,-32.286,-35.753,-32.323,-35.805,-5.061,-5.061,-5.063,-5.055
,0.0,0.0,0.0,3.4667,3.412,4.9336,4.8496,3.4759,3.4817,1,0.0607,0.0607,OK,0.0,FORMATION_FOLLOW|FORMATION_FOLLOW|FORMATION_FOLLOW|FORMATION_FOLLOW,1,1,48.1,-0.508,-0.492,-3.92,-3.968,-32.287,-35.754,-32.323,-35.804,-5.06,-5.06,-5.062,-5.055
,0.0,0.0,0.0,3.4664,3.4126,4.9327,4.8509,3.4764,3.4814,1,0.06,0.06,OK,0.0,FORMATION_FOLLOW|FORMATION_FOLLOW|FORMATION_FOLLOW|FORMATION_FOLLOW,1,1,48.2,-0.477,-0.461,-3.89,-3.937,-32.288,-35.754,-32.322,-35.803,-5.059,-5.059,-5.062,-5.055
,0.0,0.0,0.0,3.4661,3.4134,4.9324,4.8518,3.4771,3.4809,1,0.0596,0.0596,OK,0.0,FORMATION_FOLLOW|FORMATION_FOLLOW|FORMATION_FOLLOW|FORMATION_FOLLOW,1,1,48.3,-0.447,-0.43,-3.86,-3.907,-32.288,-35.754,-32.322,-35.803,-5.059,-5.059,-5.061,-5.055
,0.0,0.0,0.0,3.4662,3.4145,4.9319,4.8525,3.4773,3.48,1,0.0591,0.0591,OK,0.0,FORMATION_FOLLOW|FORMATION_FOLLOW|FORMATION_FOLLOW|FORMATION_FOLLOW,1,1,48.4,-0.416,-0.4,-3.83,-3.877,-32.289,-35.755,-32.323,-35.802,-5.058,-5.058,-5.061,-5.055
,0.0,0.0,0.0,3.4664,3.4156,4.9315,4.8532,3.477,3.4792,1,0.0585,0.0585,OK,0.0,FORMATION_FOLLOW|FORMATION_FOLLOW|FORMATION_FOLLOW|FORMATION_FOLLOW,1,1,48.5,-0.385,-0.369,-3.801,-3.846,-32.289,-35.755,-32.323,-35.802,-5.058,-5.058,-5.061,-5.056
,0.0,0.0,0.0,3.4669,3.4168,4.9312,4.8541,3.4766,3.4788,1,0.0579,0.0579,OK,0.0,FORMATION_FOLLOW|FORMATION_FOLLOW|FORMATION_FOLLOW|FORMATION_FOLLOW,1,1,48.6,-0.355,-0.339,-3.771,-3.816,-32.289,-35.756,-32.323,-35.802,-5.057,-5.057,-5.061,-5.056
,0.0,0.0,0.0,3.4677,3.4184,4.9314,4.8549,3.4762,3.4783,1,0.0572,0.0572,OK,0.0,FORMATION_FOLLOW|FORMATION_FOLLOW|FORMATION_FOLLOW|FORMATION_FOLLOW,1,1,48.7,-0.324,-0.309,-3.742,-3.785,-32.289,-35.757,-32.323,-35.801,-5.057,-5.057,-5.06,-5.057
,0.0,0.0,0.0,3.4687,3.4195,4.9315,4.8557,3.4763,3.4773,1,0.0568,0.0568,OK,0.0,FORMATION_FOLLOW|FORMATION_FOLLOW|FORMATION_FOLLOW|FORMATION_FOLLOW,1,1,48.8,-0.293,-0.279,-3.713,-3.755,-32.289,-35.758,-32.324,-35.801,-5.057,-5.057,-5.06,-5.058
,0.0,0.0,0.0,3.4702,3.4201,4.9321,4.8563,3.4766,3.4765,1,0.0568,0.0568,OK,0.0,FORMATION_FOLLOW|FORMATION_FOLLOW|FORMATION_FOLLOW|FORMATION_FOLLOW,1,1,48.9,-0.263,-0.249,-3.683,-3.725,-32.289,-35.759,-32.325,-35.801,-5.056,-5.057,-5.06,-5.059
,0.0,0.0,0.0,3.4715,3.4208,4.9327,4.8566,3.4768,3.4756,1,0.0569,0.0569,OK,0.0,FORMATION_FOLLOW|FORMATION_FOLLOW|FORMATION_FOLLOW|FORMATION_FOLLOW,1,1,49.0,-0.232,-0.219,-3.653,-3.695,-32.288,-35.76,-32.326,-35.801,-5.056,-5.057,-5.06,-5.059
,0.0,0.0,0.0,3.4728,3.4221,4.9335,4.8574,3.4771,3.4749,1,0.0565,0.0565,OK,0.0,FORMATION_FOLLOW|FORMATION_FOLLOW|FORMATION_FOLLOW|FORMATION_FOLLOW,1,1,49.1,-0.201,-0.188,-3.623,-3.665,-32.288,-35.761,-32.326,-35.801,-5.056,-5.057,-5.06,-5.06
,0.0,0.0,0.0,3.4737,3.4235,4.9341,4.8582,3.4776,3.4741,1,0.0561,0.0561,OK,0.0,FORMATION_FOLLOW|FORMATION_FOLLOW|FORMATION_FOLLOW|FORMATION_FOLLOW,1,1,49.2,-0.171,-0.158,-3.594,-3.635,-32.287,-35.761,-32.327,-35.801,-5.055,-5.057,-5.06,-5.06
,0.0,0.0,0.0,3.4742,3.4246,4.9348,4.8588,3.4781,3.4739,1,0.0557,0.0557,OK,0.0,FORMATION_FOLLOW|FORMATION_FOLLOW|FORMATION_FOLLOW|FORMATION_FOLLOW,1,1,49.3,-0.14,-0.127,-3.565,-3.605,-32.287,-35.761,-32.327,-35.801,-5.055,-5.057,-5.06,-5.061
,0.0,0.0,0.0,3.475,3.4258,4.9359,4.8595,3.4786,3.474,1,0.0552,0.0552,OK,0.0,FORMATION_FOLLOW|FORMATION_FOLLOW|FORMATION_FOLLOW|FORMATION_FOLLOW,1,1,49.4,-0.11,-0.097,-3.535,-3.575,-32.287,-35.761,-32.327,-35.801,-5.056,-5.057,-5.06,-5.061
,0.0,0.0,0.0,3.4753,3.4271,4.9369,4.8603,3.479,3.4745,1,0.0545,0.0545,OK,0.0,FORMATION_FOLLOW|FORMATION_FOLLOW|FORMATION_FOLLOW|FORMATION_FOLLOW,1,1,49.5,-0.079,-0.066,-3.506,-3.545,-32.286,-35.762,-32.328,-35.802,-5.056,-5.057,-5.06,-5.061
,0.0,0.0,0.0,3.4754,3.4282,4.9377,4.861,3.4794,3.4751,1,0.0539,0.0539,OK,0.0,FORMATION_FOLLOW|FORMATION_FOLLOW|FORMATION_FOLLOW|FORMATION_FOLLOW,1,1,49.6,-0.049,-0.036,-3.477,-3.515,-32.286,-35.762,-32.328,-35.803,-5.056,-5.057,-5.061,-5.061
,0.0,0.0,0.0,3.4754,3.4291,4.9387,4.8615,3.4801,3.4755,1,0.0536,0.0536,OK,0.0,FORMATION_FOLLOW|FORMATION_FOLLOW|FORMATION_FOLLOW|FORMATION_FOLLOW,1,1,49.7,-0.018,-0.006,-3.447,-3.486,-32.287,-35.762,-32.328,-35.804,-5.056,-5.058,-5.061,-5.061
,0.0,0.0,0.0,3.4754,3.4301,4.9394,4.8619,3.4805,3.4756,1,0.0532,0.0532,OK,0.0,FORMATION_FOLLOW|FORMATION_FOLLOW|FORMATION_FOLLOW|FORMATION_FOLLOW,1,1,49.8,0.012,0.024,-3.418,-3.456,-32.287,-35.763,-32.329,-35.804,-5.055,-5.058,-5.061,-5.061
,0.0,0.0,0.0,3.4751,3.4314,4.9399,4.8624,3.4807,3.4758,1,0.0527,0.0527,OK,0.0,FORMATION_FOLLOW|FORMATION_FOLLOW|FORMATION_FOLLOW|FORMATION_FOLLOW,1,1,49.9,0.042,0.054,-3.389,-3.427,-32.288,-35.763,-32.329,-35.805,-5.055,-5.059,-5.061,-5.06
,0.0,0.0,0.0,3.4751,3.4329,4.9404,4.863,3.4806,3.476,1,0.052,0.052,OK,0.0,FORMATION_FOLLOW|FORMATION_FOLLOW|FORMATION_FOLLOW|FORMATION_FOLLOW,1,1,49.999,0.073,0.084,-3.36,-3.397,-32.288,-35.763,-32.329,-35.805,-5.054,-5.059,-5.061,-5.06
