cur_x,cur_y,cur_z,d_0_1,d_0_2,d_0_3,d_1_2,d_1_3,d_2_3,d_intruder,episodes,form_err,formation_state,ix0,iy0,iz0,max_drift,modes,p1_ok,p2_ok,t,x0,x1,x2,x3,y0,y1,y2,y3,z0,z1,z2,z3
0.0,0.0,0.0,3.4997,6.9996,4.949,3.4999,3.4998,4.9496,11.0124,0,0.0005,OK,6.947,-30.0,-6.2,0.0,FORMATION_RECOVERY|FORMATION_RECOVERY|FORMATION_RECOVERY|FORMATION_RECOVERY,1,1,0.1,-4.0,-4.0,-4.0,-7.499,-26.5,-30.0,-33.5,-30.0,-5.0,-5.0,-5.0,-5.0
0.0,0.0,0.0,3.4992,6.9992,4.9477,3.5,3.4998,4.95,10.9719,0,0.0013,OK,6.907,-30.0,-6.2,0.0,FORMATION_RECOVERY|FORMATION_RECOVERY|FORMATION_RECOVERY|FORMATION_RECOVERY,1,1,0.2,-4.0,-3.999,-3.999,-7.499,-26.501,-30.0,-33.5,-30.0,-5.001,-5.001,-5.001,-5.002
0.0,0.0,0.0,3.4991,6.999,4.946,3.4999,3.4996,4.9505,10.9313,0,0.0022,OK,6.867,-30.0,-6.2,0.0,FORMATION_RECOVERY|FORMATION_RECOVERY|FORMATION_RECOVERY|FORMATION_RECOVERY,1,1,0.3,-4.001,-3.998,-3.998,-7.498,-26.501,-30.0,-33.5,-29.999,-5.003,-5.003,-5.002,-5.003
0.0,0.0,0.0,3.4992,6.9985,4.9444,3.4993,3.4994,4.9505,10.8907,0,0.0033,OK,6.827,-30.0,-6.2,0.0,FORMATION_RECOVERY|FORMATION_RECOVERY|FORMATION_RECOVERY|FORMATION_RECOVERY,1,1,0.4,-4.001,-3.998,-3.998,-7.497,-26.501,-30.001,-33.5,-29.998,-5.004,-5.004,-5.004,-5.005
0.0,0.0,0.0,3.499,6.998,4.943,3.499,3.4996,4.9505,10.8498,0,0.0042,OK,6.787,-30.0,-6.2,0.0,FORMATION_RECOVERY|FORMATION_RECOVERY|FORMATION_RECOVERY|FORMATION_RECOVERY,1,1,0.5,-4.002,-3.997,-3.997,-7.496,-26.502,-30.001,-33.5,-29.998,-5.006,-5.006,-5.006,-5.007
0.0,0.0,0.0,3.4987,6.998,4.9417,3.4993,3.5001,4.951,10.8087,0,0.005,OK,6.747,-30.0,-6.2,0.0,FORMATION_RECOVERY|FORMATION_RECOVERY|FORMATION_RECOVERY|FORMATION_RECOVERY,1,1,0.6,-4.002,-3.996,-3.997,-7.496,-26.502,-30.0,-33.5,-29.997,-5.008,-5.009,-5.008,-5.01
0.0,0.0,0.0,3.4984,6.998,4.9406,3.4996,3.5009,4.9513,10.7673,0,0.0059,OK,6.707,-30.0,-6.2,0.0,FORMATION_RECOVERY|FORMATION_RECOVERY|FORMATION_RECOVERY|FORMATION_RECOVERY,1,1,0.7,-4.002,-3.994,-3.997,-7.495,-26.502,-30.0,-33.5,-29.996,-5.01,-5.011,-5.009,-5.012
0.0,0.0,0.0,3.4987,6.9985,4.9399,3.4999,3.5016,4.9519,10.7263,0,0.0065,OK,6.667,-30.0,-6.2,0.0,FORMATION_RECOVERY|FORMATION_RECOVERY|FORMATION_RECOVERY|FORMATION_RECOVERY,1,1,0.8,-4.003,-3.993,-3.996,-7.495,-26.502,-30.001,-33.5,-29.996,-5.012,-5.013,-5.011,-5.015
0.0,0.0,0.0,3.4992,6.9995,4.9394,3.5003,3.5025,4.9527,10.6854,0,0.0072,OK,6.627,-30.0,-6.2,0.0,FORMATION_RECOVERY|FORMATION_RECOVERY|FORMATION_RECOVERY|FORMATION_RECOVERY,1,1,0.9,-4.004,-3.992,-3.996,-7.495,-26.502,-30.001,-33.501,-29.996,-5.014,-5.015,-5.014,-5.018
0.0,0.0,0.0,3.5,7.0001,4.9391,3.5002,3.5038,4.954,10.6446,0,0.0077,OK,6.587,-30.0,-6.2,0.0,FORMATION_RECOVERY|FORMATION_RECOVERY|FORMATION_RECOVERY|FORMATION_RECOVERY,1,1,1.0,-4.004,-3.992,-3.996,-7.495,-26.501,-30.001,-33.501,-29.995,-5.017,-5.017,-5.016,-5.021
0.0,0.0,0.0,3.5009,7.0006,4.9387,3.4998,3.505,4.9555,10.5997,0,0.008,OK,6.547,-30.0,-6.2,0.0,FORMATION_RECOVERY|FORMATION_RECOVERY|FORMATION_RECOVERY|FORMATION_RECOVERY,1,1,1.1,-4.0,-3.987,-3.991,-7.492,-26.501,-30.002,-33.502,-29.994,-5.019,-5.02,-5.018,-5.023
0.0,0.0,0.0,3.5017,7.0011,4.9377,3.4994,3.5058,4.9572,10.5492,0,0.0082,OK,6.507,-30.0,-6.2,0.0,FORMATION_RECOVERY|FORMATION_RECOVERY|FORMATION_RECOVERY|FORMATION_RECOVERY,1,1,1.2,-3.99,-3.976,-3.981,-7.482,-26.501,-30.003,-33.502,-29.992,-5.022,-5.022,-5.021,-5.026
0.0,0.0,0.0,3.5027,7.0019,4.9368,3.4992,3.5065,4.959,10.4941,0,0.0093,OK,6.467,-30.0,-6.2,0.0,FORMATION_RECOVERY|FORMATION_RECOVERY|FORMATION_RECOVERY|FORMATION_RECOVERY,1,1,1.3,-3.976,-3.961,-3.966,-7.467,-26.501,-30.003,-33.503,-29.991,-5.024,-5.024,-5.024,-5.029
0.0,0.0,0.0,3.5034,7.0029,4.9355,3.4995,3.5071,4.9609,10.4349,0,0.0108,OK,6.427,-30.0,-6.2,0.0,FORMATION_RECOVERY|FORMATION_RECOVERY|FORMATION_RECOVERY|FORMATION_RECOVERY,1,1,1.4,-3.957,-3.942,-3.947,-7.449,-26.501,-30.004,-33.503,-29.989,-5.026,-5.027,-5.026,-5.031
0.0,0.0,0.0,3.5038,7.004,4.934,3.5002,3.5077,4.9629,10.3726,0,0.0124,OK,6.387,-30.0,-6.2,0.0,FORMATION_RECOVERY|FORMATION_RECOVERY|FORMATION_RECOVERY|FORMATION_RECOVERY,1,1,1.5,-3.936,-3.919,-3.925,-7.427,-26.5,-30.004,-33.504,-29.987,-5.028,-5.029,-5.029,-5.033
0.0,0.0,0.0,3.504,7.0049,4.9325,3.501,3.5081,4.965,10.3079,0,0.0138,OK,6.347,-30.0,-6.2,0.0,FORMATION_RECOVERY|FORMATION_RECOVERY|FORMATION_RECOVERY|FORMATION_RECOVERY,1,1,1.6,-3.912,-3.894,-3.9,-7.402,-26.5,-30.004,-33.505,-29.986,-5.03,-5.031,-5.031,-5.036
0.0,0.0,0.0,3.5041,7.0056,4.9312,3.5016,3.508,4.967,10.2416,0,0.0151,OK,6.307,-30.0,-6.2,0.0,FORMATION_RECOVERY|FORMATION_RECOVERY|FORMATION_RECOVERY|FORMATION_RECOVERY,1,1,1.7,-3.886,-3.868,-3.873,-7.376,-26.501,-30.005,-33.506,-29.984,-5.032,-5.034,-5.033,-5.038
0.0,0.0,0.0,3.5043,7.0067,4.9301,3.5024,3.5075,4.9686,10.1742,0,0.0161,OK,6.267,-30.0,-6.2,0.0,FORMATION_RECOVERY|FORMATION_RECOVERY|FORMATION_RECOVERY|FORMATION_RECOVERY,1,1,1.8,-3.858,-3.84,-3.845,-7.348,-26.501,-30.005,-33.507,-29.983,-5.034,-5.036,-5.035,-5.039
0.0,0.0,0.0,3.5045,7.0083,4.9289,3.5038,3.507,4.9701,10.1055,0,0.0171,OK,6.227,-30.0,-6.2,0.0,FORMATION_RECOVERY|FORMATION_RECOVERY|FORMATION_RECOVERY|FORMATION_RECOVERY,1,1,1.9,-3.83,-3.811,-3.816,-7.318,-26.5,-30.005,-33.509,-29.982,-5.036,-5.038,-5.037,-5.041
0.0,0.0,0.0,3.505,7.0104,4.9284,3.5054,3.5068,4.9721,10.0359,0,0.018,OK,6.187,-30.0,-6.2,0.0,FORMATION_RECOVERY|FORMATION_RECOVERY|FORMATION_RECOVERY|FORMATION_RECOVERY,1,1,2.0,-3.8,-3.781,-3.786,-7.288,-26.5,-30.005,-33.51,-29.981,-5.037,-5.04,-5.039,-5.043
0.0,0.0,0.0,3.5055,7.0127,4.9285,3.5072,3.5068,4.9743,9.9659,0,0.0187,OK,6.147,-30.0,-6.2,0.0,FORMATION_RECOVERY|FORMATION_RECOVERY|FORMATION_RECOVERY|FORMATION_RECOVERY,1,1,2.1,-3.769,-3.751,-3.755,-7.258,-26.499,-30.004,-33.512,-29.98,-5.039,-5.042,-5.04,-5.044
0.0,0.0,0.0,3.5058,7.0149,4.9283,3.5091,3.5073,4.9772,9.8954,0,0.0197,OK,6.107,-30.0,-6.2,0.0,FORMATION_RECOVERY|FORMATION_RECOVERY|FORMATION_RECOVERY|FORMATION_RECOVERY,1,1,2.2,-3.739,-3.72,-3.723,-7.228,-26.498,-30.004,-33.513,-29.979,-5.041,-5.043,-5.042,-5.046
0.0,0.0,0.0,3.5057,7.0168,4.9282,3.5111,3.5082,4.9804,9.8248,0,0.0208,OK,6.067,-30.0,-6.2,0.0,FORMATION_RECOVERY|FORMATION_FOLLOW|FORMATION_RECOVERY|FORMATION_FOLLOW,1,1,2.3,-3.708,-3.689,-3.691,-7.197,-26.498,-30.004,-33.515,-29.978,-5.042,-5.044,-5.043,-5.047
0.0,0.0,0.0,3.5057,7.0183,4.9282,3.5126,3.5089,4.9834,9.7542,0,0.0219,OK,6.027,-30.0,-6.2,0.0,FORMATION_RECOVERY|FORMATION_FOLLOW|FORMATION_RECOVERY|FORMATION_FOLLOW,1,1,2.4,-3.677,-3.658,-3.659,-7.167,-26.498,-30.003,-33.516,-29.977,-5.044,-5.045,-5.044,-5.048
0.0,0.0,0.0,3.5058,7.0198,4.9285,3.514,3.5099,4.9864,9.6836,0,0.0229,OK,5.987,-30.0,-6.2,0.0,FORMATION_RECOVERY|FORMATION_FOLLOW|FORMATION_FOLLOW|FORMATION_FOLLOW,1,1,2.5,-3.646,-3.627,-3.627,-7.137,-26.498,-30.003,-33.517,-29.976,-5.045,-5.046,-5.045,-5.049
0.0,0.0,0.0,3.5057,7.021,4.9297,3.5153,3.511,4.9888,9.6134,0,0.0234,OK,5.947,-30.0,-6.2,0.0,FORMATION_RECOVERY|FORMATION_FOLLOW|FORMATION_FOLLOW|FORMATION_FOLLOW,1,1,2.6,-3.615,-3.597,-3.595,-7.108,-26.497,-30.003,-33.518,-29.976,-5.046,-5.047,-5.045,-5.05
0.0,0.0,0.0,3.5057,7.022,4.9311,3.5164,3.5118,4.9905,9.5436,0,0.0235,OK,5.907,-30.0,-6.2,0.0,FORMATION_RECOVERY|FORMATION_FOLLOW|FORMATION_FOLLOW|FORMATION_FOLLOW,1,1,2.7,-3.584,-3.567,-3.564,-7.078,-26.497,-30.002,-33.519,-29.975,-5.047,-5.047,-5.046,-5.051
0.0,0.0,0.0,3.5057,7.023,4.9328,3.5174,3.5125,4.9915,9.4741,0,0.0232,OK,5.867,-30.0,-6.2,0.0,FORMATION_RECOVERY|FORMATION_FOLLOW|FORMATION_FOLLOW|FORMATION_FOLLOW,1,1,2.8,-3.553,-3.537,-3.533,-7.049,-26.496,-30.002,-33.519,-29.976,-5.047,-5.048,-5.046,-5.051
0.0,0.0,0.0,3.5057,7.024,4.9348,3.5183,3.5133,4.9922,9.4052,0,0.0238,OK,5.827,-30.0,-6.2,0.0,FORMATION_FOLLOW|FORMATION_FOLLOW|FORMATION_FOLLOW|FORMATION_FOLLOW,1,1,2.9,-3.523,-3.507,-3.503,-7.02,-26.495,-30.001,-33.519,-29.977,-5.048,-5.049,-5.046,-5.052
0.0,0.0,0.0,3.5056,7.0249,4.937,3.5192,3.5139,4.9927,9.3367,0,0.0243,OK,5.787,-30.0,-6.2,0.0,FORMATION_FOLLOW|FORMATION_FOLLOW|FORMATION_FOLLOW|FORMATION_FOLLOW,1,1,3.0,-3.493,-3.478,-3.473,-6.992,-26.495,-30.0,-33.519,-29.978,-5.048,-5.049,-5.046,-5.053
0.0,0.0,0.0,3.5053,7.0251,4.9388,3.5197,3.5148,4.9934,9.2687,0,0.0247,OK,5.747,-30.0,-6.2,0.0,FORMATION_FOLLOW|FORMATION_FOLLOW|FORMATION_FOLLOW|FORMATION_FOLLOW,1,1,3.1,-3.465,-3.45,-3.444,-6.965,-26.494,-30.0,-33.519,-29.979,-5.048,-5.05,-5.046,-5.054
0.0,0.0,0.0,3.505,7.0247,4.9399,3.5197,3.5158,4.9943,9.2014,0,0.025,OK,5.707,-30.0,-6.2,0.0,FORMATION_FOLLOW|FORMATION_FOLLOW|FORMATION_FOLLOW|FORMATION_FOLLOW,1,1,3.2,-3.436,-3.422,-3.415,-6.938,-26.494,-29.999,-33.519,-29.979,-5.048,-5.051,-5.046,-5.054
0.0,0.0,0.0,3.5053,7.0243,4.9409,3.5191,3.5164,4.9949,9.1346,0,0.0251,OK,5.667,-30.0,-6.2,0.0,FORMATION_FOLLOW|FORMATION_FOLLOW|FORMATION_FOLLOW|FORMATION_FOLLOW,1,1,3.3,-3.409,-3.395,-3.387,-6.911,-26.494,-29.999,-33.518,-29.979,-5.049,-5.052,-5.046,-5.055
0.0,0.0,0.0,3.5055,7.0241,4.9416,3.5186,3.5165,4.995,9.0684,0,0.0253,OK,5.627,-30.0,-6.2,0.0,FORMATION_FOLLOW|FORMATION_FOLLOW|FORMATION_FOLLOW|FORMATION_FOLLOW,1,1,3.4,-3.382,-3.368,-3.359,-6.885,-26.494,-29.999,-33.518,-29.979,-5.049,-5.052,-5.046,-5.056
0.0,0.0,0.0,3.5051,7.0235,4.9417,3.5184,3.5164,4.9955,9.0027,0,0.0258,OK,5.587,-30.0,-6.2,0.0,FORMATION_FOLLOW|FORMATION_FOLLOW|FORMATION_FOLLOW|FORMATION_FOLLOW,1,1,3.5,-3.356,-3.342,-3.332,-6.859,-26.493,-29.998,-33.517,-29.979,-5.05,-5.053,-5.046,-5.057
0.0,0.0,0.0,3.5049,7.0228,4.942,3.5179,3.5163,4.9963,8.9377,0,0.0263,OK,5.547,-30.0,-6.2,0.0,FORMATION_FOLLOW|FORMATION_FOLLOW|FORMATION_FOLLOW|FORMATION_FOLLOW,1,1,3.6,-3.33,-3.317,-3.304,-6.833,-26.493,-29.998,-33.516,-29.979,-5.051,-5.053,-5.045,-5.057
0.0,0.0,0.0,3.5047,7.022,4.9423,3.5173,3.5166,4.9972,8.8729,0,0.0268,OK,5.507,-30.0,-6.2,0.0,FORMATION_FOLLOW|FORMATION_FOLLOW|FORMATION_FOLLOW|FORMATION_FOLLOW,1,1,3.7,-3.304,-3.291,-3.278,-6.808,-26.493,-29.998,-33.515,-29.978,-5.052,-5.053,-5.045,-5.058
0.0,0.0,0.0,3.5042,7.021,4.9425,3.5168,3.5171,4.9982,8.8082,0,0.0271,OK,5.467,-30.0,-6.2,0.0,FORMATION_FOLLOW|FORMATION_FOLLOW|FORMATION_FOLLOW|FORMATION_FOLLOW,1,1,3.8,-3.278,-3.266,-3.251,-6.783,-26.494,-29.998,-33.515,-29.978,-5.052,-5.053,-5.045,-5.058
0.0,0.0,0.0,3.5036,7.02,4.9428,3.5164,3.518,4.9994,8.7435,0,0.0274,OK,5.427,-30.0,-6.2,0.0,FORMATION_FOLLOW|FORMATION_FOLLOW|FORMATION_FOLLOW|FORMATION_FOLLOW,1,1,3.9,-3.252,-3.241,-3.225,-6.759,-26.494,-29.998,-33.514,-29.978,-5.053,-5.053,-5.045,-5.058
0.0,0.0,0.0,3.5033,7.0196,4.9435,3.5164,3.5188,5.0002,8.6789,0,0.0276,OK,5.387,-30.0,-6.2,0.0,FORMATION_FOLLOW|FORMATION_FOLLOW|FORMATION_FOLLOW|FORMATION_FOLLOW,1,1,4.0,-3.226,-3.216,-3.199,-6.734,-26.495,-29.998,-33.514,-29.978,-5.053,-5.053,-5.045,-5.058
0.0,0.0,0.0,3.5034,7.0197,4.9446,3.5163,3.5195,5.001,8.6143,0,0.0278,OK,5.347,-30.0,-6.2,0.0,FORMATION_FOLLOW|FORMATION_FOLLOW|FORMATION_FOLLOW|FORMATION_FOLLOW,1,1,4.1,-3.2,-3.19,-3.174,-6.71,-26.495,-29.998,-33.514,-29.978,-5.054,-5.053,-5.045,-5.058
0.0,0.0,0.0,3.5034,7.0197,4.9456,3.5162,3.5203,5.0022,8.55,0,0.0283,OK,5.307,-30.0,-6.2,0.0,FORMATION_FOLLOW|FORMATION_FOLLOW|FORMATION_FOLLOW|FORMATION_FOLLOW,1,1,4.2,-3.175,-3.165,-3.148,-6.686,-26.495,-29.998,-33.514,-29.978,-5.055,-5.052,-5.045,-5.058
0.0,0.0,0.0,3.5037,7.0201,4.9468,3.5164,3.5212,5.0035,8.4859,0,0.029,OK,5.267,-30.0,-6.2,0.0,FORMATION_FOLLOW|FORMATION_FOLLOW|FORMATION_FOLLOW|FORMATION_FOLLOW,1,1,4.3,-3.15,-3.141,-3.122,-6.662,-26.494,-29.998,-33.514,-29.978,-5.055,-5.052,-5.046,-5.058
0.0,0.0,0.0,3.504,7.0204,4.9478,3.5164,3.522,5.0044,8.4218,0,0.0295,OK,5.227,-30.0,-6.2,0.0,FORMATION_FOLLOW|FORMATION_FOLLOW|FORMATION_FOLLOW|FORMATION_FOLLOW,1,1,4.4,-3.125,-3.116,-3.097,-6.638,-26.494,-29.998,-33.515,-29.978,-5.056,-5.052,-5.046,-5.058
0.0,0.0,0.0,3.5042,7.0204,4.9486,3.5162,3.5226,5.0054,8.358,0,0.0302,OK,5.187,-30.0,-6.2,0.0,FORMATION_FOLLOW|FORMATION_FOLLOW|FORMATION_FOLLOW|FORMATION_FOLLOW,1,1,4.5,-3.1,-3.092,-3.071,-6.614,-26.494,-29.998,-33.515,-29.979,-5.056,-5.051,-5.046,-5.058
0.0,0.0,0.0,3.5043,7.0201,4.9493,3.5158,3.5234,5.0064,8.2943,0,0.0307,OK,5.147,-30.0,-6.2,0.0,FORMATION_FOLLOW|FORMATION_FOLLOW|FORMATION_FOLLOW|FORMATION_FOLLOW,1,1,4.6,-3.076,-3.067,-3.046,-6.591,-26.495,-29.999,-33.515,-29.979,-5.057,-5.051,-5.045,-5.058
0.0,0.0,0.0,3.504,7.0198,4.9497,3.5158,3.5246,5.0077,8.2302,0,0.0315,OK,5.107,-30.0,-6.2,0.0,FORMATION_FOLLOW|FORMATION_FOLLOW|FORMATION_FOLLOW|FORMATION_FOLLOW,1,1,4.7,-3.052,-3.043,-3.021,-6.567,-26.495,-29.999,-33.515,-29.98,-5.057,-5.052,-5.045,-5.058
0.0,0.0,0.0,3.504,7.0198,4.9502,3.5158,3.5261,5.0089,8.1662,0,0.0321,OK,5.067,-30.0,-6.2,0.0,FORMATION_FOLLOW|FORMATION_FOLLOW|FORMATION_FOLLOW|FORMATION_FOLLOW,1,1,4.8,-3.028,-3.018,-2.996,-6.544,-26.496,-30.0,-33.515,-29.98,-5.058,-5.052,-5.045,-5.057
0.0,0.0,0.0,3.5039,7.0196,4.9505,3.5157,3.5273,5.0103,8.1025,0,0.0327,OK,5.027,-30.0,-6.2,0.0,FORMATION_FOLLOW|FORMATION_FOLLOW|FORMATION_FOLLOW|FORMATION_FOLLOW,1,1,4.9,-3.003,-2.994,-2.971,-6.521,-26.496,-30.0,-33.516,-29.98,-5.058,-5.052,-5.044,-5.057
0.0,0.0,0.0,3.5032,7.0193,4.9509,3.516,3.5286,5.0117,8.039,0,0.0333,OK,4.987,-30.0,-6.2,0.0,FORMATION_FOLLOW|FORMATION_FOLLOW|FORMATION_FOLLOW|FORMATION_FOLLOW,1,1,5.0,-2.98,-2.969,-2.946,-6.498,-26.497,-30.001,-33.517,-29.981,-5.058,-5.052,-5.044,-5.056
0.0,0.0,0.0,3.5025,7.0188,4.9515,3.5163,3.5298,5.0126,7.9756,0,0.0336,OK,4.947,-30.0,-6.2,0.0,FORMATION_FOLLOW|FORMATION_FOLLOW|FORMATION_FOLLOW|FORMATION_FOLLOW,1,1,5.1,-2.955,-2.945,-2.922,-6.475,-26.498,-30.001,-33.517,-29.981,-5.058,-5.052,-5.044,-5.056
0.0,0.0,0.0,3.502,7.018,4.952,3.516,3.5308,5.0133,7.9121,0,0.0337,OK,4.907,-30.0,-6.2,0.0,FORMATION_FOLLOW|FORMATION_FOLLOW|FORMATION_FOLLOW|FORMATION_FOLLOW,1,1,5.2,-2.931,-2.921,-2.898,-6.452,-26.499,-30.001,-33.517,-29.981,-5.058,-5.052,-5.045,-5.055
0.0,0.0,0.0,3.5018,7.0167,4.9525,3.5148,3.532,5.0138,7.8485,0,0.0337,OK,4.867,-30.0,-6.2,0.0,FORMATION_FOLLOW|FORMATION_FOLLOW|FORMATION_FOLLOW|FORMATION_FOLLOW,1,1,5.3,-2.907,-2.897,-2.873,-6.429,-26.5,-30.002,-33.516,-29.982,-5.058,-5.052,-5.045,-5.055
0.0,0.0,0.0,3.5022,7.015,4.9532,3.5129,3.5331,5.0136,7.7848,0,0.0336,OK,4.827,-30.0,-6.2,0.0,FORMATION_FOLLOW|FORMATION_FOLLOW|FORMATION_FOLLOW|FORMATION_FOLLOW,1,1,5.4,-2.883,-2.872,-2.848,-6.406,-26.5,-30.003,-33.515,-29.982,-5.058,-5.052,-5.045,-5.055
0.0,0.0,0.0,3.5026,7.0133,4.9542,3.5107,3.5339,5.0131,7.7211,0,0.034,OK,4.787,-30.0,-6.2,0.0,FORMATION_FOLLOW|FORMATION_FOLLOW|FORMATION_FOLLOW|FORMATION_FOLLOW,1,1,5.5,-2.858,-2.848,-2.824,-6.382,-26.501,-30.004,-33.514,-29.983,-5.057,-5.052,-5.046,-5.055
0.0,0.0,0.0,3.5033,7.0122,4.9553,3.5089,3.5348,5.013,7.6574,0,0.0347,OK,4.747,-30.0,-6.2,0.0,FORMATION_FOLLOW|FORMATION_FOLLOW|FORMATION_FOLLOW|FORMATION_FOLLOW,1,1,5.6,-2.833,-2.824,-2.799,-6.358,-26.501,-30.005,-33.513,-29.983,-5.058,-5.052,-5.046,-5.055
0.0,0.0,0.0,3.5042,7.0114,4.9565,3.5072,3.5358,5.013,7.5938,0,0.0354,OK,4.707,-30.0,-6.2,0.0,FORMATION_FOLLOW|FORMATION_FOLLOW|FORMATION_FOLLOW|FORMATION_FOLLOW,1,1,5.7,-2.808,-2.799,-2.775,-6.335,-26.501,-30.005,-33.513,-29.984,-5.058,-5.052,-5.047,-5.055
0.0,0.0,0.0,3.5048,7.0106,4.9579,3.5059,3.5363,5.0127,7.5305,0,0.0356,OK,4.667,-30.0,-6.2,0.0,FORMATION_FOLLOW|FORMATION_FOLLOW|FORMATION_FOLLOW|FORMATION_FOLLOW,1,1,5.8,-2.783,-2.775,-2.75,-6.312,-26.501,-30.006,-33.512,-29.984,-5.058,-5.052,-5.048,-5.055
0.0,0.0,0.0,3.5051,7.0099,4.9589,3.5048,3.5364,5.0121,7.4673,0,0.0357,OK,4.627,-30.0,-6.2,0.0,FORMATION_FOLLOW|FORMATION_FOLLOW|FORMATION_FOLLOW|FORMATION_FOLLOW,1,1,5.9,-2.759,-2.751,-2.726,-6.288,-26.501,-30.006,-33.511,-29.985,-5.057,-5.053,-5.048,-5.055
0.0,0.0,0.0,3.5056,7.0092,4.9595,3.5036,3.5358,5.0108,7.4044,0,0.0351,OK,4.587,-30.0,-6.2,0.0,FORMATION_FOLLOW|FORMATION_FOLLOW|FORMATION_FOLLOW|FORMATION_FOLLOW,1,1,6.0,-2.735,-2.728,-2.702,-6.264,-26.501,-30.007,-33.51,-29.986,-5.057,-5.053,-5.049,-5.055
0.0,0.0,0.0,3.5065,7.009,4.9598,3.5026,3.5349,5.0094,7.3415,0,0.0343,OK,4.547,-30.0,-6.2,0.0,FORMATION_FOLLOW|FORMATION_FOLLOW|FORMATION_FOLLOW|FORMATION_FOLLOW,1,1,6.1,-2.711,-2.704,-2.678,-6.239,-26.501,-30.007,-33.51,-29.987,-5.056,-5.054,-5.05,-5.054
0.0,0.0,0.0,3.5071,7.0093,4.9599,3.5023,3.534,5.0086,7.2785,0,0.0336,OK,4.507,-30.0,-6.2,0.0,FORMATION_FOLLOW|FORMATION_FOLLOW|FORMATION_FOLLOW|FORMATION_FOLLOW,1,1,6.2,-2.687,-2.681,-2.654,-6.215,-26.501,-30.008,-33.51,-29.987,-5.056,-5.054,-5.051,-5.054
0.0,0.0,0.0,3.5072,7.0099,4.9597,3.5027,3.5331,5.0085,7.2157,0,0.0332,OK,4.467,-30.0,-6.2,0.0,FORMATION_FOLLOW|FORMATION_FOLLOW|FORMATION_FOLLOW|FORMATION_FOLLOW,1,1,6.3,-2.663,-2.657,-2.63,-6.19,-26.501,-30.008,-33.511,-29.988,-5.055,-5.055,-5.051,-5.054
0.0,0.0,0.0,3.5068,7.0104,4.9594,3.5037,3.5323,5.0086,7.153,0,0.0329,OK,4.427,-30.0,-6.2,0.0,FORMATION_FOLLOW|FORMATION_FOLLOW|FORMATION_FOLLOW|FORMATION_FOLLOW,1,1,6.4,-2.639,-2.634,-2.606,-6.166,-26.501,-30.008,-33.511,-29.988,-5.055,-5.056,-5.052,-5.054
0.0,0.0,0.0,3.5058,7.0105,4.9588,3.5047,3.5315,5.0086,7.0902,0,0.0325,OK,4.387,-30.0,-6.2,0.0,FORMATION_FOLLOW|FORMATION_FOLLOW|FORMATION_FOLLOW|FORMATION_FOLLOW,1,1,6.5,-2.615,-2.61,-2.583,-6.142,-26.501,-30.007,-33.512,-29.988,-5.054,-5.056,-5.052,-5.054
0.0,0.0,0.0,3.5049,7.0106,4.9582,3.5057,3.5309,5.0079,7.0271,0,0.0319,OK,4.347,-30.0,-6.2,0.0,FORMATION_FOLLOW|FORMATION_FOLLOW|FORMATION_FOLLOW|FORMATION_FOLLOW,1,1,6.6,-2.592,-2.586,-2.559,-6.117,-26.502,-30.007,-33.512,-29.988,-5.053,-5.057,-5.052,-5.054
0.0,0.0,0.0,3.5043,7.0106,4.9576,3.5063,3.5305,5.0069,6.9636,0,0.0312,OK,4.307,-30.0,-6.2,0.0,FORMATION_FOLLOW|FORMATION_FOLLOW|FORMATION_FOLLOW|FORMATION_FOLLOW,1,1,6.7,-2.568,-2.562,-2.536,-6.092,-26.502,-30.006,-33.512,-29.988,-5.053,-5.057,-5.053,-5.054
0.0,0.0,0.0,3.5036,7.0102,4.9572,3.5066,3.5301,5.0053,6.8999,0,0.0304,OK,4.267,-30.0,-6.2,0.0,FORMATION_FOLLOW|FORMATION_FOLLOW|FORMATION_FOLLOW|FORMATION_FOLLOW,1,1,6.8,-2.544,-2.538,-2.513,-6.068,-26.502,-30.005,-33.512,-29.988,-5.053,-5.058,-5.053,-5.054
0.0,0.0,0.0,3.503,7.0097,4.9569,3.5068,3.53,5.0037,6.8361,0,0.0297,OK,4.227,-30.0,-6.2,0.0,FORMATION_FOLLOW|FORMATION_FOLLOW|FORMATION_FOLLOW|FORMATION_FOLLOW,1,1,6.9,-2.519,-2.513,-2.49,-6.043,-26.502,-30.005,-33.511,-29.988,-5.052,-5.058,-5.053,-5.054
0.0,0.0,0.0,3.5027,7.0095,4.9564,3.5068,3.5298,5.0024,6.7726,0,0.0291,OK,4.187,-30.0,-6.2,0.0,FORMATION_FOLLOW|FORMATION_FOLLOW|FORMATION_FOLLOW|FORMATION_FOLLOW,1,1,7.0,-2.495,-2.488,-2.467,-6.018,-26.502,-30.004,-33.511,-29.988,-5.052,-5.058,-5.053,-5.054
0.0,0.0,0.0,3.5022,7.009,4.9562,3.5068,3.5299,5.0015,6.7093,0,0.0289,OK,4.147,-30.0,-6.2,0.0,FORMATION_FOLLOW|FORMATION_FOLLOW|FORMATION_FOLLOW|FORMATION_FOLLOW,1,1,7.1,-2.471,-2.464,-2.444,-5.994,-26.502,-30.004,-33.511,-29.988,-5.052,-5.058,-5.053,-5.054
0.0,0.0,0.0,3.5015,7.0084,4.9562,3.5069,3.5304,5.001,6.6458,0,0.029,OK,4.107,-30.0,-6.2,0.0,FORMATION_FOLLOW|FORMATION_FOLLOW|FORMATION_FOLLOW|FORMATION_FOLLOW,1,1,7.2,-2.447,-2.44,-2.42,-5.97,-26.502,-30.004,-33.511,-29.988,-5.052,-5.058,-5.054,-5.055
0.0,0.0,0.0,3.5008,7.0077,4.9561,3.507,3.5307,5.0002,6.5823,0,0.0289,OK,4.067,-30.0,-6.2,0.0,FORMATION_FOLLOW|FORMATION_FOLLOW|FORMATION_FOLLOW|FORMATION_FOLLOW,1,1,7.3,-2.422,-2.415,-2.397,-5.946,-26.503,-30.003,-33.51,-29.988,-5.052,-5.058,-5.054,-5.055
0.0,0.0,0.0,3.4995,7.0069,4.9555,3.5074,3.5305,4.9994,6.5188,0,0.0286,OK,4.027,-30.0,-6.2,0.0,FORMATION_FOLLOW|FORMATION_FOLLOW|FORMATION_FOLLOW|FORMATION_FOLLOW,1,1,7.4,-2.398,-2.391,-2.373,-5.921,-26.503,-30.002,-33.51,-29.988,-5.052,-5.058,-5.055,-5.055
0.0,0.0,0.0,3.4983,7.0062,4.9552,3.508,3.5301,4.9991,6.4556,0,0.0285,OK,3.987,-30.0,-6.2,0.0,FORMATION_FOLLOW|FORMATION_FOLLOW|FORMATION_FOLLOW|FORMATION_FOLLOW,1,1,7.5,-2.373,-2.367,-2.349,-5.897,-26.503,-30.002,-33.51,-29.987,-5.052,-5.059,-5.055,-5.055
0.0,0.0,0.0,3.4975,7.0059,4.9551,3.5085,3.5296,4.999,6.3925,0,0.0285,OK,3.947,-30.0,-6.2,0.0,FORMATION_FOLLOW|FORMATION_FOLLOW|FORMATION_FOLLOW|FORMATION_FOLLOW,1,1,7.6,-2.348,-2.343,-2.325,-5.872,-26.504,-30.001,-33.509,-29.987,-5.053,-5.06,-5.056,-5.056
0.0,0.0,0.0,3.4969,7.0061,4.9551,3.5092,3.5288,4.9987,6.3295,0,0.0282,OK,3.907,-30.0,-6.2,0.0,FORMATION_FOLLOW|FORMATION_FOLLOW|FORMATION_FOLLOW|FORMATION_FOLLOW,1,1,7.7,-2.323,-2.319,-2.301,-5.848,-26.504,-30.0,-33.51,-29.987,-5.054,-5.06,-5.056,-5.056
0.0,0.0,0.0,3.496,7.0064,4.9551,3.5104,3.5281,4.9986,6.2664,0,0.0279,OK,3.867,-30.0,-6.2,0.0,FORMATION_FOLLOW|FORMATION_FOLLOW|FORMATION_FOLLOW|FORMATION_FOLLOW,1,1,7.8,-2.298,-2.295,-2.277,-5.823,-26.504,-30.0,-33.51,-29.987,-5.054,-5.06,-5.057,-5.057
0.0,0.0,0.0,3.4946,7.0065,4.9543,3.5119,3.5277,4.9989,6.2031,0,0.0279,OK,3.827,-30.0,-6.2,0.0,FORMATION_FOLLOW|FORMATION_FOLLOW|FORMATION_FOLLOW|FORMATION_FOLLOW,1,1,7.9,-2.274,-2.27,-2.253,-5.798,-26.504,-29.999,-33.51,-29.986,-5.055,-5.061,-5.057,-5.057
0.0,0.0,0.0,3.4932,7.0063,4.9535,3.5131,3.5275,4.9995,6.1397,0,0.0282,OK,3.787,-30.0,-6.2,0.0,FORMATION_FOLLOW|FORMATION_FOLLOW|FORMATION_FOLLOW|FORMATION_FOLLOW,1,1,8.0,-2.249,-2.246,-2.229,-5.773,-26.505,-29.998,-33.511,-29.985,-5.056,-5.061,-5.057,-5.057
0.0,0.0,0.0,3.4917,7.0061,4.9526,3.5144,3.5269,5.0,6.0765,0,0.0283,OK,3.747,-30.0,-6.2,0.0,FORMATION_FOLLOW|FORMATION_FOLLOW|FORMATION_FOLLOW|FORMATION_FOLLOW,1,1,8.1,-2.224,-2.222,-2.204,-5.749,-26.505,-29.997,-33.511,-29.984,-5.056,-5.061,-5.058,-5.057
0.0,0.0,0.0,3.4909,7.0062,4.9519,3.5154,3.526,5.0003,6.0138,0,0.0284,OK,3.707,-30.0,-6.2,0.0,FORMATION_FOLLOW|FORMATION_FOLLOW|FORMATION_FOLLOW|FORMATION_FOLLOW,1,1,8.2,-2.199,-2.198,-2.18,-5.724,-26.505,-29.996,-33.511,-29.983,-5.057,-5.061,-5.058,-5.057
0.0,0.0,0.0,3.4902,7.0067,4.9512,3.5166,3.5252,5.0009,5.951,0,0.0284,OK,3.667,-30.0,-6.2,0.0,FORMATION_FOLLOW|FORMATION_FOLLOW|FORMATION_FOLLOW|FORMATION_FOLLOW,1,1,8.3,-2.174,-2.174,-2.156,-5.699,-26.505,-29.995,-33.511,-29.982,-5.057,-5.061,-5.057,-5.057
0.0,0.0,0.0,3.4897,7.0075,4.951,3.5179,3.5242,5.001,5.8885,0,0.0283,OK,3.627,-30.0,-6.2,0.0,FORMATION_FOLLOW|FORMATION_FOLLOW|FORMATION_FOLLOW|FORMATION_FOLLOW,1,1,8.4,-2.149,-2.15,-2.133,-5.674,-26.504,-29.994,-33.512,-29.981,-5.057,-5.062,-5.057,-5.057
0.0,0.0,0.0,3.4889,7.0077,4.9506,3.5188,3.5229,5.0006,5.8262,0,0.0279,OK,3.587,-30.0,-6.2,0.0,FORMATION_FOLLOW|FORMATION_FOLLOW|FORMATION_FOLLOW|FORMATION_FOLLOW,1,1,8.5,-2.124,-2.127,-2.109,-5.65,-26.504,-29.993,-33.512,-29.98,-5.058,-5.062,-5.057,-5.057
0.0,0.0,0.0,3.4878,7.0078,4.9499,3.52,3.5209,5.0,5.7639,0,0.0273,OK,3.547,-30.0,-6.2,0.0,FORMATION_FOLLOW|FORMATION_FOLLOW|FORMATION_FOLLOW|FORMATION_FOLLOW,1,1,8.6,-2.1,-2.103,-2.085,-5.624,-26.504,-29.991,-33.511,-29.979,-5.058,-5.062,-5.057,-5.057
0.0,0.0,0.0,3.4875,7.0086,4.9497,3.5211,3.5191,4.9997,5.7014,0,0.0266,OK,3.507,-30.0,-6.2,0.0,FORMATION_FOLLOW|FORMATION_FOLLOW|FORMATION_FOLLOW|FORMATION_FOLLOW,1,1,8.7,-2.074,-2.079,-2.061,-5.599,-26.503,-29.99,-33.511,-29.978,-5.059,-5.062,-5.056,-5.057
0.0,0.0,0.0,3.4879,7.0101,4.9496,3.5222,3.5179,4.9999,5.6386,0,0.0263,OK,3.467,-30.0,-6.2,0.0,FORMATION_FOLLOW|FORMATION_FOLLOW|FORMATION_FOLLOW|FORMATION_FOLLOW,1,1,8.8,-2.049,-2.055,-2.036,-5.573,-26.502,-29.99,-33.512,-29.978,-5.059,-5.061,-5.055,-5.058
0.0,0.0,0.0,3.4886,7.0115,4.9495,3.523,3.5172,5.0004,5.5754,0,0.0263,OK,3.427,-30.0,-6.2,0.0,FORMATION_FOLLOW|FORMATION_FOLLOW|FORMATION_FOLLOW|FORMATION_FOLLOW,1,1,8.9,-2.025,-2.031,-2.011,-5.548,-26.501,-29.989,-33.512,-29.977,-5.059,-5.061,-5.055,-5.058
0.0,0.0,0.0,3.4897,7.0135,4.9491,3.5239,3.5167,5.0009,5.5118,0,0.0261,OK,3.387,-30.0,-6.2,0.0,FORMATION_FOLLOW|FORMATION_FOLLOW|FORMATION_FOLLOW|FORMATION_FOLLOW,1,1,9.0,-2.0,-2.006,-1.987,-5.522,-26.499,-29.989,-33.513,-29.976,-5.059,-5.061,-5.054,-5.058
0.0,0.0,0.0,3.4908,7.016,4.9482,3.5252,3.5162,5.0012,5.4481,0,0.026,OK,3.347,-30.0,-6.2,0.0,FORMATION_FOLLOW|FORMATION_FOLLOW|FORMATION_FOLLOW|FORMATION_FOLLOW,1,1,9.1,-1.976,-1.98,-1.963,-5.496,-26.498,-29.989,-33.514,-29.975,-5.059,-5.06,-5.054,-5.058
0.0,0.0,0.0,3.4923,7.0191,4.9479,3.5269,3.5158,5.0017,5.3843,0,0.0269,OK,3.307,-30.0,-6.2,0.0,FORMATION_FOLLOW|FORMATION_FOLLOW|FORMATION_FOLLOW|FORMATION_FOLLOW,1,1,9.2,-1.951,-1.955,-1.939,-5.471,-26.497,-29.989,-33.516,-29.974,-5.059,-5.06,-5.053,-5.058
0.0,0.0,0.0,3.4935,7.0215,4.948,3.5281,3.5163,5.0021,5.3203,0,0.0276,OK,3.267,-30.0,-6.2,0.0,FORMATION_FOLLOW|FORMATION_FOLLOW|FORMATION_FOLLOW|FORMATION_FOLLOW,1,1,9.3,-1.926,-1.929,-1.915,-5.446,-26.496,-29.989,-33.517,-29.974,-5.059,-5.059,-5.052,-5.057
0.0,0.0,0.0,3.4941,7.024,4.9476,3.5298,3.5169,5.0026,5.2561,0,0.0286,OK,3.227,-30.0,-6.2,0.0,FORMATION_FOLLOW|FORMATION_FOLLOW|FORMATION_FOLLOW|FORMATION_FOLLOW,1,1,9.4,-1.902,-1.904,-1.891,-5.42,-26.495,-29.989,-33.519,-29.974,-5.059,-5.059,-5.052,-5.057
0.0,0.0,0.0,3.4944,7.026,4.9472,3.5316,3.5176,5.0031,5.1922,0,0.0296,OK,3.187,-30.0,-6.2,0.0,FORMATION_FOLLOW|FORMATION_FOLLOW|FORMATION_FOLLOW|FORMATION_FOLLOW,1,1,9.5,-1.879,-1.878,-1.867,-5.396,-26.495,-29.989,-33.521,-29.974,-5.059,-5.059,-5.051,-5.057
0.0,0.0,0.0,3.4939,7.0273,4.9469,3.5334,3.518,5.0031,5.1286,0,0.0303,OK,3.147,-30.0,-6.2,0.0,FORMATION_FOLLOW|FORMATION_FOLLOW|FORMATION_FOLLOW|FORMATION_FOLLOW,1,1,9.6,-1.855,-1.853,-1.843,-5.371,-26.495,-29.988,-33.522,-29.974,-5.059,-5.059,-5.051,-5.056
0.0,0.0,0.0,3.4928,7.0283,4.9466,3.5355,3.5187,5.0028,5.0647,0,0.0308,OK,3.107,-30.0,-6.2,0.0,FORMATION_FOLLOW|FORMATION_FOLLOW|FORMATION_FOLLOW|FORMATION_FOLLOW,1,1,9.7,-1.83,-1.827,-1.819,-5.346,-26.495,-29.988,-33.523,-29.975,-5.059,-5.059,-5.05,-5.056
0.0,0.0,0.0,3.4917,7.0286,4.9464,3.5369,3.5194,5.0024,5.0011,0,0.031,OK,3.067,-30.0,-6.2,0.0,FORMATION_FOLLOW|FORMATION_FOLLOW|FORMATION_FOLLOW|FORMATION_FOLLOW,1,1,9.8,-1.806,-1.802,-1.796,-5.322,-26.496,-29.987,-33.524,-29.975,-5.059,-5.06,-5.051,-5.056
0.0,0.0,0.0,3.4906,7.0282,4.9458,3.5376,3.5196,5.0016,4.9376,0,0.0308,OK,3.027,-30.0,-6.2,0.0,FORMATION_FOLLOW|FORMATION_FOLLOW|FORMATION_FOLLOW|FORMATION_FOLLOW,1,1,9.9,-1.782,-1.777,-1.772,-5.297,-26.496,-29.987,-33.525,-29.976,-5.059,-5.06,-5.051,-5.057
0.0,0.0,0.0,3.4901,7.0279,4.9449,3.5378,3.5192,5.0002,4.8743,0,0.0304,OK,2.987,-30.0,-6.2,0.0,FORMATION_FOLLOW|FORMATION_FOLLOW|FORMATION_FOLLOW|FORMATION_FOLLOW,1,1,10.0,-1.758,-1.752,-1.748,-5.271,-26.497,-29.987,-33.525,-29.977,-5.059,-5.06,-5.051,-5.057
0.0,0.0,0.0,3.4897,7.0272,4.944,3.5376,3.5194,4.999,4.8108,0,0.0298,OK,2.947,-30.0,-6.2,0.0,FORMATION_FOLLOW|FORMATION_FOLLOW|FORMATION_FOLLOW|FORMATION_FOLLOW,1,1,10.1,-1.734,-1.727,-1.724,-5.246,-26.498,-29.987,-33.525,-29.977,-5.059,-5.06,-5.052,-5.057
0.0,0.0,0.0,3.4892,7.0266,4.9435,3.5374,3.5198,4.9982,4.7472,0,0.0294,OK,2.907,-30.0,-6.2,0.0,FORMATION_FOLLOW|FORMATION_FOLLOW|FORMATION_FOLLOW|FORMATION_FOLLOW,1,1,10.2,-1.709,-1.701,-1.7,-5.221,-26.498,-29.987,-33.525,-29.977,-5.059,-5.06,-5.052,-5.057
0.0,0.0,0.0,3.4889,7.0263,4.9437,3.5374,3.5205,4.9972,4.6836,0,0.0289,OK,2.867,-30.0,-6.2,0.0,FORMATION_FOLLOW|FORMATION_FOLLOW|FORMATION_FOLLOW|FORMATION_FOLLOW,1,1,10.3,-1.685,-1.676,-1.675,-5.196,-26.498,-29.987,-33.524,-29.978,-5.059,-5.06,-5.052,-5.057
0.0,0.0,0.0,3.4885,7.0262,4.9442,3.5378,3.5216,4.9968,4.6199,0,0.0287,OK,2.827,-30.0,-6.2,0.0,FORMATION_FOLLOW|FORMATION_FOLLOW|FORMATION_FOLLOW|FORMATION_FOLLOW,1,1,10.4,-1.66,-1.65,-1.651,-5.171,-26.498,-29.987,-33.524,-29.979,-5.059,-5.06,-5.053,-5.057
0.0,0.0,0.0,3.488,7.0261,4.9448,3.5381,3.5231,4.9965,4.5561,0,0.0285,OK,2.787,-30.0,-6.2,0.0,FORMATION_FOLLOW|FORMATION_FOLLOW|FORMATION_FOLLOW|FORMATION_FOLLOW,1,1,10.5,-1.635,-1.624,-1.626,-5.147,-26.498,-29.986,-33.524,-29.979,-5.059,-5.06,-5.053,-5.058
0.0,0.0,0.0,3.4878,7.026,4.9454,3.5383,3.5244,4.9962,4.4926,0,0.0283,OK,2.747,-30.0,-6.2,0.0,FORMATION_FOLLOW|FORMATION_FOLLOW|FORMATION_FOLLOW|FORMATION_FOLLOW,1,1,10.6,-1.61,-1.598,-1.602,-5.123,-26.499,-29.986,-33.525,-29.98,-5.058,-5.059,-5.054,-5.058
0.0,0.0,0.0,3.4876,7.0258,4.9456,3.5383,3.5249,4.9953,4.4292,0,0.0279,OK,2.707,-30.0,-6.2,0.0,FORMATION_FOLLOW|FORMATION_FOLLOW|FORMATION_FOLLOW|FORMATION_FOLLOW,1,1,10.7,-1.585,-1.573,-1.578,-5.097,-26.499,-29.987,-33.525,-29.98,-5.058,-5.059,-5.054,-5.058
0.0,0.0,0.0,3.487,7.0255,4.9452,3.5385,3.5251,4.9944,4.3661,0,0.0277,OK,2.667,-30.0,-6.2,0.0,FORMATION_FOLLOW|FORMATION_FOLLOW|FORMATION_FOLLOW|FORMATION_FOLLOW,1,1,10.8,-1.56,-1.547,-1.553,-5.072,-26.5,-29.987,-33.525,-29.981,-5.057,-5.058,-5.054,-5.059
0.0,0.0,0.0,3.4861,7.025,4.9446,3.539,3.5249,4.9935,4.3033,0,0.0275,OK,2.627,-30.0,-6.2,0.0,FORMATION_FOLLOW|FORMATION_FOLLOW|FORMATION_FOLLOW|FORMATION_FOLLOW,1,1,10.9,-1.535,-1.522,-1.529,-5.047,-26.501,-29.987,-33.526,-29.981,-5.057,-5.058,-5.054,-5.059
0.0,0.0,0.0,3.4851,7.0245,4.9438,3.5395,3.5243,4.9925,4.2406,0,0.0274,OK,2.587,-30.0,-6.2,0.0,FORMATION_FOLLOW|FORMATION_FOLLOW|FORMATION_FOLLOW|FORMATION_FOLLOW,1,1,11.0,-1.51,-1.497,-1.505,-5.021,-26.501,-29.987,-33.526,-29.982,-5.056,-5.057,-5.054,-5.06
0.0,0.0,0.0,3.4845,7.0241,4.9432,3.5396,3.5235,4.9918,4.1782,0,0.0273,OK,2.547,-30.0,-6.2,0.0,FORMATION_FOLLOW|FORMATION_FOLLOW|FORMATION_FOLLOW|FORMATION_FOLLOW,1,1,11.1,-1.484,-1.472,-1.48,-4.995,-26.502,-29.987,-33.526,-29.982,-5.056,-5.057,-5.054,-5.06
0.0,0.0,0.0,3.484,7.0237,4.9423,3.5397,3.5221,4.9909,4.1164,0,0.0272,OK,2.507,-30.0,-6.2,0.0,FORMATION_FOLLOW|FORMATION_FOLLOW|FORMATION_FOLLOW|FORMATION_FOLLOW,1,1,11.2,-1.459,-1.447,-1.456,-4.969,-26.503,-29.987,-33.527,-29.982,-5.056,-5.056,-5.054,-5.061
0.0,0.0,0.0,3.4843,7.0236,4.942,3.5393,3.5206,4.99,4.0545,0,0.0271,OK,2.467,-30.0,-6.2,0.0,FORMATION_FOLLOW|FORMATION_FOLLOW|FORMATION_FOLLOW|FORMATION_FOLLOW,1,1,11.3,-1.434,-1.423,-1.431,-4.943,-26.504,-29.988,-33.527,-29.983,-5.056,-5.057,-5.054,-5.062
0.0,0.0,0.0,3.4846,7.024,4.9414,3.5394,3.519,4.9896,3.9928,0,0.0274,OK,2.427,-30.0,-6.2,0.0,FORMATION_FOLLOW|FORMATION_FOLLOW|FORMATION_FOLLOW|FORMATION_FOLLOW,1,1,11.4,-1.408,-1.398,-1.406,-4.917,-26.504,-29.989,-33.528,-29.983,-5.057,-5.057,-5.054,-5.062
0.0,0.0,0.0,3.4845,7.024,4.9406,3.5395,3.5173,4.9892,3.9312,0,0.0276,OK,2.387,-30.0,-6.2,0.0,FORMATION_FOLLOW|FORMATION_FOLLOW|FORMATION_FOLLOW|FORMATION_FOLLOW,1,1,11.5,-1.383,-1.374,-1.381,-4.892,-26.504,-29.989,-33.528,-29.983,-5.057,-5.057,-5.054,-5.063
0.0,0.0,0.0,3.4848,7.0239,4.9395,3.5391,3.5158,4.9891,3.8696,0,0.0276,OK,2.347,-30.0,-6.2,0.0,FORMATION_FOLLOW|FORMATION_FOLLOW|FORMATION_FOLLOW|FORMATION_FOLLOW,1,1,11.6,-1.358,-1.35,-1.356,-4.866,-26.505,-29.99,-33.529,-29.983,-5.058,-5.058,-5.054,-5.063
0.0,0.0,0.0,3.4857,7.024,4.9387,3.5383,3.5143,4.9891,3.8084,0,0.0277,OK,2.307,-30.0,-6.2,0.0,FORMATION_FOLLOW|FORMATION_FOLLOW|FORMATION_FOLLOW|FORMATION_FOLLOW,1,1,11.7,-1.333,-1.326,-1.332,-4.84,-26.505,-29.991,-33.529,-29.982,-5.058,-5.058,-5.054,-5.063
0.0,0.0,0.0,3.4864,7.0242,4.9382,3.5377,3.5133,4.9889,3.7469,0,0.0277,OK,2.267,-30.0,-6.2,0.0,FORMATION_FOLLOW|FORMATION_FOLLOW|FORMATION_FOLLOW|FORMATION_FOLLOW,1,1,11.8,-1.308,-1.301,-1.307,-4.815,-26.505,-29.992,-33.529,-29.982,-5.058,-5.057,-5.054,-5.064
0.0,0.0,0.0,3.4866,7.0239,4.9378,3.5372,3.5127,4.9883,3.6851,0,0.0275,OK,2.227,-30.0,-6.2,0.0,FORMATION_FOLLOW|FORMATION_FOLLOW|FORMATION_FOLLOW|FORMATION_FOLLOW,1,1,11.9,-1.282,-1.276,-1.282,-4.789,-26.505,-29.992,-33.529,-29.982,-5.058,-5.058,-5.054,-5.063
0.0,0.0,0.0,3.4867,7.0237,4.937,3.537,3.5121,4.9879,3.6233,0,0.0274,OK,2.187,-30.0,-6.2,0.0,FORMATION_FOLLOW|FORMATION_FOLLOW|FORMATION_FOLLOW|FORMATION_FOLLOW,1,1,12.0,-1.258,-1.251,-1.257,-4.763,-26.505,-29.992,-33.529,-29.981,-5.058,-5.058,-5.054,-5.063
0.0,0.0,0.0,3.4866,7.0233,4.9361,3.5368,3.5118,4.988,3.5616,0,0.0274,OK,2.147,-30.0,-6.2,0.0,FORMATION_FOLLOW|FORMATION_FOLLOW|FORMATION_FOLLOW|FORMATION_FOLLOW,1,1,12.1,-1.233,-1.226,-1.232,-4.738,-26.506,-29.992,-33.529,-29.981,-5.059,-5.058,-5.054,-5.063
0.0,0.0,0.0,3.4861,7.0227,4.9354,3.5365,3.5121,4.9884,3.4999,0,0.0272,OK,2.107,-30.0,-6.2,0.0,FORMATION_FOLLOW|FORMATION_FOLLOW|FORMATION_FOLLOW|FORMATION_FOLLOW,1,1,12.2,-1.208,-1.201,-1.207,-4.713,-26.506,-29.992,-33.528,-29.98,-5.059,-5.058,-5.055,-5.064
0.0,0.0,0.0,3.4857,7.0221,4.9348,3.5363,3.5125,4.9886,3.4381,0,0.027,OK,2.067,-30.0,-6.2,0.0,FORMATION_FOLLOW|FORMATION_FOLLOW|FORMATION_FOLLOW|FORMATION_FOLLOW,1,1,12.3,-1.183,-1.176,-1.182,-4.688,-26.506,-29.991,-33.528,-29.979,-5.059,-5.059,-5.056,-5.063
0.0,0.0,0.0,3.4854,7.0213,4.9341,3.536,3.5128,4.9887,3.3765,0,0.0268,OK,2.027,-30.0,-6.2,0.0,FORMATION_FOLLOW|FORMATION_FOLLOW|FORMATION_FOLLOW|FORMATION_FOLLOW,1,1,12.4,-1.158,-1.151,-1.158,-4.664,-26.506,-29.991,-33.527,-29.978,-5.059,-5.059,-5.056,-5.063
0.0,0.0,0.0,3.4849,7.0203,4.933,3.5353,3.5128,4.9884,3.3151,0,0.0264,OK,1.987,-30.0,-6.2,0.0,FORMATION_FOLLOW|FORMATION_FOLLOW|FORMATION_FOLLOW|FORMATION_FOLLOW,1,1,12.5,-1.133,-1.126,-1.133,-4.638,-26.506,-29.991,-33.526,-29.977,-5.059,-5.06,-5.057,-5.063
0.0,0.0,0.0,3.4847,7.019,4.9318,3.5343,3.5124,4.9877,3.2541,0,0.0259,OK,1.947,-30.0,-6.2,0.0,FORMATION_FOLLOW|FORMATION_FOLLOW|FORMATION_FOLLOW|FORMATION_FOLLOW,1,1,12.6,-1.108,-1.101,-1.109,-4.613,-26.507,-29.991,-33.526,-29.976,-5.059,-5.06,-5.057,-5.063
0.0,0.0,0.0,3.4904,7.0174,4.9304,3.527,3.5138,4.987,3.1915,0,0.0267,OK,1.907,-30.0,-6.2,0.0,FORMATION_FOLLOW|SEPARATION_WARNING|FORMATION_FOLLOW|FORMATION_FOLLOW,1,1,12.7,-1.083,-1.074,-1.085,-4.588,-26.507,-29.998,-33.525,-29.975,-5.059,-5.06,-5.057,-5.063
0.0,0.0,0.0,3.5038,7.016,4.9291,3.5122,3.5173,4.9865,3.1273,0,0.0309,OK,1.867,-30.0,-6.2,0.0,FORMATION_FOLLOW|SEPARATION_WARNING|FORMATION_FOLLOW|FORMATION_FOLLOW,1,1,12.8,-1.058,-1.045,-1.06,-4.562,-26.508,-30.011,-33.523,-29.974,-5.059,-5.061,-5.058,-5.062
0.0,0.0,0.0,3.5237,7.0146,4.9283,3.491,3.5231,4.9858,3.0616,0,0.0365,OK,1.827,-30.0,-6.2,0.0,FORMATION_FOLLOW|SEPARATION_WARNING|FORMATION_FOLLOW|FORMATION_FOLLOW,1,1,12.9,-1.033,-1.014,-1.036,-4.537,-26.508,-30.031,-33.522,-29.973,-5.06,-5.061,-5.058,-5.062
0.0,0.0,0.0,3.5482,7.0141,4.928,3.466,3.5195,4.9858,3.0047,0,0.0434,OK,1.787,-30.0,-6.2,0.0,FORMATION_FOLLOW|SEPARATION_WARNING|FORMATION_FOLLOW|FORMATION_FOLLOW,1,1,13.0,-1.007,-0.993,-1.011,-4.512,-26.508,-30.056,-33.522,-29.972,-5.06,-5.063,-5.058,-5.061
0.0,0.0,0.0,3.5765,7.0138,4.9275,3.4373,3.5025,4.9856,2.9607,0,0.063,OK,1.747,-30.0,-6.2,0.0,FORMATION_FOLLOW|SEPARATION_WARNING|FORMATION_FOLLOW|FORMATION_FOLLOW,1,1,13.1,-0.982,-0.986,-0.986,-4.487,-26.508,-30.084,-33.522,-29.972,-5.06,-5.065,-5.058,-5.061
0.0,0.0,0.0,3.6074,7.0132,4.9267,3.4061,3.4747,4.9851,2.9268,0,0.0893,OK,1.707,-30.0,-6.2,0.0,FORMATION_FOLLOW|SEPARATION_WARNING|FORMATION_FOLLOW|FORMATION_FOLLOW,1,1,13.2,-0.958,-0.99,-0.961,-4.461,-26.508,-30.115,-33.521,-29.972,-5.06,-5.068,-5.059,-5.062
0.0,0.0,0.0,3.641,7.0126,4.9255,3.373,3.438,4.9848,2.9016,0,0.1226,OK,1.667,-30.0,-6.2,0.0,FORMATION_FOLLOW|SEPARATION_WARNING|FORMATION_FOLLOW|FORMATION_FOLLOW,1,1,13.3,-0.933,-1.002,-0.936,-4.436,-26.509,-30.149,-33.521,-29.971,-5.06,-5.072,-5.059,-5.062
0.0,0.0,0.0,3.6765,7.0115,4.9241,3.3387,3.395,4.9849,2.8837,0,0.1619,OK,1.627,-30.0,-6.2,0.0,FORMATION_FOLLOW|SEPARATION_WARNING|FORMATION_FOLLOW|FORMATION_FOLLOW,1,1,13.4,-0.908,-1.022,-0.911,-4.41,-26.51,-30.184,-33.521,-29.971,-5.06,-5.076,-5.059,-5.062
0.0,0.0,0.0,3.7134,7.0103,4.923,3.3047,3.347,4.9852,2.8713,0,0.2056,OK,1.587,-30.0,-6.2,0.0,FORMATION_FOLLOW|SEPARATION_WARNING|FORMATION_FOLLOW|FORMATION_FOLLOW,1,1,13.5,-0.883,-1.047,-0.885,-4.385,-26.511,-30.221,-33.521,-29.971,-5.06,-5.08,-5.059,-5.062
0.0,0.0,0.0,3.7521,7.0096,4.9219,3.2713,3.295,4.9857,2.8636,0,0.2531,OK,1.547,-30.0,-6.2,0.0,FORMATION_FOLLOW|SEPARATION_WARNING|FORMATION_FOLLOW|FORMATION_FOLLOW,1,1,13.6,-0.858,-1.077,-0.86,-4.36,-26.512,-30.258,-33.522,-29.971,-5.06,-5.084,-5.059,-5.062
0.0,0.0,0.0,3.7926,7.009,4.921,3.2386,3.2405,4.9866,2.8598,0,0.3034,OK,1.507,-30.0,-6.2,0.0,FORMATION_FOLLOW|SEPARATION_WARNING|FORMATION_FOLLOW|FORMATION_FOLLOW,1,1,13.7,-0.832,-1.111,-0.836,-4.335,-26.514,-30.296,-33.523,-29.971,-5.06,-5.088,-5.059,-5.062
0.0,0.0,0.0,3.8346,7.0086,4.9202,3.2071,3.1838,4.9874,2.8594,0,0.356,OK,1.467,-30.0,-6.2,0.0,FORMATION_FOLLOW|SEPARATION_WARNING|FORMATION_FOLLOW|FORMATION_FOLLOW,1,1,13.8,-0.806,-1.147,-0.811,-4.31,-26.516,-30.335,-33.525,-29.971,-5.06,-5.091,-5.058,-5.062
0.0,0.0,0.0,3.8783,7.0089,4.9192,3.1773,3.1256,4.9886,2.8615,0,0.4102,OK,1.427,-30.0,-6.2,0.0,FORMATION_FOLLOW|SEPARATION_WARNING|FORMATION_FOLLOW|FORMATION_FOLLOW,1,1,13.9,-0.781,-1.185,-0.786,-4.284,-26.518,-30.375,-33.527,-29.971,-5.06,-5.094,-5.058,-5.063
0.0,0.0,0.0,3.9127,7.0097,4.918,3.1591,3.068,4.9903,2.8623,0,0.4589,OK,1.387,-30.0,-6.2,0.0,FORMATION_FOLLOW|SEPARATION_WARNING|FORMATION_FOLLOW|FORMATION_FOLLOW,1,1,14.0,-0.756,-1.222,-0.761,-4.259,-26.519,-30.404,-33.529,-29.971,-5.06,-5.095,-5.058,-5.063
0.0,0.0,0.0,3.9341,7.0102,4.9171,3.1554,3.0109,4.992,2.8602,0,0.5005,OK,1.347,-30.0,-6.2,0.0,FORMATION_FOLLOW|SEPARATION_WARNING|FORMATION_FOLLOW|FORMATION_FOLLOW,1,1,14.1,-0.73,-1.257,-0.735,-4.234,-26.521,-30.419,-33.531,-29.971,-5.059,-5.095,-5.058,-5.063
0.0,0.0,0.0,3.943,7.0105,4.9162,3.1628,2.961,4.9935,2.8479,0,0.5321,OK,1.307,-30.0,-6.2,0.0,FORMATION_FOLLOW|SEPARATION_WARNING|FORMATION_FOLLOW|FORMATION_FOLLOW,1,1,14.2,-0.705,-1.283,-0.71,-4.209,-26.523,-30.423,-33.533,-29.971,-5.059,-5.095,-5.057,-5.063
0.0,0.0,0.0,3.9401,7.0108,4.9154,3.1795,2.9206,4.9949,2.8233,0,0.5531,OK,1.267,-30.0,-6.2,0.0,FORMATION_FOLLOW|SEPARATION_WARNING|FORMATION_FOLLOW|FORMATION_FOLLOW,1,1,14.3,-0.68,-1.298,-0.685,-4.184,-26.525,-30.416,-33.536,-29.972,-5.059,-5.096,-5.058,-5.062
0.0,0.0,0.0,3.9272,7.0115,4.915,3.2039,2.8888,4.9966,2.7881,0,0.565,OK,1.227,-30.0,-6.2,0.0,FORMATION_FOLLOW|SEPARATION_WARNING|FORMATION_FOLLOW|FORMATION_FOLLOW,1,1,14.4,-0.654,-1.302,-0.659,-4.159,-26.527,-30.4,-33.538,-29.972,-5.059,-5.098,-5.058,-5.062
0.0,0.0,0.0,3.9056,7.0123,4.9145,3.2344,2.8638,4.9985,2.7448,0,0.5701,OK,1.187,-30.0,-6.2,0.0,FORMATION_FOLLOW|SEPARATION_WARNING|FORMATION_FOLLOW|FORMATION_FOLLOW,1,1,14.5,-0.629,-1.3,-0.634,-4.135,-26.529,-30.376,-33.541,-29.973,-5.059,-5.101,-5.058,-5.061
0.0,0.0,0.0,3.8775,7.0128,4.914,3.2692,2.8441,5.0002,2.695,0,0.5704,OK,1.147,-30.0,-6.2,0.0,FORMATION_FOLLOW|SEPARATION_WARNING|FORMATION_FOLLOW|FORMATION_FOLLOW,1,1,14.6,-0.604,-1.291,-0.609,-4.11,-26.531,-30.347,-33.544,-29.974,-5.059,-5.105,-5.058,-5.061
0.0,0.0,0.0,3.8445,7.0135,4.9138,3.307,2.8297,5.002,2.64,0,0.5669,OK,1.107,-30.0,-6.2,0.0,FORMATION_FOLLOW|SEPARATION_WARNING|FORMATION_FOLLOW|FORMATION_FOLLOW,1,1,14.7,-0.579,-1.277,-0.583,-4.086,-26.533,-30.313,-33.547,-29.975,-5.058,-5.11,-5.058,-5.06
0.0,0.0,0.0,3.8079,7.0145,4.9139,3.347,2.82,5.0036,2.5807,0,0.5606,OK,1.067,-30.0,-6.2,0.0,FORMATION_FOLLOW|SEPARATION_WARNING|FORMATION_FOLLOW|FORMATION_FOLLOW,1,1,14.8,-0.554,-1.258,-0.558,-4.061,-26.534,-30.276,-33.549,-29.976,-5.058,-5.115,-5.058,-5.06
0.0,0.0,0.0,3.7702,7.0157,4.9146,3.3909,2.8047,5.0055,2.5283,0,0.5598,OK,1.027,-30.0,-6.2,0.0,FORMATION_FOLLOW|SEPARATION_WARNING|FORMATION_FOLLOW|FORMATION_FOLLOW,1,1,14.9,-0.529,-1.245,-0.533,-4.038,-26.536,-30.237,-33.551,-29.977,-5.058,-5.118,-5.059,-5.06
0.0,0.0,0.0,3.7384,7.0171,4.9162,3.4309,2.7856,5.0078,2.4853,0,0.5647,OK,0.987,-30.0,-6.2,0.0,FORMATION_FOLLOW|COLLISION_AVOIDANCE|FORMATION_FOLLOW|FORMATION_FOLLOW,1,1,15.0,-0.504,-1.238,-0.508,-4.014,-26.536,-30.201,-33.553,-29.978,-5.058,-5.112,-5.06,-5.06
0.0,0.0,0.0,3.7143,7.0186,4.9185,3.4643,2.7656,5.01,2.45,0,0.5733,OK,0.947,-30.0,-6.2,0.0,FORMATION_FOLLOW|COLLISION_AVOIDANCE|FORMATION_FOLLOW|FORMATION_FOLLOW,1,1,15.1,-0.478,-1.233,-0.483,-3.991,-26.537,-30.173,-33.555,-29.979,-5.058,-5.095,-5.061,-5.06
0.0,0.0,0.0,3.6971,7.02,4.9212,3.4918,2.745,5.0119,2.4143,0,0.5851,OK,0.907,-30.0,-6.2,0.0,FORMATION_FOLLOW|COLLISION_AVOIDANCE|FORMATION_FOLLOW|FORMATION_FOLLOW,1,1,15.2,-0.453,-1.229,-0.457,-3.968,-26.536,-30.151,-33.556,-29.98,-5.058,-5.085,-5.062,-5.061
0.0,0.0,0.0,3.6852,7.0207,4.931,3.5143,2.7335,5.0203,2.3817,0,0.5967,OK,0.867,-30.0,-6.2,0.0,FORMATION_FOLLOW|COLLISION_AVOIDANCE|FORMATION_FOLLOW|SEPARATION_WARNING,1,1,15.3,-0.428,-1.226,-0.432,-3.956,-26.536,-30.133,-33.557,-29.981,-5.059,-5.072,-5.063,-5.061
0.0,0.0,0.0,3.6796,7.0204,4.9494,3.5345,2.7247,5.0376,2.3598,0,0.6139,OK,0.827,-30.0,-6.2,0.0,FORMATION_FOLLOW|COLLISION_AVOIDANCE|FORMATION_FOLLOW|SEPARATION_WARNING,1,1,15.4,-0.402,-1.234,-0.406,-3.955,-26.536,-30.12,-33.556,-29.981,-5.059,-5.057,-5.064,-5.061
0.0,0.0,0.0,3.6805,7.0196,4.9752,3.5546,2.7136,5.0619,2.3485,0,0.6388,OK,0.787,-30.0,-6.2,0.0,FORMATION_FOLLOW|COLLISION_AVOIDANCE|FORMATION_FOLLOW|SEPARATION_WARNING,1,1,15.5,-0.377,-1.255,-0.38,-3.965,-26.535,-30.11,-33.555,-29.982,-5.059,-5.045,-5.065,-5.062
0.0,0.0,0.0,3.6862,7.0182,5.0072,3.5745,2.7038,5.0917,2.3458,0,0.6676,OK,0.747,-30.0,-6.2,0.0,FORMATION_FOLLOW|COLLISION_AVOIDANCE|FORMATION_FOLLOW|SEPARATION_WARNING,1,1,15.6,-0.352,-1.283,-0.354,-3.984,-26.535,-30.102,-33.553,-29.982,-5.06,-5.029,-5.065,-5.062
0.0,0.0,0.0,3.696,7.0164,5.0445,3.594,2.6966,5.1263,2.3501,0,0.6988,OK,0.707,-30.0,-6.2,0.0,FORMATION_FOLLOW|COLLISION_AVOIDANCE|FORMATION_FOLLOW|SEPARATION_WARNING,1,1,15.7,-0.327,-1.315,-0.328,-4.009,-26.534,-30.095,-33.551,-29.983,-5.061,-5.007,-5.066,-5.062
0.0,0.0,0.0,3.7072,7.0143,5.0856,3.6126,2.6978,5.1647,2.3561,0,0.7274,OK,0.667,-30.0,-6.2,0.0,FORMATION_FOLLOW|COLLISION_AVOIDANCE|FORMATION_FOLLOW|SEPARATION_WARNING,1,1,15.8,-0.302,-1.345,-0.303,-4.039,-26.534,-30.091,-33.549,-29.983,-5.061,-4.978,-5.066,-5.062
0.0,0.0,0.0,3.7209,7.0114,5.1299,3.6309,2.7026,5.2059,2.3661,0,0.7569,OK,0.627,-30.0,-6.2,0.0,FORMATION_FOLLOW|COLLISION_AVOIDANCE|FORMATION_FOLLOW|SEPARATION_WARNING,1,1,15.9,-0.277,-1.376,-0.277,-4.074,-26.534,-30.087,-33.546,-29.984,-5.062,-4.944,-5.066,-5.062
0.0,0.0,0.0,3.7383,7.0083,5.1768,3.6502,2.707,5.2498,2.3815,0,0.7897,OK,0.587,-30.0,-6.2,0.0,FORMATION_FOLLOW|COLLISION_AVOIDANCE|FORMATION_FOLLOW|SEPARATION_WARNING,1,1,16.0,-0.252,-1.411,-0.252,-4.111,-26.535,-30.085,-33.543,-29.984,-5.063,-4.907,-5.067,-5.062
0.0,0.0,0.0,3.7589,7.005,5.2254,3.6709,2.7114,5.2955,2.4011,0,0.8251,OK,0.547,-30.0,-6.2,0.0,FORMATION_FOLLOW|COLLISION_AVOIDANCE|FORMATION_FOLLOW|SEPARATION_WARNING,1,1,16.1,-0.227,-1.449,-0.226,-4.151,-26.535,-30.084,-33.54,-29.985,-5.064,-4.868,-5.067,-5.062
0.0,0.0,0.0,3.782,7.0014,5.2755,3.693,2.7163,5.3428,2.4238,0,0.8625,OK,0.507,-30.0,-6.2,0.0,FORMATION_FOLLOW|COLLISION_AVOIDANCE|FORMATION_FOLLOW|SEPARATION_WARNING,1,1,16.2,-0.201,-1.488,-0.201,-4.192,-26.535,-30.084,-33.536,-29.985,-5.064,-4.826,-5.067,-5.062
0.0,0.0,0.0,3.8074,6.9974,5.3265,3.7166,2.7213,5.391,2.4492,0,0.9017,OK,0.467,-30.0,-6.2,0.0,FORMATION_FOLLOW|COLLISION_AVOIDANCE|FORMATION_FOLLOW|SEPARATION_WARNING,1,1,16.3,-0.176,-1.529,-0.175,-4.235,-26.536,-30.083,-33.533,-29.985,-5.064,-4.784,-5.067,-5.062
0.0,0.0,0.0,3.8352,6.993,5.378,3.7418,2.7263,5.4404,2.4769,0,0.9427,OK,0.427,-30.0,-6.2,0.0,FORMATION_FOLLOW|COLLISION_AVOIDANCE|FORMATION_FOLLOW|SEPARATION_WARNING,1,1,16.4,-0.151,-1.572,-0.15,-4.277,-26.536,-30.084,-33.529,-29.986,-5.064,-4.74,-5.067,-5.062
0.0,0.0,0.0,3.8649,6.9882,5.4302,3.7689,2.7318,5.4908,2.5064,0,0.9851,OK,0.387,-30.0,-6.2,0.0,FORMATION_FOLLOW|COLLISION_AVOIDANCE|FORMATION_FOLLOW|SEPARATION_WARNING,1,1,16.5,-0.126,-1.616,-0.124,-4.321,-26.537,-30.085,-33.526,-29.986,-5.065,-4.696,-5.067,-5.062
0.0,0.0,0.0,3.8962,6.9828,5.4831,3.7974,2.7381,5.5416,2.5373,0,1.0284,OK,0.347,-30.0,-6.2,0.0,FORMATION_FOLLOW|COLLISION_AVOIDANCE|FORMATION_FOLLOW|SEPARATION_WARNING,1,1,16.6,-0.101,-1.66,-0.098,-4.365,-26.539,-30.085,-33.522,-29.986,-5.065,-4.65,-5.068,-5.062
0.0,0.0,0.0,3.9292,6.977,5.5362,3.8273,2.7452,5.593,2.5691,0,1.0723,OK,0.307,-30.0,-6.2,0.0,FORMATION_FOLLOW|COLLISION_AVOIDANCE|FORMATION_FOLLOW|SEPARATION_WARNING,1,1,16.7,-0.076,-1.705,-0.073,-4.41,-26.54,-30.086,-33.517,-29.985,-5.065,-4.605,-5.068,-5.062
0.0,0.0,0.0,3.9637,6.971,5.5895,3.8586,2.753,5.6445,2.6015,0,1.1168,OK,0.267,-30.0,-6.2,0.0,FORMATION_FOLLOW|COLLISION_AVOIDANCE|FORMATION_FOLLOW|SEPARATION_WARNING,1,1,16.8,-0.051,-1.75,-0.048,-4.454,-26.542,-30.087,-33.513,-29.985,-5.065,-4.559,-5.068,-5.062
0.0,0.0,0.0,3.9996,6.9651,5.6406,3.8916,2.758,5.6935,2.6347,0,1.1624,OK,0.227,-30.0,-6.2,0.0,FORMATION_FOLLOW|COLLISION_AVOIDANCE|FORMATION_FOLLOW|SEPARATION_WARNING,1,1,16.9,-0.026,-1.795,-0.024,-4.495,-26.544,-30.088,-33.509,-29.985,-5.066,-4.513,-5.068,-5.062
0.0,0.0,0.0,4.0369,6.959,5.6883,3.9258,2.7596,5.7392,2.6682,1,1.2094,LOST,0.187,-30.0,-6.2,0.0,FORMATION_FOLLOW|COLLISION_AVOIDANCE|FORMATION_FOLLOW|SEPARATION_WARNING,1,1,17.0,-0.001,-1.84,0.0,-4.532,-26.546,-30.089,-33.505,-29.984,-5.066,-4.467,-5.068,-5.062
0.0,0.0,0.0,4.0757,6.9528,5.7335,3.961,2.7586,5.7821,2.7019,1,1.2573,LOST,0.147,-30.0,-6.2,0.0,FORMATION_FOLLOW|COLLISION_AVOIDANCE|FORMATION_FOLLOW|SEPARATION_WARNING,1,1,17.1,0.024,-1.884,0.025,-4.565,-26.548,-30.091,-33.501,-29.984,-5.066,-4.421,-5.068,-5.062
0.0,0.0,0.0,4.1159,6.9475,5.7768,3.9982,2.7557,5.8234,2.7357,1,1.306,LOST,0.107,-30.0,-6.2,0.0,FORMATION_FOLLOW|COLLISION_AVOIDANCE|FORMATION_FOLLOW|SEPARATION_WARNING,1,1,17.2,0.05,-1.929,0.049,-4.595,-26.55,-30.093,-33.498,-29.984,-5.066,-4.375,-5.068,-5.062
0.0,0.0,0.0,4.1574,6.9441,5.8189,4.0381,2.7514,5.8637,2.7696,1,1.3552,LOST,0.067,-30.0,-6.2,0.0,FORMATION_FOLLOW|COLLISION_AVOIDANCE|FORMATION_FOLLOW|SEPARATION_WARNING,1,1,17.3,0.075,-1.973,0.073,-4.623,-26.552,-30.094,-33.496,-29.985,-5.066,-4.33,-5.068,-5.063
0.0,0.0,0.0,4.1943,6.9424,5.8599,4.0726,2.7586,5.9027,2.794,1,1.3959,LOST,0.027,-30.0,-6.2,0.0,FORMATION_FOLLOW|COLLISION_AVOIDANCE|FORMATION_FOLLOW|SEPARATION_WARNING,1,1,17.4,0.1,-2.004,0.097,-4.649,-26.553,-30.096,-33.495,-29.986,-5.065,-4.284,-5.067,-5.063
0.0,0.0,0.0,4.2239,6.9425,5.8995,4.0999,2.7809,5.9407,2.8065,1,1.4255,LOST,-0.013,-30.0,-6.2,0.0,FORMATION_FOLLOW|COLLISION_AVOIDANCE|FORMATION_FOLLOW|SEPARATION_WARNING,1,1,17.5,0.125,-2.019,0.122,-4.672,-26.553,-30.098,-33.495,-29.987,-5.065,-4.239,-5.067,-5.063
0.0,0.0,0.0,4.2476,6.9445,5.938,4.1215,2.8151,5.9785,2.8102,1,1.4467,LOST,-0.053,-30.0,-6.2,0.0,FORMATION_FOLLOW|COLLISION_AVOIDANCE|FORMATION_FOLLOW|SEPARATION_WARNING,1,1,17.6,0.149,-2.019,0.146,-4.694,-26.552,-30.099,-33.496,-29.987,-5.064,-4.195,-5.067,-5.063
0.0,0.0,0.0,4.2664,6.9479,5.9757,4.1388,2.859,6.0164,2.8077,1,1.4612,LOST,-0.093,-30.0,-6.2,0.0,FORMATION_FOLLOW|COLLISION_AVOIDANCE|FORMATION_FOLLOW|SEPARATION_WARNING,1,1,17.7,0.173,-2.009,0.17,-4.715,-26.55,-30.101,-33.498,-29.987,-5.064,-4.15,-5.067,-5.063
0.0,0.0,0.0,4.2813,6.9527,6.0127,4.1526,2.9107,6.0544,2.8008,1,1.4707,LOST,-0.133,-30.0,-6.2,0.0,FORMATION_FOLLOW|COLLISION_AVOIDANCE|FORMATION_FOLLOW|SEPARATION_WARNING,1,1,17.8,0.197,-1.989,0.195,-4.735,-26.548,-30.102,-33.501,-29.987,-5.064,-4.105,-5.067,-5.063
0.0,0.0,0.0,4.2948,6.9589,6.0497,4.1666,2.9656,6.0925,2.7943,1,1.4791,LOST,-0.173,-30.0,-6.2,0.0,FORMATION_FOLLOW|SEPARATION_WARNING|FORMATION_FOLLOW|SEPARATION_WARNING,1,1,17.9,0.221,-1.967,0.219,-4.755,-26.546,-30.103,-33.505,-29.986,-5.063,-4.06,-5.066,-5.063
0.0,0.0,0.0,4.3083,6.9661,6.0864,4.1821,3.0211,6.1304,2.7905,1,1.4884,LOST,-0.213,-30.0,-6.2,0.0,FORMATION_FOLLOW|SEPARATION_WARNING|FORMATION_FOLLOW|SEPARATION_WARNING,1,1,18.0,0.245,-1.944,0.243,-4.774,-26.543,-30.102,-33.509,-29.986,-5.062,-4.014,-5.065,-5.064
0.0,0.0,0.0,4.322,6.9739,6.1231,4.1988,3.0769,6.1675,2.7895,1,1.4988,LOST,-0.253,-30.0,-6.2,0.0,FORMATION_FOLLOW|SEPARATION_WARNING|FORMATION_FOLLOW|SEPARATION_WARNING,1,1,18.1,0.269,-1.92,0.267,-4.792,-26.539,-30.101,-33.513,-29.985,-5.062,-3.966,-5.064,-5.064
0.0,0.0,0.0,4.3398,6.9822,6.1527,4.2188,3.1177,6.1979,2.7927,1,1.5151,LOST,-0.293,-30.0,-6.2,0.0,FORMATION_FOLLOW|SEPARATION_WARNING|FORMATION_FOLLOW|FORMATION_RECOVERY,1,1,18.2,0.293,-1.904,0.29,-4.802,-26.535,-30.1,-33.518,-29.985,-5.061,-3.921,-5.063,-5.064
0.0,0.0,0.0,4.3619,6.9901,6.1722,4.2422,3.1383,6.2188,2.7998,1,1.5385,LOST,-0.333,-30.0,-6.2,0.0,FORMATION_FOLLOW|SEPARATION_WARNING|FORMATION_FOLLOW|FORMATION_RECOVERY,1,1,18.3,0.318,-1.896,0.315,-4.799,-26.532,-30.1,-33.522,-29.983,-5.061,-3.879,-5.063,-5.064
0.0,0.0,0.0,4.3873,6.9979,6.1825,4.2688,3.1416,6.2314,2.8096,1,1.5674,LOST,-0.373,-30.0,-6.2,0.0,FORMATION_FOLLOW|SEPARATION_WARNING|FORMATION_FOLLOW|FORMATION_RECOVERY,1,1,18.4,0.342,-1.895,0.339,-4.786,-26.528,-30.099,-33.526,-29.981,-5.06,-3.841,-5.062,-5.064
0.0,0.0,0.0,4.4157,7.0053,6.185,4.2978,3.1305,6.2366,2.8215,1,1.601,LOST,-0.413,-30.0,-6.2,0.0,FORMATION_FOLLOW|SEPARATION_WARNING|FORMATION_FOLLOW|FORMATION_RECOVERY,1,1,18.5,0.367,-1.901,0.363,-4.764,-26.524,-30.099,-33.529,-29.978,-5.06,-3.805,-5.062,-5.065
0.0,0.0,0.0,4.4463,7.0121,6.1815,4.3283,3.108,6.2353,2.8347,1,1.6379,LOST,-0.453,-30.0,-6.2,0.0,FORMATION_FOLLOW|SEPARATION_WARNING|FORMATION_FOLLOW|FORMATION_RECOVERY,1,1,18.6,0.392,-1.911,0.387,-4.734,-26.521,-30.099,-33.533,-29.975,-5.059,-3.771,-5.062,-5.065
0.0,0.0,0.0,4.4781,7.0186,6.1731,4.361,3.0766,6.2291,2.8486,1,1.6775,LOST,-0.493,-30.0,-6.2,0.0,FORMATION_FOLLOW|SEPARATION_WARNING|FORMATION_FOLLOW|FORMATION_RECOVERY,1,1,18.7,0.417,-1.925,0.411,-4.698,-26.518,-30.099,-33.536,-29.973,-5.059,-3.739,-5.061,-5.065
0.0,0.0,0.0,4.5032,7.0238,6.1609,4.3888,3.0488,6.2184,2.8563,1,1.7113,LOST,-0.533,-30.0,-6.2,0.0,FORMATION_FOLLOW|SEPARATION_WARNING|FORMATION_FOLLOW|FORMATION_RECOVERY,1,1,18.8,0.442,-1.929,0.436,-4.658,-26.516,-30.098,-33.539,-29.972,-5.059,-3.71,-5.061,-5.065
0.0,0.0,0.0,4.5194,7.0278,6.1456,4.4101,3.0285,6.2047,2.8563,1,1.7371,LOST,-0.573,-30.0,-6.2,0.0,FORMATION_FOLLOW|SEPARATION_WARNING|FORMATION_FOLLOW|FORMATION_RECOVERY,1,1,18.9,0.467,-1.921,0.461,-4.614,-26.514,-30.096,-33.542,-29.971,-5.059,-3.684,-5.062,-5.065
0.0,0.0,0.0,4.529,7.031,6.1283,4.4265,3.0138,6.1889,2.851,1,1.7569,LOST,-0.613,-30.0,-6.2,0.0,FORMATION_FOLLOW|SEPARATION_WARNING|FORMATION_FOLLOW|FORMATION_RECOVERY,1,1,19.0,0.493,-1.903,0.486,-4.567,-26.513,-30.092,-33.544,-29.97,-5.059,-3.66,-5.062,-5.065
0.0,0.0,0.0,4.5328,7.0332,6.1094,4.4386,3.0034,6.1708,2.842,1,1.7716,LOST,-0.653,-30.0,-6.2,0.0,FORMATION_FOLLOW|SEPARATION_WARNING|FORMATION_FOLLOW|FORMATION_RECOVERY,1,1,19.1,0.519,-1.878,0.512,-4.517,-26.512,-30.087,-33.545,-29.97,-5.059,-3.637,-5.062,-5.065
0.0,0.0,0.0,4.5316,7.0344,6.0888,4.4473,2.9964,6.1507,2.8307,1,1.7822,LOST,-0.693,-30.0,-6.2,0.0,FORMATION_FOLLOW|SEPARATION_WARNING|FORMATION_FOLLOW|FORMATION_RECOVERY,1,1,19.2,0.545,-1.846,0.538,-4.466,-26.512,-30.081,-33.546,-29.97,-5.058,-3.616,-5.061,-5.065
0.0,0.0,0.0,4.5265,7.0351,6.0667,4.4532,2.9921,6.1293,2.8181,1,1.7895,LOST,-0.733,-30.0,-6.2,0.0,FORMATION_FOLLOW|SEPARATION_WARNING|FORMATION_FOLLOW|FORMATION_RECOVERY,1,1,19.3,0.57,-1.809,0.564,-4.414,-26.512,-30.075,-33.547,-29.971,-5.057,-3.597,-5.061,-5.065
0.0,0.0,0.0,4.5186,7.0354,6.0543,4.4567,3.0032,6.1173,2.8052,1,1.7921,LOST,-0.773,-30.0,-6.2,0.0,FORMATION_FOLLOW|SEPARATION_WARNING|FORMATION_FOLLOW|SEPARATION_WARNING,1,1,19.4,0.596,-1.768,0.59,-4.373,-26.512,-30.068,-33.547,-29.971,-5.057,-3.578,-5.06,-5.069
0.0,0.0,0.0,4.5089,7.035,6.055,4.4584,3.0323,6.1175,2.7928,1,1.7906,LOST,-0.813,-30.0,-6.2,0.0,FORMATION_FOLLOW|SEPARATION_WARNING|FORMATION_FOLLOW|SEPARATION_WARNING,1,1,19.5,0.621,-1.724,0.615,-4.348,-26.512,-30.06,-33.547,-29.971,-5.057,-3.561,-5.06,-5.077
0.0,0.0,0.0,4.4975,7.0338,6.0659,4.4586,3.0761,6.1277,2.7817,1,1.7859,LOST,-0.853,-30.0,-6.2,0.0,FORMATION_FOLLOW|SEPARATION_WARNING|FORMATION_FOLLOW|SEPARATION_WARNING,1,1,19.6,0.647,-1.677,0.641,-4.336,-26.512,-30.052,-33.546,-29.971,-5.057,-3.544,-5.06,-5.09
0.0,0.0,0.0,4.4849,7.0319,6.0848,4.4575,3.1314,6.1456,2.7722,1,1.779,LOST,-0.893,-30.0,-6.2,0.0,FORMATION_FOLLOW|SEPARATION_WARNING|FORMATION_FOLLOW|SEPARATION_WARNING,1,1,19.7,0.673,-1.629,0.668,-4.333,-26.512,-30.045,-33.544,-29.972,-5.057,-3.528,-5.061,-5.106
0.0,0.0,0.0,4.4717,7.0292,6.1102,4.4556,3.1956,6.1697,2.765,1,1.7709,LOST,-0.933,-30.0,-6.2,0.0,FORMATION_FOLLOW|SEPARATION_WARNING|FORMATION_FOLLOW|SEPARATION_WARNING,1,1,19.8,0.698,-1.58,0.694,-4.338,-26.513,-30.038,-33.543,-29.973,-5.057,-3.512,-5.061,-5.125
0.0,0.0,0.0,4.4574,7.026,6.1405,4.4534,3.2671,6.1988,2.7602,1,1.7617,LOST,-0.973,-30.0,-6.2,0.0,FORMATION_FOLLOW|SEPARATION_WARNING|FORMATION_FOLLOW|SEPARATION_WARNING,1,1,19.9,0.724,-1.529,0.72,-4.349,-26.515,-30.03,-33.541,-29.974,-5.057,-3.497,-5.061,-5.146
0.0,0.0,0.0,4.4424,7.0223,6.1714,4.4507,3.34,6.2283,2.7581,1,1.7525,LOST,-1.013,-30.0,-6.2,0.0,FORMATION_FOLLOW|SEPARATION_WARNING|FORMATION_FOLLOW|SEPARATION_WARNING,1,1,20.0,0.75,-1.478,0.747,-4.36,-26.516,-30.022,-33.538,-29.975,-5.057,-3.481,-5.062,-5.168
0.0,0.0,0.0,4.4273,7.018,6.2015,4.4475,3.4117,6.2562,2.759,1,1.7439,LOST,-1.053,-30.0,-6.2,0.0,FORMATION_FOLLOW|SEPARATION_WARNING|FORMATION_FOLLOW|SEPARATION_WARNING,1,1,20.1,0.776,-1.426,0.773,-4.37,-26.518,-30.014,-33.536,-29.976,-5.056,-3.466,-5.061,-5.19
0.0,0.0,0.0,4.4117,7.0137,6.2308,4.4446,3.4829,6.2837,2.7628,1,1.7356,LOST,-1.093,-30.0,-6.2,0.0,FORMATION_FOLLOW|SEPARATION_WARNING|FORMATION_FOLLOW|SEPARATION_WARNING,1,1,20.2,0.802,-1.374,0.799,-4.379,-26.52,-30.006,-33.533,-29.977,-5.056,-3.451,-5.061,-5.211
0.0,0.0,0.0,4.396,7.0092,6.2591,4.4414,3.5533,6.3103,2.7697,1,1.7277,LOST,-1.133,-30.0,-6.2,0.0,FORMATION_FOLLOW|SEPARATION_WARNING|FORMATION_FOLLOW|SEPARATION_WARNING,1,1,20.3,0.828,-1.321,0.825,-4.387,-26.522,-29.998,-33.531,-29.978,-5.056,-3.437,-5.061,-5.232
0.0,0.0,0.0,4.3849,7.004,6.2866,4.439,3.6167,6.3357,2.7792,1,1.7233,LOST,-1.173,-30.0,-6.2,0.0,FORMATION_FOLLOW|SEPARATION_WARNING|FORMATION_FOLLOW|SEPARATION_WARNING,1,1,20.4,0.854,-1.275,0.851,-4.394,-26.524,-29.992,-33.528,-29.979,-5.056,-3.423,-5.061,-5.253
0.0,0.0,0.0,4.38,6.9984,6.3137,4.4377,3.6713,6.36,2.7906,1,1.7231,LOST,-1.213,-30.0,-6.2,0.0,FORMATION_FOLLOW|SEPARATION_WARNING|FORMATION_FOLLOW|SEPARATION_WARNING,1,1,20.5,0.88,-1.237,0.876,-4.4,-26.526,-29.989,-33.524,-29.98,-5.056,-3.41,-5.06,-5.273
0.0,0.0,0.0,4.3803,6.9926,6.3401,4.4376,3.7182,6.3834,2.8032,1,1.7264,LOST,-1.253,-30.0,-6.2,0.0,FORMATION_FOLLOW|SEPARATION_WARNING|FORMATION_FOLLOW|SEPARATION_WARNING,1,1,20.6,0.907,-1.207,0.902,-4.405,-26.528,-29.988,-33.521,-29.981,-5.056,-3.397,-5.06,-5.293
0.0,0.0,0.0,4.3846,6.9873,6.3662,4.4392,3.7594,6.407,2.8167,1,1.7324,LOST,-1.293,-30.0,-6.2,0.0,FORMATION_FOLLOW|SEPARATION_WARNING|FORMATION_FOLLOW|SEPARATION_WARNING,1,1,20.7,0.933,-1.182,0.928,-4.41,-26.53,-29.988,-33.517,-29.982,-5.056,-3.385,-5.059,-5.313
0.0,0.0,0.0,4.3923,6.9826,6.3858,4.4422,3.7876,6.4244,2.831,1,1.7411,LOST,-1.333,-30.0,-6.2,0.0,FORMATION_FOLLOW|SEPARATION_WARNING|FORMATION_FOLLOW|FORMATION_RECOVERY,1,1,20.8,0.96,-1.162,0.954,-4.406,-26.531,-29.99,-33.514,-29.983,-5.057,-3.374,-5.059,-5.329
0.0,0.0,0.0,4.4031,6.978,6.3968,4.4459,3.8008,6.4329,2.8458,1,1.7523,LOST,-1.373,-30.0,-6.2,0.0,FORMATION_FOLLOW|SEPARATION_WARNING|FORMATION_FOLLOW|FORMATION_RECOVERY,1,1,20.9,0.986,-1.146,0.98,-4.392,-26.533,-29.993,-33.511,-29.984,-5.057,-3.363,-5.059,-5.339
0.0,0.0,0.0,4.4157,6.9739,6.3995,4.4511,3.8011,6.4346,2.8706,1,1.7653,LOST,-1.41,-30.0,-6.21,0.0,FORMATION_FOLLOW|SEPARATION_WARNING|FORMATION_FOLLOW|FORMATION_RECOVERY,1,1,21.0,1.013,-1.133,1.006,-4.37,-26.535,-29.997,-33.508,-29.984,-5.058,-3.353,-5.058,-5.345
0.0,0.0,0.0,4.4299,6.9708,6.3961,4.4578,3.7913,6.4306,2.9158,1,1.7797,LOST,-1.44,-30.0,-6.241,0.0,FORMATION_FOLLOW|SEPARATION_WARNING|FORMATION_FOLLOW|FORMATION_RECOVERY,1,1,21.1,1.039,-1.122,1.032,-4.34,-26.536,-30.002,-33.507,-29.984,-5.058,-3.342,-5.059,-5.346
0.0,0.0,0.0,4.4452,6.9681,6.3872,4.4654,3.7728,6.4216,2.9612,1,1.7953,LOST,-1.47,-30.0,-6.272,0.0,FORMATION_FOLLOW|SEPARATION_WARNING|FORMATION_FOLLOW|FORMATION_RECOVERY,1,1,21.2,1.065,-1.113,1.058,-4.305,-26.538,-30.007,-33.506,-29.985,-5.058,-3.332,-5.059,-5.344
0.0,0.0,0.0,4.4611,6.9656,6.3745,4.474,3.748,6.409,2.9284,1,1.8117,LOST,-1.5,-30.0,-6.302,0.0,FORMATION_FOLLOW|SEPARATION_WARNING|FORMATION_FOLLOW|FORMATION_RECOVERY,1,1,21.3,1.091,-1.106,1.083,-4.265,-26.54,-30.012,-33.505,-29.985,-5.059,-3.322,-5.059,-5.339
0.0,0.0,0.0,4.4721,6.9623,6.3589,4.4785,3.7226,6.3932,2.8725,1,1.8233,LOST,-1.53,-30.0,-6.333,0.0,FORMATION_FOLLOW|SEPARATION_WARNING|FORMATION_FOLLOW|FORMATION_RECOVERY,1,1,21.4,1.117,-1.093,1.109,-4.222,-26.542,-30.016,-33.504,-29.985,-5.059,-3.315,-5.059,-5.331
0.0,0.0,0.0,4.4772,6.9585,6.3407,4.4802,3.7003,6.3747,2.816,1,1.8308,LOST,-1.56,-30.0,-6.364,0.0,FORMATION_FOLLOW|SEPARATION_WARNING|FORMATION_FOLLOW|FORMATION_RECOVERY,1,1,21.5,1.144,-1.071,1.135,-4.175,-26.544,-30.019,-33.503,-29.986,-5.06,-3.308,-5.06,-5.321
0.0,0.0,0.0,4.4779,6.9553,6.321,4.4817,3.6815,6.3545,2.7598,1,1.8361,LOST,-1.59,-30.0,-6.395,0.0,FORMATION_FOLLOW|SEPARATION_WARNING|FORMATION_FOLLOW|FORMATION_RECOVERY,1,1,21.6,1.17,-1.043,1.16,-4.127,-26.547,-30.019,-33.502,-29.987,-5.06,-3.3,-5.06,-5.31
0.0,0.0,0.0,4.4751,6.9514,6.3112,4.4822,3.6781,6.3441,2.7162,1,1.8378,LOST,-1.62,-30.0,-6.426,0.0,FORMATION_FOLLOW|SEPARATION_WARNING|FORMATION_FOLLOW|SEPARATION_WARNING,1,1,21.7,1.196,-1.01,1.186,-4.091,-26.549,-30.017,-33.501,-29.987,-5.06,-3.29,-5.059,-5.299
0.0,0.0,0.0,4.4684,6.947,6.3145,4.4796,3.6912,6.3473,2.6883,1,1.8332,LOST,-1.65,-30.0,-6.457,0.0,FORMATION_FOLLOW|SEPARATION_WARNING|FORMATION_FOLLOW|SEPARATION_WARNING,1,1,21.8,1.222,-0.973,1.211,-4.071,-26.552,-30.015,-33.499,-29.988,-5.061,-3.283,-5.059,-5.289
0.0,0.0,0.0,4.4581,6.9422,6.3286,4.473,3.7169,6.3611,2.6729,1,1.8224,LOST,-1.68,-30.0,-6.487,0.0,FORMATION_FOLLOW|SEPARATION_WARNING|FORMATION_FOLLOW|SEPARATION_WARNING,1,1,21.9,1.248,-0.932,1.236,-4.065,-26.556,-30.013,-33.498,-29.988,-5.062,-3.281,-5.059,-5.281
0.0,0.0,0.0,4.4452,6.9369,6.3523,4.4633,3.753,6.3835,2.6675,1,1.8068,LOST,-1.71,-30.0,-6.518,0.0,FORMATION_FOLLOW|SEPARATION_WARNING|FORMATION_FOLLOW|SEPARATION_WARNING,1,1,22.0,1.274,-0.888,1.26,-4.069,-26.559,-30.011,-33.496,-29.988,-5.062,-3.282,-5.059,-5.273
0.0,0.0,0.0,4.4301,6.9318,6.3841,4.4516,3.7978,6.4135,2.6703,1,1.7873,LOST,-1.74,-30.0,-6.549,0.0,FORMATION_FOLLOW|SEPARATION_WARNING|FORMATION_FOLLOW|SEPARATION_WARNING,1,1,22.1,1.301,-0.841,1.285,-4.082,-26.562,-30.009,-33.494,-29.989,-5.063,-3.286,-5.059,-5.266
0.0,0.0,0.0,4.4136,6.9273,6.4223,4.4381,3.8499,6.4496,2.6794,1,1.7646,LOST,-1.77,-30.0,-6.58,0.0,FORMATION_FOLLOW|SEPARATION_WARNING|FORMATION_FOLLOW|SEPARATION_WARNING,1,1,22.2,1.327,-0.793,1.311,-4.102,-26.565,-30.007,-33.492,-29.99,-5.064,-3.292,-5.059,-5.261
0.0,0.0,0.0,4.3965,6.9233,6.4653,4.423,3.9073,6.4902,2.6932,1,1.7397,LOST,-1.8,-30.0,-6.611,0.0,FORMATION_FOLLOW|SEPARATION_WARNING|FORMATION_FOLLOW|SEPARATION_WARNING,1,1,22.3,1.354,-0.744,1.336,-4.127,-26.567,-30.005,-33.49,-29.992,-5.065,-3.301,-5.059,-5.255
0.0,0.0,0.0,4.3785,6.9195,6.5105,4.4068,3.9662,6.5333,2.711,1,1.7126,LOST,-1.83,-30.0,-6.642,0.0,FORMATION_FOLLOW|SEPARATION_WARNING|FORMATION_FOLLOW|SEPARATION_WARNING,1,1,22.4,1.38,-0.693,1.362,-4.155,-26.568,-30.003,-33.488,-29.993,-5.065,-3.311,-5.059,-5.247
0.0,0.0,0.0,4.3586,6.9155,6.5566,4.388,4.0237,6.577,2.7323,1,1.6816,LOST,-1.86,-30.0,-6.672,0.0,FORMATION_FOLLOW|FORMATION_RECOVERY|FORMATION_FOLLOW|SEPARATION_WARNING,1,1,22.5,1.406,-0.641,1.387,-4.183,-26.57,-30.002,-33.485,-29.993,-5.065,-3.326,-5.06,-5.235
0.0,0.0,0.0,4.3366,6.9109,6.6037,4.3662,4.0803,6.6215,2.7571,1,1.6465,LOST,-1.89,-30.0,-6.703,0.0,FORMATION_FOLLOW|FORMATION_RECOVERY|FORMATION_FOLLOW|SEPARATION_WARNING,1,1,22.6,1.432,-0.589,1.413,-4.213,-26.571,-30.001,-33.482,-29.994,-5.065,-3.345,-5.06,-5.219
0.0,0.0,0.0,4.3125,6.9058,6.6511,4.3423,4.136,6.6665,2.7844,1,1.608,LOST,-1.92,-30.0,-6.734,0.0,FORMATION_FOLLOW|FORMATION_RECOVERY|FORMATION_FOLLOW|SEPARATION_WARNING,1,1,22.7,1.458,-0.535,1.438,-4.244,-26.573,-30.001,-33.479,-29.995,-5.065,-3.369,-5.06,-5.201
0.0,0.0,0.0,4.287,6.9005,6.6984,4.3168,4.191,6.7119,2.8141,1,1.5667,LOST,-1.95,-30.0,-6.765,0.0,FORMATION_FOLLOW|FORMATION_RECOVERY|FORMATION_FOLLOW|SEPARATION_WARNING,1,1,22.8,1.484,-0.482,1.463,-4.274,-26.576,-30.0,-33.476,-29.995,-5.065,-3.396,-5.06,-5.179
0.0,0.0,0.0,4.2606,6.8949,6.7458,4.2901,4.2459,6.7579,2.8458,1,1.5234,LOST,-1.98,-30.0,-6.796,0.0,FORMATION_FOLLOW|FORMATION_RECOVERY|FORMATION_FOLLOW|SEPARATION_WARNING,1,1,22.9,1.51,-0.428,1.488,-4.305,-26.578,-30.0,-33.473,-29.995,-5.064,-3.426,-5.06,-5.156
0.0,0.0,0.0,4.2339,6.8895,6.7938,4.2626,4.3012,6.8044,2.8795,1,1.4783,LOST,-2.01,-30.0,-6.827,0.0,FORMATION_FOLLOW|FORMATION_RECOVERY|FORMATION_FOLLOW|SEPARATION_WARNING,1,1,23.0,1.536,-0.374,1.513,-4.337,-26.58,-30.0,-33.47,-29.995,-5.064,-3.458,-5.06,-5.131
0.0,0.0,0.0,4.2069,6.8841,6.8421,4.2346,4.3569,6.8509,2.9148,1,1.4319,LOST,-2.04,-30.0,-6.857,0.0,FORMATION_FOLLOW|FORMATION_RECOVERY|FORMATION_FOLLOW|SEPARATION_WARNING,1,1,23.1,1.562,-0.321,1.538,-4.368,-26.582,-30.0,-33.466,-29.995,-5.064,-3.491,-5.06,-5.104
0.0,0.0,0.0,4.1794,6.879,6.8906,4.2065,4.4137,6.8974,2.9514,1,1.4503,LOST,-2.07,-30.0,-6.888,0.0,FORMATION_FOLLOW|FORMATION_RECOVERY|FORMATION_FOLLOW|SEPARATION_WARNING,1,1,23.2,1.588,-0.267,1.563,-4.399,-26.584,-30.0,-33.463,-29.996,-5.063,-3.526,-5.06,-5.076
0.0,0.0,0.0,4.1514,6.8735,6.939,4.1783,4.4717,6.9439,2.989,1,1.4902,LOST,-2.1,-30.0,-6.919,0.0,FORMATION_FOLLOW|FORMATION_RECOVERY|FORMATION_FOLLOW|SEPARATION_WARNING,1,1,23.3,1.613,-0.213,1.587,-4.43,-26.587,-30.0,-33.46,-29.996,-5.063,-3.563,-5.06,-5.048
0.0,0.0,0.0,4.1237,6.8678,6.9875,4.15,4.5305,6.9904,3.0273,1,1.5309,LOST,-2.13,-30.0,-6.95,0.0,FORMATION_FOLLOW|FORMATION_RECOVERY|FORMATION_FOLLOW|SEPARATION_WARNING,1,1,23.4,1.639,-0.159,1.612,-4.461,-26.59,-30.0,-33.458,-29.997,-5.063,-3.6,-5.06,-5.019
0.0,0.0,0.0,4.0963,6.8617,7.0358,4.1218,4.5903,7.0369,3.0663,1,1.5723,LOST,-2.16,-30.0,-6.981,0.0,FORMATION_FOLLOW|FORMATION_RECOVERY|FORMATION_FOLLOW|SEPARATION_WARNING,1,1,23.5,1.666,-0.105,1.637,-4.491,-26.593,-30.0,-33.454,-29.997,-5.063,-3.637,-5.06,-4.989
0.0,0.0,0.0,4.0688,6.8557,7.0837,4.0941,4.6512,7.0836,3.106,1,1.6144,LOST,-2.19,-30.0,-7.012,0.0,FORMATION_FOLLOW|FORMATION_RECOVERY|FORMATION_FOLLOW|SEPARATION_WARNING,1,1,23.6,1.691,-0.051,1.662,-4.521,-26.596,-30.001,-33.452,-29.997,-5.063,-3.675,-5.061,-4.96
0.0,0.0,0.0,4.0416,6.8501,7.1316,4.0671,4.7137,7.1307,3.1465,1,1.6574,LOST,-2.22,-30.0,-7.042,0.0,FORMATION_FOLLOW|FORMATION_RECOVERY|FORMATION_FOLLOW|SEPARATION_WARNING,1,1,23.7,1.717,0.003,1.687,-4.551,-26.599,-30.001,-33.449,-29.998,-5.062,-3.713,-5.061,-4.93
0.0,0.0,0.0,4.0151,6.8448,7.18,4.0404,4.7777,7.1781,3.1878,1,1.7013,LOST,-2.25,-30.0,-7.073,0.0,FORMATION_FOLLOW|FORMATION_RECOVERY|FORMATION_FOLLOW|SEPARATION_WARNING,1,1,23.8,1.742,0.056,1.712,-4.582,-26.601,-30.001,-33.446,-29.998,-5.062,-3.751,-5.061,-4.9
0.0,0.0,0.0,3.989,6.8395,7.2279,4.0142,4.8428,7.2258,3.2295,1,1.7458,LOST,-2.28,-30.0,-7.104,0.0,FORMATION_FOLLOW|FORMATION_RECOVERY|FORMATION_FOLLOW|SEPARATION_WARNING,1,1,23.9,1.768,0.109,1.737,-4.611,-26.604,-30.002,-33.444,-29.998,-5.062,-3.789,-5.061,-4.87
0.0,0.0,0.0,3.9633,6.8346,7.272,3.9889,4.9049,7.2695,3.2675,1,1.7875,LOST,-2.31,-30.0,-7.135,0.0,FORMATION_FOLLOW|FORMATION_RECOVERY|FORMATION_FOLLOW|SEPARATION_WARNING,1,1,24.0,1.793,0.162,1.762,-4.637,-26.607,-30.002,-33.442,-29.998,-5.061,-3.827,-5.061,-4.841
0.0,0.0,0.0,3.9387,6.831,7.312,3.9649,4.963,7.3086,3.301,1,1.8257,LOST,-2.34,-30.0,-7.166,0.0,FORMATION_FOLLOW|FORMATION_RECOVERY|FORMATION_FOLLOW|SEPARATION_WARNING,1,1,24.1,1.818,0.215,1.787,-4.657,-26.609,-30.002,-33.44,-29.999,-5.061,-3.865,-5.061,-4.814
0.0,0.0,0.0,3.9149,6.8283,7.3481,3.9419,5.0177,7.3436,3.3307,1,1.861,LOST,-2.37,-30.0,-7.197,0.0,FORMATION_FOLLOW|FORMATION_RECOVERY|FORMATION_FOLLOW|SEPARATION_WARNING,1,1,24.2,1.843,0.267,1.811,-4.672,-26.611,-30.002,-33.439,-30.0,-5.06,-3.902,-5.062,-4.789
0.0,0.0,0.0,3.8915,6.8254,7.3808,3.9195,5.0695,7.375,3.3572,1,1.8936,LOST,-2.4,-30.0,-7.227,0.0,FORMATION_FOLLOW|FORMATION_RECOVERY|FORMATION_FOLLOW|SEPARATION_WARNING,1,1,24.3,1.867,0.319,1.836,-4.683,-26.612,-30.002,-33.438,-30.001,-5.059,-3.939,-5.062,-4.766
0.0,0.0,0.0,3.8687,6.8229,7.4105,3.8974,5.1195,7.4029,3.3813,1,1.924,LOST,-2.43,-30.0,-7.258,0.0,FORMATION_FOLLOW|FORMATION_RECOVERY|FORMATION_FOLLOW|SEPARATION_WARNING,1,1,24.4,1.892,0.371,1.86,-4.69,-26.614,-30.002,-33.436,-30.003,-5.059,-3.976,-5.062,-4.744
0.0,0.0,0.0,3.8473,6.8213,7.4387,3.8754,5.1684,7.4281,3.4038,1,1.953,LOST,-2.46,-30.0,-7.289,0.0,FORMATION_FOLLOW|FORMATION_RECOVERY|FORMATION_FOLLOW|SEPARATION_WARNING,1,1,24.5,1.916,0.424,1.884,-4.696,-26.614,-30.002,-33.435,-30.005,-5.058,-4.013,-5.061,-4.723
0.0,0.0,0.0,3.8268,6.8208,7.4659,3.8545,5.2166,7.4522,3.4252,1,1.981,LOST,-2.49,-30.0,-7.32,0.0,FORMATION_FOLLOW|FORMATION_RECOVERY|FORMATION_FOLLOW|SEPARATION_WARNING,1,1,24.6,1.941,0.476,1.908,-4.7,-26.614,-30.002,-33.434,-30.007,-5.058,-4.049,-5.061,-4.703
0.0,0.0,0.0,3.808,6.8224,7.4923,3.8351,5.2641,7.4753,3.4457,1,2.0081,LOST,-2.52,-30.0,-7.351,0.0,FORMATION_FOLLOW|FORMATION_RECOVERY|FORMATION_FOLLOW|SEPARATION_WARNING,1,1,24.7,1.966,0.528,1.932,-4.702,-26.613,-30.002,-33.435,-30.009,-5.057,-4.085,-5.061,-4.684
0.0,0.0,0.0,3.7908,6.8259,7.5185,3.8172,5.3111,7.498,3.4658,1,2.0347,LOST,-2.55,-30.0,-7.382,0.0,FORMATION_FOLLOW|FORMATION_RECOVERY|FORMATION_FOLLOW|SEPARATION_WARNING,1,1,24.8,1.991,0.58,1.956,-4.703,-26.611,-30.002,-33.436,-30.012,-5.057,-4.121,-5.061,-4.666
0.0,0.0,0.0,3.7747,6.8304,7.5443,3.8003,5.3577,7.5201,3.4857,1,2.0608,LOST,-2.58,-30.0,-7.412,0.0,FORMATION_FOLLOW|FORMATION_RECOVERY|FORMATION_FOLLOW|SEPARATION_WARNING,1,1,24.9,2.016,0.632,1.98,-4.703,-26.608,-30.002,-33.438,-30.015,-5.057,-4.156,-5.061,-4.648
0.0,0.0,0.0,3.7594,6.835,7.5697,3.7838,5.4046,7.5415,3.5055,1,2.0867,LOST,-2.61,-30.0,-7.443,0.0,FORMATION_FOLLOW|FORMATION_RECOVERY|FORMATION_FOLLOW|SEPARATION_WARNING,1,1,25.0,2.04,0.684,2.004,-4.703,-26.605,-30.002,-33.44,-30.018,-5.057,-4.191,-5.061,-4.631
0.0,0.0,0.0,3.745,6.8397,7.595,3.7676,5.4516,7.5625,3.5255,1,2.1124,LOST,-2.64,-30.0,-7.474,0.0,FORMATION_FOLLOW|FORMATION_RECOVERY|FORMATION_FOLLOW|SEPARATION_WARNING,1,1,25.1,2.065,0.736,2.028,-4.702,-26.602,-30.003,-33.442,-30.021,-5.057,-4.225,-5.061,-4.615
0.0,0.0,0.0,3.7325,6.8464,7.6136,3.7526,5.4918,7.5771,3.5374,1,2.1324,LOST,-2.67,-30.0,-7.505,0.0,FORMATION_FOLLOW|FORMATION_RECOVERY|FORMATION_FOLLOW|FORMATION_RECOVERY,1,1,25.2,2.09,0.787,2.052,-4.694,-26.598,-30.003,-33.444,-30.024,-5.058,-4.259,-5.06,-4.604
0.0,0.0,0.0,3.7216,6.8559,7.6226,3.7396,5.5224,7.5837,3.5385,1,2.1444,LOST,-2.7,-30.0,-7.536,0.0,FORMATION_FOLLOW|FORMATION_RECOVERY|FORMATION_FOLLOW|FORMATION_RECOVERY,1,1,25.3,2.115,0.839,2.077,-4.675,-26.593,-30.004,-33.449,-30.026,-5.058,-4.293,-5.06,-4.6
0.0,0.0,0.0,3.7119,6.8677,7.6237,3.7287,5.5452,7.5834,3.5306,1,2.1498,LOST,-2.73,-30.0,-7.567,0.0,FORMATION_FOLLOW|FORMATION_RECOVERY|FORMATION_FOLLOW|FORMATION_RECOVERY,1,1,25.4,2.14,0.89,2.102,-4.648,-26.587,-30.005,-33.454,-30.027,-5.059,-4.327,-5.059,-4.603
0.0,0.0,0.0,3.7033,6.8817,7.6183,3.7195,5.5619,7.5775,3.5157,1,2.1498,LOST,-2.76,-30.0,-7.597,0.0,FORMATION_FOLLOW|FORMATION_RECOVERY|FORMATION_FOLLOW|FORMATION_RECOVERY,1,1,25.5,2.164,0.942,2.126,-4.614,-26.58,-30.005,-33.461,-30.028,-5.059,-4.361,-5.059,-4.611
0.0,0.0,0.0,3.6948,6.897,7.6073,3.7123,5.5735,7.5673,3.4955,1,2.1454,LOST,-2.79,-30.0,-7.628,0.0,FORMATION_FOLLOW|FORMATION_RECOVERY|FORMATION_FOLLOW|FORMATION_RECOVERY,1,1,25.6,2.189,0.994,2.151,-4.574,-26.573,-30.005,-33.47,-30.028,-5.06,-4.394,-5.058,-4.623
0.0,0.0,0.0,3.6867,6.912,7.5916,3.7056,5.5809,7.5536,3.4714,1,2.1375,LOST,-2.82,-30.0,-7.659,0.0,FORMATION_FOLLOW|FORMATION_RECOVERY|FORMATION_FOLLOW|FORMATION_RECOVERY,1,1,25.7,2.213,1.046,2.176,-4.53,-26.566,-30.006,-33.478,-30.028,-5.06,-4.427,-5.058,-4.639
0.0,0.0,0.0,3.6788,6.926,7.5725,3.699,5.5848,7.5363,3.4448,1,2.1267,LOST,-2.85,-30.0,-7.69,0.0,FORMATION_FOLLOW|FORMATION_RECOVERY|FORMATION_FOLLOW|FORMATION_RECOVERY,1,1,25.8,2.237,1.098,2.201,-4.483,-26.56,-30.006,-33.486,-30.027,-5.061,-4.459,-5.057,-4.657
0.0,0.0,0.0,3.6714,6.9387,7.5512,3.6923,5.5858,7.5162,3.4171,1,2.1138,LOST,-2.88,-30.0,-7.721,0.0,FORMATION_FOLLOW|FORMATION_RECOVERY|FORMATION_FOLLOW|FORMATION_RECOVERY,1,1,25.9,2.262,1.15,2.225,-4.433,-26.555,-30.007,-33.493,-30.027,-5.062,-4.491,-5.058,-4.677
0.0,0.0,0.0,3.664,6.9498,7.528,3.6855,5.5849,7.4939,3.389,1,2.0995,LOST,-2.91,-30.0,-7.751,0.0,FORMATION_FOLLOW|FORMATION_RECOVERY|FORMATION_FOLLOW|FORMATION_RECOVERY,1,1,26.0,2.286,1.201,2.25,-4.381,-26.55,-30.008,-33.5,-30.027,-5.063,-4.521,-5.058,-4.699
0.0,0.0,0.0,3.656,6.9591,7.5034,3.6785,5.5829,7.47,3.3614,1,2.0842,LOST,-2.94,-30.0,-7.782,0.0,FORMATION_FOLLOW|FORMATION_RECOVERY|FORMATION_FOLLOW|FORMATION_RECOVERY,1,1,26.1,2.31,1.253,2.276,-4.328,-26.546,-30.008,-33.505,-30.028,-5.063,-4.551,-5.058,-4.721
0.0,0.0,0.0,3.6489,6.9677,7.4779,3.6711,5.5801,7.4453,3.3348,1,2.0681,LOST,-2.97,-30.0,-7.813,0.0,FORMATION_FOLLOW|FORMATION_RECOVERY|FORMATION_FOLLOW|FORMATION_RECOVERY,1,1,26.2,2.334,1.304,2.301,-4.273,-26.542,-30.009,-33.51,-30.029,-5.064,-4.579,-5.057,-4.744
0.0,0.0,0.0,3.6422,6.9755,7.4517,3.6636,5.5766,7.4196,3.3099,1,2.0515,LOST,-3.0,-30.0,-7.844,0.0,FORMATION_FOLLOW|FORMATION_RECOVERY|FORMATION_FOLLOW|FORMATION_RECOVERY,1,1,26.3,2.358,1.356,2.326,-4.218,-26.538,-30.01,-33.514,-30.029,-5.064,-4.606,-5.057,-4.767
0.0,0.0,0.0,3.6352,6.982,7.4252,3.6562,5.5725,7.3925,3.2868,1,2.0344,LOST,-3.03,-30.0,-7.875,0.0,FORMATION_FOLLOW|FORMATION_RECOVERY|FORMATION_FOLLOW|FORMATION_RECOVERY,1,1,26.4,2.383,1.408,2.351,-4.162,-26.535,-30.01,-33.517,-30.03,-5.064,-4.631,-5.057,-4.79
0.0,0.0,0.0,3.6278,6.987,7.3977,3.6487,5.5682,7.3651,3.2665,1,2.0171,LOST,-3.06,-30.0,-7.906,0.0,FORMATION_FOLLOW|FORMATION_RECOVERY|FORMATION_FOLLOW|FORMATION_RECOVERY,1,1,26.5,2.407,1.46,2.375,-4.106,-26.532,-30.01,-33.519,-30.03,-5.064,-4.655,-5.057,-4.812
0.0,0.0,0.0,3.6203,6.991,7.3701,3.6414,5.564,7.3378,3.2494,1,1.9999,LOST,-3.09,-30.0,-7.936,0.0,FORMATION_FOLLOW|FORMATION_RECOVERY|FORMATION_FOLLOW|FORMATION_RECOVERY,1,1,26.6,2.431,1.511,2.4,-4.05,-26.529,-30.009,-33.52,-30.03,-5.064,-4.678,-5.057,-4.833
0.0,0.0,0.0,3.6128,6.994,7.3423,3.6341,5.5596,7.3105,3.2357,1,1.9828,LOST,-3.12,-30.0,-7.967,0.0,FORMATION_FOLLOW|FORMATION_RECOVERY|FORMATION_RECOVERY|FORMATION_RECOVERY,1,1,26.7,2.455,1.563,2.425,-3.994,-26.527,-30.009,-33.521,-30.03,-5.064,-4.699,-5.057,-4.852
0.0,0.0,0.0,3.6054,6.9958,7.3144,3.6265,5.555,7.2825,3.2251,1,1.9655,LOST,-3.15,-30.0,-7.998,0.0,FORMATION_FOLLOW|FORMATION_RECOVERY|FORMATION_RECOVERY|FORMATION_RECOVERY,1,1,26.8,2.479,1.615,2.45,-3.938,-26.526,-30.009,-33.521,-30.03,-5.064,-4.718,-5.058,-4.871
0.0,0.0,0.0,3.5978,6.9964,7.2865,3.6189,5.5504,7.2544,3.2179,1,1.9483,LOST,-3.18,-30.0,-8.029,0.0,FORMATION_FOLLOW|FORMATION_RECOVERY|FORMATION_RECOVERY|FORMATION_RECOVERY,1,1,26.9,2.504,1.666,2.475,-3.882,-26.525,-30.008,-33.521,-30.03,-5.065,-4.737,-5.058,-4.889
0.0,0.0,0.0,3.5902,6.9966,7.2583,3.6115,5.5459,7.2264,3.2141,1,1.9312,LOST,-3.21,-30.0,-8.06,0.0,FORMATION_FOLLOW|FORMATION_RECOVERY|FORMATION_RECOVERY|FORMATION_RECOVERY,1,1,27.0,2.528,1.718,2.499,-3.826,-26.524,-30.008,-33.521,-30.029,-5.065,-4.754,-5.059,-4.905
0.0,0.0,0.0,3.583,6.9968,7.2305,3.6048,5.5415,7.1991,3.2141,1,1.9143,LOST,-3.24,-30.0,-8.091,0.0,FORMATION_FOLLOW|FORMATION_RECOVERY|FORMATION_RECOVERY|FORMATION_RECOVERY,1,1,27.1,2.553,1.769,2.524,-3.77,-26.524,-30.007,-33.52,-30.028,-5.065,-4.769,-5.059,-4.921
0.0,0.0,0.0,3.5764,6.9971,7.2032,3.5983,5.5369,7.1719,3.2178,1,1.8975,LOST,-3.27,-30.0,-8.121,0.0,FORMATION_FOLLOW|FORMATION_RECOVERY|FORMATION_RECOVERY|FORMATION_RECOVERY,1,1,27.2,2.578,1.82,2.548,-3.714,-26.523,-30.007,-33.52,-30.027,-5.064,-4.783,-5.06,-4.935
0.0,0.0,0.0,3.5704,6.9976,7.1761,3.5921,5.5323,7.1453,3.2252,1,1.881,LOST,-3.3,-30.0,-8.152,0.0,FORMATION_RECOVERY|FORMATION_RECOVERY|FORMATION_RECOVERY|FORMATION_RECOVERY,1,1,27.3,2.603,1.871,2.573,-3.659,-26.522,-30.006,-33.519,-30.025,-5.064,-4.797,-5.06,-4.947
0.0,0.0,0.0,3.5652,6.998,7.1489,3.5858,5.5276,7.1191,3.236,1,1.8645,LOST,-3.33,-30.0,-8.183,0.0,FORMATION_RECOVERY|FORMATION_RECOVERY|FORMATION_RECOVERY|FORMATION_RECOVERY,1,1,27.4,2.628,1.922,2.597,-3.604,-26.521,-30.006,-33.519,-30.023,-5.064,-4.809,-5.06,-4.959
0.0,0.0,0.0,3.5604,6.9987,7.1214,3.58,5.5226,7.0931,3.2503,1,1.8479,LOST,-3.36,-30.0,-8.214,0.0,FORMATION_RECOVERY|FORMATION_RECOVERY|FORMATION_RECOVERY|FORMATION_RECOVERY,1,1,27.5,2.653,1.972,2.622,-3.548,-26.52,-30.006,-33.518,-30.02,-5.064,-4.82,-5.061,-4.969
0.0,0.0,0.0,3.5554,6.9996,7.0938,3.5751,5.5177,7.0677,3.2679,1,1.8313,LOST,-3.39,-30.0,-8.245,0.0,FORMATION_RECOVERY|FORMATION_RECOVERY|FORMATION_RECOVERY|FORMATION_RECOVERY,1,1,27.6,2.678,2.023,2.646,-3.493,-26.518,-30.005,-33.518,-30.017,-5.065,-4.83,-5.061,-4.979
0.0,0.0,0.0,3.55,7.0004,7.0664,3.5711,5.513,7.0429,3.2885,1,1.8151,LOST,-3.42,-30.0,-8.276,0.0,FORMATION_RECOVERY|FORMATION_RECOVERY|FORMATION_RECOVERY|FORMATION_RECOVERY,1,1,27.7,2.702,2.073,2.671,-3.438,-26.517,-30.004,-33.518,-30.014,-5.064,-4.84,-5.061,-4.987
0.0,0.0,0.0,3.5443,7.0006,7.0393,3.5672,5.5089,7.0184,3.3122,1,1.7992,LOST,-3.45,-30.0,-8.306,0.0,FORMATION_RECOVERY|FORMATION_RECOVERY|FORMATION_RECOVERY|FORMATION_RECOVERY,1,1,27.8,2.727,2.124,2.696,-3.383,-26.517,-30.003,-33.517,-30.011,-5.064,-4.849,-5.061,-4.995
0.0,0.0,0.0,3.5391,7.0007,7.0127,3.5633,5.5053,6.9943,3.3389,1,1.7837,LOST,-3.48,-30.0,-8.337,0.0,FORMATION_RECOVERY|FORMATION_RECOVERY|FORMATION_RECOVERY|FORMATION_RECOVERY,1,1,27.9,2.752,2.174,2.721,-3.329,-26.516,-30.001,-33.517,-30.007,-5.064,-4.857,-5.06,-5.002
0.0,0.0,0.0,3.5343,7.0012,6.9865,3.5597,5.5023,6.9709,3.3686,1,1.7686,LOST,-3.51,-30.0,-8.368,0.0,FORMATION_RECOVERY|FORMATION_RECOVERY|FORMATION_RECOVERY|FORMATION_RECOVERY,1,1,28.0,2.777,2.225,2.746,-3.275,-26.515,-30.0,-33.516,-30.004,-5.064,-4.865,-5.06,-5.008
0.0,0.0,0.0,3.5295,7.0022,6.9603,3.557,5.4994,6.9484,3.4011,1,1.7537,LOST,-3.54,-30.0,-8.399,0.0,FORMATION_RECOVERY|FORMATION_RECOVERY|FORMATION_RECOVERY|FORMATION_RECOVERY,1,1,28.1,2.802,2.276,2.771,-3.222,-26.515,-29.999,-33.517,-30.0,-5.065,-4.872,-5.06,-5.013
0.0,0.0,0.0,3.5244,7.0028,6.9338,3.5547,5.4969,6.9264,3.4364,1,1.739,LOST,-3.57,-30.0,-8.43,0.0,FORMATION_RECOVERY|FORMATION_RECOVERY|FORMATION_RECOVERY|FORMATION_RECOVERY,1,1,28.2,2.827,2.326,2.796,-3.169,-26.514,-29.998,-33.517,-29.997,-5.065,-4.879,-5.06,-5.017
0.0,0.0,0.0,3.5198,7.0032,6.9081,3.5523,5.4945,6.9041,3.4745,1,1.7245,LOST,-3.6,-30.0,-8.461,0.0,FORMATION_RECOVERY|FORMATION_RECOVERY|FORMATION_RECOVERY|FORMATION_RECOVERY,1,1,28.3,2.851,2.377,2.821,-3.116,-26.514,-29.997,-33.517,-29.994,-5.065,-4.886,-5.059,-5.02
0.0,0.0,0.0,3.5163,7.0039,6.8827,3.5496,5.4913,6.8819,3.5149,1,1.7098,LOST,-3.63,-30.0,-8.491,0.0,FORMATION_RECOVERY|FORMATION_RECOVERY|FORMATION_RECOVERY|FORMATION_RECOVERY,1,1,28.4,2.876,2.426,2.846,-3.064,-26.513,-29.996,-33.517,-29.991,-5.064,-4.892,-5.06,-5.022
0.0,0.0,0.0,3.5138,7.0049,6.8577,3.5469,5.4868,6.8591,3.5576,1,1.6947,LOST,-3.66,-30.0,-8.522,0.0,FORMATION_RECOVERY|FORMATION_RECOVERY|FORMATION_RECOVERY|FORMATION_RECOVERY,1,1,28.5,2.9,2.475,2.871,-3.011,-26.513,-29.997,-33.517,-29.989,-5.064,-4.897,-5.06,-5.024
0.0,0.0,0.0,3.5119,7.0056,6.8334,3.5439,5.4812,6.8358,3.602,1,1.6794,LOST,-3.69,-30.0,-8.553,0.0,FORMATION_RECOVERY|FORMATION_RECOVERY|FORMATION_RECOVERY|FORMATION_RECOVERY,1,1,28.6,2.925,2.522,2.897,-2.958,-26.512,-29.997,-33.517,-29.989,-5.064,-4.903,-5.06,-5.026
0.0,0.0,0.0,3.5102,7.0064,6.8101,3.5415,5.4745,6.8125,3.6481,1,1.664,LOST,-3.72,-30.0,-8.584,0.0,FORMATION_RECOVERY|FORMATION_RECOVERY|FORMATION_RECOVERY|FORMATION_RECOVERY,1,1,28.7,2.949,2.568,2.922,-2.905,-26.511,-29.997,-33.517,-29.989,-5.063,-4.908,-5.059,-5.028
0.0,0.0,0.0,3.5089,7.0075,6.7874,3.5394,5.4671,6.789,3.696,1,1.6485,LOST,-3.75,-30.0,-8.615,0.0,FORMATION_RECOVERY|FORMATION_RECOVERY|FORMATION_RECOVERY|FORMATION_RECOVERY,1,1,28.8,2.974,2.613,2.948,-2.853,-26.51,-29.997,-33.518,-29.991,-5.063,-4.913,-5.059,-5.029
0.0,0.0,0.0,3.5078,7.0088,6.7651,3.5377,5.4586,6.7655,3.7457,1,1.6329,LOST,-3.78,-30.0,-8.646,0.0,FORMATION_RECOVERY|FORMATION_RECOVERY|FORMATION_RECOVERY|FORMATION_RECOVERY,1,1,28.9,2.999,2.657,2.973,-2.801,-26.509,-29.997,-33.518,-29.992,-5.063,-4.917,-5.059,-5.03
0.0,0.0,0.0,3.5068,7.0099,6.7427,3.5362,5.449,6.7418,3.7969,1,1.6168,LOST,-3.81,-30.0,-8.676,0.0,FORMATION_RECOVERY|FORMATION_RECOVERY|FORMATION_RECOVERY|FORMATION_RECOVERY,1,1,29.0,3.024,2.7,2.998,-2.748,-26.508,-29.997,-33.518,-29.993,-5.062,-4.921,-5.059,-5.031
0.0,0.0,0.0,3.5061,7.0113,6.7206,3.5351,5.4388,6.7184,3.8492,1,1.6007,LOST,-3.84,-30.0,-8.707,0.0,FORMATION_RECOVERY|FORMATION_RECOVERY|FORMATION_RECOVERY|FORMATION_RECOVERY,1,1,29.1,3.049,2.741,3.023,-2.696,-26.507,-29.997,-33.519,-29.994,-5.062,-4.925,-5.058,-5.032
0.0,0.0,0.0,3.506,7.0137,6.699,3.5347,5.4278,6.6952,3.9025,1,1.5845,LOST,-3.87,-30.0,-8.738,0.0,FORMATION_RECOVERY|FORMATION_RECOVERY|FORMATION_RECOVERY|FORMATION_RECOVERY,1,1,29.2,3.073,2.782,3.049,-2.645,-26.506,-29.997,-33.52,-29.996,-5.062,-4.929,-5.058,-5.033
0.0,0.0,0.0,3.5061,7.0165,6.6778,3.5349,5.4158,6.6723,3.9572,1,1.5681,LOST,-3.9,-30.0,-8.769,0.0,FORMATION_RECOVERY|FORMATION_RECOVERY|FORMATION_RECOVERY|FORMATION_RECOVERY,1,1,29.3,3.098,2.822,3.074,-2.593,-26.505,-29.997,-33.521,-29.999,-5.062,-4.932,-5.058,-5.034
0.0,0.0,0.0,3.5062,7.0192,6.6566,3.5352,5.4027,6.65,4.0135,1,1.5516,LOST,-3.93,-30.0,-8.8,0.0,FORMATION_RECOVERY|FORMATION_RECOVERY|FORMATION_RECOVERY|FORMATION_RECOVERY,1,1,29.4,3.123,2.86,3.099,-2.541,-26.503,-29.997,-33.522,-30.0,-5.062,-4.936,-5.058,-5.034
0.0,0.0,0.0,3.5069,7.0218,6.6348,3.5352,5.3893,6.6284,4.0711,1,1.5351,LOST,-3.96,-30.0,-8.831,0.0,FORMATION_RECOVERY|FORMATION_RECOVERY|FORMATION_RECOVERY|FORMATION_RECOVERY,1,1,29.5,3.147,2.898,3.125,-2.49,-26.502,-29.998,-33.524,-30.001,-5.062,-4.939,-5.058,-5.034
0.0,0.0,0.0,3.508,7.0244,6.6127,3.5347,5.3752,6.6069,4.1298,1,1.5183,LOST,-3.99,-30.0,-8.861,0.0,FORMATION_RECOVERY|FORMATION_RECOVERY|FORMATION_RECOVERY|FORMATION_RECOVERY,1,1,29.6,3.171,2.936,3.15,-2.439,-26.5,-29.998,-33.525,-30.001,-5.062,-4.942,-5.058,-5.034
0.0,0.0,0.0,3.5093,7.0272,6.5902,3.5346,5.3597,6.5853,4.1896,1,1.501,LOST,-4.02,-30.0,-8.892,0.0,FORMATION_RECOVERY|FORMATION_RECOVERY|FORMATION_RECOVERY|FORMATION_RECOVERY,1,1,29.7,3.196,2.972,3.174,-2.387,-26.498,-29.999,-33.526,-30.0,-5.062,-4.945,-5.057,-5.034
0.0,0.0,0.0,3.5104,7.0302,6.5674,3.535,5.3432,6.564,4.2504,1,1.4834,LOST,-4.05,-30.0,-8.923,0.0,FORMATION_RECOVERY|FORMATION_RECOVERY|FORMATION_RECOVERY|FORMATION_RECOVERY,1,1,29.8,3.221,3.007,3.199,-2.336,-26.497,-29.999,-33.527,-29.998,-5.062,-4.948,-5.056,-5.034
0.0,0.0,0.0,3.5123,7.0336,6.5449,3.5352,5.3263,6.5425,4.3118,1,1.4656,LOST,-4.08,-30.0,-8.954,0.0,FORMATION_RECOVERY|FORMATION_RECOVERY|FORMATION_RECOVERY|FORMATION_RECOVERY,1,1,29.9,3.245,3.041,3.223,-2.284,-26.495,-30.0,-33.529,-29.997,-5.063,-4.951,-5.056,-5.034
0.0,0.0,0.0,3.5142,7.0375,6.5226,3.5359,5.3089,6.5208,4.3739,1,1.4476,LOST,-4.11,-30.0,-8.985,0.0,FORMATION_RECOVERY|FORMATION_RECOVERY|FORMATION_RECOVERY|FORMATION_RECOVERY,1,1,30.0,3.269,3.075,3.247,-2.233,-26.493,-30.0,-33.53,-29.996,-5.063,-4.954,-5.055,-5.034
0.0,0.0,0.0,3.5158,7.0415,6.5008,3.5372,5.2905,6.4988,4.4373,1,1.4293,LOST,-4.14,-30.0,-9.016,0.0,FORMATION_RECOVERY|FORMATION_RECOVERY|FORMATION_RECOVERY|FORMATION_RECOVERY,1,1,30.1,3.293,3.108,3.271,-2.181,-26.491,-30.0,-33.532,-29.996,-5.063,-4.956,-5.054,-5.034
0.0,0.0,0.0,3.5177,7.0458,6.4796,3.5386,5.2717,6.4765,4.5016,1,1.411,LOST,-4.17,-30.0,-9.046,0.0,FORMATION_RECOVERY|FORMATION_RECOVERY|FORMATION_RECOVERY|FORMATION_RECOVERY,1,1,30.2,3.318,3.141,3.295,-2.13,-26.489,-30.0,-33.534,-29.996,-5.064,-4.959,-5.053,-5.033
0.0,0.0,0.0,3.5202,7.0507,6.4593,3.5402,5.2523,6.4543,4.5665,1,1.3927,LOST,-4.2,-30.0,-9.077,0.0,FORMATION_RECOVERY|FORMATION_RECOVERY|FORMATION_RECOVERY|FORMATION_RECOVERY,1,1,30.3,3.343,3.173,3.319,-2.078,-26.486,-30.0,-33.536,-29.997,-5.064,-4.961,-5.052,-5.033
0.0,0.0,0.0,3.523,7.0564,6.4397,3.5424,5.2324,6.4326,4.632,1,1.3744,LOST,-4.23,-30.0,-9.108,0.0,FORMATION_RECOVERY|FORMATION_RECOVERY|FORMATION_RECOVERY|FORMATION_RECOVERY,1,1,30.4,3.368,3.205,3.344,-2.027,-26.482,-30.0,-33.539,-29.998,-5.065,-4.964,-5.052,-5.033
0.0,0.0,0.0,3.5263,7.0623,6.4198,3.5444,5.2116,6.4113,4.6982,1,1.356,LOST,-4.26,-30.0,-9.139,0.0,FORMATION_RECOVERY|FORMATION_RECOVERY|FORMATION_RECOVERY|FORMATION_RECOVERY,1,1,30.5,3.392,3.235,3.368,-1.976,-26.479,-30.0,-33.541,-29.999,-5.066,-4.967,-5.052,-5.033
0.0,0.0,0.0,3.5294,7.0684,6.3995,3.5468,5.1903,6.3897,4.7651,1,1.3371,LOST,-4.29,-30.0,-9.17,0.0,FORMATION_RECOVERY|FORMATION_RECOVERY|FORMATION_RECOVERY|FORMATION_RECOVERY,1,1,30.6,3.417,3.266,3.393,-1.924,-26.475,-30.0,-33.544,-30.0,-5.066,-4.969,-5.052,-5.033
0.0,0.0,0.0,3.5326,7.0741,6.3787,3.5487,5.1683,6.3681,4.8326,1,1.3179,LOST,-4.32,-30.0,-9.201,0.0,FORMATION_RECOVERY|FORMATION_RECOVERY|FORMATION_RECOVERY|FORMATION_RECOVERY,1,1,30.7,3.442,3.296,3.418,-1.872,-26.472,-30.0,-33.546,-30.0,-5.066,-4.971,-5.052,-5.034
0.0,0.0,0.0,3.5349,7.0792,6.3575,3.5511,5.1468,6.3477,4.9001,1,1.2992,LOST,-4.35,-30.0,-9.231,0.0,FORMATION_RECOVERY|FORMATION_RECOVERY|FORMATION_RECOVERY|FORMATION_RECOVERY,1,1,30.8,3.466,3.326,3.443,-1.821,-26.469,-30.0,-33.548,-30.0,-5.066,-4.974,-5.052,-5.034
0.0,0.0,0.0,3.5359,7.0826,6.3361,3.553,5.125,6.3274,4.9679,1,1.2806,LOST,-4.38,-30.0,-9.262,0.0,FORMATION_RECOVERY|FORMATION_RECOVERY|FORMATION_RECOVERY|FORMATION_RECOVERY,1,1,30.9,3.49,3.355,3.469,-1.769,-26.468,-30.0,-33.55,-30.001,-5.066,-4.976,-5.052,-5.035
0.0,0.0,0.0,3.5357,7.0852,6.3143,3.5554,5.1031,6.3076,5.0361,1,1.2621,LOST,-4.41,-30.0,-9.293,0.0,FORMATION_RECOVERY|FORMATION_RECOVERY|FORMATION_RECOVERY|FORMATION_RECOVERY,1,1,31.0,3.515,3.385,3.494,-1.718,-26.467,-30.0,-33.552,-30.001,-5.066,-4.979,-5.052,-5.037
0.0,0.0,0.0,3.5347,7.0861,6.2923,3.5569,5.0817,6.2878,5.1047,1,1.244,LOST,-4.44,-30.0,-9.324,0.0,FORMATION_RECOVERY|FORMATION_RECOVERY|FORMATION_RECOVERY|FORMATION_RECOVERY,1,1,31.1,3.539,3.414,3.52,-1.668,-26.468,-29.999,-33.554,-30.0,-5.066,-4.981,-5.053,-5.037
0.0,0.0,0.0,3.5345,7.0868,6.2709,3.5575,5.0605,6.2681,5.1736,1,1.2261,LOST,-4.47,-30.0,-9.355,0.0,FORMATION_RECOVERY|FORMATION_RECOVERY|FORMATION_RECOVERY|FORMATION_RECOVERY,1,1,31.2,3.564,3.443,3.546,-1.617,-26.468,-29.999,-33.554,-30.0,-5.065,-4.984,-5.053,-5.039
0.0,0.0,0.0,3.5345,7.0867,6.2499,3.557,5.0394,6.2482,5.2429,1,1.2084,LOST,-4.5,-30.0,-9.386,0.0,FORMATION_RECOVERY|FORMATION_RECOVERY|FORMATION_RECOVERY|FORMATION_RECOVERY,1,1,31.3,3.589,3.472,3.572,-1.567,-26.467,-29.999,-33.554,-30.0,-5.065,-4.986,-5.054,-5.04
0.0,0.0,0.0,3.5345,7.0846,6.2289,3.5546,5.0183,6.2276,5.3126,1,1.1909,LOST,-4.53,-30.0,-9.416,0.0,FORMATION_RECOVERY|FORMATION_RECOVERY|FORMATION_RECOVERY|FORMATION_RECOVERY,1,1,31.4,3.614,3.501,3.598,-1.517,-26.468,-29.999,-33.552,-30.0,-5.065,-4.989,-5.055,-5.041
0.0,0.0,0.0,3.5332,7.0796,6.2073,3.5506,4.9974,6.2061,5.3828,1,1.1734,LOST,-4.56,-30.0,-9.447,0.0,FORMATION_RECOVERY|FORMATION_RECOVERY|FORMATION_RECOVERY|FORMATION_RECOVERY,1,1,31.5,3.639,3.531,3.624,-1.467,-26.469,-30.0,-33.549,-29.999,-5.065,-4.992,-5.056,-5.042
0.0,0.0,0.0,3.5306,7.072,6.185,3.5454,4.9764,6.1841,5.4535,1,1.156,LOST,-4.59,-30.0,-9.478,0.0,FORMATION_RECOVERY|FORMATION_RECOVERY|FORMATION_RECOVERY|FORMATION_RECOVERY,1,1,31.6,3.665,3.56,3.65,-1.417,-26.472,-30.0,-33.544,-29.998,-5.065,-4.994,-5.056,-5.043
0.0,0.0,0.0,3.5267,7.0626,6.162,3.5396,4.955,6.1618,5.5246,1,1.1385,LOST,-4.62,-30.0,-9.509,0.0,FORMATION_RECOVERY|FORMATION_RECOVERY|FORMATION_RECOVERY|FORMATION_RECOVERY,1,1,31.7,3.69,3.588,3.676,-1.367,-26.476,-30.001,-33.539,-29.998,-5.065,-4.996,-5.057,-5.044
0.0,0.0,0.0,3.5218,7.0516,6.1388,3.5334,4.9331,6.1392,5.596,1,1.121,LOST,-4.65,-30.0,-9.54,0.0,FORMATION_RECOVERY|FORMATION_RECOVERY|FORMATION_RECOVERY|FORMATION_RECOVERY,1,1,31.8,3.715,3.616,3.703,-1.317,-26.481,-30.001,-33.533,-29.998,-5.064,-4.998,-5.057,-5.044
0.0,0.0,0.0,3.5163,7.0398,6.1158,3.5268,4.9114,6.1159,5.6678,1,1.1035,LOST,-4.68,-30.0,-9.571,0.0,FORMATION_RECOVERY|FORMATION_RECOVERY|FORMATION_RECOVERY|FORMATION_RECOVERY,1,1,31.9,3.74,3.644,3.729,-1.267,-26.487,-30.001,-33.527,-29.999,-5.064,-5.0,-5.058,-5.045
0.0,0.0,0.0,3.5105,7.0278,6.0929,3.5204,4.8893,6.0918,5.7401,1,1.0857,LOST,-4.71,-30.0,-9.601,0.0,FORMATION_RECOVERY|FORMATION_RECOVERY|FORMATION_RECOVERY|FORMATION_RECOVERY,1,1,32.0,3.765,3.672,3.754,-1.218,-26.493,-30.002,-33.521,-30.0,-5.063,-5.002,-5.058,-5.046
0.0,0.0,0.0,3.5042,7.0154,6.069,3.5141,4.8668,6.0675,5.813,1,1.0675,LOST,-4.74,-30.0,-9.632,0.0,FORMATION_RECOVERY|FORMATION_RECOVERY|FORMATION_RECOVERY|FORMATION_RECOVERY,1,1,32.1,3.789,3.699,3.78,-1.167,-26.499,-30.002,-33.515,-30.002,-5.063,-5.004,-5.058,-5.046
0.0,0.0,0.0,3.4978,7.0035,6.0449,3.5085,4.8442,6.0429,5.8864,1,1.0491,LOST,-4.77,-30.0,-9.663,0.0,FORMATION_RECOVERY|FORMATION_RECOVERY|FORMATION_RECOVERY|FORMATION_RECOVERY,1,1,32.2,3.813,3.727,3.805,-1.117,-26.505,-30.002,-33.509,-30.003,-5.063,-5.006,-5.058,-5.047
0.0,0.0,0.0,3.4918,6.9925,6.0205,3.5032,4.8218,6.0191,5.9602,1,1.0306,LOST,-4.8,-30.0,-9.694,0.0,FORMATION_RECOVERY|FORMATION_RECOVERY|FORMATION_RECOVERY|FORMATION_RECOVERY,1,1,32.3,3.837,3.755,3.83,-1.067,-26.511,-30.002,-33.504,-30.003,-5.062,-5.008,-5.059,-5.047
0.0,0.0,0.0,3.486,6.9823,5.9954,3.4986,4.799,5.9961,6.0342,1,1.012,LOST,-4.83,-30.0,-9.725,0.0,FORMATION_RECOVERY|FORMATION_RECOVERY|FORMATION_RECOVERY|FORMATION_RECOVERY,1,1,32.4,3.861,3.782,3.855,-1.017,-26.517,-30.002,-33.499,-30.003,-5.062,-5.01,-5.059,-5.048
0.0,0.0,0.0,3.4808,6.9727,5.971,3.4941,4.7762,5.9729,6.1086,1,0.9934,LOST,-4.86,-30.0,-9.756,0.0,FORMATION_RECOVERY|FORMATION_RECOVERY|FORMATION_RECOVERY|FORMATION_RECOVERY,1,1,32.5,3.885,3.81,3.879,-0.967,-26.522,-30.001,-33.494,-30.002,-5.062,-5.012,-5.059,-5.048
0.0,0.0,0.0,3.4756,6.9633,5.9463,3.4897,4.7535,5.9502,6.1831,1,0.9747,LOST,-4.89,-30.0,-9.786,0.0,FORMATION_RECOVERY|FORMATION_RECOVERY|FORMATION_RECOVERY|FORMATION_RECOVERY,1,1,32.6,3.908,3.837,3.904,-0.917,-26.526,-30.001,-33.489,-30.001,-5.061,-5.013,-5.059,-5.049
0.0,0.0,0.0,3.4703,6.9545,5.9207,3.4861,4.7307,5.9285,6.2579,1,0.956,LOST,-4.92,-30.0,-9.817,0.0,FORMATION_RECOVERY|FORMATION_RECOVERY|FORMATION_RECOVERY|FORMATION_RECOVERY,1,1,32.7,3.931,3.864,3.928,-0.867,-26.53,-30.0,-33.485,-29.999,-5.061,-5.014,-5.059,-5.049
0.0,0.0,0.0,3.4657,6.9469,5.8956,3.4828,4.7076,5.9069,6.333,1,0.9372,LOST,-4.95,-30.0,-9.848,0.0,FORMATION_RECOVERY|FORMATION_RECOVERY|FORMATION_RECOVERY|FORMATION_RECOVERY,1,1,32.8,3.955,3.89,3.953,-0.817,-26.534,-29.999,-33.481,-29.997,-5.061,-5.016,-5.059,-5.049
0.0,0.0,0.0,3.4619,6.9402,5.8713,3.4798,4.6839,5.8844,6.4086,1,0.9181,LOST,-4.98,-30.0,-9.879,0.0,FORMATION_RECOVERY|FORMATION_RECOVERY|FORMATION_RECOVERY|FORMATION_RECOVERY,1,1,32.9,3.978,3.917,3.977,-0.767,-26.537,-29.999,-33.478,-29.996,-5.061,-5.018,-5.058,-5.049
0.0,0.0,0.0,3.4586,6.9344,5.8477,3.4772,4.6599,5.8613,6.4774,1,0.8987,LOST,-5.008,-30.0,-9.901,0.0,FORMATION_RECOVERY|FORMATION_RECOVERY|FORMATION_RECOVERY|FORMATION_RECOVERY,1,1,33.0,4.001,3.943,4.001,-0.717,-26.54,-29.998,-33.474,-29.996,-5.061,-5.02,-5.058,-5.05
0.0,0.0,0.0,3.456,6.9299,5.825,3.4751,4.6362,5.8383,6.5311,1,0.8794,LOST,-5.034,-30.0,-9.905,0.0,FORMATION_RECOVERY|FORMATION_RECOVERY|FORMATION_RECOVERY|FORMATION_RECOVERY,1,1,33.1,4.024,3.97,4.025,-0.666,-26.542,-29.998,-33.472,-29.997,-5.06,-5.022,-5.058,-5.05
0.0,0.0,0.0,3.4539,6.926,5.8031,3.4732,4.6124,5.815,6.5852,1,0.8601,LOST,-5.06,-30.0,-9.909,0.0,FORMATION_RECOVERY|FORMATION_RECOVERY|FORMATION_RECOVERY|FORMATION_RECOVERY,1,1,33.2,4.047,3.996,4.049,-0.616,-26.544,-29.997,-33.47,-29.998,-5.06,-5.025,-5.058,-5.05
0.0,0.0,0.0,3.4519,6.9224,5.7819,3.4714,4.5887,5.791,6.6399,1,0.8408,LOST,-5.086,-30.0,-9.914,0.0,FORMATION_RECOVERY|FORMATION_RECOVERY|FORMATION_RECOVERY|FORMATION_RECOVERY,1,1,33.3,4.07,4.023,4.073,-0.566,-26.546,-29.997,-33.468,-30.001,-5.059,-5.027,-5.058,-5.05
0.0,0.0,0.0,3.4499,6.9191,5.7614,3.4701,4.565,5.7666,6.695,1,0.8214,LOST,-5.112,-30.0,-9.918,0.0,FORMATION_RECOVERY|FORMATION_RECOVERY|FORMATION_RECOVERY|FORMATION_RECOVERY,1,1,33.4,4.093,4.049,4.096,-0.515,-26.547,-29.997,-33.466,-30.005,-5.059,-5.028,-5.058,-5.05
0.0,0.0,0.0,3.4477,6.9164,5.7411,3.4695,4.5412,5.7423,6.7506,1,0.802,LOST,-5.138,-30.0,-9.922,0.0,FORMATION_RECOVERY|FORMATION_RECOVERY|FORMATION_RECOVERY|FORMATION_RECOVERY,1,1,33.5,4.116,4.076,4.12,-0.465,-26.549,-29.996,-33.465,-30.009,-5.06,-5.03,-5.057,-5.05
0.0,0.0,0.0,3.4458,6.9144,5.721,3.4693,4.5171,5.7177,6.8067,1,0.7824,LOST,-5.164,-30.0,-9.926,0.0,FORMATION_RECOVERY|FORMATION_RECOVERY|FORMATION_RECOVERY|FORMATION_RECOVERY,1,1,33.6,4.139,4.102,4.144,-0.415,-26.55,-29.995,-33.464,-30.013,-5.06,-5.032,-5.057,-5.05
0.0,0.0,0.0,3.4444,6.9133,5.7006,3.4694,4.493,5.694,6.863,1,0.7627,LOST,-5.19,-30.0,-9.93,0.0,FORMATION_RECOVERY|FORMATION_RECOVERY|FORMATION_RECOVERY|FORMATION_RECOVERY,1,1,33.7,4.162,4.129,4.167,-0.364,-26.551,-29.995,-33.464,-30.016,-5.06,-5.034,-5.057,-5.05
0.0,0.0,0.0,3.4435,6.9132,5.6803,3.4701,4.469,5.6706,6.9196,1,0.7431,LOST,-5.216,-30.0,-9.934,0.0,FORMATION_RECOVERY|FORMATION_RECOVERY|FORMATION_RECOVERY|FORMATION_RECOVERY,1,1,33.8,4.185,4.155,4.191,-0.313,-26.551,-29.994,-33.464,-30.019,-5.06,-5.035,-5.057,-5.05
0.0,0.0,0.0,3.4428,6.9138,5.6612,3.4715,4.4451,5.6473,6.9766,1,0.7236,LOST,-5.242,-30.0,-9.938,0.0,FORMATION_RECOVERY|FORMATION_RECOVERY|FORMATION_RECOVERY|FORMATION_RECOVERY,1,1,33.9,4.208,4.182,4.214,-0.263,-26.551,-29.994,-33.465,-30.023,-5.06,-5.036,-5.057,-5.051
0.0,0.0,0.0,3.4423,6.9152,5.6432,3.4732,4.4208,5.6238,7.0338,1,0.7042,LOST,-5.268,-30.0,-9.942,0.0,FORMATION_RECOVERY|FORMATION_RECOVERY|FORMATION_RECOVERY|FORMATION_RECOVERY,1,1,34.0,4.232,4.208,4.238,-0.213,-26.551,-29.993,-33.466,-30.028,-5.06,-5.037,-5.056,-5.051
0.0,0.0,0.0,3.442,6.9168,5.6245,3.475,4.3964,5.6014,7.0914,1,0.6848,LOST,-5.293,-30.0,-9.946,0.0,FORMATION_RECOVERY|FORMATION_RECOVERY|FORMATION_RECOVERY|FORMATION_RECOVERY,1,1,34.1,4.255,4.234,4.261,-0.162,-26.55,-29.992,-33.467,-30.031,-5.06,-5.038,-5.056,-5.051
0.0,0.0,0.0,3.4419,6.9187,5.6058,3.477,4.372,5.5794,7.149,1,0.6655,LOST,-5.319,-30.0,-9.95,0.0,FORMATION_RECOVERY|FORMATION_RECOVERY|FORMATION_RECOVERY|FORMATION_RECOVERY,1,1,34.2,4.279,4.259,4.285,-0.112,-26.549,-29.991,-33.468,-30.034,-5.06,-5.04,-5.055,-5.052
0.0,0.0,0.0,3.4416,6.9208,5.5871,3.4794,4.3474,5.558,7.2069,1,0.6462,LOST,-5.345,-30.0,-9.954,0.0,FORMATION_RECOVERY|FORMATION_RECOVERY|FORMATION_RECOVERY|FORMATION_RECOVERY,1,1,34.3,4.302,4.285,4.309,-0.062,-26.548,-29.99,-33.469,-30.036,-5.06,-5.041,-5.055,-5.052
0.0,0.0,0.0,3.4411,6.9231,5.5676,3.4822,4.3224,5.5371,7.2655,1,0.6267,LOST,-5.371,-30.0,-9.958,0.0,FORMATION_RECOVERY|FORMATION_RECOVERY|FORMATION_RECOVERY|FORMATION_RECOVERY,1,1,34.4,4.326,4.31,4.333,-0.012,-26.548,-29.989,-33.471,-30.038,-5.06,-5.042,-5.055,-5.053
0.0,0.0,0.0,3.441,6.9257,5.5483,3.4848,4.2973,5.517,7.3247,1,0.6073,LOST,-5.397,-30.0,-9.962,0.0,FORMATION_RECOVERY|FORMATION_RECOVERY|FORMATION_RECOVERY|FORMATION_RECOVERY,1,1,34.5,4.35,4.335,4.357,0.038,-26.547,-29.988,-33.472,-30.039,-5.06,-5.043,-5.055,-5.053
0.0,0.0,0.0,3.4413,6.9284,5.5288,3.4872,4.272,5.4978,7.3842,1,0.5881,LOST,-5.423,-30.0,-9.966,0.0,FORMATION_RECOVERY|FORMATION_RECOVERY|FORMATION_RECOVERY|FORMATION_RECOVERY,1,1,34.6,4.374,4.36,4.382,0.089,-26.545,-29.987,-33.474,-30.039,-5.06,-5.043,-5.055,-5.053
0.0,0.0,0.0,3.4415,6.9308,5.5085,3.4894,4.2463,5.4788,7.444,1,0.5685,LOST,-5.449,-30.0,-9.971,0.0,FORMATION_RECOVERY|FORMATION_RECOVERY|FORMATION_RECOVERY|FORMATION_RECOVERY,1,1,34.7,4.397,4.385,4.407,0.139,-26.544,-29.986,-33.475,-30.039,-5.06,-5.044,-5.054,-5.053
0.0,0.0,0.0,3.4417,6.9329,5.4876,3.4913,4.2206,5.46,7.5041,1,0.5489,LOST,-5.475,-30.0,-9.975,0.0,FORMATION_RECOVERY|FORMATION_RECOVERY|FORMATION_RECOVERY|FORMATION_RECOVERY,1,1,34.8,4.42,4.41,4.431,0.19,-26.543,-29.985,-33.476,-30.038,-5.06,-5.045,-5.054,-5.053
0.0,0.0,0.0,3.4424,6.9354,5.4671,3.4931,4.1952,5.4412,7.5646,1,0.5293,LOST,-5.501,-30.0,-9.979,0.0,FORMATION_RECOVERY|FORMATION_RECOVERY|FORMATION_RECOVERY|FORMATION_RECOVERY,1,1,34.9,4.444,4.435,4.456,0.24,-26.542,-29.984,-33.477,-30.037,-5.06,-5.046,-5.054,-5.053
0.0,0.0,0.0,3.4434,6.9382,5.4469,3.4948,4.1704,5.4232,7.6251,1,0.5102,LOST,-5.527,-30.0,-9.983,0.0,FORMATION_RECOVERY|FORMATION_RECOVERY|FORMATION_RECOVERY|FORMATION_RECOVERY,1,1,35.0,4.467,4.46,4.481,0.29,-26.54,-29.984,-33.478,-30.036,-5.061,-5.048,-5.054,-5.053
0.0,0.0,0.0,3.4449,6.9413,5.4271,3.4965,4.1456,5.4058,7.6859,1,0.4912,RECOVERING,-5.553,-30.0,-9.987,0.0,FORMATION_RECOVERY|FORMATION_RECOVERY|FORMATION_RECOVERY|FORMATION_RECOVERY,1,1,35.1,4.491,4.486,4.506,0.34,-26.539,-29.984,-33.48,-30.034,-5.061,-5.049,-5.054,-5.053
0.0,0.0,0.0,3.4466,6.9445,5.4073,3.498,4.1208,5.3884,7.7468,1,0.4721,RECOVERING,-5.579,-30.0,-9.991,0.0,FORMATION_RECOVERY|FORMATION_RECOVERY|FORMATION_RECOVERY|FORMATION_RECOVERY,1,1,35.2,4.515,4.511,4.53,0.39,-26.537,-29.984,-33.482,-30.033,-5.061,-5.05,-5.054,-5.053
0.0,0.0,0.0,3.4478,6.9481,5.3874,3.5003,4.0959,5.371,7.8079,1,0.4529,RECOVERING,-5.605,-30.0,-9.995,0.0,FORMATION_RECOVERY|FORMATION_RECOVERY|FORMATION_RECOVERY|FORMATION_RECOVERY,1,1,35.3,4.539,4.536,4.555,0.44,-26.535,-29.983,-33.483,-30.032,-5.061,-5.05,-5.054,-5.053
0.0,0.0,0.0,3.4491,6.9518,5.3674,3.5028,4.0708,5.3537,7.8695,1,0.4336,RECOVERING,-5.63,-30.0,-9.999,0.0,FORMATION_RECOVERY|FORMATION_RECOVERY|FORMATION_RECOVERY|FORMATION_RECOVERY,1,1,35.4,4.562,4.561,4.58,0.49,-26.534,-29.983,-33.485,-30.03,-5.061,-5.051,-5.054,-5.053
0.0,0.0,0.0,3.4502,6.9552,5.3473,3.505,4.0454,5.3365,7.9318,1,0.4142,RECOVERING,-5.656,-30.0,-10.003,0.0,FORMATION_RECOVERY|FORMATION_RECOVERY|FORMATION_RECOVERY|FORMATION_RECOVERY,1,1,35.5,4.586,4.586,4.604,0.54,-26.532,-29.982,-33.487,-30.028,-5.061,-5.051,-5.053,-5.052
0.0,0.0,0.0,3.4519,6.9589,5.3272,3.5071,4.0196,5.3191,7.9947,1,0.3946,RECOVERING,-5.682,-30.0,-10.007,0.0,FORMATION_RECOVERY|FORMATION_RECOVERY|FORMATION_RECOVERY|FORMATION_RECOVERY,1,1,35.6,4.61,4.61,4.629,0.591,-26.53,-29.982,-33.489,-30.026,-5.061,-5.051,-5.053,-5.052
0.0,0.0,0.0,3.4539,6.9624,5.3068,3.5086,3.994,5.3014,8.0577,1,0.3748,RECOVERING,-5.708,-30.0,-10.011,0.0,FORMATION_RECOVERY|FORMATION_RECOVERY|FORMATION_RECOVERY|FORMATION_RECOVERY,1,1,35.7,4.634,4.636,4.654,0.642,-26.528,-29.982,-33.49,-30.025,-5.062,-5.051,-5.053,-5.051
0.0,0.0,0.0,3.4561,6.9658,5.2865,3.5097,3.9683,5.2837,8.1209,1,0.355,RECOVERING,-5.734,-30.0,-10.015,0.0,FORMATION_RECOVERY|FORMATION_RECOVERY|FORMATION_RECOVERY|FORMATION_RECOVERY,1,1,35.8,4.658,4.661,4.678,0.693,-26.526,-29.982,-33.492,-30.023,-5.062,-5.051,-5.054,-5.051
0.0,0.0,0.0,3.4585,6.9693,5.2669,3.5109,3.9427,5.2663,8.1842,1,0.3355,RECOVERING,-5.76,-30.0,-10.019,0.0,FORMATION_RECOVERY|FORMATION_RECOVERY|FORMATION_RECOVERY|FORMATION_RECOVERY,1,1,35.9,4.682,4.686,4.703,0.743,-26.524,-29.983,-33.494,-30.021,-5.063,-5.05,-5.053,-5.051
0.0,0.0,0.0,3.4608,6.973,5.2473,3.5123,3.9172,5.2496,8.2475,1,0.3161,RECOVERING,-5.786,-30.0,-10.024,0.0,FORMATION_RECOVERY|FORMATION_RECOVERY|FORMATION_RECOVERY|FORMATION_RECOVERY,1,1,36.0,4.706,4.711,4.728,0.794,-26.522,-29.983,-33.495,-30.019,-5.063,-5.05,-5.053,-5.051
0.0,0.0,0.0,3.4627,6.9763,5.2276,3.5136,3.8919,5.2334,8.3107,1,0.297,RECOVERING,-5.812,-30.0,-10.028,0.0,FORMATION_RECOVERY|FORMATION_RECOVERY|FORMATION_RECOVERY|FORMATION_RECOVERY,1,1,36.1,4.73,4.736,4.753,0.844,-26.521,-29.983,-33.497,-30.017,-5.063,-5.05,-5.053,-5.051
0.0,0.0,0.0,3.4646,6.9791,5.2082,3.5145,3.8668,5.2169,8.374,1,0.278,RECOVERING,-5.838,-30.0,-10.032,0.0,FORMATION_RECOVERY|FORMATION_RECOVERY|FORMATION_RECOVERY|FORMATION_RECOVERY,1,1,36.2,4.754,4.761,4.778,0.894,-26.519,-29.983,-33.498,-30.015,-5.063,-5.05,-5.053,-5.051
0.0,0.0,0.0,3.4671,6.9822,5.1886,3.5151,3.8412,5.1999,8.4377,1,0.2585,RECOVERING,-5.864,-30.0,-10.036,0.0,FORMATION_RECOVERY|FORMATION_RECOVERY|FORMATION_RECOVERY|FORMATION_RECOVERY,1,1,36.3,4.778,4.785,4.803,0.944,-26.517,-29.984,-33.499,-30.013,-5.063,-5.049,-5.053,-5.051
0.0,0.0,0.0,3.4692,6.9849,5.1694,3.5156,3.816,5.1826,8.5013,1,0.2392,RECOVERING,-5.89,-30.0,-10.04,0.0,FORMATION_RECOVERY|FORMATION_RECOVERY|FORMATION_RECOVERY|FORMATION_RECOVERY,1,1,36.4,4.802,4.81,4.827,0.994,-26.515,-29.984,-33.5,-30.011,-5.063,-5.049,-5.052,-5.052
0.0,0.0,0.0,3.4712,6.9873,5.1507,3.5162,3.7909,5.165,8.5649,1,0.2201,RECOVERING,-5.916,-30.0,-10.044,0.0,FORMATION_RECOVERY|FORMATION_RECOVERY|FORMATION_RECOVERY|FORMATION_RECOVERY,1,1,36.5,4.827,4.835,4.851,1.044,-26.513,-29.984,-33.5,-30.009,-5.063,-5.049,-5.052,-5.052
0.0,0.0,0.0,3.4731,6.9897,5.1329,3.5166,3.7658,5.1473,8.6284,1,0.2011,RECOVERING,-5.942,-30.0,-10.048,0.0,FORMATION_RECOVERY|FORMATION_RECOVERY|FORMATION_RECOVERY|FORMATION_RECOVERY,1,1,36.6,4.851,4.86,4.875,1.094,-26.511,-29.984,-33.501,-30.008,-5.064,-5.049,-5.052,-5.053
0.0,0.0,0.0,3.475,6.9924,5.1161,3.5175,3.742,5.1304,8.6913,1,0.183,RECOVERING,-5.968,-30.0,-10.052,0.0,FORMATION_RECOVERY|FORMATION_RECOVERY|FORMATION_FOLLOW|FORMATION_RECOVERY,1,1,36.7,4.876,4.884,4.898,1.142,-26.509,-29.984,-33.501,-30.006,-5.064,-5.049,-5.052,-5.053
0.0,0.0,0.0,3.4769,6.9951,5.1,3.5183,3.7189,5.1145,8.7539,1,0.1656,RECOVERING,-5.993,-30.0,-10.056,0.0,FORMATION_FOLLOW|FORMATION_RECOVERY|FORMATION_FOLLOW|FORMATION_RECOVERY,1,1,36.8,4.901,4.909,4.922,1.19,-26.507,-29.984,-33.502,-30.005,-5.064,-5.05,-5.052,-5.053
0.0,0.0,0.0,3.4781,6.9973,5.0841,3.5192,3.6967,5.0994,8.8159,1,0.149,RECOVERING,-6.019,-30.0,-10.06,0.0,FORMATION_FOLLOW|FORMATION_RECOVERY|FORMATION_FOLLOW|FORMATION_RECOVERY,1,1,36.9,4.926,4.934,4.947,1.237,-26.505,-29.983,-33.502,-30.003,-5.064,-5.05,-5.053,-5.054
0.0,0.0,0.0,3.4788,6.9992,5.0688,3.5204,3.6754,5.0851,8.8772,1,0.1329,RECOVERING,-6.045,-30.0,-10.064,0.0,FORMATION_FOLLOW|FORMATION_RECOVERY|FORMATION_FOLLOW|FORMATION_RECOVERY,1,1,37.0,4.951,4.958,4.971,1.283,-26.504,-29.983,-33.503,-30.002,-5.064,-5.051,-5.053,-5.054
0.0,0.0,0.0,3.4795,7.0012,5.0542,3.5216,3.6551,5.0718,8.9376,1,0.1177,RECOVERING,-6.071,-30.0,-10.068,0.0,FORMATION_FOLLOW|FORMATION_RECOVERY|FORMATION_FOLLOW|FORMATION_RECOVERY,1,1,37.1,4.976,4.983,4.995,1.328,-26.502,-29.982,-33.504,-30.0,-5.063,-5.051,-5.053,-5.055
0.0,0.0,0.0,3.4805,7.003,5.0402,3.5225,3.6361,5.0591,8.9972,1,0.1033,OK,-6.097,-30.0,-10.072,0.0,FORMATION_FOLLOW|FORMATION_RECOVERY|FORMATION_FOLLOW|FORMATION_RECOVERY,1,1,37.2,5.0,5.007,5.019,1.371,-26.501,-29.982,-33.504,-29.999,-5.063,-5.051,-5.053,-5.055
0.0,0.0,0.0,3.4818,7.0047,5.0273,3.5229,3.6187,5.0473,9.0558,1,0.0899,OK,-6.123,-30.0,-10.076,0.0,FORMATION_FOLLOW|FORMATION_RECOVERY|FORMATION_FOLLOW|FORMATION_RECOVERY,1,1,37.3,5.025,5.032,5.044,1.414,-26.5,-29.982,-33.505,-29.998,-5.062,-5.051,-5.054,-5.056
0.0,0.0,0.0,3.4835,7.0067,5.0153,3.5232,3.6024,5.0365,9.1141,1,0.0774,OK,-6.149,-30.0,-10.081,0.0,FORMATION_FOLLOW|FORMATION_RECOVERY|FORMATION_FOLLOW|FORMATION_RECOVERY,1,1,37.4,5.049,5.058,5.068,1.455,-26.498,-29.982,-33.505,-29.996,-5.061,-5.052,-5.054,-5.056
0.0,0.0,0.0,3.4849,7.0088,5.0042,3.5239,3.5874,5.0265,9.172,1,0.0658,OK,-6.175,-30.0,-10.085,0.0,FORMATION_FOLLOW|FORMATION_RECOVERY|FORMATION_FOLLOW|FORMATION_RECOVERY,1,1,37.5,5.074,5.083,5.093,1.496,-26.497,-29.982,-33.505,-29.995,-5.061,-5.052,-5.055,-5.056
0.0,0.0,0.0,3.4863,7.0113,4.9942,3.5251,3.5736,5.0176,9.2288,1,0.0551,OK,-6.201,-30.0,-10.089,0.0,FORMATION_FOLLOW|FORMATION_RECOVERY|FORMATION_FOLLOW|FORMATION_RECOVERY,1,1,37.6,5.099,5.109,5.118,1.535,-26.495,-29.981,-33.506,-29.993,-5.06,-5.052,-5.055,-5.056
0.0,0.0,0.0,3.4872,7.0134,4.9849,3.5262,3.5608,5.0095,9.2849,1,0.0453,OK,-6.227,-30.0,-10.093,0.0,FORMATION_FOLLOW|FORMATION_RECOVERY|FORMATION_FOLLOW|FORMATION_RECOVERY,1,1,37.7,5.125,5.134,5.142,1.573,-26.494,-29.981,-33.507,-29.992,-5.06,-5.053,-5.056,-5.056
0.0,0.0,0.0,3.4881,7.0154,4.9763,3.5274,3.5489,5.0021,9.3401,1,0.0363,OK,-6.253,-30.0,-10.097,0.0,FORMATION_FOLLOW|FORMATION_RECOVERY|FORMATION_FOLLOW|FORMATION_RECOVERY,1,1,37.8,5.15,5.159,5.167,1.611,-26.493,-29.981,-33.508,-29.991,-5.059,-5.053,-5.056,-5.056
0.0,0.0,0.0,3.4885,7.0171,4.9681,3.5286,3.5375,4.9951,9.3946,1,0.0278,OK,-6.279,-30.0,-10.101,0.0,FORMATION_FOLLOW|FORMATION_RECOVERY|FORMATION_FOLLOW|FORMATION_RECOVERY,1,1,37.9,5.175,5.184,5.191,1.647,-26.492,-29.98,-33.509,-29.989,-5.058,-5.053,-5.057,-5.056
0.0,0.0,0.0,3.489,7.0185,4.9603,3.5295,3.5269,4.9886,9.4484,1,0.0223,OK,-6.305,-30.0,-10.105,0.0,FORMATION_FOLLOW|FORMATION_RECOVERY|FORMATION_FOLLOW|FORMATION_RECOVERY,1,1,38.0,5.2,5.209,5.216,1.682,-26.491,-29.98,-33.509,-29.988,-5.057,-5.053,-5.057,-5.057
0.0,0.0,0.0,3.4892,7.02,4.9529,3.5308,3.5169,4.9825,9.5018,1,0.0216,OK,-6.33,-30.0,-10.109,0.0,FORMATION_FOLLOW|FORMATION_RECOVERY|FORMATION_FOLLOW|FORMATION_RECOVERY,1,1,38.1,5.225,5.234,5.24,1.717,-26.49,-29.98,-33.51,-29.987,-5.056,-5.053,-5.058,-5.057
0.0,0.0,0.0,3.4897,7.0217,4.9457,3.5321,3.5072,4.9769,9.5548,1,0.0216,OK,-6.356,-30.0,-10.113,0.0,FORMATION_FOLLOW|FORMATION_FOLLOW|FORMATION_FOLLOW|FORMATION_RECOVERY,1,1,38.2,5.249,5.258,5.264,1.751,-26.49,-29.98,-33.512,-29.986,-5.056,-5.054,-5.059,-5.057
0.0,0.0,0.0,3.49,7.0236,4.9389,3.5336,3.4985,4.9721,9.6076,1,0.0222,OK,-6.382,-30.0,-10.117,0.0,FORMATION_FOLLOW|FORMATION_FOLLOW|FORMATION_FOLLOW|FORMATION_RECOVERY,1,1,38.3,5.274,5.283,5.288,1.784,-26.489,-29.979,-33.513,-29.985,-5.055,-5.054,-5.059,-5.057
0.0,0.0,0.0,3.4901,7.025,4.9327,3.535,3.4906,4.9676,9.6598,1,0.023,OK,-6.408,-30.0,-10.121,0.0,FORMATION_FOLLOW|FORMATION_FOLLOW|FORMATION_FOLLOW|FORMATION_RECOVERY,1,1,38.4,5.298,5.308,5.312,1.817,-26.489,-29.979,-33.514,-29.984,-5.055,-5.055,-5.06,-5.056
0.0,0.0,0.0,3.4901,7.0265,4.9273,3.5364,3.4829,4.963,9.7117,1,0.024,OK,-6.434,-30.0,-10.125,0.0,FORMATION_FOLLOW|FORMATION_FOLLOW|FORMATION_FOLLOW|FORMATION_RECOVERY,1,1,38.5,5.323,5.332,5.337,1.85,-26.489,-29.979,-33.515,-29.984,-5.055,-5.055,-5.061,-5.056
0.0,0.0,0.0,3.4904,7.0281,4.9228,3.5377,3.4754,4.9583,9.7631,1,0.0251,OK,-6.46,-30.0,-10.129,0.0,FORMATION_FOLLOW|FORMATION_FOLLOW|FORMATION_FOLLOW|FORMATION_RECOVERY,1,1,38.6,5.348,5.357,5.361,1.882,-26.488,-29.978,-33.516,-29.983,-5.054,-5.056,-5.062,-5.056
0.0,0.0,0.0,3.4906,7.0292,4.9187,3.5387,3.4687,4.9535,9.8141,1,0.026,OK,-6.486,-30.0,-10.134,0.0,FORMATION_FOLLOW|FORMATION_FOLLOW|FORMATION_FOLLOW|FORMATION_FOLLOW,1,1,38.7,5.373,5.382,5.385,1.913,-26.487,-29.978,-33.517,-29.984,-5.054,-5.056,-5.063,-5.057
0.0,0.0,0.0,3.4904,7.0302,4.9149,3.5398,3.4632,4.9492,9.8644,1,0.0303,OK,-6.512,-30.0,-10.138,0.0,FORMATION_FOLLOW|FORMATION_FOLLOW|FORMATION_FOLLOW|FORMATION_FOLLOW,1,1,38.8,5.397,5.407,5.409,1.943,-26.487,-29.977,-33.517,-29.984,-5.053,-5.057,-5.064,-5.057
0.0,0.0,0.0,3.4902,7.031,4.9112,3.5409,3.4581,4.9457,9.9145,1,0.0342,OK,-6.538,-30.0,-10.142,0.0,FORMATION_FOLLOW|FORMATION_FOLLOW|FORMATION_FOLLOW|FORMATION_FOLLOW,1,1,38.9,5.422,5.432,5.434,1.974,-26.487,-29.977,-33.518,-29.984,-5.053,-5.057,-5.065,-5.057
0.0,0.0,0.0,3.4901,7.0321,4.908,3.542,3.4537,4.9428,9.9639,1,0.0377,OK,-6.564,-30.0,-10.146,0.0,FORMATION_FOLLOW|FORMATION_FOLLOW|FORMATION_FOLLOW|FORMATION_FOLLOW,1,1,39.0,5.447,5.457,5.459,2.003,-26.486,-29.976,-33.518,-29.984,-5.053,-5.057,-5.066,-5.058
0.0,0.0,0.0,3.4899,7.0333,4.905,3.5434,3.45,4.9404,10.0131,1,0.0408,OK,-6.59,-30.0,-10.15,0.0,FORMATION_FOLLOW|FORMATION_FOLLOW|FORMATION_FOLLOW|FORMATION_FOLLOW,1,1,39.1,5.471,5.483,5.484,2.033,-26.485,-29.975,-33.519,-29.983,-5.053,-5.057,-5.066,-5.059
0.0,0.0,0.0,3.4899,7.0347,4.9018,3.5448,3.4464,4.9385,10.0623,1,0.0439,OK,-6.616,-30.0,-10.154,0.0,FORMATION_FOLLOW|FORMATION_FOLLOW|FORMATION_FOLLOW|FORMATION_FOLLOW,1,1,39.2,5.496,5.508,5.509,2.062,-26.485,-29.975,-33.519,-29.983,-5.053,-5.058,-5.066,-5.06
0.0,0.0,0.0,3.4899,7.0358,4.8984,3.5459,3.4428,4.9366,10.1116,1,0.047,OK,-6.642,-30.0,-10.158,0.0,FORMATION_FOLLOW|FORMATION_FOLLOW|FORMATION_FOLLOW|FORMATION_FOLLOW,1,1,39.3,5.52,5.534,5.534,2.091,-26.484,-29.974,-33.52,-29.982,-5.054,-5.058,-5.067,-5.06
0.0,0.0,0.0,3.4897,7.0364,4.8949,3.5468,3.4393,4.9346,10.1608,1,0.05,OK,-6.667,-30.0,-10.162,0.0,FORMATION_FOLLOW|FORMATION_FOLLOW|FORMATION_FOLLOW|FORMATION_FOLLOW,1,1,39.4,5.544,5.559,5.559,2.12,-26.484,-29.974,-33.52,-29.982,-5.054,-5.058,-5.067,-5.061
0.0,0.0,0.0,3.4895,7.0371,4.8914,3.5476,3.4362,4.9329,10.2096,1,0.0529,OK,-6.693,-30.0,-10.166,0.0,FORMATION_FOLLOW|FORMATION_FOLLOW|FORMATION_FOLLOW|FORMATION_FOLLOW,1,1,39.5,5.568,5.584,5.584,2.148,-26.484,-29.973,-33.521,-29.981,-5.054,-5.058,-5.067,-5.061
0.0,0.0,0.0,3.4896,7.0381,4.8882,3.5486,3.4341,4.9317,10.258,1,0.0554,OK,-6.719,-30.0,-10.17,0.0,FORMATION_FOLLOW|FORMATION_FOLLOW|FORMATION_FOLLOW|FORMATION_FOLLOW,1,1,39.6,5.592,5.61,5.608,2.176,-26.484,-29.973,-33.522,-29.98,-5.054,-5.058,-5.067,-5.062
0.0,0.0,0.0,3.4896,7.0389,4.8851,3.5493,3.4318,4.93,10.3066,1,0.0579,OK,-6.745,-30.0,-10.174,0.0,FORMATION_FOLLOW|FORMATION_FOLLOW|FORMATION_FOLLOW|FORMATION_FOLLOW,1,1,39.7,5.617,5.636,5.632,2.204,-26.483,-29.973,-33.522,-29.979,-5.054,-5.058,-5.067,-5.062
0.0,0.0,0.0,3.4901,7.0395,4.882,3.5494,3.4292,4.9281,10.3553,1,0.0607,OK,-6.771,-30.0,-10.178,0.0,FORMATION_FOLLOW|FORMATION_FOLLOW|FORMATION_FOLLOW|FORMATION_FOLLOW,1,1,39.8,5.641,5.661,5.656,2.232,-26.483,-29.973,-33.523,-29.978,-5.055,-5.058,-5.068,-5.063
0.0,0.0,0.0,3.4908,7.0401,4.8789,3.5494,3.4265,4.9261,10.4043,1,0.0635,OK,-6.797,-30.0,-10.182,0.0,FORMATION_FOLLOW|FORMATION_FOLLOW|FORMATION_FOLLOW|FORMATION_FOLLOW,1,1,39.9,5.666,5.687,5.68,2.26,-26.483,-29.974,-33.523,-29.977,-5.055,-5.058,-5.068,-5.063
0.0,0.0,0.0,3.4911,7.0406,4.8761,3.5496,3.4238,4.9242,10.4531,1,0.0661,OK,-6.823,-30.0,-10.186,0.0,FORMATION_FOLLOW|FORMATION_FOLLOW|FORMATION_FOLLOW|FORMATION_FOLLOW,1,1,40.0,5.69,5.712,5.703,2.288,-26.483,-29.974,-33.524,-29.976,-5.055,-5.057,-5.067,-5.063
0.0,0.0,0.0,3.4912,7.0409,4.8733,3.5498,3.4211,4.922,10.5019,1,0.0687,OK,-6.849,-30.0,-10.191,0.0,FORMATION_FOLLOW|FORMATION_FOLLOW|FORMATION_FOLLOW|FORMATION_FOLLOW,1,1,40.1,5.715,5.737,5.727,2.316,-26.483,-29.974,-33.524,-29.975,-5.055,-5.057,-5.067,-5.063
0.0,0.0,0.0,3.4914,7.041,4.8705,3.5497,3.4184,4.9199,10.5508,1,0.0714,OK,-6.875,-30.0,-10.195,0.0,FORMATION_FOLLOW|FORMATION_FOLLOW|FORMATION_FOLLOW|FORMATION_FOLLOW,1,1,40.2,5.74,5.763,5.751,2.344,-26.483,-29.974,-33.524,-29.974,-5.055,-5.056,-5.066,-5.064
0.0,0.0,0.0,3.4918,7.0413,4.8678,3.5496,3.4157,4.9175,10.5998,1,0.074,OK,-6.901,-30.0,-10.199,0.0,FORMATION_FOLLOW|FORMATION_FOLLOW|FORMATION_FOLLOW|FORMATION_FOLLOW,1,1,40.3,5.765,5.788,5.774,2.372,-26.483,-29.974,-33.524,-29.973,-5.055,-5.056,-5.066,-5.064
0.0,0.0,0.0,3.4921,7.0419,4.8653,3.5499,3.4131,4.9155,10.6489,1,0.0766,OK,-6.927,-30.0,-10.203,0.0,FORMATION_FOLLOW|FORMATION_FOLLOW|FORMATION_FOLLOW|FORMATION_FOLLOW,1,1,40.4,5.79,5.813,5.798,2.4,-26.483,-29.975,-33.524,-29.973,-5.055,-5.056,-5.065,-5.064
0.0,0.0,0.0,3.4925,7.0427,4.8631,3.5504,3.4104,4.9138,10.6979,1,0.0789,OK,-6.953,-30.0,-10.207,0.0,FORMATION_FOLLOW|FORMATION_FOLLOW|FORMATION_FOLLOW|FORMATION_FOLLOW,1,1,40.5,5.815,5.838,5.822,2.428,-26.482,-29.975,-33.525,-29.972,-5.055,-5.056,-5.064,-5.064
0.0,0.0,0.0,3.4927,7.0439,4.8613,3.5513,3.408,4.9125,10.747,1,0.081,OK,-6.979,-30.0,-10.211,0.0,FORMATION_FOLLOW|FORMATION_FOLLOW|FORMATION_FOLLOW|FORMATION_FOLLOW,1,1,40.6,5.84,5.864,5.846,2.456,-26.482,-29.975,-33.526,-29.972,-5.055,-5.056,-5.063,-5.064
0.0,0.0,0.0,3.4927,7.045,4.8597,3.5524,3.4059,4.9111,10.796,1,0.083,OK,-7.005,-30.0,-10.215,0.0,FORMATION_FOLLOW|FORMATION_FOLLOW|FORMATION_FOLLOW|FORMATION_FOLLOW,1,1,40.7,5.866,5.889,5.871,2.483,-26.482,-29.975,-33.527,-29.971,-5.055,-5.056,-5.063,-5.064
0.0,0.0,0.0,3.4927,7.0459,4.8583,3.5534,3.4039,4.9094,10.8451,1,0.0849,OK,-7.03,-30.0,-10.219,0.0,FORMATION_FOLLOW|FORMATION_FOLLOW|FORMATION_FOLLOW|FORMATION_FOLLOW,1,1,40.8,5.891,5.915,5.895,2.511,-26.482,-29.975,-33.528,-29.972,-5.056,-5.056,-5.062,-5.064
0.0,0.0,0.0,3.493,7.0471,4.8571,3.5542,3.4022,4.908,10.8941,1,0.0865,OK,-7.056,-30.0,-10.223,0.0,FORMATION_FOLLOW|FORMATION_FOLLOW|FORMATION_FOLLOW|FORMATION_FOLLOW,1,1,40.9,5.917,5.941,5.92,2.538,-26.482,-29.975,-33.529,-29.972,-5.057,-5.056,-5.061,-5.064
0.0,0.0,0.0,3.4933,7.0483,4.856,3.5551,3.4002,4.9063,10.9433,1,0.0882,OK,-7.082,-30.0,-10.227,0.0,FORMATION_FOLLOW|FORMATION_FOLLOW|FORMATION_FOLLOW|FORMATION_FOLLOW,1,1,41.0,5.942,5.966,5.945,2.566,-26.482,-29.975,-33.53,-29.972,-5.057,-5.056,-5.061,-5.063
0.0,0.0,0.0,3.494,7.0495,4.8548,3.5556,3.398,4.9047,10.9926,1,0.0899,OK,-7.108,-30.0,-10.231,0.0,FORMATION_FOLLOW|FORMATION_FOLLOW|FORMATION_FOLLOW|FORMATION_FOLLOW,1,1,41.1,5.967,5.992,5.97,2.594,-26.481,-29.975,-33.531,-29.973,-5.058,-5.056,-5.06,-5.063
0.0,0.0,0.0,3.4942,7.0502,4.8533,3.5562,3.3961,4.9036,11.0419,1,0.0915,OK,-7.134,-30.0,-10.235,0.0,FORMATION_FOLLOW|FORMATION_FOLLOW|FORMATION_FOLLOW|FORMATION_FOLLOW,1,1,41.2,5.991,6.017,5.995,2.621,-26.481,-29.975,-33.531,-29.973,-5.058,-5.056,-5.059,-5.062
0.0,0.0,0.0,3.494,7.0504,4.8518,3.5566,3.3949,4.9027,11.0908,1,0.0926,OK,-7.16,-30.0,-10.239,0.0,FORMATION_FOLLOW|FORMATION_FOLLOW|FORMATION_FOLLOW|FORMATION_FOLLOW,1,1,41.3,6.016,6.043,6.021,2.648,-26.482,-29.976,-33.532,-29.974,-5.058,-5.055,-5.058,-5.062
0.0,0.0,0.0,3.4936,7.0502,4.8502,3.5568,3.3942,4.9022,11.1392,1,0.0935,OK,-7.186,-30.0,-10.244,0.0,FORMATION_FOLLOW|FORMATION_FOLLOW|FORMATION_FOLLOW|FORMATION_FOLLOW,1,1,41.4,6.041,6.069,6.047,2.675,-26.483,-29.976,-33.533,-29.975,-5.058,-5.055,-5.057,-5.062
0.0,0.0,0.0,3.4931,7.05,4.8486,3.557,3.3935,4.9015,11.1876,1,0.0945,OK,-7.212,-30.0,-10.248,0.0,FORMATION_FOLLOW|FORMATION_FOLLOW|FORMATION_FOLLOW|FORMATION_FOLLOW,1,1,41.5,6.066,6.095,6.072,2.701,-26.483,-29.976,-33.533,-29.975,-5.058,-5.056,-5.057,-5.062
0.0,0.0,0.0,3.4931,7.0498,4.8471,3.557,3.3929,4.9007,11.2362,1,0.0955,OK,-7.238,-30.0,-10.252,0.0,FORMATION_FOLLOW|FORMATION_FOLLOW|FORMATION_FOLLOW|FORMATION_FOLLOW,1,1,41.6,6.09,6.121,6.097,2.728,-26.484,-29.977,-33.533,-29.975,-5.059,-5.056,-5.057,-5.062
0.0,0.0,0.0,3.4935,7.0501,4.8463,3.5568,3.3924,4.8997,11.2846,1,0.0962,OK,-7.264,-30.0,-10.256,0.0,FORMATION_FOLLOW|FORMATION_FOLLOW|FORMATION_FOLLOW|FORMATION_FOLLOW,1,1,41.7,6.115,6.147,6.123,2.754,-26.483,-29.977,-33.534,-29.975,-5.059,-5.056,-5.057,-5.062
0.0,0.0,0.0,3.4943,7.0509,4.8463,3.5568,3.3925,4.899,11.3328,1,0.0966,OK,-7.29,-30.0,-10.26,0.0,FORMATION_FOLLOW|FORMATION_FOLLOW|FORMATION_FOLLOW|FORMATION_FOLLOW,1,1,41.8,6.14,6.173,6.148,2.78,-26.483,-29.977,-33.534,-29.976,-5.059,-5.056,-5.057,-5.061
0.0,0.0,0.0,3.4947,7.0515,4.8463,3.5571,3.3924,4.898,11.3811,1,0.097,OK,-7.316,-30.0,-10.264,0.0,FORMATION_FOLLOW|FORMATION_FOLLOW|FORMATION_FOLLOW|FORMATION_FOLLOW,1,1,41.9,6.165,6.199,6.173,2.807,-26.482,-29.977,-33.534,-29.976,-5.06,-5.056,-5.058,-5.061
0.0,0.0,0.0,3.495,7.052,4.8464,3.5573,3.3919,4.8968,11.4296,1,0.0976,OK,-7.342,-30.0,-10.268,0.0,FORMATION_FOLLOW|FORMATION_FOLLOW|FORMATION_FOLLOW|FORMATION_FOLLOW,1,1,42.0,6.19,6.225,6.198,2.833,-26.482,-29.977,-33.534,-29.977,-5.06,-5.057,-5.058,-5.061
0.0,0.0,0.0,3.4956,7.0524,4.8464,3.557,3.3913,4.8958,11.4779,1,0.0981,OK,-7.367,-30.0,-10.272,0.0,FORMATION_FOLLOW|FORMATION_FOLLOW|FORMATION_FOLLOW|FORMATION_FOLLOW,1,1,42.1,6.216,6.25,6.223,2.859,-26.482,-29.977,-33.534,-29.977,-5.06,-5.057,-5.058,-5.06
0.0,0.0,0.0,3.4961,7.0522,4.846,3.5564,3.3907,4.8949,11.5262,1,0.0987,OK,-7.393,-30.0,-10.276,0.0,FORMATION_FOLLOW|FORMATION_FOLLOW|FORMATION_FOLLOW|FORMATION_FOLLOW,1,1,42.2,6.241,6.275,6.248,2.885,-26.482,-29.978,-33.534,-29.978,-5.06,-5.058,-5.057,-5.059
0.0,0.0,0.0,3.4964,7.0518,4.8458,3.5557,3.3905,4.8942,11.5743,1,0.0989,OK,-7.419,-30.0,-10.28,0.0,FORMATION_FOLLOW|FORMATION_FOLLOW|FORMATION_FOLLOW|FORMATION_FOLLOW,1,1,42.3,6.266,6.301,6.273,2.91,-26.482,-29.978,-33.534,-29.978,-5.06,-5.058,-5.057,-5.059
0.0,0.0,0.0,3.4968,7.0515,4.846,3.5549,3.3906,4.8935,11.622,1,0.0989,OK,-7.445,-30.0,-10.284,0.0,FORMATION_FOLLOW|FORMATION_FOLLOW|FORMATION_FOLLOW|FORMATION_FOLLOW,1,1,42.4,6.291,6.326,6.298,2.936,-26.482,-29.978,-33.533,-29.978,-5.06,-5.059,-5.057,-5.059
0.0,0.0,0.0,3.4975,7.0516,4.8465,3.5544,3.3909,4.8931,11.6697,1,0.0988,OK,-7.471,-30.0,-10.288,0.0,FORMATION_FOLLOW|FORMATION_FOLLOW|FORMATION_FOLLOW|FORMATION_FOLLOW,1,1,42.5,6.316,6.352,6.324,2.961,-26.481,-29.979,-33.533,-29.979,-5.061,-5.059,-5.058,-5.058
0.0,0.0,0.0,3.4985,7.052,4.8472,3.5537,3.3916,4.8929,11.7171,1,0.0984,OK,-7.497,-30.0,-10.292,0.0,FORMATION_FOLLOW|FORMATION_FOLLOW|FORMATION_FOLLOW|FORMATION_FOLLOW,1,1,42.6,6.341,6.377,6.349,2.986,-26.481,-29.979,-33.533,-29.979,-5.061,-5.06,-5.058,-5.058
0.0,0.0,0.0,3.4993,7.0524,4.848,3.5534,3.3919,4.8927,11.7645,1,0.0981,OK,-7.523,-30.0,-10.296,0.0,FORMATION_FOLLOW|FORMATION_FOLLOW|FORMATION_FOLLOW|FORMATION_FOLLOW,1,1,42.7,6.365,6.403,6.375,3.011,-26.48,-29.979,-33.533,-29.98,-5.061,-5.06,-5.058,-5.058
0.0,0.0,0.0,3.5,7.0532,4.8489,3.5535,3.3921,4.8926,11.8118,1,0.0979,OK,-7.549,-30.0,-10.301,0.0,FORMATION_FOLLOW|FORMATION_FOLLOW|FORMATION_FOLLOW|FORMATION_FOLLOW,1,1,42.8,6.39,6.428,6.401,3.036,-26.479,-29.979,-33.532,-29.981,-5.061,-5.061,-5.058,-5.058
0.0,0.0,0.0,3.5011,7.0543,4.8503,3.5535,3.3926,4.8925,11.859,1,0.0975,OK,-7.575,-30.0,-10.305,0.0,FORMATION_FOLLOW|FORMATION_FOLLOW|FORMATION_FOLLOW|FORMATION_FOLLOW,1,1,42.9,6.414,6.453,6.427,3.06,-26.478,-29.979,-33.532,-29.982,-5.061,-5.061,-5.059,-5.058
0.0,0.0,0.0,3.5024,7.0554,4.8519,3.5534,3.3934,4.8921,11.906,1,0.097,OK,-7.601,-30.0,-10.309,0.0,FORMATION_FOLLOW|FORMATION_FOLLOW|FORMATION_FOLLOW|FORMATION_FOLLOW,1,1,43.0,6.438,6.478,6.452,3.085,-26.477,-29.979,-33.532,-29.983,-5.061,-5.061,-5.059,-5.058
0.0,0.0,0.0,3.5042,7.0567,4.8537,3.5529,3.3943,4.8916,11.953,1,0.0965,OK,-7.627,-30.0,-10.313,0.0,FORMATION_FOLLOW|FORMATION_FOLLOW|FORMATION_FOLLOW|FORMATION_FOLLOW,1,1,43.1,6.462,6.503,6.477,3.109,-26.475,-29.979,-33.532,-29.985,-5.061,-5.06,-5.059,-5.058
0.0,0.0,0.0,3.5062,7.0575,4.8551,3.5516,3.3947,4.8909,12.0002,1,0.0963,OK,-7.653,-30.0,-10.317,0.0,FORMATION_FOLLOW|FORMATION_FOLLOW|FORMATION_FOLLOW|FORMATION_FOLLOW,1,1,43.2,6.487,6.529,6.502,3.134,-26.474,-29.98,-33.532,-29.986,-5.061,-5.06,-5.06,-5.058
0.0,0.0,0.0,3.5082,7.0584,4.8561,3.5505,3.3947,4.8905,12.0477,1,0.0962,OK,-7.679,-30.0,-10.321,0.0,FORMATION_FOLLOW|FORMATION_FOLLOW|FORMATION_FOLLOW|FORMATION_FOLLOW,1,1,43.3,6.511,6.553,6.528,3.159,-26.473,-29.981,-33.532,-29.987,-5.061,-5.06,-5.06,-5.058
0.0,0.0,0.0,3.51,7.0599,4.8565,3.5502,3.3944,4.8909,12.0955,1,0.0964,OK,-7.705,-30.0,-10.325,0.0,FORMATION_FOLLOW|FORMATION_FOLLOW|FORMATION_FOLLOW|FORMATION_FOLLOW,1,1,43.4,6.535,6.578,6.554,3.184,-26.472,-29.982,-33.532,-29.987,-5.061,-5.06,-5.061,-5.058
0.0,0.0,0.0,3.5114,7.0614,4.8573,3.5503,3.3946,4.8916,12.1432,1,0.0962,OK,-7.73,-30.0,-10.329,0.0,FORMATION_FOLLOW|FORMATION_FOLLOW|FORMATION_FOLLOW|FORMATION_FOLLOW,1,1,43.5,6.56,6.603,6.579,3.209,-26.471,-29.983,-33.533,-29.988,-5.061,-5.06,-5.06,-5.057
0.0,0.0,0.0,3.5123,7.0626,4.8582,3.5507,3.3948,4.8922,12.1909,1,0.0959,OK,-7.756,-30.0,-10.333,0.0,FORMATION_FOLLOW|FORMATION_FOLLOW|FORMATION_FOLLOW|FORMATION_FOLLOW,1,1,43.6,6.585,6.628,6.605,3.234,-26.471,-29.983,-33.534,-29.989,-5.06,-5.06,-5.06,-5.057
0.0,0.0,0.0,3.5126,7.0633,4.8587,3.551,3.3945,4.8926,12.239,1,0.0958,OK,-7.782,-30.0,-10.337,0.0,FORMATION_FOLLOW|FORMATION_FOLLOW|FORMATION_FOLLOW|FORMATION_FOLLOW,1,1,43.7,6.61,6.653,6.631,3.259,-26.471,-29.983,-33.534,-29.989,-5.06,-5.059,-5.06,-5.057
0.0,0.0,0.0,3.5127,7.0638,4.8589,3.5514,3.3943,4.8933,12.287,1,0.0957,OK,-7.808,-30.0,-10.341,0.0,FORMATION_FOLLOW|FORMATION_FOLLOW|FORMATION_FOLLOW|FORMATION_FOLLOW,1,1,43.8,6.635,6.678,6.656,3.284,-26.471,-29.984,-33.535,-29.989,-5.06,-5.059,-5.06,-5.056
0.0,0.0,0.0,3.5128,7.0646,4.8594,3.5521,3.3944,4.894,12.3349,1,0.0955,OK,-7.834,-30.0,-10.345,0.0,FORMATION_FOLLOW|FORMATION_FOLLOW|FORMATION_FOLLOW|FORMATION_FOLLOW,1,1,43.9,6.661,6.703,6.682,3.309,-26.472,-29.984,-33.536,-29.99,-5.059,-5.059,-5.06,-5.056
0.0,0.0,0.0,3.513,7.0656,4.8606,3.553,3.3947,4.8946,12.3827,1,0.095,OK,-7.86,-30.0,-10.349,0.0,FORMATION_FOLLOW|FORMATION_FOLLOW|FORMATION_FOLLOW|FORMATION_FOLLOW,1,1,44.0,6.687,6.729,6.707,3.334,-26.471,-29.984,-33.537,-29.991,-5.059,-5.059,-5.06,-5.055
0.0,0.0,0.0,3.5126,7.0665,4.8617,3.5541,3.3943,4.8948,12.4308,1,0.0948,OK,-7.886,-30.0,-10.354,0.0,FORMATION_FOLLOW|FORMATION_FOLLOW|FORMATION_FOLLOW|FORMATION_FOLLOW,1,1,44.1,6.712,6.753,6.733,3.359,-26.471,-29.984,-33.538,-29.992,-5.059,-5.059,-5.06,-5.055
0.0,0.0,0.0,3.5124,7.0676,4.8628,3.5555,3.3937,4.8946,12.4792,1,0.0949,OK,-7.912,-30.0,-10.358,0.0,FORMATION_FOLLOW|FORMATION_FOLLOW|FORMATION_FOLLOW|FORMATION_FOLLOW,1,1,44.2,6.738,6.778,6.759,3.385,-26.471,-29.983,-33.539,-29.993,-5.059,-5.059,-5.06,-5.055
0.0,0.0,0.0,3.5122,7.0687,4.8638,3.5567,3.3926,4.894,12.5279,1,0.0952,OK,-7.938,-30.0,-10.362,0.0,FORMATION_FOLLOW|FORMATION_FOLLOW|FORMATION_FOLLOW|FORMATION_FOLLOW,1,1,44.3,6.763,6.803,6.785,3.411,-26.471,-29.983,-33.539,-29.995,-5.06,-5.059,-5.06,-5.055
0.0,0.0,0.0,3.5122,7.0696,4.8644,3.5577,3.3916,4.8938,12.5766,1,0.0956,OK,-7.964,-30.0,-10.366,0.0,FORMATION_FOLLOW|FORMATION_FOLLOW|FORMATION_FOLLOW|FORMATION_FOLLOW,1,1,44.4,6.789,6.828,6.811,3.437,-26.471,-29.983,-33.54,-29.996,-5.06,-5.059,-5.06,-5.055
0.0,0.0,0.0,3.5119,7.0703,4.8649,3.5586,3.3911,4.8936,12.6252,1,0.0958,OK,-7.99,-30.0,-10.37,0.0,FORMATION_FOLLOW|FORMATION_FOLLOW|FORMATION_FOLLOW|FORMATION_FOLLOW,1,1,44.5,6.815,6.854,6.837,3.463,-26.471,-29.983,-33.541,-29.997,-5.061,-5.06,-5.059,-5.056
0.0,0.0,0.0,3.5119,7.0707,4.8657,3.559,3.3911,4.8934,12.6735,1,0.0957,OK,-8.016,-30.0,-10.374,0.0,FORMATION_FOLLOW|FORMATION_FOLLOW|FORMATION_FOLLOW|FORMATION_FOLLOW,1,1,44.6,6.84,6.879,6.862,3.488,-26.471,-29.983,-33.542,-29.998,-5.061,-5.06,-5.059,-5.056
0.0,0.0,0.0,3.512,7.0711,4.8666,3.5593,3.3916,4.8932,12.7217,1,0.0954,OK,-8.042,-30.0,-10.378,0.0,FORMATION_FOLLOW|FORMATION_FOLLOW|FORMATION_FOLLOW|FORMATION_FOLLOW,1,1,44.7,6.866,6.905,6.888,3.514,-26.472,-29.984,-33.543,-29.999,-5.062,-5.06,-5.059,-5.056
0.0,0.0,0.0,3.5119,7.0712,4.8672,3.5595,3.3916,4.8927,12.7703,1,0.0953,OK,-8.067,-30.0,-10.382,0.0,FORMATION_FOLLOW|FORMATION_FOLLOW|FORMATION_FOLLOW|FORMATION_FOLLOW,1,1,44.8,6.893,6.931,6.914,3.54,-26.472,-29.984,-33.543,-30.0,-5.062,-5.061,-5.059,-5.057
0.0,0.0,0.0,3.5118,7.0711,4.8676,3.5596,3.3912,4.8921,12.819,1,0.0955,OK,-8.093,-30.0,-10.386,0.0,FORMATION_FOLLOW|FORMATION_FOLLOW|FORMATION_FOLLOW|FORMATION_FOLLOW,1,1,44.9,6.919,6.957,6.939,3.566,-26.472,-29.984,-33.543,-30.001,-5.063,-5.062,-5.058,-5.057
0.0,0.0,0.0,3.5113,7.071,4.8676,3.5599,3.3908,4.892,12.8677,1,0.0956,OK,-8.119,-30.0,-10.39,0.0,FORMATION_FOLLOW|FORMATION_FOLLOW|FORMATION_FOLLOW|FORMATION_FOLLOW,1,1,45.0,6.945,6.982,6.965,3.592,-26.472,-29.984,-33.543,-30.001,-5.063,-5.063,-5.058,-5.058
