absent,cur_x,cur_y,cur_z,d_0_1,d_0_2,d_0_3,d_1_2,d_1_3,d_2_3,episodes,form_err,form_err_present,formation_state,max_drift,modes,p1_ok,p2_ok,t,x0,x1,x2,x3,y0,y1,y2,y3,z0,z1,z2,z3
,0.0,0.0,0.0,3.4999,3.4999,4.9496,4.9498,3.5001,3.4999,0,0.0003,0.0003,OK,0.0,FORMATION_FOLLOW|FORMATION_FOLLOW|FORMATION_FOLLOW|FORMATION_FOLLOW,1,1,0.1,-14.25,-14.25,-17.75,-17.75,-32.25,-35.75,-32.25,-35.75,-5.001,-5.0,-5.001,-5.001
,0.0,0.0,0.0,3.5004,3.4999,4.9497,4.95,3.5001,3.4999,0,0.0007,0.0007,OK,0.0,FORMATION_FOLLOW|FORMATION_FOLLOW|FORMATION_FOLLOW|FORMATION_FOLLOW,1,1,0.2,-14.25,-14.25,-17.75,-17.75,-32.25,-35.75,-32.25,-35.75,-5.002,-5.001,-5.002,-5.002
,0.0,0.0,0.0,3.5013,3.4997,4.9499,4.9504,3.5,3.5001,0,0.0012,0.0012,OK,0.0,FORMATION_FOLLOW|FORMATION_FOLLOW|FORMATION_FOLLOW|FORMATION_FOLLOW,1,1,0.3,-14.25,-14.25,-17.749,-17.75,-32.249,-35.751,-32.249,-35.749,-5.003,-5.003,-5.004,-5.004
,0.0,0.0,0.0,3.5027,3.4998,4.9503,4.9513,3.5,3.5004,0,0.002,0.002,OK,0.0,FORMATION_FOLLOW|FORMATION_FOLLOW|FORMATION_FOLLOW|FORMATION_FOLLOW,1,1,0.4,-14.249,-14.249,-17.749,-17.749,-32.248,-35.751,-32.249,-35.749,-5.005,-5.005,-5.006,-5.007
,0.0,0.0,0.0,3.5047,3.4998,4.9507,4.9528,3.5,3.5011,0,0.0033,0.0033,OK,0.0,FORMATION_FOLLOW|FORMATION_FOLLOW|FORMATION_FOLLOW|FORMATION_FOLLOW,1,1,0.5,-14.249,-14.249,-17.749,-17.749,-32.247,-35.752,-32.248,-35.749,-5.007,-5.007,-5.008,-5.009
,0.0,0.0,0.0,3.5067,3.4994,4.9513,4.9542,3.5001,3.5022,0,0.0045,0.0045,OK,0.0,FORMATION_FOLLOW|FORMATION_FOLLOW|FORMATION_FOLLOW|FORMATION_FOLLOW,1,1,0.6,-14.249,-14.248,-17.748,-17.748,-32.246,-35.753,-32.246,-35.749,-5.009,-5.009,-5.009,-5.012
,0.0,0.0,0.0,3.5088,3.4992,4.9524,4.9555,3.5006,3.5033,0,0.0057,0.0057,OK,0.0,FORMATION_FOLLOW|FORMATION_FOLLOW|FORMATION_FOLLOW|FORMATION_FOLLOW,1,1,0.7,-14.248,-14.248,-17.747,-17.748,-32.245,-35.753,-32.245,-35.748,-5.012,-5.011,-5.011,-5.015
,0.0,0.0,0.0,3.5108,3.499,4.9536,4.9569,3.5011,3.5045,0,0.0068,0.0068,OK,0.0,FORMATION_FOLLOW|FORMATION_FOLLOW|FORMATION_FOLLOW|FORMATION_FOLLOW,1,1,0.8,-14.248,-14.247,-17.747,-17.748,-32.243,-35.754,-32.244,-35.748,-5.014,-5.013,-5.013,-5.018
,0.0,0.0,0.0,3.5127,3.4988,4.9542,4.9586,3.5015,3.5058,0,0.008,0.008,OK,0.0,FORMATION_FOLLOW|FORMATION_FOLLOW|FORMATION_FOLLOW|FORMATION_FOLLOW,1,1,0.9,-14.248,-14.246,-17.747,-17.748,-32.242,-35.755,-32.242,-35.748,-5.016,-5.016,-5.015,-5.021
,0.0,0.0,0.0,3.5146,3.4981,4.9544,4.9598,3.5017,3.5065,0,0.0093,0.0093,OK,0.0,FORMATION_FOLLOW|FORMATION_FOLLOW|FORMATION_FOLLOW|FORMATION_FOLLOW,1,1,1.0,-14.248,-14.246,-17.746,-17.748,-32.24,-35.755,-32.241,-35.747,-5.019,-5.018,-5.017,-5.025
,0.0,0.0,0.0,3.5164,3.497,4.9546,4.9605,3.5012,3.5074,0,0.0104,0.0104,OK,0.0,FORMATION_FOLLOW|FORMATION_FOLLOW|FORMATION_FOLLOW|FORMATION_FOLLOW,1,1,1.1,-14.248,-14.246,-17.745,-17.747,-32.239,-35.755,-32.239,-35.747,-5.022,-5.02,-5.019,-5.027
,0.0,0.0,0.0,3.518,3.4963,4.955,4.9607,3.5004,3.5082,0,0.0113,0.0113,OK,0.0,FORMATION_FOLLOW|FORMATION_FOLLOW|FORMATION_FOLLOW|FORMATION_FOLLOW,1,1,1.2,-14.248,-14.246,-17.745,-17.747,-32.237,-35.755,-32.238,-35.746,-5.024,-5.022,-5.021,-5.03
,0.0,0.0,0.0,3.5193,3.4959,4.9559,4.9608,3.4995,3.5096,0,0.0119,0.0119,OK,0.0,FORMATION_FOLLOW|FORMATION_FOLLOW|FORMATION_FOLLOW|FORMATION_FOLLOW,1,1,1.3,-14.248,-14.247,-17.744,-17.747,-32.235,-35.755,-32.236,-35.746,-5.027,-5.024,-5.023,-5.032
,0.0,0.0,0.0,3.5207,3.4955,4.957,4.9606,3.4986,3.5108,0,0.0125,0.0125,OK,0.0,FORMATION_FOLLOW|FORMATION_FOLLOW|FORMATION_FOLLOW|FORMATION_FOLLOW,1,1,1.4,-14.248,-14.248,-17.744,-17.746,-32.234,-35.755,-32.235,-35.746,-5.029,-5.026,-5.026,-5.034
,0.0,0.0,0.0,3.522,3.4953,4.9583,4.9602,3.4977,3.5119,0,0.0131,0.0131,OK,0.0,FORMATION_FOLLOW|FORMATION_FOLLOW|FORMATION_FOLLOW|FORMATION_FOLLOW,1,1,1.5,-14.248,-14.249,-17.743,-17.746,-32.232,-35.754,-32.234,-35.746,-5.031,-5.028,-5.028,-5.035
,0.0,0.0,0.0,3.5231,3.4953,4.9598,4.96,3.4967,3.5135,0,0.0139,0.0139,OK,0.0,FORMATION_FOLLOW|FORMATION_FOLLOW|FORMATION_FOLLOW|FORMATION_FOLLOW,1,1,1.6,-14.247,-14.25,-17.742,-17.746,-32.231,-35.754,-32.233,-35.746,-5.034,-5.03,-5.03,-5.036
,0.0,0.0,0.0,3.5241,3.4953,4.9611,4.9593,3.4953,3.5148,0,0.0146,0.0146,OK,0.0,FORMATION_FOLLOW|FORMATION_FOLLOW|FORMATION_FOLLOW|FORMATION_FOLLOW,1,1,1.7,-14.246,-14.251,-17.742,-17.746,-32.23,-35.754,-32.231,-35.746,-5.036,-5.032,-5.032,-5.038
,0.0,0.0,0.0,3.5247,3.4949,4.9619,4.9582,3.4937,3.5158,0,0.0154,0.0154,OK,0.0,FORMATION_FOLLOW|FORMATION_FOLLOW|FORMATION_FOLLOW|FORMATION_FOLLOW,1,1,1.8,-14.246,-14.252,-17.741,-17.746,-32.229,-35.753,-32.23,-35.746,-5.038,-5.033,-5.034,-5.039
,0.0,0.0,0.0,3.5253,3.4947,4.9626,4.9574,3.4922,3.5168,0,0.0162,0.0162,OK,0.0,FORMATION_FOLLOW|FORMATION_FOLLOW|FORMATION_FOLLOW|FORMATION_FOLLOW,1,1,1.9,-14.245,-14.253,-17.74,-17.745,-32.228,-35.753,-32.229,-35.746,-5.039,-5.035,-5.036,-5.039
,0.0,0.0,0.0,3.5254,3.495,4.9631,4.9567,3.4909,3.5174,0,0.0168,0.0168,OK,0.0,FORMATION_FOLLOW|FORMATION_FOLLOW|FORMATION_FOLLOW|FORMATION_FOLLOW,1,1,2.0,-14.245,-14.254,-17.74,-17.745,-32.227,-35.753,-32.228,-35.745,-5.04,-5.036,-5.038,-5.04
,0.0,0.0,0.0,3.525,3.4957,4.9634,4.9562,3.49,3.5175,0,0.0169,0.0169,OK,0.0,FORMATION_FOLLOW|FORMATION_FOLLOW|FORMATION_FOLLOW|FORMATION_FOLLOW,1,1,2.1,-14.239,-14.25,-17.734,-17.74,-32.227,-35.752,-32.228,-35.745,-5.042,-5.037,-5.039,-5.04
,0.0,0.0,0.0,3.5242,3.4962,4.9632,4.9558,3.4898,3.5173,0,0.0168,0.0168,OK,0.0,FORMATION_FOLLOW|FORMATION_FOLLOW|FORMATION_FOLLOW|FORMATION_FOLLOW,1,1,2.2,-14.226,-14.238,-17.723,-17.728,-32.227,-35.751,-32.227,-35.745,-5.043,-5.039,-5.039,-5.041
,0.0,0.0,0.0,3.5229,3.4966,4.9626,4.9553,3.4896,3.5168,0,0.0165,0.0165,OK,0.0,FORMATION_FOLLOW|FORMATION_FOLLOW|FORMATION_FOLLOW|FORMATION_FOLLOW,1,1,2.3,-14.209,-14.221,-17.705,-17.711,-32.228,-35.751,-32.227,-35.744,-5.044,-5.04,-5.04,-5.041
,0.0,0.0,0.0,3.5216,3.4968,4.9616,4.9549,3.4889,3.5167,0,0.0163,0.0163,OK,0.0,FORMATION_FOLLOW|FORMATION_FOLLOW|FORMATION_FOLLOW|FORMATION_FOLLOW,1,1,2.4,-14.186,-14.199,-17.683,-17.688,-32.229,-35.75,-32.227,-35.744,-5.046,-5.041,-5.041,-5.041
,0.0,0.0,0.0,3.5205,3.4967,4.9604,4.9545,3.4881,3.5165,0,0.0163,0.0163,OK,0.0,FORMATION_FOLLOW|FORMATION_FOLLOW|FORMATION_FOLLOW|FORMATION_FOLLOW,1,1,2.5,-14.161,-14.174,-17.657,-17.662,-32.23,-35.75,-32.227,-35.743,-5.047,-5.042,-5.041,-5.041
,0.0,0.0,0.0,3.519,3.4969,4.9589,4.954,3.4872,3.5158,0,0.0162,0.0162,OK,0.0,FORMATION_FOLLOW|FORMATION_FOLLOW|FORMATION_FOLLOW|FORMATION_FOLLOW,1,1,2.6,-14.132,-14.145,-17.629,-17.633,-32.231,-35.75,-32.227,-35.743,-5.047,-5.043,-5.042,-5.041
,0.0,0.0,0.0,3.5169,3.4972,4.9572,4.9537,3.4865,3.5154,0,0.0159,0.0159,OK,0.0,FORMATION_FOLLOW|FORMATION_FOLLOW|FORMATION_FOLLOW|FORMATION_FOLLOW,1,1,2.7,-14.1,-14.114,-17.598,-17.601,-32.232,-35.749,-32.227,-35.742,-5.048,-5.044,-5.043,-5.041
,0.0,0.0,0.0,3.5153,3.4974,4.9557,4.9537,3.4859,3.5153,0,0.0158,0.0158,OK,0.0,FORMATION_FOLLOW|FORMATION_FOLLOW|FORMATION_FOLLOW|FORMATION_FOLLOW,1,1,2.8,-14.067,-14.081,-17.564,-17.567,-32.233,-35.749,-32.226,-35.742,-5.049,-5.045,-5.043,-5.042
,0.0,0.0,0.0,3.5144,3.4974,4.9543,4.9538,3.4852,3.515,0,0.016,0.016,OK,0.0,FORMATION_FOLLOW|FORMATION_FOLLOW|FORMATION_FOLLOW|FORMATION_FOLLOW,1,1,2.9,-14.033,-14.047,-17.53,-17.532,-32.234,-35.749,-32.226,-35.741,-5.05,-5.046,-5.043,-5.042
,0.0,0.0,0.0,3.5135,3.4972,4.9532,4.9538,3.4849,3.5149,0,0.0158,0.0158,OK,0.0,FORMATION_FOLLOW|FORMATION_FOLLOW|FORMATION_FOLLOW|FORMATION_FOLLOW,1,1,3.0,-13.997,-14.011,-17.495,-17.496,-32.235,-35.748,-32.226,-35.741,-5.05,-5.047,-5.044,-5.043
,0.0,0.0,0.0,3.5125,3.4967,4.9524,4.9537,3.4852,3.5149,0,0.0155,0.0155,OK,0.0,FORMATION_FOLLOW|FORMATION_FOLLOW|FORMATION_FOLLOW|FORMATION_FOLLOW,1,1,3.1,-13.961,-13.975,-17.458,-17.46,-32.235,-35.748,-32.226,-35.74,-5.051,-5.049,-5.044,-5.043
,0.0,0.0,0.0,3.5117,3.496,4.9523,4.9537,3.4862,3.5152,0,0.0151,0.0151,OK,0.0,FORMATION_FOLLOW|FORMATION_FOLLOW|FORMATION_FOLLOW|FORMATION_FOLLOW,1,1,3.2,-13.925,-13.938,-17.421,-17.424,-32.236,-35.747,-32.225,-35.74,-5.051,-5.05,-5.045,-5.044
,0.0,0.0,0.0,3.511,3.4957,4.9525,4.9535,3.487,3.5155,0,0.0147,0.0147,OK,0.0,FORMATION_FOLLOW|FORMATION_FOLLOW|FORMATION_FOLLOW|FORMATION_FOLLOW,1,1,3.3,-13.888,-13.901,-17.384,-17.388,-32.236,-35.747,-32.225,-35.74,-5.051,-5.051,-5.045,-5.045
,0.0,0.0,0.0,3.5108,3.4954,4.9526,4.9534,3.4873,3.5157,0,0.0146,0.0146,OK,0.0,FORMATION_FOLLOW|FORMATION_FOLLOW|FORMATION_FOLLOW|FORMATION_FOLLOW,1,1,3.4,-13.852,-13.864,-17.347,-17.351,-32.236,-35.747,-32.225,-35.741,-5.052,-5.052,-5.045,-5.045
,0.0,0.0,0.0,3.5113,3.4954,4.9532,4.9537,3.4877,3.5159,0,0.0146,0.0146,OK,0.0,FORMATION_FOLLOW|FORMATION_FOLLOW|FORMATION_FOLLOW|FORMATION_FOLLOW,1,1,3.5,-13.815,-13.827,-17.31,-17.314,-32.235,-35.747,-32.225,-35.741,-5.052,-5.053,-5.045,-5.046
,0.0,0.0,0.0,3.5126,3.4954,4.9544,4.9542,3.4884,3.5164,0,0.0146,0.0146,OK,0.0,FORMATION_FOLLOW|FORMATION_FOLLOW|FORMATION_FOLLOW|FORMATION_FOLLOW,1,1,3.6,-13.778,-13.79,-17.274,-17.278,-32.235,-35.747,-32.225,-35.741,-5.052,-5.053,-5.045,-5.046
,0.0,0.0,0.0,3.5143,3.4954,4.956,4.955,3.4892,3.5172,0,0.0147,0.0147,OK,0.0,FORMATION_FOLLOW|FORMATION_FOLLOW|FORMATION_FOLLOW|FORMATION_FOLLOW,1,1,3.7,-13.742,-13.753,-17.238,-17.242,-32.233,-35.748,-32.225,-35.742,-5.053,-5.054,-5.046,-5.047
,0.0,0.0,0.0,3.5159,3.4953,4.9572,4.9559,3.4897,3.5182,0,0.0147,0.0147,OK,0.0,FORMATION_FOLLOW|FORMATION_FOLLOW|FORMATION_FOLLOW|FORMATION_FOLLOW,1,1,3.8,-13.707,-13.717,-17.202,-17.207,-32.233,-35.748,-32.225,-35.743,-5.054,-5.054,-5.046,-5.048
,0.0,0.0,0.0,3.5171,3.4955,4.958,4.9568,3.4901,3.5189,0,0.0145,0.0145,OK,0.0,FORMATION_FOLLOW|FORMATION_FOLLOW|FORMATION_FOLLOW|FORMATION_FOLLOW,1,1,3.9,-13.671,-13.681,-17.167,-17.171,-32.232,-35.749,-32.225,-35.744,-5.054,-5.054,-5.047,-5.048
,0.0,0.0,0.0,3.5179,3.4955,4.9585,4.9572,3.4901,3.5192,0,0.0143,0.0143,OK,0.0,FORMATION_FOLLOW|FORMATION_FOLLOW|FORMATION_FOLLOW|FORMATION_FOLLOW,1,1,4.0,-13.637,-13.645,-17.132,-17.136,-32.231,-35.749,-32.226,-35.745,-5.055,-5.054,-5.047,-5.048
,0.0,0.0,0.0,3.5185,3.4958,4.959,4.9578,3.4907,3.5194,0,0.014,0.014,OK,0.0,FORMATION_FOLLOW|FORMATION_FOLLOW|FORMATION_FOLLOW|FORMATION_FOLLOW,1,1,4.1,-13.602,-13.61,-17.098,-17.101,-32.231,-35.749,-32.226,-35.745,-5.056,-5.053,-5.048,-5.048
,0.0,0.0,0.0,3.5189,3.4963,4.9593,4.959,3.4915,3.5198,0,0.0139,0.0139,OK,0.0,FORMATION_FOLLOW|FORMATION_FOLLOW|FORMATION_FOLLOW|FORMATION_FOLLOW,1,1,4.2,-13.568,-13.576,-17.064,-17.067,-32.231,-35.75,-32.225,-35.745,-5.056,-5.053,-5.048,-5.049
,0.0,0.0,0.0,3.5193,3.4971,4.9595,4.9605,3.4921,3.5205,0,0.0139,0.0139,OK,0.0,FORMATION_FOLLOW|FORMATION_FOLLOW|FORMATION_FOLLOW|FORMATION_FOLLOW,1,1,4.3,-13.535,-13.542,-17.032,-17.034,-32.23,-35.75,-32.225,-35.745,-5.057,-5.053,-5.048,-5.049
,0.0,0.0,0.0,3.5197,3.4976,4.9597,4.9619,3.4922,3.5216,0,0.0144,0.0144,OK,0.0,FORMATION_FOLLOW|FORMATION_FOLLOW|FORMATION_FOLLOW|FORMATION_FOLLOW,1,1,4.4,-13.502,-13.509,-17.0,-17.001,-32.23,-35.75,-32.224,-35.745,-5.057,-5.053,-5.048,-5.05
,0.0,0.0,0.0,3.5205,3.4977,4.9598,4.9635,3.4923,3.5231,0,0.0152,0.0152,OK,0.0,FORMATION_FOLLOW|FORMATION_FOLLOW|FORMATION_FOLLOW|FORMATION_FOLLOW,1,1,4.5,-13.47,-13.476,-16.968,-16.968,-32.229,-35.75,-32.223,-35.746,-5.058,-5.054,-5.048,-5.05
,0.0,0.0,0.0,3.5215,3.4976,4.9599,4.9654,3.4928,3.5246,0,0.016,0.016,OK,0.0,FORMATION_FOLLOW|FORMATION_FOLLOW|FORMATION_FOLLOW|FORMATION_FOLLOW,1,1,4.6,-13.439,-13.443,-16.936,-16.936,-32.229,-35.751,-32.222,-35.746,-5.059,-5.053,-5.049,-5.051
,0.0,0.0,0.0,3.5219,3.4976,4.96,4.9671,3.4935,3.5259,0,0.0167,0.0167,OK,0.0,FORMATION_FOLLOW|FORMATION_FOLLOW|FORMATION_FOLLOW|FORMATION_FOLLOW,1,1,4.7,-13.408,-13.411,-16.905,-16.905,-32.229,-35.751,-32.221,-35.747,-5.059,-5.053,-5.049,-5.051
,0.0,0.0,0.0,3.522,3.4975,4.9602,4.9684,3.4943,3.5273,0,0.0171,0.0171,OK,0.0,FORMATION_FOLLOW|FORMATION_FOLLOW|FORMATION_FOLLOW|FORMATION_FOLLOW,1,1,4.8,-13.377,-13.379,-16.874,-16.873,-32.229,-35.751,-32.22,-35.747,-5.059,-5.053,-5.05,-5.051
,0.0,0.0,0.0,3.5222,3.4971,4.9602,4.9694,3.4945,3.5286,0,0.0176,0.0176,OK,0.0,FORMATION_FOLLOW|FORMATION_FOLLOW|FORMATION_FOLLOW|FORMATION_FOLLOW,1,1,4.9,-13.346,-13.347,-16.844,-16.842,-32.228,-35.75,-32.219,-35.747,-5.06,-5.053,-5.05,-5.05
,0.0,0.0,0.0,3.5221,3.497,4.9602,4.9698,3.4945,3.5294,0,0.0179,0.0179,OK,0.0,FORMATION_FOLLOW|FORMATION_FOLLOW|FORMATION_FOLLOW|FORMATION_FOLLOW,1,1,5.0,-13.316,-13.316,-16.813,-16.811,-32.228,-35.75,-32.218,-35.748,-5.06,-5.053,-5.051,-5.05
,0.0,0.0,0.0,3.5225,3.4974,4.9608,4.9702,3.4945,3.53,0,0.0181,0.0181,OK,0.0,FORMATION_FOLLOW|FORMATION_FOLLOW|FORMATION_FOLLOW|FORMATION_FOLLOW,1,1,5.1,-13.285,-13.286,-16.782,-16.78,-32.227,-35.749,-32.217,-35.747,-5.061,-5.053,-5.051,-5.049
,0.0,0.0,0.0,3.523,3.4979,4.9615,4.9706,3.4947,3.5304,0,0.018,0.018,OK,0.0,FORMATION_FOLLOW|FORMATION_FOLLOW|FORMATION_FOLLOW|FORMATION_FOLLOW,1,1,5.2,-13.255,-13.255,-16.752,-16.75,-32.226,-35.749,-32.217,-35.747,-5.061,-5.052,-5.051,-5.049
,0.0,0.0,0.0,3.5235,3.4984,4.9625,4.971,3.4952,3.5309,0,0.0178,0.0178,OK,0.0,FORMATION_FOLLOW|FORMATION_FOLLOW|FORMATION_FOLLOW|FORMATION_FOLLOW,1,1,5.3,-13.224,-13.224,-16.723,-16.72,-32.225,-35.749,-32.217,-35.748,-5.061,-5.052,-5.052,-5.049
,0.0,0.0,0.0,3.5242,3.4989,4.9635,4.9715,3.4958,3.5311,0,0.0176,0.0176,OK,0.0,FORMATION_FOLLOW|FORMATION_FOLLOW|FORMATION_FOLLOW|FORMATION_FOLLOW,1,1,5.4,-13.194,-13.194,-16.693,-16.689,-32.224,-35.749,-32.217,-35.748,-5.061,-5.052,-5.052,-5.049
,0.0,0.0,0.0,3.5249,3.4988,4.9636,4.9717,3.496,3.5308,0,0.0175,0.0175,OK,0.0,FORMATION_FOLLOW|FORMATION_FOLLOW|FORMATION_FOLLOW|FORMATION_FOLLOW,1,1,5.5,-13.164,-13.163,-16.662,-16.659,-32.224,-35.749,-32.217,-35.748,-5.061,-5.052,-5.052,-5.049
,0.0,0.0,0.0,3.525,3.4984,4.9633,4.9718,3.4965,3.5303,0,0.0173,0.0173,OK,0.0,FORMATION_FOLLOW|FORMATION_FOLLOW|FORMATION_FOLLOW|FORMATION_FOLLOW,1,1,5.6,-13.134,-13.133,-16.632,-16.63,-32.224,-35.749,-32.217,-35.747,-5.061,-5.053,-5.052,-5.049
,0.0,0.0,0.0,3.5249,3.4979,4.9633,4.9716,3.4975,3.5296,0,0.017,0.017,OK,0.0,FORMATION_FOLLOW|FORMATION_FOLLOW|FORMATION_FOLLOW|FORMATION_FOLLOW,1,1,5.7,-13.104,-13.103,-16.602,-16.6,-32.224,-35.749,-32.217,-35.747,-5.06,-5.053,-5.053,-5.049
,0.0,0.0,0.0,3.5249,3.4977,4.9632,4.9713,3.4983,3.5284,0,0.0164,0.0164,OK,0.0,FORMATION_FOLLOW|FORMATION_FOLLOW|FORMATION_FOLLOW|FORMATION_FOLLOW,1,1,5.8,-13.074,-13.073,-16.572,-16.571,-32.224,-35.748,-32.217,-35.746,-5.06,-5.053,-5.053,-5.049
,0.0,0.0,0.0,3.5245,3.4972,4.9627,4.9706,3.4989,3.5271,0,0.0159,0.0159,OK,0.0,FORMATION_FOLLOW|FORMATION_FOLLOW|FORMATION_FOLLOW|FORMATION_FOLLOW,1,1,5.9,-13.045,-13.043,-16.542,-16.542,-32.223,-35.748,-32.218,-35.745,-5.06,-5.053,-5.054,-5.049
,0.0,0.0,0.0,3.5235,3.496,4.9617,4.9697,3.4995,3.526,0,0.0154,0.0154,OK,0.0,FORMATION_FOLLOW|FORMATION_FOLLOW|FORMATION_FOLLOW|FORMATION_FOLLOW,1,1,6.0,-13.015,-13.013,-16.511,-16.512,-32.224,-35.747,-32.218,-35.744,-5.06,-5.053,-5.054,-5.049
,0.0,0.0,0.0,3.5225,3.4944,4.9604,4.9688,3.4998,3.5252,0,0.0152,0.0152,OK,0.0,FORMATION_FOLLOW|FORMATION_FOLLOW|FORMATION_FOLLOW|FORMATION_FOLLOW,1,1,6.1,-12.987,-12.983,-16.481,-16.483,-32.223,-35.746,-32.217,-35.742,-5.06,-5.053,-5.054,-5.049
,0.0,0.0,0.0,3.5216,3.4921,4.9587,4.9682,3.4999,3.5251,0,0.0154,0.0154,OK,0.0,FORMATION_FOLLOW|FORMATION_FOLLOW|FORMATION_FOLLOW|FORMATION_FOLLOW,1,1,6.2,-12.959,-12.953,-16.451,-16.453,-32.223,-35.745,-32.217,-35.742,-5.061,-5.054,-5.055,-5.049
,0.0,0.0,0.0,3.5211,3.4893,4.9571,4.9678,3.5,3.5254,0,0.0159,0.0159,OK,0.0,FORMATION_FOLLOW|FORMATION_FOLLOW|FORMATION_FOLLOW|FORMATION_FOLLOW,1,1,6.3,-12.931,-12.923,-16.42,-16.423,-32.223,-35.745,-32.216,-35.741,-5.061,-5.054,-5.055,-5.049
,0.0,0.0,0.0,3.5213,3.4868,4.9563,4.9675,3.5001,3.5261,0,0.0165,0.0165,OK,0.0,FORMATION_FOLLOW|FORMATION_FOLLOW|FORMATION_FOLLOW|FORMATION_FOLLOW,1,1,6.4,-12.903,-12.893,-16.389,-16.393,-32.223,-35.744,-32.215,-35.741,-5.061,-5.055,-5.055,-5.049
,0.0,0.0,0.0,3.5217,3.4847,4.9556,4.9676,3.5,3.5269,0,0.0172,0.0172,OK,0.0,FORMATION_FOLLOW|FORMATION_FOLLOW|FORMATION_FOLLOW|FORMATION_FOLLOW,1,1,6.5,-12.874,-12.864,-16.359,-16.364,-32.223,-35.744,-32.215,-35.742,-5.062,-5.055,-5.055,-5.049
,0.0,0.0,0.0,3.5222,3.4828,4.9552,4.9676,3.5002,3.5275,0,0.0176,0.0176,OK,0.0,FORMATION_FOLLOW|FORMATION_FOLLOW|FORMATION_FOLLOW|FORMATION_FOLLOW,1,1,6.6,-12.846,-12.834,-16.329,-16.334,-32.222,-35.744,-32.214,-35.742,-5.062,-5.054,-5.056,-5.049
,0.0,0.0,0.0,3.5234,3.4809,4.955,4.9674,3.5005,3.5274,0,0.0179,0.0179,OK,0.0,FORMATION_FOLLOW|FORMATION_FOLLOW|FORMATION_FOLLOW|FORMATION_FOLLOW,1,1,6.7,-12.818,-12.804,-16.299,-16.305,-32.221,-35.745,-32.214,-35.742,-5.062,-5.054,-5.056,-5.049
,0.0,0.0,0.0,3.5245,3.4793,4.9548,4.9672,3.501,3.5269,0,0.0179,0.0179,OK,0.0,FORMATION_FOLLOW|FORMATION_FOLLOW|FORMATION_FOLLOW|FORMATION_FOLLOW,1,1,6.8,-12.789,-12.774,-16.269,-16.275,-32.221,-35.745,-32.215,-35.742,-5.062,-5.054,-5.057,-5.049
,0.0,0.0,0.0,3.5252,3.4777,4.9545,4.9669,3.5013,3.5267,0,0.0182,0.0182,OK,0.0,FORMATION_FOLLOW|FORMATION_FOLLOW|FORMATION_FOLLOW|FORMATION_FOLLOW,1,1,6.9,-12.761,-12.745,-16.238,-16.246,-32.22,-35.745,-32.215,-35.742,-5.062,-5.054,-5.057,-5.049
,0.0,0.0,0.0,3.5257,3.4759,4.954,4.9665,3.5013,3.5267,0,0.0192,0.0192,OK,0.0,FORMATION_FOLLOW|FORMATION_FOLLOW|FORMATION_FOLLOW|FORMATION_FOLLOW,1,1,7.0,-12.732,-12.715,-16.208,-16.216,-32.22,-35.745,-32.215,-35.742,-5.062,-5.053,-5.058,-5.048
,0.0,0.0,0.0,3.5261,3.4741,4.9533,4.9666,3.5014,3.5271,0,0.0202,0.0202,OK,0.0,FORMATION_FOLLOW|FORMATION_FOLLOW|FORMATION_FOLLOW|FORMATION_FOLLOW,1,1,7.1,-12.704,-12.685,-16.178,-16.187,-32.219,-35.745,-32.214,-35.742,-5.062,-5.053,-5.058,-5.048
,0.0,0.0,0.0,3.5264,3.4727,4.9527,4.9669,3.5014,3.5278,0,0.0208,0.0208,OK,0.0,FORMATION_FOLLOW|FORMATION_FOLLOW|FORMATION_FOLLOW|FORMATION_FOLLOW,1,1,7.2,-12.676,-12.656,-16.148,-16.157,-32.219,-35.745,-32.214,-35.742,-5.062,-5.052,-5.058,-5.048
,0.0,0.0,0.0,3.527,3.4715,4.9524,4.9669,3.501,3.5284,0,0.0213,0.0213,OK,0.0,FORMATION_FOLLOW|FORMATION_FOLLOW|FORMATION_FOLLOW|FORMATION_FOLLOW,1,1,7.3,-12.647,-12.627,-16.118,-16.127,-32.219,-35.746,-32.213,-35.742,-5.061,-5.052,-5.059,-5.049
,0.0,0.0,0.0,3.5273,3.4712,4.9523,4.9661,3.4998,3.5284,0,0.0213,0.0213,OK,0.0,FORMATION_FOLLOW|FORMATION_FOLLOW|FORMATION_FOLLOW|FORMATION_FOLLOW,1,1,7.4,-12.617,-12.598,-16.089,-16.098,-32.218,-35.746,-32.213,-35.742,-5.061,-5.051,-5.059,-5.049
,0.0,0.0,0.0,3.5272,3.4713,4.952,4.9647,3.498,3.5277,0,0.0208,0.0208,OK,0.0,FORMATION_FOLLOW|FORMATION_FOLLOW|FORMATION_FOLLOW|FORMATION_FOLLOW,1,1,7.5,-12.588,-12.57,-16.059,-16.068,-32.218,-35.745,-32.213,-35.741,-5.061,-5.051,-5.059,-5.049
,0.0,0.0,0.0,3.5266,3.4715,4.9512,4.9628,3.4959,3.5265,0,0.0203,0.0203,OK,0.0,FORMATION_FOLLOW|FORMATION_FOLLOW|FORMATION_FOLLOW|FORMATION_FOLLOW,1,1,7.6,-12.558,-12.542,-16.029,-16.038,-32.218,-35.745,-32.214,-35.74,-5.061,-5.05,-5.059,-5.049
,0.0,0.0,0.0,3.5256,3.4718,4.9504,4.9608,3.4938,3.5251,0,0.0198,0.0198,OK,0.0,FORMATION_FOLLOW|FORMATION_FOLLOW|FORMATION_FOLLOW|FORMATION_FOLLOW,1,1,7.7,-12.528,-12.514,-16.0,-16.008,-32.218,-35.744,-32.214,-35.739,-5.06,-5.05,-5.059,-5.049
,0.0,0.0,0.0,3.5244,3.4716,4.9495,4.9584,3.4915,3.5241,0,0.0195,0.0195,OK,0.0,FORMATION_FOLLOW|FORMATION_FOLLOW|FORMATION_FOLLOW|FORMATION_FOLLOW,1,1,7.8,-12.498,-12.486,-15.97,-15.977,-32.218,-35.743,-32.215,-35.739,-5.059,-5.05,-5.059,-5.05
,0.0,0.0,0.0,3.5231,3.471,4.9484,4.9557,3.4892,3.5228,0,0.0194,0.0194,OK,0.0,FORMATION_FOLLOW|FORMATION_FOLLOW|FORMATION_FOLLOW|FORMATION_FOLLOW,1,1,7.9,-12.468,-12.458,-15.939,-15.947,-32.218,-35.742,-32.215,-35.738,-5.059,-5.05,-5.058,-5.05
,0.0,0.0,0.0,3.5218,3.4702,4.9469,4.9531,3.4869,3.5215,0,0.0193,0.0193,OK,0.0,FORMATION_FOLLOW|FORMATION_FOLLOW|FORMATION_FOLLOW|FORMATION_FOLLOW,1,1,8.0,-12.439,-12.429,-15.909,-15.916,-32.218,-35.74,-32.216,-35.737,-5.058,-5.05,-5.058,-5.05
,0.0,0.0,0.0,3.5208,3.4695,4.9457,4.9507,3.4849,3.5202,0,0.0191,0.0191,OK,0.0,FORMATION_FOLLOW|FORMATION_FOLLOW|FORMATION_FOLLOW|FORMATION_FOLLOW,1,1,8.1,-12.41,-12.401,-15.879,-15.886,-32.218,-35.739,-32.216,-35.736,-5.058,-5.05,-5.058,-5.05
,0.0,0.0,0.0,3.5201,3.471,4.9448,4.9501,3.4833,3.519,0,0.0182,0.0182,OK,0.0,FORMATION_FOLLOW|FORMATION_FOLLOW|FORMATION_FOLLOW|FORMATION_FOLLOW,1,1,8.2,-12.38,-12.372,-15.851,-15.856,-32.218,-35.738,-32.217,-35.735,-5.058,-5.05,-5.058,-5.05
,0.0,0.0,0.0,3.5197,3.4753,4.9442,4.9517,3.4817,3.518,0,0.0171,0.0171,OK,0.0,FORMATION_FOLLOW|FORMATION_FOLLOW|FORMATION_FOLLOW|FORMATION_FOLLOW,1,1,8.3,-12.35,-12.344,-15.826,-15.825,-32.218,-35.738,-32.217,-35.735,-5.058,-5.051,-5.057,-5.051
,0.0,0.0,0.0,3.5193,3.4819,4.9433,4.9556,3.4806,3.5173,0,0.0157,0.0157,OK,0.0,FORMATION_FOLLOW|FORMATION_FOLLOW|FORMATION_FOLLOW|FORMATION_FOLLOW,1,1,8.4,-12.321,-12.315,-15.803,-15.795,-32.218,-35.737,-32.218,-35.735,-5.057,-5.051,-5.057,-5.052
,0.0,0.0,0.0,3.5186,3.4905,4.9419,4.9614,3.4797,3.5165,0,0.0179,0.0179,OK,0.0,FORMATION_FOLLOW|FORMATION_FOLLOW|FORMATION_FOLLOW|FORMATION_FOLLOW,1,1,8.5,-12.292,-12.286,-15.783,-15.765,-32.219,-35.737,-32.218,-35.734,-5.057,-5.051,-5.057,-5.052
,0.0,0.0,0.0,3.5178,3.5008,4.9403,4.9688,3.4789,3.516,0,0.0209,0.0209,OK,0.0,FORMATION_FOLLOW|FORMATION_FOLLOW|FORMATION_FOLLOW|FORMATION_FOLLOW,1,1,8.6,-12.263,-12.256,-15.764,-15.735,-32.219,-35.737,-32.218,-35.734,-5.057,-5.051,-5.057,-5.053
,0.0,0.0,0.0,3.5172,3.513,4.939,4.9776,3.4786,3.5155,0,0.0243,0.0243,OK,0.0,FORMATION_FOLLOW|FORMATION_FOLLOW|FORMATION_FOLLOW|FORMATION_FOLLOW,1,1,8.7,-12.235,-12.227,-15.748,-15.705,-32.22,-35.737,-32.219,-35.734,-5.057,-5.051,-5.057,-5.053
,0.0,0.0,0.0,3.5169,3.5268,4.9378,4.9879,3.4784,3.5153,0,0.0313,0.0313,OK,0.0,FORMATION_FOLLOW|FORMATION_FOLLOW|FORMATION_FOLLOW|FORMATION_FOLLOW,1,1,8.8,-12.206,-12.197,-15.733,-15.675,-32.22,-35.737,-32.219,-35.734,-5.057,-5.052,-5.056,-5.054
,0.0,0.0,0.0,3.5171,3.542,4.9367,4.9994,3.4781,3.5151,0,0.043,0.043,OK,0.0,FORMATION_FOLLOW|FORMATION_FOLLOW|FORMATION_FOLLOW|FORMATION_FOLLOW,1,1,8.9,-12.177,-12.167,-15.719,-15.645,-32.22,-35.737,-32.219,-35.733,-5.057,-5.052,-5.056,-5.054
,0.0,0.0,0.0,3.5172,3.5588,4.9358,5.0118,3.4778,3.5151,0,0.0558,0.0558,OK,0.0,FORMATION_FOLLOW|FORMATION_FOLLOW|FORMATION_FOLLOW|FORMATION_FOLLOW,1,1,9.0,-12.148,-12.137,-15.707,-15.615,-32.22,-35.737,-32.219,-35.733,-5.057,-5.052,-5.056,-5.056
,0.0,0.0,0.0,3.5173,3.5771,4.9351,5.0252,3.4777,3.5152,0,0.0698,0.0698,OK,0.0,FORMATION_FOLLOW|FORMATION_FOLLOW|FORMATION_FOLLOW|FORMATION_FOLLOW,1,1,9.1,-12.119,-12.107,-15.696,-15.585,-32.22,-35.737,-32.22,-35.733,-5.057,-5.052,-5.056,-5.057
,0.0,0.0,0.0,3.5177,3.5967,4.9346,5.0397,3.4778,3.5154,0,0.0847,0.0847,OK,0.0,FORMATION_FOLLOW|FORMATION_FOLLOW|FORMATION_FOLLOW|FORMATION_FOLLOW,1,1,9.2,-12.09,-12.077,-15.686,-15.555,-32.22,-35.737,-32.22,-35.733,-5.057,-5.051,-5.056,-5.058
,0.0,0.0,0.0,3.5179,3.6171,4.934,5.0548,3.4779,3.5156,0,0.1002,0.1002,OK,0.0,FORMATION_FOLLOW|FORMATION_FOLLOW|FORMATION_FOLLOW|FORMATION_FOLLOW,1,1,9.3,-12.06,-12.047,-15.677,-15.525,-32.219,-35.737,-32.22,-35.732,-5.058,-5.051,-5.056,-5.058
,0.0,0.0,0.0,3.518,3.6383,4.9332,5.0702,3.4777,3.5158,0,0.1163,0.1163,OK,0.0,FORMATION_FOLLOW|FORMATION_FOLLOW|FORMATION_FOLLOW|FORMATION_FOLLOW,1,1,9.4,-12.031,-12.018,-15.669,-15.495,-32.219,-35.737,-32.22,-35.732,-5.058,-5.051,-5.056,-5.06
,0.0,0.0,0.0,3.5181,3.6599,4.9325,5.086,3.4773,3.5167,0,0.1329,0.1329,OK,0.0,FORMATION_FOLLOW|FORMATION_FOLLOW|FORMATION_FOLLOW|FORMATION_FOLLOW,1,1,9.5,-12.002,-11.988,-15.662,-15.465,-32.219,-35.737,-32.22,-35.732,-5.058,-5.052,-5.055,-5.061
,0.0,0.0,0.0,3.5183,3.6822,4.9324,5.1024,3.4772,3.5182,0,0.15,0.15,OK,0.0,FORMATION_FOLLOW|FORMATION_FOLLOW|FORMATION_FOLLOW|FORMATION_FOLLOW,1,1,9.6,-11.973,-11.958,-15.656,-15.436,-32.219,-35.737,-32.221,-35.732,-5.058,-5.052,-5.055,-5.061
,0.0,0.0,0.0,3.5183,3.7055,4.9329,5.1189,3.4765,3.5205,0,0.1677,0.1677,OK,0.0,FORMATION_FOLLOW|FORMATION_FOLLOW|FORMATION_FOLLOW|FORMATION_FOLLOW,1,1,9.7,-11.944,-11.929,-15.65,-15.406,-32.218,-35.736,-32.221,-35.733,-5.058,-5.052,-5.055,-5.062
,0.0,0.0,0.0,3.5181,3.7294,4.9335,5.1355,3.4755,3.5231,0,0.1858,0.1858,OK,0.0,FORMATION_FOLLOW|FORMATION_FOLLOW|FORMATION_FOLLOW|FORMATION_FOLLOW,1,1,9.8,-11.915,-11.9,-15.644,-15.376,-32.217,-35.735,-32.221,-35.734,-5.058,-5.052,-5.055,-5.062
,0.0,0.0,0.0,3.5173,3.754,4.9337,5.1522,3.4745,3.5255,0,0.2043,0.2043,OK,0.0,FORMATION_FOLLOW|FORMATION_FOLLOW|FORMATION_FOLLOW|FORMATION_FOLLOW,1,1,9.9,-11.886,-11.871,-15.64,-15.345,-32.217,-35.734,-32.221,-35.734,-5.058,-5.052,-5.055,-5.063
,0.0,0.0,0.0,3.5165,3.7789,4.9338,5.1693,3.4739,3.5278,0,0.223,0.223,OK,0.0,FORMATION_FOLLOW|FORMATION_FOLLOW|FORMATION_FOLLOW|FORMATION_FOLLOW,1,1,10.0,-11.856,-11.842,-15.635,-15.316,-32.216,-35.733,-32.221,-35.734,-5.059,-5.053,-5.055,-5.063
,0.0,0.0,0.0,3.5155,3.8037,4.9334,5.187,3.4732,3.5303,0,0.242,0.242,OK,0.0,FORMATION_FOLLOW|FORMATION_FOLLOW|FORMATION_FOLLOW|FORMATION_FOLLOW,1,1,10.1,-11.828,-11.813,-15.631,-15.286,-32.216,-35.731,-32.221,-35.734,-5.059,-5.053,-5.055,-5.063
,0.0,0.0,0.0,3.5148,3.829,4.933,5.2051,3.4723,3.5331,0,0.2614,0.2614,OK,0.0,FORMATION_FOLLOW|FORMATION_FOLLOW|FORMATION_FOLLOW|FORMATION_FOLLOW,1,1,10.2,-11.799,-11.783,-15.628,-15.256,-32.215,-35.73,-32.221,-35.734,-5.059,-5.054,-5.055,-5.063
,0.0,0.0,0.0,3.5141,3.855,4.9328,5.2231,3.4712,3.5359,0,0.281,0.281,OK,0.0,FORMATION_FOLLOW|FORMATION_FOLLOW|FORMATION_FOLLOW|FORMATION_FOLLOW,1,1,10.3,-11.77,-11.754,-15.625,-15.226,-32.215,-35.729,-32.221,-35.734,-5.059,-5.055,-5.055,-5.063
,0.0,0.0,0.0,3.5133,3.8814,4.9327,5.2414,3.4701,3.5388,0,0.301,0.301,OK,0.0,FORMATION_FOLLOW|FORMATION_FOLLOW|FORMATION_FOLLOW|FORMATION_FOLLOW,1,1,10.4,-11.74,-11.725,-15.622,-15.196,-32.214,-35.727,-32.221,-35.734,-5.06,-5.055,-5.055,-5.063
,0.0,0.0,0.0,3.5124,3.908,4.933,5.2601,3.4697,3.5422,0,0.3211,0.3211,OK,0.0,FORMATION_FOLLOW|FORMATION_FOLLOW|FORMATION_FOLLOW|FORMATION_FOLLOW,1,1,10.5,-11.711,-11.696,-15.619,-15.166,-32.213,-35.725,-32.221,-35.734,-5.061,-5.056,-5.055,-5.063
,0.0,0.0,0.0,3.5121,3.9353,4.934,5.2793,3.4692,3.5463,0,0.3416,0.3416,OK,0.0,FORMATION_FOLLOW|FORMATION_FOLLOW|FORMATION_FOLLOW|FORMATION_FOLLOW,1,1,10.6,-11.681,-11.667,-15.617,-15.136,-32.212,-35.724,-32.221,-35.735,-5.061,-5.056,-5.055,-5.062
,0.0,0.0,0.0,3.5123,3.963,4.9355,5.2987,3.4685,3.5508,0,0.3623,0.3623,OK,0.0,FORMATION_FOLLOW|FORMATION_FOLLOW|FORMATION_FOLLOW|FORMATION_FOLLOW,1,1,10.7,-11.652,-11.637,-15.615,-15.106,-32.21,-35.722,-32.221,-35.735,-5.062,-5.057,-5.055,-5.062
,0.0,0.0,0.0,3.5126,3.9909,4.9373,5.3185,3.468,3.5559,0,0.3831,0.3831,OK,0.0,FORMATION_FOLLOW|FORMATION_FOLLOW|FORMATION_FOLLOW|FORMATION_FOLLOW,1,1,10.8,-11.622,-11.608,-15.613,-15.076,-32.209,-35.721,-32.221,-35.736,-5.062,-5.058,-5.055,-5.061
,0.0,0.0,0.0,3.5127,4.0189,4.9389,5.3384,3.4674,3.5612,0,0.404,0.404,OK,0.0,FORMATION_FOLLOW|FORMATION_FOLLOW|FORMATION_FOLLOW|FORMATION_FOLLOW,1,1,10.9,-11.592,-11.579,-15.611,-15.046,-32.207,-35.72,-32.221,-35.738,-5.062,-5.059,-5.055,-5.061
,0.0,0.0,0.0,3.5131,4.0471,4.9403,5.3589,3.4668,3.5667,0,0.425,0.425,OK,0.0,FORMATION_FOLLOW|FORMATION_FOLLOW|FORMATION_FOLLOW|FORMATION_FOLLOW,1,1,11.0,-11.562,-11.55,-15.609,-15.016,-32.206,-35.719,-32.221,-35.739,-5.063,-5.06,-5.055,-5.061
,0.0,0.0,0.0,3.5134,4.0754,4.9413,5.38,3.4665,3.5723,0,0.4462,0.4462,OK,0.0,FORMATION_FOLLOW|FORMATION_FOLLOW|FORMATION_FOLLOW|FORMATION_FOLLOW,1,1,11.1,-11.533,-11.52,-15.608,-14.986,-32.206,-35.719,-32.221,-35.739,-5.063,-5.061,-5.055,-5.06
,0.0,0.0,0.0,3.5138,4.1037,4.9424,5.4015,3.4669,3.5781,0,0.4675,0.4675,OK,0.0,FORMATION_FOLLOW|FORMATION_FOLLOW|FORMATION_FOLLOW|FORMATION_FOLLOW,1,1,11.2,-11.503,-11.49,-15.607,-14.957,-32.205,-35.719,-32.221,-35.74,-5.064,-5.061,-5.055,-5.06
,0.0,0.0,0.0,3.5143,4.1322,4.9441,5.4233,3.4678,3.5842,0,0.4887,0.4887,OK,0.0,FORMATION_FOLLOW|FORMATION_FOLLOW|FORMATION_FOLLOW|FORMATION_FOLLOW,1,1,11.3,-11.473,-11.46,-15.606,-14.928,-32.204,-35.719,-32.222,-35.741,-5.064,-5.061,-5.055,-5.059
,0.0,0.0,0.0,3.5142,4.1609,4.9458,5.4452,3.4691,3.5906,0,0.51,0.51,OK,0.0,FORMATION_FOLLOW|FORMATION_FOLLOW|FORMATION_FOLLOW|FORMATION_FOLLOW,1,1,11.4,-11.444,-11.431,-15.605,-14.9,-32.204,-35.718,-32.222,-35.742,-5.064,-5.061,-5.055,-5.059
,0.0,0.0,0.0,3.5137,4.1899,4.9471,5.4676,3.471,3.5966,0,0.5315,0.5315,OK,0.0,FORMATION_FOLLOW|FORMATION_FOLLOW|FORMATION_FOLLOW|FORMATION_FOLLOW,1,1,11.5,-11.414,-11.4,-15.604,-14.871,-32.204,-35.718,-32.222,-35.743,-5.065,-5.06,-5.055,-5.058
,0.0,0.0,0.0,3.5135,4.219,4.9482,5.4902,3.473,3.6024,0,0.553,0.553,OK,0.0,FORMATION_FOLLOW|FORMATION_FOLLOW|FORMATION_FOLLOW|FORMATION_FOLLOW,1,1,11.6,-11.384,-11.37,-15.603,-14.843,-32.204,-35.718,-32.222,-35.743,-5.066,-5.06,-5.055,-5.058
,0.0,0.0,0.0,3.5137,4.248,4.9488,5.5129,3.4744,3.608,0,0.5746,0.5746,OK,0.0,FORMATION_FOLLOW|FORMATION_FOLLOW|FORMATION_FOLLOW|FORMATION_FOLLOW,1,1,11.7,-11.354,-11.34,-15.602,-14.814,-32.204,-35.718,-32.222,-35.742,-5.066,-5.06,-5.055,-5.057
,0.0,0.0,0.0,3.5139,4.2769,4.9492,5.5356,3.4758,3.6136,0,0.5962,0.5962,OK,0.0,FORMATION_FOLLOW|FORMATION_FOLLOW|FORMATION_FOLLOW|FORMATION_FOLLOW,1,1,11.8,-11.324,-11.31,-15.601,-14.785,-32.204,-35.718,-32.222,-35.742,-5.066,-5.059,-5.055,-5.057
,0.0,0.0,0.0,3.5139,4.3055,4.9497,5.5581,3.4774,3.6195,0,0.6176,0.6176,OK,0.0,FORMATION_FOLLOW|FORMATION_FOLLOW|FORMATION_FOLLOW|FORMATION_FOLLOW,1,1,11.9,-11.295,-11.28,-15.601,-14.757,-32.204,-35.717,-32.222,-35.741,-5.066,-5.059,-5.055,-5.057
,0.0,0.0,0.0,3.5141,4.3339,4.9503,5.5805,3.4788,3.6256,0,0.6389,0.6389,OK,0.0,FORMATION_FOLLOW|FORMATION_FOLLOW|FORMATION_FOLLOW|FORMATION_FOLLOW,1,1,12.0,-11.266,-11.25,-15.6,-14.729,-32.203,-35.717,-32.222,-35.741,-5.066,-5.058,-5.055,-5.057
,0.0,0.0,0.0,3.514,4.3621,4.9507,5.603,3.4804,3.6319,0,0.6601,0.6601,OK,0.0,FORMATION_FOLLOW|FORMATION_FOLLOW|FORMATION_FOLLOW|FORMATION_FOLLOW,1,1,12.1,-11.238,-11.22,-15.6,-14.7,-32.202,-35.716,-32.222,-35.741,-5.066,-5.058,-5.055,-5.056
,0.0,0.0,0.0,3.513,4.3899,4.9506,5.6251,3.482,3.6384,0,0.6812,0.6812,OK,0.0,FORMATION_FOLLOW|FORMATION_FOLLOW|FORMATION_FOLLOW|FORMATION_FOLLOW,1,1,12.2,-11.209,-11.191,-15.599,-14.673,-32.203,-35.715,-32.222,-35.74,-5.065,-5.058,-5.055,-5.056
,0.0,0.0,0.0,3.5117,4.4178,4.9508,5.6468,3.4834,3.645,0,0.7023,0.7023,OK,0.0,FORMATION_FOLLOW|FORMATION_FOLLOW|FORMATION_FOLLOW|FORMATION_FOLLOW,1,1,12.3,-11.181,-11.161,-15.599,-14.645,-32.202,-35.714,-32.222,-35.74,-5.064,-5.058,-5.055,-5.056
,0.0,0.0,0.0,3.5102,4.4457,4.9508,5.6683,3.4845,3.652,0,0.7233,0.7233,OK,0.0,FORMATION_FOLLOW|FORMATION_FOLLOW|FORMATION_FOLLOW|FORMATION_FOLLOW,1,1,12.4,-11.153,-11.133,-15.598,-14.617,-32.202,-35.712,-32.222,-35.739,-5.064,-5.058,-5.055,-5.056
,0.0,0.0,0.0,3.5088,4.4734,4.9508,5.6897,3.485,3.6595,0,0.7442,0.7442,OK,0.0,FORMATION_FOLLOW|FORMATION_FOLLOW|FORMATION_FOLLOW|FORMATION_FOLLOW,1,1,12.5,-11.125,-11.104,-15.598,-14.589,-32.202,-35.711,-32.222,-35.739,-5.064,-5.058,-5.055,-5.056
,0.0,0.0,0.0,3.5077,4.5013,4.951,5.711,3.4852,3.6672,0,0.7652,0.7652,OK,0.0,FORMATION_FOLLOW|FORMATION_FOLLOW|FORMATION_FOLLOW|FORMATION_FOLLOW,1,1,12.6,-11.096,-11.075,-15.598,-14.561,-32.202,-35.709,-32.222,-35.739,-5.063,-5.057,-5.055,-5.056
,0.0,0.0,0.0,3.5067,4.5293,4.9512,5.7327,3.4858,3.675,0,0.7863,0.7863,OK,0.0,FORMATION_FOLLOW|FORMATION_FOLLOW|FORMATION_FOLLOW|FORMATION_FOLLOW,1,1,12.7,-11.068,-11.047,-15.597,-14.532,-32.201,-35.708,-32.222,-35.739,-5.063,-5.057,-5.055,-5.056
,0.0,0.0,0.0,3.5057,4.5573,4.9515,5.7547,3.4866,3.6831,0,0.8074,0.8074,OK,0.0,FORMATION_FOLLOW|FORMATION_FOLLOW|FORMATION_FOLLOW|FORMATION_FOLLOW,1,1,12.8,-11.04,-11.018,-15.597,-14.504,-32.201,-35.707,-32.222,-35.739,-5.062,-5.057,-5.055,-5.057
,0.0,0.0,0.0,3.5042,4.5853,4.9511,5.7764,3.4868,3.6912,0,0.8285,0.8285,OK,0.0,FORMATION_FOLLOW|FORMATION_FOLLOW|FORMATION_FOLLOW|FORMATION_FOLLOW,1,1,12.9,-11.012,-10.989,-15.597,-14.476,-32.201,-35.705,-32.222,-35.739,-5.062,-5.056,-5.055,-5.057
,0.0,0.0,0.0,3.5026,4.6133,4.9504,5.7981,3.4869,3.6992,0,0.8497,0.8497,OK,0.0,FORMATION_FOLLOW|FORMATION_FOLLOW|FORMATION_RECOVERY|FORMATION_FOLLOW,1,1,13.0,-10.984,-10.961,-15.597,-14.447,-32.201,-35.704,-32.222,-35.738,-5.062,-5.056,-5.055,-5.057
,0.0,0.0,0.0,3.5013,4.6414,4.9497,5.8199,3.4869,3.7074,0,0.871,0.871,OK,0.0,FORMATION_FOLLOW|FORMATION_FOLLOW|FORMATION_RECOVERY|FORMATION_FOLLOW,1,1,13.1,-10.955,-10.932,-15.597,-14.419,-32.201,-35.702,-32.222,-35.737,-5.062,-5.056,-5.055,-5.057
,0.0,0.0,0.0,3.4994,4.6698,4.9489,5.8415,3.4867,3.7156,0,0.8924,0.8924,OK,0.0,FORMATION_FOLLOW|FORMATION_FOLLOW|FORMATION_RECOVERY|FORMATION_FOLLOW,1,1,13.2,-10.927,-10.903,-15.596,-14.39,-32.201,-35.7,-32.222,-35.736,-5.062,-5.056,-5.055,-5.057
,0.0,0.0,0.0,3.4973,4.6983,4.9479,5.863,3.4862,3.7239,0,0.9138,0.9138,OK,0.0,FORMATION_FOLLOW|FORMATION_FOLLOW|FORMATION_RECOVERY|FORMATION_FOLLOW,1,1,13.3,-10.898,-10.875,-15.596,-14.361,-32.201,-35.698,-32.222,-35.735,-5.062,-5.056,-5.055,-5.057
,0.0,0.0,0.0,3.4951,4.7271,4.9471,5.8843,3.4857,3.7323,0,0.9352,0.9352,OK,0.0,FORMATION_FOLLOW|FORMATION_FOLLOW|FORMATION_RECOVERY|FORMATION_FOLLOW,1,1,13.4,-10.869,-10.847,-15.596,-14.332,-32.2,-35.695,-32.222,-35.733,-5.062,-5.055,-5.055,-5.057
,0.0,0.0,0.0,3.493,4.7559,4.9464,5.9058,3.4856,3.7404,0,0.9566,0.9566,OK,0.0,FORMATION_FOLLOW|FORMATION_FOLLOW|FORMATION_RECOVERY|FORMATION_FOLLOW,1,1,13.5,-10.84,-10.818,-15.596,-14.304,-32.2,-35.693,-32.222,-35.732,-5.062,-5.055,-5.055,-5.057
,0.0,0.0,0.0,3.4909,4.7845,4.9459,5.9272,3.4856,3.7488,0,0.9779,0.9779,OK,0.0,FORMATION_FOLLOW|FORMATION_FOLLOW|FORMATION_RECOVERY|FORMATION_FOLLOW,1,1,13.6,-10.811,-10.79,-15.596,-14.275,-32.2,-35.69,-32.222,-35.73,-5.061,-5.054,-5.055,-5.056
,0.0,0.0,0.0,3.4893,4.8132,4.9458,5.9486,3.4854,3.7576,0,0.9993,0.9993,OK,0.0,FORMATION_FOLLOW|FORMATION_FOLLOW|FAILSAFE_HOLD_OR_RETREAT|FORMATION_FOLLOW,1,1,13.7,-10.783,-10.761,-15.596,-14.246,-32.199,-35.688,-32.222,-35.729,-5.061,-5.054,-5.055,-5.056
,0.0,0.0,0.0,3.4882,4.8423,4.9462,5.9701,3.4851,3.7668,0,1.0208,1.0208,OK,0.0,FORMATION_FOLLOW|FORMATION_FOLLOW|FAILSAFE_HOLD_OR_RETREAT|FORMATION_FOLLOW,1,1,13.8,-10.753,-10.733,-15.596,-14.218,-32.197,-35.685,-32.222,-35.727,-5.061,-5.053,-5.055,-5.056
,0.0,0.0,0.0,3.4871,4.8715,4.9467,5.9917,3.4844,3.7767,0,1.0425,1.0425,OK,0.0,FORMATION_FOLLOW|FORMATION_FOLLOW|FAILSAFE_HOLD_OR_RETREAT|FORMATION_FOLLOW,1,1,13.9,-10.724,-10.704,-15.596,-14.189,-32.196,-35.683,-32.222,-35.727,-5.061,-5.053,-5.055,-5.056
,0.0,0.0,0.0,3.4858,4.9008,4.9471,6.0135,3.4835,3.7872,0,1.0643,1.0643,OK,0.0,FORMATION_FOLLOW|FORMATION_FOLLOW|FAILSAFE_HOLD_OR_RETREAT|FORMATION_FOLLOW,1,1,14.0,-10.695,-10.676,-15.596,-14.159,-32.194,-35.68,-32.222,-35.726,-5.061,-5.053,-5.055,-5.056
,0.0,0.0,0.0,3.4844,4.9305,4.9474,6.0357,3.4828,3.7977,0,1.0863,1.0863,OK,0.0,FORMATION_FOLLOW|FORMATION_FOLLOW|FAILSAFE_HOLD_OR_RETREAT|FORMATION_FOLLOW,1,1,14.1,-10.665,-10.647,-15.595,-14.13,-32.194,-35.678,-32.222,-35.725,-5.061,-5.053,-5.055,-5.055
,0.0,0.0,0.0,3.4831,4.9603,4.9474,6.058,3.482,3.8081,0,1.1084,1.1084,OK,0.0,FORMATION_WAIT_REJOIN|FORMATION_FOLLOW|FAILSAFE_HOLD_OR_RETREAT|FORMATION_FOLLOW,1,1,14.2,-10.635,-10.618,-15.595,-14.1,-32.192,-35.675,-32.222,-35.724,-5.06,-5.053,-5.055,-5.054
,0.0,0.0,0.0,3.4818,4.9902,4.9473,6.0801,3.481,3.8185,0,1.1305,1.1305,OK,0.0,FORMATION_WAIT_REJOIN|FORMATION_FOLLOW|FAILSAFE_HOLD_OR_RETREAT|FORMATION_FOLLOW,1,1,14.3,-10.605,-10.59,-15.595,-14.07,-32.191,-35.673,-32.222,-35.722,-5.06,-5.054,-5.055,-5.054
,0.0,0.0,0.0,3.4806,5.02,4.9473,6.1023,3.4797,3.8294,0,1.1525,1.1525,OK,0.0,FORMATION_WAIT_REJOIN|FORMATION_FOLLOW|FAILSAFE_HOLD_OR_RETREAT|FORMATION_FOLLOW,1,1,14.4,-10.575,-10.561,-15.595,-14.04,-32.19,-35.67,-32.222,-35.721,-5.06,-5.054,-5.055,-5.053
,0.0,0.0,0.0,3.4796,5.0497,4.9471,6.1245,3.4784,3.8401,0,1.1745,1.1745,OK,0.0,FORMATION_WAIT_REJOIN|FORMATION_FOLLOW|FAILSAFE_HOLD_OR_RETREAT|FORMATION_FOLLOW,1,1,14.5,-10.546,-10.533,-15.595,-14.011,-32.189,-35.668,-32.222,-35.72,-5.059,-5.055,-5.055,-5.052
,0.0,0.0,0.0,3.4784,5.0795,4.9466,6.1464,3.4767,3.851,0,1.1964,1.1964,OK,0.0,FORMATION_WAIT_REJOIN|FORMATION_FOLLOW|FAILSAFE_HOLD_OR_RETREAT|FORMATION_FOLLOW,1,1,14.6,-10.516,-10.505,-15.595,-13.981,-32.188,-35.666,-32.222,-35.718,-5.059,-5.055,-5.055,-5.052
,0.0,0.0,0.0,3.4771,5.1091,4.9458,6.1682,3.4746,3.862,1,1.2183,1.2183,LOST,0.0,FORMATION_WAIT_REJOIN|FORMATION_FOLLOW|FAILSAFE_HOLD_OR_RETREAT|FORMATION_FOLLOW,1,1,14.7,-10.486,-10.477,-15.595,-13.951,-32.187,-35.664,-32.222,-35.716,-5.059,-5.056,-5.055,-5.051
,0.0,0.0,0.0,3.476,5.1385,4.9449,6.1905,3.4728,3.8734,1,1.2402,1.2402,LOST,0.0,FORMATION_WAIT_REJOIN|FORMATION_FOLLOW|FAILSAFE_HOLD_OR_RETREAT|FORMATION_FOLLOW,1,1,14.8,-10.457,-10.448,-15.595,-13.921,-32.186,-35.662,-32.222,-35.714,-5.058,-5.056,-5.055,-5.051
,0.0,0.0,0.0,3.4748,5.1681,4.9441,6.2132,3.4714,3.885,1,1.2622,1.2622,LOST,0.0,FORMATION_WAIT_REJOIN|FORMATION_FOLLOW|FAILSAFE_HOLD_OR_RETREAT|FORMATION_FOLLOW,1,1,14.9,-10.427,-10.42,-15.595,-13.891,-32.185,-35.66,-32.222,-35.713,-5.059,-5.057,-5.055,-5.051
,0.0,0.0,0.0,3.4734,5.1978,4.9434,6.236,3.4703,3.8969,1,1.2842,1.2842,LOST,0.0,FORMATION_WAIT_REJOIN|FORMATION_FOLLOW|FAILSAFE_HOLD_OR_RETREAT|FORMATION_FOLLOW,1,1,15.0,-10.397,-10.391,-15.595,-13.861,-32.184,-35.658,-32.222,-35.712,-5.059,-5.057,-5.055,-5.051
,0.0,0.0,0.0,3.472,5.2275,4.9426,6.2588,3.469,3.909,1,1.3063,1.3063,LOST,0.0,FORMATION_WAIT_REJOIN|FORMATION_FOLLOW|FAILSAFE_HOLD_OR_RETREAT|FORMATION_FOLLOW,1,1,15.1,-10.368,-10.363,-15.595,-13.831,-32.184,-35.656,-32.222,-35.71,-5.059,-5.057,-5.055,-5.051
,0.0,0.0,0.0,3.4706,5.257,4.9417,6.2815,3.4675,3.9213,1,1.3281,1.3281,LOST,0.0,FORMATION_WAIT_REJOIN|FORMATION_FOLLOW|FAILSAFE_HOLD_OR_RETREAT|FORMATION_FOLLOW,1,1,15.2,-10.338,-10.334,-15.595,-13.801,-32.184,-35.654,-32.222,-35.709,-5.058,-5.057,-5.055,-5.051
,0.0,0.0,0.0,3.4701,5.2864,4.9403,6.3045,3.4652,3.9339,1,1.35,1.35,LOST,0.0,FORMATION_WAIT_REJOIN|FORMATION_FOLLOW|FAILSAFE_HOLD_OR_RETREAT|FORMATION_FOLLOW,1,1,15.3,-10.309,-10.307,-15.595,-13.771,-32.184,-35.654,-32.222,-35.707,-5.058,-5.057,-5.055,-5.052
,0.0,0.0,0.0,3.471,5.3157,4.939,6.3283,3.4631,3.9468,1,1.3718,1.3718,LOST,0.0,FORMATION_WAIT_REJOIN|FORMATION_FOLLOW|FAILSAFE_HOLD_OR_RETREAT|FORMATION_FOLLOW,1,1,15.4,-10.279,-10.278,-15.595,-13.741,-32.183,-35.654,-32.222,-35.706,-5.057,-5.057,-5.055,-5.053
,0.0,0.0,0.0,3.4734,5.345,4.9378,6.3528,3.461,3.9597,1,1.3936,1.3936,LOST,0.0,FORMATION_WAIT_REJOIN|FORMATION_FOLLOW|FAILSAFE_HOLD_OR_RETREAT|FORMATION_FOLLOW,1,1,15.5,-10.25,-10.251,-15.595,-13.711,-32.183,-35.656,-32.222,-35.705,-5.057,-5.058,-5.055,-5.054
,0.0,0.0,0.0,3.4764,5.3745,4.9366,6.3779,3.4591,3.9726,1,1.4154,1.4154,LOST,0.0,FORMATION_WAIT_REJOIN|FORMATION_FOLLOW|FAILSAFE_HOLD_OR_RETREAT|FORMATION_FOLLOW,1,1,15.6,-10.221,-10.223,-15.595,-13.681,-32.183,-35.659,-32.222,-35.703,-5.057,-5.058,-5.055,-5.055
,0.0,0.0,0.0,3.4803,5.4039,4.935,6.4038,3.4574,3.9855,1,1.4373,1.4373,LOST,0.0,FORMATION_WAIT_REJOIN|FORMATION_FOLLOW|FAILSAFE_HOLD_OR_RETREAT|FORMATION_FOLLOW,1,1,15.7,-10.191,-10.194,-15.595,-13.651,-32.183,-35.663,-32.222,-35.701,-5.056,-5.058,-5.055,-5.056
,0.0,0.0,0.0,3.4854,5.4337,4.9339,6.4302,3.4558,3.9985,1,1.4593,1.4593,LOST,0.0,FORMATION_WAIT_REJOIN|FORMATION_FOLLOW|FAILSAFE_HOLD_OR_RETREAT|FORMATION_FOLLOW,1,1,15.8,-10.161,-10.166,-15.595,-13.622,-32.182,-35.667,-32.222,-35.699,-5.056,-5.058,-5.055,-5.057
,0.0,0.0,0.0,3.4911,5.4635,4.9326,6.4572,3.4545,4.0113,1,1.4814,1.4814,LOST,0.0,FORMATION_WAIT_REJOIN|FORMATION_FOLLOW|FAILSAFE_HOLD_OR_RETREAT|FORMATION_FOLLOW,1,1,15.9,-10.132,-10.137,-15.595,-13.592,-32.182,-35.673,-32.222,-35.697,-5.056,-5.058,-5.055,-5.058
,0.0,0.0,0.0,3.4979,5.4931,4.9309,6.4849,3.4532,4.0243,1,1.5034,1.5034,LOST,0.0,FORMATION_WAIT_REJOIN|FORMATION_FOLLOW|FAILSAFE_HOLD_OR_RETREAT|FORMATION_FOLLOW,1,1,16.0,-10.102,-10.109,-15.595,-13.562,-32.181,-35.679,-32.222,-35.695,-5.056,-5.058,-5.055,-5.058
,0.0,0.0,0.0,3.5052,5.5228,4.9295,6.5131,3.4521,4.0379,1,1.5254,1.5254,LOST,0.0,FORMATION_WAIT_REJOIN|FORMATION_FOLLOW|FAILSAFE_HOLD_OR_RETREAT|FORMATION_FOLLOW,1,1,16.1,-10.072,-10.08,-15.595,-13.532,-32.181,-35.687,-32.222,-35.693,-5.056,-5.057,-5.055,-5.059
,0.0,0.0,0.0,3.512,5.5523,4.9279,6.5413,3.4511,4.0517,1,1.5473,1.5473,LOST,0.0,FORMATION_WAIT_REJOIN|FORMATION_FOLLOW|FAILSAFE_HOLD_OR_RETREAT|FORMATION_FOLLOW,1,1,16.2,-10.043,-10.051,-15.595,-13.502,-32.182,-35.694,-32.222,-35.691,-5.056,-5.057,-5.055,-5.06
,0.0,0.0,0.0,3.5181,5.5818,4.9269,6.5691,3.4505,4.066,1,1.5692,1.5692,LOST,0.0,FORMATION_WAIT_REJOIN|FORMATION_FOLLOW|FAILSAFE_HOLD_OR_RETREAT|FORMATION_FOLLOW,1,1,16.3,-10.013,-10.022,-15.595,-13.473,-32.182,-35.7,-32.222,-35.69,-5.056,-5.057,-5.055,-5.061
,0.0,0.0,0.0,3.5233,5.6115,4.9262,6.5962,3.4497,4.0804,1,1.591,1.591,LOST,0.0,FORMATION_WAIT_REJOIN|FORMATION_FOLLOW|FAILSAFE_HOLD_OR_RETREAT|FORMATION_FOLLOW,1,1,16.4,-9.984,-9.994,-15.595,-13.444,-32.183,-35.706,-32.222,-35.689,-5.055,-5.057,-5.055,-5.061
,0.0,0.0,0.0,3.5278,5.6412,4.9252,6.6231,3.4489,4.095,1,1.6129,1.6129,LOST,0.0,FORMATION_WAIT_REJOIN|FORMATION_FOLLOW|FAILSAFE_HOLD_OR_RETREAT|FORMATION_FOLLOW,1,1,16.5,-9.954,-9.966,-15.595,-13.414,-32.183,-35.711,-32.222,-35.688,-5.056,-5.057,-5.055,-5.062
,0.0,0.0,0.0,3.5318,5.6708,4.9244,6.6499,3.4486,4.1097,1,1.6347,1.6347,LOST,0.0,FORMATION_WAIT_REJOIN|FORMATION_FOLLOW|FAILSAFE_HOLD_OR_RETREAT|FORMATION_FOLLOW,1,1,16.6,-9.924,-9.937,-15.595,-13.385,-32.184,-35.716,-32.222,-35.687,-5.056,-5.056,-5.055,-5.063
,0.0,0.0,0.0,3.535,5.7004,4.9233,6.6766,3.448,4.1248,1,1.6567,1.6567,LOST,0.0,FORMATION_WAIT_REJOIN|FORMATION_FOLLOW|FAILSAFE_HOLD_OR_RETREAT|FORMATION_FOLLOW,1,1,16.7,-9.895,-9.908,-15.595,-13.356,-32.185,-35.72,-32.222,-35.686,-5.056,-5.056,-5.055,-5.063
,0.0,0.0,0.0,3.5378,5.7298,4.9222,6.7035,3.4478,4.1406,1,1.6789,1.6789,LOST,0.0,FORMATION_WAIT_REJOIN|FORMATION_FOLLOW|FAILSAFE_HOLD_OR_RETREAT|FORMATION_FOLLOW,1,1,16.8,-9.865,-9.878,-15.595,-13.326,-32.185,-35.723,-32.222,-35.685,-5.055,-5.056,-5.055,-5.063
,0.0,0.0,0.0,3.5402,5.7591,4.9212,6.7307,3.4482,4.1566,1,1.7011,1.7011,LOST,0.0,FORMATION_WAIT_REJOIN|FORMATION_FOLLOW|FAILSAFE_HOLD_OR_RETREAT|FORMATION_FOLLOW,1,1,16.9,-9.836,-9.848,-15.595,-13.296,-32.186,-35.726,-32.222,-35.685,-5.055,-5.056,-5.055,-5.063
,0.0,0.0,0.0,3.5425,5.7885,4.9205,6.7578,3.4489,4.1723,1,1.7233,1.7233,LOST,0.0,FORMATION_WAIT_REJOIN|FORMATION_FOLLOW|FAILSAFE_HOLD_OR_RETREAT|FORMATION_FOLLOW,1,1,17.0,-9.806,-9.818,-15.595,-13.267,-32.186,-35.729,-32.222,-35.684,-5.055,-5.056,-5.055,-5.063
,0.0,0.0,0.0,3.5447,5.8178,4.9198,6.785,3.45,4.188,1,1.7454,1.7454,LOST,0.0,FORMATION_WAIT_REJOIN|FORMATION_FOLLOW|FAILSAFE_HOLD_OR_RETREAT|FORMATION_FOLLOW,1,1,17.1,-9.777,-9.788,-15.595,-13.238,-32.187,-35.731,-32.222,-35.684,-5.055,-5.056,-5.055,-5.064
,0.0,0.0,0.0,3.5475,5.8474,4.9192,6.8127,3.4512,4.204,1,1.7677,1.7677,LOST,0.0,FORMATION_WAIT_REJOIN|FORMATION_FOLLOW|FAILSAFE_HOLD_OR_RETREAT|FORMATION_FOLLOW,1,1,17.2,-9.748,-9.758,-15.595,-13.209,-32.187,-35.735,-32.222,-35.683,-5.055,-5.056,-5.055,-5.064
,0.0,0.0,0.0,3.5496,5.8769,4.918,6.8401,3.4522,4.2199,1,1.7899,1.7899,LOST,0.0,FORMATION_WAIT_REJOIN|FORMATION_FOLLOW|FAILSAFE_HOLD_OR_RETREAT|FORMATION_FOLLOW,1,1,17.3,-9.718,-9.728,-15.595,-13.179,-32.188,-35.738,-32.222,-35.682,-5.055,-5.056,-5.055,-5.064
,0.0,0.0,0.0,3.5508,5.9062,4.9165,6.867,3.4528,4.2359,1,1.812,1.812,LOST,0.0,FORMATION_WAIT_REJOIN|FORMATION_FOLLOW|FAILSAFE_HOLD_OR_RETREAT|FORMATION_FOLLOW,1,1,17.4,-9.689,-9.698,-15.595,-13.15,-32.189,-35.74,-32.222,-35.681,-5.055,-5.056,-5.055,-5.064
,0.0,0.0,0.0,3.5523,5.9355,4.9141,6.8941,3.4533,4.2516,1,1.8342,1.8342,LOST,0.0,FORMATION_WAIT_REJOIN|FORMATION_FOLLOW|FAILSAFE_HOLD_OR_RETREAT|FORMATION_FOLLOW,1,1,17.5,-9.659,-9.668,-15.595,-13.121,-32.191,-35.743,-32.222,-35.679,-5.056,-5.056,-5.055,-5.064
,0.0,0.0,0.0,3.5534,5.9649,4.9113,6.9213,3.4537,4.2673,1,1.8565,1.8565,LOST,0.0,FORMATION_WAIT_REJOIN|FORMATION_FOLLOW|FAILSAFE_HOLD_OR_RETREAT|FORMATION_FOLLOW,1,1,17.6,-9.63,-9.638,-15.595,-13.091,-32.192,-35.746,-32.222,-35.677,-5.057,-5.056,-5.055,-5.064
,0.0,0.0,0.0,3.5547,5.9945,4.9088,6.9486,3.454,4.2833,1,1.8789,1.8789,LOST,0.0,FORMATION_WAIT_REJOIN|FORMATION_FOLLOW|FAILSAFE_HOLD_OR_RETREAT|FORMATION_FOLLOW,1,1,17.7,-9.6,-9.608,-15.595,-13.061,-32.194,-35.748,-32.222,-35.675,-5.057,-5.055,-5.055,-5.064
,0.0,0.0,0.0,3.556,6.0245,4.9066,6.9759,3.4544,4.2995,1,1.9013,1.9013,LOST,0.0,FORMATION_WAIT_REJOIN|FORMATION_FOLLOW|FAILSAFE_HOLD_OR_RETREAT|FORMATION_FOLLOW,1,1,17.8,-9.57,-9.578,-15.595,-13.031,-32.195,-35.751,-32.222,-35.673,-5.058,-5.055,-5.055,-5.064
,0.0,0.0,0.0,3.5568,6.0547,4.905,7.0024,3.4546,4.3157,1,1.9236,1.9236,LOST,0.0,FORMATION_WAIT_REJOIN|FORMATION_FOLLOW|FAILSAFE_HOLD_OR_RETREAT|FORMATION_FOLLOW,1,1,17.9,-9.54,-9.548,-15.595,-13.002,-32.196,-35.753,-32.222,-35.672,-5.058,-5.055,-5.055,-5.063
,0.0,0.0,0.0,3.5568,6.0849,4.9031,7.0281,3.454,4.332,1,1.9459,1.9459,LOST,0.0,FORMATION_WAIT_REJOIN|FORMATION_FOLLOW|FAILSAFE_HOLD_OR_RETREAT|FORMATION_FOLLOW,1,1,18.0,-9.51,-9.519,-15.595,-12.972,-32.198,-35.754,-32.222,-35.669,-5.059,-5.055,-5.055,-5.063
,0.0,0.0,0.0,3.5567,6.1153,4.9012,7.0537,3.4536,4.3479,1,1.9681,1.9681,LOST,0.0,FORMATION_WAIT_REJOIN|FORMATION_FOLLOW|FAILSAFE_HOLD_OR_RETREAT|FORMATION_FOLLOW,1,1,18.1,-9.48,-9.49,-15.595,-12.943,-32.199,-35.755,-32.222,-35.667,-5.059,-5.055,-5.055,-5.062
,0.0,0.0,0.0,3.5564,6.146,4.8993,7.0793,3.4533,4.3638,1,1.9905,1.9905,LOST,0.0,FORMATION_WAIT_REJOIN|FORMATION_FOLLOW|FAILSAFE_HOLD_OR_RETREAT|FORMATION_FOLLOW,1,1,18.2,-9.449,-9.461,-15.595,-12.913,-32.2,-35.756,-32.222,-35.664,-5.06,-5.055,-5.055,-5.062
,0.0,0.0,0.0,3.5555,6.1771,4.8976,7.1052,3.4532,4.3802,1,2.0132,2.0132,LOST,0.0,FORMATION_WAIT_REJOIN|FORMATION_FOLLOW|FAILSAFE_HOLD_OR_RETREAT|FORMATION_FOLLOW,1,1,18.3,-9.418,-9.431,-15.595,-12.883,-32.201,-35.756,-32.222,-35.662,-5.06,-5.055,-5.055,-5.061
,0.0,0.0,0.0,3.5543,6.2083,4.896,7.1309,3.4533,4.3967,1,2.0358,2.0358,LOST,0.0,FORMATION_WAIT_REJOIN|FORMATION_FOLLOW|FAILSAFE_HOLD_OR_RETREAT|FORMATION_FOLLOW,1,1,18.4,-9.387,-9.401,-15.595,-12.853,-32.202,-35.756,-32.222,-35.659,-5.06,-5.055,-5.055,-5.061
,0.0,0.0,0.0,3.553,6.2393,4.8942,7.1566,3.453,4.4134,1,2.0585,2.0585,LOST,0.0,FORMATION_WAIT_REJOIN|FORMATION_FOLLOW|FAILSAFE_HOLD_OR_RETREAT|FORMATION_FOLLOW,1,1,18.5,-9.356,-9.372,-15.595,-12.823,-32.203,-35.756,-32.222,-35.656,-5.061,-5.055,-5.055,-5.061
,0.0,0.0,0.0,3.5523,6.2698,4.8922,7.1822,3.4526,4.4302,1,2.081,2.081,LOST,0.0,FORMATION_WAIT_REJOIN|FORMATION_FOLLOW|FAILSAFE_HOLD_OR_RETREAT|FORMATION_FOLLOW,1,1,18.6,-9.325,-9.342,-15.595,-12.793,-32.203,-35.756,-32.222,-35.654,-5.061,-5.056,-5.055,-5.061
,0.0,0.0,0.0,3.5524,6.2998,4.89,7.2077,3.4518,4.447,1,2.1034,2.1034,LOST,0.0,FORMATION_WAIT_REJOIN|FORMATION_FOLLOW|FAILSAFE_HOLD_OR_RETREAT|FORMATION_FOLLOW,1,1,18.7,-9.295,-9.313,-15.595,-12.763,-32.203,-35.756,-32.222,-35.651,-5.061,-5.056,-5.055,-5.061
,0.0,0.0,0.0,3.5525,6.3296,4.8875,7.233,3.4505,4.4641,1,2.1257,2.1257,LOST,0.0,FORMATION_WAIT_REJOIN|FORMATION_WAIT_REJOIN|FAILSAFE_HOLD_OR_RETREAT|FORMATION_FOLLOW,1,1,18.8,-9.265,-9.284,-15.595,-12.733,-32.203,-35.756,-32.222,-35.648,-5.062,-5.057,-5.055,-5.06
,0.0,0.0,0.0,3.5523,6.3596,4.8848,7.2586,3.4495,4.4812,1,2.1481,2.1481,LOST,0.0,FORMATION_WAIT_REJOIN|FORMATION_WAIT_REJOIN|FAILSAFE_HOLD_OR_RETREAT|FORMATION_FOLLOW,1,1,18.9,-9.235,-9.255,-15.595,-12.702,-32.204,-35.756,-32.222,-35.644,-5.062,-5.057,-5.055,-5.06
,0.0,0.0,0.0,3.5518,6.3893,4.8824,7.2844,3.449,4.4988,1,2.1705,2.1705,LOST,0.0,FORMATION_WAIT_REJOIN|FORMATION_WAIT_REJOIN|FAILSAFE_HOLD_OR_RETREAT|FORMATION_FOLLOW,1,1,19.0,-9.206,-9.225,-15.595,-12.672,-32.204,-35.755,-32.222,-35.642,-5.062,-5.058,-5.055,-5.06
,0.0,0.0,0.0,3.5516,6.4191,4.8808,7.3102,3.4489,4.5166,1,2.1929,2.1929,LOST,0.0,FORMATION_WAIT_REJOIN|FORMATION_WAIT_REJOIN|FAILSAFE_HOLD_OR_RETREAT|FORMATION_FOLLOW,1,1,19.1,-9.176,-9.195,-15.595,-12.642,-32.204,-35.755,-32.222,-35.64,-5.062,-5.058,-5.055,-5.06
,0.0,0.0,0.0,3.5521,6.4492,4.8798,7.3362,3.4488,4.5345,1,2.2152,2.2152,LOST,0.0,FORMATION_WAIT_REJOIN|FORMATION_WAIT_REJOIN|FAILSAFE_HOLD_OR_RETREAT|FORMATION_FOLLOW,1,1,19.2,-9.146,-9.166,-15.595,-12.612,-32.203,-35.755,-32.222,-35.637,-5.062,-5.058,-5.055,-5.06
,0.0,0.0,0.0,3.553,6.4793,4.8787,7.3621,3.4486,4.5521,1,2.2376,2.2376,LOST,0.0,FORMATION_WAIT_REJOIN|FORMATION_WAIT_REJOIN|FAILSAFE_HOLD_OR_RETREAT|FORMATION_FOLLOW,1,1,19.3,-9.116,-9.136,-15.595,-12.583,-32.203,-35.756,-32.222,-35.635,-5.062,-5.058,-5.055,-5.059
,0.0,0.0,0.0,3.5539,6.5095,4.8773,7.3882,3.4485,4.5696,1,2.2599,2.2599,LOST,0.0,FORMATION_WAIT_REJOIN|FORMATION_WAIT_REJOIN|FAILSAFE_HOLD_OR_RETREAT|FORMATION_FOLLOW,1,1,19.4,-9.085,-9.107,-15.595,-12.553,-32.202,-35.756,-32.222,-35.632,-5.062,-5.058,-5.055,-5.059
,0.0,0.0,0.0,3.5547,6.5397,4.8762,7.4144,3.4489,4.5871,1,2.2823,2.2823,LOST,0.0,FORMATION_WAIT_REJOIN|FORMATION_WAIT_REJOIN|FAILSAFE_HOLD_OR_RETREAT|FORMATION_FOLLOW,1,1,19.5,-9.055,-9.077,-15.595,-12.523,-32.201,-35.756,-32.222,-35.629,-5.062,-5.057,-5.055,-5.06
,0.0,0.0,0.0,3.5554,6.5701,4.8755,7.4407,3.4495,4.6049,1,2.3047,2.3047,LOST,0.0,FORMATION_WAIT_REJOIN|FORMATION_WAIT_REJOIN|FAILSAFE_HOLD_OR_RETREAT|FORMATION_FOLLOW,1,1,19.6,-9.025,-9.047,-15.595,-12.494,-32.201,-35.756,-32.222,-35.626,-5.062,-5.057,-5.055,-5.06
,0.0,0.0,0.0,3.5557,6.6006,4.8751,7.467,3.4502,4.623,1,2.3272,2.3272,LOST,0.0,FORMATION_WAIT_REJOIN|FORMATION_WAIT_REJOIN|FAILSAFE_HOLD_OR_RETREAT|FORMATION_FOLLOW,1,1,19.7,-8.994,-9.017,-15.595,-12.465,-32.2,-35.756,-32.222,-35.624,-5.061,-5.057,-5.055,-5.06
,0.0,0.0,0.0,3.5558,6.6313,4.8744,7.4933,3.4507,4.6413,1,2.3497,2.3497,LOST,0.0,FORMATION_WAIT_REJOIN|FORMATION_WAIT_REJOIN|FAILSAFE_HOLD_OR_RETREAT|FORMATION_FOLLOW,1,1,19.8,-8.964,-8.987,-15.595,-12.435,-32.2,-35.756,-32.222,-35.621,-5.061,-5.057,-5.055,-5.06
,0.0,0.0,0.0,3.5565,6.662,4.873,7.52,3.4507,4.6598,1,2.3724,2.3724,LOST,0.0,FORMATION_WAIT_REJOIN|FORMATION_WAIT_REJOIN|FAILSAFE_HOLD_OR_RETREAT|FORMATION_FOLLOW,1,1,19.9,-8.933,-8.957,-15.595,-12.405,-32.2,-35.756,-32.222,-35.619,-5.061,-5.057,-5.055,-5.06
,0.0,0.0,0.0,3.5575,6.6926,4.8713,7.5472,3.4508,4.6787,1,2.3953,2.3953,LOST,0.0,FORMATION_WAIT_REJOIN|FORMATION_WAIT_REJOIN|FAILSAFE_HOLD_OR_RETREAT|FORMATION_FOLLOW,1,1,20.0,-8.902,-8.927,-15.595,-12.375,-32.199,-35.757,-32.222,-35.616,-5.061,-5.057,-5.055,-5.06
,0.0,0.0,0.0,3.5588,6.7228,4.8696,7.5749,3.4517,4.6973,1,2.4182,2.4182,LOST,0.0,FORMATION_WAIT_REJOIN|FORMATION_WAIT_REJOIN|FAILSAFE_HOLD_OR_RETREAT|FORMATION_FOLLOW,1,1,20.1,-8.872,-8.896,-15.595,-12.345,-32.199,-35.758,-32.222,-35.613,-5.061,-5.056,-5.055,-5.06
,0.0,0.0,0.0,3.5601,6.7531,4.8691,7.6028,3.453,4.7168,1,2.441,2.441,LOST,0.0,FORMATION_WAIT_REJOIN|FORMATION_WAIT_REJOIN|FAILSAFE_HOLD_OR_RETREAT|FORMATION_FOLLOW,1,1,20.2,-8.842,-8.865,-15.595,-12.315,-32.198,-35.758,-32.222,-35.611,-5.06,-5.056,-5.055,-5.06
,0.0,0.0,0.0,3.561,6.7832,4.8692,7.6303,3.4536,4.7378,1,2.4638,2.4638,LOST,0.0,FORMATION_WAIT_REJOIN|FORMATION_WAIT_REJOIN|FAILSAFE_HOLD_OR_RETREAT|FORMATION_FOLLOW,1,1,20.3,-8.812,-8.834,-15.595,-12.284,-32.198,-35.759,-32.222,-35.611,-5.06,-5.056,-5.055,-5.06
,0.0,0.0,0.0,3.5613,6.8132,4.8699,7.6578,3.4543,4.7597,1,2.4866,2.4866,LOST,0.0,FORMATION_WAIT_REJOIN|FORMATION_WAIT_REJOIN|FAILSAFE_HOLD_OR_RETREAT|FORMATION_FOLLOW,1,1,20.4,-8.782,-8.803,-15.595,-12.254,-32.198,-35.759,-32.222,-35.612,-5.06,-5.056,-5.055,-5.059
,0.0,0.0,0.0,3.5612,6.8431,4.8712,7.6855,3.4553,4.7824,1,2.5094,2.5094,LOST,0.0,FORMATION_WAIT_REJOIN|FORMATION_WAIT_REJOIN|FAILSAFE_HOLD_OR_RETREAT|FORMATION_FOLLOW,1,1,20.5,-8.752,-8.772,-15.595,-12.224,-32.198,-35.759,-32.222,-35.614,-5.06,-5.056,-5.055,-5.059
,0.0,0.0,0.0,3.5606,6.8732,4.8736,7.7127,3.4565,4.8055,1,2.5321,2.5321,LOST,0.0,FORMATION_WAIT_REJOIN|FORMATION_WAIT_REJOIN|FAILSAFE_HOLD_OR_RETREAT|FORMATION_FOLLOW,1,1,20.6,-8.722,-8.741,-15.595,-12.194,-32.198,-35.758,-32.222,-35.617,-5.06,-5.057,-5.055,-5.059
,0.0,0.0,0.0,3.5596,6.903,4.8761,7.7401,3.4578,4.8291,1,2.5547,2.5547,LOST,0.0,FORMATION_WAIT_REJOIN|FORMATION_WAIT_REJOIN|FAILSAFE_HOLD_OR_RETREAT|FORMATION_FOLLOW,1,1,20.7,-8.692,-8.71,-15.595,-12.165,-32.198,-35.758,-32.222,-35.621,-5.06,-5.058,-5.055,-5.058
,0.0,0.0,0.0,3.5585,6.9328,4.8792,7.7674,3.4591,4.8532,1,2.5773,2.5773,LOST,0.0,FORMATION_WAIT_REJOIN|FORMATION_WAIT_REJOIN|FAILSAFE_HOLD_OR_RETREAT|FORMATION_FOLLOW,1,1,20.8,-8.662,-8.679,-15.595,-12.135,-32.199,-35.757,-32.222,-35.625,-5.06,-5.058,-5.055,-5.058
,0.0,0.0,0.0,3.5573,6.9628,4.8825,7.7945,3.4606,4.8771,1,2.5997,2.5997,LOST,0.0,FORMATION_WAIT_REJOIN|FORMATION_WAIT_REJOIN|FAILSAFE_HOLD_OR_RETREAT|FORMATION_FOLLOW,1,1,20.9,-8.632,-8.648,-15.595,-12.106,-32.199,-35.756,-32.222,-35.63,-5.06,-5.059,-5.055,-5.058
,0.0,0.0,0.0,3.5561,6.9927,4.886,7.8211,3.4615,4.9011,1,2.622,2.622,LOST,0.0,FORMATION_WAIT_REJOIN|FORMATION_WAIT_REJOIN|FAILSAFE_HOLD_OR_RETREAT|FORMATION_FOLLOW,1,1,21.0,-8.602,-8.618,-15.595,-12.077,-32.2,-35.756,-32.222,-35.634,-5.06,-5.059,-5.055,-5.058
,0.0,0.0,0.0,3.5547,7.0224,4.889,7.8476,3.462,4.9256,1,2.6444,2.6444,LOST,0.0,FORMATION_WAIT_REJOIN|FORMATION_WAIT_REJOIN|FAILSAFE_HOLD_OR_RETREAT|FORMATION_FOLLOW,1,1,21.1,-8.572,-8.587,-15.595,-12.047,-32.2,-35.755,-32.222,-35.639,-5.06,-5.059,-5.055,-5.058
,0.0,0.0,0.0,3.5532,7.0519,4.8918,7.8742,3.4624,4.9502,1,2.6668,2.6668,LOST,0.0,FORMATION_WAIT_REJOIN|FORMATION_WAIT_REJOIN|FAILSAFE_HOLD_OR_RETREAT|FORMATION_WAIT_REJOIN,1,1,21.2,-8.543,-8.557,-15.595,-12.018,-32.2,-35.753,-32.222,-35.643,-5.06,-5.059,-5.055,-5.058
,0.0,0.0,0.0,3.552,7.0813,4.8949,7.9007,3.4631,4.9745,1,2.689,2.689,LOST,0.0,FORMATION_WAIT_REJOIN|FORMATION_WAIT_REJOIN|FAILSAFE_HOLD_OR_RETREAT|FORMATION_WAIT_REJOIN,1,1,21.3,-8.514,-8.527,-15.595,-11.988,-32.2,-35.752,-32.222,-35.648,-5.06,-5.06,-5.055,-5.058
,0.0,0.0,0.0,3.5508,7.1105,4.8981,7.9273,3.4639,4.9988,1,2.7112,2.7112,LOST,0.0,FORMATION_WAIT_REJOIN|FORMATION_WAIT_REJOIN|FAILSAFE_HOLD_OR_RETREAT|FORMATION_WAIT_REJOIN,1,1,21.4,-8.484,-8.496,-15.595,-11.959,-32.2,-35.751,-32.222,-35.652,-5.06,-5.06,-5.055,-5.058
,0.0,0.0,0.0,3.5499,7.1395,4.9008,7.9541,3.4647,5.0233,1,2.7335,2.7335,LOST,0.0,FORMATION_WAIT_REJOIN|FORMATION_WAIT_REJOIN|FAILSAFE_HOLD_OR_RETREAT|FORMATION_WAIT_REJOIN,1,1,21.5,-8.455,-8.466,-15.595,-11.929,-32.2,-35.75,-32.222,-35.657,-5.059,-5.06,-5.055,-5.058
,0.0,0.0,0.0,3.5494,7.1687,4.9037,7.9812,3.4653,5.048,1,2.7558,2.7558,LOST,0.0,FORMATION_WAIT_REJOIN|FORMATION_WAIT_REJOIN|FAILSAFE_HOLD_OR_RETREAT|FORMATION_WAIT_REJOIN,1,1,21.6,-8.426,-8.436,-15.595,-11.9,-32.2,-35.749,-32.222,-35.661,-5.059,-5.059,-5.055,-5.058
,0.0,0.0,0.0,3.5491,7.1979,4.9061,8.008,3.4655,5.0726,1,2.778,2.778,LOST,0.0,FORMATION_WAIT_REJOIN|FORMATION_WAIT_REJOIN|FAILSAFE_HOLD_OR_RETREAT|FORMATION_WAIT_REJOIN,1,1,21.7,-8.397,-8.405,-15.595,-11.87,-32.2,-35.749,-32.222,-35.665,-5.059,-5.059,-5.055,-5.059
,0.0,0.0,0.0,3.5484,7.2265,4.9076,8.0348,3.4656,5.0972,1,2.8002,2.8002,LOST,0.0,FORMATION_WAIT_REJOIN|FORMATION_WAIT_REJOIN|FAILSAFE_HOLD_OR_RETREAT|FORMATION_WAIT_REJOIN,1,1,21.8,-8.368,-8.375,-15.595,-11.84,-32.2,-35.748,-32.222,-35.669,-5.058,-5.059,-5.055,-5.06
,0.0,0.0,0.0,3.5479,7.2551,4.9092,8.0617,3.4657,5.1217,1,2.8224,2.8224,LOST,0.0,FORMATION_WAIT_REJOIN|FORMATION_WAIT_REJOIN|FAILSAFE_HOLD_OR_RETREAT|FORMATION_WAIT_REJOIN,1,1,21.9,-8.34,-8.345,-15.595,-11.81,-32.2,-35.748,-32.222,-35.672,-5.059,-5.059,-5.055,-5.06
,0.0,0.0,0.0,3.5472,7.284,4.9106,8.0881,3.4653,5.1459,1,2.8444,2.8444,LOST,0.0,FORMATION_WAIT_REJOIN|FORMATION_WAIT_REJOIN|FAILSAFE_HOLD_OR_RETREAT|FORMATION_WAIT_REJOIN,1,1,22.0,-8.311,-8.316,-15.595,-11.78,-32.2,-35.748,-32.222,-35.676,-5.059,-5.058,-5.055,-5.061
,0.0,0.0,0.0,3.5468,7.313,4.9119,8.1144,3.4647,5.17,1,2.8664,2.8664,LOST,0.0,FORMATION_WAIT_REJOIN|FORMATION_WAIT_REJOIN|FAILSAFE_HOLD_OR_RETREAT|FORMATION_WAIT_REJOIN,1,1,22.1,-8.282,-8.286,-15.595,-11.75,-32.201,-35.747,-32.222,-35.678,-5.059,-5.058,-5.055,-5.061
,0.0,0.0,0.0,3.5466,7.3419,4.9127,8.1408,3.4639,5.194,1,2.8885,2.8885,LOST,0.0,FORMATION_WAIT_REJOIN|FORMATION_WAIT_REJOIN|FAILSAFE_HOLD_OR_RETREAT|FORMATION_WAIT_REJOIN,1,1,22.2,-8.253,-8.257,-15.595,-11.721,-32.201,-35.748,-32.222,-35.681,-5.059,-5.058,-5.055,-5.062
,0.0,0.0,0.0,3.5466,7.3707,4.9131,8.1671,3.463,5.2177,1,2.9104,2.9104,LOST,0.0,FORMATION_WAIT_REJOIN|FORMATION_WAIT_REJOIN|FAILSAFE_HOLD_OR_RETREAT|FORMATION_WAIT_REJOIN,1,1,22.3,-8.224,-8.228,-15.595,-11.691,-32.201,-35.748,-32.222,-35.683,-5.06,-5.058,-5.055,-5.062
,0.0,0.0,0.0,3.5466,7.3996,4.9132,8.1936,3.4621,5.2414,1,2.9324,2.9324,LOST,0.0,FORMATION_WAIT_REJOIN|FORMATION_WAIT_REJOIN|FAILSAFE_HOLD_OR_RETREAT|FORMATION_WAIT_REJOIN,1,1,22.4,-8.195,-8.199,-15.595,-11.661,-32.202,-35.749,-32.222,-35.685,-5.06,-5.057,-5.055,-5.063
,0.0,0.0,0.0,3.5465,7.4286,4.9134,8.2203,3.4615,5.265,1,2.9544,2.9544,LOST,0.0,FORMATION_WAIT_REJOIN|FORMATION_WAIT_REJOIN|FAILSAFE_HOLD_OR_RETREAT|FORMATION_WAIT_REJOIN,1,1,22.5,-8.166,-8.17,-15.595,-11.631,-32.203,-35.749,-32.222,-35.687,-5.06,-5.057,-5.055,-5.063
,0.0,0.0,0.0,3.5469,7.4581,4.9144,8.2469,3.461,5.2885,1,2.9765,2.9765,LOST,0.0,FORMATION_WAIT_REJOIN|FORMATION_WAIT_REJOIN|FAILSAFE_HOLD_OR_RETREAT|FORMATION_WAIT_REJOIN,1,1,22.6,-8.137,-8.141,-15.595,-11.601,-32.203,-35.75,-32.222,-35.688,-5.06,-5.057,-5.055,-5.063
,0.0,0.0,0.0,3.5476,7.4881,4.9159,8.2737,3.4607,5.312,1,2.9988,2.9988,LOST,0.0,FORMATION_WAIT_REJOIN|FORMATION_WAIT_REJOIN|FAILSAFE_HOLD_OR_RETREAT|FORMATION_WAIT_REJOIN,1,1,22.7,-8.107,-8.111,-15.595,-11.571,-32.203,-35.75,-32.222,-35.69,-5.061,-5.057,-5.055,-5.064
,0.0,0.0,0.0,3.5484,7.5182,4.9179,8.3008,3.4611,5.3353,1,3.0211,3.0211,LOST,0.0,FORMATION_WAIT_REJOIN|FORMATION_WAIT_REJOIN|FAILSAFE_HOLD_OR_RETREAT|FORMATION_WAIT_REJOIN,1,1,22.8,-8.077,-8.082,-15.595,-11.542,-32.202,-35.751,-32.222,-35.692,-5.061,-5.057,-5.055,-5.063
,0.0,0.0,0.0,3.5497,7.5481,4.9201,8.3277,3.4613,5.3586,1,3.0432,3.0432,LOST,0.0,FORMATION_WAIT_REJOIN|FORMATION_WAIT_REJOIN|FAILSAFE_HOLD_OR_RETREAT|FORMATION_WAIT_REJOIN,1,1,22.9,-8.047,-8.052,-15.595,-11.513,-32.201,-35.751,-32.222,-35.693,-5.061,-5.057,-5.055,-5.063
,0.0,0.0,0.0,3.5509,7.5781,4.9224,8.3544,3.4611,5.3823,1,3.0654,3.0654,LOST,0.0,FORMATION_WAIT_REJOIN|FORMATION_WAIT_REJOIN|FAILSAFE_HOLD_OR_RETREAT|FORMATION_WAIT_REJOIN,1,1,23.0,-8.017,-8.023,-15.595,-11.483,-32.201,-35.751,-32.222,-35.695,-5.062,-5.056,-5.055,-5.063
,0.0,0.0,0.0,3.5525,7.6081,4.9241,8.3815,3.4605,5.4064,1,3.0878,3.0878,LOST,0.0,FORMATION_WAIT_REJOIN|FORMATION_WAIT_REJOIN|FAILSAFE_HOLD_OR_RETREAT|FORMATION_WAIT_REJOIN,1,1,23.1,-7.987,-7.993,-15.595,-11.453,-32.2,-35.752,-32.222,-35.697,-5.062,-5.056,-5.055,-5.063
,0.0,0.0,0.0,3.5549,7.6383,4.9256,8.409,3.4597,5.4307,1,3.1104,3.1104,LOST,0.0,FORMATION_WAIT_REJOIN|FORMATION_WAIT_REJOIN|FAILSAFE_HOLD_OR_RETREAT|FORMATION_WAIT_REJOIN,1,1,23.2,-7.957,-7.964,-15.595,-11.423,-32.199,-35.754,-32.222,-35.698,-5.062,-5.056,-5.055,-5.063
,0.0,0.0,0.0,3.5568,7.6686,4.9273,8.4366,3.4593,5.455,1,3.133,3.133,LOST,0.0,FORMATION_WAIT_REJOIN|FORMATION_WAIT_REJOIN|FAILSAFE_HOLD_OR_RETREAT|FORMATION_WAIT_REJOIN,1,1,23.3,-7.926,-7.934,-15.595,-11.393,-32.198,-35.755,-32.222,-35.7,-5.062,-5.056,-5.055,-5.063
,0.0,0.0,0.0,3.5579,7.6991,4.9293,8.464,3.4593,5.4791,1,3.1555,3.1555,LOST,0.0,FORMATION_WAIT_REJOIN|FORMATION_WAIT_REJOIN|FAILSAFE_HOLD_OR_RETREAT|FORMATION_WAIT_REJOIN,1,1,23.4,-7.896,-7.904,-15.595,-11.363,-32.198,-35.756,-32.222,-35.702,-5.062,-5.056,-5.055,-5.063
,0.0,0.0,0.0,3.5592,7.7297,4.932,8.4912,3.4597,5.5029,1,3.1779,3.1779,LOST,0.0,FORMATION_WAIT_REJOIN|FORMATION_WAIT_REJOIN|FAILSAFE_HOLD_OR_RETREAT|FORMATION_WAIT_REJOIN,1,1,23.5,-7.865,-7.874,-15.595,-11.334,-32.197,-35.756,-32.222,-35.704,-5.062,-5.056,-5.055,-5.062
,0.0,0.0,0.0,3.5602,7.7604,4.935,8.5181,3.4602,5.5263,1,3.2001,3.2001,LOST,0.0,FORMATION_WAIT_REJOIN|FORMATION_WAIT_REJOIN|FAILSAFE_HOLD_OR_RETREAT|FORMATION_WAIT_REJOIN,1,1,23.6,-7.835,-7.845,-15.595,-11.305,-32.196,-35.757,-32.222,-35.705,-5.062,-5.056,-5.055,-5.061
,0.0,0.0,0.0,3.5612,7.791,4.9379,8.5451,3.4613,5.5493,1,3.2223,3.2223,LOST,0.0,FORMATION_WAIT_REJOIN|FORMATION_WAIT_REJOIN|FAILSAFE_HOLD_OR_RETREAT|FORMATION_WAIT_REJOIN,1,1,23.7,-7.804,-7.815,-15.595,-11.276,-32.196,-35.757,-32.222,-35.707,-5.063,-5.057,-5.055,-5.061
,0.0,0.0,0.0,3.5623,7.8217,4.941,8.5724,3.4625,5.5725,1,3.2445,3.2445,LOST,0.0,FORMATION_WAIT_REJOIN|FORMATION_WAIT_REJOIN|FAILSAFE_HOLD_OR_RETREAT|FORMATION_WAIT_REJOIN,1,1,23.8,-7.773,-7.786,-15.595,-11.248,-32.195,-35.757,-32.222,-35.708,-5.063,-5.057,-5.055,-5.06
,0.0,0.0,0.0,3.5636,7.8522,4.9436,8.6002,3.4641,5.5955,1,3.2669,3.2669,LOST,0.0,FORMATION_WAIT_REJOIN|FORMATION_WAIT_REJOIN|FAILSAFE_HOLD_OR_RETREAT|FORMATION_WAIT_REJOIN,1,1,23.9,-7.743,-7.755,-15.595,-11.219,-32.194,-35.758,-32.222,-35.709,-5.064,-5.058,-5.055,-5.059
,0.0,0.0,0.0,3.5645,7.8825,4.9456,8.6281,3.4656,5.6188,1,3.2893,3.2893,LOST,0.0,FORMATION_WAIT_REJOIN|FORMATION_WAIT_REJOIN|FAILSAFE_HOLD_OR_RETREAT|FORMATION_WAIT_REJOIN,1,1,24.0,-7.712,-7.725,-15.595,-11.19,-32.194,-35.758,-32.222,-35.71,-5.065,-5.059,-5.055,-5.059
,0.0,0.0,0.0,3.5652,7.9127,4.9475,8.6559,3.4669,5.6424,1,3.3118,3.3118,LOST,0.0,FORMATION_WAIT_REJOIN|FORMATION_WAIT_REJOIN|FAILSAFE_HOLD_OR_RETREAT|FORMATION_WAIT_REJOIN,1,1,24.1,-7.682,-7.694,-15.595,-11.161,-32.193,-35.758,-32.222,-35.711,-5.066,-5.06,-5.055,-5.058
,0.0,0.0,0.0,3.5657,7.9431,4.9497,8.6839,3.4684,5.6659,1,3.3343,3.3343,LOST,0.0,FORMATION_WAIT_REJOIN|FORMATION_WAIT_REJOIN|FAILSAFE_HOLD_OR_RETREAT|FORMATION_WAIT_REJOIN,1,1,24.2,-7.652,-7.664,-15.595,-11.132,-32.193,-35.758,-32.222,-35.712,-5.066,-5.06,-5.055,-5.057
,0.0,0.0,0.0,3.5661,7.9737,4.9519,8.7117,3.4701,5.6893,1,3.3568,3.3568,LOST,0.0,FORMATION_WAIT_REJOIN|FORMATION_WAIT_REJOIN|FAILSAFE_HOLD_OR_RETREAT|FORMATION_WAIT_REJOIN,1,1,24.3,-7.621,-7.633,-15.595,-11.103,-32.192,-35.758,-32.222,-35.713,-5.067,-5.06,-5.055,-5.057
,0.0,0.0,0.0,3.566,8.0046,4.9536,8.7396,3.4717,5.7123,1,3.3794,3.3794,LOST,0.0,FORMATION_WAIT_REJOIN|FORMATION_WAIT_REJOIN|FAILSAFE_HOLD_OR_RETREAT|FORMATION_WAIT_REJOIN,1,1,24.4,-7.59,-7.603,-15.595,-11.074,-32.192,-35.758,-32.222,-35.714,-5.068,-5.06,-5.055,-5.056
,0.0,0.0,0.0,3.5657,8.0357,4.9552,8.7673,3.4732,5.7352,1,3.4019,3.4019,LOST,0.0,FORMATION_WAIT_REJOIN|FORMATION_WAIT_REJOIN|FAILSAFE_HOLD_OR_RETREAT|FORMATION_WAIT_REJOIN,1,1,24.5,-7.559,-7.572,-15.595,-11.045,-32.192,-35.758,-32.222,-35.714,-5.068,-5.059,-5.055,-5.055
,0.0,0.0,0.0,3.5653,8.067,4.9569,8.795,3.4746,5.7583,1,3.4245,3.4245,LOST,0.0,FORMATION_WAIT_REJOIN|FORMATION_WAIT_REJOIN|FAILSAFE_HOLD_OR_RETREAT|FORMATION_WAIT_REJOIN,1,1,24.6,-7.528,-7.542,-15.595,-11.016,-32.193,-35.758,-32.222,-35.714,-5.068,-5.059,-5.055,-5.054
,0.0,0.0,0.0,3.565,8.0982,4.9588,8.8227,3.4761,5.7816,1,3.447,3.447,LOST,0.0,FORMATION_WAIT_REJOIN|FORMATION_WAIT_REJOIN|FAILSAFE_HOLD_OR_RETREAT|FORMATION_WAIT_REJOIN,1,1,24.7,-7.497,-7.512,-15.595,-10.988,-32.193,-35.758,-32.222,-35.715,-5.068,-5.059,-5.055,-5.053
,0.0,0.0,0.0,3.5647,8.1293,4.9608,8.8505,3.4777,5.8049,1,3.4695,3.4695,LOST,0.0,FORMATION_WAIT_REJOIN|FORMATION_WAIT_REJOIN|FAILSAFE_HOLD_OR_RETREAT|FORMATION_WAIT_REJOIN,1,1,24.8,-7.466,-7.482,-15.595,-10.959,-32.194,-35.758,-32.222,-35.716,-5.068,-5.059,-5.055,-5.053
,0.0,0.0,0.0,3.5645,8.1603,4.9626,8.8781,3.479,5.8284,1,3.492,3.492,LOST,0.0,FORMATION_WAIT_REJOIN|FORMATION_WAIT_REJOIN|FAILSAFE_HOLD_OR_RETREAT|FORMATION_WAIT_REJOIN,1,1,24.9,-7.435,-7.452,-15.595,-10.93,-32.194,-35.758,-32.222,-35.716,-5.067,-5.059,-5.055,-5.052
,0.0,0.0,0.0,3.5645,8.1912,4.9643,8.9059,3.4802,5.8521,1,3.5146,3.5146,LOST,0.0,FORMATION_WAIT_REJOIN|FORMATION_WAIT_REJOIN|FAILSAFE_HOLD_OR_RETREAT|FORMATION_WAIT_REJOIN,1,1,25.0,-7.404,-7.421,-15.595,-10.901,-32.194,-35.759,-32.222,-35.717,-5.067,-5.059,-5.055,-5.052
,0.0,0.0,0.0,3.5645,8.222,4.9657,8.9336,3.4811,5.8758,1,3.537,3.537,LOST,0.0,FORMATION_WAIT_REJOIN|FORMATION_WAIT_REJOIN|FAILSAFE_HOLD_OR_RETREAT|FORMATION_WAIT_REJOIN,1,1,25.1,-7.373,-7.391,-15.595,-10.872,-32.195,-35.759,-32.222,-35.718,-5.067,-5.06,-5.055,-5.052
,0.0,0.0,0.0,3.564,8.2527,4.9666,8.9614,3.482,5.8996,1,3.5595,3.5595,LOST,0.0,FORMATION_WAIT_REJOIN|FORMATION_WAIT_REJOIN|FAILSAFE_HOLD_OR_RETREAT|FORMATION_WAIT_REJOIN,1,1,25.2,-7.342,-7.361,-15.595,-10.843,-32.196,-35.76,-32.222,-35.718,-5.067,-5.06,-5.055,-5.052
,0.0,0.0,0.0,3.5635,8.2835,4.9676,8.9893,3.4831,5.9234,1,3.582,3.582,LOST,0.0,FORMATION_WAIT_REJOIN|FORMATION_WAIT_REJOIN|FAILSAFE_HOLD_OR_RETREAT|FORMATION_WAIT_REJOIN,1,1,25.3,-7.311,-7.331,-15.595,-10.814,-32.197,-35.76,-32.222,-35.719,-5.067,-5.061,-5.055,-5.052
,0.0,0.0,0.0,3.5627,8.3144,4.9687,9.0168,3.4838,5.9475,1,3.6045,3.6045,LOST,0.0,FORMATION_WAIT_REJOIN|FORMATION_WAIT_REJOIN|FAILSAFE_HOLD_OR_RETREAT|FORMATION_WAIT_REJOIN,1,1,25.4,-7.281,-7.301,-15.595,-10.785,-32.197,-35.76,-32.222,-35.72,-5.068,-5.061,-5.055,-5.052
,0.0,0.0,0.0,3.5618,8.3454,4.97,9.0439,3.484,5.9718,1,3.627,3.627,LOST,0.0,FORMATION_WAIT_REJOIN|FORMATION_WAIT_REJOIN|FAILSAFE_HOLD_OR_RETREAT|FORMATION_WAIT_REJOIN,1,1,25.5,-7.249,-7.272,-15.595,-10.756,-32.198,-35.76,-32.222,-35.721,-5.068,-5.061,-5.055,-5.053
,0.0,0.0,0.0,3.5613,8.3768,4.9716,9.0709,3.484,5.996,1,3.6495,3.6495,LOST,0.0,FORMATION_WAIT_REJOIN|FORMATION_WAIT_REJOIN|FAILSAFE_HOLD_OR_RETREAT|FORMATION_WAIT_REJOIN,1,1,25.6,-7.218,-7.242,-15.595,-10.726,-32.198,-35.76,-32.222,-35.721,-5.068,-5.062,-5.055,-5.053
,0.0,0.0,0.0,3.5618,8.4081,4.9728,9.0983,3.4838,6.0203,1,3.6721,3.6721,LOST,0.0,FORMATION_WAIT_REJOIN|FORMATION_WAIT_REJOIN|FAILSAFE_HOLD_OR_RETREAT|FORMATION_WAIT_REJOIN,1,1,25.7,-7.187,-7.213,-15.595,-10.696,-32.199,-35.761,-32.222,-35.722,-5.068,-5.062,-5.055,-5.053
,0.0,0.0,0.0,3.5627,8.4393,4.9741,9.1257,3.4834,6.0448,1,3.6946,3.6946,LOST,0.0,FORMATION_WAIT_REJOIN|FORMATION_WAIT_REJOIN|FAILSAFE_HOLD_OR_RETREAT|FORMATION_WAIT_REJOIN,1,1,25.8,-7.156,-7.184,-15.595,-10.667,-32.199,-35.762,-32.222,-35.722,-5.068,-5.062,-5.055,-5.053
,0.0,0.0,0.0,3.5634,8.4702,4.975,9.1532,3.4829,6.0694,1,3.7172,3.7172,LOST,0.0,FORMATION_WAIT_REJOIN|FORMATION_WAIT_REJOIN|FAILSAFE_HOLD_OR_RETREAT|FORMATION_WAIT_REJOIN,1,1,25.9,-7.125,-7.154,-15.595,-10.637,-32.199,-35.763,-32.222,-35.723,-5.068,-5.062,-5.055,-5.053
,0.0,0.0,0.0,3.5638,8.5007,4.9753,9.1808,3.4824,6.0942,1,3.7398,3.7398,LOST,0.0,FORMATION_WAIT_REJOIN|FORMATION_WAIT_REJOIN|FAILSAFE_HOLD_OR_RETREAT|FORMATION_WAIT_REJOIN,1,1,26.0,-7.094,-7.125,-15.595,-10.607,-32.199,-35.763,-32.222,-35.723,-5.068,-5.062,-5.055,-5.053
,0.0,0.0,0.0,3.564,8.5313,4.9757,9.2086,3.4824,6.1188,1,3.7624,3.7624,LOST,0.0,FORMATION_WAIT_REJOIN|FORMATION_WAIT_REJOIN|FAILSAFE_HOLD_OR_RETREAT|FORMATION_WAIT_REJOIN,1,1,26.1,-7.064,-7.095,-15.595,-10.577,-32.2,-35.764,-32.222,-35.723,-5.068,-5.062,-5.055,-5.054
,0.0,0.0,0.0,3.5637,8.5618,4.9757,9.2361,3.4825,6.1431,1,3.7849,3.7849,LOST,0.0,FORMATION_WAIT_REJOIN|FORMATION_WAIT_REJOIN|FAILSAFE_HOLD_OR_RETREAT|FORMATION_WAIT_REJOIN,1,1,26.2,-7.033,-7.065,-15.595,-10.547,-32.2,-35.764,-32.222,-35.723,-5.067,-5.062,-5.055,-5.054
,0.0,0.0,0.0,3.563,8.5924,4.9753,9.2637,3.4825,6.1672,1,3.8075,3.8075,LOST,0.0,FORMATION_WAIT_REJOIN|FORMATION_WAIT_REJOIN|FAILSAFE_HOLD_OR_RETREAT|FORMATION_WAIT_REJOIN,1,1,26.3,-7.002,-7.035,-15.595,-10.517,-32.2,-35.763,-32.222,-35.722,-5.066,-5.062,-5.055,-5.055
,0.0,0.0,0.0,3.562,8.6233,4.975,9.2913,3.4827,6.1913,1,3.8302,3.8302,LOST,0.0,FORMATION_WAIT_REJOIN|FORMATION_WAIT_REJOIN|FAILSAFE_HOLD_OR_RETREAT|FORMATION_WAIT_REJOIN,1,1,26.4,-6.972,-7.005,-15.595,-10.487,-32.201,-35.763,-32.222,-35.721,-5.065,-5.062,-5.055,-5.055
,0.0,0.0,0.0,3.5621,8.6542,4.9751,9.3189,3.4828,6.2153,1,3.8527,3.8527,LOST,0.0,FORMATION_WAIT_REJOIN|FORMATION_WAIT_REJOIN|FAILSAFE_HOLD_OR_RETREAT|FORMATION_WAIT_REJOIN,1,1,26.5,-6.941,-6.975,-15.595,-10.458,-32.202,-35.764,-32.222,-35.72,-5.064,-5.062,-5.055,-5.056
,0.0,0.0,0.0,3.5634,8.6851,4.9755,9.3469,3.4828,6.2396,1,3.8752,3.8752,LOST,0.0,FORMATION_WAIT_REJOIN|FORMATION_WAIT_REJOIN|FAILSAFE_HOLD_OR_RETREAT|FORMATION_WAIT_REJOIN,1,1,26.6,-6.91,-6.946,-15.595,-10.428,-32.202,-35.765,-32.222,-35.72,-5.064,-5.062,-5.055,-5.056
,0.0,0.0,0.0,3.5639,8.7157,4.9753,9.3747,3.4827,6.2639,1,3.8977,3.8977,LOST,0.0,FORMATION_WAIT_REJOIN|FORMATION_WAIT_REJOIN|FAILSAFE_HOLD_OR_RETREAT|FORMATION_WAIT_REJOIN,1,1,26.7,-6.879,-6.916,-15.595,-10.399,-32.203,-35.766,-32.222,-35.72,-5.063,-5.062,-5.055,-5.056
,0.0,0.0,0.0,3.5638,8.7462,4.9747,9.4025,3.4826,6.2884,1,3.9202,3.9202,LOST,0.0,FORMATION_WAIT_REJOIN|FORMATION_WAIT_REJOIN|FAILSAFE_HOLD_OR_RETREAT|FORMATION_WAIT_REJOIN,1,1,26.8,-6.849,-6.886,-15.595,-10.369,-32.204,-35.767,-32.222,-35.719,-5.063,-5.062,-5.055,-5.057
,0.0,0.0,0.0,3.5636,8.7767,4.9747,9.4305,3.4829,6.3129,1,3.9427,3.9427,LOST,0.0,FORMATION_WAIT_REJOIN|FORMATION_WAIT_REJOIN|FAILSAFE_HOLD_OR_RETREAT|FORMATION_WAIT_REJOIN,1,1,26.9,-6.818,-6.856,-15.595,-10.339,-32.204,-35.768,-32.222,-35.719,-5.063,-5.062,-5.055,-5.057
,0.0,0.0,0.0,3.5637,8.8071,4.9754,9.4585,3.4838,6.3373,1,3.9652,3.9652,LOST,0.0,FORMATION_WAIT_REJOIN|FORMATION_WAIT_REJOIN|FAILSAFE_HOLD_OR_RETREAT|FORMATION_WAIT_REJOIN,1,1,27.0,-6.788,-6.826,-15.595,-10.31,-32.205,-35.768,-32.222,-35.719,-5.062,-5.062,-5.055,-5.057
,0.0,0.0,0.0,3.5636,8.8374,4.976,9.4868,3.485,6.3617,1,3.9876,3.9876,LOST,0.0,FORMATION_WAIT_REJOIN|FORMATION_WAIT_REJOIN|FAILSAFE_HOLD_OR_RETREAT|FORMATION_WAIT_REJOIN,1,1,27.1,-6.757,-6.796,-15.595,-10.281,-32.205,-35.769,-32.222,-35.719,-5.062,-5.062,-5.055,-5.057
,0.0,0.0,0.0,3.5637,8.8677,4.9761,9.5154,3.486,6.3864,1,4.0101,4.0101,LOST,0.0,FORMATION_WAIT_REJOIN|FORMATION_WAIT_REJOIN|FAILSAFE_HOLD_OR_RETREAT|FORMATION_WAIT_REJOIN,1,1,27.2,-6.727,-6.766,-15.595,-10.251,-32.206,-35.769,-32.222,-35.719,-5.062,-5.063,-5.055,-5.057
,0.0,0.0,0.0,3.5638,8.8979,4.9758,9.5438,3.4869,6.4108,1,4.0326,4.0326,LOST,0.0,FORMATION_WAIT_REJOIN|FORMATION_WAIT_REJOIN|FAILSAFE_HOLD_OR_RETREAT|FORMATION_WAIT_REJOIN,1,1,27.3,-6.697,-6.735,-15.595,-10.222,-32.207,-35.77,-32.222,-35.719,-5.061,-5.063,-5.055,-5.057
,0.0,0.0,0.0,3.5634,8.9283,4.9755,9.5721,3.4875,6.4355,1,4.0552,4.0552,LOST,0.0,FORMATION_WAIT_REJOIN|FORMATION_WAIT_REJOIN|FAILSAFE_HOLD_OR_RETREAT|FORMATION_WAIT_REJOIN,1,1,27.4,-6.667,-6.705,-15.595,-10.192,-32.207,-35.771,-32.222,-35.718,-5.061,-5.063,-5.055,-5.057
,0.0,0.0,0.0,3.5628,8.9589,4.9752,9.6003,3.488,6.4604,1,4.078,4.078,LOST,0.0,FORMATION_WAIT_REJOIN|FORMATION_WAIT_REJOIN|FAILSAFE_HOLD_OR_RETREAT|FORMATION_WAIT_REJOIN,1,1,27.5,-6.636,-6.675,-15.595,-10.162,-32.208,-35.771,-32.222,-35.718,-5.061,-5.063,-5.055,-5.058
,0.0,0.0,0.0,3.5617,8.9896,4.9747,9.6283,3.4882,6.4854,1,4.1008,4.1008,LOST,0.0,FORMATION_WAIT_REJOIN|FORMATION_WAIT_REJOIN|FAILSAFE_HOLD_OR_RETREAT|FORMATION_WAIT_REJOIN,1,1,27.6,-6.605,-6.644,-15.595,-10.132,-32.208,-35.77,-32.222,-35.717,-5.06,-5.064,-5.055,-5.058
,0.0,0.0,0.0,3.5602,9.0203,4.9739,9.6564,3.4884,6.5104,1,4.1237,4.1237,LOST,0.0,FORMATION_WAIT_REJOIN|FORMATION_WAIT_REJOIN|FAILSAFE_HOLD_OR_RETREAT|FORMATION_WAIT_REJOIN,1,1,27.7,-6.575,-6.614,-15.595,-10.102,-32.209,-35.769,-32.222,-35.716,-5.06,-5.065,-5.055,-5.059
,0.0,0.0,0.0,3.559,9.0506,4.9728,9.6848,3.4887,6.5358,1,4.1467,4.1467,LOST,0.0,FORMATION_WAIT_REJOIN|FORMATION_WAIT_REJOIN|FAILSAFE_HOLD_OR_RETREAT|FORMATION_WAIT_REJOIN,1,1,27.8,-6.544,-6.583,-15.595,-10.071,-32.209,-35.768,-32.222,-35.715,-5.06,-5.065,-5.055,-5.06
,0.0,0.0,0.0,3.5579,9.0812,4.9718,9.7133,3.489,6.5613,1,4.1697,4.1697,LOST,0.0,FORMATION_WAIT_REJOIN|FORMATION_WAIT_REJOIN|FAILSAFE_HOLD_OR_RETREAT|FORMATION_WAIT_REJOIN,1,1,27.9,-6.514,-6.552,-15.595,-10.04,-32.21,-35.767,-32.222,-35.714,-5.06,-5.066,-5.055,-5.061
,0.0,0.0,0.0,3.5572,9.112,4.9708,9.7416,3.4885,6.5869,1,4.1928,4.1928,LOST,0.0,FORMATION_WAIT_REJOIN|FORMATION_WAIT_REJOIN|FAILSAFE_HOLD_OR_RETREAT|FORMATION_WAIT_REJOIN,1,1,28.0,-6.483,-6.521,-15.595,-10.009,-32.21,-35.767,-32.222,-35.713,-5.06,-5.067,-5.055,-5.061
,0.0,0.0,0.0,3.5565,9.1432,4.9697,9.7697,3.4879,6.6126,1,4.216,4.216,LOST,0.0,FORMATION_WAIT_REJOIN|FORMATION_WAIT_REJOIN|FAILSAFE_HOLD_OR_RETREAT|FORMATION_WAIT_REJOIN,1,1,28.1,-6.452,-6.491,-15.595,-9.978,-32.21,-35.766,-32.222,-35.712,-5.06,-5.068,-5.055,-5.062
,0.0,0.0,0.0,3.5556,9.1744,4.9685,9.7977,3.4871,6.6382,1,4.2391,4.2391,LOST,0.0,FORMATION_WAIT_REJOIN|FORMATION_WAIT_REJOIN|FAILSAFE_HOLD_OR_RETREAT|FORMATION_WAIT_REJOIN,1,1,28.2,-6.42,-6.461,-15.595,-9.947,-32.21,-35.766,-32.222,-35.71,-5.061,-5.068,-5.055,-5.062
,0.0,0.0,0.0,3.5545,9.2054,4.9673,9.8256,3.4862,6.6639,1,4.2622,4.2622,LOST,0.0,FORMATION_WAIT_REJOIN|FORMATION_WAIT_REJOIN|FAILSAFE_HOLD_OR_RETREAT|FORMATION_WAIT_REJOIN,1,1,28.3,-6.389,-6.43,-15.595,-9.916,-32.211,-35.765,-32.222,-35.709,-5.061,-5.068,-5.055,-5.063
,0.0,0.0,0.0,3.5536,9.2358,4.9662,9.8535,3.4854,6.6899,1,4.2852,4.2852,LOST,0.0,FORMATION_WAIT_REJOIN|FORMATION_WAIT_REJOIN|FAILSAFE_HOLD_OR_RETREAT|FORMATION_WAIT_REJOIN,1,1,28.4,-6.359,-6.4,-15.595,-9.885,-32.21,-35.764,-32.222,-35.708,-5.061,-5.069,-5.055,-5.063
,0.0,0.0,0.0,3.5526,9.2661,4.965,9.8817,3.4849,6.716,1,4.3082,4.3082,LOST,0.0,FORMATION_WAIT_REJOIN|FORMATION_WAIT_REJOIN|FAILSAFE_HOLD_OR_RETREAT|FORMATION_WAIT_REJOIN,1,1,28.5,-6.329,-6.369,-15.595,-9.854,-32.21,-35.762,-32.222,-35.706,-5.061,-5.069,-5.055,-5.064
,0.0,0.0,0.0,3.551,9.2965,4.9637,9.9096,3.4844,6.7419,1,4.3311,4.3311,LOST,0.0,FORMATION_WAIT_REJOIN|FORMATION_WAIT_REJOIN|FAILSAFE_HOLD_OR_RETREAT|FORMATION_WAIT_REJOIN,1,1,28.6,-6.298,-6.339,-15.595,-9.823,-32.21,-35.761,-32.222,-35.705,-5.061,-5.069,-5.055,-5.064
,0.0,0.0,0.0,3.5488,9.327,4.9622,9.9373,3.4838,6.7676,1,4.354,4.354,LOST,0.0,FORMATION_WAIT_REJOIN|FORMATION_WAIT_REJOIN|FAILSAFE_HOLD_OR_RETREAT|FORMATION_WAIT_REJOIN,1,1,28.7,-6.268,-6.309,-15.595,-9.792,-32.211,-35.76,-32.222,-35.704,-5.061,-5.069,-5.055,-5.064
,0.0,0.0,0.0,3.5466,9.3576,4.9607,9.965,3.4833,6.7934,1,4.3769,4.3769,LOST,0.0,FORMATION_WAIT_REJOIN|FORMATION_WAIT_REJOIN|FAILSAFE_HOLD_OR_RETREAT|FORMATION_WAIT_REJOIN,1,1,28.8,-6.237,-6.279,-15.595,-9.761,-32.212,-35.758,-32.222,-35.703,-5.061,-5.069,-5.055,-5.065
,0.0,0.0,0.0,3.5446,9.3882,4.9589,9.9928,3.4826,6.8193,1,4.3999,4.3999,LOST,0.0,FORMATION_WAIT_REJOIN|FORMATION_WAIT_REJOIN|FAILSAFE_HOLD_OR_RETREAT|FORMATION_WAIT_REJOIN,1,1,28.9,-6.207,-6.248,-15.595,-9.73,-32.212,-35.757,-32.222,-35.702,-5.062,-5.069,-5.055,-5.065
,0.0,0.0,0.0,3.5435,9.4185,4.9575,10.0212,3.4824,6.8452,1,4.4227,4.4227,LOST,0.0,FORMATION_WAIT_REJOIN|FORMATION_WAIT_REJOIN|FAILSAFE_HOLD_OR_RETREAT|FORMATION_WAIT_REJOIN,1,1,29.0,-6.176,-6.218,-15.595,-9.7,-32.213,-35.756,-32.222,-35.701,-5.062,-5.069,-5.055,-5.065
,0.0,0.0,0.0,3.543,9.4487,4.9567,10.0493,3.4823,6.8707,1,4.4454,4.4454,LOST,0.0,FORMATION_WAIT_REJOIN|FORMATION_WAIT_REJOIN|FAILSAFE_HOLD_OR_RETREAT|FORMATION_WAIT_REJOIN,1,1,29.1,-6.146,-6.188,-15.595,-9.669,-32.213,-35.756,-32.222,-35.7,-5.062,-5.068,-5.055,-5.065
,0.0,0.0,0.0,3.5426,9.4785,4.956,10.0773,3.4825,6.896,1,4.4678,4.4678,LOST,0.0,FORMATION_WAIT_REJOIN|FORMATION_WAIT_REJOIN|FAILSAFE_HOLD_OR_RETREAT|FORMATION_WAIT_REJOIN,1,1,29.2,-6.116,-6.157,-15.595,-9.64,-32.213,-35.755,-32.222,-35.699,-5.062,-5.068,-5.055,-5.065
,0.0,0.0,0.0,3.5426,9.5082,4.9552,10.1057,3.483,6.9213,1,4.4903,4.4903,LOST,0.0,FORMATION_WAIT_REJOIN|FORMATION_WAIT_REJOIN|FAILSAFE_HOLD_OR_RETREAT|FORMATION_WAIT_REJOIN,1,1,29.3,-6.087,-6.127,-15.595,-9.61,-32.213,-35.755,-32.222,-35.698,-5.062,-5.069,-5.055,-5.065
,0.0,0.0,0.0,3.5428,9.538,4.9545,10.1338,3.4829,6.9469,1,4.5128,4.5128,LOST,0.0,FORMATION_WAIT_REJOIN|FORMATION_WAIT_REJOIN|FAILSAFE_HOLD_OR_RETREAT|FORMATION_WAIT_REJOIN,1,1,29.4,-6.057,-6.097,-15.595,-9.579,-32.212,-35.755,-32.222,-35.696,-5.062,-5.068,-5.055,-5.064
,0.0,0.0,0.0,3.5427,9.5678,4.9541,10.1615,3.4827,6.9725,1,4.5352,4.5352,LOST,0.0,FORMATION_WAIT_REJOIN|FORMATION_WAIT_REJOIN|FAILSAFE_HOLD_OR_RETREAT|FORMATION_WAIT_REJOIN,1,1,29.5,-6.027,-6.067,-15.595,-9.549,-32.212,-35.754,-32.222,-35.696,-5.061,-5.068,-5.055,-5.064
,0.0,0.0,0.0,3.5429,9.5977,4.9543,10.1893,3.4828,6.998,1,4.5576,4.5576,LOST,0.0,FORMATION_WAIT_REJOIN|FORMATION_WAIT_REJOIN|FAILSAFE_HOLD_OR_RETREAT|FORMATION_WAIT_REJOIN,1,1,29.6,-5.997,-6.037,-15.595,-9.52,-32.211,-35.754,-32.222,-35.695,-5.061,-5.068,-5.055,-5.063
,0.0,0.0,0.0,3.5428,9.6277,4.9545,10.2169,3.4831,7.0232,1,4.5799,4.5799,LOST,0.0,FORMATION_WAIT_REJOIN|FORMATION_WAIT_REJOIN|FAILSAFE_HOLD_OR_RETREAT|FORMATION_WAIT_REJOIN,1,1,29.7,-5.967,-6.008,-15.595,-9.49,-32.211,-35.753,-32.222,-35.694,-5.06,-5.067,-5.055,-5.063
,0.0,0.0,0.0,3.5429,9.6576,4.9548,10.2449,3.4835,7.0486,1,4.6022,4.6022,LOST,0.0,FORMATION_WAIT_REJOIN|FORMATION_WAIT_REJOIN|FAILSAFE_HOLD_OR_RETREAT|FORMATION_WAIT_REJOIN,1,1,29.8,-5.937,-5.978,-15.595,-9.461,-32.21,-35.753,-32.222,-35.694,-5.06,-5.067,-5.055,-5.063
,0.0,0.0,0.0,3.5432,9.6877,4.955,10.273,3.4838,7.0743,1,4.6247,4.6247,LOST,0.0,FORMATION_WAIT_REJOIN|FORMATION_WAIT_REJOIN|FAILSAFE_HOLD_OR_RETREAT|FORMATION_WAIT_REJOIN,1,1,29.9,-5.907,-5.948,-15.595,-9.431,-32.21,-35.752,-32.222,-35.693,-5.059,-5.067,-5.055,-5.063
,0.0,0.0,0.0,3.5438,9.7181,4.9552,10.3012,3.4836,7.1002,1,4.6474,4.6474,LOST,0.0,FORMATION_WAIT_REJOIN|FORMATION_WAIT_REJOIN|FAILSAFE_HOLD_OR_RETREAT|FORMATION_WAIT_REJOIN,1,1,30.0,-5.877,-5.918,-15.595,-9.401,-32.209,-35.752,-32.222,-35.692,-5.059,-5.067,-5.055,-5.063
,0.0,0.0,0.0,3.5445,9.7487,4.9563,10.3292,3.4838,7.1261,1,4.6699,4.6699,LOST,0.0,FORMATION_WAIT_REJOIN|FORMATION_WAIT_REJOIN|FAILSAFE_HOLD_OR_RETREAT|FORMATION_WAIT_REJOIN,1,1,30.1,-5.846,-5.888,-15.595,-9.371,-32.208,-35.752,-32.222,-35.692,-5.058,-5.066,-5.055,-5.063
,0.0,0.0,0.0,3.545,9.7793,4.9579,10.3571,3.484,7.152,1,4.6925,4.6925,LOST,0.0,FORMATION_WAIT_REJOIN|FORMATION_WAIT_REJOIN|FAILSAFE_HOLD_OR_RETREAT|FORMATION_WAIT_REJOIN,1,1,30.2,-5.816,-5.858,-15.595,-9.341,-32.207,-35.752,-32.222,-35.692,-5.058,-5.066,-5.055,-5.062
,0.0,0.0,0.0,3.5455,9.8097,4.9594,10.3852,3.4847,7.1779,1,4.7149,4.7149,LOST,0.0,FORMATION_WAIT_REJOIN|FORMATION_WAIT_REJOIN|FAILSAFE_HOLD_OR_RETREAT|FORMATION_WAIT_REJOIN,1,1,30.3,-5.785,-5.828,-15.595,-9.312,-32.206,-35.751,-32.222,-35.693,-5.058,-5.065,-5.055,-5.062
,0.0,0.0,0.0,3.5462,9.84,4.9608,10.4133,3.4852,7.2037,1,4.7374,4.7374,LOST,0.0,FORMATION_WAIT_REJOIN|FORMATION_WAIT_REJOIN|FAILSAFE_HOLD_OR_RETREAT|FORMATION_WAIT_REJOIN,1,1,30.4,-5.755,-5.798,-15.595,-9.282,-32.205,-35.751,-32.222,-35.693,-5.058,-5.064,-5.055,-5.062
,0.0,0.0,0.0,3.5466,9.8706,4.9622,10.4409,3.4853,7.2295,1,4.7598,4.7598,LOST,0.0,FORMATION_WAIT_REJOIN|FORMATION_WAIT_REJOIN|FAILSAFE_HOLD_OR_RETREAT|FORMATION_WAIT_REJOIN,1,1,30.5,-5.724,-5.768,-15.595,-9.253,-32.204,-35.75,-32.222,-35.693,-5.059,-5.064,-5.055,-5.062
,0.0,0.0,0.0,3.547,9.9013,4.9631,10.4687,3.4853,7.2552,1,4.7822,4.7822,LOST,0.0,FORMATION_WAIT_REJOIN|FORMATION_WAIT_REJOIN|FAILSAFE_HOLD_OR_RETREAT|FORMATION_WAIT_REJOIN,1,1,30.6,-5.694,-5.739,-15.595,-9.224,-32.203,-35.75,-32.222,-35.692,-5.059,-5.064,-5.055,-5.061
,0.0,0.0,0.0,3.5473,9.9323,4.9646,10.4963,3.4855,7.2808,1,4.8046,4.8046,LOST,0.0,FORMATION_WAIT_REJOIN|FORMATION_WAIT_REJOIN|FAILSAFE_HOLD_OR_RETREAT|FORMATION_WAIT_REJOIN,1,1,30.7,-5.663,-5.709,-15.595,-9.194,-32.203,-35.75,-32.222,-35.692,-5.059,-5.063,-5.055,-5.061
,0.0,0.0,0.0,3.5476,9.9635,4.9668,10.524,3.4858,7.3066,1,4.8271,4.8271,LOST,0.0,FORMATION_WAIT_REJOIN|FORMATION_WAIT_REJOIN|FAILSAFE_HOLD_OR_RETREAT|FORMATION_WAIT_REJOIN,1,1,30.8,-5.631,-5.68,-15.595,-9.165,-32.202,-35.75,-32.222,-35.692,-5.06,-5.062,-5.055,-5.06
,0.0,0.0,0.0,3.5477,9.9947,4.9693,10.5514,3.4862,7.3324,1,4.8494,4.8494,LOST,0.0,FORMATION_WAIT_REJOIN|FORMATION_WAIT_REJOIN|FAILSAFE_HOLD_OR_RETREAT|FORMATION_WAIT_REJOIN,1,1,30.9,-5.6,-5.65,-15.595,-9.136,-32.201,-35.749,-32.222,-35.693,-5.061,-5.062,-5.055,-5.059
,0.0,0.0,0.0,3.5475,10.0259,4.9721,10.5786,3.4865,7.3583,1,4.8718,4.8718,LOST,0.0,FORMATION_WAIT_REJOIN|FORMATION_WAIT_REJOIN|FAILSAFE_HOLD_OR_RETREAT|FORMATION_WAIT_REJOIN,1,1,31.0,-5.569,-5.621,-15.595,-9.107,-32.201,-35.748,-32.222,-35.694,-5.061,-5.062,-5.055,-5.059
,0.0,0.0,0.0,3.5473,10.057,4.9746,10.6058,3.4867,7.3842,1,4.894,4.894,LOST,0.0,FORMATION_WAIT_REJOIN|FORMATION_WAIT_REJOIN|FAILSAFE_HOLD_OR_RETREAT|FORMATION_WAIT_REJOIN,1,1,31.1,-5.538,-5.592,-15.595,-9.078,-32.2,-35.747,-32.222,-35.695,-5.061,-5.062,-5.055,-5.058
,0.0,0.0,0.0,3.547,10.0878,4.9764,10.6329,3.4863,7.4103,1,4.9162,4.9162,LOST,0.0,FORMATION_WAIT_REJOIN|FORMATION_WAIT_REJOIN|FAILSAFE_HOLD_OR_RETREAT|FORMATION_WAIT_REJOIN,1,1,31.2,-5.507,-5.563,-15.595,-9.049,-32.2,-35.747,-32.222,-35.696,-5.06,-5.061,-5.055,-5.058
,0.0,0.0,0.0,3.547,10.1186,4.9784,10.6601,3.4859,7.4367,1,4.9386,4.9386,LOST,0.0,FORMATION_WAIT_REJOIN|FORMATION_WAIT_REJOIN|FAILSAFE_HOLD_OR_RETREAT|FORMATION_WAIT_REJOIN,1,1,31.3,-5.476,-5.534,-15.595,-9.02,-32.2,-35.746,-32.222,-35.696,-5.06,-5.061,-5.055,-5.058
,0.0,0.0,0.0,3.5477,10.1496,4.9801,10.6877,3.4856,7.463,1,4.961,4.961,LOST,0.0,FORMATION_WAIT_REJOIN|FORMATION_WAIT_REJOIN|FAILSAFE_HOLD_OR_RETREAT|FORMATION_WAIT_REJOIN,1,1,31.4,-5.445,-5.505,-15.595,-8.99,-32.199,-35.746,-32.222,-35.697,-5.06,-5.061,-5.055,-5.057
,0.0,0.0,0.0,3.5482,10.1808,4.9817,10.7151,3.485,7.4893,1,4.9834,4.9834,LOST,0.0,FORMATION_WAIT_REJOIN|FORMATION_WAIT_REJOIN|FAILSAFE_HOLD_OR_RETREAT|FORMATION_WAIT_REJOIN,1,1,31.5,-5.414,-5.476,-15.595,-8.961,-32.199,-35.747,-32.222,-35.697,-5.06,-5.061,-5.055,-5.057
,0.0,0.0,0.0,3.5487,10.212,4.9834,10.7424,3.4843,7.5158,1,5.0058,5.0058,LOST,0.0,FORMATION_WAIT_REJOIN|FORMATION_WAIT_REJOIN|FAILSAFE_HOLD_OR_RETREAT|FORMATION_WAIT_REJOIN,1,1,31.6,-5.383,-5.447,-15.595,-8.931,-32.199,-35.747,-32.222,-35.698,-5.06,-5.061,-5.055,-5.057
,0.0,0.0,0.0,3.5492,10.2433,4.9851,10.7699,3.4836,7.5424,1,5.0283,5.0283,LOST,0.0,FORMATION_WAIT_REJOIN|FORMATION_WAIT_REJOIN|FAILSAFE_HOLD_OR_RETREAT|FORMATION_WAIT_REJOIN,1,1,31.7,-5.352,-5.418,-15.595,-8.902,-32.199,-35.747,-32.222,-35.698,-5.06,-5.061,-5.055,-5.057
,0.0,0.0,0.0,3.5496,10.2745,4.9866,10.7975,3.4831,7.5689,1,5.0508,5.0508,LOST,0.0,FORMATION_WAIT_REJOIN|FORMATION_WAIT_REJOIN|FAILSAFE_HOLD_OR_RETREAT|FORMATION_WAIT_REJOIN,1,1,31.8,-5.32,-5.389,-15.595,-8.872,-32.198,-35.747,-32.222,-35.699,-5.06,-5.06,-5.055,-5.058
,0.0,0.0,0.0,3.5495,10.3056,4.988,10.825,3.4825,7.5956,1,5.0733,5.0733,LOST,0.0,FORMATION_WAIT_REJOIN|FORMATION_WAIT_REJOIN|FAILSAFE_HOLD_OR_RETREAT|FORMATION_WAIT_REJOIN,1,1,31.9,-5.289,-5.36,-15.595,-8.842,-32.198,-35.747,-32.222,-35.699,-5.059,-5.06,-5.055,-5.058
,0.0,0.0,0.0,3.549,10.3366,4.9891,10.8523,3.4818,7.6222,1,5.0957,5.0957,LOST,0.0,FORMATION_WAIT_REJOIN|FORMATION_WAIT_REJOIN|FAILSAFE_HOLD_OR_RETREAT|FORMATION_WAIT_REJOIN,1,1,32.0,-5.258,-5.331,-15.595,-8.812,-32.198,-35.747,-32.222,-35.7,-5.059,-5.06,-5.055,-5.058
,0.0,0.0,0.0,3.5484,10.3675,4.9902,10.8802,3.4818,7.6487,1,5.1183,5.1183,LOST,0.0,FORMATION_WAIT_REJOIN|FORMATION_WAIT_REJOIN|FAILSAFE_HOLD_OR_RETREAT|FORMATION_WAIT_REJOIN,1,1,32.1,-5.227,-5.301,-15.595,-8.783,-32.198,-35.746,-32.222,-35.7,-5.059,-5.06,-5.055,-5.058
,0.0,0.0,0.0,3.548,10.3985,4.9914,10.9084,3.482,7.6755,1,5.141,5.141,LOST,0.0,FORMATION_WAIT_REJOIN|FORMATION_WAIT_REJOIN|FAILSAFE_HOLD_OR_RETREAT|FORMATION_WAIT_REJOIN,1,1,32.2,-5.196,-5.271,-15.595,-8.753,-32.198,-35.746,-32.222,-35.7,-5.059,-5.06,-5.055,-5.058
,0.0,0.0,0.0,3.5476,10.4297,4.9926,10.9367,3.4821,7.7023,1,5.1637,5.1637,LOST,0.0,FORMATION_WAIT_REJOIN|FORMATION_WAIT_REJOIN|FAILSAFE_HOLD_OR_RETREAT|FORMATION_WAIT_REJOIN,1,1,32.3,-5.165,-5.241,-15.595,-8.723,-32.198,-35.745,-32.222,-35.701,-5.059,-5.06,-5.055,-5.058
,0.0,0.0,0.0,3.5474,10.4607,4.9936,10.9646,3.4818,7.7291,1,5.1864,5.1864,LOST,0.0,FORMATION_WAIT_REJOIN|FORMATION_WAIT_REJOIN|FAILSAFE_HOLD_OR_RETREAT|FORMATION_WAIT_REJOIN,1,1,32.4,-5.134,-5.212,-15.595,-8.693,-32.198,-35.745,-32.222,-35.701,-5.059,-5.06,-5.055,-5.058
,0.0,0.0,0.0,3.547,10.4914,4.9944,10.9927,3.4819,7.7557,1,5.2089,5.2089,LOST,0.0,FORMATION_WAIT_REJOIN|FORMATION_WAIT_REJOIN|FAILSAFE_HOLD_OR_RETREAT|FORMATION_WAIT_REJOIN,1,1,32.5,-5.103,-5.182,-15.595,-8.664,-32.199,-35.745,-32.222,-35.701,-5.059,-5.06,-5.055,-5.059
,0.0,0.0,0.0,3.5476,10.522,4.9956,11.0213,3.4826,7.782,1,5.2313,5.2313,LOST,0.0,FORMATION_WAIT_REJOIN|FORMATION_WAIT_REJOIN|FAILSAFE_HOLD_OR_RETREAT|FORMATION_WAIT_REJOIN,1,1,32.6,-5.073,-5.152,-15.595,-8.634,-32.199,-35.745,-32.222,-35.702,-5.058,-5.06,-5.055,-5.059
,0.0,0.0,0.0,3.5488,10.5527,4.9971,11.0501,3.4837,7.8079,1,5.2538,5.2538,LOST,0.0,FORMATION_WAIT_REJOIN|FORMATION_WAIT_REJOIN|FAILSAFE_HOLD_OR_RETREAT|FORMATION_WAIT_REJOIN,1,1,32.7,-5.042,-5.122,-15.595,-8.605,-32.198,-35.746,-32.222,-35.702,-5.058,-5.059,-5.055,-5.06
,0.0,0.0,0.0,3.5495,10.5834,4.9987,11.0786,3.4851,7.8336,1,5.2761,5.2761,LOST,0.0,FORMATION_WAIT_REJOIN|FORMATION_WAIT_REJOIN|FAILSAFE_HOLD_OR_RETREAT|FORMATION_WAIT_REJOIN,1,1,32.8,-5.012,-5.092,-15.595,-8.577,-32.198,-35.747,-32.222,-35.702,-5.057,-5.059,-5.055,-5.06
,0.0,0.0,0.0,3.5496,10.6139,5.0003,11.107,3.486,7.8598,1,5.2984,5.2984,LOST,0.0,FORMATION_WAIT_REJOIN|FORMATION_WAIT_REJOIN|FAILSAFE_HOLD_OR_RETREAT|FORMATION_WAIT_REJOIN,1,1,32.9,-4.981,-5.062,-15.595,-8.548,-32.198,-35.747,-32.222,-35.702,-5.057,-5.058,-5.055,-5.06
,0.0,0.0,0.0,3.5497,10.6447,5.0023,11.1353,3.4867,7.8864,1,5.3209,5.3209,LOST,0.0,FORMATION_WAIT_REJOIN|FORMATION_WAIT_REJOIN|FAILSAFE_HOLD_OR_RETREAT|FORMATION_WAIT_REJOIN,1,1,33.0,-4.95,-5.032,-15.595,-8.519,-32.198,-35.746,-32.222,-35.703,-5.057,-5.057,-5.055,-5.06
,0.0,0.0,0.0,3.5496,10.6755,5.0046,11.1634,3.488,7.9123,1,5.3432,5.3432,LOST,0.0,FORMATION_WAIT_REJOIN|FORMATION_WAIT_REJOIN|FAILSAFE_HOLD_OR_RETREAT|FORMATION_WAIT_REJOIN,1,1,33.1,-4.919,-5.002,-15.595,-8.49,-32.197,-35.746,-32.222,-35.704,-5.057,-5.057,-5.055,-5.061
,0.0,0.0,0.0,3.549,10.7066,5.0064,11.1914,3.489,7.9381,1,5.3657,5.3657,LOST,0.0,FORMATION_WAIT_REJOIN|FORMATION_WAIT_REJOIN|FAILSAFE_HOLD_OR_RETREAT|FORMATION_WAIT_REJOIN,1,1,33.2,-4.888,-4.972,-15.595,-8.461,-32.197,-35.745,-32.222,-35.704,-5.057,-5.057,-5.055,-5.061
,0.0,0.0,0.0,3.5479,10.7377,5.0079,11.2196,3.4899,7.9644,1,5.3883,5.3883,LOST,0.0,FORMATION_WAIT_REJOIN|FORMATION_WAIT_REJOIN|FAILSAFE_HOLD_OR_RETREAT|FORMATION_WAIT_REJOIN,1,1,33.3,-4.857,-4.942,-15.595,-8.432,-32.196,-35.743,-32.222,-35.704,-5.057,-5.057,-5.055,-5.062
,0.0,0.0,0.0,3.5478,10.7686,5.0093,11.2484,3.4909,7.991,1,5.4111,5.4111,LOST,0.0,FORMATION_WAIT_REJOIN|FORMATION_WAIT_REJOIN|FAILSAFE_HOLD_OR_RETREAT|FORMATION_WAIT_REJOIN,1,1,33.4,-4.826,-4.912,-15.595,-8.402,-32.196,-35.743,-32.222,-35.704,-5.057,-5.057,-5.055,-5.062
,0.0,0.0,0.0,3.5483,10.7992,5.0107,11.2774,3.4918,8.0178,1,5.4338,5.4338,LOST,0.0,FORMATION_WAIT_REJOIN|FORMATION_WAIT_REJOIN|FAILSAFE_HOLD_OR_RETREAT|FORMATION_WAIT_REJOIN,1,1,33.5,-4.796,-4.881,-15.595,-8.373,-32.195,-35.742,-32.222,-35.704,-5.057,-5.056,-5.055,-5.061
,0.0,0.0,0.0,3.5487,10.8296,5.0117,11.3062,3.4925,8.0448,1,5.4565,5.4565,LOST,0.0,FORMATION_WAIT_REJOIN|FORMATION_WAIT_REJOIN|FAILSAFE_HOLD_OR_RETREAT|FORMATION_WAIT_REJOIN,1,1,33.6,-4.765,-4.851,-15.595,-8.343,-32.194,-35.742,-32.222,-35.704,-5.057,-5.056,-5.055,-5.061
,0.0,0.0,0.0,3.549,10.8598,5.0126,11.3351,3.4929,8.072,1,5.4792,5.4792,LOST,0.0,FORMATION_WAIT_REJOIN|FORMATION_WAIT_REJOIN|FAILSAFE_HOLD_OR_RETREAT|FORMATION_WAIT_REJOIN,1,1,33.7,-4.735,-4.82,-15.595,-8.313,-32.193,-35.741,-32.222,-35.704,-5.057,-5.056,-5.055,-5.061
,0.0,0.0,0.0,3.5489,10.8899,5.0132,11.3636,3.4932,8.0991,1,5.5017,5.5017,LOST,0.0,FORMATION_WAIT_REJOIN|FORMATION_WAIT_REJOIN|FAILSAFE_HOLD_OR_RETREAT|FORMATION_WAIT_REJOIN,1,1,33.8,-4.705,-4.79,-15.595,-8.283,-32.193,-35.741,-32.222,-35.704,-5.057,-5.056,-5.055,-5.06
,0.0,0.0,0.0,3.5484,10.92,5.014,11.3922,3.4937,8.1261,1,5.5243,5.5243,LOST,0.0,FORMATION_WAIT_REJOIN|FORMATION_WAIT_REJOIN|FAILSAFE_HOLD_OR_RETREAT|FORMATION_WAIT_REJOIN,1,1,33.9,-4.675,-4.76,-15.595,-8.253,-32.192,-35.74,-32.222,-35.705,-5.058,-5.056,-5.055,-5.06
,0.0,0.0,0.0,3.5474,10.95,5.0146,11.4209,3.4945,8.1532,1,5.5468,5.5468,LOST,0.0,FORMATION_WAIT_REJOIN|FORMATION_WAIT_REJOIN|FAILSAFE_HOLD_OR_RETREAT|FORMATION_WAIT_REJOIN,1,1,34.0,-4.645,-4.729,-15.595,-8.223,-32.193,-35.739,-32.222,-35.705,-5.058,-5.056,-5.055,-5.059
,0.0,0.0,0.0,3.5462,10.9797,5.0147,11.4495,3.4951,8.1802,1,5.5692,5.5692,LOST,0.0,FORMATION_WAIT_REJOIN|FORMATION_WAIT_REJOIN|FAILSAFE_HOLD_OR_RETREAT|FORMATION_WAIT_REJOIN,1,1,34.1,-4.615,-4.699,-15.595,-8.194,-32.193,-35.738,-32.222,-35.706,-5.059,-5.057,-5.055,-5.058
,0.0,0.0,0.0,3.5446,11.0096,5.0141,11.4783,3.4955,8.2077,1,5.5919,5.5919,LOST,0.0,FORMATION_WAIT_REJOIN|FORMATION_WAIT_REJOIN|FAILSAFE_HOLD_OR_RETREAT|FORMATION_WAIT_REJOIN,1,1,34.2,-4.585,-4.668,-15.595,-8.164,-32.194,-35.737,-32.222,-35.706,-5.059,-5.057,-5.055,-5.057
,0.0,0.0,0.0,3.543,11.0394,5.0133,11.5073,3.4959,8.2351,1,5.6146,5.6146,LOST,0.0,FORMATION_WAIT_REJOIN|FORMATION_WAIT_REJOIN|FAILSAFE_HOLD_OR_RETREAT|FORMATION_WAIT_REJOIN,1,1,34.3,-4.556,-4.638,-15.595,-8.133,-32.194,-35.737,-32.222,-35.706,-5.06,-5.058,-5.055,-5.056
,0.0,0.0,0.0,3.5424,11.0695,5.0129,11.5364,3.4964,8.2625,1,5.6372,5.6372,LOST,0.0,FORMATION_WAIT_REJOIN|FORMATION_WAIT_REJOIN|FAILSAFE_HOLD_OR_RETREAT|FORMATION_WAIT_REJOIN,1,1,34.4,-4.525,-4.607,-15.595,-8.103,-32.195,-35.737,-32.222,-35.707,-5.061,-5.058,-5.055,-5.055
,0.0,0.0,0.0,3.5422,11.0995,5.0127,11.5657,3.4971,8.2897,1,5.6598,5.6598,LOST,0.0,FORMATION_WAIT_REJOIN|FORMATION_WAIT_REJOIN|FAILSAFE_HOLD_OR_RETREAT|FORMATION_WAIT_REJOIN,1,1,34.5,-4.495,-4.576,-15.595,-8.073,-32.196,-35.738,-32.222,-35.707,-5.062,-5.059,-5.055,-5.054
,0.0,0.0,0.0,3.542,11.1292,5.0124,11.5953,3.4979,8.3172,1,5.6825,5.6825,LOST,0.0,FORMATION_WAIT_REJOIN|FORMATION_WAIT_REJOIN|FAILSAFE_HOLD_OR_RETREAT|FORMATION_WAIT_REJOIN,1,1,34.6,-4.466,-4.546,-15.595,-8.043,-32.197,-35.738,-32.222,-35.708,-5.063,-5.059,-5.055,-5.053
,0.0,0.0,0.0,3.5423,11.1587,5.0117,11.6254,3.4989,8.3449,1,5.7052,5.7052,LOST,0.0,FORMATION_WAIT_REJOIN|FORMATION_WAIT_REJOIN|FAILSAFE_HOLD_OR_RETREAT|FORMATION_WAIT_REJOIN,1,1,34.7,-4.436,-4.514,-15.595,-8.013,-32.198,-35.74,-32.222,-35.708,-5.063,-5.06,-5.055,-5.052
,0.0,0.0,0.0,3.5423,11.1881,5.0107,11.6557,3.5002,8.3725,1,5.7279,5.7279,LOST,0.0,FORMATION_WAIT_REJOIN|FORMATION_WAIT_REJOIN|FAILSAFE_HOLD_OR_RETREAT|FORMATION_WAIT_REJOIN,1,1,34.8,-4.407,-4.483,-15.595,-7.983,-32.199,-35.741,-32.222,-35.709,-5.064,-5.06,-5.055,-5.052
,0.0,0.0,0.0,3.5423,11.2175,5.0098,11.686,3.5017,8.3997,1,5.7506,5.7506,LOST,0.0,FORMATION_WAIT_REJOIN|FORMATION_WAIT_REJOIN|FAILSAFE_HOLD_OR_RETREAT|FORMATION_WAIT_REJOIN,1,1,34.9,-4.377,-4.452,-15.595,-7.953,-32.2,-35.742,-32.222,-35.709,-5.064,-5.061,-5.055,-5.051
,0.0,0.0,0.0,3.5423,11.2471,5.0089,11.7163,3.5033,8.427,1,5.7734,5.7734,LOST,0.0,FORMATION_WAIT_REJOIN|FORMATION_WAIT_REJOIN|FAILSAFE_HOLD_OR_RETREAT|FORMATION_WAIT_REJOIN,1,1,35.0,-4.348,-4.42,-15.595,-7.923,-32.201,-35.742,-32.222,-35.709,-5.064,-5.062,-5.055,-5.051
,0.0,0.0,0.0,3.5418,11.2769,5.0081,11.7465,3.5049,8.4542,1,5.7962,5.7962,LOST,0.0,FORMATION_WAIT_REJOIN|FORMATION_WAIT_REJOIN|FAILSAFE_HOLD_OR_RETREAT|FORMATION_WAIT_REJOIN,1,1,35.1,-4.318,-4.389,-15.595,-7.893,-32.202,-35.743,-32.222,-35.709,-5.063,-5.062,-5.055,-5.051
,0.0,0.0,0.0,3.5411,11.3065,5.0071,11.7765,3.5064,8.4814,1,5.8189,5.8189,LOST,0.0,FORMATION_WAIT_REJOIN|FORMATION_WAIT_REJOIN|FAILSAFE_HOLD_OR_RETREAT|FORMATION_WAIT_REJOIN,1,1,35.2,-4.288,-4.357,-15.595,-7.863,-32.203,-35.743,-32.222,-35.709,-5.063,-5.062,-5.055,-5.051
,0.0,0.0,0.0,3.5403,11.336,5.0059,11.8066,3.5077,8.5088,1,5.8417,5.8417,LOST,0.0,FORMATION_WAIT_REJOIN|FORMATION_WAIT_REJOIN|FAILSAFE_HOLD_OR_RETREAT|FORMATION_WAIT_REJOIN,1,1,35.3,-4.259,-4.326,-15.595,-7.833,-32.203,-35.743,-32.222,-35.708,-5.063,-5.063,-5.055,-5.051
,0.0,0.0,0.0,3.5395,11.3656,5.0044,11.8368,3.5088,8.5365,1,5.8647,5.8647,LOST,0.0,FORMATION_WAIT_REJOIN|FORMATION_WAIT_REJOIN|FAILSAFE_HOLD_OR_RETREAT|FORMATION_WAIT_REJOIN,1,1,35.4,-4.229,-4.294,-15.595,-7.803,-32.204,-35.743,-32.222,-35.708,-5.063,-5.063,-5.055,-5.051
,0.0,0.0,0.0,3.539,11.3954,5.0031,11.8668,3.5096,8.5642,1,5.8876,5.8876,LOST,0.0,FORMATION_WAIT_REJOIN|FORMATION_WAIT_REJOIN|FAILSAFE_HOLD_OR_RETREAT|FORMATION_WAIT_REJOIN,1,1,35.5,-4.199,-4.263,-15.595,-7.772,-32.205,-35.743,-32.222,-35.707,-5.062,-5.063,-5.055,-5.051
,0.0,0.0,0.0,3.5381,11.4254,5.0018,11.8968,3.5104,8.592,1,5.9106,5.9106,LOST,0.0,FORMATION_WAIT_REJOIN|FORMATION_WAIT_REJOIN|FAILSAFE_HOLD_OR_RETREAT|FORMATION_WAIT_REJOIN,1,1,35.6,-4.169,-4.231,-15.595,-7.742,-32.206,-35.743,-32.222,-35.707,-5.062,-5.063,-5.055,-5.052
,0.0,0.0,0.0,3.5367,11.4552,5.0002,11.9267,3.5112,8.62,1,5.9335,5.9335,LOST,0.0,FORMATION_WAIT_REJOIN|FORMATION_WAIT_REJOIN|FAILSAFE_HOLD_OR_RETREAT|FORMATION_WAIT_REJOIN,1,1,35.7,-4.14,-4.2,-15.595,-7.711,-32.207,-35.743,-32.222,-35.707,-5.062,-5.063,-5.055,-5.052
,0.0,0.0,0.0,3.5352,11.4849,4.9981,11.9565,3.5117,8.6478,1,5.9564,5.9564,LOST,0.0,FORMATION_WAIT_REJOIN|FORMATION_WAIT_REJOIN|FAILSAFE_HOLD_OR_RETREAT|FORMATION_WAIT_REJOIN,1,1,35.8,-4.11,-4.169,-15.595,-7.68,-32.209,-35.744,-32.222,-35.707,-5.061,-5.063,-5.055,-5.053
,0.0,0.0,0.0,3.5336,11.5144,4.9959,11.9862,3.5121,8.6757,1,5.9792,5.9792,LOST,0.0,FORMATION_WAIT_REJOIN|FORMATION_WAIT_REJOIN|FAILSAFE_HOLD_OR_RETREAT|FORMATION_WAIT_REJOIN,1,1,35.9,-4.08,-4.138,-15.595,-7.65,-32.21,-35.744,-32.222,-35.706,-5.061,-5.063,-5.055,-5.054
,0.0,0.0,0.0,3.5321,11.5439,4.9937,12.0159,3.5123,8.7039,1,6.0021,6.0021,LOST,0.0,FORMATION_WAIT_REJOIN|FORMATION_WAIT_REJOIN|FAILSAFE_HOLD_OR_RETREAT|FORMATION_WAIT_REJOIN,1,1,36.0,-4.051,-4.107,-15.595,-7.619,-32.212,-35.743,-32.222,-35.706,-5.061,-5.063,-5.055,-5.055
,0.0,0.0,0.0,3.5309,11.5734,4.9922,12.0454,3.5125,8.732,1,6.0249,6.0249,LOST,0.0,FORMATION_WAIT_REJOIN|FORMATION_WAIT_REJOIN|FAILSAFE_HOLD_OR_RETREAT|FORMATION_WAIT_REJOIN,1,1,36.1,-4.021,-4.076,-15.595,-7.588,-32.212,-35.743,-32.222,-35.706,-5.061,-5.062,-5.055,-5.056
,0.0,0.0,0.0,3.5302,11.6026,4.9907,12.0748,3.5126,8.7602,1,6.0476,6.0476,LOST,0.0,FORMATION_WAIT_REJOIN|FORMATION_WAIT_REJOIN|FAILSAFE_HOLD_OR_RETREAT|FORMATION_WAIT_REJOIN,1,1,36.2,-3.992,-4.045,-15.595,-7.557,-32.213,-35.743,-32.222,-35.706,-5.06,-5.062,-5.055,-5.057
,0.0,0.0,0.0,3.5298,11.6317,4.9892,12.1041,3.5123,8.7885,1,6.0702,6.0702,LOST,0.0,FORMATION_WAIT_REJOIN|FORMATION_WAIT_REJOIN|FAILSAFE_HOLD_OR_RETREAT|FORMATION_WAIT_REJOIN,1,1,36.3,-3.963,-4.014,-15.595,-7.526,-32.213,-35.743,-32.222,-35.705,-5.06,-5.061,-5.055,-5.057
,0.0,0.0,0.0,3.5299,11.6607,4.9878,12.1335,3.5123,8.8166,1,6.0928,6.0928,LOST,0.0,FORMATION_WAIT_REJOIN|FORMATION_WAIT_REJOIN|FAILSAFE_HOLD_OR_RETREAT|FORMATION_WAIT_REJOIN,1,1,36.4,-3.934,-3.984,-15.595,-7.496,-32.213,-35.743,-32.222,-35.705,-5.059,-5.061,-5.055,-5.058
,0.0,0.0,0.0,3.53,11.6897,4.9865,12.1627,3.5124,8.8444,1,6.1153,6.1153,LOST,0.0,FORMATION_WAIT_REJOIN|FORMATION_WAIT_REJOIN|FAILSAFE_HOLD_OR_RETREAT|FORMATION_WAIT_REJOIN,1,1,36.5,-3.905,-3.953,-15.595,-7.465,-32.213,-35.743,-32.222,-35.705,-5.059,-5.061,-5.055,-5.058
,0.0,0.0,0.0,3.5311,11.7191,4.9856,12.192,3.5127,8.8717,1,6.1377,6.1377,LOST,0.0,FORMATION_WAIT_REJOIN|FORMATION_WAIT_REJOIN|FAILSAFE_HOLD_OR_RETREAT|FORMATION_WAIT_REJOIN,1,1,36.6,-3.876,-3.923,-15.595,-7.435,-32.213,-35.744,-32.222,-35.704,-5.059,-5.061,-5.055,-5.058
,0.0,0.0,0.0,3.5326,11.7488,4.9853,12.2212,3.5132,8.8987,1,6.1601,6.1601,LOST,0.0,FORMATION_WAIT_REJOIN|FORMATION_WAIT_REJOIN|FAILSAFE_HOLD_OR_RETREAT|FORMATION_WAIT_REJOIN,1,1,36.7,-3.846,-3.893,-15.595,-7.406,-32.213,-35.745,-32.222,-35.704,-5.059,-5.061,-5.055,-5.058
,0.0,0.0,0.0,3.5334,11.7781,4.9848,12.2501,3.5135,8.9259,1,6.1824,6.1824,LOST,0.0,FORMATION_WAIT_REJOIN|FORMATION_WAIT_REJOIN|FAILSAFE_HOLD_OR_RETREAT|FORMATION_WAIT_REJOIN,1,1,36.8,-3.817,-3.863,-15.595,-7.376,-32.213,-35.746,-32.222,-35.703,-5.059,-5.061,-5.055,-5.059
,0.0,0.0,0.0,3.5334,11.8075,4.985,12.2789,3.5144,8.9527,1,6.2045,6.2045,LOST,0.0,FORMATION_WAIT_REJOIN|FORMATION_WAIT_REJOIN|FAILSAFE_HOLD_OR_RETREAT|FORMATION_WAIT_REJOIN,1,1,36.9,-3.787,-3.832,-15.595,-7.347,-32.212,-35.745,-32.222,-35.703,-5.059,-5.06,-5.055,-5.059
,0.0,0.0,0.0,3.5346,11.8369,4.9862,12.3077,3.5155,8.9795,1,6.2266,6.2266,LOST,0.0,FORMATION_WAIT_REJOIN|FORMATION_WAIT_REJOIN|FAILSAFE_HOLD_OR_RETREAT|FORMATION_WAIT_REJOIN,1,1,37.0,-3.758,-3.802,-15.595,-7.318,-32.211,-35.746,-32.222,-35.703,-5.059,-5.06,-5.055,-5.059
,0.0,0.0,0.0,3.5359,11.8664,4.9879,12.3367,3.5165,9.0066,1,6.2488,6.2488,LOST,0.0,FORMATION_WAIT_REJOIN|FORMATION_WAIT_REJOIN|FAILSAFE_HOLD_OR_RETREAT|FORMATION_WAIT_REJOIN,1,1,37.1,-3.728,-3.772,-15.595,-7.289,-32.21,-35.746,-32.222,-35.704,-5.059,-5.06,-5.055,-5.059
,0.0,0.0,0.0,3.537,11.8959,4.9896,12.3658,3.5178,9.0337,1,6.271,6.271,LOST,0.0,FORMATION_WAIT_REJOIN|FORMATION_WAIT_REJOIN|FAILSAFE_HOLD_OR_RETREAT|FORMATION_WAIT_REJOIN,1,1,37.2,-3.699,-3.742,-15.595,-7.26,-32.21,-35.746,-32.222,-35.705,-5.059,-5.06,-5.055,-5.059
,0.0,0.0,0.0,3.5381,11.9256,4.9911,12.395,3.5194,9.0606,1,6.2932,6.2932,LOST,0.0,FORMATION_WAIT_REJOIN|FORMATION_WAIT_REJOIN|FAILSAFE_HOLD_OR_RETREAT|FORMATION_WAIT_REJOIN,1,1,37.3,-3.669,-3.712,-15.595,-7.231,-32.209,-35.747,-32.222,-35.706,-5.059,-5.061,-5.055,-5.059
,0.0,0.0,0.0,3.5391,11.9551,4.9924,12.4241,3.5207,9.0876,1,6.3154,6.3154,LOST,0.0,FORMATION_WAIT_REJOIN|FORMATION_WAIT_REJOIN|FAILSAFE_HOLD_OR_RETREAT|FORMATION_WAIT_REJOIN,1,1,37.4,-3.64,-3.681,-15.595,-7.202,-32.208,-35.747,-32.222,-35.706,-5.058,-5.061,-5.055,-5.059
,0.0,0.0,0.0,3.5399,11.9847,4.9934,12.4528,3.5213,9.1148,1,6.3376,6.3376,LOST,0.0,FORMATION_WAIT_REJOIN|FORMATION_WAIT_REJOIN|FAILSAFE_HOLD_OR_RETREAT|FORMATION_WAIT_REJOIN,1,1,37.5,-3.61,-3.651,-15.595,-7.173,-32.208,-35.747,-32.222,-35.707,-5.058,-5.062,-5.055,-5.059
,0.0,0.0,0.0,3.5403,12.0146,4.9944,12.4814,3.5218,9.142,1,6.3598,6.3598,LOST,0.0,FORMATION_WAIT_REJOIN|FORMATION_WAIT_REJOIN|FAILSAFE_HOLD_OR_RETREAT|FORMATION_WAIT_REJOIN,1,1,37.6,-3.58,-3.622,-15.595,-7.143,-32.207,-35.747,-32.222,-35.707,-5.059,-5.063,-5.055,-5.058
,0.0,0.0,0.0,3.5406,12.0447,4.9955,12.5101,3.5223,9.1694,1,6.3822,6.3822,LOST,0.0,FORMATION_WAIT_REJOIN|FORMATION_WAIT_REJOIN|FAILSAFE_HOLD_OR_RETREAT|FORMATION_WAIT_REJOIN,1,1,37.7,-3.55,-3.592,-15.595,-7.114,-32.207,-35.747,-32.222,-35.708,-5.059,-5.063,-5.055,-5.058
,0.0,0.0,0.0,3.5408,12.075,4.9967,12.5388,3.5227,9.197,1,6.4047,6.4047,LOST,0.0,FORMATION_WAIT_REJOIN|FORMATION_WAIT_REJOIN|FAILSAFE_HOLD_OR_RETREAT|FORMATION_WAIT_REJOIN,1,1,37.8,-3.52,-3.562,-15.595,-7.084,-32.206,-35.747,-32.222,-35.708,-5.059,-5.064,-5.055,-5.058
,0.0,0.0,0.0,3.5407,12.1053,4.9976,12.5676,3.5229,9.2249,1,6.4273,6.4273,LOST,0.0,FORMATION_WAIT_REJOIN|FORMATION_WAIT_REJOIN|FAILSAFE_HOLD_OR_RETREAT|FORMATION_WAIT_REJOIN,1,1,37.9,-3.49,-3.532,-15.595,-7.054,-32.206,-35.746,-32.222,-35.709,-5.059,-5.065,-5.055,-5.058
,0.0,0.0,0.0,3.5402,12.1358,4.9985,12.5963,3.5229,9.253,1,6.4499,6.4499,LOST,0.0,FORMATION_WAIT_REJOIN|FORMATION_WAIT_REJOIN|FAILSAFE_HOLD_OR_RETREAT|FORMATION_WAIT_REJOIN,1,1,38.0,-3.459,-3.502,-15.595,-7.024,-32.206,-35.746,-32.222,-35.709,-5.059,-5.065,-5.055,-5.058
,0.0,0.0,0.0,3.5397,12.1661,4.9994,12.6248,3.5228,9.281,1,6.4724,6.4724,LOST,0.0,FORMATION_WAIT_REJOIN|FORMATION_WAIT_REJOIN|FAILSAFE_HOLD_OR_RETREAT|FORMATION_WAIT_REJOIN,1,1,38.1,-3.429,-3.472,-15.595,-6.994,-32.206,-35.745,-32.222,-35.71,-5.059,-5.065,-5.055,-5.059
,0.0,0.0,0.0,3.5394,12.1963,5.0003,12.6532,3.5227,9.3089,1,6.4949,6.4949,LOST,0.0,FORMATION_WAIT_REJOIN|FORMATION_WAIT_REJOIN|FAILSAFE_HOLD_OR_RETREAT|FORMATION_WAIT_REJOIN,1,1,38.2,-3.399,-3.442,-15.595,-6.964,-32.205,-35.744,-32.222,-35.71,-5.06,-5.066,-5.055,-5.058
,0.0,0.0,0.0,3.5392,12.2265,5.0014,12.6813,3.5226,9.3365,1,6.5173,6.5173,LOST,0.0,FORMATION_WAIT_REJOIN|FORMATION_WAIT_REJOIN|FAILSAFE_HOLD_OR_RETREAT|FORMATION_WAIT_REJOIN,1,1,38.3,-3.368,-3.412,-15.595,-6.935,-32.204,-35.743,-32.222,-35.711,-5.06,-5.066,-5.055,-5.058
,0.0,0.0,0.0,3.5392,12.2567,5.0025,12.7091,3.5225,9.3636,1,6.5395,6.5395,LOST,0.0,FORMATION_WAIT_REJOIN|FORMATION_WAIT_REJOIN|FAILSAFE_HOLD_OR_RETREAT|FORMATION_WAIT_REJOIN,1,1,38.4,-3.338,-3.383,-15.595,-6.905,-32.203,-35.742,-32.222,-35.711,-5.061,-5.066,-5.055,-5.059
,0.0,0.0,0.0,3.539,12.2871,5.0033,12.7372,3.5228,9.3905,1,6.5617,6.5617,LOST,0.0,FORMATION_WAIT_REJOIN|FORMATION_WAIT_REJOIN|FAILSAFE_HOLD_OR_RETREAT|FORMATION_WAIT_REJOIN,1,1,38.5,-3.308,-3.354,-15.595,-6.876,-32.203,-35.742,-32.222,-35.71,-5.062,-5.066,-5.055,-5.059
,0.0,0.0,0.0,3.5387,12.3175,5.0037,12.7658,3.5233,9.4174,1,6.5842,6.5842,LOST,0.0,FORMATION_WAIT_REJOIN|FORMATION_WAIT_REJOIN|FAILSAFE_HOLD_OR_RETREAT|FORMATION_WAIT_REJOIN,1,1,38.6,-3.277,-3.324,-15.595,-6.847,-32.202,-35.741,-32.222,-35.709,-5.062,-5.066,-5.055,-5.059
,0.0,0.0,0.0,3.5384,12.3477,5.0038,12.7944,3.5239,9.4443,1,6.6065,6.6065,LOST,0.0,FORMATION_WAIT_REJOIN|FORMATION_WAIT_REJOIN|FAILSAFE_HOLD_OR_RETREAT|FORMATION_WAIT_REJOIN,1,1,38.7,-3.247,-3.294,-15.595,-6.817,-32.202,-35.74,-32.222,-35.708,-5.062,-5.066,-5.055,-5.06
,0.0,0.0,0.0,3.539,12.3779,5.0041,12.8231,3.5243,9.4714,1,6.6289,6.6289,LOST,0.0,FORMATION_WAIT_REJOIN|FORMATION_WAIT_REJOIN|FAILSAFE_HOLD_OR_RETREAT|FORMATION_WAIT_REJOIN,1,1,38.8,-3.217,-3.264,-15.595,-6.788,-32.202,-35.74,-32.222,-35.707,-5.062,-5.065,-5.055,-5.06
,0.0,0.0,0.0,3.5398,12.4084,5.0045,12.8518,3.5242,9.499,1,6.6514,6.6514,LOST,0.0,FORMATION_WAIT_REJOIN|FORMATION_WAIT_REJOIN|FAILSAFE_HOLD_OR_RETREAT|FORMATION_WAIT_REJOIN,1,1,38.9,-3.186,-3.234,-15.595,-6.758,-32.201,-35.741,-32.222,-35.707,-5.062,-5.065,-5.055,-5.061
,0.0,0.0,0.0,3.5403,12.4392,5.005,12.8804,3.5236,9.527,1,6.6741,6.6741,LOST,0.0,FORMATION_WAIT_REJOIN|FORMATION_WAIT_REJOIN|FAILSAFE_HOLD_OR_RETREAT|FORMATION_WAIT_REJOIN,1,1,39.0,-3.156,-3.205,-15.595,-6.728,-32.201,-35.741,-32.222,-35.707,-5.062,-5.065,-5.055,-5.062
,0.0,0.0,0.0,3.5409,12.4702,5.0057,12.909,3.5231,9.5552,1,6.6968,6.6968,LOST,0.0,FORMATION_WAIT_REJOIN|FORMATION_WAIT_REJOIN|FAILSAFE_HOLD_OR_RETREAT|FORMATION_WAIT_REJOIN,1,1,39.1,-3.125,-3.175,-15.595,-6.698,-32.201,-35.741,-32.222,-35.706,-5.063,-5.065,-5.055,-5.062
,0.0,0.0,0.0,3.5413,12.5015,5.0063,12.9381,3.5225,9.5838,1,6.7199,6.7199,LOST,0.0,FORMATION_WAIT_REJOIN|FORMATION_WAIT_REJOIN|FAILSAFE_HOLD_OR_RETREAT|FORMATION_WAIT_REJOIN,1,1,39.2,-3.093,-3.145,-15.595,-6.667,-32.2,-35.741,-32.222,-35.706,-5.062,-5.064,-5.055,-5.062
,0.0,0.0,0.0,3.5415,12.5326,5.0061,12.9672,3.5214,9.6129,1,6.7431,6.7431,LOST,0.0,FORMATION_WAIT_REJOIN|FORMATION_WAIT_REJOIN|FAILSAFE_HOLD_OR_RETREAT|FORMATION_WAIT_REJOIN,1,1,39.3,-3.062,-3.114,-15.595,-6.636,-32.2,-35.741,-32.222,-35.706,-5.062,-5.064,-5.055,-5.062
,0.0,0.0,0.0,3.5417,12.5638,5.0058,12.9962,3.5202,9.6419,1,6.7663,6.7663,LOST,0.0,FORMATION_WAIT_REJOIN|FORMATION_WAIT_REJOIN|FAILSAFE_HOLD_OR_RETREAT|FORMATION_WAIT_REJOIN,1,1,39.4,-3.031,-3.084,-15.595,-6.604,-32.2,-35.741,-32.222,-35.705,-5.062,-5.064,-5.055,-5.062
,0.0,0.0,0.0,3.542,12.5951,5.0059,13.0253,3.5194,9.6708,1,6.7894,6.7894,LOST,0.0,FORMATION_WAIT_REJOIN|FORMATION_WAIT_REJOIN|FAILSAFE_HOLD_OR_RETREAT|FORMATION_WAIT_REJOIN,1,1,39.5,-3.0,-3.054,-15.595,-6.573,-32.199,-35.741,-32.222,-35.705,-5.062,-5.064,-5.055,-5.062
,0.0,0.0,0.0,3.5422,12.6262,5.0059,13.0545,3.5186,9.6997,1,6.8125,6.8125,LOST,0.0,FORMATION_WAIT_REJOIN|FORMATION_WAIT_REJOIN|FAILSAFE_HOLD_OR_RETREAT|FORMATION_WAIT_REJOIN,1,1,39.6,-2.969,-3.024,-15.595,-6.542,-32.199,-35.741,-32.222,-35.705,-5.062,-5.064,-5.055,-5.062
,0.0,0.0,0.0,3.5425,12.6571,5.0058,13.0835,3.5175,9.7288,1,6.8356,6.8356,LOST,0.0,FORMATION_WAIT_REJOIN|FORMATION_WAIT_REJOIN|FAILSAFE_HOLD_OR_RETREAT|FORMATION_WAIT_REJOIN,1,1,39.7,-2.938,-2.994,-15.595,-6.511,-32.199,-35.741,-32.222,-35.705,-5.062,-5.064,-5.055,-5.062
,0.0,0.0,0.0,3.5428,12.688,5.0053,13.1126,3.5162,9.7581,1,6.8587,6.8587,LOST,0.0,FORMATION_WAIT_REJOIN|FORMATION_WAIT_REJOIN|FAILSAFE_HOLD_OR_RETREAT|FORMATION_WAIT_REJOIN,1,1,39.8,-2.907,-2.963,-15.595,-6.479,-32.199,-35.741,-32.222,-35.704,-5.062,-5.065,-5.055,-5.062
,0.0,0.0,0.0,3.5427,12.719,5.0044,13.1418,3.5149,9.7875,1,6.8819,6.8819,LOST,0.0,FORMATION_WAIT_REJOIN|FORMATION_WAIT_REJOIN|FAILSAFE_HOLD_OR_RETREAT|FORMATION_WAIT_REJOIN,1,1,39.9,-2.876,-2.933,-15.595,-6.448,-32.199,-35.741,-32.222,-35.704,-5.062,-5.065,-5.055,-5.062
,0.0,0.0,0.0,3.542,12.7503,5.0033,13.1709,3.5133,9.8171,1,6.9053,6.9053,LOST,0.0,FORMATION_WAIT_REJOIN|FORMATION_WAIT_REJOIN|FAILSAFE_HOLD_OR_RETREAT|FORMATION_WAIT_REJOIN,1,1,40.0,-2.845,-2.903,-15.595,-6.416,-32.2,-35.741,-32.222,-35.704,-5.062,-5.065,-5.055,-5.062
,0.0,0.0,0.0,3.5416,12.7816,5.0017,13.2005,3.5118,9.8468,1,6.9287,6.9287,LOST,0.0,FORMATION_WAIT_REJOIN|FORMATION_WAIT_REJOIN|FAILSAFE_HOLD_OR_RETREAT|FORMATION_WAIT_REJOIN,1,1,40.1,-2.813,-2.872,-15.595,-6.384,-32.201,-35.742,-32.222,-35.703,-5.062,-5.065,-5.055,-5.062
,0.0,0.0,0.0,3.5417,12.8124,4.9998,13.2305,3.5109,9.8763,1,6.952,6.952,LOST,0.0,FORMATION_WAIT_REJOIN|FORMATION_WAIT_REJOIN|FAILSAFE_HOLD_OR_RETREAT|FORMATION_WAIT_REJOIN,1,1,40.2,-2.782,-2.842,-15.595,-6.352,-32.203,-35.744,-32.222,-35.703,-5.062,-5.065,-5.055,-5.062
,0.0,0.0,0.0,3.5416,12.843,4.9978,13.2606,3.5101,9.9059,1,6.9753,6.9753,LOST,0.0,FORMATION_WAIT_REJOIN|FORMATION_WAIT_REJOIN|FAILSAFE_HOLD_OR_RETREAT|FORMATION_WAIT_REJOIN,1,1,40.3,-2.752,-2.811,-15.595,-6.321,-32.204,-35.745,-32.222,-35.703,-5.062,-5.066,-5.055,-5.062
,0.0,0.0,0.0,3.5414,12.8737,4.9958,13.2906,3.5091,9.9355,1,6.9986,6.9986,LOST,0.0,FORMATION_WAIT_REJOIN|FORMATION_WAIT_REJOIN|FAILSAFE_HOLD_OR_RETREAT|FORMATION_WAIT_REJOIN,1,1,40.4,-2.721,-2.78,-15.595,-6.289,-32.205,-35.746,-32.222,-35.702,-5.062,-5.066,-5.055,-5.062
,0.0,0.0,0.0,3.5407,12.9043,4.994,13.32,3.5078,9.9651,1,7.0218,7.0218,LOST,0.0,FORMATION_WAIT_REJOIN|FORMATION_WAIT_REJOIN|FAILSAFE_HOLD_OR_RETREAT|FORMATION_WAIT_REJOIN,1,1,40.5,-2.691,-2.75,-15.595,-6.257,-32.206,-35.747,-32.222,-35.702,-5.062,-5.065,-5.055,-5.062
,0.0,0.0,0.0,3.5396,12.935,4.9921,13.3493,3.5063,9.9949,1,7.045,7.045,LOST,0.0,FORMATION_WAIT_REJOIN|FORMATION_WAIT_REJOIN|FAILSAFE_HOLD_OR_RETREAT|FORMATION_WAIT_REJOIN,1,1,40.6,-2.66,-2.719,-15.595,-6.225,-32.208,-35.747,-32.222,-35.702,-5.062,-5.065,-5.055,-5.063
,0.0,0.0,0.0,3.5382,12.9656,4.9903,13.3787,3.5047,10.025,1,7.0683,7.0683,LOST,0.0,FORMATION_WAIT_REJOIN|FORMATION_WAIT_REJOIN|FAILSAFE_HOLD_OR_RETREAT|FORMATION_WAIT_REJOIN,1,1,40.7,-2.629,-2.689,-15.595,-6.193,-32.209,-35.747,-32.222,-35.702,-5.062,-5.066,-5.055,-5.063
,0.0,0.0,0.0,3.5366,12.9962,4.9886,13.408,3.5032,10.055,1,7.0915,7.0915,LOST,0.0,FORMATION_WAIT_REJOIN|FORMATION_WAIT_REJOIN|FAILSAFE_HOLD_OR_RETREAT|FORMATION_WAIT_REJOIN,1,1,40.8,-2.599,-2.658,-15.595,-6.161,-32.21,-35.746,-32.222,-35.702,-5.062,-5.065,-5.055,-5.064
,0.0,0.0,0.0,3.5352,13.0268,4.9872,13.4372,3.5022,10.0846,1,7.1147,7.1147,LOST,0.0,FORMATION_WAIT_REJOIN|FORMATION_WAIT_REJOIN|FAILSAFE_HOLD_OR_RETREAT|FORMATION_WAIT_REJOIN,1,1,40.9,-2.568,-2.628,-15.595,-6.13,-32.211,-35.746,-32.222,-35.702,-5.062,-5.065,-5.055,-5.064
,0.0,0.0,0.0,3.5342,13.0573,4.986,13.4668,3.5015,10.114,1,7.1378,7.1378,LOST,0.0,FORMATION_WAIT_REJOIN|FORMATION_WAIT_REJOIN|FAILSAFE_HOLD_OR_RETREAT|FORMATION_WAIT_REJOIN,1,1,41.0,-2.538,-2.597,-15.595,-6.098,-32.212,-35.746,-32.222,-35.702,-5.062,-5.065,-5.055,-5.064
,0.0,0.0,0.0,3.5336,13.0881,4.9853,13.4964,3.5011,10.1431,1,7.161,7.161,LOST,0.0,FORMATION_WAIT_REJOIN|FORMATION_WAIT_REJOIN|FAILSAFE_HOLD_OR_RETREAT|FORMATION_WAIT_REJOIN,1,1,41.1,-2.507,-2.567,-15.595,-6.067,-32.212,-35.745,-32.222,-35.702,-5.063,-5.065,-5.055,-5.064
,0.0,0.0,0.0,3.5328,13.1184,4.9845,13.5259,3.5009,10.1721,1,7.1839,7.1839,LOST,0.0,FORMATION_WAIT_REJOIN|FORMATION_WAIT_REJOIN|FAILSAFE_HOLD_OR_RETREAT|FORMATION_WAIT_REJOIN,1,1,41.2,-2.476,-2.536,-15.595,-6.036,-32.213,-35.745,-32.222,-35.702,-5.063,-5.065,-5.055,-5.065
,0.0,0.0,0.0,3.5321,13.1483,4.9836,13.5552,3.5006,10.2008,1,7.2067,7.2067,LOST,0.0,FORMATION_WAIT_REJOIN|FORMATION_WAIT_REJOIN|FAILSAFE_HOLD_OR_RETREAT|FORMATION_WAIT_REJOIN,1,1,41.3,-2.447,-2.506,-15.595,-6.006,-32.213,-35.745,-32.222,-35.702,-5.063,-5.065,-5.055,-5.065
,0.0,0.0,0.0,3.5312,13.1783,4.9828,13.5842,3.5003,10.2294,1,7.2292,7.2292,LOST,0.0,FORMATION_WAIT_REJOIN|FORMATION_WAIT_REJOIN|FAILSAFE_HOLD_OR_RETREAT|FORMATION_WAIT_REJOIN,1,1,41.4,-2.417,-2.475,-15.595,-5.976,-32.214,-35.745,-32.222,-35.702,-5.063,-5.064,-5.055,-5.065
,0.0,0.0,0.0,3.5315,13.2082,4.9823,13.6136,3.5004,10.2578,1,7.2518,7.2518,LOST,0.0,FORMATION_WAIT_REJOIN|FORMATION_WAIT_REJOIN|FAILSAFE_HOLD_OR_RETREAT|FORMATION_WAIT_REJOIN,1,1,41.5,-2.387,-2.445,-15.595,-5.945,-32.215,-35.746,-32.222,-35.702,-5.063,-5.065,-5.055,-5.066
,0.0,0.0,0.0,3.5327,13.2384,4.982,13.6432,3.5004,10.2862,1,7.2745,7.2745,LOST,0.0,FORMATION_WAIT_REJOIN|FORMATION_WAIT_REJOIN|FAILSAFE_HOLD_OR_RETREAT|FORMATION_WAIT_REJOIN,1,1,41.6,-2.356,-2.415,-15.595,-5.915,-32.215,-35.747,-32.222,-35.702,-5.063,-5.065,-5.055,-5.066
,0.0,0.0,0.0,3.534,13.2689,4.9822,13.6726,3.5005,10.3144,1,7.2971,7.2971,LOST,0.0,FORMATION_WAIT_REJOIN|FORMATION_WAIT_REJOIN|FAILSAFE_HOLD_OR_RETREAT|FORMATION_WAIT_REJOIN,1,1,41.7,-2.326,-2.385,-15.595,-5.885,-32.215,-35.749,-32.222,-35.702,-5.063,-5.065,-5.055,-5.066
,0.0,0.0,0.0,3.5349,13.2994,4.9826,13.7019,3.5008,10.3423,1,7.3196,7.3196,LOST,0.0,FORMATION_WAIT_REJOIN|FORMATION_WAIT_REJOIN|FAILSAFE_HOLD_OR_RETREAT|FORMATION_WAIT_REJOIN,1,1,41.8,-2.295,-2.355,-15.595,-5.856,-32.216,-35.75,-32.222,-35.702,-5.062,-5.066,-5.055,-5.066
,0.0,0.0,0.0,3.5352,13.3296,4.9828,13.7309,3.5012,10.3701,1,7.3421,7.3421,LOST,0.0,FORMATION_WAIT_REJOIN|FORMATION_WAIT_REJOIN|FAILSAFE_HOLD_OR_RETREAT|FORMATION_WAIT_REJOIN,1,1,41.9,-2.265,-2.325,-15.595,-5.826,-32.216,-35.75,-32.222,-35.701,-5.062,-5.066,-5.055,-5.066
,0.0,0.0,0.0,3.535,13.3598,4.9829,13.7596,3.5013,10.398,1,7.3644,7.3644,LOST,0.0,FORMATION_WAIT_REJOIN|FORMATION_WAIT_REJOIN|FAILSAFE_HOLD_OR_RETREAT|FORMATION_WAIT_REJOIN,1,1,42.0,-2.235,-2.295,-15.595,-5.796,-32.216,-35.75,-32.222,-35.701,-5.062,-5.066,-5.055,-5.067
,0.0,0.0,0.0,3.5341,13.3899,4.9833,13.7881,3.5013,10.426,1,7.3868,7.3868,LOST,0.0,FORMATION_WAIT_REJOIN|FORMATION_WAIT_REJOIN|FAILSAFE_HOLD_OR_RETREAT|FORMATION_WAIT_REJOIN,1,1,42.1,-2.205,-2.266,-15.595,-5.767,-32.216,-35.75,-32.222,-35.701,-5.061,-5.066,-5.055,-5.067
,0.0,0.0,0.0,3.533,13.4203,4.9836,13.8166,3.5013,10.4539,1,7.4092,7.4092,LOST,0.0,FORMATION_WAIT_REJOIN|FORMATION_WAIT_REJOIN|FAILSAFE_HOLD_OR_RETREAT|FORMATION_WAIT_REJOIN,1,1,42.2,-2.175,-2.236,-15.595,-5.737,-32.217,-35.749,-32.222,-35.702,-5.061,-5.066,-5.055,-5.067
,0.0,0.0,0.0,3.5317,13.4507,4.9836,13.845,3.5013,10.4817,1,7.4316,7.4316,LOST,0.0,FORMATION_WAIT_REJOIN|FORMATION_WAIT_REJOIN|FAILSAFE_HOLD_OR_RETREAT|FORMATION_WAIT_REJOIN,1,1,42.3,-2.144,-2.207,-15.595,-5.708,-32.217,-35.748,-32.222,-35.701,-5.061,-5.066,-5.055,-5.067
,0.0,0.0,0.0,3.53,13.4811,4.9833,13.873,3.5006,10.5099,1,7.454,7.454,LOST,0.0,FORMATION_WAIT_REJOIN|FORMATION_WAIT_REJOIN|FAILSAFE_HOLD_OR_RETREAT|FORMATION_WAIT_REJOIN,1,1,42.4,-2.114,-2.177,-15.595,-5.678,-32.218,-35.747,-32.222,-35.701,-5.06,-5.066,-5.055,-5.066
,0.0,0.0,0.0,3.5286,13.5115,4.9832,13.9009,3.4996,10.5383,1,7.4764,7.4764,LOST,0.0,FORMATION_WAIT_REJOIN|FORMATION_WAIT_REJOIN|FAILSAFE_HOLD_OR_RETREAT|FORMATION_WAIT_REJOIN,1,1,42.5,-2.083,-2.148,-15.595,-5.648,-32.219,-35.746,-32.222,-35.701,-5.06,-5.066,-5.055,-5.066
,0.0,0.0,0.0,3.5274,13.5418,4.983,13.9289,3.4987,10.5665,1,7.4987,7.4987,LOST,0.0,FORMATION_WAIT_REJOIN|FORMATION_WAIT_REJOIN|FAILSAFE_HOLD_OR_RETREAT|FORMATION_WAIT_REJOIN,1,1,42.6,-2.053,-2.119,-15.595,-5.618,-32.219,-35.746,-32.222,-35.701,-5.06,-5.066,-5.055,-5.066
,0.0,0.0,0.0,3.5259,13.5719,4.9825,13.9567,3.4979,10.5946,1,7.5209,7.5209,LOST,0.0,FORMATION_WAIT_REJOIN|FORMATION_WAIT_REJOIN|FAILSAFE_HOLD_OR_RETREAT|FORMATION_WAIT_REJOIN,1,1,42.7,-2.023,-2.09,-15.595,-5.588,-32.22,-35.745,-32.222,-35.701,-5.06,-5.065,-5.055,-5.066
,0.0,0.0,0.0,3.5244,13.6014,4.9815,13.9848,3.4972,10.6228,1,7.5431,7.5431,LOST,0.0,FORMATION_WAIT_REJOIN|FORMATION_WAIT_REJOIN|FAILSAFE_HOLD_OR_RETREAT|FORMATION_WAIT_REJOIN,1,1,42.8,-1.993,-2.061,-15.595,-5.558,-32.22,-35.744,-32.222,-35.7,-5.06,-5.065,-5.055,-5.065
,0.0,0.0,0.0,3.5243,13.631,4.9806,14.0133,3.4965,10.6511,1,7.5654,7.5654,LOST,0.0,FORMATION_WAIT_REJOIN|FORMATION_WAIT_REJOIN|FAILSAFE_HOLD_OR_RETREAT|FORMATION_WAIT_REJOIN,1,1,42.9,-1.964,-2.031,-15.595,-5.528,-32.22,-35.744,-32.222,-35.7,-5.06,-5.065,-5.055,-5.065
,0.0,0.0,0.0,3.5245,13.6604,4.9794,14.042,3.4957,10.6796,1,7.5878,7.5878,LOST,0.0,FORMATION_WAIT_REJOIN|FORMATION_WAIT_REJOIN|FAILSAFE_HOLD_OR_RETREAT|FORMATION_WAIT_REJOIN,1,1,43.0,-1.934,-2.002,-15.595,-5.497,-32.221,-35.744,-32.222,-35.699,-5.06,-5.064,-5.055,-5.065
,0.0,0.0,0.0,3.5247,13.6897,4.9784,14.0708,3.495,10.7082,1,7.6101,7.6101,LOST,0.0,FORMATION_WAIT_REJOIN|FORMATION_WAIT_REJOIN|FAILSAFE_HOLD_OR_RETREAT|FORMATION_WAIT_REJOIN,1,1,43.1,-1.905,-1.972,-15.595,-5.467,-32.22,-35.744,-32.222,-35.699,-5.059,-5.064,-5.055,-5.065
,0.0,0.0,0.0,3.5247,13.7191,4.9778,14.0995,3.4945,10.7367,1,7.6325,7.6325,LOST,0.0,FORMATION_WAIT_REJOIN|FORMATION_WAIT_REJOIN|FAILSAFE_HOLD_OR_RETREAT|FORMATION_WAIT_REJOIN,1,1,43.2,-1.876,-1.942,-15.595,-5.437,-32.22,-35.744,-32.222,-35.698,-5.059,-5.063,-5.055,-5.064
,0.0,0.0,0.0,3.5245,13.7491,4.9777,14.128,3.4939,10.7652,1,7.6549,7.6549,LOST,0.0,FORMATION_WAIT_REJOIN|FORMATION_WAIT_REJOIN|FAILSAFE_HOLD_OR_RETREAT|FORMATION_WAIT_REJOIN,1,1,43.3,-1.846,-1.913,-15.595,-5.406,-32.22,-35.743,-32.222,-35.698,-5.06,-5.063,-5.055,-5.064
,0.0,0.0,0.0,3.5241,13.7792,4.9777,14.1565,3.4932,10.7937,1,7.6774,7.6774,LOST,0.0,FORMATION_WAIT_REJOIN|FORMATION_WAIT_REJOIN|FAILSAFE_HOLD_OR_RETREAT|FORMATION_WAIT_REJOIN,1,1,43.4,-1.816,-1.883,-15.595,-5.376,-32.219,-35.743,-32.222,-35.698,-5.06,-5.063,-5.055,-5.064
,0.0,0.0,0.0,3.5236,13.8096,4.9779,14.1851,3.4929,10.8221,1,7.7,7.7,LOST,0.0,FORMATION_WAIT_REJOIN|FORMATION_WAIT_REJOIN|FAILSAFE_HOLD_OR_RETREAT|FORMATION_WAIT_REJOIN,1,1,43.5,-1.785,-1.853,-15.595,-5.346,-32.219,-35.742,-32.222,-35.697,-5.06,-5.063,-5.055,-5.064
,0.0,0.0,0.0,3.523,13.8404,4.9781,14.2139,3.4925,10.8507,1,7.7227,7.7227,LOST,0.0,FORMATION_WAIT_REJOIN|FORMATION_WAIT_REJOIN|FAILSAFE_HOLD_OR_RETREAT|FORMATION_WAIT_REJOIN,1,1,43.6,-1.754,-1.824,-15.595,-5.316,-32.219,-35.741,-32.222,-35.697,-5.06,-5.063,-5.055,-5.063
,0.0,0.0,0.0,3.5223,13.8713,4.9785,14.2429,3.4924,10.8793,1,7.7454,7.7454,LOST,0.0,FORMATION_WAIT_REJOIN|FORMATION_WAIT_REJOIN|FAILSAFE_HOLD_OR_RETREAT|FORMATION_WAIT_REJOIN,1,1,43.7,-1.724,-1.794,-15.595,-5.286,-32.219,-35.741,-32.222,-35.697,-5.06,-5.063,-5.055,-5.063
,0.0,0.0,0.0,3.5218,13.9023,4.9791,14.2721,3.4925,10.9078,1,7.7683,7.7683,LOST,0.0,FORMATION_WAIT_REJOIN|FORMATION_WAIT_REJOIN|FAILSAFE_HOLD_OR_RETREAT|FORMATION_WAIT_REJOIN,1,1,43.8,-1.693,-1.763,-15.595,-5.256,-32.219,-35.74,-32.222,-35.697,-5.06,-5.063,-5.055,-5.062
,0.0,0.0,0.0,3.5215,13.9334,4.9798,14.3012,3.4925,10.9364,1,7.7911,7.7911,LOST,0.0,FORMATION_WAIT_REJOIN|FORMATION_WAIT_REJOIN|FAILSAFE_HOLD_OR_RETREAT|FORMATION_WAIT_REJOIN,1,1,43.9,-1.661,-1.733,-15.595,-5.225,-32.22,-35.74,-32.222,-35.698,-5.059,-5.062,-5.055,-5.061
,0.0,0.0,0.0,3.5215,13.9647,4.9804,14.3301,3.4921,10.965,1,7.8139,7.8139,LOST,0.0,FORMATION_WAIT_REJOIN|FORMATION_WAIT_REJOIN|FAILSAFE_HOLD_OR_RETREAT|FORMATION_WAIT_REJOIN,1,1,44.0,-1.63,-1.703,-15.595,-5.195,-32.22,-35.74,-32.222,-35.697,-5.059,-5.063,-5.055,-5.061
,0.0,0.0,0.0,3.5215,13.9959,4.9811,14.3588,3.4913,10.9938,1,7.8367,7.8367,LOST,0.0,FORMATION_WAIT_REJOIN|FORMATION_WAIT_REJOIN|FAILSAFE_HOLD_OR_RETREAT|FORMATION_WAIT_REJOIN,1,1,44.1,-1.599,-1.674,-15.595,-5.165,-32.22,-35.741,-32.222,-35.698,-5.058,-5.063,-5.055,-5.061
,0.0,0.0,0.0,3.5217,14.0271,4.9817,14.3875,3.4907,11.0225,1,7.8594,7.8594,LOST,0.0,FORMATION_WAIT_REJOIN|FORMATION_WAIT_REJOIN|FAILSAFE_HOLD_OR_RETREAT|FORMATION_WAIT_REJOIN,1,1,44.2,-1.568,-1.644,-15.595,-5.135,-32.22,-35.741,-32.222,-35.698,-5.058,-5.063,-5.055,-5.061
,0.0,0.0,0.0,3.5218,14.0579,4.9822,14.4163,3.4899,11.0514,1,7.8822,7.8822,LOST,0.0,FORMATION_WAIT_REJOIN|FORMATION_WAIT_REJOIN|FAILSAFE_HOLD_OR_RETREAT|FORMATION_WAIT_REJOIN,1,1,44.3,-1.537,-1.615,-15.595,-5.104,-32.22,-35.741,-32.222,-35.698,-5.058,-5.063,-5.055,-5.061
,0.0,0.0,0.0,3.5218,14.0886,4.9826,14.445,3.489,11.0805,1,7.9049,7.9049,LOST,0.0,FORMATION_WAIT_REJOIN|FORMATION_WAIT_REJOIN|FAILSAFE_HOLD_OR_RETREAT|FORMATION_WAIT_REJOIN,1,1,44.4,-1.506,-1.585,-15.595,-5.074,-32.219,-35.74,-32.222,-35.698,-5.057,-5.063,-5.055,-5.062
,0.0,0.0,0.0,3.522,14.1192,4.9832,14.4738,3.4883,11.1096,1,7.9277,7.9277,LOST,0.0,FORMATION_WAIT_REJOIN|FORMATION_WAIT_REJOIN|FAILSAFE_HOLD_OR_RETREAT|FORMATION_WAIT_REJOIN,1,1,44.5,-1.476,-1.555,-15.595,-5.043,-32.219,-35.74,-32.222,-35.698,-5.057,-5.063,-5.055,-5.062
,0.0,0.0,0.0,3.5215,14.1498,4.9835,14.5024,3.4874,11.1387,1,7.9504,7.9504,LOST,0.0,FORMATION_WAIT_REJOIN|FORMATION_WAIT_REJOIN|FAILSAFE_HOLD_OR_RETREAT|FORMATION_WAIT_REJOIN,1,1,44.6,-1.445,-1.525,-15.595,-5.013,-32.218,-35.739,-32.222,-35.698,-5.057,-5.062,-5.055,-5.062
,0.0,0.0,0.0,3.5212,14.1803,4.9842,14.5308,3.4864,11.1677,1,7.973,7.973,LOST,0.0,FORMATION_WAIT_REJOIN|FORMATION_WAIT_REJOIN|FAILSAFE_HOLD_OR_RETREAT|FORMATION_WAIT_REJOIN,1,1,44.7,-1.415,-1.496,-15.595,-4.982,-32.218,-35.738,-32.222,-35.699,-5.058,-5.062,-5.055,-5.062
,0.0,0.0,0.0,3.521,14.211,4.985,14.5593,3.4858,11.1964,1,7.9955,7.9955,LOST,0.0,FORMATION_WAIT_REJOIN|FORMATION_WAIT_REJOIN|FAILSAFE_HOLD_OR_RETREAT|FORMATION_WAIT_REJOIN,1,1,44.8,-1.384,-1.467,-15.595,-4.952,-32.218,-35.738,-32.222,-35.699,-5.058,-5.062,-5.055,-5.062
,0.0,0.0,0.0,3.5207,14.2419,4.9859,14.5875,3.4852,11.2246,1,8.018,8.018,LOST,0.0,FORMATION_WAIT_REJOIN|FORMATION_WAIT_REJOIN|FAILSAFE_HOLD_OR_RETREAT|FORMATION_WAIT_REJOIN,1,1,44.9,-1.353,-1.437,-15.595,-4.922,-32.218,-35.738,-32.222,-35.699,-5.058,-5.062,-5.055,-5.062
,0.0,0.0,0.0,3.5199,14.2731,4.9869,14.6151,3.4845,11.2525,1,8.0403,8.0403,LOST,0.0,FORMATION_WAIT_REJOIN|FORMATION_WAIT_REJOIN|FAILSAFE_HOLD_OR_RETREAT|FORMATION_WAIT_REJOIN,1,1,45.0,-1.322,-1.409,-15.595,-4.893,-32.218,-35.737,-32.222,-35.699,-5.058,-5.063,-5.055,-5.062
,0.0,0.0,0.0,3.5191,14.3042,4.9881,14.6424,3.4836,11.2801,1,8.0625,8.0625,LOST,0.0,FORMATION_WAIT_REJOIN|FORMATION_WAIT_REJOIN|FAILSAFE_HOLD_OR_RETREAT|FORMATION_WAIT_REJOIN,1,1,45.1,-1.291,-1.38,-15.595,-4.864,-32.218,-35.736,-32.222,-35.698,-5.058,-5.063,-5.055,-5.062
,0.0,0.0,0.0,3.5184,14.3351,4.9892,14.6696,3.4827,11.3078,1,8.0846,8.0846,LOST,0.0,FORMATION_WAIT_REJOIN|FORMATION_WAIT_REJOIN|FAILSAFE_HOLD_OR_RETREAT|FORMATION_WAIT_REJOIN,1,1,45.2,-1.26,-1.352,-15.595,-4.835,-32.217,-35.735,-32.222,-35.698,-5.058,-5.064,-5.055,-5.062
,0.0,0.0,0.0,3.5177,14.3658,4.9904,14.6968,3.4816,11.3357,1,8.1066,8.1066,LOST,0.0,FORMATION_WAIT_REJOIN|FORMATION_WAIT_REJOIN|FAILSAFE_HOLD_OR_RETREAT|FORMATION_WAIT_REJOIN,1,1,45.3,-1.229,-1.324,-15.595,-4.805,-32.217,-35.734,-32.222,-35.698,-5.058,-5.064,-5.055,-5.062
,0.0,0.0,0.0,3.5173,14.3965,4.9914,14.7237,3.4802,11.3636,1,8.1286,8.1286,LOST,0.0,FORMATION_WAIT_REJOIN|FORMATION_WAIT_REJOIN|FAILSAFE_HOLD_OR_RETREAT|FORMATION_WAIT_REJOIN,1,1,45.4,-1.198,-1.296,-15.595,-4.776,-32.217,-35.733,-32.222,-35.698,-5.058,-5.064,-5.055,-5.062
,0.0,0.0,0.0,3.5168,14.427,4.9918,14.751,3.4791,11.3913,1,8.1506,8.1506,LOST,0.0,FORMATION_WAIT_REJOIN|FORMATION_WAIT_REJOIN|FAILSAFE_HOLD_OR_RETREAT|FORMATION_WAIT_REJOIN,1,1,45.5,-1.168,-1.268,-15.595,-4.747,-32.217,-35.732,-32.222,-35.697,-5.058,-5.063,-5.055,-5.062
,0.0,0.0,0.0,3.5161,14.457,4.9916,14.7786,3.4784,11.4189,1,8.1726,8.1726,LOST,0.0,FORMATION_WAIT_REJOIN|FORMATION_WAIT_REJOIN|FAILSAFE_HOLD_OR_RETREAT|FORMATION_WAIT_REJOIN,1,1,45.6,-1.138,-1.239,-15.595,-4.717,-32.217,-35.732,-32.222,-35.696,-5.058,-5.063,-5.055,-5.061
,0.0,0.0,0.0,3.5158,14.4871,4.9915,14.8064,3.4779,11.4464,1,8.1946,8.1946,LOST,0.0,FORMATION_WAIT_REJOIN|FORMATION_WAIT_REJOIN|FAILSAFE_HOLD_OR_RETREAT|FORMATION_WAIT_REJOIN,1,1,45.7,-1.108,-1.21,-15.595,-4.688,-32.217,-35.731,-32.222,-35.695,-5.058,-5.063,-5.055,-5.061
,0.0,0.0,0.0,3.5156,14.5171,4.9916,14.8342,3.4773,11.4741,1,8.2166,8.2166,LOST,0.0,FORMATION_WAIT_REJOIN|FORMATION_WAIT_REJOIN|FAILSAFE_HOLD_OR_RETREAT|FORMATION_WAIT_REJOIN,1,1,45.8,-1.078,-1.182,-15.595,-4.659,-32.217,-35.731,-32.222,-35.694,-5.058,-5.064,-5.055,-5.06
,0.0,0.0,0.0,3.516,14.5467,4.9915,14.862,3.4764,11.5022,1,8.2385,8.2385,LOST,0.0,FORMATION_WAIT_REJOIN|FORMATION_WAIT_REJOIN|FAILSAFE_HOLD_OR_RETREAT|FORMATION_WAIT_REJOIN,1,1,45.9,-1.048,-1.153,-15.595,-4.629,-32.217,-35.731,-32.222,-35.694,-5.058,-5.064,-5.055,-5.059
,0.0,0.0,0.0,3.5168,14.576,4.9912,14.8906,3.476,11.5303,1,8.2605,8.2605,LOST,0.0,FORMATION_WAIT_REJOIN|FORMATION_WAIT_REJOIN|FAILSAFE_HOLD_OR_RETREAT|FORMATION_WAIT_REJOIN,1,1,46.0,-1.019,-1.124,-15.595,-4.6,-32.217,-35.732,-32.222,-35.694,-5.058,-5.063,-5.055,-5.058
,0.0,0.0,0.0,3.5187,14.6051,4.9908,14.9193,3.4759,11.5581,1,8.2825,8.2825,LOST,0.0,FORMATION_WAIT_REJOIN|FORMATION_WAIT_REJOIN|FAILSAFE_HOLD_OR_RETREAT|FORMATION_WAIT_REJOIN,1,1,46.1,-0.99,-1.095,-15.595,-4.57,-32.216,-35.733,-32.222,-35.693,-5.058,-5.063,-5.055,-5.058
,0.0,0.0,0.0,3.52,14.6346,4.9906,14.9479,3.4758,11.5857,1,8.3044,8.3044,LOST,0.0,FORMATION_WAIT_REJOIN|FORMATION_WAIT_REJOIN|FAILSAFE_HOLD_OR_RETREAT|FORMATION_WAIT_REJOIN,1,1,46.2,-0.96,-1.066,-15.595,-4.541,-32.216,-35.734,-32.222,-35.692,-5.059,-5.062,-5.055,-5.057
,0.0,0.0,0.0,3.5206,14.6642,4.9907,14.9761,3.4755,11.6135,1,8.3264,8.3264,LOST,0.0,FORMATION_WAIT_REJOIN|FORMATION_WAIT_REJOIN|FAILSAFE_HOLD_OR_RETREAT|FORMATION_WAIT_REJOIN,1,1,46.3,-0.931,-1.037,-15.595,-4.512,-32.216,-35.735,-32.222,-35.692,-5.059,-5.062,-5.055,-5.057
,0.0,0.0,0.0,3.5207,14.6937,4.9909,15.0044,3.4753,11.6414,1,8.3483,8.3483,LOST,0.0,FORMATION_WAIT_REJOIN|FORMATION_WAIT_REJOIN|FAILSAFE_HOLD_OR_RETREAT|FORMATION_WAIT_REJOIN,1,1,46.4,-0.901,-1.008,-15.595,-4.483,-32.216,-35.735,-32.222,-35.692,-5.059,-5.062,-5.055,-5.056
,0.0,0.0,0.0,3.5209,14.7235,4.9914,15.033,3.4753,11.6696,1,8.3704,8.3704,LOST,0.0,FORMATION_WAIT_REJOIN|FORMATION_WAIT_REJOIN|FAILSAFE_HOLD_OR_RETREAT|FORMATION_WAIT_REJOIN,1,1,46.5,-0.871,-0.978,-15.595,-4.453,-32.216,-35.735,-32.222,-35.692,-5.06,-5.061,-5.055,-5.056
,0.0,0.0,0.0,3.5209,14.7534,4.9918,15.0616,3.4751,11.6979,1,8.3927,8.3927,LOST,0.0,FORMATION_WAIT_REJOIN|FORMATION_WAIT_REJOIN|FAILSAFE_HOLD_OR_RETREAT|FORMATION_WAIT_REJOIN,1,1,46.6,-0.841,-0.949,-15.595,-4.424,-32.216,-35.735,-32.222,-35.692,-5.06,-5.061,-5.055,-5.056
,0.0,0.0,0.0,3.5205,14.7829,4.9921,15.0902,3.4754,11.7259,1,8.4147,8.4147,LOST,0.0,FORMATION_WAIT_REJOIN|FORMATION_WAIT_REJOIN|FAILSAFE_HOLD_OR_RETREAT|FORMATION_WAIT_REJOIN,1,1,46.7,-0.812,-0.919,-15.595,-4.394,-32.216,-35.735,-32.222,-35.693,-5.06,-5.06,-5.055,-5.056
,0.0,0.0,0.0,3.5199,14.8124,4.9924,15.1191,3.4761,11.7538,1,8.4369,8.4369,LOST,0.0,FORMATION_WAIT_REJOIN|FORMATION_WAIT_REJOIN|FAILSAFE_HOLD_OR_RETREAT|FORMATION_WAIT_REJOIN,1,1,46.8,-0.782,-0.889,-15.595,-4.365,-32.216,-35.734,-32.222,-35.693,-5.06,-5.06,-5.055,-5.056
,0.0,0.0,0.0,3.5194,14.8418,4.9926,15.148,3.4764,11.7821,1,8.459,8.459,LOST,0.0,FORMATION_WAIT_REJOIN|FORMATION_WAIT_REJOIN|FAILSAFE_HOLD_OR_RETREAT|FORMATION_WAIT_REJOIN,1,1,46.9,-0.753,-0.86,-15.595,-4.336,-32.216,-35.734,-32.222,-35.693,-5.06,-5.06,-5.055,-5.056
,0.0,0.0,0.0,3.5188,14.8712,4.9925,15.1768,3.4767,11.8102,1,8.4811,8.4811,LOST,0.0,FORMATION_WAIT_REJOIN|FORMATION_WAIT_REJOIN|FAILSAFE_HOLD_OR_RETREAT|FORMATION_WAIT_REJOIN,1,1,47.0,-0.724,-0.83,-15.595,-4.306,-32.216,-35.733,-32.222,-35.693,-5.06,-5.059,-5.055,-5.056
,0.0,0.0,0.0,3.5182,14.9003,4.9922,15.2059,3.4775,11.838,1,8.5032,8.5032,LOST,0.0,FORMATION_WAIT_REJOIN|FORMATION_WAIT_REJOIN|FAILSAFE_HOLD_OR_RETREAT|FORMATION_WAIT_REJOIN,1,1,47.1,-0.695,-0.8,-15.595,-4.277,-32.216,-35.733,-32.222,-35.693,-5.06,-5.059,-5.055,-5.056
,0.0,0.0,0.0,3.5174,14.9292,4.9917,15.2349,3.4783,11.8659,1,8.5253,8.5253,LOST,0.0,FORMATION_WAIT_REJOIN|FORMATION_WAIT_REJOIN|FAILSAFE_HOLD_OR_RETREAT|FORMATION_WAIT_REJOIN,1,1,47.2,-0.666,-0.77,-15.595,-4.248,-32.216,-35.732,-32.222,-35.692,-5.061,-5.059,-5.055,-5.057
,0.0,0.0,0.0,3.5163,14.9581,4.9908,15.264,3.4791,11.8937,1,8.5473,8.5473,LOST,0.0,FORMATION_WAIT_REJOIN|FORMATION_WAIT_REJOIN|FAILSAFE_HOLD_OR_RETREAT|FORMATION_WAIT_REJOIN,1,1,47.3,-0.637,-0.74,-15.595,-4.219,-32.217,-35.731,-32.222,-35.692,-5.061,-5.059,-5.055,-5.057
,0.0,0.0,0.0,3.5151,14.9871,4.9898,15.2929,3.4796,11.9215,1,8.5694,8.5694,LOST,0.0,FORMATION_WAIT_REJOIN|FORMATION_WAIT_REJOIN|FAILSAFE_HOLD_OR_RETREAT|FORMATION_WAIT_REJOIN,1,1,47.4,-0.608,-0.71,-15.595,-4.189,-32.217,-35.731,-32.222,-35.691,-5.062,-5.059,-5.055,-5.058
,0.0,0.0,0.0,3.5141,15.0164,4.9891,15.3217,3.4803,11.9492,1,8.5914,8.5914,LOST,0.0,FORMATION_WAIT_REJOIN|FORMATION_WAIT_REJOIN|FAILSAFE_HOLD_OR_RETREAT|FORMATION_WAIT_REJOIN,1,1,47.5,-0.578,-0.68,-15.595,-4.16,-32.218,-35.73,-32.222,-35.691,-5.062,-5.059,-5.055,-5.058
,0.0,0.0,0.0,3.5128,15.0459,4.9884,15.3507,3.4811,11.9768,1,8.6136,8.6136,LOST,0.0,FORMATION_WAIT_REJOIN|FORMATION_WAIT_REJOIN|FAILSAFE_HOLD_OR_RETREAT|FORMATION_WAIT_REJOIN,1,1,47.6,-0.549,-0.65,-15.595,-4.131,-32.218,-35.729,-32.222,-35.69,-5.062,-5.06,-5.055,-5.058
,0.0,0.0,0.0,3.5116,15.0756,4.9875,15.3801,3.482,12.0046,1,8.6359,8.6359,LOST,0.0,FORMATION_WAIT_REJOIN|FORMATION_WAIT_REJOIN|FAILSAFE_HOLD_OR_RETREAT|FORMATION_WAIT_REJOIN,1,1,47.7,-0.519,-0.62,-15.595,-4.102,-32.218,-35.728,-32.222,-35.688,-5.063,-5.06,-5.055,-5.058
,0.0,0.0,0.0,3.5107,15.1054,4.9859,15.4094,3.4823,12.0328,1,8.6584,8.6584,LOST,0.0,FORMATION_WAIT_REJOIN|FORMATION_WAIT_REJOIN|FAILSAFE_HOLD_OR_RETREAT|FORMATION_WAIT_REJOIN,1,1,47.8,-0.489,-0.59,-15.595,-4.072,-32.219,-35.728,-32.222,-35.687,-5.063,-5.06,-5.055,-5.058
,0.0,0.0,0.0,3.5105,15.1355,4.9843,15.4388,3.4822,12.0614,1,8.681,8.681,LOST,0.0,FORMATION_WAIT_REJOIN|FORMATION_WAIT_REJOIN|FAILSAFE_HOLD_OR_RETREAT|FORMATION_WAIT_REJOIN,1,1,47.9,-0.459,-0.56,-15.595,-4.042,-32.22,-35.729,-32.222,-35.685,-5.063,-5.06,-5.055,-5.059
,0.0,0.0,0.0,3.5104,15.1656,4.9832,15.4686,3.4825,12.09,1,8.7037,8.7037,LOST,0.0,FORMATION_WAIT_REJOIN|FORMATION_WAIT_REJOIN|FAILSAFE_HOLD_OR_RETREAT|FORMATION_WAIT_REJOIN,1,1,48.0,-0.429,-0.529,-15.595,-4.011,-32.22,-35.729,-32.222,-35.684,-5.063,-5.061,-5.055,-5.059
,0.0,0.0,0.0,3.5102,15.1955,4.9821,15.4986,3.4832,12.1184,1,8.7264,8.7264,LOST,0.0,FORMATION_WAIT_REJOIN|FORMATION_WAIT_REJOIN|FAILSAFE_HOLD_OR_RETREAT|FORMATION_WAIT_REJOIN,1,1,48.1,-0.399,-0.498,-15.595,-3.981,-32.22,-35.729,-32.222,-35.683,-5.063,-5.061,-5.055,-5.06
,0.0,0.0,0.0,3.5099,15.2254,4.9812,15.5285,3.484,12.1468,1,8.749,8.749,LOST,0.0,FORMATION_WAIT_REJOIN|FORMATION_WAIT_REJOIN|FAILSAFE_HOLD_OR_RETREAT|FORMATION_WAIT_REJOIN,1,1,48.2,-0.369,-0.468,-15.595,-3.951,-32.221,-35.729,-32.222,-35.682,-5.063,-5.063,-5.055,-5.06
,0.0,0.0,0.0,3.5095,15.2555,4.9805,15.5583,3.4846,12.1754,1,8.7717,8.7717,LOST,0.0,FORMATION_WAIT_REJOIN|FORMATION_WAIT_REJOIN|FAILSAFE_HOLD_OR_RETREAT|FORMATION_WAIT_REJOIN,1,1,48.3,-0.339,-0.437,-15.595,-3.921,-32.221,-35.729,-32.222,-35.681,-5.063,-5.064,-5.055,-5.061
,0.0,0.0,0.0,3.5094,15.2852,4.9798,15.588,3.485,12.2041,1,8.7943,8.7943,LOST,0.0,FORMATION_WAIT_REJOIN|FORMATION_WAIT_REJOIN|FAILSAFE_HOLD_OR_RETREAT|FORMATION_WAIT_REJOIN,1,1,48.4,-0.31,-0.406,-15.595,-3.891,-32.22,-35.729,-32.222,-35.68,-5.063,-5.064,-5.055,-5.061
,0.0,0.0,0.0,3.5093,15.3147,4.979,15.6175,3.4857,12.2322,1,8.8167,8.8167,LOST,0.0,FORMATION_WAIT_REJOIN|FORMATION_WAIT_REJOIN|FAILSAFE_HOLD_OR_RETREAT|FORMATION_WAIT_REJOIN,1,1,48.5,-0.28,-0.376,-15.595,-3.861,-32.22,-35.728,-32.222,-35.679,-5.062,-5.065,-5.055,-5.062
,0.0,0.0,0.0,3.5093,15.3443,4.9782,15.6468,3.4861,12.2604,1,8.8391,8.8391,LOST,0.0,FORMATION_WAIT_REJOIN|FORMATION_WAIT_REJOIN|FAILSAFE_HOLD_OR_RETREAT|FORMATION_WAIT_REJOIN,1,1,48.6,-0.251,-0.346,-15.595,-3.832,-32.22,-35.728,-32.222,-35.678,-5.062,-5.065,-5.055,-5.062
,0.0,0.0,0.0,3.5093,15.3741,4.9777,15.6761,3.4863,12.2889,1,8.8616,8.8616,LOST,0.0,FORMATION_WAIT_REJOIN|FORMATION_WAIT_REJOIN|FAILSAFE_HOLD_OR_RETREAT|FORMATION_WAIT_REJOIN,1,1,48.7,-0.221,-0.316,-15.595,-3.802,-32.219,-35.727,-32.222,-35.677,-5.062,-5.065,-5.055,-5.062
,0.0,0.0,0.0,3.5093,15.4042,4.9774,15.7052,3.4861,12.3175,1,8.8841,8.8841,LOST,0.0,FORMATION_WAIT_REJOIN|FORMATION_WAIT_REJOIN|FAILSAFE_HOLD_OR_RETREAT|FORMATION_WAIT_REJOIN,1,1,48.8,-0.191,-0.286,-15.595,-3.772,-32.219,-35.727,-32.222,-35.676,-5.062,-5.065,-5.055,-5.062
,0.0,0.0,0.0,3.5094,15.4343,4.9775,15.734,3.4858,12.3461,1,8.9066,8.9066,LOST,0.0,FORMATION_WAIT_REJOIN|FORMATION_WAIT_REJOIN|FAILSAFE_HOLD_OR_RETREAT|FORMATION_WAIT_REJOIN,1,1,48.9,-0.161,-0.256,-15.595,-3.742,-32.218,-35.727,-32.222,-35.676,-5.062,-5.065,-5.055,-5.063
,0.0,0.0,0.0,3.5097,15.4642,4.9777,15.7629,3.4855,12.3751,1,8.929,8.929,LOST,0.0,FORMATION_WAIT_REJOIN|FORMATION_WAIT_REJOIN|FAILSAFE_HOLD_OR_RETREAT|FORMATION_WAIT_REJOIN,1,1,49.0,-0.131,-0.226,-15.595,-3.712,-32.218,-35.726,-32.222,-35.675,-5.061,-5.065,-5.055,-5.063
,0.0,0.0,0.0,3.51,15.4938,4.9779,15.7919,3.4852,12.404,1,8.9514,8.9514,LOST,0.0,FORMATION_WAIT_REJOIN|FORMATION_WAIT_REJOIN|FAILSAFE_HOLD_OR_RETREAT|FORMATION_WAIT_REJOIN,1,1,49.1,-0.101,-0.197,-15.595,-3.681,-32.217,-35.726,-32.222,-35.676,-5.061,-5.065,-5.055,-5.062
,0.0,0.0,0.0,3.5107,15.5231,4.978,15.8209,3.485,12.4327,1,8.9736,8.9736,LOST,0.0,FORMATION_WAIT_REJOIN|FORMATION_WAIT_REJOIN|FAILSAFE_HOLD_OR_RETREAT|FORMATION_WAIT_REJOIN,1,1,49.2,-0.072,-0.167,-15.595,-3.652,-32.217,-35.726,-32.222,-35.676,-5.061,-5.065,-5.055,-5.062
,0.0,0.0,0.0,3.5114,15.5525,4.9785,15.85,3.4851,12.4615,1,8.9958,8.9958,LOST,0.0,FORMATION_WAIT_REJOIN|FORMATION_WAIT_REJOIN|FAILSAFE_HOLD_OR_RETREAT|FORMATION_WAIT_REJOIN,1,1,49.3,-0.042,-0.137,-15.595,-3.622,-32.216,-35.726,-32.222,-35.676,-5.061,-5.064,-5.055,-5.062
,0.0,0.0,0.0,3.5118,15.5819,4.9792,15.8795,3.4855,12.4902,1,9.0182,9.0182,LOST,0.0,FORMATION_WAIT_REJOIN|FORMATION_WAIT_REJOIN|FAILSAFE_HOLD_OR_RETREAT|FORMATION_WAIT_REJOIN,1,1,49.4,-0.013,-0.107,-15.595,-3.592,-32.216,-35.726,-32.222,-35.677,-5.061,-5.064,-5.055,-5.062
,0.0,0.0,0.0,3.5122,15.6116,4.9799,15.9091,3.4862,12.5189,1,9.0406,9.0406,LOST,0.0,FORMATION_WAIT_REJOIN|FORMATION_WAIT_REJOIN|FAILSAFE_HOLD_OR_RETREAT|FORMATION_WAIT_REJOIN,1,1,49.5,0.017,-0.076,-15.595,-3.562,-32.215,-35.726,-32.222,-35.677,-5.061,-5.065,-5.055,-5.062
,0.0,0.0,0.0,3.5129,15.6411,4.9803,15.9388,3.4868,12.5476,1,9.0631,9.0631,LOST,0.0,FORMATION_WAIT_REJOIN|FORMATION_WAIT_REJOIN|FAILSAFE_HOLD_OR_RETREAT|FORMATION_WAIT_REJOIN,1,1,49.6,0.046,-0.046,-15.595,-3.532,-32.214,-35.726,-32.222,-35.677,-5.061,-5.065,-5.055,-5.062
,0.0,0.0,0.0,3.5137,15.6707,4.9811,15.9682,3.4871,12.5766,1,9.0855,9.0855,LOST,0.0,FORMATION_WAIT_REJOIN|FORMATION_WAIT_REJOIN|FAILSAFE_HOLD_OR_RETREAT|FORMATION_WAIT_REJOIN,1,1,49.7,0.076,-0.016,-15.595,-3.503,-32.213,-35.725,-32.222,-35.678,-5.061,-5.066,-5.055,-5.062
,0.0,0.0,0.0,3.5143,15.7006,4.9822,15.9975,3.4872,12.6055,1,9.108,9.108,LOST,0.0,FORMATION_WAIT_REJOIN|FORMATION_WAIT_REJOIN|FAILSAFE_HOLD_OR_RETREAT|FORMATION_WAIT_REJOIN,1,1,49.8,0.106,0.014,-15.595,-3.473,-32.212,-35.725,-32.222,-35.679,-5.062,-5.066,-5.055,-5.062
,0.0,0.0,0.0,3.5155,15.7305,4.9836,16.0269,3.4875,12.6344,1,9.1304,9.1304,LOST,0.0,FORMATION_WAIT_REJOIN|FORMATION_WAIT_REJOIN|FAILSAFE_HOLD_OR_RETREAT|FORMATION_WAIT_REJOIN,1,1,49.9,0.136,0.044,-15.595,-3.443,-32.211,-35.726,-32.222,-35.68,-5.062,-5.065,-5.055,-5.062
,0.0,0.0,0.0,3.5169,15.7607,4.9851,16.0565,3.4882,12.6631,1,9.1529,9.1529,LOST,0.0,FORMATION_WAIT_REJOIN|FORMATION_WAIT_REJOIN|FAILSAFE_HOLD_OR_RETREAT|FORMATION_WAIT_REJOIN,1,1,49.999,0.166,0.075,-15.595,-3.413,-32.21,-35.726,-32.222,-35.68,-5.063,-5.065,-5.055,-5.062
,0.0,0.0,0.0,3.5184,15.7907,4.9863,16.0862,3.489,12.6915,1,9.1754,9.1754,LOST,0.0,FORMATION_WAIT_REJOIN|FORMATION_WAIT_REJOIN|FAILSAFE_HOLD_OR_RETREAT|FORMATION_WAIT_REJOIN,1,1,50.099,0.196,0.105,-15.595,-3.384,-32.21,-35.727,-32.222,-35.681,-5.063,-5.065,-5.055,-5.063
,0.0,0.0,0.0,3.52,15.8206,4.9869,16.1161,3.4899,12.7199,1,9.1979,9.1979,LOST,0.0,FORMATION_WAIT_REJOIN|FORMATION_WAIT_REJOIN|FAILSAFE_HOLD_OR_RETREAT|FORMATION_WAIT_REJOIN,1,1,50.199,0.226,0.135,-15.595,-3.354,-32.209,-35.727,-32.222,-35.68,-5.063,-5.064,-5.055,-5.063
,0.0,0.0,0.0,3.5206,15.8509,4.9875,16.146,3.4909,12.7482,1,9.2204,9.2204,LOST,0.0,FORMATION_WAIT_REJOIN|FORMATION_WAIT_REJOIN|FAILSAFE_HOLD_OR_RETREAT|FORMATION_WAIT_REJOIN,1,1,50.299,0.256,0.166,-15.595,-3.325,-32.208,-35.728,-32.222,-35.68,-5.064,-5.064,-5.055,-5.064
,0.0,0.0,0.0,3.5206,15.8812,4.988,16.1759,3.492,12.7767,1,9.2431,9.2431,LOST,0.0,FORMATION_WAIT_REJOIN|FORMATION_WAIT_REJOIN|FAILSAFE_HOLD_OR_RETREAT|FORMATION_WAIT_REJOIN,1,1,50.399,0.286,0.197,-15.595,-3.295,-32.208,-35.728,-32.222,-35.68,-5.064,-5.063,-5.055,-5.064
,0.0,0.0,0.0,3.5205,15.9115,4.9889,16.206,3.4932,12.8053,1,9.2658,9.2658,LOST,0.0,FORMATION_WAIT_REJOIN|FORMATION_WAIT_REJOIN|FAILSAFE_HOLD_OR_RETREAT|FORMATION_WAIT_REJOIN,1,1,50.499,0.317,0.227,-15.595,-3.265,-32.208,-35.727,-32.222,-35.68,-5.064,-5.063,-5.055,-5.064
,0.0,0.0,0.0,3.5205,15.9417,4.9895,16.2359,3.4939,12.8343,1,9.2885,9.2885,LOST,0.0,FORMATION_WAIT_REJOIN|FORMATION_WAIT_REJOIN|FAILSAFE_HOLD_OR_RETREAT|FORMATION_WAIT_REJOIN,1,1,50.599,0.347,0.258,-15.595,-3.235,-32.207,-35.727,-32.222,-35.681,-5.063,-5.063,-5.055,-5.064
,0.0,0.0,0.0,3.5204,15.9721,4.9899,16.2657,3.4945,12.8631,1,9.3113,9.3113,LOST,0.0,FORMATION_WAIT_REJOIN|FORMATION_WAIT_REJOIN|FAILSAFE_HOLD_OR_RETREAT|FORMATION_WAIT_REJOIN,1,1,50.699,0.377,0.289,-15.595,-3.205,-32.207,-35.727,-32.222,-35.681,-5.063,-5.063,-5.055,-5.063
2,0.0,0.0,0.0,3.5202,16.0023,4.9899,16.2956,3.4953,12.8918,1,9.334,0.057,LOST,0.0,FORMATION_WAIT_REJOIN|FORMATION_WAIT_REJOIN|FAILSAFE_HOLD_OR_RETREAT|FORMATION_WAIT_REJOIN,1,1,50.799,0.407,0.319,-15.595,-3.176,-32.207,-35.726,-32.222,-35.68,-5.062,-5.063,-5.055,-5.063
2,0.0,0.0,0.0,3.5202,16.0325,4.9895,16.3258,3.4961,12.9207,1,9.3568,0.0569,LOST,0.0,FORMATION_WAIT_REJOIN|FORMATION_WAIT_REJOIN|FAILSAFE_HOLD_OR_RETREAT|FORMATION_WAIT_REJOIN,1,1,50.899,0.438,0.35,-15.595,-3.145,-32.207,-35.726,-32.222,-35.679,-5.061,-5.063,-5.055,-5.062
2,0.0,0.0,0.0,3.5205,16.063,4.9895,16.3557,3.4967,12.9494,1,9.3796,0.057,LOST,0.0,FORMATION_WAIT_REJOIN|FORMATION_WAIT_REJOIN|FAILSAFE_HOLD_OR_RETREAT|FORMATION_WAIT_REJOIN,1,1,50.999,0.468,0.381,-15.595,-3.115,-32.207,-35.726,-32.222,-35.679,-5.06,-5.063,-5.055,-5.062
2,0.0,0.0,0.0,3.5208,16.0934,4.9895,16.3855,3.4972,12.978,1,9.4022,0.0572,LOST,0.0,FORMATION_WAIT_REJOIN|FORMATION_WAIT_REJOIN|FAILSAFE_HOLD_OR_RETREAT|FORMATION_WAIT_REJOIN,1,1,51.099,0.499,0.411,-15.595,-3.086,-32.207,-35.727,-32.222,-35.678,-5.059,-5.063,-5.055,-5.061
2,0.0,0.0,0.0,3.5217,16.1234,4.9896,16.415,3.4975,13.0067,1,9.4247,0.0572,LOST,0.0,FORMATION_WAIT_REJOIN|FORMATION_WAIT_REJOIN|FAILSAFE_HOLD_OR_RETREAT|FORMATION_WAIT_REJOIN,1,1,51.199,0.529,0.442,-15.595,-3.056,-32.206,-35.727,-32.222,-35.678,-5.058,-5.063,-5.055,-5.061
2,0.0,0.0,0.0,3.523,16.1534,4.99,16.4441,3.4974,13.0354,1,9.4471,0.0573,LOST,0.0,FORMATION_WAIT_REJOIN|FORMATION_WAIT_REJOIN|FAILSAFE_HOLD_OR_RETREAT|FORMATION_WAIT_REJOIN,1,1,51.299,0.559,0.471,-15.595,-3.026,-32.206,-35.727,-32.222,-35.677,-5.057,-5.062,-5.055,-5.06
2,0.0,0.0,0.0,3.5236,16.1834,4.9902,16.4729,3.4971,13.064,1,9.4695,0.0575,LOST,0.0,FORMATION_WAIT_REJOIN|FORMATION_WAIT_REJOIN|FAILSAFE_HOLD_OR_RETREAT|FORMATION_WAIT_REJOIN,1,1,51.399,0.589,0.501,-15.595,-2.996,-32.205,-35.727,-32.222,-35.677,-5.057,-5.062,-5.055,-5.06
2,0.0,0.0,0.0,3.5237,16.2135,4.9902,16.5018,3.4967,13.0927,1,9.4919,0.0578,LOST,0.0,FORMATION_WAIT_REJOIN|FORMATION_WAIT_REJOIN|FAILSAFE_HOLD_OR_RETREAT|FORMATION_WAIT_REJOIN,1,1,51.499,0.619,0.53,-15.595,-2.966,-32.205,-35.727,-32.222,-35.676,-5.056,-5.062,-5.055,-5.06
2,0.0,0.0,0.0,3.5235,16.2435,4.9901,16.5308,3.4963,13.1218,1,9.5144,0.0578,LOST,0.0,DEGRADED_FORMATION|FORMATION_WAIT_REJOIN|FAILSAFE_HOLD_OR_RETREAT|FORMATION_WAIT_REJOIN,1,1,51.599,0.649,0.56,-15.595,-2.936,-32.204,-35.727,-32.222,-35.676,-5.055,-5.061,-5.055,-5.06
2,0.0,0.0,0.0,3.5232,16.2732,4.9896,16.5599,3.4958,13.1512,1,9.5369,0.0575,LOST,0.0,DEGRADED_FORMATION|FORMATION_WAIT_REJOIN|FAILSAFE_HOLD_OR_RETREAT|FORMATION_WAIT_REJOIN,1,1,51.699,0.678,0.59,-15.595,-2.905,-32.204,-35.726,-32.222,-35.676,-5.055,-5.061,-5.055,-5.061
2,0.0,0.0,0.0,3.5226,16.3029,4.9893,16.5892,3.4955,13.1804,1,9.5594,0.0573,LOST,0.0,DEGRADED_FORMATION|FORMATION_WAIT_REJOIN|FAILSAFE_HOLD_OR_RETREAT|FORMATION_WAIT_REJOIN,1,1,51.799,0.708,0.62,-15.595,-2.875,-32.204,-35.726,-32.222,-35.676,-5.054,-5.06,-5.055,-5.061
2,0.0,0.0,0.0,3.5221,16.3327,4.989,16.6185,3.4955,13.2095,1,9.5818,0.0571,LOST,0.0,DEGRADED_FORMATION|FORMATION_WAIT_REJOIN|FAILSAFE_HOLD_OR_RETREAT|FORMATION_WAIT_REJOIN,1,1,51.899,0.738,0.65,-15.595,-2.845,-32.205,-35.726,-32.222,-35.676,-5.054,-5.06,-5.055,-5.061
2,0.0,0.0,0.0,3.5217,16.3622,4.9885,16.6473,3.495,13.2385,1,9.6041,0.0569,LOST,0.0,DEGRADED_FORMATION|FORMATION_WAIT_REJOIN|FAILSAFE_HOLD_OR_RETREAT|FORMATION_WAIT_REJOIN,1,1,51.999,0.767,0.68,-15.595,-2.815,-32.205,-35.725,-32.222,-35.676,-5.053,-5.06,-5.055,-5.061
2,0.0,0.0,0.0,3.5216,16.3916,4.9879,16.6761,3.4945,13.2674,1,9.6264,0.0567,LOST,0.0,DEGRADED_FORMATION|FORMATION_WAIT_REJOIN|FAILSAFE_HOLD_OR_RETREAT|FORMATION_WAIT_REJOIN,1,1,52.099,0.797,0.709,-15.595,-2.785,-32.205,-35.725,-32.222,-35.676,-5.053,-5.059,-5.055,-5.06
2,0.0,0.0,0.0,3.5217,16.4207,4.9867,16.7052,3.4941,13.2964,1,9.6486,0.0562,LOST,0.0,DEGRADED_FORMATION|FORMATION_WAIT_REJOIN|FAILSAFE_HOLD_OR_RETREAT|FORMATION_WAIT_REJOIN,1,1,52.199,0.826,0.739,-15.595,-2.755,-32.205,-35.725,-32.222,-35.676,-5.053,-5.059,-5.055,-5.06
2,0.0,0.0,0.0,3.5222,16.4498,4.9857,16.7343,3.4937,13.3253,1,9.6708,0.0556,LOST,0.0,DEGRADED_FORMATION|FORMATION_WAIT_REJOIN|FAILSAFE_HOLD_OR_RETREAT|FORMATION_WAIT_REJOIN,1,1,52.299,0.855,0.768,-15.595,-2.725,-32.205,-35.726,-32.222,-35.675,-5.054,-5.058,-5.055,-5.059
2,0.0,0.0,0.0,3.523,16.4791,4.9851,16.7637,3.4935,13.3542,1,9.693,0.0552,LOST,0.0,DEGRADED_FORMATION|FORMATION_WAIT_REJOIN|FAILSAFE_HOLD_OR_RETREAT|FORMATION_WAIT_REJOIN,1,1,52.399,0.884,0.798,-15.595,-2.695,-32.205,-35.727,-32.222,-35.675,-5.054,-5.058,-5.055,-5.059
2,0.0,0.0,0.0,3.5232,16.5085,4.9843,16.793,3.4935,13.383,1,9.7154,0.0548,LOST,0.0,DEGRADED_FORMATION|FORMATION_WAIT_REJOIN|FAILSAFE_HOLD_OR_RETREAT|FORMATION_WAIT_REJOIN,1,1,52.499,0.914,0.828,-15.595,-2.665,-32.205,-35.727,-32.222,-35.675,-5.055,-5.059,-5.055,-5.058
2,0.0,0.0,0.0,3.5236,16.538,4.9834,16.8222,3.4932,13.4119,1,9.7377,0.0545,LOST,0.0,DEGRADED_FORMATION|FORMATION_WAIT_REJOIN|FAILSAFE_HOLD_OR_RETREAT|FORMATION_WAIT_REJOIN,1,1,52.599,0.943,0.858,-15.595,-2.635,-32.205,-35.728,-32.222,-35.674,-5.055,-5.059,-5.055,-5.058
2,0.0,0.0,0.0,3.524,16.5675,4.9827,16.8513,3.4929,13.4407,1,9.76,0.0543,LOST,0.0,DEGRADED_FORMATION|FORMATION_WAIT_REJOIN|FAILSAFE_HOLD_OR_RETREAT|FORMATION_WAIT_REJOIN,1,1,52.699,0.973,0.888,-15.595,-2.605,-32.205,-35.728,-32.222,-35.673,-5.055,-5.059,-5.055,-5.057
2,0.0,0.0,0.0,3.524,16.597,4.982,16.8806,3.4931,13.4693,1,9.7823,0.054,LOST,0.0,DEGRADED_FORMATION|FORMATION_WAIT_REJOIN|FAILSAFE_HOLD_OR_RETREAT|FORMATION_WAIT_REJOIN,1,1,52.799,1.002,0.918,-15.595,-2.575,-32.205,-35.728,-32.222,-35.673,-5.055,-5.059,-5.055,-5.056
2,0.0,0.0,0.0,3.5238,16.6264,4.9812,16.9098,3.4934,13.4978,1,9.8046,0.0538,LOST,0.0,DEGRADED_FORMATION|FORMATION_WAIT_REJOIN|FAILSAFE_HOLD_OR_RETREAT|FORMATION_WAIT_REJOIN,1,1,52.899,1.032,0.947,-15.595,-2.545,-32.205,-35.728,-32.222,-35.672,-5.055,-5.059,-5.055,-5.055
2,0.0,0.0,0.0,3.5235,16.6557,4.9802,16.939,3.4934,13.5264,1,9.8268,0.0535,LOST,0.0,DEGRADED_FORMATION|FORMATION_WAIT_REJOIN|FAILSAFE_HOLD_OR_RETREAT|FORMATION_WAIT_REJOIN,1,1,52.999,1.061,0.977,-15.595,-2.516,-32.205,-35.728,-32.222,-35.671,-5.055,-5.059,-5.055,-5.055
2,0.0,0.0,0.0,3.5232,16.6853,4.9792,16.9681,3.4932,13.5552,1,9.8491,0.0534,LOST,0.0,DEGRADED_FORMATION|FORMATION_WAIT_REJOIN|FAILSAFE_HOLD_OR_RETREAT|FORMATION_WAIT_REJOIN,1,1,53.099,1.09,1.007,-15.595,-2.486,-32.206,-35.728,-32.222,-35.67,-5.055,-5.059,-5.055,-5.054
2,0.0,0.0,0.0,3.5228,16.7151,4.9782,16.9973,3.4929,13.5842,1,9.8716,0.0532,LOST,0.0,DEGRADED_FORMATION|FORMATION_WAIT_REJOIN|FAILSAFE_HOLD_OR_RETREAT|FORMATION_WAIT_REJOIN,1,1,53.199,1.12,1.037,-15.595,-2.455,-32.206,-35.728,-32.222,-35.669,-5.055,-5.059,-5.055,-5.053
2,0.0,0.0,0.0,3.5225,16.7445,4.9771,17.0267,3.4931,13.6129,1,9.8939,0.0529,LOST,0.0,DEGRADED_FORMATION|FORMATION_WAIT_REJOIN|FAILSAFE_HOLD_OR_RETREAT|FORMATION_WAIT_REJOIN,1,1,53.299,1.15,1.067,-15.595,-2.426,-32.206,-35.728,-32.222,-35.669,-5.055,-5.059,-5.055,-5.053
2,0.0,0.0,0.0,3.5225,16.7737,4.9764,17.0561,3.4936,13.6413,1,9.9161,0.0525,LOST,0.0,DEGRADED_FORMATION|FORMATION_WAIT_REJOIN|FAILSAFE_HOLD_OR_RETREAT|FORMATION_WAIT_REJOIN,1,1,53.399,1.179,1.097,-15.595,-2.396,-32.206,-35.728,-32.222,-35.668,-5.055,-5.059,-5.055,-5.053
2,0.0,0.0,0.0,3.5221,16.8034,4.9756,17.0854,3.494,13.6697,1,9.9384,0.0525,LOST,0.0,DEGRADED_FORMATION|FORMATION_WAIT_REJOIN|FAILSAFE_HOLD_OR_RETREAT|FORMATION_WAIT_REJOIN,1,1,53.499,1.209,1.127,-15.595,-2.366,-32.206,-35.728,-32.222,-35.667,-5.055,-5.059,-5.055,-5.053
2,0.0,0.0,0.0,3.5217,16.8332,4.9751,17.1144,3.4941,13.6981,1,9.9607,0.0528,LOST,0.0,DEGRADED_FORMATION|FORMATION_WAIT_REJOIN|FAILSAFE_HOLD_OR_RETREAT|FORMATION_WAIT_REJOIN,1,1,53.599,1.238,1.157,-15.595,-2.337,-32.207,-35.728,-32.222,-35.666,-5.055,-5.058,-5.055,-5.053
2,0.0,0.0,0.0,3.5216,16.863,4.9748,17.1434,3.4944,13.7263,1,9.9828,0.053,LOST,0.0,DEGRADED_FORMATION|FORMATION_WAIT_REJOIN|FAILSAFE_HOLD_OR_RETREAT|FORMATION_WAIT_REJOIN,1,1,53.699,1.268,1.186,-15.595,-2.308,-32.207,-35.728,-32.222,-35.666,-5.056,-5.058,-5.055,-5.053
2,0.0,0.0,0.0,3.5216,16.8929,4.9751,17.1726,3.4951,13.7544,1,10.005,0.0533,LOST,0.0,DEGRADED_FORMATION|FORMATION_WAIT_REJOIN|FAILSAFE_HOLD_OR_RETREAT|FORMATION_WAIT_REJOIN,1,1,53.799,1.298,1.216,-15.595,-2.278,-32.207,-35.728,-32.222,-35.665,-5.056,-5.058,-5.055,-5.054
2,0.0,0.0,0.0,3.5216,16.923,4.9756,17.2018,3.4959,13.7825,1,10.0273,0.0538,LOST,0.0,DEGRADED_FORMATION|FORMATION_WAIT_REJOIN|FAILSAFE_HOLD_OR_RETREAT|FORMATION_WAIT_REJOIN,1,1,53.899,1.328,1.246,-15.595,-2.249,-32.207,-35.728,-32.222,-35.665,-5.057,-5.058,-5.055,-5.054
2,0.0,0.0,0.0,3.5217,16.9532,4.9764,17.2309,3.4967,13.8103,1,10.0495,0.0544,LOST,0.0,DEGRADED_FORMATION|FORMATION_WAIT_REJOIN|FAILSAFE_HOLD_OR_RETREAT|FORMATION_WAIT_REJOIN,1,1,53.999,1.358,1.276,-15.595,-2.221,-32.207,-35.728,-32.222,-35.665,-5.057,-5.057,-5.055,-5.055
2,0.0,0.0,0.0,3.5217,16.9833,4.977,17.2601,3.4978,13.8381,1,10.0717,0.0549,LOST,0.0,DEGRADED_FORMATION|FORMATION_WAIT_REJOIN|FAILSAFE_HOLD_OR_RETREAT|FORMATION_WAIT_REJOIN,1,1,54.099,1.388,1.305,-15.595,-2.192,-32.207,-35.728,-32.222,-35.664,-5.057,-5.057,-5.055,-5.056
2,0.0,0.0,0.0,3.5217,17.0131,4.9776,17.2891,3.4985,13.8661,1,10.0937,0.0553,LOST,0.0,DEGRADED_FORMATION|FORMATION_WAIT_REJOIN|FAILSAFE_HOLD_OR_RETREAT|FORMATION_WAIT_REJOIN,1,1,54.199,1.418,1.335,-15.595,-2.163,-32.207,-35.728,-32.222,-35.665,-5.057,-5.057,-5.055,-5.056
2,0.0,0.0,0.0,3.5219,17.0426,4.9781,17.318,3.4991,13.8941,1,10.1157,0.0556,LOST,0.0,DEGRADED_FORMATION|FORMATION_WAIT_REJOIN|FAILSAFE_HOLD_OR_RETREAT|FORMATION_WAIT_REJOIN,1,1,54.299,1.448,1.364,-15.595,-2.134,-32.208,-35.729,-32.222,-35.665,-5.057,-5.056,-5.055,-5.056
2,0.0,0.0,0.0,3.5222,17.0722,4.9786,17.3469,3.4998,13.9219,1,10.1376,0.0559,LOST,0.0,DEGRADED_FORMATION|FORMATION_WAIT_REJOIN|FAILSAFE_HOLD_OR_RETREAT|FORMATION_WAIT_REJOIN,1,1,54.399,1.477,1.394,-15.595,-2.105,-32.208,-35.729,-32.222,-35.665,-5.057,-5.056,-5.055,-5.056
2,0.0,0.0,0.0,3.5222,17.1019,4.9792,17.3759,3.5007,13.9497,1,10.1596,0.0563,LOST,0.0,DEGRADED_FORMATION|FORMATION_WAIT_REJOIN|FAILSAFE_HOLD_OR_RETREAT|FORMATION_WAIT_REJOIN,1,1,54.499,1.507,1.423,-15.595,-2.077,-32.208,-35.729,-32.222,-35.665,-5.057,-5.056,-5.055,-5.056
2,0.0,0.0,0.0,3.5219,17.1315,4.9794,17.4049,3.5013,13.9777,1,10.1816,0.0565,LOST,0.0,DEGRADED_FORMATION|FORMATION_WAIT_REJOIN|FAILSAFE_HOLD_OR_RETREAT|FORMATION_WAIT_REJOIN,1,1,54.599,1.537,1.453,-15.595,-2.048,-32.208,-35.729,-32.222,-35.664,-5.057,-5.057,-5.055,-5.057
2,0.0,0.0,0.0,3.5211,17.161,4.9788,17.4338,3.5015,14.0061,1,10.2037,0.0566,LOST,0.0,DEGRADED_FORMATION|FORMATION_WAIT_REJOIN|FAILSAFE_HOLD_OR_RETREAT|FORMATION_WAIT_REJOIN,1,1,54.699,1.566,1.483,-15.595,-2.018,-32.209,-35.729,-32.222,-35.664,-5.057,-5.057,-5.055,-5.057
2,0.0,0.0,0.0,3.5199,17.1906,4.9779,17.4626,3.5014,14.0348,1,10.226,0.0567,LOST,0.0,DEGRADED_FORMATION|FORMATION_WAIT_REJOIN|FAILSAFE_HOLD_OR_RETREAT|FORMATION_WAIT_REJOIN,1,1,54.799,1.596,1.512,-15.595,-1.989,-32.209,-35.728,-32.222,-35.663,-5.057,-5.057,-5.055,-5.058
2,0.0,0.0,0.0,3.5191,17.2205,4.9773,17.4916,3.5013,14.0634,1,10.2483,0.0569,LOST,0.0,DEGRADED_FORMATION|FORMATION_WAIT_REJOIN|FAILSAFE_HOLD_OR_RETREAT|FORMATION_WAIT_REJOIN,1,1,54.899,1.626,1.542,-15.595,-1.959,-32.21,-35.728,-32.222,-35.663,-5.057,-5.058,-5.055,-5.058
2,0.0,0.0,0.0,3.5186,17.2503,4.9767,17.5207,3.5014,14.092,1,10.2705,0.0572,LOST,0.0,DEGRADED_FORMATION|FORMATION_WAIT_REJOIN|FAILSAFE_HOLD_OR_RETREAT|FORMATION_WAIT_REJOIN,1,1,54.999,1.655,1.571,-15.595,-1.929,-32.21,-35.728,-32.222,-35.662,-5.057,-5.058,-5.055,-5.058
2,0.0,0.0,0.0,3.5184,17.2802,4.9759,17.5496,3.5011,14.1207,1,10.2928,0.0574,LOST,0.0,DEGRADED_FORMATION|FORMATION_WAIT_REJOIN|FAILSAFE_HOLD_OR_RETREAT|FORMATION_WAIT_REJOIN,1,1,55.099,1.685,1.601,-15.595,-1.9,-32.211,-35.728,-32.222,-35.662,-5.057,-5.059,-5.055,-5.058
2,0.0,0.0,0.0,3.5184,17.3104,4.9754,17.5782,3.5001,14.1498,1,10.3152,0.0579,LOST,0.0,DEGRADED_FORMATION|FORMATION_WAIT_REJOIN|FAILSAFE_HOLD_OR_RETREAT|FORMATION_WAIT_REJOIN,1,1,55.199,1.716,1.63,-15.595,-1.869,-32.211,-35.729,-32.222,-35.661,-5.057,-5.059,-5.055,-5.058
2,0.0,0.0,0.0,3.5189,17.3408,4.975,17.6072,3.4992,14.1791,1,10.3377,0.0583,LOST,0.0,DEGRADED_FORMATION|FORMATION_WAIT_REJOIN|FAILSAFE_HOLD_OR_RETREAT|FORMATION_WAIT_REJOIN,1,1,55.299,1.746,1.659,-15.595,-1.839,-32.212,-35.729,-32.222,-35.661,-5.057,-5.059,-5.055,-5.058
2,0.0,0.0,0.0,3.5197,17.3713,4.9751,17.6363,3.499,14.2079,1,10.3602,0.0588,LOST,0.0,DEGRADED_FORMATION|FORMATION_WAIT_REJOIN|FAILSAFE_HOLD_OR_RETREAT|FORMATION_WAIT_REJOIN,1,1,55.399,1.776,1.689,-15.595,-1.809,-32.211,-35.73,-32.222,-35.66,-5.056,-5.059,-5.055,-5.057
2,0.0,0.0,0.0,3.5203,17.4019,4.9752,17.6657,3.4991,14.2365,1,10.3827,0.0593,LOST,0.0,DEGRADED_FORMATION|FORMATION_WAIT_REJOIN|FAILSAFE_HOLD_OR_RETREAT|FORMATION_WAIT_REJOIN,1,1,55.499,1.807,1.719,-15.595,-1.78,-32.211,-35.73,-32.222,-35.659,-5.056,-5.059,-5.055,-5.058
2,0.0,0.0,0.0,3.5206,17.4327,4.9753,17.6949,3.4993,14.2651,1,10.4053,0.06,LOST,0.0,DEGRADED_FORMATION|FORMATION_WAIT_REJOIN|FAILSAFE_HOLD_OR_RETREAT|FORMATION_WAIT_REJOIN,1,1,55.599,1.838,1.749,-15.595,-1.75,-32.211,-35.731,-32.222,-35.658,-5.056,-5.059,-5.055,-5.058
2,0.0,0.0,0.0,3.5209,17.4639,4.9755,17.7243,3.4994,14.2938,1,10.428,0.061,LOST,0.0,DEGRADED_FORMATION|FORMATION_WAIT_REJOIN|FAILSAFE_HOLD_OR_RETREAT|FORMATION_WAIT_REJOIN,1,1,55.699,1.869,1.779,-15.595,-1.72,-32.211,-35.731,-32.222,-35.657,-5.056,-5.059,-5.055,-5.058
2,0.0,0.0,0.0,3.5214,17.4954,4.9759,17.754,3.4996,14.3227,1,10.451,0.0619,LOST,0.0,DEGRADED_FORMATION|FORMATION_WAIT_REJOIN|FAILSAFE_HOLD_OR_RETREAT|FORMATION_WAIT_REJOIN,1,1,55.799,1.901,1.809,-15.595,-1.69,-32.211,-35.732,-32.222,-35.656,-5.057,-5.059,-5.055,-5.059
2,0.0,0.0,0.0,3.5224,17.5274,4.9764,17.784,3.4996,14.3521,1,10.4742,0.0629,LOST,0.0,DEGRADED_FORMATION|FORMATION_WAIT_REJOIN|FAILSAFE_HOLD_OR_RETREAT|FORMATION_WAIT_REJOIN,1,1,55.899,1.933,1.839,-15.595,-1.66,-32.211,-35.732,-32.222,-35.655,-5.057,-5.059,-5.055,-5.059
2,0.0,0.0,0.0,3.5234,17.5594,4.9771,17.8141,3.4996,14.3816,1,10.4975,0.0638,LOST,0.0,DEGRADED_FORMATION|FORMATION_WAIT_REJOIN|FAILSAFE_HOLD_OR_RETREAT|FORMATION_WAIT_REJOIN,1,1,55.999,1.965,1.87,-15.595,-1.629,-32.211,-35.733,-32.222,-35.655,-5.058,-5.059,-5.055,-5.059
2,0.0,0.0,0.0,3.5246,17.5914,4.9779,17.8443,3.4996,14.4112,1,10.5208,0.0646,LOST,0.0,DEGRADED_FORMATION|FORMATION_WAIT_REJOIN|FAILSAFE_HOLD_OR_RETREAT|FORMATION_WAIT_REJOIN,1,1,56.099,1.997,1.9,-15.595,-1.598,-32.211,-35.734,-32.222,-35.654,-5.058,-5.059,-5.055,-5.059
2,0.0,0.0,0.0,3.5257,17.6234,4.9788,17.8744,3.4994,14.441,1,10.5441,0.0655,LOST,0.0,DEGRADED_FORMATION|DEGRADED_FORMATION|FAILSAFE_HOLD_OR_RETREAT|FORMATION_WAIT_REJOIN,1,1,56.199,2.029,1.931,-15.595,-1.568,-32.21,-35.735,-32.222,-35.654,-5.058,-5.059,-5.055,-5.059
2,0.0,0.0,0.0,3.5268,17.6554,4.98,17.9044,3.4997,14.4703,1,10.5673,0.0665,LOST,0.0,DEGRADED_FORMATION|DEGRADED_FORMATION|FAILSAFE_HOLD_OR_RETREAT|FORMATION_WAIT_REJOIN,1,1,56.299,2.061,1.961,-15.595,-1.537,-32.21,-35.735,-32.222,-35.653,-5.058,-5.059,-5.055,-5.059
2,0.0,0.0,0.0,3.5278,17.6872,4.9809,17.9345,3.5001,14.4995,1,10.5905,0.0673,LOST,0.0,DEGRADED_FORMATION|DEGRADED_FORMATION|FAILSAFE_HOLD_OR_RETREAT|FORMATION_WAIT_REJOIN,1,1,56.399,2.092,1.992,-15.595,-1.507,-32.21,-35.736,-32.222,-35.653,-5.059,-5.06,-5.055,-5.059
2,0.0,0.0,0.0,3.5281,17.7189,4.9817,17.9646,3.5004,14.529,1,10.6137,0.0681,LOST,0.0,DEGRADED_FORMATION|DEGRADED_FORMATION|FAILSAFE_HOLD_OR_RETREAT|FORMATION_WAIT_REJOIN,1,1,56.499,2.124,2.023,-15.595,-1.477,-32.209,-35.736,-32.222,-35.652,-5.059,-5.06,-5.055,-5.058
2,0.0,0.0,0.0,3.528,17.7503,4.9824,17.9943,3.5002,14.5585,1,10.6367,0.0688,LOST,0.0,DEGRADED_FORMATION|DEGRADED_FORMATION|FAILSAFE_HOLD_OR_RETREAT|FORMATION_WAIT_REJOIN,1,1,56.599,2.155,2.053,-15.595,-1.446,-32.209,-35.736,-32.222,-35.652,-5.059,-5.061,-5.055,-5.058
2,0.0,0.0,0.0,3.5275,17.7813,4.9831,18.0236,3.5,14.5879,1,10.6595,0.0695,LOST,0.0,DEGRADED_FORMATION|DEGRADED_FORMATION|FAILSAFE_HOLD_OR_RETREAT|FORMATION_WAIT_REJOIN,1,1,56.699,2.186,2.083,-15.595,-1.416,-32.209,-35.735,-32.222,-35.652,-5.06,-5.062,-5.055,-5.057
2,0.0,0.0,0.0,3.5272,17.8122,4.9839,18.0529,3.4999,14.6172,1,10.6822,0.07,LOST,0.0,DEGRADED_FORMATION|DEGRADED_FORMATION|FAILSAFE_HOLD_OR_RETREAT|FORMATION_WAIT_REJOIN,1,1,56.799,2.217,2.113,-15.595,-1.386,-32.209,-35.735,-32.222,-35.653,-5.06,-5.062,-5.055,-5.057
2,0.0,0.0,0.0,3.5272,17.8425,4.9846,18.0823,3.4999,14.6464,1,10.7048,0.0702,LOST,0.0,DEGRADED_FORMATION|DEGRADED_FORMATION|FAILSAFE_HOLD_OR_RETREAT|FORMATION_WAIT_REJOIN,1,1,56.899,2.248,2.143,-15.595,-1.356,-32.209,-35.735,-32.222,-35.653,-5.061,-5.063,-5.055,-5.056
2,0.0,0.0,0.0,3.5279,17.8727,4.9858,18.1118,3.5003,14.6753,1,10.7273,0.0703,LOST,0.0,DEGRADED_FORMATION|DEGRADED_FORMATION|FAILSAFE_HOLD_OR_RETREAT|FORMATION_WAIT_REJOIN,1,1,56.999,2.278,2.173,-15.595,-1.326,-32.208,-35.735,-32.222,-35.653,-5.061,-5.063,-5.055,-5.056
2,0.0,0.0,0.0,3.5288,17.9029,4.9873,18.1415,3.501,14.7042,1,10.7498,0.0704,LOST,0.0,DEGRADED_FORMATION|DEGRADED_FORMATION|FAILSAFE_HOLD_OR_RETREAT|FORMATION_WAIT_REJOIN,1,1,57.099,2.308,2.203,-15.595,-1.297,-32.207,-35.734,-32.222,-35.654,-5.061,-5.063,-5.055,-5.055
2,0.0,0.0,0.0,3.5294,17.933,4.9881,18.1711,3.5015,14.7331,1,10.7723,0.0704,LOST,0.0,DEGRADED_FORMATION|DEGRADED_FORMATION|FAILSAFE_HOLD_OR_RETREAT|FORMATION_WAIT_REJOIN,1,1,57.199,2.338,2.234,-15.595,-1.267,-32.206,-35.734,-32.222,-35.654,-5.062,-5.062,-5.055,-5.055
2,0.0,0.0,0.0,3.5296,17.963,4.9888,18.2007,3.502,14.7621,1,10.7948,0.0704,LOST,0.0,DEGRADED_FORMATION|DEGRADED_FORMATION|FAILSAFE_HOLD_OR_RETREAT|FORMATION_WAIT_REJOIN,1,1,57.299,2.368,2.264,-15.595,-1.237,-32.206,-35.734,-32.222,-35.654,-5.062,-5.062,-5.055,-5.054
2,0.0,0.0,0.0,3.5302,17.9929,4.9895,18.2303,3.5021,14.7915,1,10.8173,0.0702,LOST,0.0,DEGRADED_FORMATION|DEGRADED_FORMATION|FAILSAFE_HOLD_OR_RETREAT|FORMATION_WAIT_REJOIN,1,1,57.399,2.398,2.294,-15.595,-1.207,-32.205,-35.734,-32.222,-35.655,-5.062,-5.061,-5.055,-5.054
2,0.0,0.0,0.0,3.5305,18.0223,4.99,18.2602,3.5025,14.8209,1,10.8398,0.0696,LOST,0.0,DEGRADED_FORMATION|DEGRADED_FORMATION|FAILSAFE_HOLD_OR_RETREAT|FORMATION_WAIT_REJOIN,1,1,57.499,2.427,2.324,-15.595,-1.177,-32.205,-35.734,-32.222,-35.655,-5.063,-5.061,-5.055,-5.054
2,0.0,0.0,0.0,3.5315,18.0516,4.99,18.2902,3.5027,14.8504,1,10.8623,0.0689,LOST,0.0,DEGRADED_FORMATION|DEGRADED_FORMATION|FAILSAFE_HOLD_OR_RETREAT|FORMATION_WAIT_REJOIN,1,1,57.599,2.457,2.355,-15.595,-1.147,-32.204,-35.734,-32.222,-35.656,-5.063,-5.061,-5.055,-5.054
2,0.0,0.0,0.0,3.5331,18.0809,4.99,18.32,3.5026,14.88,1,10.8847,0.0683,LOST,0.0,DEGRADED_FORMATION|DEGRADED_FORMATION|FAILSAFE_HOLD_OR_RETREAT|FORMATION_WAIT_REJOIN,1,1,57.699,2.486,2.385,-15.595,-1.117,-32.204,-35.736,-32.222,-35.657,-5.064,-5.06,-5.055,-5.054
2,0.0,0.0,0.0,3.5345,18.1105,4.9902,18.3499,3.5028,14.9094,1,10.9072,0.0679,LOST,0.0,DEGRADED_FORMATION|DEGRADED_FORMATION|FAILSAFE_HOLD_OR_RETREAT|FORMATION_WAIT_REJOIN,1,1,57.799,2.516,2.415,-15.595,-1.087,-32.204,-35.737,-32.222,-35.657,-5.064,-5.06,-5.055,-5.054
2,0.0,0.0,0.0,3.5351,18.1403,4.9905,18.3795,3.5031,14.9384,1,10.9296,0.0678,LOST,0.0,DEGRADED_FORMATION|DEGRADED_FORMATION|FAILSAFE_HOLD_OR_RETREAT|FORMATION_WAIT_REJOIN,1,1,57.899,2.545,2.445,-15.595,-1.057,-32.204,-35.737,-32.222,-35.658,-5.064,-5.059,-5.055,-5.053
2,0.0,0.0,0.0,3.5351,18.1701,4.9907,18.409,3.5037,14.9671,1,10.9519,0.0679,LOST,0.0,DEGRADED_FORMATION|DEGRADED_FORMATION|FAILSAFE_HOLD_OR_RETREAT|FORMATION_WAIT_REJOIN,1,1,57.999,2.575,2.475,-15.595,-1.027,-32.204,-35.738,-32.222,-35.658,-5.064,-5.059,-5.055,-5.054
2,0.0,0.0,0.0,3.5349,18.1996,4.9903,18.4385,3.5042,14.9958,1,10.9742,0.0677,LOST,0.0,DEGRADED_FORMATION|DEGRADED_FORMATION|FAILSAFE_HOLD_OR_RETREAT|FORMATION_WAIT_REJOIN,1,1,58.099,2.605,2.505,-15.595,-0.998,-32.204,-35.738,-32.222,-35.657,-5.064,-5.059,-5.055,-5.054
2,0.0,0.0,0.0,3.5341,18.229,4.9891,18.4678,3.5043,15.0246,1,10.9965,0.0675,LOST,0.0,DEGRADED_FORMATION|DEGRADED_FORMATION|FAILSAFE_HOLD_OR_RETREAT|FORMATION_WAIT_REJOIN,1,1,58.199,2.634,2.535,-15.595,-0.968,-32.205,-35.738,-32.222,-35.657,-5.064,-5.058,-5.055,-5.055
2,0.0,0.0,0.0,3.5333,18.2585,4.9879,18.497,3.5044,15.0532,1,11.0187,0.0674,LOST,0.0,DEGRADED_FORMATION|DEGRADED_FORMATION|FAILSAFE_HOLD_OR_RETREAT|FORMATION_WAIT_REJOIN,1,1,58.299,2.664,2.565,-15.595,-0.939,-32.206,-35.738,-32.222,-35.656,-5.064,-5.058,-5.055,-5.055
2,0.0,0.0,0.0,3.5328,18.2882,4.9875,18.5263,3.505,15.0817,1,11.0409,0.0675,LOST,0.0,DEGRADED_FORMATION|DEGRADED_FORMATION|FAILSAFE_HOLD_OR_RETREAT|FORMATION_WAIT_REJOIN,1,1,58.399,2.693,2.595,-15.595,-0.909,-32.206,-35.737,-32.222,-35.655,-5.064,-5.059,-5.055,-5.056
2,0.0,0.0,0.0,3.5318,18.3182,4.9874,18.5558,3.5057,15.1102,1,11.0633,0.0677,LOST,0.0,DEGRADED_FORMATION|DEGRADED_FORMATION|FAILSAFE_HOLD_OR_RETREAT|FORMATION_WAIT_REJOIN,1,1,58.499,2.723,2.625,-15.595,-0.88,-32.206,-35.737,-32.222,-35.655,-5.064,-5.059,-5.055,-5.056
2,0.0,0.0,0.0,3.5305,18.3482,4.9876,18.5853,3.5066,15.1387,1,11.0857,0.0679,LOST,0.0,DEGRADED_FORMATION|DEGRADED_FORMATION|FAILSAFE_HOLD_OR_RETREAT|DEGRADED_FORMATION,1,1,58.599,2.753,2.655,-15.595,-0.851,-32.207,-35.736,-32.222,-35.655,-5.064,-5.059,-5.055,-5.056
2,0.0,0.0,0.0,3.5288,18.3783,4.988,18.6146,3.5075,15.1672,1,11.108,0.0683,LOST,0.0,DEGRADED_FORMATION|DEGRADED_FORMATION|FAILSAFE_HOLD_OR_RETREAT|DEGRADED_FORMATION,1,1,58.699,2.783,2.685,-15.595,-0.821,-32.208,-35.735,-32.222,-35.655,-5.063,-5.059,-5.055,-5.056
2,0.0,0.0,0.0,3.5268,18.4086,4.9883,18.6435,3.5076,15.196,1,11.1303,0.0689,LOST,0.0,DEGRADED_FORMATION|DEGRADED_FORMATION|FAILSAFE_HOLD_OR_RETREAT|DEGRADED_FORMATION,1,1,58.799,2.814,2.715,-15.595,-0.792,-32.208,-35.734,-32.222,-35.655,-5.063,-5.059,-5.055,-5.057
2,0.0,0.0,0.0,3.5251,18.4389,4.9882,18.6724,3.5074,15.2251,1,11.1528,0.0693,LOST,0.0,DEGRADED_FORMATION|DEGRADED_FORMATION|FAILSAFE_HOLD_OR_RETREAT|DEGRADED_FORMATION,1,1,58.899,2.844,2.744,-15.595,-0.762,-32.209,-35.733,-32.222,-35.656,-5.063,-5.059,-5.055,-5.057
2,0.0,0.0,0.0,3.5239,18.469,4.988,18.7015,3.5071,15.2543,1,11.1752,0.0695,LOST,0.0,DEGRADED_FORMATION|DEGRADED_FORMATION|FAILSAFE_HOLD_OR_RETREAT|DEGRADED_FORMATION,1,1,58.999,2.874,2.774,-15.595,-0.732,-32.21,-35.732,-32.222,-35.656,-5.063,-5.059,-5.055,-5.058
2,0.0,0.0,0.0,3.5227,18.4991,4.9879,18.7307,3.5073,15.2833,1,11.1976,0.0698,LOST,0.0,DEGRADED_FORMATION|DEGRADED_FORMATION|FAILSAFE_HOLD_OR_RETREAT|DEGRADED_FORMATION,1,1,59.099,2.904,2.804,-15.595,-0.702,-32.21,-35.732,-32.222,-35.656,-5.063,-5.059,-5.055,-5.059
2,0.0,0.0,0.0,3.5216,18.5291,4.9879,18.7602,3.5077,15.3123,1,11.2201,0.07,LOST,0.0,DEGRADED_FORMATION|DEGRADED_FORMATION|FAILSAFE_HOLD_OR_RETREAT|DEGRADED_FORMATION,1,1,59.199,2.934,2.834,-15.595,-0.673,-32.211,-35.731,-32.222,-35.656,-5.063,-5.059,-5.055,-5.059
2,0.0,0.0,0.0,3.5207,18.5592,4.9879,18.7895,3.5075,15.3417,1,11.2427,0.07,LOST,0.0,DEGRADED_FORMATION|DEGRADED_FORMATION|FAILSAFE_HOLD_OR_RETREAT|DEGRADED_FORMATION,1,1,59.299,2.964,2.864,-15.595,-0.643,-32.211,-35.73,-32.222,-35.656,-5.063,-5.059,-5.055,-5.06
2,0.0,0.0,0.0,3.5197,18.5892,4.9878,18.8185,3.5068,15.3713,1,11.2651,0.0702,LOST,0.0,DEGRADED_FORMATION|DEGRADED_FORMATION|FAILSAFE_HOLD_OR_RETREAT|DEGRADED_FORMATION,1,1,59.399,2.994,2.894,-15.595,-0.612,-32.211,-35.73,-32.222,-35.657,-5.063,-5.058,-5.055,-5.061
2,0.0,0.0,0.0,3.5187,18.6193,4.9878,18.8475,3.5063,15.4009,1,11.2876,0.0703,LOST,0.0,DEGRADED_FORMATION|DEGRADED_FORMATION|FAILSAFE_HOLD_OR_RETREAT|DEGRADED_FORMATION,1,1,59.499,3.024,2.924,-15.595,-0.582,-32.212,-35.729,-32.222,-35.657,-5.063,-5.058,-5.055,-5.061
2,0.0,0.0,0.0,3.5177,18.6495,4.9878,18.8766,3.5056,15.4306,1,11.3102,0.0704,LOST,0.0,DEGRADED_FORMATION|DEGRADED_FORMATION|FAILSAFE_HOLD_OR_RETREAT|DEGRADED_FORMATION,1,1,59.599,3.055,2.953,-15.595,-0.552,-32.212,-35.728,-32.222,-35.657,-5.063,-5.057,-5.055,-5.062
2,0.0,0.0,0.0,3.5169,18.6797,4.9877,18.9055,3.5045,15.4604,1,11.3328,0.0706,LOST,0.0,DEGRADED_FORMATION|DEGRADED_FORMATION|FAILSAFE_HOLD_OR_RETREAT|DEGRADED_FORMATION,1,1,59.699,3.085,2.983,-15.595,-0.521,-32.212,-35.727,-32.222,-35.658,-5.063,-5.057,-5.055,-5.063
2,0.0,0.0,0.0,3.5175,18.7094,4.9875,18.9346,3.5036,15.4902,1,11.3552,0.0703,LOST,0.0,DEGRADED_FORMATION|DEGRADED_FORMATION|FAILSAFE_HOLD_OR_RETREAT|DEGRADED_FORMATION,1,1,59.799,3.115,3.012,-15.595,-0.491,-32.212,-35.728,-32.222,-35.658,-5.064,-5.057,-5.055,-5.063
2,0.0,0.0,0.0,3.519,18.739,4.9874,18.9638,3.5027,15.5199,1,11.3776,0.07,LOST,0.0,DEGRADED_FORMATION|DEGRADED_FORMATION|FAILSAFE_HOLD_OR_RETREAT|DEGRADED_FORMATION,1,1,59.899,3.144,3.042,-15.595,-0.46,-32.212,-35.729,-32.222,-35.659,-5.064,-5.057,-5.055,-5.064
2,0.0,0.0,0.0,3.5216,18.7684,4.9873,18.9932,3.5022,15.5493,1,11.3998,0.0695,LOST,0.0,DEGRADED_FORMATION|DEGRADED_FORMATION|FAILSAFE_HOLD_OR_RETREAT|DEGRADED_FORMATION,1,1,59.999,3.174,3.071,-15.595,-0.43,-32.211,-35.731,-32.222,-35.659,-5.064,-5.056,-5.055,-5.064
2,0.0,0.0,0.0,3.5243,18.7979,4.9872,19.0231,3.5022,15.5785,1,11.4222,0.0691,LOST,0.0,DEGRADED_FORMATION|DEGRADED_FORMATION|FAILSAFE_HOLD_OR_RETREAT|DEGRADED_FORMATION,1,1,60.099,3.203,3.101,-15.595,-0.4,-32.21,-35.733,-32.222,-35.658,-5.064,-5.056,-5.055,-5.064
2,0.0,0.0,0.0,3.5263,18.8272,4.9861,19.0532,3.5023,15.608,1,11.4447,0.0683,LOST,0.0,DEGRADED_FORMATION|DEGRADED_FORMATION|FAILSAFE_HOLD_OR_RETREAT|DEGRADED_FORMATION,1,1,60.199,3.232,3.132,-15.595,-0.37,-32.21,-35.735,-32.222,-35.658,-5.064,-5.056,-5.055,-5.064
2,0.0,0.0,0.0,3.5282,18.8564,4.9848,19.0832,3.5021,15.6374,1,11.4672,0.0675,LOST,0.0,DEGRADED_FORMATION|DEGRADED_FORMATION|FAILSAFE_HOLD_OR_RETREAT|DEGRADED_FORMATION,1,1,60.299,3.262,3.162,-15.595,-0.339,-32.21,-35.737,-32.222,-35.657,-5.064,-5.055,-5.055,-5.063
2,0.0,0.0,0.0,3.5298,18.8861,4.984,19.1129,3.5018,15.6669,1,11.4897,0.0671,LOST,0.0,DEGRADED_FORMATION|DEGRADED_FORMATION|FAILSAFE_HOLD_OR_RETREAT|DEGRADED_FORMATION,1,1,60.399,3.291,3.192,-15.595,-0.309,-32.209,-35.738,-32.222,-35.656,-5.064,-5.055,-5.055,-5.063
2,0.0,0.0,0.0,3.5312,18.9161,4.9833,19.1427,3.5015,15.6965,1,11.5123,0.0669,LOST,0.0,DEGRADED_FORMATION|DEGRADED_FORMATION|FAILSAFE_HOLD_OR_RETREAT|DEGRADED_FORMATION,1,1,60.499,3.321,3.222,-15.595,-0.279,-32.209,-35.739,-32.222,-35.655,-5.064,-5.055,-5.055,-5.062
2,0.0,0.0,0.0,3.5328,18.9458,4.9825,19.1726,3.5012,15.7261,1,11.5349,0.0666,LOST,0.0,DEGRADED_FORMATION|DEGRADED_FORMATION|FAILSAFE_HOLD_OR_RETREAT|DEGRADED_FORMATION,1,1,60.599,3.351,3.252,-15.595,-0.248,-32.209,-35.741,-32.222,-35.655,-5.063,-5.055,-5.055,-5.062
2,0.0,0.0,0.0,3.5345,18.9753,4.9817,19.2028,3.5012,15.7557,1,11.5575,0.0659,LOST,0.0,DEGRADED_FORMATION|DEGRADED_FORMATION|FAILSAFE_HOLD_OR_RETREAT|DEGRADED_FORMATION,1,1,60.699,3.38,3.282,-15.595,-0.218,-32.209,-35.742,-32.222,-35.655,-5.063,-5.055,-5.055,-5.061
2,0.0,0.0,0.0,3.5358,19.0045,4.9807,19.2329,3.5012,15.7854,1,11.58,0.065,LOST,0.0,DEGRADED_FORMATION|DEGRADED_FORMATION|FAILSAFE_HOLD_OR_RETREAT|DEGRADED_FORMATION,1,1,60.799,3.41,3.313,-15.595,-0.187,-32.209,-35.744,-32.222,-35.654,-5.063,-5.054,-5.055,-5.061
2,0.0,0.0,0.0,3.5368,19.0338,4.9797,19.2625,3.5007,15.8151,1,11.6024,0.0644,LOST,0.0,DEGRADED_FORMATION|DEGRADED_FORMATION|FAILSAFE_HOLD_OR_RETREAT|DEGRADED_FORMATION,1,1,60.899,3.439,3.343,-15.595,-0.157,-32.209,-35.745,-32.222,-35.654,-5.063,-5.054,-5.055,-5.06
2,0.0,0.0,0.0,3.5376,19.0629,4.9789,19.2921,3.5004,15.8446,1,11.6247,0.0638,LOST,0.0,DEGRADED_FORMATION|DEGRADED_FORMATION|FAILSAFE_HOLD_OR_RETREAT|DEGRADED_FORMATION,1,1,60.999,3.468,3.373,-15.595,-0.127,-32.209,-35.746,-32.222,-35.654,-5.063,-5.053,-5.055,-5.06
2,0.0,0.0,0.0,3.5381,19.092,4.9782,19.3218,3.5005,15.874,1,11.647,0.0631,LOST,0.0,DEGRADED_FORMATION|DEGRADED_FORMATION|FAILSAFE_HOLD_OR_RETREAT|DEGRADED_FORMATION,1,1,61.099,3.497,3.403,-15.595,-0.097,-32.21,-35.746,-32.222,-35.655,-5.062,-5.053,-5.055,-5.059
2,0.0,0.0,0.0,3.5386,19.1212,4.9777,19.3514,3.5003,15.9035,1,11.6693,0.0625,LOST,0.0,DEGRADED_FORMATION|DEGRADED_FORMATION|FAILSAFE_HOLD_OR_RETREAT|DEGRADED_FORMATION,1,1,61.199,3.526,3.433,-15.595,-0.066,-32.21,-35.747,-32.222,-35.655,-5.062,-5.053,-5.055,-5.059
2,0.0,0.0,0.0,3.5391,19.1503,4.9774,19.3807,3.4999,15.933,1,11.6916,0.0619,LOST,0.0,DEGRADED_FORMATION|DEGRADED_FORMATION|FAILSAFE_HOLD_OR_RETREAT|DEGRADED_FORMATION,1,1,61.299,3.555,3.462,-15.595,-0.036,-32.21,-35.747,-32.222,-35.656,-5.062,-5.053,-5.055,-5.058
2,0.0,0.0,0.0,3.5392,19.1791,4.9767,19.4101,3.4995,15.9627,1,11.7138,0.0611,LOST,0.0,DEGRADED_FORMATION|DEGRADED_FORMATION|FAILSAFE_HOLD_OR_RETREAT|DEGRADED_FORMATION,1,1,61.399,3.584,3.492,-15.595,-0.006,-32.21,-35.748,-32.222,-35.656,-5.062,-5.053,-5.055,-5.057
2,0.0,0.0,0.0,3.5391,19.2079,4.9756,19.4399,3.4993,15.9925,1,11.7362,0.06,LOST,0.0,DEGRADED_FORMATION|DEGRADED_FORMATION|FAILSAFE_HOLD_OR_RETREAT|DEGRADED_FORMATION,1,1,61.499,3.613,3.523,-15.595,0.024,-32.21,-35.748,-32.222,-35.656,-5.062,-5.053,-5.055,-5.057
2,0.0,0.0,0.0,3.5392,19.2368,4.9747,19.4698,3.4995,16.0221,1,11.7586,0.0591,LOST,0.0,DEGRADED_FORMATION|DEGRADED_FORMATION|FAILSAFE_HOLD_OR_RETREAT|DEGRADED_FORMATION,1,1,61.599,3.642,3.553,-15.595,0.055,-32.21,-35.748,-32.222,-35.656,-5.061,-5.054,-5.055,-5.056
2,0.0,0.0,0.0,3.5395,19.2661,4.9743,19.5001,3.5002,16.0514,1,11.7811,0.0584,LOST,0.0,DEGRADED_FORMATION|DEGRADED_FORMATION|FAILSAFE_HOLD_OR_RETREAT|DEGRADED_FORMATION,1,1,61.699,3.671,3.584,-15.595,0.085,-32.21,-35.748,-32.222,-35.657,-5.061,-5.054,-5.055,-5.056
2,0.0,0.0,0.0,3.5403,19.2961,4.9745,19.5306,3.501,16.0808,1,11.8038,0.058,LOST,0.0,DEGRADED_FORMATION|DEGRADED_FORMATION|FAILSAFE_HOLD_OR_RETREAT|DEGRADED_FORMATION,1,1,61.799,3.701,3.615,-15.595,0.115,-32.21,-35.749,-32.222,-35.657,-5.061,-5.054,-5.055,-5.056
2,0.0,0.0,0.0,3.5407,19.3264,4.9747,19.561,3.5019,16.1101,1,11.8266,0.0579,LOST,0.0,DEGRADED_FORMATION|DEGRADED_FORMATION|FAILSAFE_HOLD_OR_RETREAT|DEGRADED_FORMATION,1,1,61.899,3.732,3.645,-15.595,0.145,-32.21,-35.75,-32.222,-35.657,-5.061,-5.055,-5.055,-5.056
2,0.0,0.0,0.0,3.5409,19.3568,4.9748,19.5914,3.5028,16.1393,1,11.8494,0.0579,LOST,0.0,DEGRADED_FORMATION|DEGRADED_FORMATION|FAILSAFE_HOLD_OR_RETREAT|DEGRADED_FORMATION,1,1,61.999,3.762,3.676,-15.595,0.175,-32.21,-35.75,-32.222,-35.657,-5.061,-5.055,-5.055,-5.056
2,0.0,0.0,0.0,3.5412,19.3874,4.9751,19.6216,3.5036,16.1685,1,11.8722,0.0581,LOST,0.0,DEGRADED_FORMATION|DEGRADED_FORMATION|FAILSAFE_HOLD_OR_RETREAT|DEGRADED_FORMATION,1,1,62.099,3.793,3.707,-15.595,0.205,-32.21,-35.75,-32.222,-35.656,-5.061,-5.056,-5.055,-5.056
2,0.0,0.0,0.0,3.5413,19.4176,4.9751,19.6517,3.5043,16.1975,1,11.8948,0.0581,LOST,0.0,DEGRADED_FORMATION|DEGRADED_FORMATION|FAILSAFE_HOLD_OR_RETREAT|DEGRADED_FORMATION,1,1,62.199,3.823,3.738,-15.595,0.234,-32.21,-35.75,-32.222,-35.656,-5.061,-5.057,-5.055,-5.057
2,0.0,0.0,0.0,3.5413,19.4473,4.9749,19.6813,3.5044,16.2268,1,11.9172,0.058,LOST,0.0,DEGRADED_FORMATION|DEGRADED_FORMATION|FAILSAFE_HOLD_OR_RETREAT|DEGRADED_FORMATION,1,1,62.299,3.852,3.768,-15.595,0.264,-32.21,-35.75,-32.222,-35.656,-5.062,-5.057,-5.055,-5.058
2,0.0,0.0,0.0,3.5413,19.4768,4.9745,19.7107,3.5043,16.2562,1,11.9396,0.0578,LOST,0.0,DEGRADED_FORMATION|DEGRADED_FORMATION|FAILSAFE_HOLD_OR_RETREAT|DEGRADED_FORMATION,1,1,62.399,3.882,3.798,-15.595,0.294,-32.21,-35.75,-32.222,-35.656,-5.062,-5.058,-5.055,-5.058
2,0.0,0.0,0.0,3.5411,19.5065,4.9744,19.7401,3.5042,16.2856,1,11.9621,0.0576,LOST,0.0,DEGRADED_FORMATION|DEGRADED_FORMATION|FAILSAFE_HOLD_OR_RETREAT|DEGRADED_FORMATION,1,1,62.499,3.912,3.828,-15.595,0.325,-32.209,-35.749,-32.222,-35.655,-5.063,-5.058,-5.055,-5.059
2,0.0,0.0,0.0,3.541,19.5363,4.9742,19.7695,3.5041,16.3149,1,11.9846,0.0574,LOST,0.0,DEGRADED_FORMATION|DEGRADED_FORMATION|FAILSAFE_HOLD_OR_RETREAT|DEGRADED_FORMATION,1,1,62.599,3.941,3.858,-15.595,0.355,-32.209,-35.749,-32.222,-35.655,-5.063,-5.058,-5.055,-5.06
2,0.0,0.0,0.0,3.5409,19.5663,4.9743,19.7989,3.5042,16.344,1,12.007,0.0575,LOST,0.0,DEGRADED_FORMATION|DEGRADED_FORMATION|FAILSAFE_HOLD_OR_RETREAT|DEGRADED_FORMATION,1,1,62.699,3.971,3.887,-15.595,0.384,-32.209,-35.749,-32.222,-35.655,-5.064,-5.058,-5.055,-5.06
2,0.0,0.0,0.0,3.5403,19.5965,4.9745,19.8282,3.5041,16.3732,1,12.0295,0.0575,LOST,0.0,DEGRADED_FORMATION|DEGRADED_FORMATION|FAILSAFE_HOLD_OR_RETREAT|DEGRADED_FORMATION,1,1,62.799,4.002,3.917,-15.595,0.414,-32.209,-35.748,-32.222,-35.655,-5.065,-5.058,-5.055,-5.061
2,0.0,0.0,0.0,3.5403,19.6271,4.975,19.8576,3.5038,16.4028,1,12.0521,0.0578,LOST,0.0,DEGRADED_FORMATION|DEGRADED_FORMATION|FAILSAFE_HOLD_OR_RETREAT|DEGRADED_FORMATION,1,1,62.899,4.032,3.947,-15.595,0.445,-32.208,-35.748,-32.222,-35.655,-5.065,-5.058,-5.055,-5.062
2,0.0,0.0,0.0,3.5401,19.6576,4.9757,19.8869,3.5035,16.4324,1,12.0748,0.0582,LOST,0.0,DEGRADED_FORMATION|DEGRADED_FORMATION|FAILSAFE_HOLD_OR_RETREAT|DEGRADED_FORMATION,1,1,62.999,4.063,3.977,-15.595,0.475,-32.208,-35.747,-32.222,-35.656,-5.065,-5.058,-5.055,-5.062
2,0.0,0.0,0.0,3.5392,19.6882,4.9763,19.9162,3.5033,16.462,1,12.0974,0.0586,LOST,0.0,DEGRADED_FORMATION|DEGRADED_FORMATION|FAILSAFE_HOLD_OR_RETREAT|DEGRADED_FORMATION,1,1,63.099,4.093,4.007,-15.595,0.505,-32.209,-35.747,-32.222,-35.656,-5.066,-5.059,-5.055,-5.063
2,0.0,0.0,0.0,3.5382,19.7185,4.9768,19.9453,3.5028,16.4915,1,12.12,0.0589,LOST,0.0,DEGRADED_FORMATION|DEGRADED_FORMATION|FAILSAFE_HOLD_OR_RETREAT|DEGRADED_FORMATION,1,1,63.199,4.124,4.037,-15.595,0.535,-32.209,-35.746,-32.222,-35.657,-5.066,-5.059,-5.055,-5.063
2,0.0,0.0,0.0,3.5365,19.7486,4.9765,19.974,3.5022,16.5209,1,12.1423,0.0592,LOST,0.0,DEGRADED_FORMATION|DEGRADED_FORMATION|FAILSAFE_HOLD_OR_RETREAT|DEGRADED_FORMATION,1,1,63.299,4.154,4.066,-15.595,0.565,-32.209,-35.745,-32.222,-35.657,-5.066,-5.059,-5.055,-5.063
2,0.0,0.0,0.0,3.5349,19.7786,4.9758,20.0029,3.5019,16.5499,1,12.1646,0.0595,LOST,0.0,DEGRADED_FORMATION|DEGRADED_FORMATION|FAILSAFE_HOLD_OR_RETREAT|DEGRADED_FORMATION,1,1,63.399,4.184,4.096,-15.595,0.595,-32.21,-35.744,-32.222,-35.656,-5.066,-5.06,-5.055,-5.063
2,0.0,0.0,0.0,3.5336,19.8087,4.9749,20.032,3.5016,16.5791,1,12.1871,0.0598,LOST,0.0,DEGRADED_FORMATION|DEGRADED_FORMATION|FAILSAFE_HOLD_OR_RETREAT|DEGRADED_FORMATION,1,1,63.499,4.214,4.125,-15.595,0.625,-32.211,-35.743,-32.222,-35.656,-5.066,-5.06,-5.055,-5.063
2,0.0,0.0,0.0,3.5319,19.8389,4.9737,20.0609,3.5009,16.6084,1,12.2095,0.0602,LOST,0.0,DEGRADED_FORMATION|DEGRADED_FORMATION|FAILSAFE_HOLD_OR_RETREAT|DEGRADED_FORMATION,1,1,63.599,4.244,4.155,-15.595,0.655,-32.212,-35.743,-32.222,-35.655,-5.067,-5.061,-5.055,-5.063
2,0.0,0.0,0.0,3.5308,19.869,4.9724,20.0895,3.4999,16.6377,1,12.2318,0.0608,LOST,0.0,DEGRADED_FORMATION|DEGRADED_FORMATION|FAILSAFE_HOLD_OR_RETREAT|DEGRADED_FORMATION,1,1,63.699,4.274,4.184,-15.595,0.685,-32.214,-35.743,-32.222,-35.655,-5.067,-5.062,-5.055,-5.063
2,0.0,0.0,0.0,3.53,19.8992,4.9711,20.1181,3.4989,16.6669,1,12.254,0.0614,LOST,0.0,DEGRADED_FORMATION|DEGRADED_FORMATION|FAILSAFE_HOLD_OR_RETREAT|DEGRADED_FORMATION,1,1,63.799,4.304,4.212,-15.595,0.715,-32.215,-35.744,-32.222,-35.654,-5.067,-5.063,-5.055,-5.063
2,0.0,0.0,0.0,3.5295,19.9292,4.9697,20.1469,3.4977,16.6965,1,12.2764,0.0618,LOST,0.0,DEGRADED_FORMATION|DEGRADED_FORMATION|FAILSAFE_HOLD_OR_RETREAT|DEGRADED_FORMATION,1,1,63.899,4.334,4.242,-15.595,0.745,-32.216,-35.745,-32.222,-35.654,-5.068,-5.064,-5.055,-5.063
2,0.0,0.0,0.0,3.5289,19.9593,4.9685,20.1757,3.4965,16.7262,1,12.2988,0.0621,LOST,0.0,DEGRADED_FORMATION|DEGRADED_FORMATION|FAILSAFE_HOLD_OR_RETREAT|DEGRADED_FORMATION,1,1,63.999,4.364,4.271,-15.595,0.776,-32.217,-35.745,-32.222,-35.653,-5.068,-5.065,-5.055,-5.064
