t,d_01,d_02,d_12,occ_G06,occ_G07,form_err,perturbation,drift_0,drift_1,drift_2,x_0,y_0,z_0,yaw_0,x_1,y_1,z_1,yaw_1,x_2,y_2,z_2,yaw_2
0.1,5.012,3.5368,3.5365,0,0,0.0062,0,0.1,0.1,0.1,-16.0165,27.1489,-4.2854,-45.0,-19.5607,23.605,-4.2856,-45.01,-19.5534,27.1415,-4.2853,-44.99
0.2,5.0286,3.5389,3.5387,0,0,0.0148,0,0.1,0.1,0.1,-16.0072,27.1495,-4.2864,-45.0,-19.5633,23.5941,-4.287,-45.01,-19.546,27.1328,-4.2863,-44.97
0.3,5.0423,3.5409,3.541,0,0,0.0218,0,0.1,0.1,0.1,-15.9944,27.144,-4.2882,-44.99,-19.5602,23.5789,-4.2884,-45.0,-19.5352,27.1198,-4.2885,-44.96
0.4,5.0529,3.5422,3.5437,0,0,0.0273,0,0.1,0.1,0.1,-15.9792,27.1332,-4.2907,-44.98,-19.5521,23.5602,-4.2899,-44.99,-19.5213,27.1037,-4.2913,-44.95
0.5,5.061,3.5431,3.5461,0,0,0.0315,0,0.1,0.1,0.1,-15.962,27.1183,-4.2933,-44.97,-19.5399,23.5389,-4.2921,-44.98,-19.5049,27.0848,-4.2941,-44.96
0.6,5.0672,3.544,3.5487,0,0,0.0349,0,0.1,0.1,0.1,-15.9431,27.1001,-4.296,-44.96,-19.525,23.5158,-4.2948,-44.97,-19.487,27.0643,-4.2968,-44.97
0.7,5.0722,3.5449,3.5516,0,0,0.0377,0,0.1,0.1,0.1,-15.9227,27.0795,-4.2988,-44.95,-19.5078,23.4914,-4.2981,-44.99,-19.4674,27.0427,-4.3,-44.98
0.8,5.0759,3.5462,3.5545,0,0,0.0399,0,0.1,0.1,0.1,-15.9007,27.057,-4.3017,-44.94,-19.4885,23.4663,-4.3015,-45.01,-19.4467,27.0206,-4.3033,-44.99
0.9,5.0779,3.5478,3.5578,0,0,0.0412,0,0.1,0.1,0.1,-15.8778,27.0328,-4.3047,-44.92,-19.4671,23.4408,-4.3047,-45.01,-19.4255,26.9984,-4.3064,-44.99
1.0,5.0787,3.5495,3.5615,0,0,0.0418,0,0.1,0.1,0.1,-15.8546,27.0074,-4.3074,-44.91,-19.4442,23.4147,-4.3079,-45.0,-19.404,26.9759,-4.3092,-44.99
1.1,5.0784,3.5512,3.5645,0,0,0.0419,0,0.1,0.1,0.1,-15.8313,26.9814,-4.3098,-44.9,-19.4205,23.3885,-4.3113,-44.98,-19.3824,26.9528,-4.3115,-44.99
1.2,5.0772,3.5527,3.567,0,0,0.0415,0,0.1,0.1,0.1,-15.808,26.955,-4.3122,-44.89,-19.3959,23.3628,-4.3147,-44.97,-19.3606,26.9296,-4.3137,-44.99
1.3,5.0754,3.5544,3.5686,0,0,0.0405,0,0.1,0.1,0.1,-15.7843,26.9287,-4.3143,-44.89,-19.3707,23.3375,-4.3179,-44.96,-19.3386,26.906,-4.3158,-44.97
1.4,5.0728,3.5559,3.5691,0,0,0.039,0,0.1,0.1,0.1,-15.7605,26.9026,-4.3165,-44.89,-19.3448,23.3129,-4.3206,-44.95,-19.3164,26.8819,-4.3175,-44.95
1.5,5.0696,3.5573,3.5692,0,0,0.0371,0,0.1,0.1,0.1,-15.7369,26.8768,-4.3183,-44.9,-19.3186,23.2891,-4.3227,-44.95,-19.2941,26.8582,-4.3193,-44.94
1.6,5.0662,3.5583,3.5693,0,0,0.0353,0,0.1,0.1,0.1,-15.7131,26.851,-4.3198,-44.89,-19.2924,23.2657,-4.3245,-44.95,-19.2714,26.8349,-4.3214,-44.93
1.7,5.0625,3.5589,3.5697,0,0,0.0336,0,0.1,0.1,0.1,-15.6896,26.8251,-4.321,-44.89,-19.2665,23.2425,-4.3259,-44.96,-19.2485,26.8122,-4.3237,-44.92
1.8,5.0587,3.5591,3.5704,0,0,0.032,0,0.1,0.1,0.1,-15.6665,26.7993,-4.3222,-44.9,-19.2406,23.2194,-4.3275,-44.98,-19.2256,26.7898,-4.3259,-44.91
1.9,5.0544,3.5591,3.5709,0,0,0.0302,0,0.1,0.1,0.1,-15.6435,26.7735,-4.3234,-44.9,-19.2149,23.1967,-4.3291,-45.0,-19.2026,26.7676,-4.328,-44.92
2.0,5.0505,3.5594,3.5707,0,0,0.0284,0,0.1,0.1,0.1,-15.6202,26.7483,-4.3248,-44.9,-19.1889,23.1745,-4.3308,-45.01,-19.1796,26.7452,-4.3295,-44.92
2.1,5.0475,3.5604,3.5709,0,0,0.027,0,0.1,0.1,0.1,-15.5965,26.7241,-4.3261,-44.9,-19.1628,23.1522,-4.3326,-45.02,-19.1568,26.7231,-4.3303,-44.92
2.2,5.0451,3.5612,3.5717,0,0,0.0262,0,0.1,0.1,0.1,-15.5727,26.7005,-4.327,-44.9,-19.1372,23.1301,-4.3343,-45.02,-19.1339,26.7017,-4.331,-44.92
2.3,5.0431,3.5615,3.5731,0,0,0.0258,0,0.1,0.1,0.1,-15.5492,26.6769,-4.3281,-44.9,-19.1121,23.1079,-4.3357,-45.03,-19.1107,26.6809,-4.3317,-44.92
2.4,5.0414,3.5613,3.5752,0,0,0.0259,0,0.1,0.1,0.1,-15.526,26.6537,-4.3296,-44.9,-19.0872,23.0853,-4.3368,-45.02,-19.0873,26.6605,-4.3322,-44.93
2.5,5.0397,3.5611,3.5777,0,0,0.0261,0,0.1,0.1,0.1,-15.5032,26.6303,-4.331,-44.91,-19.0627,23.0627,-4.3376,-45.02,-19.0643,26.6404,-4.3326,-44.95
2.6,5.0383,3.5614,3.5802,0,0,0.0264,0,0.1,0.1,0.1,-15.4801,26.6068,-4.332,-44.92,-19.0388,23.0403,-4.3378,-45.02,-19.0415,26.6205,-4.333,-44.96
2.7,5.0372,3.5619,3.5825,0,0,0.0265,0,0.1,0.1,0.1,-15.4568,26.5836,-4.3329,-44.94,-19.0152,23.0184,-4.3378,-45.03,-19.0187,26.6009,-4.3332,-44.97
2.8,5.0363,3.5629,3.5846,0,0,0.0267,0,0.1,0.1,0.1,-15.4335,26.5606,-4.3338,-44.96,-18.9919,22.9966,-4.338,-45.03,-18.9964,26.5812,-4.3332,-44.98
2.9,5.0357,3.5643,3.5865,0,0,0.0274,0,0.1,0.1,0.1,-15.4103,26.5378,-4.3346,-44.97,-18.9686,22.9746,-4.3383,-45.03,-18.9745,26.5611,-4.333,-44.99
3.0,5.035,3.5662,3.588,0,0,0.0291,0,0.1,0.1,0.1,-15.3871,26.515,-4.3353,-44.99,-18.9455,22.9529,-4.3388,-45.03,-18.9532,26.5408,-4.3331,-45.0
3.1,5.0343,3.5682,3.5894,0,0,0.0309,0,0.1,0.1,0.1,-15.3639,26.4927,-4.3358,-45.0,-18.9224,22.9317,-4.3392,-45.02,-18.9319,26.5211,-4.3334,-45.01
3.2,5.0336,3.57,3.5912,0,0,0.0327,0,0.1,0.1,0.1,-15.341,26.4706,-4.3361,-45.01,-18.8994,22.9104,-4.3397,-45.01,-18.9108,26.5016,-4.334,-45.02
3.3,5.0324,3.5714,3.5931,0,0,0.0347,0,0.1,0.1,0.1,-15.3185,26.4483,-4.3362,-45.02,-18.8763,22.8892,-4.3401,-45.0,-18.8898,26.4822,-4.3344,-45.03
3.4,5.0311,3.5727,3.5945,0,0,0.0364,0,0.1,0.1,0.1,-15.2961,26.4258,-4.336,-45.03,-18.8535,22.8681,-4.3407,-45.01,-18.8687,26.4625,-4.3349,-45.03
3.5,5.03,3.5739,3.5954,0,0,0.0378,0,0.1,0.1,0.1,-15.2739,26.4033,-4.3359,-45.03,-18.8313,22.8472,-4.3413,-45.02,-18.8476,26.4426,-4.3352,-45.03
3.6,5.0292,3.5754,3.5965,0,0,0.0392,0,0.1,0.1,0.1,-15.2517,26.381,-4.3358,-45.03,-18.8093,22.8262,-4.3419,-45.03,-18.8268,26.4227,-4.3355,-45.03
3.7,5.0288,3.5766,3.5982,0,0,0.0408,0,0.1,0.1,0.1,-15.2298,26.359,-4.3354,-45.03,-18.7876,22.8051,-4.3429,-45.03,-18.806,26.4032,-4.3359,-45.04
3.8,5.0288,3.5779,3.6003,0,0,0.0425,0,0.1,0.1,0.1,-15.2079,26.3373,-4.3355,-45.03,-18.7661,22.7838,-4.3442,-45.02,-18.7855,26.3841,-4.3364,-45.05
3.9,5.029,3.5796,3.6022,0,0,0.0441,0,0.1,0.1,0.1,-15.1862,26.3162,-4.3362,-45.02,-18.7447,22.7626,-4.3455,-45.02,-18.7654,26.3647,-4.3369,-45.06
4.0,5.0293,3.5808,3.6036,0,0,0.0452,0,0.1,0.1,0.1,-15.165,26.2951,-4.3372,-45.02,-18.7237,22.7415,-4.3464,-45.01,-18.7455,26.345,-4.3376,-45.08
4.1,5.0296,3.5816,3.6049,0,0,0.0462,0,0.1,0.1,0.1,-15.1441,26.274,-4.338,-45.0,-18.7033,22.7203,-4.3471,-45.0,-18.7253,26.3251,-4.3379,-45.09
4.2,5.0301,3.5824,3.6065,0,0,0.0472,0,0.1,0.1,0.1,-15.1232,26.2529,-4.3388,-44.99,-18.683,22.699,-4.3475,-44.99,-18.7053,26.3054,-4.3383,-45.11
4.3,5.0302,3.5834,3.6076,0,0,0.0481,0,0.1,0.1,0.1,-15.1022,26.2319,-4.3398,-44.99,-18.6623,22.6782,-4.3479,-44.99,-18.6851,26.2857,-4.3391,-45.11
4.4,5.0298,3.5841,3.6084,0,0,0.049,0,0.1,0.1,0.1,-15.0813,26.2108,-4.3409,-44.99,-18.6414,22.6577,-4.3482,-44.99,-18.665,26.266,-4.3398,-45.11
4.5,5.0293,3.5848,3.6089,0,0,0.0498,0,0.1,0.1,0.1,-15.0603,26.1893,-4.3415,-45.0,-18.6208,22.6373,-4.3486,-44.98,-18.6447,26.2461,-4.3404,-45.11
4.6,5.0289,3.5861,3.6091,0,0,0.0505,0,0.1,0.1,0.1,-15.0389,26.1677,-4.342,-45.01,-18.6002,22.617,-4.349,-44.98,-18.6245,26.226,-4.341,-45.11
4.7,5.0281,3.5874,3.6089,0,0,0.0512,0,0.1,0.1,0.1,-15.0177,26.1464,-4.3424,-45.03,-18.5793,22.5971,-4.3493,-44.97,-18.6047,26.2059,-4.3416,-45.1
4.8,5.0265,3.5885,3.6088,0,0,0.0521,0,0.1,0.1,0.1,-14.9969,26.1251,-4.3426,-45.03,-18.5578,22.5774,-4.3498,-44.97,-18.5849,26.1862,-4.3421,-45.1
4.9,5.0246,3.5899,3.6088,0,0,0.0532,0,0.1,0.1,0.1,-14.9762,26.1038,-4.3425,-45.06,-18.5361,22.5578,-4.3503,-44.97,-18.5656,26.1665,-4.3428,-45.1
5.0,5.0233,3.5917,3.609,0,0,0.0543,0,0.1,0.1,0.1,-14.9556,26.0829,-4.3426,-45.07,-18.5148,22.5381,-4.3506,-44.99,-18.5467,26.147,-4.3434,-45.1
5.1,5.0225,3.5932,3.6093,0,0,0.0553,0,0.1,0.1,0.1,-14.9353,26.0626,-4.3429,-45.08,-18.494,22.5184,-4.3505,-45.0,-18.5279,26.1276,-4.3436,-45.11
5.2,5.0225,3.5947,3.6098,0,0,0.0562,0,0.1,0.1,0.1,-14.9149,26.0428,-4.3433,-45.07,-18.4737,22.4987,-4.35,-45.01,-18.509,26.1084,-4.3436,-45.12
5.3,5.0228,3.5965,3.6105,0,0,0.0571,0,0.1,0.1,0.1,-14.8943,26.0227,-4.3434,-45.06,-18.4537,22.4789,-4.3498,-45.01,-18.4902,26.0892,-4.3437,-45.13
5.4,5.0232,3.598,3.6117,0,0,0.0582,0,0.1,0.1,0.1,-14.8736,26.0026,-4.3437,-45.05,-18.4336,22.4587,-4.3499,-45.01,-18.471,26.0702,-4.3437,-45.13
5.5,5.0236,3.5992,3.6129,0,0,0.0592,0,0.1,0.1,0.1,-14.8532,25.9824,-4.3441,-45.05,-18.4138,22.4385,-4.3499,-45.0,-18.4518,26.0512,-4.3435,-45.12
5.6,5.0238,3.6,3.6138,0,0,0.06,0,0.1,0.1,0.1,-14.833,25.962,-4.3447,-45.04,-18.3944,22.4187,-4.3497,-45.01,-18.4323,26.0323,-4.3434,-45.11
5.7,5.0237,3.6004,3.6143,0,0,0.0605,0,0.1,0.1,0.1,-14.8131,25.9417,-4.3453,-45.04,-18.3754,22.3995,-4.349,-45.01,-18.4127,26.0135,-4.3432,-45.12
5.8,5.0236,3.6011,3.6152,0,0,0.0615,0,0.1,0.1,0.1,-14.7931,25.9212,-4.3457,-45.05,-18.3564,22.3802,-4.3484,-45.01,-18.3935,25.9952,-4.3429,-45.13
5.9,5.0227,3.6013,3.6163,0,0,0.0625,0,0.1,0.1,0.1,-14.7735,25.9004,-4.346,-45.06,-18.337,22.3608,-4.3478,-45.01,-18.374,25.9769,-4.3427,-45.14
6.0,5.0217,3.6011,3.6173,0,0,0.0634,0,0.1,0.1,0.1,-14.7538,25.8794,-4.3463,-45.06,-18.3174,22.3414,-4.3475,-45.0,-18.354,25.9585,-4.3425,-45.15
6.1,5.0213,3.6006,3.6185,0,0,0.0641,0,0.1,0.1,0.1,-14.7338,25.8587,-4.3469,-45.07,-18.298,22.3217,-4.3476,-44.99,-18.3335,25.9401,-4.3422,-45.17
6.2,5.0206,3.5999,3.6198,0,0,0.0649,0,0.1,0.1,0.1,-14.7139,25.838,-4.3472,-45.06,-18.2782,22.3022,-4.3477,-44.98,-18.3127,25.9219,-4.3416,-45.18
6.3,5.0195,3.5991,3.6211,0,0,0.0658,0,0.1,0.1,0.1,-14.6943,25.8172,-4.3474,-45.07,-18.2583,22.2827,-4.3476,-44.97,-18.2923,25.9036,-4.3406,-45.18
6.4,5.0183,3.5986,3.6225,0,0,0.0669,0,0.1,0.1,0.1,-14.6745,25.7964,-4.3474,-45.07,-18.2381,22.263,-4.3471,-44.95,-18.272,25.8853,-4.3401,-45.18
6.5,5.0175,3.5985,3.6235,0,0,0.0677,0,0.1,0.1,0.1,-14.6545,25.7758,-4.3474,-45.07,-18.2177,22.2432,-4.3468,-44.95,-18.2519,25.8666,-4.3399,-45.18
6.6,5.0168,3.5993,3.6234,0,0,0.0681,0,0.1,0.1,0.1,-14.6342,25.756,-4.3474,-45.08,-18.1968,22.2239,-4.3465,-44.94,-18.2324,25.8471,-4.3396,-45.16
6.7,5.0156,3.6008,3.6223,0,0,0.0684,0,0.1,0.1,0.1,-14.6139,25.7364,-4.3475,-45.08,-18.1757,22.2052,-4.3465,-44.94,-18.2135,25.8273,-4.3395,-45.15
6.8,5.0138,3.6022,3.6206,0,0,0.0685,0,0.1,0.1,0.1,-14.5936,25.7166,-4.3476,-45.08,-18.1545,22.1869,-4.3465,-44.94,-18.1947,25.8072,-4.3394,-45.15
6.9,5.0123,3.6041,3.6187,0,0,0.0686,0,0.1,0.1,0.1,-14.5731,25.6967,-4.3477,-45.08,-18.1333,22.1685,-4.3461,-44.95,-18.176,25.7869,-4.3393,-45.16
7.0,5.0111,3.6063,3.6173,0,0,0.069,0,0.1,0.1,0.1,-14.5522,25.6763,-4.3475,-45.09,-18.1122,22.1496,-4.3455,-44.95,-18.1574,25.7665,-4.3396,-45.16
7.1,5.0103,3.6087,3.6164,0,0,0.0697,0,0.1,0.1,0.1,-14.5314,25.6556,-4.3471,-45.09,-18.0915,22.1302,-4.3451,-44.95,-18.1389,25.7462,-4.3401,-45.17
7.2,5.0105,3.6116,3.6162,0,0,0.0707,0,0.1,0.1,0.1,-14.5103,25.6347,-4.3464,-45.09,-18.0717,22.1102,-4.345,-44.96,-18.1207,25.7261,-4.3406,-45.18
7.3,5.0118,3.6149,3.6167,0,0,0.0719,0,0.1,0.1,0.1,-14.489,25.6141,-4.3461,-45.09,-18.0521,22.0896,-4.3447,-44.96,-18.1028,25.706,-4.3411,-45.2
7.4,5.013,3.6182,3.6169,0,0,0.0729,0,0.1,0.1,0.1,-14.4678,25.5937,-4.3461,-45.09,-18.0323,22.0689,-4.3446,-44.97,-18.0848,25.6855,-4.3414,-45.2
7.5,5.0146,3.621,3.6166,0,0,0.0734,0,0.1,0.1,0.1,-14.4468,25.5739,-4.3461,-45.08,-18.0128,22.0482,-4.3447,-44.97,-18.0666,25.6644,-4.3417,-45.2
7.6,5.0167,3.6237,3.6163,0,0,0.0737,0,0.1,0.1,0.1,-14.4257,25.5543,-4.3461,-45.06,-17.9934,22.0273,-4.3449,-44.96,-18.0484,25.6433,-4.3419,-45.2
7.7,5.0189,3.626,3.6164,0,0,0.074,0,0.1,0.1,0.1,-14.4048,25.5348,-4.3461,-45.04,-17.9742,22.0065,-4.3449,-44.97,-18.0297,25.6225,-4.3422,-45.19
7.8,5.021,3.628,3.6168,0,0,0.0744,0,0.1,0.1,0.1,-14.3838,25.5154,-4.3462,-45.02,-17.955,21.9859,-4.3449,-44.98,-18.0107,25.6023,-4.3425,-45.19
7.9,5.0229,3.63,3.6178,0,0,0.0752,0,0.1,0.1,0.1,-14.3626,25.4957,-4.3462,-45.02,-17.9357,21.9655,-4.3448,-44.99,-17.9916,25.5828,-4.343,-45.19
8.0,5.0248,3.6317,3.6189,0,0,0.0758,0,0.1,0.1,0.1,-14.3414,25.4763,-4.3461,-45.02,-17.9165,21.9454,-4.3447,-44.99,-17.972,25.5638,-4.3437,-45.18
8.1,5.0271,3.633,3.6198,0,0,0.0761,0,0.1,0.1,0.1,-14.32,25.4573,-4.3459,-45.0,-17.8974,21.9255,-4.3448,-45.0,-17.952,25.5449,-4.3443,-45.17
8.2,5.0287,3.6342,3.6205,0,0,0.0765,0,0.1,0.1,0.1,-14.2988,25.438,-4.3455,-44.98,-17.878,21.9057,-4.3448,-45.01,-17.9319,25.5258,-4.3447,-45.16
8.3,5.0293,3.6355,3.6206,0,0,0.0769,0,0.1,0.1,0.1,-14.2774,25.4181,-4.3451,-44.98,-17.8581,21.8864,-4.3446,-45.02,-17.9118,25.5066,-4.345,-45.15
8.4,5.0295,3.6367,3.6203,0,0,0.0773,0,0.1,0.1,0.1,-14.2561,25.3984,-4.3447,-44.97,-17.8379,21.8676,-4.3445,-45.04,-17.8917,25.4875,-4.345,-45.14
8.5,5.0294,3.6378,3.6197,0,0,0.0775,0,0.1,0.1,0.1,-14.2351,25.379,-4.3441,-44.96,-17.8174,21.8488,-4.3442,-45.05,-17.8718,25.4681,-4.3444,-45.13
8.6,5.0292,3.6382,3.6185,0,0,0.0772,0,0.1,0.1,0.1,-14.2145,25.3595,-4.3433,-44.96,-17.7969,21.8297,-4.3436,-45.05,-17.8517,25.4478,-4.3439,-45.11
8.7,5.0288,3.6382,3.6166,0,0,0.0764,0,0.1,0.1,0.1,-14.1942,25.3399,-4.3423,-44.95,-17.7765,21.8106,-4.3429,-45.06,-17.8314,25.4268,-4.3432,-45.09
8.8,5.0287,3.6385,3.6144,0,0,0.0756,0,0.1,0.1,0.1,-14.1738,25.3205,-4.3411,-44.95,-17.7562,21.7915,-4.3421,-45.07,-17.8113,25.4055,-4.3428,-45.07
8.9,5.0283,3.6384,3.612,0,0,0.0745,0,0.1,0.1,0.1,-14.1535,25.3012,-4.3403,-44.94,-17.7358,21.7726,-4.341,-45.06,-17.7909,25.3842,-4.3425,-45.06
9.0,5.0272,3.6375,3.6098,0,0,0.0734,0,0.1,0.1,0.1,-14.1339,25.2818,-4.3399,-44.94,-17.7151,21.7536,-4.3398,-45.06,-17.7704,25.3629,-4.3421,-45.05
9.1,5.026,3.6366,3.608,0,0,0.0726,0,0.1,0.1,0.1,-14.1144,25.2619,-4.3396,-44.96,-17.6944,21.7343,-4.3389,-45.07,-17.7501,25.3419,-4.3417,-45.05
9.2,5.0255,3.6357,3.6076,0,0,0.0722,0,0.1,0.1,0.1,-14.0947,25.2419,-4.3394,-44.97,-17.6742,21.7145,-4.3384,-45.07,-17.7295,25.3217,-4.3416,-45.04
9.3,5.0259,3.6351,3.6084,0,0,0.0721,0,0.1,0.1,0.1,-14.0745,25.2221,-4.3393,-44.98,-17.6545,21.6945,-4.3385,-45.08,-17.7088,25.3025,-4.3416,-45.03
9.4,5.027,3.6347,3.6103,0,0,0.0725,0,0.1,0.1,0.1,-14.0542,25.2023,-4.3395,-44.98,-17.6349,21.6741,-4.3389,-45.07,-17.688,25.284,-4.3414,-45.01
9.5,5.028,3.6346,3.6121,0,0,0.0729,0,0.1,0.1,0.1,-14.0338,25.1822,-4.3397,-44.99,-17.6155,21.6534,-4.3393,-45.07,-17.6674,25.2651,-4.3411,-45.01
9.6,5.0286,3.6343,3.6133,0,0,0.0732,0,0.1,0.1,0.1,-14.0135,25.1618,-4.34,-45.0,-17.5962,21.6333,-4.3397,-45.06,-17.6469,25.2462,-4.3412,-45.01
9.7,5.0289,3.6344,3.6144,0,0,0.0737,0,0.1,0.1,0.1,-13.9931,25.1409,-4.3403,-45.01,-17.5771,21.6131,-4.3401,-45.06,-17.6265,25.2272,-4.3411,-45.0
9.8,5.0292,3.6349,3.6157,0,0,0.0744,0,0.1,0.1,0.1,-13.9726,25.1198,-4.3408,-45.02,-17.5578,21.5928,-4.3406,-45.06,-17.6064,25.2082,-4.3411,-45.0
9.9,5.0298,3.6355,3.6169,0,0,0.0751,0,0.1,0.1,0.1,-13.9523,25.0989,-4.3413,-45.03,-17.5387,21.5722,-4.341,-45.05,-17.5868,25.1888,-4.341,-44.99
10.0,5.03,3.6365,3.6177,0,0,0.0759,0,0.1,0.1,0.1,-13.9319,25.0779,-4.3419,-45.03,-17.5193,21.552,-4.3412,-45.03,-17.5673,25.1693,-4.3409,-44.98
10.1,5.0294,3.6376,3.6175,0,0,0.0766,0,0.1,0.1,0.1,-13.9115,25.0569,-4.342,-45.03,-17.4993,21.5324,-4.3415,-45.02,-17.548,25.1495,-4.3409,-44.97
10.2,5.0285,3.6385,3.6164,0,0,0.0767,0,0.1,0.1,0.1,-13.8913,25.0363,-4.3418,-45.02,-17.4792,21.5131,-4.342,-45.01,-17.5286,25.1292,-4.3408,-44.96
10.3,5.0281,3.6393,3.615,0,0,0.0765,0,0.1,0.1,0.1,-13.871,25.0162,-4.3416,-45.01,-17.4591,21.4937,-4.3424,-45.01,-17.5091,25.1084,-4.3407,-44.96
10.4,5.028,3.64,3.6134,0,0,0.0761,0,0.1,0.1,0.1,-13.8506,24.9962,-4.3415,-45.0,-17.4389,21.4743,-4.3428,-45.01,-17.4895,25.0873,-4.3406,-44.94
10.5,5.0273,3.6402,3.6123,0,0,0.0759,0,0.1,0.1,0.1,-13.8306,24.9758,-4.3415,-44.99,-17.4187,21.4547,-4.3435,-45.02,-17.4696,25.0666,-4.3402,-44.94
10.6,5.0261,3.6395,3.6117,0,0,0.0757,0,0.1,0.1,0.1,-13.8113,24.9551,-4.3417,-44.99,-17.3986,21.4347,-4.3445,-45.02,-17.4496,25.0461,-4.3399,-44.95
10.7,5.0246,3.6387,3.611,0,0,0.0755,0,0.1,0.1,0.1,-13.7921,24.9342,-4.3415,-44.99,-17.3782,21.4148,-4.3455,-45.03,-17.4296,25.0255,-4.3397,-44.95
10.8,5.0235,3.6383,3.6101,0,0,0.0752,0,0.1,0.1,0.1,-13.7723,24.9133,-4.3414,-44.98,-17.3579,21.3949,-4.3465,-45.03,-17.4095,25.0046,-4.3396,-44.95
10.9,5.0233,3.6384,3.6094,0,0,0.075,0,0.1,0.1,0.1,-13.7522,24.8924,-4.3415,-44.97,-17.3379,21.3745,-4.3472,-45.04,-17.3894,24.9835,-4.3396,-44.94
11.0,5.0237,3.6387,3.6092,0,0,0.0749,0,0.1,0.1,0.1,-13.7319,24.8715,-4.3419,-44.96,-17.3182,21.3537,-4.3474,-45.06,-17.3695,24.9625,-4.3396,-44.93
11.1,5.0243,3.6392,3.6092,0,0,0.075,0,0.1,0.1,0.1,-13.7115,24.8506,-4.3423,-44.94,-17.2987,21.3327,-4.3474,-45.07,-17.3496,24.9415,-4.3398,-44.93
11.2,5.0258,3.64,3.6096,0,0,0.0751,0,0.1,0.1,0.1,-13.6909,24.83,-4.3429,-44.94,-17.2797,21.3116,-4.3477,-45.09,-17.3298,24.9208,-4.3399,-44.93
11.3,5.0274,3.6411,3.61,0,0,0.0753,0,0.1,0.1,0.1,-13.6705,24.8094,-4.3435,-44.93,-17.261,21.2905,-4.3481,-45.11,-17.3105,24.9001,-4.3401,-44.92
11.4,5.0285,3.6422,3.61,0,0,0.0754,0,0.1,0.1,0.1,-13.6503,24.7889,-4.3438,-44.92,-17.2423,21.2698,-4.3483,-45.11,-17.2914,24.8794,-4.3403,-44.92
11.5,5.0294,3.6435,3.6099,0,0,0.0757,0,0.1,0.1,0.1,-13.6301,24.7684,-4.344,-44.91,-17.2232,21.2492,-4.3483,-45.12,-17.2725,24.8588,-4.3405,-44.92
11.6,5.0299,3.6449,3.6096,0,0,0.076,0,0.1,0.1,0.1,-13.6096,24.7477,-4.344,-44.9,-17.2037,21.2289,-4.3484,-45.12,-17.2534,24.8381,-4.3408,-44.92
11.7,5.0297,3.6461,3.6087,0,0,0.0762,0,0.1,0.1,0.1,-13.589,24.7268,-4.3441,-44.9,-17.1836,21.2088,-4.3487,-45.13,-17.234,24.8172,-4.3412,-44.92
11.8,5.0288,3.6468,3.6078,0,0,0.0764,0,0.1,0.1,0.1,-13.5685,24.7055,-4.344,-44.89,-17.1632,21.1889,-4.349,-45.14,-17.2142,24.7963,-4.3415,-44.93
11.9,5.0277,3.647,3.6071,0,0,0.0765,0,0.1,0.1,0.1,-13.548,24.6836,-4.3437,-44.89,-17.1427,21.1685,-4.3491,-45.14,-17.1938,24.7752,-4.3418,-44.93
12.0,5.0266,3.6469,3.6069,0,0,0.0767,0,0.1,0.1,0.1,-13.5274,24.6613,-4.3433,-44.89,-17.1221,21.1478,-4.3489,-45.14,-17.1731,24.7543,-4.3421,-44.94
12.1,5.0259,3.6466,3.6068,0,0,0.0767,0,0.1,0.1,0.1,-13.5069,24.6396,-4.3428,-44.88,-17.1016,21.1271,-4.3482,-45.14,-17.1522,24.7335,-4.3423,-44.94
12.2,5.0252,3.6462,3.6065,0,0,0.0767,0,0.1,0.1,0.1,-13.4861,24.6181,-4.3426,-44.89,-17.0808,21.1066,-4.3474,-45.14,-17.1311,24.7128,-4.3424,-44.94
12.3,5.0244,3.6461,3.6062,0,0,0.0767,0,0.1,0.1,0.1,-13.4652,24.5967,-4.3423,-44.89,-17.06,21.0865,-4.3469,-45.14,-17.11,24.6924,-4.3429,-44.95
12.4,5.0233,3.6458,3.6054,0,0,0.0766,0,0.1,0.1,0.1,-13.4444,24.5755,-4.3422,-44.91,-17.0391,21.0668,-4.3464,-45.14,-17.0889,24.6719,-4.3433,-44.96
12.5,5.0219,3.6449,3.6046,0,0,0.0762,0,0.1,0.1,0.1,-13.4242,24.5546,-4.3425,-44.92,-17.0182,21.0471,-4.3461,-45.13,-17.0678,24.6514,-4.3435,-44.95
12.6,5.0202,3.6437,3.604,0,0,0.0759,0,0.1,0.1,0.1,-13.4045,24.5339,-4.343,-44.94,-16.9971,21.0274,-4.3459,-45.11,-17.0469,24.6311,-4.3438,-44.94
12.7,5.0184,3.6426,3.603,0,0,0.0755,0,0.1,0.1,0.1,-13.3848,24.5134,-4.3437,-44.94,-16.9759,21.008,-4.3458,-45.09,-17.0261,24.6106,-4.3438,-44.93
12.8,5.0165,3.6415,3.6021,0,0,0.0752,0,0.1,0.1,0.1,-13.3651,24.493,-4.3442,-44.93,-16.9547,20.9886,-4.3456,-45.08,-17.0054,24.5903,-4.3437,-44.92
12.9,5.0148,3.6402,3.6014,0,0,0.0748,0,0.1,0.1,0.1,-13.3457,24.4727,-4.3443,-44.91,-16.9336,20.9691,-4.3455,-45.07,-16.9846,24.5701,-4.344,-44.92
13.0,5.0131,3.6389,3.6007,0,0,0.0745,0,0.1,0.1,0.1,-13.3265,24.4524,-4.3446,-44.9,-16.9125,20.9494,-4.3454,-45.06,-16.9641,24.5497,-4.3444,-44.92
13.1,5.0115,3.6379,3.6,0,0,0.0742,0,0.1,0.1,0.1,-13.3071,24.4321,-4.3449,-44.9,-16.8917,20.9299,-4.3454,-45.05,-16.9437,24.5295,-4.3446,-44.94
13.2,5.0098,3.637,3.5987,0,0,0.0737,0,0.1,0.1,0.1,-13.2877,24.4116,-4.3455,-44.91,-16.8711,20.9106,-4.3454,-45.03,-16.9234,24.509,-4.3447,-44.95
13.3,5.0082,3.6364,3.5976,0,0,0.0734,0,0.1,0.1,0.1,-13.268,24.3911,-4.346,-44.91,-16.8503,20.8912,-4.3454,-45.03,-16.9032,24.4884,-4.3449,-44.96
13.4,5.0072,3.6364,3.5966,0,0,0.0733,0,0.1,0.1,0.1,-13.248,24.3709,-4.3465,-44.92,-16.8295,20.8716,-4.3455,-45.03,-16.8831,24.4679,-4.3451,-44.98
13.5,5.0065,3.6362,3.5961,0,0,0.0731,0,0.1,0.1,0.1,-13.2282,24.3509,-4.3471,-44.93,-16.8089,20.8518,-4.3456,-45.03,-16.8631,24.4474,-4.3456,-44.99
13.6,5.0062,3.6359,3.5958,0,0,0.073,0,0.1,0.1,0.1,-13.2083,24.331,-4.3475,-44.94,-16.7884,20.8318,-4.3457,-45.04,-16.8429,24.4272,-4.3459,-45.0
13.7,5.0064,3.635,3.5953,0,0,0.0723,0,0.1,0.1,0.1,-13.1884,24.3115,-4.348,-44.96,-16.7683,20.8117,-4.3459,-45.05,-16.8221,24.4066,-4.3461,-45.01
13.8,5.0067,3.6334,3.5945,0,0,0.0711,0,0.1,0.1,0.1,-13.1689,24.2921,-4.3484,-44.97,-16.7485,20.7915,-4.3463,-45.06,-16.8011,24.3856,-4.3461,-45.02
13.9,5.0069,3.6323,3.5938,0,0,0.0702,0,0.1,0.1,0.1,-13.1494,24.2723,-4.3485,-45.0,-16.7288,20.7713,-4.3468,-45.06,-16.7805,24.3647,-4.3457,-45.04
14.0,5.007,3.6318,3.5936,0,0,0.0698,0,0.1,0.1,0.1,-13.1298,24.2525,-4.3486,-45.03,-16.7088,20.751,-4.3474,-45.06,-16.7604,24.3442,-4.3449,-45.06
14.1,5.0074,3.6311,3.594,0,0,0.0696,0,0.1,0.1,0.1,-13.1102,24.2328,-4.3488,-45.06,-16.6891,20.7305,-4.348,-45.06,-16.7402,24.3241,-4.3444,-45.07
14.2,5.008,3.6304,3.5952,0,0,0.0697,0,0.1,0.1,0.1,-13.0908,24.2133,-4.3489,-45.08,-16.6691,20.7096,-4.3485,-45.05,-16.72,24.3045,-4.3439,-45.08
14.3,5.0093,3.6299,3.5966,0,0,0.0697,0,0.1,0.1,0.1,-13.0711,24.1939,-4.3492,-45.11,-16.6494,20.6885,-4.3489,-45.04,-16.6998,24.2847,-4.3434,-45.08
14.4,5.0114,3.6294,3.598,0,0,0.0694,0,0.1,0.1,0.1,-13.0514,24.175,-4.3495,-45.13,-16.6303,20.6671,-4.3492,-45.04,-16.6796,24.2648,-4.3429,-45.09
14.5,5.0135,3.6294,3.5993,0,0,0.0695,0,0.1,0.1,0.1,-13.0317,24.1562,-4.35,-45.14,-16.6111,20.6458,-4.3495,-45.06,-16.66,24.2448,-4.3423,-45.09
14.6,5.0149,3.6294,3.6003,0,0,0.0695,0,0.1,0.1,0.1,-13.0121,24.1368,-4.3506,-45.15,-16.5918,20.6247,-4.3498,-45.08,-16.6404,24.2246,-4.342,-45.09
14.7,5.0162,3.6298,3.6006,0,0,0.0694,0,0.1,0.1,0.1,-12.9923,24.1171,-4.3511,-45.16,-16.5727,20.6038,-4.3499,-45.09,-16.621,24.2041,-4.3418,-45.1
14.8,5.0177,3.6307,3.6004,0,0,0.0693,0,0.1,0.1,0.1,-12.9722,24.0974,-4.3517,-45.17,-16.5536,20.583,-4.3495,-45.11,-16.6018,24.1831,-4.3416,-45.12
14.9,5.0184,3.6316,3.5998,0,0,0.0691,0,0.1,0.1,0.1,-12.9523,24.0772,-4.3521,-45.19,-16.5345,20.5626,-4.3487,-45.11,-16.5829,24.1621,-4.3419,-45.13
15.0,5.0183,3.6323,3.5994,0,0,0.0692,0,0.1,0.1,0.1,-12.9324,24.0567,-4.3525,-45.21,-16.515,20.5427,-4.3475,-45.1,-16.5637,24.1417,-4.3427,-45.13
15.1,5.0184,3.6327,3.6,0,0,0.0696,0,0.1,0.1,0.1,-12.9124,24.0363,-4.3526,-45.23,-16.4953,20.5225,-4.3463,-45.09,-16.5441,24.1221,-4.3437,-45.14
15.2,5.0181,3.633,3.6014,0,0,0.0705,0,0.1,0.1,0.1,-12.8925,24.0159,-4.3525,-45.25,-16.4751,20.5022,-4.3457,-45.06,-16.5245,24.1033,-4.3447,-45.15
15.3,5.0177,3.6335,3.6034,0,0,0.0718,0,0.1,0.1,0.1,-12.8726,23.9955,-4.3524,-45.26,-16.4547,20.4819,-4.3452,-45.02,-16.505,24.085,-4.3455,-45.16
15.4,5.0176,3.6339,3.606,0,0,0.0731,0,0.1,0.1,0.1,-12.8528,23.9753,-4.3523,-45.26,-16.4345,20.4614,-4.3449,-44.99,-16.4855,24.067,-4.3462,-45.16
15.5,5.0173,3.6338,3.6081,0,0,0.0742,0,0.1,0.1,0.1,-12.8333,23.9551,-4.3523,-45.26,-16.4144,20.441,-4.3445,-44.97,-16.4659,24.0487,-4.3469,-45.16
15.6,5.0172,3.634,3.6098,0,0,0.0752,0,0.1,0.1,0.1,-12.8138,23.9352,-4.3521,-45.26,-16.3942,20.4206,-4.3442,-44.94,-16.4466,24.03,-4.3476,-45.15
15.7,5.0169,3.634,3.6115,0,0,0.0761,0,0.1,0.1,0.1,-12.7946,23.9157,-4.3515,-45.25,-16.3738,20.4001,-4.3441,-44.93,-16.4274,24.0113,-4.3483,-45.15
15.8,5.0162,3.6332,3.6134,0,0,0.0768,0,0.1,0.1,0.1,-12.7759,23.896,-4.3505,-45.24,-16.3531,20.3796,-4.344,-44.91,-16.4078,23.9925,-4.349,-45.15
15.9,5.0152,3.6324,3.6151,0,0,0.0776,0,0.1,0.1,0.1,-12.7572,23.8762,-4.3497,-45.23,-16.3324,20.3591,-4.3439,-44.89,-16.3882,23.9738,-4.3495,-45.16
16.0,5.014,3.6318,3.6163,0,0,0.0783,0,0.1,0.1,0.1,-12.7383,23.8564,-4.3492,-45.23,-16.3117,20.3391,-4.3439,-44.87,-16.3687,23.955,-4.3498,-45.16
16.1,5.0136,3.6316,3.6174,0,0,0.0789,0,0.1,0.1,0.1,-12.7188,23.8367,-4.3485,-45.23,-16.2913,20.3192,-4.3441,-44.86,-16.3491,23.9361,-4.3501,-45.17
16.2,5.0132,3.6313,3.618,0,0,0.0791,0,0.1,0.1,0.1,-12.6991,23.8171,-4.348,-45.22,-16.2709,20.2994,-4.3445,-44.84,-16.329,23.9169,-4.3504,-45.17
16.3,5.0129,3.6312,3.618,0,0,0.0792,0,0.1,0.1,0.1,-12.6792,23.7975,-4.3477,-45.22,-16.2504,20.2797,-4.3448,-44.82,-16.309,23.8973,-4.3506,-45.17
16.4,5.0122,3.6314,3.6175,0,0,0.0792,0,0.1,0.1,0.1,-12.6594,23.7777,-4.3475,-45.22,-16.2301,20.2602,-4.3448,-44.8,-16.2894,23.8773,-4.3506,-45.17
16.5,5.0114,3.6311,3.6165,0,0,0.0789,0,0.1,0.1,0.1,-12.6398,23.7576,-4.3475,-45.21,-16.21,20.2407,-4.3446,-44.8,-16.2695,23.8567,-4.3506,-45.16
16.6,5.011,3.6309,3.6156,0,0,0.0785,0,0.1,0.1,0.1,-12.62,23.7373,-4.3475,-45.21,-16.19,20.221,-4.3442,-44.81,-16.2495,23.836,-4.3504,-45.15
16.7,5.0111,3.6308,3.615,0,0,0.0781,0,0.1,0.1,0.1,-12.6,23.7172,-4.3475,-45.21,-16.1704,20.2009,-4.3441,-44.82,-16.2294,23.8154,-4.3498,-45.13
16.8,5.0122,3.6309,3.6148,0,0,0.0777,0,0.1,0.1,0.1,-12.5798,23.6974,-4.3474,-45.21,-16.1513,20.1808,-4.3442,-44.85,-16.2094,23.7951,-4.349,-45.11
16.9,5.0139,3.6314,3.6152,0,0,0.0775,0,0.1,0.1,0.1,-12.5596,23.6782,-4.3471,-45.2,-16.1325,20.1605,-4.3443,-44.88,-16.1897,23.7752,-4.3483,-45.11
17.0,5.0154,3.632,3.6155,0,0,0.0775,0,0.1,0.1,0.1,-12.5393,23.659,-4.347,-45.19,-16.1131,20.1402,-4.3443,-44.9,-16.17,23.7553,-4.3474,-45.1
17.1,5.0166,3.6322,3.6157,0,0,0.0772,0,0.1,0.1,0.1,-12.519,23.6399,-4.3468,-45.16,-16.0932,20.1197,-4.3441,-44.9,-16.15,23.7349,-4.3464,-45.08
17.2,5.0173,3.632,3.6156,0,0,0.0769,0,0.1,0.1,0.1,-12.4991,23.6206,-4.3464,-45.14,-16.0731,20.0993,-4.3437,-44.91,-16.1299,23.7145,-4.3453,-45.07
17.3,5.0176,3.6315,3.6147,0,0,0.0762,0,0.1,0.1,0.1,-12.4793,23.6012,-4.3458,-45.13,-16.0533,20.0795,-4.3432,-44.91,-16.1096,23.6938,-4.3446,-45.05
17.4,5.0177,3.6317,3.6134,0,0,0.0756,0,0.1,0.1,0.1,-12.4592,23.5818,-4.3452,-45.12,-16.0333,20.06,-4.3426,-44.91,-16.0898,23.673,-4.3446,-45.04
17.5,5.0182,3.6324,3.6128,0,0,0.0754,0,0.1,0.1,0.1,-12.4388,23.5625,-4.3444,-45.1,-16.0134,20.0405,-4.3422,-44.9,-16.0701,23.6529,-4.3451,-45.03
17.6,5.0189,3.6332,3.6127,0,0,0.0755,0,0.1,0.1,0.1,-12.4184,23.5433,-4.3438,-45.09,-15.9937,20.021,-4.3418,-44.9,-16.0505,23.6332,-4.3455,-45.01
17.7,5.0195,3.6337,3.6124,0,0,0.0754,0,0.1,0.1,0.1,-12.3982,23.524,-4.3435,-45.09,-15.9739,20.0013,-4.3414,-44.9,-16.0307,23.6133,-4.3459,-45.0
17.8,5.0196,3.634,3.6119,0,0,0.0753,0,0.1,0.1,0.1,-12.378,23.5044,-4.3433,-45.09,-15.9537,19.9815,-4.3413,-44.89,-16.0109,23.5929,-4.3462,-44.99
17.9,5.019,3.6339,3.6112,0,0,0.0751,0,0.1,0.1,0.1,-12.358,23.4843,-4.3433,-45.09,-15.9331,19.9617,-4.3411,-44.89,-15.9909,23.5724,-4.3464,-44.98
18.0,5.0185,3.634,3.6105,0,0,0.075,0,0.1,0.1,0.1,-12.3379,23.4641,-4.3432,-45.08,-15.9126,19.9418,-4.3405,-44.9,-15.9708,23.5519,-4.3463,-44.97
18.1,5.0181,3.6342,3.6098,0,0,0.0749,0,0.1,0.1,0.1,-12.3174,23.4438,-4.3432,-45.07,-15.8921,19.922,-4.3403,-44.9,-15.9506,23.5313,-4.3463,-44.97
18.2,5.0173,3.634,3.6085,0,0,0.0745,0,0.1,0.1,0.1,-12.2972,23.4233,-4.3431,-45.06,-15.8717,19.9025,-4.3403,-44.91,-15.9302,23.5106,-4.3465,-44.96
18.3,5.016,3.6338,3.6073,0,0,0.0742,0,0.1,0.1,0.1,-12.277,23.4027,-4.3429,-45.05,-15.8512,19.8834,-4.34,-44.93,-15.9097,23.4902,-4.347,-44.95
18.4,5.0153,3.6336,3.6064,0,0,0.074,0,0.1,0.1,0.1,-12.2567,23.3821,-4.3429,-45.04,-15.8311,19.864,-4.3397,-44.95,-15.8893,23.4699,-4.3473,-44.94
18.5,5.0152,3.6338,3.6056,0,0,0.0737,0,0.1,0.1,0.1,-12.2362,23.3618,-4.3429,-45.04,-15.8112,19.8444,-4.3398,-44.97,-15.869,23.4496,-4.3474,-44.94
18.6,5.015,3.6342,3.605,0,0,0.0737,0,0.1,0.1,0.1,-12.216,23.3417,-4.3429,-45.03,-15.7912,19.8247,-4.34,-44.97,-15.8492,23.4292,-4.3474,-44.94
18.7,5.0151,3.635,3.6042,0,0,0.0737,0,0.1,0.1,0.1,-12.1958,23.3217,-4.343,-45.02,-15.7714,19.805,-4.3404,-44.98,-15.8298,23.4088,-4.3474,-44.95
18.8,5.0153,3.6362,3.6038,0,0,0.074,0,0.1,0.1,0.1,-12.1753,23.3016,-4.3429,-45.0,-15.7514,19.7853,-4.3406,-44.99,-15.8105,23.3886,-4.3472,-44.96
18.9,5.0153,3.6369,3.6037,0,0,0.0743,0,0.1,0.1,0.1,-12.155,23.2813,-4.3428,-44.99,-15.7314,19.7653,-4.3406,-45.0,-15.7908,23.3686,-4.3469,-44.96
19.0,5.0153,3.6376,3.6037,0,0,0.0745,0,0.1,0.1,0.1,-12.1346,23.2609,-4.343,-44.99,-15.7115,19.7453,-4.3406,-45.01,-15.7711,23.3485,-4.3467,-44.96
19.1,5.0153,3.6382,3.6032,0,0,0.0746,0,0.1,0.1,0.1,-12.1142,23.2404,-4.3432,-44.99,-15.6918,19.7256,-4.3404,-45.0,-15.7513,23.3283,-4.3466,-44.96
19.2,5.0149,3.6386,3.6032,0,0,0.0749,0,0.1,0.1,0.1,-12.0937,23.2197,-4.3435,-44.99,-15.6717,19.7058,-4.3401,-44.98,-15.7312,23.3085,-4.3467,-44.95
19.3,5.0143,3.6387,3.6032,0,0,0.0751,0,0.1,0.1,0.1,-12.0731,23.1988,-4.3438,-44.99,-15.6515,19.6861,-4.3398,-44.96,-15.7107,23.2889,-4.3466,-44.95
19.4,5.0138,3.6389,3.6028,0,0,0.0752,0,0.1,0.1,0.1,-12.0521,23.1783,-4.3437,-44.99,-15.6309,19.6669,-4.3394,-44.94,-15.6898,23.2692,-4.3461,-44.95
19.5,5.0137,3.6396,3.6016,0,0,0.075,0,0.1,0.1,0.1,-12.0308,23.1581,-4.3435,-44.98,-15.6106,19.6478,-4.3387,-44.93,-15.6692,23.249,-4.3457,-44.95
19.6,5.014,3.6403,3.6003,0,0,0.0747,0,0.1,0.1,0.1,-12.0094,23.1382,-4.3434,-44.97,-15.5904,19.6287,-4.3383,-44.91,-15.6486,23.2285,-4.3454,-44.94
19.7,5.0145,3.6407,3.5995,0,0,0.0743,0,0.1,0.1,0.1,-11.9883,23.1182,-4.3431,-44.96,-15.5705,19.6092,-4.3381,-44.9,-15.6278,23.2082,-4.3451,-44.94
19.8,5.0154,3.6414,3.5991,0,0,0.0741,0,0.1,0.1,0.1,-11.9671,23.0981,-4.3431,-44.95,-15.5509,19.5895,-4.3382,-44.88,-15.6073,23.1881,-4.3446,-44.95
19.9,5.0163,3.6422,3.5989,0,0,0.0742,0,0.1,0.1,0.1,-11.946,23.0779,-4.3433,-44.97,-15.5312,19.5694,-4.3379,-44.87,-15.5871,23.1679,-4.3443,-44.96
20.0,5.0162,3.6427,3.5983,0,0,0.0741,0,0.1,0.1,0.1,-11.9253,23.0573,-4.3435,-44.99,-15.5112,19.5496,-4.3378,-44.86,-15.5669,23.1474,-4.3438,-44.97
20.1,5.0153,3.6435,3.5969,0,0,0.0742,0,0.1,0.1,0.1,-11.9048,23.0363,-4.3437,-45.0,-15.4909,19.5301,-4.3383,-44.84,-15.5472,23.1266,-4.3434,-44.99
20.2,5.0143,3.6447,3.5952,0,0,0.0743,0,0.1,0.1,0.1,-11.8843,23.0149,-4.3439,-45.02,-15.471,19.5108,-4.339,-44.84,-15.5279,23.1056,-4.343,-45.0
20.3,5.0137,3.6459,3.5936,0,0,0.0743,0,0.1,0.1,0.1,-11.8638,22.9935,-4.3437,-45.04,-15.4517,19.4915,-4.3398,-44.83,-15.5086,23.0846,-4.3426,-45.01
20.4,5.0138,3.6467,3.592,0,0,0.074,0,0.1,0.1,0.1,-11.8431,22.9726,-4.3434,-45.06,-15.4326,19.472,-4.3408,-44.83,-15.4887,23.0635,-4.3423,-45.01
20.5,5.0142,3.6472,3.5902,0,0,0.0733,0,0.1,0.1,0.1,-11.8226,22.9519,-4.3432,-45.07,-15.4137,19.4524,-4.3417,-44.83,-15.4687,23.0422,-4.3422,-45.01
20.6,5.0146,3.6473,3.5886,0,0,0.0725,0,0.1,0.1,0.1,-11.8023,22.9316,-4.3432,-45.08,-15.3945,19.4328,-4.3424,-44.84,-15.4485,23.021,-4.3424,-45.01
20.7,5.0153,3.6472,3.5873,0,0,0.0717,0,0.1,0.1,0.1,-11.7819,22.9118,-4.3434,-45.08,-15.3751,19.4129,-4.3432,-44.86,-15.4281,22.9999,-4.3425,-45.01
20.8,5.0159,3.6466,3.5864,0,0,0.0708,0,0.1,0.1,0.1,-11.7619,22.8922,-4.3437,-45.07,-15.3555,19.3929,-4.3438,-44.86,-15.4075,22.979,-4.3427,-45.0
20.9,5.017,3.646,3.586,0,0,0.07,0,0.1,0.1,0.1,-11.7417,22.8729,-4.344,-45.07,-15.3361,19.3728,-4.3439,-44.87,-15.3867,22.9584,-4.343,-45.01
21.0,5.0182,3.6459,3.5857,0,0,0.0694,0,0.1,0.1,0.1,-11.7212,22.8535,-4.3442,-45.08,-15.3167,19.3527,-4.3438,-44.87,-15.3662,22.938,-4.3432,-45.01
21.1,5.0191,3.6464,3.5847,0,0,0.0692,0,0.1,0.1,0.1,-11.7004,22.834,-4.3443,-45.08,-15.2969,19.3331,-4.3436,-44.87,-15.3459,22.9174,-4.3431,-45.01
21.2,5.0198,3.6476,3.5833,0,0,0.0696,0,0.1,0.1,0.1,-11.6793,22.8148,-4.3441,-45.1,-15.2769,19.314,-4.3432,-44.86,-15.326,22.897,-4.3429,-44.99
21.3,5.0207,3.6492,3.5819,0,0,0.0702,0,0.1,0.1,0.1,-11.6581,22.7956,-4.3435,-45.11,-15.2569,19.2948,-4.3428,-44.86,-15.3063,22.8764,-4.3427,-44.97
21.4,5.022,3.6502,3.5811,0,0,0.0702,0,0.1,0.1,0.1,-11.6372,22.7769,-4.3431,-45.1,-15.237,19.2751,-4.3429,-44.86,-15.2865,22.8559,-4.3428,-44.96
21.5,5.0232,3.6507,3.581,0,0,0.07,0,0.1,0.1,0.1,-11.6168,22.7583,-4.3427,-45.09,-15.2169,19.2552,-4.3432,-44.88,-15.2667,22.8358,-4.3429,-44.95
21.6,5.0238,3.6509,3.5811,0,0,0.0696,0,0.1,0.1,0.1,-11.5966,22.7397,-4.3425,-45.07,-15.1963,19.2354,-4.3435,-44.89,-15.2467,22.8161,-4.3427,-44.95
21.7,5.0237,3.6505,3.5817,0,0,0.0693,0,0.1,0.1,0.1,-11.5767,22.7205,-4.3423,-45.06,-15.176,19.2158,-4.3435,-44.9,-15.2263,22.7972,-4.3425,-44.96
21.8,5.0237,3.65,3.583,0,0,0.0693,0,0.1,0.1,0.1,-11.5568,22.7011,-4.3423,-45.04,-15.156,19.1963,-4.3434,-44.91,-15.206,22.7789,-4.3423,-44.97
21.9,5.0241,3.6497,3.5848,0,0,0.0694,0,0.1,0.1,0.1,-11.5369,22.6817,-4.3423,-45.03,-15.1362,19.1765,-4.3433,-44.91,-15.1858,22.7609,-4.3425,-44.97
22.0,5.0248,3.6495,3.587,0,0,0.0697,0,0.1,0.1,0.1,-11.5169,22.6627,-4.3423,-45.02,-15.1161,19.1564,-4.3433,-44.91,-15.1655,22.7431,-4.343,-44.98
22.1,5.0258,3.649,3.5896,0,0,0.0702,0,0.1,0.1,0.1,-11.4971,22.6437,-4.3423,-45.01,-15.0963,19.1358,-4.3433,-44.9,-15.1452,22.7251,-4.3435,-44.98
22.2,5.0267,3.6483,3.592,0,0,0.0706,0,0.1,0.1,0.1,-11.4774,22.6238,-4.3423,-44.99,-15.0768,19.115,-4.3435,-44.9,-15.1248,22.7067,-4.3442,-44.97
22.3,5.0271,3.648,3.5934,0,0,0.0709,0,0.1,0.1,0.1,-11.4576,22.6036,-4.3423,-44.98,-15.0573,19.0945,-4.3439,-44.9,-15.1046,22.6877,-4.3449,-44.96
22.4,5.0266,3.6476,3.5944,0,0,0.0713,0,0.1,0.1,0.1,-11.4384,22.5831,-4.3421,-44.96,-15.0378,19.0744,-4.344,-44.91,-15.0849,22.6685,-4.3454,-44.95
22.5,5.0257,3.6472,3.5953,0,0,0.0718,0,0.1,0.1,0.1,-11.4196,22.5623,-4.3419,-44.95,-15.0184,19.0543,-4.344,-44.91,-15.0657,22.6493,-4.3459,-44.94
22.6,5.0246,3.647,3.5963,0,0,0.0725,0,0.1,0.1,0.1,-11.4007,22.541,-4.3417,-44.94,-14.9989,19.0339,-4.3438,-44.92,-15.0465,22.6299,-4.3465,-44.95
22.7,5.0232,3.6467,3.5969,0,0,0.0731,0,0.1,0.1,0.1,-11.3819,22.5197,-4.3417,-44.94,-14.9794,19.0139,-4.3434,-44.92,-15.0274,22.6105,-4.3469,-44.95
22.8,5.0221,3.6463,3.5973,0,0,0.0735,0,0.1,0.1,0.1,-11.3632,22.4987,-4.3415,-44.94,-14.9599,18.9938,-4.3431,-44.93,-15.0083,22.5908,-4.3471,-44.94
22.9,5.0212,3.6458,3.5977,0,0,0.0737,0,0.1,0.1,0.1,-11.3446,22.4778,-4.341,-44.94,-14.9407,18.9735,-4.3431,-44.94,-14.9892,22.5709,-4.3471,-44.92
23.0,5.0208,3.6471,3.5985,0,0,0.0748,1,0.1,0.1,0.1,-11.3243,22.4554,-4.3404,-44.63,-14.9217,18.9529,-4.343,-44.95,-14.9701,22.5511,-4.3468,-44.91
23.1,5.0209,3.6509,3.5994,0,0,0.077,1,0.1,0.1,0.1,-11.3014,22.4312,-4.339,-43.87,-14.9025,18.9323,-4.3428,-44.96,-14.951,22.5314,-4.3467,-44.89
23.2,5.0214,3.6569,3.6001,0,0,0.0804,1,0.1,0.1,0.1,-11.2766,22.4058,-4.337,-42.71,-14.883,18.9117,-4.3426,-44.98,-14.932,22.5114,-4.3466,-44.88
23.3,5.0223,3.6643,3.6009,0,0,0.0865,1,0.1,0.1,0.1,-11.2505,22.3797,-4.3349,-41.21,-14.8633,18.891,-4.3426,-44.99,-14.9131,22.4916,-4.3467,-44.88
23.4,5.0235,3.6722,3.6023,0,0,0.0932,1,0.1,0.1,0.1,-11.2237,22.353,-4.3329,-39.5,-14.8438,18.8701,-4.3428,-45.0,-14.894,22.4721,-4.3467,-44.87
23.5,5.0246,3.6802,3.6038,0,0,0.1004,1,0.1,0.1,0.1,-11.1965,22.3258,-4.3309,-37.67,-14.8245,18.8495,-4.3428,-45.01,-14.8745,22.453,-4.3466,-44.87
23.6,5.0247,3.6882,3.6048,0,0,0.1079,1,0.1,0.1,0.1,-11.1692,22.298,-4.3288,-35.77,-14.8047,18.8295,-4.3429,-45.02,-14.8549,22.4339,-4.3463,-44.87
23.7,5.0241,3.6961,3.6049,0,0,0.1154,1,0.1,0.1,0.1,-11.142,22.2699,-4.3269,-33.86,-14.7848,18.8099,-4.343,-45.03,-14.8353,22.4144,-4.3461,-44.88
23.8,5.023,3.7037,3.6045,0,0,0.1229,1,0.1,0.1,0.1,-11.1152,22.2415,-4.3251,-31.96,-14.7651,18.7906,-4.3427,-45.04,-14.8157,22.3947,-4.3459,-44.89
23.9,5.0213,3.7109,3.6042,0,0,0.1304,1,0.1,0.1,0.1,-11.0889,22.2127,-4.3234,-30.1,-14.7452,18.7712,-4.3424,-45.05,-14.7961,22.375,-4.3458,-44.89
24.0,5.0194,3.7177,3.6037,0,0,0.1376,1,0.1,0.1,0.1,-11.0625,22.1838,-4.3217,-28.29,-14.7251,18.7516,-4.342,-45.05,-14.7762,22.3549,-4.3458,-44.88
24.1,5.0178,3.7242,3.6029,0,0,0.1448,1,0.1,0.1,0.1,-11.0362,22.1547,-4.32,-26.53,-14.7052,18.7319,-4.3416,-45.05,-14.756,22.3344,-4.346,-44.89
24.2,5.0162,3.7306,3.6017,0,0,0.152,1,0.1,0.1,0.1,-11.0097,22.1255,-4.3181,-24.83,-14.6853,18.7121,-4.3413,-45.05,-14.7354,22.3135,-4.3459,-44.89
24.3,5.0141,3.7362,3.6,0,0,0.159,1,0.1,0.1,0.1,-10.9832,22.0961,-4.3163,-23.2,-14.6651,18.6926,-4.3412,-45.04,-14.7141,22.2922,-4.346,-44.9
24.4,5.012,3.7411,3.598,0,0,0.1656,1,0.1,0.1,0.1,-10.9572,22.067,-4.3147,-21.64,-14.6451,18.6731,-4.341,-45.04,-14.6926,22.2708,-4.3461,-44.91
24.5,5.01,3.7456,3.5961,0,0,0.1721,1,0.1,0.1,0.1,-10.9313,22.038,-4.3131,-20.15,-14.6253,18.6537,-4.3407,-45.04,-14.6708,22.2495,-4.3459,-44.93
24.6,5.0078,3.7499,3.5949,0,0,0.1785,1,0.1,0.1,0.1,-10.9057,22.0088,-4.3116,-18.73,-14.6054,18.6339,-4.3403,-45.05,-14.649,22.2285,-4.3455,-44.93
24.7,5.0054,3.7537,3.5944,0,0,0.1847,1,0.1,0.1,0.1,-10.8806,21.9794,-4.31,-17.38,-14.5852,18.6135,-4.3398,-45.05,-14.6272,22.2077,-4.3451,-44.94
24.8,5.0026,3.7574,3.5943,0,0,0.191,1,0.1,0.1,0.1,-10.8554,21.9496,-4.3082,-16.11,-14.5646,18.593,-4.339,-45.05,-14.6051,22.1871,-4.3447,-44.94
24.9,4.9997,3.7608,3.5945,0,0,0.1972,1,0.1,0.1,0.1,-10.8305,21.9196,-4.3063,-14.89,-14.544,18.5721,-4.3382,-45.05,-14.583,22.1664,-4.3444,-44.95
25.0,4.9966,3.7637,3.5952,0,0,0.2031,1,0.1,0.1,0.1,-10.8059,21.8896,-4.3044,-13.73,-14.5231,18.5508,-4.3377,-45.05,-14.5607,22.1458,-4.3446,-44.97
25.1,4.994,3.7666,3.5968,0,0,0.2091,1,0.1,0.1,0.1,-10.7813,21.8594,-4.3027,-12.61,-14.5023,18.5289,-4.3372,-45.04,-14.5383,22.1255,-4.3451,-44.99
25.2,4.9916,3.77,3.5987,0,0,0.2152,1,0.1,0.1,0.1,-10.7565,21.8292,-4.3011,-11.55,-14.4816,18.5067,-4.3368,-45.03,-14.5161,22.1053,-4.3456,-44.99
25.3,4.9894,3.7737,3.6004,0,0,0.2213,1,0.1,0.1,0.1,-10.7315,21.799,-4.2996,-10.55,-14.4608,18.4846,-4.3365,-45.02,-14.4941,22.0848,-4.3459,-45.0
25.4,4.9872,3.7774,3.6016,0,0,0.2275,1,0.1,0.1,0.1,-10.7064,21.7689,-4.2983,-9.61,-14.44,18.4627,-4.3363,-45.01,-14.4719,22.0641,-4.346,-45.0
25.5,4.9846,3.7811,3.6025,0,0,0.2336,1,0.1,0.1,0.1,-10.6814,21.7386,-4.2972,-8.72,-14.419,18.4409,-4.3363,-45.0,-14.45,22.0432,-4.3462,-45.01
25.6,4.9818,3.7853,3.6034,0,0,0.24,1,0.1,0.1,0.1,-10.6565,21.708,-4.2963,-7.87,-14.3981,18.419,-4.3367,-44.99,-14.4284,22.0223,-4.3464,-45.02
25.7,4.9795,3.7893,3.6046,0,0,0.2463,1,0.1,0.1,0.1,-10.6317,21.6773,-4.2959,-7.06,-14.3775,18.3967,-4.3373,-44.99,-14.4068,22.0012,-4.3466,-45.02
25.8,4.9768,3.7932,3.6063,0,0,0.2524,1,0.1,0.1,0.1,-10.6073,21.6463,-4.2956,-6.29,-14.3569,18.374,-4.338,-44.99,-14.3855,21.9801,-4.3462,-45.02
25.9,4.9739,3.7971,3.6073,0,0,0.2587,1,0.1,0.1,0.1,-10.5832,21.6151,-4.2954,-5.56,-14.3363,18.3515,-4.3388,-44.99,-14.3644,21.9587,-4.3456,-45.03
26.0,4.971,3.801,3.6079,0,0,0.2651,1,0.1,0.1,0.1,-10.559,21.5838,-4.2951,-4.87,-14.3162,18.3293,-4.3397,-44.99,-14.3432,21.9371,-4.3449,-45.05
26.1,4.9682,3.805,3.6079,0,0,0.2718,1,0.1,0.1,0.1,-10.5346,21.5523,-4.2946,-4.21,-14.2965,18.3074,-4.3405,-44.99,-14.3219,21.9152,-4.3442,-45.07
26.2,4.9651,3.8092,3.6071,0,0,0.2785,1,0.1,0.1,0.1,-10.51,21.5207,-4.294,-3.58,-14.2763,18.2858,-4.3412,-45.0,-14.3006,21.8929,-4.3435,-45.08
26.3,4.9618,3.8135,3.6058,0,0,0.285,1,0.1,0.1,0.1,-10.4853,21.4892,-4.2935,-2.97,-14.2559,18.2642,-4.3422,-45.0,-14.2794,21.8699,-4.343,-45.08
26.4,4.9589,3.818,3.6045,0,0,0.2915,1,0.1,0.1,0.1,-10.4608,21.4574,-4.2928,-2.39,-14.2357,18.2421,-4.3434,-45.0,-14.2586,21.8466,-4.3426,-45.09
26.5,4.9567,3.8229,3.6029,0,0,0.2979,1,0.1,0.1,0.1,-10.436,21.4259,-4.2921,-1.82,-14.2158,18.2199,-4.3445,-45.02,-14.2379,21.8227,-4.3422,-45.08
26.6,4.955,3.828,3.601,0,0,0.3041,1,0.1,0.1,0.1,-10.411,21.3944,-4.2916,-1.29,-14.196,18.1972,-4.3455,-45.04,-14.2174,21.7982,-4.342,-45.07
26.7,4.9576,3.8331,3.5996,0,0,0.307,1,0.1,0.1,0.1,-10.3856,21.3691,-4.2912,-0.79,-14.1761,18.1741,-4.3463,-45.06,-14.197,21.7736,-4.3424,-45.06
26.8,4.9658,3.8381,3.5984,0,0,0.3056,1,0.1,0.1,0.1,-10.3595,21.3521,-4.2915,-0.33,-14.1554,18.151,-4.3471,-45.08,-14.1766,21.7493,-4.3429,-45.04
26.9,4.9789,3.8432,3.598,0,0,0.3007,1,0.1,0.1,0.1,-10.3327,21.3423,-4.2923,0.1,-14.1342,18.1275,-4.3476,-45.08,-14.1563,21.7255,-4.3435,-45.02
27.0,4.9953,3.8481,3.5981,0,0,0.2935,1,0.1,0.1,0.1,-10.3055,21.3375,-4.2931,0.52,-14.1123,18.1037,-4.3479,-45.09,-14.136,21.7017,-4.3437,-45.02
27.1,5.0141,3.8526,3.5982,0,0,0.2848,1,0.1,0.1,0.1,-10.2781,21.3365,-4.294,0.92,-14.0902,18.0797,-4.3482,-45.1,-14.1152,21.6779,-4.344,-45.03
27.2,5.0344,3.8567,3.598,0,0,0.2753,1,0.1,0.1,0.1,-10.2508,21.3382,-4.2945,1.31,-14.0679,18.056,-4.3486,-45.11,-14.0942,21.6539,-4.3442,-45.04
27.3,5.056,3.861,3.5977,0,0,0.2661,1,0.1,0.1,0.1,-10.2232,21.3417,-4.2949,1.67,-14.0455,18.0326,-4.3491,-45.11,-14.073,21.6302,-4.344,-45.06
27.4,5.079,3.8654,3.5976,0,0,0.2575,1,0.1,0.1,0.1,-10.1954,21.3469,-4.2948,2.01,-14.0235,18.0094,-4.3493,-45.11,-14.0517,21.6069,-4.3438,-45.06
27.5,5.1031,3.8699,3.5979,0,0,0.2499,1,0.1,0.1,0.1,-10.1675,21.3536,-4.2943,2.33,-14.0018,17.9866,-4.3495,-45.1,-14.0302,21.5843,-4.3437,-45.08
27.6,5.1277,3.8745,3.5986,0,0,0.2437,1,0.1,0.1,0.1,-10.1394,21.361,-4.2936,2.63,-13.98,17.964,-4.3492,-45.09,-14.0083,21.5625,-4.3439,-45.09
27.7,5.1522,3.8791,3.5993,0,0,0.2389,1,0.1,0.1,0.1,-10.111,21.3692,-4.2928,2.92,-13.9576,17.9421,-4.3491,-45.07,-13.9859,21.5413,-4.3444,-45.09
27.8,5.1765,3.8841,3.5996,0,0,0.2358,1,0.1,0.1,0.1,-10.0824,21.3777,-4.2921,3.19,-13.9351,17.9209,-4.3493,-45.07,-13.9635,21.5204,-4.3449,-45.09
27.9,5.2004,3.889,3.5997,0,0,0.2342,1,0.1,0.1,0.1,-10.0541,21.386,-4.2917,3.45,-13.9127,17.9,-4.3493,-45.07,-13.941,21.4996,-4.3453,-45.09
28.0,5.2242,3.8937,3.6001,0,0,0.2343,1,0.1,0.1,0.1,-10.0256,21.3943,-4.2914,3.69,-13.8901,17.8793,-4.3494,-45.08,-13.9181,21.4793,-4.3458,-45.08
28.1,5.2477,3.8981,3.6011,0,0,0.2356,1,0.1,0.1,0.1,-9.9974,21.4026,-4.291,3.93,-13.8671,17.8585,-4.3492,-45.08,-13.8948,21.4595,-4.3461,-45.08
28.2,5.2709,3.9027,3.6021,0,0,0.2383,1,0.1,0.1,0.1,-9.9692,21.4111,-4.2903,4.16,-13.8435,17.8378,-4.3488,-45.05,-13.8714,21.4398,-4.3463,-45.08
28.3,5.2938,3.9077,3.6027,0,0,0.2425,1,0.1,0.1,0.1,-9.9408,21.4196,-4.2897,4.38,-13.8197,17.8175,-4.3484,-45.03,-13.8481,21.4201,-4.3468,-45.07
28.4,5.3169,3.9128,3.6026,0,0,0.2482,1,0.1,0.1,0.1,-9.9126,21.4282,-4.2897,4.59,-13.7964,17.7976,-4.348,-45.01,-13.8248,21.4001,-4.3471,-45.06
28.5,5.3398,3.9182,3.6021,0,0,0.2553,1,0.1,0.1,0.1,-9.8842,21.4368,-4.2901,4.78,-13.7735,17.7786,-4.3477,-45.0,-13.8016,21.3806,-4.3474,-45.06
28.6,5.3621,3.9228,3.6,0,0,0.2631,1,0.1,0.1,0.1,-9.8558,21.4453,-4.2908,4.97,-13.7505,17.7602,-4.3473,-45.0,-13.7773,21.36,-4.3469,-44.75
28.7,5.384,3.9262,3.5955,0,0,0.2716,1,0.1,0.1,0.1,-9.8275,21.4535,-4.2917,5.16,-13.7275,17.7421,-4.3466,-44.98,-13.7516,21.3375,-4.3457,-43.99
28.8,5.4055,3.9288,3.589,0,0,0.281,1,0.1,0.1,0.1,-9.7993,21.4616,-4.2923,5.34,-13.7042,17.7243,-4.3457,-44.98,-13.725,21.3132,-4.344,-42.82
28.9,5.4264,3.931,3.5811,0,0,0.2911,1,0.1,0.1,0.1,-9.7712,21.4695,-4.2926,5.5,-13.6807,17.7067,-4.3452,-44.99,-13.6976,21.2878,-4.3421,-41.33
29.0,5.4473,3.9328,3.5723,0,0,0.3021,1,0.1,0.1,0.1,-9.7433,21.4774,-4.2929,5.66,-13.6574,17.6893,-4.3452,-44.99,-13.6699,21.2616,-4.3395,-39.62
29.1,5.4687,3.9348,3.5632,0,0,0.3143,1,0.1,0.1,0.1,-9.7154,21.4854,-4.2925,5.82,-13.6344,17.6716,-4.3451,-45.0,-13.642,21.2348,-4.3367,-37.77
29.2,5.4899,3.9372,3.5537,0,0,0.3272,1,0.1,0.1,0.1,-9.6875,21.4929,-4.2918,5.97,-13.6114,17.6538,-4.3448,-45.0,-13.6141,21.2074,-4.3337,-35.86
29.3,5.511,3.9405,3.5432,0,0,0.341,1,0.1,0.1,0.1,-9.6592,21.5003,-4.2918,6.1,-13.5884,17.6363,-4.3443,-44.99,-13.5865,21.1795,-4.3308,-33.94
29.4,5.5319,3.9445,3.5324,0,0,0.3554,1,0.1,0.1,0.1,-9.6308,21.5074,-4.2924,6.23,-13.5653,17.619,-4.3441,-44.98,-13.559,21.1514,-4.3284,-32.02
29.5,5.5529,3.9492,3.5217,0,0,0.3705,1,0.1,0.1,0.1,-9.6024,21.5145,-4.2929,6.35,-13.5421,17.6015,-4.3442,-44.97,-13.5321,21.1232,-4.3261,-30.14
29.6,5.5737,3.9543,3.5113,0,0,0.3859,1,0.1,0.1,0.1,-9.5742,21.5215,-4.2928,6.45,-13.5185,17.5837,-4.3441,-44.97,-13.5054,21.095,-4.3239,-28.31
29.7,5.594,3.9596,3.5008,0,0,0.4016,1,0.1,0.1,0.1,-9.5463,21.5281,-4.2924,6.55,-13.4948,17.5658,-4.3441,-44.97,-13.4789,21.0665,-4.3216,-26.54
29.8,5.6148,3.9657,3.4903,0,0,0.4179,1,0.1,0.1,0.1,-9.5183,21.5344,-4.2923,6.63,-13.4715,17.5475,-4.3438,-44.97,-13.4526,21.0376,-4.3192,-24.84
29.9,5.6362,3.9722,3.4799,0,0,0.4347,1,0.1,0.1,0.1,-9.4902,21.5406,-4.2927,6.71,-13.4486,17.5287,-4.3436,-44.97,-13.4265,21.0084,-4.3167,-23.2
30.0,5.6579,3.9794,3.4694,0,0,0.452,1,0.1,0.1,0.1,-9.4618,21.5463,-4.2929,6.79,-13.426,17.5098,-4.3433,-44.96,-13.4005,20.979,-4.3144,-21.63
30.1,5.6794,3.9873,3.4583,0,0,0.4695,1,0.1,0.1,0.1,-9.4331,21.5518,-4.2925,6.87,-13.4035,17.4911,-4.3429,-44.96,-13.3746,20.9491,-4.3122,-20.14
30.2,5.7007,3.996,3.447,0,0,0.4871,1,0.1,0.1,0.1,-9.4042,21.557,-4.2923,6.94,-13.3806,17.4725,-4.3429,-44.97,-13.3489,20.9192,-4.3101,-18.72
30.3,5.7221,4.005,3.4364,0,0,0.5049,1,0.1,0.1,0.1,-9.375,21.5619,-4.2919,7.01,-13.3575,17.4535,-4.3431,-44.98,-13.3232,20.8896,-4.3082,-17.36
30.4,5.7438,4.0149,3.4265,0,0,0.5229,1,0.1,0.1,0.1,-9.3455,21.5667,-4.2917,7.08,-13.3342,17.4341,-4.3435,-44.99,-13.2977,20.8601,-4.3064,-16.06
30.5,5.7654,4.0258,3.4159,0,0,0.5413,1,0.1,0.1,0.1,-9.3157,21.5717,-4.2917,7.16,-13.3104,17.4148,-4.3443,-45.0,-13.2726,20.8303,-4.3049,-14.82
30.6,5.7868,4.037,3.4047,0,0,0.56,1,0.1,0.1,0.1,-9.2859,21.5773,-4.2918,7.23,-13.286,17.3959,-4.3452,-45.0,-13.2474,20.8001,-4.3039,-13.64
30.7,5.8081,4.0485,3.3931,0,0,0.5788,1,0.1,0.1,0.1,-9.2563,21.5829,-4.2918,7.3,-13.2617,17.3772,-4.346,-45.0,-13.2223,20.7698,-4.3032,-12.51
30.8,5.8293,4.0602,3.381,0,0,0.5976,1,0.1,0.1,0.1,-9.2268,21.5884,-4.2919,7.37,-13.2378,17.3588,-4.3467,-45.0,-13.1972,20.7393,-4.3029,-11.43
30.9,5.8504,4.0723,3.3687,0,0,0.6165,1,0.1,0.1,0.1,-9.1974,21.5936,-4.2926,7.42,-13.2143,17.3405,-4.3474,-45.0,-13.1724,20.7086,-4.3029,-10.4
31.0,5.872,4.0851,3.3576,0,0,0.6358,1,0.1,0.1,0.1,-9.1684,21.599,-4.2933,7.48,-13.19,17.3207,-4.3472,-44.68,-13.1482,20.6778,-4.303,-9.45
31.1,5.894,4.0982,3.3485,0,0,0.6557,1,0.1,0.1,0.1,-9.1395,21.6044,-4.2937,7.53,-13.1643,17.2989,-4.3462,-43.92,-13.1243,20.6469,-4.3031,-8.54
31.2,5.9164,4.1118,3.3411,0,0,0.6758,1,0.1,0.1,0.1,-9.1106,21.6097,-4.2941,7.58,-13.1374,17.2754,-4.3448,-42.75,-13.1005,20.616,-4.3029,-7.68
31.3,5.9392,4.1258,3.3348,0,0,0.6964,1,0.1,0.1,0.1,-9.0816,21.6147,-4.2945,7.63,-13.1096,17.2505,-4.3432,-41.25,-13.0768,20.5848,-4.3028,-6.86
31.4,5.9626,4.1401,3.3294,0,0,0.7173,1,0.1,0.1,0.1,-9.0526,21.6199,-4.2949,7.68,-13.0815,17.2246,-4.3415,-39.53,-13.0531,20.5536,-4.3026,-6.08
31.5,5.9869,4.1545,3.3252,0,0,0.7386,1,0.1,0.1,0.1,-9.0235,21.6252,-4.2948,7.74,-13.0532,17.1978,-4.3397,-37.69,-13.029,20.5227,-4.3024,-5.34
31.6,6.0118,4.1693,3.3222,0,0,0.7602,1,0.1,0.1,0.1,-8.9942,21.6305,-4.2945,7.79,-13.0247,17.1703,-4.3376,-35.78,-13.005,20.4922,-4.3023,-4.64
31.7,6.0376,4.1843,3.3198,0,0,0.7821,1,0.1,0.1,0.1,-8.9648,21.636,-4.2941,7.83,-12.9966,17.1421,-4.3357,-33.86,-12.9809,20.4617,-4.3022,-3.98
31.8,6.0636,4.1991,3.3177,0,0,0.804,1,0.1,0.1,0.1,-8.9357,21.6413,-4.2936,7.86,-12.9689,17.1137,-4.3338,-31.96,-12.9566,20.4312,-4.3019,-3.36
31.9,6.0898,4.2141,3.3156,0,0,0.8259,1,0.1,0.1,0.1,-8.9066,21.6463,-4.2934,7.89,-12.9417,17.0853,-4.3319,-30.08,-12.9324,20.4008,-4.3017,-2.77
32.0,6.1166,4.229,3.3138,0,0,0.848,1,0.1,0.1,0.1,-8.8778,21.6513,-4.2938,7.92,-12.9151,17.0566,-4.3301,-28.26,-12.9081,20.3703,-4.3017,-2.21
32.1,6.1436,4.2444,3.3118,0,0,0.8702,1,0.1,0.1,0.1,-8.8489,21.6564,-4.2945,7.94,-12.8886,17.0279,-4.3278,-26.51,-12.8838,20.3397,-4.3015,-1.68
32.2,6.1712,4.2602,3.3097,0,0,0.8928,1,0.1,0.1,0.1,-8.8199,21.6617,-4.2951,7.96,-12.8626,16.9991,-4.3253,-24.82,-12.8596,20.3088,-4.3013,-1.17
32.3,6.1992,4.276,3.308,0,0,0.9154,1,0.1,0.1,0.1,-8.7908,21.6667,-4.2956,7.98,-12.8369,16.97,-4.3227,-23.2,-12.835,20.2779,-4.3011,-0.69
32.4,6.2273,4.2917,3.3068,0,0,0.9379,1,0.1,0.1,0.1,-8.7614,21.6712,-4.2959,8.0,-12.811,16.9405,-4.3201,-21.66,-12.81,20.2472,-4.3009,-0.24
32.5,6.2556,4.3076,3.3053,0,0,0.9603,1,0.1,0.1,0.1,-8.732,21.6754,-4.296,8.02,-12.7854,16.9108,-4.3176,-20.18,-12.7848,20.2161,-4.3006,0.2
32.6,6.2838,4.3232,3.3039,0,0,0.9826,1,0.1,0.1,0.1,-8.7027,21.6794,-4.2958,8.03,-12.76,16.8812,-4.3155,-18.77,-12.7593,20.185,-4.3001,0.62
32.7,6.3124,4.3386,3.3027,0,0,1.005,1,0.1,0.1,0.1,-8.6732,21.6835,-4.2954,8.05,-12.7348,16.8514,-4.3138,-17.42,-12.7334,20.1541,-4.2997,1.03
32.8,6.3414,4.3544,3.3019,0,0,1.0276,1,0.1,0.1,0.1,-8.6439,21.6878,-4.2948,8.07,-12.7098,16.8214,-4.3125,-16.15,-12.7075,20.1233,-4.2994,1.43
32.9,6.3707,4.3709,3.3011,0,0,1.0505,1,0.1,0.1,0.1,-8.6146,21.6923,-4.2935,8.1,-12.6846,16.7912,-4.3113,-14.93,-12.6821,20.0923,-4.2989,1.81
33.0,6.4006,4.3878,3.3001,0,0,1.0738,1,0.1,0.1,0.1,-8.5851,21.697,-4.2916,8.12,-12.6596,16.7608,-4.3104,-13.77,-12.6564,20.061,-4.2985,2.17
33.1,6.4242,4.4005,3.2993,0,0,1.0928,1,0.1,0.1,0.1,-8.5591,21.6954,-4.2899,8.14,-12.6352,16.73,-4.3093,-12.66,-12.632,20.0292,-4.2982,2.5
33.2,6.4383,4.4069,3.2984,0,0,1.1058,1,0.1,0.1,0.1,-8.5382,21.6852,-4.2887,8.15,-12.6108,16.6987,-4.3081,-11.6,-12.6089,19.9971,-4.2979,2.82
33.3,6.4447,4.4081,3.2977,0,0,1.1136,1,0.1,0.1,0.1,-8.5209,21.6678,-4.2878,8.16,-12.5863,16.6672,-4.3072,-10.6,-12.5868,19.9649,-4.2975,3.11
33.4,6.445,4.4048,3.297,0,0,1.1174,1,0.1,0.1,0.1,-8.5064,21.6447,-4.2873,8.16,-12.5617,16.6356,-4.3063,-9.64,-12.5647,19.9326,-4.297,3.38
33.5,6.4408,4.3972,3.2963,0,0,1.1182,1,0.1,0.1,0.1,-8.494,21.6176,-4.2873,8.16,-12.5369,16.6038,-4.3054,-8.72,-12.5418,19.9001,-4.2965,3.64
33.6,6.4334,4.3868,3.2955,0,0,1.1168,1,0.1,0.1,0.1,-8.4829,21.5874,-4.2878,8.16,-12.5122,16.5721,-4.3045,-7.85,-12.5185,19.8676,-4.2961,3.88
33.7,6.4234,4.3738,3.2946,0,0,1.1136,1,0.1,0.1,0.1,-8.4731,21.5547,-4.2886,8.17,-12.4878,16.5406,-4.3037,-7.02,-12.4948,19.8352,-4.2959,4.11
33.8,6.4114,4.3586,3.2939,0,0,1.109,1,0.1,0.1,0.1,-8.4644,21.5203,-4.2891,8.16,-12.4635,16.5091,-4.3029,-6.24,-12.4704,19.803,-4.2956,4.33
33.9,6.3976,4.3419,3.293,0,0,1.1032,1,0.1,0.1,0.1,-8.4563,21.4843,-4.2895,8.16,-12.4393,16.4778,-4.3021,-5.49,-12.4458,19.7708,-4.2957,4.53
34.0,6.3827,4.3237,3.2924,0,0,1.0969,1,0.1,0.1,0.1,-8.449,21.4476,-4.2898,8.16,-12.4147,16.4464,-4.3015,-4.79,-12.4206,19.7388,-4.296,4.72
34.1,6.3672,4.3045,3.2919,0,0,1.0903,1,0.1,0.1,0.1,-8.4421,21.4104,-4.2901,8.17,-12.3898,16.4148,-4.3011,-4.12,-12.3951,19.7067,-4.296,4.89
34.2,6.3515,4.2851,3.2915,0,0,1.0837,1,0.1,0.1,0.1,-8.4352,21.3728,-4.2907,8.18,-12.3648,16.3828,-4.3005,-3.49,-12.3694,19.6744,-4.2959,5.05
34.3,6.3359,4.2653,3.2916,0,0,1.0771,1,0.1,0.1,0.1,-8.4286,21.3351,-4.2916,8.19,-12.3399,16.3506,-4.3,-2.89,-12.3436,19.6422,-4.2957,5.21
34.4,6.3203,4.2451,3.292,0,0,1.0706,1,0.1,0.1,0.1,-8.422,21.2974,-4.2925,8.21,-12.3148,16.3183,-4.2996,-2.32,-12.3175,19.6103,-4.2957,5.36
34.5,6.3053,4.2247,3.2924,0,0,1.0644,1,0.1,0.1,0.1,-8.4153,21.26,-4.2932,8.23,-12.2904,16.2861,-4.2992,-1.79,-12.291,19.5785,-4.2959,5.52
34.6,6.2954,4.204,3.2935,0,0,1.0591,1,0.1,0.1,0.1,-8.4087,21.2228,-4.2935,8.25,-12.2732,16.2531,-4.2991,-1.28,-12.2641,19.5466,-4.296,5.66
34.7,6.2875,4.1833,3.2953,0,0,1.0542,1,0.1,0.1,0.1,-8.4019,21.1856,-4.2932,8.27,-12.2585,16.2197,-4.2992,-0.81,-12.2372,19.5149,-4.296,5.81
34.8,6.2838,4.1629,3.2983,0,0,1.05,1,0.1,0.1,0.1,-8.395,21.1482,-4.2929,8.28,-12.2491,16.1851,-4.2994,-0.36,-12.2104,19.4832,-4.2956,5.96
34.9,6.2863,4.1428,3.3027,0,0,1.0468,1,0.1,0.1,0.1,-8.3878,21.111,-4.2925,8.28,-12.248,16.1495,-4.2996,0.09,-12.1838,19.4515,-4.295,6.09
35.0,6.2936,4.1236,3.3077,0,0,1.0445,1,0.1,0.1,0.1,-8.3805,21.0738,-4.2919,8.29,-12.2536,16.1132,-4.2993,0.51,-12.1577,19.4195,-4.2944,6.21
35.1,6.3045,4.1046,3.3133,0,0,1.0429,1,0.1,0.1,0.1,-8.3734,21.0368,-4.2916,8.29,-12.2645,16.0763,-4.2989,0.93,-12.1319,19.3869,-4.2941,6.32
35.2,6.3183,4.0854,3.32,0,0,1.0418,1,0.1,0.1,0.1,-8.3665,20.9998,-4.2914,8.3,-12.2794,16.0389,-4.2984,1.34,-12.1059,19.3544,-4.2938,6.42
35.3,6.3349,4.0667,3.3279,0,0,1.0412,1,0.1,0.1,0.1,-8.3592,20.963,-4.2915,8.32,-12.2973,16.001,-4.2979,1.72,-12.0799,19.3218,-4.2935,6.52
35.4,6.3535,4.0483,3.3371,0,0,1.041,1,0.1,0.1,0.1,-8.3516,20.9264,-4.2916,8.33,-12.3175,15.9627,-4.298,2.08,-12.0541,19.2893,-4.2934,6.61
35.5,6.3738,4.0298,3.3478,0,0,1.041,1,0.1,0.1,0.1,-8.3439,20.8897,-4.2913,8.35,-12.3395,15.9238,-4.2983,2.41,-12.0282,19.2571,-4.2935,6.71
35.6,6.3956,4.0115,3.3601,0,0,1.0412,1,0.1,0.1,0.1,-8.3358,20.8529,-4.2913,8.36,-12.3629,15.8844,-4.2984,2.72,-12.0022,19.2251,-4.2936,6.8
35.7,6.4185,3.9931,3.374,0,0,1.0416,1,0.1,0.1,0.1,-8.3276,20.8166,-4.2917,8.38,-12.387,15.8447,-4.2983,3.02,-11.976,19.1936,-4.2938,6.89
35.8,6.4419,3.9745,3.3889,0,0,1.0422,1,0.1,0.1,0.1,-8.3194,20.7803,-4.2921,8.4,-12.4112,15.8048,-4.2982,3.3,-11.9496,19.1621,-4.2939,6.97
35.9,6.4656,3.9562,3.4046,0,0,1.0429,1,0.1,0.1,0.1,-8.311,20.744,-4.2928,8.41,-12.4356,15.7649,-4.2985,3.56,-11.9234,19.1307,-4.294,7.04
36.0,6.49,3.9378,3.4215,0,0,1.0438,1,0.1,0.1,0.1,-8.3026,20.7078,-4.2933,8.4,-12.4602,15.7244,-4.2992,3.8,-11.8969,19.0992,-4.2942,7.1
36.1,6.5144,3.9196,3.4392,0,0,1.0447,1,0.1,0.1,0.1,-8.2942,20.6716,-4.2938,8.4,-12.4846,15.6839,-4.2998,4.01,-11.8706,19.0678,-4.2941,7.18
36.2,6.5385,3.9013,3.4574,0,0,1.0454,1,0.1,0.1,0.1,-8.2856,20.6352,-4.2944,8.39,-12.5089,15.6436,-4.3001,4.22,-11.8444,19.0366,-4.2939,7.24
36.3,6.5629,3.8831,3.4767,0,0,1.0461,1,0.1,0.1,0.1,-8.2767,20.5989,-4.2946,8.39,-12.533,15.6034,-4.3003,4.41,-11.8179,19.0057,-4.2934,7.29
36.4,6.5874,3.8647,3.4968,0,0,1.0468,1,0.1,0.1,0.1,-8.2678,20.5626,-4.2944,8.38,-12.5571,15.5632,-4.3006,4.6,-11.7913,18.975,-4.2929,7.35
36.5,6.6116,3.846,3.5172,0,0,1.0473,1,0.1,0.1,0.1,-8.2586,20.5262,-4.294,8.38,-12.581,15.5232,-4.3009,4.79,-11.7643,18.9443,-4.2924,7.4
36.6,6.6357,3.8279,3.5378,0,0,1.0478,1,0.1,0.1,0.1,-8.2491,20.4897,-4.2934,8.37,-12.6046,15.4835,-4.3011,4.98,-11.7374,18.9133,-4.2918,7.46
36.7,6.6599,3.81,3.5588,0,0,1.0485,1,0.1,0.1,0.1,-8.2396,20.4533,-4.2933,8.36,-12.628,15.4436,-4.3015,5.16,-11.7106,18.8822,-4.2911,7.53
36.8,6.6843,3.7918,3.5807,0,0,1.0494,1,0.1,0.1,0.1,-8.2305,20.4171,-4.2929,8.35,-12.6514,15.4035,-4.3019,5.32,-11.6837,18.851,-4.2903,7.59
36.9,6.7092,3.7736,3.6033,0,0,1.0506,1,0.1,0.1,0.1,-8.2214,20.3814,-4.2923,8.35,-12.6747,15.3634,-4.3021,5.45,-11.6568,18.8199,-4.2894,7.65
37.0,6.7337,3.7558,3.626,0,0,1.0519,1,0.1,0.1,0.1,-8.2122,20.3459,-4.2914,8.35,-12.6977,15.3236,-4.3021,5.56,-11.6301,18.7888,-4.2885,7.7
37.1,6.7581,3.738,3.6491,0,0,1.053,1,0.1,0.1,0.1,-8.2031,20.3104,-4.2908,8.34,-12.7206,15.2841,-4.3021,5.67,-11.6034,18.758,-4.2878,7.75
37.2,6.7825,3.7206,3.6728,0,0,1.0541,1,0.1,0.1,0.1,-8.1937,20.275,-4.2904,8.34,-12.7431,15.2444,-4.3019,5.79,-11.5771,18.7272,-4.2876,7.81
37.3,6.8073,3.7033,3.697,0,0,1.0556,1,0.1,0.1,0.1,-8.1841,20.2399,-4.29,8.33,-12.7651,15.2047,-4.3018,5.92,-11.5504,18.6965,-4.2875,7.86
37.4,6.8316,3.686,3.7212,0,0,1.057,1,0.1,0.1,0.1,-8.1744,20.2051,-4.29,8.33,-12.7867,15.1655,-4.3012,6.03,-11.5235,18.6657,-4.2875,7.92
37.5,6.8552,3.6685,3.7452,0,0,1.0583,1,0.1,0.1,0.1,-8.1648,20.1702,-4.2903,8.34,-12.8075,15.1266,-4.3005,6.15,-11.4965,18.6348,-4.2876,7.97
37.6,6.8786,3.6512,3.7693,0,0,1.0597,1,0.1,0.1,0.1,-8.1554,20.1357,-4.2906,8.35,-12.828,15.0877,-4.2995,6.25,-11.4696,18.6037,-4.2876,8.02
37.7,6.9017,3.6339,3.7937,0,0,1.061,1,0.1,0.1,0.1,-8.146,20.1011,-4.2912,8.36,-12.8483,15.0491,-4.2984,6.36,-11.4429,18.5728,-4.2879,8.06
37.8,6.9248,3.6166,3.8184,0,0,1.0623,1,0.1,0.1,0.1,-8.1367,20.0666,-4.2916,8.37,-12.8685,15.0106,-4.2974,6.47,-11.4163,18.5421,-4.2883,8.1
37.9,6.9482,3.5996,3.8436,0,0,1.0638,1,0.1,0.1,0.1,-8.1275,20.0323,-4.292,8.39,-12.8888,14.972,-4.2968,6.57,-11.39,18.5113,-4.2889,8.14
38.0,6.9715,3.5829,3.869,0,0,1.0654,1,0.1,0.1,0.1,-8.118,19.9978,-4.2922,8.41,-12.9088,14.9331,-4.2964,6.66,-11.3635,18.4801,-4.2895,8.19
38.1,6.9949,3.5663,3.8945,0,0,1.0895,1,0.1,0.1,0.1,-8.1083,19.9631,-4.2927,8.43,-12.9285,14.8941,-4.2962,6.75,-11.337,18.4485,-4.2901,8.21
38.2,7.0182,3.5497,3.9203,0,0,1.1134,1,0.1,0.1,0.1,-8.0985,19.9281,-4.2933,8.44,-12.9479,14.8549,-4.296,6.85,-11.3103,18.4168,-4.2906,8.24
38.3,7.0414,3.5328,3.9465,0,0,1.1375,1,0.1,0.1,0.1,-8.089,19.8933,-4.2938,8.44,-12.9674,14.8158,-4.296,6.94,-11.2836,18.3851,-4.2911,8.26
38.4,7.0642,3.5157,3.9729,0,0,1.1614,1,0.1,0.1,0.1,-8.0798,19.8586,-4.2943,8.43,-12.987,14.7769,-4.2961,7.02,-11.2569,18.3533,-4.2918,8.29
38.5,7.0866,3.4989,3.9986,0,0,1.1849,1,0.1,0.1,0.1,-8.0707,19.824,-4.2949,8.43,-13.0062,14.7386,-4.2961,7.1,-11.2305,18.3213,-4.2927,8.29
38.6,7.1087,3.4827,4.0239,0,0,1.208,1,0.1,0.1,0.1,-8.0614,19.7894,-4.296,8.42,-13.0249,14.7004,-4.296,7.17,-11.2044,18.289,-4.2936,8.29
38.7,7.1306,3.4667,4.0493,0,0,1.231,1,0.1,0.1,0.1,-8.0518,19.755,-4.2974,8.41,-13.0431,14.6625,-4.2956,7.24,-11.178,18.2568,-4.2943,8.28
38.8,7.1528,3.4513,4.0751,0,0,1.254,1,0.1,0.1,0.1,-8.0417,19.7205,-4.299,8.41,-13.0609,14.6244,-4.2955,7.31,-11.1519,18.2247,-4.2948,8.29
38.9,7.1747,3.4354,4.1011,0,0,1.2768,1,0.1,0.1,0.1,-8.0318,19.6858,-4.3003,8.41,-13.0785,14.5861,-4.2956,7.38,-11.1257,18.1924,-4.2955,8.29
39.0,7.1964,3.4193,4.1275,0,0,1.2996,1,0.1,0.1,0.1,-8.0222,19.6511,-4.3007,8.41,-13.0959,14.5476,-4.2958,7.44,-11.0993,18.1601,-4.2962,8.28
39.1,7.2174,3.4034,4.1534,0,0,1.3218,1,0.1,0.1,0.1,-8.0126,19.6164,-4.3009,8.42,-13.1124,14.5093,-4.2956,7.49,-11.073,18.1275,-4.2969,8.28
39.2,7.2373,3.388,4.1782,0,0,1.3429,1,0.1,0.1,0.1,-8.0027,19.582,-4.3015,8.43,-13.1273,14.4716,-4.2953,7.54,-11.0469,18.0949,-4.2976,8.27
39.3,7.2511,3.3732,4.1982,0,0,1.359,1,0.1,0.1,0.1,-7.9927,19.5477,-4.3022,8.43,-13.1347,14.4352,-4.2949,7.59,-11.0213,18.0626,-4.2982,8.27
39.4,7.257,3.3586,4.212,0,0,1.3689,1,0.1,0.1,0.1,-7.9825,19.5134,-4.3024,8.42,-13.1324,14.4004,-4.2949,7.62,-10.9959,18.0303,-4.2985,8.26
39.5,7.2566,3.3438,4.2211,0,0,1.3738,1,0.1,0.1,0.1,-7.9722,19.4791,-4.3026,8.42,-13.1223,14.3667,-4.295,7.66,-10.9701,17.998,-4.2986,8.25
39.6,7.2514,3.3288,4.2266,0,0,1.3748,1,0.1,0.1,0.1,-7.962,19.4448,-4.3026,8.42,-13.106,14.3339,-4.295,7.7,-10.9442,17.9658,-4.299,8.25
39.7,7.2423,3.3134,4.2297,0,0,1.3729,1,0.1,0.1,0.1,-7.9518,19.4109,-4.3021,8.42,-13.085,14.3019,-4.2949,7.73,-10.918,17.9343,-4.2992,8.25
39.8,7.2303,3.2977,4.2308,0,0,1.3687,1,0.1,0.1,0.1,-7.9416,19.3768,-4.3015,8.42,-13.0604,14.2704,-4.2951,7.76,-10.8917,17.9031,-4.2992,8.26
39.9,7.2159,3.2816,4.2305,0,0,1.3628,1,0.1,0.1,0.1,-7.9315,19.3425,-4.3014,8.42,-13.0332,14.2393,-4.2955,7.78,-10.8652,17.8721,-4.299,8.27
40.0,7.1998,3.2651,4.2291,0,0,1.3557,1,0.1,0.1,0.1,-7.9216,19.3081,-4.3012,8.42,-13.004,14.2085,-4.296,7.82,-10.8386,17.8412,-4.299,8.29
40.1,7.1826,3.2486,4.2269,0,0,1.3476,1,0.1,0.1,0.1,-7.9118,19.2739,-4.3007,8.43,-12.9733,14.1777,-4.2965,7.85,-10.812,17.8103,-4.2989,8.31
40.2,7.1644,3.2316,4.2243,0,0,1.3389,1,0.1,0.1,0.1,-7.9023,19.2394,-4.2999,8.43,-12.9418,14.1471,-4.2969,7.88,-10.7854,17.7795,-4.2989,8.33
40.3,7.1457,3.2143,4.2216,0,0,1.3299,1,0.1,0.1,0.1,-7.893,19.2047,-4.2988,8.42,-12.9098,14.1162,-4.2971,7.9,-10.7585,17.7486,-4.2991,8.34
40.4,7.1271,3.1971,4.2188,0,0,1.3207,1,0.1,0.1,0.1,-7.8835,19.1702,-4.2981,8.42,-12.8774,14.0853,-4.2973,7.93,-10.7316,17.7176,-4.2994,8.35
40.5,7.1082,3.1803,4.2155,0,0,1.3112,1,0.1,0.1,0.1,-7.8741,19.1361,-4.2977,8.42,-12.8443,14.0544,-4.2974,7.96,-10.705,17.6867,-4.2998,8.36
40.6,7.0895,3.1642,4.2117,0,0,1.3015,1,0.1,0.1,0.1,-7.8644,19.1022,-4.2974,8.42,-12.811,14.0236,-4.2975,7.99,-10.6786,17.6556,-4.3,8.37
40.7,7.071,3.1483,4.2077,0,0,1.2918,1,0.1,0.1,0.1,-7.8547,19.0687,-4.2979,8.43,-12.7779,13.9931,-4.2971,8.02,-10.6522,17.6243,-4.3003,8.37
40.8,7.0523,3.1321,4.2038,0,0,1.282,1,0.1,0.1,0.1,-7.8454,19.0354,-4.2987,8.43,-12.7444,13.9624,-4.2966,8.05,-10.6256,17.5932,-4.3007,8.37
40.9,7.0336,3.1153,4.2002,0,0,1.2722,1,0.1,0.1,0.1,-7.8362,19.0021,-4.2993,8.44,-12.7108,13.9316,-4.2961,8.07,-10.5987,17.5622,-4.3009,8.39
41.0,7.0154,3.0988,4.1969,0,0,1.2627,1,0.1,0.1,0.1,-7.8267,18.9688,-4.2995,8.46,-12.6773,13.9004,-4.2959,8.09,-10.5717,17.5309,-4.3012,8.4
41.1,6.9977,3.0826,4.1935,0,0,1.2534,1,0.1,0.1,0.1,-7.8171,18.9355,-4.2995,8.48,-12.644,13.869,-4.296,8.11,-10.5447,17.4992,-4.3017,8.41
41.2,6.9801,3.0666,4.1901,0,0,1.2441,1,0.1,0.1,0.1,-7.8074,18.9025,-4.2991,8.49,-12.6108,13.8379,-4.2961,8.14,-10.5177,17.4678,-4.302,8.42
41.3,6.9628,3.0509,4.1867,0,0,1.235,1,0.1,0.1,0.1,-7.7975,18.8697,-4.2987,8.5,-12.5778,13.807,-4.2964,8.16,-10.4908,17.4365,-4.302,8.45
41.4,6.9457,3.0354,4.1831,0,0,1.226,1,0.1,0.1,0.1,-7.7875,18.8371,-4.2979,8.51,-12.5448,13.7763,-4.2964,8.17,-10.464,17.4052,-4.3021,8.47
41.5,6.9289,3.0196,4.1801,0,0,1.2172,1,0.1,0.1,0.1,-7.7775,18.8047,-4.2972,8.53,-12.5119,13.7456,-4.2966,8.18,-10.4367,17.3741,-4.3021,8.48
41.6,6.9125,3.0036,4.1774,0,0,1.2087,1,0.1,0.1,0.1,-7.7678,18.7725,-4.297,8.55,-12.4796,13.7147,-4.2969,8.18,-10.4094,17.343,-4.3019,8.49
41.7,6.8967,2.9878,4.1749,0,0,1.2006,1,0.1,0.1,0.1,-7.758,18.7404,-4.2971,8.57,-12.448,13.6838,-4.2972,8.2,-10.3821,17.3118,-4.3017,8.5
41.8,6.8814,2.9727,4.1724,0,0,1.1929,1,0.1,0.1,0.1,-7.7475,18.7079,-4.2974,8.58,-12.4167,13.6531,-4.2971,8.22,-10.3551,17.2806,-4.3014,8.5
41.9,6.8661,2.9575,4.1699,0,0,1.1853,1,0.1,0.1,0.1,-7.7367,18.6751,-4.2977,8.58,-12.3856,13.6223,-4.2969,8.25,-10.3277,17.2491,-4.3011,8.51
42.0,6.8508,2.9421,4.1677,0,0,1.1777,1,0.1,0.1,0.1,-7.7261,18.6422,-4.2977,8.59,-12.3546,13.5914,-4.2966,8.28,-10.3004,17.2177,-4.3009,8.5
42.1,6.8349,2.9262,4.1655,0,0,1.17,1,0.1,0.1,0.1,-7.716,18.6088,-4.2975,8.6,-12.3235,13.5603,-4.2959,8.3,-10.2732,17.1863,-4.3006,8.5
42.2,6.819,2.9102,4.1634,0,0,1.1622,1,0.1,0.1,0.1,-7.7061,18.5751,-4.297,8.61,-12.2926,13.529,-4.2951,8.33,-10.246,17.1546,-4.3,8.49
42.3,6.8034,2.8941,4.1614,0,0,1.1547,1,0.1,0.1,0.1,-7.6962,18.5411,-4.2965,8.62,-12.2621,13.4975,-4.2942,8.35,-10.2189,17.1227,-4.2993,8.47
42.4,6.7881,2.8779,4.16,0,0,1.1475,1,0.1,0.1,0.1,-7.6865,18.5073,-4.2965,8.62,-12.2323,13.466,-4.2933,8.36,-10.1919,17.0912,-4.2987,8.46
42.5,6.7736,2.8619,4.1589,0,0,1.1407,1,0.1,0.1,0.1,-7.6766,18.4735,-4.2966,8.63,-12.2027,13.4342,-4.2927,8.37,-10.1648,17.0595,-4.2981,8.44
42.6,6.7593,2.8463,4.1578,0,0,1.134,1,0.1,0.1,0.1,-7.6667,18.4401,-4.2965,8.64,-12.1732,13.4022,-4.2922,8.38,-10.1379,17.0277,-4.2974,8.43
42.7,6.745,2.8305,4.1566,0,0,1.1276,1,0.1,0.1,0.1,-7.6569,18.4067,-4.2961,8.64,-12.1438,13.3706,-4.2919,8.39,-10.111,16.9962,-4.2965,8.42
42.8,6.7354,2.8145,4.1593,0,0,1.1339,1,0.1,0.1,0.1,-7.6473,18.3735,-4.2955,8.65,-12.1206,13.338,-4.2918,8.4,-10.0838,16.9645,-4.2958,8.4
42.9,6.7275,2.7986,4.1633,0,0,1.1408,1,0.1,0.1,0.1,-7.6376,18.3401,-4.2947,8.66,-12.0997,13.3053,-4.2917,8.4,-10.0567,16.9328,-4.2955,8.39
43.0,6.7185,2.7828,4.1666,0,0,1.1471,1,0.1,0.1,0.1,-7.6277,18.3063,-4.294,8.67,-12.0778,13.2729,-4.2915,8.4,-10.0298,16.9014,-4.2953,8.38
43.1,6.7078,2.7668,4.1688,0,0,1.1528,1,0.1,0.1,0.1,-7.6176,18.2725,-4.2932,8.68,-12.0542,13.2413,-4.2916,8.41,-10.0029,16.8705,-4.2952,8.37
43.2,6.6962,2.7503,4.1706,0,0,1.1584,1,0.1,0.1,0.1,-7.6077,18.2383,-4.2921,8.68,-12.0295,13.2098,-4.2916,8.42,-9.9758,16.8397,-4.2952,8.36
43.3,6.6841,2.7339,4.1721,0,0,1.1637,1,0.1,0.1,0.1,-7.5979,18.204,-4.291,8.69,-12.0041,13.1779,-4.2919,8.43,-9.9488,16.8086,-4.2955,8.35
43.4,6.6718,2.7178,4.1731,0,0,1.1689,1,0.1,0.1,0.1,-7.5878,18.17,-4.29,8.68,-11.9779,13.146,-4.2924,8.43,-9.9216,16.7774,-4.2956,8.34
43.5,6.6591,2.7016,4.1737,0,0,1.174,1,0.1,0.1,0.1,-7.5779,18.1362,-4.2893,8.67,-11.9512,13.1144,-4.293,8.43,-9.8944,16.7461,-4.2955,8.35
43.6,6.6461,2.6854,4.1738,0,0,1.1792,1,0.1,0.1,0.1,-7.5678,18.1025,-4.2888,8.68,-11.9238,13.083,-4.2935,8.44,-9.8668,16.7147,-4.2956,8.36
43.7,6.633,2.6698,4.1736,0,0,1.1841,1,0.1,0.1,0.1,-7.5573,18.0689,-4.2882,8.68,-11.8959,13.0516,-4.2937,8.44,-9.8394,16.6834,-4.2958,8.36
43.8,6.62,2.6542,4.1734,0,0,1.1889,1,0.1,0.1,0.1,-7.5467,18.0353,-4.2879,8.68,-11.8679,13.0201,-4.2939,8.45,-9.8119,16.6519,-4.2962,8.36
43.9,6.6066,2.6385,4.1729,0,0,1.1937,1,0.1,0.1,0.1,-7.5365,18.0017,-4.2884,8.67,-11.8399,12.9889,-4.2944,8.46,-9.7846,16.6205,-4.2966,8.36
44.0,6.5926,2.6227,4.172,0,0,1.1985,1,0.1,0.1,0.1,-7.5263,17.968,-4.2889,8.66,-11.8122,12.9586,-4.2947,8.47,-9.7576,16.5896,-4.297,8.37
44.1,6.5783,2.6073,4.1703,0,0,1.2034,1,0.1,0.1,0.1,-7.5162,17.9345,-4.2894,8.65,-11.7849,12.9292,-4.2949,8.49,-9.7309,16.5586,-4.2973,8.38
44.2,6.5633,2.5923,4.1672,0,0,1.2084,1,0.1,0.1,0.1,-7.5059,17.901,-4.2902,8.65,-11.7576,12.9011,-4.2951,8.51,-9.7043,16.5273,-4.2978,8.39
44.3,6.5472,2.5773,4.1628,0,0,1.2137,1,0.1,0.1,0.1,-7.4958,17.8678,-4.2912,8.64,-11.7306,12.8745,-4.2951,8.5,-9.6777,16.4959,-4.2981,8.4
44.4,6.5304,2.5627,4.1571,0,0,1.2194,1,0.1,0.1,0.1,-7.4855,17.8346,-4.2921,8.63,-11.7038,12.8495,-4.2951,8.5,-9.651,16.4644,-4.2983,8.4
44.5,6.5124,2.5482,4.15,0,0,1.225,1,0.1,0.1,0.1,-7.475,17.8015,-4.2927,8.62,-11.677,12.8261,-4.2948,8.49,-9.6245,16.4329,-4.2985,8.41
44.6,6.4933,2.5339,4.1413,0,0,1.2308,1,0.1,0.1,0.1,-7.4645,17.7684,-4.2935,8.61,-11.6501,12.8042,-4.2946,8.49,-9.598,16.4013,-4.2984,8.41
44.7,6.4732,2.52,4.1312,0,0,1.2368,1,0.1,0.1,0.1,-7.4543,17.7354,-4.2945,8.6,-11.6237,12.7838,-4.2945,8.49,-9.5721,16.3695,-4.2982,8.4
44.8,6.4521,2.5065,4.1195,0,0,1.2429,1,0.1,0.1,0.1,-7.4444,17.7025,-4.2952,8.6,-11.5976,12.7649,-4.2942,8.49,-9.5466,16.3375,-4.2978,8.4
44.9,6.4296,2.4932,4.1064,0,0,1.249,1,0.1,0.1,0.1,-7.4345,17.6692,-4.2958,8.59,-11.5718,12.7475,-4.2937,8.48,-9.5216,16.3054,-4.2972,8.39
45.0,6.4059,2.4804,4.0916,0,0,1.2547,1,0.1,0.1,0.1,-7.4245,17.6356,-4.296,8.59,-11.5461,12.7317,-4.2934,8.48,-9.4974,16.2735,-4.2963,8.38
45.1,6.3814,2.4679,4.0757,0,0,1.2605,1,0.1,0.1,0.1,-7.4149,17.6022,-4.296,8.6,-11.5208,12.7173,-4.2934,8.48,-9.4737,16.2415,-4.2954,8.37
45.2,6.3556,2.4588,4.0552,0,0,1.2652,1,0.1,0.1,0.1,-7.4055,17.5687,-4.2957,8.61,-11.4958,12.7043,-4.2934,8.48,-9.4531,16.2075,-4.2947,8.36
45.3,6.329,2.4555,4.029,0,0,1.2677,1,0.1,0.1,0.1,-7.3961,17.535,-4.2955,8.61,-11.4713,12.6927,-4.2931,8.47,-9.4377,16.1708,-4.294,8.35
45.4,6.3063,2.4534,4.0047,0,0,1.2717,1,0.1,0.1,0.1,-7.3865,17.5013,-4.2955,8.6,-11.4529,12.6812,-4.2929,8.46,-9.4233,16.1335,-4.2931,8.35
45.5,6.2893,2.4534,3.9832,0,0,1.2774,1,0.1,0.1,0.1,-7.377,17.4676,-4.2953,8.59,-11.4429,12.6694,-4.2929,8.45,-9.4107,16.0952,-4.2921,8.35
45.6,6.2769,2.457,3.9626,0,0,1.2837,1,0.1,0.1,0.1,-7.3674,17.4341,-4.2952,8.58,-11.4397,12.6575,-4.2931,8.45,-9.4013,16.0555,-4.291,8.35
45.7,6.2682,2.4635,3.9426,0,0,1.2903,1,0.1,0.1,0.1,-7.3574,17.4005,-4.295,8.57,-11.4421,12.646,-4.2932,8.45,-9.3944,16.0151,-4.2895,8.35
45.8,6.2624,2.472,3.9231,0,0,1.2976,1,0.1,0.1,0.1,-7.3473,17.3667,-4.2952,8.56,-11.4491,12.6345,-4.2934,8.45,-9.3893,15.9734,-4.2882,8.35
45.9,6.2591,2.4787,3.9072,0,0,1.3072,1,0.1,0.1,0.1,-7.3373,17.3328,-4.2951,8.54,-11.4601,12.6234,-4.2933,8.44,-9.3823,15.9323,-4.2869,8.34
46.0,6.2584,2.4857,3.893,0,0,1.3179,1,0.1,0.1,0.1,-7.3269,17.2992,-4.2948,8.53,-11.4744,12.6124,-4.293,8.44,-9.3754,15.8911,-4.286,8.33
46.1,6.26,2.4946,3.8794,0,0,1.3291,1,0.1,0.1,0.1,-7.3163,17.2654,-4.2945,8.53,-11.492,12.6016,-4.2927,8.44,-9.3698,15.849,-4.2854,8.33
46.2,6.2621,2.504,3.8657,0,0,1.3403,1,0.1,0.1,0.1,-7.306,17.2313,-4.2945,8.53,-11.5112,12.5912,-4.2925,8.45,-9.3652,15.8065,-4.2848,8.33
46.3,6.2595,2.5111,3.8505,0,0,1.3503,1,0.1,0.1,0.1,-7.2956,17.1969,-4.2945,8.53,-11.5247,12.5822,-4.2923,8.45,-9.3591,15.766,-4.2842,8.32
46.4,6.2503,2.5169,3.8311,0,0,1.3583,1,0.1,0.1,0.1,-7.285,17.1625,-4.2943,8.53,-11.5299,12.5748,-4.2922,8.44,-9.3521,15.7267,-4.2839,8.33
46.5,6.2359,2.5199,3.8098,0,0,1.3652,1,0.1,0.1,0.1,-7.2745,17.1284,-4.294,8.51,-11.5285,12.5689,-4.2921,8.44,-9.3432,15.6896,-4.2839,8.33
46.6,6.2176,2.5228,3.7854,0,0,1.3706,1,0.1,0.1,0.1,-7.264,17.0947,-4.2933,8.5,-11.5219,12.5639,-4.292,8.42,-9.3343,15.6532,-4.2841,8.34
46.7,6.1959,2.5239,3.76,0,0,1.375,1,0.1,0.1,0.1,-7.2536,17.0613,-4.2925,8.5,-11.5113,12.56,-4.2919,8.42,-9.3246,15.6188,-4.2845,8.34
46.8,6.1716,2.5216,3.7359,0,0,1.3789,1,0.1,0.1,0.1,-7.243,17.0276,-4.292,8.49,-11.4976,12.557,-4.292,8.42,-9.3128,15.5873,-4.2851,8.34
46.9,6.1449,2.5164,3.7128,0,0,1.3823,1,0.1,0.1,0.1,-7.2323,16.9936,-4.2916,8.48,-11.4813,12.5545,-4.2923,8.42,-9.2992,15.5584,-4.2856,8.34
47.0,6.1168,2.5089,3.6909,0,0,1.3852,1,0.1,0.1,0.1,-7.2218,16.9597,-4.2913,8.47,-11.4631,12.5521,-4.2926,8.42,-9.2846,15.5315,-4.2861,8.34
47.1,6.0875,2.4998,3.6702,0,0,1.3873,1,0.1,0.1,0.1,-7.2113,16.9257,-4.2912,8.47,-11.4437,12.5502,-4.2928,8.42,-9.2696,15.5072,-4.2865,8.33
47.2,6.0616,2.4894,3.6538,0,0,1.3904,1,0.1,0.1,0.1,-7.2009,16.8917,-4.2915,8.46,-11.4291,12.5482,-4.2928,8.43,-9.2543,15.4844,-4.2871,8.34
47.3,6.0415,2.4779,3.6439,0,0,1.3956,1,0.1,0.1,0.1,-7.1908,16.8574,-4.2921,8.45,-11.4226,12.5456,-4.2925,8.43,-9.2389,15.4627,-4.2875,8.34
47.4,6.0262,2.4661,3.6388,0,0,1.402,1,0.1,0.1,0.1,-7.1807,16.823,-4.2929,8.44,-11.4226,12.5426,-4.2923,8.42,-9.224,15.4421,-4.2878,8.34
47.5,6.0146,2.4581,3.6339,0,0,1.4077,1,0.1,0.1,0.1,-7.1707,16.7886,-4.2933,8.44,-11.4272,12.5391,-4.292,8.42,-9.2129,15.4205,-4.288,8.35
47.6,6.006,2.4551,3.6274,0,0,1.412,1,0.1,0.1,0.1,-7.1608,16.7542,-4.2937,8.46,-11.4353,12.5352,-4.2914,8.41,-9.2069,15.3974,-4.288,8.35
47.7,5.9997,2.4558,3.62,0,0,1.4151,1,0.1,0.1,0.1,-7.1508,16.7194,-4.2944,8.47,-11.4466,12.531,-4.2907,8.41,-9.2048,15.3734,-4.2879,8.36
47.8,5.991,2.4595,3.608,0,0,1.4155,1,0.1,0.1,0.1,-7.1409,16.6848,-4.2953,8.48,-11.4547,12.5275,-4.29,8.41,-9.206,15.349,-4.288,8.38
47.9,5.9769,2.466,3.5889,0,0,1.4125,1,0.1,0.1,0.1,-7.1309,16.6506,-4.2963,8.49,-11.4556,12.525,-4.2897,8.39,-9.21,15.3246,-4.2882,8.39
48.0,5.958,2.471,3.5673,0,0,1.4076,1,0.1,0.1,0.1,-7.1209,16.6164,-4.2967,8.49,-11.4502,12.5232,-4.2896,8.38,-9.2134,15.3021,-4.2885,8.4
48.1,5.9356,2.4768,3.5423,0,0,1.4007,1,0.1,0.1,0.1,-7.1102,16.5823,-4.2963,8.5,-11.4399,12.5222,-4.2897,8.38,-9.2171,15.2802,-4.289,8.39
48.2,5.9109,2.4853,3.513,0,0,1.3919,1,0.1,0.1,0.1,-7.0982,16.5483,-4.2958,8.52,-11.4258,12.5221,-4.2897,8.38,-9.2223,15.2581,-4.2894,8.38
48.3,5.8851,2.4934,3.4834,0,0,1.3823,1,0.1,0.1,0.1,-7.0851,16.5146,-4.2951,8.54,-11.4091,12.5223,-4.2898,8.38,-9.2264,15.237,-4.29,8.38
48.4,5.8588,2.5028,3.4524,0,0,1.3719,1,0.1,0.1,0.1,-7.0709,16.4811,-4.2942,8.56,-11.3903,12.5228,-4.2902,8.37,-9.2306,15.2162,-4.2908,8.39
48.5,5.8321,2.5118,3.4217,0,0,1.3614,1,0.1,0.1,0.1,-7.0556,16.4481,-4.2936,8.58,-11.37,12.5239,-4.291,8.37,-9.2334,15.1966,-4.2914,8.4
48.6,5.8054,2.523,3.3922,0,0,1.3454,1,0.1,0.1,0.1,-7.0392,16.4152,-4.2931,8.59,-11.3487,12.5255,-4.2923,8.36,-9.2411,15.1834,-4.292,8.41
48.7,5.7793,2.5383,3.3647,0,0,1.3213,1,0.1,0.1,0.1,-7.0215,16.3827,-4.2926,8.6,-11.3268,12.5272,-4.2936,8.36,-9.2566,15.1796,-4.2926,8.41
48.8,5.7589,2.5538,3.3471,0,0,1.293,1,0.1,0.1,0.1,-7.0026,16.3502,-4.2922,8.61,-11.3103,12.5281,-4.2949,8.36,-9.2754,15.1855,-4.2934,8.42
48.9,5.7466,2.5686,3.342,0,0,1.2631,1,0.1,0.1,0.1,-6.9825,16.3174,-4.2919,8.61,-11.3023,12.5276,-4.2961,8.35,-9.2951,15.1997,-4.2939,8.42
49.0,5.7424,2.584,3.3476,0,0,1.2322,1,0.1,0.1,0.1,-6.9609,16.2846,-4.2914,8.6,-11.3021,12.5257,-4.2967,8.34,-9.3154,15.22,-4.2941,8.43
49.1,5.7459,2.6004,3.3578,0,0,1.2064,1,0.1,0.1,0.1,-6.9377,16.2525,-4.2912,8.6,-11.3085,12.5228,-4.2969,8.33,-9.3317,15.237,-4.2942,8.43
49.2,5.7558,2.6174,3.3689,0,0,1.1878,1,0.1,0.1,0.1,-6.9134,16.2218,-4.2915,8.6,-11.3203,12.5193,-4.297,8.32,-9.3422,15.2463,-4.2942,8.42
49.3,5.7715,2.6355,3.3796,0,0,1.1752,1,0.1,0.1,0.1,-6.8877,16.1929,-4.2919,8.6,-11.3359,12.5155,-4.2968,8.32,-9.3483,15.2488,-4.294,8.42
49.4,5.7915,2.6547,3.3892,0,0,1.1669,1,0.1,0.1,0.1,-6.8609,16.1659,-4.2925,8.61,-11.354,12.5117,-4.2966,8.32,-9.3511,15.2457,-4.2938,8.42
49.5,5.8153,2.6749,3.3983,0,0,1.1622,1,0.1,0.1,0.1,-6.8333,16.1407,-4.2927,8.61,-11.3741,12.5078,-4.2963,8.33,-9.3514,15.2385,-4.2935,8.43
49.6,5.8428,2.6957,3.4075,0,0,1.1602,1,0.1,0.1,0.1,-6.8048,16.1172,-4.2925,8.61,-11.3961,12.5036,-4.296,8.33,-9.3496,15.2281,-4.2931,8.45
49.7,5.8734,2.7173,3.4218,0,0,1.1558,1,0.1,0.1,0.1,-6.7756,16.0955,-4.2921,8.6,-11.4194,12.4994,-4.2958,8.33,-9.3493,15.224,-4.2927,8.46
49.8,5.9065,2.7405,3.4424,0,0,1.1464,1,0.1,0.1,0.1,-6.7457,16.0758,-4.2914,8.6,-11.443,12.495,-4.2952,8.32,-9.3524,15.2299,-4.2922,8.47
49.9,5.9424,2.7656,3.4685,0,0,1.1362,1,0.1,0.1,0.1,-6.7149,16.0585,-4.2909,8.59,-11.4668,12.4904,-4.2946,8.33,-9.3579,15.2442,-4.2917,8.49
49.999,5.9803,2.7927,3.4987,0,0,1.1587,1,0.1,0.1,0.1,-6.6831,16.0424,-4.2906,8.57,-11.4907,12.4856,-4.2939,8.34,-9.3654,15.2648,-4.2913,8.5
50.099,6.0196,2.8187,3.5316,0,0,1.1822,1,0.1,0.1,0.1,-6.6503,16.0269,-4.2902,8.56,-11.5144,12.4808,-4.2934,8.34,-9.37,15.2868,-4.291,8.51
50.199,6.0599,2.8415,3.5666,0,0,1.2074,1,0.1,0.1,0.1,-6.6169,16.0121,-4.2902,8.55,-11.5378,12.4755,-4.2929,8.35,-9.3697,15.3074,-4.2908,8.52
50.299,6.1013,2.862,3.6028,0,0,1.234,1,0.1,0.1,0.1,-6.583,15.9983,-4.2903,8.54,-11.5607,12.47,-4.2924,8.35,-9.3649,15.3264,-4.2907,8.52
50.399,6.1431,2.8805,3.6391,0,0,1.2614,1,0.1,0.1,0.1,-6.5487,15.9858,-4.2902,8.54,-11.5827,12.4648,-4.2922,8.36,-9.3568,15.3438,-4.2909,8.53
50.499,6.185,2.8977,3.6749,0,0,1.2893,1,0.1,0.1,0.1,-6.5146,15.9745,-4.2902,8.54,-11.6041,12.46,-4.2926,8.36,-9.3463,15.3596,-4.291,8.54
50.599,6.2272,2.914,3.7102,1,0,1.3176,1,0.1,0.1,0.1,-6.4805,15.9643,-4.2906,8.54,-11.6251,12.4554,-4.2932,8.36,-9.334,15.3738,-4.2911,8.55
50.699,6.2643,2.9299,3.7402,1,0,1.3422,1,0.1,0.1,0.1,-6.4463,15.9553,-4.2911,8.54,-11.6393,12.4519,-4.2936,8.36,-9.3204,15.3865,-4.2913,8.54
50.799,6.2941,2.9457,3.7632,1,0,1.3611,1,0.1,0.1,0.1,-6.412,15.9482,-4.2912,8.54,-11.6443,12.4498,-4.2939,8.37,-9.3059,15.3982,-4.2916,8.54
50.899,6.3179,2.9617,3.7798,1,0,1.3749,1,0.1,0.1,0.1,-6.3778,15.943,-4.2912,8.53,-11.6413,12.4486,-4.294,8.37,-9.2909,15.4088,-4.2915,8.54
50.999,6.3371,2.9782,3.7913,1,0,1.3849,1,0.1,0.1,0.1,-6.3436,15.9395,-4.2912,8.52,-11.6323,12.4483,-4.294,8.38,-9.2758,15.4183,-4.2913,8.54
51.099,6.3526,2.9948,3.7985,1,0,1.3919,1,0.1,0.1,0.1,-6.3097,15.9375,-4.2911,8.51,-11.6187,12.4491,-4.294,8.39,-9.2606,15.427,-4.291,8.54
51.199,6.365,3.011,3.8026,1,0,1.3967,1,0.1,0.1,0.1,-6.2765,15.9366,-4.2912,8.5,-11.6021,12.4507,-4.294,8.4,-9.2454,15.435,-4.291,8.53
51.299,6.375,3.0271,3.8043,1,0,1.3996,1,0.1,0.1,0.1,-6.244,15.9365,-4.2911,8.48,-11.583,12.4529,-4.2944,8.4,-9.2305,15.4426,-4.2911,8.52
51.399,6.3829,3.0437,3.8034,1,0,1.4006,1,0.1,0.1,0.1,-6.2118,15.9372,-4.2907,8.47,-11.5615,12.4554,-4.2951,8.4,-9.2162,15.4497,-4.2915,8.52
51.499,6.3893,3.0607,3.8005,1,0,1.4002,1,0.1,0.1,0.1,-6.1801,15.9385,-4.2905,8.46,-11.5383,12.4582,-4.2954,8.41,-9.2026,15.4562,-4.2922,8.51
51.599,6.3948,3.0782,3.796,1,0,1.3989,1,0.1,0.1,0.1,-6.1485,15.9406,-4.2907,8.46,-11.514,12.4615,-4.2958,8.41,-9.1892,15.4623,-4.2929,8.5
51.699,6.4,3.0965,3.7901,1,0,1.397,1,0.1,0.1,0.1,-6.1168,15.9432,-4.2909,8.46,-11.4891,12.4648,-4.2961,8.4,-9.1765,15.4677,-4.2932,8.49
51.799,6.4047,3.1156,3.7829,1,0,1.3943,1,0.1,0.1,0.1,-6.0852,15.9462,-4.2914,8.46,-11.4633,12.4682,-4.2965,8.39,-9.1646,15.4726,-4.2936,8.48
51.899,6.4089,3.1355,3.7742,1,0,3.7546,1,0.1,0.1,0.1,-6.0538,15.9495,-4.2919,8.45,-11.4372,12.4719,-4.2969,8.38,-9.1535,15.4768,-4.294,8.48
51.999,6.4129,3.1555,3.7649,1,0,3.7509,1,0.1,0.1,0.1,-6.023,15.9532,-4.2926,8.45,-11.411,12.4755,-4.2973,8.38,-9.1429,15.4805,-4.2943,8.48
52.099,6.4228,3.176,3.7597,1,0,3.7512,1,0.1,0.1,0.1,-5.9923,15.9573,-4.2933,8.46,-11.3912,12.4781,-4.2978,8.38,-9.1328,15.484,-4.2945,8.49
52.199,6.4348,3.1971,3.7557,1,0,3.7528,1,0.1,0.1,0.1,-5.9618,15.9616,-4.2937,8.47,-11.3737,12.4804,-4.2981,8.38,-9.1236,15.4874,-4.2945,8.49
52.299,6.4455,3.2192,3.75,1,0,3.7529,1,0.1,0.1,0.1,-5.9312,15.9661,-4.2944,8.48,-11.3543,12.4827,-4.298,8.39,-9.1151,15.4907,-4.2944,8.5
52.399,6.455,3.2422,3.7428,1,0,3.7518,1,0.1,0.1,0.1,-5.9003,15.9706,-4.295,8.48,-11.3334,12.4851,-4.2982,8.39,-9.1073,15.4939,-4.2944,8.5
52.499,6.4685,3.2657,3.7379,1,0,3.7533,1,0.1,0.1,0.1,-5.8696,15.9751,-4.2957,8.49,-11.3169,12.4869,-4.2984,8.4,-9.1001,15.4964,-4.2945,8.51
52.599,6.4883,3.2896,3.7376,1,0,3.7595,1,0.1,0.1,0.1,-5.839,15.9796,-4.2962,8.48,-11.3077,12.4878,-4.2985,8.4,-9.0933,15.4988,-4.2942,8.5
52.699,6.5137,3.3142,3.7408,1,0,3.7694,1,0.1,0.1,0.1,-5.8085,15.984,-4.2965,8.48,-11.3044,12.4878,-4.2985,8.41,-9.0873,15.5007,-4.2938,8.48
52.799,6.5377,3.3389,3.7427,1,0,3.7782,1,0.1,0.1,0.1,-5.7784,15.9883,-4.2969,8.46,-11.2999,12.4877,-4.2987,8.41,-9.0816,15.5021,-4.2937,8.47
52.899,6.5627,3.3637,3.7451,1,0,3.7878,1,0.1,0.1,0.1,-5.7483,15.9922,-4.2971,8.44,-11.2967,12.4873,-4.2986,8.42,-9.0763,15.5031,-4.2936,8.45
52.999,6.5862,3.3888,3.7458,1,0,3.7964,1,0.1,0.1,0.1,-5.7182,15.9958,-4.2971,8.42,-11.292,12.4872,-4.2985,8.43,-9.0711,15.5036,-4.2933,8.44
53.099,6.6055,3.4144,3.7429,1,0,3.8021,1,0.1,0.1,0.1,-5.6882,15.9992,-4.2976,8.42,-11.2833,12.4881,-4.2984,8.44,-9.0665,15.5039,-4.2931,8.44
53.199,6.6269,3.4408,3.7411,1,0,3.8091,1,0.1,0.1,0.1,-5.6581,16.0024,-4.2983,8.43,-11.2769,12.4888,-4.2986,8.45,-9.0626,15.5042,-4.2931,8.43
53.299,6.6531,3.4672,3.7428,1,0,3.8192,1,0.1,0.1,0.1,-5.6282,16.0059,-4.2989,8.45,-11.2754,12.4885,-4.2984,8.44,-9.0589,15.5044,-4.2927,8.42
53.399,6.6831,3.4936,3.7475,1,0,3.8322,1,0.1,0.1,0.1,-5.5983,16.0095,-4.2991,8.46,-11.2781,12.4878,-4.2982,8.43,-9.0552,15.5048,-4.292,8.42
53.499,6.7104,3.5198,3.7505,1,0,3.8433,1,0.1,0.1,0.1,-5.5684,16.0129,-4.2989,8.47,-11.2782,12.4876,-4.2981,8.43,-9.0514,15.5055,-4.2913,8.42
53.599,6.7375,3.5457,3.7533,1,0,3.8545,1,0.1,0.1,0.1,-5.5388,16.0163,-4.2986,8.47,-11.2784,12.4878,-4.2982,8.45,-9.0477,15.5062,-4.2909,8.43
53.699,6.7621,3.5724,3.7536,1,0,3.8639,1,0.1,0.1,0.1,-5.5092,16.0197,-4.298,8.46,-11.2762,12.4887,-4.2986,8.46,-9.0446,15.5069,-4.2909,8.44
53.799,6.7873,3.5997,3.7542,1,0,3.8735,1,0.1,0.1,0.1,-5.4796,16.0228,-4.2971,8.47,-11.2747,12.4895,-4.2989,8.47,-9.0422,15.5078,-4.291,8.45
53.899,6.8088,3.6258,3.7533,1,0,3.8814,1,0.1,0.1,0.1,-5.4508,16.0238,-4.2962,8.46,-11.2709,12.4902,-4.2988,8.48,-9.0398,15.5084,-4.2915,8.45
53.999,6.8258,3.6517,3.7491,1,0,3.8863,1,0.1,0.1,0.1,-5.422,16.0241,-4.2953,8.45,-11.2626,12.4914,-4.2983,8.48,-9.0372,15.5087,-4.2922,8.46
54.099,6.8446,3.6781,3.7457,1,0,3.8923,1,0.1,0.1,0.1,-5.3931,16.025,-4.2945,8.44,-11.2558,12.4927,-4.2975,8.48,-9.0348,15.5088,-4.2928,8.47
54.199,6.8631,3.7047,3.7413,1,0,3.8977,1,0.1,0.1,0.1,-5.364,16.0267,-4.2939,8.44,-11.2482,12.4941,-4.2971,8.47,-9.0323,15.5086,-4.2931,8.47
54.299,6.8837,3.7312,3.7386,1,0,3.9049,1,0.1,0.1,0.1,-5.3346,16.0277,-4.2938,8.44,-11.2428,12.4951,-4.2972,8.46,-9.0295,15.5081,-4.2931,8.48
54.399,6.9026,3.7574,3.7353,1,0,3.9113,1,0.1,0.1,0.1,-5.3055,16.0274,-4.2941,8.44,-11.2363,12.4961,-4.2973,8.46,-9.0267,15.5077,-4.2929,8.5
54.499,6.9216,3.7824,3.7337,1,0,3.9186,1,0.1,0.1,0.1,-5.2772,16.0253,-4.2945,8.45,-11.2318,12.4966,-4.2972,8.44,-9.024,15.5077,-4.2926,8.52
54.599,6.9442,3.8071,3.7356,1,0,3.9286,1,0.1,0.1,0.1,-5.2493,16.0225,-4.2946,8.45,-11.2316,12.4962,-4.2971,8.42,-9.0214,15.5078,-4.2928,8.53
54.699,6.9652,3.8323,3.7356,1,0,3.9373,1,0.1,0.1,0.1,-5.2212,16.0197,-4.2946,8.45,-11.2293,12.496,-4.2969,8.39,-9.0191,15.5076,-4.2935,8.55
54.799,6.9877,3.858,3.7364,1,0,3.9468,1,0.1,0.1,0.1,-5.1927,16.0173,-4.2948,8.45,-11.2282,12.4957,-4.2969,8.37,-9.0169,15.5074,-4.2944,8.55
54.899,7.0088,3.8843,3.7355,1,0,3.9551,1,0.1,0.1,0.1,-5.1639,16.0151,-4.2944,8.44,-11.2252,12.4959,-4.2968,8.35,-9.0149,15.5073,-4.2948,8.55
54.999,7.0314,3.9113,3.7348,1,0,3.9641,1,0.1,0.1,0.1,-5.1348,16.0136,-4.2939,8.44,-11.2233,12.4963,-4.2969,8.33,-9.0132,15.507,-4.295,8.54
55.099,7.0581,3.9387,3.7368,1,0,3.9756,1,0.1,0.1,0.1,-5.1058,16.0131,-4.2936,8.44,-11.2254,12.4962,-4.2973,8.32,-9.0119,15.5069,-4.2952,8.54
55.199,7.0887,3.9665,3.7417,1,0,3.9894,1,0.1,0.1,0.1,-5.0768,16.0135,-4.2937,8.42,-11.231,12.4957,-4.2979,8.31,-9.0108,15.5075,-4.2952,8.54
55.299,7.1173,3.9948,3.7445,1,0,4.0012,1,0.1,0.1,0.1,-5.0473,16.015,-4.294,8.41,-11.2337,12.4958,-4.2986,8.3,-9.0099,15.5084,-4.2951,8.53
55.399,7.1389,4.0211,3.7429,1,0,4.0083,1,0.1,0.1,0.1,-5.0204,16.0177,-4.2921,8.39,-11.2305,12.4967,-4.2993,8.31,-9.0092,15.5092,-4.295,8.53
55.499,7.155,4.0468,3.7372,1,0,4.0113,1,0.1,0.1,0.1,-4.9945,16.0215,-4.2898,8.39,-11.2218,12.4983,-4.2999,8.31,-9.0088,15.5098,-4.2951,8.52
55.599,7.1738,4.073,3.733,1,0,4.0158,1,0.1,0.1,0.1,-4.9679,16.0259,-4.2881,8.4,-11.2151,12.4995,-4.3005,8.32,-9.0081,15.5103,-4.2952,8.51
55.699,7.1978,4.0997,3.7323,1,0,4.024,1,0.1,0.1,0.1,-4.9407,16.0301,-4.2869,8.41,-11.2136,12.5004,-4.3011,8.32,-9.0074,15.5108,-4.295,8.5
55.799,7.2262,4.1269,3.7342,1,0,4.0354,1,0.1,0.1,0.1,-4.9129,16.0342,-4.2863,8.41,-11.2164,12.501,-4.3013,8.33,-9.0065,15.5111,-4.2947,8.49
55.899,7.2527,4.1541,3.7346,1,0,4.0452,1,0.1,0.1,0.1,-4.8849,16.0389,-4.2855,8.4,-11.2166,12.5018,-4.3013,8.33,-9.0054,15.5114,-4.2944,8.49
55.999,7.2743,4.1812,3.7314,1,0,4.0513,1,0.1,0.1,0.1,-4.8569,16.0442,-4.2848,8.4,-11.2111,12.5033,-4.3012,8.33,-9.0041,15.512,-4.294,8.49
56.099,7.2979,4.2092,3.7291,1,0,4.0581,1,0.1,0.1,0.1,-4.8284,16.0505,-4.2841,8.39,-11.2067,12.5042,-4.3011,8.32,-9.0031,15.5126,-4.2936,8.47
56.199,7.321,4.2375,3.7263,1,0,4.0642,1,0.1,0.1,0.1,-4.7996,16.0574,-4.2834,8.38,-11.201,12.5051,-4.3008,8.31,-9.002,15.5133,-4.2931,8.44
56.299,7.3462,4.2657,3.725,1,0,4.0716,1,0.1,0.1,0.1,-4.7709,16.0646,-4.2826,8.37,-11.1974,12.5055,-4.3002,8.3,-9.0009,15.514,-4.2925,8.42
56.399,7.3698,4.2937,3.7222,1,0,4.0779,1,0.1,0.1,0.1,-4.7425,16.0722,-4.2821,8.36,-11.1921,12.5062,-4.3,8.29,-8.9998,15.5144,-4.2922,8.4
56.499,7.3892,4.3218,3.7161,1,0,4.0811,1,0.1,0.1,0.1,-4.7141,16.0803,-4.2818,8.35,-11.1823,12.5079,-4.3005,8.29,-8.9987,15.5148,-4.292,8.4
56.599,7.4049,4.3498,3.7075,1,0,4.0819,1,0.1,0.1,0.1,-4.6854,16.0881,-4.2816,8.35,-11.1686,12.5102,-4.301,8.3,-8.9973,15.5154,-4.2919,8.4
56.699,7.4182,4.378,3.6971,1,0,4.0809,1,0.1,0.1,0.1,-4.6566,16.0956,-4.2815,8.36,-11.1521,12.5126,-4.3016,8.3,-8.9961,15.5159,-4.2918,8.39
56.799,7.4294,4.4067,3.6848,1,0,4.0783,1,0.1,0.1,0.1,-4.6279,16.1029,-4.2816,8.38,-11.1335,12.5151,-4.3023,8.31,-8.9953,15.516,-4.2917,8.39
56.899,7.4446,4.4357,3.6754,1,0,4.0784,1,0.1,0.1,0.1,-4.5989,16.1097,-4.2821,8.4,-11.119,12.5165,-4.3028,8.31,-8.9947,15.5158,-4.2917,8.39
56.999,7.4609,4.4646,3.6673,1,0,4.0791,1,0.1,0.1,0.1,-4.57,16.1161,-4.2829,8.42,-11.1053,12.5169,-4.3032,8.32,-8.994,15.5155,-4.2917,8.4
57.099,7.4753,4.4934,3.6582,1,0,4.0785,1,0.1,0.1,0.1,-4.5409,16.1226,-4.2841,8.46,-11.0894,12.5175,-4.3036,8.33,-8.9931,15.5154,-4.2918,8.41
57.199,7.4929,4.5221,3.6517,1,0,4.0802,1,0.1,0.1,0.1,-4.5116,16.1287,-4.2851,8.49,-11.077,12.5178,-4.3037,8.34,-8.992,15.5157,-4.2917,8.43
57.299,7.5164,4.551,3.6496,1,0,4.0863,1,0.1,0.1,0.1,-4.4822,16.1345,-4.2858,8.5,-11.0709,12.5173,-4.3036,8.36,-8.9909,15.5161,-4.2915,8.44
57.399,7.5393,4.5796,3.647,1,0,4.0921,1,0.1,0.1,0.1,-4.4527,16.1401,-4.2871,8.51,-11.0644,12.517,-4.3031,8.39,-8.9896,15.5163,-4.2916,8.45
57.499,7.5638,4.6079,3.6456,1,0,4.0992,1,0.1,0.1,0.1,-4.4233,16.1455,-4.2883,8.52,-11.0597,12.5165,-4.3025,8.42,-8.9881,15.5163,-4.2916,8.46
57.599,7.5922,4.6358,3.6471,1,0,4.1093,1,0.1,0.1,0.1,-4.3942,16.1507,-4.2891,8.52,-11.0596,12.5156,-4.3016,8.44,-8.9864,15.5162,-4.2915,8.46
57.699,7.6243,4.6638,3.6512,1,0,4.122,1,0.1,0.1,0.1,-4.3648,16.156,-4.2901,8.51,-11.0632,12.5143,-4.3008,8.46,-8.9846,15.5161,-4.2913,8.45
57.799,7.654,4.6923,3.6532,1,0,4.1332,1,0.1,0.1,0.1,-4.335,16.1609,-4.2911,8.5,-11.0642,12.5138,-4.3001,8.48,-8.9828,15.516,-4.2912,8.44
57.899,7.6843,4.7207,3.6554,1,0,4.1447,1,0.1,0.1,0.1,-4.305,16.1658,-4.292,8.49,-11.0656,12.5131,-4.2994,8.5,-8.9807,15.5156,-4.291,8.42
57.999,7.7181,4.7489,3.6602,1,0,4.1588,1,0.1,0.1,0.1,-4.275,16.1706,-4.2924,8.49,-11.0708,12.5119,-4.2989,8.52,-8.9785,15.5151,-4.2907,8.4
58.099,7.7551,4.7775,3.6672,1,0,4.1753,1,0.1,0.1,0.1,-4.2448,16.1749,-4.2922,8.48,-11.0795,12.5103,-4.2987,8.54,-8.9765,15.5145,-4.2901,8.39
58.199,7.7887,4.8065,3.6711,1,0,4.1894,1,0.1,0.1,0.1,-4.2143,16.179,-4.2916,8.46,-11.0846,12.5098,-4.2985,8.55,-8.9746,15.514,-4.2895,8.39
58.299,7.8215,4.8356,3.6748,1,0,4.2029,1,0.1,0.1,0.1,-4.1838,16.183,-4.291,8.45,-11.0888,12.5092,-4.2983,8.55,-8.9729,15.5137,-4.2888,8.38
58.399,7.8563,4.8647,3.6803,1,0,4.2177,1,0.1,0.1,0.1,-4.1533,16.1868,-4.2906,8.44,-11.095,12.508,-4.298,8.55,-8.9712,15.5136,-4.2883,8.38
58.499,7.8871,4.8939,3.6828,1,0,4.2297,1,0.1,0.1,0.1,-4.1228,16.1907,-4.2903,8.43,-11.097,12.5074,-4.2978,8.54,-8.9696,15.5137,-4.2879,8.4
58.599,7.9117,4.9236,3.6807,1,0,4.2371,1,0.1,0.1,0.1,-4.0923,16.1945,-4.2898,8.42,-11.0924,12.5079,-4.2979,8.53,-8.9686,15.514,-4.2878,8.41
58.699,7.9311,4.9533,3.6752,1,0,4.2409,1,0.1,0.1,0.1,-4.0621,16.1983,-4.2895,8.42,-11.0826,12.5087,-4.298,8.53,-8.968,15.5145,-4.2882,8.43
58.799,7.9521,4.9828,3.6714,1,0,4.2457,1,0.1,0.1,0.1,-4.0321,16.2018,-4.2894,8.43,-11.0747,12.5088,-4.2977,8.52,-8.9674,15.5152,-4.2885,8.44
58.899,7.9778,5.0119,3.6714,1,0,4.2538,1,0.1,0.1,0.1,-4.0025,16.2053,-4.2896,8.44,-11.0717,12.5079,-4.2973,8.51,-8.9667,15.516,-4.2887,8.45
58.999,8.0023,5.0412,3.67,1,0,4.2609,1,0.1,0.1,0.1,-3.9725,16.2093,-4.2897,8.44,-11.0671,12.5074,-4.297,8.49,-8.9659,15.5164,-4.2885,8.47
59.099,8.0286,5.0705,3.6697,1,0,4.2693,1,0.1,0.1,0.1,-3.9425,16.2134,-4.2896,8.44,-11.0642,12.5068,-4.2968,8.5,-8.9649,15.5166,-4.2885,8.47
59.199,8.059,5.0995,3.6723,1,0,4.2806,1,0.1,0.1,0.1,-3.9125,16.2178,-4.2897,8.44,-11.0656,12.5055,-4.2963,8.5,-8.9636,15.5167,-4.2886,8.48
59.299,8.087,5.1282,3.6734,1,0,4.2903,1,0.1,0.1,0.1,-3.8827,16.2222,-4.2897,8.44,-11.0646,12.5047,-4.2954,8.49,-8.9621,15.5169,-4.2887,8.48
59.399,8.1158,5.1571,3.6749,1,0,4.3004,1,0.1,0.1,0.1,-3.8529,16.2268,-4.29,8.43,-11.0644,12.5038,-4.2946,8.49,-8.9609,15.5172,-4.289,8.48
59.499,8.1421,5.186,3.6746,1,0,4.3087,1,0.1,0.1,0.1,-3.8232,16.2314,-4.2902,8.42,-11.0616,12.5033,-4.2944,8.5,-8.9598,15.5174,-4.2896,8.49
59.599,8.1688,5.2147,3.6745,1,0,4.3175,1,0.1,0.1,0.1,-3.7936,16.2361,-4.2905,8.43,-11.0595,12.5029,-4.2943,8.5,-8.9586,15.5175,-4.2903,8.51
59.699,8.1991,5.2431,3.6768,1,0,4.329,1,0.1,0.1,0.1,-3.7642,16.2409,-4.2904,8.44,-11.0613,12.5021,-4.2941,8.5,-8.9572,15.5174,-4.2908,8.51
59.799,8.2274,5.2719,3.6772,1,0,4.339,1,0.1,0.1,0.1,-3.7348,16.2458,-4.2902,8.45,-11.0611,12.502,-4.294,8.51,-8.9561,15.5171,-4.291,8.52
59.899,8.256,5.3011,3.6776,1,0,4.3492,1,0.1,0.1,0.1,-3.7052,16.2503,-4.2902,8.45,-11.0612,12.5019,-4.2938,8.51,-8.9552,15.5168,-4.2907,8.51
59.999,8.2824,5.3308,3.6759,1,0,4.3577,1,0.1,0.1,0.1,-3.6755,16.2549,-4.2908,8.45,-11.059,12.5023,-4.2934,8.5,-8.9548,15.5163,-4.2898,8.51
60.099,8.304,5.3608,3.6703,1,0,4.3628,1,0.1,0.1,0.1,-3.6457,16.2596,-4.2912,8.45,-11.0517,12.5036,-4.293,8.49,-8.9546,15.5158,-4.2893,8.52
60.199,8.3268,5.3906,3.6652,1,0,4.369,1,0.1,0.1,0.1,-3.616,16.2643,-4.2914,8.44,-11.046,12.5051,-4.2926,8.48,-8.9543,15.5149,-4.2891,8.52
60.299,8.3543,5.4207,3.6635,1,0,4.3785,1,0.1,0.1,0.1,-3.5861,16.2687,-4.2915,8.43,-11.0451,12.5059,-4.2923,8.47,-8.954,15.5139,-4.2891,8.52
60.399,8.3859,5.4509,3.6647,1,0,4.3906,1,0.1,0.1,0.1,-3.556,16.2731,-4.2911,8.43,-11.0481,12.5058,-4.2922,8.46,-8.9537,15.513,-4.2893,8.52
60.499,8.4206,5.4814,3.6683,1,0,4.4047,1,0.1,0.1,0.1,-3.5261,16.2776,-4.2909,8.43,-11.0544,12.5052,-4.2922,8.45,-8.9538,15.5124,-4.2891,8.52
60.599,8.4579,5.5117,3.6735,0,0,4.4207,1,0.1,0.1,0.1,-3.496,16.2822,-4.2908,8.43,-11.0635,12.5047,-4.2921,8.45,-8.9537,15.5119,-4.2883,8.52
60.699,8.497,5.542,3.6801,0,0,4.438,1,0.1,0.1,0.1,-3.4662,16.2872,-4.2906,8.44,-11.0744,12.5039,-4.292,8.43,-8.9536,15.5114,-4.2871,8.51
60.799,8.5374,5.5723,3.6873,0,0,4.4561,1,0.1,0.1,0.1,-3.4363,16.2922,-4.2909,8.44,-11.0867,12.503,-4.2919,8.42,-8.9535,15.5106,-4.2862,8.51
60.899,8.5783,5.6024,3.695,0,0,4.4748,1,0.1,0.1,0.1,-3.4065,16.2971,-4.2916,8.44,-11.0998,12.5023,-4.2916,8.43,-8.9533,15.5098,-4.2855,8.52
60.999,8.6197,5.6327,3.7028,0,0,4.4938,1,0.1,0.1,0.1,-3.3768,16.3017,-4.2924,8.44,-11.1136,12.5015,-4.2911,8.43,-8.9534,15.509,-4.2849,8.53
61.099,8.6617,5.6635,3.7112,0,0,4.5132,1,0.1,0.1,0.1,-3.3468,16.3059,-4.2929,8.44,-11.1279,12.5005,-4.2908,8.43,-8.9538,15.5083,-4.2848,8.54
61.199,8.6987,5.6944,3.716,0,0,4.529,1,0.1,0.1,0.1,-3.3167,16.3098,-4.2935,8.45,-11.1368,12.5002,-4.2905,8.42,-8.9544,15.5077,-4.285,8.54
61.299,8.7283,5.7255,3.7156,0,0,4.5396,1,0.1,0.1,0.1,-3.2866,16.3136,-4.2938,8.44,-11.138,12.5008,-4.2899,8.42,-8.955,15.5074,-4.2853,8.55
61.399,8.7575,5.7564,3.715,0,0,4.55,1,0.1,0.1,0.1,-3.2565,16.3174,-4.2945,8.44,-11.1389,12.5015,-4.2895,8.41,-8.9556,15.5073,-4.2859,8.57
61.499,8.7898,5.7873,3.7171,0,0,4.5626,1,0.1,0.1,0.1,-3.2264,16.3211,-4.2949,8.44,-11.1431,12.5019,-4.2894,8.42,-8.9562,15.5077,-4.2863,8.59
61.599,8.8188,5.8179,3.7171,0,0,4.573,1,0.1,0.1,0.1,-3.1963,16.3251,-4.2954,8.45,-11.1438,12.5031,-4.2894,8.44,-8.9566,15.5085,-4.2863,8.61
61.699,8.8417,5.8481,3.7127,0,0,4.5793,1,0.1,0.1,0.1,-3.1663,16.3293,-4.2956,8.45,-11.1382,12.5053,-4.2896,8.45,-8.9566,15.5094,-4.2864,8.63
61.799,8.8653,5.8784,3.7089,0,0,4.5859,1,0.1,0.1,0.1,-3.1366,16.3338,-4.2957,8.45,-11.1336,12.5073,-4.2899,8.47,-8.957,15.5104,-4.2868,8.65
61.899,8.8873,5.9088,3.7038,0,0,4.5913,1,0.1,0.1,0.1,-3.1069,16.3383,-4.296,8.45,-11.1272,12.5096,-4.2902,8.48,-8.9576,15.5114,-4.2873,8.65
61.999,8.911,5.9391,3.6998,0,0,4.5979,1,0.1,0.1,0.1,-3.077,16.3432,-4.2963,8.46,-11.1222,12.5116,-4.2907,8.49,-8.9577,15.5121,-4.2876,8.65
62.099,8.9385,5.9691,3.6987,0,0,4.6073,1,0.1,0.1,0.1,-3.0472,16.3479,-4.2961,8.45,-11.1213,12.513,-4.2913,8.51,-8.9576,15.5127,-4.2878,8.65
62.199,8.9693,5.9987,3.7002,0,0,4.6189,1,0.1,0.1,0.1,-3.0177,16.3524,-4.2954,8.44,-11.124,12.5136,-4.2918,8.52,-8.9575,15.5132,-4.2883,8.65
62.299,9.0029,6.0284,3.7035,0,0,4.6325,1,0.1,0.1,0.1,-2.9884,16.357,-4.2946,8.43,-11.1296,12.5136,-4.2923,8.53,-8.9573,15.5131,-4.2888,8.63
62.399,9.0326,6.0578,3.704,0,0,4.6434,1,0.1,0.1,0.1,-2.9593,16.3615,-4.2939,8.43,-11.1314,12.5141,-4.2924,8.53,-8.9574,15.5129,-4.2891,8.62
62.499,9.0557,6.0872,3.7003,0,0,4.6498,1,0.1,0.1,0.1,-2.9302,16.3655,-4.2937,8.43,-11.1266,12.5151,-4.2922,8.54,-8.9573,15.5129,-4.2895,8.61
62.599,9.0798,6.1166,3.6973,0,0,4.657,1,0.1,0.1,0.1,-2.9006,16.3691,-4.2938,8.43,-11.1223,12.5161,-4.2918,8.55,-8.9569,15.513,-4.2899,8.6
62.699,9.1074,6.1456,3.6972,0,0,4.6667,1,0.1,0.1,0.1,-2.871,16.3726,-4.2938,8.43,-11.1217,12.5164,-4.2912,8.56,-8.9561,15.5129,-4.2902,8.59
62.799,9.1381,6.1741,3.6994,0,0,4.6786,1,0.1,0.1,0.1,-2.8416,16.376,-4.2941,8.42,-11.1244,12.5158,-4.2914,8.56,-8.955,15.5124,-4.2903,8.58
62.899,9.1717,6.2028,3.7037,0,0,4.6924,1,0.1,0.1,0.1,-2.8121,16.3795,-4.2944,8.41,-11.1298,12.5148,-4.292,8.57,-8.9539,15.512,-4.2904,8.57
62.999,9.2081,6.2316,3.7098,0,0,4.7081,1,0.1,0.1,0.1,-2.7824,16.3832,-4.2945,8.41,-11.1379,12.5134,-4.2925,8.57,-8.9528,15.5115,-4.2908,8.56
63.099,9.246,6.261,3.7165,0,0,4.7247,1,0.1,0.1,0.1,-2.7525,16.3867,-4.2949,8.41,-11.1474,12.512,-4.2929,8.58,-8.9519,15.5107,-4.2912,8.56
63.199,9.2796,6.2903,3.7199,0,0,4.7383,1,0.1,0.1,0.1,-2.7225,16.3903,-4.2955,8.41,-11.1524,12.5113,-4.2934,8.58,-8.9509,15.5098,-4.2916,8.54
63.299,9.312,6.3196,3.7224,0,0,4.7513,1,0.1,0.1,0.1,-2.6927,16.3937,-4.2958,8.41,-11.1567,12.5111,-4.2942,8.59,-8.9501,15.509,-4.2916,8.53
63.399,9.3462,6.3486,3.7263,0,0,4.7657,1,0.1,0.1,0.1,-2.6633,16.3972,-4.2959,8.41,-11.1632,12.5108,-4.2949,8.59,-8.9494,15.5081,-4.2917,8.51
63.499,9.3818,6.3773,3.7312,0,0,4.7811,1,0.1,0.1,0.1,-2.6342,16.4009,-4.2956,8.41,-11.1714,12.5106,-4.2954,8.58,-8.9486,15.5074,-4.292,8.49
63.599,9.4191,6.4061,3.7371,0,0,4.7977,1,0.1,0.1,0.1,-2.605,16.4049,-4.2949,8.42,-11.1814,12.5105,-4.2957,8.58,-8.9478,15.5067,-4.2923,8.46
63.699,9.4583,6.4352,3.7443,0,0,4.8155,1,0.1,0.1,0.1,-2.5754,16.4089,-4.2943,8.44,-11.1929,12.5103,-4.2958,8.57,-8.947,15.5062,-4.2928,8.44
63.799,9.493,6.4644,3.7481,0,0,4.8301,1,0.1,0.1,0.1,-2.5456,16.4134,-4.2938,8.45,-11.1993,12.5108,-4.2959,8.55,-8.946,15.506,-4.2933,8.43
63.899,9.5209,6.4941,3.7466,0,0,4.8397,1,0.1,0.1,0.1,-2.5154,16.4182,-4.2934,8.47,-11.1981,12.5119,-4.2962,8.54,-8.945,15.5053,-4.2934,8.44
63.999,9.5495,6.5238,3.7444,0,0,4.8484,1,0.1,0.1,0.1,-2.4861,16.428,-4.2932,8.41,-11.1961,12.5129,-4.2968,8.54,-8.9442,15.5044,-4.293,8.46
64.099,9.5767,6.5532,3.74,0,0,4.8547,1,0.1,0.1,0.1,-2.4581,16.4442,-4.2936,8.24,-11.1913,12.5145,-4.2974,8.55,-8.9434,15.5035,-4.2922,8.48
64.199,9.6059,6.5824,3.7364,0,0,4.8613,1,0.1,0.1,0.1,-2.4312,16.4656,-4.2945,8.01,-11.1874,12.5158,-4.298,8.55,-8.9428,15.5028,-4.2914,8.48
64.299,9.64,6.6113,3.7361,0,0,4.8702,1,0.1,0.1,0.1,-2.4053,16.4913,-4.2963,7.75,-11.1877,12.5165,-4.2986,8.56,-8.9423,15.5025,-4.2909,8.47
64.399,9.678,6.6401,3.7384,0,0,4.881,1,0.1,0.1,0.1,-2.38,16.5202,-4.2988,7.47,-11.191,12.5165,-4.2992,8.56,-8.9416,15.5024,-4.2903,8.45
64.499,9.713,6.6685,3.7387,0,0,4.8893,1,0.1,0.1,0.1,-2.3552,16.5513,-4.3017,7.17,-11.1907,12.5168,-4.2996,8.55,-8.9407,15.5026,-4.2897,8.43
64.599,9.7418,6.6961,3.7349,0,0,4.8932,1,0.1,0.1,0.1,-2.3313,16.5838,-4.3045,6.87,-11.184,12.5177,-4.3,8.54,-8.9396,15.5029,-4.2892,8.42
64.699,9.7661,6.7239,3.7274,0,0,4.8935,1,0.1,0.1,0.1,-2.3077,16.6174,-4.3075,6.56,-11.1722,12.5191,-4.3004,8.52,-8.9386,15.503,-4.2888,8.42
64.799,9.7933,6.7522,3.7214,0,0,4.8955,1,0.1,0.1,0.1,-2.2842,16.6523,-4.3103,6.26,-11.163,12.52,-4.3007,8.5,-8.9378,15.5029,-4.2882,8.42
64.899,9.8268,6.7759,3.7232,0,0,4.9031,1,0.1,0.1,0.1,-2.2604,16.6884,-4.3128,5.97,-11.1593,12.52,-4.3007,8.48,-8.9319,15.5033,-4.2878,8.43
64.999,9.8654,6.7931,3.7333,0,0,4.9161,1,0.1,0.1,0.1,-2.2365,16.7251,-4.3151,5.69,-11.1603,12.5191,-4.3001,8.47,-8.9191,15.5047,-4.2876,8.44
65.099,9.9074,6.8048,3.7499,0,0,4.9333,1,0.1,0.1,0.1,-2.2126,16.7624,-4.3172,5.42,-11.1647,12.5177,-4.2994,8.46,-8.9005,15.5069,-4.2875,8.44
65.199,9.9459,6.8121,3.7671,0,0,4.9495,1,0.1,0.1,0.1,-2.1889,16.7999,-4.319,5.17,-11.1654,12.5171,-4.2989,8.44,-8.8777,15.51,-4.2879,8.44
65.299,9.9782,6.8162,3.7821,0,0,4.9627,1,0.1,0.1,0.1,-2.1654,16.8373,-4.3203,4.94,-11.1602,12.5177,-4.2987,8.43,-8.8518,15.5136,-4.2889,8.45
65.399,10.0058,6.8181,3.7951,0,0,4.9733,1,0.1,0.1,0.1,-2.142,16.875,-4.3218,4.72,-11.15,12.5193,-4.2984,8.42,-8.8236,15.5176,-4.2898,8.46
65.499,10.0303,6.819,3.8064,0,0,4.9822,1,0.1,0.1,0.1,-2.1182,16.9129,-4.3235,4.51,-11.1361,12.5216,-4.298,8.42,-8.7937,15.5219,-4.2907,8.46
65.599,10.052,6.8187,3.8164,0,0,4.9896,1,0.1,0.1,0.1,-2.0944,16.951,-4.3252,4.29,-11.1191,12.5242,-4.2977,8.43,-8.7624,15.5261,-4.2916,8.45
65.699,10.0712,6.8174,3.8252,0,0,4.9955,1,0.1,0.1,0.1,-2.0707,16.9892,-4.3271,4.1,-11.0994,12.5271,-4.2974,8.44,-8.73,15.5301,-4.293,8.44
65.799,10.0891,6.8156,3.8336,0,0,5.0005,1,0.1,0.1,0.1,-2.0469,17.0272,-4.3292,3.91,-11.078,12.5296,-4.297,8.45,-8.6969,15.5341,-4.2944,8.44
65.899,10.1062,6.8136,3.8419,0,0,5.0051,1,0.1,0.1,0.1,-2.0229,17.0651,-4.3313,3.74,-11.0555,12.5322,-4.2968,8.46,-8.6632,15.5384,-4.2953,8.44
65.999,10.1225,6.8112,3.8503,0,0,5.0093,1,0.1,0.1,0.1,-1.9989,17.1026,-4.3336,3.57,-11.0321,12.5347,-4.2966,8.49,-8.6291,15.5432,-4.2956,8.44
66.099,10.1384,6.809,3.8586,0,0,5.0133,1,0.1,0.1,0.1,-1.9746,17.1395,-4.3358,3.41,-11.0081,12.5374,-4.2964,8.51,-8.5948,15.5482,-4.2955,8.45
66.199,10.1537,6.8068,3.8665,0,0,5.017,1,0.1,0.1,0.1,-1.9502,17.1762,-4.3377,3.24,-10.9837,12.5401,-4.296,8.54,-8.5606,15.5532,-4.2955,8.44
66.299,10.1688,6.8049,3.8738,0,0,5.0205,1,0.1,0.1,0.1,-1.9258,17.2128,-4.3396,3.08,-10.9588,12.543,-4.2957,8.55,-8.5263,15.5578,-4.2957,8.44
66.399,10.1836,6.8035,3.8803,0,0,5.0238,1,0.1,0.1,0.1,-1.9012,17.2494,-4.3415,2.92,-10.9335,12.5462,-4.2955,8.55,-8.492,15.5622,-4.2962,8.44
66.499,10.1983,6.8026,3.8866,0,0,5.0271,1,0.1,0.1,0.1,-1.8762,17.2852,-4.3434,2.69,-10.9081,12.5495,-4.2951,8.55,-8.4579,15.5664,-4.2969,8.44
66.599,10.213,6.8023,3.8927,0,0,5.0304,1,0.1,0.1,0.1,-1.8508,17.32,-4.3456,2.38,-10.8828,12.5528,-4.2947,8.55,-8.4241,15.5708,-4.2974,8.44
66.699,10.2285,6.8026,3.8994,0,0,5.0341,1,0.1,0.1,0.1,-1.8249,17.3545,-4.3477,2.02,-10.8577,12.5557,-4.2944,8.55,-8.3905,15.5753,-4.298,8.44
66.799,10.2444,6.8032,3.9063,0,0,5.038,1,0.1,0.1,0.1,-1.7987,17.3886,-4.3497,1.64,-10.8328,12.5584,-4.294,8.56,-8.357,15.5799,-4.2988,8.44
66.899,10.2609,6.8045,3.9134,0,0,5.0422,1,0.1,0.1,0.1,-1.7722,17.4222,-4.3519,1.24,-10.8083,12.561,-4.2936,8.56,-8.3236,15.5844,-4.299,8.44
66.999,10.2776,6.8065,3.9202,0,0,5.0465,1,0.1,0.1,0.1,-1.7452,17.4554,-4.3541,0.82,-10.7837,12.5635,-4.2932,8.55,-8.2905,15.5888,-4.2989,8.46
67.099,10.2947,6.8089,3.9272,0,0,5.0509,1,0.1,0.1,0.1,-1.7179,17.4884,-4.3564,0.42,-10.7593,12.566,-4.2926,8.54,-8.2575,15.5932,-4.2989,8.47
67.199,10.3124,6.8118,3.9343,0,0,5.0558,1,0.1,0.1,0.1,-1.6902,17.5209,-4.3587,0.02,-10.7354,12.5686,-4.2918,8.52,-8.2246,15.5975,-4.2989,8.49
67.299,10.3303,6.8149,3.9417,0,0,5.061,1,0.1,0.1,0.1,-1.6623,17.553,-4.3609,-0.36,-10.7117,12.5712,-4.2911,8.52,-8.1916,15.602,-4.2988,8.5
67.399,10.3481,6.8182,3.9486,0,0,5.0661,1,0.1,0.1,0.1,-1.6342,17.5849,-4.3631,-0.74,-10.688,12.5743,-4.2908,8.52,-8.1588,15.6066,-4.2988,8.53
67.499,10.3659,6.8217,3.9557,0,0,5.0713,1,0.1,0.1,0.1,-1.6061,17.6169,-4.3652,-1.1,-10.6644,12.5776,-4.2902,8.54,-8.1261,15.6115,-4.2987,8.54
67.599,10.3837,6.8255,3.9624,0,0,5.0766,1,0.1,0.1,0.1,-1.5781,17.6485,-4.3673,-1.46,-10.6411,12.5813,-4.2894,8.55,-8.0937,15.6164,-4.2987,8.54
67.699,10.4017,6.8298,3.9688,0,0,5.0819,1,0.1,0.1,0.1,-1.5499,17.6804,-4.3693,-1.8,-10.6178,12.5852,-4.2888,8.55,-8.0614,15.621,-4.2989,8.54
67.799,10.4195,6.8341,3.9751,0,0,5.087,1,0.1,0.1,0.1,-1.5218,17.7121,-4.3714,-2.13,-10.5943,12.5888,-4.2887,8.55,-8.0292,15.6255,-4.299,8.54
67.899,10.4375,6.8389,3.9813,0,0,5.0921,1,0.1,0.1,0.1,-1.4936,17.7438,-4.3734,-2.44,-10.5709,12.5924,-4.2889,8.54,-7.9972,15.63,-4.2987,8.54
67.999,10.4554,6.8438,3.9873,0,0,5.0972,1,0.1,0.1,0.1,-1.4655,17.7755,-4.3752,-2.74,-10.5473,12.5958,-4.2892,8.55,-7.9652,15.6341,-4.2984,8.54
68.099,10.4734,6.8489,3.9931,0,0,5.1023,1,0.1,0.1,0.1,-1.4375,17.8071,-4.3769,-3.03,-10.5241,12.5994,-4.2891,8.55,-7.9335,15.638,-4.2982,8.53
68.199,10.4918,6.8547,3.9988,0,0,5.1076,1,0.1,0.1,0.1,-1.4091,17.8384,-4.3783,-3.32,-10.5009,12.6031,-4.289,8.56,-7.9018,15.642,-4.2982,8.52
68.299,10.5109,6.8609,4.0049,0,0,5.1133,1,0.1,0.1,0.1,-1.3803,17.8698,-4.3797,-3.59,-10.4782,12.6067,-4.2887,8.56,-7.8705,15.6462,-4.2985,8.52
68.399,10.5305,6.8677,4.0112,0,0,5.1192,1,0.1,0.1,0.1,-1.3513,17.9009,-4.3812,-3.84,-10.4558,12.6102,-4.2882,8.56,-7.8392,15.6505,-4.299,8.52
68.499,10.5507,6.8747,4.0177,0,0,5.1254,1,0.1,0.1,0.1,-1.3219,17.932,-4.3825,-4.08,-10.4337,12.6139,-4.2877,8.56,-7.8081,15.6549,-4.2997,8.52
68.599,10.5709,6.882,4.0244,0,0,5.1316,1,0.1,0.1,0.1,-1.2927,17.9632,-4.3834,-4.32,-10.4116,12.6173,-4.2874,8.54,-7.7772,15.6595,-4.3005,8.52
68.699,10.5907,6.8892,4.0309,0,0,5.1376,1,0.1,0.1,0.1,-1.2637,17.9943,-4.3841,-4.54,-10.3895,12.6207,-4.2874,8.53,-7.7463,15.6641,-4.3011,8.52
68.799,10.6106,6.8963,4.0377,0,0,5.1434,1,0.1,0.1,0.1,-1.2347,18.0254,-4.3847,-4.76,-10.367,12.6239,-4.2876,8.51,-7.7154,15.6688,-4.3019,8.52
68.899,10.6303,6.9035,4.0445,0,0,5.1493,1,0.1,0.1,0.1,-1.2056,18.0565,-4.3854,-4.96,-10.3443,12.6271,-4.2882,8.5,-7.6843,15.6738,-4.3027,8.52
68.999,10.6497,6.9108,4.0509,0,0,5.1549,1,0.1,0.1,0.1,-1.1764,18.0875,-4.386,-5.15,-10.3213,12.6305,-4.2886,8.49,-7.6533,15.6787,-4.3035,8.51
69.099,10.6691,6.9184,4.0575,0,0,5.1603,1,0.1,0.1,0.1,-1.1471,18.118,-4.3865,-5.34,-10.2981,12.6335,-4.2887,8.49,-7.6226,15.6839,-4.3041,8.51
69.199,10.6886,6.9259,4.0647,0,0,5.1657,1,0.1,0.1,0.1,-1.1179,18.1484,-4.3867,-5.51,-10.2748,12.6361,-4.2888,8.48,-7.5922,15.6897,-4.3048,8.51
69.299,10.7082,6.9333,4.0722,0,0,5.1711,1,0.1,0.1,0.1,-1.0888,18.1791,-4.387,-5.66,-10.2517,12.6386,-4.2892,8.49,-7.5617,15.6958,-4.3052,8.51
69.399,10.728,6.941,4.0799,0,0,5.1766,1,0.1,0.1,0.1,-1.0597,18.2097,-4.3872,-5.8,-10.2287,12.641,-4.2898,8.49,-7.5315,15.7021,-4.306,8.52
69.499,10.7478,6.9487,4.0877,0,0,5.1821,1,0.1,0.1,0.1,-1.0308,18.2403,-4.3874,-5.93,-10.2056,12.6433,-4.2906,8.49,-7.5013,15.7084,-4.3065,8.53
69.599,10.7677,6.9566,4.0952,0,0,5.1877,1,0.1,0.1,0.1,-1.0017,18.271,-4.3878,-6.05,-10.1827,12.6458,-4.2918,8.49,-7.4709,15.7144,-4.3066,8.54
69.699,10.7876,6.9645,4.1024,0,0,5.1934,1,0.1,0.1,0.1,-0.9725,18.3015,-4.3883,-6.17,-10.1598,12.6486,-4.2929,8.5,-7.4404,15.7203,-4.3064,8.54
69.799,10.8072,6.972,4.11,0,0,5.199,1,0.1,0.1,0.1,-0.9438,18.332,-4.3887,-6.27,-10.137,12.6513,-4.2938,8.51,-7.41,15.7261,-4.3062,8.55
69.899,10.8272,6.9796,4.1176,0,0,5.2048,1,0.1,0.1,0.1,-0.915,18.3626,-4.3891,-6.36,-10.1144,12.6537,-4.2945,8.51,-7.3793,15.7316,-4.3057,8.55
69.999,10.8479,6.9881,4.125,0,0,5.2108,1,0.1,0.1,0.1,-0.8861,18.3935,-4.3894,-6.44,-10.0921,12.6561,-4.2952,8.51,-7.349,15.7369,-4.3051,8.55
70.099,10.8687,6.9971,4.1322,0,0,5.2168,1,0.1,0.1,0.1,-0.8571,18.4244,-4.3898,-6.53,-10.0699,12.6585,-4.2956,8.5,-7.3191,15.742,-4.3042,8.56
70.199,10.8895,7.0064,4.1389,0,0,5.2226,1,0.1,0.1,0.1,-0.8283,18.4553,-4.3904,-6.61,-10.0476,12.6608,-4.2955,8.49,-7.2893,15.7467,-4.3031,8.58
70.299,10.9103,7.0158,4.1453,0,0,5.2286,1,0.1,0.1,0.1,-0.7997,18.4863,-4.3912,-6.7,-10.0256,12.6634,-4.2954,8.49,-7.2597,15.751,-4.3021,8.59
70.399,10.9312,7.0252,4.1519,0,0,5.2346,1,0.1,0.1,0.1,-0.771,18.5176,-4.3918,-6.78,-10.0036,12.666,-4.2956,8.5,-7.2298,15.7554,-4.3011,8.6
70.499,10.9522,7.0346,4.1586,0,0,5.2407,1,0.1,0.1,0.1,-0.7424,18.5492,-4.3925,-6.87,-9.9817,12.6688,-4.2958,8.52,-7.1998,15.76,-4.3005,8.6
70.599,10.9734,7.0439,4.1655,0,0,5.247,1,0.1,0.1,0.1,-0.7138,18.5807,-4.3932,-6.95,-9.9599,12.6718,-4.2959,8.54,-7.1696,15.7646,-4.3,8.6
70.699,10.9943,7.0527,4.1727,0,0,5.2533,1,0.1,0.1,0.1,-0.6856,18.6121,-4.3938,-7.03,-9.9383,12.6747,-4.2961,8.54,-7.1393,15.7693,-4.2998,8.59
70.799,11.0153,7.0615,4.1798,0,0,5.2596,1,0.1,0.1,0.1,-0.6578,18.6437,-4.3944,-7.11,-9.9167,12.6773,-4.2967,8.55,-7.1091,15.7736,-4.2998,8.58
70.899,11.0363,7.0705,4.1868,0,0,5.2658,1,0.1,0.1,0.1,-0.6299,18.6753,-4.3946,-7.19,-9.895,12.6796,-4.2972,8.55,-7.0785,15.7775,-4.2996,8.56
70.999,11.0573,7.0799,4.1933,0,0,5.2719,1,0.1,0.1,0.1,-0.6019,18.7073,-4.3949,-7.26,-9.873,12.6823,-4.2974,8.55,-7.0481,15.7814,-4.299,8.55
71.099,11.0779,7.0896,4.1995,0,0,5.2776,1,0.1,0.1,0.1,-0.5738,18.7389,-4.3951,-7.32,-9.8506,12.6847,-4.2976,8.56,-7.0181,15.7853,-4.2983,8.55
71.199,11.0982,7.099,4.2059,0,0,5.2832,1,0.1,0.1,0.1,-0.5461,18.7703,-4.3952,-7.39,-9.8282,12.6872,-4.2982,8.57,-6.9881,15.7893,-4.2976,8.54
71.299,11.1185,7.1078,4.2126,0,0,5.2891,1,0.1,0.1,0.1,-0.5186,18.8016,-4.3952,-7.44,-9.8061,12.69,-4.2989,8.58,-6.9578,15.7937,-4.2971,8.54
71.399,11.1389,7.1166,4.2198,0,0,5.2952,1,0.1,0.1,0.1,-0.491,18.8331,-4.3956,-7.5,-9.7841,12.6927,-4.2998,8.59,-6.9275,15.7985,-4.2966,8.53
71.499,11.1593,7.1256,4.2268,0,0,5.3009,1,0.1,0.1,0.1,-0.4635,18.8646,-4.3963,-7.56,-9.7619,12.6953,-4.3005,8.58,-6.8973,15.8034,-4.2961,8.53
71.599,11.1793,7.1344,4.2338,0,0,5.3066,1,0.1,0.1,0.1,-0.4362,18.8962,-4.397,-7.62,-9.7395,12.6981,-4.3007,8.58,-6.8671,15.8085,-4.2956,8.53
71.699,11.1993,7.1433,4.2408,0,0,5.3124,1,0.1,0.1,0.1,-0.4087,18.9276,-4.3978,-7.67,-9.7172,12.7012,-4.3008,8.59,-6.8367,15.8136,-4.2955,8.53
71.799,11.2198,7.1524,4.2479,0,0,5.3185,1,0.1,0.1,0.1,-0.3811,18.9592,-4.3984,-7.73,-9.6951,12.7043,-4.3005,8.61,-6.8062,15.8185,-4.2953,8.53
71.899,11.24,7.1613,4.2549,0,0,5.3246,1,0.1,0.1,0.1,-0.3533,18.9901,-4.399,-7.77,-9.673,12.7074,-4.3001,8.63,-6.7756,15.8234,-4.2947,8.55
71.999,11.2596,7.1699,4.2619,0,0,5.3307,1,0.1,0.1,0.1,-0.3256,19.0199,-4.3995,-7.8,-9.651,12.7107,-4.2997,8.63,-6.7451,15.8283,-4.2942,8.56
72.099,11.2782,7.178,4.2685,0,0,5.3364,1,0.1,0.1,0.1,-0.2982,19.0484,-4.3996,-7.84,-9.6289,12.714,-4.2992,8.63,-6.7149,15.833,-4.294,8.56
72.199,11.2954,7.1857,4.2744,0,0,5.3418,1,0.1,0.1,0.1,-0.2712,19.0755,-4.3994,-7.86,-9.6066,12.7174,-4.2985,8.63,-6.685,15.8374,-4.2938,8.57
72.299,11.312,7.1926,4.2804,0,0,5.3471,1,0.1,0.1,0.1,-0.2444,19.1012,-4.3988,-7.87,-9.5847,12.7207,-4.2977,8.62,-6.6551,15.8417,-4.2937,8.57
72.399,11.3281,7.1989,4.2868,0,0,5.3526,1,0.1,0.1,0.1,-0.2178,19.1256,-4.3983,-7.9,-9.563,12.724,-4.2971,8.61,-6.6252,15.8458,-4.2938,8.58
72.499,11.3435,7.2047,4.2931,0,0,5.3581,1,0.1,0.1,0.1,-0.1912,19.1487,-4.398,-7.92,-9.5416,12.7273,-4.2969,8.6,-6.5956,15.85,-4.2943,8.57
72.599,11.3581,7.2103,4.2991,0,0,5.3633,1,0.1,0.1,0.1,-0.1649,19.1705,-4.3977,-7.96,-9.5203,12.7306,-4.2968,8.6,-6.5664,15.8541,-4.2945,8.56
72.699,11.3718,7.2153,4.305,0,0,5.3684,1,0.1,0.1,0.1,-0.1386,19.1908,-4.3978,-7.99,-9.4989,12.7339,-4.2966,8.62,-6.5374,15.8584,-4.2946,8.57
72.799,11.3843,7.2193,4.3111,0,0,5.3732,1,0.1,0.1,0.1,-0.1125,19.2098,-4.3979,-8.01,-9.4773,12.7372,-4.2963,8.62,-6.5083,15.863,-4.2945,8.57
72.899,11.3957,7.2224,4.3171,1,0,5.3779,1,0.1,0.1,0.1,-0.0864,19.227,-4.3977,-8.03,-9.4555,12.7407,-4.2959,8.62,-6.4791,15.8677,-4.2944,8.56
72.999,11.4063,7.2249,4.323,1,0,5.3824,1,0.1,0.1,0.1,-0.0604,19.2428,-4.3975,-8.05,-9.4337,12.744,-4.2956,8.6,-6.4499,15.8721,-4.2946,8.56
73.099,11.4164,7.2265,4.3292,1,0,5.3871,1,0.1,0.1,0.1,-0.0346,19.2576,-4.3974,-8.06,-9.4121,12.7471,-4.2952,8.59,-6.4205,15.8765,-4.2946,8.55
73.199,11.4256,7.2272,4.3358,1,0,5.3917,1,0.1,0.1,0.1,-0.0091,19.2711,-4.3974,-8.08,-9.3907,12.7504,-4.2946,8.59,-6.3911,15.8811,-4.2947,8.54
73.299,11.4338,7.2266,4.3428,1,0,5.3961,1,0.1,0.1,0.1,0.0159,19.2835,-4.3975,-8.1,-9.3692,12.7534,-4.2942,8.59,-6.3614,15.8861,-4.2949,8.53
73.399,11.4411,7.2252,4.3499,1,0,5.4003,1,0.1,0.1,0.1,0.0408,19.2948,-4.3972,-8.12,-9.3475,12.7565,-4.2942,8.6,-6.3318,15.8913,-4.2949,8.54
73.499,11.4474,7.2227,4.3572,1,0,5.4045,1,0.1,0.1,0.1,0.0654,19.3049,-4.3969,-8.13,-9.3259,12.7599,-4.2943,8.59,-6.3019,15.8968,-4.2946,8.54
73.599,11.4527,7.2192,4.3644,1,0,5.4086,1,0.1,0.1,0.1,0.0894,19.314,-4.3966,-8.15,-9.3044,12.7634,-4.2946,8.59,-6.2718,15.9021,-4.2942,8.54
73.699,11.4576,7.2154,4.3715,1,0,5.4126,1,0.1,0.1,0.1,0.1135,19.3224,-4.3962,-8.16,-9.2829,12.767,-4.2949,8.59,-6.2418,15.9073,-4.294,8.55
73.799,11.4617,7.211,4.3786,1,0,5.4165,1,0.1,0.1,0.1,0.1373,19.33,-4.3957,-8.18,-9.2615,12.7707,-4.2955,8.6,-6.2115,15.9124,-4.2941,8.55
73.899,11.4655,7.2061,4.3858,1,0,5.4206,1,0.1,0.1,0.1,0.1609,19.3368,-4.3951,-8.19,-9.2404,12.7744,-4.2962,8.6,-6.1813,15.9172,-4.2945,8.54
73.999,11.469,7.2009,4.393,1,0,5.4245,1,0.1,0.1,0.1,0.1844,19.3427,-4.3949,-8.2,-9.2193,12.7779,-4.2961,8.61,-6.1514,15.9221,-4.2952,8.53
74.099,11.472,7.1954,4.4003,1,0,5.4283,1,0.1,0.1,0.1,0.2079,19.3481,-4.3947,-8.2,-9.1981,12.7811,-4.2959,8.62,-6.1215,15.9272,-4.2957,8.51
74.199,11.4745,7.1896,4.4076,1,0,5.4319,1,0.1,0.1,0.1,0.2313,19.3528,-4.3945,-8.2,-9.1766,12.7842,-4.2962,8.63,-6.0916,15.9322,-4.2962,8.5
74.299,11.4761,7.1831,4.4145,1,0,5.4351,1,0.1,0.1,0.1,0.2544,19.3569,-4.3943,-8.21,-9.1546,12.7872,-4.2963,8.63,-6.0615,15.9368,-4.2962,8.49
74.399,11.4771,7.1764,4.421,1,0,5.4382,1,0.1,0.1,0.1,0.2774,19.3605,-4.3944,-8.22,-9.1326,12.7904,-4.2967,8.62,-6.0313,15.9412,-4.2962,8.48
74.499,11.4778,7.1697,4.4274,1,0,5.4413,1,0.1,0.1,0.1,0.3004,19.3635,-4.3946,-8.23,-9.1107,12.7938,-4.2969,8.63,-6.0013,15.9454,-4.2964,8.47
74.599,11.478,7.1625,4.4337,1,0,5.4442,1,0.1,0.1,0.1,0.3231,19.366,-4.3945,-8.25,-9.089,12.7973,-4.297,8.64,-5.9714,15.9498,-4.2967,8.47
74.699,11.4778,7.1547,4.4401,1,0,5.4472,1,0.1,0.1,0.1,0.3453,19.3683,-4.3943,-8.26,-9.0673,12.8009,-4.2971,8.65,-5.9414,15.9541,-4.2968,8.47
74.799,11.4775,7.1467,4.4469,1,0,5.4499,1,0.1,0.1,0.1,0.3674,19.3706,-4.394,-8.28,-9.0455,12.8041,-4.2972,8.65,-5.9115,15.9589,-4.2968,8.46
74.899,11.4772,7.1385,4.4539,1,0,5.4527,1,0.1,0.1,0.1,0.3893,19.3728,-4.3939,-8.3,-9.0239,12.807,-4.2973,8.65,-5.8818,15.9638,-4.2962,8.46
74.999,11.4772,7.1303,4.4613,1,0,5.4558,1,0.1,0.1,0.1,0.4113,19.3747,-4.394,-8.31,-9.0027,12.8101,-4.2973,8.65,-5.8522,15.9687,-4.2956,8.45
75.099,11.4777,7.1222,4.4688,1,0,5.4593,1,0.1,0.1,0.1,0.4334,19.3762,-4.3939,-8.32,-8.9819,12.8128,-4.2973,8.65,-5.8224,15.9731,-4.295,8.45
75.199,11.479,7.1147,4.4766,1,0,5.4632,1,0.1,0.1,0.1,0.4559,19.3777,-4.3936,-8.32,-8.9617,12.8152,-4.2972,8.64,-5.7926,15.9769,-4.2947,8.44
75.299,11.4816,7.1076,4.4851,1,0,5.4679,1,0.1,0.1,0.1,0.4787,19.3794,-4.3935,-8.33,-8.9425,12.8175,-4.297,8.64,-5.7628,15.9806,-4.2949,8.43
75.399,11.485,7.1005,4.4944,1,0,5.4732,1,0.1,0.1,0.1,0.5018,19.3809,-4.3938,-8.34,-8.9241,12.8198,-4.2968,8.63,-5.7331,15.9847,-4.2954,8.43
75.499,11.4887,7.0931,4.5042,1,0,5.479,1,0.1,0.1,0.1,0.5248,19.3822,-4.3942,-8.35,-8.9064,12.8222,-4.2967,8.62,-5.7032,15.9887,-4.296,8.45
75.599,11.4933,7.0856,4.515,1,0,5.4855,1,0.1,0.1,0.1,0.5478,19.3835,-4.3945,-8.35,-8.8896,12.8245,-4.2967,8.62,-5.6731,15.9929,-4.2962,8.47
75.699,11.4985,7.0779,4.5265,1,0,5.4924,1,0.1,0.1,0.1,0.5709,19.3848,-4.3948,-8.35,-8.8733,12.8265,-4.2966,8.61,-5.6428,15.9971,-4.2967,8.49
75.799,11.5043,7.0703,4.5386,1,0,5.4997,1,0.1,0.1,0.1,0.5941,19.3862,-4.395,-8.35,-8.8575,12.8283,-4.2969,8.6,-5.6125,16.0014,-4.2977,8.49
75.899,11.5106,7.0625,4.5512,1,0,5.5074,1,0.1,0.1,0.1,0.6171,19.3876,-4.3954,-8.34,-8.8426,12.8303,-4.2971,8.59,-5.5823,16.0058,-4.2983,8.49
75.999,11.5175,7.0544,4.5647,1,0,5.5159,1,0.1,0.1,0.1,0.6399,19.3888,-4.3957,-8.33,-8.8287,12.8321,-4.297,8.58,-5.5521,16.0103,-4.2981,8.48
76.099,11.525,7.0457,4.5794,1,0,5.5249,1,0.1,0.1,0.1,0.6625,19.3897,-4.3964,-8.33,-8.8156,12.8338,-4.2967,8.57,-5.5216,16.0149,-4.2978,8.49
76.199,11.5324,7.0367,4.5942,1,0,5.5341,1,0.1,0.1,0.1,0.6849,19.3902,-4.3972,-8.32,-8.8031,12.8355,-4.2963,8.55,-5.4913,16.0197,-4.2978,8.49
76.299,11.54,7.0275,4.6096,1,0,5.5435,1,0.1,0.1,0.1,0.7069,19.3905,-4.3979,-8.31,-8.7912,12.8371,-4.2959,8.54,-5.4612,16.0244,-4.2975,8.5
76.399,11.5482,7.018,4.6258,1,0,5.5534,1,0.1,0.1,0.1,0.7287,19.3904,-4.3984,-8.32,-8.7802,12.8383,-4.2954,8.52,-5.4313,16.0294,-4.2976,8.51
76.499,11.5566,7.0103,4.6402,1,0,5.5633,1,0.1,0.1,0.1,0.7508,19.3899,-4.3987,-8.34,-8.7697,12.8397,-4.2948,8.51,-5.4022,16.032,-4.2976,8.51
76.599,11.5657,7.0039,4.6538,1,0,5.5734,1,0.1,0.1,0.1,0.7733,19.3893,-4.3989,-8.36,-8.7597,12.8413,-4.2943,8.49,-5.3738,16.034,-4.2975,8.51
76.699,11.5757,6.9988,4.6668,1,0,5.5838,1,0.1,0.1,0.1,0.7959,19.3889,-4.399,-8.38,-8.7505,12.8428,-4.2939,8.47,-5.3458,16.0347,-4.2976,8.51
76.799,11.5862,6.9948,4.6789,1,0,5.5944,1,0.1,0.1,0.1,0.8185,19.3883,-4.3988,-8.39,-8.7419,12.844,-4.2937,8.44,-5.3184,16.0334,-4.2981,8.51
76.899,11.5967,6.9912,4.6903,1,0,5.605,1,0.1,0.1,0.1,0.8407,19.3877,-4.3983,-8.4,-8.7337,12.8453,-4.2935,8.43,-5.291,16.0306,-4.2988,8.52
76.999,11.6074,6.9879,4.7014,1,0,5.6159,1,0.1,0.1,0.1,0.8626,19.3867,-4.398,-8.42,-8.7262,12.8464,-4.2934,8.42,-5.2635,16.0265,-4.2997,8.52
77.099,11.6185,6.9855,4.7118,1,0,5.627,1,0.1,0.1,0.1,0.8846,19.3857,-4.398,-8.43,-8.7192,12.8476,-4.2936,8.41,-5.2364,16.0211,-4.3004,8.52
77.199,11.6299,6.9832,4.7222,1,0,5.6384,1,0.1,0.1,0.1,0.9069,19.3844,-4.3979,-8.44,-8.7126,12.849,-4.2934,8.4,-5.2092,16.0153,-4.301,8.52
77.299,11.642,6.9805,4.734,1,0,5.6504,1,0.1,0.1,0.1,0.9293,19.3831,-4.3976,-8.46,-8.7064,12.8502,-4.293,8.39,-5.1814,16.0102,-4.3013,8.52
77.399,11.6548,6.9777,4.7466,1,0,5.6627,1,0.1,0.1,0.1,0.952,19.3821,-4.3972,-8.48,-8.7004,12.8511,-4.2926,8.38,-5.1535,16.0054,-4.3011,8.52
77.499,11.6684,6.9786,4.7571,1,0,5.6742,1,0.1,0.1,0.1,0.9747,19.3813,-4.3968,-8.49,-8.6952,12.8518,-4.2924,8.38,-5.1297,16.0011,-4.2991,8.52
77.599,11.6826,6.9799,4.768,1,0,5.6858,1,0.1,0.1,0.1,0.9974,19.3808,-4.3964,-8.49,-8.6904,12.8524,-4.2925,8.38,-5.1072,15.9979,-4.2964,8.51
77.699,11.6968,6.9824,4.7783,1,0,5.6965,1,0.1,0.1,0.1,1.0198,19.3802,-4.396,-8.49,-8.6857,12.8526,-4.2926,8.39,-5.0871,15.9963,-4.2958,8.51
77.799,11.7107,6.9846,4.7888,1,0,5.7072,1,0.1,0.1,0.1,1.0421,19.379,-4.3953,-8.48,-8.6812,12.853,-4.2932,8.39,-5.0673,15.995,-4.2968,8.51
77.899,11.7242,6.9867,4.7992,1,0,5.7177,1,0.1,0.1,0.1,1.0642,19.3776,-4.3941,-8.47,-8.6767,12.8537,-4.2939,8.39,-5.048,15.9945,-4.2957,8.51
77.999,11.7379,6.9876,4.811,1,0,5.7287,1,0.1,0.1,0.1,1.0865,19.3763,-4.3931,-8.46,-8.6724,12.8546,-4.2943,8.4,-5.0279,15.9953,-4.2938,8.51
78.099,11.7523,6.9856,4.8266,1,0,5.7411,1,0.1,0.1,0.1,1.109,19.3748,-4.3923,-8.45,-8.6688,12.8554,-4.2943,8.41,-5.0057,15.9984,-4.2922,8.51
78.199,11.767,6.981,4.8455,1,0,5.7542,1,0.1,0.1,0.1,1.1314,19.3735,-4.3919,-8.44,-8.6653,12.856,-4.294,8.44,-4.9817,16.004,-4.2913,8.51
78.299,11.7821,6.9747,4.8662,1,0,5.7681,1,0.1,0.1,0.1,1.1538,19.3722,-4.3919,-8.43,-8.6621,12.8563,-4.2938,8.45,-4.9564,16.0104,-4.2909,8.52
78.399,11.7968,6.9668,4.8881,1,0,5.7823,1,0.1,0.1,0.1,1.1758,19.3706,-4.3919,-8.43,-8.6591,12.8568,-4.2937,8.47,-4.9297,16.0167,-4.2907,8.52
78.499,11.8111,6.9573,4.9112,1,0,5.7969,1,0.1,0.1,0.1,1.1976,19.3686,-4.392,-8.43,-8.6562,12.8576,-4.294,8.49,-4.9022,16.024,-4.2905,8.51
78.599,11.8253,6.9469,4.935,1,0,5.8118,1,0.1,0.1,0.1,1.2193,19.3662,-4.3921,-8.43,-8.6537,12.8585,-4.2945,8.51,-4.8741,16.0317,-4.2903,8.48
78.699,11.8396,6.9358,4.9598,1,0,5.8271,1,0.1,0.1,0.1,1.2411,19.3637,-4.3925,-8.43,-8.6513,12.8593,-4.295,8.52,-4.8453,16.0394,-4.2902,8.48
78.799,11.8541,6.924,4.9853,1,0,5.8426,1,0.1,0.1,0.1,1.2629,19.3613,-4.3931,-8.43,-8.6489,12.8601,-4.2954,8.52,-4.8157,16.0474,-4.2904,8.48
78.899,11.8687,6.9115,5.0117,1,0,5.8584,1,0.1,0.1,0.1,1.2847,19.359,-4.394,-8.42,-8.6465,12.8607,-4.2959,8.51,-4.7857,16.0562,-4.2907,8.48
78.999,11.883,6.8987,5.0383,1,0,5.8739,1,0.1,0.1,0.1,1.3063,19.3566,-4.3946,-8.41,-8.6441,12.8615,-4.2968,8.51,-4.756,16.0658,-4.2912,8.48
79.099,11.8972,6.886,5.0648,1,0,5.8892,1,0.1,0.1,0.1,1.3279,19.3543,-4.3947,-8.4,-8.6414,12.8623,-4.2976,8.51,-4.7268,16.076,-4.2915,8.48
79.199,11.9111,6.873,5.0916,1,0,5.9043,1,0.1,0.1,0.1,1.3493,19.3519,-4.3945,-8.38,-8.6387,12.863,-4.2983,8.51,-4.6981,16.0873,-4.2922,8.48
79.299,11.9249,6.8601,5.1183,1,0,5.9193,1,0.1,0.1,0.1,1.3707,19.3495,-4.3942,-8.36,-8.6358,12.8639,-4.2985,8.52,-4.6696,16.0991,-4.2931,8.49
79.399,11.9389,6.847,5.1455,1,0,5.9344,1,0.1,0.1,0.1,1.3923,19.3473,-4.3936,-8.35,-8.633,12.8648,-4.2982,8.52,-4.6409,16.1113,-4.2935,8.49
79.499,11.9535,6.8338,5.1734,1,0,5.9498,1,0.1,0.1,0.1,1.414,19.3449,-4.3929,-8.33,-8.6304,12.8652,-4.2979,8.53,-4.6121,16.1236,-4.2935,8.5
79.599,11.9681,6.8209,5.201,1,0,5.9652,1,0.1,0.1,0.1,1.4359,19.3422,-4.3921,-8.32,-8.6278,12.8654,-4.2979,8.54,-4.5833,16.1353,-4.2931,8.51
79.699,11.9827,6.8084,5.2281,1,0,5.9803,1,0.1,0.1,0.1,1.4575,19.3397,-4.3912,-8.32,-8.625,12.8653,-4.298,8.56,-4.5548,16.1463,-4.2928,8.52
79.799,11.997,6.7961,5.2546,1,0,5.9953,1,0.1,0.1,0.1,1.4788,19.3372,-4.3901,-8.3,-8.6222,12.8652,-4.298,8.56,-4.5262,16.1564,-4.2928,8.53
79.899,12.0116,6.7837,5.2814,1,0,6.0106,1,0.1,0.1,0.1,1.5002,19.3346,-4.3889,-8.29,-8.6197,12.8646,-4.2976,8.56,-4.4972,16.1659,-4.2929,8.52
79.999,12.0263,6.7709,5.3085,1,0,6.026,1,0.1,0.1,0.1,1.5213,19.3317,-4.3877,-8.29,-8.6172,12.8638,-4.2975,8.57,-4.468,16.175,-4.2926,8.51
80.099,12.0407,6.7577,5.3359,1,0,6.0415,1,0.1,0.1,0.1,1.5421,19.3285,-4.3867,-8.28,-8.615,12.8629,-4.2974,8.58,-4.4385,16.1839,-4.2919,8.5
80.199,12.0556,6.7446,5.3634,1,0,6.0572,1,0.1,0.1,0.1,1.5632,19.3252,-4.3858,-8.28,-8.6129,12.8619,-4.2969,8.59,-4.4087,16.1922,-4.2913,8.48
80.299,12.0707,6.7324,5.3903,1,0,6.073,1,0.1,0.1,0.1,1.585,19.3218,-4.3854,-8.29,-8.6106,12.8608,-4.2964,8.6,-4.3789,16.1996,-4.2907,8.47
80.399,12.0862,6.721,5.4165,1,0,6.0889,1,0.1,0.1,0.1,1.6072,19.3185,-4.3854,-8.29,-8.6082,12.8599,-4.2961,8.6,-4.349,16.2062,-4.29,8.45
80.499,12.1015,6.71,5.4421,1,0,6.1047,1,0.1,0.1,0.1,1.6294,19.3149,-4.3853,-8.29,-8.606,12.8593,-4.296,8.61,-4.3193,16.212,-4.2895,8.44
80.599,12.1165,6.6989,5.4675,1,0,6.1203,1,0.1,0.1,0.1,1.6511,19.3115,-4.3853,-8.31,-8.6038,12.8587,-4.296,8.62,-4.2898,16.2178,-4.289,8.43
80.699,12.1318,6.688,5.493,1,0,6.136,1,0.1,0.1,0.1,1.6728,19.3087,-4.3853,-8.33,-8.6018,12.8584,-4.2961,8.63,-4.2602,16.2234,-4.2889,8.42
80.799,12.1474,6.6771,5.5185,1,0,6.1519,1,0.1,0.1,0.1,1.6944,19.3059,-4.3855,-8.35,-8.6001,12.8581,-4.2962,8.65,-4.2305,16.2287,-4.2884,8.41
80.899,12.1631,6.6662,5.5442,1,0,6.1679,1,0.1,0.1,0.1,1.7157,19.3033,-4.3857,-8.37,-8.5986,12.8576,-4.296,8.66,-4.2009,16.2338,-4.2883,8.41
80.999,12.1791,6.6556,5.5699,1,0,6.1838,1,0.1,0.1,0.1,1.7369,19.301,-4.3861,-8.38,-8.5972,12.8567,-4.2959,8.66,-4.1716,16.2388,-4.2891,8.42
81.099,12.1954,6.6458,5.5953,1,0,6.1997,1,0.1,0.1,0.1,1.7585,19.2989,-4.387,-8.4,-8.5955,12.8557,-4.2959,8.65,-4.1424,16.2435,-4.2899,8.42
81.199,12.2128,6.6364,5.6212,1,0,6.2162,1,0.1,0.1,0.1,1.7807,19.2969,-4.3882,-8.41,-8.5944,12.8546,-4.2964,8.64,-4.1131,16.2481,-4.2906,8.42
81.299,12.2308,6.6272,5.6474,1,0,6.2331,1,0.1,0.1,0.1,1.8032,19.2949,-4.3891,-8.42,-8.5936,12.8536,-4.297,8.63,-4.0837,16.2526,-4.2915,8.41
81.399,12.2487,6.6178,5.6738,1,0,6.25,1,0.1,0.1,0.1,1.8256,19.2927,-4.3898,-8.42,-8.5929,12.8525,-4.2974,8.63,-4.0541,16.257,-4.2928,8.4
81.499,12.2665,6.6082,5.7004,1,0,6.2669,1,0.1,0.1,0.1,1.8478,19.2902,-4.3903,-8.43,-8.5925,12.8513,-4.2977,8.63,-4.0246,16.2614,-4.2941,8.39
81.599,12.2843,6.5986,5.7268,1,0,6.284,1,0.1,0.1,0.1,1.87,19.2876,-4.3909,-8.44,-8.5922,12.8505,-4.2978,8.63,-3.9951,16.2655,-4.2951,8.4
81.699,12.3015,6.5887,5.753,1,0,6.3009,1,0.1,0.1,0.1,1.892,19.2846,-4.3917,-8.46,-8.5919,12.8499,-4.2976,8.62,-3.9656,16.2697,-4.2961,8.41
81.799,12.3194,6.5797,5.7791,1,0,6.318,1,0.1,0.1,0.1,1.9152,19.2812,-4.3926,-8.49,-8.5915,12.8495,-4.297,8.62,-3.936,16.2735,-4.2968,8.41
81.899,12.3386,6.5722,5.805,1,0,6.3358,1,0.1,0.1,0.1,1.9404,19.2773,-4.3937,-8.52,-8.5911,12.8493,-4.2966,8.61,-3.9063,16.2773,-4.2971,8.42
81.999,12.3594,6.5658,5.8315,1,0,6.3545,1,0.1,0.1,0.1,1.9673,19.2732,-4.3951,-8.55,-8.5909,12.8491,-4.296,8.6,-3.8765,16.2814,-4.2971,8.42
82.099,12.3813,6.5601,5.8586,1,0,6.3737,1,0.1,0.1,0.1,1.9954,19.2688,-4.3964,-8.56,-8.5909,12.8488,-4.2955,8.59,-3.8465,16.286,-4.2972,8.43
82.199,12.4036,6.5552,5.8854,1,0,6.3929,1,0.1,0.1,0.1,2.0245,19.2641,-4.3977,-8.57,-8.5906,12.8486,-4.2951,8.57,-3.8167,16.2907,-4.2973,8.44
82.299,12.4261,6.5508,5.9119,1,0,6.4122,1,0.1,0.1,0.1,2.0541,19.2596,-4.399,-8.57,-8.5901,12.8487,-4.2949,8.56,-3.7869,16.2955,-4.2975,8.44
82.399,12.449,6.5468,5.9384,1,0,6.4317,1,0.1,0.1,0.1,2.084,19.2549,-4.4001,-8.56,-8.5899,12.8491,-4.2948,8.54,-3.7572,16.3,-4.2979,8.44
82.499,12.4718,6.543,5.9646,1,0,6.4511,1,0.1,0.1,0.1,2.114,19.2498,-4.4009,-8.56,-8.5898,12.8496,-4.2946,8.53,-3.7277,16.3045,-4.2983,8.43
82.599,12.4942,6.5395,5.9901,1,0,6.4703,1,0.1,0.1,0.1,2.1443,19.2444,-4.4015,-8.56,-8.5893,12.8503,-4.2945,8.54,-3.6985,16.3089,-4.2988,8.43
82.699,12.5167,6.5366,6.0153,1,0,6.4894,1,0.1,0.1,0.1,2.175,19.2388,-4.4023,-8.57,-8.5886,12.8513,-4.2942,8.54,-3.6697,16.3136,-4.2996,8.44
82.799,12.5396,6.5337,6.0408,1,0,6.5088,1,0.1,0.1,0.1,2.2059,19.2332,-4.403,-8.57,-8.5884,12.8525,-4.2938,8.54,-3.6407,16.3183,-4.2999,8.45
82.899,12.5626,6.5308,6.0665,1,0,6.5284,1,0.1,0.1,0.1,2.2366,19.2278,-4.403,-8.57,-8.5884,12.8538,-4.2935,8.53,-3.6116,16.3227,-4.2995,8.46
82.999,12.586,6.5277,6.0926,1,0,6.5481,1,0.1,0.1,0.1,2.2671,19.2224,-4.4026,-8.57,-8.5886,12.8546,-4.2932,8.53,-3.5824,16.3271,-4.2986,8.46
83.099,12.6096,6.5247,6.1188,1,0,6.5678,1,0.1,0.1,0.1,2.2977,19.2172,-4.4022,-8.58,-8.5888,12.8552,-4.2929,8.53,-3.5533,16.3314,-4.298,8.46
83.199,12.633,6.5218,6.1449,0,0,6.5874,1,0.1,0.1,0.1,2.3282,19.2119,-4.4014,-8.59,-8.5888,12.8559,-4.2924,8.53,-3.5241,16.3356,-4.2976,8.46
83.299,12.6563,6.5189,6.1707,0,0,6.607,1,0.1,0.1,0.1,2.3588,19.2067,-4.4005,-8.59,-8.5887,12.8568,-4.2921,8.51,-3.4948,16.3396,-4.2969,8.45
83.399,12.6799,6.5161,6.1968,0,0,6.6267,1,0.1,0.1,0.1,2.3893,19.2012,-4.3997,-8.59,-8.5889,12.8573,-4.2917,8.5,-3.4657,16.3433,-4.2964,8.43
83.499,12.7039,6.5138,6.2227,0,0,6.6464,1,0.1,0.1,0.1,2.42,19.196,-4.3986,-8.6,-8.5891,12.8574,-4.291,8.5,-3.4367,16.3466,-4.2966,8.4
83.599,12.7283,6.5121,6.2485,0,0,6.6661,1,0.1,0.1,0.1,2.4507,19.1911,-4.3977,-8.62,-8.5894,12.8575,-4.2906,8.51,-3.4078,16.3496,-4.2967,8.38
83.699,12.7525,6.5095,6.2748,0,0,6.6859,1,0.1,0.1,0.1,2.4811,19.1863,-4.3972,-8.64,-8.5896,12.8575,-4.2902,8.51,-3.3785,16.3529,-4.2971,8.35
83.799,12.7767,6.5068,6.3014,0,0,6.7056,1,0.1,0.1,0.1,2.5118,19.1814,-4.3972,-8.66,-8.5894,12.8571,-4.29,8.51,-3.3491,16.3567,-4.2975,8.33
83.899,12.801,6.5043,6.3281,0,0,6.725,1,0.1,0.1,0.1,2.5425,19.1767,-4.397,-8.67,-8.5888,12.8563,-4.2901,8.51,-3.32,16.3612,-4.2973,8.31
83.999,12.8252,6.5016,6.355,0,0,6.7444,1,0.1,0.1,0.1,2.573,19.1719,-4.3969,-8.67,-8.5882,12.8551,-4.2901,8.49,-3.2911,16.3659,-4.2969,8.3
84.099,12.8496,6.4985,6.3825,0,0,6.7639,1,0.1,0.1,0.1,2.6032,19.167,-4.3968,-8.67,-8.5879,12.8534,-4.2902,8.49,-3.2621,16.3707,-4.2965,8.3
84.199,12.874,6.4953,6.41,0,0,6.7833,1,0.1,0.1,0.1,2.6334,19.162,-4.3965,-8.67,-8.5876,12.8518,-4.2904,8.5,-3.2329,16.3754,-4.2959,8.3
84.299,12.8979,6.4919,6.4373,0,0,6.8027,1,0.1,0.1,0.1,2.6633,19.1571,-4.3957,-8.67,-8.5871,12.8504,-4.2904,8.49,-3.2036,16.3799,-4.2948,8.31
84.399,12.9224,6.4885,6.465,0,0,6.8223,1,0.1,0.1,0.1,2.6934,19.1527,-4.3949,-8.67,-8.5868,12.8491,-4.2906,8.47,-3.1742,16.3846,-4.2936,8.33
84.499,12.9473,6.4855,6.4928,0,0,6.4649,1,0.1,0.1,0.1,2.7239,19.1483,-4.394,-8.67,-8.5866,12.848,-4.2908,8.45,-3.1446,16.3892,-4.2925,8.34
84.599,12.972,6.4827,6.5202,0,0,6.4848,1,0.1,0.1,0.1,2.7545,19.1435,-4.3927,-8.66,-8.5866,12.8473,-4.2911,8.44,-3.1152,16.3936,-4.2914,8.35
84.699,12.997,6.4799,6.5479,0,0,6.5049,1,0.1,0.1,0.1,2.7853,19.1385,-4.3915,-8.64,-8.5869,12.8468,-4.2911,8.43,-3.0858,16.3983,-4.2906,8.36
84.799,13.0226,6.477,6.5763,0,0,6.5255,1,0.1,0.1,0.1,2.8165,19.1333,-4.3908,-8.63,-8.5876,12.8464,-4.2911,8.42,-3.0563,16.4034,-4.2902,8.37
84.899,13.0483,6.4743,6.6046,0,0,6.5461,1,0.1,0.1,0.1,2.8478,19.1281,-4.3904,-8.6,-8.5884,12.8463,-4.2912,8.41,-3.0268,16.4084,-4.29,8.37
84.999,13.0736,6.4719,6.6322,0,0,6.5665,1,0.1,0.1,0.1,2.8788,19.1228,-4.3903,-8.58,-8.5892,12.8464,-4.2914,8.4,-2.9978,16.4134,-4.2897,8.38
85.099,13.0989,6.4699,6.6596,0,0,6.5867,1,0.1,0.1,0.1,2.91,19.1178,-4.3906,-8.57,-8.5897,12.8466,-4.2916,8.37,-2.9689,16.4182,-4.2898,8.39
85.199,13.124,6.4676,6.6869,0,0,6.6068,1,0.1,0.1,0.1,2.941,19.1129,-4.3908,-8.55,-8.59,12.8468,-4.2918,8.35,-2.9398,16.423,-4.2903,8.4
85.299,13.1487,6.4649,6.7142,0,0,6.6266,1,0.1,0.1,0.1,2.9717,19.1079,-4.3912,-8.55,-8.59,12.8466,-4.292,8.34,-2.9108,16.4282,-4.2909,8.41
85.399,13.173,6.4622,6.7414,0,0,6.6461,1,0.1,0.1,0.1,3.0023,19.1026,-4.3914,-8.56,-8.5898,12.8464,-4.292,8.33,-2.8822,16.4338,-4.2914,8.41
85.499,13.1964,6.4591,6.768,0,0,6.6652,1,0.1,0.1,0.1,3.0325,19.0973,-4.3911,-8.56,-8.5893,12.8466,-4.2921,8.33,-2.8535,16.4392,-4.2919,8.43
85.599,13.2194,6.4557,6.7945,0,0,6.6841,1,0.1,0.1,0.1,3.0623,19.092,-4.3904,-8.58,-8.5886,12.8471,-4.2922,8.33,-2.8248,16.4447,-4.2927,8.44
85.699,13.2423,6.4522,6.8208,0,0,6.703,1,0.1,0.1,0.1,3.0921,19.0866,-4.3899,-8.59,-8.5881,12.8479,-4.2923,8.33,-2.7961,16.4502,-4.2931,8.46
85.799,13.2653,6.4486,6.8475,0,0,6.722,1,0.1,0.1,0.1,3.1217,19.0814,-4.3892,-8.6,-8.5877,12.8485,-4.292,8.35,-2.7676,16.456,-4.2937,8.49
85.899,13.2884,6.4447,6.8746,0,0,6.7411,1,0.1,0.1,0.1,3.1511,19.0763,-4.3883,-8.61,-8.5874,12.8488,-4.2915,8.38,-2.7387,16.4617,-4.2942,8.51
85.999,13.3116,6.4411,6.9014,0,0,6.7601,1,0.1,0.1,0.1,3.1806,19.0715,-4.3874,-8.61,-8.5869,12.8493,-4.2911,8.4,-2.7098,16.4671,-4.2946,8.53
86.099,13.3349,6.4376,6.9282,0,0,6.7792,1,0.1,0.1,0.1,3.2101,19.0667,-4.3872,-8.62,-8.5864,12.8497,-4.2907,8.4,-2.6808,16.4725,-4.2945,8.55
86.199,13.3584,6.4339,6.9556,0,0,6.7983,1,0.1,0.1,0.1,3.2398,19.062,-4.3873,-8.61,-8.5859,12.85,-4.2906,8.4,-2.6517,16.4783,-4.2943,8.55
86.299,13.3825,6.4304,6.9832,0,0,6.8179,1,0.1,0.1,0.1,3.2698,19.0574,-4.3874,-8.61,-8.5858,12.8503,-4.2905,8.42,-2.6224,16.4838,-4.2941,8.54
86.399,13.4067,6.4268,7.0109,0,0,6.8376,1,0.1,0.1,0.1,3.2997,19.0526,-4.3875,-8.6,-8.586,12.8509,-4.2904,8.43,-2.5931,16.4894,-4.2936,8.53
86.499,13.4309,6.4233,7.0386,0,0,6.8573,1,0.1,0.1,0.1,3.3296,19.0476,-4.3874,-8.6,-8.5863,12.8516,-4.2902,8.45,-2.5639,16.4949,-4.2934,8.53
86.599,13.4554,6.4194,7.0671,0,0,6.8774,1,0.1,0.1,0.1,3.3597,19.0428,-4.3873,-8.59,-8.5868,12.8523,-4.2902,8.47,-2.5341,16.5005,-4.2933,8.54
86.699,13.4802,6.4155,7.0957,0,0,6.8976,1,0.1,0.1,0.1,3.39,19.0383,-4.3875,-8.58,-8.587,12.8529,-4.2902,8.47,-2.5038,16.5058,-4.2931,8.54
86.799,13.505,6.412,7.1239,0,0,6.9177,1,0.1,0.1,0.1,3.4202,19.0341,-4.3876,-8.57,-8.587,12.8533,-4.2899,8.47,-2.4735,16.5105,-4.2928,8.53
86.899,13.5295,6.4108,7.1491,0,0,6.9371,1,0.1,0.1,0.1,3.4502,19.0298,-4.3878,-8.57,-8.5871,12.8539,-4.2896,8.46,-2.4446,16.5118,-4.2933,8.45
86.999,13.5538,6.4123,7.171,0,0,6.9559,1,0.1,0.1,0.1,3.48,19.0253,-4.3877,-8.57,-8.5874,12.8549,-4.2891,8.46,-2.417,16.5086,-4.2947,8.29
87.099,13.5781,6.416,7.1902,0,0,6.9744,1,0.1,0.1,0.1,3.5098,19.021,-4.3876,-8.58,-8.5877,12.856,-4.2884,8.45,-2.3902,16.5016,-4.2968,8.07
87.199,13.5982,6.4222,7.2025,0,0,6.9892,1,0.1,0.1,0.1,3.5399,19.017,-4.3875,-8.58,-8.583,12.8577,-4.2881,8.45,-2.3643,16.4915,-4.299,7.81
87.299,13.6116,6.4299,7.2068,0,0,6.9989,1,0.1,0.1,0.1,3.5698,19.0131,-4.3875,-8.57,-8.5712,12.86,-4.2886,8.45,-2.3392,16.4794,-4.3014,7.52
87.399,13.6196,6.4381,7.2053,0,0,7.0048,1,0.1,0.1,0.1,3.5996,19.0089,-4.3874,-8.57,-8.554,12.8629,-4.2894,8.43,-2.3144,16.4662,-4.3038,7.23
87.499,13.6234,6.4465,7.1993,0,0,7.0076,1,0.1,0.1,0.1,3.6295,19.0043,-4.3871,-8.58,-8.5324,12.8661,-4.2905,8.43,-2.2898,16.4521,-4.3062,6.92
87.599,13.6236,6.455,7.1897,0,0,7.0079,1,0.1,0.1,0.1,3.6591,18.9996,-4.3868,-8.58,-8.5071,12.8698,-4.2915,8.43,-2.2653,16.4378,-4.3085,6.63
87.699,13.621,6.4634,7.1776,0,0,7.0063,1,0.1,0.1,0.1,3.6885,18.995,-4.387,-8.58,-8.4794,12.8742,-4.2924,8.44,-2.2409,16.4237,-4.3108,6.34
87.799,13.6162,6.4715,7.1637,0,0,7.0034,1,0.1,0.1,0.1,3.7178,18.9902,-4.3873,-8.58,-8.4496,12.8791,-4.2932,8.45,-2.2166,16.41,-4.3133,6.06
87.899,13.6035,6.4729,7.1487,0,0,6.9978,1,0.1,0.1,0.1,3.7421,18.9802,-4.3875,-8.58,-8.4185,12.8839,-4.2933,8.47,-2.1923,16.3965,-4.3158,5.77
87.999,13.5809,6.4616,7.137,0,0,6.9901,1,0.1,0.1,0.1,3.7595,18.9634,-4.3877,-8.57,-8.3867,12.8887,-4.2934,8.49,-2.1654,16.3861,-4.318,5.49
88.099,13.5497,6.4376,7.1296,0,0,6.9812,1,0.1,0.1,0.1,3.7711,18.941,-4.3876,-8.57,-8.354,12.8938,-4.2929,8.5,-2.1349,16.3801,-4.3201,5.23
88.199,13.5119,6.4035,7.1263,0,0,6.9714,1,0.1,0.1,0.1,3.7781,18.9139,-4.3873,-8.56,-8.3209,12.899,-4.2924,8.5,-2.1013,16.3776,-4.3223,4.98
88.299,13.4697,6.3616,7.1264,0,0,6.9612,1,0.1,0.1,0.1,3.7815,18.8838,-4.3873,-8.55,-8.2878,12.9043,-4.2919,8.5,-2.0653,16.3777,-4.3243,4.74
88.399,13.424,6.3142,7.1287,0,0,6.9508,1,0.1,0.1,0.1,3.7823,18.8512,-4.3875,-8.54,-8.2547,12.9095,-4.2915,8.5,-2.0276,16.3794,-4.326,4.52
88.499,13.3759,6.263,7.1324,0,0,6.9402,1,0.1,0.1,0.1,3.7813,18.817,-4.3877,-8.53,-8.2217,12.9151,-4.2916,8.5,-1.9886,16.3818,-4.3276,4.3
88.599,13.326,6.2092,7.1376,0,0,6.929,1,0.1,0.1,0.1,3.7788,18.7815,-4.3884,-8.53,-8.1889,12.9208,-4.292,8.51,-1.9507,16.3891,-4.33,4.0
88.699,13.2748,6.1536,7.1441,0,0,6.9169,1,0.1,0.1,0.1,3.7753,18.7453,-4.3893,-8.52,-8.1559,12.9267,-4.2925,8.53,-1.9148,16.4031,-4.3328,3.61
88.799,13.2224,6.0971,7.1512,0,0,6.9038,1,0.1,0.1,0.1,3.771,18.7082,-4.3902,-8.5,-8.1227,12.9323,-4.2932,8.55,-1.8809,16.4221,-4.3362,3.17
88.899,13.169,6.0398,7.1588,0,0,6.89,1,0.1,0.1,0.1,3.7662,18.6704,-4.3913,-8.48,-8.0892,12.9379,-4.2942,8.57,-1.8485,16.4451,-4.3396,2.71
88.999,13.1153,5.9823,7.1673,0,0,6.8759,1,0.1,0.1,0.1,3.7611,18.6319,-4.3925,-8.45,-8.0558,12.9431,-4.2951,8.59,-1.8173,16.4713,-4.3432,2.22
89.099,13.0614,5.9248,7.1765,0,0,6.8616,1,0.1,0.1,0.1,3.7558,18.5928,-4.3937,-8.43,-8.0226,12.9483,-4.2956,8.61,-1.7869,16.5002,-4.3467,1.73
89.199,13.0073,5.8674,7.1861,0,0,6.847,1,0.1,0.1,0.1,3.7503,18.5538,-4.3951,-8.42,-7.9894,12.9536,-4.2959,8.62,-1.7573,16.531,-4.3496,1.26
89.299,12.9537,5.8114,7.1956,0,0,6.8322,1,0.1,0.1,0.1,3.745,18.5149,-4.3961,-8.4,-7.9562,12.9587,-4.2963,8.61,-1.7287,16.5632,-4.352,0.8
89.399,12.9004,5.7564,7.2052,0,0,6.8175,1,0.1,0.1,0.1,3.7399,18.4759,-4.3968,-8.38,-7.9233,12.9638,-4.2967,8.6,-1.7007,16.5958,-4.3537,0.37
89.499,12.8472,5.7021,7.2147,0,0,6.8028,1,0.1,0.1,0.1,3.7348,18.4367,-4.3978,-8.37,-7.8905,12.9693,-4.2971,8.6,-1.673,16.6287,-4.3553,-0.04
89.599,12.794,5.6492,7.2237,0,0,6.788,1,0.1,0.1,0.1,3.7301,18.3976,-4.3985,-8.36,-7.8574,12.9749,-4.2972,8.58,-1.6454,16.6613,-4.3569,-0.42
89.699,12.7405,5.597,7.2321,0,0,6.7728,1,0.1,0.1,0.1,3.7258,18.3582,-4.3987,-8.37,-7.8237,12.9805,-4.2971,8.56,-1.6178,16.6934,-4.3587,-0.8
89.799,12.687,5.5458,7.24,0,0,6.7577,1,0.1,0.1,0.1,3.7216,18.3187,-4.3986,-8.38,-7.7899,12.9862,-4.2969,8.56,-1.59,16.7244,-4.3607,-1.17
89.899,12.6344,5.4961,7.2477,0,0,6.7428,1,0.1,0.1,0.1,3.7177,18.2795,-4.3982,-8.4,-7.7564,12.9915,-4.2969,8.55,-1.5624,16.7543,-4.363,-1.54
89.999,12.5829,5.4478,7.2552,0,0,6.7284,1,0.1,0.1,0.1,3.7142,18.2405,-4.3978,-8.41,-7.7235,12.9967,-4.2972,8.56,-1.5348,16.7826,-4.3655,-1.89
90.099,12.5317,5.401,7.2617,0,0,6.7141,1,0.1,0.1,0.1,3.7107,18.2014,-4.3976,-8.41,-7.691,13.0021,-4.2976,8.56,-1.5076,16.8089,-4.3676,-2.23
90.199,12.4807,5.3555,7.2671,0,0,6.6997,1,0.1,0.1,0.1,3.7073,18.1626,-4.3973,-8.42,-7.6586,13.0074,-4.2974,8.57,-1.4806,16.8335,-4.3695,-2.55
90.299,12.4298,5.3107,7.2719,0,0,6.6853,1,0.1,0.1,0.1,3.7035,18.1241,-4.3967,-8.42,-7.6263,13.0128,-4.2974,8.57,-1.4536,16.8565,-4.3712,-2.86
90.399,12.3792,5.2672,7.2757,0,0,6.671,1,0.1,0.1,0.1,3.6997,18.0858,-4.3957,-8.43,-7.5942,13.0182,-4.2972,8.58,-1.4269,16.8777,-4.3728,-3.16
90.499,12.329,5.2252,7.2785,0,0,6.6567,1,0.1,0.1,0.1,3.6963,18.0477,-4.3944,-8.43,-7.5623,13.0239,-4.2972,8.58,-1.4006,16.8973,-4.3744,-3.43
90.599,12.2799,5.1847,7.2806,0,0,6.6427,1,0.1,0.1,0.1,3.6932,18.0098,-4.393,-8.43,-7.5309,13.0293,-4.2972,8.58,-1.3746,16.9153,-4.376,-3.68
90.699,12.2315,5.1455,7.2819,0,0,6.6288,1,0.1,0.1,0.1,3.6903,17.9722,-4.3922,-8.44,-7.4997,13.0342,-4.2972,8.58,-1.3488,16.9311,-4.3775,-3.93
90.799,12.1835,5.1079,7.2821,0,0,6.615,1,0.1,0.1,0.1,3.6876,17.9347,-4.3917,-8.46,-7.4688,13.0393,-4.2973,8.58,-1.3237,16.9457,-4.3788,-4.16
90.899,12.1357,5.0713,7.2814,0,0,6.6011,1,0.1,0.1,0.1,3.6851,17.8969,-4.3915,-8.47,-7.4378,13.0444,-4.2981,8.59,-1.2986,16.959,-4.38,-4.38
90.999,12.0889,5.0353,7.2811,0,0,6.5878,1,0.1,0.1,0.1,3.683,17.8592,-4.3913,-8.48,-7.4073,13.0492,-4.2988,8.59,-1.2734,16.9712,-4.3812,-4.58
91.099,12.0429,5.0006,7.2802,0,0,6.5749,1,0.1,0.1,0.1,3.6812,17.822,-4.3909,-8.48,-7.3773,13.054,-4.2989,8.59,-1.2483,16.9822,-4.3822,-4.78
91.199,11.9973,4.9667,7.2785,0,0,6.5618,1,0.1,0.1,0.1,3.6794,17.7853,-4.3901,-8.48,-7.3473,13.0588,-4.2991,8.58,-1.2235,16.9918,-4.383,-4.98
91.299,11.9518,4.9335,7.2763,0,0,6.5487,1,0.1,0.1,0.1,3.6775,17.7488,-4.3892,-8.49,-7.3172,13.0634,-4.2995,8.57,-1.1989,17.0008,-4.3841,-5.16
91.399,11.9083,4.9004,7.2748,0,0,6.5383,1,0.1,0.1,0.1,3.6755,17.7122,-4.3884,-8.5,-7.2918,13.0733,-4.3001,8.55,-1.1743,17.0092,-4.3853,-5.33
91.499,11.8682,4.8676,7.2749,0,0,6.5322,1,0.1,0.1,0.1,3.6732,17.6756,-4.3877,-8.51,-7.2731,13.0903,-4.3007,8.53,-1.1496,17.017,-4.3861,-5.49
91.599,11.8318,4.8356,7.2762,0,0,6.5299,1,0.1,0.1,0.1,3.6711,17.6393,-4.3872,-8.51,-7.2604,13.1131,-4.3012,8.52,-1.1253,17.0242,-4.3868,-5.64
91.699,11.798,4.8045,7.2785,0,0,6.5304,1,0.1,0.1,0.1,3.6691,17.6029,-4.3869,-8.5,-7.2519,13.1401,-4.3019,8.51,-1.1011,17.0307,-4.3873,-5.79
91.799,11.7664,4.7739,7.2812,0,0,6.5331,1,0.1,0.1,0.1,3.6674,17.5665,-4.3869,-8.5,-7.2467,13.1706,-4.3028,8.5,-1.077,17.0364,-4.388,-5.94
91.899,11.7367,4.7443,7.2843,0,0,6.5375,1,0.1,0.1,0.1,3.6657,17.5303,-4.387,-8.5,-7.2441,13.2036,-4.3035,8.49,-1.0533,17.0412,-4.3887,-6.08
91.999,11.7088,4.7155,7.2877,0,0,6.5433,1,0.1,0.1,0.1,3.6642,17.4942,-4.3874,-8.5,-7.2433,13.2382,-4.3041,8.49,-1.0298,17.0454,-4.3892,-6.2
92.099,11.6825,4.6875,7.2915,0,0,6.5503,1,0.1,0.1,0.1,3.6633,17.4581,-4.3877,-8.5,-7.2439,13.274,-4.3042,8.48,-1.0064,17.0492,-4.3896,-6.32
92.199,11.6578,4.6603,7.2962,0,0,6.5583,1,0.1,0.1,0.1,3.6626,17.4222,-4.3881,-8.48,-7.2457,13.3105,-4.3039,8.47,-0.983,17.0528,-4.3903,-6.43
92.299,11.6344,4.6334,7.3016,0,0,6.5672,1,0.1,0.1,0.1,3.6621,17.3864,-4.3894,-8.47,-7.2483,13.3474,-4.3031,8.46,-0.9595,17.0564,-4.3907,-6.53
92.399,11.6117,4.6072,7.307,0,0,6.5765,1,0.1,0.1,0.1,3.6617,17.3507,-4.391,-8.47,-7.2514,13.3847,-4.3027,8.45,-0.9362,17.0594,-4.3909,-6.63
92.499,11.5898,4.5813,7.3123,0,0,6.5862,1,0.1,0.1,0.1,3.6613,17.3152,-4.3924,-8.48,-7.2548,13.4224,-4.3021,8.45,-0.913,17.0616,-4.3909,-6.74
92.599,11.5683,4.5562,7.3172,0,0,6.5962,1,0.1,0.1,0.1,3.6612,17.2799,-4.3934,-8.49,-7.2582,13.4607,-4.3016,8.46,-0.8898,17.0632,-4.3906,-6.84
92.699,11.5478,4.5322,7.3218,0,0,6.6066,1,0.1,0.1,0.1,3.6617,17.2442,-4.3939,-8.5,-7.2617,13.4994,-4.3013,8.47,-0.867,17.0644,-4.3902,-6.95
92.799,11.5287,4.5094,7.3267,0,0,6.6177,1,0.1,0.1,0.1,3.663,17.2083,-4.3939,-8.51,-7.2655,13.5381,-4.3011,8.48,-0.8441,17.065,-4.3897,-7.05
92.899,11.5109,4.4875,7.332,0,0,6.6295,1,0.1,0.1,0.1,3.6654,17.172,-4.3935,-8.52,-7.2694,13.5772,-4.301,8.49,-0.8209,17.0653,-4.3893,-7.14
92.999,11.4945,4.4666,7.3378,0,0,6.642,1,0.1,0.1,0.1,3.6688,17.1354,-4.3935,-8.52,-7.2733,13.6162,-4.301,8.51,-0.7973,17.0655,-4.3897,-7.22
93.099,11.4794,4.4474,7.3438,0,0,6.6549,1,0.1,0.1,0.1,3.6733,17.0985,-4.3937,-8.51,-7.2771,13.6552,-4.3009,8.53,-0.774,17.0659,-4.3906,-7.29
93.199,11.4655,4.4302,7.3489,0,0,6.668,1,0.1,0.1,0.1,3.6791,17.0615,-4.3939,-8.51,-7.2804,13.6942,-4.3011,8.54,-0.7511,17.0656,-4.3913,-7.36
93.299,11.4532,4.4148,7.3537,0,0,6.6816,1,0.1,0.1,0.1,3.6861,17.0245,-4.3943,-8.5,-7.2835,13.7331,-4.3015,8.56,-0.7285,17.0647,-4.3918,-7.44
93.399,11.4433,4.4014,7.359,0,0,6.6961,1,0.1,0.1,0.1,3.6948,16.9876,-4.3945,-8.5,-7.287,13.7717,-4.3023,8.57,-0.7059,17.0635,-4.3922,-7.53
93.499,11.4354,4.3896,7.3648,0,0,6.7113,1,0.1,0.1,0.1,3.7048,16.9504,-4.3947,-8.51,-7.2906,13.8101,-4.3029,8.57,-0.6834,17.0623,-4.3925,-7.6
93.599,11.4293,4.3794,7.3712,0,0,6.7271,1,0.1,0.1,0.1,3.7161,16.913,-4.3952,-8.52,-7.2941,13.8479,-4.303,8.57,-0.6607,17.0612,-4.3925,-7.67
93.699,11.4255,4.3711,7.3782,0,0,6.7437,1,0.1,0.1,0.1,3.7294,16.876,-4.3953,-8.54,-7.2974,13.8853,-4.3031,8.57,-0.6378,17.0602,-4.3926,-7.73
93.799,11.4241,4.3645,7.3857,0,0,6.761,1,0.1,0.1,0.1,3.7444,16.84,-4.3954,-8.55,-7.3004,13.9221,-4.3034,8.58,-0.6146,17.0591,-4.3926,-7.78
93.899,11.4248,4.3602,7.393,0,0,6.7787,1,0.1,0.1,0.1,3.7614,16.8051,-4.396,-8.55,-7.3028,13.9589,-4.3034,8.58,-0.5914,17.0581,-4.3925,-7.82
93.999,11.4277,4.3578,7.4004,0,0,6.7969,1,0.1,0.1,0.1,3.7799,16.7712,-4.3964,-8.56,-7.3052,13.9959,-4.3029,8.58,-0.5684,17.0575,-4.3923,-7.86
94.099,11.4329,4.3572,7.4078,0,0,6.8158,1,0.1,0.1,0.1,3.7999,16.7392,-4.3967,-8.56,-7.3078,14.0333,-4.3023,8.58,-0.5457,17.0569,-4.3922,-7.88
94.199,11.4401,4.3577,7.4154,0,0,6.8353,1,0.1,0.1,0.1,3.8207,16.7089,-4.3967,-8.57,-7.3107,14.0709,-4.3016,8.57,-0.5232,17.0559,-4.3924,-7.91
94.299,11.4494,4.3593,7.4232,0,0,6.8553,1,0.1,0.1,0.1,3.8426,16.6807,-4.3966,-8.58,-7.3137,14.1086,-4.3006,8.57,-0.5007,17.0544,-4.3928,-7.93
94.399,11.4607,4.3619,7.4315,0,0,6.8759,1,0.1,0.1,0.1,3.8656,16.6546,-4.3961,-8.59,-7.3168,14.1462,-4.2998,8.59,-0.4781,17.0531,-4.3931,-7.95
94.499,11.4741,4.366,7.44,0,0,6.8969,1,0.1,0.1,0.1,3.89,16.6299,-4.3959,-8.6,-7.3199,14.1837,-4.299,8.6,-0.4556,17.0518,-4.3932,-7.98
94.599,11.4897,4.3719,7.4484,0,0,6.9186,1,0.1,0.1,0.1,3.9161,16.6066,-4.3961,-8.6,-7.3229,14.2212,-4.2983,8.61,-0.4332,17.0499,-4.3934,-8.0
94.699,11.5073,4.3789,7.4571,0,0,6.9407,1,0.1,0.1,0.1,3.9435,16.5846,-4.3961,-8.59,-7.3258,14.2587,-4.2974,8.62,-0.4107,17.0482,-4.3937,-8.01
94.799,11.5264,4.3872,7.4662,0,0,6.9633,1,0.1,0.1,0.1,3.9722,16.5632,-4.3962,-8.58,-7.3286,14.2959,-4.2968,8.63,-0.3883,17.0466,-4.3939,-8.03
94.899,11.5462,4.3962,7.475,0,0,6.9858,1,0.1,0.1,0.1,4.0014,16.5425,-4.3962,-8.57,-7.3309,14.3329,-4.2963,8.64,-0.366,17.0449,-4.3942,-8.03
94.999,11.5666,4.4059,7.4835,0,0,7.0082,1,0.1,0.1,0.1,4.0311,16.5222,-4.3963,-8.57,-7.333,14.3696,-4.2962,8.66,-0.344,17.0429,-4.3945,-8.04
95.099,11.5881,4.4162,7.4926,0,0,7.031,1,0.1,0.1,0.1,4.0614,16.5026,-4.3967,-8.56,-7.3351,14.4059,-4.2965,8.68,-0.3219,17.0409,-4.3948,-8.05
95.199,11.6107,4.4265,7.5021,0,0,7.0541,1,0.1,0.1,0.1,4.0919,16.484,-4.3972,-8.55,-7.3374,14.4424,-4.2969,8.69,-0.2997,17.0389,-4.3952,-8.08
95.299,11.6335,4.4369,7.5115,0,0,7.0771,1,0.1,0.1,0.1,4.1227,16.4668,-4.3975,-8.55,-7.3393,14.479,-4.2976,8.71,-0.2774,17.0367,-4.3956,-8.1
95.399,11.6573,4.4472,7.5211,0,0,7.1005,1,0.1,0.1,0.1,4.1539,16.4508,-4.3979,-8.54,-7.3413,14.5158,-4.2983,8.71,-0.255,17.034,-4.396,-8.12
95.499,11.6812,4.4577,7.5303,0,0,7.1237,1,0.1,0.1,0.1,4.1852,16.4357,-4.3984,-8.54,-7.3429,14.553,-4.2988,8.7,-0.2326,17.0308,-4.3964,-8.14
95.599,11.705,4.4678,7.5394,0,0,7.1467,1,0.1,0.1,0.1,4.2163,16.4213,-4.3989,-8.55,-7.3441,14.5902,-4.2993,8.7,-0.2101,17.0275,-4.3968,-8.16
95.699,11.729,4.478,7.5485,0,0,7.1697,1,0.1,0.1,0.1,4.2475,16.4076,-4.3993,-8.55,-7.3452,14.6273,-4.2999,8.7,-0.1879,17.024,-4.3972,-8.19
95.799,11.7539,4.4886,7.5577,0,0,7.1928,1,0.1,0.1,0.1,4.279,16.3951,-4.4,-8.56,-7.3463,14.6644,-4.3004,8.7,-0.1658,17.0203,-4.3974,-8.21
95.899,11.7793,4.4991,7.5672,0,0,7.216,1,0.1,0.1,0.1,4.3105,16.3838,-4.4006,-8.56,-7.3477,14.7015,-4.301,8.71,-0.1439,17.0166,-4.3977,-8.23
95.999,11.8048,4.5092,7.5773,0,0,7.2391,1,0.1,0.1,0.1,4.3416,16.3732,-4.4009,-8.57,-7.3491,14.7382,-4.3013,8.72,-0.1219,17.0132,-4.3979,-8.22
96.099,11.8304,4.5189,7.588,0,0,7.2622,1,0.1,0.1,0.1,4.3726,16.3632,-4.4008,-8.59,-7.3503,14.7748,-4.3012,8.73,-0.0998,17.0105,-4.3981,-8.21
96.199,11.856,4.5286,7.5988,0,0,7.2851,1,0.1,0.1,0.1,4.4036,16.354,-4.4006,-8.6,-7.3511,14.8114,-4.3004,8.73,-0.0775,17.0081,-4.3982,-8.21
96.299,11.8812,4.5381,7.6093,0,0,7.3077,1,0.1,0.1,0.1,4.4347,16.3453,-4.4003,-8.6,-7.3513,14.848,-4.2996,8.72,-0.0551,17.0059,-4.3981,-8.19
96.399,11.9055,4.5474,7.6192,0,0,7.3295,1,0.1,0.1,0.1,4.4656,16.3372,-4.4,-8.59,-7.3505,14.8846,-4.2992,8.71,-0.0327,17.004,-4.3981,-8.18
96.499,11.9285,4.5562,7.6283,0,0,7.3506,1,0.1,0.1,0.1,4.4961,16.3296,-4.3997,-8.57,-7.3485,14.9211,-4.2991,8.71,-0.0102,17.002,-4.3981,-8.18
96.599,11.9504,4.5644,7.6368,0,0,7.3709,1,0.1,0.1,0.1,4.5265,16.322,-4.3995,-8.55,-7.3453,14.9575,-4.2995,8.71,0.0126,16.9999,-4.3982,-8.18
96.699,11.971,4.5725,7.6441,0,1,7.3906,1,0.1,0.1,0.1,4.5568,16.3147,-4.3992,-8.53,-7.3407,14.9943,-4.2998,8.7,0.0356,16.9974,-4.3985,-8.2
96.799,11.9906,4.5807,7.65,0,1,7.4095,1,0.1,0.1,0.1,4.5872,16.3074,-4.3989,-8.52,-7.3349,15.0313,-4.3003,8.69,0.0583,16.9945,-4.3988,-8.21
96.899,12.0093,4.5895,7.6546,0,1,7.4275,1,0.1,0.1,0.1,4.6175,16.3006,-4.3985,-8.5,-7.328,15.0683,-4.301,8.68,0.0804,16.9917,-4.3992,-8.22
96.999,12.0266,4.5979,7.658,0,1,7.4446,1,0.1,0.1,0.1,4.6475,16.2944,-4.3984,-8.48,-7.3199,15.1054,-4.3017,8.68,0.1023,16.9889,-4.3998,-8.23
97.099,12.043,4.6065,7.6604,0,1,7.4609,1,0.1,0.1,0.1,4.6774,16.2884,-4.3981,-8.47,-7.3106,15.1428,-4.3024,8.68,0.1241,16.9862,-4.4,-8.24
97.199,12.0586,4.615,7.6622,0,1,7.4768,1,0.1,0.1,0.1,4.7075,16.2824,-4.3973,-8.46,-7.3002,15.1801,-4.3026,8.68,0.1461,16.9834,-4.3998,-8.26
97.299,12.0728,4.6228,7.6634,0,1,7.492,1,0.1,0.1,0.1,4.7373,16.2766,-4.3966,-8.45,-7.2887,15.2173,-4.3025,8.68,0.1684,16.9808,-4.3996,-8.26
97.399,12.0856,4.6303,7.6636,0,1,7.5061,1,0.1,0.1,0.1,4.767,16.2706,-4.3961,-8.45,-7.2754,15.2536,-4.3023,8.68,0.1911,16.9781,-4.3995,-8.28
97.499,12.0969,4.6378,7.6627,0,1,7.519,1,0.1,0.1,0.1,4.7967,16.2644,-4.396,-8.45,-7.2604,15.2888,-4.3021,8.67,0.2137,16.9755,-4.3995,-8.29
97.599,12.1066,4.6459,7.66,0,1,7.5304,1,0.1,0.1,0.1,4.8263,16.2581,-4.3961,-8.45,-7.2436,15.3225,-4.3023,8.66,0.2358,16.9732,-4.3996,-8.29
97.699,12.1148,4.6547,7.6556,0,1,7.5401,1,0.1,0.1,0.1,4.8563,16.252,-4.396,-8.46,-7.2248,15.3542,-4.3026,8.65,0.2574,16.9711,-4.3994,-8.29
97.799,12.1219,4.6638,7.6501,0,1,7.5488,1,0.1,0.1,0.1,4.8863,16.2458,-4.3957,-8.47,-7.2046,15.3842,-4.3027,8.64,0.279,16.9691,-4.3992,-8.3
97.899,12.1281,4.6729,7.6439,0,1,7.5564,1,0.1,0.1,0.1,4.9163,16.2397,-4.3951,-8.48,-7.1832,15.4126,-4.3026,8.63,0.3004,16.967,-4.3991,-8.31
97.999,12.1336,4.6821,7.637,0,1,7.5634,1,0.1,0.1,0.1,4.9464,16.2335,-4.3947,-8.49,-7.1609,15.4399,-4.3025,8.61,0.3218,16.9645,-4.3991,-8.31
98.099,12.1381,4.691,7.6293,0,1,7.5695,1,0.1,0.1,0.1,4.9765,16.2275,-4.3945,-8.5,-7.1374,15.4656,-4.3025,8.59,0.3432,16.9614,-4.3993,-8.33
98.199,12.1408,4.6993,7.6206,0,1,7.5744,1,0.1,0.1,0.1,5.0063,16.2216,-4.3945,-8.49,-7.1121,15.4899,-4.3024,8.59,0.365,16.9582,-4.3996,-8.34
98.299,12.1421,4.7075,7.6108,0,1,7.578,1,0.1,0.1,0.1,5.0359,16.2158,-4.3941,-8.49,-7.0855,15.5129,-4.3022,8.58,0.3868,16.9551,-4.3998,-8.36
98.399,12.1421,4.7154,7.6001,0,1,7.5808,1,0.1,0.1,0.1,5.0653,16.2106,-4.3932,-8.48,-7.0576,15.5354,-4.3021,8.57,0.4087,16.9522,-4.3997,-8.37
98.499,12.1414,4.7231,7.589,0,1,7.583,1,0.1,0.1,0.1,5.0948,16.2057,-4.3927,-8.48,-7.0289,15.5576,-4.3019,8.56,0.4307,16.9495,-4.3996,-8.38
98.599,12.1403,4.7306,7.5777,0,1,7.5848,1,0.1,0.1,0.1,5.1243,16.2011,-4.3923,-8.47,-6.9997,15.579,-4.3014,8.56,0.4529,16.947,-4.3995,-8.38
98.699,12.1392,4.7381,7.5666,0,1,7.5865,1,0.1,0.1,0.1,5.154,16.1967,-4.3919,-8.46,-6.9702,15.5995,-4.3007,8.55,0.4753,16.9442,-4.3993,-8.37
98.799,12.1375,4.7455,7.5549,0,1,7.5877,1,0.1,0.1,0.1,5.1836,16.1921,-4.3917,-8.46,-6.9401,15.6193,-4.3002,8.54,0.4976,16.9413,-4.3992,-8.37
98.899,12.1354,4.7528,7.5429,0,1,7.5884,1,0.1,0.1,0.1,5.2129,16.1877,-4.3915,-8.45,-6.9097,15.6383,-4.2994,8.52,0.5197,16.9381,-4.3991,-8.38
98.999,12.133,4.7598,7.5312,0,1,7.5888,1,0.1,0.1,0.1,5.2422,16.1836,-4.3909,-8.45,-6.879,15.656,-4.2983,8.5,0.5421,16.935,-4.3992,-8.38
99.099,12.1303,4.7666,7.5195,0,1,7.5889,1,0.1,0.1,0.1,5.2715,16.1796,-4.3901,-8.44,-6.8479,15.6726,-4.2971,8.49,0.5646,16.9319,-4.3993,-8.38
99.199,12.1274,4.7733,7.5077,0,1,7.5885,1,0.1,0.1,0.1,5.3007,16.1758,-4.3893,-8.43,-6.8166,15.6879,-4.2958,8.48,0.5871,16.9288,-4.3994,-8.38
99.299,12.1243,4.7803,7.4957,0,1,7.5877,1,0.1,0.1,0.1,5.3297,16.1717,-4.3886,-8.43,-6.7851,15.7018,-4.2951,8.48,0.6093,16.9258,-4.3997,-8.38
99.399,12.121,4.7873,7.4837,0,1,7.5865,1,0.1,0.1,0.1,5.3587,16.1674,-4.3881,-8.43,-6.7534,15.7142,-4.2943,8.48,0.6313,16.9224,-4.3999,-8.39
99.499,12.1174,4.7946,7.4712,0,1,7.5848,1,0.1,0.1,0.1,5.3877,16.163,-4.3878,-8.42,-6.7214,15.7253,-4.2936,8.49,0.6531,16.9189,-4.3999,-8.41
99.599,12.1133,4.8017,7.4585,0,1,7.5827,1,0.1,0.1,0.1,5.4166,16.1588,-4.3878,-8.43,-6.689,15.7358,-4.293,8.51,0.6749,16.9154,-4.3998,-8.44
99.699,12.1094,4.8087,7.4462,0,1,7.5806,1,0.1,0.1,0.1,5.4455,16.1544,-4.388,-8.44,-6.6566,15.7457,-4.2931,8.53,0.6969,16.9121,-4.3993,-8.48
99.799,12.1058,4.8161,7.4338,0,1,7.5785,1,0.1,0.1,0.1,5.4747,16.1499,-4.3885,-8.44,-6.6242,15.7549,-4.2937,8.55,0.7188,16.9086,-4.3987,-8.5
99.899,12.1021,4.8234,7.4215,0,1,7.5762,1,0.1,0.1,0.1,5.5038,16.1457,-4.3893,-8.44,-6.5919,15.7634,-4.2943,8.56,0.7405,16.9049,-4.3981,-8.53
99.999,12.0982,4.8304,7.4094,0,1,7.5738,1,0.1,0.1,0.1,5.5325,16.1416,-4.3901,-8.43,-6.5596,15.7713,-4.2948,8.56,0.7623,16.9014,-4.3976,-8.55
100.099,12.0948,4.8376,7.3974,0,1,7.5715,1,0.1,0.1,0.1,5.5615,16.1374,-4.3911,-8.44,-6.5276,15.7787,-4.2951,8.56,0.784,16.8979,-4.3971,-8.57
100.199,12.092,4.8451,7.386,0,1,7.5695,1,0.1,0.1,0.1,5.5907,16.1331,-4.3921,-8.44,-6.4958,15.7859,-4.2957,8.56,0.8059,16.8943,-4.3967,-8.59
100.299,12.0893,4.8527,7.3747,1,1,7.5676,1,0.1,0.1,0.1,5.6201,16.1285,-4.3927,-8.45,-6.4642,15.7932,-4.2969,8.56,0.8276,16.8906,-4.3961,-8.6
100.399,12.0864,4.8603,7.3631,1,1,7.5655,1,0.1,0.1,0.1,5.6492,16.1236,-4.3937,-8.46,-6.4325,15.8001,-4.2973,8.56,0.8492,16.8871,-4.3955,-8.6
100.499,12.0825,4.8669,7.3519,1,1,7.5632,1,0.1,0.1,0.1,5.6773,16.1172,-4.3945,-8.45,-6.4008,15.8067,-4.2972,8.56,0.8711,16.8837,-4.395,-8.6
100.599,12.0776,4.8726,7.3409,1,1,7.5609,1,0.1,0.1,0.1,5.7043,16.1092,-4.3956,-8.44,-6.3692,15.8134,-4.2973,8.56,0.8931,16.8803,-4.3946,-8.6
100.699,12.0721,4.8781,7.3299,1,1,7.5585,1,0.1,0.1,0.1,5.7307,16.0996,-4.397,-8.44,-6.3377,15.8197,-4.2975,8.55,0.915,16.8768,-4.3943,-8.6
100.799,12.0658,4.8828,7.3191,1,1,7.556,1,0.1,0.1,0.1,5.7565,16.0888,-4.3983,-8.44,-6.306,15.8258,-4.2977,8.54,0.9371,16.8731,-4.3942,-8.59
100.899,12.0593,4.8871,7.3086,1,1,7.5535,1,0.1,0.1,0.1,5.7817,16.0776,-4.3994,-8.44,-6.2747,15.832,-4.2981,8.53,0.9592,16.8696,-4.3943,-8.58
100.999,12.0529,4.8914,7.2982,1,1,7.5512,1,0.1,0.1,0.1,5.8067,16.0661,-4.4,-8.45,-6.2437,15.838,-4.2987,8.52,0.9812,16.8661,-4.3944,-8.57
101.099,12.0469,4.896,7.2879,1,1,7.5489,1,0.1,0.1,0.1,5.8318,16.0547,-4.4007,-8.46,-6.2128,15.8438,-4.2992,8.51,1.0029,16.8624,-4.3943,-8.56
101.199,12.0411,4.901,7.2772,1,1,7.5465,1,0.1,0.1,0.1,5.8573,16.0439,-4.4011,-8.46,-6.1818,15.8494,-4.2999,8.49,1.0244,16.8587,-4.394,-8.54
101.299,12.0357,4.9065,7.2667,1,1,7.5441,1,0.1,0.1,0.1,5.883,16.0333,-4.4013,-8.47,-6.151,15.8548,-4.3003,8.47,1.0459,16.8552,-4.3936,-8.52
101.399,12.0265,4.9077,7.2562,1,1,7.5404,1,0.1,0.1,0.1,5.9048,16.0242,-4.4003,-8.47,-6.1201,15.8604,-4.3002,8.46,1.0674,16.852,-4.3933,-8.5
101.499,12.0166,4.9079,7.2461,1,1,7.5365,1,0.1,0.1,0.1,5.9257,16.0161,-4.3985,-8.46,-6.0895,15.8659,-4.2996,8.45,1.089,16.8488,-4.393,-8.49
101.599,12.0082,4.9089,7.2364,1,1,7.5331,1,0.1,0.1,0.1,5.9478,16.009,-4.3983,-8.45,-6.0592,15.8711,-4.2992,8.44,1.1107,16.8458,-4.3928,-8.48
101.699,12.0012,4.9109,7.227,1,1,7.5299,1,0.1,0.1,0.1,5.9711,16.0036,-4.4001,-8.45,-6.029,15.8763,-4.2985,8.43,1.1324,16.8428,-4.393,-8.47
101.799,11.9956,4.9141,7.2175,1,1,7.5271,1,0.1,0.1,0.1,5.9956,15.9993,-4.4023,-8.46,-5.999,15.8814,-4.2977,8.42,1.1539,16.8399,-4.3933,-8.47
101.899,11.991,4.9184,7.2077,1,1,7.5245,1,0.1,0.1,0.1,6.0213,15.9955,-4.4039,-8.47,-5.9687,15.8865,-4.2968,8.43,1.1754,16.8368,-4.3935,-8.47
101.999,11.9873,4.9235,7.1979,1,1,7.522,1,0.1,0.1,0.1,6.048,15.9924,-4.405,-8.48,-5.9383,15.8915,-4.2957,8.42,1.197,16.8337,-4.394,-8.47
102.099,11.9846,4.9293,7.1882,1,1,7.5199,1,0.1,0.1,0.1,6.0757,15.9899,-4.4059,-8.48,-5.908,15.8965,-4.2945,8.42,1.2186,16.8306,-4.3944,-8.48
102.199,11.9828,4.9358,7.1786,1,1,7.5181,1,0.1,0.1,0.1,6.104,15.988,-4.4069,-8.48,-5.8779,15.9015,-4.2937,8.43,1.2401,16.8273,-4.3947,-8.49
102.299,11.9816,4.9427,7.1693,1,1,7.5164,1,0.1,0.1,0.1,6.1329,15.9867,-4.4078,-8.48,-5.8479,15.9062,-4.2938,8.44,1.2616,16.8238,-4.3949,-8.5
102.399,11.9813,4.9499,7.1602,1,1,7.5151,1,0.1,0.1,0.1,6.1623,15.9857,-4.4083,-8.48,-5.8183,15.9108,-4.2943,8.45,1.2833,16.8203,-4.3952,-8.5
102.499,11.9812,4.9573,7.1511,1,1,7.5138,1,0.1,0.1,0.1,6.1919,15.9848,-4.4085,-8.48,-5.7886,15.9156,-4.2945,8.45,1.3049,16.8166,-4.3956,-8.5
102.599,11.9811,4.965,7.1417,1,1,7.5125,1,0.1,0.1,0.1,6.2217,15.9842,-4.4082,-8.5,-5.7587,15.9208,-4.2947,8.45,1.3264,16.813,-4.3959,-8.48
102.699,11.9814,4.9734,7.1321,1,1,7.5113,1,0.1,0.1,0.1,6.252,15.9835,-4.4076,-8.52,-5.7287,15.9258,-4.295,8.44,1.3477,16.8096,-4.3962,-8.48
102.799,11.9817,4.9817,7.1225,1,1,7.51,1,0.1,0.1,0.1,6.2824,15.9829,-4.407,-8.54,-5.6987,15.9305,-4.295,8.44,1.3692,16.8056,-4.3965,-8.49
102.899,11.9817,4.99,7.1126,1,1,7.5084,1,0.1,0.1,0.1,6.3129,15.9822,-4.4066,-8.55,-5.6682,15.9348,-4.2946,8.44,1.3907,16.8016,-4.3964,-8.5
102.999,11.982,4.9984,7.1029,1,1,7.5071,1,0.1,0.1,0.1,6.3437,15.9814,-4.4062,-8.56,-5.6377,15.9392,-4.2937,8.44,1.4124,16.7976,-4.3963,-8.49
103.099,11.9829,5.0072,7.0935,1,1,7.5061,1,0.1,0.1,0.1,6.3747,15.9797,-4.4057,-8.56,-5.6076,15.9437,-4.2924,8.44,1.434,16.7936,-4.3961,-8.48
103.199,11.9836,5.016,7.0841,1,1,7.5052,1,0.1,0.1,0.1,6.4054,15.9774,-4.405,-8.57,-5.5777,15.9483,-4.2913,8.42,1.4555,16.7896,-4.3959,-8.48
103.299,11.9844,5.0245,7.0751,1,1,7.5044,1,0.1,0.1,0.1,6.4359,15.9751,-4.4039,-8.57,-5.5479,15.953,-4.2908,8.41,1.4772,16.7857,-4.3956,-8.48
103.399,11.9854,5.0328,7.0666,1,1,7.5038,1,0.1,0.1,0.1,6.4664,15.9728,-4.4027,-8.57,-5.5185,15.9577,-4.2909,8.41,1.4992,16.782,-4.3951,-8.48
103.499,11.9867,5.0409,7.0584,1,1,7.5035,1,0.1,0.1,0.1,6.4971,15.9701,-4.402,-8.57,-5.489,15.9623,-4.2908,8.4,1.5213,16.7779,-4.3951,-8.49
103.599,11.9879,5.0495,7.0499,1,1,7.5031,1,0.1,0.1,0.1,6.5278,15.9672,-4.4013,-8.57,-5.4596,15.9671,-4.2904,8.41,1.5432,16.7738,-4.3953,-8.51
103.699,11.9889,5.0583,7.0408,1,1,7.5025,1,0.1,0.1,0.1,6.5584,15.9644,-4.4004,-8.58,-5.43,15.9719,-4.2901,8.42,1.5646,16.7697,-4.3957,-8.52
103.799,11.9906,5.0671,7.0327,1,1,7.5018,1,0.1,0.1,0.1,6.589,15.9615,-4.3997,-8.58,-5.4011,15.974,-4.2899,8.43,1.5861,16.7656,-4.3961,-8.52
103.899,11.9928,5.0759,7.0253,1,1,7.5012,1,0.1,0.1,0.1,6.6197,15.9583,-4.3991,-8.58,-5.3726,15.9752,-4.2902,8.43,1.6078,16.7616,-4.3967,-8.53
103.999,11.9949,5.0846,7.018,1,1,7.5009,1,0.1,0.1,0.1,6.6504,15.9549,-4.3985,-8.57,-5.344,15.9771,-4.2907,8.43,1.6296,16.7578,-4.3969,-8.53
104.099,11.9968,5.0932,7.0104,1,1,7.5005,1,0.1,0.1,0.1,6.681,15.9519,-4.3976,-8.55,-5.3153,15.9798,-4.2912,8.43,1.6514,16.7542,-4.3971,-8.54
104.199,11.9981,5.1022,7.0021,1,1,7.4994,1,0.1,0.1,0.1,6.7111,15.9488,-4.3964,-8.54,-5.2865,15.9814,-4.2916,8.44,1.6724,16.7508,-4.3979,-8.55
104.299,11.9989,5.1113,6.9933,1,1,7.4976,1,0.1,0.1,0.1,6.7408,15.9456,-4.3949,-8.54,-5.2576,15.9813,-4.2917,8.45,1.6928,16.7473,-4.3988,-8.56
104.399,12.0,5.1206,6.9848,1,1,7.4956,1,0.1,0.1,0.1,6.7704,15.9423,-4.3935,-8.54,-5.2291,15.9796,-4.2914,8.47,1.7128,16.7438,-4.3999,-8.58
104.499,12.0014,5.1302,6.9766,1,1,7.4935,1,0.1,0.1,0.1,6.7998,15.9388,-4.3926,-8.55,-5.2011,15.9764,-4.2911,8.47,1.7326,16.7405,-4.4009,-8.59
104.599,12.0029,5.141,6.9673,1,1,7.4909,1,0.1,0.1,0.1,6.8296,15.9355,-4.3909,-8.56,-5.1729,15.9728,-4.2911,8.47,1.7515,16.7373,-4.4018,-8.6
104.699,12.004,5.1534,6.956,1,1,7.4878,1,0.1,0.1,0.1,6.8593,15.9321,-4.3891,-8.58,-5.1442,15.9706,-4.2918,8.49,1.7689,16.7347,-4.4027,-8.6
104.799,12.0044,5.1669,6.9429,1,1,7.4843,1,0.1,0.1,0.1,6.8889,15.9285,-4.388,-8.59,-5.115,15.9699,-4.2927,8.5,1.785,16.7325,-4.4033,-8.6
104.899,12.0047,5.1813,6.9287,1,1,7.4807,1,0.1,0.1,0.1,6.9184,15.9247,-4.3868,-8.61,-5.0858,15.9712,-4.2933,8.5,1.8002,16.7306,-4.4038,-8.61
104.999,12.0053,5.1966,6.9137,1,1,7.4775,1,0.1,0.1,0.1,6.9481,15.9206,-4.3859,-8.62,-5.0567,15.9745,-4.2935,8.52,1.8148,16.729,-4.4043,-8.62
105.099,12.006,5.2128,6.8979,1,1,7.4744,1,0.1,0.1,0.1,6.9781,15.9162,-4.3859,-8.62,-5.0274,15.9791,-4.2938,8.52,1.8288,16.7276,-4.4041,-8.62
105.199,12.0066,5.2299,6.8809,1,1,7.4712,1,0.1,0.1,0.1,7.0083,15.9117,-4.3863,-8.62,-4.9978,15.9852,-4.294,8.51,1.8423,16.7263,-4.404,-8.61
105.299,12.0122,5.2478,6.8681,1,1,7.4709,1,0.1,0.1,0.1,7.0385,15.907,-4.3868,-8.61,-4.9731,15.9909,-4.2941,8.49,1.8548,16.7249,-4.4038,-8.6
105.399,12.0196,5.2664,6.8563,1,1,7.4716,1,0.1,0.1,0.1,7.0685,15.9023,-4.3872,-8.6,-4.9504,15.9968,-4.2938,8.48,1.8665,16.7231,-4.4035,-8.6
105.499,12.0257,5.2855,6.8427,1,1,7.4713,1,0.1,0.1,0.1,7.0983,15.8974,-4.3873,-8.58,-4.9265,16.0029,-4.2933,8.48,1.8775,16.7214,-4.4033,-8.61
105.599,12.0307,5.3056,6.8271,1,1,7.4702,1,0.1,0.1,0.1,7.1283,15.8926,-4.3875,-8.57,-4.9015,16.0095,-4.2928,8.47,1.8877,16.72,-4.4026,-8.63
105.699,12.035,5.3264,6.8099,1,1,7.4684,1,0.1,0.1,0.1,7.1584,15.8878,-4.3879,-8.56,-4.8755,16.0168,-4.2927,8.47,1.8973,16.7188,-4.4018,-8.63
105.799,12.0383,5.3475,6.7915,1,1,7.466,1,0.1,0.1,0.1,7.1885,15.8831,-4.3883,-8.56,-4.8487,16.0242,-4.2927,8.46,1.9064,16.7175,-4.4011,-8.64
105.899,12.0414,5.3691,6.7721,1,1,7.4633,1,0.1,0.1,0.1,7.2186,15.8785,-4.3886,-8.56,-4.8214,16.0317,-4.2928,8.45,1.9153,16.7159,-4.4002,-8.63
105.999,12.0439,5.3909,6.7521,1,1,7.4601,1,0.1,0.1,0.1,7.2488,15.874,-4.3885,-8.56,-4.7936,16.0394,-4.2928,8.45,1.9238,16.7145,-4.3995,-8.62
106.099,12.046,5.4126,6.7317,1,1,7.4568,1,0.1,0.1,0.1,7.2787,15.8696,-4.389,-8.57,-4.7656,16.0471,-4.2924,8.45,1.9323,16.7132,-4.3988,-8.61
106.199,12.0479,5.4347,6.7107,1,1,7.4532,1,0.1,0.1,0.1,7.3085,15.865,-4.3896,-8.58,-4.7374,16.0549,-4.292,8.46,1.9402,16.7117,-4.3983,-8.61
106.299,12.0494,5.4576,6.6885,1,1,7.4492,1,0.1,0.1,0.1,7.3385,15.8602,-4.39,-8.59,-4.7088,16.0626,-4.2922,8.46,1.9475,16.7098,-4.3979,-8.6
106.399,12.0504,5.4811,6.6651,1,1,7.4446,1,0.1,0.1,0.1,7.3687,15.8555,-4.3903,-8.62,-4.6794,16.0703,-4.2926,8.47,1.9542,16.7079,-4.3977,-8.58
106.499,12.0509,5.5046,6.6413,1,1,7.4396,1,0.1,0.1,0.1,7.3986,15.8513,-4.3909,-8.65,-4.6498,16.0781,-4.293,8.48,1.9609,16.7066,-4.3975,-8.57
106.599,12.0512,5.5281,6.6173,1,1,7.4345,1,0.1,0.1,0.1,7.4285,15.8473,-4.3913,-8.67,-4.62,16.0861,-4.2934,8.48,1.9674,16.7057,-4.3973,-8.56
106.699,12.052,5.552,6.5933,1,1,7.4295,1,0.1,0.1,0.1,7.4587,15.8436,-4.3916,-8.68,-4.5903,16.094,-4.2938,8.46,1.9739,16.7047,-4.3967,-8.56
106.799,12.053,5.5763,6.5692,1,1,7.4245,1,0.1,0.1,0.1,7.4889,15.8402,-4.3921,-8.68,-4.5608,16.1021,-4.2942,8.46,1.98,16.7041,-4.3963,-8.57
106.899,12.0539,5.6009,6.5447,1,0,7.4193,1,0.1,0.1,0.1,7.5191,15.8369,-4.3927,-8.68,-4.5313,16.1095,-4.2945,8.47,1.9856,16.7034,-4.3961,-8.58
106.999,12.055,5.6261,6.5199,1,0,7.4138,1,0.1,0.1,0.1,7.5495,15.8334,-4.3933,-8.67,-4.5018,16.1165,-4.2948,8.48,1.9909,16.7028,-4.3956,-8.58
107.099,12.0564,5.6519,6.4949,1,0,7.4083,1,0.1,0.1,0.1,7.5802,15.8297,-4.394,-8.65,-4.4722,16.1231,-4.2954,8.48,1.996,16.7022,-4.3951,-8.58
107.199,12.0574,5.678,6.4692,1,0,7.4025,1,0.1,0.1,0.1,7.6109,15.826,-4.3947,-8.64,-4.4423,16.1291,-4.2959,8.46,2.0008,16.7014,-4.3946,-8.57
107.299,12.0582,5.7048,6.4425,1,0,7.3962,1,0.1,0.1,0.1,7.6418,15.8221,-4.395,-8.63,-4.412,16.135,-4.2961,8.45,2.005,16.7003,-4.3938,-8.57
107.399,12.0587,5.7318,6.4154,1,0,7.3898,1,0.1,0.1,0.1,7.6726,15.8181,-4.3953,-8.62,-4.3814,16.141,-4.2968,8.44,2.0089,16.6993,-4.3929,-8.56
107.499,12.0593,5.7593,6.3879,1,0,7.3831,1,0.1,0.1,0.1,7.7035,15.8142,-4.396,-8.6,-4.3509,16.1463,-4.2975,8.43,2.0124,16.6982,-4.3923,-8.55
107.599,12.0598,5.7867,6.3605,1,0,7.3763,1,0.1,0.1,0.1,7.7342,15.8101,-4.3966,-8.59,-4.3204,16.1515,-4.2981,8.44,2.0159,16.6977,-4.3919,-8.54
107.699,12.0602,5.814,6.3333,1,0,7.3695,1,0.1,0.1,0.1,7.7648,15.8058,-4.3973,-8.59,-4.2899,16.1566,-4.2986,8.44,2.0196,16.6974,-4.3916,-8.54
107.799,12.0603,5.8411,6.3058,1,0,7.3626,1,0.1,0.1,0.1,7.7952,15.8014,-4.3978,-8.6,-4.2593,16.1616,-4.299,8.45,2.0232,16.6967,-4.3913,-8.54
107.899,12.0599,5.8678,6.2783,1,0,7.3555,1,0.1,0.1,0.1,7.8254,15.7972,-4.398,-8.6,-4.2285,16.1664,-4.2992,8.47,2.0268,16.6956,-4.391,-8.55
107.999,12.0596,5.8945,6.2508,1,0,7.3484,1,0.1,0.1,0.1,7.8553,15.7929,-4.3985,-8.61,-4.1979,16.1708,-4.2992,8.48,2.0302,16.6947,-4.3909,-8.55
108.099,12.0596,5.9215,6.2234,1,0,7.3413,1,0.1,0.1,0.1,7.8855,15.7886,-4.3992,-8.62,-4.1675,16.1751,-4.2995,8.48,2.0336,16.6936,-4.3906,-8.56
108.199,12.0598,5.9487,6.1958,1,0,7.3343,1,0.1,0.1,0.1,7.9158,15.7846,-4.3997,-8.63,-4.1371,16.1795,-4.2995,8.49,2.0368,16.6924,-4.3902,-8.56
108.299,12.06,5.9764,6.1678,1,0,7.3272,1,0.1,0.1,0.1,7.9462,15.7806,-4.3996,-8.64,-4.1066,16.1839,-4.2994,8.51,2.0397,16.6914,-4.3898,-8.56
108.399,12.0605,6.0048,6.1394,1,0,7.3199,1,0.1,0.1,0.1,7.9768,15.7769,-4.3992,-8.64,-4.0763,16.1885,-4.2998,8.52,2.0419,16.6908,-4.3893,-8.56
108.499,12.0611,6.0337,6.1107,1,0,7.3127,1,0.1,0.1,0.1,8.0072,15.7733,-4.3988,-8.64,-4.0462,16.1931,-4.2997,8.54,2.0436,16.6902,-4.3891,-8.54
108.599,12.0616,6.0623,6.0822,1,0,7.3053,1,0.1,0.1,0.1,8.0374,15.7694,-4.3986,-8.64,-4.0161,16.1974,-4.2989,8.55,2.0454,16.6899,-4.3893,-8.52
108.699,12.0618,6.0908,6.0536,1,0,7.2979,1,0.1,0.1,0.1,8.0674,15.7653,-4.3988,-8.63,-3.9861,16.2016,-4.2983,8.55,2.0472,16.6893,-4.3896,-8.51
108.799,12.0623,6.1193,6.0251,1,0,7.2906,1,0.1,0.1,0.1,8.0977,15.7613,-4.3986,-8.62,-3.956,16.2059,-4.2976,8.53,2.0491,16.6885,-4.3893,-8.5
108.899,12.0626,6.1479,5.9962,1,0,7.2832,1,0.1,0.1,0.1,8.1279,15.7572,-4.3983,-8.62,-3.9257,16.2103,-4.2971,8.52,2.0508,16.6876,-4.3889,-8.5
108.999,12.0633,6.177,5.9674,1,0,7.276,1,0.1,0.1,0.1,8.1585,15.7532,-4.3981,-8.63,-3.8955,16.2149,-4.297,8.51,2.0525,16.6871,-4.3884,-8.52
109.099,12.0643,6.2062,5.9389,1,0,7.2691,1,0.1,0.1,0.1,8.189,15.7491,-4.3977,-8.64,-3.8658,16.2199,-4.2972,8.51,2.054,16.6868,-4.3881,-8.52
109.199,12.0659,6.2353,5.9108,1,0,7.2625,1,0.1,0.1,0.1,8.2193,15.7449,-4.3974,-8.64,-3.8366,16.2253,-4.2976,8.5,2.0555,16.6865,-4.3879,-8.53
109.299,12.0671,6.2642,5.8827,1,0,7.2558,1,0.1,0.1,0.1,8.2493,15.7408,-4.3971,-8.63,-3.8074,16.2307,-4.298,8.49,2.0569,16.6863,-4.3879,-8.55
109.399,12.0684,6.2928,5.8549,1,0,7.2492,1,0.1,0.1,0.1,8.2792,15.7366,-4.3967,-8.62,-3.7785,16.2358,-4.2983,8.49,2.0584,16.6859,-4.3877,-8.56
109.499,12.0698,6.3213,5.8274,1,0,7.2427,1,0.1,0.1,0.1,8.3088,15.7321,-4.3962,-8.62,-3.7498,16.2406,-4.2982,8.5,2.0599,16.6853,-4.3875,-8.56
109.599,12.0711,6.3495,5.7999,1,0,7.2362,1,0.1,0.1,0.1,8.3384,15.7278,-4.3955,-8.61,-3.7212,16.2453,-4.2978,8.49,2.0614,16.6847,-4.3874,-8.57
109.699,12.0724,6.3779,5.7724,1,0,7.2297,1,0.1,0.1,0.1,8.3681,15.7235,-4.3951,-8.6,-3.6924,16.2501,-4.2975,8.49,2.063,16.6843,-4.3873,-8.57
109.799,12.0736,6.4065,5.7446,1,0,7.223,1,0.1,0.1,0.1,8.3982,15.7192,-4.395,-8.59,-3.6631,16.2549,-4.2974,8.49,2.0647,16.684,-4.3872,-8.56
109.899,12.0742,6.4348,5.7165,1,0,7.216,1,0.1,0.1,0.1,8.428,15.7148,-4.3948,-8.58,-3.6335,16.2596,-4.2978,8.49,2.0665,16.6837,-4.3868,-8.56
109.999,12.0743,6.4628,5.6881,1,0,7.2089,1,0.1,0.1,0.1,8.4573,15.7103,-4.3944,-8.57,-3.6038,16.2645,-4.2979,8.48,2.0682,16.6832,-4.3862,-8.56
110.099,12.0742,6.4911,5.6594,1,0,7.2016,1,0.1,0.1,0.1,8.4868,15.7057,-4.3943,-8.56,-3.5739,16.2692,-4.2978,8.48,2.0696,16.6829,-4.3856,-8.58
110.199,12.0743,6.5194,5.6308,1,0,7.1943,1,0.1,0.1,0.1,8.5162,15.7011,-4.3945,-8.55,-3.5442,16.2738,-4.2977,8.47,2.0711,16.6826,-4.3851,-8.62
110.299,12.0741,6.5467,5.6023,0,0,7.1863,1,0.1,0.1,0.1,8.5453,15.7027,-4.3943,-8.54,-3.5147,16.2782,-4.2973,8.47,2.0724,16.6821,-4.3846,-8.64
110.399,12.0734,6.5725,5.5739,0,0,7.1774,1,0.1,0.1,0.1,8.5742,15.7126,-4.3934,-8.52,-3.4854,16.2826,-4.2966,8.46,2.0735,16.6817,-4.3839,-8.64
110.499,12.0723,6.5973,5.5456,0,0,7.1675,1,0.1,0.1,0.1,8.6029,15.7293,-4.3916,-8.49,-3.4561,16.2869,-4.2954,8.44,2.0748,16.6816,-4.3834,-8.62
110.599,12.0705,6.6214,5.5169,0,0,7.1568,1,0.1,0.1,0.1,8.6316,15.7511,-4.3894,-8.47,-3.4265,16.2913,-4.2946,8.43,2.0759,16.6816,-4.3833,-8.6
110.699,12.0686,6.6453,5.488,0,0,7.1456,1,0.1,0.1,0.1,8.6604,15.7765,-4.3871,-8.46,-3.3967,16.2959,-4.2943,8.42,2.077,16.6818,-4.3831,-8.59
110.799,12.0661,6.6686,5.459,0,0,7.1339,1,0.1,0.1,0.1,8.689,15.8048,-4.3845,-8.45,-3.3666,16.3009,-4.2943,8.4,2.0783,16.6821,-4.3833,-8.57
110.899,12.0632,6.691,5.4305,0,0,7.1221,1,0.1,0.1,0.1,8.7172,15.835,-4.3818,-8.43,-3.3365,16.3062,-4.2941,8.4,2.0802,16.6829,-4.384,-8.55
110.999,12.0601,6.713,5.4021,0,0,7.1102,1,0.1,0.1,0.1,8.7454,15.8665,-4.379,-8.41,-3.3063,16.3116,-4.2941,8.41,2.0823,16.6837,-4.385,-8.54
111.099,12.0572,6.7304,5.3786,0,0,7.0996,1,0.1,0.1,0.1,8.7736,15.8988,-4.3764,-8.41,-3.2761,16.3165,-4.2945,8.42,2.0891,16.684,-4.3859,-8.52
111.199,12.0546,6.7415,5.3616,0,0,7.0912,1,0.1,0.1,0.1,8.8017,15.9316,-4.3741,-8.4,-3.2464,16.3211,-4.2951,8.42,2.1022,16.6828,-4.3868,-8.51
111.299,12.0519,6.7472,5.3497,0,0,7.0845,1,0.1,0.1,0.1,8.8296,15.9648,-4.3718,-8.4,-3.2166,16.3257,-4.2959,8.42,2.1206,16.6805,-4.388,-8.51
111.399,12.0491,6.7484,5.3422,0,0,7.0792,1,0.1,0.1,0.1,8.8574,15.9987,-4.3696,-8.4,-3.1869,16.3302,-4.2963,8.42,2.1432,16.6773,-4.3891,-8.51
111.499,12.0461,6.7466,5.3376,0,0,7.0747,1,0.1,0.1,0.1,8.8848,16.0332,-4.3674,-8.4,-3.1573,16.3348,-4.2967,8.41,2.1687,16.6734,-4.3898,-8.52
111.599,12.0372,6.7366,5.3351,0,0,7.0689,1,0.1,0.1,0.1,8.9062,16.0702,-4.3655,-8.07,-3.1278,16.3399,-4.2967,8.4,2.1963,16.6691,-4.3898,-8.53
111.699,12.0201,6.7169,5.334,0,0,7.0608,1,0.1,0.1,0.1,8.9194,16.1103,-4.3638,-7.31,-3.0982,16.3453,-4.2966,8.4,2.2255,16.6646,-4.3897,-8.53
111.799,11.9963,6.6891,5.3345,0,0,7.0508,1,0.1,0.1,0.1,8.9255,16.1528,-4.3623,-6.13,-3.069,16.3507,-4.2965,8.42,2.2558,16.6598,-4.3899,-8.53
111.899,11.967,6.6544,5.3363,0,0,7.0392,1,0.1,0.1,0.1,8.9258,16.1975,-4.361,-4.64,-3.04,16.3562,-4.2961,8.43,2.2872,16.6547,-4.3904,-8.54
111.999,11.9332,6.6146,5.3389,0,0,7.0263,1,0.1,0.1,0.1,8.9215,16.2436,-4.3601,-2.94,-3.0109,16.3617,-4.2955,8.43,2.3194,16.6495,-4.3912,-8.55
112.099,11.8959,6.5714,5.3417,0,0,7.0123,1,0.1,0.1,0.1,8.914,16.2908,-4.3594,-1.11,-2.9815,16.3674,-4.2949,8.42,2.3521,16.6444,-4.3922,-8.55
112.199,11.856,6.5257,5.3447,0,0,6.9973,1,0.1,0.1,0.1,8.9036,16.3389,-4.3588,0.78,-2.9522,16.373,-4.295,8.41,2.3849,16.6394,-4.3934,-8.55
112.299,11.8139,6.478,5.3476,0,0,6.9815,1,0.1,0.1,0.1,8.891,16.3867,-4.358,2.7,-2.9228,16.3785,-4.295,8.41,2.4178,16.6345,-4.3943,-8.55
112.399,11.7705,6.4294,5.3505,0,0,6.9653,1,0.1,0.1,0.1,8.8769,16.4342,-4.357,4.61,-2.8933,16.3839,-4.2951,8.41,2.4506,16.6297,-4.3952,-8.54
112.499,11.7263,6.3802,5.3535,0,0,6.9487,1,0.1,0.1,0.1,8.8617,16.4815,-4.3558,6.48,-2.864,16.3892,-4.2952,8.41,2.4833,16.625,-4.3961,-8.54
112.599,11.6816,6.3304,5.3568,0,0,6.9321,1,0.1,0.1,0.1,8.8456,16.5286,-4.3542,8.3,-2.8351,16.394,-4.2951,8.42,2.516,16.6201,-4.3968,-8.53
112.699,11.6362,6.2804,5.36,0,0,6.915,1,0.1,0.1,0.1,8.8288,16.5754,-4.3524,10.06,-2.8059,16.3985,-4.2949,8.43,2.5487,16.6153,-4.3975,-8.51
112.799,11.5903,6.2306,5.3627,0,0,6.8977,1,0.1,0.1,0.1,8.8116,16.6222,-4.3508,11.76,-2.7765,16.4031,-4.2945,8.43,2.5812,16.6104,-4.3981,-8.5
112.899,11.5443,6.1806,5.3658,0,0,6.8803,1,0.1,0.1,0.1,8.794,16.6685,-4.3492,13.4,-2.7472,16.4076,-4.294,8.43,2.6139,16.6056,-4.3981,-8.5
112.999,11.4982,6.131,5.3687,0,0,6.8629,1,0.1,0.1,0.1,8.7761,16.7141,-4.3477,14.95,-2.718,16.4117,-4.2939,8.43,2.6464,16.6007,-4.3983,-8.5
113.099,11.4515,6.0814,5.3712,0,0,6.8451,1,0.1,0.1,0.1,8.7578,16.7595,-4.3464,16.45,-2.6884,16.4154,-4.2939,8.43,2.6788,16.5954,-4.3986,-8.51
113.199,11.4044,6.032,5.3736,0,0,6.827,1,0.1,0.1,0.1,8.739,16.8043,-4.3455,17.88,-2.6587,16.4188,-4.294,8.43,2.7111,16.5901,-4.3988,-8.51
113.299,11.3574,5.9832,5.3755,0,0,6.8088,1,0.1,0.1,0.1,8.7204,16.8484,-4.3449,19.24,-2.6289,16.422,-4.2939,8.43,2.7432,16.5847,-4.3988,-8.51
113.399,11.3103,5.9355,5.3767,0,0,6.7904,1,0.1,0.1,0.1,8.7019,16.8921,-4.3445,20.52,-2.5986,16.4253,-4.294,8.43,2.7749,16.5795,-4.3989,-8.51
113.499,11.2639,5.8888,5.378,0,0,6.7722,1,0.1,0.1,0.1,8.6839,16.9355,-4.3443,21.73,-2.5685,16.4288,-4.2945,8.43,2.8065,16.5745,-4.3991,-8.51
113.599,11.218,5.8428,5.3792,0,0,6.7541,1,0.1,0.1,0.1,8.6662,16.9786,-4.3444,22.89,-2.5384,16.4323,-4.2949,8.43,2.838,16.5699,-4.3993,-8.51
113.699,11.1719,5.7973,5.3799,0,0,6.7359,1,0.1,0.1,0.1,8.6487,17.0212,-4.3445,23.99,-2.5078,16.4358,-4.2955,8.44,2.8695,16.5654,-4.3992,-8.51
113.799,11.1273,5.7522,5.3819,0,0,6.7168,1,0.1,0.1,0.1,8.6311,17.0633,-4.3448,25.05,-2.4783,16.4326,-4.2968,8.37,2.9011,16.5609,-4.3991,-8.51
113.899,11.0849,5.7077,5.3854,0,0,6.6967,1,0.1,0.1,0.1,8.6137,17.105,-4.3451,26.05,-2.45,16.4205,-4.2985,8.19,2.9327,16.556,-4.3985,-8.49
113.999,11.045,5.6645,5.3899,0,0,6.6759,1,0.1,0.1,0.1,8.5969,17.1466,-4.3456,27.01,-2.4228,16.4012,-4.3005,7.95,2.9641,16.5508,-4.3976,-8.48
114.099,11.0068,5.6219,5.3954,0,0,6.6545,1,0.1,0.1,0.1,8.5804,17.188,-4.346,27.93,-2.3963,16.3764,-4.3026,7.68,2.9956,16.5457,-4.3976,-8.46
114.199,10.9703,5.5801,5.4017,0,0,6.6328,1,0.1,0.1,0.1,8.5643,17.229,-4.3464,28.78,-2.3704,16.3472,-4.3048,7.39,3.027,16.5407,-4.3981,-8.45
114.299,10.9355,5.5392,5.4089,0,0,6.611,1,0.1,0.1,0.1,8.5486,17.2696,-4.3468,29.6,-2.3451,16.3148,-4.3074,7.08,3.0585,16.5357,-4.3988,-8.45
114.399,10.9022,5.4989,5.4167,0,0,6.5893,1,0.1,0.1,0.1,8.5333,17.3098,-4.347,30.37,-2.3201,16.2801,-4.3102,6.77,3.0901,16.5307,-4.3994,-8.45
114.499,10.8698,5.4593,5.4249,0,0,6.5675,1,0.1,0.1,0.1,8.5181,17.3501,-4.347,31.11,-2.2953,16.2439,-4.313,6.46,3.1216,16.5256,-4.3999,-8.46
114.599,10.8386,5.4205,5.4334,0,0,6.5458,1,0.1,0.1,0.1,8.5029,17.3907,-4.3466,31.81,-2.2708,16.2065,-4.3157,6.16,3.1529,16.5204,-4.4004,-8.46
114.699,10.8084,5.3825,5.4424,0,0,6.5242,1,0.1,0.1,0.1,8.4878,17.4313,-4.3459,32.48,-2.2465,16.1684,-4.3181,5.87,3.1842,16.5151,-4.4007,-8.46
114.799,10.7793,5.3449,5.452,0,0,6.503,1,0.1,0.1,0.1,8.4731,17.472,-4.3455,33.1,-2.2223,16.1298,-4.3203,5.59,3.2159,16.5097,-4.4008,-8.45
114.899,10.751,5.308,5.4618,0,0,6.4819,1,0.1,0.1,0.1,8.4585,17.5126,-4.3452,33.7,-2.198,16.0907,-4.3224,5.31,3.2476,16.5039,-4.4008,-8.45
114.999,10.7205,5.2721,5.4685,0,0,6.459,1,0.1,0.1,0.1,8.4441,17.5532,-4.3449,34.27,-2.1707,16.0513,-4.3245,5.05,3.279,16.4979,-4.4003,-8.45
115.099,10.6869,5.2371,5.4711,0,0,6.4335,1,0.1,0.1,0.1,8.4298,17.5938,-4.3443,34.82,-2.1393,16.0119,-4.3265,4.8,3.3101,16.4923,-4.3996,-8.45
115.199,10.651,5.203,5.4706,0,0,6.4062,1,0.1,0.1,0.1,8.4159,17.6341,-4.3439,35.33,-2.1047,15.9724,-4.3279,4.57,3.3412,16.4871,-4.3993,-8.46
115.299,10.614,5.1701,5.4678,0,0,6.3777,1,0.1,0.1,0.1,8.4024,17.674,-4.344,35.83,-2.0678,15.9328,-4.3292,4.35,3.3719,16.482,-4.3993,-8.46
115.399,10.5807,5.138,5.4678,0,0,6.3507,1,0.1,0.1,0.1,8.3893,17.7141,-4.3443,36.3,-2.0333,15.8921,-4.3309,4.06,3.4027,16.4773,-4.3996,-8.48
115.499,10.5527,5.1066,5.4726,0,0,6.3266,1,0.1,0.1,0.1,8.3763,17.7544,-4.3444,36.75,-2.0033,15.8506,-4.3327,3.68,3.4334,16.4727,-4.3998,-8.48
115.599,10.5297,5.0767,5.481,0,0,6.305,1,0.1,0.1,0.1,8.3637,17.7948,-4.3447,37.18,-1.9769,15.8086,-4.3347,3.25,3.4638,16.468,-4.3996,-8.48
115.699,10.5109,5.0482,5.4921,0,0,6.2856,1,0.1,0.1,0.1,8.3517,17.835,-4.3451,37.58,-1.9536,15.7662,-4.3373,2.79,3.4938,16.4631,-4.3994,-8.48
115.799,10.495,5.0207,5.5054,0,0,6.2676,1,0.1,0.1,0.1,8.3397,17.8752,-4.3452,37.96,-1.9323,15.7236,-4.3404,2.31,3.5235,16.4584,-4.3994,-8.48
115.899,10.4807,4.9936,5.5198,0,0,6.2504,1,0.1,0.1,0.1,8.3275,17.9155,-4.3451,38.33,-1.9122,15.6812,-4.3439,1.84,3.5529,16.4538,-4.3992,-8.49
115.999,10.4679,4.9673,5.5351,0,0,6.234,1,0.1,0.1,0.1,8.3152,17.956,-4.3453,38.67,-1.8931,15.6389,-4.3479,1.37,3.5822,16.4491,-4.3991,-8.5
116.099,10.4566,4.9416,5.5517,0,0,6.2185,1,0.1,0.1,0.1,8.3028,17.9964,-4.3457,38.99,-1.8748,15.597,-4.352,0.92,3.6116,16.444,-4.3988,-8.51
116.199,10.4469,4.9169,5.5689,0,0,6.2037,1,0.1,0.1,0.1,8.2905,18.037,-4.3459,39.29,-1.8573,15.5553,-4.3559,0.47,3.6409,16.4389,-4.3987,-8.51
116.299,10.4385,4.893,5.5868,0,0,6.1895,1,0.1,0.1,0.1,8.2787,18.0775,-4.3463,39.57,-1.84,15.5136,-4.3597,0.03,3.6703,16.4337,-4.3989,-8.52
116.399,10.4315,4.8702,5.6051,0,0,6.1758,1,0.1,0.1,0.1,8.2671,18.1181,-4.3466,39.84,-1.8231,15.4719,-4.3632,-0.38,3.6997,16.4285,-4.399,-8.53
116.499,10.4261,4.8486,5.6241,0,0,6.1628,1,0.1,0.1,0.1,8.256,18.1588,-4.3469,40.08,-1.8067,15.4302,-4.3662,-0.77,3.7289,16.4232,-4.3987,-8.52
116.599,10.4223,4.8279,5.644,0,0,6.1506,1,0.1,0.1,0.1,8.2452,18.1997,-4.347,40.32,-1.7908,15.3883,-4.3691,-1.15,3.7585,16.4177,-4.3985,-8.52
116.699,10.4196,4.8077,5.6647,0,0,6.1388,1,0.1,0.1,0.1,8.2344,18.2408,-4.3468,40.55,-1.7751,15.3466,-4.3718,-1.52,3.7884,16.412,-4.3987,-8.51
116.799,10.4172,4.7877,5.6858,0,0,6.1274,1,0.1,0.1,0.1,8.2237,18.2816,-4.3466,40.77,-1.7592,15.3051,-4.3739,-1.87,3.8189,16.4062,-4.3986,-8.5
116.899,10.415,4.7679,5.7069,0,0,6.1163,1,0.1,0.1,0.1,8.2129,18.3218,-4.3464,40.99,-1.7432,15.2642,-4.3756,-2.2,3.8494,16.4008,-4.3986,-8.49
116.999,10.4133,4.749,5.7279,0,0,6.1053,1,0.1,0.1,0.1,8.202,18.3622,-4.3466,41.18,-1.7271,15.2238,-4.3772,-2.5,3.8796,16.3956,-4.3983,-8.48
117.099,10.4121,4.731,5.7487,0,0,6.0945,1,0.1,0.1,0.1,8.191,18.4026,-4.347,41.36,-1.7112,15.1842,-4.3788,-2.79,3.9095,16.3907,-4.3986,-8.48
117.199,10.4108,4.7137,5.7689,0,0,6.0836,1,0.1,0.1,0.1,8.1801,18.4432,-4.3473,41.53,-1.6947,15.1457,-4.3803,-3.07,3.9393,16.3861,-4.3996,-8.48
117.299,10.4101,4.6974,5.7891,0,0,6.0731,1,0.1,0.1,0.1,8.1695,18.4843,-4.3478,41.7,-1.6779,15.1083,-4.3816,-3.33,3.9693,16.3816,-4.4007,-8.47
117.399,10.4097,4.6819,5.809,0,0,6.0629,1,0.1,0.1,0.1,8.1592,18.5255,-4.348,41.87,-1.661,15.0724,-4.3826,-3.58,3.9995,16.3773,-4.4017,-8.46
117.499,10.4091,4.6675,5.8282,0,0,6.0529,1,0.1,0.1,0.1,8.149,18.5667,-4.348,42.03,-1.6438,15.0383,-4.3835,-3.81,4.0295,16.373,-4.4022,-8.47
117.599,10.4082,4.6538,5.8466,0,0,6.043,1,0.1,0.1,0.1,8.1389,18.6074,-4.3481,42.18,-1.6263,15.0061,-4.3844,-4.04,4.0593,16.3688,-4.4021,-8.49
117.699,10.4072,4.6409,5.8644,0,0,6.0335,1,0.1,0.1,0.1,8.1291,18.6476,-4.348,42.32,-1.6087,14.9757,-4.3855,-4.25,4.0888,16.3649,-4.4017,-8.52
117.799,10.4061,4.6285,5.8821,0,0,6.0243,1,0.1,0.1,0.1,8.1193,18.6878,-4.3479,42.46,-1.5911,14.947,-4.3866,-4.47,4.1184,16.3611,-4.4011,-8.54
117.899,10.405,4.6169,5.8993,0,0,6.0153,1,0.1,0.1,0.1,8.1099,18.7278,-4.3481,42.58,-1.5732,14.9199,-4.3876,-4.67,4.1482,16.3575,-4.4,-8.57
117.999,10.4038,4.6062,5.9159,0,0,6.0064,1,0.1,0.1,0.1,8.1006,18.768,-4.3486,42.7,-1.555,14.8943,-4.3882,-4.86,4.1779,16.354,-4.3989,-8.58
118.099,10.4027,4.5966,5.9322,0,0,5.9979,1,0.1,0.1,0.1,8.0912,18.8085,-4.3492,42.82,-1.537,14.8702,-4.3885,-5.06,4.2075,16.3503,-4.3983,-8.6
118.199,10.4014,4.588,5.948,0,0,5.9896,1,0.1,0.1,0.1,8.0818,18.8493,-4.3496,42.94,-1.5192,14.8479,-4.3887,-5.24,4.2371,16.3461,-4.3975,-8.6
118.299,10.3998,4.5805,5.963,0,0,5.9815,1,0.1,0.1,0.1,8.0723,18.89,-4.3498,43.06,-1.5011,14.8275,-4.3889,-5.4,4.2665,16.3415,-4.3965,-8.59
118.399,10.398,4.574,5.9774,0,0,5.9734,1,0.1,0.1,0.1,8.0632,18.9307,-4.3497,43.16,-1.4827,14.8083,-4.3892,-5.56,4.296,16.3369,-4.3956,-8.58
118.499,10.3963,4.5682,5.9917,0,0,5.9656,1,0.1,0.1,0.1,8.0542,18.9715,-4.3493,43.24,-1.4642,14.7904,-4.3897,-5.72,4.3257,16.3325,-4.3951,-8.58
118.599,10.3945,4.5632,6.0056,0,0,5.9579,1,0.1,0.1,0.1,8.0454,19.0121,-4.3489,43.32,-1.4456,14.7735,-4.3904,-5.86,4.3555,16.3279,-4.395,-8.57
118.699,10.3922,4.5594,6.0184,0,0,5.9499,1,0.1,0.1,0.1,8.0367,19.0527,-4.3485,43.4,-1.4262,14.7573,-4.3911,-5.99,4.385,16.323,-4.3954,-8.57
118.799,10.3899,4.557,6.0304,0,0,5.9417,1,0.1,0.1,0.1,8.0281,19.0936,-4.3481,43.47,-1.4066,14.7422,-4.3914,-6.12,4.4143,16.3179,-4.3957,-8.57
118.899,10.3875,4.5558,6.0416,0,0,5.9334,1,0.1,0.1,0.1,8.0196,19.1348,-4.3474,43.54,-1.3866,14.728,-4.3913,-6.24,4.4433,16.3128,-4.3958,-8.57
118.999,10.3849,4.5554,6.0523,0,0,5.9251,1,0.1,0.1,0.1,8.011,19.176,-4.3467,43.6,-1.3666,14.7145,-4.3914,-6.37,4.4722,16.3078,-4.3959,-8.57
119.099,10.3822,4.5557,6.0629,0,0,5.9169,1,0.1,0.1,0.1,8.0022,19.2172,-4.3462,43.66,-1.3465,14.7018,-4.3918,-6.47,4.5012,16.3025,-4.3959,-8.56
119.199,10.3795,4.5569,6.0733,0,1,5.9087,1,0.1,0.1,0.1,7.9934,19.2587,-4.3461,43.72,-1.3264,14.6899,-4.3923,-6.58,4.5303,16.2973,-4.3961,-8.55
119.299,10.377,4.5591,6.0833,0,1,5.9005,1,0.1,0.1,0.1,7.9847,19.3005,-4.3462,43.78,-1.3061,14.6787,-4.3926,-6.67,4.5594,16.2921,-4.3959,-8.55
119.399,10.3747,4.5623,6.0933,0,1,5.8926,1,0.1,0.1,0.1,7.9763,19.3425,-4.3466,43.84,-1.2857,14.6684,-4.3926,-6.75,4.5886,16.287,-4.3953,-8.55
119.499,10.3724,4.5661,6.1032,0,1,5.8847,1,0.1,0.1,0.1,7.968,19.3844,-4.3466,43.9,-1.2651,14.6585,-4.3921,-6.83,4.6183,16.2818,-4.3943,-8.54
119.599,10.37,4.571,6.1126,0,1,5.8768,1,0.1,0.1,0.1,7.9599,19.4263,-4.3469,43.95,-1.2442,14.6494,-4.3915,-6.91,4.6479,16.2762,-4.3937,-8.54
119.699,10.3672,4.5766,6.1217,0,1,5.8689,1,0.1,0.1,0.1,7.9516,19.468,-4.3472,44.0,-1.2232,14.6411,-4.3911,-6.99,4.6778,16.2703,-4.3935,-8.54
119.799,10.3643,4.5827,6.1309,0,1,5.8612,1,0.1,0.1,0.1,7.9433,19.5093,-4.3473,44.04,-1.2023,14.6332,-4.3907,-7.08,4.7076,16.2643,-4.3933,-8.54
119.899,10.3616,4.5893,6.1399,0,1,5.8536,1,0.1,0.1,0.1,7.9348,19.5501,-4.3471,44.08,-1.1817,14.6257,-4.3906,-7.17,4.7371,16.2586,-4.3932,-8.54
119.999,10.3592,4.5966,6.1488,0,1,5.846,1,0.1,0.1,0.1,7.9265,19.5909,-4.3469,44.12,-1.1612,14.6185,-4.3905,-7.26,4.7664,16.2532,-4.3934,-8.54
120.099,10.3567,4.6046,6.1574,0,1,5.8383,1,0.1,0.1,0.1,7.918,19.6318,-4.3471,44.16,-1.1405,14.6116,-4.3907,-7.34,4.7956,16.2479,-4.3935,-8.54
120.199,10.35,4.6093,6.1658,0,1,5.8296,1,0.1,0.1,0.1,7.9064,19.6696,-4.3473,44.21,-1.1197,14.605,-4.3911,-7.41,4.8247,16.2423,-4.3938,-8.53
120.299,10.3382,4.6094,6.174,0,1,5.8195,1,0.1,0.1,0.1,7.8908,19.7039,-4.3475,44.26,-1.0987,14.5985,-4.3913,-7.47,4.854,16.2366,-4.394,-8.53
120.399,10.322,4.6061,6.1815,0,1,5.8082,1,0.1,0.1,0.1,7.8722,19.7351,-4.3478,44.31,-1.0772,14.5922,-4.3916,-7.54,4.8831,16.2309,-4.3939,-8.54
120.499,10.3029,4.6004,6.189,0,1,5.7962,1,0.1,0.1,0.1,7.8515,19.7639,-4.3481,44.36,-1.0557,14.5862,-4.3919,-7.61,4.9124,16.2251,-4.3939,-8.55
120.599,10.2819,4.5934,6.1967,0,1,5.784,1,0.1,0.1,0.1,7.8293,19.7911,-4.3484,44.41,-1.0344,14.5804,-4.3925,-7.67,4.9418,16.2191,-4.3945,-8.55
120.699,10.2592,4.5849,6.2048,0,1,5.7714,1,0.1,0.1,0.1,7.8056,19.8171,-4.3481,44.45,-1.013,14.5748,-4.3932,-7.72,4.9716,16.2134,-4.3955,-8.54
120.799,10.235,4.5752,6.2133,0,1,5.7585,1,0.1,0.1,0.1,7.7806,19.8424,-4.3476,44.49,-0.9916,14.5695,-4.3935,-7.77,5.0018,16.2081,-4.3968,-8.54
120.899,10.2093,4.5647,6.2217,0,1,5.7452,1,0.1,0.1,0.1,7.7545,19.8669,-4.3471,44.53,-0.9699,14.5647,-4.3935,-7.8,5.0322,16.2032,-4.3979,-8.54
120.999,10.1827,4.554,6.2301,0,1,5.7317,1,0.1,0.1,0.1,7.7278,19.8909,-4.3465,44.57,-0.9481,14.5603,-4.3936,-7.82,5.0628,16.1985,-4.3988,-8.53
121.099,10.1559,4.5437,6.2383,0,1,5.718,1,0.1,0.1,0.1,7.7008,19.9145,-4.3459,44.59,-0.9263,14.5561,-4.3941,-7.85,5.0931,16.1939,-4.3994,-8.51
121.199,10.1291,4.5335,6.2469,0,1,5.7044,1,0.1,0.1,0.1,7.6734,19.9379,-4.3453,44.61,-0.9048,14.5516,-4.3947,-7.88,5.1235,16.1898,-4.3996,-8.5
121.299,10.1026,4.5239,6.2559,0,1,5.6908,1,0.1,0.1,0.1,7.6454,19.9612,-4.3448,44.63,-0.8836,14.5468,-4.395,-7.9,5.1538,16.1857,-4.3998,-8.49
121.399,10.0762,4.5153,6.2647,0,1,5.6772,1,0.1,0.1,0.1,7.6175,19.9844,-4.3445,44.65,-0.8624,14.5421,-4.3951,-7.93,5.1841,16.1814,-4.3996,-8.48
121.499,10.05,4.5078,6.2734,0,1,5.6635,1,0.1,0.1,0.1,7.5897,20.0078,-4.3442,44.67,-0.8411,14.5376,-4.3952,-7.95,5.2143,16.1771,-4.3991,-8.49
121.599,10.0242,4.5006,6.2823,0,1,5.6499,1,0.1,0.1,0.1,7.5616,20.0312,-4.3439,44.69,-0.8198,14.5327,-4.3952,-7.97,5.2445,16.1733,-4.3984,-8.49
121.699,9.9984,4.4944,6.2908,0,1,5.6359,1,0.1,0.1,0.1,7.5334,20.0547,-4.3433,44.71,-0.7983,14.5277,-4.3955,-7.99,5.2745,16.1695,-4.3977,-8.5
121.799,9.9737,4.4875,6.2991,0,1,5.6235,1,0.1,0.1,0.1,7.5098,20.0733,-4.3424,44.74,-0.7766,14.5229,-4.3958,-8.01,5.3045,16.1655,-4.397,-8.51
121.899,9.9513,4.4789,6.3071,0,1,5.237,1,0.1,0.1,0.1,7.4935,20.085,-4.3416,44.77,-0.755,14.5183,-4.3958,-8.04,5.3344,16.1612,-4.3966,-8.53
121.999,9.9311,4.4689,6.3151,0,1,5.2293,1,0.1,0.1,0.1,7.4838,20.0907,-4.3407,44.8,-0.7335,14.514,-4.3957,-8.07,5.3641,16.1569,-4.3965,-8.55
122.099,9.9126,4.4574,6.323,0,1,5.2232,1,0.1,0.1,0.1,7.4792,20.0918,-4.3399,44.83,-0.7119,14.5095,-4.3954,-8.1,5.3939,16.1527,-4.3967,-8.55
122.199,9.8956,4.4445,6.3314,0,1,5.2186,1,0.1,0.1,0.1,7.4787,20.0891,-4.339,44.86,-0.6903,14.5047,-4.3949,-8.13,5.424,16.1486,-4.3968,-8.55
122.299,9.8797,4.431,6.3398,0,1,5.2151,1,0.1,0.1,0.1,7.4812,20.084,-4.3382,44.89,-0.6686,14.4997,-4.3945,-8.15,5.4542,16.1443,-4.3965,-8.54
122.399,9.865,4.4173,6.3483,0,1,5.2125,1,0.1,0.1,0.1,7.4864,20.077,-4.3377,44.92,-0.6471,14.4947,-4.3941,-8.19,5.4843,16.1399,-4.3958,-8.53
122.499,9.8511,4.403,6.3566,0,1,5.2106,1,0.1,0.1,0.1,7.4937,20.0682,-4.3373,44.94,-0.6256,14.4898,-4.3938,-8.22,5.5142,16.1357,-4.3948,-8.54
122.599,9.8376,4.3881,6.365,0,1,5.2092,1,0.1,0.1,0.1,7.5023,20.0577,-4.3369,44.96,-0.6042,14.4845,-4.3936,-8.25,5.5442,16.1312,-4.3937,-8.55
122.699,9.8243,4.3728,6.3732,0,1,5.208,1,0.1,0.1,0.1,7.5117,20.0464,-4.3365,44.98,-0.5826,14.4789,-4.3935,-8.28,5.574,16.1267,-4.393,-8.56
122.799,9.811,4.3576,6.3813,0,1,5.2067,1,0.1,0.1,0.1,7.5213,20.0349,-4.3362,45.0,-0.561,14.4735,-4.3934,-8.3,5.6036,16.1224,-4.3929,-8.57
122.899,9.7979,4.343,6.3892,0,1,5.2054,1,0.1,0.1,0.1,7.5309,20.0238,-4.3362,45.02,-0.5394,14.4682,-4.3934,-8.32,5.6332,16.1178,-4.393,-8.56
122.999,9.7849,4.3309,6.3955,0,1,5.2037,1,0.1,0.1,0.1,7.5404,20.0132,-4.3363,45.03,-0.5177,14.4627,-4.3932,-8.33,5.6617,16.1114,-4.3934,-8.56
123.099,9.7718,4.3214,6.4002,0,1,5.2014,1,0.1,0.1,0.1,7.5495,20.003,-4.3364,45.04,-0.4958,14.4571,-4.3932,-8.35,5.6891,16.1029,-4.3938,-8.57
123.199,9.7588,4.314,6.4036,0,1,5.1989,1,0.1,0.1,0.1,7.5587,19.993,-4.3366,45.05,-0.4739,14.4515,-4.3931,-8.35,5.7158,16.0928,-4.3943,-8.58
123.299,9.7462,4.3065,6.4074,0,1,5.1964,1,0.1,0.1,0.1,7.568,19.9833,-4.3362,45.05,-0.4521,14.4459,-4.3927,-8.37,5.7425,16.0833,-4.3953,-8.58
123.399,9.7339,4.2995,6.4114,0,1,5.194,1,0.1,0.1,0.1,7.5767,19.9746,-4.3359,45.05,-0.4305,14.4403,-4.3923,-8.39,5.7692,16.0739,-4.3965,-8.59
123.499,9.7214,4.2935,6.4152,0,1,5.1912,1,0.1,0.1,0.1,7.5846,19.9665,-4.3359,45.06,-0.409,14.4345,-4.3921,-8.4,5.7958,16.0639,-4.3973,-8.6
123.599,9.7084,4.2882,6.4188,0,1,5.1881,1,0.1,0.1,0.1,7.5917,19.9594,-4.3361,45.06,-0.3874,14.4291,-4.3921,-8.41,5.8225,16.0536,-4.3979,-8.6
123.699,9.6948,4.2838,6.4219,0,1,5.1845,1,0.1,0.1,0.1,7.5976,19.9529,-4.3363,45.07,-0.3657,14.4236,-4.392,-8.42,5.8488,16.0428,-4.3985,-8.61
123.799,9.6811,4.2798,6.4245,0,1,5.1806,1,0.1,0.1,0.1,7.6035,19.9463,-4.3364,45.07,-0.3437,14.4181,-4.3918,-8.43,5.8748,16.0316,-4.3988,-8.6
123.899,9.6674,4.2759,6.4265,0,1,5.1766,1,0.1,0.1,0.1,7.6101,19.9393,-4.3364,45.07,-0.3213,14.4124,-4.3919,-8.45,5.9008,16.0204,-4.3996,-8.6
123.999,9.6536,4.272,6.4283,0,1,5.1725,1,0.1,0.1,0.1,7.6171,19.9322,-4.3366,45.07,-0.2986,14.4069,-4.3922,-8.45,5.9267,16.0094,-4.4007,-8.6
124.099,9.6397,4.2673,6.4307,0,1,5.1687,1,0.1,0.1,0.1,7.6243,19.9252,-4.3369,45.08,-0.2759,14.4018,-4.3927,-8.45,5.9532,15.9993,-4.4017,-8.6
124.199,9.6262,4.2603,6.4346,0,1,5.1653,1,0.1,0.1,0.1,7.6314,19.9183,-4.3373,45.09,-0.2535,14.3967,-4.3933,-8.45,5.9803,15.9915,-4.4026,-8.6
124.299,9.6124,4.2512,6.4397,0,1,5.1619,1,0.1,0.1,0.1,7.6384,19.9116,-4.3377,45.1,-0.231,14.3918,-4.394,-8.46,6.0083,15.9859,-4.4035,-8.6
124.399,9.5984,4.2409,6.4456,0,1,5.1586,1,0.1,0.1,0.1,7.645,19.9053,-4.3382,45.1,-0.2084,14.3871,-4.3946,-8.46,6.0368,15.9817,-4.4041,-8.59
124.499,9.5845,4.2293,6.4529,0,1,5.1555,1,0.1,0.1,0.1,7.6511,19.8995,-4.3388,45.1,-0.1861,14.3823,-4.3948,-8.45,6.0662,15.9789,-4.4043,-8.59
124.599,9.5704,4.2165,6.4611,0,1,5.1524,1,0.1,0.1,0.1,7.6563,19.8941,-4.3396,45.09,-0.1639,14.3775,-4.3951,-8.45,6.0959,15.9775,-4.4044,-8.6
124.699,9.5559,4.2037,6.4692,0,1,5.1491,1,0.1,0.1,0.1,7.6611,19.8891,-4.3402,45.07,-0.1417,14.3729,-4.395,-8.44,6.1257,15.9763,-4.4041,-8.59
124.799,9.5417,4.1903,6.4773,0,1,5.1459,1,0.1,0.1,0.1,7.6669,19.8833,-4.3405,45.07,-0.1194,14.3683,-4.3945,-8.43,6.1553,15.9756,-4.404,-8.58
124.899,9.528,4.1758,6.4858,0,1,5.1435,1,0.1,0.1,0.1,7.674,19.8759,-4.3408,45.06,-0.0973,14.3635,-4.3936,-8.44,6.1851,15.9751,-4.4038,-8.58
124.999,9.515,4.16,6.495,0,1,5.1419,1,0.1,0.1,0.1,7.6826,19.8671,-4.3408,45.06,-0.0757,14.3587,-4.3928,-8.45,6.215,15.9751,-4.4037,-8.59
125.099,9.5027,4.1436,6.5052,0,1,5.1409,1,0.1,0.1,0.1,7.6917,19.8577,-4.3408,45.05,-0.0545,14.3536,-4.3925,-8.44,6.2453,15.9753,-4.4037,-8.59
125.199,9.4901,4.1269,6.5151,0,1,5.1399,1,0.1,0.1,0.1,7.701,19.8477,-4.3406,45.05,-0.0332,14.3486,-4.3923,-8.44,6.2755,15.9753,-4.4037,-8.59
125.299,9.4771,4.1102,6.5249,0,1,5.1386,1,0.1,0.1,0.1,7.7101,19.8378,-4.3405,45.06,-0.0116,14.3436,-4.3922,-8.44,6.3059,15.9754,-4.4031,-8.6
125.399,9.4642,4.0944,6.5344,0,1,5.1371,1,0.1,0.1,0.1,7.7189,19.8287,-4.3407,45.05,0.0103,14.3382,-4.3925,-8.45,6.3363,15.9754,-4.4021,-8.61
125.499,9.4515,4.0796,6.5439,0,1,5.1353,1,0.1,0.1,0.1,7.7272,19.8206,-4.3407,45.04,0.0322,14.3328,-4.3932,-8.47,6.3667,15.975,-4.4012,-8.61
125.599,9.4385,4.0654,6.5531,0,1,5.1334,1,0.1,0.1,0.1,7.735,19.8129,-4.3405,45.04,0.054,14.3277,-4.3938,-8.49,6.3968,15.9745,-4.4003,-8.6
125.699,9.4252,4.0515,6.562,0,1,5.1314,1,0.1,0.1,0.1,7.7425,19.8055,-4.3402,45.03,0.0759,14.3233,-4.3945,-8.49,6.4269,15.974,-4.3989,-8.59
125.799,9.412,4.0385,6.5709,0,1,5.1294,1,0.1,0.1,0.1,7.7499,19.7988,-4.3398,45.03,0.0976,14.3193,-4.3949,-8.49,6.4569,15.9733,-4.3973,-8.58
125.899,9.3989,4.0264,6.5798,0,1,5.1273,1,0.1,0.1,0.1,7.7568,19.7927,-4.3399,45.04,0.1191,14.3154,-4.3949,-8.49,6.4869,15.9723,-4.3958,-8.57
125.999,9.3856,4.0152,6.5886,0,1,5.125,1,0.1,0.1,0.1,7.763,19.7873,-4.3402,45.05,0.1406,14.3114,-4.395,-8.5,6.5169,15.9707,-4.3944,-8.57
126.099,9.3722,4.0052,6.5979,0,1,5.1228,1,0.1,0.1,0.1,7.7684,19.7823,-4.3406,45.07,0.1619,14.3072,-4.3955,-8.49,6.5473,15.9682,-4.3936,-8.56
126.199,9.3584,3.9953,6.6074,0,1,5.1203,1,0.1,0.1,0.1,7.7731,19.7772,-4.3409,45.08,0.1833,14.3027,-4.3964,-8.48,6.5781,15.9651,-4.3932,-8.55
126.299,9.344,3.9861,6.6166,0,1,5.1176,1,0.1,0.1,0.1,7.7771,19.7726,-4.3413,45.1,0.2048,14.2982,-4.397,-8.47,6.6088,15.9618,-4.3928,-8.55
126.399,9.3295,3.9777,6.6254,0,1,5.1145,1,0.1,0.1,0.1,7.7807,19.7684,-4.3417,45.13,0.2265,14.2939,-4.3973,-8.46,6.6394,15.9583,-4.3927,-8.55
126.499,9.3154,3.9704,6.6342,0,1,5.1115,1,0.1,0.1,0.1,7.7843,19.7648,-4.3423,45.14,0.2481,14.2895,-4.3976,-8.44,6.67,15.9543,-4.3927,-8.55
126.599,9.3015,3.9639,6.6428,0,1,5.1084,1,0.1,0.1,0.1,7.7879,19.7615,-4.3432,45.14,0.2696,14.2852,-4.3979,-8.43,6.7004,15.95,-4.3927,-8.55
126.699,9.2876,3.9569,6.6516,0,1,5.1055,1,0.1,0.1,0.1,7.7916,19.7582,-4.3444,45.14,0.2911,14.2811,-4.3979,-8.43,6.7308,15.9464,-4.3929,-8.55
126.799,9.2736,3.95,6.6603,0,1,5.1024,1,0.1,0.1,0.1,7.7951,19.7553,-4.3457,45.13,0.3127,14.2771,-4.3975,-8.43,6.7612,15.9433,-4.3934,-8.55
126.899,9.2596,3.9438,6.6684,0,1,5.0988,1,0.1,0.1,0.1,7.7984,19.7529,-4.3471,45.13,0.3345,14.2731,-4.3968,-8.43,6.7912,15.9402,-4.3942,-8.55
126.999,9.2449,3.9376,6.676,0,1,5.0949,1,0.1,0.1,0.1,7.8014,19.7505,-4.3487,45.13,0.3568,14.2692,-4.3959,-8.42,6.8211,15.9371,-4.3951,-8.54
127.099,9.23,3.9312,6.6831,0,1,5.091,1,0.1,0.1,0.1,7.8049,19.7474,-4.3499,45.13,0.3793,14.2656,-4.3954,-8.42,6.8508,15.934,-4.3959,-8.52
127.199,9.2153,3.9244,6.6902,0,1,5.0875,1,0.1,0.1,0.1,7.8096,19.7434,-4.3505,45.13,0.4018,14.262,-4.3952,-8.42,6.8806,15.9308,-4.3964,-8.51
127.299,9.2014,3.9169,6.698,0,1,5.0846,1,0.1,0.1,0.1,7.8152,19.7383,-4.3507,45.13,0.424,14.2581,-4.3952,-8.43,6.9106,15.9276,-4.3967,-8.51
127.399,9.1877,3.9093,6.7057,0,1,5.0819,1,0.1,0.1,0.1,7.8214,19.7325,-4.3505,45.12,0.446,14.2539,-4.395,-8.44,6.9404,15.9241,-4.3969,-8.5
127.499,9.1738,3.9022,6.7129,0,1,5.0792,1,0.1,0.1,0.1,7.8279,19.7265,-4.3502,45.12,0.4683,14.25,-4.3948,-8.45,6.9701,15.92,-4.3975,-8.5
127.599,9.1599,3.8959,6.7197,0,1,5.0764,1,0.1,0.1,0.1,7.8346,19.7206,-4.3497,45.1,0.4907,14.2461,-4.3947,-8.43,6.9997,15.9155,-4.3981,-8.49
127.699,9.1465,3.8901,6.7265,0,1,5.0736,1,0.1,0.1,0.1,7.8414,19.715,-4.3487,45.09,0.513,14.2422,-4.3949,-8.42,7.0293,15.9109,-4.3985,-8.49
127.799,9.1327,3.8842,6.7335,0,1,5.0708,1,0.1,0.1,0.1,7.848,19.7092,-4.3479,45.09,0.5355,14.2382,-4.3954,-8.42,7.0591,15.9063,-4.3987,-8.49
127.899,9.1188,3.8783,6.7407,0,1,5.0679,1,0.1,0.1,0.1,7.8544,19.7035,-4.3474,45.09,0.5582,14.2339,-4.3959,-8.44,7.0894,15.9017,-4.3989,-8.5
127.999,9.1051,3.8728,6.7483,0,1,5.0651,1,0.1,0.1,0.1,7.8603,19.6981,-4.3471,45.08,0.5806,14.2295,-4.3969,-8.47,7.1196,15.8971,-4.3991,-8.5
128.099,9.0916,3.8678,6.7561,0,1,5.0625,1,0.1,0.1,0.1,7.8662,19.6928,-4.3469,45.07,0.6025,14.2253,-4.3976,-8.49,7.1497,15.8923,-4.3996,-8.5
128.199,9.0778,3.8629,6.7638,0,1,5.0599,1,0.1,0.1,0.1,7.8719,19.6874,-4.3468,45.05,0.6244,14.2213,-4.3979,-8.52,7.1798,15.8873,-4.3999,-8.48
128.299,9.0639,3.8578,6.7716,0,1,5.0572,1,0.1,0.1,0.1,7.8776,19.6817,-4.3467,45.04,0.6463,14.2172,-4.3981,-8.54,7.21,15.8825,-4.3998,-8.47
128.399,9.0506,3.8529,6.78,0,1,5.0548,1,0.1,0.1,0.1,7.8832,19.6766,-4.3469,45.01,0.668,14.2128,-4.3982,-8.55,7.2403,15.878,-4.3995,-8.46
128.499,9.0376,3.8484,6.7885,0,1,5.0523,1,0.1,0.1,0.1,7.8885,19.6719,-4.3473,44.98,0.6896,14.2084,-4.3983,-8.56,7.2706,15.8738,-4.3996,-8.46
128.599,9.0242,3.8438,6.7963,0,1,5.0495,1,0.1,0.1,0.1,7.8938,19.6672,-4.3476,44.96,0.7114,14.2041,-4.3986,-8.56,7.3004,15.8698,-4.3998,-8.46
128.699,9.0104,3.8395,6.8036,0,1,5.0465,1,0.1,0.1,0.1,7.8989,19.6625,-4.3481,44.93,0.733,14.2005,-4.3986,-8.54,7.3297,15.8658,-4.3999,-8.45
128.799,8.9966,3.8361,6.811,0,1,5.0435,1,0.1,0.1,0.1,7.9036,19.6585,-4.3486,44.92,0.7546,14.197,-4.3986,-8.53,7.359,15.8616,-4.4,-8.45
128.899,8.9836,3.8338,6.8186,0,1,5.0406,1,0.1,0.1,0.1,7.9083,19.6553,-4.3488,44.92,0.776,14.1934,-4.3987,-8.53,7.3884,15.8572,-4.4006,-8.44
128.999,8.9702,3.8318,6.8262,0,1,5.0377,1,0.1,0.1,0.1,7.9128,19.6523,-4.3488,44.92,0.7973,14.1903,-4.3986,-8.52,7.418,15.8529,-4.4014,-8.44
129.099,8.9562,3.8299,6.8339,0,1,5.0346,1,0.1,0.1,0.1,7.9165,19.6493,-4.3487,44.92,0.8187,14.1873,-4.3983,-8.5,7.4476,15.8486,-4.4021,-8.44
129.199,8.942,3.8285,6.8414,0,1,5.0313,1,0.1,0.1,0.1,7.9199,19.6466,-4.3486,44.91,0.8401,14.1845,-4.3976,-8.49,7.4771,15.8442,-4.4026,-8.45
129.299,8.9281,3.8268,6.849,0,0,5.0284,1,0.1,0.1,0.1,7.9239,19.6432,-4.3482,44.91,0.8614,14.1815,-4.3964,-8.48,7.5067,15.8396,-4.4033,-8.45
129.399,8.9145,3.8244,6.8568,0,0,5.0258,1,0.1,0.1,0.1,7.9291,19.6387,-4.3479,44.91,0.8828,14.1783,-4.3951,-8.48,7.5364,15.835,-4.404,-8.45
129.499,8.9005,3.8208,6.8644,0,0,5.0234,1,0.1,0.1,0.1,7.935,19.6331,-4.3475,44.9,0.9043,14.1754,-4.3939,-8.48,7.5661,15.8306,-4.4044,-8.47
129.599,8.8862,3.8163,6.8718,0,0,5.0212,1,0.1,0.1,0.1,7.9415,19.6265,-4.3469,44.9,0.9257,14.173,-4.3923,-8.48,7.5956,15.8263,-4.4045,-8.49
129.699,8.872,3.8118,6.8793,0,0,5.0192,1,0.1,0.1,0.1,7.9481,19.6198,-4.3465,44.89,0.9469,14.1706,-4.3911,-8.47,7.6251,15.8221,-4.4042,-8.5
129.799,8.858,3.8072,6.8869,0,0,5.0173,1,0.1,0.1,0.1,7.9551,19.6128,-4.3464,44.89,0.9681,14.1681,-4.3903,-8.46,7.6545,15.8179,-4.4035,-8.51
129.899,8.8446,3.8026,6.8945,0,0,5.0155,1,0.1,0.1,0.1,7.9626,19.6057,-4.3465,44.89,0.9893,14.1653,-4.3898,-8.46,7.6838,15.8137,-4.403,-8.52
129.999,8.8315,3.7982,6.9025,0,0,5.014,1,0.1,0.1,0.1,7.9705,19.5986,-4.3464,44.9,1.0106,14.1622,-4.3894,-8.44,7.7137,15.8095,-4.4028,-8.54
130.099,8.8189,3.7941,6.9111,0,0,5.0127,1,0.1,0.1,0.1,7.9787,19.5918,-4.3462,44.9,1.032,14.1591,-4.3891,-8.44,7.7441,15.8054,-4.403,-8.55
130.199,8.8062,3.7901,6.9198,0,0,5.0113,1,0.1,0.1,0.1,7.9866,19.5853,-4.346,44.9,1.0534,14.1559,-4.389,-8.43,7.7747,15.8015,-4.4032,-8.56
130.299,8.7929,3.7869,6.928,0,0,5.0095,1,0.1,0.1,0.1,7.9938,19.579,-4.3458,44.91,1.075,14.1529,-4.389,-8.43,7.805,15.7973,-4.4029,-8.57
130.399,8.7794,3.7835,6.9357,0,0,5.0074,1,0.1,0.1,0.1,8.001,19.5726,-4.3458,44.91,1.0968,14.1497,-4.389,-8.43,7.835,15.7931,-4.4026,-8.59
130.499,8.7661,3.7804,6.9433,0,0,5.0054,1,0.1,0.1,0.1,8.0084,19.5662,-4.3461,44.91,1.1185,14.1467,-4.389,-8.44,7.8648,15.789,-4.4021,-8.61
130.599,8.753,3.7772,6.9512,0,0,5.0035,1,0.1,0.1,0.1,8.0158,19.56,-4.3462,44.92,1.14,14.1437,-4.3891,-8.43,7.8946,15.7851,-4.4009,-8.61
130.699,8.74,3.7744,6.9591,0,0,5.0018,1,0.1,0.1,0.1,8.0233,19.5537,-4.3463,44.92,1.1614,14.1407,-4.3892,-8.43,7.9245,15.781,-4.399,-8.61
130.799,8.7274,3.7718,6.9672,0,0,5.0002,1,0.1,0.1,0.1,8.031,19.5478,-4.3463,44.92,1.1827,14.1379,-4.3889,-8.43,7.9543,15.7771,-4.3969,-8.62
130.899,8.7154,3.769,6.976,0,0,4.9991,1,0.1,0.1,0.1,8.0389,19.5415,-4.3464,44.92,1.2035,14.1348,-4.3885,-8.43,7.9843,15.7733,-4.395,-8.64
130.999,8.7044,3.7662,6.9856,0,0,4.9986,1,0.1,0.1,0.1,8.0474,19.5354,-4.3468,44.91,1.2236,14.1316,-4.3879,-8.45,8.0145,15.7696,-4.3931,-8.64
131.099,8.6939,3.7642,6.9951,0,0,4.9982,1,0.1,0.1,0.1,8.056,19.5297,-4.347,44.91,1.2435,14.1286,-4.3874,-8.46,8.0443,15.7658,-4.3913,-8.64
131.199,8.6841,3.7633,7.0049,0,0,4.9979,1,0.1,0.1,0.1,8.0641,19.5248,-4.3471,44.91,1.2627,14.1254,-4.3874,-8.47,8.0738,15.7617,-4.3899,-8.63
131.299,8.6749,3.763,7.0151,0,0,4.998,1,0.1,0.1,0.1,8.0721,19.5201,-4.347,44.89,1.2814,14.1221,-4.3878,-8.48,8.1032,15.7575,-4.3892,-8.62
131.399,8.6662,3.763,7.0261,0,0,4.9986,1,0.1,0.1,0.1,8.0799,19.5156,-4.3469,44.88,1.2992,14.1189,-4.3888,-8.5,8.1326,15.7532,-4.3891,-8.61
131.499,8.6576,3.7633,7.0377,0,0,4.9994,1,0.1,0.1,0.1,8.0873,19.5111,-4.3467,44.87,1.3165,14.1159,-4.3896,-8.51,8.1621,15.7487,-4.3893,-8.6
131.599,8.6497,3.7643,7.0496,0,0,5.0006,1,0.1,0.1,0.1,8.0948,19.5071,-4.3465,44.87,1.3332,14.113,-4.3899,-8.53,8.1914,15.7443,-4.3895,-8.6
131.699,8.6427,3.7658,7.0624,0,0,5.0022,1,0.1,0.1,0.1,8.1022,19.5039,-4.3464,44.88,1.3493,14.1102,-4.3899,-8.53,8.221,15.7402,-4.3899,-8.59
131.799,8.6359,3.7673,7.0763,0,0,5.0043,1,0.1,0.1,0.1,8.1093,19.5008,-4.3463,44.89,1.3648,14.1074,-4.39,-8.54,8.2511,15.7365,-4.3904,-8.58
131.899,8.6297,3.7689,7.0914,0,0,5.007,1,0.1,0.1,0.1,8.1163,19.4979,-4.3464,44.9,1.3795,14.1049,-4.3901,-8.54,8.2815,15.7329,-4.3909,-8.58
131.999,8.6241,3.7707,7.1074,0,0,5.0102,1,0.1,0.1,0.1,8.123,19.4953,-4.3466,44.91,1.3931,14.1026,-4.3904,-8.53,8.3118,15.7296,-4.3915,-8.58
132.099,8.6196,3.7728,7.1244,0,0,5.0141,1,0.1,0.1,0.1,8.1295,19.4929,-4.3466,44.92,1.4056,14.0999,-4.391,-8.53,8.3418,15.7263,-4.3921,-8.57
132.199,8.6161,3.7752,7.1423,0,0,5.0187,1,0.1,0.1,0.1,8.136,19.4907,-4.3465,44.95,1.417,14.0971,-4.3917,-8.54,8.3718,15.7231,-4.3924,-8.56
132.299,8.6131,3.7784,7.1608,0,0,5.0236,1,0.1,0.1,0.1,8.1423,19.489,-4.3466,44.97,1.4278,14.0948,-4.3923,-8.54,8.4018,15.7198,-4.3923,-8.56
132.399,8.6107,3.7825,7.1802,0,0,5.0291,1,0.1,0.1,0.1,8.1486,19.4879,-4.3466,44.98,1.4378,14.0928,-4.3926,-8.55,8.4321,15.7163,-4.3921,-8.56
132.499,8.6086,3.7874,7.1999,0,0,5.0347,1,0.1,0.1,0.1,8.1547,19.4873,-4.3466,44.99,1.4475,14.091,-4.3928,-8.55,8.4623,15.7127,-4.3922,-8.56
132.599,8.6067,3.793,7.2193,0,0,5.0404,1,0.1,0.1,0.1,8.1608,19.4869,-4.3467,44.99,1.457,14.0894,-4.3927,-8.55,8.4924,15.7087,-4.3923,-8.54
132.699,8.6052,3.7991,7.2392,0,0,5.0466,1,0.1,0.1,0.1,8.1668,19.4865,-4.3466,44.99,1.4658,14.0879,-4.3927,-8.55,8.5222,15.7044,-4.3926,-8.53
132.799,8.6044,3.8053,7.26,0,0,5.0533,1,0.1,0.1,0.1,8.173,19.4862,-4.3466,44.99,1.4739,14.0866,-4.3928,-8.54,8.5523,15.7002,-4.3926,-8.52
132.899,8.6036,3.8114,7.2813,0,0,5.0602,1,0.1,0.1,0.1,8.1792,19.4858,-4.3464,45.0,1.4818,14.0853,-4.3929,-8.54,8.5827,15.6961,-4.3929,-8.52
132.999,8.6027,3.8159,7.3024,0,0,5.0669,1,0.1,0.1,0.1,8.185,19.4854,-4.3461,45.01,1.4895,14.0842,-4.3928,-8.54,8.6123,15.6938,-4.3926,-8.52
133.099,8.6006,3.8205,7.323,0,0,5.0722,1,0.1,0.1,0.1,8.1877,19.4871,-4.3459,45.03,1.4969,14.0832,-4.3928,-8.54,8.6406,15.6938,-4.3917,-8.52
133.199,8.5971,3.8266,7.3433,0,0,5.0758,1,0.1,0.1,0.1,8.1857,19.4919,-4.3461,45.05,1.504,14.0823,-4.393,-8.56,8.6678,15.6961,-4.3905,-8.52
133.299,8.5929,3.8335,7.3637,0,0,5.0781,1,0.1,0.1,0.1,8.1803,19.4989,-4.3465,45.06,1.5107,14.0813,-4.3933,-8.57,8.6942,15.7002,-4.3887,-8.51
133.399,8.5883,3.8416,7.3848,0,0,5.0799,1,0.1,0.1,0.1,8.1724,19.5077,-4.3466,45.06,1.5167,14.0801,-4.3936,-8.57,8.7204,15.7056,-4.3863,-8.51
133.499,8.5836,3.8507,7.4061,0,0,5.0813,1,0.1,0.1,0.1,8.163,19.5174,-4.3466,45.06,1.5224,14.0788,-4.3939,-8.56,8.7463,15.7114,-4.3837,-8.51
133.599,8.5783,3.8604,7.4275,0,0,5.0824,1,0.1,0.1,0.1,8.1525,19.5278,-4.3466,45.06,1.528,14.0779,-4.3942,-8.55,8.7722,15.7176,-4.3814,-8.52
133.699,8.5748,3.867,7.4485,0,0,5.0849,1,0.1,0.1,0.1,8.1464,19.5358,-4.3469,45.06,1.5336,14.0772,-4.3942,-8.53,8.7977,15.7241,-4.3791,-8.52
133.799,8.5745,3.8689,7.4695,0,0,5.0899,1,0.1,0.1,0.1,8.1472,19.5401,-4.3474,45.07,1.5389,14.0766,-4.3944,-8.51,8.8228,15.7308,-4.3769,-8.52
133.899,8.5772,3.8669,7.4907,0,0,5.0971,1,0.1,0.1,0.1,8.1539,19.5414,-4.3481,45.08,1.5437,14.0759,-4.3948,-8.49,8.8477,15.7374,-4.3746,-8.52
133.999,8.5823,3.8622,7.5121,0,0,5.106,1,0.1,0.1,0.1,8.165,19.5402,-4.3487,45.08,1.548,14.075,-4.3954,-8.47,8.8724,15.7434,-4.3721,-8.52
134.099,8.5887,3.8557,7.5335,0,0,5.116,1,0.1,0.1,0.1,8.1789,19.5372,-4.3491,45.08,1.552,14.0737,-4.3963,-8.46,8.8969,15.749,-4.3697,-8.52
134.199,8.5963,3.8459,7.5558,0,0,5.1268,1,0.1,0.1,0.1,8.1947,19.533,-4.3496,45.08,1.5559,14.0723,-4.3974,-8.45,8.9216,15.7565,-4.3677,-8.51
134.299,8.6046,3.8332,7.5791,0,0,5.1383,1,0.1,0.1,0.1,8.2119,19.5281,-4.3501,45.09,1.5597,14.0706,-4.3984,-8.44,8.9467,15.766,-4.3659,-8.49
134.399,8.6139,3.8185,7.6029,0,0,5.1503,1,0.1,0.1,0.1,8.2305,19.5227,-4.3502,45.1,1.5634,14.0686,-4.399,-8.44,8.9718,15.7769,-4.3642,-8.47
134.499,8.6241,3.8028,7.627,0,0,5.1626,1,0.1,0.1,0.1,8.2501,19.5173,-4.3499,45.11,1.5671,14.0666,-4.3991,-8.45,8.997,15.7886,-4.3627,-8.46
134.599,8.635,3.7873,7.651,0,0,5.1751,1,0.1,0.1,0.1,8.2701,19.5124,-4.3495,45.13,1.5706,14.0647,-4.3988,-8.48,9.0221,15.8005,-4.3612,-8.45
134.699,8.6461,3.7692,7.6736,0,0,5.1869,1,0.1,0.1,0.1,8.2901,19.5081,-4.3489,45.15,1.5742,14.063,-4.3989,-8.49,9.0449,15.8153,-4.3599,-8.13
134.799,8.6581,3.7441,7.6919,0,0,5.1968,1,0.1,0.1,0.1,8.3103,19.5044,-4.3485,45.17,1.5772,14.0614,-4.3991,-8.51,9.0615,15.8364,-4.3586,-7.36
134.899,8.6706,3.7116,7.7053,0,0,5.2045,1,0.1,0.1,0.1,8.3305,19.5013,-4.3482,45.17,1.5801,14.0599,-4.3994,-8.52,9.071,15.8644,-4.3571,-6.18
134.999,8.6837,3.6731,7.7143,0,0,5.2101,1,0.1,0.1,0.1,8.3508,19.4992,-4.3482,45.17,1.5831,14.0583,-4.3996,-8.54,9.0747,15.8981,-4.3557,-4.66
135.099,8.697,3.6307,7.7199,0,0,5.2139,1,0.1,0.1,0.1,8.3707,19.4981,-4.3483,45.16,1.5863,14.0569,-4.3994,-8.55,9.0738,15.9361,-4.3545,-2.93
135.199,8.71,3.5858,7.7229,0,0,5.2164,1,0.1,0.1,0.1,8.3901,19.4977,-4.3486,45.15,1.5895,14.0558,-4.399,-8.56,9.0696,15.9769,-4.3534,-1.08
135.299,8.7227,3.539,7.7239,0,0,5.2176,1,0.1,0.1,0.1,8.4088,19.4979,-4.349,45.13,1.593,14.0547,-4.3982,-8.56,9.0626,16.0198,-4.3525,0.83
135.399,8.7349,3.4919,7.7231,0,0,5.2176,1,0.1,0.1,0.1,8.4263,19.4992,-4.3489,45.12,1.5966,14.054,-4.3973,-8.55,9.0534,16.064,-4.3517,2.75
135.499,8.7469,3.4453,7.7214,0,0,5.2168,1,0.1,0.1,0.1,8.4425,19.5017,-4.3485,45.11,1.6,14.0532,-4.3964,-8.55,9.0425,16.109,-4.3509,4.64
135.599,8.7587,3.3994,7.7192,0,0,5.2153,1,0.1,0.1,0.1,8.4574,19.5055,-4.3482,45.1,1.6032,14.0527,-4.3957,-8.55,9.0305,16.1547,-4.3497,6.51
135.699,8.7706,3.3546,7.7164,0,0,5.2134,1,0.1,0.1,0.1,8.4713,19.5104,-4.348,45.09,1.6062,14.0523,-4.3952,-8.56,9.0174,16.2005,-4.3485,8.31
135.799,8.7825,3.311,7.713,0,0,5.2109,1,0.1,0.1,0.1,8.4844,19.5164,-4.3476,45.08,1.609,14.0519,-4.3947,-8.57,9.0032,16.2463,-4.3473,10.05
135.899,8.795,3.2681,7.7101,0,0,5.2084,1,0.1,0.1,0.1,8.4967,19.5235,-4.347,45.07,1.6114,14.0516,-4.3945,-8.59,8.9885,16.2926,-4.3463,11.74
135.999,8.8075,3.2268,7.7068,0,0,5.2055,1,0.1,0.1,0.1,8.508,19.532,-4.3465,45.05,1.6137,14.0513,-4.3947,-8.6,8.973,16.3388,-4.3453,13.37
136.099,8.8196,3.1867,7.7032,0,0,5.2021,1,0.1,0.1,0.1,8.5182,19.5411,-4.346,45.04,1.6159,14.0509,-4.3946,-8.6,8.9569,16.3847,-4.3443,14.93
136.199,8.8315,3.1474,7.6992,0,0,5.1981,1,0.1,0.1,0.1,8.5277,19.5506,-4.3454,45.04,1.6182,14.0503,-4.3941,-8.59,8.9401,16.4303,-4.3436,16.43
136.299,8.843,3.1092,7.6949,0,0,5.194,1,0.1,0.1,0.1,8.5369,19.5603,-4.345,45.04,1.6209,14.0499,-4.3938,-8.6,8.9233,16.4753,-4.3433,17.88
136.399,8.8539,3.072,7.6912,0,0,5.1898,1,0.1,0.1,0.1,8.5454,19.5702,-4.3446,45.05,1.6236,14.0494,-4.3936,-8.6,8.9072,16.5196,-4.3433,19.26
136.499,8.8644,3.0371,7.6885,0,0,5.1856,1,0.1,0.1,0.1,8.5526,19.5808,-4.3444,45.05,1.6265,14.0487,-4.3937,-8.61,8.8922,16.5627,-4.3433,20.56
136.599,8.8743,3.0053,7.687,0,0,5.1816,1,0.1,0.1,0.1,8.5585,19.5922,-4.3441,45.07,1.6293,14.0481,-4.3941,-8.61,8.8788,16.6039,-4.3434,21.8
136.699,8.884,2.9766,7.6873,0,0,5.1783,1,0.1,0.1,0.1,8.5634,19.6041,-4.344,45.08,1.6315,14.0478,-4.3949,-8.61,8.8673,16.6431,-4.3433,22.97
136.799,8.8937,2.951,7.6893,0,0,5.1758,1,0.1,0.1,0.1,8.5678,19.6164,-4.3443,45.1,1.6335,14.0477,-4.3956,-8.62,8.8581,16.6797,-4.3434,24.09
136.899,8.9033,2.9279,7.6927,0,0,5.174,1,0.1,0.1,0.1,8.5721,19.6287,-4.3447,45.11,1.6354,14.0477,-4.3962,-8.62,8.851,16.7141,-4.3435,25.15
136.999,8.9135,2.9081,7.6972,0,0,5.1728,1,0.1,0.1,0.1,8.5761,19.642,-4.3451,45.11,1.6372,14.0475,-4.3964,-8.62,8.8455,16.7465,-4.3434,26.16
137.099,8.9242,2.8919,7.7029,0,0,5.1721,1,0.1,0.1,0.1,8.5795,19.657,-4.3453,45.11,1.6388,14.0477,-4.3965,-8.61,8.8417,16.7771,-4.3434,27.11
137.199,8.9355,2.8787,7.7097,0,0,5.1719,1,0.1,0.1,0.1,8.5825,19.6733,-4.3454,45.11,1.6402,14.0479,-4.3964,-8.6,8.8394,16.8061,-4.3433,28.02
137.299,8.9479,2.8683,7.7178,0,0,5.1724,1,0.1,0.1,0.1,8.5853,19.691,-4.3452,45.1,1.6413,14.0479,-4.3962,-8.6,8.8385,16.8339,-4.3432,28.88
137.399,8.961,2.8604,7.7269,0,0,5.1734,1,0.1,0.1,0.1,8.588,19.7095,-4.345,45.08,1.6426,14.0475,-4.3962,-8.59,8.8393,16.8601,-4.3431,29.7
137.499,8.9742,2.8546,7.7373,0,0,5.175,1,0.1,0.1,0.1,8.5909,19.7282,-4.3449,45.08,1.644,14.0472,-4.3961,-8.58,8.8419,16.8847,-4.3429,30.48
137.599,8.9879,2.85,7.749,0,0,5.1775,1,0.1,0.1,0.1,8.5941,19.747,-4.3449,45.07,1.645,14.047,-4.3958,-8.58,8.8462,16.9081,-4.3425,31.21
137.699,9.0022,2.8469,7.7614,0,0,5.1807,1,0.1,0.1,0.1,8.598,19.7659,-4.345,45.07,1.6458,14.0472,-4.3953,-8.57,8.8516,16.9303,-4.342,31.91
137.799,9.0165,2.8447,7.7742,0,0,5.1844,1,0.1,0.1,0.1,8.6025,19.7847,-4.3452,45.05,1.6468,14.0477,-4.3948,-8.56,8.8581,16.9516,-4.3415,32.57
137.899,9.0307,2.8426,7.788,0,0,5.1887,1,0.1,0.1,0.1,8.6071,19.8028,-4.3453,45.04,1.6476,14.0481,-4.3942,-8.55,8.8658,16.972,-4.3411,33.2
137.999,9.0454,2.8408,7.8029,0,0,5.1937,1,0.1,0.1,0.1,8.6124,19.8204,-4.3457,45.04,1.6481,14.0484,-4.3937,-8.55,8.8745,16.9917,-4.3412,33.79
138.099,9.0611,2.8396,7.819,0,0,5.1996,1,0.1,0.1,0.1,8.6184,19.8379,-4.3461,45.03,1.6482,14.0485,-4.3935,-8.55,8.8841,17.0108,-4.3414,34.34
138.199,9.0773,2.8388,7.8358,0,0,5.2061,1,0.1,0.1,0.1,8.6248,19.8555,-4.3461,45.02,1.6479,14.0487,-4.3932,-8.55,8.8944,17.0295,-4.3414,34.88
138.299,9.094,2.8386,7.853,0,0,5.213,1,0.1,0.1,0.1,8.6315,19.8733,-4.346,45.02,1.6474,14.0491,-4.3927,-8.54,8.9051,17.0479,-4.3415,35.4
138.399,9.1108,2.8385,7.8703,0,0,5.22,1,0.1,0.1,0.1,8.6385,19.8911,-4.3461,45.02,1.6469,14.0497,-4.3922,-8.54,8.916,17.0662,-4.3416,35.89
138.499,9.1274,2.8383,7.8879,0,0,5.2273,1,0.1,0.1,0.1,8.6457,19.9085,-4.3463,45.03,1.6466,14.0502,-4.3918,-8.54,8.9275,17.0841,-4.3416,36.34
138.599,9.144,2.8337,7.904,0,0,5.2336,1,0.1,0.1,0.1,8.6531,19.9254,-4.3467,45.04,1.6462,14.0505,-4.3917,-8.54,8.9357,17.1058,-4.3418,36.77
138.699,9.1604,2.8228,7.9179,0,0,5.2386,1,0.1,0.1,0.1,8.6609,19.9417,-4.3471,45.04,1.646,14.0508,-4.3918,-8.54,8.9393,17.1327,-4.3422,37.19
138.799,9.1766,2.807,7.9295,0,0,5.2423,1,0.1,0.1,0.1,8.6689,19.9576,-4.3476,45.05,1.6461,14.0511,-4.3923,-8.53,8.939,17.1636,-4.3428,37.58
138.899,9.1931,2.788,7.9393,0,0,5.2451,1,0.1,0.1,0.1,8.6775,19.9732,-4.3481,45.06,1.6464,14.0508,-4.3927,-8.55,8.9354,17.1971,-4.3433,37.97
138.999,9.2099,2.7663,7.9479,0,0,5.2472,1,0.1,0.1,0.1,8.6864,19.9885,-4.3481,45.06,1.6467,14.0502,-4.3933,-8.56,8.9294,17.2328,-4.3436,38.33
139.099,9.2266,2.7427,7.956,0,0,5.2489,1,0.1,0.1,0.1,8.6952,20.0036,-4.348,45.05,1.6471,14.0493,-4.3939,-8.59,8.9217,17.2703,-4.344,38.68
139.199,9.2433,2.723,7.966,0,0,5.2517,1,0.1,0.1,0.1,8.704,20.0187,-4.3479,45.03,1.6476,14.0485,-4.3945,-8.61,8.9178,17.3041,-4.3442,39.01
139.299,9.2598,2.7094,7.9789,0,0,5.2563,1,0.1,0.1,0.1,8.7131,20.0335,-4.3475,45.01,1.6483,14.0476,-4.395,-8.62,8.9197,17.332,-4.3441,39.33
139.399,9.2763,2.7012,7.9944,0,0,5.2624,1,0.1,0.1,0.1,8.7221,20.0484,-4.3469,44.99,1.6489,14.0469,-4.395,-8.62,8.9266,17.3549,-4.3441,39.62
139.499,9.2934,2.6972,8.0126,0,0,5.2702,1,0.1,0.1,0.1,8.7313,20.0633,-4.3465,44.99,1.6491,14.0461,-4.395,-8.63,8.9377,17.3741,-4.3444,39.89
139.599,9.3106,2.6965,8.0325,0,0,5.279,1,0.1,0.1,0.1,8.7404,20.078,-4.3456,44.99,1.6491,14.045,-4.3948,-8.63,8.9519,17.3898,-4.3449,40.13
139.699,9.327,2.698,8.0536,0,0,5.2883,1,0.1,0.1,0.1,8.7491,20.0921,-4.3444,44.99,1.6493,14.0437,-4.3946,-8.62,8.9686,17.4031,-4.3455,40.37
139.799,9.3432,2.7014,8.076,0,0,5.2982,1,0.1,0.1,0.1,8.7576,20.106,-4.3434,45.0,1.6496,14.0424,-4.3946,-8.61,8.9878,17.4144,-4.3462,40.58
139.899,9.3591,2.7067,8.0992,0,0,5.3085,1,0.1,0.1,0.1,8.7661,20.12,-4.3428,45.02,1.6502,14.041,-4.3946,-8.61,9.0087,17.4243,-4.3464,40.8
139.999,9.3752,2.7132,8.1234,0,0,5.3193,1,0.1,0.1,0.1,8.7745,20.1341,-4.3424,45.03,1.6507,14.0395,-4.3944,-8.61,9.0313,17.433,-4.3462,41.01
140.099,9.3911,2.7202,8.1485,0,0,5.3305,1,0.1,0.1,0.1,8.7828,20.1477,-4.3418,45.05,1.6511,14.038,-4.3941,-8.62,9.0548,17.4412,-4.3456,41.22
140.199,9.4062,2.727,8.1738,0,0,5.3415,1,0.1,0.1,0.1,8.7904,20.1613,-4.3413,45.06,1.6516,14.0366,-4.3939,-8.63,9.0786,17.4495,-4.3452,41.41
140.299,9.4212,2.7334,8.1988,0,0,5.3525,1,0.1,0.1,0.1,8.7983,20.1746,-4.3406,45.05,1.6521,14.0355,-4.3936,-8.64,9.1022,17.4581,-4.345,41.6
140.399,9.4332,2.7391,8.2195,0,0,5.3603,1,0.1,0.1,0.1,8.8066,20.1877,-4.3399,45.06,1.6575,14.0337,-4.3931,-8.66,9.1253,17.4672,-4.3449,41.78
140.499,9.4409,2.7435,8.2343,0,0,5.3637,1,0.1,0.1,0.1,8.8156,20.2005,-4.3395,45.07,1.6698,14.0309,-4.3929,-8.67,9.148,17.4773,-4.3451,41.95
140.599,9.445,2.7468,8.2444,0,0,5.3635,1,0.1,0.1,0.1,8.8251,20.2131,-4.3397,45.08,1.6878,14.0272,-4.3924,-8.67,9.1704,17.4882,-4.3453,42.11
140.699,9.4462,2.749,8.2506,0,0,5.3604,1,0.1,0.1,0.1,8.8349,20.2252,-4.3402,45.08,1.7102,14.0231,-4.3924,-8.67,9.1924,17.4996,-4.3454,42.25
140.799,9.4425,2.7535,8.2539,0,0,5.3534,1,0.1,0.1,0.1,8.839,20.2394,-4.3406,45.08,1.7357,14.0184,-4.3927,-8.66,9.2137,17.5115,-4.3455,42.37
140.899,9.4336,2.762,8.2546,0,0,5.342,1,0.1,0.1,0.1,8.835,20.2566,-4.3408,45.07,1.7637,14.0128,-4.3933,-8.66,9.2343,17.5237,-4.3459,42.49
140.999,9.4204,2.7736,8.2534,0,0,5.3273,1,0.1,0.1,0.1,8.8249,20.2761,-4.341,45.06,1.7936,14.0069,-4.3938,-8.65,9.2544,17.5359,-4.3467,42.61
141.099,9.4043,2.7875,8.2509,0,0,5.3103,1,0.1,0.1,0.1,8.8104,20.2972,-4.3413,45.05,1.8247,14.0012,-4.3942,-8.64,9.274,17.5485,-4.3474,42.73
141.199,9.3857,2.802,8.2474,0,0,5.2917,1,0.1,0.1,0.1,8.7927,20.3185,-4.3416,45.04,1.8566,13.9957,-4.3947,-8.63,9.2931,17.5615,-4.3482,42.86
141.299,9.3653,2.8163,8.243,0,0,5.2719,1,0.1,0.1,0.1,8.7731,20.3397,-4.342,45.03,1.889,13.9903,-4.3952,-8.63,9.3114,17.5754,-4.3486,42.98
141.399,9.348,2.8273,8.238,0,0,5.2534,1,0.1,0.1,0.1,8.7591,20.3593,-4.3423,45.02,1.9219,13.9847,-4.3953,-8.62,9.3289,17.59,-4.3489,43.08
141.499,9.3352,2.8333,8.2323,0,0,5.2372,1,0.1,0.1,0.1,8.7536,20.3762,-4.3424,45.0,1.9551,13.9792,-4.3953,-8.61,9.3455,17.6054,-4.3494,43.19
141.599,9.3254,2.834,8.2259,0,0,5.2231,1,0.1,0.1,0.1,8.7559,20.3902,-4.3425,44.98,1.9886,13.9743,-4.3956,-8.61,9.3615,17.6217,-4.35,43.28
141.699,9.3183,2.8313,8.2191,0,0,5.2106,1,0.1,0.1,0.1,8.7641,20.4024,-4.3431,44.96,2.0222,13.97,-4.3964,-8.6,9.3772,17.6383,-4.3505,43.37
141.799,9.3137,2.8259,8.2121,0,0,5.1993,1,0.1,0.1,0.1,8.7767,20.4134,-4.3436,44.95,2.0559,13.9655,-4.3972,-8.59,9.3922,17.6553,-4.3509,43.46
141.899,9.3114,2.8187,8.2049,0,0,5.1891,1,0.1,0.1,0.1,8.7928,20.4237,-4.3438,44.94,2.0897,13.961,-4.3977,-8.59,9.4068,17.6727,-4.3516,43.53
141.999,9.3108,2.8094,8.1982,0,0,5.1799,1,0.1,0.1,0.1,8.8118,20.4331,-4.3442,44.95,2.1233,13.9561,-4.3978,-8.6,9.4213,17.6906,-4.3521,43.6
142.099,9.311,2.7985,8.1918,0,0,5.1713,1,0.1,0.1,0.1,8.8326,20.4416,-4.3448,44.96,2.1567,13.9512,-4.3977,-8.62,9.4357,17.7089,-4.3521,43.66
142.199,9.312,2.7864,8.1856,0,0,5.1634,1,0.1,0.1,0.1,8.8549,20.4494,-4.3455,44.97,2.1901,13.9464,-4.3977,-8.63,9.45,17.7274,-4.3519,43.72
142.299,9.3134,2.774,8.18,0,0,5.1558,1,0.1,0.1,0.1,8.878,20.4571,-4.3458,44.98,2.2233,13.9415,-4.3979,-8.64,9.4646,17.7458,-4.3516,43.77
142.399,9.3153,2.762,8.1745,0,0,5.1486,1,0.1,0.1,0.1,8.9012,20.4648,-4.3458,45.0,2.2562,13.9367,-4.3981,-8.64,9.4793,17.764,-4.3512,43.82
142.499,9.3179,2.7511,8.169,0,0,5.1416,1,0.1,0.1,0.1,8.9247,20.4731,-4.3455,45.01,2.289,13.9319,-4.3975,-8.63,9.4939,17.7815,-4.3508,43.87
142.599,9.3216,2.7414,8.1641,0,0,5.1351,1,0.1,0.1,0.1,8.9488,20.4821,-4.345,45.03,2.3215,13.9271,-4.3968,-8.61,9.5091,17.7986,-4.3505,43.91
142.699,9.3261,2.7327,8.1598,0,0,5.1292,1,0.1,0.1,0.1,8.9731,20.4918,-4.3447,45.06,2.3538,13.9222,-4.3962,-8.59,9.5248,17.8154,-4.3501,43.97
142.799,9.3314,2.725,8.1561,0,0,5.1234,1,0.1,0.1,0.1,8.9971,20.5024,-4.3445,45.08,2.3859,13.9172,-4.3954,-8.57,9.5409,17.8322,-4.3498,44.02
142.899,9.3371,2.7168,8.1526,0,0,5.1176,1,0.1,0.1,0.1,9.0208,20.5134,-4.3442,45.09,2.4177,13.9121,-4.3946,-8.55,9.5561,17.8499,-4.3497,44.07
142.999,9.3426,2.7089,8.1493,0,0,5.1118,1,0.1,0.1,0.1,9.044,20.5247,-4.344,45.1,2.4494,13.907,-4.3941,-8.54,9.5714,17.8676,-4.3495,44.1
143.099,9.3477,2.7017,8.1463,0,0,5.1059,1,0.1,0.1,0.1,9.0668,20.5361,-4.3436,45.1,2.4815,13.9019,-4.3937,-8.55,9.5875,17.885,-4.3494,44.14
143.199,9.3527,2.6955,8.1437,0,0,5.1,1,0.1,0.1,0.1,9.0888,20.5478,-4.3432,45.1,2.5135,13.8968,-4.3931,-8.56,9.604,17.9021,-4.3495,44.17
143.299,9.3571,2.69,8.1412,0,0,5.0938,1,0.1,0.1,0.1,9.1101,20.5598,-4.3432,45.1,2.5459,13.8916,-4.3925,-8.57,9.6211,17.9188,-4.3498,44.19
143.399,9.3611,2.6852,8.1387,0,0,5.0875,1,0.1,0.1,0.1,9.1307,20.5721,-4.3432,45.09,2.5784,13.8867,-4.392,-8.58,9.6385,17.9353,-4.3498,44.22
143.499,9.365,2.6802,8.1363,0,0,5.0811,1,0.1,0.1,0.1,9.1511,20.5847,-4.3431,45.09,2.6107,13.8822,-4.3915,-8.59,9.6556,17.9524,-4.3496,44.24
143.599,9.3688,2.6777,8.1303,0,0,5.0735,1,0.1,0.1,0.1,9.1708,20.5977,-4.3429,45.09,2.6429,13.8778,-4.3911,-8.59,9.6698,17.967,-4.3495,44.25
143.699,9.373,2.6791,8.1191,0,0,5.0644,1,0.1,0.1,0.1,9.1898,20.6118,-4.3429,45.08,2.6749,13.8734,-4.3911,-8.58,9.68,17.978,-4.3495,44.27
143.799,9.3776,2.6835,8.104,0,0,5.0542,1,0.1,0.1,0.1,9.2082,20.6266,-4.3428,45.07,2.7064,13.8692,-4.3914,-8.57,9.6866,17.9861,-4.3497,44.3
143.899,9.382,2.69,8.0869,0,0,5.0432,1,0.1,0.1,0.1,9.2258,20.6418,-4.343,45.06,2.7378,13.865,-4.3917,-8.57,9.6919,17.9925,-4.3496,44.33
143.999,9.3865,2.6982,8.0676,0,0,5.0314,1,0.1,0.1,0.1,9.2428,20.6574,-4.3436,45.06,2.7691,13.8607,-4.392,-8.57,9.6953,17.9974,-4.3495,44.36
144.099,9.3912,2.7077,8.0464,0,0,5.0191,1,0.1,0.1,0.1,9.2596,20.6731,-4.3447,45.06,2.8002,13.8563,-4.3921,-8.58,9.6969,18.0009,-4.3494,44.38
144.199,9.3959,2.7123,8.024,0,0,5.0058,1,0.1,0.1,0.1,9.2763,20.6886,-4.3457,45.06,2.831,13.8519,-4.392,-8.58,9.6942,18.0086,-4.3494,44.4
144.299,9.4003,2.7102,8.0006,0,0,4.9913,1,0.1,0.1,0.1,9.2926,20.7041,-4.3465,45.05,2.8619,13.8476,-4.3918,-8.59,9.6866,18.0227,-4.3496,44.42
144.399,9.4047,2.7027,7.9769,0,0,4.9759,1,0.1,0.1,0.1,9.3086,20.7193,-4.3471,45.04,2.8926,13.8433,-4.3916,-8.59,9.6752,18.0416,-4.3498,44.45
144.499,9.4085,2.691,7.9533,0,0,4.9598,1,0.1,0.1,0.1,9.3241,20.7343,-4.3477,45.04,2.9235,13.8385,-4.3914,-8.58,9.6611,18.0644,-4.3503,44.46
144.599,9.4095,2.6763,7.9293,0,0,4.9441,1,0.1,0.1,0.1,9.3388,20.7492,-4.3479,45.05,2.9514,13.84,-4.3913,-8.57,9.6451,18.0905,-4.3507,44.48
144.699,9.4064,2.6643,7.9067,0,0,4.931,1,0.1,0.1,0.1,9.3529,20.7638,-4.348,45.05,2.9746,13.8504,-4.3912,-8.56,9.6329,18.1143,-4.3509,44.49
144.799,9.3999,2.6586,7.8857,0,0,4.9206,1,0.1,0.1,0.1,9.3664,20.7784,-4.3482,45.05,2.9942,13.8682,-4.3917,-8.56,9.6272,18.1327,-4.3509,44.5
144.899,9.391,2.6584,7.8662,0,0,4.9125,1,0.1,0.1,0.1,9.3793,20.7931,-4.3483,45.04,3.0108,13.8916,-4.3922,-8.57,9.6269,18.1463,-4.3504,44.51
144.999,9.3804,2.6623,7.8481,0,0,4.9063,1,0.1,0.1,0.1,9.3918,20.8076,-4.3486,45.03,3.025,13.9189,-4.3923,-8.58,9.6308,18.156,-4.3495,44.55
145.099,9.3688,2.6699,7.8315,0,0,4.9019,1,0.1,0.1,0.1,9.404,20.8222,-4.3488,45.03,3.0372,13.9493,-4.3926,-8.57,9.6387,18.1627,-4.3484,44.57
145.199,9.3567,2.6807,7.8164,0,0,4.899,1,0.1,0.1,0.1,9.416,20.8374,-4.3492,45.03,3.0479,13.9822,-4.3929,-8.55,9.6496,18.1669,-4.3473,44.58
145.299,9.3439,2.6934,7.8023,0,0,4.8971,1,0.1,0.1,0.1,9.4279,20.8525,-4.3495,45.02,3.0577,14.0167,-4.393,-8.55,9.6629,18.1693,-4.3465,44.59
145.399,9.3302,2.7074,7.7891,0,0,4.8959,1,0.1,0.1,0.1,9.4395,20.867,-4.3497,45.02,3.0668,14.0524,-4.3929,-8.55,9.6782,18.1701,-4.3462,44.61
145.499,9.3158,2.7218,7.7768,0,0,4.8953,1,0.1,0.1,0.1,9.4507,20.8811,-4.3499,45.01,3.0751,14.0889,-4.3927,-8.56,9.6947,18.1703,-4.3462,44.61
145.599,9.301,2.7363,7.7651,0,0,4.8949,1,0.1,0.1,0.1,9.4616,20.895,-4.35,45.01,3.0833,14.1257,-4.3921,-8.57,9.7117,18.1702,-4.3463,44.61
145.699,9.2861,2.7503,7.7541,0,0,4.8948,1,0.1,0.1,0.1,9.4723,20.9088,-4.3497,45.0,3.0912,14.1625,-4.3911,-8.59,9.7291,18.1705,-4.3464,44.61
145.799,9.2705,2.7626,7.7441,0,0,4.8948,1,0.1,0.1,0.1,9.4826,20.9218,-4.3493,44.99,3.0992,14.1994,-4.3903,-8.59,9.7467,18.1719,-4.3465,44.63
145.899,9.2542,2.7738,7.7342,0,0,4.8946,1,0.1,0.1,0.1,9.4928,20.9346,-4.3488,44.99,3.1074,14.2364,-4.3898,-8.61,9.764,18.174,-4.3465,44.65
145.999,9.2375,2.786,7.7221,0,0,4.8936,1,0.1,0.1,0.1,9.5026,20.9469,-4.3479,44.98,3.1155,14.2735,-4.3897,-8.61,9.7795,18.1747,-4.3462,44.67
146.099,9.2206,2.7996,7.7072,0,0,4.892,1,0.1,0.1,0.1,9.5125,20.9588,-4.3472,44.98,3.1234,14.3106,-4.3902,-8.62,9.7927,18.1732,-4.3461,44.68
146.199,9.2038,2.8144,7.6904,0,0,4.8898,1,0.1,0.1,0.1,9.5225,20.9704,-4.3467,44.98,3.1314,14.3476,-4.3906,-8.62,9.8043,18.1702,-4.3461,44.69
146.299,9.184,2.832,7.6723,0,0,4.8855,1,0.1,0.1,0.1,9.5266,20.9837,-4.3461,44.98,3.1394,14.3845,-4.3909,-8.61,9.8147,18.1663,-4.3459,44.71
146.399,9.1606,2.8533,7.6532,0,0,4.8784,1,0.1,0.1,0.1,9.5226,20.9993,-4.3456,44.98,3.1472,14.4213,-4.3914,-8.6,9.8238,18.162,-4.3456,44.73
146.499,9.1341,2.8767,7.6327,0,0,4.869,1,0.1,0.1,0.1,9.5126,21.0164,-4.345,44.99,3.155,14.4582,-4.392,-8.6,9.8312,18.1574,-4.3454,44.75
146.599,9.1052,2.9018,7.611,0,0,4.858,1,0.1,0.1,0.1,9.4985,21.0344,-4.3444,44.99,3.1626,14.4954,-4.3927,-8.59,9.8373,18.1524,-4.3454,44.78
146.699,9.0742,2.9283,7.5882,0,0,4.8455,1,0.1,0.1,0.1,9.481,21.053,-4.3438,45.0,3.1702,14.5329,-4.3934,-8.58,9.8423,18.1471,-4.3452,44.79
146.799,9.0415,2.9553,7.5643,0,0,4.8317,1,0.1,0.1,0.1,9.4609,21.0719,-4.3429,45.0,3.1778,14.5704,-4.3943,-8.59,9.8458,18.1418,-4.345,44.81
146.899,9.011,2.9794,7.5393,0,0,4.8189,1,0.1,0.1,0.1,9.4457,21.0891,-4.3424,45.01,3.1859,14.6077,-4.3953,-8.61,9.8479,18.137,-4.3446,44.81
146.999,8.9843,2.9988,7.5136,0,0,4.8082,1,0.1,0.1,0.1,9.4388,21.1037,-4.3421,45.02,3.1942,14.6447,-4.3963,-8.62,9.8488,18.133,-4.3443,44.82
147.099,8.9607,3.0134,7.4875,0,0,4.7996,1,0.1,0.1,0.1,9.4393,21.1156,-4.3418,45.03,3.2026,14.6818,-4.3973,-8.63,9.8486,18.1301,-4.3441,44.83
147.199,8.9395,3.0225,7.4637,0,0,4.7932,1,0.1,0.1,0.1,9.4456,21.1253,-4.3416,45.03,3.2113,14.7187,-4.3983,-8.64,9.8496,18.1299,-4.3442,44.85
147.299,8.9203,3.0261,7.4435,0,0,4.7892,1,0.1,0.1,0.1,9.4564,21.1334,-4.3413,45.03,3.22,14.7557,-4.3991,-8.65,9.8527,18.1334,-4.3445,44.86
147.399,8.9025,3.0249,7.426,0,0,4.7869,1,0.1,0.1,0.1,9.4708,21.1399,-4.341,45.02,3.2288,14.7926,-4.3996,-8.65,9.8574,18.1398,-4.3452,44.86
147.499,8.8863,3.02,7.4107,0,0,4.7861,1,0.1,0.1,0.1,9.4881,21.1453,-4.3406,45.0,3.2376,14.8291,-4.3997,-8.65,9.8631,18.1487,-4.3462,44.86
147.599,8.8714,3.0129,7.3974,0,0,4.7864,1,0.1,0.1,0.1,9.5072,21.1502,-4.3403,44.99,3.2464,14.8652,-4.3997,-8.64,9.8697,18.1592,-4.3469,44.87
147.699,8.8575,3.0045,7.3859,0,0,4.7878,1,0.1,0.1,0.1,9.5275,21.1545,-4.34,44.98,3.2549,14.901,-4.3997,-8.64,9.8776,18.1705,-4.3473,44.88
147.799,8.8438,2.9954,7.3759,0,0,4.79,1,0.1,0.1,0.1,9.5484,21.1583,-4.3396,44.98,3.2633,14.9368,-4.3996,-8.64,9.8867,18.1821,-4.3473,44.89
147.899,8.8303,2.9864,7.3669,0,0,4.7926,1,0.1,0.1,0.1,9.5692,21.1623,-4.3392,44.97,3.2715,14.9728,-4.3997,-8.63,9.8966,18.1939,-4.3472,44.89
147.999,8.8172,2.9777,7.3584,0,0,4.7954,1,0.1,0.1,0.1,9.5901,21.1666,-4.3391,44.97,3.2797,15.0088,-4.4,-8.62,9.9071,18.2058,-4.3473,44.89
148.099,8.8037,2.969,7.3501,0,0,4.7983,1,0.1,0.1,0.1,9.6107,21.1708,-4.3393,44.96,3.2882,15.0448,-4.4003,-8.6,9.9179,18.2178,-4.3475,44.88
148.199,8.7901,2.9601,7.3421,0,0,4.801,1,0.1,0.1,0.1,9.6306,21.1752,-4.3395,44.96,3.2966,15.0808,-4.4005,-8.59,9.9288,18.2302,-4.3477,44.89
148.299,8.7762,2.9518,7.3341,0,0,4.8033,1,0.1,0.1,0.1,9.6497,21.1803,-4.34,44.97,3.3054,15.1166,-4.4008,-8.57,9.9396,18.2428,-4.3476,44.89
148.399,8.7625,2.9444,7.3254,0,0,4.8052,1,0.1,0.1,0.1,9.6683,21.1859,-4.3402,44.98,3.3144,15.1522,-4.4011,-8.55,9.9499,18.2551,-4.3476,44.87
148.499,8.7485,2.9375,7.3165,0,0,4.807,1,0.1,0.1,0.1,9.6864,21.1918,-4.3402,44.98,3.3235,15.1879,-4.4013,-8.53,9.9603,18.2671,-4.3475,44.86
148.599,8.7344,2.9307,7.3083,0,0,4.8088,1,0.1,0.1,0.1,9.7038,21.1979,-4.34,44.98,3.3324,15.2236,-4.4014,-8.53,9.9709,18.2793,-4.3471,44.85
148.699,8.7202,2.9242,7.3005,0,0,4.8108,1,0.1,0.1,0.1,9.7205,21.204,-4.3397,44.98,3.3411,15.2592,-4.4017,-8.51,9.9819,18.2915,-4.3468,44.84
148.799,8.7058,2.9181,7.2926,0,0,4.8125,1,0.1,0.1,0.1,9.7368,21.2104,-4.3396,44.99,3.3499,15.2947,-4.4023,-8.51,9.9927,18.3035,-4.3467,44.84
148.899,8.6917,2.913,7.2845,0,0,4.8141,1,0.1,0.1,0.1,9.7524,21.2173,-4.3396,44.98,3.3585,15.3299,-4.4031,-8.51,10.0031,18.315,-4.3464,44.83
148.999,8.6776,2.909,7.2758,0,0,4.8152,1,0.1,0.1,0.1,9.7674,21.2246,-4.3396,44.98,3.3674,15.3648,-4.4035,-8.51,10.0132,18.326,-4.3462,44.82
149.099,8.6631,2.9053,7.2669,0,0,4.8161,1,0.1,0.1,0.1,9.782,21.2321,-4.3395,44.97,3.3767,15.3997,-4.4033,-8.5,10.0233,18.3368,-4.3461,44.81
149.199,8.6484,2.9016,7.2585,0,0,4.8171,1,0.1,0.1,0.1,9.7962,21.2398,-4.3395,44.95,3.3859,15.4346,-4.4029,-8.49,10.0339,18.3479,-4.346,44.81
149.299,8.6335,2.8978,7.251,0,0,4.818,1,0.1,0.1,0.1,9.8096,21.2475,-4.3396,44.94,3.3953,15.4691,-4.4023,-8.48,10.0452,18.3593,-4.3459,44.81
149.399,8.618,2.8944,7.2435,0,0,4.8186,1,0.1,0.1,0.1,9.8223,21.2557,-4.3395,44.94,3.4052,15.5035,-4.4012,-8.47,10.0568,18.3708,-4.346,44.81
149.499,8.6023,2.8917,7.2356,0,0,4.8185,1,0.1,0.1,0.1,9.8343,21.2643,-4.3395,44.94,3.4157,15.5375,-4.4001,-8.46,10.0685,18.3822,-4.346,44.81
149.599,8.5862,2.8894,7.2273,0,0,4.818,1,0.1,0.1,0.1,9.846,21.2735,-4.3396,44.93,3.427,15.5713,-4.3991,-8.46,10.0802,18.3937,-4.3459,44.81
149.699,8.5698,2.8871,7.2187,0,0,4.817,1,0.1,0.1,0.1,9.8575,21.2831,-4.34,44.92,3.4392,15.6048,-4.398,-8.46,10.0922,18.4055,-4.3458,44.82
149.799,8.5523,2.8844,7.2092,0,0,4.8151,1,0.1,0.1,0.1,9.8685,21.2923,-4.3405,44.91,3.4523,15.6381,-4.397,-8.45,10.1039,18.4176,-4.3457,44.83
149.899,8.5338,2.8814,7.1986,0,0,4.8123,1,0.1,0.1,0.1,9.8791,21.3013,-4.3411,44.92,3.4665,15.671,-4.3965,-8.45,10.1153,18.4296,-4.3459,44.83
149.999,8.5146,2.8786,7.187,0,0,4.8089,1,0.1,0.1,0.1,9.8898,21.3104,-4.3414,44.92,3.4817,15.704,-4.3962,-8.44,10.1267,18.4416,-4.3461,44.85
150.098,8.4942,2.8761,7.1739,0,0,4.8046,1,0.1,0.1,0.1,9.9003,21.3194,-4.3415,44.93,3.4983,15.7371,-4.3959,-8.44,10.138,18.4531,-4.3461,44.86
150.198,8.4725,2.8744,7.1596,0,0,4.7993,1,0.1,0.1,0.1,9.9104,21.3285,-4.3415,44.93,3.5162,15.7702,-4.3953,-8.44,10.1495,18.4641,-4.3462,44.87
150.298,8.4497,2.8732,7.1442,0,0,4.793,1,0.1,0.1,0.1,9.9199,21.3379,-4.3415,44.94,3.5355,15.803,-4.3945,-8.45,10.1611,18.4747,-4.3465,44.88
150.398,8.426,2.8721,7.1274,0,0,4.7857,1,0.1,0.1,0.1,9.9292,21.3473,-4.3418,44.96,3.556,15.8358,-4.394,-8.46,10.1724,18.4856,-4.3471,44.87
150.498,8.4011,2.8705,7.1092,0,0,4.7774,1,0.1,0.1,0.1,9.9384,21.3561,-4.3421,44.99,3.578,15.8678,-4.3937,-8.48,10.1834,18.4961,-4.3476,44.86
150.598,8.3752,2.8686,7.0895,0,0,4.768,1,0.1,0.1,0.1,9.9478,21.3644,-4.3422,45.0,3.6018,15.8989,-4.3931,-8.49,10.1942,18.5064,-4.3479,44.85
150.698,8.3465,2.8696,7.069,0,0,4.7559,1,0.1,0.1,0.1,9.9517,21.3748,-4.3425,45.02,3.627,15.9287,-4.3921,-8.49,10.2053,18.5164,-4.3478,44.85
150.798,8.3143,2.8747,7.0483,0,0,4.7409,1,0.1,0.1,0.1,9.9483,21.3882,-4.3432,45.03,3.6533,15.957,-4.3915,-8.51,10.2166,18.5261,-4.3474,44.84
150.898,8.2798,2.8834,7.027,0,0,4.7231,1,0.1,0.1,0.1,9.9391,21.4044,-4.3439,45.03,3.6807,15.9836,-4.3911,-8.53,10.2278,18.5355,-4.3472,44.82
150.998,8.2437,2.8945,7.0055,0,0,6.7678,1,0.1,0.1,0.1,9.9254,21.4224,-4.3444,45.03,3.7091,16.0082,-4.3907,-8.54,10.2389,18.545,-4.3476,44.81
151.098,8.2067,2.9078,6.9838,0,0,6.7456,1,0.1,0.1,0.1,9.908,21.4418,-4.3447,45.03,3.7382,16.0306,-4.3908,-8.56,10.25,18.5541,-4.348,44.81
151.198,8.1692,2.9225,6.9617,0,0,6.7224,1,0.1,0.1,0.1,9.8884,21.4616,-4.3447,45.02,3.7681,16.0509,-4.3911,-8.57,10.2607,18.5629,-4.3483,44.81
151.298,8.1314,2.9371,6.9389,0,0,6.6982,1,0.1,0.1,0.1,9.8679,21.4813,-4.3446,45.01,3.7993,16.0692,-4.3913,-8.57,10.2711,18.5719,-4.3487,44.81
151.398,8.0938,2.9511,6.916,0,0,6.6735,1,0.1,0.1,0.1,9.8471,21.5005,-4.3444,44.99,3.8315,16.0857,-4.3912,-8.56,10.2814,18.5815,-4.3492,44.8
151.498,8.0569,2.9641,6.8932,0,0,6.6487,1,0.1,0.1,0.1,9.8266,21.5192,-4.3442,44.99,3.8645,16.1002,-4.3913,-8.56,10.2916,18.5918,-4.3499,44.8
151.598,8.0199,2.9757,6.8705,0,0,6.6238,1,0.1,0.1,0.1,9.8067,21.5367,-4.3439,44.99,3.8982,16.1138,-4.3915,-8.55,10.302,18.6024,-4.3504,44.8
151.698,7.9828,2.986,6.847,0,0,6.5986,1,0.1,0.1,0.1,9.7877,21.5529,-4.3437,44.99,3.9325,16.127,-4.3916,-8.55,10.3121,18.6133,-4.3503,44.8
151.798,7.9455,2.9946,6.8228,0,0,6.5732,1,0.1,0.1,0.1,9.7699,21.5677,-4.3437,44.99,3.9675,16.1398,-4.3916,-8.55,10.3217,18.6244,-4.3499,44.8
151.898,7.9087,3.0016,6.7983,0,0,6.5479,1,0.1,0.1,0.1,9.7532,21.5812,-4.3437,44.99,4.0028,16.1519,-4.3914,-8.55,10.3309,18.6358,-4.3496,44.8
151.998,7.8721,3.0072,6.7736,0,0,6.5228,1,0.1,0.1,0.1,9.7375,21.5932,-4.3436,44.99,4.0381,16.1631,-4.391,-8.55,10.3398,18.6469,-4.349,44.79
152.098,7.8367,3.0109,6.7495,0,0,6.4984,1,0.1,0.1,0.1,9.7235,21.6031,-4.3436,44.99,4.0732,16.173,-4.3907,-8.53,10.3486,18.6579,-4.3486,44.79
152.198,7.8027,3.0129,6.7263,0,0,6.4748,1,0.1,0.1,0.1,9.7111,21.6116,-4.3439,44.98,4.1079,16.1816,-4.3904,-8.52,10.3573,18.6689,-4.3482,44.8
152.298,7.7701,3.0142,6.7038,0,0,6.452,1,0.1,0.1,0.1,9.6997,21.6195,-4.3446,44.98,4.1422,16.1892,-4.3904,-8.51,10.366,18.6798,-4.348,44.82
152.398,7.739,3.0152,6.6818,0,0,6.4297,1,0.1,0.1,0.1,9.6892,21.6266,-4.3453,44.98,4.176,16.1957,-4.3908,-8.5,10.3746,18.6903,-4.3481,44.85
152.498,7.7095,3.0155,6.6605,0,0,6.4082,1,0.1,0.1,0.1,9.6801,21.6328,-4.3453,44.98,4.2095,16.2008,-4.3916,-8.49,10.383,18.7004,-4.3482,44.87
152.598,7.6815,3.0142,6.6397,0,0,6.3874,1,0.1,0.1,0.1,9.6725,21.6377,-4.3449,44.98,4.243,16.2042,-4.3924,-8.47,10.3914,18.7105,-4.3482,44.89
152.698,7.6546,3.0112,6.6193,0,0,6.367,1,0.1,0.1,0.1,9.6661,21.6415,-4.3444,44.96,4.2764,16.2063,-4.3935,-8.47,10.3993,18.7209,-4.348,44.91
152.798,7.6288,3.0069,6.5994,0,0,6.347,1,0.1,0.1,0.1,9.6606,21.6443,-4.3445,44.94,4.3097,16.207,-4.3946,-8.48,10.407,18.7315,-4.3479,44.92
152.898,7.6036,3.0019,6.5796,0,0,6.3273,1,0.1,0.1,0.1,9.6555,21.6463,-4.3448,44.92,4.3429,16.2068,-4.3951,-8.51,10.4143,18.7419,-4.3475,44.92
152.998,7.5789,2.9965,6.5598,0,0,6.3076,1,0.1,0.1,0.1,9.6509,21.6476,-4.3452,44.91,4.376,16.2059,-4.395,-8.53,10.4214,18.7519,-4.3471,44.93
153.098,7.5553,2.9911,6.5401,0,0,6.2883,1,0.1,0.1,0.1,9.6468,21.6488,-4.3452,44.9,4.4088,16.2042,-4.3944,-8.56,10.428,18.7615,-4.3466,44.92
153.198,7.5326,2.9854,6.5205,0,0,6.2691,1,0.1,0.1,0.1,9.643,21.6502,-4.345,44.9,4.4415,16.202,-4.3933,-8.56,10.4342,18.7715,-4.3462,44.92
153.298,7.5102,2.979,6.5008,0,0,6.2499,1,0.1,0.1,0.1,9.6395,21.6512,-4.3447,44.91,4.4745,16.1992,-4.3923,-8.57,10.4402,18.7818,-4.346,44.91
153.398,7.4885,2.9723,6.4815,0,0,6.2311,1,0.1,0.1,0.1,9.6364,21.6518,-4.3442,44.93,4.5071,16.196,-4.3916,-8.58,10.446,18.7919,-4.3459,44.89
153.498,7.4674,2.9643,6.4627,0,1,6.2127,1,0.1,0.1,0.1,9.6341,21.6516,-4.3435,44.93,4.5391,16.1927,-4.3914,-8.59,10.4514,18.8022,-4.3459,44.89
153.598,7.4462,2.9554,6.4435,0,1,6.1943,1,0.1,0.1,0.1,9.6319,21.6511,-4.3428,44.93,4.5708,16.1895,-4.3916,-8.6,10.4559,18.8128,-4.3459,44.88
153.698,7.4255,2.946,6.4239,0,1,6.176,1,0.1,0.1,0.1,9.6302,21.6503,-4.3422,44.92,4.6023,16.1862,-4.3915,-8.62,10.4597,18.8235,-4.3458,44.88
153.798,7.4056,2.9366,6.4046,0,1,6.1581,1,0.1,0.1,0.1,9.629,21.6496,-4.3417,44.91,4.6332,16.1832,-4.3918,-8.62,10.4633,18.834,-4.3454,44.87
153.898,7.3861,2.9275,6.3857,0,1,6.1406,1,0.1,0.1,0.1,9.628,21.6491,-4.3416,44.91,4.6638,16.1802,-4.3918,-8.63,10.4669,18.8444,-4.3452,44.87
153.998,7.3671,2.9181,6.3667,0,1,6.123,1,0.1,0.1,0.1,9.6272,21.6486,-4.3419,44.91,4.6945,16.1769,-4.3913,-8.64,10.4704,18.855,-4.3452,44.86
154.098,7.3484,2.9091,6.3476,0,1,6.1053,1,0.1,0.1,0.1,9.6266,21.6481,-4.3421,44.9,4.7255,16.1731,-4.3909,-8.66,10.4738,18.8651,-4.3456,44.84
154.198,7.33,2.9009,6.3282,0,1,6.0875,1,0.1,0.1,0.1,9.6259,21.6479,-4.3421,44.9,4.7566,16.1691,-4.3907,-8.69,10.4771,18.8746,-4.3461,44.84
154.298,7.3114,2.893,6.3087,0,1,6.0696,1,0.1,0.1,0.1,9.6248,21.6475,-4.3421,44.91,4.7877,16.1651,-4.3911,-8.71,10.4804,18.8839,-4.3463,44.85
154.398,7.2923,2.8836,6.2895,0,1,6.052,1,0.1,0.1,0.1,9.6246,21.6459,-4.3424,44.91,4.8188,16.1615,-4.3916,-8.71,10.4839,18.8933,-4.346,44.84
154.498,7.2729,2.8726,6.2701,0,1,6.0345,1,0.1,0.1,0.1,9.6257,21.6431,-4.3427,44.9,4.85,16.1581,-4.3918,-8.71,10.4873,18.9027,-4.3456,44.83
154.598,7.2532,2.8609,6.2504,0,1,6.0171,1,0.1,0.1,0.1,9.6278,21.6391,-4.3431,44.9,4.8812,16.1549,-4.3915,-8.71,10.4907,18.9115,-4.345,44.82
154.698,7.2337,2.8486,6.2303,0,1,5.9999,1,0.1,0.1,0.1,9.6306,21.6345,-4.3435,44.91,4.9125,16.1515,-4.391,-8.7,10.4938,18.9198,-4.3444,44.81
154.798,7.2144,2.8368,6.21,0,1,5.9826,1,0.1,0.1,0.1,9.6339,21.6299,-4.3439,44.93,4.9439,16.1482,-4.3909,-8.69,10.4969,18.9276,-4.344,44.8
154.898,7.1951,2.8259,6.1893,0,1,5.9652,1,0.1,0.1,0.1,9.6374,21.6253,-4.3447,44.95,4.9755,16.145,-4.3907,-8.67,10.5004,18.9344,-4.3439,44.81
154.998,7.1757,2.8157,6.1689,0,1,5.9481,1,0.1,0.1,0.1,9.6407,21.6205,-4.3455,44.97,5.0067,16.142,-4.3904,-8.65,10.5041,18.9405,-4.3439,44.81
155.098,7.1566,2.8057,6.1492,0,1,5.9312,1,0.1,0.1,0.1,9.6439,21.616,-4.3462,44.98,5.0376,16.1391,-4.3906,-8.64,10.5082,18.9468,-4.344,44.8
155.198,7.1379,2.7952,6.1303,0,1,5.9149,1,0.1,0.1,0.1,9.6475,21.6114,-4.3468,44.98,5.0681,16.1364,-4.391,-8.64,10.5126,18.9535,-4.3441,44.8
155.298,7.1195,2.7906,6.1134,0,1,5.8997,1,0.1,0.1,0.1,9.6513,21.6069,-4.3472,44.99,5.0983,16.1337,-4.3915,-8.63,10.5214,18.9554,-4.3445,44.81
155.398,7.1013,2.7943,6.0983,0,1,5.8858,1,0.1,0.1,0.1,9.6548,21.6026,-4.3473,45.0,5.1283,16.131,-4.3923,-8.63,10.5354,18.9507,-4.345,44.81
155.498,7.0833,2.8044,6.0848,0,1,5.8728,1,0.1,0.1,0.1,9.6581,21.5983,-4.3468,45.01,5.1581,16.1283,-4.3934,-8.62,10.5537,18.9408,-4.3452,44.82
155.598,7.0653,2.8199,6.0727,0,1,5.8606,1,0.1,0.1,0.1,9.6613,21.5941,-4.3463,45.02,5.1881,16.1254,-4.3943,-8.62,10.5759,18.9267,-4.3451,44.82
155.698,7.0477,2.8395,6.0619,0,1,5.8489,1,0.1,0.1,0.1,9.6642,21.5901,-4.3459,45.03,5.2185,16.1218,-4.395,-8.62,10.601,18.9096,-4.3449,44.82
155.798,7.03,2.8619,6.0516,0,1,5.8375,1,0.1,0.1,0.1,9.667,21.5859,-4.3456,45.04,5.2488,16.118,-4.3958,-8.63,10.6279,18.8902,-4.3448,44.81
155.898,7.0126,2.8868,6.0417,0,1,5.8264,1,0.1,0.1,0.1,9.6697,21.5818,-4.3452,45.04,5.2789,16.1142,-4.3963,-8.63,10.6559,18.8688,-4.3446,44.81
155.998,6.9961,2.9138,6.0327,0,1,5.8159,1,0.1,0.1,0.1,9.6722,21.5782,-4.3447,45.04,5.3085,16.11,-4.3968,-8.63,10.6848,18.8459,-4.344,44.8
156.098,6.98,2.9428,6.0244,0,1,5.8058,1,0.1,0.1,0.1,9.6747,21.5749,-4.3443,45.04,5.3378,16.106,-4.397,-8.63,10.7149,18.8221,-4.3437,44.8
156.198,6.9636,2.9728,6.0161,0,1,5.7957,1,0.1,0.1,0.1,9.677,21.5717,-4.344,45.04,5.3671,16.1024,-4.397,-8.61,10.7455,18.7976,-4.3435,44.78
156.298,6.9467,3.0034,6.008,0,1,5.7855,1,0.1,0.1,0.1,9.6791,21.5686,-4.3437,45.05,5.3968,16.099,-4.3968,-8.6,10.7768,18.7729,-4.3432,44.78
156.398,6.9298,3.0341,6.0,0,1,5.7753,1,0.1,0.1,0.1,9.6813,21.5654,-4.3434,45.05,5.4266,16.0958,-4.3964,-8.59,10.8082,18.7483,-4.343,44.78
156.498,6.9129,3.0645,5.992,0,1,5.765,1,0.1,0.1,0.1,9.6838,21.562,-4.3432,45.05,5.4566,16.0925,-4.396,-8.58,10.8396,18.7239,-4.343,44.8
156.598,6.8957,3.094,5.984,0,1,5.7545,1,0.1,0.1,0.1,9.6862,21.5582,-4.3431,45.06,5.487,16.0887,-4.3953,-8.59,10.8709,18.7,-4.3432,44.82
156.698,6.8788,3.1225,5.9758,0,1,5.744,1,0.1,0.1,0.1,9.6889,21.5541,-4.3432,45.07,5.5175,16.0847,-4.3948,-8.6,10.9015,18.6767,-4.3434,44.84
156.798,6.8623,3.1418,5.9638,0,1,5.7319,1,0.1,0.1,0.1,9.6921,21.55,-4.3434,45.08,5.5475,16.0809,-4.3947,-8.61,10.9246,18.66,-4.3436,44.86
156.898,6.8457,3.1489,5.9462,0,1,5.7174,1,0.1,0.1,0.1,9.6958,21.5457,-4.3434,45.08,5.5775,16.0776,-4.3948,-8.61,10.9373,18.6519,-4.3438,44.87
156.998,6.8289,3.1463,5.9239,0,1,5.7007,1,0.1,0.1,0.1,9.6996,21.5412,-4.3434,45.08,5.6077,16.0742,-4.3952,-8.61,10.9418,18.6505,-4.3442,44.89
157.098,6.812,3.1357,5.898,0,1,5.6822,1,0.1,0.1,0.1,9.7032,21.5365,-4.3432,45.07,5.6381,16.0707,-4.3958,-8.61,10.9396,18.6548,-4.3448,44.89
157.198,6.7953,3.1198,5.8691,0,1,5.6623,1,0.1,0.1,0.1,9.7068,21.5318,-4.3426,45.07,5.6685,16.0669,-4.3964,-8.6,10.9321,18.6627,-4.3456,44.9
157.298,6.7787,3.1,5.8382,0,1,5.6415,1,0.1,0.1,0.1,9.7103,21.5274,-4.3419,45.08,5.6991,16.0632,-4.397,-8.59,10.921,18.6736,-4.3462,44.9
157.398,6.7639,3.0764,5.8075,0,1,5.621,1,0.1,0.1,0.1,9.7146,21.5223,-4.3416,45.08,5.7287,16.0578,-4.3967,-8.6,10.907,18.6863,-4.3466,44.91
157.498,6.752,3.0494,5.7778,0,1,5.6015,1,0.1,0.1,0.1,9.7202,21.5164,-4.3415,45.08,5.7572,16.05,-4.3962,-8.61,10.8909,18.7006,-4.3468,44.92
157.598,6.7418,3.02,5.749,0,1,5.5827,1,0.1,0.1,0.1,9.7267,21.5097,-4.3413,45.09,5.7851,16.0405,-4.3959,-8.62,10.8734,18.7159,-4.3468,44.93
157.698,6.7303,2.9899,5.7192,0,1,5.5633,1,0.1,0.1,0.1,9.7332,21.5031,-4.3412,45.1,5.813,16.0327,-4.3955,-8.62,10.8551,18.7317,-4.3465,44.94
157.798,6.7163,2.9606,5.6878,0,1,5.543,1,0.1,0.1,0.1,9.7395,21.4971,-4.3415,45.1,5.8416,16.0279,-4.3954,-8.61,10.8369,18.7474,-4.3462,44.95
157.898,6.7035,2.9332,5.66,0,1,5.5252,1,0.1,0.1,0.1,9.7454,21.4914,-4.3423,45.11,5.8661,16.0247,-4.3968,-8.61,10.8199,18.7621,-4.3463,44.96
157.998,6.6942,2.9083,5.6388,0,1,5.512,1,0.1,0.1,0.1,9.7512,21.4861,-4.3429,45.11,5.8839,16.0223,-4.399,-8.6,10.8047,18.7754,-4.3465,44.97
158.098,6.6853,2.8856,5.6186,0,1,5.4995,1,0.1,0.1,0.1,9.7572,21.4812,-4.3437,45.11,5.9014,16.0201,-4.4009,-8.6,10.7911,18.7872,-4.3466,44.98
158.198,6.6759,2.8657,5.598,0,1,5.4861,1,0.1,0.1,0.1,9.7624,21.4765,-4.3448,45.1,5.9206,16.0172,-4.4011,-8.59,10.7791,18.7973,-4.3466,45.0
158.298,6.6681,2.8482,5.5805,0,1,5.4749,1,0.1,0.1,0.1,9.7671,21.4724,-4.3456,45.09,5.9366,16.0146,-4.4003,-8.59,10.7685,18.806,-4.3465,45.01
158.398,6.6599,2.8329,5.5632,0,1,5.4636,1,0.1,0.1,0.1,9.7711,21.4687,-4.3461,45.08,5.9529,16.0123,-4.3993,-8.59,10.759,18.8137,-4.3466,45.02
158.498,6.6502,2.82,5.5438,0,1,5.4503,1,0.1,0.1,0.1,9.7741,21.4656,-4.3464,45.08,5.9724,16.0095,-4.3984,-8.59,10.7506,18.8201,-4.3465,45.03
158.598,6.6397,2.8091,5.5242,0,1,5.4364,1,0.1,0.1,0.1,9.7763,21.4628,-4.3467,45.08,5.993,16.0067,-4.3996,-8.6,10.7436,18.8255,-4.3462,45.04
158.698,6.6279,2.8002,5.5034,0,1,5.4216,1,0.1,0.1,0.1,9.7783,21.4604,-4.347,45.08,6.0151,16.0048,-4.4012,-8.61,10.7378,18.8298,-4.3457,45.05
158.798,6.6151,2.7926,5.4813,0,1,5.4058,1,0.1,0.1,0.1,9.78,21.4582,-4.3473,45.08,6.0392,16.0027,-4.4025,-8.62,10.7328,18.8332,-4.3451,45.07
158.898,6.6035,2.7866,5.4609,0,1,5.3909,1,0.1,0.1,0.1,9.7815,21.4564,-4.3474,45.08,6.0621,16.0003,-4.4058,-8.62,10.7287,18.8358,-4.3446,45.09
158.998,6.592,2.7815,5.4405,0,1,5.376,1,0.1,0.1,0.1,9.7829,21.455,-4.3473,45.1,6.0854,15.998,-4.4097,-8.63,10.7253,18.838,-4.3444,45.1
159.098,6.5798,2.7776,5.4189,0,1,5.3601,1,0.1,0.1,0.1,9.784,21.4538,-4.3472,45.11,6.1102,15.9955,-4.4127,-8.63,10.7223,18.8395,-4.3443,45.11
159.198,6.5669,2.775,5.3961,0,1,5.3433,1,0.1,0.1,0.1,9.7846,21.4528,-4.3469,45.11,6.1365,15.9929,-4.4148,-8.64,10.7198,18.8401,-4.3444,45.11
159.298,6.5533,2.773,5.3732,0,1,5.3259,1,0.1,0.1,0.1,9.7849,21.4518,-4.3467,45.12,6.1639,15.9901,-4.416,-8.65,10.7182,18.8406,-4.3445,45.1
159.398,6.5398,2.7709,5.3505,0,1,5.3083,1,0.1,0.1,0.1,9.7851,21.451,-4.3463,45.12,6.192,15.9871,-4.4164,-8.65,10.717,18.8415,-4.3445,45.1
159.498,6.5263,2.7694,5.328,0,1,5.2907,1,0.1,0.1,0.1,9.7851,21.4504,-4.346,45.12,6.2204,15.9842,-4.4162,-8.65,10.7164,18.8423,-4.3443,45.09
159.598,6.5128,2.7688,5.3055,0,1,5.2729,1,0.1,0.1,0.1,9.7846,21.4502,-4.3458,45.1,6.2491,15.981,-4.4157,-8.65,10.716,18.8427,-4.344,45.07
159.698,6.4999,2.7689,5.283,0,1,5.255,1,0.1,0.1,0.1,9.7839,21.4504,-4.3459,45.07,6.2778,15.9777,-4.4147,-8.66,10.7157,18.843,-4.3437,45.05
159.798,6.487,2.7694,5.2606,0,1,5.2371,1,0.1,0.1,0.1,9.783,21.4507,-4.3457,45.06,6.3066,15.9743,-4.4136,-8.66,10.7156,18.8431,-4.3436,45.04
159.898,6.4742,2.7701,5.2379,0,1,5.2192,1,0.1,0.1,0.1,9.7822,21.451,-4.3456,45.04,6.3354,15.971,-4.4121,-8.66,10.7153,18.8428,-4.3436,45.03
159.998,6.4612,2.7705,5.215,0,1,5.201,1,0.1,0.1,0.1,9.7813,21.4511,-4.3457,45.04,6.3644,15.9678,-4.4106,-8.68,10.7149,18.8426,-4.3437,45.04
160.098,6.4475,2.7716,5.1921,0,1,5.1826,1,0.1,0.1,0.1,9.78,21.451,-4.346,45.04,6.3939,15.9646,-4.4093,-8.68,10.7152,18.842,-4.3442,45.04
160.198,6.4341,2.7739,5.1687,0,1,5.1641,1,0.1,0.1,0.1,9.779,21.451,-4.3462,45.05,6.4237,15.9613,-4.4083,-8.69,10.716,18.8402,-4.3448,45.05
160.298,6.4214,2.7771,5.1451,0,1,5.1457,1,0.1,0.1,0.1,9.7786,21.4512,-4.3461,45.04,6.4538,15.9579,-4.4075,-8.68,10.7171,18.8375,-4.3451,45.05
160.398,6.4082,2.7799,5.1212,0,1,5.1274,1,0.1,0.1,0.1,9.7791,21.4504,-4.346,45.04,6.4841,15.9546,-4.4067,-8.68,10.7186,18.8341,-4.3453,45.05
160.498,6.3946,2.782,5.0972,0,1,5.1093,1,0.1,0.1,0.1,9.7806,21.4486,-4.3456,45.04,6.5146,15.9513,-4.4058,-8.68,10.7205,18.8303,-4.3457,45.05
160.598,6.3804,2.7831,5.073,0,1,5.091,1,0.1,0.1,0.1,9.7828,21.446,-4.3451,45.05,6.5458,15.9481,-4.4049,-8.66,10.7228,18.8264,-4.3458,45.07
160.698,6.3654,2.783,5.0489,0,1,5.0728,1,0.1,0.1,0.1,9.786,21.4425,-4.3446,45.05,6.5772,15.9453,-4.4041,-8.65,10.7254,18.8228,-4.3457,45.07
160.798,6.3504,2.7821,5.025,0,1,5.0549,1,0.1,0.1,0.1,9.7899,21.4384,-4.3439,45.05,6.6085,15.9427,-4.4034,-8.63,10.7282,18.8194,-4.3453,45.08
160.898,6.3359,2.7809,5.0014,0,1,5.0372,1,0.1,0.1,0.1,9.7942,21.4342,-4.3433,45.04,6.6397,15.9397,-4.4026,-8.62,10.7309,18.8159,-4.3447,45.08
160.998,6.322,2.7797,4.9779,0,1,5.0197,1,0.1,0.1,0.1,9.7986,21.4301,-4.3428,45.03,6.6707,15.9365,-4.4018,-8.62,10.7334,18.8123,-4.3441,45.08
161.098,6.3085,2.7782,4.9544,0,1,5.0022,1,0.1,0.1,0.1,9.8031,21.4261,-4.3421,45.01,6.7017,15.933,-4.4007,-8.61,10.7355,18.809,-4.3438,45.09
161.198,6.2958,2.7771,4.9315,0,1,4.9849,1,0.1,0.1,0.1,9.8076,21.4225,-4.3416,44.99,6.7325,15.9292,-4.3998,-8.6,10.7377,18.8058,-4.3438,45.09
161.298,6.2834,2.7761,4.9091,0,1,4.9679,1,0.1,0.1,0.1,9.8118,21.4192,-4.3412,44.97,6.7629,15.9254,-4.3989,-8.58,10.7399,18.8029,-4.3438,45.08
161.398,6.2712,2.7744,4.8866,0,1,4.9508,1,0.1,0.1,0.1,9.8162,21.4156,-4.3412,44.94,6.7934,15.9213,-4.3983,-8.56,10.7416,18.8001,-4.3441,45.07
161.498,6.2593,2.7727,4.8644,0,1,4.9338,1,0.1,0.1,0.1,9.8203,21.4121,-4.3413,44.92,6.8236,15.9171,-4.3982,-8.55,10.7431,18.7976,-4.3445,45.06
161.598,6.2472,2.7704,4.842,0,1,4.9164,1,0.1,0.1,0.1,9.8238,21.4088,-4.3411,44.91,6.854,15.9129,-4.398,-8.54,10.7441,18.7956,-4.3451,45.06
161.698,6.2351,2.7682,4.8196,0,1,4.8988,1,0.1,0.1,0.1,9.827,21.4056,-4.3411,44.9,6.8846,15.9088,-4.3975,-8.53,10.7447,18.794,-4.3453,45.06
161.798,6.2236,2.7662,4.7976,0,1,4.8814,1,0.1,0.1,0.1,9.8302,21.4028,-4.3412,44.9,6.9148,15.9046,-4.397,-8.53,10.7456,18.7924,-4.3454,45.04
161.898,6.2127,2.7648,4.776,0,1,4.8643,1,0.1,0.1,0.1,9.8333,21.4005,-4.3415,44.92,6.9448,15.9005,-4.3964,-8.54,10.7465,18.7909,-4.3453,45.03
161.998,6.2019,2.7635,4.7544,0,1,4.8472,1,0.1,0.1,0.1,9.8363,21.3985,-4.3417,44.94,6.9747,15.8965,-4.396,-8.55,10.7473,18.7895,-4.3455,45.02
162.098,6.1914,2.7618,4.7332,0,1,4.8304,1,0.1,0.1,0.1,9.8394,21.3963,-4.3418,44.94,7.0041,15.8926,-4.3957,-8.56,10.7478,18.7883,-4.346,45.01
162.198,6.1811,2.7602,4.7124,0,1,4.8137,1,0.1,0.1,0.1,9.8424,21.3941,-4.342,44.94,7.0334,15.8884,-4.3951,-8.55,10.7487,18.7869,-4.3467,45.01
162.298,6.171,2.7589,4.6916,0,1,4.797,1,0.1,0.1,0.1,9.8452,21.3919,-4.3421,44.95,7.0626,15.8841,-4.3944,-8.55,10.7493,18.7853,-4.3472,44.99
162.398,6.161,2.7576,4.671,0,1,4.7801,1,0.1,0.1,0.1,9.8473,21.3898,-4.342,44.95,7.0918,15.8795,-4.3935,-8.55,10.7498,18.784,-4.3473,44.99
162.498,6.1507,2.7566,4.6507,0,1,4.7632,1,0.1,0.1,0.1,9.8488,21.3876,-4.342,44.95,7.1208,15.8752,-4.3932,-8.54,10.7504,18.7827,-4.3473,44.99
162.598,6.14,2.7554,4.6301,0,1,4.746,1,0.1,0.1,0.1,9.8501,21.3855,-4.3422,44.95,7.1501,15.8712,-4.3931,-8.54,10.7509,18.7815,-4.3476,44.99
162.698,6.1291,2.7531,4.6092,0,1,4.7288,1,0.1,0.1,0.1,9.8525,21.3824,-4.3422,44.94,7.1796,15.8671,-4.3936,-8.54,10.7513,18.7801,-4.3477,45.0
162.798,6.1176,2.7543,4.5895,0,1,4.7127,1,0.1,0.1,0.1,9.8561,21.3784,-4.342,44.93,7.2096,15.8631,-4.3945,-8.54,10.7564,18.7754,-4.3474,45.02
162.898,6.1055,2.7614,4.5712,0,1,4.6979,1,0.1,0.1,0.1,9.8603,21.3738,-4.3414,44.92,7.2399,15.8595,-4.3951,-8.54,10.7679,18.7658,-4.3468,45.04
162.998,6.093,2.7738,4.5538,0,1,4.6841,1,0.1,0.1,0.1,9.8649,21.369,-4.3407,44.92,7.2702,15.8563,-4.3957,-8.53,10.7844,18.752,-4.3464,45.04
163.098,6.0806,2.7904,4.5372,0,1,4.6711,1,0.1,0.1,0.1,9.8695,21.3642,-4.3399,44.92,7.3005,15.8533,-4.3963,-8.5,10.8046,18.7352,-4.3458,45.04
163.198,6.0688,2.8109,4.5214,0,1,4.6588,1,0.1,0.1,0.1,9.874,21.3598,-4.3391,44.91,7.3307,15.8499,-4.3968,-8.48,10.8276,18.7156,-4.3452,45.04
163.298,6.0573,2.8345,4.5062,0,1,4.6471,1,0.1,0.1,0.1,9.8783,21.3555,-4.3381,44.91,7.3608,15.8464,-4.3972,-8.46,10.853,18.6938,-4.3447,45.05
163.398,6.0462,2.8607,4.4911,0,1,4.6357,1,0.1,0.1,0.1,9.8824,21.3515,-4.3373,44.91,7.3908,15.8429,-4.3976,-8.45,10.8798,18.6703,-4.3443,45.06
163.498,6.0359,2.8893,4.4767,0,1,4.6247,1,0.1,0.1,0.1,9.8864,21.3481,-4.3371,44.92,7.4208,15.8391,-4.3979,-8.44,10.9082,18.6455,-4.3438,45.06
163.598,6.0261,2.9189,4.4627,0,1,4.6141,1,0.1,0.1,0.1,9.8905,21.3446,-4.3373,44.93,7.4504,15.835,-4.3981,-8.44,10.9372,18.6198,-4.3433,45.05
163.698,6.0166,2.9486,4.4493,0,1,4.6038,1,0.1,0.1,0.1,9.8948,21.341,-4.3374,44.93,7.4799,15.8306,-4.3982,-8.44,10.9665,18.5941,-4.3426,45.04
163.798,6.0075,2.9778,4.4367,0,0,4.5936,1,0.1,0.1,0.1,9.8988,21.3376,-4.3376,44.94,7.5092,15.8261,-4.3982,-8.45,10.9959,18.5692,-4.3422,45.04
163.898,5.9986,3.0066,4.4244,0,0,4.5832,1,0.1,0.1,0.1,9.9023,21.3345,-4.3379,44.96,7.539,15.8214,-4.398,-8.47,11.025,18.5454,-4.342,45.04
163.998,5.9899,3.0342,4.4123,0,0,4.5726,1,0.1,0.1,0.1,9.9055,21.3317,-4.3382,44.97,7.569,15.8167,-4.3979,-8.5,11.0534,18.523,-4.3417,45.04
164.098,5.9812,3.0602,4.4004,0,0,4.5617,1,0.1,0.1,0.1,9.9086,21.3289,-4.3389,44.98,7.5991,15.8119,-4.3979,-8.51,11.0808,18.5021,-4.3415,45.03
164.198,5.9722,3.0839,4.3887,0,0,4.5507,1,0.1,0.1,0.1,9.9116,21.3257,-4.3397,44.99,7.629,15.8072,-4.398,-8.51,11.1072,18.483,-4.3414,45.03
164.298,5.9625,3.1046,4.3771,0,0,4.5393,1,0.1,0.1,0.1,9.9149,21.322,-4.3404,45.0,7.659,15.803,-4.398,-8.52,11.1323,18.4661,-4.3416,45.03
164.398,5.9521,3.1224,4.3643,0,0,4.5273,1,0.1,0.1,0.1,9.9184,21.3178,-4.3411,45.0,7.6893,15.7992,-4.3978,-8.53,11.1553,18.4509,-4.3421,45.03
164.498,5.9416,3.1379,4.3507,0,0,4.5148,1,0.1,0.1,0.1,9.9218,21.3135,-4.342,45.01,7.7193,15.7955,-4.3977,-8.52,11.1759,18.437,-4.3427,45.03
164.598,5.9312,3.1512,4.3365,0,0,4.5019,1,0.1,0.1,0.1,9.9252,21.3092,-4.3424,45.01,7.749,15.7919,-4.3971,-8.51,11.1943,18.4249,-4.3435,45.02
164.698,5.9216,3.1617,4.3216,0,0,4.4888,1,0.1,0.1,0.1,9.9289,21.305,-4.3425,44.99,7.7784,15.788,-4.3962,-8.51,11.2099,18.4144,-4.3445,45.0
164.798,5.9127,3.1701,4.3059,0,0,4.4753,1,0.1,0.1,0.1,9.9326,21.301,-4.3426,44.99,7.8076,15.7837,-4.3954,-8.52,11.2229,18.4054,-4.3452,44.98
164.898,5.9037,3.1755,4.2896,0,0,4.4616,1,0.1,0.1,0.1,9.9371,21.2963,-4.3425,44.99,7.8365,15.7792,-4.3948,-8.52,11.2339,18.3976,-4.3456,44.97
164.998,5.8939,3.1772,4.2727,0,0,4.4477,1,0.1,0.1,0.1,9.9427,21.2905,-4.3421,44.99,7.8654,15.7751,-4.3944,-8.51,11.243,18.3916,-4.3458,44.97
165.098,5.8839,3.1765,4.2552,0,0,4.4334,1,0.1,0.1,0.1,9.949,21.2843,-4.3419,45.01,7.8948,15.7709,-4.3947,-8.51,11.2506,18.3867,-4.3458,44.97
165.198,5.8742,3.1742,4.2372,0,0,4.4189,1,0.1,0.1,0.1,9.9561,21.2778,-4.3417,45.02,7.9244,15.7664,-4.3951,-8.51,11.2571,18.3825,-4.3456,44.97
165.298,5.8653,3.1708,4.2191,0,0,4.4044,1,0.1,0.1,0.1,9.9634,21.2715,-4.3414,45.02,7.954,15.7614,-4.3951,-8.5,11.2625,18.3791,-4.3455,44.97
165.398,5.8568,3.167,4.2012,0,0,4.3899,1,0.1,0.1,0.1,9.9707,21.2652,-4.3416,45.03,7.9834,15.7562,-4.3949,-8.49,11.2675,18.3759,-4.3457,44.97
165.498,5.8477,3.1625,4.1829,0,0,4.3752,1,0.1,0.1,0.1,9.9781,21.2584,-4.3418,45.03,8.0131,15.751,-4.3947,-8.48,11.2721,18.3728,-4.3461,44.96
165.598,5.8385,3.1574,4.1642,0,0,4.3601,1,0.1,0.1,0.1,9.9855,21.2514,-4.342,45.03,8.043,15.7457,-4.3941,-8.48,11.2761,18.3698,-4.3465,44.97
165.698,5.8296,3.1518,4.1456,0,0,4.3449,1,0.1,0.1,0.1,9.9925,21.2444,-4.3425,45.03,8.0728,15.7401,-4.3934,-8.47,11.2794,18.3672,-4.3469,44.97
165.798,5.8207,3.146,4.1271,0,0,4.3295,1,0.1,0.1,0.1,9.9989,21.2377,-4.343,45.04,8.1026,15.7348,-4.3927,-8.47,11.2823,18.3654,-4.3475,44.98
165.898,5.8118,3.1406,4.1083,0,0,4.3139,1,0.1,0.1,0.1,10.005,21.2316,-4.3437,45.06,8.1324,15.7299,-4.392,-8.46,11.2851,18.3637,-4.3484,44.99
165.998,5.8029,3.1352,4.0893,0,0,4.2981,1,0.1,0.1,0.1,10.0109,21.2256,-4.3442,45.07,8.1624,15.7251,-4.3914,-8.45,11.2875,18.3621,-4.3494,45.01
166.098,5.7946,3.1308,4.0703,0,0,4.2822,1,0.1,0.1,0.1,10.0161,21.2203,-4.3448,45.09,8.1922,15.7204,-4.391,-8.45,11.2899,18.3603,-4.3502,45.02
166.198,5.7868,3.127,4.0513,0,0,4.2662,1,0.1,0.1,0.1,10.0208,21.2155,-4.345,45.1,8.2219,15.7157,-4.3908,-8.44,11.2922,18.3586,-4.3505,45.04
166.298,5.7793,3.1234,4.0328,0,0,4.2504,1,0.1,0.1,0.1,10.0253,21.2112,-4.3451,45.11,8.2513,15.711,-4.3907,-8.44,11.2943,18.3572,-4.3505,45.06
166.398,5.7724,3.1203,4.0142,0,0,4.2343,1,0.1,0.1,0.1,10.0293,21.2072,-4.3448,45.11,8.281,15.7061,-4.3906,-8.44,11.2962,18.3557,-4.3503,45.07
166.498,5.766,3.1178,3.9956,0,0,4.2182,1,0.1,0.1,0.1,10.0328,21.2039,-4.3447,45.11,8.3106,15.7012,-4.3907,-8.45,11.298,18.3543,-4.3499,45.07
166.598,5.7601,3.1159,3.9771,0,0,4.2019,1,0.1,0.1,0.1,10.0356,21.201,-4.3445,45.11,8.34,15.6964,-4.3909,-8.46,11.2994,18.353,-4.3492,45.05
166.698,5.7545,3.1143,3.9586,0,0,4.1856,1,0.1,0.1,0.1,10.0379,21.1984,-4.3442,45.12,8.3692,15.6914,-4.3912,-8.47,11.3005,18.3515,-4.3484,45.01
166.798,5.7492,3.1132,3.9404,0,0,4.1693,1,0.1,0.1,0.1,10.0399,21.1962,-4.3438,45.14,8.3984,15.6865,-4.3911,-8.47,11.3017,18.3502,-4.3474,44.97
166.898,5.7438,3.112,3.9222,0,0,4.1528,1,0.1,0.1,0.1,10.0416,21.1942,-4.3433,45.15,8.4278,15.6819,-4.3909,-8.46,11.303,18.3493,-4.3462,44.95
166.998,5.7391,3.1118,3.9043,0,0,4.1363,1,0.1,0.1,0.1,10.0428,21.1925,-4.3432,45.15,8.4574,15.677,-4.3912,-8.46,11.3046,18.3481,-4.3452,44.94
167.098,5.7347,3.1122,3.8865,0,0,4.1197,1,0.1,0.1,0.1,10.0436,21.1913,-4.3429,45.15,8.4867,15.6721,-4.3916,-8.46,11.3062,18.3467,-4.3447,44.94
167.198,5.73,3.1117,3.8691,0,0,4.1034,1,0.1,0.1,0.1,10.0449,21.1892,-4.3424,45.14,8.516,15.6672,-4.3923,-8.47,11.3079,18.3454,-4.3444,44.94
167.298,5.7308,3.1107,3.8558,0,0,4.0885,0,0.1,0.1,0.1,10.047,21.1865,-4.3418,45.14,8.5461,15.656,-4.3927,-8.48,11.3102,18.3439,-4.3443,44.95
167.398,5.7395,3.1096,3.8479,0,0,4.0753,0,0.1,0.1,0.1,10.0496,21.1837,-4.3414,45.15,8.5775,15.6365,-4.3925,-8.49,11.3129,18.3423,-4.3441,44.95
167.498,5.754,3.1079,3.8446,0,0,4.0634,0,0.1,0.1,0.1,10.0524,21.1803,-4.3412,45.14,8.6097,15.6103,-4.3917,-8.49,11.3158,18.3409,-4.3439,44.93
167.598,5.7735,3.1056,3.8451,0,0,4.0526,0,0.1,0.1,0.1,10.0555,21.1768,-4.341,45.13,8.6427,15.5791,-4.3905,-8.49,11.3187,18.3397,-4.3433,44.93
167.698,5.7974,3.1033,3.8484,0,0,4.0426,0,0.1,0.1,0.1,10.0586,21.1734,-4.3411,45.12,8.6764,15.5434,-4.3892,-8.5,11.3212,18.3386,-4.3424,44.93
167.798,5.8244,3.101,3.8541,0,0,4.0334,0,0.1,0.1,0.1,10.0619,21.1699,-4.3414,45.1,8.7107,15.5046,-4.3874,-8.52,11.3238,18.3373,-4.3416,44.95
167.898,5.8534,3.0988,3.8615,0,0,4.0246,0,0.1,0.1,0.1,10.0654,21.1663,-4.3417,45.09,8.7457,15.4638,-4.3854,-8.53,11.3266,18.3357,-4.3408,44.96
167.998,5.8838,3.0961,3.87,0,0,4.0161,0,0.1,0.1,0.1,10.0692,21.1625,-4.3417,45.09,8.7812,15.4216,-4.3834,-8.55,11.3291,18.3342,-4.3403,44.96
168.098,5.915,3.0932,3.8795,0,0,4.008,0,0.1,0.1,0.1,10.0733,21.1585,-4.3416,45.09,8.8171,15.3785,-4.3813,-8.54,11.3314,18.3327,-4.3401,44.96
168.198,5.9472,3.0904,3.8899,0,0,3.9999,0,0.1,0.1,0.1,10.0771,21.1545,-4.3414,45.1,8.8533,15.3347,-4.3792,-8.53,11.3336,18.3311,-4.34,44.95
168.298,5.9802,3.087,3.9016,0,0,3.9923,0,0.1,0.1,0.1,10.081,21.1503,-4.3415,45.1,8.8897,15.2901,-4.3775,-8.51,11.3355,18.3297,-4.3401,44.95
168.398,6.014,3.0833,3.9145,0,0,3.985,0,0.1,0.1,0.1,10.0849,21.146,-4.3417,45.09,8.9263,15.2448,-4.3761,-8.5,11.3372,18.3285,-4.3402,44.96
168.498,6.0486,3.0794,3.9292,0,0,3.9784,0,0.1,0.1,0.1,10.0885,21.1416,-4.3421,45.09,8.9626,15.1988,-4.3747,-8.51,11.3392,18.3276,-4.3402,44.96
168.598,6.0744,3.0749,3.9366,0,0,3.968,0,0.1,0.1,0.1,10.0927,21.1363,-4.3427,45.1,9.0021,15.1607,-4.3728,-8.21,11.3416,18.3265,-4.3403,44.96
168.698,6.088,3.069,3.9334,0,0,3.9521,0,0.1,0.1,0.1,10.0979,21.1301,-4.3431,45.1,9.0456,15.1338,-4.3708,-7.46,11.3442,18.3255,-4.3402,44.96
168.798,6.0919,3.0622,3.9215,0,0,3.9317,0,0.1,0.1,0.1,10.1038,21.1233,-4.3434,45.1,9.0923,15.116,-4.3691,-6.3,11.3466,18.3246,-4.3404,44.97
168.898,6.0886,3.0508,3.9037,0,0,3.9073,0,0.1,0.1,0.1,10.1102,21.1161,-4.3441,45.1,9.1414,15.1051,-4.3674,-4.81,11.3457,18.3267,-4.341,44.98
168.998,6.08,3.0338,3.882,0,0,3.8797,0,0.1,0.1,0.1,10.1168,21.1088,-4.3448,45.1,9.1925,15.0995,-4.3662,-3.1,11.3407,18.3329,-4.3415,44.99
169.098,6.0679,3.0126,3.8577,0,0,3.8495,0,0.1,0.1,0.1,10.1234,21.1018,-4.3457,45.11,9.245,15.0978,-4.3652,-1.26,11.332,18.3422,-4.3422,45.01
169.198,6.0538,2.9892,3.8319,0,0,3.8177,0,0.1,0.1,0.1,10.1297,21.0953,-4.3466,45.13,9.2981,15.099,-4.364,0.65,11.3207,18.3536,-4.3429,45.02
169.298,6.0383,2.9649,3.8057,0,0,3.7852,0,0.1,0.1,0.1,10.1354,21.0893,-4.3474,45.15,9.3512,15.1021,-4.3627,2.57,11.308,18.3661,-4.3435,45.03
169.398,6.0219,2.9407,3.779,0,0,3.7521,0,0.1,0.1,0.1,10.1409,21.0838,-4.3477,45.16,9.4041,15.1071,-4.3617,4.47,11.2949,18.379,-4.3441,45.03
169.498,6.0051,2.9168,3.7524,0,0,3.7189,0,0.1,0.1,0.1,10.1461,21.0785,-4.3477,45.16,9.4567,15.1131,-4.3609,6.34,11.2816,18.3919,-4.3446,45.04
169.598,5.9881,2.8941,3.7261,0,0,3.6856,0,0.1,0.1,0.1,10.1508,21.0735,-4.3478,45.16,9.5089,15.1199,-4.3604,8.16,11.2689,18.4041,-4.3452,45.06
169.698,5.9715,2.873,3.7002,0,0,3.6524,0,0.1,0.1,0.1,10.1547,21.069,-4.3482,45.17,9.5608,15.1272,-4.36,9.94,11.2567,18.4158,-4.3458,45.08
169.798,5.9548,2.8521,3.6754,0,0,3.6197,0,0.1,0.1,0.1,10.1589,21.0643,-4.3488,45.16,9.6122,15.1346,-4.3594,11.65,11.2453,18.4273,-4.3462,45.09
169.898,5.9382,2.8318,3.6514,0,0,3.5876,0,0.1,0.1,0.1,10.1636,21.0592,-4.3491,45.15,9.6628,15.1421,-4.3586,13.29,11.2348,18.4378,-4.3464,45.09
169.998,5.9223,2.8143,3.6271,0,0,3.5561,0,0.1,0.1,0.1,10.1687,21.0544,-4.3492,45.13,9.7131,15.1496,-4.3577,14.87,11.2258,18.4462,-4.3465,45.08
170.098,5.9075,2.7998,3.6029,0,0,3.5251,0,0.1,0.1,0.1,10.1738,21.0501,-4.3494,45.1,9.7632,15.1568,-4.357,16.36,11.2187,18.4526,-4.3463,45.07
170.198,5.8938,2.7877,3.5791,0,0,3.4946,0,0.1,0.1,0.1,10.1788,21.0462,-4.3495,45.09,9.8131,15.1638,-4.3561,17.79,11.2134,18.4575,-4.3462,45.06
170.298,5.8811,2.7785,3.5553,0,0,3.4647,0,0.1,0.1,0.1,10.1839,21.0427,-4.3494,45.07,9.8627,15.1703,-4.3553,19.16,11.2097,18.4605,-4.3462,45.04
170.398,5.87,2.7727,3.5315,0,0,3.4353,0,0.1,0.1,0.1,10.1884,21.04,-4.3493,45.06,9.9122,15.1765,-4.3545,20.45,11.2081,18.4617,-4.3464,45.02
170.498,5.8602,2.7703,3.5075,0,0,3.4061,0,0.1,0.1,0.1,10.192,21.0381,-4.3495,45.04,9.9617,15.1825,-4.3538,21.67,11.2083,18.461,-4.3464,45.0
170.598,5.8506,2.7702,3.483,0,0,3.377,0,0.1,0.1,0.1,10.1952,21.0364,-4.3497,45.04,10.0111,15.1887,-4.3529,22.84,11.2101,18.4588,-4.3464,44.98
170.698,5.8419,2.7715,3.4588,0,0,3.3482,0,0.1,0.1,0.1,10.1982,21.0349,-4.3501,45.04,10.0604,15.1947,-4.3517,23.94,11.2128,18.4558,-4.346,44.97
170.798,5.8339,2.7735,3.4353,0,0,3.3199,0,0.1,0.1,0.1,10.2015,21.0334,-4.3505,45.03,10.1094,15.2003,-4.3505,24.99,11.2164,18.4523,-4.3457,44.97
170.898,5.8261,2.7755,3.4124,0,0,3.2922,0,0.1,0.1,0.1,10.2057,21.0314,-4.3505,45.02,10.1582,15.2055,-4.3493,26.0,11.2208,18.4482,-4.3457,44.97
170.998,5.8183,2.7771,3.3899,0,0,3.2648,0,0.1,0.1,0.1,10.211,21.0289,-4.3506,45.0,10.2073,15.2106,-4.3485,26.96,11.2259,18.4439,-4.3456,44.97
171.098,5.8113,2.7794,3.3678,0,0,3.2377,0,0.1,0.1,0.1,10.217,21.0265,-4.3503,44.98,10.2567,15.2154,-4.348,27.87,11.2317,18.439,-4.3452,44.96
171.198,5.8052,2.7823,3.3463,0,0,3.2111,0,0.1,0.1,0.1,10.2237,21.0245,-4.3499,44.96,10.3061,15.2199,-4.3477,28.73,11.2381,18.4338,-4.3448,44.95
171.298,5.7998,2.7857,3.325,0,0,3.1848,0,0.1,0.1,0.1,10.2306,21.0228,-4.3498,44.95,10.3552,15.2244,-4.3473,29.56,11.2446,18.4282,-4.3445,44.94
171.398,5.7955,2.7899,3.3042,0,0,3.1586,0,0.1,0.1,0.1,10.2373,21.0217,-4.3496,44.95,10.4042,15.2286,-4.3469,30.34,11.2508,18.4224,-4.3448,44.93
171.498,5.7927,2.7946,3.2842,0,0,3.1328,0,0.1,0.1,0.1,10.2439,21.0212,-4.3493,44.94,10.4531,15.2323,-4.3467,31.08,11.2569,18.4166,-4.3453,44.93
171.598,5.7905,2.7995,3.2649,0,0,3.1069,0,0.1,0.1,0.1,10.2502,21.0208,-4.3489,44.94,10.5021,15.2358,-4.3464,31.78,11.2626,18.4109,-4.3458,44.92
171.698,5.7891,2.804,3.2464,0,0,3.081,0,0.1,0.1,0.1,10.2559,21.0209,-4.3488,44.94,10.551,15.2393,-4.3463,32.43,11.2674,18.4057,-4.346,44.93
171.798,5.788,2.8083,3.2284,0,0,3.0548,0,0.1,0.1,0.1,10.2616,21.0212,-4.3487,44.95,10.6,15.2431,-4.3459,33.06,11.2717,18.4009,-4.3461,44.95
171.898,5.7869,2.8126,3.2105,0,0,3.0288,0,0.1,0.1,0.1,10.2679,21.0216,-4.3484,44.95,10.6491,15.2472,-4.3455,33.66,11.2761,18.3959,-4.3458,44.97
171.998,5.7863,2.8165,3.1934,0,0,3.003,0,0.1,0.1,0.1,10.2751,21.0219,-4.3482,44.94,10.6984,15.2511,-4.3451,34.24,11.2804,18.391,-4.3456,44.98
172.098,5.7857,2.8197,3.1771,0,0,2.9774,0,0.1,0.1,0.1,10.2829,21.0219,-4.3479,44.94,10.7479,15.2549,-4.345,34.78,11.2849,18.3863,-4.3456,45.0
172.198,5.7851,2.8225,3.1613,0,0,2.9517,0,0.1,0.1,0.1,10.2912,21.0219,-4.3475,44.95,10.7978,15.2589,-4.3452,35.31,11.2895,18.3818,-4.3453,45.02
172.298,5.7852,2.8252,3.1462,0,0,2.926,0,0.1,0.1,0.1,10.3,21.0221,-4.3473,44.96,10.8481,15.2629,-4.3453,35.79,11.2936,18.3774,-4.3449,45.03
172.398,5.7857,2.8276,3.1317,0,0,2.9003,0,0.1,0.1,0.1,10.3092,21.0224,-4.3474,44.96,10.8987,15.2668,-4.3454,36.26,11.2974,18.3731,-4.3443,45.04
172.498,5.7863,2.8296,3.1181,0,0,2.8748,0,0.1,0.1,0.1,10.3188,21.0224,-4.3477,44.95,10.9493,15.2705,-4.3455,36.69,11.3012,18.3687,-4.344,45.05
172.598,5.7875,2.8316,3.1054,0,0,2.8496,0,0.1,0.1,0.1,10.3287,21.0225,-4.348,44.95,10.9998,15.274,-4.3455,37.1,11.3047,18.3644,-4.3438,45.05
172.698,5.7896,2.8343,3.0933,0,0,2.8247,0,0.1,0.1,0.1,10.3387,21.023,-4.3483,44.95,11.0502,15.2773,-4.3455,37.5,11.3085,18.3598,-4.3437,45.05
172.798,5.7925,2.8374,3.0821,0,0,2.8001,0,0.1,0.1,0.1,10.3489,21.0239,-4.3484,44.95,11.1007,15.2805,-4.3454,37.88,11.3126,18.3553,-4.3433,45.05
172.898,5.7959,2.8402,3.072,0,0,2.7759,0,0.1,0.1,0.1,10.3596,21.0251,-4.3486,44.95,11.1512,15.2835,-4.3453,38.24,11.3167,18.3511,-4.3429,45.05
172.998,5.7997,2.843,3.0628,0,0,2.7517,0,0.1,0.1,0.1,10.37,21.0266,-4.3492,44.94,11.2016,15.2868,-4.3452,38.58,11.3208,18.3472,-4.3428,45.05
173.098,5.8035,2.8457,3.054,0,0,2.7274,0,0.1,0.1,0.1,10.3804,21.0279,-4.3498,44.93,11.2524,15.2903,-4.345,38.92,11.3249,18.3435,-4.3428,45.04
173.198,5.8071,2.8485,3.0455,0,0,2.703,0,0.1,0.1,0.1,10.391,21.0291,-4.3501,44.92,11.3033,15.2941,-4.3448,39.23,11.3288,18.3395,-4.3422,45.03
173.298,5.811,2.851,3.0377,0,0,2.6785,0,0.1,0.1,0.1,10.4017,21.03,-4.35,44.91,11.3543,15.2977,-4.3446,39.53,11.3325,18.3353,-4.3414,45.03
173.398,5.8151,2.8533,3.0308,0,0,2.6543,0,0.1,0.1,0.1,10.4132,21.0305,-4.3499,44.92,11.4057,15.3008,-4.3445,39.81,11.3367,18.3308,-4.3405,45.02
173.498,5.8193,2.8553,3.0249,0,0,2.6308,0,0.1,0.1,0.1,10.4261,21.0309,-4.35,44.92,11.4568,15.3036,-4.344,40.08,11.3412,18.3263,-4.3397,45.0
173.598,5.8245,2.8578,3.0198,0,0,2.608,0,0.1,0.1,0.1,10.4397,21.0319,-4.3502,44.91,11.5078,15.3062,-4.3435,40.35,11.3459,18.3216,-4.3386,44.99
173.698,5.8303,2.8612,3.015,0,0,2.5855,0,0.1,0.1,0.1,10.4535,21.0335,-4.3501,44.89,11.5586,15.3089,-4.3431,40.6,11.3509,18.3168,-4.3374,44.98
173.798,5.8355,2.8654,3.0094,0,0,2.5632,0,0.1,0.1,0.1,10.4672,21.0356,-4.3502,44.89,11.6084,15.3128,-4.3429,40.83,11.3563,18.3116,-4.3365,44.98
173.898,5.8399,2.8697,3.0035,0,0,2.5411,0,0.1,0.1,0.1,10.4808,21.0381,-4.3504,44.88,11.6571,15.3179,-4.343,41.05,11.3613,18.3068,-4.3361,44.99
173.998,5.844,2.874,2.9979,0,0,2.5192,0,0.1,0.1,0.1,10.4943,21.0412,-4.3504,44.87,11.7049,15.324,-4.3437,41.27,11.3661,18.3027,-4.3361,44.99
174.098,5.8472,2.8785,2.9918,0,0,2.4975,0,0.1,0.1,0.1,10.5072,21.045,-4.3503,44.87,11.7512,15.3317,-4.3445,41.45,11.3707,18.2991,-4.3365,44.99
174.198,5.8497,2.8838,2.9846,0,0,2.4758,0,0.1,0.1,0.1,10.5192,21.0494,-4.3502,44.87,11.796,15.3408,-4.3447,41.63,11.3749,18.2956,-4.3374,44.99
174.298,5.851,2.8899,2.9761,0,0,2.4541,0,0.1,0.1,0.1,10.5308,21.0541,-4.35,44.87,11.8392,15.3513,-4.3448,41.8,11.3789,18.2916,-4.338,44.99
174.398,5.8508,2.8961,2.9663,0,0,2.4322,0,0.1,0.1,0.1,10.542,21.0589,-4.3499,44.87,11.8811,15.3635,-4.3448,41.96,11.3828,18.2876,-4.3386,44.99
174.498,5.8491,2.9025,2.9553,0,0,2.4102,0,0.1,0.1,0.1,10.5528,21.0638,-4.3495,44.87,11.9215,15.3771,-4.3449,42.11,11.3865,18.2836,-4.3392,44.99
174.598,5.8456,2.9087,2.9432,0,0,2.388,0,0.1,0.1,0.1,10.5632,21.0683,-4.3493,44.87,11.9605,15.3922,-4.3451,42.26,11.3901,18.2796,-4.3397,45.0
174.698,5.841,2.9151,2.9304,0,0,2.3659,0,0.1,0.1,0.1,10.5732,21.0729,-4.3494,44.87,11.9987,15.4084,-4.3456,42.4,11.3942,18.2758,-4.3399,45.01
174.798,5.8353,2.9214,2.9167,0,0,2.3436,0,0.1,0.1,0.1,10.5827,21.0772,-4.3493,44.88,12.0358,15.4257,-4.3461,42.54,11.3985,18.272,-4.3399,45.01
174.898,5.8278,2.9279,2.9017,0,0,2.3212,0,0.1,0.1,0.1,10.592,21.0814,-4.349,44.9,12.0714,15.4445,-4.3464,42.66,11.4028,18.2681,-4.3399,45.01
174.998,5.8193,2.934,2.8862,0,0,2.299,0,0.1,0.1,0.1,10.6012,21.0855,-4.3489,44.92,12.1057,15.4641,-4.3466,42.78,11.4067,18.2643,-4.3396,45.02
175.098,5.8104,2.9399,2.8708,0,0,2.2769,0,0.1,0.1,0.1,10.6099,21.0898,-4.3487,44.93,12.139,15.4842,-4.3469,42.88,11.4103,18.2609,-4.3391,45.02
175.198,5.8006,2.9457,2.855,0,0,2.2544,0,0.1,0.1,0.1,10.6178,21.094,-4.3489,44.95,12.1717,15.5054,-4.3474,42.97,11.4135,18.2578,-4.3388,45.03
175.298,5.79,2.9515,2.8386,0,0,2.2316,0,0.1,0.1,0.1,10.6251,21.0983,-4.3492,44.97,12.2036,15.5277,-4.3481,43.05,11.4164,18.2549,-4.3389,45.03
175.398,5.7785,2.9566,2.8224,0,0,2.2088,0,0.1,0.1,0.1,10.6321,21.1026,-4.3494,44.99,12.2348,15.5508,-4.3486,43.14,11.4191,18.2527,-4.339,45.03
175.498,5.7662,2.9611,2.8062,0,0,2.1859,0,0.1,0.1,0.1,10.639,21.1067,-4.3493,45.01,12.2656,15.5746,-4.3487,43.22,11.4218,18.251,-4.339,45.04
175.598,5.7537,2.9656,2.7901,0,0,2.1628,0,0.1,0.1,0.1,10.6455,21.1109,-4.3494,45.03,12.2959,15.599,-4.3487,43.31,11.4242,18.2493,-4.3392,45.05
175.698,5.7419,2.9703,2.7748,0,0,2.1397,0,0.1,0.1,0.1,10.6513,21.1153,-4.3503,45.04,12.3262,15.6231,-4.3488,43.4,11.426,18.2478,-4.3393,45.06
175.798,5.7351,2.9757,2.7642,0,0,2.1162,0,0.1,0.1,0.1,10.6566,21.12,-4.3513,45.03,12.3601,15.6437,-4.3489,43.48,11.4274,18.2458,-4.3396,45.06
175.898,5.7341,2.9815,2.7597,0,0,2.0925,0,0.1,0.1,0.1,10.662,21.1247,-4.3523,45.02,12.3987,15.66,-4.3489,43.55,11.4283,18.2435,-4.34,45.05
175.998,5.7375,2.9866,2.7608,0,0,2.0689,0,0.1,0.1,0.1,10.6673,21.1293,-4.3529,45.0,12.441,15.6728,-4.3488,43.62,11.4293,18.2415,-4.3404,45.04
176.098,5.7496,2.9964,2.7665,0,0,2.0466,0,0.1,0.1,0.1,10.6716,21.1388,-4.353,44.99,12.4859,15.683,-4.3483,43.67,11.4303,18.2402,-4.341,45.03
176.198,5.7715,3.0131,2.7755,0,0,2.026,0,0.1,0.1,0.1,10.6743,21.1555,-4.3531,44.98,12.5323,15.6913,-4.3479,43.71,11.4308,18.2389,-4.3414,45.02
176.298,5.8003,3.0355,2.7866,0,0,2.0067,0,0.1,0.1,0.1,10.6758,21.178,-4.3529,44.99,12.5797,15.6991,-4.3476,43.75,11.4313,18.238,-4.3418,45.01
176.398,5.8225,3.0555,2.7939,0,0,1.9878,0,0.1,0.1,0.1,10.6803,21.1991,-4.3526,45.0,12.6238,15.7106,-4.3473,43.8,11.4321,18.2376,-4.3426,45.02
176.498,5.8325,3.07,2.795,0,0,1.9685,0,0.1,0.1,0.1,10.6892,21.2159,-4.352,45.01,12.6627,15.7274,-4.3469,43.86,11.4327,18.2372,-4.3435,45.03
176.598,5.8324,3.0804,2.7908,0,0,1.9488,0,0.1,0.1,0.1,10.7017,21.2291,-4.3512,45.02,12.6971,15.7488,-4.3463,43.9,11.4331,18.2369,-4.3443,45.04
176.698,5.8242,3.0876,2.782,0,0,1.9287,0,0.1,0.1,0.1,10.7164,21.2397,-4.3505,45.02,12.7277,15.7738,-4.3456,43.93,11.4337,18.2366,-4.3448,45.04
176.798,5.8094,3.0925,2.7693,0,0,1.9083,0,0.1,0.1,0.1,10.7327,21.2481,-4.3499,45.03,12.7551,15.8021,-4.345,43.96,11.4344,18.2362,-4.3454,45.02
176.898,5.789,3.0958,2.7531,0,0,1.8874,0,0.1,0.1,0.1,10.7503,21.2547,-4.3494,45.05,12.7798,15.8331,-4.3445,44.0,11.4355,18.2356,-4.3462,45.01
176.998,5.7646,3.0983,2.7341,0,0,1.8662,0,0.1,0.1,0.1,10.7688,21.2598,-4.3492,45.08,12.8027,15.8659,-4.3441,44.05,11.4368,18.2344,-4.3468,45.01
177.098,5.7376,3.1004,2.7134,0,0,1.8449,0,0.1,0.1,0.1,10.7882,21.2641,-4.3489,45.11,12.8242,15.8999,-4.3437,44.1,11.4383,18.2326,-4.3472,45.01
177.198,5.7094,3.1028,2.6915,0,0,1.8237,0,0.1,0.1,0.1,10.8077,21.2684,-4.3487,45.12,12.8449,15.9348,-4.3437,44.16,11.4402,18.2307,-4.3473,45.01
177.298,5.681,3.1057,2.6695,0,0,1.8023,0,0.1,0.1,0.1,10.8268,21.2727,-4.3486,45.13,12.8652,15.9701,-4.3438,44.21,11.442,18.2286,-4.3473,45.01
177.398,5.6524,3.1086,2.6478,0,0,1.7808,0,0.1,0.1,0.1,10.8456,21.2772,-4.3488,45.14,12.8854,16.0057,-4.3437,44.25,11.4437,18.2266,-4.3472,45.02
177.498,5.6243,3.1121,2.6268,0,0,1.7593,0,0.1,0.1,0.1,10.8639,21.282,-4.3489,45.15,12.9055,16.0413,-4.3438,44.29,11.445,18.2247,-4.3471,45.03
177.598,5.597,3.116,2.6065,0,0,1.7378,0,0.1,0.1,0.1,10.8811,21.2871,-4.3489,45.14,12.9255,16.0769,-4.3443,44.33,11.446,18.2228,-4.3466,45.03
177.698,5.5702,3.1199,2.5873,0,0,1.7161,0,0.1,0.1,0.1,10.8977,21.2925,-4.3489,45.13,12.9458,16.1124,-4.3449,44.37,11.4467,18.2212,-4.346,45.05
177.798,5.5446,3.1241,2.5696,0,0,1.6945,0,0.1,0.1,0.1,10.9137,21.2981,-4.3488,45.12,12.9665,16.1475,-4.3454,44.41,11.4473,18.22,-4.3454,45.07
177.898,5.5205,3.1283,2.5538,0,0,1.6729,0,0.1,0.1,0.1,10.9291,21.3041,-4.3487,45.12,12.988,16.1818,-4.3456,44.44,11.448,18.2191,-4.3449,45.09
177.998,5.4983,3.1333,2.5398,0,0,1.6513,0,0.1,0.1,0.1,10.9438,21.3105,-4.3482,45.12,13.0103,16.2154,-4.3454,44.47,11.4484,18.2181,-4.3442,45.1
178.098,5.4776,3.1388,2.5276,0,0,1.6294,0,0.1,0.1,0.1,10.9579,21.3173,-4.3478,45.12,13.0337,16.2483,-4.3451,44.5,11.4485,18.2171,-4.3435,45.11
178.198,5.4586,3.1447,2.5179,0,0,1.6073,0,0.1,0.1,0.1,10.9718,21.3247,-4.3474,45.12,13.0581,16.2805,-4.3451,44.53,11.4479,18.2163,-4.3425,45.12
178.298,5.4413,3.1513,2.51,0,0,1.5851,0,0.1,0.1,0.1,10.9852,21.3326,-4.3471,45.12,13.0834,16.3121,-4.345,44.57,11.447,18.2153,-4.3414,45.14
178.398,5.4263,3.159,2.504,0,0,1.5629,0,0.1,0.1,0.1,10.998,21.3412,-4.3467,45.12,13.1096,16.3426,-4.3448,44.6,11.4462,18.2142,-4.3404,45.14
178.498,5.4138,3.1677,2.4998,0,0,1.5412,0,0.1,0.1,0.1,11.0106,21.351,-4.3463,45.11,13.1366,16.3722,-4.3447,44.63,11.4457,18.2134,-4.3398,45.14
178.598,5.4026,3.1764,2.4976,0,0,1.5195,0,0.1,0.1,0.1,11.023,21.3611,-4.3459,45.1,13.1645,16.4011,-4.3445,44.65,11.4454,18.2129,-4.3397,45.13
178.698,5.3926,3.1861,2.4964,0,0,1.4977,0,0.1,0.1,0.1,11.035,21.3717,-4.3455,45.08,13.193,16.4297,-4.3443,44.66,11.4451,18.2122,-4.34,45.12
178.798,5.3836,3.1962,2.496,0,0,1.4761,0,0.1,0.1,0.1,11.0467,21.3826,-4.3451,45.07,13.2215,16.4578,-4.3439,44.68,11.4452,18.2114,-4.3404,45.13
178.898,5.3753,3.2065,2.4968,0,0,1.4547,0,0.1,0.1,0.1,11.0585,21.3935,-4.3446,45.06,13.2504,16.4854,-4.3434,44.7,11.4453,18.2104,-4.3411,45.13
178.998,5.3679,3.2172,2.4989,0,0,1.4334,0,0.1,0.1,0.1,11.0707,21.4047,-4.3439,45.05,13.2798,16.5124,-4.3432,44.71,11.4454,18.2094,-4.3418,45.14
179.098,5.3606,3.2275,2.5021,0,0,1.412,0,0.1,0.1,0.1,11.0829,21.4157,-4.3432,45.04,13.3095,16.5394,-4.3433,44.72,11.4456,18.2086,-4.3424,45.15
179.198,5.3537,3.238,2.506,0,0,1.3908,0,0.1,0.1,0.1,11.0953,21.4271,-4.3429,45.02,13.3393,16.5663,-4.3432,44.72,11.446,18.2081,-4.3429,45.16
179.298,5.3472,3.2484,2.5109,0,0,1.3698,0,0.1,0.1,0.1,11.1081,21.4387,-4.343,45.0,13.3696,16.5933,-4.3429,44.75,11.4468,18.2081,-4.3432,45.17
179.398,5.3408,3.258,2.5168,0,0,1.3489,0,0.1,0.1,0.1,11.121,21.4505,-4.3433,44.98,13.4002,16.6204,-4.3427,44.77,11.448,18.2089,-4.3434,45.18
179.498,5.3349,3.2679,2.5233,0,0,1.3283,0,0.1,0.1,0.1,11.1338,21.4628,-4.3434,44.98,13.4305,16.6476,-4.3427,44.79,11.4493,18.2102,-4.3437,45.18
179.598,5.3299,3.2785,2.53,0,0,1.308,0,0.1,0.1,0.1,11.1463,21.4759,-4.3436,44.98,13.4608,16.6748,-4.3428,44.82,11.4511,18.2116,-4.344,45.18
179.698,5.3256,3.2897,2.5367,0,0,1.2879,0,0.1,0.1,0.1,11.1581,21.4894,-4.3437,44.99,13.4908,16.7019,-4.3431,44.84,11.4532,18.213,-4.3442,45.18
179.798,5.3215,3.3004,2.5439,0,0,1.268,0,0.1,0.1,0.1,11.1695,21.5029,-4.3438,45.0,13.5207,16.729,-4.3434,44.85,11.4559,18.2149,-4.3444,45.19
179.898,5.3175,3.311,2.5515,0,0,1.2479,0,0.1,0.1,0.1,11.1804,21.5163,-4.344,45.01,13.5509,16.7564,-4.3437,44.86,11.4589,18.2171,-4.3444,45.2
179.998,5.3133,3.3218,2.5587,0,0,1.2276,0,0.1,0.1,0.1,11.191,21.5299,-4.3441,45.03,13.5808,16.7843,-4.3439,44.88,11.4623,18.2191,-4.3443,45.2
180.098,5.3086,3.3325,2.5658,0,0,1.2075,0,0.1,0.1,0.1,11.2019,21.5435,-4.3443,45.03,13.6104,16.8127,-4.3441,44.89,11.466,18.2214,-4.3443,45.19
180.198,5.3032,3.3426,2.573,0,0,1.1874,0,0.1,0.1,0.1,11.213,21.5567,-4.3445,45.04,13.6398,16.8413,-4.3441,44.89,11.4699,18.224,-4.3447,45.18
180.298,5.2976,3.3519,2.5807,0,0,1.1675,0,0.1,0.1,0.1,11.2241,21.5697,-4.3447,45.04,13.6689,16.87,-4.3439,44.89,11.4739,18.2272,-4.3449,45.16
180.398,5.2918,3.3608,2.5888,0,0,1.1478,0,0.1,0.1,0.1,11.2352,21.5827,-4.3446,45.05,13.6977,16.8987,-4.3433,44.9,11.4779,18.2306,-4.3449,45.14
180.498,5.2854,3.3688,2.5976,0,0,1.1282,0,0.1,0.1,0.1,11.2468,21.5952,-4.3441,45.05,13.7264,16.9275,-4.3427,44.91,11.4816,18.2346,-4.3448,45.11
180.598,5.2785,3.3754,2.6074,0,0,1.1086,0,0.1,0.1,0.1,11.2586,21.6071,-4.3436,45.05,13.7552,16.9564,-4.3423,44.92,11.4853,18.2393,-4.3448,45.08
180.698,5.2713,3.3813,2.6173,0,0,1.0893,0,0.1,0.1,0.1,11.2707,21.6186,-4.3432,45.04,13.7841,16.9851,-4.3421,44.92,11.4897,18.2444,-4.3448,45.06
180.798,5.2639,3.3864,2.6272,0,0,1.0704,0,0.1,0.1,0.1,11.2832,21.6299,-4.3427,45.04,13.813,17.0137,-4.3419,44.92,11.495,18.2501,-4.3445,45.05
180.898,5.2565,3.3907,2.6374,0,0,1.0518,0,0.1,0.1,0.1,11.2962,21.6407,-4.342,45.04,13.8421,17.0419,-4.3419,44.93,11.5009,18.2562,-4.3436,45.04
180.998,5.2491,3.395,2.6477,0,0,1.0336,0,0.1,0.1,0.1,11.3096,21.6516,-4.3414,45.04,13.8713,17.0699,-4.3422,44.95,11.5073,18.2624,-4.3425,45.03
181.098,5.2422,3.3996,2.6581,0,0,1.0156,0,0.1,0.1,0.1,11.3233,21.6629,-4.3406,45.03,13.9004,17.0979,-4.3427,44.96,11.5141,18.2687,-4.3419,45.02
181.198,5.2356,3.404,2.6687,0,0,0.9977,0,0.1,0.1,0.1,11.337,21.6741,-4.3396,45.03,13.9299,17.1257,-4.3431,44.97,11.5215,18.2751,-4.3414,45.01
181.298,5.2291,3.408,2.6791,0,0,0.9803,0,0.1,0.1,0.1,11.3508,21.6853,-4.3389,45.02,13.9594,17.1533,-4.3432,44.99,11.5297,18.282,-4.3411,45.0
181.398,5.223,3.412,2.6892,0,0,0.9635,0,0.1,0.1,0.1,11.3651,21.6969,-4.3387,45.01,13.9888,17.1808,-4.3435,45.01,11.5388,18.2894,-4.3406,45.0
181.498,5.2173,3.4163,2.6994,0,0,0.9469,0,0.1,0.1,0.1,11.38,21.709,-4.3383,45.01,14.0186,17.2081,-4.3436,45.01,11.5485,18.2968,-4.3405,45.01
181.598,5.212,3.4214,2.7092,0,0,0.9306,0,0.1,0.1,0.1,11.3947,21.7216,-4.3381,45.01,14.0482,17.2356,-4.3437,45.02,11.5587,18.3042,-4.3408,45.02
181.698,5.2069,3.4265,2.7187,0,0,0.9146,0,0.1,0.1,0.1,11.4097,21.7347,-4.3383,45.01,14.0776,17.2633,-4.344,45.04,11.5693,18.3119,-4.3413,45.04
181.798,5.2016,3.4315,2.7281,0,0,0.8989,0,0.1,0.1,0.1,11.4246,21.748,-4.3385,45.01,14.1065,17.2912,-4.3444,45.04,11.5799,18.3201,-4.3418,45.04
181.898,5.1967,3.4366,2.7376,0,0,0.8835,0,0.1,0.1,0.1,11.4394,21.7617,-4.3385,45.01,14.1352,17.3189,-4.3447,45.05,11.5906,18.3285,-4.342,45.06
181.998,5.192,3.4415,2.7472,0,0,0.8681,0,0.1,0.1,0.1,11.4539,21.7754,-4.3383,45.0,14.1639,17.3468,-4.3449,45.05,11.6014,18.3371,-4.3421,45.08
182.098,5.1873,3.4456,2.7569,0,0,0.8528,0,0.1,0.1,0.1,11.4681,21.789,-4.3382,45.0,14.1924,17.3747,-4.3449,45.05,11.6124,18.3464,-4.3423,45.09
182.198,5.1822,3.4496,2.7665,0,0,0.8375,0,0.1,0.1,0.1,11.4823,21.8025,-4.3382,45.01,14.2208,17.403,-4.3448,45.06,11.6236,18.3558,-4.3425,45.09
182.298,5.1773,3.4538,2.7764,0,0,0.8221,0,0.1,0.1,0.1,11.4965,21.8164,-4.3381,45.0,14.2493,17.4315,-4.3447,45.07,11.6347,18.3654,-4.3427,45.1
182.398,5.173,3.4575,2.787,0,0,0.807,0,0.1,0.1,0.1,11.5108,21.8303,-4.3382,44.99,14.2778,17.4596,-4.3447,45.08,11.6456,18.3755,-4.3429,45.1
182.498,5.1691,3.4613,2.7982,0,0,0.7921,0,0.1,0.1,0.1,11.5251,21.8444,-4.3384,44.99,14.3065,17.4873,-4.3445,45.08,11.6563,18.3856,-4.3433,45.1
182.598,5.1649,3.4651,2.8097,0,0,0.7769,0,0.1,0.1,0.1,11.5398,21.8584,-4.3382,44.98,14.3353,17.5153,-4.3446,45.07,11.667,18.3957,-4.3439,45.1
182.698,5.16,3.4685,2.821,0,0,0.7617,0,0.1,0.1,0.1,11.5548,21.8721,-4.3381,44.99,14.3638,17.5438,-4.3445,45.06,11.6778,18.4058,-4.3444,45.08
182.798,5.1553,3.4716,2.8325,0,0,0.7465,0,0.1,0.1,0.1,11.5697,21.8856,-4.3381,45.0,14.3929,17.572,-4.3443,45.05,11.6891,18.4161,-4.3448,45.07
182.898,5.1511,3.4742,2.8443,0,0,0.7315,0,0.1,0.1,0.1,11.5846,21.8991,-4.3385,45.0,14.4222,17.6,-4.3441,45.03,11.7007,18.4269,-4.3452,45.06
182.998,5.1472,3.4765,2.8564,0,0,0.7169,0,0.1,0.1,0.1,11.5997,21.913,-4.3388,45.0,14.4514,17.6279,-4.3438,45.01,11.7124,18.4383,-4.3452,45.07
183.098,5.1434,3.4786,2.8682,0,0,0.7026,0,0.1,0.1,0.1,11.615,21.927,-4.3387,44.99,14.4803,17.6557,-4.3432,44.99,11.7243,18.4501,-4.3455,45.07
183.198,5.1393,3.4805,2.8801,0,0,0.6886,0,0.1,0.1,0.1,11.6305,21.9412,-4.3385,44.98,14.509,17.6836,-4.3428,44.98,11.7362,18.4623,-4.3456,45.07
183.298,5.1349,3.4825,2.8919,0,0,0.6748,0,0.1,0.1,0.1,11.6465,21.9556,-4.3384,44.97,14.5375,17.7118,-4.3424,44.98,11.748,18.4746,-4.3458,45.06
183.398,5.1301,3.4844,2.9031,0,0,0.661,0,0.1,0.1,0.1,11.6628,21.9702,-4.3385,44.96,14.5657,17.7405,-4.3418,45.0,11.7603,18.4872,-4.3459,45.06
183.498,5.1254,3.4867,2.9141,0,0,0.6476,0,0.1,0.1,0.1,11.6792,21.9853,-4.3387,44.95,14.5939,17.7693,-4.3413,45.01,11.7728,18.4999,-4.3461,45.05
183.598,5.1214,3.4895,2.9251,0,0,0.6344,0,0.1,0.1,0.1,11.6958,22.001,-4.3391,44.96,14.622,17.7979,-4.3411,45.01,11.7856,18.5126,-4.3462,45.05
183.698,5.1181,3.493,2.9359,0,0,0.6215,0,0.1,0.1,0.1,11.7122,22.0174,-4.3392,44.97,14.6503,17.8266,-4.3411,45.01,11.7988,18.5255,-4.3463,45.05
183.798,5.1153,3.4971,2.9468,0,0,0.6087,0,0.1,0.1,0.1,11.7288,22.0346,-4.3394,44.97,14.6786,17.8555,-4.3412,45.01,11.812,18.5385,-4.3467,45.05
183.898,5.1128,3.5014,2.9583,0,0,0.596,0,0.1,0.1,0.1,11.7456,22.0524,-4.3395,44.96,14.7069,17.8844,-4.3417,45.0,11.8249,18.5519,-4.3471,45.05
183.998,5.1106,3.5054,2.9701,0,0,0.5834,0,0.1,0.1,0.1,11.7623,22.0699,-4.3396,44.95,14.7353,17.913,-4.3423,44.99,11.8377,18.5653,-4.3474,45.05
184.098,5.1094,3.509,2.9821,0,0,0.5708,0,0.1,0.1,0.1,11.778,22.0873,-4.3394,44.94,14.7638,17.9411,-4.343,44.99,11.8507,18.579,-4.3477,45.06
184.198,5.1089,3.512,2.9945,0,0,0.5582,0,0.1,0.1,0.1,11.7927,22.1045,-4.3389,44.96,14.7925,17.969,-4.3435,44.99,11.8639,18.5932,-4.3483,45.06
184.298,5.1096,3.5154,3.0067,0,0,0.5455,0,0.1,0.1,0.1,11.8065,22.1221,-4.338,44.98,14.8214,17.9967,-4.3437,44.99,11.8773,18.6074,-4.3493,45.07
184.398,5.1101,3.5188,3.0186,0,0,0.5326,0,0.1,0.1,0.1,11.8198,22.1395,-4.3372,45.0,14.8499,18.0247,-4.3437,44.98,11.8909,18.6214,-4.3501,45.08
184.498,5.1098,3.5226,3.0297,0,0,0.5199,0,0.1,0.1,0.1,11.8335,22.1568,-4.3367,45.02,14.8781,18.053,-4.3437,44.98,11.9048,18.635,-4.3508,45.08
184.598,5.1094,3.5267,3.0402,0,0,0.5072,0,0.1,0.1,0.1,11.8473,22.1743,-4.3362,45.03,14.906,18.0815,-4.3436,44.99,11.9191,18.6483,-4.3513,45.09
184.698,5.1089,3.5307,3.0507,0,0,0.4945,0,0.1,0.1,0.1,11.8609,22.1917,-4.3359,45.05,14.9337,18.1101,-4.3436,44.99,11.9333,18.6618,-4.3512,45.09
184.798,5.1085,3.5346,3.0613,0,0,0.4816,0,0.1,0.1,0.1,11.8743,22.2088,-4.3358,45.06,14.9614,18.1387,-4.3437,45.0,11.9475,18.675,-4.3508,45.09
184.898,5.1086,3.5384,3.0721,0,0,0.4689,0,0.1,0.1,0.1,11.8874,22.2258,-4.3356,45.06,14.9893,18.1667,-4.3438,45.02,11.9618,18.6882,-4.3504,45.09
184.998,5.1089,3.5421,3.0831,0,0,0.4561,0,0.1,0.1,0.1,11.901,22.2427,-4.3352,45.06,15.0179,18.1947,-4.3436,45.05,11.9767,18.7014,-4.3499,45.09
185.098,5.1093,3.5456,3.0942,0,0,0.4431,0,0.1,0.1,0.1,11.9144,22.2594,-4.3345,45.06,15.0467,18.2228,-4.3436,45.06,11.9918,18.7146,-4.3492,45.1
185.198,5.1093,3.5488,3.1052,0,0,0.43,0,0.1,0.1,0.1,11.9277,22.2757,-4.3336,45.05,15.0753,18.2511,-4.3435,45.06,12.0069,18.7278,-4.3485,45.1
185.298,5.1088,3.5518,3.1163,0,0,0.4169,0,0.1,0.1,0.1,11.9413,22.2919,-4.3332,45.05,15.1036,18.2795,-4.3435,45.06,12.0217,18.741,-4.348,45.1
185.398,5.1082,3.5543,3.1277,0,0,0.404,0,0.1,0.1,0.1,11.9551,22.3081,-4.3331,45.05,15.1318,18.3078,-4.3434,45.06,12.0362,18.7547,-4.3475,45.1
185.498,5.1074,3.5566,3.139,0,0,0.3915,0,0.1,0.1,0.1,11.9695,22.3244,-4.3331,45.05,15.1598,18.336,-4.3431,45.07,12.0508,18.7687,-4.3471,45.08
185.598,5.1062,3.5586,3.1503,0,0,0.3792,0,0.1,0.1,0.1,11.9843,22.3407,-4.3334,45.05,15.1878,18.3643,-4.3425,45.08,12.0655,18.783,-4.3464,45.07
185.698,5.1052,3.5601,3.162,0,0,0.367,0,0.1,0.1,0.1,11.9997,22.3569,-4.334,45.06,15.2162,18.3924,-4.3422,45.08,12.0803,18.7977,-4.3456,45.07
185.798,5.1039,3.5611,3.1739,0,0,0.3553,0,0.1,0.1,0.1,12.0158,22.3731,-4.3348,45.08,15.2445,18.4202,-4.3423,45.09,12.095,18.8129,-4.345,45.07
185.898,5.1021,3.561,3.1857,0,0,0.3441,0,0.1,0.1,0.1,12.0325,22.3889,-4.3357,45.09,15.2726,18.4477,-4.3425,45.09,12.1098,18.8287,-4.3441,45.08
185.998,5.1002,3.5605,3.1973,0,0,0.3333,0,0.1,0.1,0.1,12.0496,22.4045,-4.3364,45.09,15.3005,18.4747,-4.3425,45.1,12.1247,18.8448,-4.3429,45.09
186.098,5.0986,3.5602,3.2086,0,0,0.3229,0,0.1,0.1,0.1,12.067,22.4204,-4.337,45.09,15.3284,18.5014,-4.3425,45.11,12.14,18.861,-4.3422,45.09
186.198,5.0969,3.5601,3.2197,0,0,0.313,0,0.1,0.1,0.1,12.085,22.4368,-4.3372,45.09,15.356,18.528,-4.3425,45.12,12.1553,18.8773,-4.3416,45.1
186.298,5.095,3.5605,3.2307,0,0,0.3033,0,0.1,0.1,0.1,12.1032,22.4536,-4.3373,45.07,15.3832,18.5547,-4.3427,45.14,12.1703,18.8938,-4.3415,45.11
186.398,5.0929,3.561,3.2413,0,0,0.2939,0,0.1,0.1,0.1,12.1217,22.4706,-4.3374,45.06,15.4099,18.5814,-4.3431,45.16,12.1853,18.9102,-4.3413,45.12
186.498,5.0911,3.5617,3.2517,0,0,0.2848,0,0.1,0.1,0.1,12.1401,22.4877,-4.3374,45.04,15.4365,18.6078,-4.3434,45.18,12.2004,18.9266,-4.3408,45.13
186.598,5.0902,3.5629,3.2621,0,0,0.2761,0,0.1,0.1,0.1,12.1584,22.5052,-4.3374,45.03,15.463,18.6335,-4.3436,45.19,12.2156,18.9427,-4.3401,45.14
186.698,5.0901,3.5649,3.2722,0,0,0.2678,0,0.1,0.1,0.1,12.1764,22.5231,-4.3374,45.03,15.4893,18.6586,-4.3438,45.19,12.2309,18.9586,-4.3396,45.15
186.798,5.0901,3.5665,3.2814,0,0,0.2599,0,0.1,0.1,0.1,12.1941,22.5407,-4.3373,45.03,15.5152,18.6833,-4.3441,45.16,12.2468,18.9746,-4.3392,45.16
186.898,5.0902,3.5681,3.29,0,0,0.2524,0,0.1,0.1,0.1,12.2119,22.5584,-4.3371,45.03,15.541,18.7078,-4.3444,45.15,12.2632,18.9907,-4.3388,45.16
186.998,5.0902,3.5699,3.2985,0,0,0.2449,0,0.1,0.1,0.1,12.2297,22.5763,-4.3368,45.04,15.5666,18.7325,-4.3446,45.14,12.2796,19.0068,-4.3383,45.18
187.098,5.0903,3.572,3.3068,0,0,0.2374,0,0.1,0.1,0.1,12.2474,22.5945,-4.3367,45.04,15.592,18.7571,-4.3448,45.12,12.2959,19.0228,-4.3376,45.19
187.198,5.0904,3.574,3.3152,0,0,0.2299,0,0.1,0.1,0.1,12.2651,22.6124,-4.337,45.04,15.6175,18.7819,-4.345,45.09,12.3123,19.0387,-4.3369,45.2
187.298,5.0903,3.5755,3.3237,0,0,0.2224,0,0.1,0.1,0.1,12.2828,22.6301,-4.3374,45.04,15.6431,18.8065,-4.3453,45.07,12.3286,19.0549,-4.3367,45.2
187.398,5.0906,3.5774,3.332,0,0,0.2152,0,0.1,0.1,0.1,12.3001,22.6483,-4.3376,45.04,15.6681,18.8311,-4.3458,45.06,12.3448,19.0711,-4.3368,45.2
187.498,5.0907,3.5798,3.3399,0,0,0.2081,0,0.1,0.1,0.1,12.3172,22.6666,-4.3375,45.04,15.6924,18.8557,-4.3461,45.05,12.3606,19.0871,-4.3371,45.2
187.598,5.091,3.5824,3.3475,0,0,0.2013,0,0.1,0.1,0.1,12.3342,22.6853,-4.3374,45.03,15.7163,18.8801,-4.3462,45.05,12.3763,19.1031,-4.3375,45.2
187.698,5.091,3.5848,3.3547,0,0,0.1951,0,0.1,0.1,0.1,12.3514,22.7041,-4.3374,45.03,15.7396,18.9043,-4.346,45.04,12.3919,19.1195,-4.3379,45.2
187.798,5.0902,3.5868,3.3611,0,0,0.1891,0,0.1,0.1,0.1,12.3688,22.7227,-4.3377,45.03,15.7622,18.9286,-4.3457,45.03,12.4075,19.1361,-4.3381,45.21
187.898,5.0888,3.5889,3.3665,0,0,0.1834,0,0.1,0.1,0.1,12.3864,22.741,-4.3377,45.04,15.7841,18.9526,-4.3453,45.02,12.4234,19.1523,-4.3387,45.21
187.998,5.0872,3.5907,3.3714,0,0,0.1783,0,0.1,0.1,0.1,12.4045,22.7592,-4.3372,45.04,15.8057,18.9762,-4.3451,45.01,12.4398,19.1687,-4.3395,45.21
188.098,5.0854,3.5916,3.3759,0,0,0.1737,0,0.1,0.1,0.1,12.4227,22.7771,-4.3365,45.04,15.8271,18.9993,-4.345,45.01,12.4564,19.1857,-4.3401,45.19
188.198,5.0839,3.5916,3.3806,0,0,0.1695,0,0.1,0.1,0.1,12.4412,22.7948,-4.3362,45.04,15.8487,19.0218,-4.3451,45.02,12.4729,19.2034,-4.3405,45.18
188.298,5.0824,3.5909,3.3857,0,0,0.1656,0,0.1,0.1,0.1,12.4602,22.8122,-4.3361,45.03,15.8706,19.0439,-4.345,45.01,12.4895,19.2214,-4.3408,45.18
188.398,5.0803,3.5898,3.391,0,0,0.1615,0,0.1,0.1,0.1,12.4797,22.8291,-4.3361,45.03,15.8927,19.066,-4.3446,45.01,12.5061,19.2394,-4.3408,45.18
188.498,5.0787,3.5883,3.3969,0,0,0.1573,0,0.1,0.1,0.1,12.4988,22.846,-4.3364,45.02,15.915,19.088,-4.3441,45.02,12.5224,19.2578,-4.3407,45.18
188.598,5.0777,3.5865,3.4027,0,0,0.1535,0,0.1,0.1,0.1,12.5175,22.8632,-4.3369,45.02,15.9374,19.1098,-4.3434,45.02,12.5388,19.2767,-4.3409,45.18
188.698,5.0773,3.5844,3.4085,0,0,0.1498,0,0.1,0.1,0.1,12.5361,22.8803,-4.3374,45.02,15.96,19.1312,-4.3426,45.01,12.5556,19.2959,-4.3411,45.17
188.798,5.0767,3.5825,3.4141,0,0,0.1463,0,0.1,0.1,0.1,12.5547,22.8971,-4.3381,45.03,15.9824,19.1522,-4.3417,45.01,12.5722,19.3147,-4.3414,45.17
188.898,5.0759,3.5804,3.42,0,0,0.1429,0,0.1,0.1,0.1,12.5738,22.9138,-4.3391,45.01,16.0047,19.173,-4.341,45.0,12.5885,19.3334,-4.3416,45.18
188.998,5.0748,3.5783,3.4256,0,0,0.1397,0,0.1,0.1,0.1,12.5931,22.9305,-4.3404,45.0,16.0268,19.1937,-4.3407,44.99,12.6048,19.3522,-4.3416,45.19
189.098,5.0737,3.5759,3.4311,0,0,0.1363,0,0.1,0.1,0.1,12.6119,22.9469,-4.3418,44.99,16.0489,19.2148,-4.3407,44.99,12.6214,19.371,-4.3411,45.21
189.198,5.0727,3.5736,3.436,0,0,0.1326,0,0.1,0.1,0.1,12.63,22.963,-4.3431,45.0,16.071,19.2358,-4.3409,44.98,12.6385,19.3894,-4.3403,45.21
189.298,5.0712,3.5713,3.44,0,0,0.1287,0,0.1,0.1,0.1,12.6479,22.9788,-4.3447,45.01,16.0927,19.2572,-4.3413,44.97,12.6559,19.4074,-4.3396,45.21
189.398,5.0688,3.5689,3.4431,0,0,0.125,0,0.1,0.1,0.1,12.666,22.9945,-4.3464,45.02,16.1137,19.2789,-4.3414,44.95,12.6738,19.4257,-4.339,45.2
189.498,5.0665,3.5662,3.4461,0,0,0.1213,0,0.1,0.1,0.1,12.6843,23.0104,-4.3478,45.01,16.1349,19.3006,-4.3411,44.93,12.6918,19.4442,-4.3385,45.18
189.598,5.0641,3.5633,3.4495,0,0,0.1175,0,0.1,0.1,0.1,12.7025,23.0263,-4.3486,45.01,16.1562,19.3228,-4.3406,44.93,12.7096,19.4631,-4.3382,45.16
189.698,5.0616,3.5603,3.4529,0,0,0.1136,0,0.1,0.1,0.1,12.7206,23.0423,-4.3489,45.01,16.1775,19.3451,-4.3401,44.92,12.7273,19.482,-4.3381,45.15
189.798,5.0589,3.5574,3.4559,0,0,0.1096,0,0.1,0.1,0.1,12.7386,23.0582,-4.3489,45.02,16.1986,19.3675,-4.3402,44.93,12.7453,19.5007,-4.3383,45.13
189.898,5.0566,3.5554,3.4588,0,0,0.1054,0,0.1,0.1,0.1,12.7562,23.0743,-4.3489,45.02,16.2197,19.39,-4.3407,44.94,12.7633,19.519,-4.3387,45.11
189.998,5.0544,3.5532,3.4618,0,0,0.1011,0,0.1,0.1,0.1,12.7736,23.0904,-4.3492,45.03,16.2407,19.4127,-4.3411,44.95,12.7811,19.5372,-4.339,45.11
190.098,5.0524,3.5511,3.4649,0,0,0.0969,0,0.1,0.1,0.1,12.7907,23.1068,-4.3498,45.03,16.2617,19.4354,-4.3416,44.96,12.7989,19.5557,-4.3395,45.11
190.198,5.0507,3.5493,3.4677,0,0,0.0927,0,0.1,0.1,0.1,12.8076,23.1234,-4.3503,45.04,16.2826,19.4582,-4.3422,44.97,12.8168,19.5742,-4.3401,45.1
190.298,5.049,3.5474,3.4707,0,0,0.0882,0,0.1,0.1,0.1,12.8243,23.1399,-4.3505,45.06,16.3037,19.4812,-4.3427,44.98,12.8348,19.5925,-4.3409,45.09
190.398,5.0464,3.5451,3.4731,0,0,0.0837,0,0.1,0.1,0.1,12.8413,23.156,-4.3506,45.06,16.3246,19.5045,-4.343,45.0,12.8531,19.6109,-4.3416,45.09
190.498,5.0437,3.5428,3.4755,0,0,0.0792,0,0.1,0.1,0.1,12.8586,23.172,-4.3507,45.06,16.3455,19.5278,-4.3434,45.0,12.8715,19.6293,-4.3422,45.09
190.598,5.0413,3.5406,3.4783,0,0,0.0744,0,0.1,0.1,0.1,12.876,23.1881,-4.3509,45.06,16.3669,19.551,-4.3436,45.0,12.89,19.6475,-4.3425,45.09
190.698,5.0392,3.5388,3.4805,0,0,0.0698,0,0.1,0.1,0.1,12.8932,23.2044,-4.3514,45.05,16.3884,19.5744,-4.3438,44.99,12.9092,19.6657,-4.3427,45.07
190.798,5.0375,3.5379,3.4821,0,0,0.0655,0,0.1,0.1,0.1,12.9105,23.2214,-4.352,45.04,16.4098,19.5977,-4.3438,44.99,12.9287,19.6835,-4.3429,45.05
190.898,5.036,3.538,3.4839,0,0,0.0613,0,0.1,0.1,0.1,12.9282,23.2389,-4.3524,45.02,16.4311,19.6208,-4.3436,44.99,12.9481,19.701,-4.3431,45.02
190.998,5.0359,3.5388,3.4863,0,0,0.0576,0,0.1,0.1,0.1,12.9458,23.2571,-4.3525,45.01,16.4529,19.6431,-4.3437,45.0,12.9674,19.7183,-4.3434,45.0
191.098,5.0364,3.5398,3.4893,0,0,0.0542,0,0.1,0.1,0.1,12.9636,23.2756,-4.3523,45.0,16.4748,19.665,-4.3441,45.01,12.9863,19.7358,-4.344,44.99
191.198,5.0371,3.5407,3.4923,0,0,0.0514,0,0.1,0.1,0.1,12.9816,23.2941,-4.3521,44.99,16.4966,19.6861,-4.3444,45.01,13.005,19.7535,-4.3446,44.97
191.298,5.0388,3.5424,3.495,0,0,0.0494,0,0.1,0.1,0.1,12.9998,23.3133,-4.3516,44.98,16.5183,19.7064,-4.345,45.01,13.0239,19.7711,-4.3452,44.97
191.398,5.0413,3.5443,3.4981,0,0,0.0478,0,0.1,0.1,0.1,13.018,23.3331,-4.3508,44.97,16.5401,19.7262,-4.3456,45.0,13.0426,19.7889,-4.3457,44.97
191.498,5.0438,3.5461,3.5014,0,0,0.0466,0,0.1,0.1,0.1,13.0362,23.3527,-4.3503,44.97,16.5618,19.7457,-4.346,44.99,13.061,19.8067,-4.346,44.97
191.598,5.0463,3.5483,3.5039,0,0,0.0455,0,0.1,0.1,0.1,13.0543,23.3722,-4.3501,44.98,16.5831,19.7649,-4.3465,44.98,13.0797,19.8241,-4.3461,44.97
191.698,5.0494,3.5515,3.5059,0,0,0.0449,0,0.1,0.1,0.1,13.0724,23.3924,-4.3499,45.0,16.6043,19.7837,-4.3472,44.95,13.0988,19.8411,-4.346,44.97
191.798,5.0528,3.5554,3.5075,0,0,0.0449,0,0.1,0.1,0.1,13.0907,23.4133,-4.3498,45.02,16.625,19.8022,-4.3478,44.94,13.118,19.858,-4.3459,44.97
191.898,5.0562,3.5596,3.5088,0,0,0.0448,0,0.1,0.1,0.1,13.1091,23.4345,-4.3491,45.02,16.6458,19.821,-4.3481,44.93,13.1374,19.875,-4.3458,44.97
191.998,5.059,3.5633,3.5099,0,0,0.0446,0,0.1,0.1,0.1,13.1277,23.4554,-4.3481,45.02,16.6666,19.8401,-4.3478,44.93,13.1571,19.8922,-4.3457,44.97
192.098,5.0618,3.5668,3.5113,0,0,0.0441,0,0.1,0.1,0.1,13.1464,23.4764,-4.3476,45.02,16.6878,19.8597,-4.3472,44.94,13.1768,19.9097,-4.3453,44.95
192.198,5.065,3.5702,3.5134,0,0,0.0439,0,0.1,0.1,0.1,13.1651,23.4975,-4.3473,45.02,16.7094,19.8792,-4.3465,44.94,13.1963,19.9274,-4.3448,44.93
192.298,5.068,3.5737,3.5162,0,0,0.0437,0,0.1,0.1,0.1,13.1845,23.5186,-4.3471,45.03,16.7314,19.8987,-4.3459,44.95,13.2155,19.945,-4.3441,44.93
192.398,5.0706,3.5768,3.5188,0,0,0.0449,0,0.1,0.1,0.1,13.2043,23.5399,-4.347,45.03,16.7533,19.9184,-4.3451,44.96,13.2348,19.9632,-4.3436,44.93
192.498,5.0727,3.5795,3.5213,0,0,0.0463,0,0.1,0.1,0.1,13.2242,23.5611,-4.3468,45.04,16.7749,19.9382,-4.3442,44.95,13.2539,19.9817,-4.3433,44.95
192.598,5.0744,3.5822,3.5238,0,0,0.0475,0,0.1,0.1,0.1,13.2444,23.5821,-4.3465,45.04,16.7962,19.958,-4.3434,44.94,13.2726,20.0001,-4.3431,44.96
192.698,5.0755,3.585,3.5262,0,0,0.0486,0,0.1,0.1,0.1,13.2649,23.603,-4.3466,45.03,16.8172,19.9779,-4.3428,44.93,13.2913,20.0181,-4.3428,44.97
192.798,5.0759,3.5879,3.528,0,0,0.0495,0,0.1,0.1,0.1,13.2856,23.6238,-4.3469,45.03,16.838,19.9982,-4.3426,44.94,13.3102,20.036,-4.3425,44.98
192.898,5.0757,3.5905,3.5294,0,0,0.0502,0,0.1,0.1,0.1,13.3063,23.6444,-4.3471,45.02,16.8585,20.0188,-4.3424,44.94,13.3292,20.054,-4.3425,44.98
192.998,5.0749,3.5927,3.5305,0,0,0.0506,0,0.1,0.1,0.1,13.3272,23.6647,-4.3472,45.02,16.8786,20.0395,-4.3427,44.94,13.3483,20.0721,-4.3425,45.0
193.098,5.0742,3.5949,3.5316,0,0,0.051,0,0.1,0.1,0.1,13.3482,23.685,-4.3472,45.02,16.8987,20.0599,-4.3431,44.93,13.3673,20.0901,-4.3426,45.01
193.198,5.074,3.5971,3.5329,0,0,0.0516,0,0.1,0.1,0.1,13.3691,23.7054,-4.3473,45.0,16.919,20.08,-4.3436,44.93,13.3862,20.1083,-4.3429,45.02
193.298,5.0739,3.5992,3.5345,0,0,0.0522,0,0.1,0.1,0.1,13.3897,23.7258,-4.3471,44.99,16.9392,20.1001,-4.344,44.94,13.4048,20.1266,-4.3432,45.03
193.398,5.0738,3.6011,3.5359,0,0,0.0528,0,0.1,0.1,0.1,13.4102,23.7462,-4.3469,44.98,16.9594,20.1203,-4.3442,44.95,13.4235,20.1451,-4.3434,45.04
193.498,5.0732,3.6028,3.5373,0,0,0.0531,0,0.1,0.1,0.1,13.431,23.7663,-4.3471,44.97,16.9796,20.1406,-4.3445,44.96,13.4423,20.1636,-4.3433,45.06
193.598,5.0722,3.6042,3.5387,0,0,0.0533,0,0.1,0.1,0.1,13.4522,23.7864,-4.3476,44.96,16.9995,20.161,-4.3448,44.97,13.4609,20.1822,-4.3431,45.07
193.698,5.0709,3.6052,3.54,0,0,0.0533,0,0.1,0.1,0.1,13.4733,23.8062,-4.3477,44.95,17.0195,20.1814,-4.3451,44.97,13.4796,20.201,-4.3429,45.07
193.798,5.0694,3.6057,3.5413,0,0,0.0529,0,0.1,0.1,0.1,13.4946,23.8256,-4.3477,44.94,17.0399,20.2021,-4.3455,44.97,13.4986,20.2199,-4.3431,45.07
193.898,5.0681,3.606,3.543,0,0,0.0526,0,0.1,0.1,0.1,13.5159,23.845,-4.3477,44.94,17.0605,20.2227,-4.3461,44.96,13.5175,20.239,-4.3434,45.05
193.998,5.0675,3.6068,3.5451,0,0,0.0526,0,0.1,0.1,0.1,13.5371,23.8648,-4.3476,44.95,17.0814,20.243,-4.3467,44.96,13.5363,20.2581,-4.3437,45.03
194.098,5.067,3.6076,3.5474,0,0,0.0526,0,0.1,0.1,0.1,13.5581,23.8847,-4.3476,44.96,17.1023,20.2634,-4.3474,44.95,13.5549,20.2771,-4.3439,45.02
194.198,5.0668,3.6085,3.5498,0,0,0.0528,0,0.1,0.1,0.1,13.5789,23.9047,-4.3475,44.96,17.1232,20.2838,-4.3478,44.95,13.5734,20.2962,-4.344,45.01
194.298,5.0666,3.6096,3.552,0,0,0.0531,0,0.1,0.1,0.1,13.5998,23.9248,-4.3475,44.95,17.1439,20.3041,-4.3482,44.95,13.5919,20.3153,-4.3441,45.02
194.398,5.0664,3.6108,3.554,0,0,0.0535,0,0.1,0.1,0.1,13.6207,23.9448,-4.3474,44.94,17.1646,20.3242,-4.3486,44.95,13.6106,20.334,-4.3445,45.02
194.498,5.0663,3.6123,3.5562,0,0,0.054,0,0.1,0.1,0.1,13.6414,23.9649,-4.3473,44.93,17.1853,20.3444,-4.3488,44.94,13.6291,20.3526,-4.345,45.02
194.598,5.066,3.6138,3.5582,0,0,0.0544,0,0.1,0.1,0.1,13.6621,23.9849,-4.3473,44.93,17.2058,20.3646,-4.3489,44.93,13.6476,20.3711,-4.3458,45.02
194.698,5.0655,3.6153,3.5604,0,0,0.0548,0,0.1,0.1,0.1,13.6829,24.0047,-4.3474,44.93,17.2262,20.3848,-4.3494,44.92,13.6658,20.3894,-4.3466,45.02
194.798,5.0648,3.6169,3.5626,0,0,0.0552,0,0.1,0.1,0.1,13.7035,24.0244,-4.3477,44.92,17.2465,20.405,-4.35,44.91,13.6838,20.4076,-4.3473,45.02
194.898,5.0639,3.6187,3.5648,0,0,0.0558,0,0.1,0.1,0.1,13.7243,24.0443,-4.348,44.91,17.2664,20.4254,-4.351,44.91,13.7017,20.4257,-4.3476,45.02
194.998,5.0633,3.6211,3.5665,0,0,0.0567,0,0.1,0.1,0.1,13.7449,24.0643,-4.3479,44.9,17.2861,20.4453,-4.3523,44.91,13.7197,20.4433,-4.3474,45.01
195.098,5.0629,3.6235,3.568,0,0,0.0576,0,0.1,0.1,0.1,13.7654,24.0843,-4.3478,44.9,17.306,20.4653,-4.3533,44.91,13.738,20.4609,-4.3472,45.01
195.198,5.0631,3.6259,3.5698,0,0,0.0585,0,0.1,0.1,0.1,13.7855,24.1046,-4.3476,44.9,17.3262,20.4854,-4.3538,44.9,13.7564,20.4788,-4.3466,45.01
195.298,5.0632,3.6276,3.5714,0,0,0.0591,0,0.1,0.1,0.1,13.8054,24.1249,-4.3476,44.9,17.3463,20.5059,-4.3538,44.89,13.7749,20.4974,-4.3459,45.01
195.398,5.0634,3.629,3.5725,0,0,0.0595,0,0.1,0.1,0.1,13.8249,24.1452,-4.3475,44.91,17.3662,20.5262,-4.3535,44.89,13.7937,20.5164,-4.3452,45.01
195.498,5.0638,3.63,3.5737,0,0,0.0599,0,0.1,0.1,0.1,13.8442,24.1652,-4.3475,44.92,17.3861,20.5462,-4.3529,44.89,13.8124,20.5353,-4.3443,45.0
195.598,5.0638,3.6309,3.575,0,0,0.0601,0,0.1,0.1,0.1,13.864,24.1846,-4.3478,44.92,17.4062,20.5658,-4.3522,44.88,13.8312,20.5538,-4.3437,44.99
195.698,5.0632,3.6318,3.576,0,0,0.0602,0,0.1,0.1,0.1,13.8841,24.2036,-4.3481,44.92,17.4261,20.5856,-4.3515,44.88,13.8502,20.572,-4.343,44.98
195.798,5.0618,3.6323,3.5768,0,0,0.0601,0,0.1,0.1,0.1,13.9043,24.2224,-4.3485,44.92,17.4457,20.6057,-4.3506,44.89,13.869,20.5903,-4.3421,44.97
195.898,5.0605,3.6328,3.5777,0,0,0.06,0,0.1,0.1,0.1,13.9246,24.2414,-4.3489,44.92,17.4654,20.626,-4.3495,44.89,13.8877,20.6088,-4.3414,44.97
195.998,5.0592,3.6337,3.5784,0,0,0.0601,0,0.1,0.1,0.1,13.9447,24.2609,-4.3494,44.93,17.4847,20.6465,-4.3484,44.9,13.9064,20.6274,-4.3405,44.96
196.098,5.0574,3.6343,3.5786,0,0,0.06,0,0.1,0.1,0.1,13.9649,24.2802,-4.3499,44.93,17.5039,20.6673,-4.3476,44.9,13.9254,20.6462,-4.3399,44.95
196.198,5.0558,3.6347,3.5789,0,0,0.0598,0,0.1,0.1,0.1,13.9852,24.2997,-4.3501,44.93,17.5235,20.6884,-4.3471,44.91,13.9447,20.6652,-4.3398,44.94
196.298,5.0544,3.6349,3.5788,0,0,0.0593,0,0.1,0.1,0.1,14.0051,24.3191,-4.3502,44.93,17.5431,20.7095,-4.3467,44.92,13.9643,20.6845,-4.3399,44.94
196.398,5.0532,3.6347,3.5783,0,0,0.0588,0,0.1,0.1,0.1,14.0248,24.3384,-4.3502,44.93,17.5625,20.7302,-4.3464,44.93,13.9843,20.7039,-4.3401,44.94
196.498,5.0519,3.6342,3.5776,0,0,0.0582,0,0.1,0.1,0.1,14.0447,24.3575,-4.3503,44.93,17.582,20.7508,-4.3461,44.93,14.0046,20.7235,-4.3403,44.95
196.598,5.0506,3.6338,3.5775,0,0,0.0576,0,0.1,0.1,0.1,14.0649,24.3767,-4.3505,44.93,17.602,20.7715,-4.3457,44.94,14.0246,20.7432,-4.3405,44.95
196.698,5.0496,3.6334,3.5783,0,0,0.057,0,0.1,0.1,0.1,14.0847,24.396,-4.3505,44.92,17.6221,20.7924,-4.3455,44.95,14.0439,20.7628,-4.3406,44.97
196.798,5.0488,3.633,3.5793,0,0,0.0562,0,0.1,0.1,0.1,14.1039,24.4151,-4.3507,44.92,17.6421,20.8134,-4.3452,44.96,14.0629,20.7823,-4.3408,44.98
196.898,5.048,3.6327,3.5801,0,0,0.0555,0,0.1,0.1,0.1,14.1232,24.4344,-4.3505,44.92,17.6619,20.8343,-4.3448,44.97,14.082,20.8019,-4.3412,44.98
196.998,5.0475,3.6326,3.5807,0,0,0.055,0,0.1,0.1,0.1,14.1423,24.4537,-4.3502,44.93,17.6817,20.8551,-4.3443,44.97,14.1012,20.8213,-4.3418,44.97
197.098,5.047,3.6327,3.5817,0,0,0.0544,0,0.1,0.1,0.1,14.1614,24.473,-4.3498,44.93,17.7017,20.8759,-4.3439,44.99,14.1201,20.8406,-4.3425,44.96
197.198,5.0469,3.6331,3.5831,0,0,0.054,0,0.1,0.1,0.1,14.1803,24.4925,-4.3492,44.92,17.7217,20.8967,-4.3436,45.0,14.1388,20.8597,-4.3431,44.95
197.298,5.0465,3.6339,3.5839,0,0,0.0547,0,0.1,0.1,0.1,14.1993,24.5122,-4.3484,44.9,17.7412,20.9175,-4.3435,45.0,14.1576,20.8786,-4.3432,44.94
197.398,5.0461,3.635,3.5847,0,0,0.0558,0,0.1,0.1,0.1,14.2182,24.5321,-4.3479,44.88,17.7607,20.9385,-4.3435,45.01,14.1762,20.8973,-4.3431,44.94
197.498,5.0461,3.6362,3.5861,0,0,0.057,0,0.1,0.1,0.1,14.2371,24.552,-4.3476,44.87,17.7807,20.9595,-4.3432,45.01,14.1949,20.9161,-4.3431,44.94
197.598,5.0461,3.6367,3.5879,0,0,0.0581,0,0.1,0.1,0.1,14.2561,24.5716,-4.3474,44.87,17.8008,20.9802,-4.3427,45.01,14.2132,20.9352,-4.3434,44.94
197.698,5.0462,3.6367,3.5896,0,0,0.0587,0,0.1,0.1,0.1,14.275,24.5909,-4.3474,44.89,17.8209,21.0005,-4.3424,45.0,14.2316,20.9545,-4.3438,44.94
197.798,5.0466,3.6376,3.5908,0,0,0.0596,0,0.1,0.1,0.1,14.294,24.6107,-4.3477,44.91,17.8409,21.0207,-4.3424,44.98,14.2504,20.9733,-4.3442,44.95
197.898,5.0468,3.6389,3.592,0,0,0.0607,0,0.1,0.1,0.1,14.3132,24.6305,-4.3479,44.93,17.8609,21.041,-4.3423,44.97,14.2692,20.9919,-4.3444,44.96
197.998,5.0466,3.6398,3.5928,0,0,0.0617,0,0.1,0.1,0.1,14.3325,24.6501,-4.348,44.94,17.8806,21.0614,-4.3422,44.96,14.2881,21.0106,-4.3446,44.96
198.098,5.0462,3.6404,3.5937,0,0,0.0625,0,0.1,0.1,0.1,14.3517,24.6696,-4.3479,44.94,17.9003,21.0819,-4.3418,44.95,14.307,21.0295,-4.3443,44.97
198.198,5.046,3.6407,3.5947,0,0,0.0632,0,0.1,0.1,0.1,14.371,24.689,-4.3477,44.93,17.9204,21.1024,-4.3419,44.94,14.3261,21.0487,-4.3442,44.97
198.298,5.046,3.6409,3.5958,0,0,0.0638,0,0.1,0.1,0.1,14.3902,24.7085,-4.3476,44.92,17.9405,21.1228,-4.342,44.94,14.3452,21.0678,-4.344,44.97
198.398,5.0461,3.6412,3.5969,0,0,0.0644,0,0.1,0.1,0.1,14.4092,24.7279,-4.3476,44.91,17.9606,21.1432,-4.3418,44.93,14.3641,21.087,-4.3435,44.96
198.498,5.0464,3.6411,3.5979,0,0,0.0647,0,0.1,0.1,0.1,14.4281,24.7473,-4.3476,44.9,17.9807,21.1632,-4.3413,44.93,14.3832,21.1065,-4.3429,44.96
198.598,5.0469,3.6407,3.5989,0,0,0.0648,0,0.1,0.1,0.1,14.4472,24.7667,-4.3479,44.91,18.0009,21.1831,-4.3409,44.93,14.4025,21.1263,-4.3422,44.96
198.698,5.0476,3.6403,3.6001,0,0,0.0648,0,0.1,0.1,0.1,14.4664,24.7861,-4.3485,44.93,18.0215,21.2028,-4.3403,44.94,14.4218,21.1461,-4.3415,44.96
198.798,5.0482,3.6396,3.6016,0,0,0.0649,0,0.1,0.1,0.1,14.4858,24.8054,-4.3492,44.93,18.0419,21.2223,-4.3396,44.94,14.4407,21.1661,-4.3411,44.97
198.898,5.0486,3.6391,3.6028,0,0,0.065,0,0.1,0.1,0.1,14.5049,24.8249,-4.3499,44.94,18.0618,21.2421,-4.339,44.94,14.4595,21.1861,-4.3409,44.99
198.998,5.0487,3.639,3.6037,0,0,0.0652,0,0.1,0.1,0.1,14.5242,24.8447,-4.3504,44.94,18.0816,21.2622,-4.3385,44.95,14.4784,21.2061,-4.3409,45.02
199.098,5.0481,3.6384,3.6046,0,0,0.0655,0,0.1,0.1,0.1,14.5438,24.8644,-4.3506,44.94,18.1013,21.2828,-4.3382,44.96,14.4971,21.2263,-4.3408,45.06
199.198,5.0472,3.6379,3.6058,0,0,0.0661,0,0.1,0.1,0.1,14.5635,24.8838,-4.3512,44.95,18.121,21.3036,-4.3378,44.98,14.5156,21.2462,-4.3406,45.1
199.298,5.0463,3.6374,3.6072,0,0,0.0667,0,0.1,0.1,0.1,14.5835,24.9031,-4.3519,44.95,18.141,21.3241,-4.3378,44.98,14.5343,21.266,-4.3405,45.12
199.398,5.0453,3.6368,3.6085,0,0,0.0673,0,0.1,0.1,0.1,14.6034,24.9221,-4.3525,44.96,18.1609,21.3445,-4.3381,44.99,14.5529,21.2858,-4.3407,45.14
199.498,5.0443,3.6362,3.6101,0,0,0.068,0,0.1,0.1,0.1,14.6231,24.9412,-4.3529,44.98,18.1806,21.3651,-4.3388,44.99,14.571,21.3054,-4.3409,45.15
199.598,5.0434,3.6354,3.6119,0,0,0.0687,0,0.1,0.1,0.1,14.6428,24.9603,-4.3531,44.98,18.2005,21.3856,-4.3395,45.0,14.5891,21.3253,-4.3411,45.17
199.698,5.0428,3.6349,3.6144,0,0,0.0697,0,0.1,0.1,0.1,14.6624,24.9794,-4.3531,44.99,18.2208,21.4062,-4.34,45.0,14.6069,21.345,-4.3417,45.18
199.798,5.0426,3.6349,3.6172,0,0,0.0709,0,0.1,0.1,0.1,14.6821,24.9987,-4.3534,44.99,18.2414,21.4267,-4.3401,45.01,14.6247,21.3643,-4.3423,45.18
199.898,5.0427,3.6352,3.6199,0,0,0.0722,0,0.1,0.1,0.1,14.7017,25.0182,-4.3536,44.98,18.2619,21.447,-4.3401,45.01,14.6426,21.3835,-4.3429,45.16
199.998,5.0426,3.6355,3.622,0,0,0.0733,0,0.1,0.1,0.1,14.7214,25.0377,-4.3537,44.97,18.2822,21.4672,-4.3405,45.02,14.6609,21.4028,-4.3433,45.15
200.098,5.0425,3.636,3.6237,0,0,0.0744,0,0.1,0.1,0.1,14.7411,25.0575,-4.3533,44.97,18.3022,21.4875,-4.3409,45.02,14.679,21.4221,-4.3434,45.14
200.198,5.0425,3.6366,3.6255,0,0,0.0754,0,0.1,0.1,0.1,14.7606,25.0774,-4.3525,44.97,18.3221,21.5078,-4.3412,45.02,14.6973,21.4414,-4.3435,45.13
200.298,5.0423,3.6368,3.6272,0,0,0.0764,0,0.1,0.1,0.1,14.7803,25.0972,-4.3517,44.98,18.342,21.5281,-4.3415,45.01,14.7154,21.4609,-4.3434,45.13
200.398,5.0421,3.637,3.6292,0,0,0.0774,0,0.1,0.1,0.1,14.8003,25.117,-4.351,44.99,18.3622,21.5482,-4.3414,45.0,14.7336,21.4806,-4.3429,45.13
200.498,5.0422,3.6378,3.6311,0,0,0.0786,0,0.1,0.1,0.1,14.8205,25.137,-4.3504,45.0,18.3825,21.5683,-4.3414,44.99,14.752,21.4999,-4.3421,45.12
200.598,5.0422,3.6388,3.6326,0,0,0.0798,0,0.1,0.1,0.1,14.8407,25.1572,-4.3499,45.01,18.4029,21.5886,-4.3414,44.98,14.7709,21.5191,-4.3413,45.11
200.698,5.0418,3.6397,3.6344,0,0,0.0812,0,0.1,0.1,0.1,14.8612,25.1772,-4.3496,45.03,18.4233,21.6091,-4.3414,44.98,14.7896,21.5382,-4.3407,45.11
200.798,5.0409,3.6407,3.6359,0,0,0.0826,0,0.1,0.1,0.1,14.8818,25.197,-4.349,45.04,18.4433,21.6295,-4.3413,44.97,14.8081,21.5571,-4.3403,45.1
200.898,5.0398,3.6415,3.6368,0,0,0.0838,0,0.1,0.1,0.1,14.9027,25.2168,-4.3482,45.04,18.4628,21.6496,-4.3413,44.96,14.8268,21.5761,-4.3403,45.1
200.998,5.0383,3.6419,3.6365,0,0,0.0843,0,0.1,0.1,0.1,14.9235,25.2361,-4.3476,45.03,18.4822,21.6696,-4.3414,44.94,14.8465,21.595,-4.3404,45.1
201.098,5.0373,3.6422,3.6355,0,0,0.0843,0,0.1,0.1,0.1,14.9442,25.2553,-4.3473,45.02,18.5018,21.6891,-4.3416,44.94,14.8671,21.614,-4.3405,45.09
201.198,5.0362,3.6426,3.634,0,0,0.0841,0,0.1,0.1,0.1,14.9652,25.2746,-4.3476,44.99,18.5215,21.7088,-4.3421,44.94,14.8883,21.6329,-4.3403,45.1
201.298,5.0352,3.6437,3.6323,0,0,0.0842,0,0.1,0.1,0.1,14.986,25.2942,-4.3484,44.96,18.5412,21.7286,-4.3422,44.94,14.9098,21.6514,-4.3399,45.1
201.398,5.0345,3.6455,3.6304,0,0,0.0845,0,0.1,0.1,0.1,15.0068,25.314,-4.3491,44.94,18.5609,21.7484,-4.3421,44.94,14.9314,21.6693,-4.3393,45.1
201.498,5.0339,3.6473,3.6286,0,0,0.0848,0,0.1,0.1,0.1,15.0272,25.3337,-4.3495,44.92,18.5807,21.7682,-4.3419,44.95,14.9529,21.6873,-4.3391,45.1
201.598,5.0329,3.6483,3.6267,0,0,0.0848,0,0.1,0.1,0.1,15.0477,25.3532,-4.3496,44.9,18.6002,21.788,-4.3417,44.96,14.9744,21.7056,-4.3394,45.12
201.698,5.032,3.6492,3.6254,0,0,0.085,0,0.1,0.1,0.1,15.0682,25.3727,-4.3497,44.88,18.6198,21.808,-4.3416,44.97,14.9954,21.7243,-4.3398,45.14
201.798,5.0317,3.6497,3.6246,0,0,0.085,0,0.1,0.1,0.1,15.0885,25.3924,-4.3499,44.87,18.6398,21.8278,-4.3415,44.98,15.0162,21.7434,-4.3404,45.15
201.898,5.0311,3.6498,3.6239,0,0,0.0849,0,0.1,0.1,0.1,15.1088,25.412,-4.35,44.86,18.6598,21.848,-4.3416,44.98,15.0369,21.763,-4.3411,45.16
201.998,5.0304,3.6501,3.6232,0,0,0.085,0,0.1,0.1,0.1,15.1292,25.4317,-4.3501,44.87,18.6797,21.8681,-4.342,44.97,15.0575,21.7823,-4.3417,45.15
202.098,5.0301,3.6504,3.6228,0,0,0.0851,0,0.1,0.1,0.1,15.1498,25.4516,-4.3501,44.87,18.6996,21.8879,-4.3425,44.96,15.0778,21.8019,-4.3423,45.14
202.198,5.03,3.6505,3.6229,0,0,0.0852,0,0.1,0.1,0.1,15.1702,25.4718,-4.3499,44.88,18.7195,21.9076,-4.3427,44.95,15.0976,21.822,-4.3433,45.14
202.298,5.0308,3.6508,3.6236,0,0,0.0853,0,0.1,0.1,0.1,15.1901,25.4924,-4.3496,44.89,18.7396,21.9273,-4.3426,44.95,15.117,21.8423,-4.3444,45.14
202.398,5.0317,3.6509,3.6245,0,0,0.0854,0,0.1,0.1,0.1,15.2099,25.5127,-4.349,44.9,18.7598,21.9468,-4.3426,44.96,15.1363,21.8626,-4.3454,45.13
202.498,5.0324,3.6508,3.6253,0,0,0.0855,0,0.1,0.1,0.1,15.2296,25.5327,-4.3482,44.91,18.7802,21.9663,-4.3426,44.97,15.1558,21.8826,-4.3462,45.13
202.598,5.0328,3.651,3.6256,0,0,0.0856,0,0.1,0.1,0.1,15.2494,25.5526,-4.3472,44.91,18.8003,21.9861,-4.3431,44.98,15.1757,21.9023,-4.3469,45.12
202.698,5.0333,3.6512,3.6255,0,0,0.0855,0,0.1,0.1,0.1,15.2691,25.5726,-4.3462,44.91,18.8205,22.0058,-4.3439,44.99,15.196,21.9221,-4.3475,45.12
202.798,5.0345,3.6514,3.6252,0,0,0.0851,0,0.1,0.1,0.1,15.2887,25.5926,-4.3455,44.92,18.8411,22.0251,-4.3445,45.01,15.2168,21.9419,-4.3479,45.12
202.898,5.0356,3.651,3.6251,0,0,0.0846,0,0.1,0.1,0.1,15.3082,25.6122,-4.3453,44.92,18.8617,22.0443,-4.3451,45.02,15.2375,21.9619,-4.3487,45.13
202.998,5.0364,3.6504,3.6254,0,0,0.0841,0,0.1,0.1,0.1,15.3276,25.6317,-4.345,44.92,18.8822,22.0638,-4.3455,45.02,15.2577,21.982,-4.3491,45.13
203.098,5.0364,3.6499,3.6261,0,0,0.0841,0,0.1,0.1,0.1,15.3476,25.6513,-4.3447,44.9,18.9023,22.0834,-4.3458,45.01,15.2772,22.0021,-4.3496,45.14
203.198,5.0363,3.6496,3.6272,0,0,0.0845,0,0.1,0.1,0.1,15.368,25.671,-4.3447,44.89,18.9225,22.103,-4.346,45.01,15.2961,22.0221,-4.3501,45.14
203.298,5.0365,3.6495,3.629,0,0,0.0852,0,0.1,0.1,0.1,15.3882,25.6909,-4.3447,44.89,18.9427,22.1227,-4.3459,45.01,15.3146,22.0422,-4.3506,45.14
203.398,5.0371,3.6496,3.6305,0,0,0.0857,0,0.1,0.1,0.1,15.4082,25.7109,-4.3445,44.89,18.963,22.1422,-4.3458,45.0,15.3333,22.0621,-4.351,45.14
203.498,5.0373,3.6496,3.6313,0,0,0.086,0,0.1,0.1,0.1,15.4282,25.7305,-4.3442,44.89,18.9831,22.1617,-4.3457,44.99,15.3527,22.0818,-4.3511,45.13
203.598,5.0375,3.6494,3.6315,0,0,0.0859,0,0.1,0.1,0.1,15.4481,25.7501,-4.344,44.9,19.0032,22.1813,-4.3456,44.98,15.3726,22.1015,-4.3511,45.11
203.698,5.0374,3.6492,3.6311,0,0,0.0857,0,0.1,0.1,0.1,15.4683,25.7697,-4.3436,44.9,19.0233,22.2009,-4.3456,44.99,15.3931,22.1213,-4.3511,45.1
203.798,5.0371,3.6492,3.6307,0,0,0.0856,0,0.1,0.1,0.1,15.4885,25.7894,-4.3431,44.9,19.0434,22.2209,-4.3458,44.99,15.4136,22.1409,-4.3515,45.09
203.898,5.0361,3.6494,3.6296,0,0,0.0856,0,0.1,0.1,0.1,15.5089,25.809,-4.3429,44.91,19.0631,22.2411,-4.346,45.0,15.4343,22.1604,-4.3517,45.09
203.998,5.0344,3.6494,3.6284,0,0,0.0856,0,0.1,0.1,0.1,15.5294,25.8284,-4.343,44.92,19.0824,22.2616,-4.346,45.0,15.4549,22.1798,-4.3517,45.09
204.098,5.0324,3.6492,3.6278,0,0,0.0859,0,0.1,0.1,0.1,15.5504,25.8477,-4.3429,44.91,19.1015,22.282,-4.3462,44.99,15.4747,22.1994,-4.3516,45.1
204.198,5.0303,3.6488,3.6274,0,0,0.0861,0,0.1,0.1,0.1,15.5715,25.867,-4.3429,44.91,19.1207,22.3022,-4.3466,44.98,15.4942,22.219,-4.3516,45.11
204.298,5.0287,3.648,3.6271,0,0,0.0862,0,0.1,0.1,0.1,15.5924,25.8862,-4.3429,44.92,19.1401,22.3223,-4.3469,44.96,15.5139,22.239,-4.352,45.12
204.398,5.0277,3.647,3.6272,0,0,0.086,0,0.1,0.1,0.1,15.6131,25.9054,-4.3429,44.92,19.1599,22.3419,-4.3472,44.95,15.5337,22.2592,-4.3522,45.12
204.498,5.0277,3.6462,3.6275,0,0,0.0857,0,0.1,0.1,0.1,15.6335,25.9247,-4.3428,44.92,19.1802,22.3612,-4.3474,44.95,15.5536,22.2794,-4.3522,45.13
204.598,5.0279,3.6457,3.6278,0,0,0.0855,0,0.1,0.1,0.1,15.6536,25.9443,-4.3427,44.93,19.2006,22.3808,-4.3475,44.96,15.5737,22.2995,-4.3525,45.13
204.698,5.0285,3.6453,3.628,0,0,0.0853,0,0.1,0.1,0.1,15.6734,25.9641,-4.3431,44.94,19.2211,22.4004,-4.3478,44.97,15.594,22.3196,-4.3528,45.13
204.798,5.0288,3.6447,3.6276,0,0,0.0847,0,0.1,0.1,0.1,15.6931,25.9839,-4.343,44.96,19.2412,22.4203,-4.3481,44.99,15.6145,22.34,-4.3531,45.12
204.898,5.0292,3.6441,3.6271,0,0,0.0841,0,0.1,0.1,0.1,15.7123,26.0039,-4.3425,44.97,19.2613,22.4405,-4.3484,45.01,15.6351,22.3606,-4.3528,45.12
204.998,5.0296,3.6434,3.6266,0,0,0.0834,0,0.1,0.1,0.1,15.7317,26.0241,-4.3419,44.96,19.2814,22.4608,-4.3488,45.04,15.6556,22.3815,-4.3525,45.14
205.098,5.0302,3.6425,3.6262,0,0,0.0826,0,0.1,0.1,0.1,15.7513,26.0442,-4.3413,44.96,19.3016,22.4809,-4.3493,45.06,15.6763,22.4025,-4.3523,45.15
205.198,5.0309,3.6414,3.6257,0,0,0.0816,0,0.1,0.1,0.1,15.7709,26.0644,-4.3408,44.95,19.3217,22.5005,-4.3499,45.05,15.6968,22.4237,-4.3519,45.16
205.298,5.0314,3.6406,3.6253,0,0,0.0809,0,0.1,0.1,0.1,15.7908,26.0847,-4.3401,44.95,19.3416,22.5201,-4.3502,45.05,15.7171,22.4448,-4.3512,45.17
205.398,5.0324,3.6402,3.6253,0,0,0.0803,0,0.1,0.1,0.1,15.8104,26.1051,-4.3396,44.95,19.3619,22.5397,-4.3504,45.05,15.7374,22.4656,-4.3505,45.17
205.498,5.0336,3.6403,3.6256,0,0,0.0801,0,0.1,0.1,0.1,15.8298,26.1255,-4.3391,44.96,19.3824,22.5596,-4.3504,45.04,15.7576,22.486,-4.3498,45.17
205.598,5.0344,3.6409,3.6258,0,0,0.0802,0,0.1,0.1,0.1,15.8492,26.1461,-4.3386,44.95,19.4029,22.5801,-4.3502,45.05,15.7779,22.5059,-4.3491,45.16
205.698,5.0349,3.6417,3.6259,0,0,0.0805,0,0.1,0.1,0.1,15.8688,26.1666,-4.3384,44.94,19.4233,22.6006,-4.3501,45.06,15.7981,22.5256,-4.3486,45.16
205.798,5.0353,3.6427,3.6259,0,0,0.0809,0,0.1,0.1,0.1,15.8885,26.1871,-4.3382,44.94,19.4434,22.621,-4.3501,45.05,15.8183,22.545,-4.3481,45.15
205.898,5.0361,3.6441,3.6252,0,0,0.081,0,0.1,0.1,0.1,15.9079,26.2077,-4.338,44.93,19.4635,22.6411,-4.3502,45.05,15.8392,22.5642,-4.3475,45.15
205.998,5.0367,3.6451,3.6243,0,0,0.0809,0,0.1,0.1,0.1,15.9275,26.2281,-4.3379,44.93,19.4836,22.6613,-4.3503,45.06,15.8601,22.5837,-4.3467,45.15
206.098,5.037,3.6459,3.6242,0,0,0.0812,0,0.1,0.1,0.1,15.9472,26.2484,-4.3378,44.93,19.5037,22.6815,-4.3504,45.07,15.8803,22.6031,-4.3463,45.15
206.198,5.0373,3.6462,3.6255,0,0,0.0818,0,0.1,0.1,0.1,15.9672,26.2681,-4.3378,44.94,19.5243,22.7015,-4.3505,45.06,15.8997,22.6226,-4.3463,45.16
206.298,5.0382,3.6467,3.6275,0,0,0.0826,0,0.1,0.1,0.1,15.9868,26.2879,-4.3383,44.95,19.5453,22.7214,-4.3508,45.06,15.9187,22.6419,-4.3463,45.16
206.398,5.0388,3.6472,3.6296,0,0,0.0836,0,0.1,0.1,0.1,16.0066,26.3078,-4.3388,44.97,19.5661,22.7414,-4.3512,45.06,15.9374,22.6613,-4.3463,45.16
206.498,5.0394,3.6476,3.6318,0,0,0.0846,0,0.1,0.1,0.1,16.0264,26.3278,-4.3393,44.99,19.5869,22.7616,-4.3515,45.07,15.956,22.6809,-4.3462,45.15
206.598,5.0399,3.6479,3.634,0,0,0.0855,0,0.1,0.1,0.1,16.0461,26.3479,-4.3398,45.0,19.6074,22.7818,-4.3517,45.07,15.9744,22.7007,-4.3462,45.13
206.698,5.0399,3.6484,3.6357,0,0,0.0865,0,0.1,0.1,0.1,16.0661,26.3684,-4.3404,45.02,19.6277,22.8024,-4.3519,45.07,15.9929,22.7207,-4.3464,45.13
206.798,5.0397,3.649,3.6373,0,0,0.0876,0,0.1,0.1,0.1,16.0863,26.389,-4.3406,45.02,19.6478,22.8233,-4.3522,45.08,16.0114,22.7408,-4.3465,45.12
206.898,5.0396,3.6495,3.6383,0,0,0.0882,0,0.1,0.1,0.1,16.1065,26.4096,-4.3407,45.02,19.6679,22.8439,-4.3526,45.09,16.0306,22.7609,-4.3468,45.13
206.998,5.0397,3.6499,3.638,0,0,0.0883,0,0.1,0.1,0.1,16.1264,26.4298,-4.3405,45.03,19.6879,22.8641,-4.353,45.09,16.0508,22.7807,-4.3472,45.13
207.098,5.0401,3.6504,3.6374,0,0,0.0881,0,0.1,0.1,0.1,16.146,26.45,-4.3402,45.04,19.7079,22.8841,-4.3532,45.08,16.0715,22.8004,-4.3477,45.14
207.198,5.041,3.6508,3.6366,0,0,0.0877,0,0.1,0.1,0.1,16.1653,26.4704,-4.34,45.05,19.7281,22.9041,-4.3532,45.07,16.0924,22.8203,-4.3482,45.13
207.298,5.0417,3.6514,3.6353,0,0,0.0873,0,0.1,0.1,0.1,16.1844,26.491,-4.3399,45.05,19.7479,22.9244,-4.3534,45.06,16.1135,22.8403,-4.3488,45.12
207.398,5.0417,3.6519,3.6346,0,0,0.0872,0,0.1,0.1,0.1,16.2038,26.5113,-4.3398,45.04,19.7675,22.9451,-4.3535,45.05,16.1339,22.8602,-4.3492,45.1
207.498,5.0413,3.6526,3.6344,0,0,0.0876,0,0.1,0.1,0.1,16.2232,26.5317,-4.3397,45.04,19.787,22.9661,-4.3535,45.03,16.1537,22.8797,-4.3493,45.09
207.598,5.0415,3.6537,3.6348,0,0,0.0883,0,0.1,0.1,0.1,16.2425,26.5525,-4.34,45.04,19.8067,22.987,-4.3536,45.02,16.173,22.8995,-4.3492,45.08
207.698,5.0424,3.654,3.6363,0,0,0.0888,0,0.1,0.1,0.1,16.2618,26.5733,-4.3402,45.03,19.8268,23.0073,-4.3539,45.02,16.1915,22.92,-4.3491,45.08
207.798,5.0429,3.6528,3.6381,0,0,0.0888,0,0.1,0.1,0.1,16.2809,26.5935,-4.3404,45.02,19.8467,23.0276,-4.354,45.01,16.2096,22.9415,-4.349,45.07
207.898,5.0429,3.6502,3.6401,0,0,0.0884,0,0.1,0.1,0.1,16.3005,26.6134,-4.3407,45.01,19.8666,23.0478,-4.354,45.02,16.2275,22.9639,-4.3485,45.06
207.998,5.0427,3.6471,3.6422,0,0,0.0879,0,0.1,0.1,0.1,16.3204,26.633,-4.3411,45.0,19.8865,23.0678,-4.3539,45.01,16.2453,22.9867,-4.3476,45.05
208.098,5.0426,3.6441,3.6444,0,0,0.0875,0,0.1,0.1,0.1,16.3402,26.6527,-4.3416,45.0,19.9066,23.0877,-4.3536,45.02,16.263,23.0094,-4.3467,45.04
208.198,5.0426,3.6416,3.6461,0,0,0.0872,0,0.1,0.1,0.1,16.36,26.6723,-4.3418,45.0,19.9264,23.1074,-4.3532,45.03,16.2812,23.0315,-4.3458,45.03
208.298,5.0422,3.64,3.6466,0,0,0.0868,0,0.1,0.1,0.1,16.3799,26.6921,-4.3421,45.0,19.9461,23.1275,-4.3528,45.04,16.3003,23.0529,-4.3449,45.03
208.398,5.0419,3.6392,3.6461,0,0,0.0863,0,0.1,0.1,0.1,16.4001,26.7123,-4.3423,45.01,19.9658,23.1477,-4.3518,45.05,16.3204,23.074,-4.3441,45.02
208.498,5.0418,3.6389,3.6448,0,0,0.0856,0,0.1,0.1,0.1,16.4205,26.7329,-4.3427,45.02,19.9852,23.1675,-4.3506,45.07,16.3411,23.0948,-4.3433,45.01
208.598,5.0411,3.6392,3.6428,0,0,0.0851,0,0.1,0.1,0.1,16.4411,26.7535,-4.3432,45.02,20.0042,23.1874,-4.3496,45.09,16.3621,23.1151,-4.3429,45.0
208.698,5.0407,3.6402,3.6406,0,0,0.0846,0,0.1,0.1,0.1,16.4615,26.7743,-4.3438,45.01,20.0232,23.2073,-4.3486,45.12,16.3833,23.1349,-4.3425,44.99
208.798,5.0408,3.6413,3.6388,0,0,0.0843,0,0.1,0.1,0.1,16.4814,26.7951,-4.3445,45.0,20.0422,23.2271,-4.3476,45.14,16.4041,23.1546,-4.3423,44.99
208.898,5.0412,3.6426,3.6376,0,0,0.0841,0,0.1,0.1,0.1,16.501,26.8158,-4.3452,44.99,20.0612,23.2467,-4.3467,45.15,16.4244,23.1741,-4.342,44.99
208.998,5.0417,3.6437,3.637,0,0,0.0843,0,0.1,0.1,0.1,16.52,26.8363,-4.3457,44.98,20.0803,23.2666,-4.3458,45.16,16.4441,23.1934,-4.3417,44.99
209.098,5.0417,3.6445,3.6367,0,0,0.0845,0,0.1,0.1,0.1,16.5389,26.8565,-4.346,44.98,20.0993,23.2869,-4.3451,45.17,16.4633,23.2128,-4.3415,44.99
209.198,5.0415,3.6456,3.6367,0,0,0.0851,0,0.1,0.1,0.1,16.5581,26.8768,-4.3462,44.97,20.1182,23.3073,-4.3446,45.17,16.4823,23.232,-4.3418,44.99
209.298,5.0411,3.6474,3.6366,0,0,0.086,0,0.1,0.1,0.1,16.5774,26.8973,-4.3459,44.96,20.1368,23.3275,-4.3442,45.16,16.501,23.2507,-4.3421,44.98
209.398,5.0412,3.6495,3.6366,0,0,0.087,0,0.1,0.1,0.1,16.5966,26.9178,-4.3455,44.97,20.1557,23.3475,-4.3443,45.16,16.5199,23.269,-4.3425,44.97
209.498,5.0415,3.6512,3.6364,0,0,0.0876,0,0.1,0.1,0.1,16.6156,26.938,-4.3451,44.98,20.1747,23.3673,-4.3443,45.14,16.5392,23.2875,-4.3426,44.95
209.598,5.0412,3.6519,3.6356,0,0,0.0876,0,0.1,0.1,0.1,16.6347,26.9578,-4.3449,44.99,20.1935,23.3873,-4.3444,45.13,16.5588,23.3067,-4.3427,44.94
209.698,5.0408,3.652,3.6352,0,0,0.0876,0,0.1,0.1,0.1,16.6544,26.9782,-4.3448,44.99,20.2123,23.4073,-4.3443,45.11,16.578,23.327,-4.3429,44.93
209.798,5.0407,3.6515,3.6352,0,0,0.0874,0,0.1,0.1,0.1,16.6742,26.9987,-4.3447,45.0,20.2314,23.4272,-4.3439,45.09,16.5971,23.348,-4.3427,44.92
209.898,5.0402,3.6502,3.6351,0,0,0.0869,0,0.1,0.1,0.1,16.6941,27.0185,-4.3445,45.01,20.2508,23.4473,-4.3434,45.09,16.6166,23.3692,-4.3425,44.9
209.998,5.0392,3.6481,3.6353,0,0,0.0863,0,0.1,0.1,0.1,16.714,27.0378,-4.3441,45.01,20.2702,23.4676,-4.3429,45.08,16.6357,23.3906,-4.3424,44.89
210.098,5.0382,3.6457,3.6353,0,0,0.0855,0,0.1,0.1,0.1,16.7337,27.0572,-4.3436,45.02,20.2894,23.4878,-4.3426,45.08,16.6549,23.4124,-4.3421,44.88
210.198,5.0375,3.6433,3.6353,0,0,0.0846,0,0.1,0.1,0.1,16.7536,27.0767,-4.343,45.03,20.3087,23.5077,-4.3423,45.07,16.6741,23.4343,-4.342,44.87
210.298,5.0373,3.6409,3.636,0,0,0.0838,0,0.1,0.1,0.1,16.7734,27.0963,-4.342,45.04,20.3283,23.5274,-4.3421,45.06,16.693,23.4563,-4.3422,44.86
210.398,5.0377,3.6387,3.6369,0,0,0.0832,0,0.1,0.1,0.1,16.7932,27.1162,-4.3411,45.05,20.348,23.5467,-4.342,45.06,16.7117,23.4784,-4.3423,44.85
210.498,5.0378,3.6368,3.6376,0,0,0.0827,0,0.1,0.1,0.1,16.8133,27.136,-4.3407,45.04,20.3679,23.5662,-4.3418,45.06,16.7309,23.5001,-4.3423,44.85
210.598,5.0376,3.6358,3.6378,0,0,0.0824,0,0.1,0.1,0.1,16.8335,27.1559,-4.3406,45.03,20.3876,23.5857,-4.3416,45.06,16.7503,23.5211,-4.3422,44.85
210.698,5.0375,3.6357,3.6378,0,0,0.0824,0,0.1,0.1,0.1,16.8539,27.176,-4.3406,45.02,20.407,23.605,-4.3414,45.07,16.7697,23.5413,-4.342,44.86
210.798,5.0373,3.6356,3.638,0,0,0.0826,0,0.1,0.1,0.1,16.8745,27.1959,-4.3406,45.01,20.4265,23.6241,-4.3412,45.08,16.789,23.5612,-4.3416,44.86
210.898,5.037,3.6358,3.6387,0,0,0.0831,0,0.1,0.1,0.1,16.8953,27.2157,-4.3402,45.0,20.4463,23.6434,-4.3408,45.09,16.8082,23.5809,-4.3412,44.86
210.998,5.0363,3.6362,3.6392,0,0,0.0837,0,0.1,0.1,0.1,16.9162,27.2355,-4.3399,44.98,20.4661,23.663,-4.3403,45.1,16.8274,23.6004,-4.3411,44.86
211.098,5.0351,3.6366,3.6392,0,0,0.0843,0,0.1,0.1,0.1,16.9372,27.255,-4.34,44.96,20.4858,23.6829,-4.3399,45.1,16.8472,23.6195,-4.3412,44.85
211.198,5.0341,3.6376,3.6383,0,0,0.0847,0,0.1,0.1,0.1,16.958,27.2748,-4.3404,44.96,20.5054,23.703,-4.3398,45.1,16.8677,23.6383,-4.3415,44.86
211.298,5.0336,3.6393,3.6366,0,0,0.0847,0,0.1,0.1,0.1,16.978,27.2951,-4.3407,44.96,20.5248,23.7233,-4.3398,45.09,16.8888,23.6569,-4.3416,44.87
211.398,5.0333,3.6379,3.6341,0,0,0.0829,0,0.1,0.1,0.1,16.9941,27.3123,-4.341,44.96,20.5439,23.744,-4.3398,45.07,16.9105,23.6754,-4.3412,44.88
211.498,5.033,3.632,3.631,0,0,0.0788,0,0.1,0.1,0.1,17.0053,27.3253,-4.3412,44.97,20.5626,23.7649,-4.3402,45.05,16.9323,23.6941,-4.341,44.88
211.598,5.0321,3.622,3.6244,0,0,0.0714,0,0.1,0.1,0.1,17.0128,27.3346,-4.3411,44.97,20.5775,23.7828,-4.3405,45.04,16.9537,23.7131,-4.341,44.89
211.698,5.0315,3.6089,3.6139,0,0,0.0608,0,0.1,0.1,0.1,17.0174,27.3409,-4.3406,44.96,20.588,23.796,-4.3406,45.05,16.9746,23.7322,-4.3411,44.91
211.798,5.0311,3.5939,3.6004,0,0,0.0479,0,0.1,0.1,0.1,17.0197,27.3449,-4.3399,44.95,20.5951,23.8054,-4.3405,45.05,16.9951,23.7511,-4.3411,44.92
211.898,5.0308,3.5776,3.5848,0,0,0.0339,0,0.1,0.1,0.1,17.0207,27.3472,-4.3391,44.95,20.5997,23.8117,-4.3409,45.04,17.0152,23.7695,-4.3413,44.92
211.998,5.0307,3.5604,3.5679,0,0,0.0282,0,0.1,0.1,0.1,17.0208,27.348,-4.3386,44.94,20.6027,23.8156,-4.3417,45.03,17.0348,23.7876,-4.3417,44.93
212.098,5.031,3.546,3.5531,0,0,0.0266,0,0.1,0.1,0.1,17.02,27.3483,-4.3384,44.93,20.604,23.8177,-4.3422,45.04,17.0509,23.8025,-4.3419,44.93
212.198,5.0318,3.5361,3.5419,0,0,0.0318,0,0.1,0.1,0.1,17.0181,27.3485,-4.3384,44.92,20.6042,23.8188,-4.3427,45.04,17.0623,23.8127,-4.342,44.93
212.298,5.0331,3.5296,3.5335,0,0,0.0362,0,0.1,0.1,0.1,17.0155,27.3486,-4.3386,44.92,20.6038,23.8192,-4.3434,45.04,17.0703,23.8194,-4.3423,44.91
212.398,5.0345,3.5253,3.5272,0,0,0.0399,0,0.1,0.1,0.1,17.0122,27.3483,-4.3388,44.93,20.6026,23.8191,-4.3439,45.04,17.0754,23.8236,-4.3425,44.9
212.498,5.0359,3.5224,3.5226,0,0,0.0428,0,0.1,0.1,0.1,17.0086,27.3476,-4.3391,44.94,20.6009,23.8184,-4.344,45.05,17.0783,23.826,-4.3427,44.89
212.598,5.0372,3.5206,3.5193,0,0,0.0449,0,0.1,0.1,0.1,17.0048,27.3469,-4.3396,44.96,20.5985,23.8173,-4.3441,45.05,17.0792,23.827,-4.3427,44.88
212.698,5.038,3.5197,3.5167,0,0,0.0462,0,0.1,0.1,0.1,17.0009,27.3461,-4.34,44.96,20.5953,23.8159,-4.3445,45.05,17.0786,23.8273,-4.3426,44.88
212.798,5.0392,3.5192,3.5156,0,0,0.0471,0,0.1,0.1,0.1,16.997,27.3454,-4.3403,44.97,20.5923,23.8145,-4.3449,45.05,17.0767,23.827,-4.3423,44.88
212.898,5.0403,3.5193,3.5149,0,0,0.0477,0,0.1,0.1,0.1,16.9932,27.3448,-4.3407,44.99,20.5891,23.813,-4.3454,45.05,17.0742,23.8264,-4.3419,44.88
212.998,5.0414,3.5196,3.5142,0,0,0.0483,0,0.1,0.1,0.1,16.9891,27.3441,-4.3409,45.0,20.5856,23.8113,-4.3459,45.06,17.0715,23.8255,-4.3415,44.87
213.098,5.0423,3.5195,3.5141,0,0,0.0484,0,0.1,0.1,0.1,16.9856,27.3432,-4.3412,44.99,20.5824,23.8093,-4.3462,45.07,17.0683,23.8246,-4.341,44.87
213.198,5.0432,3.5191,3.5146,0,0,0.0484,0,0.1,0.1,0.1,16.9825,27.342,-4.3415,44.97,20.5796,23.8072,-4.3461,45.07,17.065,23.8238,-4.3407,44.89
213.298,5.0441,3.5189,3.5151,0,0,0.0482,0,0.1,0.1,0.1,16.9796,27.3407,-4.342,44.95,20.5768,23.8047,-4.3458,45.08,17.0617,23.8228,-4.3402,44.9
213.398,5.0452,3.519,3.5161,0,0,0.0479,0,0.1,0.1,0.1,16.9771,27.3393,-4.3425,44.94,20.5743,23.8019,-4.3455,45.08,17.0583,23.8213,-4.3396,44.92
213.498,5.0458,3.519,3.5178,0,0,0.0474,0,0.1,0.1,0.1,16.9751,27.3376,-4.3429,44.94,20.5724,23.7992,-4.3452,45.08,17.0547,23.8195,-4.339,44.92
213.598,5.0456,3.5188,3.5193,0,0,0.0464,0,0.1,0.1,0.1,16.9739,27.3356,-4.3437,44.94,20.5705,23.7969,-4.345,45.08,17.0513,23.8177,-4.3384,44.94
213.698,5.0446,3.5182,3.5201,0,0,0.0453,0,0.1,0.1,0.1,16.9731,27.3334,-4.3444,44.93,20.5684,23.7948,-4.345,45.08,17.0484,23.816,-4.3382,44.96
213.798,5.0432,3.5173,3.5206,0,0,0.0441,0,0.1,0.1,0.1,16.9726,27.331,-4.3449,44.92,20.5662,23.7926,-4.3448,45.1,17.0457,23.8145,-4.3382,44.96
213.898,5.0419,3.5166,3.521,0,0,0.043,0,0.1,0.1,0.1,16.972,27.3288,-4.3454,44.91,20.5641,23.7907,-4.3447,45.09,17.0431,23.8129,-4.3383,44.97
213.998,5.0414,3.5164,3.5219,0,0,0.0424,0,0.1,0.1,0.1,16.9707,27.3268,-4.3456,44.89,20.5623,23.7889,-4.3447,45.09,17.0404,23.8112,-4.3383,44.98
214.098,5.0418,3.5167,3.5235,0,0,0.0418,0,0.1,0.1,0.1,16.9694,27.3256,-4.3454,44.87,20.561,23.7871,-4.3445,45.08,17.0376,23.8095,-4.3386,45.0
214.198,5.0424,3.5174,3.5248,0,0,0.0414,0,0.1,0.1,0.1,16.9682,27.3247,-4.3447,44.86,20.5599,23.7855,-4.3445,45.06,17.0352,23.8079,-4.3388,45.02
214.298,5.0425,3.5176,3.5258,0,0,0.0408,0,0.1,0.1,0.1,16.9672,27.3237,-4.3438,44.86,20.5585,23.7841,-4.3448,45.04,17.0328,23.8068,-4.3391,45.03
214.398,5.0423,3.5173,3.5266,0,0,0.0403,0,0.1,0.1,0.1,16.966,27.3225,-4.3429,44.85,20.557,23.7828,-4.3454,45.02,17.0305,23.8058,-4.3393,45.03
214.498,5.0424,3.5171,3.5271,0,0,0.0399,0,0.1,0.1,0.1,16.9648,27.3213,-4.3422,44.84,20.5555,23.7812,-4.3458,45.01,17.0285,23.8048,-4.3397,45.03
214.598,5.0421,3.5169,3.5275,0,0,0.0394,0,0.1,0.1,0.1,16.9638,27.3202,-4.3419,44.84,20.554,23.78,-4.3458,45.01,17.0266,23.8039,-4.3403,45.04
214.698,5.0416,3.5166,3.5282,0,0,0.039,0,0.1,0.1,0.1,16.963,27.3191,-4.3418,44.84,20.5528,23.7791,-4.346,45.02,17.0246,23.803,-4.3407,45.04
214.798,5.0411,3.5165,3.5289,0,0,0.0384,0,0.1,0.1,0.1,16.9624,27.3181,-4.3417,44.84,20.5516,23.7784,-4.3462,45.01,17.0228,23.8022,-4.3411,45.05
214.898,5.0404,3.5164,3.5294,0,0,0.0379,0,0.1,0.1,0.1,16.9617,27.3172,-4.3414,44.83,20.5503,23.7779,-4.3461,45.01,17.021,23.8013,-4.3417,45.06
214.998,5.0392,3.5167,3.5293,0,0,0.0373,0,0.1,0.1,0.1,16.9613,27.3162,-4.3412,44.82,20.5491,23.7776,-4.3459,45.0,17.0198,23.8,-4.342,45.07
215.098,5.0383,3.517,3.529,0,0,0.0371,0,0.1,0.1,0.1,16.9608,27.3151,-4.3411,44.83,20.548,23.7773,-4.346,45.0,17.0191,23.7986,-4.3423,45.08
215.198,5.0376,3.5173,3.5289,0,0,0.0369,0,0.1,0.1,0.1,16.9603,27.3141,-4.3411,44.83,20.547,23.7768,-4.3463,45.0,17.0182,23.7973,-4.3425,45.08
215.298,5.0374,3.5179,3.5286,0,0,0.0367,0,0.1,0.1,0.1,16.9595,27.3136,-4.3412,44.83,20.5459,23.7761,-4.3462,45.01,17.0173,23.7961,-4.3426,45.09
215.398,5.0376,3.5184,3.5285,0,0,0.0365,0,0.1,0.1,0.1,16.9586,27.3132,-4.3412,44.84,20.5448,23.7754,-4.346,45.03,17.0164,23.7953,-4.3428,45.1
215.498,5.0372,3.5185,3.5285,0,0,0.0362,0,0.1,0.1,0.1,16.9579,27.3125,-4.3413,44.84,20.5436,23.7747,-4.3459,45.05,17.0152,23.7944,-4.3433,45.12
215.598,5.0369,3.519,3.5282,0,0,0.0361,0,0.1,0.1,0.1,16.9569,27.3115,-4.3418,44.85,20.5424,23.7738,-4.3458,45.06,17.0142,23.793,-4.3435,45.13
215.698,5.0372,3.5196,3.5279,0,0,0.0364,0,0.1,0.1,0.1,16.9558,27.3106,-4.3427,44.85,20.5415,23.7728,-4.3459,45.07,17.0137,23.7915,-4.3438,45.13
215.798,5.0376,3.5198,3.5279,0,0,0.0367,0,0.1,0.1,0.1,16.9549,27.3095,-4.3435,44.86,20.5411,23.7717,-4.3462,45.07,17.0133,23.7901,-4.3441,45.14
215.898,5.0381,3.5201,3.5285,0,0,0.0368,0,0.1,0.1,0.1,16.9544,27.3085,-4.3445,44.88,20.5412,23.7705,-4.3465,45.07,17.0127,23.7889,-4.3442,45.14
215.998,5.0387,3.5204,3.5293,0,0,0.0369,0,0.1,0.1,0.1,16.954,27.3076,-4.3453,44.9,20.5413,23.7693,-4.3468,45.07,17.0121,23.7877,-4.3444,45.15
216.098,5.0392,3.5208,3.5297,0,0,0.037,0,0.1,0.1,0.1,16.9535,27.3068,-4.3459,44.92,20.5412,23.7682,-4.347,45.09,17.0116,23.7864,-4.3444,45.17
216.198,5.0398,3.5213,3.53,0,0,0.0372,0,0.1,0.1,0.1,16.9528,27.3059,-4.3461,44.94,20.541,23.7669,-4.3471,45.1,17.011,23.7851,-4.3441,45.17
216.298,5.0406,3.5217,3.5303,0,0,0.0373,0,0.1,0.1,0.1,16.952,27.305,-4.3459,44.95,20.5407,23.7655,-4.3473,45.09,17.0104,23.7838,-4.3438,45.17
216.398,5.0411,3.5216,3.5312,0,0,0.0374,0,0.1,0.1,0.1,16.9517,27.3039,-4.3459,44.94,20.5409,23.764,-4.3471,45.09,17.0097,23.7827,-4.343,45.16
216.498,5.0407,3.521,3.5322,0,0,0.0369,0,0.1,0.1,0.1,16.9519,27.3023,-4.3457,44.94,20.5408,23.7627,-4.3469,45.09,17.0087,23.7817,-4.3423,45.16
216.598,5.04,3.5206,3.5327,0,0,0.0364,0,0.1,0.1,0.1,16.952,27.3006,-4.3455,44.94,20.5404,23.7616,-4.3468,45.08,17.0077,23.7805,-4.342,45.15
216.698,5.0391,3.5204,3.5327,0,0,0.0359,0,0.1,0.1,0.1,16.952,27.2993,-4.3454,44.95,20.5396,23.7607,-4.3467,45.06,17.007,23.7793,-4.3418,45.14
216.798,5.0378,3.5201,3.5322,0,0,0.0352,0,0.1,0.1,0.1,16.9523,27.298,-4.3454,44.95,20.5385,23.7598,-4.3468,45.05,17.0064,23.7782,-4.3415,45.12
216.898,5.036,3.5195,3.5316,0,0,0.0342,0,0.1,0.1,0.1,16.9529,27.2964,-4.3453,44.97,20.5373,23.7589,-4.347,45.03,17.0057,23.7772,-4.3413,45.1
216.998,5.0342,3.519,3.5311,0,0,0.0332,0,0.1,0.1,0.1,16.9537,27.295,-4.3451,44.98,20.5362,23.7581,-4.3474,45.02,17.0051,23.7763,-4.3415,45.09
217.098,5.0325,3.5184,3.5305,0,0,0.0321,0,0.1,0.1,0.1,16.9547,27.2938,-4.3454,44.99,20.5352,23.7574,-4.3476,45.0,17.0047,23.7758,-4.3416,45.09
217.198,5.0315,3.5176,3.5305,0,0,0.0314,0,0.1,0.1,0.1,16.9553,27.293,-4.3459,45.02,20.5346,23.7568,-4.3472,45.0,17.0041,23.7758,-4.3421,45.1
217.298,5.031,3.5168,3.5311,0,0,0.0309,0,0.1,0.1,0.1,16.9557,27.2925,-4.3463,45.05,20.5344,23.7565,-4.3467,45.0,17.0034,23.7761,-4.3425,45.11
217.398,5.031,3.5159,3.5318,0,0,0.0307,0,0.1,0.1,0.1,16.9558,27.2923,-4.3465,45.07,20.5344,23.7562,-4.3462,45.01,17.0027,23.7767,-4.3431,45.12
217.498,5.0313,3.5151,3.5327,0,0,0.0308,0,0.1,0.1,0.1,16.9555,27.292,-4.3469,45.09,20.5346,23.7559,-4.346,45.03,17.002,23.7772,-4.3439,45.12
217.598,5.0317,3.5145,3.5337,0,0,0.0309,0,0.1,0.1,0.1,16.9552,27.2915,-4.3474,45.11,20.5348,23.7555,-4.3461,45.05,17.0012,23.7774,-4.3446,45.13
217.698,5.032,3.5145,3.5344,0,0,0.031,0,0.1,0.1,0.1,16.9547,27.2912,-4.3478,45.13,20.5349,23.7551,-4.3463,45.07,17.0005,23.777,-4.3449,45.13
217.798,5.0324,3.5147,3.5351,0,0,0.031,0,0.1,0.1,0.1,16.9544,27.2909,-4.3477,45.14,20.535,23.7547,-4.3465,45.07,16.9999,23.7765,-4.3446,45.14
217.898,5.033,3.5153,3.5359,0,0,0.0308,0,0.1,0.1,0.1,16.9542,27.2909,-4.3472,45.14,20.535,23.7542,-4.3467,45.08,16.9992,23.776,-4.3446,45.15
217.998,5.0336,3.5162,3.5366,0,0,0.0304,0,0.1,0.1,0.1,16.9543,27.2914,-4.3469,45.15,20.5352,23.7537,-4.3467,45.09,16.9986,23.7754,-4.3446,45.17
218.098,5.0348,3.5173,3.5373,0,0,0.0303,0,0.1,0.1,0.1,16.9544,27.2919,-4.3467,45.16,20.5355,23.7529,-4.3467,45.08,16.9982,23.7749,-4.3443,45.17
218.198,5.0362,3.5185,3.5378,0,0,0.0301,0,0.1,0.1,0.1,16.9547,27.2928,-4.3468,45.19,20.536,23.7519,-4.3465,45.07,16.9983,23.7745,-4.3441,45.16
218.298,5.0376,3.5195,3.5378,0,0,0.0301,0,0.1,0.1,0.1,16.9549,27.2935,-4.3469,45.2,20.5364,23.7509,-4.3461,45.08,16.9987,23.7743,-4.3439,45.17
218.398,5.0388,3.5205,3.5377,0,0,0.0303,0,0.1,0.1,0.1,16.9549,27.2941,-4.3472,45.21,20.5368,23.7502,-4.3456,45.08,16.9992,23.7739,-4.344,45.17
218.498,5.0395,3.5214,3.5377,0,0,0.0304,0,0.1,0.1,0.1,16.9551,27.2945,-4.3473,45.2,20.5372,23.7497,-4.345,45.07,16.9995,23.7734,-4.3443,45.17
218.598,5.0397,3.5223,3.5377,0,0,0.03,0,0.1,0.1,0.1,16.9558,27.2945,-4.347,45.18,20.5373,23.749,-4.3444,45.05,16.9997,23.7725,-4.3444,45.17
218.698,5.0398,3.5234,3.5375,0,0,0.0297,0,0.1,0.1,0.1,16.9566,27.2946,-4.3466,45.15,20.5376,23.7483,-4.3441,45.03,17.0002,23.7714,-4.3446,45.16
218.798,5.0401,3.5243,3.541,0,0,0.0307,0,0.1,0.1,0.1,16.9572,27.2948,-4.346,45.13,20.5414,23.7513,-4.3439,45.01,17.0005,23.7707,-4.345,45.15
218.898,5.0406,3.525,3.5461,0,0,0.0322,0,0.1,0.1,0.1,16.9578,27.2949,-4.3454,45.11,20.5467,23.7555,-4.3436,44.99,17.0006,23.7701,-4.3455,45.14
218.998,5.0415,3.5257,3.5502,0,0,0.0335,0,0.1,0.1,0.1,16.9583,27.2951,-4.3447,45.1,20.5512,23.7585,-4.3432,44.98,17.001,23.7697,-4.3458,45.13
219.098,5.0425,3.5262,3.5532,0,0,0.0347,0,0.1,0.1,0.1,16.9587,27.2954,-4.3437,45.1,20.5548,23.7606,-4.3429,44.97,17.0016,23.7694,-4.3454,45.12
219.198,5.0433,3.5236,3.5522,0,0,0.0366,0,0.1,0.1,0.1,16.9594,27.2956,-4.343,45.1,20.5578,23.762,-4.3425,44.97,17.0056,23.7723,-4.3448,45.11
219.298,5.0436,3.5192,3.5499,0,0,0.0387,0,0.1,0.1,0.1,16.9603,27.2954,-4.3426,45.08,20.5603,23.7629,-4.3423,44.96,17.0104,23.7765,-4.344,45.09
219.398,5.0432,3.5152,3.5477,0,0,0.0403,0,0.1,0.1,0.1,16.9615,27.2949,-4.3423,45.07,20.5622,23.7638,-4.3423,44.96,17.0145,23.7801,-4.3433,45.09
219.498,5.0421,3.5115,3.5458,0,0,0.0415,0,0.1,0.1,0.1,16.9626,27.2941,-4.3421,45.07,20.5635,23.7648,-4.3424,44.96,17.0178,23.7831,-4.3431,45.08
219.598,5.0408,3.5083,3.5441,0,0,0.0423,0,0.1,0.1,0.1,16.9636,27.2935,-4.342,45.08,20.5643,23.7657,-4.3424,44.97,17.0202,23.7857,-4.3429,45.07
219.698,5.0396,3.5057,3.5429,0,0,0.0428,0,0.1,0.1,0.1,16.9645,27.293,-4.342,45.09,20.5647,23.7665,-4.3424,44.97,17.0219,23.7877,-4.3426,45.06
219.798,5.0384,3.504,3.542,0,0,0.043,0,0.1,0.1,0.1,16.9654,27.2928,-4.3419,45.1,20.565,23.7674,-4.3424,44.97,17.0231,23.7893,-4.342,45.05
219.898,5.0375,3.5029,3.5415,0,0,0.0429,0,0.1,0.1,0.1,16.9662,27.2927,-4.342,45.1,20.5651,23.768,-4.3424,44.98,17.0237,23.7903,-4.3415,45.03
219.998,5.0368,3.5021,3.5416,0,0,0.0425,0,0.1,0.1,0.1,16.9669,27.2927,-4.3423,45.1,20.5651,23.7682,-4.3425,44.98,17.0236,23.7911,-4.3412,45.03
220.098,5.0366,3.5015,3.5421,0,0,0.042,0,0.1,0.1,0.1,16.9675,27.2927,-4.3429,45.1,20.5651,23.7679,-4.3426,44.98,17.0231,23.7916,-4.3414,45.03
220.198,5.0367,3.5011,3.5426,0,0,0.0417,0,0.1,0.1,0.1,16.9676,27.2929,-4.3438,45.11,20.565,23.7675,-4.3428,44.97,17.0225,23.7922,-4.3416,45.03
