cur_x,cur_y,cur_z,d_0_1,d_0_2,d_0_3,d_1_2,d_1_3,d_2_3,episodes,form_err,formation_state,max_drift,modes,p1_ok,p2_ok,t,x0,x1,x2,x3,y0,y1,y2,y3,z0,z1,z2,z3
0.21,0.21,0.0,3.4997,3.5001,4.9495,4.9499,3.4999,3.5001,0,0.0002,OK,0.297,FORMATION_RECOVERY|FORMATION_RECOVERY|FORMATION_RECOVERY|FORMATION_RECOVERY,1,1,0.1,-14.248,-14.248,-17.748,-17.748,-32.248,-35.748,-32.248,-35.748,-5.0,-5.0,-5.0,-5.0
0.21,0.21,0.0,3.4993,3.5004,4.9492,4.9499,3.4997,3.5002,0,0.0005,OK,0.297,FORMATION_RECOVERY|FORMATION_RECOVERY|FORMATION_RECOVERY|FORMATION_RECOVERY,1,1,0.2,-14.244,-14.244,-17.744,-17.744,-32.244,-35.743,-32.243,-35.744,-5.001,-5.001,-5.001,-5.001
0.21,0.21,0.0,3.4987,3.5007,4.9489,4.9503,3.4997,3.5003,0,0.0011,OK,0.297,FORMATION_RECOVERY|FORMATION_RECOVERY|FORMATION_RECOVERY|FORMATION_RECOVERY,1,1,0.3,-14.238,-14.239,-17.739,-17.738,-32.239,-35.737,-32.237,-35.737,-5.002,-5.002,-5.002,-5.003
0.21,0.21,0.0,3.4982,3.5016,4.9486,4.9509,3.4998,3.5005,0,0.0017,OK,0.297,FORMATION_RECOVERY|FORMATION_RECOVERY|FORMATION_RECOVERY|FORMATION_RECOVERY,1,1,0.4,-14.231,-14.232,-17.733,-17.731,-32.232,-35.73,-32.23,-35.73,-5.003,-5.004,-5.004,-5.004
0.21,0.21,0.0,3.498,3.5023,4.9481,4.9518,3.4998,3.5005,0,0.002,OK,0.297,FORMATION_RECOVERY|FORMATION_RECOVERY|FORMATION_RECOVERY|FORMATION_RECOVERY,1,1,0.5,-14.224,-14.224,-17.726,-17.724,-32.225,-35.723,-32.222,-35.722,-5.005,-5.006,-5.006,-5.006
0.21,0.21,0.0,3.4977,3.503,4.9477,4.9527,3.4996,3.501,0,0.0027,OK,0.297,FORMATION_RECOVERY|FORMATION_RECOVERY|FORMATION_RECOVERY|FORMATION_RECOVERY,1,1,0.6,-14.217,-14.217,-17.72,-17.717,-32.217,-35.715,-32.214,-35.715,-5.007,-5.008,-5.007,-5.009
0.21,0.21,0.0,3.4975,3.5037,4.9473,4.9536,3.4991,3.5018,0,0.0036,OK,0.297,FORMATION_RECOVERY|FORMATION_RECOVERY|FORMATION_RECOVERY|FORMATION_RECOVERY,1,1,0.7,-14.21,-14.21,-17.713,-17.709,-32.21,-35.707,-32.205,-35.707,-5.01,-5.01,-5.009,-5.011
0.21,0.21,0.0,3.4974,3.5048,4.947,4.9547,3.4983,3.5026,0,0.0048,OK,0.297,FORMATION_RECOVERY|FORMATION_RECOVERY|FORMATION_RECOVERY|FORMATION_RECOVERY,1,1,0.8,-14.202,-14.203,-17.707,-17.701,-32.202,-35.7,-32.197,-35.7,-5.012,-5.012,-5.011,-5.013
0.21,0.21,0.0,3.4975,3.5064,4.9468,4.9557,3.4972,3.5032,0,0.0059,OK,0.297,FORMATION_RECOVERY|FORMATION_RECOVERY|FORMATION_RECOVERY|FORMATION_RECOVERY,1,1,0.9,-14.195,-14.196,-17.702,-17.693,-32.195,-35.692,-32.189,-35.693,-5.015,-5.014,-5.014,-5.016
0.21,0.21,0.0,3.4979,3.5079,4.9468,4.9568,3.4963,3.5038,0,0.0069,OK,0.297,FORMATION_RECOVERY|FORMATION_RECOVERY|FORMATION_RECOVERY|FORMATION_RECOVERY,1,1,1.0,-14.188,-14.19,-17.696,-17.686,-32.188,-35.686,-32.182,-35.686,-5.017,-5.017,-5.016,-5.018
0.21,0.21,0.0,3.4981,3.5091,4.9469,4.958,3.4957,3.5047,0,0.0078,OK,0.297,FORMATION_RECOVERY|FORMATION_RECOVERY|FORMATION_RECOVERY|FORMATION_RECOVERY,1,1,1.1,-14.181,-14.184,-17.69,-17.68,-32.182,-35.68,-32.174,-35.679,-5.02,-5.019,-5.019,-5.02
0.21,0.21,0.0,3.4986,3.5103,4.9473,4.959,3.4952,3.5055,0,0.0086,OK,0.297,FORMATION_RECOVERY|FORMATION_RECOVERY|FORMATION_RECOVERY|FORMATION_RECOVERY,1,1,1.2,-14.175,-14.179,-17.685,-17.674,-32.176,-35.675,-32.168,-35.673,-5.022,-5.022,-5.021,-5.023
0.21,0.21,0.0,3.4992,3.5118,4.9473,4.9604,3.4946,3.5061,0,0.0097,OK,0.297,FORMATION_RECOVERY|FORMATION_RECOVERY|FORMATION_RECOVERY|FORMATION_RECOVERY,1,1,1.3,-14.17,-14.174,-17.681,-17.669,-32.171,-35.67,-32.162,-35.668,-5.025,-5.024,-5.024,-5.025
0.21,0.21,0.0,3.4995,3.5133,4.9469,4.9622,3.4938,3.507,0,0.0111,OK,0.297,FORMATION_RECOVERY|FORMATION_RECOVERY|FORMATION_RECOVERY|FORMATION_RECOVERY,1,1,1.4,-14.165,-14.17,-17.678,-17.664,-32.167,-35.666,-32.156,-35.663,-5.027,-5.026,-5.027,-5.027
0.21,0.21,0.0,3.4997,3.5147,4.9464,4.964,3.4929,3.5082,0,0.0126,OK,0.297,FORMATION_RECOVERY|FORMATION_RECOVERY|FORMATION_RECOVERY|FORMATION_RECOVERY,1,1,1.5,-14.161,-14.167,-17.675,-17.66,-32.163,-35.662,-32.151,-35.659,-5.029,-5.029,-5.029,-5.03
0.21,0.21,0.0,3.5,3.5161,4.946,4.966,3.4921,3.5097,0,0.0141,OK,0.297,FORMATION_RECOVERY|FORMATION_RECOVERY|FORMATION_RECOVERY|FORMATION_RECOVERY,1,1,1.6,-14.157,-14.163,-17.673,-17.655,-32.159,-35.659,-32.146,-35.656,-5.031,-5.031,-5.032,-5.032
0.21,0.21,0.0,3.5,3.5174,4.9456,4.9679,3.4912,3.5113,0,0.0157,OK,0.297,FORMATION_RECOVERY|FORMATION_RECOVERY|FORMATION_RECOVERY|FORMATION_RECOVERY,1,1,1.7,-14.154,-14.161,-17.671,-17.652,-32.157,-35.657,-32.142,-35.653,-5.033,-5.033,-5.034,-5.035
0.21,0.21,0.0,3.4998,3.5185,4.9454,4.9693,3.4901,3.5133,0,0.0172,OK,0.297,FORMATION_RECOVERY|FORMATION_RECOVERY|FORMATION_RECOVERY|FORMATION_RECOVERY,1,1,1.8,-14.151,-14.159,-17.67,-17.649,-32.155,-35.655,-32.138,-35.651,-5.036,-5.036,-5.035,-5.037
0.21,0.21,0.0,3.4998,3.519,4.9457,4.9703,3.4891,3.5155,0,0.0183,OK,0.297,FORMATION_RECOVERY|FORMATION_RECOVERY|FORMATION_RECOVERY|FORMATION_RECOVERY,1,1,1.9,-14.149,-14.158,-17.668,-17.647,-32.153,-35.653,-32.134,-35.65,-5.038,-5.038,-5.037,-5.039
0.21,0.21,0.0,3.4996,3.5192,4.9456,4.9709,3.4883,3.5171,0,0.0192,OK,0.297,FORMATION_RECOVERY|FORMATION_RECOVERY|FORMATION_RECOVERY|FORMATION_RECOVERY,1,1,2.0,-14.148,-14.157,-17.667,-17.645,-32.152,-35.651,-32.131,-35.648,-5.04,-5.04,-5.039,-5.04
0.21,0.21,0.0,3.4994,3.5194,4.9453,4.9714,3.4874,3.5181,0,0.0199,OK,0.297,FORMATION_RECOVERY|FORMATION_RECOVERY|FORMATION_RECOVERY|FORMATION_RECOVERY,1,1,2.1,-14.141,-14.151,-17.661,-17.639,-32.151,-35.65,-32.129,-35.647,-5.042,-5.042,-5.04,-5.042
0.21,0.21,0.0,3.4992,3.5198,4.9447,4.9721,3.4866,3.519,0,0.0206,OK,0.297,FORMATION_RECOVERY|FORMATION_RECOVERY|FORMATION_RECOVERY|FORMATION_RECOVERY,1,1,2.2,-14.129,-14.139,-17.649,-17.626,-32.15,-35.65,-32.128,-35.647,-5.044,-5.044,-5.041,-5.043
0.21,0.21,0.0,3.4991,3.5199,4.9437,4.9727,3.4855,3.5196,0,0.0214,OK,0.297,FORMATION_FOLLOW|FORMATION_FOLLOW|FORMATION_FOLLOW|FORMATION_FOLLOW,1,1,2.3,-14.112,-14.122,-17.632,-17.607,-32.15,-35.65,-32.127,-35.647,-5.046,-5.046,-5.042,-5.044
0.21,0.21,0.0,3.4989,3.5198,4.9425,4.9732,3.4844,3.52,0,0.0219,OK,0.297,FORMATION_FOLLOW|FORMATION_FOLLOW|FORMATION_FOLLOW|FORMATION_FOLLOW,1,1,2.4,-14.091,-14.101,-17.611,-17.585,-32.151,-35.65,-32.127,-35.647,-5.047,-5.048,-5.043,-5.045
0.21,0.21,0.0,3.499,3.52,4.9417,4.9738,3.4838,3.52,0,0.0224,OK,0.297,FORMATION_FOLLOW|FORMATION_FOLLOW|FORMATION_FOLLOW|FORMATION_FOLLOW,1,1,2.5,-14.067,-14.076,-17.587,-17.56,-32.152,-35.651,-32.127,-35.647,-5.049,-5.05,-5.044,-5.046
0.21,0.21,0.0,3.499,3.5202,4.9412,4.9742,3.4836,3.5198,0,0.0227,OK,0.297,FORMATION_FOLLOW|FORMATION_FOLLOW|FORMATION_FOLLOW|FORMATION_FOLLOW,1,1,2.6,-14.04,-14.05,-17.56,-17.533,-32.153,-35.652,-32.128,-35.648,-5.05,-5.052,-5.045,-5.048
0.21,0.21,0.0,3.4986,3.5201,4.9407,4.9744,3.4839,3.5196,0,0.0229,OK,0.297,FORMATION_FOLLOW|FORMATION_FOLLOW|FORMATION_FOLLOW|FORMATION_FOLLOW,1,1,2.7,-14.012,-14.021,-17.532,-17.505,-32.154,-35.653,-32.129,-35.649,-5.051,-5.054,-5.046,-5.049
0.21,0.21,0.0,3.4987,3.5196,4.9405,4.9749,3.4845,3.52,0,0.023,OK,0.297,FORMATION_FOLLOW|FORMATION_FOLLOW|FORMATION_FOLLOW|FORMATION_FOLLOW,1,1,2.8,-13.982,-13.99,-17.501,-17.474,-32.156,-35.655,-32.13,-35.65,-5.052,-5.055,-5.047,-5.05
0.21,0.21,0.0,3.4989,3.5189,4.9405,4.9754,3.4851,3.5203,0,0.0231,OK,0.297,FORMATION_FOLLOW|FORMATION_FOLLOW|FORMATION_FOLLOW|FORMATION_FOLLOW,1,1,2.9,-13.951,-13.958,-17.47,-17.443,-32.158,-35.657,-32.132,-35.652,-5.053,-5.056,-5.048,-5.051
0.21,0.21,0.0,3.4994,3.5183,4.9406,4.9757,3.4859,3.5204,0,0.023,OK,0.297,FORMATION_FOLLOW|FORMATION_FOLLOW|FORMATION_FOLLOW|FORMATION_FOLLOW,1,1,3.0,-13.919,-13.926,-17.437,-17.412,-32.16,-35.659,-32.134,-35.654,-5.054,-5.057,-5.048,-5.052
0.21,0.21,0.0,3.5006,3.5178,4.9417,4.9762,3.4871,3.5207,0,0.0228,OK,0.297,FORMATION_FOLLOW|FORMATION_FOLLOW|FORMATION_FOLLOW|FORMATION_FOLLOW,1,1,3.1,-13.886,-13.893,-17.404,-17.38,-32.161,-35.662,-32.136,-35.656,-5.055,-5.058,-5.049,-5.053
0.21,0.21,0.0,3.5018,3.5177,4.9432,4.9764,3.488,3.521,0,0.0226,OK,0.297,FORMATION_FOLLOW|FORMATION_FOLLOW|FORMATION_FOLLOW|FORMATION_FOLLOW,1,1,3.2,-13.853,-13.86,-17.371,-17.348,-32.163,-35.665,-32.138,-35.659,-5.055,-5.058,-5.05,-5.054
0.21,0.21,0.0,3.5024,3.5176,4.9441,4.9764,3.4884,3.5215,0,0.0225,OK,0.297,FORMATION_FOLLOW|FORMATION_FOLLOW|FORMATION_FOLLOW|FORMATION_FOLLOW,1,1,3.3,-13.82,-13.827,-17.338,-17.315,-32.165,-35.667,-32.14,-35.662,-5.055,-5.058,-5.051,-5.054
0.21,0.21,0.0,3.5029,3.5175,4.9448,4.9765,3.4885,3.522,0,0.0226,OK,0.297,FORMATION_FOLLOW|FORMATION_FOLLOW|FORMATION_FOLLOW|FORMATION_FOLLOW,1,1,3.4,-13.787,-13.795,-17.305,-17.283,-32.167,-35.67,-32.142,-35.664,-5.055,-5.058,-5.051,-5.055
0.21,0.21,0.0,3.5038,3.5172,4.945,4.9768,3.4886,3.5223,0,0.0226,OK,0.297,FORMATION_FOLLOW|FORMATION_FOLLOW|FORMATION_FOLLOW|FORMATION_FOLLOW,1,1,3.5,-13.755,-13.762,-17.272,-17.251,-32.17,-35.673,-32.145,-35.667,-5.055,-5.058,-5.052,-5.056
0.21,0.21,0.0,3.5045,3.5167,4.9446,4.9775,3.4885,3.5224,0,0.0227,OK,0.297,FORMATION_FOLLOW|FORMATION_FOLLOW|FORMATION_FOLLOW|FORMATION_FOLLOW,1,1,3.6,-13.723,-13.73,-17.24,-17.218,-32.172,-35.677,-32.148,-35.67,-5.055,-5.057,-5.052,-5.056
0.21,0.21,0.0,3.5054,3.5163,4.9439,4.9782,3.4883,3.5221,0,0.0228,OK,0.297,FORMATION_FOLLOW|FORMATION_FOLLOW|FORMATION_FOLLOW|FORMATION_FOLLOW,1,1,3.7,-13.691,-13.697,-17.207,-17.185,-32.175,-35.68,-32.15,-35.672,-5.055,-5.057,-5.053,-5.057
0.21,0.21,0.0,3.5061,3.5162,4.9437,4.9785,3.4882,3.5219,0,0.0228,OK,0.297,FORMATION_FOLLOW|FORMATION_FOLLOW|FORMATION_FOLLOW|FORMATION_FOLLOW,1,1,3.8,-13.659,-13.665,-17.175,-17.153,-32.177,-35.683,-32.153,-35.675,-5.055,-5.056,-5.053,-5.057
0.21,0.21,0.0,3.5065,3.5159,4.9435,4.979,3.4882,3.5221,0,0.0229,OK,0.297,FORMATION_FOLLOW|FORMATION_FOLLOW|FORMATION_FOLLOW|FORMATION_FOLLOW,1,1,3.9,-13.627,-13.633,-17.143,-17.121,-32.18,-35.686,-32.155,-35.677,-5.055,-5.056,-5.054,-5.057
0.21,0.21,0.0,3.5067,3.5156,4.9433,4.9797,3.4884,3.5226,0,0.0232,OK,0.297,FORMATION_FOLLOW|FORMATION_FOLLOW|FORMATION_FOLLOW|FORMATION_FOLLOW,1,1,4.0,-13.596,-13.601,-17.111,-17.089,-32.183,-35.689,-32.158,-35.68,-5.055,-5.056,-5.054,-5.057
0.21,0.21,0.0,3.5071,3.5151,4.943,4.9802,3.4886,3.5228,0,0.0233,OK,0.297,FORMATION_FOLLOW|FORMATION_FOLLOW|FORMATION_FOLLOW|FORMATION_FOLLOW,1,1,4.1,-13.565,-13.569,-17.08,-17.058,-32.185,-35.692,-32.16,-35.683,-5.055,-5.055,-5.055,-5.058
0.21,0.21,0.0,3.5075,3.5143,4.9425,4.9803,3.4891,3.5223,0,0.023,OK,0.297,FORMATION_FOLLOW|FORMATION_FOLLOW|FORMATION_FOLLOW|FORMATION_FOLLOW,1,1,4.2,-13.534,-13.537,-17.048,-17.026,-32.187,-35.694,-32.162,-35.685,-5.055,-5.055,-5.056,-5.059
0.21,0.21,0.0,3.5077,3.5136,4.9425,4.9801,3.4898,3.5218,0,0.0226,OK,0.297,FORMATION_FOLLOW|FORMATION_FOLLOW|FORMATION_FOLLOW|FORMATION_FOLLOW,1,1,4.3,-13.504,-13.506,-17.017,-16.996,-32.189,-35.697,-32.165,-35.687,-5.055,-5.055,-5.057,-5.059
0.21,0.21,0.0,3.5077,3.5132,4.9427,4.9796,3.4904,3.5211,0,0.0221,OK,0.297,FORMATION_FOLLOW|FORMATION_FOLLOW|FORMATION_FOLLOW|FORMATION_FOLLOW,1,1,4.4,-13.473,-13.476,-16.986,-16.966,-32.191,-35.699,-32.167,-35.689,-5.055,-5.055,-5.057,-5.06
0.21,0.21,0.0,3.5074,3.513,4.9431,4.9793,3.4917,3.5204,0,0.0216,OK,0.297,FORMATION_FOLLOW|FORMATION_FOLLOW|FORMATION_FOLLOW|FORMATION_FOLLOW,1,1,4.5,-13.443,-13.445,-16.956,-16.937,-32.193,-35.701,-32.17,-35.69,-5.055,-5.055,-5.058,-5.06
0.21,0.21,0.0,3.5073,3.5131,4.9437,4.9793,3.4932,3.5198,0,0.0213,OK,0.297,FORMATION_FOLLOW|FORMATION_FOLLOW|FORMATION_FOLLOW|FORMATION_FOLLOW,1,1,4.6,-13.413,-13.415,-16.926,-16.908,-32.195,-35.703,-32.172,-35.692,-5.056,-5.055,-5.058,-5.061
0.21,0.21,0.0,3.5073,3.5133,4.9442,4.9796,3.4943,3.5194,0,0.0212,OK,0.297,FORMATION_FOLLOW|FORMATION_FOLLOW|FORMATION_FOLLOW|FORMATION_FOLLOW,1,1,4.7,-13.383,-13.385,-16.896,-16.879,-32.198,-35.705,-32.174,-35.693,-5.056,-5.055,-5.059,-5.061
0.21,0.21,0.0,3.5076,3.5142,4.9447,4.9802,3.4949,3.5194,0,0.0215,OK,0.297,FORMATION_FOLLOW|FORMATION_FOLLOW|FORMATION_FOLLOW|FORMATION_FOLLOW,1,1,4.8,-13.352,-13.355,-16.866,-16.85,-32.2,-35.707,-32.176,-35.695,-5.056,-5.055,-5.059,-5.062
0.21,0.21,0.0,3.5076,3.5151,4.9453,4.9805,3.4953,3.5193,0,0.0218,OK,0.297,FORMATION_FOLLOW|FORMATION_FOLLOW|FORMATION_FOLLOW|FORMATION_FOLLOW,1,1,4.9,-13.322,-13.325,-16.837,-16.821,-32.202,-35.709,-32.177,-35.696,-5.056,-5.055,-5.06,-5.062
0.21,0.21,0.0,3.5076,3.5159,4.9462,4.9804,3.4956,3.5194,0,0.0218,OK,0.297,FORMATION_FOLLOW|FORMATION_FOLLOW|FORMATION_FOLLOW|FORMATION_FOLLOW,1,1,5.0,-13.292,-13.296,-16.808,-16.792,-32.203,-35.711,-32.179,-35.698,-5.057,-5.055,-5.06,-5.062
0.21,0.21,0.0,3.5075,3.5166,4.947,4.9806,3.4959,3.5199,0,0.0221,OK,0.297,FORMATION_FOLLOW|FORMATION_FOLLOW|FORMATION_FOLLOW|FORMATION_FOLLOW,1,1,5.1,-13.263,-13.268,-16.779,-16.763,-32.205,-35.713,-32.18,-35.7,-5.058,-5.055,-5.06,-5.062
0.21,0.21,0.0,3.5071,3.5173,4.9474,4.9813,3.496,3.5209,0,0.0228,OK,0.297,FORMATION_FOLLOW|FORMATION_FOLLOW|FORMATION_FOLLOW|FORMATION_FOLLOW,1,1,5.2,-13.233,-13.239,-16.75,-16.735,-32.207,-35.714,-32.182,-35.703,-5.059,-5.054,-5.061,-5.063
0.21,0.21,0.0,3.5069,3.518,4.948,4.9821,3.4963,3.5221,0,0.0236,OK,0.297,FORMATION_FOLLOW|FORMATION_FOLLOW|FORMATION_FOLLOW|FORMATION_FOLLOW,1,1,5.3,-13.204,-13.21,-16.722,-16.706,-32.209,-35.716,-32.183,-35.705,-5.06,-5.055,-5.061,-5.063
0.21,0.21,0.0,3.5073,3.5186,4.949,4.983,3.4968,3.5234,0,0.0242,OK,0.297,FORMATION_FOLLOW|FORMATION_FOLLOW|FORMATION_FOLLOW|FORMATION_FOLLOW,1,1,5.4,-13.175,-13.181,-16.694,-16.678,-32.211,-35.718,-32.184,-35.708,-5.06,-5.055,-5.061,-5.063
0.21,0.21,0.0,3.5076,3.5188,4.9494,4.984,3.4974,3.5244,0,0.0248,OK,0.297,FORMATION_FOLLOW|FORMATION_FOLLOW|FORMATION_FOLLOW|FORMATION_FOLLOW,1,1,5.5,-13.147,-13.152,-16.666,-16.65,-32.213,-35.72,-32.186,-35.71,-5.061,-5.055,-5.061,-5.063
0.21,0.21,0.0,3.5077,3.5184,4.9492,4.9847,3.4979,3.5247,0,0.0251,OK,0.297,FORMATION_FOLLOW|FORMATION_FOLLOW|FORMATION_FOLLOW|FORMATION_FOLLOW,1,1,5.6,-13.119,-13.124,-16.637,-16.621,-32.215,-35.722,-32.187,-35.712,-5.062,-5.055,-5.06,-5.063
0.21,0.21,0.0,3.5078,3.5179,4.9491,4.9851,3.4986,3.525,0,0.0251,OK,0.297,FORMATION_FOLLOW|FORMATION_FOLLOW|FORMATION_FOLLOW|FORMATION_FOLLOW,1,1,5.7,-13.091,-13.095,-16.609,-16.593,-32.216,-35.724,-32.188,-35.713,-5.062,-5.055,-5.06,-5.063
0.21,0.21,0.0,3.508,3.5171,4.9491,4.9853,3.4989,3.5255,0,0.0252,OK,0.297,FORMATION_FOLLOW|FORMATION_FOLLOW|FORMATION_FOLLOW|FORMATION_FOLLOW,1,1,5.8,-13.063,-13.066,-16.58,-16.565,-32.217,-35.725,-32.19,-35.715,-5.063,-5.056,-5.06,-5.063
0.21,0.21,0.0,3.5078,3.5159,4.9489,4.9852,3.499,3.5263,0,0.0253,OK,0.297,FORMATION_FOLLOW|FORMATION_FOLLOW|FORMATION_FOLLOW|FORMATION_FOLLOW,1,1,5.9,-13.035,-13.037,-16.551,-16.536,-32.219,-35.727,-32.19,-35.717,-5.063,-5.056,-5.06,-5.063
0.21,0.21,0.0,3.5076,3.5148,4.9486,4.9851,3.4991,3.5269,0,0.0254,OK,0.297,FORMATION_FOLLOW|FORMATION_FOLLOW|FORMATION_FOLLOW|FORMATION_FOLLOW,1,1,6.0,-13.007,-13.009,-16.522,-16.508,-32.22,-35.728,-32.191,-35.718,-5.064,-5.057,-5.06,-5.062
0.21,0.21,0.0,3.5073,3.5138,4.9485,4.9849,3.4996,3.5274,0,0.0253,OK,0.297,FORMATION_FOLLOW|FORMATION_FOLLOW|FORMATION_FOLLOW|FORMATION_FOLLOW,1,1,6.1,-12.98,-12.98,-16.493,-16.48,-32.222,-35.729,-32.193,-35.72,-5.064,-5.057,-5.06,-5.062
0.21,0.21,0.0,3.5068,3.5129,4.9485,4.9847,3.5004,3.5278,0,0.0252,OK,0.297,FORMATION_FOLLOW|FORMATION_FOLLOW|FORMATION_FOLLOW|FORMATION_FOLLOW,1,1,6.2,-12.952,-12.951,-16.465,-16.451,-32.223,-35.729,-32.194,-35.721,-5.064,-5.058,-5.06,-5.061
0.21,0.21,0.0,3.5064,3.5117,4.9487,4.9848,3.5018,3.5282,0,0.0251,OK,0.297,FORMATION_FOLLOW|FORMATION_FOLLOW|FORMATION_FOLLOW|FORMATION_FOLLOW,1,1,6.3,-12.924,-12.922,-16.436,-16.424,-32.224,-35.73,-32.194,-35.723,-5.064,-5.059,-5.06,-5.061
0.21,0.21,0.0,3.5059,3.5108,4.9488,4.985,3.5032,3.5287,0,0.0252,OK,0.297,FORMATION_FOLLOW|FORMATION_FOLLOW|FORMATION_FOLLOW|FORMATION_FOLLOW,1,1,6.4,-12.896,-12.893,-16.407,-16.396,-32.225,-35.731,-32.195,-35.724,-5.064,-5.059,-5.059,-5.061
0.21,0.21,0.0,3.5053,3.5097,4.949,4.985,3.5044,3.5297,0,0.0255,OK,0.297,FORMATION_FOLLOW|FORMATION_FOLLOW|FORMATION_FOLLOW|FORMATION_FOLLOW,1,1,6.5,-12.868,-12.864,-16.378,-16.368,-32.226,-35.731,-32.196,-35.725,-5.064,-5.06,-5.059,-5.061
0.21,0.21,0.0,3.505,3.5089,4.9495,4.9851,3.5054,3.5305,0,0.0257,OK,0.297,FORMATION_FOLLOW|FORMATION_FOLLOW|FORMATION_FOLLOW|FORMATION_FOLLOW,1,1,6.6,-12.84,-12.834,-16.348,-16.34,-32.227,-35.732,-32.196,-35.726,-5.064,-5.06,-5.059,-5.062
0.21,0.21,0.0,3.5048,3.5085,4.9498,4.9854,3.506,3.5313,0,0.0261,OK,0.297,FORMATION_FOLLOW|FORMATION_FOLLOW|FORMATION_FOLLOW|FORMATION_FOLLOW,1,1,6.7,-12.811,-12.805,-16.319,-16.311,-32.228,-35.732,-32.196,-35.727,-5.065,-5.061,-5.059,-5.062
0.21,0.21,0.0,3.5045,3.5085,4.9497,4.9859,3.5065,3.5318,0,0.0265,OK,0.297,FORMATION_FOLLOW|FORMATION_FOLLOW|FORMATION_FOLLOW|FORMATION_FOLLOW,1,1,6.8,-12.783,-12.777,-16.291,-16.283,-32.229,-35.733,-32.196,-35.728,-5.065,-5.061,-5.058,-5.062
0.21,0.21,0.0,3.5041,3.5084,4.9494,4.9865,3.5069,3.5322,0,0.0269,OK,0.297,FORMATION_FOLLOW|FORMATION_FOLLOW|FORMATION_FOLLOW|FORMATION_FOLLOW,1,1,6.9,-12.754,-12.748,-16.262,-16.255,-32.23,-35.734,-32.197,-35.729,-5.065,-5.061,-5.058,-5.063
0.21,0.21,0.0,3.5038,3.5079,4.9486,4.9876,3.5073,3.533,0,0.0277,OK,0.297,FORMATION_FOLLOW|FORMATION_FOLLOW|FORMATION_FOLLOW|FORMATION_FOLLOW,1,1,7.0,-12.726,-12.719,-16.234,-16.226,-32.231,-35.735,-32.197,-35.73,-5.065,-5.061,-5.058,-5.063
0.21,0.21,0.0,3.5037,3.5072,4.948,4.9885,3.5076,3.534,0,0.0284,OK,0.297,FORMATION_FOLLOW|FORMATION_FOLLOW|FORMATION_FOLLOW|FORMATION_FOLLOW,1,1,7.1,-12.698,-12.69,-16.205,-16.197,-32.232,-35.736,-32.197,-35.731,-5.065,-5.061,-5.058,-5.063
0.21,0.21,0.0,3.5037,3.5067,4.9474,4.9896,3.5078,3.535,0,0.0292,OK,0.297,FORMATION_FOLLOW|FORMATION_FOLLOW|FORMATION_FOLLOW|FORMATION_FOLLOW,1,1,7.2,-12.67,-12.661,-16.177,-16.169,-32.233,-35.737,-32.196,-35.731,-5.064,-5.061,-5.058,-5.063
0.21,0.21,0.0,3.5034,3.5062,4.9469,4.9905,3.5082,3.5361,0,0.03,OK,0.297,FORMATION_FOLLOW|FORMATION_FOLLOW|FORMATION_FOLLOW|FORMATION_FOLLOW,1,1,7.3,-12.642,-12.632,-16.148,-16.14,-32.234,-35.738,-32.196,-35.732,-5.064,-5.061,-5.058,-5.063
0.21,0.21,0.0,3.5027,3.5058,4.9464,4.9911,3.5085,3.537,0,0.0309,OK,0.297,FORMATION_FOLLOW|FORMATION_FOLLOW|FORMATION_FOLLOW|FORMATION_FOLLOW,1,1,7.4,-12.613,-12.603,-16.119,-16.111,-32.236,-35.738,-32.196,-35.733,-5.063,-5.061,-5.058,-5.063
0.21,0.21,0.0,3.5013,3.5053,4.9454,4.9911,3.5086,3.5374,0,0.0314,OK,0.297,FORMATION_FOLLOW|FORMATION_FOLLOW|FORMATION_FOLLOW|FORMATION_FOLLOW,1,1,7.5,-12.585,-12.574,-16.09,-16.083,-32.237,-35.738,-32.196,-35.733,-5.063,-5.062,-5.057,-5.063
0.21,0.21,0.0,3.5,3.5043,4.9441,4.9913,3.5092,3.5375,0,0.0319,OK,0.297,FORMATION_FOLLOW|FORMATION_FOLLOW|FORMATION_FOLLOW|FORMATION_FOLLOW,1,1,7.6,-12.557,-12.545,-16.061,-16.055,-32.239,-35.739,-32.195,-35.733,-5.063,-5.062,-5.057,-5.063
0.21,0.21,0.0,3.499,3.503,4.9428,4.9915,3.5104,3.5371,0,0.032,OK,0.297,FORMATION_FOLLOW|FORMATION_FOLLOW|FORMATION_FOLLOW|FORMATION_FOLLOW,1,1,7.7,-12.529,-12.516,-16.032,-16.026,-32.24,-35.739,-32.195,-35.732,-5.063,-5.062,-5.057,-5.063
0.21,0.21,0.0,3.4983,3.5017,4.9416,4.9919,3.5111,3.5372,0,0.0323,OK,0.297,FORMATION_FOLLOW|FORMATION_FOLLOW|FORMATION_FOLLOW|FORMATION_FOLLOW,1,1,7.8,-12.501,-12.487,-16.002,-15.998,-32.24,-35.739,-32.195,-35.732,-5.063,-5.061,-5.058,-5.063
0.21,0.21,0.0,3.4977,3.5007,4.9404,4.9924,3.511,3.5379,0,0.0329,OK,0.297,FORMATION_FOLLOW|FORMATION_FOLLOW|FORMATION_FOLLOW|FORMATION_FOLLOW,1,1,7.9,-12.473,-12.458,-15.973,-15.969,-32.241,-35.739,-32.194,-35.732,-5.063,-5.061,-5.059,-5.063
0.21,0.21,0.0,3.4975,3.4996,4.9393,4.9929,3.5106,3.5389,0,0.0336,OK,0.297,FORMATION_FOLLOW|FORMATION_FOLLOW|FORMATION_FOLLOW|FORMATION_FOLLOW,1,1,8.0,-12.445,-12.429,-15.944,-15.939,-32.242,-35.739,-32.194,-35.732,-5.063,-5.062,-5.059,-5.063
0.21,0.21,0.0,3.4973,3.4984,4.9386,4.9933,3.5102,3.5402,0,0.0344,OK,0.297,FORMATION_FOLLOW|FORMATION_FOLLOW|FORMATION_FOLLOW|FORMATION_FOLLOW,1,1,8.1,-12.416,-12.399,-15.914,-15.91,-32.242,-35.739,-32.193,-35.733,-5.063,-5.062,-5.059,-5.063
0.21,0.21,0.0,3.4973,3.4972,4.9385,4.9931,3.5095,3.5418,0,0.0351,OK,0.297,FORMATION_FOLLOW|FORMATION_FOLLOW|FORMATION_FOLLOW|FORMATION_FOLLOW,1,1,8.2,-12.388,-12.37,-15.884,-15.88,-32.242,-35.739,-32.192,-35.734,-5.064,-5.062,-5.059,-5.062
0.21,0.21,0.0,3.4971,3.4964,4.9385,4.9928,3.5086,3.5432,0,0.0357,OK,0.297,FORMATION_FOLLOW|FORMATION_FOLLOW|FORMATION_FOLLOW|FORMATION_FOLLOW,1,1,8.3,-12.358,-12.342,-15.854,-15.85,-32.242,-35.739,-32.191,-35.734,-5.064,-5.063,-5.06,-5.062
0.21,0.21,0.0,3.4966,3.4959,4.9385,4.9923,3.5077,3.5444,0,0.0363,OK,0.297,FORMATION_FOLLOW|FORMATION_FOLLOW|FORMATION_FOLLOW|FORMATION_FOLLOW,1,1,8.4,-12.329,-12.313,-15.825,-15.82,-32.242,-35.739,-32.191,-35.735,-5.064,-5.063,-5.06,-5.062
0.21,0.21,0.0,3.4962,3.4958,4.9385,4.9918,3.5064,3.5454,0,0.0368,OK,0.297,FORMATION_FOLLOW|FORMATION_FOLLOW|FORMATION_FOLLOW|FORMATION_FOLLOW,1,1,8.5,-12.299,-12.284,-15.795,-15.79,-32.243,-35.739,-32.19,-35.736,-5.065,-5.063,-5.06,-5.062
0.21,0.21,0.0,3.496,3.4963,4.9391,4.9916,3.5055,3.5465,0,0.0373,OK,0.297,FORMATION_FOLLOW|FORMATION_FOLLOW|FORMATION_FOLLOW|FORMATION_FOLLOW,1,1,8.6,-12.269,-12.255,-15.765,-15.76,-32.243,-35.739,-32.19,-35.737,-5.066,-5.063,-5.061,-5.062
0.21,0.21,0.0,3.496,3.4969,4.9401,4.991,3.5045,3.5476,0,0.0375,OK,0.297,FORMATION_FOLLOW|FORMATION_FOLLOW|FORMATION_FOLLOW|FORMATION_FOLLOW,1,1,8.7,-12.239,-12.226,-15.735,-15.73,-32.244,-35.74,-32.191,-35.738,-5.067,-5.063,-5.061,-5.062
0.21,0.21,0.0,3.4966,3.497,4.941,4.9902,3.5033,3.5482,0,0.0375,OK,0.297,FORMATION_FOLLOW|FORMATION_FOLLOW|FORMATION_FOLLOW|FORMATION_FOLLOW,1,1,8.8,-12.209,-12.197,-15.705,-15.7,-32.243,-35.74,-32.191,-35.739,-5.067,-5.063,-5.061,-5.062
0.21,0.21,0.0,3.4969,3.4974,4.9416,4.9895,3.5022,3.5485,0,0.0374,OK,0.297,FORMATION_FOLLOW|FORMATION_FOLLOW|FORMATION_FOLLOW|FORMATION_FOLLOW,1,1,8.9,-12.178,-12.168,-15.675,-15.67,-32.243,-35.74,-32.192,-35.74,-5.067,-5.062,-5.062,-5.062
0.21,0.21,0.0,3.4966,3.4977,4.9421,4.9883,3.5012,3.5484,0,0.037,OK,0.297,FORMATION_FOLLOW|FORMATION_FOLLOW|FORMATION_FOLLOW|FORMATION_FOLLOW,1,1,9.0,-12.148,-12.139,-15.645,-15.64,-32.244,-35.74,-32.192,-35.741,-5.067,-5.062,-5.063,-5.061
0.21,0.21,0.0,3.4964,3.4982,4.9427,4.987,3.5005,3.5478,0,0.0363,OK,0.297,FORMATION_FOLLOW|FORMATION_FOLLOW|FORMATION_FOLLOW|FORMATION_FOLLOW,1,1,9.1,-12.117,-12.11,-15.615,-15.61,-32.244,-35.74,-32.193,-35.741,-5.067,-5.061,-5.063,-5.061
0.21,0.21,0.0,3.4965,3.4987,4.9431,4.9861,3.5001,3.5469,0,0.0357,OK,0.297,FORMATION_FOLLOW|FORMATION_FOLLOW|FORMATION_FOLLOW|FORMATION_FOLLOW,1,1,9.2,-12.087,-12.08,-15.585,-15.58,-32.244,-35.74,-32.194,-35.741,-5.066,-5.06,-5.064,-5.061
0.21,0.21,0.0,3.4964,3.4988,4.9435,4.9857,3.5006,3.5464,0,0.0355,OK,0.297,FORMATION_FOLLOW|FORMATION_FOLLOW|FORMATION_FOLLOW|FORMATION_FOLLOW,1,1,9.3,-12.057,-12.05,-15.555,-15.551,-32.244,-35.741,-32.195,-35.741,-5.066,-5.06,-5.065,-5.061
0.21,0.21,0.0,3.4962,3.499,4.9443,4.9857,3.5018,3.5464,0,0.0354,OK,0.297,FORMATION_FOLLOW|FORMATION_FOLLOW|FORMATION_FOLLOW|FORMATION_FOLLOW,1,1,9.4,-12.026,-12.02,-15.525,-15.522,-32.245,-35.741,-32.195,-35.742,-5.067,-5.06,-5.066,-5.061
0.21,0.21,0.0,3.4959,3.4994,4.9451,4.986,3.5031,3.5466,0,0.0355,OK,0.297,FORMATION_FOLLOW|FORMATION_FOLLOW|FORMATION_FOLLOW|FORMATION_FOLLOW,1,1,9.5,-11.996,-11.989,-15.495,-15.492,-32.245,-35.741,-32.196,-35.742,-5.067,-5.059,-5.066,-5.061
0.21,0.21,0.0,3.4956,3.5002,4.9459,4.9863,3.5042,3.5465,0,0.0354,OK,0.297,FORMATION_FOLLOW|FORMATION_FOLLOW|FORMATION_FOLLOW|FORMATION_FOLLOW,1,1,9.6,-11.965,-11.959,-15.465,-15.463,-32.245,-35.741,-32.196,-35.742,-5.067,-5.059,-5.067,-5.061
0.21,0.21,0.0,3.4953,3.5009,4.9462,4.9862,3.5048,3.5458,0,0.0351,OK,0.297,FORMATION_FOLLOW|FORMATION_FOLLOW|FORMATION_FOLLOW|FORMATION_FOLLOW,1,1,9.7,-11.935,-11.928,-15.436,-15.433,-32.245,-35.741,-32.196,-35.742,-5.067,-5.058,-5.068,-5.061
0.21,0.21,0.0,3.495,3.5015,4.9465,4.986,3.5055,3.5449,0,0.0347,OK,0.297,FORMATION_FOLLOW|FORMATION_FOLLOW|FORMATION_FOLLOW|FORMATION_FOLLOW,1,1,9.8,-11.905,-11.898,-15.406,-15.404,-32.245,-35.74,-32.197,-35.742,-5.066,-5.057,-5.069,-5.061
0.21,0.21,0.0,3.4954,3.5021,4.9466,4.9864,3.5062,3.5439,0,0.0344,OK,0.297,FORMATION_FOLLOW|FORMATION_FOLLOW|FORMATION_FOLLOW|FORMATION_FOLLOW,1,1,9.9,-11.875,-11.868,-15.376,-15.374,-32.245,-35.741,-32.197,-35.741,-5.066,-5.057,-5.069,-5.061
0.21,0.21,0.0,3.4955,3.5026,4.9464,4.9868,3.5068,3.543,0,0.0341,OK,0.297,FORMATION_FOLLOW|FORMATION_FOLLOW|FORMATION_FOLLOW|FORMATION_FOLLOW,1,1,10.0,-11.845,-11.838,-15.347,-15.345,-32.245,-35.741,-32.198,-35.741,-5.065,-5.057,-5.069,-5.061
0.21,0.21,0.0,3.4956,3.5032,4.9464,4.9873,3.5075,3.5423,0,0.0339,OK,0.297,FORMATION_FOLLOW|FORMATION_FOLLOW|FORMATION_FOLLOW|FORMATION_FOLLOW,1,1,10.1,-11.815,-11.807,-15.318,-15.315,-32.245,-35.741,-32.198,-35.741,-5.064,-5.056,-5.07,-5.06
0.21,0.21,0.0,3.4958,3.5036,4.9466,4.9876,3.5084,3.5416,0,0.0336,OK,0.297,FORMATION_FOLLOW|FORMATION_FOLLOW|FORMATION_FOLLOW|FORMATION_FOLLOW,1,1,10.2,-11.785,-11.777,-15.288,-15.285,-32.245,-35.741,-32.199,-35.741,-5.064,-5.056,-5.07,-5.059
0.21,0.21,0.0,3.4958,3.504,4.9466,4.9881,3.5094,3.5409,0,0.0333,OK,0.297,FORMATION_FOLLOW|FORMATION_FOLLOW|FORMATION_FOLLOW|FORMATION_FOLLOW,1,1,10.3,-11.755,-11.746,-15.259,-15.256,-32.245,-35.741,-32.2,-35.741,-5.063,-5.056,-5.069,-5.059
0.21,0.21,0.0,3.4956,3.5041,4.9463,4.9885,3.5104,3.5401,0,0.033,OK,0.297,FORMATION_FOLLOW|FORMATION_FOLLOW|FORMATION_FOLLOW|FORMATION_FOLLOW,1,1,10.4,-11.725,-11.715,-15.229,-15.226,-32.246,-35.741,-32.2,-35.74,-5.062,-5.056,-5.069,-5.059
0.21,0.21,0.0,3.4953,3.5042,4.9464,4.989,3.5117,3.5398,0,0.0329,OK,0.297,FORMATION_FOLLOW|FORMATION_FOLLOW|FORMATION_FOLLOW|FORMATION_FOLLOW,1,1,10.5,-11.695,-11.685,-15.199,-15.196,-32.246,-35.741,-32.2,-35.74,-5.062,-5.056,-5.069,-5.058
0.21,0.21,0.0,3.4948,3.5044,4.9463,4.9896,3.5128,3.5397,0,0.0329,OK,0.297,FORMATION_FOLLOW|FORMATION_FOLLOW|FORMATION_FOLLOW|FORMATION_FOLLOW,1,1,10.6,-11.665,-11.654,-15.169,-15.166,-32.246,-35.741,-32.2,-35.74,-5.062,-5.056,-5.068,-5.058
0.21,0.21,0.0,3.4944,3.5043,4.9458,4.99,3.5135,3.5394,0,0.0328,OK,0.297,FORMATION_FOLLOW|FORMATION_FOLLOW|FORMATION_FOLLOW|FORMATION_FOLLOW,1,1,10.7,-11.635,-11.623,-15.139,-15.136,-32.247,-35.741,-32.201,-35.74,-5.061,-5.055,-5.068,-5.058
0.21,0.21,0.0,3.4941,3.504,4.9449,4.9901,3.5134,3.5391,0,0.0327,OK,0.297,FORMATION_FOLLOW|FORMATION_FOLLOW|FORMATION_FOLLOW|FORMATION_FOLLOW,1,1,10.8,-11.605,-11.592,-15.109,-15.106,-32.247,-35.741,-32.201,-35.74,-5.061,-5.055,-5.067,-5.057
0.21,0.21,0.0,3.4939,3.5037,4.9443,4.9904,3.5133,3.5392,0,0.0328,OK,0.297,FORMATION_FOLLOW|FORMATION_FOLLOW|FORMATION_FOLLOW|FORMATION_FOLLOW,1,1,10.9,-11.576,-11.562,-15.079,-15.076,-32.247,-35.741,-32.2,-35.74,-5.061,-5.054,-5.066,-5.057
0.21,0.21,0.0,3.4936,3.5034,4.9439,4.9907,3.5134,3.5395,0,0.0331,OK,0.297,FORMATION_FOLLOW|FORMATION_FOLLOW|FORMATION_FOLLOW|FORMATION_FOLLOW,1,1,11.0,-11.546,-11.532,-15.049,-15.046,-32.247,-35.741,-32.2,-35.74,-5.061,-5.054,-5.065,-5.056
0.21,0.21,0.0,3.4932,3.5026,4.9437,4.9905,3.5132,3.5403,0,0.0332,OK,0.297,FORMATION_FOLLOW|FORMATION_FOLLOW|FORMATION_FOLLOW|FORMATION_FOLLOW,1,1,11.1,-11.517,-11.502,-15.019,-15.016,-32.248,-35.741,-32.2,-35.74,-5.061,-5.054,-5.064,-5.056
0.21,0.21,0.0,3.4931,3.5013,4.9435,4.9901,3.5133,3.5409,0,0.033,OK,0.297,FORMATION_FOLLOW|FORMATION_FOLLOW|FORMATION_FOLLOW|FORMATION_FOLLOW,1,1,11.2,-11.488,-11.472,-14.989,-14.985,-32.247,-35.741,-32.2,-35.741,-5.06,-5.054,-5.064,-5.056
0.21,0.21,0.0,3.4933,3.5001,4.9429,4.99,3.5132,3.541,0,0.0327,OK,0.297,FORMATION_FOLLOW|FORMATION_FOLLOW|FORMATION_FOLLOW|FORMATION_FOLLOW,1,1,11.3,-11.459,-11.442,-14.959,-14.955,-32.247,-35.74,-32.2,-35.741,-5.06,-5.054,-5.063,-5.055
0.21,0.21,0.0,3.4937,3.499,4.9423,4.9902,3.5132,3.541,0,0.0323,OK,0.297,FORMATION_FOLLOW|FORMATION_FOLLOW|FORMATION_FOLLOW|FORMATION_FOLLOW,1,1,11.4,-11.43,-11.411,-14.929,-14.925,-32.247,-35.74,-32.201,-35.742,-5.06,-5.054,-5.063,-5.055
0.21,0.21,0.0,3.4942,3.4981,4.9417,4.9907,3.5135,3.541,0,0.0322,OK,0.297,FORMATION_FOLLOW|FORMATION_FOLLOW|FORMATION_FOLLOW|FORMATION_FOLLOW,1,1,11.5,-11.402,-11.381,-14.9,-14.895,-32.246,-35.741,-32.201,-35.742,-5.06,-5.054,-5.063,-5.055
0.21,0.21,0.0,3.4946,3.4975,4.9411,4.9912,3.5134,3.5413,0,0.0325,OK,0.297,FORMATION_FOLLOW|FORMATION_FOLLOW|FORMATION_FOLLOW|FORMATION_FOLLOW,1,1,11.6,-11.373,-11.351,-14.87,-14.865,-32.246,-35.741,-32.201,-35.742,-5.06,-5.053,-5.063,-5.055
0.21,0.21,0.0,3.4948,3.4967,4.9409,4.9913,3.5132,3.5418,0,0.0326,OK,0.297,FORMATION_FOLLOW|FORMATION_FOLLOW|FORMATION_FOLLOW|FORMATION_FOLLOW,1,1,11.7,-11.344,-11.321,-14.84,-14.835,-32.246,-35.741,-32.201,-35.743,-5.06,-5.053,-5.063,-5.055
0.21,0.21,0.0,3.4949,3.4957,4.9407,4.9907,3.513,3.5418,0,0.0323,OK,0.297,FORMATION_FOLLOW|FORMATION_FOLLOW|FORMATION_FOLLOW|FORMATION_FOLLOW,1,1,11.8,-11.315,-11.292,-14.81,-14.805,-32.246,-35.74,-32.201,-35.743,-5.059,-5.053,-5.063,-5.054
0.21,0.21,0.0,3.4948,3.4945,4.9403,4.9893,3.5122,3.5414,0,0.0315,OK,0.297,FORMATION_FOLLOW|FORMATION_FOLLOW|FORMATION_FOLLOW|FORMATION_FOLLOW,1,1,11.9,-11.286,-11.262,-14.78,-14.775,-32.245,-35.74,-32.202,-35.743,-5.059,-5.052,-5.063,-5.054
0.21,0.21,0.0,3.4945,3.4933,4.9395,4.9882,3.511,3.5414,0,0.0311,OK,0.297,FORMATION_FOLLOW|FORMATION_FOLLOW|FORMATION_FOLLOW|FORMATION_FOLLOW,1,1,12.0,-11.257,-11.233,-14.75,-14.744,-32.245,-35.74,-32.202,-35.744,-5.059,-5.052,-5.062,-5.054
0.21,0.21,0.0,3.4945,3.4921,4.9386,4.9875,3.51,3.5415,0,0.031,OK,0.297,FORMATION_FOLLOW|FORMATION_FOLLOW|FORMATION_FOLLOW|FORMATION_FOLLOW,1,1,12.1,-11.229,-11.204,-14.721,-14.714,-32.245,-35.74,-32.203,-35.744,-5.059,-5.052,-5.062,-5.054
0.21,0.21,0.0,3.4947,3.4909,4.9377,4.987,3.509,3.5413,0,0.0309,OK,0.297,FORMATION_FOLLOW|FORMATION_FOLLOW|FORMATION_FOLLOW|FORMATION_FOLLOW,1,1,12.2,-11.2,-11.175,-14.691,-14.684,-32.245,-35.74,-32.203,-35.744,-5.059,-5.051,-5.062,-5.053
0.21,0.21,0.0,3.4953,3.4903,4.9373,4.9867,3.5081,3.5412,0,0.031,OK,0.297,FORMATION_FOLLOW|FORMATION_FOLLOW|FORMATION_FOLLOW|FORMATION_FOLLOW,1,1,12.3,-11.171,-11.146,-14.661,-14.654,-32.245,-35.74,-32.203,-35.744,-5.058,-5.051,-5.062,-5.053
0.21,0.21,0.0,3.4962,3.4903,4.9373,4.9871,3.5071,3.5418,0,0.0314,OK,0.297,FORMATION_FOLLOW|FORMATION_FOLLOW|FORMATION_FOLLOW|FORMATION_FOLLOW,1,1,12.4,-11.141,-11.117,-14.631,-14.624,-32.245,-35.741,-32.202,-35.744,-5.058,-5.05,-5.062,-5.053
0.21,0.21,0.0,3.4972,3.4901,4.9371,4.9872,3.5058,3.5423,0,0.0318,OK,0.297,FORMATION_FOLLOW|FORMATION_FOLLOW|FORMATION_FOLLOW|FORMATION_FOLLOW,1,1,12.5,-11.112,-11.088,-14.601,-14.594,-32.244,-35.741,-32.202,-35.745,-5.058,-5.05,-5.062,-5.052
0.21,0.21,0.0,3.4979,3.4898,4.9368,4.9871,3.5048,3.5424,0,0.0317,OK,0.297,FORMATION_FOLLOW|FORMATION_FOLLOW|FORMATION_FOLLOW|FORMATION_FOLLOW,1,1,12.6,-11.082,-11.058,-14.572,-14.563,-32.244,-35.742,-32.202,-35.745,-5.058,-5.049,-5.062,-5.053
0.21,0.21,0.0,3.4984,3.4893,4.9363,4.9874,3.5045,3.5424,0,0.0316,OK,0.297,FORMATION_FOLLOW|FORMATION_FOLLOW|FORMATION_FOLLOW|FORMATION_FOLLOW,1,1,12.7,-11.053,-11.029,-14.542,-14.533,-32.244,-35.743,-32.203,-35.745,-5.058,-5.049,-5.062,-5.053
0.21,0.21,0.0,3.4988,3.4891,4.9361,4.988,3.5047,3.5425,0,0.0317,OK,0.297,FORMATION_FOLLOW|FORMATION_FOLLOW|FORMATION_FOLLOW|FORMATION_FOLLOW,1,1,12.8,-11.024,-10.999,-14.512,-14.503,-32.245,-35.743,-32.203,-35.746,-5.058,-5.049,-5.061,-5.053
0.21,0.21,0.0,3.4994,3.4888,4.9363,4.9884,3.5052,3.5426,0,0.0317,OK,0.297,FORMATION_FOLLOW|FORMATION_FOLLOW|FORMATION_FOLLOW|FORMATION_FOLLOW,1,1,12.9,-10.994,-10.969,-14.483,-14.474,-32.245,-35.744,-32.204,-35.746,-5.058,-5.05,-5.061,-5.053
0.21,0.21,0.0,3.4996,3.4888,4.9368,4.9888,3.5059,3.543,0,0.0318,OK,0.297,FORMATION_FOLLOW|FORMATION_FOLLOW|FORMATION_FOLLOW|FORMATION_FOLLOW,1,1,13.0,-10.964,-10.939,-14.453,-14.445,-32.245,-35.745,-32.204,-35.747,-5.058,-5.05,-5.061,-5.053
0.21,0.21,0.0,3.4994,3.4889,4.9369,4.9894,3.5065,3.5434,0,0.0322,OK,0.297,FORMATION_FOLLOW|FORMATION_FOLLOW|FORMATION_FOLLOW|FORMATION_FOLLOW,1,1,13.1,-10.935,-10.908,-14.423,-14.415,-32.246,-35.745,-32.204,-35.747,-5.058,-5.051,-5.061,-5.054
0.21,0.21,0.0,3.4993,3.4891,4.9368,4.9898,3.5069,3.5434,0,0.0323,OK,0.297,FORMATION_FOLLOW|FORMATION_FOLLOW|FORMATION_FOLLOW|FORMATION_FOLLOW,1,1,13.2,-10.905,-10.878,-14.393,-14.385,-32.246,-35.746,-32.204,-35.747,-5.058,-5.052,-5.061,-5.054
0.21,0.21,0.0,3.4993,3.4895,4.9366,4.9908,3.5073,3.5436,0,0.0328,OK,0.297,FORMATION_FOLLOW|FORMATION_FOLLOW|FORMATION_FOLLOW|FORMATION_FOLLOW,1,1,13.3,-10.875,-10.848,-14.364,-14.356,-32.247,-35.746,-32.204,-35.747,-5.058,-5.052,-5.061,-5.054
0.21,0.21,0.0,3.4996,3.4902,4.937,4.9918,3.508,3.5438,0,0.0333,OK,0.297,FORMATION_FOLLOW|FORMATION_FOLLOW|FORMATION_FOLLOW|FORMATION_FOLLOW,1,1,13.4,-10.844,-10.818,-14.334,-14.326,-32.248,-35.747,-32.203,-35.747,-5.058,-5.053,-5.061,-5.055
0.21,0.21,0.0,3.4998,3.4912,4.9373,4.9928,3.5086,3.544,0,0.0338,OK,0.297,FORMATION_FOLLOW|FORMATION_FOLLOW|FORMATION_FOLLOW|FORMATION_FOLLOW,1,1,13.5,-10.814,-10.789,-14.305,-14.297,-32.248,-35.748,-32.203,-35.747,-5.058,-5.054,-5.06,-5.055
0.21,0.21,0.0,3.4999,3.4922,4.9368,4.9944,3.5093,3.5438,0,0.0344,OK,0.297,FORMATION_FOLLOW|FORMATION_FOLLOW|FORMATION_FOLLOW|FORMATION_FOLLOW,1,1,13.6,-10.784,-10.759,-14.276,-14.268,-32.249,-35.749,-32.203,-35.746,-5.058,-5.055,-5.06,-5.055
0.21,0.21,0.0,3.5,3.4929,4.9359,4.9963,3.5099,3.5438,0,0.0353,OK,0.297,FORMATION_FOLLOW|FORMATION_FOLLOW|FORMATION_FOLLOW|FORMATION_FOLLOW,1,1,13.7,-10.754,-10.729,-14.247,-14.239,-32.25,-35.75,-32.202,-35.746,-5.058,-5.056,-5.06,-5.056
0.21,0.21,0.0,3.5002,3.4936,4.935,4.9985,3.5106,3.5441,0,0.0364,OK,0.297,FORMATION_FOLLOW|FORMATION_FOLLOW|FORMATION_FOLLOW|FORMATION_FOLLOW,1,1,13.8,-10.724,-10.699,-14.218,-14.209,-32.25,-35.751,-32.201,-35.745,-5.059,-5.057,-5.061,-5.056
0.21,0.21,0.0,3.5006,3.4945,4.9346,5.0008,3.5115,3.5446,0,0.0375,OK,0.297,FORMATION_FOLLOW|FORMATION_FOLLOW|FORMATION_FOLLOW|FORMATION_FOLLOW,1,1,13.9,-10.695,-10.669,-14.189,-14.18,-32.251,-35.752,-32.2,-35.744,-5.059,-5.057,-5.061,-5.056
0.21,0.21,0.0,3.5008,3.4951,4.9345,5.0027,3.5125,3.5454,0,0.0386,OK,0.297,FORMATION_FOLLOW|FORMATION_FOLLOW|FORMATION_FOLLOW|FORMATION_FOLLOW,1,1,14.0,-10.665,-10.639,-14.16,-14.151,-32.251,-35.752,-32.198,-35.744,-5.059,-5.058,-5.061,-5.056
0.21,0.21,0.0,3.5005,3.4952,4.9342,5.0046,3.5138,3.5465,0,0.0398,OK,0.297,FORMATION_FOLLOW|FORMATION_FOLLOW|FORMATION_FOLLOW|FORMATION_FOLLOW,1,1,14.1,-10.636,-10.608,-14.13,-14.122,-32.252,-35.752,-32.197,-35.743,-5.059,-5.059,-5.061,-5.056
0.21,0.21,0.0,3.5005,3.4949,4.9338,5.0065,3.5151,3.5478,0,0.0411,OK,0.297,FORMATION_FOLLOW|FORMATION_FOLLOW|FORMATION_FOLLOW|FORMATION_FOLLOW,1,1,14.2,-10.607,-10.578,-14.101,-14.093,-32.252,-35.753,-32.195,-35.743,-5.059,-5.059,-5.061,-5.056
0.21,0.21,0.0,3.5006,3.4947,4.9334,5.0083,3.5162,3.5487,0,0.042,OK,0.297,FORMATION_FOLLOW|FORMATION_FOLLOW|FORMATION_FOLLOW|FORMATION_FOLLOW,1,1,14.3,-10.578,-10.548,-14.072,-14.064,-32.253,-35.753,-32.194,-35.743,-5.059,-5.06,-5.06,-5.056
0.21,0.21,0.0,3.5002,3.495,4.9332,5.0094,3.5172,3.5491,0,0.0427,OK,0.297,FORMATION_FOLLOW|FORMATION_FOLLOW|FORMATION_FOLLOW|FORMATION_FOLLOW,1,1,14.4,-10.548,-10.518,-14.043,-14.035,-32.253,-35.753,-32.194,-35.743,-5.059,-5.061,-5.06,-5.056
0.21,0.21,0.0,3.4996,3.4951,4.9332,5.01,3.5181,3.5497,0,0.0432,OK,0.297,FORMATION_FOLLOW|FORMATION_FOLLOW|FORMATION_FOLLOW|FORMATION_FOLLOW,1,1,14.5,-10.519,-10.488,-14.013,-14.006,-32.254,-35.754,-32.193,-35.743,-5.059,-5.061,-5.06,-5.056
0.21,0.21,0.0,3.4988,3.4951,4.9333,5.0103,3.519,3.55,0,0.0436,OK,0.297,FORMATION_FOLLOW|FORMATION_FOLLOW|FORMATION_FOLLOW|FORMATION_FOLLOW,1,1,14.6,-10.489,-10.458,-13.983,-13.977,-32.255,-35.754,-32.193,-35.743,-5.059,-5.062,-5.06,-5.056
0.21,0.21,0.0,3.498,3.4948,4.9331,5.0104,3.5199,3.5502,0,0.0439,OK,0.297,FORMATION_FOLLOW|FORMATION_FOLLOW|FORMATION_FOLLOW|FORMATION_FOLLOW,1,1,14.7,-10.459,-10.428,-13.953,-13.948,-32.256,-35.754,-32.193,-35.743,-5.059,-5.062,-5.06,-5.056
0.21,0.21,0.0,3.4973,3.4945,4.9326,5.0105,3.5199,3.5506,0,0.0442,OK,0.297,FORMATION_FOLLOW|FORMATION_FOLLOW|FORMATION_FOLLOW|FORMATION_FOLLOW,1,1,14.8,-10.43,-10.399,-13.924,-13.919,-32.256,-35.754,-32.193,-35.743,-5.059,-5.062,-5.06,-5.056
0.21,0.21,0.0,3.4966,3.4943,4.9317,5.0108,3.5197,3.551,0,0.0447,OK,0.297,FORMATION_FOLLOW|FORMATION_FOLLOW|FORMATION_FOLLOW|FORMATION_FOLLOW,1,1,14.9,-10.401,-10.369,-13.894,-13.889,-32.257,-35.753,-32.192,-35.743,-5.059,-5.062,-5.06,-5.056
0.21,0.21,0.0,3.4956,3.4944,4.9308,5.0113,3.5195,3.5515,0,0.0451,OK,0.297,FORMATION_FOLLOW|FORMATION_FOLLOW|FORMATION_FOLLOW|FORMATION_FOLLOW,1,1,15.0,-10.372,-10.34,-13.865,-13.859,-32.258,-35.753,-32.192,-35.744,-5.059,-5.063,-5.06,-5.056
0.21,0.21,0.0,3.4946,3.4946,4.9301,5.0121,3.5198,3.5521,0,0.0455,OK,0.297,FORMATION_FOLLOW|FORMATION_FOLLOW|FORMATION_FOLLOW|FORMATION_FOLLOW,1,1,15.1,-10.342,-10.309,-13.836,-13.829,-32.259,-35.753,-32.192,-35.744,-5.059,-5.063,-5.061,-5.057
0.21,0.21,0.0,3.4938,3.495,4.9295,5.0127,3.5199,3.5526,0,0.0459,OK,0.297,FORMATION_FOLLOW|FORMATION_FOLLOW|FORMATION_FOLLOW|FORMATION_FOLLOW,1,1,15.2,-10.313,-10.279,-13.807,-13.799,-32.26,-35.754,-32.193,-35.745,-5.06,-5.065,-5.061,-5.057
0.21,0.21,0.0,3.4931,3.4953,4.9291,5.0133,3.52,3.553,0,0.0461,OK,0.297,FORMATION_FOLLOW|FORMATION_FOLLOW|FORMATION_FOLLOW|FORMATION_FOLLOW,1,1,15.3,-10.283,-10.248,-13.778,-13.768,-32.261,-35.754,-32.193,-35.746,-5.06,-5.066,-5.061,-5.057
0.21,0.21,0.0,3.4928,3.4954,4.9291,5.0133,3.5199,3.5535,0,0.0461,OK,0.297,FORMATION_FOLLOW|FORMATION_FOLLOW|FORMATION_FOLLOW|FORMATION_FOLLOW,1,1,15.4,-10.253,-10.218,-13.748,-13.738,-32.261,-35.754,-32.194,-35.747,-5.06,-5.067,-5.061,-5.057
0.21,0.21,0.0,3.4928,3.4951,4.9291,5.0137,3.52,3.5541,0,0.0463,OK,0.297,FORMATION_FOLLOW|FORMATION_FOLLOW|FORMATION_FOLLOW|FORMATION_FOLLOW,1,1,15.5,-10.223,-10.188,-13.718,-13.708,-32.262,-35.754,-32.194,-35.748,-5.06,-5.068,-5.062,-5.057
0.21,0.21,0.0,3.4931,3.4946,4.9291,5.0144,3.5205,3.5549,0,0.0468,OK,0.297,FORMATION_FOLLOW|FORMATION_FOLLOW|FORMATION_FOLLOW|FORMATION_FOLLOW,1,1,15.6,-10.194,-10.157,-13.688,-13.678,-32.262,-35.755,-32.194,-35.749,-5.06,-5.068,-5.062,-5.058
0.21,0.21,0.0,3.4937,3.4937,4.9291,5.0152,3.5211,3.5558,0,0.0474,OK,0.297,FORMATION_FOLLOW|FORMATION_FOLLOW|FORMATION_FOLLOW|FORMATION_FOLLOW,1,1,15.7,-10.164,-10.127,-13.657,-13.648,-32.262,-35.756,-32.194,-35.749,-5.06,-5.069,-5.062,-5.058
0.21,0.21,0.0,3.4944,3.4932,4.9291,5.0161,3.5215,3.5564,0,0.0477,OK,0.297,FORMATION_FOLLOW|FORMATION_FOLLOW|FORMATION_FOLLOW|FORMATION_FOLLOW,1,1,15.8,-10.134,-10.096,-13.627,-13.618,-32.262,-35.757,-32.194,-35.75,-5.06,-5.07,-5.062,-5.059
0.21,0.21,0.0,3.495,3.4932,4.9292,5.017,3.5218,3.5569,0,0.0481,OK,0.297,FORMATION_FOLLOW|FORMATION_FOLLOW|FORMATION_FOLLOW|FORMATION_FOLLOW,1,1,15.9,-10.105,-10.066,-13.597,-13.587,-32.262,-35.757,-32.194,-35.75,-5.06,-5.07,-5.061,-5.059
0.21,0.21,0.0,3.4957,3.4932,4.929,5.0182,3.5217,3.5577,0,0.0486,OK,0.297,FORMATION_FOLLOW|FORMATION_FOLLOW|FORMATION_FOLLOW|FORMATION_FOLLOW,1,1,16.0,-10.075,-10.035,-13.568,-13.557,-32.263,-35.758,-32.193,-35.751,-5.061,-5.07,-5.061,-5.059
0.21,0.21,0.0,3.4968,3.4933,4.9292,5.0195,3.5219,3.5585,0,0.049,OK,0.297,FORMATION_FOLLOW|FORMATION_FOLLOW|FORMATION_FOLLOW|FORMATION_FOLLOW,1,1,16.1,-10.046,-10.005,-13.538,-13.527,-32.262,-35.759,-32.194,-35.752,-5.061,-5.07,-5.061,-5.059
0.21,0.21,0.0,3.4975,3.4939,4.9294,5.0207,3.5221,3.559,0,0.0492,OK,0.297,FORMATION_FOLLOW|FORMATION_FOLLOW|FORMATION_FOLLOW|FORMATION_FOLLOW,1,1,16.2,-10.016,-9.975,-13.509,-13.497,-32.262,-35.759,-32.194,-35.753,-5.061,-5.07,-5.061,-5.059
0.21,0.21,0.0,3.4981,3.4946,4.9297,5.0218,3.5225,3.5593,0,0.0493,OK,0.297,FORMATION_FOLLOW|FORMATION_FOLLOW|FORMATION_FOLLOW|FORMATION_FOLLOW,1,1,16.3,-9.987,-9.944,-13.481,-13.467,-32.262,-35.76,-32.195,-35.754,-5.062,-5.07,-5.061,-5.06
0.21,0.21,0.0,3.4988,3.495,4.9304,5.0228,3.523,3.56,0,0.0495,OK,0.297,FORMATION_FOLLOW|FORMATION_FOLLOW|FORMATION_FOLLOW|FORMATION_FOLLOW,1,1,16.4,-9.957,-9.914,-13.452,-13.437,-32.262,-35.76,-32.195,-35.755,-5.062,-5.069,-5.061,-5.06
0.21,0.21,0.0,3.4993,3.4952,4.9312,5.0235,3.5237,3.5608,0,0.0496,OK,0.297,FORMATION_FOLLOW|FORMATION_FOLLOW|FORMATION_FOLLOW|FORMATION_FOLLOW,1,1,16.5,-9.928,-9.883,-13.422,-13.407,-32.261,-35.76,-32.195,-35.756,-5.063,-5.069,-5.061,-5.06
0.21,0.21,0.0,3.4996,3.4951,4.9319,5.0241,3.5248,3.5612,0,0.0496,OK,0.297,FORMATION_FOLLOW|FORMATION_FOLLOW|FORMATION_FOLLOW|FORMATION_FOLLOW,1,1,16.6,-9.898,-9.852,-13.392,-13.377,-32.261,-35.76,-32.196,-35.757,-5.063,-5.069,-5.06,-5.061
0.21,0.21,0.0,3.4997,3.4954,4.9327,5.0246,3.5263,3.5613,0,0.0494,OK,0.297,FORMATION_FOLLOW|FORMATION_FOLLOW|FORMATION_FOLLOW|FORMATION_FOLLOW,1,1,16.7,-9.868,-9.821,-13.363,-13.347,-32.26,-35.76,-32.196,-35.757,-5.062,-5.068,-5.06,-5.061
0.21,0.21,0.0,3.4993,3.496,4.9332,5.0253,3.5274,3.5616,0,0.0495,OK,0.297,FORMATION_FOLLOW|FORMATION_FOLLOW|FORMATION_FOLLOW|FORMATION_FOLLOW,1,1,16.8,-9.838,-9.79,-13.333,-13.318,-32.26,-35.759,-32.195,-35.757,-5.062,-5.068,-5.06,-5.061
0.21,0.21,0.0,3.4987,3.4966,4.9332,5.0261,3.5284,3.5618,0,0.0497,OK,0.297,FORMATION_FOLLOW|FORMATION_FOLLOW|FORMATION_FOLLOW|FORMATION_FOLLOW,1,1,16.9,-9.808,-9.759,-13.304,-13.288,-32.26,-35.759,-32.195,-35.757,-5.062,-5.067,-5.06,-5.06
0.21,0.21,0.0,3.498,3.4974,4.9332,5.0265,3.5288,3.562,0,0.0499,OK,0.297,FORMATION_FOLLOW|FORMATION_FOLLOW|FORMATION_FOLLOW|FORMATION_FOLLOW,1,1,17.0,-9.777,-9.729,-13.274,-13.258,-32.261,-35.758,-32.195,-35.757,-5.061,-5.067,-5.059,-5.06
0.21,0.21,0.0,3.4974,3.4977,4.9335,5.0262,3.5289,3.5621,0,0.0497,OK,0.297,FORMATION_FOLLOW|FORMATION_FOLLOW|FORMATION_FOLLOW|FORMATION_FOLLOW,1,1,17.1,-9.748,-9.699,-13.245,-13.228,-32.261,-35.758,-32.196,-35.758,-5.06,-5.067,-5.059,-5.059
0.21,0.21,0.0,3.4968,3.4976,4.9338,5.0257,3.5289,3.5625,0,0.0496,OK,0.297,FORMATION_FOLLOW|FORMATION_FOLLOW|FORMATION_FOLLOW|FORMATION_FOLLOW,1,1,17.2,-9.718,-9.669,-13.215,-13.198,-32.261,-35.757,-32.196,-35.758,-5.059,-5.066,-5.059,-5.059
0.21,0.21,0.0,3.4962,3.497,4.9339,5.025,3.5286,3.5632,0,0.0495,OK,0.297,FORMATION_FOLLOW|FORMATION_FOLLOW|FORMATION_FOLLOW|FORMATION_FOLLOW,1,1,17.3,-9.689,-9.64,-13.185,-13.168,-32.261,-35.757,-32.196,-35.759,-5.058,-5.066,-5.059,-5.059
0.21,0.21,0.0,3.4959,3.4958,4.9338,5.0241,3.5283,3.5636,0,0.0493,OK,0.297,FORMATION_FOLLOW|FORMATION_FOLLOW|FORMATION_FOLLOW|FORMATION_FOLLOW,1,1,17.4,-9.66,-9.61,-13.155,-13.138,-32.26,-35.756,-32.196,-35.759,-5.057,-5.066,-5.059,-5.059
0.21,0.21,0.0,3.4955,3.494,4.9332,5.0233,3.5284,3.5638,0,0.049,OK,0.297,FORMATION_FOLLOW|FORMATION_FOLLOW|FORMATION_FOLLOW|FORMATION_FOLLOW,1,1,17.5,-9.631,-9.58,-13.124,-13.109,-32.26,-35.756,-32.196,-35.759,-5.056,-5.066,-5.059,-5.058
0.21,0.21,0.0,3.4952,3.4919,4.9326,5.0223,3.5284,3.5639,0,0.0486,OK,0.297,FORMATION_FOLLOW|FORMATION_FOLLOW|FORMATION_FOLLOW|FORMATION_FOLLOW,1,1,17.6,-9.603,-9.551,-13.094,-13.079,-32.26,-35.755,-32.196,-35.76,-5.055,-5.066,-5.059,-5.058
0.21,0.21,0.0,3.4954,3.4897,4.9324,5.0216,3.5288,3.564,0,0.048,OK,0.297,FORMATION_FOLLOW|FORMATION_FOLLOW|FORMATION_FOLLOW|FORMATION_FOLLOW,1,1,17.7,-9.574,-9.52,-13.063,-13.049,-32.26,-35.755,-32.196,-35.76,-5.055,-5.066,-5.059,-5.058
0.21,0.21,0.0,3.4955,3.4882,4.9325,5.0209,3.5297,3.5637,0,0.0473,OK,0.297,FORMATION_FOLLOW|FORMATION_FOLLOW|FORMATION_FOLLOW|FORMATION_FOLLOW,1,1,17.8,-9.545,-9.49,-13.033,-13.02,-32.259,-35.754,-32.196,-35.76,-5.054,-5.066,-5.059,-5.058
0.21,0.21,0.0,3.4955,3.4866,4.9323,5.0199,3.5305,3.5629,0,0.0463,OK,0.297,FORMATION_FOLLOW|FORMATION_FOLLOW|FORMATION_FOLLOW|FORMATION_FOLLOW,1,1,17.9,-9.516,-9.46,-13.002,-12.99,-32.258,-35.753,-32.197,-35.76,-5.054,-5.066,-5.059,-5.057
0.21,0.21,0.0,3.4955,3.4849,4.9319,5.0189,3.5312,3.5619,0,0.0452,OK,0.297,FORMATION_FOLLOW|FORMATION_FOLLOW|FORMATION_FOLLOW|FORMATION_FOLLOW,1,1,18.0,-9.488,-9.429,-12.972,-12.96,-32.258,-35.753,-32.198,-35.76,-5.053,-5.067,-5.06,-5.057
0.21,0.21,0.0,3.4952,3.4832,4.9311,5.018,3.5318,3.5609,0,0.0443,OK,0.297,FORMATION_FOLLOW|FORMATION_FOLLOW|FORMATION_FOLLOW|FORMATION_FOLLOW,1,1,18.1,-9.459,-9.398,-12.941,-12.93,-32.257,-35.752,-32.198,-35.759,-5.053,-5.067,-5.06,-5.056
0.21,0.21,0.0,3.4947,3.4813,4.9303,5.0171,3.5329,3.5599,0,0.0434,OK,0.297,FORMATION_FOLLOW|FORMATION_FOLLOW|FORMATION_FOLLOW|FORMATION_FOLLOW,1,1,18.2,-9.43,-9.368,-12.911,-12.901,-32.257,-35.751,-32.199,-35.759,-5.053,-5.067,-5.06,-5.056
0.21,0.21,0.0,3.4943,3.4794,4.93,5.0161,3.5341,3.5592,0,0.0425,OK,0.297,FORMATION_FOLLOW|FORMATION_FOLLOW|FORMATION_FOLLOW|FORMATION_FOLLOW,1,1,18.3,-9.401,-9.337,-12.88,-12.871,-32.256,-35.75,-32.199,-35.758,-5.053,-5.066,-5.06,-5.056
0.21,0.21,0.0,3.4938,3.4777,4.9297,5.0154,3.5356,3.5584,0,0.0417,OK,0.297,FORMATION_FOLLOW|FORMATION_FOLLOW|FORMATION_FOLLOW|FORMATION_FOLLOW,1,1,18.4,-9.372,-9.306,-12.85,-12.842,-32.256,-35.749,-32.2,-35.758,-5.053,-5.066,-5.06,-5.055
0.21,0.21,0.0,3.4933,3.4763,4.9295,5.015,3.5371,3.558,0,0.0412,OK,0.297,FORMATION_FOLLOW|FORMATION_FOLLOW|FORMATION_FOLLOW|FORMATION_FOLLOW,1,1,18.5,-9.343,-9.275,-12.819,-12.812,-32.256,-35.749,-32.2,-35.758,-5.053,-5.065,-5.06,-5.055
0.21,0.21,0.0,3.4927,3.4752,4.9294,5.0149,3.5387,3.558,0,0.0409,OK,0.297,FORMATION_FOLLOW|FORMATION_FOLLOW|FORMATION_FOLLOW|FORMATION_FOLLOW,1,1,18.6,-9.314,-9.244,-12.789,-12.783,-32.256,-35.748,-32.2,-35.758,-5.054,-5.065,-5.061,-5.054
0.21,0.21,0.0,3.4921,3.4743,4.9297,5.0152,3.5404,3.5586,0,0.0408,OK,0.297,FORMATION_FOLLOW|FORMATION_FOLLOW|FORMATION_FOLLOW|FORMATION_FOLLOW,1,1,18.7,-9.285,-9.213,-12.759,-12.753,-32.256,-35.747,-32.201,-35.759,-5.054,-5.064,-5.061,-5.055
0.21,0.21,0.0,3.4916,3.4735,4.9299,5.0157,3.5418,3.5595,0,0.0413,OK,0.297,FORMATION_FOLLOW|FORMATION_FOLLOW|FORMATION_FOLLOW|FORMATION_FOLLOW,1,1,18.8,-9.256,-9.182,-12.729,-12.724,-32.256,-35.747,-32.201,-35.76,-5.055,-5.063,-5.061,-5.055
0.21,0.21,0.0,3.4912,3.4728,4.9302,5.0162,3.5434,3.5602,0,0.0422,OK,0.297,FORMATION_FOLLOW|FORMATION_FOLLOW|FORMATION_FOLLOW|FORMATION_FOLLOW,1,1,18.9,-9.227,-9.151,-12.699,-12.694,-32.256,-35.747,-32.201,-35.761,-5.055,-5.063,-5.062,-5.054
0.21,0.21,0.0,3.4905,3.4724,4.9305,5.0164,3.5447,3.5607,0,0.043,OK,0.297,FORMATION_FOLLOW|FORMATION_FOLLOW|FORMATION_FOLLOW|FORMATION_FOLLOW,1,1,19.0,-9.197,-9.12,-12.669,-12.665,-32.257,-35.746,-32.201,-35.762,-5.056,-5.062,-5.062,-5.054
0.21,0.21,0.0,3.4896,3.4724,4.931,5.0162,3.5457,3.5611,0,0.0436,OK,0.297,FORMATION_FOLLOW|FORMATION_FOLLOW|FORMATION_FOLLOW|FORMATION_FOLLOW,1,1,19.1,-9.167,-9.09,-12.639,-12.635,-32.257,-35.745,-32.201,-35.762,-5.057,-5.062,-5.062,-5.054
0.21,0.21,0.0,3.4889,3.472,4.9311,5.0157,3.5464,3.561,0,0.044,OK,0.297,FORMATION_FOLLOW|FORMATION_FOLLOW|FORMATION_FOLLOW|FORMATION_FOLLOW,1,1,19.2,-9.138,-9.059,-12.609,-12.605,-32.256,-35.744,-32.201,-35.762,-5.058,-5.061,-5.063,-5.054
0.21,0.21,0.0,3.4884,3.4717,4.9317,5.015,3.5473,3.5607,0,0.0444,OK,0.297,FORMATION_FOLLOW|FORMATION_FOLLOW|FORMATION_FOLLOW|FORMATION_FOLLOW,1,1,19.3,-9.108,-9.028,-12.579,-12.575,-32.256,-35.744,-32.202,-35.763,-5.058,-5.06,-5.063,-5.055
0.21,0.21,0.0,3.4878,3.4712,4.9326,5.0142,3.5484,3.5608,0,0.0449,OK,0.297,FORMATION_FOLLOW|FORMATION_FOLLOW|FORMATION_FOLLOW|FORMATION_FOLLOW,1,1,19.4,-9.077,-8.997,-12.548,-12.546,-32.256,-35.743,-32.203,-35.764,-5.059,-5.06,-5.063,-5.055
0.21,0.21,0.0,3.487,3.4708,4.9331,5.014,3.5498,3.5611,0,0.0455,OK,0.297,FORMATION_FOLLOW|FORMATION_FOLLOW|FORMATION_FOLLOW|FORMATION_FOLLOW,1,1,19.5,-9.047,-8.966,-12.517,-12.516,-32.256,-35.743,-32.203,-35.764,-5.06,-5.06,-5.063,-5.056
0.21,0.21,0.0,3.4857,3.4703,4.9335,5.0134,3.551,3.5614,0,0.0461,OK,0.297,FORMATION_FOLLOW|FORMATION_FOLLOW|FORMATION_FOLLOW|FORMATION_FOLLOW,1,1,19.6,-9.017,-8.935,-12.487,-12.486,-32.257,-35.742,-32.203,-35.765,-5.061,-5.06,-5.064,-5.056
0.21,0.21,0.0,3.4839,3.4697,4.9335,5.0123,3.552,3.5614,0,0.0465,OK,0.297,FORMATION_FOLLOW|FORMATION_FOLLOW|FORMATION_FOLLOW|FORMATION_FOLLOW,1,1,19.7,-8.987,-8.904,-12.456,-12.456,-32.257,-35.74,-32.203,-35.765,-5.062,-5.06,-5.064,-5.057
0.21,0.21,0.0,3.4819,3.4691,4.9334,5.0112,3.5528,3.5614,0,0.0467,OK,0.297,FORMATION_FOLLOW|FORMATION_FOLLOW|FORMATION_FOLLOW|FORMATION_FOLLOW,1,1,19.8,-8.956,-8.874,-12.425,-12.426,-32.258,-35.739,-32.204,-35.765,-5.062,-5.061,-5.064,-5.057
0.21,0.21,0.0,3.4805,3.4688,4.9336,5.0102,3.5534,3.5614,0,0.047,OK,0.297,FORMATION_FOLLOW|FORMATION_FOLLOW|FORMATION_FOLLOW|FORMATION_FOLLOW,1,1,19.9,-8.926,-8.843,-12.394,-12.396,-32.259,-35.738,-32.204,-35.765,-5.062,-5.061,-5.064,-5.058
0.21,0.21,0.0,3.4797,3.4686,4.9339,5.0094,3.5536,3.5615,0,0.047,OK,0.297,FORMATION_FOLLOW|FORMATION_FOLLOW|FORMATION_FOLLOW|FORMATION_FOLLOW,1,1,20.0,-8.895,-8.812,-12.364,-12.366,-32.259,-35.737,-32.204,-35.766,-5.063,-5.061,-5.064,-5.059
0.21,0.21,0.0,3.4788,3.4683,4.9338,5.0083,3.5535,3.5611,0,0.047,OK,0.297,FORMATION_FOLLOW|FORMATION_FOLLOW|FORMATION_FOLLOW|FORMATION_FOLLOW,1,1,20.1,-8.865,-8.782,-12.333,-12.335,-32.259,-35.737,-32.205,-35.766,-5.063,-5.061,-5.064,-5.059
0.21,0.21,0.0,3.4779,3.4682,4.9339,5.0075,3.5536,3.5611,0,0.0471,OK,0.297,FORMATION_FOLLOW|FORMATION_FOLLOW|FORMATION_FOLLOW|FORMATION_FOLLOW,1,1,20.2,-8.835,-8.752,-12.302,-12.305,-32.259,-35.736,-32.205,-35.766,-5.063,-5.061,-5.064,-5.059
0.21,0.21,0.0,3.4774,3.4681,4.9341,5.0074,3.5539,3.5614,0,0.0472,OK,0.297,FORMATION_FOLLOW|FORMATION_FOLLOW|FORMATION_FOLLOW|FORMATION_FOLLOW,1,1,20.3,-8.804,-8.721,-12.272,-12.275,-32.259,-35.735,-32.205,-35.766,-5.063,-5.061,-5.063,-5.06
0.21,0.21,0.0,3.477,3.4677,4.9338,5.0075,3.5539,3.5619,0,0.0473,OK,0.297,FORMATION_FOLLOW|FORMATION_FOLLOW|FORMATION_FOLLOW|FORMATION_FOLLOW,1,1,20.4,-8.774,-8.691,-12.242,-12.245,-32.259,-35.735,-32.204,-35.766,-5.062,-5.06,-5.063,-5.06
0.21,0.21,0.0,3.4767,3.4672,4.9334,5.008,3.5541,3.5628,0,0.0474,OK,0.297,FORMATION_FOLLOW|FORMATION_FOLLOW|FORMATION_FOLLOW|FORMATION_FOLLOW,1,1,20.5,-8.744,-8.661,-12.211,-12.215,-32.26,-35.735,-32.204,-35.766,-5.062,-5.06,-5.064,-5.06
0.21,0.21,0.0,3.4765,3.4665,4.9329,5.0084,3.5542,3.5635,0,0.0475,OK,0.297,FORMATION_FOLLOW|FORMATION_FOLLOW|FORMATION_FOLLOW|FORMATION_FOLLOW,1,1,20.6,-8.715,-8.63,-12.18,-12.184,-32.26,-35.736,-32.203,-35.767,-5.062,-5.06,-5.064,-5.06
0.21,0.21,0.0,3.4764,3.4661,4.9325,5.0086,3.554,3.5638,0,0.0474,OK,0.297,FORMATION_FOLLOW|FORMATION_FOLLOW|FORMATION_FOLLOW|FORMATION_FOLLOW,1,1,20.7,-8.685,-8.6,-12.15,-12.154,-32.261,-35.736,-32.203,-35.767,-5.061,-5.059,-5.063,-5.06
0.21,0.21,0.0,3.4764,3.4662,4.9318,5.0089,3.5531,3.564,0,0.0471,OK,0.297,FORMATION_FOLLOW|FORMATION_FOLLOW|FORMATION_FOLLOW|FORMATION_FOLLOW,1,1,20.8,-8.655,-8.571,-12.12,-12.123,-32.261,-35.736,-32.202,-35.766,-5.061,-5.059,-5.063,-5.059
0.21,0.21,0.0,3.477,3.4663,4.9312,5.0092,3.5521,3.5639,0,0.0465,OK,0.297,FORMATION_FOLLOW|FORMATION_FOLLOW|FORMATION_FOLLOW|FORMATION_FOLLOW,1,1,20.9,-8.625,-8.541,-12.091,-12.093,-32.261,-35.737,-32.202,-35.766,-5.061,-5.059,-5.063,-5.059
0.21,0.21,0.0,3.4778,3.4666,4.9307,5.0094,3.5507,3.5639,0,0.0456,OK,0.297,FORMATION_FOLLOW|FORMATION_FOLLOW|FORMATION_FOLLOW|FORMATION_FOLLOW,1,1,21.0,-8.595,-8.512,-12.061,-12.063,-32.261,-35.738,-32.202,-35.766,-5.06,-5.059,-5.062,-5.058
0.21,0.21,0.0,3.4788,3.4667,4.9301,5.0098,3.5492,3.5639,0,0.0448,OK,0.297,FORMATION_FOLLOW|FORMATION_FOLLOW|FORMATION_FOLLOW|FORMATION_FOLLOW,1,1,21.1,-8.565,-8.483,-12.031,-12.032,-32.261,-35.739,-32.202,-35.766,-5.06,-5.059,-5.062,-5.058
0.21,0.21,0.0,3.4797,3.4668,4.9298,5.0102,3.548,3.5642,0,0.044,OK,0.297,FORMATION_FOLLOW|FORMATION_FOLLOW|FORMATION_FOLLOW|FORMATION_FOLLOW,1,1,21.2,-8.535,-8.454,-12.001,-12.002,-32.261,-35.74,-32.201,-35.765,-5.059,-5.06,-5.062,-5.058
0.21,0.21,0.0,3.4804,3.4673,4.9301,5.0103,3.5472,3.5644,0,0.0433,OK,0.297,FORMATION_FOLLOW|FORMATION_FOLLOW|FORMATION_FOLLOW|FORMATION_FOLLOW,1,1,21.3,-8.505,-8.425,-11.971,-11.972,-32.261,-35.74,-32.201,-35.766,-5.059,-5.06,-5.062,-5.058
0.21,0.21,0.0,3.4808,3.4679,4.9306,5.0102,3.5469,3.5644,0,0.0428,OK,0.297,FORMATION_FOLLOW|FORMATION_FOLLOW|FORMATION_FOLLOW|FORMATION_FOLLOW,1,1,21.4,-8.474,-8.396,-11.942,-11.942,-32.261,-35.741,-32.202,-35.766,-5.059,-5.06,-5.062,-5.058
0.21,0.21,0.0,3.481,3.4684,4.931,5.0103,3.5465,3.5645,0,0.0423,OK,0.297,FORMATION_FOLLOW|FORMATION_FOLLOW|FORMATION_FOLLOW|FORMATION_FOLLOW,1,1,21.5,-8.444,-8.367,-11.912,-11.913,-32.262,-35.742,-32.202,-35.766,-5.059,-5.061,-5.062,-5.057
0.21,0.21,0.0,3.4818,3.4692,4.9316,5.0103,3.5457,3.5647,0,0.0417,OK,0.297,FORMATION_FOLLOW|FORMATION_FOLLOW|FORMATION_FOLLOW|FORMATION_FOLLOW,1,1,21.6,-8.414,-8.338,-11.882,-11.884,-32.262,-35.743,-32.202,-35.766,-5.059,-5.061,-5.062,-5.056
0.21,0.21,0.0,3.483,3.4699,4.9324,5.0103,3.5448,3.5648,0,0.042,OK,0.297,FORMATION_FOLLOW|FORMATION_FOLLOW|FORMATION_FOLLOW|FORMATION_FOLLOW,1,1,21.7,-8.383,-8.309,-11.853,-11.854,-32.262,-35.744,-32.202,-35.766,-5.059,-5.061,-5.062,-5.056
0.21,0.21,0.0,3.484,3.4707,4.9329,5.0106,3.5439,3.5649,0,0.0426,OK,0.297,FORMATION_FOLLOW|FORMATION_FOLLOW|FORMATION_FOLLOW|FORMATION_FOLLOW,1,1,21.8,-8.353,-8.281,-11.823,-11.825,-32.262,-35.745,-32.201,-35.766,-5.059,-5.062,-5.061,-5.056
0.21,0.21,0.0,3.4847,3.4716,4.9326,5.0111,3.5429,3.5646,0,0.0432,OK,0.297,FORMATION_FOLLOW|FORMATION_FOLLOW|FORMATION_FOLLOW|FORMATION_FOLLOW,1,1,21.9,-8.322,-8.252,-11.793,-11.795,-32.263,-35.747,-32.201,-35.766,-5.059,-5.062,-5.062,-5.056
0.21,0.21,0.0,3.4854,3.4726,4.9325,5.0118,3.5418,3.5648,0,0.0439,OK,0.297,FORMATION_FOLLOW|FORMATION_FOLLOW|FORMATION_FOLLOW|FORMATION_FOLLOW,1,1,22.0,-8.292,-8.224,-11.764,-11.766,-32.264,-35.748,-32.201,-35.766,-5.06,-5.063,-5.062,-5.056
0.21,0.21,0.0,3.4862,3.4739,4.9334,5.0124,3.5411,3.5654,0,0.0446,OK,0.297,FORMATION_FOLLOW|FORMATION_FOLLOW|FORMATION_FOLLOW|FORMATION_FOLLOW,1,1,22.1,-8.262,-8.196,-11.735,-11.737,-32.264,-35.75,-32.2,-35.766,-5.06,-5.063,-5.062,-5.056
0.21,0.21,0.0,3.4866,3.4753,4.9341,5.0128,3.5402,3.566,0,0.0453,OK,0.297,FORMATION_FOLLOW|FORMATION_FOLLOW|FORMATION_FOLLOW|FORMATION_FOLLOW,1,1,22.2,-8.232,-8.168,-11.706,-11.708,-32.264,-35.75,-32.2,-35.766,-5.06,-5.063,-5.061,-5.055
0.21,0.21,0.0,3.487,3.4768,4.9346,5.0136,3.5392,3.5671,0,0.0463,OK,0.297,FORMATION_FOLLOW|FORMATION_FOLLOW|FORMATION_FOLLOW|FORMATION_FOLLOW,1,1,22.3,-8.201,-8.139,-11.677,-11.678,-32.265,-35.751,-32.199,-35.766,-5.06,-5.063,-5.061,-5.055
0.21,0.21,0.0,3.4876,3.478,4.9351,5.0149,3.5386,3.5683,0,0.0474,OK,0.297,FORMATION_FOLLOW|FORMATION_FOLLOW|FORMATION_FOLLOW|FORMATION_FOLLOW,1,1,22.4,-8.17,-8.109,-11.648,-11.648,-32.265,-35.752,-32.199,-35.767,-5.06,-5.062,-5.061,-5.056
0.21,0.21,0.0,3.4881,3.4787,4.935,5.0162,3.5382,3.5692,0,0.0484,OK,0.297,FORMATION_FOLLOW|FORMATION_FOLLOW|FORMATION_FOLLOW|FORMATION_FOLLOW,1,1,22.5,-8.14,-8.08,-11.618,-11.618,-32.266,-35.753,-32.198,-35.767,-5.059,-5.062,-5.061,-5.056
0.21,0.21,0.0,3.4886,3.4795,4.9345,5.0174,3.5377,3.5695,0,0.0491,OK,0.297,FORMATION_FOLLOW|FORMATION_FOLLOW|FORMATION_FOLLOW|FORMATION_FOLLOW,1,1,22.6,-8.109,-8.05,-11.588,-11.587,-32.266,-35.754,-32.197,-35.767,-5.059,-5.061,-5.061,-5.056
0.21,0.21,0.0,3.4889,3.4802,4.9337,5.0183,3.5372,3.569,0,0.0493,OK,0.297,FORMATION_FOLLOW|FORMATION_FOLLOW|FORMATION_FOLLOW|FORMATION_FOLLOW,1,1,22.7,-8.079,-8.019,-11.558,-11.556,-32.266,-35.754,-32.197,-35.766,-5.059,-5.061,-5.061,-5.056
0.21,0.21,0.0,3.4889,3.4808,4.9323,5.0189,3.5365,3.5682,0,0.0492,OK,0.297,FORMATION_FOLLOW|FORMATION_FOLLOW|FORMATION_FOLLOW|FORMATION_FOLLOW,1,1,22.8,-8.048,-7.988,-11.528,-11.525,-32.266,-35.755,-32.197,-35.765,-5.059,-5.061,-5.06,-5.056
0.21,0.21,0.0,3.4888,3.4811,4.931,5.0195,3.5361,3.5674,0,0.0492,OK,0.297,FORMATION_FOLLOW|FORMATION_FOLLOW|FORMATION_FOLLOW|FORMATION_FOLLOW,1,1,22.9,-8.018,-7.958,-11.498,-11.494,-32.267,-35.755,-32.197,-35.764,-5.059,-5.06,-5.059,-5.056
0.21,0.21,0.0,3.4887,3.4808,4.9298,5.0198,3.5358,3.5668,0,0.0492,OK,0.297,FORMATION_FOLLOW|FORMATION_FOLLOW|FORMATION_FOLLOW|FORMATION_FOLLOW,1,1,23.0,-7.988,-7.927,-11.468,-11.463,-32.267,-35.755,-32.197,-35.764,-5.059,-5.061,-5.058,-5.056
0.21,0.21,0.0,3.4886,3.48,4.9285,5.0198,3.5358,3.566,0,0.0491,OK,0.297,FORMATION_FOLLOW|FORMATION_FOLLOW|FORMATION_FOLLOW|FORMATION_FOLLOW,1,1,23.1,-7.958,-7.897,-11.438,-11.433,-32.268,-35.756,-32.197,-35.763,-5.06,-5.061,-5.057,-5.056
0.21,0.21,0.0,3.4884,3.4795,4.9273,5.0199,3.5356,3.5653,0,0.0492,OK,0.297,FORMATION_FOLLOW|FORMATION_FOLLOW|FORMATION_FOLLOW|FORMATION_FOLLOW,1,1,23.2,-7.929,-7.867,-11.407,-11.403,-32.268,-35.756,-32.197,-35.763,-5.06,-5.061,-5.056,-5.056
0.21,0.21,0.0,3.4882,3.4797,4.9267,5.0202,3.5353,3.5651,0,0.0495,OK,0.297,FORMATION_FOLLOW|FORMATION_FOLLOW|FORMATION_FOLLOW|FORMATION_FOLLOW,1,1,23.3,-7.898,-7.837,-11.377,-11.373,-32.269,-35.757,-32.197,-35.762,-5.06,-5.061,-5.056,-5.057
0.21,0.21,0.0,3.4878,3.4803,4.9263,5.0208,3.5352,3.5652,0,0.05,OK,0.297,FORMATION_FOLLOW|FORMATION_FOLLOW|FORMATION_FOLLOW|FORMATION_FOLLOW,1,1,23.4,-7.868,-7.808,-11.348,-11.343,-32.27,-35.757,-32.197,-35.762,-5.059,-5.062,-5.056,-5.057
0.21,0.21,0.0,3.487,3.4813,4.926,5.021,3.5347,3.5655,0,0.0504,OK,0.297,FORMATION_FOLLOW|FORMATION_FOLLOW|FORMATION_FOLLOW|FORMATION_FOLLOW,1,1,23.5,-7.838,-7.778,-11.319,-11.313,-32.271,-35.757,-32.197,-35.762,-5.059,-5.063,-5.056,-5.058
0.21,0.21,0.0,3.4859,3.4818,4.926,5.0208,3.5345,3.5659,0,0.0507,OK,0.297,FORMATION_FOLLOW|FORMATION_FOLLOW|FORMATION_FOLLOW|FORMATION_FOLLOW,1,1,23.6,-7.808,-7.749,-11.289,-11.283,-32.272,-35.757,-32.197,-35.763,-5.059,-5.064,-5.056,-5.058
0.21,0.21,0.0,3.4847,3.4824,4.9265,5.0207,3.5348,3.5669,0,0.0513,OK,0.297,FORMATION_FOLLOW|FORMATION_FOLLOW|FORMATION_FOLLOW|FORMATION_FOLLOW,1,1,23.7,-7.778,-7.719,-11.259,-11.254,-32.273,-35.757,-32.197,-35.763,-5.058,-5.064,-5.056,-5.058
0.21,0.21,0.0,3.4832,3.4827,4.9269,5.0207,3.5354,3.568,0,0.052,OK,0.297,FORMATION_FOLLOW|FORMATION_FOLLOW|FORMATION_FOLLOW|FORMATION_FOLLOW,1,1,23.8,-7.747,-7.689,-11.229,-11.224,-32.274,-35.757,-32.196,-35.764,-5.058,-5.065,-5.057,-5.057
0.21,0.21,0.0,3.4817,3.4834,4.9275,5.0209,3.5361,3.5692,0,0.0526,OK,0.297,FORMATION_FOLLOW|FORMATION_FOLLOW|FORMATION_FOLLOW|FORMATION_FOLLOW,1,1,23.9,-7.716,-7.659,-11.199,-11.195,-32.276,-35.757,-32.196,-35.766,-5.058,-5.065,-5.057,-5.057
0.21,0.21,0.0,3.4801,3.484,4.9282,5.0209,3.5367,3.5707,0,0.0533,OK,0.297,FORMATION_FOLLOW|FORMATION_FOLLOW|FORMATION_FOLLOW|FORMATION_FOLLOW,1,1,24.0,-7.686,-7.628,-11.169,-11.165,-32.277,-35.757,-32.197,-35.767,-5.058,-5.066,-5.057,-5.056
0.21,0.21,0.0,3.4795,3.4846,4.9289,5.021,3.5371,3.5715,0,0.0538,OK,0.297,FORMATION_FOLLOW|FORMATION_FOLLOW|FORMATION_FOLLOW|FORMATION_FOLLOW,1,1,24.1,-7.655,-7.598,-11.139,-11.135,-32.278,-35.757,-32.197,-35.769,-5.058,-5.066,-5.057,-5.055
0.21,0.21,0.0,3.4795,3.4854,4.9296,5.0214,3.5374,3.572,0,0.0541,OK,0.297,FORMATION_FOLLOW|FORMATION_FOLLOW|FORMATION_FOLLOW|FORMATION_FOLLOW,1,1,24.2,-7.624,-7.568,-11.109,-11.105,-32.279,-35.758,-32.197,-35.769,-5.058,-5.066,-5.056,-5.054
0.21,0.21,0.0,3.4795,3.4864,4.9305,5.0218,3.5378,3.5723,0,0.0543,OK,0.297,FORMATION_FOLLOW|FORMATION_FOLLOW|FORMATION_FOLLOW|FORMATION_FOLLOW,1,1,24.3,-7.594,-7.538,-11.079,-11.076,-32.28,-35.759,-32.198,-35.77,-5.058,-5.066,-5.056,-5.054
0.21,0.21,0.0,3.4796,3.4872,4.931,5.0222,3.5381,3.5724,0,0.0543,OK,0.297,FORMATION_FOLLOW|FORMATION_FOLLOW|FORMATION_FOLLOW|FORMATION_FOLLOW,1,1,24.4,-7.563,-7.508,-11.049,-11.046,-32.28,-35.759,-32.199,-35.771,-5.058,-5.066,-5.056,-5.053
0.21,0.21,0.0,3.4798,3.488,4.9314,5.0227,3.5381,3.5727,0,0.0545,OK,0.297,FORMATION_FOLLOW|FORMATION_FOLLOW|FORMATION_FOLLOW|FORMATION_FOLLOW,1,1,24.5,-7.533,-7.478,-11.02,-11.016,-32.281,-35.76,-32.199,-35.772,-5.059,-5.066,-5.056,-5.052
0.21,0.21,0.0,3.4797,3.4889,4.9321,5.0229,3.538,3.5734,0,0.0549,OK,0.297,FORMATION_FOLLOW|FORMATION_FOLLOW|FORMATION_FOLLOW|FORMATION_FOLLOW,1,1,24.6,-7.503,-7.448,-10.99,-10.986,-32.281,-35.761,-32.199,-35.773,-5.059,-5.066,-5.056,-5.052
0.21,0.21,0.0,3.4796,3.4898,4.9327,5.0236,3.5379,3.5745,0,0.0556,OK,0.297,FORMATION_FOLLOW|FORMATION_FOLLOW|FORMATION_FOLLOW|FORMATION_FOLLOW,1,1,24.7,-7.472,-7.418,-10.961,-10.956,-32.282,-35.761,-32.199,-35.774,-5.059,-5.066,-5.056,-5.052
0.21,0.21,0.0,3.4795,3.4904,4.9337,5.0244,3.5384,3.5759,0,0.0564,OK,0.297,FORMATION_FOLLOW|FORMATION_FOLLOW|FORMATION_FOLLOW|FORMATION_FOLLOW,1,1,24.8,-7.442,-7.388,-10.931,-10.927,-32.283,-35.762,-32.199,-35.775,-5.059,-5.066,-5.057,-5.052
0.21,0.21,0.0,3.4797,3.4907,4.9351,5.0249,3.5392,3.5773,0,0.0572,OK,0.297,FORMATION_FOLLOW|FORMATION_FOLLOW|FORMATION_FOLLOW|FORMATION_FOLLOW,1,1,24.9,-7.411,-7.358,-10.901,-10.898,-32.283,-35.762,-32.198,-35.776,-5.059,-5.066,-5.057,-5.051
0.21,0.21,0.0,3.4799,3.4909,4.9367,5.0252,3.5402,3.5788,0,0.0579,OK,0.297,FORMATION_FOLLOW|FORMATION_FOLLOW|FORMATION_FOLLOW|FORMATION_FOLLOW,1,1,25.0,-7.381,-7.329,-10.871,-10.869,-32.283,-35.763,-32.198,-35.776,-5.059,-5.065,-5.057,-5.051
0.21,0.21,0.0,3.4802,3.4908,4.9382,5.0256,3.5407,3.5806,0,0.0587,OK,0.297,FORMATION_FOLLOW|FORMATION_FOLLOW|FORMATION_FOLLOW|FORMATION_FOLLOW,1,1,25.1,-7.351,-7.299,-10.841,-10.84,-32.283,-35.763,-32.197,-35.778,-5.059,-5.065,-5.058,-5.051
0.21,0.21,0.0,3.4808,3.4906,4.9397,5.026,3.5412,3.5824,0,0.0594,OK,0.297,FORMATION_FOLLOW|FORMATION_FOLLOW|FORMATION_FOLLOW|FORMATION_FOLLOW,1,1,25.2,-7.321,-7.27,-10.811,-10.811,-32.283,-35.763,-32.196,-35.779,-5.058,-5.064,-5.058,-5.051
0.21,0.21,0.0,3.4814,3.4901,4.9407,5.0265,3.5418,3.5839,0,0.0601,OK,0.297,FORMATION_FOLLOW|FORMATION_FOLLOW|FORMATION_FOLLOW|FORMATION_FOLLOW,1,1,25.3,-7.292,-7.24,-10.781,-10.782,-32.283,-35.764,-32.196,-35.78,-5.059,-5.063,-5.058,-5.051
0.21,0.21,0.0,3.4821,3.4894,4.9413,5.0269,3.5422,3.5849,0,0.0608,OK,0.297,FORMATION_FOLLOW|FORMATION_FOLLOW|FORMATION_FOLLOW|FORMATION_FOLLOW,1,1,25.4,-7.262,-7.211,-10.75,-10.753,-32.283,-35.765,-32.195,-35.78,-5.059,-5.063,-5.059,-5.052
0.21,0.21,0.0,3.4828,3.4893,4.9415,5.0278,3.5427,3.5854,0,0.0614,OK,0.297,FORMATION_FOLLOW|FORMATION_FOLLOW|FORMATION_FOLLOW|FORMATION_FOLLOW,1,1,25.5,-7.232,-7.181,-10.72,-10.723,-32.283,-35.766,-32.195,-35.78,-5.059,-5.062,-5.06,-5.052
0.21,0.21,0.0,3.4834,3.4894,4.9414,5.0291,3.5437,3.5854,0,0.0618,OK,0.297,FORMATION_FOLLOW|FORMATION_FOLLOW|FORMATION_FOLLOW|FORMATION_FOLLOW,1,1,25.6,-7.203,-7.151,-10.691,-10.694,-32.283,-35.767,-32.195,-35.78,-5.059,-5.062,-5.06,-5.053
0.21,0.21,0.0,3.4842,3.4894,4.9416,5.0304,3.5451,3.5853,0,0.0622,OK,0.297,FORMATION_FOLLOW|FORMATION_FOLLOW|FORMATION_FOLLOW|FORMATION_FOLLOW,1,1,25.7,-7.173,-7.12,-10.661,-10.665,-32.284,-35.767,-32.195,-35.78,-5.059,-5.061,-5.06,-5.054
0.21,0.21,0.0,3.4844,3.4892,4.9416,5.0315,3.5464,3.5857,0,0.0626,OK,0.297,FORMATION_FOLLOW|FORMATION_FOLLOW|FORMATION_FOLLOW|FORMATION_FOLLOW,1,1,25.8,-7.144,-7.09,-10.632,-10.636,-32.284,-35.768,-32.194,-35.78,-5.059,-5.061,-5.06,-5.054
0.21,0.21,0.0,3.4838,3.4885,4.9413,5.032,3.5473,3.5864,0,0.0632,OK,0.297,FORMATION_FOLLOW|FORMATION_FOLLOW|FORMATION_FOLLOW|FORMATION_FOLLOW,1,1,25.9,-7.114,-7.059,-10.602,-10.607,-32.285,-35.768,-32.194,-35.78,-5.058,-5.06,-5.06,-5.054
0.21,0.21,0.0,3.4832,3.4874,4.941,5.0322,3.5482,3.5871,0,0.0637,OK,0.297,FORMATION_FOLLOW|FORMATION_FOLLOW|FORMATION_FOLLOW|FORMATION_FOLLOW,1,1,26.0,-7.085,-7.029,-10.571,-10.578,-32.285,-35.768,-32.193,-35.78,-5.058,-5.059,-5.059,-5.054
0.21,0.21,0.0,3.4826,3.4864,4.9404,5.0325,3.5488,3.5877,0,0.0642,OK,0.297,FORMATION_FOLLOW|FORMATION_FOLLOW|FORMATION_FOLLOW|FORMATION_FOLLOW,1,1,26.1,-7.056,-6.999,-10.541,-10.548,-32.286,-35.768,-32.193,-35.781,-5.058,-5.059,-5.059,-5.055
0.21,0.21,0.0,3.4819,3.4856,4.9395,5.0329,3.5494,3.5879,0,0.0645,OK,0.297,FORMATION_FOLLOW|FORMATION_FOLLOW|FORMATION_FOLLOW|FORMATION_FOLLOW,1,1,26.2,-7.027,-6.969,-10.511,-10.518,-32.287,-35.769,-32.193,-35.781,-5.058,-5.059,-5.059,-5.055
0.21,0.21,0.0,3.4815,3.4847,4.9387,5.0331,3.5501,3.5877,0,0.0645,OK,0.297,FORMATION_FOLLOW|FORMATION_FOLLOW|FORMATION_FOLLOW|FORMATION_FOLLOW,1,1,26.3,-6.998,-6.939,-10.481,-10.489,-32.288,-35.769,-32.194,-35.782,-5.058,-5.058,-5.059,-5.056
0.21,0.21,0.0,3.4814,3.4837,4.9382,5.0331,3.5508,3.5873,0,0.0643,OK,0.297,FORMATION_FOLLOW|FORMATION_FOLLOW|FORMATION_FOLLOW|FORMATION_FOLLOW,1,1,26.4,-6.968,-6.908,-10.451,-10.459,-32.289,-35.77,-32.195,-35.782,-5.058,-5.058,-5.058,-5.056
0.21,0.21,0.0,3.4812,3.4825,4.9378,5.033,3.5517,3.5872,0,0.0641,OK,0.297,FORMATION_FOLLOW|FORMATION_FOLLOW|FORMATION_FOLLOW|FORMATION_FOLLOW,1,1,26.5,-6.939,-6.877,-10.42,-10.429,-32.29,-35.77,-32.196,-35.783,-5.059,-5.057,-5.058,-5.057
0.21,0.21,0.0,3.4802,3.4816,4.9369,5.0326,3.5521,3.5869,0,0.064,OK,0.297,FORMATION_FOLLOW|FORMATION_FOLLOW|FORMATION_FOLLOW|FORMATION_FOLLOW,1,1,26.6,-6.909,-6.847,-10.39,-10.399,-32.291,-35.77,-32.196,-35.783,-5.059,-5.057,-5.058,-5.058
0.21,0.21,0.0,3.479,3.4811,4.9357,5.0322,3.5521,3.5864,0,0.064,OK,0.297,FORMATION_FOLLOW|FORMATION_FOLLOW|FORMATION_FOLLOW|FORMATION_FOLLOW,1,1,26.7,-6.88,-6.817,-10.359,-10.369,-32.292,-35.77,-32.196,-35.783,-5.059,-5.057,-5.059,-5.058
0.21,0.21,0.0,3.4777,3.4807,4.9344,5.0318,3.5517,3.5861,0,0.064,OK,0.297,FORMATION_FOLLOW|FORMATION_FOLLOW|FORMATION_FOLLOW|FORMATION_FOLLOW,1,1,26.8,-6.85,-6.787,-10.329,-10.338,-32.293,-35.77,-32.197,-35.783,-5.059,-5.057,-5.059,-5.059
0.21,0.21,0.0,3.4761,3.4804,4.9331,5.0313,3.5515,3.5857,0,0.0639,OK,0.297,FORMATION_FOLLOW|FORMATION_FOLLOW|FORMATION_FOLLOW|FORMATION_FOLLOW,1,1,26.9,-6.82,-6.756,-10.299,-10.308,-32.294,-35.77,-32.197,-35.783,-5.059,-5.057,-5.059,-5.06
0.21,0.21,0.0,3.4747,3.4796,4.9318,5.0308,3.5515,3.5854,0,0.0639,OK,0.297,FORMATION_FOLLOW|FORMATION_FOLLOW|FORMATION_FOLLOW|FORMATION_FOLLOW,1,1,27.0,-6.79,-6.726,-10.269,-10.277,-32.295,-35.77,-32.198,-35.783,-5.059,-5.057,-5.06,-5.06
0.21,0.21,0.0,3.4732,3.4792,4.9305,5.0303,3.5509,3.5853,0,0.064,OK,0.297,FORMATION_FOLLOW|FORMATION_FOLLOW|FORMATION_FOLLOW|FORMATION_FOLLOW,1,1,27.1,-6.76,-6.696,-10.238,-10.247,-32.296,-35.769,-32.198,-35.783,-5.059,-5.057,-5.06,-5.06
0.21,0.21,0.0,3.4719,3.4791,4.9289,5.0298,3.5497,3.585,0,0.0641,OK,0.297,FORMATION_FOLLOW|FORMATION_FOLLOW|FORMATION_FOLLOW|FORMATION_FOLLOW,1,1,27.2,-6.73,-6.666,-10.208,-10.216,-32.297,-35.769,-32.197,-35.782,-5.059,-5.057,-5.06,-5.06
0.21,0.21,0.0,3.4709,3.4794,4.9277,5.0296,3.5487,3.5847,0,0.0642,OK,0.297,FORMATION_FOLLOW|FORMATION_FOLLOW|FORMATION_FOLLOW|FORMATION_FOLLOW,1,1,27.3,-6.7,-6.636,-10.178,-10.185,-32.298,-35.768,-32.197,-35.782,-5.059,-5.057,-5.06,-5.06
0.21,0.21,0.0,3.4699,3.4795,4.9266,5.0295,3.5479,3.5846,0,0.0643,OK,0.297,FORMATION_FOLLOW|FORMATION_FOLLOW|FORMATION_FOLLOW|FORMATION_FOLLOW,1,1,27.4,-6.67,-6.606,-10.148,-10.154,-32.298,-35.768,-32.197,-35.782,-5.059,-5.056,-5.06,-5.06
0.21,0.21,0.0,3.4688,3.4795,4.9257,5.0293,3.5474,3.5848,0,0.0646,OK,0.297,FORMATION_FOLLOW|FORMATION_FOLLOW|FORMATION_FOLLOW|FORMATION_FOLLOW,1,1,27.5,-6.64,-6.576,-10.118,-10.123,-32.299,-35.767,-32.197,-35.781,-5.059,-5.056,-5.06,-5.06
0.21,0.21,0.0,3.4678,3.4792,4.9254,5.029,3.5477,3.585,0,0.0646,OK,0.297,FORMATION_FOLLOW|FORMATION_FOLLOW|FORMATION_FOLLOW|FORMATION_FOLLOW,1,1,27.6,-6.61,-6.546,-10.087,-10.093,-32.299,-35.767,-32.196,-35.781,-5.059,-5.057,-5.06,-5.061
0.21,0.21,0.0,3.4674,3.4791,4.9251,5.0286,3.5478,3.5846,0,0.0643,OK,0.297,FORMATION_FOLLOW|FORMATION_FOLLOW|FORMATION_FOLLOW|FORMATION_FOLLOW,1,1,27.7,-6.58,-6.515,-10.057,-10.063,-32.299,-35.766,-32.196,-35.781,-5.059,-5.057,-5.06,-5.061
0.21,0.21,0.0,3.4667,3.479,4.9244,5.0282,3.5475,3.584,0,0.064,OK,0.297,FORMATION_FOLLOW|FORMATION_FOLLOW|FORMATION_FOLLOW|FORMATION_FOLLOW,1,1,27.8,-6.55,-6.485,-10.027,-10.033,-32.299,-35.766,-32.197,-35.781,-5.059,-5.057,-5.059,-5.061
0.21,0.21,0.0,3.4665,3.4789,4.9239,5.0278,3.5469,3.5836,0,0.0638,OK,0.297,FORMATION_FOLLOW|FORMATION_FOLLOW|FORMATION_FOLLOW|FORMATION_FOLLOW,1,1,27.9,-6.52,-6.456,-9.997,-10.002,-32.299,-35.765,-32.197,-35.78,-5.059,-5.058,-5.059,-5.061
0.21,0.21,0.0,3.4668,3.479,4.9236,5.0277,3.5463,3.5833,0,0.0636,OK,0.297,FORMATION_FOLLOW|FORMATION_FOLLOW|FORMATION_FOLLOW|FORMATION_FOLLOW,1,1,28.0,-6.49,-6.426,-9.967,-9.972,-32.299,-35.765,-32.197,-35.78,-5.059,-5.058,-5.059,-5.06
0.21,0.21,0.0,3.4667,3.4784,4.9234,5.0274,3.5462,3.5833,0,0.0636,OK,0.297,FORMATION_FOLLOW|FORMATION_FOLLOW|FORMATION_FOLLOW|FORMATION_FOLLOW,1,1,28.1,-6.46,-6.396,-9.937,-9.942,-32.299,-35.765,-32.197,-35.78,-5.058,-5.059,-5.059,-5.06
0.21,0.21,0.0,3.467,3.4774,4.9233,5.0272,3.5464,3.5834,0,0.0637,OK,0.297,FORMATION_FOLLOW|FORMATION_FOLLOW|FORMATION_FOLLOW|FORMATION_FOLLOW,1,1,28.2,-6.43,-6.366,-9.906,-9.912,-32.299,-35.765,-32.197,-35.78,-5.058,-5.06,-5.059,-5.059
0.21,0.21,0.0,3.4675,3.4762,4.923,5.0271,3.5465,3.5834,0,0.0638,OK,0.297,FORMATION_FOLLOW|FORMATION_FOLLOW|FORMATION_FOLLOW|FORMATION_FOLLOW,1,1,28.3,-6.401,-6.335,-9.875,-9.882,-32.299,-35.766,-32.196,-35.78,-5.059,-5.06,-5.058,-5.058
0.21,0.21,0.0,3.4681,3.475,4.9229,5.0269,3.5467,3.5834,0,0.0637,OK,0.297,FORMATION_FOLLOW|FORMATION_FOLLOW|FORMATION_FOLLOW|FORMATION_FOLLOW,1,1,28.4,-6.371,-6.305,-9.844,-9.852,-32.298,-35.766,-32.196,-35.78,-5.059,-5.06,-5.057,-5.058
0.21,0.21,0.0,3.4687,3.4741,4.9228,5.0268,3.5467,3.5835,0,0.0637,OK,0.297,FORMATION_FOLLOW|FORMATION_FOLLOW|FORMATION_FOLLOW|FORMATION_FOLLOW,1,1,28.5,-6.341,-6.275,-9.814,-9.821,-32.298,-35.766,-32.196,-35.78,-5.059,-5.061,-5.057,-5.057
0.21,0.21,0.0,3.4689,3.4731,4.9228,5.0263,3.5467,3.5836,0,0.0636,OK,0.297,FORMATION_FOLLOW|FORMATION_FOLLOW|FORMATION_FOLLOW|FORMATION_FOLLOW,1,1,28.6,-6.312,-6.245,-9.783,-9.791,-32.298,-35.766,-32.197,-35.78,-5.059,-5.061,-5.056,-5.056
0.21,0.21,0.0,3.4688,3.4724,4.9232,5.0256,3.5469,3.5838,0,0.0635,OK,0.297,FORMATION_FOLLOW|FORMATION_FOLLOW|FORMATION_FOLLOW|FORMATION_FOLLOW,1,1,28.7,-6.282,-6.215,-9.753,-9.761,-32.298,-35.766,-32.197,-35.781,-5.059,-5.062,-5.056,-5.056
0.21,0.21,0.0,3.4684,3.4717,4.9236,5.0246,3.5469,3.584,0,0.0634,OK,0.297,FORMATION_FOLLOW|FORMATION_FOLLOW|FORMATION_FOLLOW|FORMATION_FOLLOW,1,1,28.8,-6.252,-6.185,-9.722,-9.732,-32.298,-35.766,-32.197,-35.781,-5.059,-5.062,-5.055,-5.056
0.21,0.21,0.0,3.4682,3.4712,4.9239,5.0237,3.5472,3.5837,0,0.063,OK,0.297,FORMATION_FOLLOW|FORMATION_FOLLOW|FORMATION_FOLLOW|FORMATION_FOLLOW,1,1,28.9,-6.222,-6.155,-9.692,-9.702,-32.298,-35.766,-32.198,-35.781,-5.059,-5.062,-5.055,-5.056
0.21,0.21,0.0,3.4677,3.4703,4.9236,5.0229,3.5476,3.583,0,0.0626,OK,0.297,FORMATION_FOLLOW|FORMATION_FOLLOW|FORMATION_FOLLOW|FORMATION_FOLLOW,1,1,29.0,-6.193,-6.125,-9.662,-9.673,-32.298,-35.765,-32.198,-35.781,-5.059,-5.062,-5.054,-5.056
0.21,0.21,0.0,3.4666,3.4693,4.9227,5.0218,3.5479,3.582,0,0.062,OK,0.297,FORMATION_FOLLOW|FORMATION_FOLLOW|FORMATION_FOLLOW|FORMATION_FOLLOW,1,1,29.1,-6.164,-6.095,-9.632,-9.643,-32.299,-35.765,-32.199,-35.781,-5.059,-5.062,-5.054,-5.055
0.21,0.21,0.0,3.4655,3.4686,4.922,5.0208,3.5486,3.5806,0,0.061,OK,0.297,FORMATION_FOLLOW|FORMATION_FOLLOW|FORMATION_FOLLOW|FORMATION_FOLLOW,1,1,29.2,-6.135,-6.065,-9.602,-9.614,-32.299,-35.764,-32.2,-35.781,-5.059,-5.062,-5.054,-5.055
0.21,0.21,0.0,3.4644,3.468,4.9215,5.0199,3.5495,3.5794,0,0.0601,OK,0.297,FORMATION_FOLLOW|FORMATION_FOLLOW|FORMATION_FOLLOW|FORMATION_FOLLOW,1,1,29.3,-6.105,-6.035,-9.572,-9.584,-32.3,-35.764,-32.202,-35.781,-5.058,-5.062,-5.054,-5.055
0.21,0.21,0.0,3.4637,3.467,4.921,5.0193,3.5504,3.5787,0,0.0595,OK,0.297,FORMATION_FOLLOW|FORMATION_FOLLOW|FORMATION_FOLLOW|FORMATION_FOLLOW,1,1,29.4,-6.076,-6.004,-9.542,-9.555,-32.3,-35.763,-32.203,-35.781,-5.058,-5.061,-5.054,-5.056
0.21,0.21,0.0,3.4629,3.4655,4.9203,5.0182,3.5506,3.5782,0,0.059,OK,0.297,FORMATION_FOLLOW|FORMATION_FOLLOW|FORMATION_FOLLOW|FORMATION_FOLLOW,1,1,29.5,-6.047,-5.974,-9.511,-9.525,-32.301,-35.763,-32.203,-35.781,-5.058,-5.061,-5.054,-5.056
0.21,0.21,0.0,3.4629,3.4638,4.9197,5.0173,3.5505,3.5779,0,0.0585,OK,0.297,FORMATION_FOLLOW|FORMATION_FOLLOW|FORMATION_FOLLOW|FORMATION_FOLLOW,1,1,29.6,-6.018,-5.944,-9.481,-9.494,-32.3,-35.763,-32.204,-35.782,-5.058,-5.061,-5.054,-5.056
0.21,0.21,0.0,3.4637,3.4623,4.9195,5.0164,3.5497,3.5779,0,0.0581,OK,0.297,FORMATION_FOLLOW|FORMATION_FOLLOW|FORMATION_FOLLOW|FORMATION_FOLLOW,1,1,29.7,-5.989,-5.914,-9.45,-9.464,-32.3,-35.763,-32.205,-35.782,-5.058,-5.06,-5.054,-5.057
0.21,0.21,0.0,3.4644,3.4613,4.9196,5.0154,3.5484,3.5783,0,0.058,OK,0.297,FORMATION_FOLLOW|FORMATION_FOLLOW|FORMATION_FOLLOW|FORMATION_FOLLOW,1,1,29.8,-5.96,-5.885,-9.42,-9.434,-32.3,-35.763,-32.205,-35.783,-5.058,-5.06,-5.054,-5.057
0.21,0.21,0.0,3.4645,3.4609,4.9199,5.0146,3.5471,3.579,0,0.0579,OK,0.297,FORMATION_FOLLOW|FORMATION_FOLLOW|FORMATION_FOLLOW|FORMATION_FOLLOW,1,1,29.9,-5.931,-5.856,-9.39,-9.403,-32.3,-35.763,-32.206,-35.785,-5.058,-5.059,-5.054,-5.058
0.21,0.21,0.0,3.4644,3.4607,4.9201,5.0139,3.546,3.5798,0,0.058,OK,0.297,FORMATION_FOLLOW|FORMATION_FOLLOW|FORMATION_FOLLOW|FORMATION_FOLLOW,1,1,30.0,-5.901,-5.827,-9.36,-9.373,-32.3,-35.763,-32.206,-35.786,-5.058,-5.059,-5.055,-5.058
0.21,0.21,0.0,3.4643,3.4602,4.9204,5.013,3.5449,3.5805,0,0.058,OK,0.297,FORMATION_FOLLOW|FORMATION_FOLLOW|FORMATION_FOLLOW|FORMATION_FOLLOW,1,1,30.1,-5.871,-5.798,-9.33,-9.343,-32.3,-35.763,-32.206,-35.787,-5.058,-5.058,-5.055,-5.059
0.21,0.21,0.0,3.4641,3.4597,4.9208,5.0117,3.5439,3.5812,0,0.0578,OK,0.297,FORMATION_FOLLOW|FORMATION_FOLLOW|FORMATION_FOLLOW|FORMATION_FOLLOW,1,1,30.2,-5.842,-5.769,-9.3,-9.312,-32.3,-35.763,-32.207,-35.788,-5.058,-5.057,-5.056,-5.06
0.21,0.21,0.0,3.4638,3.4589,4.9211,5.0107,3.5434,3.5817,0,0.0577,OK,0.297,FORMATION_FOLLOW|FORMATION_FOLLOW|FORMATION_FOLLOW|FORMATION_FOLLOW,1,1,30.3,-5.812,-5.739,-9.27,-9.282,-32.3,-35.763,-32.207,-35.789,-5.058,-5.056,-5.056,-5.06
0.21,0.21,0.0,3.4636,3.4585,4.9212,5.0104,3.5433,3.5822,0,0.0576,OK,0.297,FORMATION_FOLLOW|FORMATION_FOLLOW|FORMATION_FOLLOW|FORMATION_FOLLOW,1,1,30.4,-5.783,-5.709,-9.24,-9.252,-32.3,-35.762,-32.207,-35.79,-5.059,-5.056,-5.057,-5.061
0.21,0.21,0.0,3.4631,3.4586,4.9216,5.0103,3.5434,3.5829,0,0.0577,OK,0.297,FORMATION_FOLLOW|FORMATION_FOLLOW|FORMATION_FOLLOW|FORMATION_FOLLOW,1,1,30.5,-5.753,-5.679,-9.21,-9.222,-32.299,-35.762,-32.207,-35.79,-5.058,-5.055,-5.057,-5.061
0.21,0.21,0.0,3.4625,3.4584,4.9218,5.0103,3.5438,3.5835,0,0.0577,OK,0.297,FORMATION_FOLLOW|FORMATION_FOLLOW|FORMATION_FOLLOW|FORMATION_FOLLOW,1,1,30.6,-5.723,-5.648,-9.18,-9.192,-32.299,-35.761,-32.207,-35.791,-5.059,-5.055,-5.057,-5.061
0.21,0.21,0.0,3.4624,3.4582,4.9216,5.0101,3.5437,3.5834,0,0.0575,OK,0.297,FORMATION_FOLLOW|FORMATION_FOLLOW|FORMATION_FOLLOW|FORMATION_FOLLOW,1,1,30.7,-5.693,-5.618,-9.15,-9.162,-32.299,-35.761,-32.207,-35.791,-5.059,-5.055,-5.058,-5.061
0.21,0.21,0.0,3.4627,3.4579,4.9214,5.0101,3.5436,3.5831,0,0.0572,OK,0.297,FORMATION_FOLLOW|FORMATION_FOLLOW|FORMATION_FOLLOW|FORMATION_FOLLOW,1,1,30.8,-5.663,-5.588,-9.12,-9.131,-32.299,-35.761,-32.207,-35.79,-5.059,-5.055,-5.058,-5.061
0.21,0.21,0.0,3.4633,3.4582,4.9219,5.01,3.5436,3.5829,0,0.0569,OK,0.297,FORMATION_FOLLOW|FORMATION_FOLLOW|FORMATION_FOLLOW|FORMATION_FOLLOW,1,1,30.9,-5.633,-5.558,-9.09,-9.101,-32.298,-35.76,-32.208,-35.79,-5.059,-5.055,-5.058,-5.06
0.21,0.21,0.0,3.4639,3.4586,4.9224,5.0101,3.5437,3.5826,0,0.0564,OK,0.297,FORMATION_FOLLOW|FORMATION_FOLLOW|FORMATION_FOLLOW|FORMATION_FOLLOW,1,1,31.0,-5.603,-5.527,-9.06,-9.071,-32.297,-35.76,-32.208,-35.79,-5.06,-5.055,-5.058,-5.059
0.21,0.21,0.0,3.4646,3.4588,4.9229,5.0099,3.544,3.5818,0,0.0558,OK,0.297,FORMATION_FOLLOW|FORMATION_FOLLOW|FORMATION_FOLLOW|FORMATION_FOLLOW,1,1,31.1,-5.572,-5.497,-9.03,-9.041,-32.297,-35.76,-32.208,-35.79,-5.06,-5.055,-5.059,-5.059
0.21,0.21,0.0,3.4652,3.4588,4.9236,5.0095,3.5443,3.5812,0,0.0553,OK,0.297,FORMATION_FOLLOW|FORMATION_FOLLOW|FORMATION_FOLLOW|FORMATION_FOLLOW,1,1,31.2,-5.542,-5.466,-8.999,-9.011,-32.296,-35.76,-32.209,-35.79,-5.06,-5.056,-5.059,-5.058
0.21,0.21,0.0,3.4662,3.4585,4.9248,5.009,3.5447,3.5812,0,0.0548,OK,0.297,FORMATION_FOLLOW|FORMATION_FOLLOW|FORMATION_FOLLOW|FORMATION_FOLLOW,1,1,31.3,-5.511,-5.436,-8.969,-8.981,-32.295,-35.76,-32.209,-35.79,-5.06,-5.056,-5.059,-5.058
0.21,0.21,0.0,3.4672,3.458,4.9253,5.0089,3.5448,3.5811,0,0.0545,OK,0.297,FORMATION_FOLLOW|FORMATION_FOLLOW|FORMATION_FOLLOW|FORMATION_FOLLOW,1,1,31.4,-5.482,-5.406,-8.939,-8.951,-32.294,-35.761,-32.21,-35.791,-5.06,-5.056,-5.06,-5.058
0.21,0.21,0.0,3.468,3.4579,4.9257,5.0091,3.5451,3.5808,0,0.0542,OK,0.297,FORMATION_FOLLOW|FORMATION_FOLLOW|FORMATION_FOLLOW|FORMATION_FOLLOW,1,1,31.5,-5.452,-5.376,-8.908,-8.921,-32.294,-35.761,-32.21,-35.791,-5.061,-5.056,-5.061,-5.058
0.21,0.21,0.0,3.4692,3.4584,4.9268,5.0092,3.5451,3.5807,0,0.0539,OK,0.297,FORMATION_FOLLOW|FORMATION_FOLLOW|FORMATION_FOLLOW|FORMATION_FOLLOW,1,1,31.6,-5.421,-5.346,-8.879,-8.891,-32.293,-35.761,-32.21,-35.791,-5.061,-5.056,-5.061,-5.058
0.21,0.21,0.0,3.4707,3.4595,4.9287,5.0091,3.5448,3.5809,0,0.0536,OK,0.297,FORMATION_FOLLOW|FORMATION_FOLLOW|FORMATION_FOLLOW|FORMATION_FOLLOW,1,1,31.7,-5.39,-5.316,-8.849,-8.861,-32.291,-35.761,-32.21,-35.791,-5.061,-5.056,-5.062,-5.057
0.21,0.21,0.0,3.4722,3.4605,4.9303,5.0093,3.5443,3.5812,0,0.0536,OK,0.297,FORMATION_FOLLOW|FORMATION_FOLLOW|FORMATION_FOLLOW|FORMATION_FOLLOW,1,1,31.8,-5.36,-5.287,-8.819,-8.831,-32.29,-35.762,-32.21,-35.791,-5.061,-5.056,-5.062,-5.057
0.21,0.21,0.0,3.4734,3.4619,4.9315,5.0094,3.5438,3.5812,0,0.0533,OK,0.297,FORMATION_FOLLOW|FORMATION_FOLLOW|FORMATION_FOLLOW|FORMATION_FOLLOW,1,1,31.9,-5.329,-5.257,-8.79,-8.801,-32.289,-35.762,-32.21,-35.791,-5.061,-5.056,-5.063,-5.057
0.21,0.21,0.0,3.4744,3.4631,4.9324,5.0093,3.5429,3.5809,0,0.053,OK,0.297,FORMATION_FOLLOW|FORMATION_FOLLOW|FORMATION_FOLLOW|FORMATION_FOLLOW,1,1,32.0,-5.298,-5.228,-8.761,-8.771,-32.288,-35.762,-32.21,-35.791,-5.061,-5.056,-5.063,-5.057
0.21,0.21,0.0,3.4751,3.4641,4.9332,5.0088,3.5418,3.5805,0,0.0526,OK,0.297,FORMATION_FOLLOW|FORMATION_FOLLOW|FORMATION_FOLLOW|FORMATION_FOLLOW,1,1,32.1,-5.268,-5.199,-8.731,-8.741,-32.287,-35.762,-32.21,-35.791,-5.061,-5.056,-5.063,-5.056
0.21,0.21,0.0,3.4756,3.4652,4.934,5.0086,3.5413,3.5803,0,0.0524,OK,0.297,FORMATION_FOLLOW|FORMATION_FOLLOW|FORMATION_FOLLOW|FORMATION_FOLLOW,1,1,32.2,-5.238,-5.17,-8.702,-8.712,-32.287,-35.762,-32.21,-35.791,-5.061,-5.056,-5.064,-5.056
0.21,0.21,0.0,3.4756,3.4663,4.9345,5.0086,3.5411,3.5802,0,0.0524,OK,0.297,FORMATION_FOLLOW|FORMATION_FOLLOW|FORMATION_FOLLOW|FORMATION_FOLLOW,1,1,32.3,-5.207,-5.141,-8.673,-8.682,-32.287,-35.761,-32.21,-35.79,-5.061,-5.056,-5.064,-5.056
0.21,0.21,0.0,3.4755,3.4677,4.9351,5.0089,3.5409,3.5803,0,0.0524,OK,0.297,FORMATION_FOLLOW|FORMATION_FOLLOW|FORMATION_FOLLOW|FORMATION_FOLLOW,1,1,32.4,-5.177,-5.112,-8.644,-8.652,-32.286,-35.761,-32.21,-35.79,-5.062,-5.057,-5.064,-5.057
0.21,0.21,0.0,3.4754,3.4689,4.9354,5.0091,3.5408,3.5801,0,0.0523,OK,0.297,FORMATION_FOLLOW|FORMATION_FOLLOW|FORMATION_FOLLOW|FORMATION_FOLLOW,1,1,32.5,-5.146,-5.082,-8.614,-8.623,-32.286,-35.761,-32.21,-35.79,-5.062,-5.057,-5.064,-5.057
0.21,0.21,0.0,3.4753,3.4699,4.9357,5.0089,3.5403,3.5797,0,0.052,OK,0.297,FORMATION_FOLLOW|FORMATION_FOLLOW|FORMATION_FOLLOW|FORMATION_FOLLOW,1,1,32.6,-5.116,-5.053,-8.585,-8.593,-32.286,-35.761,-32.21,-35.789,-5.062,-5.058,-5.064,-5.058
0.21,0.21,0.0,3.4754,3.4711,4.936,5.0086,3.5396,3.579,0,0.0515,OK,0.297,FORMATION_FOLLOW|FORMATION_FOLLOW|FORMATION_FOLLOW|FORMATION_FOLLOW,1,1,32.7,-5.086,-5.024,-8.556,-8.563,-32.286,-35.761,-32.21,-35.789,-5.062,-5.058,-5.064,-5.058
0.21,0.21,0.0,3.4757,3.473,4.9366,5.0086,3.5392,3.5782,0,0.0509,OK,0.297,FORMATION_FOLLOW|FORMATION_FOLLOW|FORMATION_FOLLOW|FORMATION_FOLLOW,1,1,32.8,-5.056,-4.995,-8.528,-8.534,-32.286,-35.761,-32.211,-35.789,-5.062,-5.059,-5.063,-5.059
0.21,0.21,0.0,3.4757,3.4747,4.9373,5.0087,3.5392,3.5775,0,0.0503,OK,0.297,FORMATION_FOLLOW|FORMATION_FOLLOW|FORMATION_FOLLOW|FORMATION_FOLLOW,1,1,32.9,-5.025,-4.965,-8.499,-8.504,-32.286,-35.761,-32.212,-35.789,-5.062,-5.059,-5.063,-5.059
0.21,0.21,0.0,3.4756,3.4759,4.9368,5.009,3.539,3.5765,0,0.0498,OK,0.297,FORMATION_FOLLOW|FORMATION_FOLLOW|FORMATION_FOLLOW|FORMATION_FOLLOW,1,1,33.0,-4.995,-4.935,-8.47,-8.474,-32.286,-35.761,-32.212,-35.789,-5.063,-5.059,-5.063,-5.06
0.21,0.21,0.0,3.475,3.4769,4.9356,5.0094,3.5385,3.5752,0,0.0493,OK,0.297,FORMATION_FOLLOW|FORMATION_FOLLOW|FORMATION_FOLLOW|FORMATION_FOLLOW,1,1,33.1,-4.966,-4.905,-8.442,-8.444,-32.287,-35.761,-32.213,-35.788,-5.063,-5.059,-5.063,-5.06
0.21,0.21,0.0,3.4741,3.4775,4.9338,5.0093,3.5376,3.5738,0,0.0489,OK,0.297,FORMATION_FOLLOW|FORMATION_FOLLOW|FORMATION_FOLLOW|FORMATION_FOLLOW,1,1,33.2,-4.936,-4.876,-8.413,-8.413,-32.288,-35.761,-32.214,-35.788,-5.063,-5.059,-5.063,-5.061
0.21,0.21,0.0,3.4734,3.4777,4.9319,5.0091,3.5368,3.5722,0,0.0484,OK,0.297,FORMATION_FOLLOW|FORMATION_FOLLOW|FORMATION_FOLLOW|FORMATION_FOLLOW,1,1,33.3,-4.907,-4.846,-8.384,-8.383,-32.289,-35.762,-32.215,-35.787,-5.064,-5.059,-5.063,-5.061
0.21,0.21,0.0,3.4726,3.4782,4.9303,5.0089,3.536,3.5706,0,0.048,OK,0.297,FORMATION_FOLLOW|FORMATION_FOLLOW|FORMATION_FOLLOW|FORMATION_FOLLOW,1,1,33.4,-4.877,-4.817,-8.354,-8.353,-32.291,-35.763,-32.217,-35.787,-5.064,-5.058,-5.062,-5.062
0.21,0.21,0.0,3.4719,3.4788,4.9289,5.0085,3.535,3.5692,0,0.0474,OK,0.297,FORMATION_FOLLOW|FORMATION_FOLLOW|FORMATION_FOLLOW|FORMATION_FOLLOW,1,1,33.5,-4.847,-4.787,-8.325,-8.322,-32.292,-35.763,-32.218,-35.787,-5.064,-5.058,-5.062,-5.062
0.21,0.21,0.0,3.4714,3.4792,4.9277,5.0084,3.5339,3.5685,0,0.0473,OK,0.297,FORMATION_FOLLOW|FORMATION_FOLLOW|FORMATION_FOLLOW|FORMATION_FOLLOW,1,1,33.6,-4.817,-4.757,-8.295,-8.291,-32.293,-35.764,-32.219,-35.787,-5.065,-5.058,-5.062,-5.063
0.21,0.21,0.0,3.4712,3.4795,4.9265,5.0083,3.5325,3.568,0,0.0473,OK,0.297,FORMATION_FOLLOW|FORMATION_FOLLOW|FORMATION_FOLLOW|FORMATION_FOLLOW,1,1,33.7,-4.787,-4.728,-8.265,-8.26,-32.294,-35.765,-32.219,-35.787,-5.065,-5.057,-5.062,-5.064
0.21,0.21,0.0,3.4709,3.4798,4.9255,5.0081,3.531,3.5679,0,0.0473,OK,0.297,FORMATION_FOLLOW|FORMATION_FOLLOW|FORMATION_FOLLOW|FORMATION_FOLLOW,1,1,33.8,-4.757,-4.698,-8.236,-8.229,-32.294,-35.765,-32.22,-35.788,-5.065,-5.057,-5.062,-5.064
0.21,0.21,0.0,3.4704,3.4802,4.9246,5.0079,3.5295,3.5679,0,0.0473,OK,0.297,FORMATION_FOLLOW|FORMATION_FOLLOW|FORMATION_FOLLOW|FORMATION_FOLLOW,1,1,33.9,-4.726,-4.668,-8.206,-8.198,-32.295,-35.765,-32.22,-35.788,-5.064,-5.057,-5.061,-5.065
0.21,0.21,0.0,3.4701,3.4807,4.9243,5.0079,3.5284,3.5685,0,0.0474,OK,0.297,FORMATION_FOLLOW|FORMATION_FOLLOW|FORMATION_FOLLOW|FORMATION_FOLLOW,1,1,34.0,-4.696,-4.638,-8.176,-8.167,-32.295,-35.765,-32.221,-35.789,-5.064,-5.056,-5.061,-5.065
0.21,0.21,0.0,3.4704,3.4811,4.9241,5.008,3.5268,3.5691,0,0.0475,OK,0.297,FORMATION_FOLLOW|FORMATION_FOLLOW|FORMATION_FOLLOW|FORMATION_FOLLOW,1,1,34.1,-4.666,-4.609,-8.147,-8.135,-32.295,-35.765,-32.221,-35.79,-5.063,-5.056,-5.061,-5.066
0.21,0.21,0.0,3.4706,3.4816,4.9235,5.0079,3.5246,3.5697,0,0.0477,OK,0.297,FORMATION_FOLLOW|FORMATION_FOLLOW|FORMATION_FOLLOW|FORMATION_FOLLOW,1,1,34.2,-4.636,-4.579,-8.117,-8.104,-32.295,-35.765,-32.221,-35.791,-5.063,-5.056,-5.061,-5.066
0.21,0.21,0.0,3.4703,3.4825,4.923,5.0078,3.5224,3.5705,0,0.0481,OK,0.297,FORMATION_FOLLOW|FORMATION_FOLLOW|FORMATION_FOLLOW|FORMATION_FOLLOW,1,1,34.3,-4.606,-4.55,-8.088,-8.072,-32.296,-35.765,-32.221,-35.791,-5.062,-5.056,-5.061,-5.066
0.21,0.21,0.0,3.4696,3.4832,4.9224,5.0074,3.5202,3.5713,0,0.0485,OK,0.297,FORMATION_FOLLOW|FORMATION_FOLLOW|FORMATION_FOLLOW|FORMATION_FOLLOW,1,1,34.4,-4.576,-4.521,-8.058,-8.041,-32.296,-35.765,-32.221,-35.792,-5.061,-5.056,-5.06,-5.067
0.21,0.21,0.0,3.4689,3.4835,4.922,5.0067,3.5183,3.572,0,0.0487,OK,0.297,FORMATION_FOLLOW|FORMATION_FOLLOW|FORMATION_FOLLOW|FORMATION_FOLLOW,1,1,34.5,-4.545,-4.491,-8.028,-8.01,-32.297,-35.765,-32.221,-35.793,-5.061,-5.055,-5.06,-5.068
0.21,0.21,0.0,3.4687,3.4835,4.9225,5.0059,3.5168,3.5731,0,0.0489,OK,0.297,FORMATION_FOLLOW|FORMATION_FOLLOW|FORMATION_FOLLOW|FORMATION_FOLLOW,1,1,34.6,-4.515,-4.462,-7.998,-7.979,-32.296,-35.765,-32.221,-35.794,-5.06,-5.055,-5.06,-5.068
0.21,0.21,0.0,3.4689,3.4834,4.9234,5.0051,3.5158,3.5742,0,0.0489,OK,0.297,FORMATION_FOLLOW|FORMATION_FOLLOW|FORMATION_FOLLOW|FORMATION_FOLLOW,1,1,34.7,-4.485,-4.432,-7.967,-7.948,-32.296,-35.765,-32.221,-35.796,-5.06,-5.054,-5.06,-5.068
0.21,0.21,0.0,3.4688,3.4832,4.9242,5.0037,3.5146,3.5749,0,0.0487,OK,0.297,FORMATION_FOLLOW|FORMATION_FOLLOW|FORMATION_FOLLOW|FORMATION_FOLLOW,1,1,34.8,-4.454,-4.403,-7.937,-7.917,-32.296,-35.765,-32.222,-35.797,-5.06,-5.054,-5.06,-5.068
0.21,0.21,0.0,3.4691,3.4828,4.9252,5.0025,3.5137,3.5756,0,0.0484,OK,0.297,FORMATION_FOLLOW|FORMATION_FOLLOW|FORMATION_FOLLOW|FORMATION_FOLLOW,1,1,34.9,-4.424,-4.373,-7.906,-7.887,-32.296,-35.765,-32.223,-35.799,-5.06,-5.054,-5.06,-5.067
0.21,0.21,0.0,3.469,3.4819,4.9262,5.001,3.5132,3.5763,0,0.0479,OK,0.297,FORMATION_FOLLOW|FORMATION_FOLLOW|FORMATION_FOLLOW|FORMATION_FOLLOW,1,1,35.0,-4.394,-4.344,-7.875,-7.857,-32.296,-35.765,-32.224,-35.801,-5.059,-5.054,-5.06,-5.066
0.21,0.21,0.0,3.4684,3.4809,4.9266,4.9997,3.5127,3.5771,0,0.0477,OK,0.297,FORMATION_FOLLOW|FORMATION_FOLLOW|FORMATION_FOLLOW|FORMATION_FOLLOW,1,1,35.1,-4.365,-4.314,-7.845,-7.826,-32.297,-35.765,-32.225,-35.802,-5.059,-5.054,-5.06,-5.066
0.21,0.21,0.0,3.468,3.4799,4.9262,4.9989,3.5119,3.5776,0,0.0477,OK,0.297,FORMATION_FOLLOW|FORMATION_FOLLOW|FORMATION_FOLLOW|FORMATION_FOLLOW,1,1,35.2,-4.335,-4.284,-7.814,-7.796,-32.298,-35.765,-32.226,-35.804,-5.059,-5.054,-5.06,-5.066
0.21,0.21,0.0,3.4676,3.4791,4.9258,4.9982,3.5113,3.5778,0,0.0478,OK,0.297,FORMATION_FOLLOW|FORMATION_FOLLOW|FORMATION_FOLLOW|FORMATION_FOLLOW,1,1,35.3,-4.305,-4.255,-7.784,-7.766,-32.299,-35.766,-32.227,-35.804,-5.059,-5.054,-5.06,-5.065
0.21,0.21,0.0,3.4675,3.4785,4.9255,4.9977,3.5107,3.5779,0,0.0479,OK,0.297,FORMATION_FOLLOW|FORMATION_FOLLOW|FORMATION_FOLLOW|FORMATION_FOLLOW,1,1,35.4,-4.275,-4.225,-7.753,-7.736,-32.3,-35.767,-32.227,-35.805,-5.059,-5.054,-5.06,-5.065
0.21,0.21,0.0,3.4677,3.4781,4.9255,4.9974,3.5105,3.578,0,0.0481,OK,0.297,FORMATION_FOLLOW|FORMATION_FOLLOW|FORMATION_FOLLOW|FORMATION_FOLLOW,1,1,35.5,-4.245,-4.196,-7.723,-7.706,-32.3,-35.768,-32.227,-35.805,-5.058,-5.054,-5.061,-5.064
0.21,0.21,0.0,3.4678,3.4778,4.9254,4.997,3.5103,3.5778,0,0.0482,OK,0.297,FORMATION_FOLLOW|FORMATION_FOLLOW|FORMATION_FOLLOW|FORMATION_FOLLOW,1,1,35.6,-4.215,-4.166,-7.692,-7.676,-32.301,-35.768,-32.228,-35.805,-5.058,-5.054,-5.061,-5.064
0.21,0.21,0.0,3.4673,3.4776,4.9253,4.9965,3.5105,3.5774,0,0.0482,OK,0.297,FORMATION_FOLLOW|FORMATION_FOLLOW|FORMATION_FOLLOW|FORMATION_FOLLOW,1,1,35.7,-4.185,-4.136,-7.661,-7.646,-32.302,-35.769,-32.228,-35.805,-5.057,-5.054,-5.062,-5.063
0.21,0.21,0.0,3.4665,3.4779,4.9254,4.9961,3.5106,3.5773,0,0.0483,OK,0.297,FORMATION_FOLLOW|FORMATION_FOLLOW|FORMATION_FOLLOW|FORMATION_FOLLOW,1,1,35.8,-4.154,-4.106,-7.631,-7.617,-32.303,-35.769,-32.228,-35.806,-5.057,-5.054,-5.062,-5.062
0.21,0.21,0.0,3.4658,3.4782,4.9256,4.9956,3.5103,3.5775,0,0.0486,OK,0.297,FORMATION_FOLLOW|FORMATION_FOLLOW|FORMATION_FOLLOW|FORMATION_FOLLOW,1,1,35.9,-4.124,-4.077,-7.601,-7.587,-32.303,-35.769,-32.228,-35.806,-5.057,-5.054,-5.063,-5.061
0.21,0.21,0.0,3.4655,3.4783,4.9258,4.9953,3.5099,3.5781,0,0.0489,OK,0.297,FORMATION_FOLLOW|FORMATION_FOLLOW|FORMATION_FOLLOW|FORMATION_FOLLOW,1,1,36.0,-4.094,-4.047,-7.571,-7.557,-32.303,-35.769,-32.228,-35.806,-5.057,-5.054,-5.064,-5.061
0.21,0.21,0.0,3.4653,3.4784,4.926,4.9955,3.51,3.5785,0,0.0493,OK,0.297,FORMATION_FOLLOW|FORMATION_FOLLOW|FORMATION_FOLLOW|FORMATION_FOLLOW,1,1,36.1,-4.064,-4.018,-7.541,-7.528,-32.304,-35.769,-32.228,-35.806,-5.057,-5.054,-5.064,-5.06
0.21,0.21,0.0,3.4648,3.4783,4.9263,4.9953,3.5101,3.5793,0,0.0499,OK,0.297,FORMATION_FOLLOW|FORMATION_FOLLOW|FORMATION_FOLLOW|FORMATION_FOLLOW,1,1,36.2,-4.034,-3.988,-7.511,-7.498,-32.304,-35.769,-32.227,-35.807,-5.057,-5.055,-5.065,-5.06
0.21,0.21,0.0,3.4639,3.4786,4.9267,4.9954,3.5103,3.5805,0,0.0504,OK,0.297,FORMATION_FOLLOW|FORMATION_FOLLOW|FORMATION_FOLLOW|FORMATION_FOLLOW,1,1,36.3,-4.004,-3.958,-7.481,-7.468,-32.305,-35.768,-32.227,-35.807,-5.057,-5.055,-5.065,-5.059
0.21,0.21,0.0,3.4631,3.4789,4.927,4.9953,3.5103,3.5813,0,0.0507,OK,0.297,FORMATION_FOLLOW|FORMATION_FOLLOW|FORMATION_FOLLOW|FORMATION_FOLLOW,1,1,36.4,-3.973,-3.928,-7.451,-7.438,-32.305,-35.768,-32.227,-35.808,-5.057,-5.055,-5.065,-5.059
0.21,0.21,0.0,3.4625,3.479,4.9269,4.9951,3.5097,3.5819,0,0.0511,OK,0.297,FORMATION_FOLLOW|FORMATION_FOLLOW|FORMATION_FOLLOW|FORMATION_FOLLOW,1,1,36.5,-3.943,-3.899,-7.421,-7.408,-32.306,-35.768,-32.226,-35.808,-5.057,-5.055,-5.065,-5.058
0.21,0.21,0.0,3.4621,3.4793,4.9263,4.9955,3.5091,3.5825,0,0.0517,OK,0.297,FORMATION_FOLLOW|FORMATION_FOLLOW|FORMATION_FOLLOW|FORMATION_FOLLOW,1,1,36.6,-3.914,-3.869,-7.392,-7.378,-32.306,-35.768,-32.226,-35.808,-5.057,-5.055,-5.065,-5.058
0.21,0.21,0.0,3.4616,3.4802,4.9259,4.9963,3.5084,3.5833,0,0.0524,OK,0.297,FORMATION_FOLLOW|FORMATION_FOLLOW|FORMATION_FOLLOW|FORMATION_FOLLOW,1,1,36.7,-3.884,-3.84,-7.363,-7.348,-32.307,-35.768,-32.225,-35.808,-5.057,-5.055,-5.065,-5.058
0.21,0.21,0.0,3.4612,3.4814,4.9257,4.9971,3.5078,3.5839,0,0.053,OK,0.297,FORMATION_FOLLOW|FORMATION_FOLLOW|FORMATION_FOLLOW|FORMATION_FOLLOW,1,1,36.8,-3.854,-3.81,-7.334,-7.318,-32.307,-35.768,-32.225,-35.808,-5.057,-5.055,-5.064,-5.058
0.21,0.21,0.0,3.4608,3.4825,4.925,4.9979,3.5069,3.5843,0,0.0534,OK,0.297,FORMATION_FOLLOW|FORMATION_FOLLOW|FORMATION_FOLLOW|FORMATION_FOLLOW,1,1,36.9,-3.824,-3.781,-7.306,-7.288,-32.307,-35.768,-32.224,-35.809,-5.057,-5.056,-5.064,-5.058
0.21,0.21,0.0,3.4603,3.4835,4.9241,4.9989,3.506,3.585,0,0.0539,OK,0.297,FORMATION_FOLLOW|FORMATION_FOLLOW|FORMATION_FOLLOW|FORMATION_FOLLOW,1,1,37.0,-3.795,-3.752,-7.277,-7.258,-32.308,-35.768,-32.224,-35.809,-5.056,-5.055,-5.063,-5.058
0.21,0.21,0.0,3.46,3.4849,4.9239,4.9998,3.5052,3.5856,0,0.0543,OK,0.297,FORMATION_FOLLOW|FORMATION_FOLLOW|FORMATION_FOLLOW|FORMATION_FOLLOW,1,1,37.1,-3.765,-3.722,-7.249,-7.227,-32.308,-35.768,-32.224,-35.809,-5.056,-5.055,-5.063,-5.058
0.21,0.21,0.0,3.46,3.4862,4.9236,5.0009,3.5047,3.5861,0,0.0546,OK,0.297,FORMATION_FOLLOW|FORMATION_FOLLOW|FORMATION_FOLLOW|FORMATION_FOLLOW,1,1,37.2,-3.736,-3.693,-7.221,-7.197,-32.308,-35.768,-32.224,-35.81,-5.056,-5.055,-5.063,-5.058
0.21,0.21,0.0,3.4602,3.4875,4.9236,5.0023,3.504,3.5872,0,0.0553,OK,0.297,FORMATION_FOLLOW|FORMATION_FOLLOW|FORMATION_FOLLOW|FORMATION_FOLLOW,1,1,37.3,-3.706,-3.663,-7.193,-7.167,-32.308,-35.768,-32.223,-35.81,-5.055,-5.055,-5.062,-5.058
0.21,0.21,0.0,3.4608,3.4889,4.9235,5.0039,3.503,3.5884,0,0.0562,OK,0.297,FORMATION_FOLLOW|FORMATION_FOLLOW|FORMATION_FOLLOW|FORMATION_FOLLOW,1,1,37.4,-3.677,-3.634,-7.165,-7.136,-32.308,-35.769,-32.223,-35.811,-5.055,-5.054,-5.062,-5.058
0.21,0.21,0.0,3.4616,3.4902,4.9232,5.0054,3.5019,3.5891,0,0.0568,OK,0.297,FORMATION_FOLLOW|FORMATION_FOLLOW|FORMATION_FOLLOW|FORMATION_FOLLOW,1,1,37.5,-3.647,-3.604,-7.137,-7.106,-32.308,-35.769,-32.223,-35.812,-5.055,-5.055,-5.062,-5.058
0.21,0.21,0.0,3.4624,3.4916,4.9228,5.0068,3.5006,3.5895,0,0.0573,OK,0.297,FORMATION_FOLLOW|FORMATION_FOLLOW|FORMATION_FOLLOW|FORMATION_FOLLOW,1,1,37.6,-3.618,-3.575,-7.108,-7.075,-32.307,-35.769,-32.223,-35.812,-5.054,-5.055,-5.062,-5.058
0.21,0.21,0.0,3.4629,3.4925,4.9222,5.0081,3.4995,3.5902,0,0.0579,OK,0.297,FORMATION_FOLLOW|FORMATION_FOLLOW|FORMATION_FOLLOW|FORMATION_FOLLOW,1,1,37.7,-3.588,-3.545,-7.08,-7.044,-32.307,-35.77,-32.222,-35.812,-5.054,-5.055,-5.062,-5.058
0.21,0.21,0.0,3.4634,3.4929,4.9217,5.0094,3.4989,3.591,0,0.0584,OK,0.297,FORMATION_FOLLOW|FORMATION_FOLLOW|FORMATION_FOLLOW|FORMATION_FOLLOW,1,1,37.8,-3.559,-3.514,-7.051,-7.013,-32.307,-35.77,-32.222,-35.813,-5.054,-5.055,-5.062,-5.058
0.21,0.21,0.0,3.4637,3.4931,4.9211,5.0108,3.4989,3.5917,0,0.0591,OK,0.297,FORMATION_FOLLOW|FORMATION_FOLLOW|FORMATION_FOLLOW|FORMATION_FOLLOW,1,1,37.9,-3.529,-3.484,-7.022,-6.983,-32.307,-35.77,-32.221,-35.813,-5.055,-5.055,-5.061,-5.058
0.21,0.21,0.0,3.4637,3.4931,4.9202,5.0122,3.4992,3.5921,0,0.0596,OK,0.297,FORMATION_FOLLOW|FORMATION_FOLLOW|FORMATION_FOLLOW|FORMATION_FOLLOW,1,1,38.0,-3.5,-3.453,-6.992,-6.952,-32.307,-35.77,-32.221,-35.813,-5.055,-5.055,-5.061,-5.058
0.21,0.21,0.0,3.4633,3.4933,4.9195,5.0131,3.4996,3.5923,0,0.0599,OK,0.297,FORMATION_FOLLOW|FORMATION_FOLLOW|FORMATION_FOLLOW|FORMATION_FOLLOW,1,1,38.1,-3.471,-3.422,-6.963,-6.922,-32.308,-35.77,-32.221,-35.813,-5.055,-5.054,-5.06,-5.058
0.21,0.21,0.0,3.4624,3.4933,4.9189,5.0137,3.5,3.5927,0,0.0602,OK,0.297,FORMATION_FOLLOW|FORMATION_FOLLOW|FORMATION_FOLLOW|FORMATION_FOLLOW,1,1,38.2,-3.441,-3.392,-6.933,-6.891,-32.308,-35.77,-32.221,-35.814,-5.055,-5.055,-5.06,-5.058
0.21,0.21,0.0,3.4613,3.4924,4.918,5.0141,3.5007,3.5934,0,0.0604,OK,0.297,FORMATION_FOLLOW|FORMATION_FOLLOW|FORMATION_FOLLOW|FORMATION_FOLLOW,1,1,38.3,-3.412,-3.361,-6.903,-6.861,-32.309,-35.77,-32.221,-35.814,-5.056,-5.055,-5.06,-5.058
0.21,0.21,0.0,3.4603,3.491,4.9172,5.0135,3.5014,3.5934,0,0.0601,OK,0.297,FORMATION_FOLLOW|FORMATION_FOLLOW|FORMATION_FOLLOW|FORMATION_FOLLOW,1,1,38.4,-3.383,-3.33,-6.873,-6.831,-32.309,-35.769,-32.222,-35.815,-5.056,-5.055,-5.06,-5.058
0.21,0.21,0.0,3.4595,3.4895,4.9167,5.0126,3.5021,3.5929,0,0.0595,OK,0.297,FORMATION_FOLLOW|FORMATION_FOLLOW|FORMATION_FOLLOW|FORMATION_FOLLOW,1,1,38.5,-3.353,-3.3,-6.842,-6.801,-32.31,-35.769,-32.222,-35.815,-5.056,-5.056,-5.06,-5.058
0.21,0.21,0.0,3.4591,3.4886,4.9164,5.012,3.5028,3.5922,0,0.0589,OK,0.297,FORMATION_FOLLOW|FORMATION_FOLLOW|FORMATION_FOLLOW|FORMATION_FOLLOW,1,1,38.6,-3.324,-3.269,-6.811,-6.772,-32.31,-35.769,-32.223,-35.815,-5.057,-5.056,-5.059,-5.058
0.21,0.21,0.0,3.4591,3.4874,4.9159,5.0115,3.5032,3.5915,0,0.0583,OK,0.297,FORMATION_FOLLOW|FORMATION_FOLLOW|FORMATION_FOLLOW|FORMATION_FOLLOW,1,1,38.7,-3.295,-3.239,-6.781,-6.742,-32.31,-35.769,-32.223,-35.815,-5.057,-5.057,-5.059,-5.058
0.21,0.21,0.0,3.4594,3.4855,4.915,5.0111,3.5033,3.591,0,0.0578,OK,0.297,FORMATION_FOLLOW|FORMATION_FOLLOW|FORMATION_FOLLOW|FORMATION_FOLLOW,1,1,38.8,-3.266,-3.208,-6.75,-6.712,-32.31,-35.769,-32.224,-35.815,-5.058,-5.058,-5.059,-5.058
0.21,0.21,0.0,3.4598,3.4839,4.9144,5.0108,3.5035,3.5909,0,0.0574,OK,0.297,FORMATION_FOLLOW|FORMATION_FOLLOW|FORMATION_FOLLOW|FORMATION_FOLLOW,1,1,38.9,-3.237,-3.178,-6.72,-6.681,-32.31,-35.769,-32.224,-35.815,-5.058,-5.058,-5.059,-5.058
0.21,0.21,0.0,3.4605,3.4821,4.9142,5.0104,3.5035,3.5911,0,0.057,OK,0.297,FORMATION_FOLLOW|FORMATION_FOLLOW|FORMATION_FOLLOW|FORMATION_FOLLOW,1,1,39.0,-3.208,-3.147,-6.689,-6.651,-32.309,-35.769,-32.224,-35.815,-5.058,-5.059,-5.059,-5.057
0.21,0.21,0.0,3.4617,3.4801,4.9141,5.01,3.5031,3.5917,0,0.0568,OK,0.297,FORMATION_FOLLOW|FORMATION_FOLLOW|FORMATION_FOLLOW|FORMATION_FOLLOW,1,1,39.1,-3.179,-3.117,-6.658,-6.62,-32.308,-35.769,-32.224,-35.816,-5.058,-5.059,-5.059,-5.057
0.21,0.21,0.0,3.4633,3.4784,4.9144,5.0102,3.503,3.5925,0,0.0568,OK,0.297,FORMATION_FOLLOW|FORMATION_FOLLOW|FORMATION_FOLLOW|FORMATION_FOLLOW,1,1,39.2,-3.15,-3.087,-6.627,-6.59,-32.306,-35.769,-32.224,-35.816,-5.058,-5.06,-5.059,-5.057
0.21,0.21,0.0,3.4651,3.4769,4.915,5.011,3.5035,3.5936,0,0.0569,OK,0.297,FORMATION_FOLLOW|FORMATION_FOLLOW|FORMATION_FOLLOW|FORMATION_FOLLOW,1,1,39.3,-3.121,-3.056,-6.597,-6.559,-32.305,-35.769,-32.223,-35.817,-5.059,-5.06,-5.06,-5.057
0.21,0.21,0.0,3.4668,3.4754,4.9152,5.012,3.5042,3.5943,0,0.057,OK,0.297,FORMATION_FOLLOW|FORMATION_FOLLOW|FORMATION_FOLLOW|FORMATION_FOLLOW,1,1,39.4,-3.092,-3.025,-6.566,-6.529,-32.304,-35.77,-32.223,-35.817,-5.059,-5.06,-5.06,-5.057
0.21,0.21,0.0,3.4681,3.4743,4.9154,5.0128,3.5052,3.5946,0,0.0569,OK,0.297,FORMATION_FOLLOW|FORMATION_FOLLOW|FORMATION_FOLLOW|FORMATION_FOLLOW,1,1,39.5,-3.063,-2.994,-6.536,-6.499,-32.303,-35.77,-32.223,-35.818,-5.06,-5.06,-5.061,-5.057
0.21,0.21,0.0,3.4688,3.4736,4.9157,5.0133,3.5064,3.5947,0,0.0566,OK,0.297,FORMATION_FOLLOW|FORMATION_FOLLOW|FORMATION_FOLLOW|FORMATION_FOLLOW,1,1,39.6,-3.033,-2.963,-6.506,-6.469,-32.302,-35.77,-32.223,-35.818,-5.06,-5.06,-5.061,-5.057
0.21,0.21,0.0,3.469,3.4729,4.9161,5.0134,3.5075,3.5948,0,0.0564,OK,0.297,FORMATION_FOLLOW|FORMATION_FOLLOW|FORMATION_FOLLOW|FORMATION_FOLLOW,1,1,39.7,-3.004,-2.932,-6.476,-6.439,-32.301,-35.77,-32.223,-35.818,-5.06,-5.06,-5.061,-5.058
0.21,0.21,0.0,3.4693,3.4725,4.9166,5.0133,3.5082,3.5946,0,0.0561,OK,0.297,FORMATION_FOLLOW|FORMATION_FOLLOW|FORMATION_FOLLOW|FORMATION_FOLLOW,1,1,39.8,-2.974,-2.902,-6.446,-6.41,-32.3,-35.769,-32.223,-35.817,-5.06,-5.059,-5.061,-5.058
0.21,0.21,0.0,3.4692,3.472,4.9167,5.0129,3.5087,3.5944,0,0.0558,OK,0.297,FORMATION_FOLLOW|FORMATION_FOLLOW|FORMATION_FOLLOW|FORMATION_FOLLOW,1,1,39.9,-2.944,-2.872,-6.415,-6.38,-32.3,-35.768,-32.222,-35.817,-5.059,-5.059,-5.062,-5.058
0.21,0.21,0.0,3.4681,3.472,4.9166,5.0125,3.5094,3.594,0,0.0555,OK,0.297,FORMATION_FOLLOW|FORMATION_FOLLOW|FORMATION_FOLLOW|FORMATION_FOLLOW,1,1,40.0,-2.914,-2.841,-6.385,-6.351,-32.3,-35.767,-32.222,-35.816,-5.059,-5.059,-5.062,-5.058
0.21,0.21,0.0,3.4673,3.4725,4.9165,5.0118,3.5096,3.5931,0,0.0548,OK,0.297,FORMATION_FOLLOW|FORMATION_FOLLOW|FORMATION_FOLLOW|FORMATION_FOLLOW,1,1,40.1,-2.884,-2.811,-6.356,-6.321,-32.3,-35.766,-32.223,-35.816,-5.059,-5.059,-5.062,-5.058
0.21,0.21,0.0,3.4666,3.4732,4.9163,5.0114,3.5095,3.5923,0,0.0543,OK,0.297,FORMATION_FOLLOW|FORMATION_FOLLOW|FORMATION_FOLLOW|FORMATION_FOLLOW,1,1,40.2,-2.854,-2.781,-6.326,-6.29,-32.299,-35.765,-32.223,-35.815,-5.059,-5.059,-5.062,-5.058
0.21,0.21,0.0,3.4659,3.4741,4.916,5.0113,3.5095,3.5914,0,0.0539,OK,0.297,FORMATION_FOLLOW|FORMATION_FOLLOW|FORMATION_FOLLOW|FORMATION_FOLLOW,1,1,40.3,-2.823,-2.75,-6.297,-6.259,-32.299,-35.764,-32.223,-35.815,-5.058,-5.059,-5.062,-5.059
0.21,0.21,0.0,3.4658,3.4753,4.9159,5.0117,3.5096,3.5907,0,0.0536,OK,0.297,FORMATION_FOLLOW|FORMATION_FOLLOW|FORMATION_FOLLOW|FORMATION_FOLLOW,1,1,40.4,-2.793,-2.72,-6.267,-6.229,-32.299,-35.764,-32.224,-35.814,-5.058,-5.059,-5.061,-5.059
0.21,0.21,0.0,3.4662,3.4765,4.9161,5.0118,3.5094,3.5899,0,0.0532,OK,0.297,FORMATION_FOLLOW|FORMATION_FOLLOW|FORMATION_FOLLOW|FORMATION_FOLLOW,1,1,40.5,-2.762,-2.689,-6.238,-6.198,-32.298,-35.764,-32.225,-35.814,-5.058,-5.059,-5.061,-5.058
0.21,0.21,0.0,3.4669,3.4772,4.9165,5.0112,3.5087,3.5887,0,0.0524,OK,0.297,FORMATION_FOLLOW|FORMATION_FOLLOW|FORMATION_FOLLOW|FORMATION_FOLLOW,1,1,40.6,-2.731,-2.659,-6.208,-6.168,-32.298,-35.764,-32.225,-35.814,-5.057,-5.059,-5.061,-5.058
0.21,0.21,0.0,3.4678,3.4777,4.9169,5.0106,3.5076,3.588,0,0.0518,OK,0.297,FORMATION_FOLLOW|FORMATION_FOLLOW|FORMATION_FOLLOW|FORMATION_FOLLOW,1,1,40.7,-2.701,-2.63,-6.178,-6.137,-32.297,-35.764,-32.226,-35.814,-5.057,-5.06,-5.061,-5.058
0.21,0.21,0.0,3.4685,3.4778,4.917,5.0099,3.5067,3.5872,0,0.0512,OK,0.297,FORMATION_FOLLOW|FORMATION_FOLLOW|FORMATION_FOLLOW|FORMATION_FOLLOW,1,1,40.8,-2.671,-2.6,-6.148,-6.106,-32.296,-35.764,-32.227,-35.814,-5.056,-5.06,-5.062,-5.058
0.21,0.21,0.0,3.469,3.4774,4.9168,5.0092,3.5058,3.5866,0,0.0508,OK,0.297,FORMATION_FOLLOW|FORMATION_FOLLOW|FORMATION_FOLLOW|FORMATION_FOLLOW,1,1,40.9,-2.641,-2.57,-6.118,-6.076,-32.296,-35.764,-32.227,-35.813,-5.056,-5.061,-5.062,-5.058
0.21,0.21,0.0,3.4691,3.4767,4.916,5.0086,3.5049,3.5863,0,0.0507,OK,0.297,FORMATION_FOLLOW|FORMATION_FOLLOW|FORMATION_FOLLOW|FORMATION_FOLLOW,1,1,41.0,-2.611,-2.541,-6.087,-6.046,-32.296,-35.764,-32.227,-35.813,-5.055,-5.061,-5.062,-5.058
0.21,0.21,0.0,3.4687,3.4763,4.9154,5.0084,3.5045,3.5864,0,0.0509,OK,0.297,FORMATION_FOLLOW|FORMATION_FOLLOW|FORMATION_FOLLOW|FORMATION_FOLLOW,1,1,41.1,-2.581,-2.511,-6.057,-6.016,-32.297,-35.764,-32.227,-35.813,-5.055,-5.061,-5.062,-5.058
0.21,0.21,0.0,3.4677,3.4765,4.9148,5.0081,3.5042,3.5863,0,0.0511,OK,0.297,FORMATION_FOLLOW|FORMATION_FOLLOW|FORMATION_FOLLOW|FORMATION_FOLLOW,1,1,41.2,-2.551,-2.482,-6.026,-5.985,-32.297,-35.764,-32.227,-35.813,-5.055,-5.062,-5.061,-5.059
0.21,0.21,0.0,3.4665,3.477,4.9141,5.0075,3.5039,3.5854,0,0.0509,OK,0.297,FORMATION_FOLLOW|FORMATION_FOLLOW|FORMATION_FOLLOW|FORMATION_FOLLOW,1,1,41.3,-2.52,-2.452,-5.996,-5.955,-32.298,-35.764,-32.227,-35.812,-5.055,-5.062,-5.061,-5.059
0.21,0.21,0.0,3.4652,3.4776,4.9135,5.007,3.5039,3.5847,0,0.0507,OK,0.297,FORMATION_FOLLOW|FORMATION_FOLLOW|FORMATION_FOLLOW|FORMATION_FOLLOW,1,1,41.4,-2.489,-2.422,-5.966,-5.925,-32.299,-35.764,-32.227,-35.812,-5.055,-5.062,-5.061,-5.059
0.21,0.21,0.0,3.4639,3.4776,4.9131,5.006,3.5038,3.5839,0,0.0503,OK,0.297,FORMATION_FOLLOW|FORMATION_FOLLOW|FORMATION_FOLLOW|FORMATION_FOLLOW,1,1,41.5,-2.459,-2.392,-5.936,-5.896,-32.3,-35.763,-32.228,-35.811,-5.055,-5.061,-5.061,-5.059
0.21,0.21,0.0,3.4629,3.4777,4.913,5.0048,3.5036,3.5832,0,0.0499,OK,0.297,FORMATION_FOLLOW|FORMATION_FOLLOW|FORMATION_FOLLOW|FORMATION_FOLLOW,1,1,41.6,-2.429,-2.363,-5.906,-5.866,-32.3,-35.762,-32.228,-35.811,-5.055,-5.061,-5.061,-5.058
0.21,0.21,0.0,3.4622,3.478,4.9132,5.0039,3.5038,3.5824,0,0.0494,OK,0.297,FORMATION_FOLLOW|FORMATION_FOLLOW|FORMATION_FOLLOW|FORMATION_FOLLOW,1,1,41.7,-2.399,-2.334,-5.876,-5.837,-32.3,-35.762,-32.228,-35.81,-5.056,-5.061,-5.061,-5.058
0.21,0.21,0.0,3.4615,3.478,4.9134,5.0027,3.5041,3.5814,0,0.0487,OK,0.297,FORMATION_FOLLOW|FORMATION_FOLLOW|FORMATION_FOLLOW|FORMATION_FOLLOW,1,1,41.8,-2.369,-2.304,-5.846,-5.808,-32.3,-35.761,-32.228,-35.81,-5.056,-5.06,-5.061,-5.058
0.21,0.21,0.0,3.4608,3.4776,4.9137,5.0014,3.5043,3.5809,0,0.0482,OK,0.297,FORMATION_FOLLOW|FORMATION_FOLLOW|FORMATION_FOLLOW|FORMATION_FOLLOW,1,1,41.9,-2.339,-2.275,-5.816,-5.779,-32.301,-35.761,-32.229,-35.81,-5.056,-5.06,-5.061,-5.057
0.21,0.21,0.0,3.4596,3.477,4.9138,4.9996,3.5043,3.5803,0,0.0475,OK,0.297,FORMATION_FOLLOW|FORMATION_FOLLOW|FORMATION_FOLLOW|FORMATION_FOLLOW,1,1,42.0,-2.309,-2.245,-5.785,-5.749,-32.301,-35.76,-32.23,-35.81,-5.057,-5.06,-5.061,-5.057
0.21,0.21,0.0,3.4583,3.4759,4.9137,4.9974,3.5041,3.5796,0,0.0466,OK,0.297,FORMATION_FOLLOW|FORMATION_FOLLOW|FORMATION_FOLLOW|FORMATION_FOLLOW,1,1,42.1,-2.279,-2.216,-5.754,-5.72,-32.302,-35.76,-32.23,-35.81,-5.058,-5.06,-5.061,-5.057
0.21,0.21,0.0,3.457,3.4745,4.9129,4.9952,3.5034,3.5789,0,0.0459,OK,0.297,FORMATION_FOLLOW|FORMATION_FOLLOW|FORMATION_FOLLOW|FORMATION_FOLLOW,1,1,42.2,-2.25,-2.187,-5.723,-5.69,-32.302,-35.759,-32.231,-35.81,-5.059,-5.06,-5.061,-5.056
0.21,0.21,0.0,3.4556,3.4731,4.9118,4.9934,3.5027,3.5782,0,0.0467,OK,0.297,FORMATION_FOLLOW|FORMATION_FOLLOW|FORMATION_FOLLOW|FORMATION_FOLLOW,1,1,42.3,-2.22,-2.157,-5.693,-5.66,-32.303,-35.758,-32.232,-35.81,-5.059,-5.06,-5.061,-5.057
0.21,0.21,0.0,3.455,3.4716,4.9109,4.9916,3.5017,3.5774,0,0.0472,OK,0.297,FORMATION_FOLLOW|FORMATION_FOLLOW|FORMATION_FOLLOW|FORMATION_FOLLOW,1,1,42.4,-2.191,-2.128,-5.662,-5.63,-32.303,-35.758,-32.232,-35.809,-5.06,-5.06,-5.061,-5.057
0.21,0.21,0.0,3.4548,3.47,4.9102,4.99,3.501,3.5766,0,0.0476,OK,0.297,FORMATION_FOLLOW|FORMATION_FOLLOW|FORMATION_FOLLOW|FORMATION_FOLLOW,1,1,42.5,-2.161,-2.099,-5.63,-5.6,-32.303,-35.758,-32.232,-35.809,-5.061,-5.06,-5.062,-5.057
0.21,0.21,0.0,3.4549,3.4689,4.9098,4.9887,3.5003,3.5761,0,0.0478,OK,0.297,FORMATION_FOLLOW|FORMATION_FOLLOW|FORMATION_FOLLOW|FORMATION_FOLLOW,1,1,42.6,-2.131,-2.07,-5.6,-5.57,-32.304,-35.758,-32.232,-35.808,-5.061,-5.059,-5.062,-5.057
0.21,0.21,0.0,3.455,3.4678,4.9094,4.9877,3.4998,3.5753,0,0.0481,OK,0.297,FORMATION_FOLLOW|FORMATION_FOLLOW|FORMATION_FOLLOW|FORMATION_FOLLOW,1,1,42.7,-2.102,-2.041,-5.569,-5.54,-32.304,-35.758,-32.233,-35.808,-5.062,-5.058,-5.062,-5.057
0.21,0.21,0.0,3.4552,3.4667,4.909,4.9863,3.4996,3.574,0,0.0481,OK,0.297,FORMATION_FOLLOW|FORMATION_FOLLOW|FORMATION_FOLLOW|FORMATION_FOLLOW,1,1,42.8,-2.072,-2.011,-5.538,-5.511,-32.304,-35.759,-32.234,-35.808,-5.062,-5.057,-5.063,-5.057
0.21,0.21,0.0,3.4556,3.4655,4.9085,4.9852,3.5,3.5722,0,0.0483,OK,0.297,FORMATION_FOLLOW|FORMATION_FOLLOW|FORMATION_FOLLOW|FORMATION_FOLLOW,1,1,42.9,-2.043,-1.982,-5.507,-5.481,-32.304,-35.759,-32.235,-35.807,-5.063,-5.057,-5.063,-5.058
0.21,0.21,0.0,3.4561,3.464,4.9078,4.9844,3.5006,3.5702,0,0.0487,OK,0.297,FORMATION_FOLLOW|FORMATION_FOLLOW|FORMATION_FOLLOW|FORMATION_FOLLOW,1,1,43.0,-2.013,-1.952,-5.477,-5.452,-32.305,-35.76,-32.236,-35.806,-5.063,-5.056,-5.064,-5.058
0.21,0.21,0.0,3.4573,3.4625,4.9075,4.984,3.5014,3.5688,0,0.0489,OK,0.297,FORMATION_FOLLOW|FORMATION_FOLLOW|FORMATION_FOLLOW|FORMATION_FOLLOW,1,1,43.1,-1.984,-1.922,-5.446,-5.423,-32.305,-35.761,-32.237,-35.805,-5.063,-5.056,-5.064,-5.058
0.21,0.21,0.0,3.4584,3.461,4.9074,4.9838,3.5022,3.568,0,0.0491,OK,0.297,FORMATION_FOLLOW|FORMATION_FOLLOW|FORMATION_FOLLOW|FORMATION_FOLLOW,1,1,43.2,-1.955,-1.892,-5.415,-5.394,-32.305,-35.762,-32.237,-35.805,-5.064,-5.055,-5.064,-5.058
0.21,0.21,0.0,3.4588,3.4595,4.9069,4.9834,3.5025,3.5675,0,0.0496,OK,0.297,FORMATION_FOLLOW|FORMATION_FOLLOW|FORMATION_FOLLOW|FORMATION_FOLLOW,1,1,43.3,-1.925,-1.862,-5.384,-5.365,-32.305,-35.763,-32.237,-35.805,-5.064,-5.055,-5.064,-5.059
0.21,0.21,0.0,3.4587,3.4585,4.9066,4.9833,3.503,3.5676,0,0.0501,OK,0.297,FORMATION_FOLLOW|FORMATION_FOLLOW|FORMATION_FOLLOW|FORMATION_FOLLOW,1,1,43.4,-1.896,-1.833,-5.354,-5.335,-32.305,-35.763,-32.237,-35.805,-5.064,-5.055,-5.063,-5.059
0.21,0.21,0.0,3.4588,3.4574,4.9066,4.9835,3.5038,3.568,0,0.0505,OK,0.297,FORMATION_FOLLOW|FORMATION_FOLLOW|FORMATION_FOLLOW|FORMATION_FOLLOW,1,1,43.5,-1.867,-1.803,-5.324,-5.306,-32.306,-35.764,-32.237,-35.805,-5.065,-5.054,-5.063,-5.059
0.21,0.21,0.0,3.4587,3.4558,4.9069,4.9829,3.5047,3.5685,0,0.051,OK,0.297,FORMATION_FOLLOW|FORMATION_FOLLOW|FORMATION_FOLLOW|FORMATION_FOLLOW,1,1,43.6,-1.838,-1.773,-5.293,-5.277,-32.306,-35.764,-32.237,-35.805,-5.064,-5.054,-5.063,-5.059
0.21,0.21,0.0,3.4588,3.4541,4.9075,4.9824,3.5054,3.5693,0,0.0513,OK,0.297,FORMATION_FOLLOW|FORMATION_FOLLOW|FORMATION_FOLLOW|FORMATION_FOLLOW,1,1,43.7,-1.808,-1.743,-5.262,-5.248,-32.306,-35.764,-32.237,-35.806,-5.064,-5.054,-5.062,-5.059
0.21,0.21,0.0,3.4589,3.4526,4.9081,4.9818,3.5058,3.5703,0,0.0515,OK,0.297,FORMATION_FOLLOW|FORMATION_FOLLOW|FORMATION_FOLLOW|FORMATION_FOLLOW,1,1,43.8,-1.779,-1.713,-5.231,-5.219,-32.306,-35.764,-32.236,-35.807,-5.063,-5.054,-5.062,-5.059
0.21,0.21,0.0,3.4588,3.4519,4.909,4.9809,3.5058,3.5713,0,0.0514,OK,0.297,FORMATION_FOLLOW|FORMATION_FOLLOW|FORMATION_FOLLOW|FORMATION_FOLLOW,1,1,43.9,-1.749,-1.684,-5.2,-5.19,-32.306,-35.764,-32.236,-35.808,-5.063,-5.054,-5.062,-5.06
0.21,0.21,0.0,3.459,3.4514,4.91,4.9799,3.5057,3.5718,0,0.051,OK,0.297,FORMATION_FOLLOW|FORMATION_FOLLOW|FORMATION_FOLLOW|FORMATION_FOLLOW,1,1,44.0,-1.719,-1.655,-5.17,-5.16,-32.306,-35.764,-32.236,-35.808,-5.063,-5.054,-5.062,-5.06
0.21,0.21,0.0,3.4591,3.4507,4.911,4.9791,3.506,3.5721,0,0.0507,OK,0.297,FORMATION_FOLLOW|FORMATION_FOLLOW|FORMATION_FOLLOW|FORMATION_FOLLOW,1,1,44.1,-1.689,-1.626,-5.139,-5.131,-32.306,-35.764,-32.236,-35.808,-5.063,-5.054,-5.061,-5.061
0.21,0.21,0.0,3.4592,3.4504,4.9121,4.9785,3.5066,3.5724,0,0.0504,OK,0.297,FORMATION_FOLLOW|FORMATION_FOLLOW|FORMATION_FOLLOW|FORMATION_FOLLOW,1,1,44.2,-1.659,-1.596,-5.109,-5.102,-32.305,-35.764,-32.236,-35.809,-5.063,-5.055,-5.061,-5.061
0.21,0.21,0.0,3.4594,3.4501,4.9131,4.978,3.5074,3.5725,0,0.0501,OK,0.297,FORMATION_FOLLOW|FORMATION_FOLLOW|FORMATION_FOLLOW|FORMATION_FOLLOW,1,1,44.3,-1.629,-1.566,-5.079,-5.073,-32.305,-35.764,-32.237,-35.809,-5.063,-5.055,-5.061,-5.061
0.21,0.21,0.0,3.4593,3.45,4.9138,4.9776,3.5079,3.5725,0,0.0499,OK,0.297,FORMATION_FOLLOW|FORMATION_FOLLOW|FORMATION_FOLLOW|FORMATION_FOLLOW,1,1,44.4,-1.6,-1.537,-5.049,-5.044,-32.305,-35.764,-32.237,-35.809,-5.063,-5.055,-5.061,-5.062
0.21,0.21,0.0,3.4588,3.4504,4.9144,4.9774,3.5082,3.573,0,0.0496,OK,0.297,FORMATION_FOLLOW|FORMATION_FOLLOW|FORMATION_FOLLOW|FORMATION_FOLLOW,1,1,44.5,-1.569,-1.507,-5.019,-5.015,-32.306,-35.764,-32.237,-35.81,-5.063,-5.056,-5.061,-5.062
0.21,0.21,0.0,3.459,3.451,4.915,4.9781,3.5085,3.5738,0,0.0493,OK,0.297,FORMATION_FOLLOW|FORMATION_FOLLOW|FORMATION_FOLLOW|FORMATION_FOLLOW,1,1,44.6,-1.54,-1.478,-4.99,-4.986,-32.305,-35.764,-32.236,-35.81,-5.063,-5.056,-5.061,-5.063
0.21,0.21,0.0,3.4596,3.4515,4.9153,4.9792,3.5088,3.5743,0,0.0491,OK,0.297,FORMATION_FOLLOW|FORMATION_FOLLOW|FORMATION_FOLLOW|FORMATION_FOLLOW,1,1,44.7,-1.51,-1.448,-4.961,-4.956,-32.305,-35.764,-32.236,-35.81,-5.063,-5.057,-5.06,-5.063
0.21,0.21,0.0,3.4599,3.4516,4.9155,4.9799,3.5091,3.5749,0,0.0492,OK,0.297,FORMATION_FOLLOW|FORMATION_FOLLOW|FORMATION_FOLLOW|FORMATION_FOLLOW,1,1,44.8,-1.481,-1.418,-4.932,-4.927,-32.305,-35.764,-32.236,-35.81,-5.063,-5.057,-5.06,-5.064
0.21,0.21,0.0,3.4604,3.451,4.9158,4.9806,3.5098,3.5757,0,0.0494,OK,0.297,FORMATION_FOLLOW|FORMATION_FOLLOW|FORMATION_FOLLOW|FORMATION_FOLLOW,1,1,44.9,-1.452,-1.388,-4.903,-4.898,-32.305,-35.764,-32.235,-35.811,-5.062,-5.057,-5.06,-5.064
0.21,0.21,0.0,3.4613,3.4502,4.9161,4.9814,3.5103,3.5767,0,0.0497,OK,0.297,FORMATION_FOLLOW|FORMATION_FOLLOW|FORMATION_FOLLOW|FORMATION_FOLLOW,1,1,45.0,-1.423,-1.358,-4.873,-4.868,-32.304,-35.765,-32.235,-35.812,-5.062,-5.057,-5.06,-5.065
