absent,cur_x,cur_y,cur_z,d_0_1,d_0_2,d_1_2,episodes,form_err,form_err_present,formation_state,max_drift,modes,occ_G06,p1_ok,p2_ok,t,x0,x1,x2,y0,y1,y2,z0,z1,z2
,0.0,0.0,0.0,3.4999,7.0001,3.5002,0,0.0002,0.0002,OK,0.0,MUTEX_APPROACH|MUTEX_APPROACH|MUTEX_APPROACH,0,1,1,0.1,-11.256,-10.738,-10.22,18.603,15.141,11.68,-4.301,-4.301,-4.3
,0.0,0.0,0.0,3.4999,7.0003,3.5004,0,0.0004,0.0004,OK,0.0,MUTEX_APPROACH|MUTEX_APPROACH|MUTEX_APPROACH,0,1,1,0.2,-11.247,-10.729,-10.211,18.604,15.143,11.681,-4.302,-4.302,-4.302
,0.0,0.0,0.0,3.5005,7.001,3.5005,0,0.0009,0.0009,OK,0.0,MUTEX_APPROACH|MUTEX_APPROACH|MUTEX_APPROACH,0,1,1,0.3,-11.233,-10.715,-10.198,18.607,15.145,11.683,-4.304,-4.303,-4.303
,0.0,0.0,0.0,3.5012,7.0018,3.5006,0,0.0014,0.0014,OK,0.0,MUTEX_APPROACH|MUTEX_APPROACH|MUTEX_APPROACH,0,1,1,0.4,-11.217,-10.699,-10.182,18.61,15.148,11.686,-4.306,-4.305,-4.304
,0.0,0.0,0.0,3.5017,7.0025,3.5008,0,0.0019,0.0019,OK,0.0,MUTEX_APPROACH|MUTEX_YIELD|MUTEX_YIELD,0,1,1,0.5,-11.198,-10.681,-10.164,18.614,15.151,11.688,-4.309,-4.308,-4.306
,0.0,0.0,0.0,3.5018,7.0031,3.5013,0,0.0023,0.0023,OK,0.0,MUTEX_YIELD|MUTEX_YIELD|MUTEX_YIELD,0,1,1,0.6,-11.178,-10.662,-10.144,18.618,15.154,11.691,-4.311,-4.311,-4.309
,0.0,0.0,0.0,3.5019,7.0042,3.5023,0,0.0027,0.0027,OK,0.0,MUTEX_YIELD|MUTEX_YIELD|MUTEX_YIELD,0,1,1,0.7,-11.158,-10.641,-10.123,18.621,15.158,11.694,-4.314,-4.314,-4.312
,0.0,0.0,0.0,3.5019,7.0056,3.5037,0,0.0034,0.0034,OK,0.0,MUTEX_YIELD|MUTEX_YIELD|MUTEX_YIELD,0,1,1,0.8,-11.137,-10.62,-10.103,18.625,15.162,11.697,-4.317,-4.317,-4.315
,0.0,0.0,0.0,3.5022,7.0071,3.5049,0,0.0042,0.0042,OK,0.0,MUTEX_YIELD|MUTEX_YIELD|MUTEX_YIELD,0,1,1,0.9,-11.117,-10.6,-10.082,18.63,15.166,11.7,-4.319,-4.32,-4.319
,0.0,0.0,0.0,3.5025,7.0082,3.5057,0,0.0049,0.0049,OK,0.0,MUTEX_YIELD|MUTEX_YIELD|MUTEX_YIELD,0,1,1,1.0,-11.097,-10.579,-10.063,18.634,15.17,11.703,-4.321,-4.323,-4.323
,0.0,0.0,0.0,3.5027,7.009,3.5063,0,0.0056,0.0056,OK,0.0,MUTEX_YIELD|MUTEX_YIELD|MUTEX_YIELD,0,1,1,1.1,-11.078,-10.559,-10.044,18.638,15.174,11.706,-4.324,-4.326,-4.326
,0.0,0.0,0.0,3.5033,7.0098,3.5065,0,0.0061,0.0061,OK,0.0,MUTEX_YIELD|MUTEX_YIELD|MUTEX_YIELD,0,1,1,1.2,-11.06,-10.54,-10.025,18.642,15.178,11.709,-4.326,-4.329,-4.329
,0.0,0.0,0.0,3.5042,7.0107,3.5065,0,0.0065,0.0065,OK,0.0,MUTEX_YIELD|MUTEX_YIELD|MUTEX_YIELD,0,1,1,1.3,-11.043,-10.521,-10.008,18.646,15.181,11.712,-4.329,-4.332,-4.332
,0.0,0.0,0.0,3.5051,7.0116,3.5065,0,0.0069,0.0069,OK,0.0,MUTEX_YIELD|MUTEX_YIELD|MUTEX_YIELD,0,1,1,1.4,-11.027,-10.504,-9.992,18.65,15.184,11.715,-4.331,-4.335,-4.335
,0.0,0.0,0.0,3.5059,7.0124,3.5065,0,0.0072,0.0072,OK,0.0,MUTEX_YIELD|MUTEX_YIELD|MUTEX_YIELD,0,1,1,1.5,-11.012,-10.488,-9.977,18.653,15.187,11.718,-4.334,-4.338,-4.337
,0.0,0.0,0.0,3.5058,7.0126,3.5068,0,0.0074,0.0074,OK,0.0,MUTEX_YIELD|MUTEX_YIELD|MUTEX_YIELD,0,1,1,1.6,-10.998,-10.473,-9.962,18.656,15.19,11.72,-4.337,-4.34,-4.339
,0.0,0.0,0.0,3.505,7.0124,3.5074,0,0.0092,0.0092,OK,0.0,MUTEX_PASS|MUTEX_YIELD|MUTEX_YIELD,0,1,1,1.7,-10.978,-10.459,-9.95,18.659,15.192,11.722,-4.34,-4.343,-4.341
,0.0,0.0,0.0,3.5038,7.0115,3.5077,0,0.0145,0.0145,OK,0.0,MUTEX_PASS|MUTEX_YIELD|MUTEX_YIELD,0,1,1,1.8,-10.95,-10.446,-9.938,18.663,15.195,11.725,-4.343,-4.346,-4.343
,0.0,0.0,0.0,3.5021,7.0105,3.5085,0,0.0299,0.0299,OK,0.0,MUTEX_PASS|MUTEX_YIELD|MUTEX_YIELD,0,1,1,1.9,-10.916,-10.435,-9.928,18.667,15.198,11.727,-4.346,-4.349,-4.345
,0.0,0.0,0.0,3.5008,7.01,3.5094,0,0.0499,0.0499,OK,0.0,MUTEX_PASS|MUTEX_YIELD|MUTEX_YIELD,0,1,1,2.0,-10.876,-10.426,-9.919,18.673,15.201,11.728,-4.348,-4.351,-4.347
,0.0,0.0,0.0,3.5003,7.0103,3.5106,0,0.0733,0.0733,OK,0.0,MUTEX_PASS|MUTEX_YIELD|MUTEX_YIELD,0,1,1,2.1,-10.833,-10.418,-9.91,18.679,15.203,11.73,-4.35,-4.354,-4.348
,0.0,0.0,0.0,3.5004,7.0113,3.5121,0,0.0993,0.0993,OK,0.0,MUTEX_PASS|MUTEX_YIELD|MUTEX_YIELD,0,1,1,2.2,-10.787,-10.41,-9.903,18.686,15.205,11.73,-4.352,-4.355,-4.35
,0.0,0.0,0.0,3.5011,7.0121,3.5131,0,0.1277,0.1277,OK,0.0,MUTEX_PASS|MUTEX_YIELD|MUTEX_YIELD,0,1,1,2.3,-10.737,-10.403,-9.896,18.692,15.207,11.731,-4.353,-4.357,-4.351
,0.0,0.0,0.0,3.5029,7.0134,3.5138,0,0.1583,0.1583,OK,0.0,MUTEX_PASS|MUTEX_YIELD|MUTEX_YIELD,0,1,1,2.4,-10.686,-10.397,-9.89,18.699,15.208,11.731,-4.355,-4.358,-4.352
,0.0,0.0,0.0,3.5056,7.0149,3.5145,0,0.1907,0.1907,OK,0.0,MUTEX_PASS|MUTEX_YIELD|MUTEX_YIELD,0,1,1,2.5,-10.633,-10.393,-9.885,18.707,15.21,11.732,-4.356,-4.358,-4.353
,0.0,0.0,0.0,3.5095,7.017,3.5148,0,0.2244,0.2244,OK,0.0,MUTEX_PASS|MUTEX_YIELD|MUTEX_YIELD,0,1,1,2.6,-10.579,-10.389,-9.881,18.715,15.21,11.732,-4.357,-4.359,-4.354
,0.0,0.0,0.0,3.5142,7.0192,3.5148,0,0.2588,0.2588,OK,0.0,MUTEX_PASS|MUTEX_YIELD|MUTEX_YIELD,0,1,1,2.7,-10.525,-10.386,-9.877,18.722,15.211,11.733,-4.358,-4.359,-4.355
,0.0,0.0,0.0,3.5201,7.022,3.5149,0,0.2937,0.2937,OK,0.0,MUTEX_PASS|MUTEX_YIELD|MUTEX_YIELD,0,1,1,2.8,-10.47,-10.384,-9.873,18.73,15.211,11.734,-4.359,-4.359,-4.357
,0.0,0.0,0.0,3.5268,7.0259,3.5155,0,0.3293,0.3293,OK,0.0,MUTEX_PASS|MUTEX_YIELD|MUTEX_YIELD,0,1,1,2.9,-10.415,-10.382,-9.871,18.739,15.212,11.734,-4.359,-4.359,-4.358
,0.0,0.0,0.0,3.535,7.0303,3.5157,0,0.3655,0.3655,OK,0.0,MUTEX_PASS|MUTEX_YIELD|MUTEX_YIELD,0,1,1,3.0,-10.359,-10.38,-9.869,18.747,15.212,11.734,-4.36,-4.359,-4.359
,0.0,0.0,0.0,3.5441,7.0347,3.5153,0,0.4021,0.4021,OK,0.0,MUTEX_PASS|MUTEX_YIELD|MUTEX_YIELD,0,1,1,3.1,-10.303,-10.378,-9.867,18.755,15.212,11.734,-4.36,-4.359,-4.36
,0.0,0.0,0.0,3.5531,7.0388,3.5152,0,0.4391,0.4391,OK,0.0,MUTEX_PASS|MUTEX_YIELD|MUTEX_YIELD,0,1,1,3.2,-10.247,-10.377,-9.866,18.763,15.212,11.734,-4.36,-4.358,-4.36
,0.0,0.0,0.0,3.5614,7.0418,3.5152,0,0.4764,0.4764,OK,0.0,MUTEX_PASS|MUTEX_YIELD|MUTEX_YIELD,0,1,1,3.3,-10.191,-10.377,-9.865,18.769,15.212,11.735,-4.36,-4.357,-4.36
,0.0,0.0,0.0,3.5682,7.0434,3.5158,0,0.5135,0.5135,OK,0.0,MUTEX_PASS|MUTEX_YIELD|MUTEX_YIELD,0,1,1,3.4,-10.134,-10.376,-9.864,18.773,15.213,11.735,-4.36,-4.356,-4.36
,0.0,0.0,0.0,3.5736,7.0432,3.5163,0,0.5506,0.5506,OK,0.0,MUTEX_PASS|MUTEX_YIELD|MUTEX_YIELD,0,1,1,3.5,-10.078,-10.376,-9.863,18.775,15.213,11.735,-4.36,-4.355,-4.361
,0.0,0.0,0.0,3.5774,7.0405,3.5165,0,0.5876,0.5876,OK,0.0,MUTEX_PASS|MUTEX_YIELD|MUTEX_YIELD,0,1,1,3.6,-10.022,-10.376,-9.863,18.774,15.214,11.735,-4.36,-4.354,-4.361
,0.0,0.0,0.0,3.5796,7.0361,3.517,0,0.6244,0.6244,OK,0.0,MUTEX_PASS|MUTEX_YIELD|MUTEX_YIELD,0,1,1,3.7,-9.965,-10.376,-9.862,18.771,15.215,11.735,-4.36,-4.353,-4.361
,0.0,0.0,0.0,3.5805,7.0304,3.5179,0,0.6609,0.6609,OK,0.0,MUTEX_PASS|MUTEX_YIELD|MUTEX_YIELD,0,1,1,3.8,-9.909,-10.376,-9.862,18.765,15.215,11.735,-4.36,-4.352,-4.36
,0.0,0.0,0.0,3.5796,7.0229,3.5191,0,0.6967,0.6967,OK,0.0,MUTEX_PASS|MUTEX_YIELD|MUTEX_YIELD,0,1,1,3.9,-9.854,-10.375,-9.862,18.757,15.216,11.735,-4.359,-4.352,-4.36
,0.0,0.0,0.0,3.5768,7.0128,3.5199,0,0.7321,0.7321,OK,0.0,MUTEX_PASS|MUTEX_YIELD|MUTEX_YIELD,0,1,1,4.0,-9.8,-10.374,-9.861,18.747,15.217,11.734,-4.359,-4.352,-4.36
,0.0,0.0,0.0,3.5724,7.0006,3.5205,0,0.7671,0.7671,OK,0.0,MUTEX_PASS|MUTEX_YIELD|MUTEX_YIELD,0,1,1,4.1,-9.745,-10.374,-9.861,18.734,15.217,11.734,-4.358,-4.351,-4.359
,0.0,0.0,0.0,3.5668,6.9869,3.5213,0,0.802,0.802,OK,0.0,MUTEX_PASS|MUTEX_YIELD|MUTEX_YIELD,0,1,1,4.2,-9.692,-10.373,-9.861,18.719,15.218,11.734,-4.358,-4.351,-4.359
,0.0,0.0,0.0,3.5596,6.9715,3.5222,0,0.8364,0.8364,OK,0.0,MUTEX_PASS|MUTEX_YIELD|MUTEX_YIELD,0,1,1,4.3,-9.639,-10.373,-9.86,18.701,15.218,11.733,-4.358,-4.351,-4.358
,0.0,0.0,0.0,3.551,6.9543,3.5231,0,0.87,0.87,OK,0.0,MUTEX_PASS|MUTEX_YIELD|MUTEX_YIELD,0,1,1,4.4,-9.588,-10.372,-9.86,18.682,15.219,11.733,-4.358,-4.351,-4.357
,0.0,0.0,0.0,3.5414,6.9355,3.5235,0,0.903,0.903,OK,0.0,MUTEX_PASS|MUTEX_YIELD|MUTEX_YIELD,0,1,1,4.5,-9.538,-10.371,-9.86,18.661,15.219,11.733,-4.358,-4.351,-4.357
,0.0,0.0,0.0,3.5308,6.9149,3.5235,0,0.9357,0.9357,OK,0.0,MUTEX_PASS|MUTEX_YIELD|MUTEX_YIELD,0,1,1,4.6,-9.489,-10.371,-9.859,18.637,15.219,11.732,-4.358,-4.352,-4.356
,0.0,0.0,0.0,3.5187,6.8926,3.5235,0,0.9678,0.9678,OK,0.0,MUTEX_PASS|MUTEX_YIELD|MUTEX_YIELD,0,1,1,4.7,-9.441,-10.37,-9.859,18.612,15.218,11.732,-4.358,-4.352,-4.356
,0.0,0.0,0.0,3.5052,6.8688,3.5236,0,0.9992,0.9992,OK,0.0,MUTEX_PASS|MUTEX_YIELD|MUTEX_YIELD,0,1,1,4.8,-9.394,-10.369,-9.858,18.585,15.218,11.732,-4.359,-4.352,-4.356
,0.0,0.0,0.0,3.4906,6.8436,3.5238,0,1.0303,1.0303,OK,0.0,MUTEX_PASS|MUTEX_YIELD|MUTEX_YIELD,0,1,1,4.9,-9.348,-10.368,-9.857,18.556,15.218,11.731,-4.359,-4.352,-4.356
,0.0,0.0,0.0,3.475,6.8171,3.5241,0,1.0611,1.0611,OK,0.0,MUTEX_PASS|MUTEX_YIELD|MUTEX_YIELD,0,1,1,5.0,-9.304,-10.368,-9.856,18.526,15.218,11.731,-4.36,-4.352,-4.356
,0.0,0.0,0.0,3.4592,6.79,3.5244,0,1.0917,1.0917,OK,0.0,MUTEX_PASS|MUTEX_YIELD|MUTEX_YIELD,0,1,1,5.1,-9.26,-10.368,-9.855,18.495,15.218,11.731,-4.361,-4.352,-4.356
,0.0,0.0,0.0,3.4429,6.7621,3.5248,0,1.1222,1.1222,OK,0.0,MUTEX_PASS|MUTEX_YIELD|MUTEX_YIELD,0,1,1,5.2,-9.217,-10.368,-9.855,18.462,15.218,11.73,-4.361,-4.353,-4.356
,0.0,0.0,0.0,3.4262,6.7335,3.5252,0,1.1527,1.1527,OK,0.0,MUTEX_PASS|MUTEX_YIELD|MUTEX_YIELD,0,1,1,5.3,-9.175,-10.368,-9.854,18.429,15.217,11.73,-4.362,-4.353,-4.356
,0.0,0.0,0.0,3.409,6.7044,3.5258,0,1.1831,1.1831,OK,0.0,MUTEX_PASS|MUTEX_YIELD|MUTEX_YIELD,0,1,1,5.4,-9.134,-10.368,-9.854,18.395,15.217,11.729,-4.362,-4.354,-4.356
,0.0,0.0,0.0,3.3919,6.6747,3.5263,1,1.2137,1.2137,LOST,0.0,MUTEX_PASS|MUTEX_YIELD|MUTEX_YIELD,0,1,1,5.5,-9.093,-10.369,-9.853,18.36,15.217,11.729,-4.362,-4.354,-4.355
,0.0,0.0,0.0,3.3747,6.6447,3.5269,1,1.2441,1.2441,LOST,0.0,MUTEX_PASS|MUTEX_YIELD|MUTEX_YIELD,0,1,1,5.6,-9.053,-10.369,-9.853,18.325,15.217,11.728,-4.361,-4.355,-4.354
,0.0,0.0,0.0,3.3575,6.6147,3.5279,1,1.2746,1.2746,LOST,0.0,MUTEX_PASS|MUTEX_YIELD|MUTEX_YIELD,0,1,1,5.7,-9.013,-10.369,-9.852,18.289,15.218,11.728,-4.361,-4.355,-4.353
,0.0,0.0,0.0,3.3405,6.5846,3.5288,1,1.3047,1.3047,LOST,0.0,MUTEX_PASS|MUTEX_YIELD|MUTEX_YIELD,0,1,1,5.8,-8.974,-10.369,-9.851,18.253,15.218,11.727,-4.361,-4.356,-4.353
,0.0,0.0,0.0,3.3234,6.5543,3.5299,1,1.3348,1.3348,LOST,0.0,MUTEX_PASS|MUTEX_YIELD|MUTEX_YIELD,0,1,1,5.9,-8.935,-10.369,-9.851,18.217,15.219,11.727,-4.36,-4.356,-4.352
,0.0,0.0,0.0,3.3153,6.5337,3.5312,1,1.3642,1.3642,LOST,0.0,SEPARATION_WARNING|MUTEX_YIELD|MUTEX_YIELD,0,1,1,6.0,-8.895,-10.368,-9.85,18.19,15.22,11.727,-4.359,-4.356,-4.352
,0.0,0.0,0.0,3.3198,6.5213,3.5326,1,1.3948,1.3948,LOST,0.0,SEPARATION_WARNING|SEPARATION_WARNING|MUTEX_YIELD,0,1,1,6.1,-8.856,-10.375,-9.849,18.172,15.22,11.726,-4.358,-4.357,-4.352
,0.0,0.0,0.0,3.3404,6.5175,3.5285,1,1.4252,1.4252,LOST,0.0,SEPARATION_WARNING|SEPARATION_WARNING|MUTEX_YIELD,0,1,1,6.2,-8.817,-10.387,-9.849,18.162,15.213,11.726,-4.356,-4.357,-4.351
,0.0,0.0,0.0,3.3719,6.5226,3.5225,1,1.4548,1.4548,LOST,0.0,SEPARATION_WARNING|SEPARATION_WARNING|MUTEX_YIELD,0,1,1,6.3,-8.777,-10.4,-9.848,18.16,15.205,11.726,-4.355,-4.357,-4.351
,0.0,0.0,0.0,3.4051,6.5304,3.5181,1,1.4834,1.4834,LOST,0.0,SEPARATION_WARNING|SEPARATION_WARNING|MUTEX_YIELD,0,1,1,6.4,-8.737,-10.414,-9.846,18.162,15.199,11.727,-4.353,-4.356,-4.351
,0.0,0.0,0.0,3.4373,6.5383,3.5155,1,1.5115,1.5115,LOST,0.0,SEPARATION_WARNING|SEPARATION_WARNING|MUTEX_YIELD,0,1,1,6.5,-8.7,-10.429,-9.845,18.164,15.193,11.726,-4.35,-4.354,-4.351
,0.0,0.0,0.0,3.469,6.5461,3.5139,1,1.5396,1.5396,LOST,0.0,SEPARATION_WARNING|SEPARATION_WARNING|MUTEX_YIELD,0,1,1,6.6,-8.663,-10.444,-9.843,18.165,15.188,11.726,-4.346,-4.352,-4.351
,0.0,0.0,0.0,3.5009,6.5538,3.5129,1,1.5677,1.5677,LOST,0.0,SEPARATION_WARNING|SEPARATION_WARNING|MUTEX_YIELD,0,1,1,6.7,-8.626,-10.46,-9.842,18.166,15.184,11.726,-4.342,-4.349,-4.351
,0.0,0.0,0.0,3.5328,6.5614,3.5123,1,1.5957,1.5957,LOST,0.0,SEPARATION_WARNING|SEPARATION_WARNING|MUTEX_YIELD,0,1,1,6.8,-8.59,-10.477,-9.84,18.167,15.18,11.725,-4.338,-4.346,-4.352
,0.0,0.0,0.0,3.5645,6.5694,3.5125,1,1.6236,1.6236,LOST,0.0,SEPARATION_WARNING|SEPARATION_WARNING|MUTEX_YIELD,0,1,1,6.9,-8.555,-10.493,-9.839,18.168,15.176,11.725,-4.333,-4.343,-4.353
,0.0,0.0,0.0,3.5964,6.5777,3.5131,1,1.6513,1.6513,LOST,0.0,SEPARATION_WARNING|SEPARATION_WARNING|MUTEX_YIELD,0,1,1,7.0,-8.52,-10.51,-9.839,18.169,15.173,11.725,-4.327,-4.339,-4.353
,0.0,0.0,0.0,3.6274,6.5855,3.5137,1,1.6778,1.6778,LOST,0.0,SEPARATION_WARNING|SEPARATION_WARNING|MUTEX_YIELD,0,1,1,7.1,-8.487,-10.527,-9.838,18.17,15.171,11.725,-4.322,-4.335,-4.354
,0.0,0.0,0.0,3.6521,6.5861,3.5143,1,1.704,1.704,LOST,0.0,MUTEX_PASS|SEPARATION_WARNING|MUTEX_YIELD,0,1,1,7.2,-8.456,-10.544,-9.838,18.164,15.168,11.725,-4.317,-4.331,-4.355
,0.0,0.0,0.0,3.6693,6.5779,3.5154,1,1.7305,1.7305,LOST,0.0,MUTEX_PASS|SEPARATION_WARNING|MUTEX_YIELD,0,1,1,7.3,-8.427,-10.561,-9.838,18.15,15.165,11.725,-4.314,-4.326,-4.356
,0.0,0.0,0.0,3.6803,6.5624,3.5166,1,1.757,1.757,LOST,0.0,MUTEX_PASS|SEPARATION_WARNING|MUTEX_YIELD,0,1,1,7.4,-8.399,-10.579,-9.837,18.128,15.162,11.725,-4.312,-4.322,-4.357
,0.0,0.0,0.0,3.6866,6.5413,3.5181,1,1.7838,1.7838,LOST,0.0,MUTEX_PASS|SEPARATION_WARNING|MUTEX_YIELD,0,1,1,7.5,-8.372,-10.596,-9.837,18.1,15.16,11.725,-4.31,-4.317,-4.358
,0.0,0.0,0.0,3.6894,6.5156,3.5199,1,1.8109,1.8109,LOST,0.0,MUTEX_PASS|SEPARATION_WARNING|MUTEX_YIELD,0,1,1,7.6,-8.345,-10.614,-9.836,18.067,15.157,11.724,-4.31,-4.313,-4.359
,0.0,0.0,0.0,3.6892,6.4858,3.5215,1,1.8384,1.8384,LOST,0.0,MUTEX_PASS|SEPARATION_WARNING|MUTEX_YIELD,0,1,1,7.7,-8.319,-10.631,-9.836,18.03,15.155,11.724,-4.31,-4.308,-4.359
,0.0,0.0,0.0,3.6871,6.4526,3.5228,1,1.8664,1.8664,LOST,0.0,MUTEX_PASS|SEPARATION_WARNING|MUTEX_YIELD,0,1,1,7.8,-8.294,-10.648,-9.836,17.99,15.153,11.725,-4.311,-4.303,-4.359
,0.0,0.0,0.0,3.684,6.4174,3.5241,1,1.8946,1.8946,LOST,0.0,MUTEX_PASS|SEPARATION_WARNING|MUTEX_YIELD,0,1,1,7.9,-8.269,-10.665,-9.837,17.949,15.151,11.726,-4.313,-4.298,-4.36
,0.0,0.0,0.0,3.6799,6.381,3.5256,1,1.9229,1.9229,LOST,0.0,MUTEX_PASS|SEPARATION_WARNING|MUTEX_YIELD,0,1,1,8.0,-8.244,-10.682,-9.837,17.905,15.148,11.726,-4.315,-4.294,-4.361
,0.0,0.0,0.0,3.6755,6.3437,3.5277,1,1.9514,1.9514,LOST,0.0,MUTEX_PASS|SEPARATION_WARNING|MUTEX_YIELD,0,1,1,8.1,-8.22,-10.698,-9.837,17.861,15.147,11.727,-4.317,-4.289,-4.362
,0.0,0.0,0.0,3.6711,6.3058,3.5302,1,1.9805,1.9805,LOST,0.0,MUTEX_PASS|SEPARATION_WARNING|MUTEX_YIELD,0,1,1,8.2,-8.195,-10.715,-9.837,17.815,15.145,11.727,-4.32,-4.284,-4.362
,0.0,0.0,0.0,3.6675,6.2675,3.5328,1,2.0105,2.0105,LOST,0.0,MUTEX_PASS|SEPARATION_WARNING|MUTEX_YIELD,0,1,1,8.3,-8.17,-10.731,-9.837,17.769,15.144,11.727,-4.322,-4.279,-4.363
,0.0,0.0,0.0,3.6655,6.2295,3.5355,1,2.0413,2.0413,LOST,0.0,MUTEX_PASS|SEPARATION_WARNING|MUTEX_YIELD,0,1,1,8.4,-8.144,-10.748,-9.837,17.723,15.143,11.728,-4.325,-4.275,-4.363
,0.0,0.0,0.0,3.6648,6.1921,3.5387,1,2.0725,2.0725,LOST,0.0,MUTEX_PASS|SEPARATION_WARNING|MUTEX_YIELD,0,1,1,8.5,-8.118,-10.764,-9.837,17.677,15.142,11.728,-4.328,-4.27,-4.363
,0.0,0.0,0.0,3.6652,6.155,3.5422,1,2.1042,2.1042,LOST,0.0,MUTEX_PASS|SEPARATION_WARNING|MUTEX_YIELD,0,1,1,8.6,-8.09,-10.78,-9.836,17.631,15.142,11.729,-4.33,-4.265,-4.363
,0.0,0.0,0.0,3.6674,6.1188,3.5459,1,2.1365,2.1365,LOST,0.0,MUTEX_PASS|SEPARATION_WARNING|MUTEX_YIELD,0,1,1,8.7,-8.062,-10.796,-9.836,17.585,15.141,11.729,-4.333,-4.26,-4.362
,0.0,0.0,0.0,3.6718,6.0838,3.5492,1,2.1692,2.1692,LOST,0.0,MUTEX_PASS|SEPARATION_WARNING|MUTEX_YIELD,0,1,1,8.8,-8.034,-10.812,-9.836,17.54,15.14,11.729,-4.336,-4.256,-4.361
,0.0,0.0,0.0,3.6782,6.0498,3.5519,1,2.2022,2.2022,LOST,0.0,MUTEX_PASS|SEPARATION_WARNING|MUTEX_YIELD,0,1,1,8.9,-8.005,-10.827,-9.836,17.496,15.139,11.73,-4.338,-4.251,-4.361
,0.0,0.0,0.0,3.6868,6.0173,3.5548,1,2.2357,2.2357,LOST,0.0,MUTEX_PASS|SEPARATION_WARNING|MUTEX_YIELD,0,1,1,9.0,-7.976,-10.844,-9.837,17.452,15.137,11.73,-4.341,-4.247,-4.36
,0.0,0.0,0.0,3.6975,5.9862,3.5581,1,2.2698,2.2698,LOST,0.0,MUTEX_PASS|SEPARATION_WARNING|MUTEX_YIELD,0,1,1,9.1,-7.945,-10.86,-9.837,17.409,15.136,11.73,-4.343,-4.242,-4.359
,0.0,0.0,0.0,3.7105,5.956,3.5615,1,2.3043,2.3043,LOST,0.0,MUTEX_PASS|SEPARATION_WARNING|MUTEX_YIELD,0,1,1,9.2,-7.914,-10.876,-9.837,17.367,15.134,11.73,-4.345,-4.238,-4.358
,0.0,0.0,0.0,3.7252,5.927,3.5653,1,2.339,2.339,LOST,0.0,MUTEX_PASS|SEPARATION_WARNING|MUTEX_YIELD,0,1,1,9.3,-7.882,-10.892,-9.836,17.325,15.132,11.729,-4.346,-4.233,-4.358
,0.0,0.0,0.0,3.7416,5.8993,3.5694,1,2.3739,2.3739,LOST,0.0,MUTEX_PASS|SEPARATION_WARNING|MUTEX_YIELD,0,1,1,9.4,-7.85,-10.908,-9.836,17.283,15.131,11.728,-4.347,-4.229,-4.357
,0.0,0.0,0.0,3.7595,5.8727,3.5735,1,2.4089,2.4089,LOST,0.0,MUTEX_PASS|SEPARATION_WARNING|MUTEX_YIELD,0,1,1,9.5,-7.817,-10.924,-9.836,17.242,15.129,11.727,-4.348,-4.225,-4.356
,0.0,0.0,0.0,3.7784,5.8465,3.5778,1,2.4441,2.4441,LOST,0.0,MUTEX_PASS|SEPARATION_WARNING|MUTEX_YIELD,0,1,1,9.6,-7.784,-10.94,-9.836,17.202,15.127,11.727,-4.349,-4.22,-4.356
,0.0,0.0,0.0,3.7988,5.8218,3.5825,1,2.4796,2.4796,LOST,0.0,MUTEX_PASS|SEPARATION_WARNING|MUTEX_YIELD,0,1,1,9.7,-7.751,-10.955,-9.836,17.162,15.126,11.726,-4.35,-4.216,-4.355
,0.0,0.0,0.0,3.8207,5.7985,3.5881,1,2.5153,2.5153,LOST,0.0,MUTEX_PASS|SEPARATION_WARNING|MUTEX_YIELD,0,1,1,9.8,-7.717,-10.971,-9.836,17.122,15.125,11.724,-4.351,-4.212,-4.355
,0.0,0.0,0.0,3.8442,5.776,3.5937,1,2.5511,2.5511,LOST,0.0,MUTEX_PASS|SEPARATION_WARNING|MUTEX_YIELD,0,1,1,9.9,-7.683,-10.987,-9.836,17.083,15.124,11.723,-4.352,-4.208,-4.355
,0.0,0.0,0.0,3.8689,5.7536,3.5989,1,2.5871,2.5871,LOST,0.0,MUTEX_PASS|SEPARATION_WARNING|MUTEX_YIELD,0,1,1,10.0,-7.649,-11.004,-9.835,17.044,15.123,11.722,-4.354,-4.204,-4.354
,0.0,0.0,0.0,3.8945,5.732,3.6042,1,2.623,2.623,LOST,0.0,MUTEX_PASS|SEPARATION_WARNING|MUTEX_YIELD,0,1,1,10.1,-7.614,-11.019,-9.835,17.006,15.122,11.721,-4.355,-4.2,-4.354
,0.0,0.0,0.0,3.9207,5.7109,3.6093,1,2.6587,2.6587,LOST,0.0,MUTEX_PASS|SEPARATION_WARNING|MUTEX_YIELD,0,1,1,10.2,-7.58,-11.035,-9.834,16.967,15.121,11.72,-4.357,-4.196,-4.353
,0.0,0.0,0.0,3.9475,5.6901,3.6138,1,2.6946,2.6946,LOST,0.0,MUTEX_PASS|SEPARATION_WARNING|MUTEX_YIELD,0,1,1,10.3,-7.545,-11.05,-9.835,16.929,15.119,11.719,-4.358,-4.192,-4.352
,0.0,0.0,0.0,3.9713,5.6696,3.6198,1,2.7302,2.7302,LOST,0.0,MUTEX_PASS|SEPARATION_WARNING|MUTEX_YIELD,0,1,1,10.4,-7.511,-11.062,-9.835,16.89,15.12,11.719,-4.36,-4.188,-4.352
,0.0,0.0,0.0,3.9914,5.6496,3.6279,1,2.7654,2.7654,LOST,0.0,MUTEX_PASS|SEPARATION_WARNING|MUTEX_YIELD,0,1,1,10.5,-7.476,-11.071,-9.835,16.851,15.125,11.718,-4.361,-4.185,-4.352
,0.0,0.0,0.0,4.0086,5.63,3.6375,1,2.8001,2.8001,LOST,0.0,MUTEX_PASS|SEPARATION_WARNING|MUTEX_YIELD,0,1,1,10.6,-7.442,-11.077,-9.836,16.813,15.133,11.717,-4.362,-4.183,-4.352
,0.0,0.0,0.0,4.0239,5.6109,3.6485,1,2.8346,2.8346,LOST,0.0,MUTEX_PASS|SEPARATION_WARNING|MUTEX_YIELD,0,1,1,10.7,-7.407,-11.08,-9.836,16.775,15.143,11.717,-4.363,-4.18,-4.352
,0.0,0.0,0.0,4.0377,5.5924,3.6606,1,2.8689,2.8689,LOST,0.0,MUTEX_PASS|SEPARATION_WARNING|MUTEX_YIELD,0,1,1,10.8,-7.372,-11.082,-9.837,16.737,15.154,11.717,-4.364,-4.178,-4.352
,0.0,0.0,0.0,4.0506,5.5747,3.6736,1,2.9028,2.9028,LOST,0.0,MUTEX_PASS|SEPARATION_WARNING|MUTEX_YIELD,0,1,1,10.9,-7.338,-11.083,-9.837,16.699,15.167,11.716,-4.365,-4.176,-4.353
,0.0,0.0,0.0,4.0574,5.558,3.6835,1,2.9342,2.9342,LOST,0.0,MUTEX_PASS|MUTEX_APPROACH|MUTEX_YIELD,0,1,1,11.0,-7.303,-11.076,-9.838,16.662,15.18,11.715,-4.366,-4.176,-4.354
,0.0,0.0,0.0,4.0568,5.5416,3.6889,1,2.9626,2.9626,LOST,0.0,MUTEX_PASS|MUTEX_APPROACH|MUTEX_YIELD,0,1,1,11.1,-7.268,-11.059,-9.838,16.624,15.191,11.714,-4.367,-4.179,-4.355
,0.0,0.0,0.0,4.0505,5.5256,3.6905,1,2.9887,2.9887,LOST,0.0,MUTEX_PASS|MUTEX_APPROACH|MUTEX_YIELD,0,1,1,11.2,-7.234,-11.035,-9.838,16.587,15.2,11.714,-4.368,-4.183,-4.357
,0.0,0.0,0.0,4.0403,5.5104,3.6893,1,3.0132,3.0132,LOST,0.0,MUTEX_PASS|MUTEX_APPROACH|MUTEX_YIELD,0,1,1,11.3,-7.199,-11.005,-9.838,16.55,15.208,11.713,-4.368,-4.19,-4.357
,0.0,0.0,0.0,4.0278,5.4962,3.6855,1,3.0364,3.0364,LOST,0.0,MUTEX_PASS|MUTEX_APPROACH|MUTEX_YIELD,0,1,1,11.4,-7.163,-10.972,-9.838,16.514,15.215,11.712,-4.368,-4.198,-4.358
,0.0,0.0,0.0,4.0137,5.4829,3.6801,1,3.0588,3.0588,LOST,0.0,MUTEX_PASS|MUTEX_APPROACH|MUTEX_YIELD,0,1,1,11.5,-7.128,-10.937,-9.838,16.477,15.22,11.711,-4.368,-4.208,-4.359
,0.0,0.0,0.0,3.9989,5.4703,3.6738,1,3.0804,3.0804,LOST,0.0,MUTEX_PASS|MUTEX_APPROACH|MUTEX_YIELD,0,1,1,11.6,-7.093,-10.899,-9.839,16.441,15.224,11.709,-4.369,-4.218,-4.359
,0.0,0.0,0.0,3.9852,5.4589,3.667,1,3.1017,3.1017,LOST,0.0,MUTEX_PASS|MUTEX_APPROACH|MUTEX_YIELD,0,1,1,11.7,-7.058,-10.862,-9.839,16.405,15.227,11.708,-4.369,-4.228,-4.36
,0.0,0.0,0.0,3.974,5.4491,3.6599,1,3.1235,3.1235,LOST,0.0,MUTEX_PASS|MUTEX_APPROACH|MUTEX_YIELD,0,1,1,11.8,-7.021,-10.825,-9.838,16.371,15.229,11.706,-4.369,-4.239,-4.36
,0.0,0.0,0.0,3.966,5.4409,3.6521,1,3.1458,3.1458,LOST,0.0,MUTEX_PASS|MUTEX_APPROACH|MUTEX_YIELD,0,1,1,11.9,-6.984,-10.79,-9.838,16.338,15.23,11.706,-4.369,-4.25,-4.361
,0.0,0.0,0.0,3.9611,5.4345,3.6444,1,3.1686,3.1686,LOST,0.0,MUTEX_PASS|MUTEX_APPROACH|MUTEX_YIELD,0,1,1,12.0,-6.945,-10.756,-9.837,16.306,15.231,11.705,-4.369,-4.262,-4.361
,0.0,0.0,0.0,3.9598,5.4302,3.6374,1,3.192,3.192,LOST,0.0,MUTEX_PASS|MUTEX_APPROACH|MUTEX_YIELD,0,1,1,12.1,-6.905,-10.724,-9.836,16.276,15.231,11.705,-4.368,-4.272,-4.361
,0.0,0.0,0.0,3.9618,5.428,3.6311,1,3.2159,3.2159,LOST,0.0,MUTEX_PASS|MUTEX_YIELD|MUTEX_YIELD,0,1,1,12.2,-6.865,-10.693,-9.835,16.248,15.232,11.705,-4.366,-4.283,-4.361
,0.0,0.0,0.0,3.9676,5.4286,3.625,1,3.2406,3.2406,LOST,0.0,MUTEX_PASS|MUTEX_YIELD|MUTEX_YIELD,0,1,1,12.3,-6.822,-10.664,-9.834,16.221,15.233,11.705,-4.365,-4.293,-4.361
,0.0,0.0,0.0,3.9769,5.4312,3.6191,1,3.266,3.266,LOST,0.0,MUTEX_PASS|MUTEX_YIELD|MUTEX_YIELD,0,1,1,12.4,-6.779,-10.637,-9.833,16.196,15.234,11.706,-4.364,-4.302,-4.361
,0.0,0.0,0.0,3.9896,5.436,3.6135,1,3.2922,3.2922,LOST,0.0,MUTEX_PASS|MUTEX_YIELD|MUTEX_YIELD,0,1,1,12.5,-6.734,-10.611,-9.832,16.173,15.235,11.707,-4.363,-4.311,-4.361
,0.0,0.0,0.0,4.006,5.4431,3.6083,1,3.3189,3.3189,LOST,0.0,MUTEX_PASS|MUTEX_YIELD|MUTEX_YIELD,0,1,1,12.6,-6.688,-10.588,-9.831,16.152,15.235,11.707,-4.361,-4.319,-4.36
,0.0,0.0,0.0,4.0257,5.4525,3.6034,1,3.3461,3.3461,LOST,0.0,MUTEX_PASS|MUTEX_YIELD|MUTEX_YIELD,0,1,1,12.7,-6.642,-10.566,-9.83,16.132,15.236,11.708,-4.36,-4.326,-4.359
,0.0,0.0,0.0,4.0489,5.4641,3.5983,1,3.3738,3.3738,LOST,0.0,MUTEX_PASS|MUTEX_YIELD|MUTEX_YIELD,0,1,1,12.8,-6.594,-10.547,-9.829,16.114,15.236,11.71,-4.359,-4.332,-4.359
,0.0,0.0,0.0,4.0757,5.4779,3.5935,1,3.4021,3.4021,LOST,0.0,MUTEX_PASS|MUTEX_YIELD|MUTEX_YIELD,0,1,1,12.9,-6.546,-10.529,-9.828,16.097,15.235,11.711,-4.357,-4.337,-4.358
,0.0,0.0,0.0,4.1051,5.4939,3.5886,1,3.4305,3.4305,LOST,0.0,MUTEX_PASS|MUTEX_YIELD|MUTEX_YIELD,0,1,1,13.0,-6.497,-10.514,-9.827,16.083,15.235,11.713,-4.356,-4.342,-4.358
,0.0,0.0,0.0,4.1368,5.5122,3.5837,1,3.4592,3.4592,LOST,0.0,MUTEX_PASS|MUTEX_YIELD|MUTEX_YIELD,0,1,1,13.1,-6.448,-10.5,-9.827,16.07,15.234,11.714,-4.355,-4.346,-4.357
,0.0,0.0,0.0,4.1705,5.5322,3.5789,1,3.488,3.488,LOST,0.0,MUTEX_PASS|MUTEX_YIELD|MUTEX_YIELD,0,1,1,13.2,-6.399,-10.487,-9.827,16.058,15.233,11.716,-4.354,-4.349,-4.357
,0.0,0.0,0.0,4.2063,5.5542,3.5745,1,3.5169,3.5169,LOST,0.0,MUTEX_PASS|MUTEX_YIELD|MUTEX_YIELD,0,1,1,13.3,-6.35,-10.476,-9.828,16.048,15.232,11.717,-4.353,-4.352,-4.356
,0.0,0.0,0.0,4.2445,5.5783,3.5707,1,3.5459,3.5459,LOST,0.0,MUTEX_PASS|MUTEX_YIELD|MUTEX_YIELD,0,1,1,13.4,-6.3,-10.467,-9.828,16.039,15.232,11.718,-4.353,-4.354,-4.356
,0.0,0.0,0.0,4.2849,5.6052,3.5682,1,3.5749,3.5749,LOST,0.0,MUTEX_PASS|MUTEX_YIELD|MUTEX_YIELD,0,1,1,13.5,-6.25,-10.459,-9.828,16.033,15.231,11.719,-4.353,-4.356,-4.356
,0.0,0.0,0.0,4.3273,5.634,3.5663,1,3.6041,3.6041,LOST,0.0,MUTEX_PASS|MUTEX_YIELD|MUTEX_YIELD,0,1,1,13.6,-6.199,-10.452,-9.829,16.029,15.231,11.719,-4.353,-4.357,-4.356
,0.0,0.0,0.0,4.372,5.6645,3.5648,1,3.6337,3.6337,LOST,0.0,MUTEX_PASS|MUTEX_YIELD|MUTEX_YIELD,0,1,1,13.7,-6.148,-10.447,-9.829,16.026,15.231,11.72,-4.353,-4.359,-4.356
,0.0,0.0,0.0,4.4184,5.6966,3.5633,1,3.6635,3.6635,LOST,0.0,MUTEX_PASS|MUTEX_YIELD|MUTEX_YIELD,0,1,1,13.8,-6.096,-10.443,-9.829,16.024,15.231,11.721,-4.354,-4.359,-4.356
,0.0,0.0,0.0,4.4659,5.7301,3.562,1,3.6932,3.6932,LOST,0.0,MUTEX_PASS|MUTEX_YIELD|MUTEX_YIELD,0,1,1,13.9,-6.044,-10.439,-9.83,16.023,15.231,11.722,-4.354,-4.36,-4.356
,0.0,0.0,0.0,4.5145,5.765,3.5607,1,3.7228,3.7228,LOST,0.0,MUTEX_PASS|MUTEX_YIELD|MUTEX_YIELD,0,1,1,14.0,-5.992,-10.437,-9.83,16.024,15.231,11.722,-4.355,-4.36,-4.357
,0.0,0.0,0.0,4.5641,5.8012,3.5595,1,3.7526,3.7526,LOST,0.0,MUTEX_PASS|MUTEX_YIELD|MUTEX_YIELD,0,1,1,14.1,-5.94,-10.435,-9.831,16.025,15.231,11.723,-4.356,-4.36,-4.357
,0.0,0.0,0.0,4.614,5.8383,3.5586,1,3.7824,3.7824,LOST,0.0,MUTEX_PASS|MUTEX_YIELD|MUTEX_YIELD,0,1,1,14.2,-5.888,-10.433,-9.832,16.027,15.23,11.723,-4.358,-4.36,-4.358
,0.0,0.0,0.0,4.6638,5.8761,3.5578,1,3.8121,3.8121,LOST,0.0,MUTEX_PASS|MUTEX_YIELD|MUTEX_YIELD,0,1,1,14.3,-5.836,-10.43,-9.833,16.03,15.23,11.723,-4.359,-4.36,-4.358
,0.0,0.0,0.0,4.7136,5.9146,3.5573,1,3.8418,3.8418,LOST,0.0,MUTEX_PASS|MUTEX_YIELD|MUTEX_YIELD,1,1,1,14.4,-5.784,-10.428,-9.834,16.033,15.23,11.723,-4.36,-4.36,-4.358
,0.0,0.0,0.0,4.7635,5.9531,3.5569,1,3.8714,3.8714,LOST,0.0,MUTEX_PASS|MUTEX_YIELD|MUTEX_YIELD,1,1,1,14.5,-5.732,-10.427,-9.835,16.036,15.231,11.723,-4.361,-4.36,-4.358
,0.0,0.0,0.0,4.8134,5.9919,3.5566,1,3.9011,3.9011,LOST,0.0,MUTEX_PASS|MUTEX_YIELD|MUTEX_YIELD,1,1,1,14.6,-5.68,-10.425,-9.836,16.04,15.231,11.724,-4.362,-4.36,-4.359
,0.0,0.0,0.0,4.8634,6.031,3.5563,1,3.9308,3.9308,LOST,0.0,MUTEX_PASS|MUTEX_YIELD|MUTEX_YIELD,1,1,1,14.7,-5.628,-10.423,-9.837,16.044,15.232,11.724,-4.363,-4.36,-4.359
,0.0,0.0,0.0,4.9133,6.0707,3.5563,1,3.9603,3.9603,LOST,0.0,MUTEX_PASS|MUTEX_YIELD|MUTEX_YIELD,1,1,1,14.8,-5.577,-10.422,-9.838,16.048,15.232,11.724,-4.363,-4.36,-4.358
,0.0,0.0,0.0,4.9636,6.1109,3.5559,1,3.9898,3.9898,LOST,0.0,MUTEX_PASS|MUTEX_YIELD|MUTEX_YIELD,1,1,1,14.9,-5.525,-10.421,-9.839,16.052,15.232,11.724,-4.363,-4.36,-4.358
,0.0,0.0,0.0,5.014,6.1513,3.5551,1,4.0193,4.0193,LOST,0.0,MUTEX_PASS|MUTEX_YIELD|MUTEX_YIELD,1,1,1,15.0,-5.474,-10.42,-9.84,16.057,15.232,11.724,-4.362,-4.359,-4.358
,0.0,0.0,0.0,5.0641,6.1915,3.5541,1,4.0487,4.0487,LOST,0.0,MUTEX_PASS|MUTEX_YIELD|MUTEX_YIELD,1,1,1,15.1,-5.423,-10.418,-9.841,16.062,15.232,11.725,-4.362,-4.359,-4.357
,0.0,0.0,0.0,5.1125,6.2291,3.5535,1,4.0783,4.0783,LOST,0.0,MUTEX_PASS|MUTEX_YIELD|MUTEX_YIELD,1,1,1,15.2,-5.372,-10.417,-9.842,16.063,15.232,11.725,-4.361,-4.358,-4.357
,0.0,0.0,0.0,5.1594,6.2642,3.5531,1,4.1081,4.1081,LOST,0.0,MUTEX_PASS|MUTEX_YIELD|MUTEX_YIELD,1,1,1,15.3,-5.323,-10.415,-9.843,16.063,15.232,11.725,-4.361,-4.358,-4.357
,0.0,0.0,0.0,5.2058,6.2983,3.5533,1,4.1381,4.1381,LOST,0.0,MUTEX_PASS|MUTEX_YIELD|MUTEX_YIELD,1,1,1,15.4,-5.273,-10.413,-9.843,16.06,15.233,11.725,-4.36,-4.357,-4.357
,0.0,0.0,0.0,5.2521,6.3325,3.5535,1,4.1683,4.1683,LOST,0.0,MUTEX_PASS|MUTEX_YIELD|MUTEX_YIELD,1,1,1,15.5,-5.224,-10.411,-9.843,16.058,15.233,11.726,-4.36,-4.357,-4.357
,0.0,0.0,0.0,5.299,6.3675,3.5535,1,4.1985,4.1985,LOST,0.0,MUTEX_PASS|MUTEX_YIELD|MUTEX_YIELD,1,1,1,15.6,-5.174,-10.409,-9.843,16.056,15.234,11.726,-4.359,-4.356,-4.357
,0.0,0.0,0.0,5.3464,6.4037,3.5538,1,4.2285,4.2285,LOST,0.0,MUTEX_PASS|MUTEX_YIELD|MUTEX_YIELD,1,1,1,15.7,-5.125,-10.408,-9.843,16.056,15.235,11.727,-4.358,-4.356,-4.357
,0.0,0.0,0.0,5.3938,6.4412,3.5542,1,4.258,4.258,LOST,0.0,MUTEX_PASS|MUTEX_YIELD|MUTEX_YIELD,1,1,1,15.8,-5.075,-10.406,-9.843,16.057,15.236,11.727,-4.357,-4.355,-4.357
,0.0,0.0,0.0,5.4419,6.4799,3.5542,1,4.2876,4.2876,LOST,0.0,MUTEX_PASS|MUTEX_YIELD|MUTEX_YIELD,1,1,1,15.9,-5.025,-10.405,-9.844,16.06,15.237,11.728,-4.356,-4.355,-4.357
,0.0,0.0,0.0,5.4907,6.5194,3.5539,1,4.3172,4.3172,LOST,0.0,MUTEX_PASS|MUTEX_YIELD|MUTEX_YIELD,1,1,1,16.0,-4.975,-10.403,-9.844,16.064,15.238,11.728,-4.355,-4.355,-4.357
,0.0,0.0,0.0,5.5396,6.5599,3.5539,1,4.3464,4.3464,LOST,0.0,MUTEX_PASS|MUTEX_YIELD|MUTEX_YIELD,1,1,1,16.1,-4.925,-10.402,-9.844,16.068,15.239,11.729,-4.355,-4.354,-4.357
,0.0,0.0,0.0,5.5888,6.6013,3.5541,1,4.3753,4.3753,LOST,0.0,MUTEX_PASS|MUTEX_YIELD|MUTEX_YIELD,1,1,1,16.2,-4.875,-10.401,-9.845,16.074,15.239,11.729,-4.354,-4.354,-4.357
,0.0,0.0,0.0,5.638,6.6438,3.5549,1,4.4038,4.4038,LOST,0.0,MUTEX_PASS|MUTEX_YIELD|MUTEX_YIELD,1,1,1,16.3,-4.825,-10.4,-9.845,16.08,15.24,11.728,-4.354,-4.354,-4.357
,0.0,0.0,0.0,5.6876,6.6873,3.5561,1,4.4318,4.4318,LOST,0.0,MUTEX_PASS|MUTEX_YIELD|MUTEX_YIELD,1,1,1,16.4,-4.776,-10.399,-9.845,16.089,15.24,11.727,-4.353,-4.354,-4.356
,0.0,0.0,0.0,5.7374,6.7318,3.5572,1,4.4595,4.4595,LOST,0.0,MUTEX_PASS|MUTEX_YIELD|MUTEX_YIELD,1,1,1,16.5,-4.726,-10.399,-9.845,16.099,15.241,11.727,-4.353,-4.354,-4.356
,0.0,0.0,0.0,5.7876,6.7777,3.5586,1,4.487,4.487,LOST,0.0,MUTEX_PASS|MUTEX_YIELD|MUTEX_YIELD,1,1,1,16.6,-4.676,-10.398,-9.845,16.111,15.242,11.726,-4.353,-4.354,-4.356
,0.0,0.0,0.0,5.8376,6.8248,3.5608,1,4.514,4.514,LOST,0.0,MUTEX_PASS|MUTEX_YIELD|MUTEX_YIELD,1,1,1,16.7,-4.627,-10.397,-9.845,16.124,15.243,11.725,-4.353,-4.354,-4.356
,0.0,0.0,0.0,5.8873,6.8724,3.5628,1,4.5405,4.5405,LOST,0.0,MUTEX_PASS|MUTEX_YIELD|MUTEX_YIELD,1,1,1,16.8,-4.578,-10.397,-9.845,16.138,15.244,11.724,-4.354,-4.355,-4.356
,0.0,0.0,0.0,5.9369,6.9201,3.5638,1,4.5665,4.5665,LOST,0.0,MUTEX_PASS|MUTEX_YIELD|MUTEX_YIELD,1,1,1,16.9,-4.529,-10.396,-9.845,16.153,15.244,11.723,-4.354,-4.355,-4.355
,0.0,0.0,0.0,5.9867,6.9684,3.5641,1,4.5919,4.5919,LOST,0.0,MUTEX_PASS|MUTEX_YIELD|MUTEX_YIELD,1,1,1,17.0,-4.481,-10.395,-9.845,16.171,15.244,11.723,-4.355,-4.355,-4.354
,0.0,0.0,0.0,6.0361,7.0174,3.5638,1,4.6166,4.6166,LOST,0.0,MUTEX_PASS|MUTEX_YIELD|MUTEX_YIELD,1,1,1,17.1,-4.434,-10.395,-9.845,16.19,15.244,11.723,-4.356,-4.355,-4.353
,0.0,0.0,0.0,6.0852,7.0665,3.5635,1,4.6408,4.6408,LOST,0.0,MUTEX_PASS|MUTEX_YIELD|MUTEX_YIELD,1,1,1,17.2,-4.387,-10.394,-9.845,16.21,15.243,11.723,-4.357,-4.355,-4.353
,0.0,0.0,0.0,6.1339,7.116,3.5633,1,4.6645,4.6645,LOST,0.0,MUTEX_PASS|MUTEX_YIELD|MUTEX_YIELD,1,1,1,17.3,-4.34,-10.394,-9.845,16.232,15.243,11.722,-4.358,-4.356,-4.352
,0.0,0.0,0.0,6.1829,7.1665,3.5635,1,4.6879,4.6879,LOST,0.0,MUTEX_PASS|MUTEX_YIELD|MUTEX_YIELD,1,1,1,17.4,-4.293,-10.393,-9.844,16.254,15.243,11.722,-4.359,-4.356,-4.351
,0.0,0.0,0.0,6.232,7.2177,3.5637,1,4.7109,4.7109,LOST,0.0,MUTEX_PASS|MUTEX_YIELD|MUTEX_YIELD,1,1,1,17.5,-4.247,-10.393,-9.844,16.279,15.243,11.721,-4.36,-4.356,-4.351
,0.0,0.0,0.0,6.2806,7.2693,3.5637,1,4.7337,4.7337,LOST,0.0,MUTEX_PASS|MUTEX_YIELD|MUTEX_YIELD,0,1,1,17.6,-4.202,-10.392,-9.844,16.304,15.242,11.721,-4.361,-4.356,-4.352
,0.0,0.0,0.0,6.329,7.3204,3.5633,1,4.7564,4.7564,LOST,0.0,MUTEX_PASS|MUTEX_YIELD|MUTEX_YIELD,0,1,1,17.7,-4.157,-10.392,-9.845,16.329,15.242,11.721,-4.362,-4.356,-4.353
,0.0,0.0,0.0,6.3774,7.3711,3.563,1,4.779,4.779,LOST,0.0,MUTEX_PASS|MUTEX_YIELD|MUTEX_YIELD,0,1,1,17.8,-4.112,-10.392,-9.845,16.355,15.242,11.721,-4.362,-4.356,-4.354
,0.0,0.0,0.0,6.4259,7.4224,3.5626,1,4.8014,4.8014,LOST,0.0,MUTEX_PASS|MUTEX_YIELD|MUTEX_YIELD,0,1,1,17.9,-4.068,-10.392,-9.845,16.381,15.242,11.721,-4.363,-4.357,-4.354
,0.0,0.0,0.0,6.4743,7.4739,3.5618,1,4.8238,4.8238,LOST,0.0,MUTEX_PASS|MUTEX_YIELD|MUTEX_YIELD,0,1,1,18.0,-4.023,-10.392,-9.845,16.409,15.241,11.722,-4.363,-4.357,-4.355
,0.0,0.0,0.0,6.5224,7.5253,3.5605,1,4.846,4.846,LOST,0.0,MUTEX_PASS|MUTEX_YIELD|MUTEX_YIELD,0,1,1,18.1,-3.98,-10.392,-9.846,16.436,15.241,11.722,-4.363,-4.358,-4.355
,0.0,0.0,0.0,6.5704,7.5767,3.5585,1,4.8679,4.8679,LOST,0.0,MUTEX_PASS|MUTEX_YIELD|MUTEX_YIELD,0,1,1,18.2,-3.936,-10.392,-9.846,16.464,15.24,11.723,-4.362,-4.358,-4.356
,0.0,0.0,0.0,6.6179,7.6282,3.5564,1,4.8896,4.8896,LOST,0.0,MUTEX_PASS|MUTEX_YIELD|MUTEX_YIELD,0,1,1,18.3,-3.893,-10.391,-9.847,16.493,15.239,11.724,-4.362,-4.358,-4.356
,0.0,0.0,0.0,6.6653,7.6798,3.5544,1,4.9113,4.9113,LOST,0.0,MUTEX_PASS|MUTEX_YIELD|MUTEX_YIELD,0,1,1,18.4,-3.851,-10.391,-9.848,16.522,15.238,11.725,-4.362,-4.358,-4.356
,0.0,0.0,0.0,6.7129,7.7316,3.5529,1,4.9331,4.9331,LOST,0.0,MUTEX_PASS|MUTEX_YIELD|MUTEX_YIELD,0,1,1,18.5,-3.808,-10.391,-9.849,16.552,15.237,11.726,-4.362,-4.358,-4.356
,0.0,0.0,0.0,6.7607,7.7834,3.5521,1,4.9551,4.9551,LOST,0.0,MUTEX_PASS|MUTEX_YIELD|MUTEX_YIELD,0,1,1,18.6,-3.765,-10.391,-9.849,16.581,15.237,11.727,-4.362,-4.358,-4.356
,0.0,0.0,0.0,6.8086,7.8355,3.5517,1,4.9771,4.9771,LOST,0.0,MUTEX_PASS|MUTEX_YIELD|MUTEX_YIELD,0,1,1,18.7,-3.723,-10.391,-9.85,16.611,15.237,11.727,-4.362,-4.358,-4.356
,0.0,0.0,0.0,6.8566,7.888,3.5517,1,4.9993,4.9993,LOST,0.0,MUTEX_PASS|MUTEX_YIELD|MUTEX_YIELD,0,1,1,18.8,-3.68,-10.392,-9.851,16.641,15.238,11.727,-4.362,-4.358,-4.356
,0.0,0.0,0.0,6.9046,7.9404,3.5516,1,5.0213,5.0213,LOST,0.0,MUTEX_PASS|MUTEX_YIELD|MUTEX_YIELD,0,1,1,18.9,-3.638,-10.392,-9.852,16.671,15.237,11.727,-4.362,-4.358,-4.355
,0.0,0.0,0.0,6.9525,7.9933,3.5515,1,5.0433,5.0433,LOST,0.0,MUTEX_PASS|MUTEX_YIELD|MUTEX_YIELD,0,1,1,19.0,-3.596,-10.393,-9.852,16.702,15.237,11.727,-4.362,-4.358,-4.355
,0.0,0.0,0.0,7.0001,8.0459,3.5514,1,5.0654,5.0654,LOST,0.0,MUTEX_PASS|MUTEX_YIELD|MUTEX_YIELD,0,1,1,19.1,-3.554,-10.393,-9.854,16.732,15.237,11.726,-4.362,-4.359,-4.355
,0.0,0.0,0.0,7.047,8.0985,3.5515,1,5.0874,5.0874,LOST,0.0,MUTEX_PASS|MUTEX_YIELD|MUTEX_YIELD,0,1,1,19.2,-3.513,-10.393,-9.855,16.762,15.237,11.726,-4.361,-4.359,-4.354
,0.0,0.0,0.0,7.0933,8.1511,3.5515,1,5.1093,5.1093,LOST,0.0,MUTEX_PASS|MUTEX_YIELD|MUTEX_YIELD,0,1,1,19.3,-3.472,-10.393,-9.857,16.793,15.237,11.726,-4.361,-4.359,-4.354
,0.0,0.0,0.0,7.1396,8.2038,3.5515,1,5.1313,5.1313,LOST,0.0,MUTEX_PASS|MUTEX_YIELD|MUTEX_YIELD,0,1,1,19.4,-3.431,-10.392,-9.859,16.823,15.237,11.725,-4.36,-4.359,-4.354
,0.0,0.0,0.0,7.1856,8.2563,3.552,1,5.1532,5.1532,LOST,0.0,MUTEX_PASS|MUTEX_YIELD|MUTEX_YIELD,0,1,1,19.5,-3.391,-10.392,-9.861,16.854,15.237,11.725,-4.36,-4.36,-4.354
,0.0,0.0,0.0,7.2316,8.3084,3.5524,1,5.1751,5.1751,LOST,0.0,MUTEX_PASS|MUTEX_YIELD|MUTEX_YIELD,0,1,1,19.6,-3.35,-10.392,-9.862,16.884,15.237,11.724,-4.359,-4.36,-4.354
,0.0,0.0,0.0,7.2782,8.3608,3.5526,1,5.1973,5.1973,LOST,0.0,MUTEX_PASS|MUTEX_YIELD|MUTEX_YIELD,0,1,1,19.7,-3.309,-10.392,-9.863,16.915,15.237,11.724,-4.358,-4.361,-4.355
,0.0,0.0,0.0,7.3248,8.4128,3.5529,1,5.2195,5.2195,LOST,0.0,MUTEX_PASS|MUTEX_YIELD|MUTEX_YIELD,0,1,1,19.8,-3.268,-10.391,-9.864,16.945,15.237,11.723,-4.357,-4.362,-4.355
,0.0,0.0,0.0,7.3713,8.4646,3.553,1,5.2417,5.2417,LOST,0.0,MUTEX_PASS|MUTEX_YIELD|MUTEX_YIELD,0,1,1,19.9,-3.227,-10.391,-9.865,16.976,15.237,11.723,-4.356,-4.362,-4.356
,0.0,0.0,0.0,7.4177,8.5163,3.5527,1,5.264,5.264,LOST,0.0,MUTEX_PASS|MUTEX_YIELD|MUTEX_YIELD,0,1,1,20.0,-3.186,-10.39,-9.866,17.006,15.236,11.722,-4.356,-4.363,-4.357
,0.0,0.0,0.0,7.4638,8.5677,3.5526,1,5.2862,5.2862,LOST,0.0,MUTEX_PASS|MUTEX_YIELD|MUTEX_YIELD,0,1,1,20.1,-3.146,-10.389,-9.866,17.036,15.236,11.722,-4.355,-4.363,-4.357
,0.0,0.0,0.0,7.5096,8.6188,3.5526,1,5.3082,5.3082,LOST,0.0,MUTEX_PASS|MUTEX_YIELD|MUTEX_YIELD,0,1,1,20.2,-3.105,-10.388,-9.866,17.067,15.236,11.722,-4.355,-4.363,-4.356
,0.0,0.0,0.0,7.5551,8.6695,3.5524,1,5.3302,5.3302,LOST,0.0,MUTEX_PASS|MUTEX_YIELD|MUTEX_YIELD,0,1,1,20.3,-3.064,-10.386,-9.866,17.098,15.236,11.722,-4.355,-4.363,-4.357
,0.0,0.0,0.0,7.6007,8.7195,3.5517,1,5.3521,5.3521,LOST,0.0,MUTEX_PASS|MUTEX_YIELD|MUTEX_YIELD,0,1,1,20.4,-3.024,-10.385,-9.865,17.129,15.236,11.723,-4.354,-4.363,-4.357
,0.0,0.0,0.0,7.6468,8.7695,3.5509,1,5.3741,5.3741,LOST,0.0,MUTEX_PASS|MUTEX_YIELD|MUTEX_YIELD,0,1,1,20.5,-2.983,-10.384,-9.865,17.16,15.236,11.723,-4.354,-4.363,-4.358
,0.0,0.0,0.0,7.6933,8.8192,3.5499,1,5.3962,5.3962,LOST,0.0,MUTEX_PASS|MUTEX_YIELD|MUTEX_YIELD,0,1,1,20.6,-2.943,-10.384,-9.864,17.191,15.235,11.724,-4.355,-4.363,-4.359
,0.0,0.0,0.0,7.7398,8.869,3.549,1,5.4184,5.4184,LOST,0.0,MUTEX_PASS|MUTEX_YIELD|MUTEX_YIELD,0,1,1,20.7,-2.903,-10.383,-9.863,17.221,15.235,11.724,-4.355,-4.363,-4.359
,0.0,0.0,0.0,7.7858,8.9185,3.548,1,5.4404,5.4404,LOST,0.0,MUTEX_PASS|MUTEX_YIELD|MUTEX_YIELD,0,1,1,20.8,-2.863,-10.383,-9.862,17.252,15.234,11.724,-4.356,-4.363,-4.36
,0.0,0.0,0.0,7.8318,8.9678,3.5471,1,5.4624,5.4624,LOST,0.0,MUTEX_PASS|MUTEX_YIELD|MUTEX_YIELD,0,1,1,20.9,-2.824,-10.382,-9.861,17.283,15.233,11.724,-4.357,-4.362,-4.36
,0.0,0.0,0.0,7.8777,9.0172,3.5469,1,5.4841,5.4841,LOST,0.0,MUTEX_PASS|MUTEX_YIELD|MUTEX_YIELD,0,1,1,21.0,-2.784,-10.382,-9.86,17.314,15.232,11.724,-4.357,-4.362,-4.361
,0.0,0.0,0.0,7.9236,9.0668,3.5471,1,5.5061,5.5061,LOST,0.0,MUTEX_PASS|MUTEX_YIELD|MUTEX_YIELD,0,1,1,21.1,-2.744,-10.381,-9.858,17.345,15.232,11.723,-4.358,-4.362,-4.361
,0.0,0.0,0.0,7.9695,9.1164,3.5473,1,5.5283,5.5283,LOST,0.0,MUTEX_PASS|MUTEX_YIELD|MUTEX_YIELD,0,1,1,21.2,-2.705,-10.38,-9.857,17.376,15.232,11.723,-4.359,-4.362,-4.361
,0.0,0.0,0.0,8.0156,9.1661,3.5473,1,5.5507,5.5507,LOST,0.0,MUTEX_PASS|MUTEX_YIELD|MUTEX_YIELD,0,1,1,21.3,-2.665,-10.38,-9.856,17.407,15.231,11.723,-4.36,-4.361,-4.362
,0.0,0.0,0.0,8.062,9.2162,3.5468,1,5.5734,5.5734,LOST,0.0,MUTEX_PASS|MUTEX_YIELD|MUTEX_YIELD,0,1,1,21.4,-2.625,-10.379,-9.855,17.438,15.231,11.723,-4.36,-4.361,-4.362
,0.0,0.0,0.0,8.1081,9.2662,3.5466,1,5.5959,5.5959,LOST,0.0,MUTEX_PASS|MUTEX_YIELD|MUTEX_YIELD,0,1,1,21.5,-2.585,-10.378,-9.854,17.469,15.23,11.723,-4.361,-4.36,-4.361
,0.0,0.0,0.0,8.1541,9.3159,3.5464,1,5.6186,5.6186,LOST,0.0,MUTEX_PASS|MUTEX_YIELD|MUTEX_YIELD,0,1,1,21.6,-2.546,-10.377,-9.853,17.501,15.23,11.723,-4.361,-4.359,-4.361
,0.0,0.0,0.0,8.2003,9.3653,3.5455,1,5.6414,5.6414,LOST,0.0,MUTEX_PASS|MUTEX_YIELD|MUTEX_YIELD,0,1,1,21.7,-2.506,-10.376,-9.852,17.532,15.23,11.723,-4.361,-4.358,-4.36
,0.0,0.0,0.0,8.2468,9.4148,3.5446,1,5.6646,5.6646,LOST,0.0,MUTEX_PASS|MUTEX_YIELD|MUTEX_YIELD,0,1,1,21.8,-2.466,-10.376,-9.852,17.563,15.229,11.724,-4.361,-4.357,-4.359
,0.0,0.0,0.0,8.2935,9.4642,3.5438,1,5.688,5.688,LOST,0.0,MUTEX_PASS|MUTEX_YIELD|MUTEX_YIELD,0,1,1,21.9,-2.426,-10.376,-9.851,17.594,15.229,11.725,-4.361,-4.357,-4.359
,0.0,0.0,0.0,8.3406,9.5135,3.543,1,5.7117,5.7117,LOST,0.0,MUTEX_PASS|MUTEX_YIELD|MUTEX_YIELD,0,1,1,22.0,-2.387,-10.376,-9.851,17.625,15.23,11.726,-4.361,-4.357,-4.358
,0.0,0.0,0.0,8.3881,9.5637,3.5427,1,5.736,5.736,LOST,0.0,MUTEX_PASS|MUTEX_YIELD|MUTEX_YIELD,0,1,1,22.1,-2.347,-10.376,-9.851,17.656,15.23,11.727,-4.362,-4.357,-4.358
,0.0,0.0,0.0,8.4359,9.6144,3.5425,1,5.7606,5.7606,LOST,0.0,MUTEX_PASS|MUTEX_YIELD|MUTEX_YIELD,0,1,1,22.2,-2.306,-10.377,-9.851,17.687,15.231,11.728,-4.361,-4.357,-4.357
,0.0,0.0,0.0,8.4837,9.6648,3.5428,1,5.785,5.785,LOST,0.0,MUTEX_PASS|MUTEX_YIELD|MUTEX_YIELD,0,1,1,22.3,-2.267,-10.378,-9.852,17.719,15.232,11.729,-4.361,-4.358,-4.357
,0.0,0.0,0.0,8.5313,9.7151,3.5435,1,5.8093,5.8093,LOST,0.0,MUTEX_PASS|MUTEX_YIELD|MUTEX_YIELD,0,1,1,22.4,-2.228,-10.379,-9.852,17.75,15.233,11.729,-4.361,-4.358,-4.357
,0.0,0.0,0.0,8.5791,9.7656,3.5442,1,5.8337,5.8337,LOST,0.0,MUTEX_PASS|MUTEX_YIELD|MUTEX_YIELD,0,1,1,22.5,-2.189,-10.381,-9.852,17.783,15.235,11.73,-4.36,-4.358,-4.357
,0.0,0.0,0.0,8.6265,9.8154,3.5441,1,5.8578,5.8578,LOST,0.0,MUTEX_PASS|MUTEX_YIELD|MUTEX_YIELD,0,1,1,22.6,-2.15,-10.382,-9.853,17.815,15.236,11.731,-4.36,-4.357,-4.358
,0.0,0.0,0.0,8.6736,9.8649,3.5434,1,5.8816,5.8816,LOST,0.0,MUTEX_PASS|MUTEX_YIELD|MUTEX_YIELD,0,1,1,22.7,-2.112,-10.383,-9.853,17.847,15.236,11.732,-4.36,-4.357,-4.358
,0.0,0.0,0.0,8.7206,9.9142,3.5424,1,5.9055,5.9055,LOST,0.0,MUTEX_PASS|MUTEX_YIELD|MUTEX_YIELD,0,1,1,22.8,-2.074,-10.385,-9.854,17.879,15.236,11.734,-4.36,-4.358,-4.359
,0.0,0.0,0.0,8.7676,9.9632,3.541,1,5.9293,5.9293,LOST,0.0,MUTEX_PASS|MUTEX_YIELD|MUTEX_YIELD,0,1,1,22.9,-2.036,-10.386,-9.854,17.911,15.236,11.735,-4.359,-4.359,-4.359
,0.0,0.0,0.0,8.8146,10.0121,3.5393,1,5.9531,5.9531,LOST,0.0,MUTEX_PASS|MUTEX_YIELD|MUTEX_YIELD,0,1,1,23.0,-1.999,-10.387,-9.855,17.943,15.236,11.737,-4.359,-4.36,-4.36
,0.0,0.0,0.0,8.862,10.0612,3.5375,1,5.9772,5.9772,LOST,0.0,MUTEX_PASS|MUTEX_YIELD|MUTEX_YIELD,0,1,1,23.1,-1.961,-10.388,-9.855,17.975,15.235,11.738,-4.359,-4.361,-4.36
,0.0,0.0,0.0,8.9096,10.1106,3.5357,1,6.0016,6.0016,LOST,0.0,MUTEX_PASS|MUTEX_YIELD|MUTEX_YIELD,0,1,1,23.2,-1.922,-10.39,-9.856,18.007,15.234,11.739,-4.359,-4.361,-4.361
,0.0,0.0,0.0,8.9574,10.1603,3.5342,1,6.0263,6.0263,LOST,0.0,MUTEX_PASS|MUTEX_YIELD|MUTEX_YIELD,0,1,1,23.3,-1.884,-10.391,-9.856,18.039,15.234,11.74,-4.359,-4.361,-4.361
,0.0,0.0,0.0,9.0047,10.2103,3.5338,1,6.0509,6.0509,LOST,0.0,MUTEX_PASS|MUTEX_YIELD|MUTEX_YIELD,0,1,1,23.4,-1.845,-10.392,-9.857,18.071,15.234,11.741,-4.359,-4.362,-4.362
,0.0,0.0,0.0,9.0514,10.2602,3.5337,1,6.0752,6.0752,LOST,0.0,MUTEX_PASS|MUTEX_YIELD|MUTEX_YIELD,0,1,1,23.5,-1.808,-10.392,-9.858,18.103,15.235,11.742,-4.359,-4.361,-4.362
,0.0,0.0,0.0,9.0976,10.3099,3.534,1,6.0993,6.0993,LOST,0.0,MUTEX_PASS|MUTEX_YIELD|MUTEX_YIELD,0,1,1,23.6,-1.77,-10.393,-9.858,18.135,15.235,11.742,-4.359,-4.361,-4.361
,0.0,0.0,0.0,9.1394,10.357,3.5346,1,6.1195,6.1195,LOST,0.0,FORMATION_RECOVERY|MUTEX_YIELD|MUTEX_YIELD,0,1,1,23.7,-1.738,-10.393,-9.858,18.17,15.236,11.742,-4.359,-4.361,-4.361
,0.0,0.0,0.0,9.1757,10.4009,3.5351,1,6.1347,6.1347,LOST,0.0,FORMATION_RECOVERY|MUTEX_YIELD|MUTEX_YIELD,0,1,1,23.8,-1.713,-10.393,-9.858,18.209,15.236,11.742,-4.36,-4.36,-4.36
,0.0,0.0,0.0,9.2074,10.4421,3.5352,1,6.1457,6.1457,LOST,0.0,FORMATION_RECOVERY|MUTEX_YIELD|MUTEX_YIELD,0,1,1,23.9,-1.694,-10.393,-9.858,18.252,15.236,11.741,-4.36,-4.36,-4.36
,0.0,0.0,0.0,9.2355,10.4815,3.5354,1,6.1536,6.1536,LOST,0.0,FORMATION_RECOVERY|MUTEX_YIELD|MUTEX_YIELD,0,1,1,24.0,-1.68,-10.393,-9.858,18.297,15.235,11.741,-4.36,-4.361,-4.36
,0.0,0.0,0.0,9.2608,10.5194,3.5353,1,6.1589,6.1589,LOST,0.0,FORMATION_RECOVERY|MUTEX_YIELD|MUTEX_YIELD,0,1,1,24.1,-1.67,-10.393,-9.858,18.345,15.235,11.74,-4.36,-4.361,-4.36
,0.0,0.0,0.0,9.2842,10.556,3.5349,1,6.1624,6.1624,LOST,0.0,FORMATION_RECOVERY|MUTEX_YIELD|MUTEX_YIELD,0,1,1,24.2,-1.663,-10.393,-9.857,18.394,15.234,11.74,-4.36,-4.361,-4.36
,0.0,0.0,0.0,9.3064,10.5921,3.5348,1,6.1646,6.1646,LOST,0.0,FORMATION_RECOVERY|MUTEX_YIELD|MUTEX_YIELD,0,1,1,24.3,-1.658,-10.393,-9.857,18.445,15.234,11.74,-4.361,-4.361,-4.361
,0.0,0.0,0.0,9.3271,10.6276,3.5346,1,6.1656,6.1656,LOST,0.0,FORMATION_RECOVERY|MUTEX_YIELD|MUTEX_YIELD,0,1,1,24.4,-1.656,-10.393,-9.858,18.497,15.233,11.739,-4.361,-4.361,-4.362
,0.0,0.0,0.0,9.347,10.6622,3.5338,1,6.1659,6.1659,LOST,0.0,FORMATION_RECOVERY|MUTEX_YIELD|MUTEX_YIELD,0,1,1,24.5,-1.654,-10.393,-9.858,18.549,15.232,11.739,-4.36,-4.361,-4.363
,0.0,0.0,0.0,9.3663,10.6958,3.5322,1,6.1654,6.1654,LOST,0.0,FORMATION_RECOVERY|MUTEX_YIELD|MUTEX_YIELD,0,1,1,24.6,-1.654,-10.392,-9.857,18.602,15.23,11.739,-4.36,-4.361,-4.363
,0.0,0.0,0.0,9.3846,10.7288,3.5307,1,6.1643,6.1643,LOST,0.0,FORMATION_RECOVERY|MUTEX_YIELD|MUTEX_YIELD,0,1,1,24.7,-1.655,-10.392,-9.857,18.655,15.229,11.739,-4.36,-4.361,-4.363
,0.0,0.0,0.0,9.3953,10.7613,3.5292,1,6.1604,6.1604,LOST,0.0,FORMATION_RECOVERY|MUTEX_PASS|MUTEX_YIELD,0,1,1,24.8,-1.657,-10.384,-9.857,18.709,15.229,11.74,-4.36,-4.36,-4.364
,0.0,0.0,0.0,9.3963,10.7941,3.5279,1,6.1532,6.1532,LOST,0.0,FORMATION_RECOVERY|MUTEX_PASS|MUTEX_YIELD,0,1,1,24.9,-1.659,-10.366,-9.856,18.762,15.231,11.74,-4.36,-4.36,-4.364
,0.0,0.0,0.0,9.3894,10.827,3.5271,1,6.1432,6.1432,LOST,0.0,FORMATION_RECOVERY|MUTEX_PASS|MUTEX_YIELD,0,1,1,25.0,-1.661,-10.34,-9.855,18.816,15.234,11.74,-4.36,-4.36,-4.364
,0.0,0.0,0.0,9.3764,10.86,3.5266,1,6.1313,6.1313,LOST,0.0,FORMATION_RECOVERY|MUTEX_PASS|MUTEX_YIELD,0,1,1,25.1,-1.663,-10.307,-9.855,18.87,15.238,11.74,-4.36,-4.36,-4.364
,0.0,0.0,0.0,9.3589,10.8929,3.5262,1,6.1182,6.1182,LOST,0.0,FORMATION_RECOVERY|MUTEX_PASS|MUTEX_YIELD,0,1,1,25.2,-1.665,-10.27,-9.855,18.924,15.243,11.741,-4.36,-4.36,-4.363
,0.0,0.0,0.0,9.338,10.9257,3.5265,1,6.1041,6.1041,LOST,0.0,FORMATION_RECOVERY|MUTEX_PASS|MUTEX_YIELD,0,1,1,25.3,-1.667,-10.228,-9.854,18.977,15.249,11.743,-4.359,-4.36,-4.363
,0.0,0.0,0.0,9.3147,10.959,3.5278,1,6.0897,6.0897,LOST,0.0,FORMATION_RECOVERY|MUTEX_PASS|MUTEX_YIELD,0,1,1,25.4,-1.667,-10.184,-9.854,19.03,15.256,11.744,-4.359,-4.361,-4.363
,0.0,0.0,0.0,9.2893,10.9924,3.53,1,6.0749,6.0749,LOST,0.0,FORMATION_RECOVERY|MUTEX_PASS|MUTEX_YIELD,0,1,1,25.5,-1.668,-10.136,-9.854,19.081,15.263,11.745,-4.359,-4.361,-4.362
,0.0,0.0,0.0,9.2668,11.0284,3.5333,1,6.0641,6.0641,LOST,0.0,FORMATION_RECOVERY|MUTEX_PASS|MUTEX_YIELD,0,1,1,25.6,-1.661,-10.087,-9.853,19.128,15.271,11.745,-4.358,-4.361,-4.361
,0.0,0.0,0.0,9.2493,11.0677,3.5376,1,6.0586,6.0586,LOST,0.0,FORMATION_RECOVERY|MUTEX_PASS|MUTEX_YIELD,0,1,1,25.7,-1.646,-10.036,-9.853,19.171,15.278,11.745,-4.358,-4.362,-4.36
,0.0,0.0,0.0,9.2356,11.109,3.5421,1,6.0573,6.0573,LOST,0.0,FORMATION_RECOVERY|MUTEX_PASS|MUTEX_YIELD,0,1,1,25.8,-1.623,-9.985,-9.853,19.208,15.285,11.746,-4.358,-4.362,-4.36
,0.0,0.0,0.0,9.2251,11.1522,3.5475,1,6.0595,6.0595,LOST,0.0,FORMATION_RECOVERY|MUTEX_PASS|MUTEX_YIELD,0,1,1,25.9,-1.595,-9.932,-9.852,19.243,15.293,11.746,-4.357,-4.362,-4.36
,0.0,0.0,0.0,9.217,11.1976,3.5546,1,6.0645,6.0645,LOST,0.0,FORMATION_RECOVERY|MUTEX_PASS|MUTEX_YIELD,0,1,1,26.0,-1.563,-9.879,-9.852,19.275,15.301,11.746,-4.357,-4.362,-4.359
,0.0,0.0,0.0,9.2104,11.2441,3.5629,1,6.0717,6.0717,LOST,0.0,FORMATION_RECOVERY|MUTEX_PASS|MUTEX_YIELD,0,1,1,26.1,-1.527,-9.825,-9.851,19.304,15.309,11.746,-4.357,-4.362,-4.359
,0.0,0.0,0.0,9.205,11.2913,3.5719,1,6.0805,6.0805,LOST,0.0,FORMATION_RECOVERY|MUTEX_PASS|MUTEX_YIELD,0,1,1,26.2,-1.488,-9.771,-9.851,19.331,15.317,11.746,-4.356,-4.361,-4.359
,0.0,0.0,0.0,9.2008,11.3394,3.5821,1,6.0906,6.0906,LOST,0.0,FORMATION_RECOVERY|MUTEX_PASS|MUTEX_YIELD,0,1,1,26.3,-1.447,-9.716,-9.851,19.358,15.325,11.745,-4.356,-4.362,-4.359
,0.0,0.0,0.0,9.1976,11.3878,3.593,1,6.1017,6.1017,LOST,0.0,FORMATION_RECOVERY|MUTEX_PASS|MUTEX_YIELD,0,1,1,26.4,-1.404,-9.662,-9.85,19.383,15.333,11.745,-4.356,-4.362,-4.359
,0.0,0.0,0.0,9.1954,11.4369,3.6048,1,6.1138,6.1138,LOST,0.0,FORMATION_RECOVERY|MUTEX_PASS|MUTEX_YIELD,0,1,1,26.5,-1.36,-9.607,-9.85,19.407,15.341,11.745,-4.355,-4.362,-4.359
,0.0,0.0,0.0,9.1939,11.4864,3.6175,1,6.1266,6.1266,LOST,0.0,FORMATION_RECOVERY|MUTEX_PASS|MUTEX_YIELD,0,1,1,26.6,-1.314,-9.553,-9.85,19.431,15.349,11.744,-4.355,-4.363,-4.359
,0.0,0.0,0.0,9.1929,11.5359,3.6307,1,6.14,6.14,LOST,0.0,FORMATION_RECOVERY|MUTEX_PASS|MUTEX_YIELD,0,1,1,26.7,-1.268,-9.498,-9.849,19.453,15.357,11.744,-4.354,-4.363,-4.359
,0.0,0.0,0.0,9.1926,11.5856,3.6443,1,6.1538,6.1538,LOST,0.0,FORMATION_RECOVERY|MUTEX_PASS|MUTEX_YIELD,0,1,1,26.8,-1.222,-9.444,-9.849,19.476,15.365,11.743,-4.354,-4.363,-4.358
,0.0,0.0,0.0,9.1928,11.6354,3.6584,1,6.168,6.168,LOST,0.0,FORMATION_RECOVERY|MUTEX_PASS|MUTEX_YIELD,0,1,1,26.9,-1.175,-9.39,-9.849,19.498,15.373,11.743,-4.353,-4.363,-4.358
,0.0,0.0,0.0,9.1932,11.6848,3.6727,1,6.1824,6.1824,LOST,0.0,FORMATION_RECOVERY|MUTEX_PASS|MUTEX_YIELD,0,1,1,27.0,-1.128,-9.336,-9.849,19.52,15.38,11.743,-4.353,-4.363,-4.359
,0.0,0.0,0.0,9.1935,11.7337,3.6874,1,6.1966,6.1966,LOST,0.0,FORMATION_RECOVERY|MUTEX_PASS|MUTEX_YIELD,0,1,1,27.1,-1.081,-9.283,-9.849,19.541,15.387,11.743,-4.352,-4.362,-4.359
,0.0,0.0,0.0,9.1943,11.7828,3.7023,1,6.2109,6.2109,LOST,0.0,FORMATION_RECOVERY|MUTEX_PASS|MUTEX_YIELD,0,1,1,27.2,-1.035,-9.229,-9.849,19.562,15.394,11.744,-4.351,-4.362,-4.359
,0.0,0.0,0.0,9.1955,11.8321,3.7178,1,6.2255,6.2255,LOST,0.0,FORMATION_RECOVERY|MUTEX_PASS|MUTEX_YIELD,0,1,1,27.3,-0.988,-9.176,-9.849,19.584,15.4,11.744,-4.351,-4.36,-4.359
,0.0,0.0,0.0,9.1966,11.8814,3.7342,1,6.2399,6.2399,LOST,0.0,FORMATION_RECOVERY|MUTEX_PASS|MUTEX_YIELD,0,1,1,27.4,-0.941,-9.123,-9.849,19.606,15.407,11.744,-4.351,-4.36,-4.359
,0.0,0.0,0.0,9.1978,11.931,3.7516,1,6.2541,6.2541,LOST,0.0,FORMATION_RECOVERY|MUTEX_PASS|MUTEX_YIELD,0,1,1,27.5,-0.895,-9.07,-9.849,19.629,15.414,11.744,-4.35,-4.359,-4.359
,0.0,0.0,0.0,9.1992,11.9806,3.7696,1,6.2686,6.2686,LOST,0.0,FORMATION_RECOVERY|MUTEX_PASS|MUTEX_YIELD,0,1,1,27.6,-0.848,-9.017,-9.849,19.651,15.421,11.744,-4.349,-4.359,-4.358
,0.0,0.0,0.0,9.201,12.0305,3.7882,1,6.2831,6.2831,LOST,0.0,FORMATION_RECOVERY|MUTEX_PASS|MUTEX_YIELD,0,1,1,27.7,-0.802,-8.965,-9.849,19.674,15.428,11.744,-4.349,-4.358,-4.358
,0.0,0.0,0.0,9.2028,12.0803,3.8078,1,6.2975,6.2975,LOST,0.0,FORMATION_RECOVERY|MUTEX_PASS|MUTEX_YIELD,0,1,1,27.8,-0.756,-8.912,-9.849,19.697,15.435,11.744,-4.349,-4.358,-4.358
,0.0,0.0,0.0,9.2044,12.1297,3.8278,1,6.3118,6.3118,LOST,0.0,FORMATION_RECOVERY|MUTEX_PASS|MUTEX_YIELD,0,1,1,27.9,-0.71,-8.86,-9.849,19.72,15.442,11.745,-4.349,-4.358,-4.359
,0.0,0.0,0.0,9.206,12.1788,3.8483,1,6.3262,6.3262,LOST,0.0,FORMATION_RECOVERY|MUTEX_PASS|MUTEX_YIELD,0,1,1,28.0,-0.664,-8.808,-9.849,19.743,15.45,11.745,-4.349,-4.358,-4.359
,0.0,0.0,0.0,9.2074,12.2271,3.8687,1,6.3403,6.3403,LOST,0.0,FORMATION_RECOVERY|MUTEX_PASS|MUTEX_YIELD,0,1,1,28.1,-0.619,-8.756,-9.849,19.766,15.458,11.747,-4.35,-4.358,-4.359
,0.0,0.0,0.0,9.2084,12.2748,3.8893,1,6.3539,6.3539,LOST,0.0,FORMATION_RECOVERY|MUTEX_PASS|MUTEX_YIELD,0,1,1,28.2,-0.574,-8.704,-9.848,19.789,15.466,11.749,-4.35,-4.358,-4.359
,0.0,0.0,0.0,9.2094,12.3227,3.9107,1,6.3676,6.3676,LOST,0.0,FORMATION_RECOVERY|MUTEX_PASS|MUTEX_YIELD,0,1,1,28.3,-0.528,-8.652,-9.847,19.813,15.474,11.75,-4.35,-4.358,-4.359
,0.0,0.0,0.0,9.2107,12.3712,3.9331,1,6.3814,6.3814,LOST,0.0,FORMATION_RECOVERY|MUTEX_PASS|MUTEX_YIELD,0,1,1,28.4,-0.483,-8.599,-9.847,19.837,15.481,11.751,-4.35,-4.359,-4.359
,0.0,0.0,0.0,9.2117,12.4199,3.9562,1,6.3949,6.3949,LOST,0.0,FORMATION_RECOVERY|MUTEX_PASS|MUTEX_YIELD,0,1,1,28.5,-0.439,-8.547,-9.847,19.861,15.489,11.752,-4.351,-4.359,-4.358
,0.0,0.0,0.0,9.2117,12.4678,3.9799,1,6.4077,6.4077,LOST,0.0,FORMATION_RECOVERY|MUTEX_PASS|MUTEX_YIELD,0,1,1,28.6,-0.396,-8.495,-9.847,19.885,15.497,11.753,-4.351,-4.36,-4.358
,0.0,0.0,0.0,9.2104,12.5142,4.0044,1,6.4194,6.4194,LOST,0.0,FORMATION_RECOVERY|MUTEX_PASS|MUTEX_YIELD,0,1,1,28.7,-0.354,-8.443,-9.846,19.909,15.504,11.754,-4.351,-4.36,-4.358
,0.0,0.0,0.0,9.2075,12.5587,4.029,1,6.43,6.43,LOST,0.0,FORMATION_RECOVERY|MUTEX_PASS|MUTEX_YIELD,0,1,1,28.8,-0.314,-8.392,-9.846,19.932,15.512,11.755,-4.352,-4.36,-4.358
,0.0,0.0,0.0,9.2027,12.6016,4.054,1,6.4395,6.4395,LOST,0.0,FORMATION_RECOVERY|MUTEX_PASS|MUTEX_YIELD,0,1,1,28.9,-0.276,-8.34,-9.846,19.954,15.519,11.755,-4.352,-4.36,-4.358
,0.0,0.0,0.0,9.1959,12.6428,4.0798,1,6.4479,6.4479,LOST,0.0,FORMATION_RECOVERY|MUTEX_PASS|MUTEX_YIELD,0,1,1,29.0,-0.24,-8.288,-9.846,19.975,15.527,11.756,-4.352,-4.36,-4.359
,0.0,0.0,0.0,9.1873,12.6822,4.1064,1,6.4551,6.4551,LOST,0.0,FORMATION_RECOVERY|MUTEX_PASS|MUTEX_YIELD,0,1,1,29.1,-0.205,-8.236,-9.846,19.996,15.534,11.756,-4.353,-4.36,-4.359
,0.0,0.0,0.0,9.1765,12.7194,4.1337,1,6.4609,6.4609,LOST,0.0,FORMATION_RECOVERY|MUTEX_PASS|MUTEX_YIELD,0,1,1,29.2,-0.172,-8.185,-9.846,20.015,15.542,11.757,-4.353,-4.36,-4.359
,0.0,0.0,0.0,9.1634,12.7543,4.1616,1,6.4653,6.4653,LOST,0.0,FORMATION_RECOVERY|MUTEX_PASS|MUTEX_YIELD,0,1,1,29.3,-0.142,-8.133,-9.846,20.033,15.55,11.757,-4.353,-4.36,-4.359
,0.0,0.0,0.0,9.1486,12.7874,4.1899,1,6.4685,6.4685,LOST,0.0,FORMATION_RECOVERY|MUTEX_PASS|MUTEX_YIELD,0,1,1,29.4,-0.113,-8.082,-9.846,20.051,15.558,11.757,-4.353,-4.361,-4.358
,0.0,0.0,0.0,9.1316,12.8187,4.2191,1,6.4707,6.4707,LOST,0.0,FORMATION_RECOVERY|MUTEX_PASS|MUTEX_YIELD,0,1,1,29.5,-0.086,-8.031,-9.847,20.067,15.566,11.757,-4.354,-4.361,-4.358
,0.0,0.0,0.0,9.1131,12.8484,4.2488,1,6.4719,6.4719,LOST,0.0,FORMATION_RECOVERY|MUTEX_PASS|MUTEX_YIELD,0,1,1,29.6,-0.06,-7.98,-9.847,20.082,15.574,11.757,-4.354,-4.362,-4.358
,0.0,0.0,0.0,9.093,12.876,4.2785,1,6.472,6.472,LOST,0.0,FORMATION_RECOVERY|MUTEX_PASS|MUTEX_YIELD,0,1,1,29.7,-0.036,-7.93,-9.847,20.096,15.581,11.757,-4.353,-4.363,-4.358
,0.0,0.0,0.0,9.0706,12.9014,4.3088,1,6.4706,6.4706,LOST,0.0,FORMATION_RECOVERY|MUTEX_PASS|MUTEX_YIELD,0,1,1,29.8,-0.014,-7.879,-9.848,20.109,15.59,11.757,-4.353,-4.363,-4.358
,0.0,0.0,0.0,9.0461,12.9245,4.3394,1,6.4678,6.4678,LOST,0.0,FORMATION_RECOVERY|MUTEX_PASS|MUTEX_YIELD,0,1,1,29.9,0.005,-7.829,-9.848,20.121,15.598,11.757,-4.353,-4.363,-4.359
,0.0,0.0,0.0,9.0198,12.9459,4.3704,1,6.4639,6.4639,LOST,0.0,FORMATION_RECOVERY|MUTEX_PASS|MUTEX_YIELD,0,1,1,30.0,0.024,-7.778,-9.848,20.132,15.606,11.757,-4.353,-4.363,-4.359
,0.0,0.0,0.0,8.9922,12.9653,4.4013,1,6.4591,6.4591,LOST,0.0,FORMATION_RECOVERY|MUTEX_PASS|MUTEX_YIELD,0,1,1,30.1,0.041,-7.728,-9.848,20.142,15.614,11.757,-4.354,-4.363,-4.359
,0.0,0.0,0.0,8.9634,12.9836,4.4324,1,6.4535,6.4535,LOST,0.0,FORMATION_RECOVERY|MUTEX_PASS|MUTEX_YIELD,0,1,1,30.2,0.057,-7.678,-9.848,20.152,15.622,11.757,-4.354,-4.363,-4.359
,0.0,0.0,0.0,8.9336,13.0008,4.4638,1,6.4473,6.4473,LOST,0.0,FORMATION_RECOVERY|MUTEX_PASS|MUTEX_YIELD,0,1,1,30.3,0.071,-7.628,-9.848,20.162,15.63,11.758,-4.355,-4.363,-4.359
,0.0,0.0,0.0,8.9027,13.017,4.4956,1,6.4406,6.4406,LOST,0.0,FORMATION_RECOVERY|MUTEX_PASS|MUTEX_YIELD,0,1,1,30.4,0.085,-7.578,-9.849,20.17,15.638,11.759,-4.355,-4.363,-4.359
,0.0,0.0,0.0,8.8713,13.0325,4.5277,1,6.4336,6.4336,LOST,0.0,FORMATION_RECOVERY|MUTEX_PASS|MUTEX_YIELD,0,1,1,30.5,0.098,-7.528,-9.85,20.178,15.647,11.76,-4.355,-4.363,-4.359
,0.0,0.0,0.0,8.8388,13.0469,4.5602,1,6.4259,6.4259,LOST,0.0,FORMATION_RECOVERY|MUTEX_PASS|MUTEX_YIELD,0,1,1,30.6,0.111,-7.479,-9.851,20.185,15.655,11.76,-4.355,-4.362,-4.359
,0.0,0.0,0.0,8.8053,13.0604,4.5928,1,6.4177,6.4177,LOST,0.0,FORMATION_RECOVERY|MUTEX_PASS|MUTEX_YIELD,0,1,1,30.7,0.122,-7.429,-9.853,20.192,15.663,11.762,-4.355,-4.361,-4.359
,0.0,0.0,0.0,8.7711,13.0734,4.6263,1,6.409,6.409,LOST,0.0,FORMATION_RECOVERY|MUTEX_PASS|MUTEX_YIELD,0,1,1,30.8,0.133,-7.379,-9.854,20.199,15.671,11.762,-4.356,-4.36,-4.358
,0.0,0.0,0.0,8.7366,13.086,4.6601,1,6.4001,6.4001,LOST,0.0,FORMATION_RECOVERY|MUTEX_PASS|MUTEX_YIELD,0,1,1,30.9,0.144,-7.329,-9.855,20.205,15.68,11.763,-4.356,-4.36,-4.358
,0.0,0.0,0.0,8.701,13.0981,4.6948,1,6.3907,6.3907,LOST,0.0,FORMATION_RECOVERY|MUTEX_PASS|MUTEX_YIELD,0,1,1,31.0,0.154,-7.279,-9.856,20.212,15.689,11.764,-4.357,-4.359,-4.357
,0.0,0.0,0.0,8.6647,13.1095,4.7301,1,6.3808,6.3808,LOST,0.0,FORMATION_RECOVERY|MUTEX_PASS|MUTEX_YIELD,0,1,1,31.1,0.163,-7.229,-9.857,20.218,15.698,11.765,-4.357,-4.359,-4.356
,0.0,0.0,0.0,8.6284,13.1202,4.7652,1,6.3707,6.3707,LOST,0.0,FORMATION_RECOVERY|MUTEX_PASS|MUTEX_YIELD,0,1,1,31.2,0.172,-7.18,-9.858,20.224,15.707,11.766,-4.357,-4.359,-4.355
,0.0,0.0,0.0,8.5914,13.1297,4.8001,1,6.3599,6.3599,LOST,0.0,FORMATION_RECOVERY|MUTEX_PASS|MUTEX_YIELD,0,1,1,31.3,0.18,-7.131,-9.859,20.23,15.717,11.767,-4.358,-4.359,-4.355
,0.0,0.0,0.0,8.5538,13.1382,4.8349,1,6.3486,6.3486,LOST,0.0,FORMATION_RECOVERY|MUTEX_PASS|MUTEX_YIELD,0,1,1,31.4,0.187,-7.082,-9.859,20.235,15.726,11.768,-4.358,-4.359,-4.354
,0.0,0.0,0.0,8.5153,13.1453,4.8695,1,6.3366,6.3366,LOST,0.0,FORMATION_RECOVERY|MUTEX_PASS|MUTEX_YIELD,0,1,1,31.5,0.193,-7.033,-9.859,20.24,15.735,11.769,-4.359,-4.359,-4.354
,0.0,0.0,0.0,8.4764,13.1516,4.9042,1,6.3242,6.3242,LOST,0.0,FORMATION_RECOVERY|MUTEX_PASS|MUTEX_YIELD,0,1,1,31.6,0.199,-6.984,-9.859,20.244,15.743,11.77,-4.359,-4.359,-4.353
,0.0,0.0,0.0,8.4377,13.158,4.9389,1,6.3119,6.3119,LOST,0.0,FORMATION_RECOVERY|MUTEX_PASS|MUTEX_YIELD,0,1,1,31.7,0.205,-6.935,-9.859,20.248,15.752,11.771,-4.359,-4.359,-4.353
,0.0,0.0,0.0,8.3988,13.164,4.9738,1,6.2994,6.2994,LOST,0.0,FORMATION_RECOVERY|MUTEX_PASS|MUTEX_YIELD,0,1,1,31.8,0.211,-6.886,-9.858,20.251,15.76,11.772,-4.359,-4.359,-4.353
,0.0,0.0,0.0,8.36,13.1701,5.0091,1,6.287,6.287,LOST,0.0,FORMATION_RECOVERY|MUTEX_PASS|MUTEX_YIELD,0,1,1,31.9,0.218,-6.836,-9.857,20.254,15.768,11.772,-4.359,-4.359,-4.353
,0.0,0.0,0.0,8.3211,13.1762,5.0446,1,6.2747,6.2747,LOST,0.0,FORMATION_WAIT_REJOIN|MUTEX_PASS|MUTEX_YIELD,0,1,1,32.0,0.224,-6.787,-9.857,20.257,15.776,11.772,-4.359,-4.359,-4.354
,0.0,0.0,0.0,8.2822,13.1828,5.0807,1,6.2624,6.2624,LOST,0.0,FORMATION_WAIT_REJOIN|MUTEX_PASS|MUTEX_YIELD,0,1,1,32.1,0.23,-6.738,-9.857,20.26,15.783,11.773,-4.358,-4.358,-4.354
,0.0,0.0,0.0,8.2434,13.1899,5.1174,1,6.2501,6.2501,LOST,0.0,FORMATION_WAIT_REJOIN|MUTEX_PASS|MUTEX_YIELD,0,1,1,32.2,0.236,-6.688,-9.858,20.264,15.791,11.773,-4.358,-4.358,-4.355
,0.0,0.0,0.0,8.2043,13.1964,5.1539,1,6.2376,6.2376,LOST,0.0,FORMATION_WAIT_REJOIN|MUTEX_PASS|MUTEX_YIELD,0,1,1,32.3,0.242,-6.639,-9.858,20.267,15.798,11.773,-4.358,-4.358,-4.355
,0.0,0.0,0.0,8.1656,13.2025,5.19,1,6.2249,6.2249,LOST,0.0,FORMATION_WAIT_REJOIN|MUTEX_PASS|MUTEX_YIELD,0,1,1,32.4,0.247,-6.59,-9.858,20.27,15.805,11.774,-4.359,-4.358,-4.356
,0.0,0.0,0.0,8.1268,13.2085,5.2264,1,6.2121,6.2121,LOST,0.0,FORMATION_WAIT_REJOIN|MUTEX_PASS|MUTEX_YIELD,0,1,1,32.5,0.252,-6.541,-9.859,20.274,15.813,11.774,-4.359,-4.358,-4.356
,0.0,0.0,0.0,8.0875,13.2142,5.2635,1,6.199,6.199,LOST,0.0,FORMATION_WAIT_REJOIN|MUTEX_PASS|MUTEX_YIELD,0,1,1,32.6,0.256,-6.493,-9.859,20.277,15.82,11.774,-4.359,-4.358,-4.357
,0.0,0.0,0.0,8.0483,13.2195,5.3002,1,6.1859,6.1859,LOST,0.0,FORMATION_WAIT_REJOIN|MUTEX_PASS|MUTEX_YIELD,0,1,1,32.7,0.261,-6.444,-9.859,20.28,15.828,11.774,-4.359,-4.358,-4.357
,0.0,0.0,0.0,8.0098,13.2247,5.3364,1,6.173,6.173,LOST,0.0,FORMATION_WAIT_REJOIN|MUTEX_PASS|MUTEX_YIELD,0,1,1,32.8,0.266,-6.395,-9.859,20.283,15.835,11.775,-4.359,-4.358,-4.357
,0.0,0.0,0.0,7.9711,13.2294,5.3724,1,6.1599,6.1599,LOST,0.0,FORMATION_WAIT_REJOIN|MUTEX_PASS|MUTEX_YIELD,0,1,1,32.9,0.271,-6.346,-9.858,20.286,15.841,11.776,-4.359,-4.358,-4.357
,0.0,0.0,0.0,7.9321,13.2339,5.4087,1,6.1465,6.1465,LOST,0.0,FORMATION_WAIT_REJOIN|MUTEX_PASS|MUTEX_YIELD,0,1,1,33.0,0.275,-6.298,-9.858,20.288,15.848,11.776,-4.359,-4.358,-4.357
,0.0,0.0,0.0,7.893,13.2382,5.4449,1,6.1329,6.1329,LOST,0.0,FORMATION_WAIT_REJOIN|MUTEX_PASS|MUTEX_YIELD,0,1,1,33.1,0.279,-6.249,-9.858,20.291,15.854,11.777,-4.359,-4.358,-4.358
,0.0,0.0,0.0,7.8539,13.2421,5.4811,1,6.119,6.119,LOST,0.0,FORMATION_WAIT_REJOIN|MUTEX_PASS|MUTEX_YIELD,0,1,1,33.2,0.282,-6.2,-9.858,20.294,15.859,11.778,-4.359,-4.358,-4.358
,0.0,0.0,0.0,7.8142,13.2457,5.5179,1,6.1048,6.1048,LOST,0.0,FORMATION_WAIT_REJOIN|MUTEX_PASS|MUTEX_YIELD,0,1,1,33.3,0.286,-6.151,-9.858,20.296,15.865,11.778,-4.359,-4.359,-4.359
,0.0,0.0,0.0,7.7739,13.2492,5.5553,1,6.0904,6.0904,LOST,0.0,FORMATION_WAIT_REJOIN|MUTEX_PASS|MUTEX_YIELD,0,1,1,33.4,0.289,-6.101,-9.858,20.298,15.871,11.778,-4.359,-4.36,-4.359
,0.0,0.0,0.0,7.7334,13.2526,5.5931,1,6.0758,6.0758,LOST,0.0,FORMATION_WAIT_REJOIN|MUTEX_PASS|MUTEX_YIELD,0,1,1,33.5,0.292,-6.052,-9.858,20.301,15.877,11.779,-4.359,-4.36,-4.359
,0.0,0.0,0.0,7.6922,13.2554,5.6312,1,6.0608,6.0608,LOST,0.0,FORMATION_WAIT_REJOIN|MUTEX_PASS|MUTEX_YIELD,0,1,1,33.6,0.294,-6.002,-9.857,20.303,15.883,11.779,-4.359,-4.361,-4.359
,0.0,0.0,0.0,7.6515,13.2583,5.6693,1,6.0459,6.0459,LOST,0.0,FORMATION_WAIT_REJOIN|MUTEX_PASS|MUTEX_YIELD,0,1,1,33.7,0.297,-5.952,-9.857,20.305,15.89,11.779,-4.36,-4.361,-4.36
,0.0,0.0,0.0,7.6108,13.2614,5.7078,1,6.0311,6.0311,LOST,0.0,FORMATION_WAIT_REJOIN|MUTEX_PASS|MUTEX_YIELD,0,1,1,33.8,0.299,-5.903,-9.857,20.307,15.896,11.78,-4.36,-4.361,-4.36
,0.0,0.0,0.0,7.5695,13.2643,5.747,1,6.016,6.016,LOST,0.0,FORMATION_WAIT_REJOIN|MUTEX_PASS|MUTEX_YIELD,0,1,1,33.9,0.301,-5.853,-9.857,20.309,15.903,11.78,-4.36,-4.361,-4.36
,0.0,0.0,0.0,7.5276,13.2671,5.7868,1,6.0006,6.0006,LOST,0.0,FORMATION_WAIT_REJOIN|MUTEX_PASS|MUTEX_YIELD,0,1,1,34.0,0.303,-5.804,-9.857,20.311,15.909,11.779,-4.36,-4.361,-4.36
,0.0,0.0,0.0,7.4855,13.2698,5.8271,1,5.9852,5.9852,LOST,0.0,FORMATION_WAIT_REJOIN|MUTEX_PASS|MUTEX_YIELD,1,1,1,34.1,0.305,-5.754,-9.857,20.312,15.916,11.779,-4.36,-4.362,-4.36
,0.0,0.0,0.0,7.4438,13.2726,5.8673,1,5.9699,5.9699,LOST,0.0,FORMATION_WAIT_REJOIN|MUTEX_PASS|MUTEX_YIELD,1,1,1,34.2,0.306,-5.704,-9.858,20.314,15.922,11.778,-4.36,-4.362,-4.36
,0.0,0.0,0.0,7.4026,13.2756,5.9073,1,5.9548,5.9548,LOST,0.0,FORMATION_WAIT_REJOIN|MUTEX_PASS|MUTEX_YIELD,1,1,1,34.3,0.308,-5.655,-9.858,20.315,15.928,11.778,-4.36,-4.362,-4.36
,0.0,0.0,0.0,7.3617,13.2786,5.9474,1,5.9399,5.9399,LOST,0.0,FORMATION_WAIT_REJOIN|MUTEX_PASS|MUTEX_YIELD,1,1,1,34.4,0.31,-5.605,-9.859,20.316,15.934,11.778,-4.36,-4.362,-4.36
,0.0,0.0,0.0,7.3204,13.2815,5.9881,1,5.925,5.925,LOST,0.0,FORMATION_WAIT_REJOIN|MUTEX_PASS|MUTEX_YIELD,1,1,1,34.5,0.312,-5.556,-9.859,20.317,15.941,11.777,-4.36,-4.362,-4.36
,0.0,0.0,0.0,7.2792,13.2844,6.0289,1,5.9102,5.9102,LOST,0.0,FORMATION_WAIT_REJOIN|MUTEX_PASS|MUTEX_YIELD,1,1,1,34.6,0.315,-5.507,-9.86,20.317,15.947,11.776,-4.36,-4.361,-4.36
,0.0,0.0,0.0,7.2378,13.2868,6.0697,1,5.8953,5.8953,LOST,0.0,FORMATION_WAIT_REJOIN|MUTEX_PASS|MUTEX_YIELD,1,1,1,34.7,0.317,-5.457,-9.86,20.317,15.954,11.775,-4.36,-4.361,-4.361
,0.0,0.0,0.0,7.1967,13.2896,6.1109,1,5.8805,5.8805,LOST,0.0,FORMATION_WAIT_REJOIN|MUTEX_PASS|MUTEX_YIELD,1,1,1,34.8,0.319,-5.408,-9.86,20.318,15.96,11.775,-4.36,-4.361,-4.361
,0.0,0.0,0.0,7.1551,13.2927,6.1528,1,5.8656,5.8656,LOST,0.0,FORMATION_WAIT_REJOIN|MUTEX_PASS|MUTEX_YIELD,1,1,1,34.9,0.322,-5.358,-9.861,20.318,15.967,11.774,-4.36,-4.361,-4.361
,0.0,0.0,0.0,7.1133,13.2958,6.1953,1,5.8504,5.8504,LOST,0.0,FORMATION_WAIT_REJOIN|MUTEX_PASS|MUTEX_YIELD,1,1,1,35.0,0.324,-5.308,-9.862,20.319,15.974,11.773,-4.36,-4.361,-4.361
,0.0,0.0,0.0,7.0713,13.2987,6.238,1,5.835,5.835,LOST,0.0,FORMATION_WAIT_REJOIN|MUTEX_PASS|MUTEX_YIELD,1,1,1,35.1,0.325,-5.258,-9.863,20.32,15.981,11.772,-4.36,-4.362,-4.361
,0.0,0.0,0.0,7.0292,13.3015,6.2808,1,5.8195,5.8195,LOST,0.0,FORMATION_WAIT_REJOIN|MUTEX_PASS|MUTEX_YIELD,1,1,1,35.2,0.327,-5.208,-9.864,20.321,15.988,11.772,-4.36,-4.362,-4.361
,0.0,0.0,0.0,6.9868,13.304,6.324,1,5.8039,5.8039,LOST,0.0,FORMATION_WAIT_REJOIN|MUTEX_PASS|MUTEX_YIELD,1,1,1,35.3,0.328,-5.158,-9.864,20.322,15.995,11.771,-4.36,-4.363,-4.362
,0.0,0.0,0.0,6.9443,13.3059,6.3667,1,5.7882,5.7882,LOST,0.0,FORMATION_WAIT_REJOIN|MUTEX_PASS|MUTEX_YIELD,1,1,1,35.4,0.33,-5.107,-9.865,20.322,16.002,11.771,-4.361,-4.363,-4.362
,0.0,0.0,0.0,6.9019,13.3072,6.409,1,5.7724,5.7724,LOST,0.0,FORMATION_WAIT_REJOIN|MUTEX_PASS|MUTEX_YIELD,1,1,1,35.5,0.331,-5.057,-9.866,20.322,16.009,11.772,-4.361,-4.363,-4.362
,0.0,0.0,0.0,6.8594,13.3084,6.4515,1,5.7567,5.7567,LOST,0.0,FORMATION_WAIT_REJOIN|MUTEX_PASS|MUTEX_YIELD,1,1,1,35.6,0.332,-5.007,-9.867,20.322,16.016,11.772,-4.361,-4.364,-4.363
,0.0,0.0,0.0,6.8174,13.3093,6.4935,1,5.7409,5.7409,LOST,0.0,FORMATION_WAIT_REJOIN|MUTEX_PASS|MUTEX_YIELD,1,1,1,35.7,0.334,-4.957,-9.867,20.322,16.023,11.774,-4.362,-4.364,-4.363
,0.0,0.0,0.0,6.7755,13.31,6.5354,1,5.7251,5.7251,LOST,0.0,FORMATION_WAIT_REJOIN|MUTEX_PASS|MUTEX_YIELD,1,1,1,35.8,0.335,-4.907,-9.867,20.323,16.03,11.775,-4.362,-4.364,-4.363
,0.0,0.0,0.0,6.7341,13.3111,6.5773,1,5.7094,5.7094,LOST,0.0,FORMATION_WAIT_REJOIN|MUTEX_PASS|MUTEX_YIELD,1,1,1,35.9,0.337,-4.857,-9.867,20.323,16.037,11.776,-4.362,-4.363,-4.363
,0.0,0.0,0.0,6.6928,13.3123,6.6195,1,5.6937,5.6937,LOST,0.0,FORMATION_WAIT_REJOIN|MUTEX_PASS|MUTEX_YIELD,1,1,1,36.0,0.339,-4.807,-9.867,20.323,16.043,11.776,-4.362,-4.363,-4.362
,0.0,0.0,0.0,6.6514,13.3134,6.662,1,5.6824,5.6824,LOST,0.0,FORMATION_WAIT_REJOIN|MUTEX_PASS|MUTEX_YIELD,1,1,1,36.1,0.34,-4.757,-9.867,20.323,16.05,11.776,-4.362,-4.362,-4.362
,0.0,0.0,0.0,6.6103,13.3146,6.7045,1,5.6998,5.6998,LOST,0.0,FORMATION_WAIT_REJOIN|MUTEX_PASS|MUTEX_YIELD,1,1,1,36.2,0.342,-4.707,-9.868,20.324,16.057,11.777,-4.362,-4.361,-4.361
,0.0,0.0,0.0,6.5693,13.3163,6.7474,1,5.7171,5.7171,LOST,0.0,FORMATION_WAIT_REJOIN|MUTEX_PASS|MUTEX_YIELD,1,1,1,36.3,0.343,-4.657,-9.868,20.324,16.064,11.777,-4.362,-4.361,-4.361
,0.0,0.0,0.0,6.5288,13.3177,6.7899,1,5.7341,5.7341,LOST,0.0,FORMATION_WAIT_REJOIN|MUTEX_PASS|MUTEX_YIELD,1,1,1,36.4,0.344,-4.607,-9.868,20.326,16.071,11.777,-4.362,-4.36,-4.36
,0.0,0.0,0.0,6.4887,13.3188,6.8319,1,5.7507,5.7507,LOST,0.0,FORMATION_WAIT_REJOIN|MUTEX_PASS|MUTEX_YIELD,1,1,1,36.5,0.344,-4.558,-9.867,20.329,16.077,11.778,-4.361,-4.36,-4.36
,0.0,0.0,0.0,6.4491,13.3204,6.8742,1,5.7672,5.7672,LOST,0.0,FORMATION_WAIT_REJOIN|MUTEX_PASS|MUTEX_YIELD,1,1,1,36.6,0.344,-4.508,-9.867,20.333,16.084,11.779,-4.361,-4.36,-4.359
,0.0,0.0,0.0,6.4104,13.3229,6.9168,1,5.7838,5.7838,LOST,0.0,FORMATION_WAIT_REJOIN|MUTEX_PASS|MUTEX_YIELD,1,1,1,36.7,0.344,-4.458,-9.867,20.338,16.091,11.779,-4.361,-4.359,-4.358
,0.0,0.0,0.0,6.3721,13.3259,6.9597,1,5.8003,5.8003,LOST,0.0,FORMATION_WAIT_REJOIN|MUTEX_PASS|MUTEX_YIELD,1,1,1,36.8,0.343,-4.409,-9.866,20.344,16.098,11.779,-4.361,-4.358,-4.358
,0.0,0.0,0.0,6.3344,13.3293,7.0026,1,5.8167,5.8167,LOST,0.0,FORMATION_WAIT_REJOIN|MUTEX_PASS|MUTEX_YIELD,1,1,1,36.9,0.342,-4.359,-9.865,20.351,16.105,11.779,-4.361,-4.358,-4.358
,0.0,0.0,0.0,6.2972,13.3328,7.0455,1,5.8331,5.8331,LOST,0.0,FORMATION_WAIT_REJOIN|MUTEX_PASS|MUTEX_YIELD,1,1,1,37.0,0.342,-4.309,-9.865,20.358,16.113,11.78,-4.361,-4.357,-4.358
,0.0,0.0,0.0,6.261,13.3368,7.0882,1,5.8493,5.8493,LOST,0.0,FORMATION_WAIT_REJOIN|MUTEX_PASS|MUTEX_YIELD,1,1,1,37.1,0.341,-4.26,-9.864,20.366,16.12,11.78,-4.362,-4.357,-4.358
,0.0,0.0,0.0,6.2255,13.341,7.1307,1,5.8655,5.8655,LOST,0.0,FORMATION_WAIT_REJOIN|MUTEX_PASS|MUTEX_YIELD,1,1,1,37.2,0.34,-4.21,-9.863,20.375,16.127,11.78,-4.362,-4.356,-4.358
,0.0,0.0,0.0,6.1904,13.3454,7.1732,1,5.8817,5.8817,LOST,0.0,FORMATION_WAIT_REJOIN|MUTEX_PASS|MUTEX_YIELD,0,1,1,37.3,0.339,-4.161,-9.862,20.384,16.134,11.78,-4.362,-4.356,-4.357
,0.0,0.0,0.0,6.1558,13.3498,7.2155,1,5.8978,5.8978,LOST,0.0,FORMATION_WAIT_REJOIN|MUTEX_PASS|MUTEX_YIELD,0,1,1,37.4,0.339,-4.112,-9.861,20.393,16.141,11.781,-4.362,-4.356,-4.357
,0.0,0.0,0.0,6.1213,13.3542,7.2579,1,5.9138,5.9138,LOST,0.0,FORMATION_WAIT_REJOIN|MUTEX_PASS|MUTEX_YIELD,0,1,1,37.5,0.338,-4.062,-9.86,20.403,16.148,11.781,-4.362,-4.356,-4.357
,0.0,0.0,0.0,6.0863,13.3581,7.3006,1,5.93,5.93,LOST,0.0,FORMATION_WAIT_REJOIN|MUTEX_PASS|MUTEX_YIELD,0,1,1,37.6,0.338,-4.013,-9.858,20.41,16.155,11.781,-4.362,-4.356,-4.357
,0.0,0.0,0.0,6.0514,13.3621,7.3436,1,5.9463,5.9463,LOST,0.0,FORMATION_WAIT_REJOIN|MUTEX_PASS|MUTEX_YIELD,0,1,1,37.7,0.339,-3.964,-9.857,20.418,16.163,11.781,-4.362,-4.357,-4.356
,0.0,0.0,0.0,6.0163,13.3663,7.387,1,5.9628,5.9628,LOST,0.0,FORMATION_WAIT_REJOIN|MUTEX_PASS|MUTEX_YIELD,0,1,1,37.8,0.339,-3.915,-9.857,20.425,16.17,11.781,-4.363,-4.357,-4.355
,0.0,0.0,0.0,5.9815,13.3709,7.4308,1,5.9795,5.9795,LOST,0.0,FORMATION_WAIT_REJOIN|MUTEX_PASS|MUTEX_YIELD,0,1,1,37.9,0.34,-3.865,-9.856,20.431,16.177,11.78,-4.363,-4.358,-4.355
,0.0,0.0,0.0,5.9471,13.3759,7.4749,1,5.9965,5.9965,LOST,0.0,FORMATION_WAIT_REJOIN|MUTEX_PASS|MUTEX_YIELD,0,1,1,38.0,0.34,-3.816,-9.855,20.438,16.184,11.78,-4.363,-4.358,-4.355
,0.0,0.0,0.0,5.9126,13.3807,7.519,1,6.0135,6.0135,LOST,0.0,FORMATION_WAIT_REJOIN|MUTEX_PASS|MUTEX_YIELD,0,1,1,38.1,0.341,-3.767,-9.855,20.444,16.192,11.779,-4.364,-4.358,-4.355
,0.0,0.0,0.0,5.8781,13.3852,7.5632,1,6.0306,6.0306,LOST,0.0,FORMATION_WAIT_REJOIN|MUTEX_PASS|MUTEX_YIELD,0,1,1,38.2,0.343,-3.717,-9.855,20.449,16.199,11.779,-4.364,-4.358,-4.355
,0.0,0.0,0.0,5.8443,13.3899,7.6071,1,6.0477,6.0477,LOST,0.0,FORMATION_WAIT_REJOIN|MUTEX_PASS|MUTEX_YIELD,0,1,1,38.3,0.344,-3.668,-9.854,20.455,16.206,11.778,-4.365,-4.358,-4.356
,0.0,0.0,0.0,5.8105,13.3946,7.6512,1,6.0649,6.0649,LOST,0.0,FORMATION_WAIT_REJOIN|MUTEX_PASS|MUTEX_YIELD,0,1,1,38.4,0.345,-3.619,-9.854,20.461,16.212,11.778,-4.365,-4.358,-4.356
,0.0,0.0,0.0,5.7766,13.3993,7.6959,1,6.0822,6.0822,LOST,0.0,FORMATION_WAIT_REJOIN|MUTEX_PASS|MUTEX_YIELD,0,1,1,38.5,0.346,-3.57,-9.854,20.466,16.22,11.778,-4.366,-4.358,-4.356
,0.0,0.0,0.0,5.7427,13.4042,7.7409,1,6.0997,6.0997,LOST,0.0,FORMATION_WAIT_REJOIN|MUTEX_PASS|MUTEX_YIELD,0,1,1,38.6,0.347,-3.52,-9.855,20.472,16.227,11.777,-4.366,-4.358,-4.356
,0.0,0.0,0.0,5.7074,13.4078,7.7859,1,6.117,6.117,LOST,0.0,FORMATION_WAIT_REJOIN|MUTEX_PASS|MUTEX_YIELD,0,1,1,38.7,0.348,-3.471,-9.855,20.475,16.234,11.776,-4.367,-4.358,-4.357
,0.0,0.0,0.0,5.6708,13.4096,7.8307,1,6.1339,6.1339,LOST,0.0,FORMATION_WAIT_REJOIN|MUTEX_PASS|MUTEX_YIELD,0,1,1,38.8,0.349,-3.422,-9.854,20.476,16.241,11.776,-4.367,-4.359,-4.357
,0.0,0.0,0.0,5.633,13.4101,7.8751,1,6.1506,6.1506,LOST,0.0,FORMATION_WAIT_REJOIN|MUTEX_PASS|MUTEX_YIELD,0,1,1,38.9,0.351,-3.373,-9.854,20.475,16.248,11.775,-4.368,-4.36,-4.357
,0.0,0.0,0.0,5.594,13.4093,7.9196,1,6.1671,6.1671,LOST,0.0,FORMATION_WAIT_REJOIN|MUTEX_PASS|MUTEX_YIELD,0,1,1,39.0,0.352,-3.323,-9.853,20.472,16.255,11.774,-4.368,-4.36,-4.358
,0.0,0.0,0.0,5.5543,13.4079,7.9642,1,6.1836,6.1836,LOST,0.0,FORMATION_WAIT_REJOIN|MUTEX_PASS|MUTEX_YIELD,0,1,1,39.1,0.354,-3.274,-9.852,20.468,16.263,11.773,-4.368,-4.36,-4.358
,0.0,0.0,0.0,5.5138,13.4055,8.0087,1,6.2,6.2,LOST,0.0,FORMATION_WAIT_REJOIN|MUTEX_PASS|MUTEX_YIELD,0,1,1,39.2,0.355,-3.225,-9.851,20.463,16.27,11.773,-4.368,-4.36,-4.359
,0.0,0.0,0.0,5.4728,13.4028,8.0534,1,6.2163,6.2163,LOST,0.0,FORMATION_WAIT_REJOIN|MUTEX_PASS|MUTEX_YIELD,0,1,1,39.3,0.357,-3.175,-9.851,20.458,16.278,11.772,-4.368,-4.359,-4.359
,0.0,0.0,0.0,5.4311,13.3996,8.0985,1,6.2328,6.2328,LOST,0.0,FORMATION_WAIT_REJOIN|MUTEX_PASS|MUTEX_YIELD,0,1,1,39.4,0.358,-3.126,-9.85,20.452,16.286,11.772,-4.368,-4.359,-4.36
,0.0,0.0,0.0,5.3893,13.3959,8.1434,1,6.2493,6.2493,LOST,0.0,FORMATION_WAIT_REJOIN|MUTEX_PASS|MUTEX_YIELD,0,1,1,39.5,0.36,-3.077,-9.85,20.445,16.294,11.772,-4.367,-4.358,-4.361
,0.0,0.0,0.0,5.3477,13.3924,8.1884,1,6.2659,6.2659,LOST,0.0,FORMATION_WAIT_REJOIN|MUTEX_PASS|MUTEX_YIELD,0,1,1,39.6,0.361,-3.027,-9.849,20.438,16.301,11.772,-4.367,-4.358,-4.362
,0.0,0.0,0.0,5.3065,13.3888,8.2334,1,6.2826,6.2826,LOST,0.0,FORMATION_WAIT_REJOIN|MUTEX_PASS|MUTEX_YIELD,0,1,1,39.7,0.363,-2.978,-9.849,20.432,16.309,11.773,-4.366,-4.357,-4.362
,0.0,0.0,0.0,5.2672,13.3867,8.2785,1,6.2996,6.2996,LOST,0.0,FORMATION_WAIT_REJOIN|MUTEX_PASS|MUTEX_YIELD,0,1,1,39.8,0.364,-2.928,-9.849,20.427,16.316,11.774,-4.366,-4.356,-4.362
,0.0,0.0,0.0,5.2286,13.3852,8.3239,1,6.3168,6.3168,LOST,0.0,FORMATION_WAIT_REJOIN|MUTEX_PASS|MUTEX_YIELD,0,1,1,39.9,0.366,-2.879,-9.85,20.423,16.323,11.774,-4.366,-4.356,-4.362
,0.0,0.0,0.0,5.1896,13.3833,8.3697,1,6.334,6.334,LOST,0.0,FORMATION_WAIT_REJOIN|MUTEX_PASS|MUTEX_YIELD,0,1,1,40.0,0.367,-2.829,-9.85,20.419,16.33,11.775,-4.366,-4.356,-4.362
,0.0,0.0,0.0,5.1504,13.3815,8.4158,1,6.3513,6.3513,LOST,0.0,FORMATION_WAIT_REJOIN|MUTEX_PASS|MUTEX_YIELD,0,1,1,40.1,0.368,-2.779,-9.851,20.415,16.337,11.775,-4.366,-4.356,-4.361
,0.0,0.0,0.0,5.1119,13.3803,8.4621,1,6.3686,6.3686,LOST,0.0,FORMATION_WAIT_REJOIN|MUTEX_PASS|MUTEX_YIELD,0,1,1,40.2,0.369,-2.729,-9.851,20.411,16.345,11.775,-4.366,-4.356,-4.36
,0.0,0.0,0.0,5.0737,13.3793,8.5085,1,6.386,6.386,LOST,0.0,FORMATION_WAIT_REJOIN|MUTEX_PASS|MUTEX_YIELD,0,1,1,40.3,0.37,-2.68,-9.852,20.407,16.352,11.775,-4.366,-4.356,-4.36
,0.0,0.0,0.0,5.0357,13.3785,8.5552,1,6.4035,6.4035,LOST,0.0,FORMATION_WAIT_REJOIN|MUTEX_PASS|MUTEX_YIELD,0,1,1,40.4,0.371,-2.63,-9.853,20.403,16.36,11.775,-4.366,-4.356,-4.36
,0.0,0.0,0.0,4.9977,13.3776,8.6021,1,6.421,6.421,LOST,0.0,FORMATION_WAIT_REJOIN|MUTEX_PASS|MUTEX_YIELD,0,1,1,40.5,0.372,-2.58,-9.854,20.4,16.368,11.775,-4.366,-4.357,-4.36
,0.0,0.0,0.0,4.9599,13.3766,8.6489,1,6.4384,6.4384,LOST,0.0,FORMATION_WAIT_REJOIN|MUTEX_PASS|MUTEX_YIELD,0,1,1,40.6,0.373,-2.53,-9.854,20.397,16.376,11.776,-4.366,-4.357,-4.36
,0.0,0.0,0.0,4.9224,13.3753,8.6953,1,6.4554,6.4554,LOST,0.0,FORMATION_WAIT_REJOIN|MUTEX_PASS|MUTEX_YIELD,0,1,1,40.7,0.374,-2.481,-9.854,20.394,16.384,11.776,-4.367,-4.357,-4.359
,0.0,0.0,0.0,4.8853,13.3676,8.7348,1,6.4673,6.4673,LOST,0.0,FORMATION_WAIT_REJOIN|MUTEX_PASS|MUTEX_PASS,0,1,1,40.8,0.375,-2.431,-9.847,20.391,16.392,11.777,-4.367,-4.357,-4.359
,0.0,0.0,0.0,4.8486,13.351,8.7648,1,6.4722,6.4722,LOST,0.0,FORMATION_WAIT_REJOIN|MUTEX_PASS|MUTEX_PASS,0,1,1,40.9,0.375,-2.381,-9.829,20.389,16.401,11.781,-4.367,-4.357,-4.359
,0.0,0.0,0.0,4.8123,13.3273,8.7872,1,6.4714,6.4714,LOST,0.0,FORMATION_WAIT_REJOIN|MUTEX_PASS|MUTEX_PASS,0,1,1,41.0,0.375,-2.331,-9.803,20.388,16.409,11.785,-4.367,-4.357,-4.359
,0.0,0.0,0.0,4.7767,13.2984,8.8035,1,6.4664,6.4664,LOST,0.0,FORMATION_WAIT_REJOIN|MUTEX_PASS|MUTEX_PASS,0,1,1,41.1,0.376,-2.281,-9.771,20.386,16.417,11.79,-4.366,-4.358,-4.358
,0.0,0.0,0.0,4.7417,13.2653,8.8149,1,6.4579,6.4579,LOST,0.0,FORMATION_WAIT_REJOIN|MUTEX_PASS|MUTEX_PASS,0,1,1,41.2,0.376,-2.231,-9.733,20.385,16.425,11.797,-4.366,-4.358,-4.358
,0.0,0.0,0.0,4.707,13.2286,8.8224,1,6.4466,6.4466,LOST,0.0,FORMATION_WAIT_REJOIN|MUTEX_PASS|MUTEX_PASS,0,1,1,41.3,0.377,-2.181,-9.691,20.385,16.433,11.804,-4.365,-4.359,-4.359
,0.0,0.0,0.0,4.6727,13.1892,8.8268,1,6.4331,6.4331,LOST,0.0,FORMATION_WAIT_REJOIN|MUTEX_PASS|MUTEX_PASS,0,1,1,41.4,0.378,-2.131,-9.646,20.384,16.441,11.811,-4.364,-4.36,-4.359
,0.0,0.0,0.0,4.6373,13.1468,8.8289,1,6.4178,6.4178,LOST,0.0,FORMATION_WAIT_REJOIN|MUTEX_PASS|MUTEX_PASS,0,1,1,41.5,0.379,-2.081,-9.598,20.381,16.45,11.819,-4.363,-4.36,-4.359
,0.0,0.0,0.0,4.6011,13.102,8.829,1,6.4012,6.4012,LOST,0.0,FORMATION_WAIT_REJOIN|MUTEX_PASS|MUTEX_PASS,0,1,1,41.6,0.38,-2.031,-9.548,20.377,16.458,11.827,-4.362,-4.361,-4.36
,0.0,0.0,0.0,4.564,13.0556,8.8278,1,6.3836,6.3836,LOST,0.0,FORMATION_WAIT_REJOIN|MUTEX_PASS|MUTEX_PASS,0,1,1,41.7,0.382,-1.981,-9.497,20.371,16.466,11.835,-4.361,-4.362,-4.361
,0.0,0.0,0.0,4.5258,13.0072,8.8255,1,6.3651,6.3651,LOST,0.0,FORMATION_WAIT_REJOIN|MUTEX_PASS|MUTEX_PASS,0,1,1,41.8,0.383,-1.932,-9.444,20.364,16.475,11.842,-4.361,-4.362,-4.362
,0.0,0.0,0.0,4.4867,12.9573,8.8226,1,6.3461,6.3461,LOST,0.0,FORMATION_WAIT_REJOIN|MUTEX_PASS|MUTEX_PASS,0,1,1,41.9,0.385,-1.883,-9.391,20.355,16.483,11.85,-4.36,-4.363,-4.362
,0.0,0.0,0.0,4.4473,12.9063,8.8189,1,6.3269,6.3269,LOST,0.0,FORMATION_WAIT_REJOIN|MUTEX_PASS|MUTEX_PASS,0,1,1,42.0,0.386,-1.834,-9.338,20.345,16.492,11.859,-4.359,-4.363,-4.362
,0.0,0.0,0.0,4.4081,12.8542,8.8145,1,6.3072,6.3072,LOST,0.0,FORMATION_WAIT_REJOIN|MUTEX_PASS|MUTEX_PASS,0,1,1,42.1,0.388,-1.784,-9.284,20.335,16.499,11.869,-4.358,-4.363,-4.362
,0.0,0.0,0.0,4.3694,12.8014,8.8093,1,6.2874,6.2874,LOST,0.0,FORMATION_WAIT_REJOIN|MUTEX_PASS|MUTEX_PASS,0,1,1,42.2,0.389,-1.734,-9.23,20.326,16.507,11.88,-4.357,-4.363,-4.362
,0.0,0.0,0.0,4.3315,12.7481,8.8033,1,6.2675,6.2675,LOST,0.0,FORMATION_WAIT_REJOIN|MUTEX_PASS|MUTEX_PASS,0,1,1,42.3,0.391,-1.685,-9.176,20.317,16.515,11.891,-4.356,-4.363,-4.362
,0.0,0.0,0.0,4.2943,12.6943,8.7965,1,6.2475,6.2475,LOST,0.0,FORMATION_WAIT_REJOIN|MUTEX_PASS|MUTEX_PASS,0,1,1,42.4,0.392,-1.636,-9.123,20.308,16.523,11.905,-4.356,-4.363,-4.362
,0.0,0.0,0.0,4.2578,12.64,8.789,1,6.2279,6.2279,LOST,0.0,FORMATION_WAIT_REJOIN|MUTEX_PASS|MUTEX_PASS,0,1,1,42.5,0.394,-1.587,-9.071,20.299,16.53,11.921,-4.355,-4.363,-4.362
,0.0,0.0,0.0,4.2214,12.5853,8.7815,1,6.2088,6.2088,LOST,0.0,FORMATION_WAIT_REJOIN|FORMATION_RECOVERY|MUTEX_PASS,0,1,1,42.6,0.395,-1.539,-9.019,20.291,16.538,11.938,-4.355,-4.362,-4.362
,0.0,0.0,0.0,4.1849,12.5298,8.7738,1,6.1898,6.1898,LOST,0.0,FORMATION_WAIT_REJOIN|FORMATION_RECOVERY|MUTEX_PASS,0,1,1,42.7,0.397,-1.49,-8.968,20.283,16.547,11.958,-4.354,-4.362,-4.362
,0.0,0.0,0.0,4.1479,12.4736,8.7661,1,6.1712,6.1712,LOST,0.0,FORMATION_WAIT_REJOIN|FORMATION_RECOVERY|MUTEX_PASS,0,1,1,42.8,0.398,-1.442,-8.918,20.275,16.557,11.98,-4.354,-4.361,-4.361
,0.0,0.0,0.0,4.1106,12.4169,8.7586,1,6.1531,6.1531,LOST,0.0,FORMATION_WAIT_REJOIN|FORMATION_RECOVERY|MUTEX_PASS,0,1,1,42.9,0.399,-1.394,-8.869,20.267,16.568,12.003,-4.354,-4.361,-4.361
,0.0,0.0,0.0,4.0738,12.3603,8.7512,1,6.1357,6.1357,LOST,0.0,FORMATION_WAIT_REJOIN|FORMATION_RECOVERY|MUTEX_PASS,0,1,1,43.0,0.4,-1.346,-8.821,20.26,16.579,12.029,-4.354,-4.361,-4.361
,0.0,0.0,0.0,4.0372,12.3036,8.7442,1,6.1191,6.1191,LOST,0.0,FORMATION_WAIT_REJOIN|FORMATION_RECOVERY|MUTEX_PASS,0,1,1,43.1,0.402,-1.298,-8.774,20.253,16.591,12.056,-4.354,-4.361,-4.362
,0.0,0.0,0.0,4.0009,12.2471,8.7378,1,6.1033,6.1033,LOST,0.0,FORMATION_FOLLOW|FORMATION_RECOVERY|MUTEX_PASS,0,1,1,43.2,0.402,-1.25,-8.729,20.247,16.603,12.086,-4.355,-4.362,-4.362
,0.0,0.0,0.0,3.9653,12.1909,8.732,1,6.0884,6.0884,LOST,0.0,FORMATION_FOLLOW|FORMATION_RECOVERY|MUTEX_PASS,0,1,1,43.3,0.403,-1.202,-8.686,20.241,16.615,12.117,-4.355,-4.362,-4.362
,0.0,0.0,0.0,3.9302,12.1349,8.7269,1,6.0745,6.0745,LOST,0.0,FORMATION_FOLLOW|FORMATION_RECOVERY|MUTEX_PASS,0,1,1,43.4,0.404,-1.153,-8.644,20.236,16.628,12.15,-4.355,-4.363,-4.363
,0.0,0.0,0.0,3.8962,12.0793,8.7224,1,6.0614,6.0614,LOST,0.0,FORMATION_FOLLOW|FORMATION_RECOVERY|MUTEX_PASS,0,1,1,43.5,0.405,-1.105,-8.603,20.232,16.64,12.184,-4.356,-4.364,-4.363
,0.0,0.0,0.0,3.8634,12.0239,8.718,1,6.0489,6.0489,LOST,0.0,FORMATION_FOLLOW|FORMATION_RECOVERY|MUTEX_PASS,0,1,1,43.6,0.405,-1.057,-8.564,20.229,16.653,12.22,-4.357,-4.364,-4.363
,0.0,0.0,0.0,3.8317,11.9686,8.7138,1,6.037,6.037,LOST,0.0,FORMATION_FOLLOW|FORMATION_RECOVERY|MUTEX_PASS,0,1,1,43.7,0.405,-1.008,-8.525,20.227,16.665,12.258,-4.358,-4.365,-4.363
,0.0,0.0,0.0,3.8009,11.9137,8.7106,1,6.0262,6.0262,LOST,0.0,FORMATION_FOLLOW|FORMATION_RECOVERY|MUTEX_PASS,0,1,1,43.8,0.404,-0.959,-8.488,20.225,16.677,12.297,-4.359,-4.365,-4.364
,0.0,0.0,0.0,3.7714,11.8594,8.7081,1,6.0164,6.0164,LOST,0.0,FORMATION_FOLLOW|FORMATION_RECOVERY|MUTEX_PASS,0,1,1,43.9,0.404,-0.91,-8.453,20.224,16.689,12.337,-4.36,-4.365,-4.364
,0.0,0.0,0.0,3.7444,11.8065,8.7063,1,6.0075,6.0075,LOST,0.0,FORMATION_FOLLOW|FORMATION_RECOVERY|MUTEX_PASS,0,1,1,44.0,0.403,-0.861,-8.419,20.224,16.699,12.377,-4.361,-4.364,-4.364
,0.0,0.0,0.0,3.7194,11.7545,8.7052,1,5.9997,5.9997,LOST,0.0,FORMATION_FOLLOW|FORMATION_RECOVERY|MUTEX_PASS,0,1,1,44.1,0.403,-0.811,-8.386,20.225,16.709,12.419,-4.362,-4.364,-4.364
,0.0,0.0,0.0,3.6955,11.7031,8.7049,1,5.9929,5.9929,LOST,0.0,FORMATION_FOLLOW|FORMATION_RECOVERY|MUTEX_PASS,0,1,1,44.2,0.402,-0.761,-8.354,20.226,16.719,12.462,-4.362,-4.363,-4.364
,0.0,0.0,0.0,3.6737,11.6525,8.7048,1,5.9866,5.9866,LOST,0.0,FORMATION_FOLLOW|FORMATION_RECOVERY|MUTEX_PASS,0,1,1,44.3,0.402,-0.711,-8.324,20.229,16.728,12.506,-4.362,-4.363,-4.364
,0.0,0.0,0.0,3.6537,11.6024,8.7045,1,5.9807,5.9807,LOST,0.0,FORMATION_FOLLOW|FORMATION_RECOVERY|MUTEX_PASS,0,1,1,44.4,0.401,-0.662,-8.294,20.232,16.736,12.549,-4.363,-4.363,-4.364
,0.0,0.0,0.0,3.6356,11.5535,8.7046,1,5.9754,5.9754,LOST,0.0,FORMATION_FOLLOW|FORMATION_RECOVERY|MUTEX_PASS,0,1,1,44.5,0.401,-0.613,-8.265,20.235,16.744,12.594,-4.363,-4.363,-4.364
,0.0,0.0,0.0,3.619,11.5053,8.7055,1,5.9709,5.9709,LOST,0.0,FORMATION_FOLLOW|FORMATION_RECOVERY|MUTEX_PASS,0,1,1,44.6,0.4,-0.564,-8.237,20.24,16.751,12.638,-4.363,-4.363,-4.364
,0.0,0.0,0.0,3.604,11.4575,8.7066,1,5.9668,5.9668,LOST,0.0,FORMATION_FOLLOW|FORMATION_RECOVERY|MUTEX_PASS,0,1,1,44.7,0.399,-0.515,-8.209,20.245,16.758,12.684,-4.363,-4.364,-4.364
,0.0,0.0,0.0,3.5906,11.41,8.708,1,5.963,5.963,LOST,0.0,FORMATION_FOLLOW|FORMATION_RECOVERY|MUTEX_PASS,0,1,1,44.8,0.398,-0.466,-8.182,20.25,16.765,12.729,-4.363,-4.365,-4.365
,0.0,0.0,0.0,3.5787,11.363,8.7099,1,5.9595,5.9595,LOST,0.0,FORMATION_FOLLOW|FORMATION_RECOVERY|MUTEX_PASS,0,1,1,44.9,0.397,-0.416,-8.155,20.256,16.771,12.774,-4.363,-4.365,-4.365
,0.0,0.0,0.0,3.5683,11.3163,8.7121,1,5.9562,5.9562,LOST,0.0,FORMATION_FOLLOW|FORMATION_RECOVERY|MUTEX_PASS,0,1,1,45.0,0.396,-0.367,-8.128,20.263,16.777,12.82,-4.363,-4.365,-4.365
,0.0,0.0,0.0,3.5598,11.27,8.7145,1,5.953,5.953,LOST,0.0,FORMATION_FOLLOW|FORMATION_RECOVERY|MUTEX_PASS,0,1,1,45.1,0.394,-0.317,-8.102,20.27,16.782,12.865,-4.363,-4.365,-4.366
,0.0,0.0,0.0,3.5518,11.2234,8.7173,1,5.9499,5.9499,LOST,0.0,FORMATION_FOLLOW|FORMATION_RECOVERY|MUTEX_PASS,0,1,1,45.2,0.392,-0.267,-8.075,20.277,16.787,12.91,-4.363,-4.365,-4.366
,0.0,0.0,0.0,3.5444,11.1767,8.7206,1,5.9472,5.9472,LOST,0.0,FORMATION_FOLLOW|FORMATION_RECOVERY|MUTEX_PASS,0,1,1,45.3,0.39,-0.217,-8.049,20.284,16.792,12.956,-4.363,-4.365,-4.366
,0.0,0.0,0.0,3.5383,11.1307,8.7242,1,5.9449,5.9449,LOST,0.0,FORMATION_FOLLOW|FORMATION_RECOVERY|MUTEX_PASS,0,1,1,45.4,0.388,-0.168,-8.023,20.291,16.796,13.001,-4.363,-4.364,-4.366
,0.0,0.0,0.0,3.5337,11.0852,8.7275,1,5.9428,5.9428,LOST,0.0,FORMATION_FOLLOW|FORMATION_RECOVERY|MUTEX_PASS,0,1,1,45.5,0.387,-0.119,-7.998,20.298,16.8,13.046,-4.363,-4.364,-4.366
,0.0,0.0,0.0,3.5302,11.0393,8.7299,1,5.9405,5.9405,LOST,0.0,FORMATION_FOLLOW|FORMATION_RECOVERY|MUTEX_PASS,0,1,1,45.6,0.386,-0.07,-7.972,20.304,16.804,13.092,-4.363,-4.364,-4.365
,0.0,0.0,0.0,3.5272,10.9929,8.731,1,5.9378,5.9378,LOST,0.0,FORMATION_FOLLOW|FORMATION_RECOVERY|MUTEX_PASS,0,1,1,45.7,0.384,-0.024,-7.946,20.31,16.807,13.138,-4.364,-4.363,-4.365
,0.0,0.0,0.0,3.5243,10.9464,8.7309,1,5.9348,5.9348,LOST,0.0,FORMATION_FOLLOW|FORMATION_RECOVERY|MUTEX_PASS,0,1,1,45.8,0.384,0.021,-7.921,20.315,16.81,13.183,-4.364,-4.363,-4.364
,0.0,0.0,0.0,3.5225,10.9006,8.7298,1,5.9317,5.9317,LOST,0.0,FORMATION_FOLLOW|FORMATION_RECOVERY|MUTEX_PASS,0,1,1,45.9,0.383,0.065,-7.895,20.321,16.813,13.229,-4.364,-4.362,-4.363
,0.0,0.0,0.0,3.5217,10.8552,8.7278,1,5.9285,5.9285,LOST,0.0,FORMATION_FOLLOW|FORMATION_RECOVERY|MUTEX_PASS,0,1,1,46.0,0.382,0.107,-7.871,20.326,16.815,13.275,-4.364,-4.362,-4.363
,0.0,0.0,0.0,3.5213,10.8099,8.7245,1,5.9248,5.9248,LOST,0.0,FORMATION_FOLLOW|FORMATION_RECOVERY|MUTEX_PASS,0,1,1,46.1,0.382,0.147,-7.846,20.331,16.818,13.319,-4.365,-4.362,-4.362
,0.0,0.0,0.0,3.5211,10.7647,8.7198,1,5.9206,5.9206,LOST,0.0,FORMATION_FOLLOW|FORMATION_RECOVERY|MUTEX_PASS,0,1,1,46.2,0.381,0.185,-7.821,20.336,16.82,13.364,-4.365,-4.362,-4.361
,0.0,0.0,0.0,3.5216,10.7197,8.7136,1,5.9161,5.9161,LOST,0.0,FORMATION_FOLLOW|FORMATION_RECOVERY|MUTEX_PASS,0,1,1,46.3,0.381,0.221,-7.796,20.34,16.822,13.409,-4.365,-4.362,-4.36
,0.0,0.0,0.0,3.5223,10.6748,8.7062,1,5.9113,5.9113,LOST,0.0,FORMATION_FOLLOW|FORMATION_RECOVERY|MUTEX_PASS,0,1,1,46.4,0.381,0.256,-7.771,20.344,16.824,13.453,-4.364,-4.362,-4.359
,0.0,0.0,0.0,3.523,10.6298,8.697,1,5.9061,5.9061,LOST,0.0,FORMATION_FOLLOW|FORMATION_RECOVERY|MUTEX_PASS,0,1,1,46.5,0.381,0.288,-7.747,20.348,16.826,13.498,-4.364,-4.362,-4.358
,0.0,0.0,0.0,3.5235,10.5847,8.6864,1,5.9004,5.9004,LOST,0.0,FORMATION_FOLLOW|FORMATION_RECOVERY|MUTEX_PASS,0,1,1,46.6,0.381,0.318,-7.723,20.351,16.828,13.542,-4.363,-4.362,-4.358
,0.0,0.0,0.0,3.5241,10.5399,8.6746,1,5.8944,5.8944,LOST,0.0,FORMATION_FOLLOW|FORMATION_RECOVERY|MUTEX_PASS,0,1,1,46.7,0.381,0.346,-7.699,20.354,16.83,13.586,-4.363,-4.361,-4.357
,0.0,0.0,0.0,3.5247,10.4948,8.6612,1,5.8879,5.8879,LOST,0.0,FORMATION_FOLLOW|FORMATION_RECOVERY|MUTEX_PASS,0,1,1,46.8,0.381,0.373,-7.675,20.357,16.832,13.63,-4.363,-4.361,-4.356
,0.0,0.0,0.0,3.525,10.4496,8.6468,1,5.8811,5.8811,LOST,0.0,FORMATION_FOLLOW|FORMATION_RECOVERY|MUTEX_PASS,0,1,1,46.9,0.381,0.397,-7.652,20.359,16.834,13.675,-4.363,-4.361,-4.356
,0.0,0.0,0.0,3.5252,10.4044,8.6308,1,5.8739,5.8739,LOST,0.0,FORMATION_FOLLOW|FORMATION_RECOVERY|MUTEX_PASS,0,1,1,47.0,0.381,0.42,-7.628,20.361,16.836,13.719,-4.363,-4.361,-4.356
,0.0,0.0,0.0,3.5255,10.3594,8.6134,1,5.8663,5.8663,LOST,0.0,FORMATION_FOLLOW|FORMATION_RECOVERY|MUTEX_PASS,0,1,1,47.1,0.381,0.442,-7.604,20.363,16.838,13.763,-4.363,-4.361,-4.355
,0.0,0.0,0.0,3.5257,10.3141,8.5951,1,5.8584,5.8584,LOST,0.0,FORMATION_FOLLOW|FORMATION_RECOVERY|MUTEX_PASS,0,1,1,47.2,0.381,0.462,-7.58,20.365,16.84,13.808,-4.363,-4.361,-4.355
,0.0,0.0,0.0,3.5254,10.2684,8.5753,1,5.8501,5.8501,LOST,0.0,FORMATION_FOLLOW|FORMATION_RECOVERY|MUTEX_PASS,0,1,1,47.3,0.381,0.481,-7.556,20.367,16.843,13.852,-4.363,-4.361,-4.354
,0.0,0.0,0.0,3.525,10.2224,8.5545,1,5.8414,5.8414,LOST,0.0,FORMATION_FOLLOW|FORMATION_RECOVERY|MUTEX_PASS,0,1,1,47.4,0.382,0.499,-7.532,20.368,16.845,13.896,-4.363,-4.361,-4.354
,0.0,0.0,0.0,3.5248,10.1761,8.5331,1,5.8327,5.8327,LOST,0.0,FORMATION_FOLLOW|FORMATION_RECOVERY|MUTEX_PASS,0,1,1,47.5,0.381,0.515,-7.508,20.368,16.846,13.941,-4.363,-4.361,-4.354
,0.0,0.0,0.0,3.5247,10.1296,8.5105,1,5.8237,5.8237,LOST,0.0,FORMATION_FOLLOW|FORMATION_RECOVERY|MUTEX_PASS,0,1,1,47.6,0.381,0.531,-7.484,20.369,16.847,13.986,-4.363,-4.361,-4.354
,0.0,0.0,0.0,3.5251,10.0833,8.4871,1,5.8148,5.8148,LOST,0.0,FORMATION_FOLLOW|FORMATION_RECOVERY|MUTEX_PASS,0,1,1,47.7,0.381,0.546,-7.46,20.369,16.848,14.03,-4.363,-4.36,-4.354
,0.0,0.0,0.0,3.5253,10.0371,8.4633,1,5.8059,5.8059,LOST,0.0,FORMATION_FOLLOW|FORMATION_RECOVERY|MUTEX_PASS,0,1,1,47.8,0.381,0.559,-7.437,20.369,16.848,14.075,-4.363,-4.36,-4.354
,0.0,0.0,0.0,3.5256,9.9908,8.439,1,5.7968,5.7968,LOST,0.0,FORMATION_FOLLOW|FORMATION_RECOVERY|MUTEX_PASS,0,1,1,47.9,0.381,0.572,-7.413,20.369,16.849,14.119,-4.364,-4.36,-4.355
,0.0,0.0,0.0,3.5257,9.945,8.4143,1,5.788,5.788,LOST,0.0,FORMATION_FOLLOW|FORMATION_RECOVERY|MUTEX_PASS,0,1,1,48.0,0.381,0.584,-7.39,20.369,16.849,14.163,-4.364,-4.359,-4.356
,0.0,0.0,0.0,3.5257,9.8992,8.3886,1,5.7791,5.7791,LOST,0.0,FORMATION_FOLLOW|FORMATION_RECOVERY|MUTEX_PASS,0,1,1,48.1,0.382,0.595,-7.367,20.368,16.849,14.208,-4.364,-4.359,-4.357
,0.0,0.0,0.0,3.5257,9.8531,8.3625,1,5.7702,5.7702,LOST,0.0,FORMATION_FOLLOW|FORMATION_RECOVERY|MUTEX_PASS,0,1,1,48.2,0.382,0.605,-7.344,20.368,16.849,14.253,-4.363,-4.359,-4.359
,0.0,0.0,0.0,3.5257,9.8068,8.3362,1,5.7612,5.7612,LOST,0.0,FORMATION_FOLLOW|FORMATION_RECOVERY|MUTEX_PASS,0,1,1,48.3,0.382,0.616,-7.321,20.368,16.85,14.298,-4.363,-4.359,-4.36
,0.0,0.0,0.0,3.5257,9.7608,8.3099,1,5.7522,5.7522,LOST,0.0,FORMATION_FOLLOW|FORMATION_RECOVERY|MUTEX_PASS,0,1,1,48.4,0.383,0.625,-7.297,20.367,16.85,14.343,-4.363,-4.359,-4.362
,0.0,0.0,0.0,3.5255,9.7149,8.2836,1,5.7433,5.7433,LOST,0.0,FORMATION_FOLLOW|FORMATION_RECOVERY|MUTEX_PASS,0,1,1,48.5,0.383,0.635,-7.274,20.367,16.851,14.388,-4.363,-4.359,-4.364
,0.0,0.0,0.0,3.525,9.6687,8.2568,1,5.7344,5.7344,LOST,0.0,FORMATION_FOLLOW|FORMATION_RECOVERY|MUTEX_PASS,0,1,1,48.6,0.384,0.644,-7.25,20.367,16.851,14.433,-4.363,-4.358,-4.365
,0.0,0.0,0.0,3.5246,9.6222,8.2296,1,5.7251,5.7251,LOST,0.0,FORMATION_FOLLOW|FORMATION_RECOVERY|MUTEX_PASS,0,1,1,48.7,0.384,0.653,-7.226,20.366,16.852,14.478,-4.363,-4.358,-4.367
,0.0,0.0,0.0,3.5241,9.5752,8.2024,1,5.7158,5.7158,LOST,0.0,FORMATION_FOLLOW|FORMATION_RECOVERY|MUTEX_PASS,0,1,1,48.8,0.383,0.662,-7.202,20.365,16.852,14.522,-4.363,-4.358,-4.368
,0.0,0.0,0.0,3.5238,9.5284,8.1751,1,5.7068,5.7068,LOST,0.0,FORMATION_FOLLOW|FORMATION_RECOVERY|MUTEX_PASS,0,1,1,48.9,0.383,0.67,-7.179,20.365,16.853,14.568,-4.363,-4.358,-4.368
,0.0,0.0,0.0,3.5236,9.482,8.1476,1,5.6978,5.6978,LOST,0.0,FORMATION_FOLLOW|FORMATION_RECOVERY|MUTEX_PASS,0,1,1,49.0,0.382,0.678,-7.156,20.365,16.854,14.613,-4.363,-4.358,-4.368
,0.0,0.0,0.0,3.5232,9.4358,8.12,1,5.6889,5.6889,LOST,0.0,FORMATION_FOLLOW|FORMATION_WAIT_REJOIN|MUTEX_PASS,0,1,1,49.1,0.382,0.685,-7.132,20.365,16.855,14.658,-4.363,-4.358,-4.367
,0.0,0.0,0.0,3.5227,9.3895,8.0922,1,5.6799,5.6799,LOST,0.0,FORMATION_FOLLOW|FORMATION_WAIT_REJOIN|MUTEX_PASS,0,1,1,49.2,0.382,0.692,-7.109,20.365,16.856,14.703,-4.364,-4.357,-4.367
,0.0,0.0,0.0,3.5222,9.3432,8.064,1,5.671,5.671,LOST,0.0,FORMATION_FOLLOW|FORMATION_WAIT_REJOIN|MUTEX_PASS,0,1,1,49.3,0.382,0.698,-7.085,20.365,16.857,14.749,-4.364,-4.357,-4.367
,0.0,0.0,0.0,3.5213,9.2966,8.0358,1,5.6621,5.6621,LOST,0.0,FORMATION_FOLLOW|FORMATION_WAIT_REJOIN|MUTEX_PASS,0,1,1,49.4,0.381,0.705,-7.061,20.365,16.859,14.794,-4.364,-4.357,-4.366
,0.0,0.0,0.0,3.5199,9.2499,8.0077,1,5.653,5.653,LOST,0.0,FORMATION_FOLLOW|FORMATION_WAIT_REJOIN|MUTEX_PASS,0,1,1,49.5,0.38,0.711,-7.037,20.365,16.861,14.839,-4.363,-4.357,-4.366
,0.0,0.0,0.0,3.5191,9.2036,7.9799,1,5.6442,5.6442,LOST,0.0,FORMATION_FOLLOW|FORMATION_WAIT_REJOIN|MUTEX_PASS,0,1,1,49.6,0.38,0.717,-7.014,20.365,16.862,14.884,-4.363,-4.357,-4.365
,0.0,0.0,0.0,3.5186,9.1575,7.9521,1,5.6356,5.6356,LOST,0.0,FORMATION_FOLLOW|FORMATION_WAIT_REJOIN|MUTEX_PASS,0,1,1,49.7,0.379,0.723,-6.99,20.365,16.864,14.929,-4.363,-4.357,-4.365
,0.0,0.0,0.0,3.5182,9.1113,7.9245,1,5.6272,5.6272,LOST,0.0,FORMATION_FOLLOW|FORMATION_WAIT_REJOIN|MUTEX_PASS,0,1,1,49.8,0.378,0.729,-6.967,20.365,16.865,14.974,-4.362,-4.357,-4.364
,0.0,0.0,0.0,3.5179,9.065,7.8966,1,5.6187,5.6187,LOST,0.0,FORMATION_FOLLOW|FORMATION_WAIT_REJOIN|MUTEX_PASS,0,1,1,49.9,0.377,0.734,-6.943,20.365,16.866,15.018,-4.362,-4.357,-4.363
,0.0,0.0,0.0,3.5176,9.0187,7.8683,1,5.6098,5.6098,LOST,0.0,FORMATION_FOLLOW|FORMATION_WAIT_REJOIN|MUTEX_PASS,0,1,1,49.999,0.376,0.74,-6.919,20.365,16.866,15.062,-4.362,-4.357,-4.362
,0.0,0.0,0.0,3.5176,8.9721,7.8393,1,5.6005,5.6005,LOST,0.0,FORMATION_FOLLOW|FORMATION_WAIT_REJOIN|MUTEX_PASS,0,1,1,50.099,0.376,0.746,-6.893,20.365,16.867,15.106,-4.361,-4.358,-4.361
,0.0,0.0,0.0,3.518,8.9255,7.8092,1,5.5903,5.5903,LOST,0.0,FORMATION_FOLLOW|FORMATION_WAIT_REJOIN|MUTEX_PASS,0,1,1,50.199,0.375,0.751,-6.866,20.366,16.868,15.148,-4.361,-4.358,-4.36
,0.0,0.0,0.0,3.519,8.879,7.7781,1,5.5793,5.5793,LOST,0.0,FORMATION_FOLLOW|FORMATION_WAIT_REJOIN|MUTEX_PASS,0,1,1,50.299,0.375,0.757,-6.838,20.366,16.868,15.189,-4.36,-4.358,-4.36
,0.0,0.0,0.0,3.5203,8.8324,7.7453,1,5.5671,5.5671,LOST,0.0,FORMATION_FOLLOW|FORMATION_WAIT_REJOIN|MUTEX_PASS,0,1,1,50.399,0.375,0.761,-6.808,20.368,16.868,15.229,-4.36,-4.358,-4.36
,0.0,0.0,0.0,3.5215,8.7856,7.7109,1,5.5538,5.5538,LOST,0.0,FORMATION_FOLLOW|FORMATION_WAIT_REJOIN|MUTEX_PASS,0,1,1,50.499,0.376,0.766,-6.777,20.369,16.869,15.268,-4.36,-4.358,-4.359
,0.0,0.0,0.0,3.5224,8.7382,7.6751,1,5.5395,5.5395,LOST,0.0,FORMATION_FOLLOW|FORMATION_WAIT_REJOIN|MUTEX_PASS,0,1,1,50.599,0.376,0.769,-6.745,20.37,16.87,15.305,-4.36,-4.358,-4.359
,0.0,0.0,0.0,3.5236,8.691,7.6382,1,5.5243,5.5243,LOST,0.0,FORMATION_FOLLOW|FORMATION_WAIT_REJOIN|MUTEX_PASS,0,1,1,50.699,0.377,0.773,-6.711,20.371,16.87,15.341,-4.359,-4.359,-4.358
,0.0,0.0,0.0,3.5253,8.6437,7.5999,1,5.5081,5.5081,LOST,0.0,FORMATION_FOLLOW|FORMATION_WAIT_REJOIN|MUTEX_PASS,0,1,1,50.799,0.378,0.776,-6.675,20.372,16.87,15.376,-4.359,-4.359,-4.357
,0.0,0.0,0.0,3.5274,8.5961,7.5607,1,5.4909,5.4909,LOST,0.0,FORMATION_FOLLOW|FORMATION_WAIT_REJOIN|MUTEX_PASS,0,1,1,50.899,0.379,0.78,-6.639,20.374,16.869,15.409,-4.359,-4.359,-4.356
,0.0,0.0,0.0,3.5294,8.5479,7.5205,1,5.4725,5.4725,LOST,0.0,FORMATION_FOLLOW|FORMATION_WAIT_REJOIN|MUTEX_PASS,0,1,1,50.999,0.379,0.783,-6.601,20.375,16.869,15.441,-4.359,-4.36,-4.354
,0.0,0.0,0.0,3.531,8.499,7.4788,1,5.4529,5.4529,LOST,0.0,FORMATION_FOLLOW|FORMATION_WAIT_REJOIN|MUTEX_PASS,0,1,1,51.099,0.38,0.786,-6.561,20.376,16.869,15.471,-4.359,-4.359,-4.353
,0.0,0.0,0.0,3.5324,8.4498,7.4361,1,5.4323,5.4323,LOST,0.0,FORMATION_FOLLOW|FORMATION_WAIT_REJOIN|MUTEX_PASS,0,1,1,51.199,0.38,0.789,-6.52,20.377,16.868,15.499,-4.358,-4.36,-4.352
,0.0,0.0,0.0,3.5339,8.4005,7.3924,1,5.4108,5.4108,LOST,0.0,FORMATION_FOLLOW|FORMATION_WAIT_REJOIN|MUTEX_PASS,0,1,1,51.299,0.381,0.792,-6.478,20.378,16.868,15.527,-4.358,-4.36,-4.351
,0.0,0.0,0.0,3.536,8.351,7.3481,1,5.3885,5.3885,LOST,0.0,FORMATION_FOLLOW|FORMATION_WAIT_REJOIN|MUTEX_PASS,0,1,1,51.399,0.38,0.795,-6.435,20.379,16.867,15.553,-4.358,-4.361,-4.35
,0.0,0.0,0.0,3.5382,8.3012,7.3032,1,5.3657,5.3657,LOST,0.0,FORMATION_FOLLOW|FORMATION_WAIT_REJOIN|MUTEX_PASS,0,1,1,51.499,0.38,0.798,-6.391,20.38,16.867,15.578,-4.358,-4.361,-4.35
,0.0,0.0,0.0,3.5406,8.2511,7.2576,1,5.3421,5.3421,LOST,0.0,FORMATION_FOLLOW|FORMATION_WAIT_REJOIN|MUTEX_PASS,0,1,1,51.599,0.38,0.801,-6.346,20.381,16.866,15.602,-4.358,-4.361,-4.35
,0.0,0.0,0.0,3.5427,8.201,7.2116,1,5.3179,5.3179,LOST,0.0,FORMATION_FOLLOW|FORMATION_WAIT_REJOIN|MUTEX_PASS,0,1,1,51.699,0.38,0.804,-6.301,20.382,16.865,15.625,-4.357,-4.362,-4.351
,0.0,0.0,0.0,3.5442,8.1505,7.1648,1,5.2926,5.2926,LOST,0.0,FORMATION_FOLLOW|FORMATION_WAIT_REJOIN|MUTEX_PASS,0,1,1,51.799,0.379,0.807,-6.254,20.383,16.865,15.647,-4.357,-4.362,-4.352
,0.0,0.0,0.0,3.5453,8.1001,7.1173,1,5.2664,5.2664,LOST,0.0,FORMATION_FOLLOW|FORMATION_WAIT_REJOIN|MUTEX_PASS,0,1,1,51.899,0.378,0.809,-6.206,20.384,16.865,15.666,-4.357,-4.363,-4.353
,0.0,0.0,0.0,3.546,8.0498,7.0691,1,5.2395,5.2395,LOST,0.0,FORMATION_FOLLOW|FORMATION_WAIT_REJOIN|MUTEX_PASS,0,1,1,51.999,0.378,0.812,-6.158,20.385,16.865,15.685,-4.357,-4.363,-4.354
,0.0,0.0,0.0,3.5462,8.0002,7.0208,1,5.2125,5.2125,LOST,0.0,FORMATION_FOLLOW|FORMATION_WAIT_REJOIN|MUTEX_PASS,0,1,1,52.099,0.377,0.814,-6.109,20.385,16.866,15.702,-4.357,-4.363,-4.356
,0.0,0.0,0.0,3.5464,7.9511,6.9729,1,5.1853,5.1853,LOST,0.0,FORMATION_FOLLOW|FORMATION_WAIT_REJOIN|MUTEX_PASS,0,1,1,52.199,0.377,0.817,-6.061,20.385,16.866,15.719,-4.357,-4.363,-4.357
,0.0,0.0,0.0,3.5469,7.9025,6.9249,1,5.1579,5.1579,LOST,0.0,FORMATION_FOLLOW|FORMATION_WAIT_REJOIN|MUTEX_PASS,0,1,1,52.299,0.377,0.82,-6.011,20.385,16.866,15.734,-4.357,-4.363,-4.358
,0.0,0.0,0.0,3.5473,7.8544,6.8764,1,5.1302,5.1302,LOST,0.0,FORMATION_FOLLOW|FORMATION_WAIT_REJOIN|MUTEX_PASS,0,1,1,52.399,0.377,0.823,-5.962,20.385,16.866,15.748,-4.357,-4.364,-4.359
,0.0,0.0,0.0,3.547,7.8062,6.8278,1,5.102,5.102,LOST,0.0,FORMATION_FOLLOW|FORMATION_WAIT_REJOIN|MUTEX_PASS,0,1,1,52.499,0.377,0.825,-5.912,20.385,16.867,15.761,-4.357,-4.364,-4.359
,0.0,0.0,0.0,3.5462,7.7585,6.779,1,5.0736,5.0736,LOST,0.0,FORMATION_FOLLOW|FORMATION_WAIT_REJOIN|MUTEX_PASS,0,1,1,52.599,0.377,0.827,-5.863,20.385,16.868,15.774,-4.357,-4.364,-4.36
,0.0,0.0,0.0,3.5449,7.7105,6.7301,1,5.045,5.045,LOST,0.0,FORMATION_FOLLOW|FORMATION_WAIT_REJOIN|MUTEX_PASS,0,1,1,52.699,0.376,0.829,-5.813,20.384,16.869,15.786,-4.358,-4.364,-4.361
,0.0,0.0,0.0,3.543,7.6626,6.681,1,5.0163,5.0163,LOST,0.0,FORMATION_FOLLOW|FORMATION_WAIT_REJOIN|MUTEX_PASS,1,1,1,52.799,0.376,0.831,-5.763,20.383,16.87,15.798,-4.357,-4.363,-4.361
,0.0,0.0,0.0,3.541,7.6152,6.6318,1,4.9876,4.9876,LOST,0.0,FORMATION_FOLLOW|FORMATION_WAIT_REJOIN|MUTEX_PASS,1,1,1,52.899,0.376,0.833,-5.713,20.382,16.871,15.809,-4.357,-4.363,-4.362
,0.0,0.0,0.0,3.5392,7.5679,6.5822,1,4.9589,4.9589,LOST,0.0,FORMATION_FOLLOW|FORMATION_WAIT_REJOIN|MUTEX_PASS,1,1,1,52.999,0.376,0.835,-5.663,20.381,16.872,15.82,-4.357,-4.363,-4.362
,0.0,0.0,0.0,3.5377,7.5206,6.5325,1,4.9299,4.9299,LOST,0.0,FORMATION_FOLLOW|FORMATION_WAIT_REJOIN|MUTEX_PASS,1,1,1,53.099,0.376,0.836,-5.613,20.381,16.873,15.831,-4.357,-4.363,-4.362
,0.0,0.0,0.0,3.5369,7.4732,6.4825,1,4.9006,4.9006,LOST,0.0,FORMATION_FOLLOW|FORMATION_WAIT_REJOIN|MUTEX_PASS,1,1,1,53.199,0.375,0.837,-5.563,20.38,16.874,15.842,-4.357,-4.363,-4.362
,0.0,0.0,0.0,3.5361,7.4265,6.4327,1,4.8716,4.8716,LOST,0.0,FORMATION_FOLLOW|FORMATION_WAIT_REJOIN|MUTEX_PASS,1,1,1,53.299,0.374,0.839,-5.512,20.38,16.874,15.853,-4.357,-4.364,-4.363
,0.0,0.0,0.0,3.5356,7.3806,6.3827,1,4.8425,4.8425,LOST,0.0,FORMATION_FOLLOW|FORMATION_WAIT_REJOIN|MUTEX_PASS,1,1,1,53.399,0.374,0.84,-5.462,20.38,16.875,15.862,-4.357,-4.364,-4.363
,0.0,0.0,0.0,3.5352,7.3353,6.333,1,4.8134,4.8134,LOST,0.0,FORMATION_FOLLOW|FORMATION_WAIT_REJOIN|MUTEX_PASS,1,1,1,53.499,0.374,0.841,-5.412,20.38,16.876,15.872,-4.358,-4.364,-4.363
,0.0,0.0,0.0,3.5347,7.2897,6.2841,1,4.7854,4.7854,LOST,0.0,FORMATION_FOLLOW|FORMATION_WAIT_REJOIN|MUTEX_PASS,1,1,1,53.599,0.374,0.842,-5.363,20.381,16.877,15.884,-4.358,-4.364,-4.362
,0.0,0.0,0.0,3.5347,7.2435,6.2358,1,4.7587,4.7587,LOST,0.0,FORMATION_FOLLOW|FORMATION_WAIT_REJOIN|MUTEX_PASS,1,1,1,53.699,0.374,0.843,-5.315,20.381,16.878,15.897,-4.358,-4.363,-4.362
,0.0,0.0,0.0,3.5348,7.1968,6.1875,1,4.7328,4.7328,LOST,0.0,FORMATION_FOLLOW|FORMATION_WAIT_REJOIN|MUTEX_PASS,1,1,1,53.799,0.374,0.844,-5.268,20.381,16.878,15.913,-4.358,-4.363,-4.361
,0.0,0.0,0.0,3.535,7.1504,6.1395,1,4.707,4.707,LOST,0.0,FORMATION_FOLLOW|FORMATION_WAIT_REJOIN|MUTEX_PASS,1,1,1,53.899,0.374,0.846,-5.22,20.382,16.878,15.928,-4.358,-4.363,-4.36
,0.0,0.0,0.0,3.5356,7.1042,6.092,1,4.6813,4.6813,LOST,0.0,FORMATION_FOLLOW|FORMATION_WAIT_REJOIN|MUTEX_PASS,1,1,1,53.999,0.374,0.848,-5.172,20.382,16.878,15.943,-4.358,-4.363,-4.36
,0.0,0.0,0.0,3.5366,7.059,6.0446,1,4.6552,4.6552,LOST,0.0,FORMATION_FOLLOW|FORMATION_WAIT_REJOIN|MUTEX_PASS,1,1,1,54.099,0.374,0.85,-5.124,20.383,16.878,15.956,-4.358,-4.364,-4.359
,0.0,0.0,0.0,3.5375,7.0145,5.9968,1,4.6288,4.6288,LOST,0.0,FORMATION_FOLLOW|FORMATION_WAIT_REJOIN|MUTEX_PASS,1,1,1,54.199,0.375,0.851,-5.076,20.383,16.878,15.968,-4.358,-4.364,-4.359
,0.0,0.0,0.0,3.5384,6.9703,5.949,1,4.6022,4.6022,LOST,0.0,FORMATION_FOLLOW|FORMATION_WAIT_REJOIN|MUTEX_PASS,1,1,1,54.299,0.375,0.853,-5.028,20.384,16.878,15.98,-4.357,-4.364,-4.358
,0.0,0.0,0.0,3.5397,6.9269,5.9014,1,4.5754,4.5754,LOST,0.0,FORMATION_FOLLOW|FORMATION_WAIT_REJOIN|MUTEX_PASS,1,1,1,54.399,0.376,0.855,-4.979,20.385,16.878,15.99,-4.357,-4.363,-4.358
,0.0,0.0,0.0,3.5403,6.8836,5.8532,1,4.5483,4.5483,LOST,0.0,FORMATION_FOLLOW|FORMATION_WAIT_REJOIN|MUTEX_PASS,1,1,1,54.499,0.376,0.857,-4.93,20.385,16.878,16.0,-4.357,-4.363,-4.357
,0.0,0.0,0.0,3.5401,6.8405,5.8046,1,4.5207,4.5207,LOST,0.0,FORMATION_FOLLOW|FORMATION_WAIT_REJOIN|MUTEX_PASS,1,1,1,54.599,0.377,0.859,-4.88,20.385,16.878,16.009,-4.357,-4.363,-4.356
,0.0,0.0,0.0,3.5401,6.7976,5.7555,1,4.4925,4.4925,LOST,0.0,FORMATION_FOLLOW|FORMATION_WAIT_REJOIN|MUTEX_PASS,1,1,1,54.699,0.378,0.86,-4.831,20.384,16.877,16.016,-4.357,-4.363,-4.356
,0.0,0.0,0.0,3.5399,6.755,5.7061,1,4.4637,4.4637,LOST,0.0,FORMATION_FOLLOW|FORMATION_WAIT_REJOIN|MUTEX_PASS,1,1,1,54.799,0.378,0.862,-4.78,20.384,16.877,16.022,-4.357,-4.363,-4.356
,0.0,0.0,0.0,3.5392,6.7132,5.6564,1,4.4345,4.4345,LOST,0.0,FORMATION_FOLLOW|FORMATION_WAIT_REJOIN|MUTEX_PASS,1,1,1,54.899,0.379,0.863,-4.729,20.383,16.877,16.027,-4.357,-4.362,-4.356
,0.0,0.0,0.0,3.5383,6.672,5.6066,1,4.4049,4.4049,LOST,0.0,FORMATION_FOLLOW|FORMATION_WAIT_REJOIN|MUTEX_PASS,1,1,1,54.999,0.379,0.864,-4.679,20.381,16.877,16.03,-4.357,-4.362,-4.356
,0.0,0.0,0.0,3.5378,6.6319,5.5574,1,4.3751,4.3751,LOST,0.0,FORMATION_FOLLOW|FORMATION_WAIT_REJOIN|MUTEX_PASS,1,1,1,55.099,0.38,0.865,-4.628,20.381,16.876,16.033,-4.357,-4.361,-4.355
,0.0,0.0,0.0,3.5381,6.5926,5.5082,1,4.3449,4.3449,LOST,0.0,FORMATION_FOLLOW|FORMATION_WAIT_REJOIN|MUTEX_PASS,1,1,1,55.199,0.38,0.866,-4.577,20.381,16.876,16.034,-4.357,-4.361,-4.355
,0.0,0.0,0.0,3.5388,6.5546,5.4591,1,4.3142,4.3142,LOST,0.0,FORMATION_FOLLOW|FORMATION_WAIT_REJOIN|MUTEX_PASS,1,1,1,55.299,0.38,0.868,-4.526,20.381,16.876,16.034,-4.357,-4.36,-4.355
,0.0,0.0,0.0,3.5399,6.5181,5.4102,1,4.283,4.283,LOST,0.0,FORMATION_FOLLOW|FORMATION_WAIT_REJOIN|MUTEX_PASS,1,1,1,55.399,0.38,0.869,-4.475,20.382,16.876,16.033,-4.357,-4.359,-4.354
,0.0,0.0,0.0,3.5417,6.4834,5.3614,1,4.2514,4.2514,LOST,0.0,FORMATION_FOLLOW|FORMATION_WAIT_REJOIN|MUTEX_PASS,1,1,1,55.499,0.38,0.87,-4.425,20.383,16.875,16.03,-4.357,-4.359,-4.354
,0.0,0.0,0.0,3.5441,6.4505,5.3124,1,4.2191,4.2191,LOST,0.0,FORMATION_FOLLOW|FORMATION_WAIT_REJOIN|MUTEX_PASS,1,1,1,55.599,0.38,0.87,-4.374,20.385,16.875,16.025,-4.357,-4.359,-4.354
,0.0,0.0,0.0,3.5475,6.419,5.2634,1,4.1864,4.1864,LOST,0.0,FORMATION_FOLLOW|FORMATION_WAIT_REJOIN|MUTEX_PASS,1,1,1,55.699,0.38,0.871,-4.322,20.388,16.875,16.02,-4.357,-4.358,-4.354
,0.0,0.0,0.0,3.5516,6.389,5.2147,1,4.1532,4.1532,LOST,0.0,FORMATION_FOLLOW|FORMATION_WAIT_REJOIN|MUTEX_PASS,1,1,1,55.799,0.38,0.871,-4.271,20.392,16.875,16.013,-4.357,-4.358,-4.354
,0.0,0.0,0.0,3.5558,6.3601,5.1657,1,4.1194,4.1194,LOST,0.0,FORMATION_FOLLOW|FORMATION_WAIT_REJOIN|MUTEX_PASS,1,1,1,55.899,0.38,0.872,-4.22,20.397,16.875,16.005,-4.357,-4.358,-4.354
,0.0,0.0,0.0,3.5599,6.3322,5.117,1,4.0855,4.0855,LOST,0.0,FORMATION_FOLLOW|FORMATION_WAIT_REJOIN|MUTEX_PASS,0,1,1,55.999,0.38,0.872,-4.169,20.401,16.875,15.996,-4.357,-4.358,-4.355
,0.0,0.0,0.0,3.5644,6.3058,5.0691,1,4.0514,4.0514,LOST,0.0,FORMATION_FOLLOW|FORMATION_WAIT_REJOIN|MUTEX_PASS,0,1,1,56.099,0.38,0.872,-4.119,20.406,16.876,15.987,-4.357,-4.358,-4.355
,0.0,0.0,0.0,3.5694,6.281,5.0223,1,4.0174,4.0174,LOST,0.0,FORMATION_FOLLOW|FORMATION_WAIT_REJOIN|MUTEX_PASS,0,1,1,56.199,0.379,0.872,-4.069,20.411,16.876,15.977,-4.357,-4.358,-4.356
,0.0,0.0,0.0,3.5747,6.2575,4.976,1,3.9835,3.9835,LOST,0.0,FORMATION_FOLLOW|FORMATION_WAIT_REJOIN|MUTEX_PASS,0,1,1,56.299,0.379,0.873,-4.019,20.417,16.876,15.966,-4.357,-4.358,-4.357
,0.0,0.0,0.0,3.5797,6.2351,4.9301,1,3.9495,3.9495,LOST,0.0,FORMATION_FOLLOW|FORMATION_WAIT_REJOIN|MUTEX_PASS,0,1,1,56.399,0.379,0.873,-3.969,20.422,16.877,15.954,-4.357,-4.358,-4.358
,0.0,0.0,0.0,3.585,6.2136,4.8847,1,3.9155,3.9155,LOST,0.0,FORMATION_FOLLOW|FORMATION_WAIT_REJOIN|MUTEX_PASS,0,1,1,56.499,0.379,0.874,-3.92,20.428,16.877,15.941,-4.357,-4.358,-4.359
,0.0,0.0,0.0,3.5906,6.1931,4.8401,1,3.8814,3.8814,LOST,0.0,FORMATION_FOLLOW|FORMATION_WAIT_REJOIN|MUTEX_PASS,0,1,1,56.599,0.378,0.875,-3.871,20.433,16.877,15.927,-4.357,-4.358,-4.359
,0.0,0.0,0.0,3.5959,6.173,4.7961,1,3.8472,3.8472,LOST,0.0,FORMATION_FOLLOW|FORMATION_WAIT_REJOIN|MUTEX_PASS,0,1,1,56.699,0.377,0.876,-3.822,20.438,16.877,15.913,-4.357,-4.358,-4.36
,0.0,0.0,0.0,3.601,6.1537,4.7523,1,3.8129,3.8129,LOST,0.0,FORMATION_FOLLOW|FORMATION_WAIT_REJOIN|MUTEX_PASS,0,1,1,56.799,0.376,0.877,-3.773,20.443,16.877,15.899,-4.358,-4.359,-4.361
,0.0,0.0,0.0,3.6057,6.1356,4.7089,1,3.7786,3.7786,LOST,0.0,FORMATION_FOLLOW|FORMATION_WAIT_REJOIN|MUTEX_PASS,0,1,1,56.899,0.376,0.878,-3.724,20.448,16.878,15.884,-4.358,-4.36,-4.362
,0.0,0.0,0.0,3.6102,6.1177,4.6654,1,3.7441,3.7441,LOST,0.0,FORMATION_FOLLOW|FORMATION_WAIT_REJOIN|MUTEX_PASS,0,1,1,56.999,0.375,0.879,-3.675,20.453,16.878,15.869,-4.359,-4.36,-4.362
,0.0,0.0,0.0,3.6145,6.1004,4.6224,1,3.7094,3.7094,LOST,0.0,FORMATION_FOLLOW|FORMATION_WAIT_REJOIN|MUTEX_PASS,0,1,1,57.099,0.374,0.88,-3.627,20.458,16.879,15.853,-4.36,-4.36,-4.362
,0.0,0.0,0.0,3.6182,6.0844,4.5799,1,3.6749,3.6749,LOST,0.0,FORMATION_FOLLOW|FORMATION_WAIT_REJOIN|MUTEX_PASS,0,1,1,57.199,0.374,0.881,-3.578,20.463,16.881,15.837,-4.36,-4.361,-4.362
,0.0,0.0,0.0,3.6215,6.0691,4.538,1,3.6406,3.6406,LOST,0.0,FORMATION_FOLLOW|FORMATION_WAIT_REJOIN|MUTEX_PASS,0,1,1,57.299,0.374,0.882,-3.53,20.468,16.882,15.821,-4.36,-4.361,-4.363
,0.0,0.0,0.0,3.6241,6.0544,4.4969,1,3.6065,3.6065,LOST,0.0,FORMATION_FOLLOW|FORMATION_WAIT_REJOIN|MUTEX_PASS,0,1,1,57.399,0.374,0.883,-3.482,20.473,16.885,15.805,-4.36,-4.361,-4.363
,0.0,0.0,0.0,3.6263,6.0402,4.4558,1,3.5721,3.5721,LOST,0.0,FORMATION_FOLLOW|FORMATION_WAIT_REJOIN|MUTEX_PASS,0,1,1,57.499,0.374,0.884,-3.434,20.477,16.887,15.789,-4.36,-4.362,-4.363
,0.0,0.0,0.0,3.6282,6.0266,4.4149,1,3.5376,3.5376,LOST,0.0,FORMATION_FOLLOW|FORMATION_WAIT_REJOIN|MUTEX_PASS,0,1,1,57.599,0.374,0.885,-3.386,20.482,16.89,15.772,-4.36,-4.362,-4.363
,0.0,0.0,0.0,3.6301,6.0136,4.3741,1,3.5029,3.5029,LOST,0.0,FORMATION_FOLLOW|FORMATION_WAIT_REJOIN|MUTEX_PASS,0,1,1,57.699,0.374,0.886,-3.337,20.486,16.892,15.755,-4.361,-4.363,-4.363
,0.0,0.0,0.0,3.6322,6.0009,4.333,1,3.4683,3.4683,LOST,0.0,FORMATION_FOLLOW|FORMATION_WAIT_REJOIN|MUTEX_PASS,0,1,1,57.799,0.375,0.887,-3.289,20.49,16.894,15.737,-4.361,-4.363,-4.362
,0.0,0.0,0.0,3.6341,5.9887,4.2917,1,3.4335,3.4335,LOST,0.0,FORMATION_FOLLOW|FORMATION_WAIT_REJOIN|MUTEX_PASS,0,1,1,57.899,0.375,0.887,-3.241,20.494,16.896,15.72,-4.362,-4.363,-4.362
,0.0,0.0,0.0,3.6358,5.9772,4.2512,1,3.3987,3.3987,LOST,0.0,FORMATION_FOLLOW|FORMATION_WAIT_REJOIN|MUTEX_PASS,0,1,1,57.999,0.375,0.887,-3.193,20.498,16.898,15.702,-4.363,-4.364,-4.361
,0.0,0.0,0.0,3.6378,5.9659,4.2113,1,3.364,3.364,LOST,0.0,FORMATION_FOLLOW|FORMATION_WAIT_REJOIN|MUTEX_PASS,0,1,1,58.099,0.375,0.888,-3.145,20.502,16.9,15.684,-4.363,-4.364,-4.36
,0.0,0.0,0.0,3.6398,5.955,4.1713,1,3.3291,3.3291,LOST,0.0,FORMATION_FOLLOW|FORMATION_WAIT_REJOIN|MUTEX_PASS,0,1,1,58.199,0.375,0.888,-3.096,20.505,16.902,15.667,-4.364,-4.364,-4.359
,0.0,0.0,0.0,3.6416,5.9441,4.1313,1,3.2942,3.2942,LOST,0.0,FORMATION_FOLLOW|FORMATION_WAIT_REJOIN|MUTEX_PASS,0,1,1,58.299,0.375,0.889,-3.048,20.509,16.904,15.649,-4.365,-4.364,-4.358
,0.0,0.0,0.0,3.6433,5.9339,4.0922,1,3.2597,3.2597,LOST,0.0,FORMATION_FOLLOW|FORMATION_WAIT_REJOIN|MUTEX_PASS,0,1,1,58.399,0.375,0.889,-2.999,20.512,16.905,15.631,-4.365,-4.364,-4.356
,0.0,0.0,0.0,3.645,5.9241,4.0531,1,3.2251,3.2251,LOST,0.0,FORMATION_FOLLOW|FORMATION_WAIT_REJOIN|MUTEX_PASS,0,1,1,58.499,0.375,0.89,-2.951,20.516,16.907,15.614,-4.365,-4.365,-4.355
,0.0,0.0,0.0,3.6469,5.9145,4.014,1,3.1906,3.1906,LOST,0.0,FORMATION_FOLLOW|FORMATION_WAIT_REJOIN|MUTEX_PASS,0,1,1,58.599,0.376,0.89,-2.903,20.519,16.909,15.596,-4.365,-4.365,-4.354
,0.0,0.0,0.0,3.6485,5.9054,3.9753,1,3.156,3.156,LOST,0.0,FORMATION_FOLLOW|FORMATION_WAIT_REJOIN|MUTEX_PASS,0,1,1,58.699,0.376,0.891,-2.855,20.522,16.91,15.579,-4.365,-4.365,-4.353
,0.0,0.0,0.0,3.65,5.8965,3.9371,1,3.1213,3.1213,LOST,0.0,FORMATION_FOLLOW|FORMATION_WAIT_REJOIN|MUTEX_PASS,0,1,1,58.799,0.375,0.892,-2.806,20.526,16.912,15.561,-4.366,-4.365,-4.353
,0.0,0.0,0.0,3.6517,5.888,3.899,1,3.0869,3.0869,LOST,0.0,FORMATION_FOLLOW|FORMATION_WAIT_REJOIN|MUTEX_PASS,0,1,1,58.899,0.375,0.892,-2.758,20.529,16.914,15.544,-4.366,-4.366,-4.353
,0.0,0.0,0.0,3.6537,5.8801,3.8613,1,3.0529,3.0529,LOST,0.0,FORMATION_FOLLOW|FORMATION_WAIT_REJOIN|MUTEX_PASS,0,1,1,58.999,0.375,0.892,-2.711,20.532,16.915,15.527,-4.365,-4.366,-4.353
,0.0,0.0,0.0,3.6555,5.8726,3.8242,1,3.0189,3.0189,LOST,0.0,FORMATION_FOLLOW|FORMATION_WAIT_REJOIN|MUTEX_PASS,0,1,1,59.099,0.375,0.893,-2.663,20.535,16.916,15.51,-4.365,-4.366,-4.353
,0.0,0.0,0.0,3.6569,5.8655,3.7874,1,2.985,2.985,LOST,0.0,FORMATION_FOLLOW|FORMATION_WAIT_REJOIN|MUTEX_PASS,0,1,1,59.199,0.376,0.893,-2.616,20.538,16.918,15.493,-4.365,-4.366,-4.353
,0.0,0.0,0.0,3.6582,5.8586,3.7508,1,2.9512,2.9512,LOST,0.0,FORMATION_FOLLOW|FORMATION_WAIT_REJOIN|MUTEX_PASS,0,1,1,59.299,0.376,0.894,-2.568,20.541,16.919,15.476,-4.364,-4.367,-4.353
,0.0,0.0,0.0,3.6594,5.8521,3.7145,1,2.9173,2.9173,LOST,0.0,FORMATION_FOLLOW|FORMATION_WAIT_REJOIN|MUTEX_PASS,0,1,1,59.399,0.377,0.894,-2.52,20.543,16.921,15.459,-4.364,-4.367,-4.352
,0.0,0.0,0.0,3.6606,5.8459,3.6787,1,2.8836,2.8836,LOST,0.0,FORMATION_FOLLOW|FORMATION_WAIT_REJOIN|MUTEX_PASS,0,1,1,59.499,0.377,0.895,-2.473,20.546,16.922,15.441,-4.364,-4.367,-4.352
,0.0,0.0,0.0,3.6614,5.8402,3.6436,1,2.85,2.85,LOST,0.0,FORMATION_FOLLOW|FORMATION_WAIT_REJOIN|MUTEX_PASS,0,1,1,59.599,0.378,0.896,-2.425,20.548,16.923,15.424,-4.364,-4.368,-4.352
,0.0,0.0,0.0,3.6623,5.8354,3.6094,1,2.8166,2.8166,LOST,0.0,FORMATION_FOLLOW|FORMATION_WAIT_REJOIN|MUTEX_PASS,0,1,1,59.699,0.378,0.896,-2.378,20.55,16.924,15.406,-4.364,-4.368,-4.352
,0.0,0.0,0.0,3.6627,5.8311,3.5759,1,2.7835,2.7835,LOST,0.0,FORMATION_FOLLOW|FORMATION_WAIT_REJOIN|MUTEX_PASS,0,1,1,59.799,0.379,0.897,-2.332,20.551,16.925,15.388,-4.363,-4.368,-4.352
,0.0,0.0,0.0,3.6622,5.8266,3.5426,1,2.7504,2.7504,LOST,0.0,FORMATION_FOLLOW|FORMATION_WAIT_REJOIN|MUTEX_PASS,0,1,1,59.899,0.38,0.898,-2.285,20.552,16.927,15.371,-4.363,-4.368,-4.352
,0.0,0.0,0.0,3.6599,5.8207,3.5099,1,2.7179,2.7179,LOST,0.0,FORMATION_FOLLOW|FORMATION_WAIT_REJOIN|MUTEX_PASS,0,1,1,59.999,0.381,0.898,-2.238,20.551,16.928,15.353,-4.363,-4.368,-4.352
,0.0,0.0,0.0,3.6552,5.8128,3.4772,1,2.6859,2.6859,LOST,0.0,FORMATION_FOLLOW|FORMATION_WAIT_REJOIN|MUTEX_PASS,0,1,1,60.099,0.382,0.899,-2.192,20.547,16.929,15.336,-4.363,-4.368,-4.352
,0.0,0.0,0.0,3.6485,5.8042,3.4452,1,2.6543,2.6543,LOST,0.0,FORMATION_FOLLOW|FORMATION_WAIT_REJOIN|MUTEX_PASS,0,1,1,60.199,0.384,0.899,-2.145,20.542,16.93,15.318,-4.362,-4.367,-4.352
,0.0,0.0,0.0,3.6403,5.795,3.4137,1,2.6227,2.6227,LOST,0.0,FORMATION_FOLLOW|FORMATION_WAIT_REJOIN|MUTEX_PASS,0,1,1,60.299,0.386,0.899,-2.099,20.534,16.93,15.299,-4.362,-4.366,-4.352
,0.0,0.0,0.0,3.6309,5.785,3.3823,1,2.5912,2.5912,LOST,0.0,FORMATION_FOLLOW|FORMATION_WAIT_REJOIN|MUTEX_PASS,0,1,1,60.399,0.387,0.899,-2.053,20.526,16.931,15.281,-4.362,-4.366,-4.351
,0.0,0.0,0.0,3.6208,5.7746,3.3512,1,2.5596,2.5596,LOST,0.0,FORMATION_FOLLOW|FORMATION_WAIT_REJOIN|MUTEX_PASS,0,1,1,60.499,0.388,0.899,-2.007,20.517,16.932,15.262,-4.362,-4.365,-4.351
,0.0,0.0,0.0,3.6102,5.7638,3.3208,1,2.5281,2.5281,LOST,0.0,FORMATION_FOLLOW|FORMATION_WAIT_REJOIN|MUTEX_PASS,0,1,1,60.599,0.389,0.899,-1.961,20.507,16.932,15.244,-4.362,-4.365,-4.35
,0.0,0.0,0.0,3.5999,5.7534,3.2908,1,2.4969,2.4969,LOST,0.0,FORMATION_FOLLOW|FORMATION_WAIT_REJOIN|MUTEX_PASS,0,1,1,60.699,0.39,0.898,-1.915,20.496,16.933,15.225,-4.362,-4.365,-4.35
,0.0,0.0,0.0,3.5951,5.7435,3.2616,1,2.4675,2.4675,LOST,0.0,FORMATION_FOLLOW|SEPARATION_WARNING|MUTEX_PASS,0,1,1,60.799,0.391,0.901,-1.869,20.486,16.927,15.206,-4.362,-4.365,-4.35
,0.0,0.0,0.0,3.5976,5.7345,3.233,1,2.4403,2.4403,LOST,0.0,FORMATION_FOLLOW|SEPARATION_WARNING|MUTEX_PASS,0,1,1,60.899,0.392,0.909,-1.823,20.476,16.916,15.187,-4.362,-4.364,-4.35
,0.0,0.0,0.0,3.6062,5.7264,3.2048,1,2.4147,2.4147,LOST,0.0,FORMATION_FOLLOW|SEPARATION_WARNING|MUTEX_PASS,0,1,1,60.999,0.393,0.919,-1.777,20.467,16.899,15.168,-4.362,-4.363,-4.351
,0.0,0.0,0.0,3.62,5.7189,3.1765,1,2.3901,2.3901,LOST,0.0,FORMATION_FOLLOW|SEPARATION_WARNING|MUTEX_PASS,0,1,1,61.099,0.393,0.933,-1.731,20.458,16.878,15.148,-4.362,-4.362,-4.351
,0.0,0.0,0.0,3.6378,5.7121,3.1483,1,2.366,2.366,LOST,0.0,FORMATION_FOLLOW|SEPARATION_WARNING|MUTEX_PASS,0,1,1,61.199,0.393,0.948,-1.685,20.449,16.854,15.128,-4.363,-4.36,-4.352
,0.0,0.0,0.0,3.6585,5.7061,3.1203,1,2.3428,2.3428,LOST,0.0,FORMATION_FOLLOW|SEPARATION_WARNING|MUTEX_PASS,0,1,1,61.299,0.392,0.965,-1.638,20.441,16.827,15.108,-4.363,-4.358,-4.352
,0.0,0.0,0.0,3.6821,5.7014,3.0924,1,2.3203,2.3203,LOST,0.0,FORMATION_FOLLOW|SEPARATION_WARNING|MUTEX_PASS,0,1,1,61.399,0.392,0.984,-1.592,20.433,16.799,15.088,-4.363,-4.356,-4.353
,0.0,0.0,0.0,3.7079,5.6976,3.0646,1,2.2984,2.2984,LOST,0.0,FORMATION_FOLLOW|SEPARATION_WARNING|MUTEX_PASS,0,1,1,61.499,0.392,1.004,-1.545,20.426,16.769,15.068,-4.363,-4.354,-4.354
,0.0,0.0,0.0,3.7299,5.6945,3.0386,1,2.2758,2.2758,LOST,0.0,FORMATION_FOLLOW|SEPARATION_WARNING|MUTEX_PASS,0,1,1,61.599,0.392,1.023,-1.499,20.42,16.743,15.048,-4.364,-4.35,-4.355
,0.0,0.0,0.0,3.7462,5.6921,3.0149,1,2.252,2.252,LOST,0.0,FORMATION_FOLLOW|SEPARATION_WARNING|MUTEX_PASS,0,1,1,61.699,0.392,1.04,-1.453,20.413,16.723,15.028,-4.364,-4.344,-4.356
,0.0,0.0,0.0,3.7577,5.6907,2.9936,1,2.227,2.227,LOST,0.0,FORMATION_FOLLOW|SEPARATION_WARNING|MUTEX_PASS,0,1,1,61.799,0.392,1.056,-1.408,20.406,16.708,15.007,-4.364,-4.337,-4.357
,0.0,0.0,0.0,3.7658,5.6899,2.9738,1,2.2012,2.2012,LOST,0.0,FORMATION_FOLLOW|SEPARATION_WARNING|MUTEX_PASS,0,1,1,61.899,0.392,1.071,-1.362,20.4,16.696,14.987,-4.364,-4.329,-4.358
,0.0,0.0,0.0,3.7716,5.6901,2.9551,1,2.1745,2.1745,LOST,0.0,FORMATION_FOLLOW|SEPARATION_WARNING|MUTEX_PASS,0,1,1,61.999,0.391,1.086,-1.317,20.394,16.687,14.966,-4.365,-4.32,-4.359
,0.0,0.0,0.0,3.7759,5.6966,2.9441,1,2.1485,2.1485,LOST,0.0,FORMATION_FOLLOW|SEPARATION_WARNING|FORMATION_RECOVERY,0,1,1,62.099,0.391,1.1,-1.275,20.389,16.68,14.941,-4.365,-4.31,-4.359
,0.0,0.0,0.0,3.7786,5.7111,2.9427,1,2.1235,2.1235,LOST,0.0,FORMATION_FOLLOW|SEPARATION_WARNING|FORMATION_RECOVERY,0,1,1,62.199,0.391,1.114,-1.24,20.384,16.675,14.91,-4.366,-4.299,-4.36
,0.0,0.0,0.0,3.7797,5.7315,2.9488,1,2.0995,2.0995,LOST,0.0,FORMATION_FOLLOW|SEPARATION_WARNING|FORMATION_RECOVERY,0,1,1,62.299,0.391,1.127,-1.21,20.378,16.672,14.875,-4.366,-4.288,-4.361
,0.0,0.0,0.0,3.7797,5.7559,2.9634,1,2.0799,2.0799,LOST,0.0,FORMATION_FOLLOW|SEPARATION_WARNING|SEPARATION_WARNING,0,1,1,62.399,0.391,1.14,-1.188,20.373,16.67,14.838,-4.366,-4.277,-4.361
,0.0,0.0,0.0,3.7741,5.7837,2.9903,1,2.065,2.065,LOST,0.0,FORMATION_FOLLOW|SEPARATION_WARNING|SEPARATION_WARNING,0,1,1,62.499,0.39,1.153,-1.176,20.368,16.673,14.801,-4.366,-4.267,-4.361
,0.0,0.0,0.0,3.7614,5.8138,3.0289,1,2.0537,2.0537,LOST,0.0,FORMATION_FOLLOW|SEPARATION_WARNING|SEPARATION_WARNING,0,1,1,62.599,0.39,1.168,-1.172,20.363,16.684,14.763,-4.366,-4.26,-4.362
,0.0,0.0,0.0,3.743,5.8456,3.0767,1,2.0453,2.0453,LOST,0.0,FORMATION_FOLLOW|SEPARATION_WARNING|SEPARATION_WARNING,0,1,1,62.699,0.39,1.183,-1.173,20.358,16.702,14.725,-4.367,-4.255,-4.362
,0.0,0.0,0.0,3.7203,5.8792,3.1322,1,2.0395,2.0395,LOST,0.0,FORMATION_FOLLOW|SEPARATION_WARNING|SEPARATION_WARNING,0,1,1,62.799,0.389,1.198,-1.179,20.354,16.724,14.688,-4.367,-4.252,-4.362
,0.0,0.0,0.0,3.6971,5.9166,3.1939,1,2.036,2.036,LOST,0.0,FORMATION_FOLLOW|SEPARATION_WARNING|SEPARATION_WARNING,0,1,1,62.899,0.389,1.215,-1.189,20.352,16.75,14.65,-4.368,-4.25,-4.363
,0.0,0.0,0.0,3.6746,5.958,3.2601,1,2.034,2.034,LOST,0.0,FORMATION_FOLLOW|SEPARATION_WARNING|SEPARATION_WARNING,0,1,1,62.999,0.388,1.231,-1.201,20.354,16.779,14.612,-4.368,-4.25,-4.363
,0.0,0.0,0.0,3.6529,6.0021,3.3296,1,2.0336,2.0336,LOST,0.0,FORMATION_FOLLOW|SEPARATION_WARNING|SEPARATION_WARNING,0,1,1,63.099,0.387,1.248,-1.216,20.359,16.81,14.575,-4.369,-4.252,-4.363
,0.0,0.0,0.0,3.6319,6.0485,3.4015,1,2.0344,2.0344,LOST,0.0,FORMATION_FOLLOW|SEPARATION_WARNING|SEPARATION_WARNING,0,1,1,63.199,0.386,1.265,-1.233,20.365,16.843,14.538,-4.37,-4.254,-4.364
,0.0,0.0,0.0,3.6185,6.0934,3.4652,1,2.0367,2.0367,LOST,0.0,FORMATION_FOLLOW|SEPARATION_WARNING|SEPARATION_WARNING,0,1,1,63.299,0.385,1.28,-1.25,20.374,16.87,14.504,-4.37,-4.256,-4.364
,0.0,0.0,0.0,3.614,6.1351,3.5173,1,2.0401,2.0401,LOST,0.0,FORMATION_FOLLOW|SEPARATION_WARNING|SEPARATION_WARNING,0,1,1,63.399,0.384,1.291,-1.267,20.384,16.887,14.475,-4.371,-4.257,-4.364
,0.0,0.0,0.0,3.6164,6.1738,3.5599,1,2.0443,2.0443,LOST,0.0,FORMATION_FOLLOW|SEPARATION_WARNING|SEPARATION_WARNING,0,1,1,63.499,0.382,1.299,-1.282,20.394,16.897,14.449,-4.371,-4.258,-4.364
,0.0,0.0,0.0,3.6239,6.2098,3.5948,1,2.049,2.049,LOST,0.0,FORMATION_FOLLOW|SEPARATION_WARNING|SEPARATION_WARNING,0,1,1,63.599,0.381,1.306,-1.297,20.404,16.902,14.425,-4.371,-4.258,-4.364
,0.0,0.0,0.0,3.6351,6.2437,3.6235,1,2.0539,2.0539,LOST,0.0,FORMATION_FOLLOW|SEPARATION_WARNING|SEPARATION_WARNING,0,1,1,63.699,0.38,1.31,-1.312,20.414,16.902,14.404,-4.372,-4.258,-4.364
,0.0,0.0,0.0,3.6492,6.2754,3.6471,1,2.0587,2.0587,LOST,0.0,FORMATION_FOLLOW|SEPARATION_WARNING|SEPARATION_WARNING,0,1,1,63.799,0.378,1.314,-1.326,20.424,16.899,14.384,-4.371,-4.257,-4.364
,0.0,0.0,0.0,3.6653,6.3083,3.6661,1,2.0593,2.0593,LOST,0.0,FORMATION_FOLLOW|SEPARATION_WARNING|FORMATION_RECOVERY,0,1,1,63.899,0.376,1.316,-1.335,20.433,16.892,14.361,-4.371,-4.256,-4.364
,0.0,0.0,0.0,3.6797,6.3432,3.6799,1,2.0531,2.0531,LOST,0.0,FORMATION_FOLLOW|FORMATION_FOLLOW|FORMATION_RECOVERY,0,1,1,63.999,0.374,1.313,-1.335,20.442,16.886,14.333,-4.371,-4.256,-4.364
,0.0,0.0,0.0,3.691,6.379,3.6889,1,2.0405,2.0405,LOST,0.0,FORMATION_FOLLOW|FORMATION_FOLLOW|FORMATION_RECOVERY,0,1,1,64.099,0.372,1.306,-1.33,20.45,16.88,14.302,-4.371,-4.257,-4.363
,0.0,0.0,0.0,3.6993,6.4149,3.6941,1,2.0229,2.0229,LOST,0.0,FORMATION_FOLLOW|FORMATION_FOLLOW|FORMATION_RECOVERY,0,1,1,64.199,0.371,1.295,-1.319,20.456,16.876,14.268,-4.371,-4.258,-4.362
,0.0,0.0,0.0,3.705,6.4509,3.6967,1,2.0016,2.0016,LOST,0.0,FORMATION_FOLLOW|FORMATION_FOLLOW|FORMATION_RECOVERY,0,1,1,64.299,0.369,1.282,-1.303,20.462,16.873,14.232,-4.37,-4.26,-4.362
,0.0,0.0,0.0,3.7091,6.4871,3.6973,1,1.977,1.977,LOST,0.0,FORMATION_FOLLOW|FORMATION_FOLLOW|FORMATION_RECOVERY,0,1,1,64.399,0.368,1.266,-1.284,20.468,16.87,14.194,-4.37,-4.263,-4.361
,0.0,0.0,0.0,3.7113,6.5235,3.6972,1,1.9501,1.9501,LOST,0.0,FORMATION_FOLLOW|FORMATION_FOLLOW|FORMATION_RECOVERY,0,1,1,64.499,0.366,1.248,-1.262,20.472,16.869,14.155,-4.369,-4.267,-4.36
,0.0,0.0,0.0,3.7117,6.5595,3.6969,1,1.9215,1.9215,LOST,0.0,FORMATION_FOLLOW|FORMATION_FOLLOW|FORMATION_RECOVERY,0,1,1,64.599,0.364,1.229,-1.237,20.475,16.867,14.115,-4.368,-4.27,-4.359
,0.0,0.0,0.0,3.7103,6.5947,3.6966,1,1.8918,1.8918,LOST,0.0,FORMATION_FOLLOW|FORMATION_FOLLOW|FORMATION_RECOVERY,0,1,1,64.699,0.363,1.209,-1.211,20.478,16.866,14.074,-4.368,-4.275,-4.359
,0.0,0.0,0.0,3.7074,6.6237,3.6907,1,1.8597,1.8597,LOST,0.0,FORMATION_FOLLOW|FORMATION_FOLLOW|FORMATION_RECOVERY,0,1,1,64.799,0.362,1.189,-1.18,20.479,16.866,14.037,-4.367,-4.279,-4.358
,0.0,0.0,0.0,3.7037,6.6452,3.678,1,1.825,1.825,LOST,0.0,FORMATION_FOLLOW|FORMATION_FOLLOW|FORMATION_RECOVERY,0,1,1,64.899,0.362,1.169,-1.144,20.48,16.866,14.007,-4.366,-4.284,-4.357
,0.0,0.0,0.0,3.6997,6.661,3.6603,1,1.7881,1.7881,LOST,0.0,FORMATION_FOLLOW|FORMATION_FOLLOW|FORMATION_RECOVERY,0,1,1,64.999,0.36,1.149,-1.103,20.48,16.867,13.982,-4.365,-4.289,-4.357
,0.0,0.0,0.0,3.695,6.6716,3.6386,1,1.7496,1.7496,LOST,0.0,FORMATION_FOLLOW|FORMATION_FOLLOW|FORMATION_RECOVERY,0,1,1,65.099,0.359,1.13,-1.059,20.48,16.867,13.961,-4.364,-4.294,-4.357
,0.0,0.0,0.0,3.6895,6.6778,3.6144,1,1.71,1.71,LOST,0.0,FORMATION_FOLLOW|FORMATION_FOLLOW|FORMATION_RECOVERY,0,1,1,65.199,0.358,1.111,-1.012,20.48,16.868,13.944,-4.363,-4.299,-4.357
,0.0,0.0,0.0,3.6834,6.6812,3.5889,1,1.6696,1.6696,LOST,0.0,FORMATION_FOLLOW|FORMATION_FOLLOW|FORMATION_RECOVERY,0,1,1,65.299,0.356,1.093,-0.962,20.478,16.87,13.929,-4.362,-4.304,-4.357
,0.0,0.0,0.0,3.6767,6.6822,3.5629,1,1.6288,1.6288,LOST,0.0,FORMATION_FOLLOW|FORMATION_FOLLOW|FORMATION_RECOVERY,0,1,1,65.399,0.355,1.076,-0.912,20.477,16.872,13.916,-4.361,-4.308,-4.357
,0.0,0.0,0.0,3.6697,6.6821,3.5371,1,1.5882,1.5882,LOST,0.0,FORMATION_FOLLOW|FORMATION_FOLLOW|FORMATION_RECOVERY,0,1,1,65.499,0.354,1.06,-0.86,20.475,16.874,13.904,-4.361,-4.312,-4.357
,0.0,0.0,0.0,3.6622,6.6811,3.5124,1,1.5478,1.5478,LOST,0.0,FORMATION_FOLLOW|FORMATION_FOLLOW|FORMATION_RECOVERY,0,1,1,65.599,0.354,1.046,-0.808,20.472,16.876,13.893,-4.36,-4.316,-4.357
,0.0,0.0,0.0,3.6544,6.6795,3.4888,1,1.5075,1.5075,LOST,0.0,FORMATION_FOLLOW|FORMATION_FOLLOW|FORMATION_RECOVERY,0,1,1,65.699,0.354,1.032,-0.755,20.47,16.879,13.883,-4.36,-4.32,-4.358
,0.0,0.0,0.0,3.6468,6.6775,3.466,1,1.4672,1.4672,LOST,0.0,FORMATION_FOLLOW|FORMATION_FOLLOW|FORMATION_RECOVERY,0,1,1,65.799,0.354,1.02,-0.702,20.468,16.882,13.874,-4.36,-4.324,-4.358
,0.0,0.0,0.0,3.639,6.6751,3.4441,1,1.4272,1.4272,LOST,0.0,FORMATION_FOLLOW|FORMATION_FOLLOW|FORMATION_RECOVERY,0,1,1,65.899,0.355,1.008,-0.648,20.465,16.886,13.866,-4.359,-4.327,-4.358
,0.0,0.0,0.0,3.6313,6.6727,3.4236,1,1.3876,1.3876,LOST,0.0,FORMATION_FOLLOW|FORMATION_FOLLOW|FORMATION_RECOVERY,0,1,1,65.999,0.355,0.998,-0.594,20.463,16.889,13.858,-4.359,-4.33,-4.359
,0.0,0.0,0.0,3.6238,6.6713,3.4049,1,1.3482,1.3482,LOST,0.0,FORMATION_FOLLOW|FORMATION_FOLLOW|FORMATION_RECOVERY,0,1,1,66.099,0.356,0.988,-0.54,20.461,16.893,13.85,-4.358,-4.333,-4.359
,0.0,0.0,0.0,3.6165,6.6706,3.388,1,1.3094,1.3094,LOST,0.0,FORMATION_FOLLOW|FORMATION_FOLLOW|FORMATION_RECOVERY,0,1,1,66.199,0.357,0.979,-0.487,20.46,16.897,13.843,-4.358,-4.335,-4.359
,0.0,0.0,0.0,3.6091,6.6706,3.3731,1,1.271,1.271,LOST,0.0,FORMATION_FOLLOW|FORMATION_FOLLOW|FORMATION_RECOVERY,0,1,1,66.299,0.358,0.971,-0.433,20.458,16.901,13.835,-4.358,-4.338,-4.359
,0.0,0.0,0.0,3.6018,6.6709,3.3594,1,1.2328,1.2328,LOST,0.0,FORMATION_FOLLOW|FORMATION_FOLLOW|FORMATION_RECOVERY,0,1,1,66.399,0.359,0.963,-0.38,20.457,16.906,13.827,-4.359,-4.34,-4.359
,0.0,0.0,0.0,3.595,6.6722,3.3475,1,1.1951,1.1951,LOST,0.0,FORMATION_FOLLOW|FORMATION_FOLLOW|FORMATION_RECOVERY,0,1,1,66.499,0.359,0.956,-0.328,20.456,16.91,13.819,-4.359,-4.342,-4.359
,0.0,0.0,0.0,3.5854,6.6744,3.3426,1,1.1589,1.1589,LOST,0.0,FORMATION_FOLLOW|SEPARATION_WARNING|FORMATION_RECOVERY,0,1,1,66.599,0.36,0.954,-0.276,20.455,16.919,13.811,-4.359,-4.342,-4.359
,0.0,0.0,0.0,3.5748,6.6822,3.3493,1,1.1303,1.1303,LOST,0.0,FORMATION_FOLLOW|SEPARATION_WARNING|SEPARATION_WARNING,0,1,1,66.699,0.36,0.955,-0.234,20.454,16.93,13.799,-4.36,-4.342,-4.359
,0.0,0.0,0.0,3.5624,6.6932,3.3666,1,1.1107,1.1107,LOST,0.0,FORMATION_FOLLOW|SEPARATION_WARNING|SEPARATION_WARNING,0,1,1,66.799,0.361,0.962,-0.204,20.454,16.943,13.785,-4.36,-4.339,-4.359
,0.0,0.0,0.0,3.5492,6.7046,3.3886,1,1.098,1.098,LOST,0.0,FORMATION_FOLLOW|SEPARATION_WARNING|SEPARATION_WARNING,0,1,1,66.899,0.361,0.97,-0.184,20.454,16.957,13.772,-4.361,-4.336,-4.359
,0.0,0.0,0.0,3.5364,6.7168,3.4136,1,1.091,1.091,LOST,0.0,FORMATION_FOLLOW|SEPARATION_WARNING|SEPARATION_WARNING,0,1,1,66.999,0.362,0.98,-0.171,20.454,16.972,13.758,-4.361,-4.333,-4.359
,0.0,0.0,0.0,3.5243,6.7298,3.4406,1,1.088,1.088,LOST,0.0,FORMATION_FOLLOW|SEPARATION_WARNING|SEPARATION_WARNING,0,1,1,67.099,0.363,0.99,-0.164,20.454,16.986,13.745,-4.362,-4.329,-4.36
,0.0,0.0,0.0,3.5134,6.7437,3.4691,1,1.0882,1.0882,LOST,0.0,FORMATION_FOLLOW|SEPARATION_WARNING|SEPARATION_WARNING,0,1,1,67.199,0.363,1.001,-0.161,20.454,16.999,13.731,-4.362,-4.325,-4.36
,0.0,0.0,0.0,3.503,6.7564,3.4947,1,1.0849,1.0849,LOST,0.0,FORMATION_FOLLOW|SEPARATION_WARNING|FORMATION_RECOVERY,0,1,1,67.299,0.363,1.012,-0.153,20.455,17.013,13.718,-4.362,-4.321,-4.36
,0.0,0.0,0.0,3.4971,6.7669,3.5111,1,1.0754,1.0754,LOST,0.0,FORMATION_FOLLOW|SEPARATION_WARNING|FORMATION_RECOVERY,0,1,1,67.399,0.363,1.022,-0.135,20.455,17.021,13.707,-4.362,-4.316,-4.36
,0.0,0.0,0.0,3.4968,6.7757,3.5177,1,1.0607,1.0607,LOST,0.0,FORMATION_FOLLOW|SEPARATION_WARNING|FORMATION_RECOVERY,0,1,1,67.499,0.363,1.031,-0.11,20.456,17.024,13.697,-4.362,-4.312,-4.36
,0.0,0.0,0.0,3.4989,6.7827,3.5174,1,1.0413,1.0413,LOST,0.0,FORMATION_FOLLOW|FORMATION_FOLLOW|FORMATION_RECOVERY,0,1,1,67.599,0.362,1.037,-0.079,20.457,17.024,13.689,-4.362,-4.308,-4.36
,0.0,0.0,0.0,3.5019,6.7882,3.5123,1,1.018,1.018,LOST,0.0,FORMATION_FOLLOW|FORMATION_FOLLOW|FORMATION_RECOVERY,0,1,1,67.699,0.363,1.04,-0.043,20.458,17.023,13.682,-4.362,-4.306,-4.361
,0.0,0.0,0.0,3.5054,6.7932,3.5041,1,0.9917,0.9917,LOST,0.0,FORMATION_FOLLOW|FORMATION_FOLLOW|FORMATION_RECOVERY,0,1,1,67.799,0.363,1.041,-0.003,20.459,17.02,13.675,-4.362,-4.305,-4.362
,0.0,0.0,0.0,3.5095,6.7978,3.4936,1,0.963,0.963,LOST,0.0,FORMATION_FOLLOW|FORMATION_FOLLOW|FORMATION_RECOVERY,0,1,1,67.899,0.364,1.04,0.04,20.459,17.016,13.669,-4.362,-4.305,-4.362
,0.0,0.0,0.0,3.5137,6.8021,3.4816,1,0.9324,0.9324,LOST,0.0,FORMATION_FOLLOW|FORMATION_FOLLOW|FORMATION_RECOVERY,0,1,1,67.999,0.364,1.037,0.085,20.46,17.012,13.663,-4.362,-4.305,-4.362
,0.0,0.0,0.0,3.5176,6.8061,3.4687,1,0.9,0.9,LOST,0.0,FORMATION_FOLLOW|FORMATION_FOLLOW|FORMATION_RECOVERY,0,1,1,68.099,0.365,1.033,0.132,20.46,17.007,13.658,-4.362,-4.306,-4.363
,0.0,0.0,0.0,3.521,6.81,3.4561,1,0.8664,0.8664,LOST,0.0,FORMATION_FOLLOW|FORMATION_FOLLOW|FORMATION_RECOVERY,0,1,1,68.199,0.366,1.028,0.18,20.459,17.002,13.652,-4.362,-4.307,-4.363
,0.0,0.0,0.0,3.5239,6.814,3.444,1,0.832,0.832,LOST,0.0,FORMATION_FOLLOW|FORMATION_FOLLOW|FORMATION_RECOVERY,0,1,1,68.299,0.366,1.023,0.229,20.459,16.997,13.647,-4.362,-4.308,-4.363
,0.0,0.0,0.0,3.5262,6.8183,3.433,1,0.7968,0.7968,LOST,0.0,FORMATION_FOLLOW|FORMATION_FOLLOW|FORMATION_RECOVERY,0,1,1,68.399,0.367,1.017,0.279,20.459,16.993,13.641,-4.362,-4.31,-4.363
,0.0,0.0,0.0,3.5282,6.8234,3.4233,1,0.7608,0.7608,LOST,0.0,FORMATION_FOLLOW|FORMATION_FOLLOW|FORMATION_RECOVERY,0,1,1,68.499,0.367,1.01,0.329,20.458,16.989,13.635,-4.362,-4.312,-4.364
,0.0,0.0,0.0,3.53,6.8291,3.4149,1,0.7245,0.7245,LOST,0.0,FORMATION_FOLLOW|FORMATION_FOLLOW|FORMATION_RECOVERY,0,1,1,68.599,0.367,1.003,0.38,20.457,16.985,13.628,-4.362,-4.314,-4.364
,0.0,0.0,0.0,3.5316,6.8353,3.4078,1,0.6886,0.6886,LOST,0.0,FORMATION_FOLLOW|FORMATION_FOLLOW|FORMATION_RECOVERY,0,1,1,68.699,0.367,0.997,0.431,20.456,16.981,13.621,-4.362,-4.316,-4.365
,0.0,0.0,0.0,3.5333,6.8421,3.4018,1,0.6529,0.6529,LOST,0.0,FORMATION_FOLLOW|FORMATION_FOLLOW|FORMATION_RECOVERY,0,1,1,68.799,0.368,0.989,0.481,20.455,16.978,13.614,-4.362,-4.318,-4.365
,0.0,0.0,0.0,3.535,6.8495,3.3972,1,0.6178,0.6178,LOST,0.0,FORMATION_FOLLOW|FORMATION_FOLLOW|FORMATION_RECOVERY,0,1,1,68.899,0.368,0.982,0.529,20.455,16.974,13.607,-4.361,-4.321,-4.365
,0.0,0.0,0.0,3.5364,6.8576,3.3943,1,0.5839,0.5839,LOST,0.0,FORMATION_FOLLOW|FORMATION_FOLLOW|FORMATION_RECOVERY,0,1,1,68.999,0.368,0.975,0.576,20.455,16.971,13.6,-4.361,-4.323,-4.365
,0.0,0.0,0.0,3.5377,6.8662,3.3931,1,0.5512,0.5512,LOST,0.0,FORMATION_FOLLOW|FORMATION_FOLLOW|FORMATION_RECOVERY,0,1,1,69.099,0.368,0.968,0.622,20.454,16.968,13.593,-4.361,-4.326,-4.365
,0.0,0.0,0.0,3.5385,6.8747,3.3933,1,0.5202,0.5202,LOST,0.0,FORMATION_FOLLOW|FORMATION_FOLLOW|FORMATION_RECOVERY,0,1,1,69.199,0.368,0.962,0.665,20.454,16.965,13.585,-4.36,-4.328,-4.365
,0.0,0.0,0.0,3.5386,6.883,3.3945,1,0.4906,0.4906,RECOVERING,0.0,FORMATION_FOLLOW|FORMATION_FOLLOW|FORMATION_RECOVERY,0,1,1,69.299,0.369,0.956,0.706,20.453,16.963,13.578,-4.36,-4.33,-4.365
,0.0,0.0,0.0,3.5386,6.8909,3.3964,1,0.4626,0.4626,RECOVERING,0.0,FORMATION_FOLLOW|FORMATION_FOLLOW|FORMATION_RECOVERY,0,1,1,69.399,0.369,0.95,0.745,20.452,16.961,13.571,-4.36,-4.332,-4.365
,0.0,0.0,0.0,3.5381,6.8983,3.399,1,0.4361,0.4361,RECOVERING,0.0,FORMATION_FOLLOW|FORMATION_FOLLOW|FORMATION_RECOVERY,0,1,1,69.499,0.369,0.944,0.782,20.45,16.959,13.564,-4.36,-4.335,-4.365
,0.0,0.0,0.0,3.5372,6.9055,3.4023,1,0.4109,0.4109,RECOVERING,0.0,FORMATION_FOLLOW|FORMATION_FOLLOW|FORMATION_RECOVERY,0,1,1,69.599,0.369,0.939,0.817,20.448,16.957,13.557,-4.36,-4.337,-4.365
,0.0,0.0,0.0,3.536,6.9122,3.4061,1,0.3866,0.3866,RECOVERING,0.0,FORMATION_FOLLOW|FORMATION_FOLLOW|FORMATION_RECOVERY,0,1,1,69.699,0.369,0.935,0.851,20.446,16.956,13.551,-4.36,-4.339,-4.365
,0.0,0.0,0.0,3.5348,6.9185,3.4101,1,0.3637,0.3637,RECOVERING,0.0,FORMATION_FOLLOW|FORMATION_FOLLOW|FORMATION_RECOVERY,0,1,1,69.799,0.368,0.93,0.882,20.444,16.954,13.544,-4.36,-4.341,-4.364
,0.0,0.0,0.0,3.5341,6.9246,3.4137,1,0.342,0.342,RECOVERING,0.0,FORMATION_FOLLOW|FORMATION_FOLLOW|FORMATION_RECOVERY,0,1,1,69.899,0.367,0.926,0.912,20.441,16.952,13.538,-4.36,-4.342,-4.363
,0.0,0.0,0.0,3.5331,6.9304,3.4177,1,0.3217,0.3217,RECOVERING,0.0,FORMATION_FOLLOW|FORMATION_FOLLOW|FORMATION_RECOVERY,0,1,1,69.999,0.366,0.923,0.94,20.439,16.95,13.532,-4.36,-4.344,-4.363
,0.0,0.0,0.0,3.5316,6.9356,3.422,1,0.3029,0.3029,RECOVERING,0.0,FORMATION_FOLLOW|FORMATION_FOLLOW|FORMATION_RECOVERY,0,1,1,70.099,0.366,0.919,0.966,20.436,16.948,13.527,-4.359,-4.345,-4.362
,0.0,0.0,0.0,3.5299,6.9398,3.4258,1,0.2855,0.2855,RECOVERING,0.0,FORMATION_FOLLOW|FORMATION_FOLLOW|FORMATION_RECOVERY,0,1,1,70.199,0.366,0.916,0.991,20.433,16.947,13.522,-4.359,-4.347,-4.362
,0.0,0.0,0.0,3.5277,6.9434,3.4298,1,0.2694,0.2694,RECOVERING,0.0,FORMATION_FOLLOW|FORMATION_FOLLOW|FORMATION_RECOVERY,0,1,1,70.299,0.366,0.914,1.013,20.431,16.946,13.517,-4.358,-4.347,-4.362
,0.0,0.0,0.0,3.5256,6.9468,3.4337,1,0.2545,0.2545,RECOVERING,0.0,FORMATION_FOLLOW|FORMATION_FOLLOW|FORMATION_RECOVERY,0,1,1,70.399,0.365,0.911,1.034,20.428,16.945,13.513,-4.358,-4.348,-4.361
,0.0,0.0,0.0,3.5237,6.9497,3.4372,1,0.2408,0.2408,RECOVERING,0.0,FORMATION_FOLLOW|FORMATION_FOLLOW|FORMATION_RECOVERY,0,1,1,70.499,0.365,0.91,1.054,20.425,16.944,13.51,-4.358,-4.348,-4.361
,0.0,0.0,0.0,3.522,6.9526,3.4407,1,0.228,0.228,RECOVERING,0.0,FORMATION_FOLLOW|FORMATION_FOLLOW|FORMATION_RECOVERY,0,1,1,70.599,0.365,0.908,1.072,20.422,16.942,13.506,-4.357,-4.348,-4.361
,0.0,0.0,0.0,3.5204,6.9552,3.4438,1,0.2164,0.2164,RECOVERING,0.0,FORMATION_FOLLOW|FORMATION_FOLLOW|FORMATION_RECOVERY,0,1,1,70.699,0.365,0.908,1.089,20.42,16.941,13.502,-4.357,-4.349,-4.36
,0.0,0.0,0.0,3.5187,6.957,3.4466,1,0.2058,0.2058,RECOVERING,0.0,FORMATION_FOLLOW|FORMATION_FOLLOW|FORMATION_RECOVERY,0,1,1,70.799,0.366,0.907,1.105,20.417,16.94,13.5,-4.357,-4.349,-4.36
,0.0,0.0,0.0,3.5171,6.9589,3.4494,1,0.1958,0.1958,RECOVERING,0.0,FORMATION_FOLLOW|FORMATION_FOLLOW|FORMATION_RECOVERY,0,1,1,70.899,0.366,0.907,1.12,20.415,16.94,13.497,-4.357,-4.349,-4.36
,0.0,0.0,0.0,3.5158,6.9615,3.4526,1,0.1865,0.1865,RECOVERING,0.0,FORMATION_FOLLOW|FORMATION_FOLLOW|FORMATION_RECOVERY,0,1,1,70.999,0.366,0.907,1.134,20.413,16.939,13.494,-4.356,-4.35,-4.36
,0.0,0.0,0.0,3.5153,6.9641,3.4552,1,0.1782,0.1782,RECOVERING,0.0,FORMATION_FOLLOW|FORMATION_FOLLOW|FORMATION_RECOVERY,0,1,1,71.099,0.365,0.907,1.146,20.412,16.938,13.491,-4.356,-4.35,-4.36
,0.0,0.0,0.0,3.5151,6.9669,3.4577,1,0.1705,0.1705,RECOVERING,0.0,FORMATION_FOLLOW|FORMATION_FOLLOW|FORMATION_RECOVERY,0,1,1,71.199,0.365,0.907,1.157,20.411,16.937,13.489,-4.356,-4.351,-4.359
,0.0,0.0,0.0,3.5145,6.9691,3.4601,1,0.1634,0.1634,RECOVERING,0.0,FORMATION_FOLLOW|FORMATION_FOLLOW|FORMATION_RECOVERY,0,1,1,71.299,0.365,0.906,1.168,20.409,16.937,13.487,-4.356,-4.351,-4.359
,0.0,0.0,0.0,3.5136,6.9705,3.462,1,0.1568,0.1568,OK,0.0,FORMATION_FOLLOW|FORMATION_FOLLOW|FORMATION_RECOVERY,0,1,1,71.399,0.365,0.906,1.178,20.408,16.936,13.485,-4.356,-4.351,-4.359
,0.0,0.0,0.0,3.5126,6.972,3.4641,1,0.1504,0.1504,OK,0.0,FORMATION_FOLLOW|FORMATION_FOLLOW|FORMATION_RECOVERY,0,1,1,71.499,0.366,0.905,1.187,20.407,16.936,13.484,-4.356,-4.351,-4.359
,0.0,0.0,0.0,3.5114,6.9738,3.4666,1,0.1442,0.1442,OK,0.0,FORMATION_FOLLOW|FORMATION_FOLLOW|FORMATION_RECOVERY,0,1,1,71.599,0.366,0.905,1.196,20.406,16.936,13.482,-4.357,-4.352,-4.358
,0.0,0.0,0.0,3.5111,6.9758,3.4687,1,0.1385,0.1385,OK,0.0,FORMATION_FOLLOW|FORMATION_FOLLOW|FORMATION_RECOVERY,0,1,1,71.699,0.366,0.904,1.204,20.405,16.935,13.48,-4.357,-4.352,-4.358
,0.0,0.0,0.0,3.5115,6.9779,3.4701,1,0.1331,0.1331,OK,0.0,FORMATION_FOLLOW|FORMATION_FOLLOW|FORMATION_RECOVERY,0,1,1,71.799,0.367,0.904,1.213,20.405,16.934,13.478,-4.358,-4.352,-4.358
,0.0,0.0,0.0,3.512,6.9798,3.4711,1,0.1282,0.1282,OK,0.0,FORMATION_FOLLOW|FORMATION_FOLLOW|FORMATION_RECOVERY,0,1,1,71.899,0.367,0.903,1.22,20.404,16.933,13.477,-4.358,-4.352,-4.358
,0.0,0.0,0.0,3.5126,6.9812,3.4717,1,0.1237,0.1237,OK,0.0,FORMATION_FOLLOW|FORMATION_FOLLOW|FORMATION_RECOVERY,0,1,1,71.999,0.368,0.902,1.227,20.404,16.932,13.476,-4.359,-4.352,-4.358
,0.0,0.0,0.0,3.5127,6.9821,3.4722,1,0.1195,0.1195,OK,0.0,FORMATION_FOLLOW|FORMATION_FOLLOW|FORMATION_RECOVERY,0,1,1,72.099,0.369,0.902,1.233,20.403,16.931,13.475,-4.359,-4.353,-4.358
,0.0,0.0,0.0,3.5121,6.9823,3.4728,1,0.1158,0.1158,OK,0.0,FORMATION_FOLLOW|FORMATION_FOLLOW|FORMATION_FOLLOW,0,1,1,72.199,0.369,0.901,1.239,20.402,16.931,13.474,-4.359,-4.353,-4.358
,0.0,0.0,0.0,3.5113,6.9823,3.4735,1,0.112,0.112,OK,0.0,FORMATION_FOLLOW|FORMATION_FOLLOW|FORMATION_FOLLOW,0,1,1,72.299,0.37,0.901,1.245,20.401,16.931,13.474,-4.359,-4.353,-4.358
,0.0,0.0,0.0,3.5107,6.9828,3.4743,1,0.1083,0.1083,OK,0.0,FORMATION_FOLLOW|FORMATION_FOLLOW|FORMATION_FOLLOW,0,1,1,72.399,0.37,0.901,1.25,20.401,16.931,13.474,-4.359,-4.354,-4.358
,0.0,0.0,0.0,3.5105,6.983,3.4746,1,0.1049,0.1049,OK,0.0,FORMATION_FOLLOW|FORMATION_FOLLOW|FORMATION_FOLLOW,0,1,1,72.499,0.371,0.901,1.256,20.401,16.93,13.474,-4.359,-4.355,-4.358
,0.0,0.0,0.0,3.5107,6.9832,3.4744,1,0.1018,0.1018,OK,0.0,FORMATION_FOLLOW|FORMATION_FOLLOW|FORMATION_FOLLOW,0,1,1,72.599,0.372,0.901,1.261,20.401,16.93,13.474,-4.36,-4.355,-4.358
,0.0,0.0,0.0,3.5112,6.9837,3.4743,1,0.0986,0.0986,OK,0.0,FORMATION_FOLLOW|FORMATION_FOLLOW|FORMATION_FOLLOW,0,1,1,72.699,0.372,0.9,1.265,20.401,16.929,13.474,-4.36,-4.356,-4.359
,0.0,0.0,0.0,3.5118,6.9844,3.4742,1,0.0955,0.0955,OK,0.0,FORMATION_FOLLOW|FORMATION_FOLLOW|FORMATION_FOLLOW,0,1,1,72.799,0.372,0.9,1.27,20.401,16.929,13.474,-4.36,-4.357,-4.36
,0.0,0.0,0.0,3.5121,6.985,3.4745,1,0.0926,0.0926,OK,0.0,FORMATION_FOLLOW|FORMATION_FOLLOW|FORMATION_FOLLOW,0,1,1,72.899,0.373,0.899,1.274,20.401,16.929,13.474,-4.361,-4.357,-4.361
,0.0,0.0,0.0,3.5117,6.9851,3.4748,1,0.0899,0.0899,OK,0.0,FORMATION_FOLLOW|FORMATION_FOLLOW|FORMATION_FOLLOW,0,1,1,72.999,0.374,0.899,1.279,20.401,16.928,13.474,-4.361,-4.358,-4.362
,0.0,0.0,0.0,3.511,6.9849,3.4752,1,0.0872,0.0872,OK,0.0,FORMATION_FOLLOW|FORMATION_FOLLOW|FORMATION_FOLLOW,0,1,1,73.099,0.374,0.899,1.283,20.4,16.928,13.475,-4.361,-4.358,-4.363
,0.0,0.0,0.0,3.51,6.9843,3.4755,1,0.0845,0.0845,OK,0.0,FORMATION_FOLLOW|FORMATION_FOLLOW|FORMATION_FOLLOW,0,1,1,73.199,0.375,0.899,1.287,20.399,16.929,13.475,-4.361,-4.359,-4.364
,0.0,0.0,0.0,3.5092,6.9838,3.4757,1,0.0818,0.0818,OK,0.0,FORMATION_FOLLOW|FORMATION_FOLLOW|FORMATION_FOLLOW,0,1,1,73.299,0.376,0.899,1.291,20.399,16.929,13.475,-4.362,-4.359,-4.364
,0.0,0.0,0.0,3.5087,6.9839,3.4762,1,0.0793,0.0793,OK,0.0,FORMATION_FOLLOW|FORMATION_FOLLOW|FORMATION_FOLLOW,0,1,1,73.399,0.376,0.898,1.295,20.399,16.929,13.475,-4.362,-4.36,-4.365
,0.0,0.0,0.0,3.5086,6.9846,3.4769,1,0.0768,0.0768,OK,0.0,FORMATION_FOLLOW|FORMATION_FOLLOW|FORMATION_FOLLOW,0,1,1,73.499,0.376,0.898,1.299,20.399,16.929,13.475,-4.363,-4.361,-4.365
,0.0,0.0,0.0,3.5086,6.9851,3.4775,1,0.0747,0.0747,OK,0.0,FORMATION_FOLLOW|FORMATION_FOLLOW|FORMATION_FOLLOW,0,1,1,73.599,0.377,0.897,1.302,20.399,16.929,13.475,-4.363,-4.361,-4.365
,0.0,0.0,0.0,3.5085,6.9857,3.4781,1,0.0728,0.0728,OK,0.0,FORMATION_FOLLOW|FORMATION_FOLLOW|FORMATION_FOLLOW,0,1,1,73.699,0.377,0.897,1.305,20.399,16.929,13.475,-4.363,-4.361,-4.366
,0.0,0.0,0.0,3.5083,6.9868,3.4793,1,0.0706,0.0706,OK,0.0,FORMATION_FOLLOW|FORMATION_FOLLOW|FORMATION_FOLLOW,0,1,1,73.799,0.377,0.897,1.308,20.399,16.93,13.475,-4.363,-4.362,-4.366
,0.0,0.0,0.0,3.5078,6.9885,3.4814,1,0.0684,0.0684,OK,0.0,FORMATION_FOLLOW|FORMATION_FOLLOW|FORMATION_FOLLOW,0,1,1,73.899,0.378,0.897,1.312,20.4,16.931,13.474,-4.363,-4.362,-4.366
,0.0,0.0,0.0,3.5073,6.9901,3.4835,1,0.066,0.066,OK,0.0,FORMATION_FOLLOW|FORMATION_FOLLOW|FORMATION_FOLLOW,0,1,1,73.999,0.378,0.897,1.316,20.4,16.932,13.473,-4.363,-4.362,-4.366
,0.0,0.0,0.0,3.5068,6.9917,3.4855,1,0.0636,0.0636,OK,0.0,FORMATION_FOLLOW|FORMATION_FOLLOW|FORMATION_FOLLOW,0,1,1,74.099,0.378,0.897,1.319,20.401,16.933,13.473,-4.362,-4.362,-4.366
,0.0,0.0,0.0,3.5061,6.9926,3.4872,1,0.0612,0.0612,OK,0.0,FORMATION_FOLLOW|FORMATION_FOLLOW|FORMATION_FOLLOW,0,1,1,74.199,0.377,0.897,1.322,20.401,16.933,13.472,-4.362,-4.362,-4.366
,0.0,0.0,0.0,3.5052,6.9936,3.4889,1,0.059,0.059,OK,0.0,FORMATION_FOLLOW|FORMATION_FOLLOW|FORMATION_FOLLOW,0,1,1,74.299,0.377,0.896,1.325,20.4,16.934,13.471,-4.362,-4.363,-4.365
,0.0,0.0,0.0,3.5046,6.9946,3.4906,1,0.0567,0.0567,OK,0.0,FORMATION_FOLLOW|FORMATION_FOLLOW|FORMATION_FOLLOW,0,1,1,74.399,0.377,0.895,1.329,20.4,16.934,13.471,-4.362,-4.363,-4.365
,0.0,0.0,0.0,3.5041,6.9956,3.4919,1,0.0543,0.0543,OK,0.0,FORMATION_FOLLOW|FORMATION_FOLLOW|FORMATION_FOLLOW,0,1,1,74.499,0.378,0.894,1.332,20.4,16.934,13.47,-4.362,-4.363,-4.364
,0.0,0.0,0.0,3.5039,6.9968,3.4933,1,0.0518,0.0518,OK,0.0,FORMATION_FOLLOW|FORMATION_FOLLOW|FORMATION_FOLLOW,0,1,1,74.599,0.378,0.894,1.335,20.4,16.935,13.469,-4.362,-4.363,-4.364
,0.0,0.0,0.0,3.5043,6.9984,3.4945,1,0.0493,0.0493,OK,0.0,FORMATION_FOLLOW|FORMATION_FOLLOW|FORMATION_FOLLOW,0,1,1,74.699,0.377,0.893,1.338,20.401,16.935,13.469,-4.362,-4.363,-4.364
,0.0,0.0,0.0,3.5045,7.0001,3.4959,1,0.047,0.047,OK,0.0,FORMATION_FOLLOW|FORMATION_FOLLOW|FORMATION_FOLLOW,0,1,1,74.799,0.376,0.892,1.341,20.401,16.935,13.468,-4.362,-4.363,-4.364
,0.0,0.0,0.0,3.5045,7.0012,3.497,1,0.0447,0.0447,OK,0.0,FORMATION_FOLLOW|FORMATION_FOLLOW|FORMATION_FOLLOW,0,1,1,74.899,0.376,0.891,1.344,20.402,16.935,13.468,-4.363,-4.363,-4.364
,0.0,0.0,0.0,3.5048,7.0023,3.4977,1,0.0428,0.0428,OK,0.0,FORMATION_FOLLOW|FORMATION_FOLLOW|FORMATION_FOLLOW,0,1,1,74.999,0.375,0.89,1.346,20.402,16.935,13.467,-4.363,-4.363,-4.364
