cur_x,cur_y,cur_z,d_0_1,d_0_2,d_0_3,d_1_2,d_1_3,d_2_3,episodes,form_err,formation_state,max_drift,modes,p1_ok,p2_ok,t,x0,x1,x2,x3,y0,y1,y2,y3,z0,z1,z2,z3
0.0,0.1,0.0,3.4999,3.4998,4.9491,4.9494,3.4997,3.4994,0,0.0004,OK,0.1,FORMATION_RECOVERY|FORMATION_RECOVERY|FORMATION_RECOVERY|FORMATION_RECOVERY,1,1,0.1,-14.25,-14.25,-17.75,-17.75,-32.249,-35.749,-32.25,-35.749,-5.0,-5.0,-5.0,-5.0
0.0,0.1,0.0,3.4999,3.4994,4.9481,4.9493,3.4991,3.4986,0,0.0011,OK,0.1,FORMATION_RECOVERY|FORMATION_RECOVERY|FORMATION_RECOVERY|FORMATION_RECOVERY,1,1,0.2,-14.251,-14.25,-17.75,-17.749,-32.248,-35.748,-32.248,-35.747,-5.001,-5.002,-5.001,-5.002
0.0,0.1,0.0,3.4999,3.4996,4.9474,4.9496,3.4989,3.498,0,0.0017,OK,0.1,FORMATION_RECOVERY|FORMATION_RECOVERY|FORMATION_RECOVERY|FORMATION_RECOVERY,1,1,0.3,-14.251,-14.25,-17.751,-17.749,-32.245,-35.745,-32.246,-35.744,-5.003,-5.003,-5.003,-5.003
0.0,0.1,0.0,3.5,3.4997,4.9466,4.95,3.4987,3.4976,0,0.0022,OK,0.1,FORMATION_RECOVERY|FORMATION_RECOVERY|FORMATION_RECOVERY|FORMATION_RECOVERY,1,1,0.4,-14.251,-14.249,-17.751,-17.748,-32.243,-35.743,-32.244,-35.742,-5.005,-5.005,-5.004,-5.005
0.0,0.1,0.0,3.5003,3.5001,4.9465,4.9509,3.4989,3.4977,0,0.0025,OK,0.1,FORMATION_RECOVERY|FORMATION_RECOVERY|FORMATION_RECOVERY|FORMATION_RECOVERY,1,1,0.5,-14.251,-14.249,-17.751,-17.748,-32.24,-35.74,-32.241,-35.739,-5.006,-5.007,-5.007,-5.008
0.0,0.1,0.0,3.5008,3.501,4.9468,4.9521,3.4993,3.498,0,0.0026,OK,0.1,FORMATION_RECOVERY|FORMATION_RECOVERY|FORMATION_RECOVERY|FORMATION_RECOVERY,1,1,0.6,-14.251,-14.248,-17.752,-17.748,-32.237,-35.738,-32.238,-35.736,-5.008,-5.009,-5.009,-5.01
0.0,0.1,0.0,3.5018,3.5021,4.9473,4.9533,3.4996,3.4981,0,0.003,OK,0.1,FORMATION_RECOVERY|FORMATION_RECOVERY|FORMATION_RECOVERY|FORMATION_RECOVERY,1,1,0.7,-14.25,-14.248,-17.753,-17.748,-32.234,-35.735,-32.235,-35.733,-5.011,-5.011,-5.012,-5.013
0.0,0.1,0.0,3.5029,3.503,4.9482,4.9545,3.4997,3.4989,0,0.0036,OK,0.1,FORMATION_RECOVERY|FORMATION_RECOVERY|FORMATION_RECOVERY|FORMATION_RECOVERY,1,1,0.8,-14.25,-14.248,-17.753,-17.748,-32.23,-35.733,-32.232,-35.731,-5.013,-5.013,-5.015,-5.016
0.0,0.1,0.0,3.5042,3.5037,4.9493,4.9557,3.4995,3.5002,0,0.0042,OK,0.1,FORMATION_RECOVERY|FORMATION_RECOVERY|FORMATION_RECOVERY|FORMATION_RECOVERY,1,1,0.9,-14.25,-14.248,-17.754,-17.748,-32.227,-35.731,-32.229,-35.729,-5.015,-5.015,-5.018,-5.018
0.0,0.1,0.0,3.5056,3.5045,4.9502,4.9569,3.4992,3.5014,0,0.0051,OK,0.1,FORMATION_RECOVERY|FORMATION_RECOVERY|FORMATION_RECOVERY|FORMATION_RECOVERY,1,1,1.0,-14.251,-14.249,-17.755,-17.748,-32.223,-35.729,-32.226,-35.727,-5.017,-5.017,-5.021,-5.021
0.0,0.1,0.0,3.507,3.5051,4.9512,4.9581,3.499,3.5027,0,0.0059,OK,0.1,FORMATION_RECOVERY|FORMATION_RECOVERY|FORMATION_RECOVERY|FORMATION_RECOVERY,1,1,1.1,-14.251,-14.249,-17.756,-17.748,-32.22,-35.727,-32.223,-35.725,-5.02,-5.02,-5.024,-5.023
0.0,0.1,0.0,3.5086,3.5056,4.9522,4.9592,3.4987,3.5041,0,0.0066,OK,0.1,FORMATION_RECOVERY|FORMATION_RECOVERY|FORMATION_RECOVERY|FORMATION_RECOVERY,1,1,1.2,-14.251,-14.249,-17.757,-17.748,-32.217,-35.726,-32.22,-35.724,-5.022,-5.022,-5.027,-5.026
0.0,0.1,0.0,3.51,3.5057,4.9535,4.9601,3.4985,3.5056,0,0.007,OK,0.1,FORMATION_RECOVERY|FORMATION_RECOVERY|FORMATION_RECOVERY|FORMATION_RECOVERY,1,1,1.3,-14.251,-14.249,-17.757,-17.748,-32.214,-35.724,-32.217,-35.723,-5.024,-5.024,-5.03,-5.028
0.0,0.1,0.0,3.5115,3.5057,4.9551,4.9605,3.4985,3.507,0,0.0075,OK,0.1,FORMATION_RECOVERY|FORMATION_RECOVERY|FORMATION_RECOVERY|FORMATION_RECOVERY,1,1,1.4,-14.251,-14.249,-17.757,-17.748,-32.211,-35.723,-32.215,-35.722,-5.025,-5.026,-5.032,-5.031
0.0,0.1,0.0,3.5131,3.5058,4.9568,4.9607,3.4984,3.5082,0,0.0089,OK,0.1,FORMATION_RECOVERY|FORMATION_RECOVERY|FORMATION_RECOVERY|FORMATION_RECOVERY,1,1,1.5,-14.251,-14.249,-17.757,-17.748,-32.209,-35.722,-32.214,-35.722,-5.027,-5.028,-5.035,-5.033
0.0,0.1,0.0,3.5148,3.5063,4.9591,4.9611,3.499,3.509,0,0.0102,OK,0.1,FORMATION_RECOVERY|FORMATION_RECOVERY|FORMATION_RECOVERY|FORMATION_RECOVERY,1,1,1.6,-14.251,-14.249,-17.757,-17.748,-32.206,-35.721,-32.213,-35.722,-5.028,-5.03,-5.037,-5.035
0.0,0.1,0.0,3.5164,3.5075,4.9614,4.9617,3.4996,3.5098,0,0.0115,OK,0.1,FORMATION_RECOVERY|FORMATION_RECOVERY|FORMATION_RECOVERY|FORMATION_RECOVERY,1,1,1.7,-14.25,-14.249,-17.758,-17.749,-32.204,-35.72,-32.212,-35.722,-5.03,-5.032,-5.039,-5.037
0.0,0.1,0.0,3.5177,3.5088,4.9635,4.9621,3.4999,3.5105,0,0.0127,OK,0.1,FORMATION_RECOVERY|FORMATION_RECOVERY|FORMATION_RECOVERY|FORMATION_RECOVERY,1,1,1.8,-14.25,-14.249,-17.758,-17.749,-32.202,-35.719,-32.211,-35.721,-5.032,-5.033,-5.04,-5.039
0.0,0.1,0.0,3.519,3.51,4.9656,4.9625,3.5003,3.5112,0,0.0137,OK,0.1,FORMATION_RECOVERY|FORMATION_RECOVERY|FORMATION_RECOVERY|FORMATION_RECOVERY,1,1,1.9,-14.249,-14.249,-17.759,-17.75,-32.2,-35.719,-32.21,-35.721,-5.033,-5.034,-5.042,-5.041
0.0,0.1,0.0,3.5201,3.5111,4.9672,4.9634,3.5007,3.5121,0,0.0145,OK,0.1,FORMATION_RECOVERY|FORMATION_RECOVERY|FORMATION_RECOVERY|FORMATION_RECOVERY,1,1,2.0,-14.248,-14.249,-17.759,-17.75,-32.199,-35.719,-32.209,-35.721,-5.035,-5.035,-5.043,-5.043
0.0,0.1,0.0,3.5209,3.5123,4.9682,4.9644,3.501,3.5127,0,0.0151,OK,0.1,FORMATION_RECOVERY|FORMATION_RECOVERY|FORMATION_RECOVERY|FORMATION_RECOVERY,1,1,2.1,-14.242,-14.244,-17.755,-17.745,-32.198,-35.719,-32.209,-35.722,-5.036,-5.036,-5.045,-5.044
0.0,0.1,0.0,3.5208,3.5135,4.9694,4.965,3.5016,3.5135,0,0.0154,OK,0.1,FORMATION_RECOVERY|FORMATION_RECOVERY|FORMATION_RECOVERY|FORMATION_RECOVERY,1,1,2.2,-14.23,-14.232,-17.743,-17.733,-32.197,-35.718,-32.208,-35.722,-5.037,-5.038,-5.046,-5.046
0.0,0.1,0.0,3.5201,3.5143,4.9704,4.9649,3.5021,3.5142,0,0.0154,OK,0.1,FORMATION_FOLLOW|FORMATION_FOLLOW|FORMATION_FOLLOW|FORMATION_FOLLOW,1,1,2.3,-14.212,-14.214,-17.726,-17.716,-32.197,-35.717,-32.208,-35.722,-5.039,-5.039,-5.046,-5.047
0.0,0.1,0.0,3.5192,3.5152,4.9712,4.9648,3.5028,3.5145,0,0.0152,OK,0.1,FORMATION_FOLLOW|FORMATION_FOLLOW|FORMATION_FOLLOW|FORMATION_FOLLOW,1,1,2.4,-14.189,-14.192,-17.704,-17.695,-32.198,-35.717,-32.207,-35.722,-5.04,-5.04,-5.047,-5.049
0.0,0.1,0.0,3.5184,3.5161,4.9718,4.9649,3.5035,3.5146,0,0.0152,OK,0.1,FORMATION_FOLLOW|FORMATION_FOLLOW|FORMATION_FOLLOW|FORMATION_FOLLOW,1,1,2.5,-14.163,-14.167,-17.679,-17.67,-32.198,-35.716,-32.207,-35.722,-5.041,-5.041,-5.047,-5.05
0.0,0.1,0.0,3.5176,3.5169,4.9719,4.9648,3.5038,3.5143,0,0.0149,OK,0.1,FORMATION_FOLLOW|FORMATION_FOLLOW|FORMATION_FOLLOW|FORMATION_FOLLOW,1,1,2.6,-14.134,-14.138,-17.651,-17.642,-32.199,-35.716,-32.207,-35.722,-5.042,-5.042,-5.047,-5.052
0.0,0.1,0.0,3.5165,3.5177,4.9714,4.9646,3.504,3.5135,0,0.0145,OK,0.1,FORMATION_FOLLOW|FORMATION_FOLLOW|FORMATION_FOLLOW|FORMATION_FOLLOW,1,1,2.7,-14.102,-14.107,-17.62,-17.611,-32.2,-35.716,-32.208,-35.721,-5.043,-5.043,-5.047,-5.053
0.0,0.1,0.0,3.5153,3.5179,4.9708,4.9644,3.5044,3.5129,0,0.0139,OK,0.1,FORMATION_FOLLOW|FORMATION_FOLLOW|FORMATION_FOLLOW|FORMATION_FOLLOW,1,1,2.8,-14.069,-14.075,-17.587,-17.579,-32.201,-35.716,-32.208,-35.721,-5.044,-5.044,-5.047,-5.053
0.0,0.1,0.0,3.5141,3.5178,4.9699,4.9643,3.5049,3.5124,0,0.0132,OK,0.1,FORMATION_FOLLOW|FORMATION_FOLLOW|FORMATION_FOLLOW|FORMATION_FOLLOW,1,1,2.9,-14.036,-14.041,-17.554,-17.546,-32.202,-35.716,-32.209,-35.721,-5.044,-5.045,-5.048,-5.054
0.0,0.1,0.0,3.5124,3.5177,4.9686,4.9637,3.5051,3.5112,0,0.0123,OK,0.1,FORMATION_FOLLOW|FORMATION_FOLLOW|FORMATION_FOLLOW|FORMATION_FOLLOW,1,1,3.0,-14.001,-14.006,-17.519,-17.511,-32.204,-35.716,-32.209,-35.721,-5.045,-5.046,-5.048,-5.055
0.0,0.1,0.0,3.511,3.5183,4.9676,4.9638,3.5054,3.5104,0,0.0117,OK,0.1,FORMATION_FOLLOW|FORMATION_FOLLOW|FORMATION_FOLLOW|FORMATION_FOLLOW,1,1,3.1,-13.966,-13.971,-17.484,-17.476,-32.206,-35.717,-32.21,-35.721,-5.046,-5.047,-5.048,-5.056
0.0,0.1,0.0,3.5101,3.5195,4.9671,4.9642,3.5056,3.5098,0,0.0117,OK,0.1,FORMATION_FOLLOW|FORMATION_FOLLOW|FORMATION_FOLLOW|FORMATION_FOLLOW,1,1,3.2,-13.93,-13.935,-17.449,-17.441,-32.207,-35.717,-32.211,-35.721,-5.047,-5.047,-5.048,-5.056
0.0,0.1,0.0,3.5094,3.5208,4.9671,4.9644,3.506,3.5092,0,0.0119,OK,0.1,FORMATION_FOLLOW|FORMATION_FOLLOW|FORMATION_FOLLOW|FORMATION_FOLLOW,1,1,3.3,-13.893,-13.899,-17.414,-17.405,-32.209,-35.718,-32.212,-35.721,-5.048,-5.048,-5.048,-5.057
0.0,0.1,0.0,3.5083,3.5216,4.9673,4.9643,3.5068,3.5087,0,0.012,OK,0.1,FORMATION_FOLLOW|FORMATION_FOLLOW|FORMATION_FOLLOW|FORMATION_FOLLOW,1,1,3.4,-13.856,-13.863,-17.378,-17.37,-32.21,-35.718,-32.213,-35.721,-5.049,-5.049,-5.049,-5.057
0.0,0.1,0.0,3.5072,3.5226,4.9677,4.9643,3.5075,3.5088,0,0.0124,OK,0.1,FORMATION_FOLLOW|FORMATION_FOLLOW|FORMATION_FOLLOW|FORMATION_FOLLOW,1,1,3.5,-13.82,-13.827,-17.342,-17.335,-32.212,-35.719,-32.213,-35.722,-5.05,-5.05,-5.049,-5.057
0.0,0.1,0.0,3.5065,3.5233,4.9683,4.964,3.5077,3.509,0,0.0128,OK,0.1,FORMATION_FOLLOW|FORMATION_FOLLOW|FORMATION_FOLLOW|FORMATION_FOLLOW,1,1,3.6,-13.783,-13.792,-17.307,-17.299,-32.213,-35.719,-32.214,-35.723,-5.05,-5.05,-5.049,-5.057
0.0,0.1,0.0,3.5062,3.5233,4.9691,4.9634,3.5079,3.5094,0,0.0132,OK,0.1,FORMATION_FOLLOW|FORMATION_FOLLOW|FORMATION_FOLLOW|FORMATION_FOLLOW,1,1,3.7,-13.748,-13.757,-17.271,-17.265,-32.214,-35.72,-32.214,-35.724,-5.052,-5.051,-5.049,-5.057
0.0,0.1,0.0,3.5058,3.5232,4.97,4.9626,3.508,3.5097,0,0.0137,OK,0.1,FORMATION_FOLLOW|FORMATION_FOLLOW|FORMATION_FOLLOW|FORMATION_FOLLOW,1,1,3.8,-13.712,-13.722,-17.235,-17.231,-32.215,-35.72,-32.215,-35.725,-5.052,-5.052,-5.049,-5.057
0.0,0.1,0.0,3.5048,3.5233,4.9707,4.9618,3.5083,3.5102,0,0.014,OK,0.1,FORMATION_FOLLOW|FORMATION_FOLLOW|FORMATION_FOLLOW|FORMATION_FOLLOW,1,1,3.9,-13.677,-13.688,-17.2,-17.197,-32.216,-35.721,-32.216,-35.726,-5.053,-5.053,-5.049,-5.057
0.0,0.1,0.0,3.5035,3.5239,4.9713,4.9612,3.5089,3.5105,0,0.0146,OK,0.1,FORMATION_FOLLOW|FORMATION_FOLLOW|FORMATION_FOLLOW|FORMATION_FOLLOW,1,1,4.0,-13.642,-13.654,-17.166,-17.163,-32.217,-35.721,-32.216,-35.727,-5.053,-5.053,-5.05,-5.057
0.0,0.1,0.0,3.5024,3.5245,4.9718,4.9607,3.5096,3.5102,0,0.0151,OK,0.1,FORMATION_FOLLOW|FORMATION_FOLLOW|FORMATION_FOLLOW|FORMATION_FOLLOW,1,1,4.1,-13.608,-13.62,-17.132,-17.13,-32.219,-35.721,-32.218,-35.728,-5.054,-5.053,-5.05,-5.057
0.0,0.1,0.0,3.5018,3.5249,4.9723,4.9602,3.5099,3.5101,0,0.0156,OK,0.1,FORMATION_FOLLOW|FORMATION_FOLLOW|FORMATION_FOLLOW|FORMATION_FOLLOW,1,1,4.2,-13.574,-13.587,-17.098,-17.097,-32.22,-35.722,-32.219,-35.729,-5.054,-5.053,-5.051,-5.057
0.0,0.1,0.0,3.5015,3.5249,4.9729,4.9595,3.5105,3.5096,0,0.0161,OK,0.1,FORMATION_FOLLOW|FORMATION_FOLLOW|FORMATION_FOLLOW|FORMATION_FOLLOW,1,1,4.3,-13.54,-13.554,-17.065,-17.065,-32.221,-35.723,-32.22,-35.729,-5.054,-5.053,-5.051,-5.056
0.0,0.1,0.0,3.5013,3.5249,4.9733,4.9588,3.511,3.5089,0,0.0165,OK,0.1,FORMATION_FOLLOW|FORMATION_FOLLOW|FORMATION_FOLLOW|FORMATION_FOLLOW,1,1,4.4,-13.507,-13.521,-17.032,-17.032,-32.222,-35.724,-32.221,-35.73,-5.055,-5.053,-5.051,-5.056
0.0,0.1,0.0,3.5012,3.5251,4.9738,4.9583,3.5116,3.5082,0,0.017,OK,0.1,FORMATION_FOLLOW|FORMATION_FOLLOW|FORMATION_FOLLOW|FORMATION_FOLLOW,1,1,4.5,-13.474,-13.489,-16.999,-17.001,-32.224,-35.725,-32.222,-35.731,-5.055,-5.053,-5.052,-5.055
0.0,0.1,0.0,3.5014,3.5257,4.9746,4.9581,3.5119,3.508,0,0.0175,OK,0.1,FORMATION_FOLLOW|FORMATION_FOLLOW|FORMATION_FOLLOW|FORMATION_FOLLOW,1,1,4.6,-13.441,-13.457,-16.967,-16.969,-32.224,-35.726,-32.224,-35.732,-5.055,-5.052,-5.052,-5.055
0.0,0.1,0.0,3.5021,3.526,4.9754,4.9575,3.5117,3.5075,0,0.0181,OK,0.1,FORMATION_FOLLOW|FORMATION_FOLLOW|FORMATION_FOLLOW|FORMATION_FOLLOW,1,1,4.7,-13.409,-13.426,-16.935,-16.937,-32.225,-35.727,-32.225,-35.732,-5.055,-5.052,-5.052,-5.055
0.0,0.1,0.0,3.5029,3.5262,4.9761,4.9569,3.5114,3.507,0,0.0186,OK,0.1,FORMATION_FOLLOW|FORMATION_FOLLOW|FORMATION_FOLLOW|FORMATION_FOLLOW,1,1,4.8,-13.377,-13.395,-16.903,-16.906,-32.225,-35.728,-32.226,-35.733,-5.055,-5.052,-5.052,-5.055
0.0,0.1,0.0,3.5037,3.5266,4.9767,4.9564,3.5106,3.5066,0,0.0192,OK,0.1,FORMATION_FOLLOW|FORMATION_FOLLOW|FORMATION_FOLLOW|FORMATION_FOLLOW,1,1,4.9,-13.345,-13.364,-16.871,-16.874,-32.224,-35.728,-32.226,-35.733,-5.055,-5.051,-5.052,-5.056
0.0,0.1,0.0,3.5044,3.5269,4.9773,4.9555,3.5096,3.5063,0,0.0199,OK,0.1,FORMATION_FOLLOW|FORMATION_FOLLOW|FORMATION_FOLLOW|FORMATION_FOLLOW,1,1,5.0,-13.313,-13.334,-16.84,-16.843,-32.224,-35.729,-32.227,-35.733,-5.055,-5.051,-5.051,-5.056
0.0,0.1,0.0,3.5053,3.527,4.978,4.9546,3.5086,3.506,0,0.0205,OK,0.1,FORMATION_FOLLOW|FORMATION_FOLLOW|FORMATION_FOLLOW|FORMATION_FOLLOW,1,1,5.1,-13.281,-13.304,-16.808,-16.812,-32.224,-35.729,-32.227,-35.733,-5.055,-5.051,-5.052,-5.057
0.0,0.1,0.0,3.5067,3.5274,4.9789,4.954,3.5075,3.5057,0,0.0214,OK,0.1,FORMATION_FOLLOW|FORMATION_FOLLOW|FORMATION_FOLLOW|FORMATION_FOLLOW,1,1,5.2,-13.25,-13.274,-16.777,-16.781,-32.224,-35.73,-32.228,-35.733,-5.054,-5.05,-5.052,-5.057
0.0,0.1,0.0,3.5079,3.5276,4.9798,4.9533,3.5065,3.5057,0,0.0222,OK,0.1,FORMATION_FOLLOW|FORMATION_FOLLOW|FORMATION_FOLLOW|FORMATION_FOLLOW,1,1,5.3,-13.219,-13.245,-16.746,-16.751,-32.224,-35.731,-32.228,-35.734,-5.054,-5.05,-5.053,-5.057
0.0,0.1,0.0,3.5089,3.5278,4.9807,4.9528,3.5057,3.5058,0,0.023,OK,0.1,FORMATION_FOLLOW|FORMATION_FOLLOW|FORMATION_FOLLOW|FORMATION_FOLLOW,1,1,5.4,-13.188,-13.216,-16.716,-16.721,-32.224,-35.733,-32.228,-35.734,-5.053,-5.049,-5.053,-5.057
0.0,0.1,0.0,3.5095,3.5281,4.9816,4.9518,3.5051,3.5053,0,0.0239,OK,0.1,FORMATION_FOLLOW|FORMATION_FOLLOW|FORMATION_FOLLOW|FORMATION_FOLLOW,1,1,5.5,-13.157,-13.187,-16.685,-16.692,-32.224,-35.733,-32.229,-35.734,-5.053,-5.049,-5.054,-5.057
0.0,0.1,0.0,3.5093,3.5284,4.9824,4.9505,3.5048,3.5048,0,0.0247,OK,0.1,FORMATION_FOLLOW|FORMATION_FOLLOW|FORMATION_FOLLOW|FORMATION_FOLLOW,1,1,5.6,-13.126,-13.157,-16.655,-16.662,-32.224,-35.733,-32.23,-35.734,-5.052,-5.048,-5.054,-5.057
0.0,0.1,0.0,3.5092,3.5289,4.9833,4.9495,3.5047,3.5044,0,0.0255,OK,0.1,FORMATION_FOLLOW|FORMATION_FOLLOW|FORMATION_FOLLOW|FORMATION_FOLLOW,1,1,5.7,-13.096,-13.128,-16.624,-16.633,-32.225,-35.734,-32.23,-35.735,-5.052,-5.048,-5.055,-5.056
0.0,0.1,0.0,3.5093,3.5296,4.9842,4.9489,3.5047,3.5041,0,0.0264,OK,0.1,FORMATION_FOLLOW|FORMATION_FOLLOW|FORMATION_FOLLOW|FORMATION_FOLLOW,1,1,5.8,-13.065,-13.099,-16.595,-16.604,-32.225,-35.734,-32.231,-35.735,-5.051,-5.048,-5.055,-5.056
0.0,0.1,0.0,3.509,3.5305,4.9851,4.9483,3.5049,3.5037,0,0.0271,OK,0.1,FORMATION_FOLLOW|FORMATION_FOLLOW|FORMATION_FOLLOW|FORMATION_FOLLOW,1,1,5.9,-13.035,-13.07,-16.565,-16.575,-32.225,-35.734,-32.232,-35.735,-5.051,-5.049,-5.056,-5.055
0.0,0.1,0.0,3.5087,3.5316,4.9856,4.9479,3.5049,3.503,0,0.0278,OK,0.1,FORMATION_FOLLOW|FORMATION_FOLLOW|FORMATION_FOLLOW|FORMATION_FOLLOW,1,1,6.0,-13.004,-13.04,-16.536,-16.545,-32.226,-35.734,-32.233,-35.736,-5.051,-5.05,-5.056,-5.055
0.0,0.1,0.0,3.5092,3.5322,4.9862,4.9475,3.5051,3.5021,0,0.0284,OK,0.1,FORMATION_FOLLOW|FORMATION_FOLLOW|FORMATION_FOLLOW|FORMATION_FOLLOW,1,1,6.1,-12.974,-13.011,-16.506,-16.516,-32.226,-35.735,-32.234,-35.736,-5.051,-5.05,-5.056,-5.055
0.0,0.1,0.0,3.5097,3.5321,4.9867,4.947,3.5054,3.5013,0,0.0286,OK,0.1,FORMATION_FOLLOW|FORMATION_FOLLOW|FORMATION_FOLLOW|FORMATION_FOLLOW,1,1,6.2,-12.945,-12.981,-16.477,-16.487,-32.226,-35.736,-32.235,-35.737,-5.051,-5.051,-5.057,-5.054
0.0,0.1,0.0,3.5096,3.5317,4.9868,4.9461,3.5057,3.5004,0,0.0286,OK,0.1,FORMATION_FOLLOW|FORMATION_FOLLOW|FORMATION_FOLLOW|FORMATION_FOLLOW,1,1,6.3,-12.915,-12.952,-16.447,-16.458,-32.227,-35.736,-32.237,-35.737,-5.052,-5.052,-5.057,-5.055
0.0,0.1,0.0,3.5089,3.5315,4.9863,4.9457,3.5062,3.4995,0,0.0284,OK,0.1,FORMATION_FOLLOW|FORMATION_FOLLOW|FORMATION_FOLLOW|FORMATION_FOLLOW,1,1,6.4,-12.886,-12.922,-16.418,-16.428,-32.228,-35.737,-32.238,-35.737,-5.052,-5.052,-5.057,-5.055
0.0,0.1,0.0,3.5079,3.5316,4.9856,4.9459,3.5071,3.4987,0,0.0282,OK,0.1,FORMATION_FOLLOW|FORMATION_FOLLOW|FORMATION_FOLLOW|FORMATION_FOLLOW,1,1,6.5,-12.857,-12.892,-16.388,-16.399,-32.23,-35.738,-32.239,-35.738,-5.052,-5.053,-5.057,-5.055
0.0,0.1,0.0,3.507,3.532,4.9851,4.9459,3.508,3.4978,0,0.0282,OK,0.1,FORMATION_FOLLOW|FORMATION_FOLLOW|FORMATION_FOLLOW|FORMATION_FOLLOW,1,1,6.6,-12.828,-12.862,-16.36,-16.37,-32.231,-35.738,-32.241,-35.738,-5.052,-5.054,-5.057,-5.055
0.0,0.1,0.0,3.5063,3.5319,4.9845,4.9456,3.5085,3.4966,0,0.0279,OK,0.1,FORMATION_FOLLOW|FORMATION_FOLLOW|FORMATION_FOLLOW|FORMATION_FOLLOW,1,1,6.7,-12.799,-12.833,-16.331,-16.341,-32.232,-35.738,-32.242,-35.739,-5.052,-5.054,-5.057,-5.055
0.0,0.1,0.0,3.5056,3.5314,4.9841,4.9449,3.5091,3.4957,0,0.0276,OK,0.1,FORMATION_FOLLOW|FORMATION_FOLLOW|FORMATION_FOLLOW|FORMATION_FOLLOW,1,1,6.8,-12.77,-12.803,-16.301,-16.312,-32.233,-35.739,-32.243,-35.739,-5.052,-5.054,-5.058,-5.055
0.0,0.1,0.0,3.5053,3.531,4.9839,4.9445,3.5098,3.4948,0,0.0273,OK,0.1,FORMATION_FOLLOW|FORMATION_FOLLOW|FORMATION_FOLLOW|FORMATION_FOLLOW,1,1,6.9,-12.741,-12.773,-16.272,-16.283,-32.234,-35.739,-32.245,-35.739,-5.051,-5.054,-5.058,-5.056
0.0,0.1,0.0,3.5051,3.5306,4.9836,4.9443,3.5102,3.4942,0,0.0271,OK,0.1,FORMATION_FOLLOW|FORMATION_FOLLOW|FORMATION_FOLLOW|FORMATION_FOLLOW,1,1,7.0,-12.712,-12.744,-16.242,-16.254,-32.234,-35.739,-32.245,-35.739,-5.051,-5.055,-5.058,-5.056
0.0,0.1,0.0,3.5049,3.5307,4.9837,4.9441,3.5105,3.494,0,0.0272,OK,0.1,FORMATION_FOLLOW|FORMATION_FOLLOW|FORMATION_FOLLOW|FORMATION_FOLLOW,1,1,7.1,-12.682,-12.715,-16.213,-16.225,-32.234,-35.739,-32.245,-35.739,-5.052,-5.055,-5.059,-5.056
0.0,0.1,0.0,3.5046,3.5312,4.9841,4.9442,3.511,3.4939,0,0.0274,OK,0.1,FORMATION_FOLLOW|FORMATION_FOLLOW|FORMATION_FOLLOW|FORMATION_FOLLOW,1,1,7.2,-12.653,-12.685,-16.184,-16.196,-32.234,-35.739,-32.246,-35.739,-5.052,-5.055,-5.059,-5.057
0.0,0.1,0.0,3.5046,3.5318,4.9846,4.9447,3.5118,3.494,0,0.0276,OK,0.1,FORMATION_FOLLOW|FORMATION_FOLLOW|FORMATION_FOLLOW|FORMATION_FOLLOW,1,1,7.3,-12.624,-12.655,-16.155,-16.167,-32.234,-35.739,-32.246,-35.74,-5.053,-5.055,-5.059,-5.057
0.0,0.1,0.0,3.5041,3.5323,4.9848,4.9447,3.5126,3.4936,0,0.0276,OK,0.1,FORMATION_FOLLOW|FORMATION_FOLLOW|FORMATION_FOLLOW|FORMATION_FOLLOW,1,1,7.4,-12.594,-12.626,-16.127,-16.138,-32.234,-35.738,-32.246,-35.74,-5.053,-5.055,-5.06,-5.057
0.0,0.1,0.0,3.5031,3.5328,4.9852,4.9443,3.5133,3.4932,0,0.0279,OK,0.1,FORMATION_FOLLOW|FORMATION_FOLLOW|FORMATION_FOLLOW|FORMATION_FOLLOW,1,1,7.5,-12.565,-12.596,-16.098,-16.11,-32.235,-35.738,-32.247,-35.74,-5.054,-5.054,-5.061,-5.057
0.0,0.1,0.0,3.5023,3.5328,4.9852,4.9435,3.5137,3.4926,0,0.0279,OK,0.1,FORMATION_FOLLOW|FORMATION_FOLLOW|FORMATION_FOLLOW|FORMATION_FOLLOW,1,1,7.6,-12.535,-12.567,-16.068,-16.08,-32.235,-35.738,-32.248,-35.74,-5.055,-5.054,-5.061,-5.057
0.0,0.1,0.0,3.5015,3.5324,4.9851,4.9421,3.5131,3.4923,0,0.0278,OK,0.1,FORMATION_FOLLOW|FORMATION_FOLLOW|FORMATION_FOLLOW|FORMATION_FOLLOW,1,1,7.7,-12.506,-12.538,-16.038,-16.051,-32.236,-35.737,-32.248,-35.741,-5.055,-5.054,-5.061,-5.057
0.0,0.1,0.0,3.5006,3.5324,4.9847,4.9407,3.5119,3.4918,0,0.0279,OK,0.1,FORMATION_FOLLOW|FORMATION_FOLLOW|FORMATION_FOLLOW|FORMATION_FOLLOW,1,1,7.8,-12.476,-12.509,-16.009,-16.021,-32.236,-35.737,-32.249,-35.741,-5.055,-5.053,-5.061,-5.057
0.0,0.1,0.0,3.5002,3.5323,4.9844,4.9395,3.5107,3.4914,0,0.0279,OK,0.1,FORMATION_FOLLOW|FORMATION_FOLLOW|FORMATION_FOLLOW|FORMATION_FOLLOW,1,1,7.9,-12.447,-12.481,-15.979,-15.991,-32.236,-35.736,-32.25,-35.741,-5.056,-5.053,-5.061,-5.057
0.0,0.1,0.0,3.5006,3.532,4.9844,4.9386,3.5091,3.4915,0,0.0278,OK,0.1,FORMATION_FOLLOW|FORMATION_FOLLOW|FORMATION_FOLLOW|FORMATION_FOLLOW,1,1,8.0,-12.418,-12.452,-15.95,-15.961,-32.236,-35.737,-32.25,-35.742,-5.056,-5.053,-5.061,-5.058
0.0,0.1,0.0,3.5012,3.5313,4.984,4.9376,3.507,3.492,0,0.0275,OK,0.1,FORMATION_FOLLOW|FORMATION_FOLLOW|FORMATION_FOLLOW|FORMATION_FOLLOW,1,1,8.1,-12.389,-12.423,-15.92,-15.93,-32.236,-35.737,-32.251,-35.743,-5.057,-5.052,-5.061,-5.058
0.0,0.1,0.0,3.5015,3.5305,4.9835,4.9369,3.5051,3.4926,0,0.0271,OK,0.1,FORMATION_FOLLOW|FORMATION_FOLLOW|FORMATION_FOLLOW|FORMATION_FOLLOW,1,1,8.2,-12.36,-12.395,-15.89,-15.9,-32.236,-35.737,-32.251,-35.744,-5.057,-5.052,-5.062,-5.058
0.0,0.1,0.0,3.5014,3.5299,4.9828,4.9366,3.5036,3.4934,0,0.0266,OK,0.1,FORMATION_FOLLOW|FORMATION_FOLLOW|FORMATION_FOLLOW|FORMATION_FOLLOW,1,1,8.3,-12.331,-12.366,-15.861,-15.87,-32.236,-35.738,-32.251,-35.744,-5.058,-5.052,-5.062,-5.058
0.0,0.1,0.0,3.5015,3.5288,4.9818,4.9368,3.5027,3.4942,0,0.0256,OK,0.1,FORMATION_FOLLOW|FORMATION_FOLLOW|FORMATION_FOLLOW|FORMATION_FOLLOW,1,1,8.4,-12.303,-12.337,-15.831,-15.839,-32.236,-35.738,-32.251,-35.745,-5.058,-5.052,-5.062,-5.058
0.0,0.1,0.0,3.5021,3.5278,4.9815,4.9372,3.5023,3.495,0,0.0249,OK,0.1,FORMATION_FOLLOW|FORMATION_FOLLOW|FORMATION_FOLLOW|FORMATION_FOLLOW,1,1,8.5,-12.274,-12.307,-15.802,-15.809,-32.236,-35.738,-32.251,-35.746,-5.059,-5.052,-5.062,-5.058
0.0,0.1,0.0,3.5034,3.5271,4.9821,4.9376,3.5025,3.4957,0,0.0246,OK,0.1,FORMATION_FOLLOW|FORMATION_FOLLOW|FORMATION_FOLLOW|FORMATION_FOLLOW,1,1,8.6,-12.245,-12.277,-15.773,-15.78,-32.235,-35.738,-32.251,-35.746,-5.06,-5.052,-5.063,-5.058
0.0,0.1,0.0,3.5048,3.5263,4.9827,4.9376,3.5026,3.4959,0,0.0244,OK,0.1,FORMATION_FOLLOW|FORMATION_FOLLOW|FORMATION_FOLLOW|FORMATION_FOLLOW,1,1,8.7,-12.217,-12.248,-15.743,-15.751,-32.234,-35.739,-32.251,-35.747,-5.06,-5.052,-5.063,-5.058
0.0,0.1,0.0,3.5058,3.525,4.9831,4.9372,3.5029,3.4958,0,0.0242,OK,0.1,FORMATION_FOLLOW|FORMATION_FOLLOW|FORMATION_FOLLOW|FORMATION_FOLLOW,1,1,8.8,-12.188,-12.219,-15.713,-15.722,-32.233,-35.739,-32.251,-35.747,-5.061,-5.053,-5.063,-5.058
0.0,0.1,0.0,3.5068,3.5238,4.9835,4.937,3.5038,3.4956,0,0.024,OK,0.1,FORMATION_FOLLOW|FORMATION_FOLLOW|FORMATION_FOLLOW|FORMATION_FOLLOW,1,1,8.9,-12.16,-12.19,-15.684,-15.693,-32.233,-35.74,-32.252,-35.747,-5.061,-5.053,-5.063,-5.058
0.0,0.1,0.0,3.5071,3.5226,4.9836,4.9367,3.5049,3.4951,0,0.0236,OK,0.1,FORMATION_FOLLOW|FORMATION_FOLLOW|FORMATION_FOLLOW|FORMATION_FOLLOW,1,1,9.0,-12.131,-12.16,-15.654,-15.665,-32.233,-35.74,-32.252,-35.747,-5.061,-5.054,-5.064,-5.058
0.0,0.1,0.0,3.507,3.5215,4.9833,4.9364,3.5057,3.4944,0,0.0232,OK,0.1,FORMATION_FOLLOW|FORMATION_FOLLOW|FORMATION_FOLLOW|FORMATION_FOLLOW,1,1,9.1,-12.103,-12.131,-15.624,-15.637,-32.233,-35.74,-32.253,-35.747,-5.06,-5.055,-5.064,-5.058
0.0,0.1,0.0,3.507,3.5207,4.9831,4.9359,3.5063,3.4938,0,0.0228,OK,0.1,FORMATION_FOLLOW|FORMATION_FOLLOW|FORMATION_FOLLOW|FORMATION_FOLLOW,1,1,9.2,-12.074,-12.102,-15.595,-15.608,-32.233,-35.74,-32.253,-35.747,-5.06,-5.055,-5.063,-5.057
0.0,0.1,0.0,3.5073,3.5199,4.9829,4.936,3.5067,3.4935,0,0.0225,OK,0.1,FORMATION_FOLLOW|FORMATION_FOLLOW|FORMATION_FOLLOW|FORMATION_FOLLOW,1,1,9.3,-12.046,-12.073,-15.566,-15.58,-32.233,-35.741,-32.253,-35.747,-5.06,-5.055,-5.063,-5.057
0.0,0.1,0.0,3.5078,3.5189,4.9823,4.9364,3.5072,3.4935,0,0.0219,OK,0.1,FORMATION_FOLLOW|FORMATION_FOLLOW|FORMATION_FOLLOW|FORMATION_FOLLOW,1,1,9.4,-12.018,-12.044,-15.537,-15.551,-32.233,-35.741,-32.253,-35.747,-5.06,-5.055,-5.063,-5.057
0.0,0.1,0.0,3.5084,3.5179,4.9814,4.9372,3.5076,3.4932,0,0.0212,OK,0.1,FORMATION_FOLLOW|FORMATION_FOLLOW|FORMATION_FOLLOW|FORMATION_FOLLOW,1,1,9.5,-11.99,-12.014,-15.507,-15.522,-32.234,-35.742,-32.253,-35.746,-5.06,-5.056,-5.064,-5.056
0.0,0.1,0.0,3.5091,3.5168,4.9806,4.938,3.5083,3.4931,0,0.0205,OK,0.1,FORMATION_FOLLOW|FORMATION_FOLLOW|FORMATION_FOLLOW|FORMATION_FOLLOW,1,1,9.6,-11.961,-11.984,-15.478,-15.492,-32.234,-35.743,-32.253,-35.746,-5.06,-5.056,-5.064,-5.056
0.0,0.1,0.0,3.5091,3.5156,4.9798,4.9388,3.5091,3.4934,0,0.0197,OK,0.1,FORMATION_FOLLOW|FORMATION_FOLLOW|FORMATION_FOLLOW|FORMATION_FOLLOW,1,1,9.7,-11.933,-11.954,-15.448,-15.463,-32.234,-35.743,-32.253,-35.746,-5.061,-5.056,-5.064,-5.056
0.0,0.1,0.0,3.5088,3.5148,4.979,4.9393,3.5099,3.4933,0,0.0192,OK,0.1,FORMATION_FOLLOW|FORMATION_FOLLOW|FORMATION_FOLLOW|FORMATION_FOLLOW,1,1,9.8,-11.903,-11.925,-15.418,-15.435,-32.235,-35.744,-32.252,-35.746,-5.062,-5.056,-5.063,-5.056
0.0,0.1,0.0,3.509,3.5143,4.9787,4.94,3.511,3.493,0,0.019,OK,0.1,FORMATION_FOLLOW|FORMATION_FOLLOW|FORMATION_FOLLOW|FORMATION_FOLLOW,1,1,9.9,-11.874,-11.895,-15.388,-15.406,-32.236,-35.745,-32.252,-35.745,-5.062,-5.056,-5.063,-5.056
0.0,0.1,0.0,3.5094,3.5141,4.9786,4.9408,3.512,3.4928,0,0.0189,OK,0.1,FORMATION_FOLLOW|FORMATION_FOLLOW|FORMATION_FOLLOW|FORMATION_FOLLOW,1,1,10.0,-11.845,-11.865,-15.359,-15.377,-32.236,-35.745,-32.252,-35.744,-5.063,-5.057,-5.063,-5.057
0.0,0.1,0.0,3.5096,3.514,4.9786,4.9411,3.5125,3.4925,0,0.019,OK,0.1,FORMATION_FOLLOW|FORMATION_FOLLOW|FORMATION_FOLLOW|FORMATION_FOLLOW,1,1,10.1,-11.815,-11.836,-15.329,-15.348,-32.236,-35.746,-32.251,-35.744,-5.063,-5.057,-5.063,-5.057
0.0,0.1,0.0,3.5091,3.5137,4.9786,4.9407,3.5127,3.4925,0,0.0189,OK,0.1,FORMATION_FOLLOW|FORMATION_FOLLOW|FORMATION_FOLLOW|FORMATION_FOLLOW,1,1,10.2,-11.785,-11.806,-15.299,-15.319,-32.237,-35.746,-32.251,-35.743,-5.063,-5.057,-5.062,-5.057
0.0,0.1,0.0,3.5083,3.5128,4.9781,4.9395,3.5122,3.4924,0,0.0187,OK,0.1,FORMATION_FOLLOW|FORMATION_FOLLOW|FORMATION_FOLLOW|FORMATION_FOLLOW,1,1,10.3,-11.756,-11.777,-15.268,-15.29,-32.237,-35.745,-32.251,-35.743,-5.063,-5.058,-5.062,-5.057
0.0,0.1,0.0,3.5077,3.5118,4.9774,4.9383,3.5115,3.492,0,0.0185,OK,0.1,FORMATION_FOLLOW|FORMATION_FOLLOW|FORMATION_FOLLOW|FORMATION_FOLLOW,1,1,10.4,-11.726,-11.749,-15.238,-15.26,-32.237,-35.745,-32.25,-35.742,-5.062,-5.058,-5.061,-5.057
0.0,0.1,0.0,3.5073,3.5106,4.9767,4.9369,3.5107,3.4916,0,0.0182,OK,0.1,FORMATION_FOLLOW|FORMATION_FOLLOW|FORMATION_FOLLOW|FORMATION_FOLLOW,1,1,10.5,-11.697,-11.72,-15.207,-15.231,-32.238,-35.745,-32.25,-35.742,-5.062,-5.059,-5.06,-5.057
0.0,0.1,0.0,3.5069,3.5091,4.9759,4.936,3.5102,3.4913,0,0.0176,OK,0.1,FORMATION_FOLLOW|FORMATION_FOLLOW|FORMATION_FOLLOW|FORMATION_FOLLOW,1,1,10.6,-11.668,-11.691,-15.177,-15.201,-32.238,-35.745,-32.25,-35.741,-5.062,-5.059,-5.059,-5.057
0.0,0.1,0.0,3.5061,3.508,4.9747,4.9355,3.5098,3.4913,0,0.0173,OK,0.1,FORMATION_FOLLOW|FORMATION_FOLLOW|FORMATION_FOLLOW|FORMATION_FOLLOW,1,1,10.7,-11.639,-11.662,-15.147,-15.172,-32.239,-35.745,-32.25,-35.741,-5.061,-5.059,-5.059,-5.057
0.0,0.1,0.0,3.5054,3.5076,4.9741,4.935,3.5092,3.4914,0,0.0171,OK,0.1,FORMATION_FOLLOW|FORMATION_FOLLOW|FORMATION_FOLLOW|FORMATION_FOLLOW,1,1,10.8,-11.609,-11.633,-15.117,-15.142,-32.239,-35.745,-32.25,-35.741,-5.061,-5.059,-5.058,-5.056
0.0,0.1,0.0,3.505,3.5078,4.9738,4.9347,3.5088,3.4914,0,0.0169,OK,0.1,FORMATION_FOLLOW|FORMATION_FOLLOW|FORMATION_FOLLOW|FORMATION_FOLLOW,1,1,10.9,-11.58,-11.603,-15.087,-15.112,-32.239,-35.744,-32.25,-35.741,-5.06,-5.059,-5.058,-5.056
0.0,0.1,0.0,3.5047,3.5084,4.9739,4.9347,3.5082,3.4916,0,0.0168,OK,0.1,FORMATION_FOLLOW|FORMATION_FOLLOW|FORMATION_FOLLOW|FORMATION_FOLLOW,1,1,11.0,-11.55,-11.574,-15.058,-15.082,-32.239,-35.744,-32.25,-35.741,-5.059,-5.06,-5.057,-5.056
0.0,0.1,0.0,3.5048,3.509,4.974,4.935,3.5078,3.4919,0,0.0169,OK,0.1,FORMATION_FOLLOW|FORMATION_FOLLOW|FORMATION_FOLLOW|FORMATION_FOLLOW,1,1,11.1,-11.52,-11.545,-15.029,-15.052,-32.239,-35.744,-32.25,-35.741,-5.059,-5.06,-5.057,-5.055
0.0,0.1,0.0,3.5052,3.5092,4.974,4.9354,3.5071,3.4926,0,0.0169,OK,0.1,FORMATION_FOLLOW|FORMATION_FOLLOW|FORMATION_FOLLOW|FORMATION_FOLLOW,1,1,11.2,-11.491,-11.515,-15.0,-15.022,-32.239,-35.744,-32.249,-35.742,-5.059,-5.06,-5.057,-5.055
0.0,0.1,0.0,3.5059,3.5093,4.9742,4.9355,3.5061,3.4933,0,0.017,OK,0.1,FORMATION_FOLLOW|FORMATION_FOLLOW|FORMATION_FOLLOW|FORMATION_FOLLOW,1,1,11.3,-11.461,-11.486,-14.97,-14.992,-32.239,-35.745,-32.249,-35.742,-5.058,-5.06,-5.056,-5.054
0.0,0.1,0.0,3.5063,3.5091,4.9744,4.9351,3.505,3.4939,0,0.017,OK,0.1,FORMATION_FOLLOW|FORMATION_FOLLOW|FORMATION_FOLLOW|FORMATION_FOLLOW,1,1,11.4,-11.432,-11.457,-14.941,-14.962,-32.238,-35.745,-32.249,-35.743,-5.058,-5.06,-5.056,-5.054
0.0,0.1,0.0,3.5067,3.5089,4.9743,4.9349,3.5037,3.4947,0,0.017,OK,0.1,FORMATION_FOLLOW|FORMATION_FOLLOW|FORMATION_FOLLOW|FORMATION_FOLLOW,1,1,11.5,-11.402,-11.428,-14.911,-14.932,-32.238,-35.745,-32.249,-35.743,-5.057,-5.061,-5.056,-5.053
0.0,0.1,0.0,3.5073,3.509,4.9742,4.9351,3.5022,3.4956,0,0.017,OK,0.1,FORMATION_FOLLOW|FORMATION_FOLLOW|FORMATION_FOLLOW|FORMATION_FOLLOW,1,1,11.6,-11.373,-11.399,-14.882,-14.901,-32.238,-35.745,-32.248,-35.744,-5.057,-5.061,-5.056,-5.052
0.0,0.1,0.0,3.5081,3.5096,4.9739,4.9359,3.5008,3.4963,0,0.017,OK,0.1,FORMATION_FOLLOW|FORMATION_FOLLOW|FORMATION_FOLLOW|FORMATION_FOLLOW,1,1,11.7,-11.343,-11.37,-14.853,-14.87,-32.237,-35.745,-32.248,-35.744,-5.056,-5.061,-5.056,-5.052
0.0,0.1,0.0,3.5087,3.5102,4.9734,4.9366,3.4994,3.4967,0,0.0171,OK,0.1,FORMATION_FOLLOW|FORMATION_FOLLOW|FORMATION_FOLLOW|FORMATION_FOLLOW,1,1,11.8,-11.313,-11.34,-14.824,-14.839,-32.236,-35.745,-32.247,-35.744,-5.056,-5.061,-5.056,-5.052
0.0,0.1,0.0,3.5092,3.5106,4.973,4.9368,3.498,3.497,0,0.0173,OK,0.1,FORMATION_FOLLOW|FORMATION_FOLLOW|FORMATION_FOLLOW|FORMATION_FOLLOW,1,1,11.9,-11.283,-11.311,-14.794,-14.809,-32.236,-35.745,-32.246,-35.743,-5.055,-5.062,-5.056,-5.052
0.0,0.1,0.0,3.5095,3.5111,4.9732,4.9368,3.4973,3.4971,0,0.0176,OK,0.1,FORMATION_FOLLOW|FORMATION_FOLLOW|FORMATION_FOLLOW|FORMATION_FOLLOW,1,1,12.0,-11.253,-11.281,-14.764,-14.778,-32.235,-35.745,-32.246,-35.743,-5.055,-5.062,-5.056,-5.053
0.0,0.103,0.0,3.5099,3.5113,4.9735,4.9362,3.4962,3.4973,0,0.0181,OK,0.103,FORMATION_FOLLOW|FORMATION_FOLLOW|FORMATION_FOLLOW|FORMATION_FOLLOW,1,1,12.1,-11.223,-11.252,-14.734,-14.748,-32.235,-35.744,-32.246,-35.743,-5.054,-5.062,-5.056,-5.054
0.0,0.114,0.0,3.51,3.5112,4.9738,4.9356,3.4949,3.4981,0,0.0184,OK,0.114,FORMATION_FOLLOW|FORMATION_FOLLOW|FORMATION_FOLLOW|FORMATION_FOLLOW,1,1,12.2,-11.193,-11.223,-14.704,-14.718,-32.234,-35.744,-32.245,-35.743,-5.054,-5.062,-5.057,-5.055
0.0,0.131,0.0,3.5098,3.511,4.9741,4.935,3.4934,3.4994,0,0.0186,OK,0.131,FORMATION_FOLLOW|FORMATION_FOLLOW|FORMATION_FOLLOW|FORMATION_FOLLOW,1,1,12.3,-11.163,-11.194,-14.674,-14.688,-32.234,-35.744,-32.244,-35.744,-5.054,-5.063,-5.057,-5.056
0.0,0.155,0.0,3.5095,3.5108,4.9744,4.9343,3.4918,3.501,0,0.0189,OK,0.155,FORMATION_FOLLOW|FORMATION_FOLLOW|FORMATION_FOLLOW|FORMATION_FOLLOW,1,1,12.4,-11.133,-11.166,-14.644,-14.657,-32.234,-35.743,-32.243,-35.744,-5.054,-5.063,-5.058,-5.057
0.0,0.186,0.0,3.51,3.5111,4.9753,4.9337,3.49,3.5026,0,0.0197,OK,0.186,FORMATION_FOLLOW|FORMATION_FOLLOW|FORMATION_FOLLOW|FORMATION_FOLLOW,1,1,12.5,-11.103,-11.137,-14.614,-14.627,-32.233,-35.742,-32.242,-35.745,-5.053,-5.063,-5.059,-5.057
0.0,0.221,0.0,3.5116,3.5115,4.9766,4.9335,3.4879,3.5041,0,0.0206,OK,0.221,FORMATION_FOLLOW|FORMATION_FOLLOW|FORMATION_FOLLOW|FORMATION_FOLLOW,1,1,12.6,-11.072,-11.109,-14.584,-14.597,-32.231,-35.742,-32.241,-35.745,-5.053,-5.063,-5.059,-5.057
0.0,0.26,0.0,3.5145,3.5119,4.9783,4.9333,3.4863,3.5047,0,0.0218,OK,0.26,FORMATION_FOLLOW|FORMATION_FOLLOW|FORMATION_FOLLOW|FORMATION_FOLLOW,1,1,12.7,-11.042,-11.08,-14.554,-14.566,-32.228,-35.743,-32.24,-35.745,-5.053,-5.062,-5.06,-5.058
0.0,0.302,0.0,3.5183,3.5121,4.9808,4.9334,3.4851,3.5055,0,0.0233,OK,0.302,FORMATION_FOLLOW|FORMATION_FOLLOW|FORMATION_FOLLOW|FORMATION_FOLLOW,1,1,12.8,-11.012,-11.05,-14.524,-14.535,-32.225,-35.743,-32.24,-35.745,-5.053,-5.062,-5.06,-5.058
0.0,0.345,0.0,3.5234,3.5124,4.9842,4.9338,3.4839,3.5067,0,0.0256,OK,0.345,FORMATION_FOLLOW|FORMATION_FOLLOW|FORMATION_FOLLOW|FORMATION_FOLLOW,1,1,12.9,-10.982,-11.02,-14.494,-14.504,-32.22,-35.743,-32.24,-35.746,-5.053,-5.062,-5.06,-5.058
0.0,0.388,0.0,3.5303,3.5124,4.9891,4.9342,3.4832,3.508,0,0.0293,OK,0.388,FORMATION_FOLLOW|FORMATION_FOLLOW|FORMATION_FOLLOW|FORMATION_FOLLOW,1,1,13.0,-10.952,-10.991,-14.464,-14.474,-32.213,-35.743,-32.239,-35.747,-5.053,-5.061,-5.06,-5.057
0.0,0.428,0.0,3.5391,3.5117,4.9953,4.9344,3.4826,3.5096,0,0.0344,OK,0.428,FORMATION_FOLLOW|FORMATION_FOLLOW|FORMATION_FOLLOW|FORMATION_FOLLOW,1,1,13.1,-10.923,-10.961,-14.434,-14.444,-32.205,-35.743,-32.238,-35.748,-5.053,-5.062,-5.06,-5.057
0.0,0.464,0.0,3.5495,3.5107,5.0026,4.9352,3.4827,3.5116,0,0.0408,OK,0.464,FORMATION_FOLLOW|FORMATION_FOLLOW|FORMATION_FOLLOW|FORMATION_FOLLOW,1,1,13.2,-10.894,-10.931,-14.404,-14.414,-32.195,-35.744,-32.237,-35.749,-5.052,-5.062,-5.06,-5.057
0.0,0.494,0.0,3.5608,3.5091,5.0107,4.9359,3.483,3.5141,0,0.0482,OK,0.494,FORMATION_FOLLOW|FORMATION_FOLLOW|FORMATION_FOLLOW|FORMATION_FOLLOW,1,1,13.3,-10.865,-10.901,-14.374,-14.384,-32.183,-35.744,-32.236,-35.75,-5.052,-5.062,-5.061,-5.057
0.0,0.517,0.0,3.573,3.5068,5.0192,4.936,3.4832,3.5164,0,0.0567,OK,0.517,FORMATION_FOLLOW|FORMATION_FOLLOW|FORMATION_FOLLOW|FORMATION_FOLLOW,1,1,13.4,-10.837,-10.871,-14.343,-14.354,-32.17,-35.743,-32.235,-35.751,-5.052,-5.062,-5.061,-5.057
0.0,0.532,0.0,3.5864,3.5043,5.0285,4.9359,3.4829,3.5187,0,0.0664,OK,0.532,FORMATION_FOLLOW|FORMATION_FOLLOW|FORMATION_FOLLOW|FORMATION_FOLLOW,1,1,13.5,-10.809,-10.841,-14.312,-14.324,-32.156,-35.742,-32.234,-35.752,-5.052,-5.062,-5.062,-5.056
0.0,0.542,0.0,3.6008,3.5023,5.0382,4.9358,3.4822,3.5206,0,0.0769,OK,0.542,FORMATION_FOLLOW|FORMATION_FOLLOW|FORMATION_FOLLOW|FORMATION_FOLLOW,1,1,13.6,-10.781,-10.811,-14.282,-14.293,-32.141,-35.742,-32.232,-35.753,-5.052,-5.062,-5.062,-5.056
0.0,0.553,0.0,3.6157,3.5005,5.0481,4.9356,3.4818,3.5218,0,0.0879,OK,0.553,FORMATION_FOLLOW|FORMATION_FOLLOW|FORMATION_FOLLOW|FORMATION_FOLLOW,1,1,13.7,-10.753,-10.781,-14.252,-14.263,-32.126,-35.742,-32.232,-35.753,-5.053,-5.062,-5.062,-5.056
0.0,0.563,0.0,3.6303,3.4986,5.058,4.9348,3.4818,3.5221,0,0.099,OK,0.563,FORMATION_FOLLOW|FORMATION_FOLLOW|FORMATION_FOLLOW|FORMATION_FOLLOW,1,1,13.8,-10.725,-10.752,-14.221,-14.234,-32.111,-35.741,-32.232,-35.754,-5.053,-5.061,-5.061,-5.056
0.0,0.573,0.0,3.6441,3.4967,5.0671,4.9339,3.4817,3.5221,0,0.1094,OK,0.573,FORMATION_FOLLOW|FORMATION_FOLLOW|FORMATION_FOLLOW|FORMATION_FOLLOW,1,1,13.9,-10.697,-10.722,-14.191,-14.204,-32.096,-35.74,-32.231,-35.754,-5.053,-5.061,-5.061,-5.056
0.0,0.584,0.0,3.6573,3.4949,5.0755,4.9325,3.4811,3.5214,0,0.1196,OK,0.584,FORMATION_FOLLOW|FORMATION_FOLLOW|FORMATION_FOLLOW|FORMATION_FOLLOW,1,1,14.0,-10.669,-10.693,-14.161,-14.174,-32.082,-35.74,-32.232,-35.753,-5.053,-5.062,-5.061,-5.056
0.0,0.594,0.0,3.6703,3.4935,5.0837,4.9309,3.4802,3.5204,0,0.1296,OK,0.594,FORMATION_FOLLOW|FORMATION_FOLLOW|FORMATION_FOLLOW|FORMATION_FOLLOW,1,1,14.1,-10.641,-10.664,-14.13,-14.144,-32.069,-35.739,-32.232,-35.753,-5.053,-5.062,-5.062,-5.056
0.0,0.604,0.0,3.6826,3.4918,5.0914,4.9291,3.4795,3.5192,0,0.139,OK,0.604,FORMATION_FOLLOW|FORMATION_FOLLOW|FORMATION_FOLLOW|FORMATION_FOLLOW,1,1,14.2,-10.613,-10.635,-14.1,-14.114,-32.055,-35.738,-32.232,-35.751,-5.053,-5.062,-5.062,-5.055
0.0,0.614,0.0,3.6944,3.4897,5.0985,4.9268,3.4784,3.5176,0,0.148,OK,0.614,FORMATION_FOLLOW|FORMATION_FOLLOW|FORMATION_FOLLOW|FORMATION_FOLLOW,1,1,14.3,-10.584,-10.606,-14.069,-14.084,-32.043,-35.737,-32.233,-35.75,-5.053,-5.062,-5.062,-5.055
0.0,0.624,0.0,3.7055,3.4877,5.1048,4.9245,3.4774,3.5155,0,0.1565,OK,0.624,FORMATION_FOLLOW|FORMATION_FOLLOW|FORMATION_FOLLOW|FORMATION_FOLLOW,1,1,14.4,-10.556,-10.577,-14.038,-14.054,-32.031,-35.737,-32.234,-35.749,-5.053,-5.062,-5.062,-5.055
0.0,0.633,0.0,3.7153,3.4858,5.1102,4.922,3.4762,3.5134,0,0.1643,OK,0.633,FORMATION_FOLLOW|FORMATION_FOLLOW|FORMATION_FOLLOW|FORMATION_FOLLOW,1,1,14.5,-10.528,-10.548,-14.007,-14.024,-32.02,-35.736,-32.235,-35.748,-5.053,-5.062,-5.062,-5.056
0.0,0.642,0.0,3.7241,3.4835,5.1152,4.9197,3.4751,3.512,0,0.1714,OK,0.642,FORMATION_FOLLOW|FORMATION_FOLLOW|FORMATION_FOLLOW|FORMATION_FOLLOW,1,1,14.6,-10.5,-10.518,-13.976,-13.993,-32.011,-35.735,-32.235,-35.747,-5.053,-5.062,-5.062,-5.056
0.0,0.651,0.0,3.7317,3.4812,5.1199,4.9172,3.4741,3.5111,0,0.1778,OK,0.651,FORMATION_FOLLOW|FORMATION_FOLLOW|FORMATION_FOLLOW|FORMATION_FOLLOW,1,1,14.7,-10.472,-10.489,-13.945,-13.963,-32.002,-35.733,-32.236,-35.747,-5.053,-5.062,-5.062,-5.057
0.0,0.66,0.0,3.7385,3.4789,5.1244,4.9146,3.4731,3.5103,0,0.1837,OK,0.66,FORMATION_FOLLOW|FORMATION_FOLLOW|FORMATION_FOLLOW|FORMATION_FOLLOW,1,1,14.8,-10.444,-10.46,-13.914,-13.933,-31.994,-35.732,-32.236,-35.747,-5.053,-5.062,-5.062,-5.058
0.0,0.668,0.0,3.7447,3.4768,5.1286,4.9122,3.4724,3.5099,0,0.1891,OK,0.668,FORMATION_FOLLOW|FORMATION_FOLLOW|FORMATION_FOLLOW|FORMATION_FOLLOW,1,1,14.9,-10.415,-10.43,-13.883,-13.903,-31.987,-35.731,-32.237,-35.747,-5.053,-5.062,-5.062,-5.058
0.0,0.677,0.0,3.7504,3.4748,5.1329,4.9099,3.4722,3.5096,0,0.1941,OK,0.677,FORMATION_FOLLOW|FORMATION_FOLLOW|FORMATION_FOLLOW|FORMATION_FOLLOW,1,1,15.0,-10.387,-10.401,-13.852,-13.873,-31.98,-35.73,-32.238,-35.747,-5.053,-5.062,-5.062,-5.058
0.0,0.685,0.0,3.7554,3.4727,5.1374,4.9074,3.4723,3.5096,0,0.1988,OK,0.685,FORMATION_FOLLOW|FORMATION_FOLLOW|FORMATION_FOLLOW|FORMATION_FOLLOW,1,1,15.1,-10.358,-10.372,-13.821,-13.844,-31.974,-35.729,-32.238,-35.748,-5.053,-5.062,-5.063,-5.058
0.0,0.692,0.0,3.7598,3.471,5.1419,4.9049,3.4724,3.5098,0,0.2032,OK,0.692,FORMATION_FOLLOW|FORMATION_FOLLOW|FORMATION_FOLLOW|FORMATION_FOLLOW,1,1,15.2,-10.329,-10.342,-13.79,-13.814,-31.968,-35.728,-32.239,-35.748,-5.053,-5.062,-5.063,-5.058
0.0,0.7,0.0,3.7641,3.4692,5.1456,4.9026,3.472,3.5099,0,0.2073,OK,0.7,FORMATION_FOLLOW|FORMATION_FOLLOW|FORMATION_FOLLOW|FORMATION_FOLLOW,1,1,15.3,-10.3,-10.312,-13.759,-13.784,-31.962,-35.726,-32.239,-35.749,-5.053,-5.062,-5.063,-5.058
0.0,0.708,0.0,3.7685,3.4671,5.1491,4.9006,3.4715,3.5103,0,0.2114,OK,0.708,FORMATION_FOLLOW|FORMATION_FOLLOW|FORMATION_FOLLOW|FORMATION_FOLLOW,1,1,15.4,-10.272,-10.283,-13.727,-13.754,-31.957,-35.725,-32.239,-35.749,-5.053,-5.062,-5.064,-5.058
0.0,0.715,0.0,3.7728,3.4649,5.1524,4.8989,3.4711,3.5111,0,0.2154,OK,0.715,FORMATION_FOLLOW|FORMATION_FOLLOW|FORMATION_FOLLOW|FORMATION_FOLLOW,1,1,15.5,-10.243,-10.253,-13.696,-13.724,-31.951,-35.724,-32.239,-35.75,-5.053,-5.062,-5.064,-5.058
0.0,0.722,0.0,3.777,3.4626,5.1559,4.897,3.471,3.5117,0,0.2195,OK,0.722,FORMATION_FOLLOW|FORMATION_FOLLOW|FORMATION_FOLLOW|FORMATION_FOLLOW,1,1,15.6,-10.215,-10.223,-13.665,-13.694,-31.945,-35.722,-32.239,-35.75,-5.052,-5.062,-5.064,-5.059
0.0,0.729,0.0,3.7815,3.4601,5.1593,4.895,3.4707,3.5122,0,0.2238,OK,0.729,FORMATION_FOLLOW|FORMATION_FOLLOW|FORMATION_FOLLOW|FORMATION_FOLLOW,1,1,15.7,-10.187,-10.194,-13.634,-13.664,-31.939,-35.721,-32.238,-35.751,-5.052,-5.062,-5.064,-5.059
0.0,0.736,0.0,3.7866,3.4576,5.1636,4.8928,3.4702,3.5132,0,0.2284,OK,0.736,FORMATION_FOLLOW|FORMATION_FOLLOW|FORMATION_FOLLOW|FORMATION_FOLLOW,1,1,15.8,-10.159,-10.165,-13.603,-13.635,-31.933,-35.719,-32.238,-35.751,-5.052,-5.062,-5.064,-5.059
0.0,0.743,0.0,3.7922,3.4549,5.1681,4.8904,3.4698,3.5139,0,0.2335,OK,0.743,FORMATION_FOLLOW|FORMATION_FOLLOW|FORMATION_FOLLOW|FORMATION_FOLLOW,1,1,15.9,-10.131,-10.136,-13.572,-13.605,-31.926,-35.718,-32.238,-35.752,-5.052,-5.062,-5.064,-5.059
0.0,0.75,0.0,3.7983,3.4521,5.1729,4.8881,3.4696,3.5145,0,0.2391,OK,0.75,FORMATION_FOLLOW|FORMATION_FOLLOW|FORMATION_FOLLOW|FORMATION_FOLLOW,1,1,16.0,-10.103,-10.106,-13.54,-13.576,-31.919,-35.717,-32.238,-35.753,-5.053,-5.062,-5.064,-5.059
0.0,0.757,0.0,3.8052,3.4497,5.1779,4.8862,3.4691,3.5152,0,0.2452,OK,0.757,FORMATION_FOLLOW|FORMATION_FOLLOW|FORMATION_FOLLOW|FORMATION_FOLLOW,1,1,16.1,-10.075,-10.077,-13.509,-13.545,-31.911,-35.716,-32.239,-35.754,-5.053,-5.062,-5.064,-5.059
0.0,0.764,0.0,3.8129,3.4477,5.1834,4.8848,3.4684,3.5163,0,0.2516,OK,0.764,FORMATION_FOLLOW|FORMATION_FOLLOW|FORMATION_FOLLOW|FORMATION_FOLLOW,1,1,16.2,-10.047,-10.047,-13.478,-13.515,-31.902,-35.715,-32.238,-35.754,-5.052,-5.062,-5.065,-5.059
0.0,0.771,0.0,3.8214,3.4459,5.1893,4.8837,3.4675,3.5175,0,0.2588,OK,0.771,FORMATION_FOLLOW|FORMATION_FOLLOW|FORMATION_FOLLOW|FORMATION_FOLLOW,1,1,16.3,-10.019,-10.017,-13.447,-13.484,-31.893,-35.714,-32.238,-35.756,-5.052,-5.062,-5.065,-5.059
0.0,0.778,0.0,3.8309,3.4446,5.1957,4.8825,3.4663,3.5182,0,0.2666,OK,0.778,FORMATION_FOLLOW|FORMATION_FOLLOW|FORMATION_FOLLOW|FORMATION_FOLLOW,1,1,16.4,-9.99,-9.987,-13.417,-13.453,-31.883,-35.714,-32.238,-35.756,-5.052,-5.062,-5.065,-5.06
0.0,0.784,0.0,3.8407,3.4434,5.2024,4.8811,3.4653,3.5184,0,0.2748,OK,0.784,FORMATION_FOLLOW|FORMATION_FOLLOW|FORMATION_FOLLOW|FORMATION_FOLLOW,1,1,16.5,-9.962,-9.957,-13.386,-13.422,-31.872,-35.713,-32.239,-35.757,-5.052,-5.062,-5.064,-5.059
0.0,0.791,0.0,3.8511,3.4422,5.2093,4.8793,3.4643,3.5181,0,0.2835,OK,0.791,FORMATION_FOLLOW|FORMATION_FOLLOW|FORMATION_FOLLOW|FORMATION_FOLLOW,1,1,16.6,-9.934,-9.928,-13.355,-13.392,-31.861,-35.712,-32.24,-35.758,-5.052,-5.062,-5.064,-5.059
0.0,0.798,0.0,3.8625,3.4409,5.2166,4.8776,3.4631,3.5176,0,0.2926,OK,0.798,FORMATION_FOLLOW|FORMATION_FOLLOW|FORMATION_FOLLOW|FORMATION_FOLLOW,1,1,16.7,-9.906,-9.898,-13.325,-13.361,-31.849,-35.712,-32.24,-35.758,-5.052,-5.062,-5.064,-5.059
0.0,0.805,0.0,3.8744,3.4396,5.2239,4.8761,3.4622,3.5167,0,0.3021,OK,0.805,FORMATION_FOLLOW|FORMATION_FOLLOW|FORMATION_FOLLOW|FORMATION_FOLLOW,1,1,16.8,-9.879,-9.869,-13.295,-13.331,-31.836,-35.711,-32.241,-35.757,-5.053,-5.061,-5.064,-5.059
0.0,0.811,0.0,3.8869,3.4386,5.2315,4.8746,3.4611,3.5155,0,0.3121,OK,0.811,FORMATION_FOLLOW|FORMATION_FOLLOW|FORMATION_FOLLOW|FORMATION_FOLLOW,1,1,16.9,-9.852,-9.84,-13.265,-13.3,-31.823,-35.71,-32.242,-35.757,-5.053,-5.061,-5.064,-5.059
0.0,0.818,0.0,3.8998,3.438,5.2394,4.8735,3.4602,3.5146,0,0.3225,OK,0.818,FORMATION_FOLLOW|FORMATION_FOLLOW|FORMATION_FOLLOW|FORMATION_FOLLOW,1,1,17.0,-9.825,-9.81,-13.235,-13.27,-31.809,-35.709,-32.242,-35.757,-5.053,-5.061,-5.064,-5.059
0.0,0.824,0.0,3.9134,3.4373,5.2477,4.8726,3.4593,3.5137,0,0.3333,OK,0.824,FORMATION_FOLLOW|FORMATION_FOLLOW|FORMATION_FOLLOW|FORMATION_FOLLOW,1,1,17.1,-9.798,-9.781,-13.206,-13.24,-31.795,-35.708,-32.242,-35.756,-5.053,-5.061,-5.064,-5.059
0.0,0.831,0.0,3.9279,3.4365,5.2562,4.8717,3.4584,3.5126,0,0.3447,OK,0.831,FORMATION_FOLLOW|FORMATION_FOLLOW|FORMATION_FOLLOW|FORMATION_FOLLOW,1,1,17.2,-9.771,-9.751,-13.176,-13.209,-31.779,-35.707,-32.243,-35.755,-5.053,-5.061,-5.064,-5.06
0.0,0.837,0.0,3.9434,3.4357,5.2652,4.8709,3.4572,3.5114,0,0.3568,OK,0.837,FORMATION_FOLLOW|FORMATION_FOLLOW|FORMATION_FOLLOW|FORMATION_FOLLOW,1,1,17.3,-9.745,-9.722,-13.147,-13.179,-31.763,-35.707,-32.243,-35.755,-5.054,-5.061,-5.064,-5.06
0.0,0.843,0.0,3.9593,3.4348,5.2745,4.8701,3.4561,3.5107,0,0.3694,OK,0.843,FORMATION_FOLLOW|FORMATION_FOLLOW|FORMATION_FOLLOW|FORMATION_FOLLOW,1,1,17.4,-9.719,-9.692,-13.118,-13.148,-31.747,-35.706,-32.244,-35.754,-5.053,-5.061,-5.064,-5.061
0.0,0.849,0.0,3.9758,3.4339,5.2847,4.8695,3.4554,3.5104,0,0.3826,OK,0.849,FORMATION_FOLLOW|FORMATION_FOLLOW|FORMATION_FOLLOW|FORMATION_FOLLOW,1,1,17.5,-9.693,-9.663,-13.088,-13.118,-31.729,-35.705,-32.244,-35.754,-5.053,-5.061,-5.064,-5.061
0.0,0.855,0.0,3.9931,3.4325,5.295,4.8687,3.4544,3.5097,0,0.3963,OK,0.855,FORMATION_FOLLOW|FORMATION_FOLLOW|FORMATION_FOLLOW|FORMATION_FOLLOW,1,1,17.6,-9.668,-9.633,-13.059,-13.087,-31.711,-35.704,-32.244,-35.754,-5.053,-5.06,-5.063,-5.061
0.0,0.861,0.0,4.0111,3.4308,5.3052,4.8676,3.4532,3.5087,0,0.4105,OK,0.861,FORMATION_FOLLOW|FORMATION_FOLLOW|FORMATION_FOLLOW|FORMATION_FOLLOW,1,1,17.7,-9.643,-9.603,-13.029,-13.056,-31.693,-35.703,-32.245,-35.754,-5.053,-5.06,-5.063,-5.062
0.0,0.866,0.0,4.0295,3.429,5.3155,4.8665,3.4522,3.5074,0,0.4251,OK,0.866,FORMATION_FOLLOW|FORMATION_FOLLOW|FORMATION_FOLLOW|FORMATION_FOLLOW,1,1,17.8,-9.618,-9.573,-12.999,-13.025,-31.673,-35.702,-32.245,-35.753,-5.053,-5.06,-5.063,-5.061
0.0,0.872,0.0,4.0485,3.4274,5.3263,4.866,3.4513,3.5068,0,0.4402,OK,0.872,FORMATION_FOLLOW|FORMATION_FOLLOW|FORMATION_FOLLOW|FORMATION_FOLLOW,1,1,17.9,-9.593,-9.543,-12.969,-12.994,-31.653,-35.701,-32.246,-35.752,-5.054,-5.06,-5.063,-5.061
0.0,0.877,0.0,4.0678,3.4255,5.3374,4.8655,3.4501,3.5068,0,0.4557,OK,0.877,FORMATION_FOLLOW|FORMATION_FOLLOW|FORMATION_FOLLOW|FORMATION_FOLLOW,1,1,18.0,-9.569,-9.513,-12.939,-12.963,-31.633,-35.7,-32.245,-35.752,-5.054,-5.06,-5.063,-5.061
0.0,0.882,0.0,4.0879,3.423,5.3489,4.8651,3.4486,3.5076,0,0.4716,OK,0.882,FORMATION_FOLLOW|FORMATION_FOLLOW|FORMATION_FOLLOW|FORMATION_FOLLOW,1,1,18.1,-9.546,-9.484,-12.91,-12.932,-31.612,-35.699,-32.245,-35.752,-5.054,-5.06,-5.062,-5.06
0.0,0.887,0.0,4.1087,3.4202,5.3605,4.8644,3.4468,3.5081,0,0.4881,OK,0.887,FORMATION_FOLLOW|FORMATION_FOLLOW|FORMATION_FOLLOW|FORMATION_FOLLOW,1,1,18.2,-9.522,-9.454,-12.879,-12.901,-31.59,-35.698,-32.244,-35.752,-5.054,-5.059,-5.062,-5.06
0.0,0.891,0.0,4.1298,3.4172,5.3723,4.8636,3.4456,3.5082,0,0.5049,OK,0.891,FORMATION_FOLLOW|FORMATION_FOLLOW|FORMATION_FOLLOW|FORMATION_FOLLOW,1,1,18.3,-9.5,-9.425,-12.849,-12.87,-31.568,-35.697,-32.243,-35.751,-5.054,-5.059,-5.062,-5.059
0.0,0.896,0.0,4.1515,3.414,5.3842,4.863,3.4448,3.5079,0,0.5223,OK,0.896,FORMATION_FOLLOW|FORMATION_FOLLOW|FORMATION_FOLLOW|FORMATION_FOLLOW,1,1,18.4,-9.478,-9.395,-12.82,-12.839,-31.545,-35.696,-32.243,-35.751,-5.054,-5.058,-5.061,-5.059
0.0,0.9,0.0,4.1737,3.4107,5.3966,4.862,3.444,3.5075,0,0.5401,OK,0.9,FORMATION_FOLLOW|FORMATION_FOLLOW|FORMATION_FOLLOW|FORMATION_FOLLOW,1,1,18.5,-9.456,-9.365,-12.79,-12.809,-31.522,-35.695,-32.243,-35.75,-5.054,-5.058,-5.061,-5.058
0.0,0.904,0.0,4.1963,3.4078,5.4092,4.8613,3.4428,3.5076,0,0.5584,OK,0.904,FORMATION_FOLLOW|FORMATION_FOLLOW|FORMATION_FOLLOW|FORMATION_FOLLOW,1,1,18.6,-9.435,-9.336,-12.76,-12.778,-31.498,-35.693,-32.243,-35.75,-5.054,-5.057,-5.06,-5.058
0.0,0.907,0.0,4.2194,3.405,5.4221,4.8612,3.4417,3.5081,0,0.5771,OK,0.907,FORMATION_FOLLOW|FORMATION_FOLLOW|FORMATION_FOLLOW|FORMATION_FOLLOW,1,1,18.7,-9.414,-9.306,-12.731,-12.748,-31.474,-35.692,-32.242,-35.75,-5.053,-5.057,-5.059,-5.058
0.0,0.911,0.0,4.2428,3.402,5.4353,4.8608,3.441,3.5084,0,0.5962,OK,0.911,FORMATION_FOLLOW|FORMATION_FOLLOW|FORMATION_FOLLOW|FORMATION_FOLLOW,1,1,18.8,-9.394,-9.277,-12.702,-12.717,-31.449,-35.691,-32.242,-35.75,-5.053,-5.057,-5.059,-5.058
0.0,0.914,0.0,4.2669,3.3991,5.4486,4.8604,3.4403,3.5082,0,0.6157,OK,0.914,FORMATION_FOLLOW|FORMATION_FOLLOW|FORMATION_FOLLOW|FORMATION_FOLLOW,1,1,18.9,-9.374,-9.247,-12.673,-12.687,-31.424,-35.689,-32.242,-35.75,-5.052,-5.057,-5.058,-5.059
0.0,0.917,0.0,4.2911,3.3961,5.4622,4.8599,3.4398,3.5081,0,0.6354,OK,0.917,FORMATION_FOLLOW|FORMATION_FOLLOW|FORMATION_FOLLOW|FORMATION_FOLLOW,1,1,19.0,-9.354,-9.217,-12.644,-12.656,-31.399,-35.688,-32.241,-35.749,-5.052,-5.057,-5.058,-5.059
0.0,0.919,0.0,4.3155,3.3928,5.4761,4.8588,3.4388,3.5083,0,0.6555,OK,0.919,FORMATION_FOLLOW|FORMATION_FOLLOW|FORMATION_FOLLOW|FORMATION_FOLLOW,1,1,19.1,-9.334,-9.187,-12.614,-12.625,-31.373,-35.686,-32.241,-35.749,-5.051,-5.058,-5.058,-5.059
0.0,0.921,0.0,4.3403,3.3896,5.4908,4.8575,3.4379,3.5089,0,0.6762,OK,0.921,FORMATION_FOLLOW|FORMATION_FOLLOW|FORMATION_FOLLOW|FORMATION_FOLLOW,1,1,19.2,-9.315,-9.158,-12.584,-12.595,-31.346,-35.684,-32.241,-35.75,-5.051,-5.058,-5.057,-5.059
0.0,0.924,0.0,4.3662,3.3836,5.5047,4.8562,3.4371,3.5097,0,0.6983,OK,0.924,FAILSAFE_HOLD_OR_RETREAT|FORMATION_FOLLOW|FORMATION_FOLLOW|FORMATION_FOLLOW,1,1,19.3,-9.299,-9.128,-12.555,-12.564,-31.319,-35.681,-32.24,-35.75,-5.05,-5.059,-5.057,-5.06
0.0,0.926,0.0,4.3928,3.3744,5.5165,4.855,3.4359,3.5106,0,0.7216,OK,0.926,FAILSAFE_HOLD_OR_RETREAT|FORMATION_FOLLOW|FORMATION_FOLLOW|FORMATION_FOLLOW,1,1,19.4,-9.288,-9.098,-12.526,-12.534,-31.29,-35.679,-32.24,-35.751,-5.05,-5.059,-5.057,-5.06
0.0,0.928,0.0,4.4193,3.3618,5.526,4.8539,3.4349,3.5113,0,0.7456,OK,0.928,FAILSAFE_HOLD_OR_RETREAT|FORMATION_FOLLOW|FORMATION_FOLLOW|FORMATION_FOLLOW,1,1,19.5,-9.28,-9.069,-12.496,-12.503,-31.262,-35.676,-32.24,-35.751,-5.05,-5.059,-5.057,-5.061
0.0,0.93,0.0,4.4448,3.3464,5.5333,4.8525,3.4341,3.512,0,0.7695,OK,0.93,FAILSAFE_HOLD_OR_RETREAT|FORMATION_FOLLOW|FORMATION_FOLLOW|FORMATION_FOLLOW,1,1,19.6,-9.275,-9.039,-12.467,-12.472,-31.235,-35.673,-32.239,-35.751,-5.05,-5.059,-5.057,-5.061
0.0,0.932,0.0,4.4694,3.3288,5.5388,4.8512,3.4335,3.5127,0,0.7932,OK,0.932,FAILSAFE_HOLD_OR_RETREAT|FORMATION_FOLLOW|FORMATION_FOLLOW|FORMATION_FOLLOW,1,1,19.7,-9.273,-9.01,-12.438,-12.442,-31.208,-35.67,-32.238,-35.751,-5.05,-5.059,-5.056,-5.061
0.0,0.934,0.0,4.4931,3.3092,5.5426,4.85,3.4332,3.5137,0,0.8167,OK,0.934,FAILSAFE_HOLD_OR_RETREAT|FORMATION_FOLLOW|FORMATION_FOLLOW|FORMATION_FOLLOW,1,1,19.8,-9.272,-8.98,-12.409,-12.412,-31.184,-35.667,-32.238,-35.751,-5.05,-5.059,-5.056,-5.061
0.0,0.935,0.0,4.5152,3.2881,5.5446,4.8486,3.4329,3.5146,0,0.8396,OK,0.935,FAILSAFE_HOLD_OR_RETREAT|FORMATION_FOLLOW|FORMATION_FOLLOW|FORMATION_FOLLOW,1,1,19.9,-9.272,-8.95,-12.379,-12.382,-31.161,-35.665,-32.237,-35.752,-5.05,-5.059,-5.055,-5.061
0.0,0.937,0.0,4.5362,3.2721,5.5451,4.8565,3.4327,3.5201,0,0.8601,OK,0.937,FAILSAFE_HOLD_OR_RETREAT|FORMATION_FOLLOW|SEPARATION_WARNING|FORMATION_FOLLOW,1,1,20.0,-9.274,-8.92,-12.358,-12.352,-31.139,-35.662,-32.232,-35.752,-5.05,-5.059,-5.054,-5.061
0.0,0.938,0.0,4.5562,3.2627,5.544,4.8761,3.4324,3.5317,0,0.8779,OK,0.938,FAILSAFE_HOLD_OR_RETREAT|FORMATION_FOLLOW|SEPARATION_WARNING|FORMATION_FOLLOW,1,1,20.1,-9.277,-8.89,-12.348,-12.322,-31.119,-35.659,-32.22,-35.752,-5.049,-5.059,-5.052,-5.062
0.0,0.939,0.0,4.5757,3.2589,5.542,4.9053,3.4317,3.5484,0,0.8937,OK,0.939,FAILSAFE_HOLD_OR_RETREAT|FORMATION_FOLLOW|SEPARATION_WARNING|FORMATION_FOLLOW,1,1,20.2,-9.28,-8.861,-12.346,-12.291,-31.099,-35.656,-32.203,-35.751,-5.049,-5.059,-5.048,-5.062
0.0,0.94,0.0,4.5951,3.2598,5.5394,4.9425,3.431,3.5693,0,0.9075,OK,0.94,FAILSAFE_HOLD_OR_RETREAT|FORMATION_FOLLOW|SEPARATION_WARNING|FORMATION_FOLLOW,1,1,20.3,-9.283,-8.831,-12.35,-12.261,-31.08,-35.653,-32.183,-35.751,-5.048,-5.059,-5.044,-5.061
0.0,0.941,0.0,4.6138,3.2647,5.5363,4.9854,3.4303,3.5934,0,0.9195,OK,0.941,FAILSAFE_HOLD_OR_RETREAT|FORMATION_FOLLOW|SEPARATION_WARNING|FORMATION_FOLLOW,1,1,20.4,-9.286,-8.802,-12.361,-12.231,-31.062,-35.65,-32.159,-35.75,-5.047,-5.059,-5.04,-5.061
0.0,0.941,0.0,4.6317,3.2725,5.5325,5.0323,3.4293,3.6197,0,0.9301,OK,0.941,FAILSAFE_HOLD_OR_RETREAT|FORMATION_FOLLOW|SEPARATION_WARNING|FORMATION_FOLLOW,1,1,20.5,-9.289,-8.773,-12.375,-12.2,-31.045,-35.647,-32.134,-35.749,-5.046,-5.059,-5.035,-5.061
0.0,0.933,0.0,4.6489,3.2827,5.5285,5.0824,3.4281,3.6485,0,0.9398,OK,0.933,FAILSAFE_HOLD_OR_RETREAT|FORMATION_FOLLOW|SEPARATION_WARNING|FORMATION_FOLLOW,1,1,20.6,-9.292,-8.744,-12.393,-12.17,-31.028,-35.644,-32.106,-35.748,-5.045,-5.059,-5.029,-5.061
0.0,0.906,0.0,4.6656,3.2943,5.5239,5.1354,3.4273,3.6793,0,0.9486,OK,0.906,FAILSAFE_HOLD_OR_RETREAT|FORMATION_FOLLOW|SEPARATION_WARNING|FORMATION_FOLLOW,1,1,20.7,-9.296,-8.714,-12.412,-12.14,-31.011,-35.64,-32.078,-35.747,-5.044,-5.059,-5.023,-5.06
0.0,0.862,0.0,4.6818,3.3071,5.5185,5.1907,3.4266,3.7115,0,0.9565,OK,0.862,FAILSAFE_HOLD_OR_RETREAT|FORMATION_FOLLOW|SEPARATION_WARNING|FORMATION_FOLLOW,1,1,20.8,-9.299,-8.684,-12.434,-12.109,-30.996,-35.637,-32.048,-35.745,-5.044,-5.059,-5.017,-5.06
0.0,0.803,0.0,4.6968,3.3209,5.5118,5.2475,3.4255,3.7452,0,0.9632,OK,0.803,FAILSAFE_HOLD_OR_RETREAT|FORMATION_FOLLOW|SEPARATION_WARNING|FORMATION_FOLLOW,1,1,20.9,-9.302,-8.655,-12.457,-12.079,-30.982,-35.634,-32.018,-35.743,-5.043,-5.06,-5.01,-5.06
0.0,0.732,0.0,4.7094,3.3342,5.5031,5.302,3.4242,3.7767,0,0.9689,OK,0.732,FAILSAFE_HOLD_OR_RETREAT|FORMATION_FOLLOW|SEPARATION_WARNING|FORMATION_FOLLOW,1,1,21.0,-9.305,-8.625,-12.48,-12.048,-30.97,-35.63,-31.99,-35.742,-5.043,-5.06,-5.004,-5.059
0.0,0.652,0.0,4.719,3.3466,5.4916,5.3535,3.4231,3.8052,0,0.9733,OK,0.652,FAILSAFE_HOLD_OR_RETREAT|FORMATION_FOLLOW|SEPARATION_WARNING|FORMATION_FOLLOW,1,1,21.1,-9.309,-8.596,-12.501,-12.017,-30.962,-35.627,-31.966,-35.74,-5.043,-5.061,-4.998,-5.059
0.0,0.566,0.0,4.7243,3.3574,5.4764,5.4022,3.4222,3.8313,0,0.9756,OK,0.566,FAILSAFE_HOLD_OR_RETREAT|FORMATION_FOLLOW|SEPARATION_WARNING|FORMATION_FOLLOW,1,1,21.2,-9.312,-8.566,-12.521,-11.986,-30.959,-35.624,-31.944,-35.738,-5.042,-5.061,-4.993,-5.059
0.0,0.478,0.0,4.7247,3.3664,5.457,5.4486,3.4215,3.8556,0,0.9754,OK,0.478,FAILSAFE_HOLD_OR_RETREAT|FORMATION_FOLLOW|SEPARATION_WARNING|FORMATION_FOLLOW,1,1,21.3,-9.315,-8.536,-12.54,-11.956,-30.96,-35.62,-31.925,-35.735,-5.041,-5.061,-4.988,-5.058
0.0,0.392,0.0,4.7223,3.3745,5.4336,5.4943,3.4208,3.878,0,0.9729,OK,0.392,FAILSAFE_HOLD_OR_RETREAT|FORMATION_FOLLOW|SEPARATION_WARNING|FORMATION_FOLLOW,1,1,21.4,-9.317,-8.506,-12.557,-11.925,-30.966,-35.618,-31.908,-35.733,-5.041,-5.062,-4.984,-5.058
0.0,0.311,0.0,4.7182,3.38,5.4065,5.5391,3.4203,3.8991,0,0.9688,OK,0.311,FAILSAFE_HOLD_OR_RETREAT|FORMATION_FOLLOW|SEPARATION_WARNING|FORMATION_FOLLOW,1,1,21.5,-9.319,-8.476,-12.573,-11.895,-30.977,-35.62,-31.892,-35.731,-5.04,-5.062,-4.981,-5.058
0.0,0.24,0.0,4.7117,3.3825,5.3753,5.5827,3.4194,3.919,0,0.963,OK,0.24,FAILSAFE_HOLD_OR_RETREAT|FORMATION_FOLLOW|SEPARATION_WARNING|FORMATION_FOLLOW,1,1,21.6,-9.322,-8.447,-12.586,-11.864,-30.993,-35.623,-31.877,-35.729,-5.04,-5.062,-4.981,-5.058
0.0,0.181,0.0,4.702,3.3823,5.3395,5.6249,3.4182,3.9377,0,0.9554,OK,0.181,FAILSAFE_HOLD_OR_RETREAT|FORMATION_FOLLOW|SEPARATION_WARNING|FORMATION_FOLLOW,1,1,21.7,-9.324,-8.417,-12.597,-11.834,-31.013,-35.627,-31.864,-35.726,-5.039,-5.062,-4.984,-5.058
0.0,0.137,0.0,4.689,3.3798,5.3003,5.6652,3.417,3.9552,0,0.9463,OK,0.137,FAILSAFE_HOLD_OR_RETREAT|FORMATION_FOLLOW|SEPARATION_WARNING|FORMATION_FOLLOW,1,1,21.8,-9.326,-8.388,-12.606,-11.803,-31.038,-35.632,-31.851,-35.724,-5.038,-5.062,-4.987,-5.058
0.0,0.109,0.0,4.6735,3.3764,5.2581,5.7045,3.416,3.9717,0,0.936,OK,0.109,FAILSAFE_HOLD_OR_RETREAT|FORMATION_FOLLOW|SEPARATION_WARNING|FORMATION_FOLLOW,1,1,21.9,-9.328,-8.358,-12.615,-11.773,-31.066,-35.638,-31.84,-35.721,-5.038,-5.062,-4.993,-5.059
0.0,0.1,0.0,4.6562,3.3728,5.2141,5.7433,3.4152,3.9877,0,0.925,OK,0.1,FAILSAFE_HOLD_OR_RETREAT|FORMATION_FOLLOW|SEPARATION_WARNING|FORMATION_FOLLOW,1,1,22.0,-9.33,-8.329,-12.622,-11.744,-31.097,-35.644,-31.829,-35.718,-5.037,-5.062,-4.999,-5.059
0.0,0.1,0.0,4.6372,3.369,5.1685,5.7815,3.4143,4.004,0,0.9137,OK,0.1,FAILSAFE_HOLD_OR_RETREAT|FORMATION_FOLLOW|SEPARATION_WARNING|FORMATION_FOLLOW,1,1,22.1,-9.331,-8.3,-12.629,-11.713,-31.129,-35.65,-31.819,-35.716,-5.037,-5.063,-5.007,-5.06
0.0,0.1,0.0,4.618,3.3649,5.1223,5.8197,3.4135,4.0205,0,0.9031,OK,0.1,FAILSAFE_HOLD_OR_RETREAT|FORMATION_FOLLOW|SEPARATION_WARNING|FORMATION_FOLLOW,1,1,22.2,-9.333,-8.27,-12.635,-11.683,-31.163,-35.657,-31.808,-35.714,-5.036,-5.063,-5.016,-5.061
0.0,0.1,0.0,4.6001,3.3605,5.0764,5.8577,3.413,4.0372,0,0.894,OK,0.1,FAILSAFE_HOLD_OR_RETREAT|FORMATION_FOLLOW|SEPARATION_WARNING|FORMATION_FOLLOW,1,1,22.3,-9.334,-8.24,-12.64,-11.652,-31.196,-35.664,-31.798,-35.712,-5.036,-5.063,-5.025,-5.061
0.0,0.1,0.0,4.5839,3.3562,5.032,5.8953,3.4129,4.054,0,0.8869,OK,0.1,FAILSAFE_HOLD_OR_RETREAT|FORMATION_RECOVERY|SEPARATION_WARNING|FORMATION_FOLLOW,1,1,22.4,-9.335,-8.209,-12.644,-11.622,-31.228,-35.672,-31.788,-35.711,-5.035,-5.063,-5.035,-5.062
0.0,0.1,0.0,4.5691,3.3467,4.9887,5.9252,3.4128,4.0652,0,0.8831,OK,0.1,FAILSAFE_HOLD_OR_RETREAT|FORMATION_RECOVERY|FORMATION_RECOVERY|FORMATION_FOLLOW,1,1,22.5,-9.337,-8.179,-12.642,-11.591,-31.259,-35.679,-31.782,-35.709,-5.035,-5.063,-5.044,-5.063
0.0,0.1,0.0,4.5541,3.3298,4.9469,5.9436,3.4127,4.0692,0,0.8831,OK,0.1,FAILSAFE_HOLD_OR_RETREAT|FORMATION_RECOVERY|FORMATION_RECOVERY|FORMATION_FOLLOW,1,1,22.6,-9.338,-8.148,-12.631,-11.561,-31.289,-35.685,-31.782,-35.708,-5.035,-5.062,-5.051,-5.063
0.0,0.1,0.0,4.5406,3.3065,4.9071,5.9525,3.413,4.0667,0,0.8871,OK,0.1,FAILSAFE_HOLD_OR_RETREAT|FORMATION_RECOVERY|FORMATION_RECOVERY|FORMATION_FOLLOW,1,1,22.7,-9.339,-8.118,-12.612,-11.531,-31.317,-35.69,-31.786,-35.707,-5.035,-5.062,-5.057,-5.064
0.0,0.1,0.0,4.5296,3.2784,4.8694,5.9544,3.4129,4.0591,0,0.8946,OK,0.1,FAILSAFE_HOLD_OR_RETREAT|FORMATION_RECOVERY|FORMATION_RECOVERY|FORMATION_FOLLOW,1,1,22.8,-9.339,-8.087,-12.586,-11.5,-31.342,-35.695,-31.795,-35.706,-5.035,-5.062,-5.063,-5.064
0.0,0.1,0.0,4.5211,3.2461,4.8341,5.9508,3.4131,4.0476,0,0.9053,OK,0.1,FAILSAFE_HOLD_OR_RETREAT|FORMATION_RECOVERY|FORMATION_RECOVERY|FORMATION_FOLLOW,1,1,22.9,-9.34,-8.056,-12.556,-11.469,-31.366,-35.701,-31.806,-35.705,-5.035,-5.062,-5.067,-5.065
0.0,0.1,0.0,4.5153,3.2101,4.8006,5.943,3.4134,4.033,0,0.9188,OK,0.1,FAILSAFE_HOLD_OR_RETREAT|FORMATION_RECOVERY|FORMATION_RECOVERY|FORMATION_FOLLOW,1,1,23.0,-9.34,-8.025,-12.521,-11.439,-31.387,-35.707,-31.82,-35.705,-5.035,-5.062,-5.071,-5.065
0.0,0.1,0.0,4.512,3.1714,4.7689,5.932,3.4141,4.0157,0,0.9347,OK,0.1,FAILSAFE_HOLD_OR_RETREAT|FORMATION_RECOVERY|FORMATION_RECOVERY|FORMATION_FOLLOW,1,1,23.1,-9.341,-7.994,-12.483,-11.408,-31.407,-35.713,-31.835,-35.705,-5.035,-5.062,-5.073,-5.065
0.0,0.1,0.0,4.511,3.1308,4.7401,5.9185,3.415,3.9973,0,0.9524,OK,0.1,FAILSAFE_HOLD_OR_RETREAT|FORMATION_RECOVERY|FORMATION_RECOVERY|FORMATION_FOLLOW,1,1,23.2,-9.341,-7.963,-12.442,-11.378,-31.425,-35.72,-31.852,-35.705,-5.036,-5.062,-5.075,-5.066
0.0,0.1,0.0,4.511,3.0884,4.7137,5.902,3.4162,3.9781,0,0.9719,OK,0.1,FAILSAFE_HOLD_OR_RETREAT|FORMATION_RECOVERY|FORMATION_RECOVERY|FORMATION_FOLLOW,1,1,23.3,-9.341,-7.931,-12.399,-11.347,-31.44,-35.725,-31.869,-35.705,-5.036,-5.062,-5.077,-5.066
0.0,0.1,0.0,4.5125,3.0443,4.6893,5.884,3.4175,3.9589,0,0.993,OK,0.1,FAILSAFE_HOLD_OR_RETREAT|FORMATION_RECOVERY|FORMATION_RECOVERY|FORMATION_FOLLOW,1,1,23.4,-9.341,-7.9,-12.355,-11.317,-31.453,-35.729,-31.885,-35.706,-5.037,-5.061,-5.078,-5.066
0.0,0.1,0.0,4.5157,2.9993,4.6668,5.8647,3.4185,3.9396,0,1.015,OK,0.1,FAILSAFE_HOLD_OR_RETREAT|FORMATION_RECOVERY|FORMATION_RECOVERY|FORMATION_FOLLOW,1,1,23.5,-9.342,-7.868,-12.309,-11.287,-31.464,-35.733,-31.902,-35.707,-5.038,-5.061,-5.079,-5.065
0.0,0.1,0.0,4.5212,2.9537,4.6472,5.8443,3.4196,3.9204,0,1.0383,OK,0.1,FAILSAFE_HOLD_OR_RETREAT|FORMATION_RECOVERY|FORMATION_RECOVERY|FORMATION_FOLLOW,1,1,23.6,-9.342,-7.837,-12.261,-11.257,-31.474,-35.737,-31.918,-35.708,-5.038,-5.061,-5.079,-5.065
0.0,0.1,0.0,4.5286,2.9075,4.6301,5.8232,3.4206,3.9017,0,1.0625,OK,0.1,FAILSAFE_HOLD_OR_RETREAT|FORMATION_RECOVERY|FORMATION_RECOVERY|FORMATION_FOLLOW,1,1,23.7,-9.341,-7.806,-12.213,-11.227,-31.481,-35.741,-31.935,-35.71,-5.039,-5.061,-5.079,-5.064
0.0,0.1,0.0,4.5371,2.8608,4.6144,5.8019,3.4221,3.8836,0,1.0872,OK,0.1,FAILSAFE_HOLD_OR_RETREAT|FORMATION_RECOVERY|FORMATION_RECOVERY|FORMATION_FOLLOW,1,1,23.8,-9.341,-7.775,-12.164,-11.197,-31.487,-35.745,-31.951,-35.712,-5.039,-5.061,-5.078,-5.064
0.0,0.1,0.0,4.5465,2.8137,4.6,5.7804,3.4233,3.8664,0,1.1123,OK,0.1,FAILSAFE_HOLD_OR_RETREAT|FORMATION_RECOVERY|FORMATION_RECOVERY|FORMATION_FOLLOW,1,1,23.9,-9.341,-7.744,-12.114,-11.167,-31.492,-35.749,-31.965,-35.714,-5.04,-5.061,-5.078,-5.063
0.0,0.1,0.0,4.5566,2.7667,4.587,5.7583,3.4243,3.8493,0,1.1376,OK,0.1,FAILSAFE_HOLD_OR_RETREAT|FORMATION_RECOVERY|FORMATION_RECOVERY|FORMATION_FOLLOW,1,1,24.0,-9.34,-7.714,-12.064,-11.138,-31.496,-35.752,-31.98,-35.716,-5.04,-5.061,-5.078,-5.063
0.0,0.1,0.0,4.5677,2.7327,4.5751,5.7476,3.4254,3.8378,0,1.1599,OK,0.1,FAILSAFE_HOLD_OR_RETREAT|FORMATION_RECOVERY|SEPARATION_WARNING|FORMATION_FOLLOW,1,1,24.1,-9.34,-7.683,-12.027,-11.108,-31.499,-35.756,-31.992,-35.718,-5.04,-5.061,-5.077,-5.062
0.0,0.1,0.0,4.5799,2.7151,4.5643,5.7517,3.4262,3.8333,0,1.1785,OK,0.1,FAILSAFE_HOLD_OR_RETREAT|FORMATION_RECOVERY|SEPARATION_WARNING|FORMATION_FOLLOW,1,1,24.2,-9.339,-7.652,-12.007,-11.078,-31.501,-35.759,-32.002,-35.721,-5.04,-5.061,-5.077,-5.062
0.0,0.1,0.0,4.593,2.7104,4.5547,5.7672,3.4272,3.8344,0,1.1943,OK,0.1,FAILSAFE_HOLD_OR_RETREAT|FORMATION_RECOVERY|SEPARATION_WARNING|FORMATION_FOLLOW,1,1,24.3,-9.338,-7.621,-12.0,-11.048,-31.502,-35.762,-32.009,-35.723,-5.04,-5.061,-5.077,-5.061
0.0,0.1,0.0,4.6069,2.7167,4.5465,5.792,3.4282,3.8399,1,1.2077,LOST,0.1,FAILSAFE_HOLD_OR_RETREAT|FORMATION_RECOVERY|SEPARATION_WARNING|FORMATION_FOLLOW,1,1,24.4,-9.337,-7.59,-12.004,-11.018,-31.502,-35.765,-32.015,-35.726,-5.039,-5.061,-5.076,-5.061
0.0,0.1,0.0,4.6213,2.7314,4.539,5.8239,3.429,3.8492,1,1.2191,LOST,0.1,FAILSAFE_HOLD_OR_RETREAT|FORMATION_RECOVERY|SEPARATION_WARNING|FORMATION_FOLLOW,1,1,24.5,-9.335,-7.56,-12.017,-10.988,-31.501,-35.768,-32.02,-35.729,-5.039,-5.061,-5.076,-5.06
0.0,0.1,0.0,4.6361,2.7529,4.5323,5.8615,3.4297,3.8614,1,1.2291,LOST,0.1,FAILSAFE_HOLD_OR_RETREAT|FORMATION_RECOVERY|SEPARATION_WARNING|FORMATION_FOLLOW,1,1,24.6,-9.335,-7.529,-12.037,-10.958,-31.5,-35.77,-32.024,-35.732,-5.038,-5.062,-5.076,-5.059
0.0,0.1,0.0,4.6518,2.7793,4.5261,5.9042,3.4306,3.8766,1,1.2381,LOST,0.1,FAILSAFE_HOLD_OR_RETREAT|FORMATION_RECOVERY|SEPARATION_WARNING|FORMATION_FOLLOW,1,1,24.7,-9.334,-7.498,-12.062,-10.929,-31.498,-35.773,-32.027,-35.734,-5.037,-5.062,-5.075,-5.058
0.0,0.1,0.0,4.668,2.8095,4.5193,5.9504,3.4312,3.8933,1,1.2463,LOST,0.1,FAILSAFE_HOLD_OR_RETREAT|FORMATION_RECOVERY|SEPARATION_WARNING|FORMATION_FOLLOW,1,1,24.8,-9.334,-7.468,-12.092,-10.899,-31.496,-35.775,-32.029,-35.735,-5.036,-5.062,-5.075,-5.058
0.0,0.1,0.0,4.6847,2.8392,4.5131,5.9963,3.4318,3.9104,1,1.2547,LOST,0.1,FAILSAFE_HOLD_OR_RETREAT|FORMATION_RECOVERY|SEPARATION_WARNING|FORMATION_FOLLOW,1,1,24.9,-9.333,-7.437,-12.121,-10.869,-31.493,-35.777,-32.032,-35.737,-5.036,-5.062,-5.074,-5.057
0.0,0.1,0.0,4.7012,2.8674,4.5068,6.0412,3.4326,3.9276,1,1.2633,LOST,0.1,FAILSAFE_HOLD_OR_RETREAT|FORMATION_RECOVERY|SEPARATION_WARNING|FORMATION_FOLLOW,1,1,25.0,-9.333,-7.407,-12.148,-10.839,-31.49,-35.778,-32.034,-35.737,-5.035,-5.062,-5.074,-5.057
0.0,0.1,0.0,4.7177,2.8941,4.5003,6.0852,3.4334,3.9451,1,1.2721,LOST,0.1,FAILSAFE_HOLD_OR_RETREAT|FORMATION_RECOVERY|SEPARATION_WARNING|FORMATION_FOLLOW,1,1,25.1,-9.333,-7.377,-12.174,-10.81,-31.486,-35.78,-32.035,-35.737,-5.034,-5.061,-5.074,-5.056
0.0,0.1,0.0,4.7342,2.919,4.4935,6.1286,3.4343,3.9629,1,1.2813,LOST,0.1,FAILSAFE_HOLD_OR_RETREAT|FORMATION_RECOVERY|SEPARATION_WARNING|FORMATION_FOLLOW,1,1,25.2,-9.332,-7.346,-12.198,-10.78,-31.483,-35.78,-32.036,-35.737,-5.034,-5.061,-5.073,-5.056
0.0,0.1,0.0,4.7509,2.9428,4.4865,6.1716,3.4354,3.9808,1,1.2906,LOST,0.1,FAILSAFE_HOLD_OR_RETREAT|FORMATION_RECOVERY|SEPARATION_WARNING|FORMATION_FOLLOW,1,1,25.3,-9.332,-7.316,-12.222,-10.751,-31.48,-35.781,-32.037,-35.736,-5.033,-5.061,-5.073,-5.056
0.0,0.1,0.0,4.762,2.9722,4.4787,6.2139,3.4363,3.9986,1,1.2944,LOST,0.1,FORMATION_RECOVERY|FORMATION_RECOVERY|SEPARATION_WARNING|FORMATION_FOLLOW,1,1,25.4,-9.325,-7.285,-12.244,-10.721,-31.479,-35.782,-32.037,-35.734,-5.033,-5.06,-5.072,-5.056
0.0,0.1,0.0,4.7664,3.0094,4.4703,6.2557,3.4372,4.0161,1,1.2911,LOST,0.1,FORMATION_RECOVERY|FORMATION_RECOVERY|SEPARATION_WARNING|FORMATION_FOLLOW,1,1,25.5,-9.309,-7.255,-12.266,-10.692,-31.481,-35.782,-32.037,-35.732,-5.033,-5.06,-5.072,-5.056
0.0,0.1,0.0,4.765,3.0536,4.4616,6.2973,3.4382,4.0334,1,1.2816,LOST,0.1,FORMATION_RECOVERY|FORMATION_RECOVERY|SEPARATION_WARNING|FORMATION_FOLLOW,1,1,25.6,-9.284,-7.224,-12.287,-10.662,-31.486,-35.782,-32.038,-35.729,-5.033,-5.06,-5.071,-5.056
0.0,0.1,0.0,4.7585,3.1035,4.4526,6.3387,3.4398,4.0507,1,1.2671,LOST,0.1,FORMATION_RECOVERY|FORMATION_RECOVERY|SEPARATION_WARNING|FORMATION_FOLLOW,1,1,25.7,-9.253,-7.193,-12.308,-10.632,-31.493,-35.782,-32.039,-35.726,-5.033,-5.06,-5.071,-5.056
0.0,0.1,0.0,4.7486,3.1492,4.4434,6.3731,3.442,4.0642,1,1.2509,LOST,0.1,FORMATION_RECOVERY|FORMATION_RECOVERY|FORMATION_RECOVERY|FORMATION_FOLLOW,1,1,25.8,-9.217,-7.161,-12.32,-10.603,-31.501,-35.782,-32.04,-35.723,-5.034,-5.059,-5.071,-5.056
0.0,0.1,0.0,4.7362,3.1868,4.434,6.3975,3.4443,4.072,1,1.2348,LOST,0.1,FORMATION_RECOVERY|FORMATION_RECOVERY|FORMATION_RECOVERY|FORMATION_FOLLOW,1,1,25.9,-9.178,-7.129,-12.32,-10.573,-31.511,-35.781,-32.042,-35.72,-5.035,-5.059,-5.07,-5.055
0.0,0.1,0.0,4.7214,3.2172,4.4244,6.4126,3.4466,4.0739,1,1.2187,LOST,0.1,FORMATION_RECOVERY|FORMATION_RECOVERY|FORMATION_RECOVERY|FORMATION_RECOVERY,1,1,26.0,-9.135,-7.097,-12.309,-10.543,-31.522,-35.781,-32.046,-35.717,-5.036,-5.059,-5.069,-5.055
0.0,0.1,0.0,4.7047,3.2414,4.416,6.4198,3.4486,4.0723,1,1.2028,LOST,0.1,FORMATION_RECOVERY|FORMATION_RECOVERY|FORMATION_RECOVERY|FORMATION_RECOVERY,1,1,26.1,-9.089,-7.065,-12.289,-10.513,-31.534,-35.781,-32.05,-35.715,-5.037,-5.059,-5.068,-5.055
0.0,0.1,0.0,4.6867,3.2601,4.4081,6.421,3.4503,4.0679,1,1.1875,LOST,0.1,FORMATION_RECOVERY|FORMATION_RECOVERY|FORMATION_RECOVERY|FORMATION_RECOVERY,1,1,26.2,-9.043,-7.033,-12.263,-10.483,-31.547,-35.781,-32.055,-35.713,-5.037,-5.059,-5.068,-5.055
0.0,0.1,0.0,4.668,3.2747,4.4009,6.417,3.452,4.0606,1,1.1725,LOST,0.1,FORMATION_RECOVERY|FORMATION_RECOVERY|FORMATION_RECOVERY|FORMATION_RECOVERY,1,1,26.3,-8.994,-7.001,-12.23,-10.453,-31.559,-35.781,-32.061,-35.712,-5.037,-5.059,-5.067,-5.055
0.0,0.1,0.0,4.6488,3.2862,4.3945,6.409,3.454,4.0507,1,1.1576,LOST,0.1,FORMATION_RECOVERY|FORMATION_RECOVERY|FORMATION_RECOVERY|FORMATION_RECOVERY,1,1,26.4,-8.945,-6.97,-12.193,-10.423,-31.572,-35.78,-32.067,-35.71,-5.037,-5.059,-5.066,-5.055
0.0,0.1,0.0,4.6295,3.2951,4.3884,6.398,3.4562,4.0387,1,1.1431,LOST,0.1,FORMATION_RECOVERY|FORMATION_RECOVERY|FORMATION_RECOVERY|FORMATION_RECOVERY,1,1,26.5,-8.894,-6.938,-12.153,-10.393,-31.584,-35.78,-32.073,-35.709,-5.037,-5.059,-5.066,-5.055
0.0,0.1,0.0,4.6108,3.3021,4.3827,6.3853,3.4583,4.0256,1,1.1288,LOST,0.1,FORMATION_RECOVERY|FORMATION_RECOVERY|FORMATION_RECOVERY|FORMATION_RECOVERY,1,1,26.6,-8.843,-6.906,-12.109,-10.363,-31.596,-35.78,-32.079,-35.707,-5.038,-5.059,-5.065,-5.056
0.0,0.1,0.0,4.5923,3.3076,4.3776,6.3712,3.4609,4.0114,1,1.1148,LOST,0.1,FORMATION_RECOVERY|FORMATION_RECOVERY|FORMATION_RECOVERY|FORMATION_RECOVERY,1,1,26.7,-8.791,-6.874,-12.064,-10.334,-31.608,-35.781,-32.085,-35.705,-5.038,-5.059,-5.065,-5.056
0.0,0.1,0.0,4.574,3.3118,4.373,6.3557,3.4636,3.9964,1,1.101,LOST,0.1,FORMATION_RECOVERY|FORMATION_RECOVERY|FORMATION_RECOVERY|FORMATION_RECOVERY,1,1,26.8,-8.739,-6.841,-12.017,-10.304,-31.619,-35.781,-32.092,-35.703,-5.039,-5.058,-5.065,-5.057
0.0,0.1,0.0,4.5561,3.3144,4.3686,6.3395,3.4667,3.981,1,1.0877,LOST,0.1,FORMATION_RECOVERY|FORMATION_RECOVERY|FORMATION_RECOVERY|FORMATION_RECOVERY,1,1,26.9,-8.687,-6.808,-11.968,-10.274,-31.631,-35.782,-32.098,-35.701,-5.04,-5.058,-5.064,-5.057
0.0,0.1,0.0,4.5387,3.3158,4.3646,6.3226,3.47,3.9652,1,1.0748,LOST,0.1,FORMATION_RECOVERY|FORMATION_RECOVERY|FORMATION_RECOVERY|FORMATION_RECOVERY,1,1,27.0,-8.635,-6.776,-11.918,-10.245,-31.642,-35.782,-32.104,-35.699,-5.041,-5.057,-5.064,-5.058
0.0,0.1,0.0,4.5217,3.3168,4.3612,6.305,3.473,3.9492,1,1.0621,LOST,0.1,FORMATION_RECOVERY|FORMATION_RECOVERY|FORMATION_RECOVERY|FORMATION_RECOVERY,1,1,27.1,-8.583,-6.743,-11.868,-10.215,-31.653,-35.783,-32.11,-35.697,-5.042,-5.057,-5.063,-5.059
0.0,0.1,0.0,4.5048,3.3175,4.3582,6.2869,3.4759,3.9329,1,1.0496,LOST,0.1,FORMATION_RECOVERY|FORMATION_RECOVERY|FORMATION_RECOVERY|FORMATION_RECOVERY,1,1,27.2,-8.531,-6.711,-11.817,-10.185,-31.663,-35.784,-32.116,-35.695,-5.044,-5.056,-5.063,-5.059
0.0,0.1,0.0,4.488,3.3181,4.3556,6.268,3.4784,3.9163,1,1.0369,LOST,0.1,FORMATION_RECOVERY|FORMATION_RECOVERY|FORMATION_RECOVERY|FORMATION_RECOVERY,1,1,27.3,-8.478,-6.678,-11.766,-10.156,-31.673,-35.784,-32.123,-35.693,-5.045,-5.056,-5.063,-5.06
0.0,0.1,0.0,4.4718,3.3186,4.3539,6.2489,3.4813,3.8993,1,1.0242,LOST,0.1,FORMATION_RECOVERY|FORMATION_RECOVERY|FORMATION_RECOVERY|FORMATION_RECOVERY,1,1,27.4,-8.425,-6.647,-11.714,-10.127,-31.682,-35.785,-32.129,-35.69,-5.046,-5.056,-5.063,-5.06
0.0,0.1,0.0,4.4557,3.3188,4.3525,6.2295,3.4843,3.8824,1,1.0113,LOST,0.1,FORMATION_RECOVERY|FORMATION_RECOVERY|FORMATION_RECOVERY|FORMATION_RECOVERY,1,1,27.5,-8.373,-6.615,-11.662,-10.098,-31.692,-35.786,-32.134,-35.688,-5.048,-5.055,-5.063,-5.06
0.0,0.1,0.0,4.4394,3.3189,4.3513,6.2099,3.4871,3.8656,1,0.9986,LOST,0.1,FORMATION_RECOVERY|FORMATION_RECOVERY|FORMATION_RECOVERY|FORMATION_RECOVERY,1,1,27.6,-8.32,-6.583,-11.609,-10.068,-31.701,-35.787,-32.14,-35.686,-5.049,-5.055,-5.063,-5.06
0.0,0.1,0.0,4.4233,3.3187,4.3507,6.1899,3.4891,3.8497,1,0.9861,LOST,0.1,FORMATION_RECOVERY|FORMATION_RECOVERY|FORMATION_RECOVERY|FORMATION_RECOVERY,1,1,27.7,-8.267,-6.551,-11.557,-10.039,-31.711,-35.788,-32.146,-35.684,-5.05,-5.055,-5.063,-5.061
0.0,0.1,0.0,4.4077,3.3191,4.3512,6.1703,3.4907,3.8347,1,0.9737,LOST,0.1,FORMATION_RECOVERY|FORMATION_RECOVERY|FORMATION_RECOVERY|FORMATION_RECOVERY,1,1,27.8,-8.214,-6.52,-11.505,-10.009,-31.719,-35.789,-32.152,-35.683,-5.051,-5.054,-5.063,-5.061
0.0,0.1,0.0,4.3927,3.3196,4.3522,6.1508,3.4922,3.8199,1,0.9615,LOST,0.1,FORMATION_RECOVERY|FORMATION_RECOVERY|FORMATION_RECOVERY|FORMATION_RECOVERY,1,1,27.9,-8.161,-6.489,-11.453,-9.979,-31.728,-35.79,-32.158,-35.682,-5.051,-5.054,-5.063,-5.061
0.0,0.1,0.0,4.3788,3.3199,4.3541,6.1312,3.4938,3.805,1,0.9498,LOST,0.1,FORMATION_RECOVERY|FORMATION_RECOVERY|FORMATION_RECOVERY|FORMATION_RECOVERY,1,1,28.0,-8.109,-6.457,-11.401,-9.949,-31.736,-35.791,-32.165,-35.682,-5.051,-5.054,-5.063,-5.061
0.0,0.1,0.0,4.3651,3.3207,4.3566,6.1119,3.4953,3.7905,1,0.9382,LOST,0.1,FORMATION_RECOVERY|FORMATION_RECOVERY|FORMATION_RECOVERY|FORMATION_RECOVERY,1,1,28.1,-8.057,-6.426,-11.35,-9.919,-31.744,-35.793,-32.172,-35.682,-5.052,-5.054,-5.063,-5.061
0.0,0.1,0.0,4.3511,3.3219,4.3595,6.0932,3.497,3.777,1,0.9264,LOST,0.1,FORMATION_RECOVERY|FORMATION_RECOVERY|FORMATION_RECOVERY|FORMATION_RECOVERY,1,1,28.2,-8.005,-6.394,-11.299,-9.89,-31.752,-35.794,-32.178,-35.683,-5.052,-5.053,-5.063,-5.062
0.0,0.1,0.0,4.3368,3.3227,4.3618,6.0754,3.499,3.7646,1,0.9147,LOST,0.1,FORMATION_RECOVERY|FORMATION_RECOVERY|FORMATION_RECOVERY|FORMATION_RECOVERY,1,1,28.3,-7.953,-6.362,-11.248,-9.859,-31.761,-35.795,-32.184,-35.683,-5.052,-5.053,-5.063,-5.062
0.0,0.1,0.0,4.3199,3.3232,4.3634,6.0567,3.5011,3.7526,1,0.9028,LOST,0.1,FORMATION_RECOVERY|FORMATION_RECOVERY|FORMATION_RECOVERY|FORMATION_RECOVERY,1,1,28.4,-7.901,-6.33,-11.197,-9.829,-31.77,-35.794,-32.19,-35.685,-5.052,-5.053,-5.063,-5.062
0.0,0.1,0.0,4.2994,3.323,4.3646,6.0356,3.5025,3.7411,1,0.8907,LOST,0.1,FORMATION_RECOVERY|FORMATION_RECOVERY|FORMATION_RECOVERY|FORMATION_RECOVERY,1,1,28.5,-7.85,-6.298,-11.147,-9.799,-31.781,-35.791,-32.196,-35.686,-5.052,-5.053,-5.063,-5.062
0.0,0.1,0.0,4.2766,3.3223,4.3658,6.013,3.5039,3.7297,1,0.8787,LOST,0.1,FORMATION_RECOVERY|FORMATION_RECOVERY|FORMATION_RECOVERY|FORMATION_RECOVERY,1,1,28.6,-7.799,-6.266,-11.096,-9.769,-31.792,-35.784,-32.202,-35.688,-5.052,-5.054,-5.062,-5.062
0.0,0.1,0.0,4.2523,3.3215,4.3668,5.9897,3.5056,3.7183,1,0.8664,LOST,0.1,FORMATION_RECOVERY|FORMATION_RECOVERY|FORMATION_RECOVERY|FORMATION_RECOVERY,1,1,28.7,-7.748,-6.234,-11.045,-9.739,-31.803,-35.777,-32.208,-35.69,-5.052,-5.054,-5.062,-5.062
0.0,0.1,0.0,4.2268,3.3211,4.3678,5.9661,3.5077,3.7073,1,0.854,LOST,0.1,FORMATION_RECOVERY|FORMATION_RECOVERY|FORMATION_RECOVERY|FORMATION_RECOVERY,1,1,28.8,-7.697,-6.202,-10.994,-9.709,-31.815,-35.768,-32.214,-35.692,-5.052,-5.055,-5.062,-5.061
0.0,0.1,0.0,4.1999,3.3205,4.3686,5.9423,3.5098,3.6968,1,0.8414,LOST,0.1,FORMATION_RECOVERY|FORMATION_RECOVERY|FORMATION_RECOVERY|FORMATION_RECOVERY,1,1,28.9,-7.647,-6.17,-10.944,-9.68,-31.826,-35.758,-32.22,-35.693,-5.051,-5.056,-5.062,-5.061
0.0,0.1,0.0,4.1724,3.3199,4.3696,5.9183,3.5121,3.6869,1,0.8288,LOST,0.1,FORMATION_RECOVERY|FORMATION_RECOVERY|FORMATION_RECOVERY|FORMATION_RECOVERY,1,1,29.0,-7.597,-6.138,-10.894,-9.65,-31.838,-35.747,-32.225,-35.695,-5.051,-5.057,-5.062,-5.061
0.0,0.1,0.0,4.1455,3.319,4.3709,5.8946,3.5147,3.677,1,0.8164,LOST,0.1,FORMATION_RECOVERY|FORMATION_RECOVERY|FORMATION_RECOVERY|FORMATION_RECOVERY,1,1,29.1,-7.547,-6.106,-10.844,-9.621,-31.849,-35.737,-32.229,-35.697,-5.05,-5.057,-5.062,-5.061
0.0,0.1,0.0,4.1188,3.318,4.3733,5.8711,3.5174,3.6686,1,0.804,LOST,0.1,FORMATION_RECOVERY|FORMATION_RECOVERY|FORMATION_RECOVERY|FORMATION_RECOVERY,1,1,29.2,-7.497,-6.074,-10.794,-9.592,-31.861,-35.726,-32.233,-35.699,-5.049,-5.058,-5.062,-5.061
0.0,0.1,0.0,4.0926,3.3174,4.3775,5.8479,3.5197,3.662,1,0.7917,LOST,0.1,FORMATION_RECOVERY|FORMATION_RECOVERY|FORMATION_RECOVERY|FORMATION_RECOVERY,1,1,29.3,-7.446,-6.043,-10.743,-9.562,-31.871,-35.716,-32.237,-35.703,-5.049,-5.058,-5.062,-5.06
0.0,0.1,0.0,4.0676,3.317,4.3828,5.825,3.5217,3.6563,1,0.7794,LOST,0.1,FORMATION_RECOVERY|FORMATION_RECOVERY|FORMATION_RECOVERY|FORMATION_RECOVERY,1,1,29.4,-7.396,-6.011,-10.693,-9.533,-31.882,-35.706,-32.24,-35.708,-5.048,-5.059,-5.062,-5.06
0.0,0.1,0.0,4.0435,3.3161,4.3892,5.802,3.5237,3.6511,1,0.7675,LOST,0.1,FORMATION_RECOVERY|FORMATION_RECOVERY|FORMATION_RECOVERY|FORMATION_RECOVERY,1,1,29.5,-7.345,-5.98,-10.642,-9.504,-31.891,-35.697,-32.244,-35.713,-5.047,-5.06,-5.062,-5.06
0.0,0.1,0.0,4.0215,3.3154,4.3962,5.7798,3.5258,3.6457,1,0.7557,LOST,0.1,FORMATION_RECOVERY|FORMATION_RECOVERY|FORMATION_RECOVERY|FORMATION_RECOVERY,1,1,29.6,-7.295,-5.949,-10.592,-9.475,-31.9,-35.69,-32.247,-35.718,-5.047,-5.061,-5.062,-5.06
0.0,0.1,0.0,4.0008,3.3147,4.4037,5.7581,3.5281,3.6403,1,0.7439,LOST,0.1,FORMATION_RECOVERY|FORMATION_RECOVERY|FORMATION_RECOVERY|FORMATION_RECOVERY,1,1,29.7,-7.244,-5.919,-10.541,-9.446,-31.909,-35.684,-32.251,-35.722,-5.047,-5.062,-5.061,-5.06
0.0,0.1,0.0,3.9808,3.3144,4.4114,5.7367,3.5303,3.635,1,0.7321,LOST,0.1,FORMATION_RECOVERY|FORMATION_RECOVERY|FORMATION_RECOVERY|FORMATION_RECOVERY,1,1,29.8,-7.193,-5.888,-10.491,-9.418,-31.917,-35.678,-32.254,-35.727,-5.047,-5.063,-5.062,-5.059
0.0,0.1,0.0,3.9619,3.3142,4.4195,5.716,3.5323,3.6299,1,0.7202,LOST,0.1,FORMATION_RECOVERY|FORMATION_RECOVERY|FORMATION_RECOVERY|FORMATION_RECOVERY,1,1,29.9,-7.143,-5.857,-10.44,-9.389,-31.925,-35.673,-32.257,-35.731,-5.047,-5.063,-5.062,-5.059
0.0,0.1,0.0,3.9447,3.314,4.4277,5.6959,3.5343,3.6246,1,0.7087,LOST,0.1,FORMATION_RECOVERY|FORMATION_RECOVERY|FORMATION_RECOVERY|FORMATION_RECOVERY,1,1,30.0,-7.092,-5.827,-10.39,-9.36,-31.933,-35.669,-32.26,-35.735,-5.048,-5.064,-5.062,-5.059
0.0,0.1,0.0,3.9283,3.3133,4.4361,5.6759,3.5364,3.6192,1,0.6975,LOST,0.1,FORMATION_RECOVERY|FORMATION_RECOVERY|FORMATION_RECOVERY|FORMATION_RECOVERY,1,1,30.1,-7.042,-5.796,-10.339,-9.332,-31.94,-35.665,-32.263,-35.739,-5.049,-5.064,-5.061,-5.059
0.0,0.1,0.0,3.9124,3.3125,4.4445,5.6562,3.5384,3.6142,1,0.6861,LOST,0.1,FORMATION_RECOVERY|FORMATION_RECOVERY|FORMATION_RECOVERY|FORMATION_RECOVERY,1,1,30.2,-6.992,-5.766,-10.289,-9.304,-31.947,-35.662,-32.265,-35.742,-5.05,-5.065,-5.06,-5.059
0.0,0.1,0.0,3.8972,3.3119,4.4532,5.6372,3.5405,3.6093,1,0.6748,LOST,0.1,FORMATION_RECOVERY|FORMATION_RECOVERY|FORMATION_RECOVERY|FORMATION_RECOVERY,1,1,30.3,-6.942,-5.736,-10.239,-9.276,-31.953,-35.66,-32.267,-35.746,-5.051,-5.065,-5.059,-5.058
0.0,0.1,0.0,3.8829,3.3111,4.462,5.6185,3.5429,3.6045,1,0.6638,LOST,0.1,FORMATION_RECOVERY|FORMATION_RECOVERY|FORMATION_RECOVERY|FORMATION_RECOVERY,1,1,30.4,-6.892,-5.706,-10.188,-9.248,-31.96,-35.657,-32.27,-35.749,-5.052,-5.066,-5.058,-5.058
0.0,0.1,0.0,3.8695,3.3103,4.4711,5.6001,3.545,3.5998,1,0.6531,LOST,0.1,FORMATION_RECOVERY|FORMATION_RECOVERY|FORMATION_RECOVERY|FORMATION_RECOVERY,1,1,30.5,-6.842,-5.675,-10.138,-9.219,-31.966,-35.656,-32.272,-35.753,-5.052,-5.067,-5.058,-5.058
0.0,0.1,0.0,3.8568,3.3095,4.4801,5.5821,3.5472,3.595,1,0.6424,LOST,0.1,FORMATION_RECOVERY|FORMATION_RECOVERY|FORMATION_RECOVERY|FORMATION_RECOVERY,1,1,30.6,-6.792,-5.645,-10.087,-9.191,-31.972,-35.655,-32.274,-35.756,-5.052,-5.067,-5.057,-5.058
0.0,0.1,0.0,3.8446,3.3086,4.4894,5.5638,3.5493,3.5899,1,0.6315,LOST,0.1,FORMATION_RECOVERY|FORMATION_RECOVERY|FORMATION_RECOVERY|FORMATION_RECOVERY,1,1,30.7,-6.742,-5.615,-10.037,-9.163,-31.978,-35.654,-32.277,-35.758,-5.052,-5.068,-5.057,-5.058
0.0,0.1,0.0,3.8326,3.3079,4.4988,5.5457,3.5514,3.5848,1,0.6206,LOST,0.1,FORMATION_RECOVERY|FORMATION_RECOVERY|FORMATION_RECOVERY|FORMATION_RECOVERY,1,1,30.8,-6.692,-5.585,-9.987,-9.135,-31.983,-35.653,-32.279,-35.761,-5.052,-5.068,-5.057,-5.058
0.0,0.1,0.0,3.8208,3.3079,4.5084,5.5281,3.5535,3.5799,1,0.6094,LOST,0.1,FORMATION_RECOVERY|FORMATION_RECOVERY|FORMATION_RECOVERY|FORMATION_RECOVERY,1,1,30.9,-6.641,-5.555,-9.936,-9.107,-31.989,-35.652,-32.281,-35.763,-5.052,-5.068,-5.057,-5.058
0.0,0.1,0.0,3.8098,3.3079,4.5184,5.5107,3.5556,3.5752,1,0.5982,LOST,0.1,FORMATION_RECOVERY|FORMATION_RECOVERY|FORMATION_RECOVERY|FORMATION_RECOVERY,1,1,31.0,-6.591,-5.525,-9.886,-9.079,-31.994,-35.651,-32.283,-35.765,-5.051,-5.068,-5.056,-5.058
0.0,0.1,0.0,3.7992,3.3074,4.5284,5.4931,3.5571,3.5709,1,0.5874,LOST,0.1,FORMATION_RECOVERY|FORMATION_RECOVERY|FORMATION_RECOVERY|FORMATION_RECOVERY,1,1,31.1,-6.541,-5.495,-9.836,-9.05,-31.999,-35.651,-32.284,-35.768,-5.051,-5.068,-5.056,-5.058
0.0,0.1,0.0,3.7891,3.3065,4.5385,5.4753,3.558,3.5668,1,0.5768,LOST,0.1,FORMATION_RECOVERY|FORMATION_RECOVERY|FORMATION_RECOVERY|FORMATION_RECOVERY,1,1,31.2,-6.49,-5.466,-9.785,-9.022,-32.003,-35.651,-32.286,-35.77,-5.051,-5.067,-5.056,-5.059
0.0,0.1,0.0,3.7799,3.3051,4.5486,5.4574,3.5585,3.5627,1,0.5665,LOST,0.1,FORMATION_RECOVERY|FORMATION_RECOVERY|FORMATION_RECOVERY|FORMATION_RECOVERY,1,1,31.3,-6.441,-5.437,-9.734,-8.993,-32.007,-35.651,-32.287,-35.772,-5.051,-5.067,-5.056,-5.059
0.0,0.1,0.0,3.7713,3.3036,4.5591,5.4397,3.5586,3.5594,1,0.5564,LOST,0.1,FORMATION_RECOVERY|FORMATION_RECOVERY|FORMATION_RECOVERY|FORMATION_RECOVERY,1,1,31.4,-6.391,-5.407,-9.683,-8.964,-32.011,-35.652,-32.288,-35.774,-5.051,-5.067,-5.056,-5.059
0.0,0.1,0.0,3.7635,3.3023,4.5698,5.4223,3.5585,3.5561,1,0.5462,LOST,0.1,FORMATION_RECOVERY|FORMATION_RECOVERY|FORMATION_RECOVERY|FORMATION_RECOVERY,1,1,31.5,-6.341,-5.379,-9.632,-8.935,-32.014,-35.653,-32.289,-35.777,-5.052,-5.066,-5.057,-5.058
0.0,0.1,0.0,3.7556,3.301,4.5805,5.4051,3.5583,3.5532,1,0.536,LOST,0.1,FORMATION_RECOVERY|FORMATION_RECOVERY|FORMATION_RECOVERY|FORMATION_RECOVERY,1,1,31.6,-6.291,-5.35,-9.581,-8.906,-32.018,-35.654,-32.29,-35.779,-5.052,-5.065,-5.057,-5.058
0.0,0.1,0.0,3.7479,3.2998,4.5908,5.3879,3.5578,3.5502,1,0.5257,LOST,0.1,FORMATION_RECOVERY|FORMATION_RECOVERY|FORMATION_RECOVERY|FORMATION_FOLLOW,1,1,31.7,-6.241,-5.321,-9.53,-8.876,-32.022,-35.655,-32.291,-35.781,-5.052,-5.064,-5.058,-5.058
0.0,0.1,0.0,3.7406,3.2985,4.6011,5.3711,3.5573,3.5474,1,0.5154,LOST,0.1,FORMATION_RECOVERY|FORMATION_RECOVERY|FORMATION_RECOVERY|FORMATION_FOLLOW,1,1,31.8,-6.191,-5.292,-9.479,-8.847,-32.026,-35.657,-32.292,-35.783,-5.053,-5.063,-5.058,-5.058
0.0,0.1,0.0,3.7333,3.2971,4.6114,5.3544,3.5568,3.5448,1,0.5051,LOST,0.1,FORMATION_RECOVERY|FORMATION_RECOVERY|FORMATION_RECOVERY|FORMATION_FOLLOW,1,1,31.9,-6.141,-5.263,-9.427,-8.818,-32.03,-35.659,-32.293,-35.785,-5.053,-5.063,-5.059,-5.058
0.0,0.1,0.0,3.7267,3.2959,4.6218,5.3381,3.556,3.5426,1,0.4949,RECOVERING,0.1,FORMATION_RECOVERY|FORMATION_RECOVERY|FORMATION_RECOVERY|FORMATION_FOLLOW,1,1,32.0,-6.09,-5.234,-9.376,-8.788,-32.034,-35.661,-32.293,-35.787,-5.053,-5.063,-5.059,-5.059
0.0,0.1,0.0,3.7201,3.2946,4.632,5.3219,3.5547,3.5408,1,0.4847,RECOVERING,0.1,FORMATION_RECOVERY|FORMATION_RECOVERY|FORMATION_RECOVERY|FORMATION_FOLLOW,1,1,32.1,-6.04,-5.205,-9.325,-8.758,-32.038,-35.663,-32.294,-35.789,-5.053,-5.063,-5.06,-5.059
0.0,0.1,0.0,3.713,3.2931,4.6417,5.3053,3.5532,3.5389,1,0.4746,RECOVERING,0.1,FORMATION_RECOVERY|FORMATION_RECOVERY|FORMATION_RECOVERY|FORMATION_FOLLOW,1,1,32.2,-5.991,-5.177,-9.274,-8.728,-32.042,-35.665,-32.294,-35.791,-5.053,-5.062,-5.061,-5.059
0.0,0.1,0.0,3.7059,3.2917,4.6513,5.2889,3.5519,3.5367,1,0.4645,RECOVERING,0.1,FORMATION_RECOVERY|FORMATION_RECOVERY|FORMATION_RECOVERY|FORMATION_FOLLOW,1,1,32.3,-5.941,-5.148,-9.223,-8.698,-32.046,-35.666,-32.295,-35.792,-5.054,-5.062,-5.062,-5.059
0.0,0.1,0.0,3.6993,3.2907,4.6611,5.2726,3.5507,3.5343,1,0.4544,RECOVERING,0.1,FORMATION_RECOVERY|FORMATION_RECOVERY|FORMATION_RECOVERY|FORMATION_FOLLOW,1,1,32.4,-5.891,-5.12,-9.173,-8.668,-32.05,-35.668,-32.296,-35.794,-5.054,-5.062,-5.062,-5.06
0.0,0.1,0.0,3.6927,3.2896,4.6706,5.2562,3.5495,3.5314,1,0.4442,RECOVERING,0.1,FORMATION_RECOVERY|FORMATION_RECOVERY|FORMATION_RECOVERY|FORMATION_FOLLOW,1,1,32.5,-5.842,-5.091,-9.122,-8.639,-32.054,-35.67,-32.297,-35.795,-5.055,-5.062,-5.063,-5.06
0.0,0.1,0.0,3.6866,3.2888,4.6805,5.24,3.5484,3.5285,1,0.4338,RECOVERING,0.1,FORMATION_RECOVERY|FORMATION_RECOVERY|FORMATION_RECOVERY|FORMATION_FOLLOW,1,1,32.6,-5.792,-5.063,-9.072,-8.609,-32.058,-35.672,-32.298,-35.796,-5.055,-5.061,-5.063,-5.06
0.0,0.1,0.0,3.6807,3.2881,4.6908,5.2245,3.5476,3.5266,1,0.4234,RECOVERING,0.1,FORMATION_RECOVERY|FORMATION_RECOVERY|FORMATION_RECOVERY|FORMATION_FOLLOW,1,1,32.7,-5.741,-5.034,-9.021,-8.579,-32.062,-35.674,-32.298,-35.797,-5.055,-5.062,-5.063,-5.061
0.0,0.1,0.0,3.6752,3.2875,4.7008,5.2094,3.5467,3.5249,1,0.4131,RECOVERING,0.1,FORMATION_RECOVERY|FORMATION_RECOVERY|FORMATION_RECOVERY|FORMATION_FOLLOW,1,1,32.8,-5.691,-5.005,-8.97,-8.549,-32.065,-35.676,-32.298,-35.797,-5.055,-5.062,-5.063,-5.061
0.0,0.1,0.0,3.6696,3.2867,4.7109,5.1943,3.5454,3.5237,1,0.4029,RECOVERING,0.1,FORMATION_RECOVERY|FORMATION_RECOVERY|FORMATION_RECOVERY|FORMATION_FOLLOW,1,1,32.9,-5.641,-4.976,-8.92,-8.519,-32.069,-35.678,-32.298,-35.798,-5.054,-5.062,-5.063,-5.061
0.0,0.1,0.0,3.664,3.2863,4.7213,5.1792,3.5443,3.5226,1,0.3927,RECOVERING,0.1,FORMATION_RECOVERY|FORMATION_RECOVERY|FORMATION_RECOVERY|FORMATION_FOLLOW,1,1,33.0,-5.591,-4.947,-8.87,-8.489,-32.073,-35.679,-32.298,-35.8,-5.054,-5.062,-5.063,-5.061
0.0,0.1,0.0,3.6584,3.2864,4.7319,5.1646,3.5432,3.522,1,0.3822,RECOVERING,0.1,FORMATION_RECOVERY|FORMATION_RECOVERY|FORMATION_RECOVERY|FORMATION_FOLLOW,1,1,33.1,-5.541,-4.918,-8.82,-8.459,-32.076,-35.681,-32.298,-35.801,-5.054,-5.062,-5.062,-5.062
0.0,0.1,0.0,3.6531,3.2868,4.7423,5.1505,3.542,3.5215,1,0.3718,RECOVERING,0.1,FORMATION_RECOVERY|FORMATION_FOLLOW|FORMATION_RECOVERY|FORMATION_FOLLOW,1,1,33.2,-5.491,-4.89,-8.771,-8.43,-32.08,-35.683,-32.298,-35.803,-5.054,-5.063,-5.062,-5.062
0.0,0.1,0.0,3.6479,3.2881,4.7528,5.1371,3.5407,3.5213,1,0.3611,RECOVERING,0.1,FORMATION_RECOVERY|FORMATION_FOLLOW|FORMATION_RECOVERY|FORMATION_FOLLOW,1,1,33.3,-5.442,-4.861,-8.723,-8.4,-32.084,-35.685,-32.297,-35.804,-5.054,-5.063,-5.062,-5.063
0.0,0.1,0.0,3.6427,3.2904,4.7633,5.1245,3.5394,3.5213,1,0.35,RECOVERING,0.1,FORMATION_RECOVERY|FORMATION_FOLLOW|FORMATION_RECOVERY|FORMATION_FOLLOW,1,1,33.4,-5.392,-4.832,-8.675,-8.37,-32.088,-35.687,-32.297,-35.805,-5.055,-5.062,-5.062,-5.063
0.0,0.1,0.0,3.6373,3.2938,4.7737,5.1128,3.5382,3.5215,1,0.3385,RECOVERING,0.1,FORMATION_RECOVERY|FORMATION_FOLLOW|FORMATION_RECOVERY|FORMATION_FOLLOW,1,1,33.5,-5.341,-4.804,-8.629,-8.34,-32.092,-35.689,-32.297,-35.806,-5.055,-5.062,-5.061,-5.064
0.0,0.1,0.0,3.6325,3.2977,4.784,5.1018,3.5372,3.5214,1,0.327,RECOVERING,0.1,FORMATION_RECOVERY|FORMATION_FOLLOW|FORMATION_RECOVERY|FORMATION_FOLLOW,1,1,33.6,-5.291,-4.775,-8.583,-8.31,-32.096,-35.691,-32.296,-35.807,-5.055,-5.062,-5.061,-5.064
0.0,0.1,0.0,3.6281,3.3018,4.7945,5.0908,3.5362,3.5209,1,0.3155,RECOVERING,0.1,FORMATION_RECOVERY|FORMATION_FOLLOW|FORMATION_RECOVERY|FORMATION_FOLLOW,1,1,33.7,-5.241,-4.747,-8.537,-8.281,-32.099,-35.694,-32.296,-35.807,-5.056,-5.061,-5.061,-5.064
0.0,0.1,0.0,3.6237,3.3063,4.8045,5.0803,3.5355,3.5201,1,0.3041,RECOVERING,0.1,FORMATION_RECOVERY|FORMATION_FOLLOW|FORMATION_RECOVERY|FORMATION_FOLLOW,1,1,33.8,-5.192,-4.718,-8.493,-8.252,-32.103,-35.696,-32.296,-35.807,-5.056,-5.061,-5.061,-5.063
0.0,0.1,0.0,3.6193,3.3111,4.8143,5.0704,3.5351,3.5193,1,0.293,RECOVERING,0.1,FORMATION_RECOVERY|FORMATION_FOLLOW|FORMATION_RECOVERY|FORMATION_FOLLOW,1,1,33.9,-5.143,-4.689,-8.449,-8.222,-32.107,-35.697,-32.295,-35.807,-5.057,-5.06,-5.061,-5.063
0.0,0.1,0.0,3.6149,3.317,4.8247,5.0609,3.5347,3.5187,1,0.2814,RECOVERING,0.1,FORMATION_RECOVERY|FORMATION_FOLLOW|FORMATION_RECOVERY|FORMATION_FOLLOW,1,1,34.0,-5.093,-4.66,-8.405,-8.193,-32.11,-35.699,-32.295,-35.807,-5.058,-5.06,-5.06,-5.062
0.0,0.1,0.0,3.6106,3.324,4.8353,5.052,3.534,3.5183,1,0.2693,OK,0.1,FORMATION_RECOVERY|FORMATION_FOLLOW|FORMATION_RECOVERY|FORMATION_FOLLOW,1,1,34.1,-5.043,-4.631,-8.363,-8.164,-32.114,-35.701,-32.295,-35.807,-5.059,-5.059,-5.06,-5.061
0.0,0.1,0.0,3.6068,3.3315,4.846,5.0436,3.5331,3.5182,1,0.2571,OK,0.1,FORMATION_RECOVERY|FORMATION_FOLLOW|FORMATION_RECOVERY|FORMATION_FOLLOW,1,1,34.2,-4.994,-4.603,-8.32,-8.134,-32.117,-35.702,-32.294,-35.807,-5.059,-5.059,-5.059,-5.061
0.0,0.1,0.0,3.6033,3.3392,4.8566,5.0359,3.5326,3.518,1,0.245,OK,0.1,FORMATION_RECOVERY|FORMATION_FOLLOW|FORMATION_RECOVERY|FORMATION_FOLLOW,1,1,34.3,-4.944,-4.574,-8.279,-8.105,-32.12,-35.704,-32.293,-35.807,-5.06,-5.059,-5.059,-5.06
0.0,0.1,0.0,3.6005,3.3474,4.8674,5.0289,3.5321,3.5182,1,0.2333,OK,0.1,FORMATION_RECOVERY|FORMATION_FOLLOW|FORMATION_RECOVERY|FORMATION_FOLLOW,1,1,34.4,-4.894,-4.545,-8.238,-8.076,-32.123,-35.707,-32.292,-35.807,-5.06,-5.058,-5.058,-5.059
0.0,0.1,0.0,3.5979,3.3565,4.8786,5.0224,3.5316,3.5182,1,0.2215,OK,0.1,FORMATION_RECOVERY|FORMATION_FOLLOW|FORMATION_RECOVERY|FORMATION_FOLLOW,1,1,34.5,-4.845,-4.516,-8.197,-8.047,-32.126,-35.709,-32.292,-35.807,-5.061,-5.058,-5.058,-5.058
0.0,0.1,0.0,3.5952,3.3663,4.8892,5.0162,3.5309,3.5176,1,0.2097,OK,0.1,FORMATION_RECOVERY|FORMATION_FOLLOW|FORMATION_RECOVERY|FORMATION_FOLLOW,1,1,34.6,-4.795,-4.487,-8.158,-8.017,-32.128,-35.71,-32.291,-35.806,-5.061,-5.059,-5.059,-5.058
0.0,0.1,0.0,3.5925,3.3768,4.8994,5.0105,3.5303,3.5166,1,0.1979,OK,0.1,FORMATION_RECOVERY|FORMATION_FOLLOW|FORMATION_RECOVERY|FORMATION_FOLLOW,1,1,34.7,-4.746,-4.458,-8.119,-7.987,-32.131,-35.712,-32.291,-35.805,-5.061,-5.059,-5.059,-5.058
0.0,0.1,0.0,3.5895,3.3881,4.9099,5.005,3.5301,3.5152,1,0.1861,OK,0.1,FORMATION_RECOVERY|FORMATION_FOLLOW|FORMATION_FOLLOW|FORMATION_FOLLOW,1,1,34.8,-4.697,-4.428,-8.081,-7.957,-32.134,-35.713,-32.292,-35.805,-5.061,-5.058,-5.059,-5.058
0.0,0.1,0.0,3.5867,3.4002,4.9204,5.0002,3.5303,3.5136,1,0.1745,OK,0.1,FORMATION_RECOVERY|FORMATION_FOLLOW|FORMATION_FOLLOW|FORMATION_FOLLOW,1,1,34.9,-4.647,-4.399,-8.044,-7.928,-32.136,-35.715,-32.292,-35.804,-5.061,-5.058,-5.06,-5.058
0.0,0.1,0.0,3.5842,3.4127,4.9307,4.9954,3.5301,3.5113,1,0.1631,OK,0.1,FORMATION_RECOVERY|FORMATION_FOLLOW|FORMATION_FOLLOW|FORMATION_FOLLOW,1,1,35.0,-4.598,-4.369,-8.007,-7.898,-32.139,-35.715,-32.292,-35.802,-5.062,-5.058,-5.06,-5.058
0.0,0.1,0.0,3.5815,3.4258,4.9406,4.9907,3.5297,3.5087,1,0.1518,OK,0.1,FORMATION_RECOVERY|FORMATION_FOLLOW|FORMATION_FOLLOW|FORMATION_FOLLOW,1,1,35.1,-4.549,-4.339,-7.971,-7.868,-32.141,-35.716,-32.293,-35.8,-5.062,-5.059,-5.06,-5.059
0.0,0.1,0.0,3.579,3.4387,4.9501,4.9867,3.5298,3.5059,1,0.1412,OK,0.1,FORMATION_RECOVERY|FORMATION_FOLLOW|FORMATION_FOLLOW|FORMATION_FOLLOW,1,1,35.2,-4.5,-4.309,-7.935,-7.838,-32.143,-35.717,-32.294,-35.798,-5.063,-5.059,-5.06,-5.059
0.0,0.1,0.0,3.5768,3.4518,4.9592,4.9834,3.5296,3.5032,1,0.1312,OK,0.1,FORMATION_RECOVERY|FORMATION_FOLLOW|FORMATION_FOLLOW|FORMATION_FOLLOW,1,1,35.3,-4.452,-4.279,-7.9,-7.808,-32.145,-35.718,-32.295,-35.797,-5.063,-5.06,-5.059,-5.06
0.0,0.1,0.0,3.5749,3.4653,4.9683,4.9809,3.5292,3.5013,1,0.1219,OK,0.1,FORMATION_RECOVERY|FORMATION_FOLLOW|FORMATION_FOLLOW|FORMATION_FOLLOW,1,1,35.4,-4.404,-4.249,-7.866,-7.777,-32.148,-35.719,-32.295,-35.796,-5.064,-5.061,-5.059,-5.06
0.0,0.1,0.0,3.5729,3.4785,4.9772,4.9783,3.5285,3.4998,1,0.1134,OK,0.1,FORMATION_RECOVERY|FORMATION_FOLLOW|FORMATION_FOLLOW|FORMATION_FOLLOW,1,1,35.5,-4.357,-4.219,-7.832,-7.746,-32.15,-35.72,-32.296,-35.795,-5.065,-5.061,-5.058,-5.06
0.0,0.1,0.0,3.5708,3.4911,4.9855,4.9758,3.5271,3.4988,1,0.1058,OK,0.1,FORMATION_RECOVERY|FORMATION_FOLLOW|FORMATION_FOLLOW|FORMATION_FOLLOW,1,1,35.6,-4.311,-4.189,-7.799,-7.715,-32.152,-35.721,-32.297,-35.794,-5.065,-5.061,-5.058,-5.06
0.0,0.1,0.0,3.5687,3.5028,4.993,4.9731,3.5251,3.498,1,0.0991,OK,0.1,FORMATION_RECOVERY|FORMATION_FOLLOW|FORMATION_FOLLOW|FORMATION_FOLLOW,1,1,35.7,-4.266,-4.16,-7.766,-7.684,-32.155,-35.722,-32.297,-35.794,-5.066,-5.06,-5.057,-5.06
0.0,0.1,0.0,3.5669,3.5139,5.0,4.9705,3.5231,3.4969,1,0.0937,OK,0.1,FORMATION_RECOVERY|FORMATION_FOLLOW|FORMATION_FOLLOW|FORMATION_FOLLOW,1,1,35.8,-4.221,-4.13,-7.732,-7.653,-32.157,-35.722,-32.297,-35.793,-5.066,-5.06,-5.057,-5.06
0.0,0.1,0.0,3.5653,3.5244,5.0065,4.9681,3.5216,3.4954,1,0.0891,OK,0.1,FORMATION_RECOVERY|FORMATION_FOLLOW|FORMATION_FOLLOW|FORMATION_FOLLOW,1,1,35.9,-4.178,-4.101,-7.699,-7.622,-32.159,-35.723,-32.298,-35.793,-5.067,-5.06,-5.057,-5.06
0.0,0.1,0.0,3.564,3.5345,5.0129,4.966,3.5205,3.4938,1,0.0856,OK,0.1,FORMATION_RECOVERY|FORMATION_FOLLOW|FORMATION_FOLLOW|FORMATION_FOLLOW,1,1,36.0,-4.135,-4.071,-7.667,-7.591,-32.161,-35.724,-32.299,-35.792,-5.067,-5.06,-5.057,-5.059
0.0,0.1,0.0,3.5632,3.5443,5.0188,4.9645,3.5193,3.4923,1,0.0831,OK,0.1,FORMATION_RECOVERY|FORMATION_FOLLOW|FORMATION_FOLLOW|FORMATION_FOLLOW,1,1,36.1,-4.092,-4.041,-7.634,-7.56,-32.163,-35.725,-32.3,-35.791,-5.067,-5.06,-5.056,-5.059
0.0,0.1,0.0,3.5626,3.5536,5.0245,4.9632,3.5183,3.4909,1,0.0815,OK,0.1,FORMATION_RECOVERY|FORMATION_FOLLOW|FORMATION_FOLLOW|FORMATION_FOLLOW,1,1,36.2,-4.051,-4.011,-7.602,-7.529,-32.164,-35.727,-32.3,-35.79,-5.067,-5.06,-5.056,-5.059
0.0,0.1,0.0,3.562,3.562,5.0293,4.9619,3.5172,3.4895,1,0.0805,OK,0.1,FORMATION_RECOVERY|FORMATION_FOLLOW|FORMATION_FOLLOW|FORMATION_FOLLOW,1,1,36.3,-4.01,-3.981,-7.57,-7.498,-32.166,-35.727,-32.3,-35.789,-5.067,-5.06,-5.056,-5.059
0.0,0.1,0.0,3.5614,3.57,5.0338,4.9607,3.516,3.488,1,0.0801,OK,0.1,FORMATION_RECOVERY|FORMATION_FOLLOW|FORMATION_FOLLOW|FORMATION_FOLLOW,1,1,36.4,-3.97,-3.951,-7.538,-7.467,-32.167,-35.728,-32.301,-35.788,-5.066,-5.06,-5.056,-5.059
0.0,0.1,0.0,3.5614,3.5775,5.0381,4.9598,3.5151,3.4863,1,0.0805,OK,0.1,FORMATION_RECOVERY|FORMATION_FOLLOW|FORMATION_FOLLOW|FORMATION_FOLLOW,1,1,36.5,-3.931,-3.921,-7.506,-7.436,-32.168,-35.729,-32.301,-35.786,-5.065,-5.06,-5.056,-5.059
0.0,0.1,0.0,3.5613,3.5846,5.0426,4.9587,3.5149,3.4842,1,0.0814,OK,0.1,FORMATION_RECOVERY|FORMATION_FOLLOW|FORMATION_FOLLOW|FORMATION_FOLLOW,1,1,36.6,-3.891,-3.891,-7.474,-7.406,-32.169,-35.73,-32.301,-35.785,-5.065,-5.06,-5.056,-5.059
0.0,0.1,0.0,3.5606,3.5916,5.0466,4.9576,3.515,3.4821,1,0.0823,OK,0.1,FORMATION_RECOVERY|FORMATION_FOLLOW|FORMATION_FOLLOW|FORMATION_FOLLOW,1,1,36.7,-3.852,-3.861,-7.442,-7.375,-32.17,-35.73,-32.302,-35.783,-5.064,-5.06,-5.056,-5.06
0.0,0.1,0.0,3.5595,3.5983,5.0503,4.9566,3.5153,3.4801,1,0.0834,OK,0.1,FORMATION_FOLLOW|FORMATION_FOLLOW|FORMATION_FOLLOW|FORMATION_FOLLOW,1,1,36.8,-3.814,-3.83,-7.41,-7.345,-32.171,-35.731,-32.302,-35.781,-5.064,-5.06,-5.056,-5.06
0.0,0.1,0.0,3.5586,3.6047,5.0541,4.9555,3.5151,3.4786,1,0.085,OK,0.1,FORMATION_FOLLOW|FORMATION_FOLLOW|FORMATION_FOLLOW|FORMATION_FOLLOW,1,1,36.9,-3.775,-3.8,-7.378,-7.315,-32.172,-35.731,-32.302,-35.78,-5.063,-5.06,-5.057,-5.06
0.0,0.1,0.0,3.5575,3.611,5.0576,4.9543,3.5147,3.4773,1,0.0868,OK,0.1,FORMATION_FOLLOW|FORMATION_FOLLOW|FORMATION_FOLLOW|FORMATION_FOLLOW,1,1,37.0,-3.737,-3.77,-7.346,-7.284,-32.174,-35.731,-32.302,-35.779,-5.063,-5.06,-5.057,-5.061
0.0,0.1,0.0,3.5565,3.6173,5.0607,4.9534,3.5137,3.4762,1,0.0887,OK,0.1,FORMATION_FOLLOW|FORMATION_FOLLOW|FORMATION_FOLLOW|FORMATION_FOLLOW,1,1,37.1,-3.699,-3.74,-7.314,-7.253,-32.175,-35.731,-32.302,-35.778,-5.063,-5.061,-5.057,-5.061
0.0,0.1,0.0,3.5552,3.623,5.0638,4.9522,3.5126,3.4757,1,0.0908,OK,0.1,FORMATION_FOLLOW|FORMATION_FOLLOW|FORMATION_FOLLOW|FORMATION_FOLLOW,1,1,37.2,-3.661,-3.71,-7.282,-7.222,-32.176,-35.731,-32.302,-35.777,-5.062,-5.061,-5.058,-5.061
0.0,0.1,0.0,3.553,3.6282,5.0664,4.9505,3.5112,3.4755,1,0.0925,OK,0.1,FORMATION_FOLLOW|FORMATION_FOLLOW|FORMATION_FOLLOW|FORMATION_FOLLOW,1,1,37.3,-3.624,-3.68,-7.25,-7.191,-32.179,-35.731,-32.302,-35.777,-5.062,-5.062,-5.058,-5.061
0.0,0.1,0.0,3.5506,3.6327,5.0685,4.949,3.5099,3.4757,1,0.094,OK,0.1,FORMATION_FOLLOW|FORMATION_FOLLOW|FORMATION_FOLLOW|FORMATION_FOLLOW,1,1,37.4,-3.587,-3.65,-7.218,-7.16,-32.181,-35.731,-32.302,-35.777,-5.062,-5.062,-5.059,-5.061
0.0,0.1,0.0,3.5478,3.6369,5.0705,4.9477,3.5089,3.4762,1,0.0954,OK,0.1,FORMATION_FOLLOW|FORMATION_FOLLOW|FORMATION_FOLLOW|FORMATION_FOLLOW,1,1,37.5,-3.551,-3.62,-7.186,-7.128,-32.183,-35.73,-32.301,-35.777,-5.062,-5.061,-5.059,-5.062
0.0,0.1,0.0,3.5452,3.6409,5.0726,4.9464,3.5085,3.4764,1,0.097,OK,0.1,FORMATION_FOLLOW|FORMATION_FOLLOW|FORMATION_FOLLOW|FORMATION_FOLLOW,1,1,37.6,-3.515,-3.589,-7.154,-7.097,-32.185,-35.729,-32.301,-35.777,-5.062,-5.061,-5.059,-5.062
0.0,0.1,0.0,3.5429,3.6446,5.0748,4.9453,3.5085,3.4766,1,0.0986,OK,0.1,FORMATION_FOLLOW|FORMATION_FOLLOW|FORMATION_FOLLOW|FORMATION_FOLLOW,1,1,37.7,-3.48,-3.559,-7.123,-7.067,-32.186,-35.729,-32.3,-35.776,-5.062,-5.061,-5.06,-5.062
0.0,0.1,0.0,3.5408,3.6482,5.0773,4.9442,3.5085,3.4772,1,0.1004,OK,0.1,FORMATION_FOLLOW|FORMATION_FOLLOW|FORMATION_FOLLOW|FORMATION_FOLLOW,1,1,37.8,-3.445,-3.529,-7.092,-7.037,-32.188,-35.728,-32.299,-35.776,-5.062,-5.061,-5.061,-5.062
0.0,0.1,0.0,3.5388,3.6516,5.0794,4.9432,3.5085,3.4775,1,0.1022,OK,0.1,FORMATION_FOLLOW|FORMATION_FOLLOW|FORMATION_FOLLOW|FORMATION_FOLLOW,1,1,37.9,-3.411,-3.499,-7.06,-7.007,-32.189,-35.727,-32.299,-35.776,-5.063,-5.061,-5.061,-5.063
0.0,0.1,0.0,3.5369,3.6552,5.0814,4.9427,3.509,3.4774,1,0.104,OK,0.1,FORMATION_FOLLOW|FORMATION_FOLLOW|FORMATION_FOLLOW|FORMATION_FOLLOW,1,1,38.0,-3.376,-3.469,-7.03,-6.978,-32.191,-35.726,-32.298,-35.775,-5.063,-5.061,-5.062,-5.063
0.0,0.1,0.0,3.5354,3.6581,5.083,4.9426,3.5095,3.4775,1,0.1055,OK,0.1,FORMATION_FOLLOW|FORMATION_FOLLOW|FORMATION_FOLLOW|FORMATION_FOLLOW,1,1,38.1,-3.342,-3.439,-6.999,-6.948,-32.192,-35.726,-32.297,-35.775,-5.063,-5.061,-5.063,-5.062
0.0,0.1,0.0,3.5341,3.6606,5.0844,4.9424,3.5098,3.4778,1,0.1069,OK,0.1,FORMATION_FOLLOW|FORMATION_FOLLOW|FORMATION_FOLLOW|FORMATION_FOLLOW,1,1,38.2,-3.309,-3.409,-6.968,-6.918,-32.193,-35.726,-32.296,-35.774,-5.063,-5.061,-5.064,-5.062
0.0,0.1,0.0,3.5333,3.6629,5.0859,4.9423,3.5102,3.478,1,0.1084,OK,0.1,FORMATION_FOLLOW|FORMATION_FOLLOW|FORMATION_FOLLOW|FORMATION_FOLLOW,1,1,38.3,-3.276,-3.379,-6.937,-6.889,-32.194,-35.726,-32.296,-35.773,-5.063,-5.062,-5.065,-5.061
0.0,0.1,0.0,3.5327,3.665,5.0876,4.9423,3.5108,3.4785,1,0.1099,OK,0.1,FORMATION_FOLLOW|FORMATION_FOLLOW|FORMATION_FOLLOW|FORMATION_FOLLOW,1,1,38.4,-3.243,-3.349,-6.907,-6.859,-32.195,-35.726,-32.295,-35.774,-5.063,-5.062,-5.065,-5.06
0.0,0.1,0.0,3.5321,3.6668,5.0896,4.9425,3.5115,3.4796,1,0.1113,OK,0.1,FORMATION_FOLLOW|FORMATION_FOLLOW|FORMATION_FOLLOW|FORMATION_FOLLOW,1,1,38.5,-3.21,-3.319,-6.875,-6.83,-32.196,-35.727,-32.294,-35.774,-5.064,-5.062,-5.066,-5.06
0.0,0.1,0.0,3.5316,3.6683,5.0913,4.943,3.5124,3.4809,1,0.1125,OK,0.1,FORMATION_FOLLOW|FORMATION_FOLLOW|FORMATION_FOLLOW|FORMATION_FOLLOW,1,1,38.6,-3.177,-3.289,-6.844,-6.801,-32.197,-35.727,-32.293,-35.774,-5.064,-5.062,-5.067,-5.059
0.0,0.1,0.0,3.531,3.6701,5.0929,4.9436,3.5132,3.4819,1,0.1138,OK,0.1,FORMATION_FOLLOW|FORMATION_FOLLOW|FORMATION_FOLLOW|FORMATION_FOLLOW,1,1,38.7,-3.145,-3.259,-6.814,-6.771,-32.198,-35.727,-32.292,-35.774,-5.065,-5.062,-5.068,-5.058
0.0,0.1,0.0,3.5306,3.6717,5.0946,4.9443,3.5142,3.483,1,0.1151,OK,0.1,FORMATION_FOLLOW|FORMATION_FOLLOW|FORMATION_FOLLOW|FORMATION_FOLLOW,1,1,38.8,-3.112,-3.229,-6.783,-6.742,-32.199,-35.728,-32.291,-35.773,-5.065,-5.062,-5.068,-5.057
0.0,0.1,0.0,3.5302,3.6735,5.0961,4.9451,3.5146,3.4845,1,0.1164,OK,0.1,FORMATION_FOLLOW|FORMATION_FOLLOW|FORMATION_FOLLOW|FORMATION_FOLLOW,1,1,38.9,-3.08,-3.199,-6.752,-6.713,-32.2,-35.728,-32.289,-35.773,-5.066,-5.061,-5.069,-5.057
0.0,0.1,0.0,3.5297,3.6751,5.0972,4.9458,3.5147,3.4859,1,0.1175,OK,0.1,FORMATION_FOLLOW|FORMATION_FOLLOW|FORMATION_FOLLOW|FORMATION_FOLLOW,1,1,39.0,-3.048,-3.169,-6.722,-6.683,-32.2,-35.728,-32.287,-35.773,-5.066,-5.061,-5.07,-5.057
0.0,0.1,0.0,3.5296,3.6763,5.0977,4.9469,3.5144,3.4874,1,0.1183,OK,0.1,FORMATION_FOLLOW|FORMATION_FOLLOW|FORMATION_FOLLOW|FORMATION_FOLLOW,1,1,39.1,-3.016,-3.139,-6.691,-6.653,-32.201,-35.729,-32.285,-35.773,-5.066,-5.06,-5.07,-5.057
0.0,0.1,0.0,3.5295,3.6778,5.0983,4.948,3.5137,3.4891,1,0.1193,OK,0.1,FORMATION_FOLLOW|FORMATION_FOLLOW|FORMATION_FOLLOW|FORMATION_FOLLOW,1,1,39.2,-2.984,-3.11,-6.661,-6.623,-32.202,-35.73,-32.284,-35.772,-5.065,-5.06,-5.07,-5.057
0.0,0.1,0.0,3.5296,3.6796,5.0993,4.9488,3.5129,3.4906,1,0.1207,OK,0.1,FORMATION_FOLLOW|FORMATION_FOLLOW|FORMATION_FOLLOW|FORMATION_FOLLOW,1,1,39.3,-2.952,-3.081,-6.63,-6.593,-32.203,-35.73,-32.282,-35.773,-5.065,-5.06,-5.069,-5.057
0.0,0.1,0.0,3.5299,3.6809,5.1004,4.9495,3.5123,3.4923,1,0.1218,OK,0.1,FORMATION_FOLLOW|FORMATION_FOLLOW|FORMATION_FOLLOW|FORMATION_FOLLOW,1,1,39.4,-2.92,-3.051,-6.6,-6.563,-32.204,-35.731,-32.281,-35.773,-5.065,-5.059,-5.069,-5.057
0.0,0.1,0.0,3.5301,3.6819,5.1013,4.9501,3.5117,3.4939,1,0.1226,OK,0.1,FORMATION_FOLLOW|FORMATION_FOLLOW|FORMATION_FOLLOW|FORMATION_FOLLOW,1,1,39.5,-2.888,-3.021,-6.569,-6.533,-32.204,-35.732,-32.28,-35.773,-5.066,-5.059,-5.069,-5.057
0.0,0.1,0.0,3.5303,3.6828,5.1025,4.9505,3.5114,3.4954,1,0.1234,OK,0.1,FORMATION_FOLLOW|FORMATION_FOLLOW|FORMATION_FOLLOW|FORMATION_FOLLOW,1,1,39.6,-2.857,-2.992,-6.539,-6.503,-32.204,-35.732,-32.279,-35.774,-5.066,-5.059,-5.069,-5.057
0.0,0.1,0.0,3.5308,3.6833,5.1037,4.9511,3.5114,3.4969,1,0.1241,OK,0.1,FORMATION_FOLLOW|FORMATION_FOLLOW|FORMATION_FOLLOW|FORMATION_FOLLOW,1,1,39.7,-2.826,-2.962,-6.508,-6.473,-32.204,-35.732,-32.278,-35.774,-5.066,-5.059,-5.068,-5.057
0.0,0.1,0.0,3.5312,3.6837,5.105,4.9513,3.512,3.4976,1,0.1248,OK,0.1,FORMATION_FOLLOW|FORMATION_FOLLOW|FORMATION_FOLLOW|FORMATION_FOLLOW,1,1,39.8,-2.794,-2.931,-6.477,-6.443,-32.204,-35.733,-32.277,-35.775,-5.066,-5.059,-5.068,-5.057
0.0,0.1,0.0,3.531,3.6836,5.106,4.9507,3.5128,3.4977,1,0.1252,OK,0.1,FORMATION_FOLLOW|FORMATION_FOLLOW|FORMATION_FOLLOW|FORMATION_FOLLOW,1,1,39.9,-2.764,-2.901,-6.447,-6.413,-32.204,-35.732,-32.277,-35.775,-5.066,-5.059,-5.067,-5.057
0.0,0.1,0.0,3.5308,3.6829,5.1066,4.9499,3.5133,3.4979,1,0.1253,OK,0.1,FORMATION_FOLLOW|FORMATION_FOLLOW|FORMATION_FOLLOW|FORMATION_FOLLOW,1,1,40.0,-2.733,-2.871,-6.415,-6.384,-32.204,-35.732,-32.277,-35.774,-5.066,-5.059,-5.067,-5.056
0.0,0.1,0.0,3.531,3.682,5.1068,4.9494,3.5131,3.4984,1,0.1252,OK,0.1,FORMATION_FOLLOW|FORMATION_FOLLOW|FORMATION_FOLLOW|FORMATION_FOLLOW,1,1,40.1,-2.703,-2.841,-6.384,-6.354,-32.203,-35.732,-32.276,-35.774,-5.066,-5.059,-5.067,-5.056
0.0,0.1,0.0,3.5311,3.6809,5.1066,4.949,3.5128,3.4987,1,0.1249,OK,0.1,FORMATION_FOLLOW|FORMATION_FOLLOW|FORMATION_FOLLOW|FORMATION_FOLLOW,1,1,40.2,-2.673,-2.811,-6.353,-6.324,-32.203,-35.732,-32.275,-35.774,-5.066,-5.058,-5.066,-5.056
0.0,0.1,0.0,3.5307,3.6799,5.1058,4.9486,3.5122,3.4991,1,0.1245,OK,0.1,FORMATION_FOLLOW|FORMATION_FOLLOW|FORMATION_FOLLOW|FORMATION_FOLLOW,1,1,40.3,-2.643,-2.781,-6.322,-6.293,-32.204,-35.731,-32.274,-35.773,-5.066,-5.058,-5.066,-5.056
0.0,0.1,0.0,3.5296,3.6791,5.1045,4.9485,3.5115,3.4996,1,0.1239,OK,0.1,FORMATION_FOLLOW|FORMATION_FOLLOW|FORMATION_FOLLOW|FORMATION_FOLLOW,1,1,40.4,-2.613,-2.752,-6.291,-6.263,-32.204,-35.731,-32.273,-35.773,-5.066,-5.058,-5.065,-5.056
0.0,0.1,0.0,3.5284,3.6777,5.1027,4.9481,3.5107,3.4999,1,0.1229,OK,0.1,FORMATION_FOLLOW|FORMATION_FOLLOW|FORMATION_FOLLOW|FORMATION_FOLLOW,1,1,40.5,-2.584,-2.722,-6.261,-6.233,-32.205,-35.731,-32.272,-35.772,-5.066,-5.058,-5.065,-5.057
0.0,0.1,0.0,3.5274,3.6757,5.101,4.9472,3.5101,3.4997,1,0.1218,OK,0.1,FORMATION_FOLLOW|FORMATION_FOLLOW|FORMATION_FOLLOW|FORMATION_FOLLOW,1,1,40.6,-2.554,-2.693,-6.23,-6.202,-32.206,-35.73,-32.271,-35.771,-5.067,-5.058,-5.064,-5.057
0.0,0.1,0.0,3.5271,3.6739,5.0995,4.9466,3.5098,3.4993,1,0.1209,OK,0.1,FORMATION_FOLLOW|FORMATION_FOLLOW|FORMATION_FOLLOW|FORMATION_FOLLOW,1,1,40.7,-2.525,-2.663,-6.198,-6.172,-32.206,-35.73,-32.271,-35.77,-5.067,-5.058,-5.063,-5.058
0.0,0.1,0.0,3.5271,3.6725,5.0987,4.9462,3.5097,3.499,1,0.1203,OK,0.1,FORMATION_FOLLOW|FORMATION_FOLLOW|FORMATION_FOLLOW|FORMATION_FOLLOW,1,1,40.8,-2.496,-2.633,-6.168,-6.142,-32.205,-35.73,-32.27,-35.769,-5.067,-5.058,-5.063,-5.058
0.0,0.1,0.0,3.5274,3.671,5.0979,4.9456,3.5098,3.4981,1,0.1196,OK,0.1,FORMATION_FOLLOW|FORMATION_FOLLOW|FORMATION_FOLLOW|FORMATION_FOLLOW,1,1,40.9,-2.466,-2.602,-6.136,-6.112,-32.205,-35.73,-32.27,-35.768,-5.068,-5.058,-5.063,-5.058
0.0,0.1,0.0,3.5279,3.6695,5.0972,4.9454,3.51,3.4976,1,0.1189,OK,0.1,FORMATION_FOLLOW|FORMATION_FOLLOW|FORMATION_FOLLOW|FORMATION_FOLLOW,1,1,41.0,-2.437,-2.572,-6.105,-6.082,-32.205,-35.73,-32.27,-35.767,-5.068,-5.058,-5.062,-5.059
0.0,0.1,0.0,3.5288,3.6681,5.0964,4.9456,3.5104,3.4969,1,0.1182,OK,0.1,FORMATION_FOLLOW|FORMATION_FOLLOW|FORMATION_FOLLOW|FORMATION_FOLLOW,1,1,41.1,-2.407,-2.541,-6.075,-6.052,-32.204,-35.73,-32.27,-35.766,-5.068,-5.058,-5.062,-5.059
0.0,0.1,0.0,3.5296,3.6667,5.0953,4.9458,3.5106,3.4958,1,0.1175,OK,0.1,FORMATION_FOLLOW|FORMATION_FOLLOW|FORMATION_FOLLOW|FORMATION_FOLLOW,1,1,41.2,-2.378,-2.511,-6.044,-6.021,-32.204,-35.731,-32.27,-35.766,-5.068,-5.058,-5.062,-5.059
0.0,0.1,0.0,3.5303,3.6655,5.0943,4.9459,3.5106,3.4952,1,0.1168,OK,0.1,FORMATION_FOLLOW|FORMATION_FOLLOW|FORMATION_FOLLOW|FORMATION_FOLLOW,1,1,41.3,-2.348,-2.481,-6.013,-5.991,-32.204,-35.732,-32.27,-35.765,-5.067,-5.059,-5.062,-5.059
0.0,0.1,0.0,3.5308,3.6637,5.0933,4.9457,3.5101,3.495,1,0.1159,OK,0.1,FORMATION_FOLLOW|FORMATION_FOLLOW|FORMATION_FOLLOW|FORMATION_FOLLOW,1,1,41.4,-2.319,-2.451,-5.982,-5.961,-32.204,-35.733,-32.27,-35.765,-5.067,-5.059,-5.063,-5.059
0.0,0.1,0.0,3.5311,3.6615,5.0919,4.9451,3.5092,3.495,1,0.1149,OK,0.1,FORMATION_FOLLOW|FORMATION_FOLLOW|FORMATION_FOLLOW|FORMATION_FOLLOW,1,1,41.5,-2.29,-2.421,-5.95,-5.93,-32.204,-35.733,-32.27,-35.765,-5.066,-5.059,-5.063,-5.058
0.0,0.1,0.0,3.5315,3.6596,5.0908,4.9444,3.5083,3.4951,1,0.1139,OK,0.1,FORMATION_FOLLOW|FORMATION_FOLLOW|FORMATION_FOLLOW|FORMATION_FOLLOW,1,1,41.6,-2.26,-2.391,-5.919,-5.899,-32.205,-35.734,-32.27,-35.765,-5.066,-5.059,-5.062,-5.057
0.0,0.1,0.0,3.5319,3.6581,5.09,4.9442,3.5074,3.4956,1,0.1131,OK,0.1,FORMATION_FOLLOW|FORMATION_FOLLOW|FORMATION_FOLLOW|FORMATION_FOLLOW,1,1,41.7,-2.23,-2.36,-5.888,-5.868,-32.205,-35.734,-32.27,-35.766,-5.065,-5.059,-5.062,-5.057
0.0,0.1,0.0,3.5323,3.6566,5.0894,4.9436,3.5063,3.4961,1,0.1125,OK,0.1,FORMATION_FOLLOW|FORMATION_FOLLOW|FORMATION_FOLLOW|FORMATION_FOLLOW,1,1,41.8,-2.201,-2.331,-5.857,-5.837,-32.205,-35.735,-32.27,-35.766,-5.065,-5.058,-5.062,-5.056
0.0,0.1,0.0,3.5324,3.6556,5.0892,4.9427,3.5051,3.4967,1,0.1121,OK,0.1,FORMATION_FOLLOW|FORMATION_FOLLOW|FORMATION_FOLLOW|FORMATION_FOLLOW,1,1,41.9,-2.171,-2.301,-5.826,-5.806,-32.204,-35.734,-32.27,-35.766,-5.064,-5.059,-5.063,-5.055
0.0,0.1,0.0,3.5325,3.6547,5.0891,4.9419,3.504,3.4974,1,0.1118,OK,0.1,FORMATION_FOLLOW|FORMATION_FOLLOW|FORMATION_FOLLOW|FORMATION_FOLLOW,1,1,42.0,-2.142,-2.272,-5.796,-5.776,-32.204,-35.734,-32.269,-35.767,-5.064,-5.059,-5.063,-5.054
0.0,0.1,0.0,3.5327,3.6539,5.0891,4.9415,3.5029,3.4984,1,0.1115,OK,0.1,FORMATION_FOLLOW|FORMATION_FOLLOW|FORMATION_FOLLOW|FORMATION_FOLLOW,1,1,42.1,-2.112,-2.242,-5.766,-5.745,-32.203,-35.734,-32.269,-35.767,-5.064,-5.059,-5.063,-5.054
0.0,0.1,0.0,3.5331,3.6533,5.0894,4.9414,3.5022,3.4997,1,0.1113,OK,0.1,FORMATION_FOLLOW|FORMATION_FOLLOW|FORMATION_FOLLOW|FORMATION_FOLLOW,1,1,42.2,-2.083,-2.213,-5.735,-5.715,-32.203,-35.733,-32.268,-35.768,-5.064,-5.059,-5.063,-5.053
0.0,0.1,0.0,3.5334,3.6524,5.0894,4.9412,3.5015,3.5009,1,0.1109,OK,0.1,FORMATION_FOLLOW|FORMATION_FOLLOW|FORMATION_FOLLOW|FORMATION_FOLLOW,1,1,42.3,-2.053,-2.183,-5.705,-5.684,-32.202,-35.733,-32.268,-35.769,-5.064,-5.059,-5.064,-5.053
0.0,0.1,0.0,3.5335,3.6515,5.0896,4.9409,3.501,3.5021,1,0.1104,OK,0.1,FORMATION_FOLLOW|FORMATION_FOLLOW|FORMATION_FOLLOW|FORMATION_FOLLOW,1,1,42.4,-2.024,-2.152,-5.674,-5.653,-32.202,-35.733,-32.268,-35.77,-5.064,-5.059,-5.064,-5.053
0.0,0.1,0.0,3.5336,3.6509,5.0897,4.9408,3.5003,3.5032,1,0.1101,OK,0.1,FORMATION_FOLLOW|FORMATION_FOLLOW|FORMATION_FOLLOW|FORMATION_FOLLOW,1,1,42.5,-1.994,-2.122,-5.644,-5.622,-32.202,-35.733,-32.268,-35.771,-5.063,-5.059,-5.064,-5.053
0.0,0.1,0.0,3.5336,3.65,5.0899,4.9407,3.5,3.5045,1,0.1096,OK,0.1,FORMATION_FOLLOW|FORMATION_FOLLOW|FORMATION_FOLLOW|FORMATION_FOLLOW,1,1,42.6,-1.964,-2.092,-5.614,-5.592,-32.202,-35.733,-32.267,-35.772,-5.063,-5.059,-5.064,-5.053
0.0,0.1,0.0,3.5338,3.6494,5.0906,4.9407,3.5,3.506,1,0.1096,OK,0.1,FORMATION_FOLLOW|FORMATION_FOLLOW|FORMATION_FOLLOW|FORMATION_FOLLOW,1,1,42.7,-1.934,-2.062,-5.583,-5.562,-32.202,-35.733,-32.267,-35.773,-5.062,-5.059,-5.064,-5.053
0.0,0.1,0.0,3.5335,3.6489,5.0916,4.9406,3.5005,3.5076,1,0.1095,OK,0.1,FORMATION_FOLLOW|FORMATION_FOLLOW|FORMATION_FOLLOW|FORMATION_FOLLOW,1,1,42.8,-1.904,-2.032,-5.553,-5.532,-32.202,-35.733,-32.267,-35.774,-5.061,-5.058,-5.064,-5.053
0.0,0.1,0.0,3.5331,3.6482,5.0927,4.9404,3.501,3.5094,1,0.1094,OK,0.1,FORMATION_FOLLOW|FORMATION_FOLLOW|FORMATION_FOLLOW|FORMATION_FOLLOW,1,1,42.9,-1.874,-2.002,-5.522,-5.503,-32.202,-35.733,-32.267,-35.776,-5.061,-5.058,-5.064,-5.053
0.0,0.1,0.0,3.5329,3.6473,5.0938,4.94,3.5013,3.5111,1,0.1092,OK,0.1,FORMATION_FOLLOW|FORMATION_FOLLOW|FORMATION_FOLLOW|FORMATION_FOLLOW,1,1,43.0,-1.844,-1.972,-5.491,-5.473,-32.202,-35.733,-32.266,-35.777,-5.061,-5.058,-5.064,-5.053
0.0,0.1,0.0,3.5328,3.6462,5.0946,4.939,3.501,3.5126,1,0.109,OK,0.1,FORMATION_FOLLOW|FORMATION_FOLLOW|FORMATION_FOLLOW|FORMATION_FOLLOW,1,1,43.1,-1.815,-1.942,-5.46,-5.442,-32.202,-35.733,-32.267,-35.779,-5.061,-5.058,-5.064,-5.053
0.0,0.1,0.0,3.5327,3.6449,5.0954,4.9375,3.5002,3.5138,1,0.1089,OK,0.1,FORMATION_FOLLOW|FORMATION_FOLLOW|FORMATION_FOLLOW|FORMATION_FOLLOW,1,1,43.2,-1.785,-1.912,-5.429,-5.412,-32.203,-35.733,-32.267,-35.781,-5.061,-5.059,-5.064,-5.053
0.0,0.1,0.0,3.5329,3.6438,5.0962,4.9361,3.4995,3.5146,1,0.1089,OK,0.1,FORMATION_FOLLOW|FORMATION_FOLLOW|FORMATION_FOLLOW|FORMATION_FOLLOW,1,1,43.3,-1.755,-1.883,-5.398,-5.382,-32.203,-35.733,-32.268,-35.783,-5.061,-5.059,-5.064,-5.053
0.0,0.1,0.0,3.5332,3.6433,5.097,4.9355,3.4989,3.5156,1,0.1091,OK,0.1,FORMATION_FOLLOW|FORMATION_FOLLOW|FORMATION_FOLLOW|FORMATION_FOLLOW,1,1,43.4,-1.725,-1.854,-5.368,-5.352,-32.203,-35.734,-32.268,-35.784,-5.061,-5.06,-5.064,-5.053
0.0,0.1,0.0,3.5337,3.6431,5.0977,4.9352,3.4983,3.5167,1,0.1093,OK,0.1,FORMATION_FOLLOW|FORMATION_FOLLOW|FORMATION_FOLLOW|FORMATION_FOLLOW,1,1,43.5,-1.695,-1.824,-5.337,-5.322,-32.203,-35.735,-32.268,-35.785,-5.062,-5.06,-5.063,-5.053
0.0,0.1,0.0,3.5342,3.6429,5.0985,4.935,3.4981,3.5174,1,0.1096,OK,0.1,FORMATION_FOLLOW|FORMATION_FOLLOW|FORMATION_FOLLOW|FORMATION_FOLLOW,1,1,43.6,-1.664,-1.794,-5.307,-5.292,-32.203,-35.735,-32.269,-35.786,-5.062,-5.061,-5.063,-5.053
0.0,0.1,0.0,3.5345,3.643,5.0992,4.9348,3.4978,3.5181,1,0.11,OK,0.1,FORMATION_FOLLOW|FORMATION_FOLLOW|FORMATION_FOLLOW|FORMATION_FOLLOW,1,1,43.7,-1.634,-1.765,-5.276,-5.262,-32.203,-35.735,-32.268,-35.786,-5.062,-5.061,-5.063,-5.053
0.0,0.1,0.0,3.5351,3.6431,5.1001,4.935,3.4976,3.5191,1,0.1104,OK,0.1,FORMATION_FOLLOW|FORMATION_FOLLOW|FORMATION_FOLLOW|FORMATION_FOLLOW,1,1,43.8,-1.603,-1.735,-5.246,-5.232,-32.203,-35.736,-32.268,-35.787,-5.062,-5.062,-5.063,-5.053
0.0,0.1,0.0,3.535,3.6432,5.1006,4.9352,3.4977,3.52,1,0.1107,OK,0.1,FORMATION_FOLLOW|FORMATION_FOLLOW|FORMATION_FOLLOW|FORMATION_FOLLOW,1,1,43.9,-1.573,-1.705,-5.215,-5.202,-32.204,-35.736,-32.267,-35.787,-5.062,-5.063,-5.062,-5.053
0.0,0.1,0.0,3.5341,3.6428,5.1006,4.9351,3.498,3.5208,1,0.1106,OK,0.1,FORMATION_FOLLOW|FORMATION_FOLLOW|FORMATION_FOLLOW|FORMATION_FOLLOW,1,1,44.0,-1.542,-1.675,-5.184,-5.172,-32.204,-35.736,-32.266,-35.787,-5.062,-5.063,-5.061,-5.053
0.0,0.1,0.0,3.5336,3.6422,5.1006,4.9349,3.4981,3.5216,1,0.1104,OK,0.1,FORMATION_FOLLOW|FORMATION_FOLLOW|FORMATION_FOLLOW|FORMATION_FOLLOW,1,1,44.1,-1.511,-1.645,-5.153,-5.142,-32.205,-35.736,-32.266,-35.788,-5.062,-5.064,-5.061,-5.054
0.0,0.1,0.0,3.5334,3.6416,5.1008,4.9345,3.4981,3.5221,1,0.1105,OK,0.1,FORMATION_FOLLOW|FORMATION_FOLLOW|FORMATION_FOLLOW|FORMATION_FOLLOW,1,1,44.2,-1.481,-1.615,-5.122,-5.113,-32.206,-35.737,-32.266,-35.788,-5.062,-5.064,-5.061,-5.054
0.0,0.1,0.0,3.5333,3.6409,5.1011,4.9337,3.4977,3.5226,1,0.1106,OK,0.1,FORMATION_FOLLOW|FORMATION_FOLLOW|FORMATION_FOLLOW|FORMATION_FOLLOW,1,1,44.3,-1.45,-1.585,-5.091,-5.083,-32.207,-35.738,-32.266,-35.788,-5.061,-5.064,-5.061,-5.054
0.0,0.1,0.0,3.5331,3.6403,5.1011,4.9329,3.4971,3.523,1,0.1107,OK,0.1,FORMATION_FOLLOW|FORMATION_FOLLOW|FORMATION_FOLLOW|FORMATION_FOLLOW,1,1,44.4,-1.42,-1.556,-5.06,-5.053,-32.208,-35.738,-32.265,-35.788,-5.061,-5.064,-5.061,-5.054
0.0,0.1,0.0,3.5325,3.6399,5.1013,4.9321,3.4969,3.5232,1,0.1108,OK,0.1,FORMATION_FOLLOW|FORMATION_FOLLOW|FORMATION_FOLLOW|FORMATION_FOLLOW,1,1,44.5,-1.389,-1.527,-5.029,-5.023,-32.208,-35.738,-32.265,-35.788,-5.061,-5.064,-5.061,-5.055
0.0,0.1,0.0,3.5319,3.6399,5.1016,4.9317,3.4976,3.5232,1,0.1111,OK,0.1,FORMATION_FOLLOW|FORMATION_FOLLOW|FORMATION_FOLLOW|FORMATION_FOLLOW,1,1,44.6,-1.358,-1.496,-4.998,-4.994,-32.209,-35.738,-32.265,-35.788,-5.06,-5.064,-5.061,-5.055
0.0,0.1,0.0,3.5321,3.64,5.102,4.9322,3.4987,3.5229,1,0.1113,OK,0.1,FORMATION_FOLLOW|FORMATION_FOLLOW|FORMATION_FOLLOW|FORMATION_FOLLOW,1,1,44.7,-1.328,-1.466,-4.968,-4.964,-32.209,-35.739,-32.265,-35.788,-5.06,-5.064,-5.061,-5.055
0.0,0.1,0.0,3.5324,3.6399,5.1021,4.9327,3.5,3.5222,1,0.1114,OK,0.1,FORMATION_FOLLOW|FORMATION_FOLLOW|FORMATION_FOLLOW|FORMATION_FOLLOW,1,1,44.8,-1.298,-1.436,-4.937,-4.935,-32.21,-35.74,-32.265,-35.787,-5.059,-5.063,-5.061,-5.055
0.0,0.1,0.0,3.5324,3.6396,5.1022,4.9326,3.5012,3.5213,1,0.1115,OK,0.1,FORMATION_FOLLOW|FORMATION_FOLLOW|FORMATION_FOLLOW|FORMATION_FOLLOW,1,1,44.9,-1.268,-1.406,-4.907,-4.906,-32.21,-35.74,-32.265,-35.787,-5.059,-5.063,-5.061,-5.055
0.0,0.1,0.0,3.532,3.6394,5.1024,4.9325,3.5028,3.5204,1,0.1116,OK,0.1,FORMATION_FOLLOW|FORMATION_FOLLOW|FORMATION_FOLLOW|FORMATION_FOLLOW,1,1,45.0,-1.238,-1.375,-4.877,-4.878,-32.21,-35.74,-32.265,-35.786,-5.059,-5.063,-5.061,-5.056
0.0,0.1,0.0,3.5318,3.639,5.1026,4.9322,3.504,3.5195,1,0.1115,OK,0.1,FORMATION_FOLLOW|FORMATION_FOLLOW|FORMATION_FOLLOW|FORMATION_FOLLOW,1,1,45.1,-1.208,-1.345,-4.846,-4.849,-32.21,-35.739,-32.266,-35.785,-5.059,-5.063,-5.061,-5.056
0.0,0.1,0.0,3.5315,3.6385,5.1026,4.9315,3.5051,3.5182,1,0.1115,OK,0.1,FORMATION_FOLLOW|FORMATION_FOLLOW|FORMATION_FOLLOW|FORMATION_FOLLOW,1,1,45.2,-1.178,-1.315,-4.816,-4.82,-32.211,-35.739,-32.266,-35.785,-5.059,-5.062,-5.062,-5.056
0.0,0.1,0.0,3.5307,3.638,5.1028,4.9303,3.5062,3.5171,1,0.1116,OK,0.1,FORMATION_FOLLOW|FORMATION_FOLLOW|FORMATION_FOLLOW|FORMATION_FOLLOW,1,1,45.3,-1.148,-1.285,-4.786,-4.791,-32.211,-35.739,-32.267,-35.784,-5.059,-5.062,-5.062,-5.056
0.0,0.1,0.0,3.5297,3.6379,5.1031,4.9296,3.5073,3.5163,1,0.1117,OK,0.1,FORMATION_FOLLOW|FORMATION_FOLLOW|FORMATION_FOLLOW|FORMATION_FOLLOW,1,1,45.4,-1.118,-1.255,-4.756,-4.762,-32.211,-35.738,-32.267,-35.783,-5.059,-5.061,-5.062,-5.056
0.0,0.1,0.0,3.5289,3.638,5.1032,4.9292,3.5084,3.5155,1,0.1118,OK,0.1,FORMATION_FOLLOW|FORMATION_FOLLOW|FORMATION_FOLLOW|FORMATION_FOLLOW,1,1,45.5,-1.088,-1.225,-4.726,-4.734,-32.211,-35.738,-32.267,-35.783,-5.06,-5.061,-5.062,-5.056
0.0,0.1,0.0,3.5284,3.6382,5.1036,4.9289,3.5098,3.5146,1,0.1121,OK,0.1,FORMATION_FOLLOW|FORMATION_FOLLOW|FORMATION_FOLLOW|FORMATION_FOLLOW,1,1,45.6,-1.058,-1.195,-4.695,-4.705,-32.212,-35.737,-32.267,-35.782,-5.06,-5.061,-5.062,-5.057
0.0,0.1,0.0,3.5277,3.6382,5.104,4.9285,3.5115,3.5136,1,0.1123,OK,0.1,FORMATION_FOLLOW|FORMATION_FOLLOW|FORMATION_FOLLOW|FORMATION_FOLLOW,1,1,45.7,-1.027,-1.165,-4.665,-4.676,-32.212,-35.737,-32.268,-35.781,-5.06,-5.06,-5.061,-5.058
0.0,0.1,0.0,3.5271,3.6383,5.1044,4.9282,3.5133,3.5123,1,0.1125,OK,0.1,FORMATION_FOLLOW|FORMATION_FOLLOW|FORMATION_FOLLOW|FORMATION_FOLLOW,1,1,45.8,-0.997,-1.134,-4.635,-4.647,-32.212,-35.737,-32.268,-35.78,-5.061,-5.06,-5.06,-5.058
0.0,0.1,0.0,3.5267,3.6387,5.1043,4.9282,3.5146,3.511,1,0.1127,OK,0.1,FORMATION_FOLLOW|FORMATION_FOLLOW|FORMATION_FOLLOW|FORMATION_FOLLOW,1,1,45.9,-0.967,-1.104,-4.605,-4.618,-32.212,-35.736,-32.268,-35.779,-5.061,-5.06,-5.06,-5.059
0.0,0.1,0.0,3.5262,3.639,5.1037,4.9284,3.5152,3.51,1,0.1127,OK,0.1,FORMATION_FOLLOW|FORMATION_FOLLOW|FORMATION_FOLLOW|FORMATION_FOLLOW,1,1,46.0,-0.937,-1.073,-4.575,-4.588,-32.213,-35.736,-32.269,-35.778,-5.061,-5.06,-5.06,-5.059
0.0,0.1,0.0,3.5254,3.639,5.1028,4.9284,3.5154,3.5092,1,0.1123,OK,0.1,FORMATION_FOLLOW|FORMATION_FOLLOW|FORMATION_FOLLOW|FORMATION_FOLLOW,1,1,46.1,-0.907,-1.043,-4.545,-4.558,-32.213,-35.736,-32.269,-35.778,-5.061,-5.06,-5.059,-5.06
0.0,0.1,0.0,3.525,3.6386,5.1017,4.9282,3.5151,3.5086,1,0.1119,OK,0.1,FORMATION_FOLLOW|FORMATION_FOLLOW|FORMATION_FOLLOW|FORMATION_FOLLOW,1,1,46.2,-0.877,-1.013,-4.515,-4.528,-32.214,-35.736,-32.269,-35.777,-5.061,-5.06,-5.059,-5.06
0.0,0.1,0.0,3.5248,3.6383,5.1008,4.9284,3.5142,3.5088,1,0.1115,OK,0.1,FORMATION_FOLLOW|FORMATION_FOLLOW|FORMATION_FOLLOW|FORMATION_FOLLOW,1,1,46.3,-0.847,-0.983,-4.485,-4.497,-32.214,-35.736,-32.269,-35.777,-5.062,-5.06,-5.059,-5.06
0.0,0.1,0.0,3.5245,3.6377,5.0996,4.9288,3.5132,3.5095,1,0.1109,OK,0.1,FORMATION_FOLLOW|FORMATION_FOLLOW|FORMATION_FOLLOW|FORMATION_FOLLOW,1,1,46.4,-0.817,-0.953,-4.455,-4.466,-32.215,-35.737,-32.268,-35.777,-5.063,-5.06,-5.059,-5.06
0.0,0.1,0.0,3.5238,3.6369,5.0979,4.9292,3.5121,3.5102,1,0.1101,OK,0.1,FORMATION_FOLLOW|FORMATION_FOLLOW|FORMATION_FOLLOW|FORMATION_FOLLOW,1,1,46.5,-0.788,-0.923,-4.425,-4.435,-32.216,-35.737,-32.267,-35.777,-5.063,-5.06,-5.058,-5.06
0.0,0.1,0.0,3.5232,3.636,5.0958,4.9295,3.5108,3.5106,1,0.1091,OK,0.1,FORMATION_FOLLOW|FORMATION_FOLLOW|FORMATION_FOLLOW|FORMATION_FOLLOW,1,1,46.6,-0.759,-0.893,-4.394,-4.404,-32.217,-35.737,-32.267,-35.777,-5.064,-5.059,-5.058,-5.06
0.0,0.1,0.0,3.5226,3.6351,5.0932,4.93,3.5092,3.5107,1,0.1081,OK,0.1,FORMATION_FOLLOW|FORMATION_FOLLOW|FORMATION_FOLLOW|FORMATION_FOLLOW,1,1,46.7,-0.729,-0.864,-4.364,-4.373,-32.218,-35.738,-32.266,-35.776,-5.064,-5.059,-5.058,-5.06
0.0,0.1,0.0,3.5226,3.6342,5.091,4.9311,3.508,3.5112,1,0.107,OK,0.1,FORMATION_FOLLOW|FORMATION_FOLLOW|FORMATION_FOLLOW|FORMATION_FOLLOW,1,1,46.8,-0.7,-0.834,-4.334,-4.342,-32.218,-35.738,-32.265,-35.776,-5.065,-5.059,-5.058,-5.06
0.0,0.1,0.0,3.5232,3.6335,5.0892,4.9329,3.5073,3.5118,1,0.1059,OK,0.1,FORMATION_FOLLOW|FORMATION_FOLLOW|FORMATION_FOLLOW|FORMATION_FOLLOW,1,1,46.9,-0.671,-0.803,-4.304,-4.31,-32.219,-35.739,-32.265,-35.776,-5.065,-5.059,-5.058,-5.059
0.0,0.1,0.0,3.5238,3.633,5.0874,4.9347,3.5068,3.5123,1,0.1048,OK,0.1,FORMATION_FOLLOW|FORMATION_FOLLOW|FORMATION_FOLLOW|FORMATION_FOLLOW,1,1,47.0,-0.642,-0.772,-4.275,-4.279,-32.219,-35.74,-32.264,-35.776,-5.066,-5.059,-5.058,-5.059
0.0,0.1,0.0,3.524,3.6324,5.0856,4.9364,3.5067,3.5125,1,0.1036,OK,0.1,FORMATION_FOLLOW|FORMATION_FOLLOW|FORMATION_FOLLOW|FORMATION_FOLLOW,1,1,47.1,-0.613,-0.742,-4.245,-4.248,-32.219,-35.741,-32.264,-35.776,-5.066,-5.059,-5.058,-5.059
0.0,0.1,0.0,3.5235,3.6321,5.0839,4.9377,3.5069,3.5124,1,0.1027,OK,0.1,FORMATION_FOLLOW|FORMATION_FOLLOW|FORMATION_FOLLOW|FORMATION_FOLLOW,1,1,47.2,-0.584,-0.711,-4.216,-4.218,-32.22,-35.741,-32.263,-35.776,-5.066,-5.059,-5.058,-5.059
0.0,0.1,0.0,3.523,3.6319,5.0828,4.9386,3.5072,3.5125,1,0.1021,OK,0.1,FORMATION_FOLLOW|FORMATION_FOLLOW|FORMATION_FOLLOW|FORMATION_FOLLOW,1,1,47.3,-0.555,-0.68,-4.186,-4.187,-32.221,-35.741,-32.263,-35.776,-5.067,-5.059,-5.057,-5.059
0.0,0.1,0.0,3.5222,3.6314,5.0817,4.9391,3.5075,3.5127,1,0.1014,OK,0.1,FORMATION_FOLLOW|FORMATION_FOLLOW|FORMATION_FOLLOW|FORMATION_FOLLOW,1,1,47.4,-0.525,-0.65,-4.156,-4.157,-32.222,-35.741,-32.263,-35.775,-5.067,-5.059,-5.057,-5.059
0.0,0.1,0.0,3.5208,3.6305,5.0799,4.9394,3.5073,3.5128,1,0.1005,OK,0.1,FORMATION_FOLLOW|FORMATION_FOLLOW|FORMATION_FOLLOW|FORMATION_FOLLOW,1,1,47.5,-0.496,-0.62,-4.126,-4.127,-32.223,-35.742,-32.262,-35.775,-5.067,-5.06,-5.057,-5.06
0.0,0.1,0.0,3.5191,3.6297,5.0781,4.9395,3.5074,3.513,1,0.0996,OK,0.1,FORMATION_FOLLOW|FORMATION_FOLLOW|FORMATION_FOLLOW|FORMATION_FOLLOW,1,1,47.6,-0.466,-0.59,-4.096,-4.097,-32.225,-35.742,-32.262,-35.775,-5.067,-5.06,-5.057,-5.06
0.0,0.1,0.0,3.5171,3.6288,5.0767,4.9397,3.5078,3.5134,1,0.0987,OK,0.1,FORMATION_FOLLOW|FORMATION_FOLLOW|FORMATION_FOLLOW|FORMATION_FOLLOW,1,1,47.7,-0.437,-0.56,-4.066,-4.067,-32.227,-35.741,-32.262,-35.775,-5.067,-5.06,-5.057,-5.059
0.0,0.1,0.0,3.5156,3.6277,5.0752,4.9391,3.5074,3.5137,1,0.0978,OK,0.1,FORMATION_FOLLOW|FORMATION_FOLLOW|FORMATION_FOLLOW|FORMATION_FOLLOW,1,1,47.8,-0.408,-0.53,-4.035,-4.037,-32.228,-35.741,-32.262,-35.775,-5.067,-5.06,-5.057,-5.059
0.0,0.1,0.0,3.5138,3.626,5.0737,4.9376,3.5064,3.5137,1,0.0969,OK,0.1,FORMATION_FOLLOW|FORMATION_FOLLOW|FORMATION_FOLLOW|FORMATION_FOLLOW,1,1,47.9,-0.379,-0.501,-4.005,-4.007,-32.229,-35.741,-32.262,-35.776,-5.067,-5.06,-5.057,-5.059
0.0,0.1,0.0,3.5123,3.6243,5.0725,4.9358,3.5056,3.5135,1,0.096,OK,0.1,FORMATION_FOLLOW|FORMATION_FOLLOW|FORMATION_FOLLOW|FORMATION_FOLLOW,1,1,48.0,-0.35,-0.472,-3.974,-3.977,-32.23,-35.74,-32.263,-35.776,-5.067,-5.06,-5.057,-5.06
0.0,0.1,0.0,3.5113,3.6226,5.0717,4.9341,3.5047,3.5137,1,0.0952,OK,0.1,FORMATION_FOLLOW|FORMATION_FOLLOW|FORMATION_FOLLOW|FORMATION_FOLLOW,1,1,48.1,-0.321,-0.443,-3.944,-3.947,-32.231,-35.74,-32.263,-35.777,-5.066,-5.06,-5.057,-5.06
0.0,0.1,0.0,3.5104,3.6216,5.0712,4.9326,3.5033,3.5142,1,0.0949,OK,0.1,FORMATION_FOLLOW|FORMATION_FOLLOW|FORMATION_FOLLOW|FORMATION_FOLLOW,1,1,48.2,-0.291,-0.414,-3.913,-3.917,-32.231,-35.739,-32.263,-35.777,-5.066,-5.06,-5.057,-5.06
0.0,0.1,0.0,3.5094,3.6208,5.0705,4.9311,3.5019,3.5143,1,0.0945,OK,0.1,FORMATION_FOLLOW|FORMATION_FOLLOW|FORMATION_FOLLOW|FORMATION_FOLLOW,1,1,48.3,-0.262,-0.384,-3.882,-3.886,-32.231,-35.738,-32.263,-35.777,-5.066,-5.06,-5.057,-5.061
0.0,0.1,0.0,3.5082,3.6201,5.0699,4.9295,3.501,3.514,1,0.0941,OK,0.1,FORMATION_FOLLOW|FORMATION_FOLLOW|FORMATION_FOLLOW|FORMATION_FOLLOW,1,1,48.4,-0.232,-0.355,-3.852,-3.856,-32.231,-35.737,-32.263,-35.777,-5.066,-5.06,-5.057,-5.061
0.0,0.1,0.0,3.5071,3.6192,5.0691,4.9282,3.5005,3.5136,1,0.0935,OK,0.1,FORMATION_FOLLOW|FORMATION_FOLLOW|FORMATION_FOLLOW|FORMATION_FOLLOW,1,1,48.5,-0.202,-0.325,-3.821,-3.825,-32.231,-35.736,-32.263,-35.777,-5.066,-5.06,-5.057,-5.061
0.0,0.1,0.0,3.5061,3.6181,5.0686,4.9272,3.5004,3.5136,1,0.0929,OK,0.1,FORMATION_FOLLOW|FORMATION_FOLLOW|FORMATION_FOLLOW|FORMATION_FOLLOW,1,1,48.6,-0.172,-0.294,-3.79,-3.794,-32.231,-35.735,-32.263,-35.776,-5.066,-5.06,-5.056,-5.061
0.0,0.1,0.0,3.5052,3.617,5.0682,4.9259,3.5004,3.5133,1,0.0923,OK,0.1,FORMATION_FOLLOW|FORMATION_FOLLOW|FORMATION_FOLLOW|FORMATION_FOLLOW,1,1,48.7,-0.143,-0.264,-3.76,-3.764,-32.231,-35.734,-32.263,-35.776,-5.066,-5.059,-5.056,-5.061
0.0,0.1,0.0,3.5045,3.6161,5.068,4.9251,3.5005,3.5133,1,0.0918,OK,0.1,FORMATION_FOLLOW|FORMATION_FOLLOW|FORMATION_FOLLOW|FORMATION_FOLLOW,1,1,48.8,-0.113,-0.234,-3.729,-3.734,-32.23,-35.733,-32.263,-35.776,-5.066,-5.059,-5.056,-5.062
0.0,0.1,0.0,3.5043,3.6153,5.0679,4.9246,3.5008,3.5132,1,0.0915,OK,0.1,FORMATION_FOLLOW|FORMATION_FOLLOW|FORMATION_FOLLOW|FORMATION_FOLLOW,1,1,48.9,-0.083,-0.204,-3.698,-3.704,-32.23,-35.733,-32.263,-35.776,-5.066,-5.059,-5.056,-5.062
0.0,0.1,0.0,3.5045,3.6143,5.0675,4.9245,3.5011,3.513,1,0.091,OK,0.1,FORMATION_FOLLOW|FORMATION_FOLLOW|FORMATION_FOLLOW|FORMATION_FOLLOW,1,1,49.0,-0.054,-0.173,-3.668,-3.674,-32.231,-35.733,-32.263,-35.776,-5.066,-5.059,-5.056,-5.062
0.0,0.1,0.0,3.505,3.6134,5.067,4.9249,3.5015,3.5128,1,0.0904,OK,0.1,FORMATION_FOLLOW|FORMATION_FOLLOW|FORMATION_FOLLOW|FORMATION_FOLLOW,1,1,49.1,-0.024,-0.143,-3.638,-3.644,-32.23,-35.733,-32.263,-35.776,-5.066,-5.059,-5.056,-5.062
0.0,0.1,0.0,3.5051,3.6126,5.0665,4.9253,3.5023,3.5126,1,0.0897,OK,0.1,FORMATION_FOLLOW|FORMATION_FOLLOW|FORMATION_FOLLOW|FORMATION_FOLLOW,1,1,49.2,0.005,-0.112,-3.608,-3.615,-32.231,-35.734,-32.263,-35.776,-5.066,-5.059,-5.057,-5.062
0.0,0.1,0.0,3.5051,3.6118,5.0664,4.9257,3.5032,3.5128,1,0.0892,OK,0.1,FORMATION_FOLLOW|FORMATION_FOLLOW|FORMATION_FOLLOW|FORMATION_FOLLOW,1,1,49.3,0.034,-0.082,-3.577,-3.585,-32.23,-35.734,-32.263,-35.776,-5.065,-5.059,-5.057,-5.062
0.0,0.1,0.0,3.505,3.6103,5.0665,4.9253,3.5043,3.5128,1,0.0886,OK,0.1,FORMATION_FOLLOW|FORMATION_FOLLOW|FORMATION_FOLLOW|FORMATION_FOLLOW,1,1,49.4,0.063,-0.052,-3.547,-3.556,-32.23,-35.733,-32.263,-35.775,-5.065,-5.059,-5.058,-5.062
0.0,0.1,0.0,3.5047,3.6084,5.0663,4.9244,3.5055,3.5124,1,0.0877,OK,0.1,FORMATION_FOLLOW|FORMATION_FOLLOW|FORMATION_FOLLOW|FORMATION_FOLLOW,1,1,49.5,0.092,-0.021,-3.516,-3.527,-32.229,-35.732,-32.263,-35.775,-5.066,-5.059,-5.058,-5.062
0.0,0.1,0.0,3.5043,3.6061,5.0658,4.9234,3.5064,3.5119,1,0.0865,OK,0.1,FORMATION_FOLLOW|FORMATION_FOLLOW|FORMATION_FOLLOW|FORMATION_FOLLOW,1,1,49.6,0.121,0.009,-3.485,-3.497,-32.229,-35.731,-32.263,-35.775,-5.066,-5.06,-5.059,-5.063
0.0,0.1,0.0,3.5041,3.604,5.0651,4.9229,3.5075,3.5115,1,0.0853,OK,0.1,FORMATION_FOLLOW|FORMATION_FOLLOW|FORMATION_FOLLOW|FORMATION_FOLLOW,1,1,49.7,0.149,0.039,-3.455,-3.468,-32.229,-35.731,-32.263,-35.775,-5.066,-5.06,-5.059,-5.063
0.0,0.1,0.0,3.5037,3.6023,5.0644,4.9227,3.5087,3.5108,1,0.0843,OK,0.1,FORMATION_FOLLOW|FORMATION_FOLLOW|FORMATION_FOLLOW|FORMATION_FOLLOW,1,1,49.8,0.178,0.07,-3.425,-3.439,-32.229,-35.731,-32.264,-35.774,-5.067,-5.061,-5.059,-5.063
0.0,0.1,0.0,3.5035,3.6007,5.0634,4.9221,3.5096,3.5093,1,0.0833,OK,0.1,FORMATION_FOLLOW|FORMATION_FOLLOW|FORMATION_FOLLOW|FORMATION_FOLLOW,1,1,49.9,0.206,0.1,-3.394,-3.409,-32.229,-35.731,-32.265,-35.774,-5.067,-5.061,-5.058,-5.063
0.0,0.1,0.0,3.5038,3.599,5.0623,4.9215,3.5105,3.5075,1,0.0823,OK,0.1,FORMATION_FOLLOW|FORMATION_FOLLOW|FORMATION_FOLLOW|FORMATION_FOLLOW,1,1,49.999,0.235,0.13,-3.364,-3.38,-32.229,-35.732,-32.266,-35.773,-5.066,-5.062,-5.058,-5.063
0.0,0.1,0.0,3.5047,3.5976,5.0615,4.9216,3.5116,3.506,1,0.0817,OK,0.1,FORMATION_FOLLOW|FORMATION_FOLLOW|FORMATION_FOLLOW|FORMATION_FOLLOW,1,1,50.099,0.264,0.16,-3.334,-3.351,-32.23,-35.733,-32.266,-35.772,-5.066,-5.062,-5.058,-5.063
0.0,0.1,0.0,3.5057,3.5962,5.0611,4.9221,3.5126,3.5054,1,0.081,OK,0.1,FORMATION_FOLLOW|FORMATION_FOLLOW|FORMATION_FOLLOW|FORMATION_FOLLOW,1,1,50.199,0.293,0.191,-3.303,-3.322,-32.23,-35.734,-32.267,-35.772,-5.065,-5.063,-5.058,-5.063
0.0,0.1,0.0,3.5071,3.5952,5.0611,4.9225,3.513,3.5051,1,0.0806,OK,0.1,FORMATION_FOLLOW|FORMATION_FOLLOW|FORMATION_FOLLOW|FORMATION_FOLLOW,1,1,50.299,0.322,0.221,-3.273,-3.292,-32.229,-35.735,-32.267,-35.772,-5.065,-5.063,-5.058,-5.062
0.0,0.1,0.0,3.5088,3.5943,5.0614,4.9226,3.5131,3.5048,1,0.0805,OK,0.1,FORMATION_FOLLOW|FORMATION_FOLLOW|FORMATION_FOLLOW|FORMATION_FOLLOW,1,1,50.399,0.352,0.251,-3.242,-3.262,-32.229,-35.736,-32.268,-35.772,-5.065,-5.064,-5.058,-5.062
0.0,0.1,0.0,3.5104,3.593,5.0613,4.9226,3.5133,3.5042,1,0.0802,OK,0.1,FORMATION_FOLLOW|FORMATION_FOLLOW|FORMATION_FOLLOW|FORMATION_FOLLOW,1,1,50.499,0.382,0.281,-3.211,-3.232,-32.228,-35.737,-32.268,-35.772,-5.064,-5.064,-5.058,-5.062
0.0,0.1,0.0,3.5114,3.5916,5.0609,4.9225,3.5136,3.5035,1,0.0797,OK,0.1,FORMATION_FOLLOW|FORMATION_FOLLOW|FORMATION_FOLLOW|FORMATION_FOLLOW,1,1,50.599,0.411,0.311,-3.18,-3.202,-32.228,-35.738,-32.268,-35.772,-5.064,-5.064,-5.058,-5.061
0.0,0.1,0.0,3.5122,3.5905,5.06,4.9222,3.5133,3.5025,1,0.0793,OK,0.1,FORMATION_FOLLOW|FORMATION_FOLLOW|FORMATION_FOLLOW|FORMATION_FOLLOW,1,1,50.699,0.441,0.341,-3.15,-3.172,-32.228,-35.739,-32.268,-35.771,-5.064,-5.064,-5.058,-5.061
0.0,0.1,0.0,3.513,3.5898,5.0593,4.9217,3.5129,3.5011,1,0.0793,OK,0.1,FORMATION_FOLLOW|FORMATION_FOLLOW|FORMATION_FOLLOW|FORMATION_FOLLOW,1,1,50.799,0.47,0.37,-3.119,-3.143,-32.228,-35.74,-32.269,-35.77,-5.064,-5.064,-5.057,-5.061
0.0,0.1,0.0,3.5143,3.5897,5.0589,4.9218,3.5126,3.4997,1,0.0795,OK,0.1,FORMATION_FOLLOW|FORMATION_FOLLOW|FORMATION_FOLLOW|FORMATION_FOLLOW,1,1,50.899,0.5,0.399,-3.09,-3.113,-32.228,-35.741,-32.269,-35.769,-5.064,-5.064,-5.056,-5.06
0.0,0.1,0.0,3.5154,3.5896,5.0581,4.9224,3.5124,3.4986,1,0.0793,OK,0.1,FORMATION_FOLLOW|FORMATION_FOLLOW|FORMATION_FOLLOW|FORMATION_FOLLOW,1,1,50.999,0.529,0.429,-3.06,-3.083,-32.228,-35.742,-32.27,-35.768,-5.064,-5.065,-5.056,-5.06
0.0,0.1,0.0,3.5166,3.5894,5.0571,4.9233,3.5123,3.4975,1,0.0791,OK,0.1,FORMATION_FOLLOW|FORMATION_FOLLOW|FORMATION_FOLLOW|FORMATION_FOLLOW,1,1,51.099,0.559,0.459,-3.03,-3.053,-32.228,-35.743,-32.27,-35.767,-5.064,-5.065,-5.056,-5.059
0.0,0.1,0.0,3.5177,3.5895,5.0561,4.924,3.5121,3.4961,1,0.0791,OK,0.1,FORMATION_FOLLOW|FORMATION_FOLLOW|FORMATION_FOLLOW|FORMATION_FOLLOW,1,1,51.199,0.588,0.488,-3.001,-3.024,-32.228,-35.744,-32.27,-35.766,-5.064,-5.064,-5.056,-5.059
0.0,0.1,0.0,3.5187,3.5896,5.0551,4.9243,3.5114,3.4946,1,0.0791,OK,0.1,FORMATION_FOLLOW|FORMATION_FOLLOW|FORMATION_FOLLOW|FORMATION_FOLLOW,1,1,51.299,0.618,0.518,-2.972,-2.994,-32.228,-35.745,-32.27,-35.764,-5.063,-5.064,-5.057,-5.058
0.0,0.1,0.0,3.5194,3.5901,5.0541,4.9248,3.5107,3.4934,1,0.0792,OK,0.1,FORMATION_FOLLOW|FORMATION_FOLLOW|FORMATION_FOLLOW|FORMATION_FOLLOW,1,1,51.399,0.648,0.547,-2.942,-2.964,-32.227,-35.745,-32.27,-35.763,-5.063,-5.064,-5.057,-5.058
0.0,0.1,0.0,3.5202,3.591,5.0533,4.9258,3.5103,3.4926,1,0.0794,OK,0.1,FORMATION_FOLLOW|FORMATION_FOLLOW|FORMATION_FOLLOW|FORMATION_FOLLOW,1,1,51.499,0.678,0.577,-2.913,-2.934,-32.227,-35.746,-32.269,-35.762,-5.062,-5.063,-5.057,-5.057
0.0,0.1,0.0,3.5206,3.5919,5.0526,4.9266,3.5097,3.4918,1,0.0797,OK,0.1,FORMATION_FOLLOW|FORMATION_FOLLOW|FORMATION_FOLLOW|FORMATION_FOLLOW,1,1,51.599,0.707,0.606,-2.884,-2.904,-32.227,-35.746,-32.269,-35.761,-5.062,-5.063,-5.057,-5.058
0.0,0.1,0.0,3.5208,3.5929,5.0522,4.9276,3.5098,3.4914,1,0.0799,OK,0.1,FORMATION_FOLLOW|FORMATION_FOLLOW|FORMATION_FOLLOW|FORMATION_FOLLOW,1,1,51.699,0.737,0.636,-2.856,-2.874,-32.227,-35.746,-32.269,-35.76,-5.062,-5.062,-5.058,-5.058
0.0,0.1,0.0,3.5206,3.5935,5.0524,4.9277,3.5101,3.4911,1,0.0801,OK,0.1,FORMATION_FOLLOW|FORMATION_FOLLOW|FORMATION_FOLLOW|FORMATION_FOLLOW,1,1,51.799,0.766,0.665,-2.827,-2.845,-32.226,-35.746,-32.269,-35.76,-5.062,-5.062,-5.058,-5.059
0.0,0.1,0.0,3.5203,3.5941,5.053,4.9273,3.5103,3.4909,1,0.0805,OK,0.1,FORMATION_FOLLOW|FORMATION_FOLLOW|FORMATION_FOLLOW|FORMATION_FOLLOW,1,1,51.899,0.796,0.695,-2.797,-2.816,-32.226,-35.745,-32.269,-35.76,-5.062,-5.062,-5.059,-5.059
0.0,0.1,0.0,3.5203,3.5945,5.0534,4.9269,3.5101,3.4907,1,0.0809,OK,0.1,FORMATION_FOLLOW|FORMATION_FOLLOW|FORMATION_FOLLOW|FORMATION_FOLLOW,1,1,51.999,0.826,0.724,-2.768,-2.786,-32.226,-35.745,-32.269,-35.76,-5.062,-5.062,-5.059,-5.059
0.0,0.1,0.0,3.5203,3.5946,5.0538,4.9263,3.5101,3.4904,1,0.0811,OK,0.1,FORMATION_FOLLOW|FORMATION_FOLLOW|FORMATION_FOLLOW|FORMATION_FOLLOW,1,1,52.099,0.856,0.754,-2.738,-2.756,-32.226,-35.745,-32.269,-35.76,-5.061,-5.062,-5.06,-5.059
0.0,0.1,0.0,3.5204,3.5946,5.0543,4.9255,3.5103,3.4895,1,0.0814,OK,0.1,FORMATION_FOLLOW|FORMATION_FOLLOW|FORMATION_FOLLOW|FORMATION_FOLLOW,1,1,52.199,0.886,0.783,-2.708,-2.727,-32.225,-35.744,-32.27,-35.76,-5.061,-5.062,-5.06,-5.059
0.0,0.1,0.0,3.5205,3.5953,5.0549,4.9252,3.5107,3.4888,1,0.0819,OK,0.1,FORMATION_FOLLOW|FORMATION_FOLLOW|FORMATION_FOLLOW|FORMATION_FOLLOW,1,1,52.299,0.917,0.813,-2.678,-2.697,-32.225,-35.744,-32.271,-35.76,-5.061,-5.062,-5.059,-5.059
0.0,0.1,0.0,3.5205,3.5961,5.0554,4.9256,3.5115,3.4887,1,0.0823,OK,0.1,FORMATION_FOLLOW|FORMATION_FOLLOW|FORMATION_FOLLOW|FORMATION_FOLLOW,1,1,52.399,0.947,0.843,-2.649,-2.668,-32.225,-35.744,-32.271,-35.76,-5.06,-5.062,-5.059,-5.059
0.0,0.1,0.0,3.5202,3.5965,5.0556,4.9258,3.5118,3.4887,1,0.0826,OK,0.1,FORMATION_FOLLOW|FORMATION_FOLLOW|FORMATION_FOLLOW|FORMATION_FOLLOW,1,1,52.499,0.977,0.873,-2.619,-2.639,-32.226,-35.745,-32.271,-35.76,-5.059,-5.061,-5.059,-5.059
0.0,0.1,0.0,3.5199,3.5967,5.0558,4.9257,3.5118,3.489,1,0.0828,OK,0.1,FORMATION_FOLLOW|FORMATION_FOLLOW|FORMATION_FOLLOW|FORMATION_FOLLOW,1,1,52.599,1.007,0.903,-2.589,-2.609,-32.226,-35.745,-32.271,-35.76,-5.059,-5.061,-5.059,-5.059
0.0,0.1,0.0,3.52,3.5968,5.0561,4.9259,3.5118,3.4896,1,0.083,OK,0.1,FORMATION_FOLLOW|FORMATION_FOLLOW|FORMATION_FOLLOW|FORMATION_FOLLOW,1,1,52.699,1.037,0.932,-2.559,-2.579,-32.227,-35.745,-32.27,-35.76,-5.059,-5.061,-5.059,-5.059
0.0,0.1,0.0,3.5199,3.5965,5.0564,4.926,3.5119,3.4903,1,0.0831,OK,0.1,FORMATION_FOLLOW|FORMATION_FOLLOW|FORMATION_FOLLOW|FORMATION_FOLLOW,1,1,52.799,1.067,0.962,-2.529,-2.55,-32.227,-35.745,-32.27,-35.76,-5.059,-5.061,-5.059,-5.059
0.0,0.1,0.0,3.5193,3.5957,5.0559,4.9257,3.5119,3.4907,1,0.0827,OK,0.1,FORMATION_FOLLOW|FORMATION_FOLLOW|FORMATION_FOLLOW|FORMATION_FOLLOW,1,1,52.899,1.097,0.991,-2.499,-2.521,-32.228,-35.746,-32.27,-35.761,-5.059,-5.061,-5.059,-5.058
0.0,0.1,0.0,3.519,3.5947,5.0554,4.9252,3.5117,3.4908,1,0.0822,OK,0.1,FORMATION_FOLLOW|FORMATION_FOLLOW|FORMATION_FOLLOW|FORMATION_FOLLOW,1,1,52.999,1.126,1.021,-2.468,-2.491,-32.228,-35.746,-32.27,-35.761,-5.059,-5.061,-5.059,-5.058
0.0,0.1,0.0,3.5188,3.5937,5.055,4.9246,3.5115,3.4907,1,0.0817,OK,0.1,FORMATION_FOLLOW|FORMATION_FOLLOW|FORMATION_FOLLOW|FORMATION_FOLLOW,1,1,53.099,1.155,1.051,-2.438,-2.461,-32.229,-35.746,-32.27,-35.761,-5.059,-5.061,-5.059,-5.058
0.0,0.1,0.0,3.5191,3.5927,5.0546,4.9247,3.5117,3.4908,1,0.0812,OK,0.1,FORMATION_FOLLOW|FORMATION_FOLLOW|FORMATION_FOLLOW|FORMATION_FOLLOW,1,1,53.199,1.185,1.081,-2.408,-2.431,-32.229,-35.746,-32.27,-35.761,-5.059,-5.061,-5.059,-5.057
0.0,0.1,0.0,3.5193,3.592,5.0544,4.9251,3.512,3.4911,1,0.0807,OK,0.1,FORMATION_FOLLOW|FORMATION_FOLLOW|FORMATION_FOLLOW|FORMATION_FOLLOW,1,1,53.299,1.214,1.112,-2.378,-2.4,-32.229,-35.747,-32.27,-35.762,-5.059,-5.061,-5.059,-5.057
0.0,0.1,0.0,3.5192,3.5916,5.0543,4.9254,3.5124,3.4915,1,0.0803,OK,0.1,FORMATION_FOLLOW|FORMATION_FOLLOW|FORMATION_FOLLOW|FORMATION_FOLLOW,1,1,53.399,1.244,1.142,-2.348,-2.371,-32.229,-35.747,-32.271,-35.762,-5.058,-5.06,-5.058,-5.058
0.0,0.1,0.0,3.5192,3.5915,5.0544,4.9255,3.5128,3.4915,1,0.0802,OK,0.1,FORMATION_FOLLOW|FORMATION_FOLLOW|FORMATION_FOLLOW|FORMATION_FOLLOW,1,1,53.499,1.273,1.172,-2.318,-2.341,-32.229,-35.747,-32.271,-35.763,-5.058,-5.06,-5.058,-5.058
0.0,0.1,0.0,3.5193,3.5912,5.0544,4.9253,3.5128,3.4915,1,0.0799,OK,0.1,FORMATION_FOLLOW|FORMATION_FOLLOW|FORMATION_FOLLOW|FORMATION_FOLLOW,1,1,53.599,1.303,1.202,-2.288,-2.311,-32.229,-35.747,-32.272,-35.763,-5.058,-5.06,-5.057,-5.058
0.0,0.1,0.0,3.5191,3.5905,5.0547,4.9244,3.5124,3.4918,1,0.0797,OK,0.1,FORMATION_FOLLOW|FORMATION_FOLLOW|FORMATION_FOLLOW|FORMATION_FOLLOW,1,1,53.699,1.332,1.232,-2.258,-2.281,-32.229,-35.747,-32.272,-35.764,-5.058,-5.059,-5.056,-5.059
0.0,0.1,0.0,3.5191,3.5895,5.0545,4.9231,3.5116,3.4918,1,0.0793,OK,0.1,FORMATION_FOLLOW|FORMATION_FOLLOW|FORMATION_FOLLOW|FORMATION_FOLLOW,1,1,53.799,1.362,1.261,-2.227,-2.25,-32.229,-35.747,-32.273,-35.765,-5.058,-5.059,-5.056,-5.059
0.0,0.1,0.0,3.5189,3.5884,5.0542,4.9221,3.5108,3.4919,1,0.0788,OK,0.1,FORMATION_FOLLOW|FORMATION_FOLLOW|FORMATION_FOLLOW|FORMATION_FOLLOW,1,1,53.899,1.391,1.291,-2.197,-2.22,-32.23,-35.747,-32.274,-35.766,-5.057,-5.059,-5.055,-5.059
0.0,0.1,0.0,3.5186,3.5875,5.0541,4.9211,3.5101,3.4923,1,0.0785,OK,0.1,FORMATION_FOLLOW|FORMATION_FOLLOW|FORMATION_FOLLOW|FORMATION_FOLLOW,1,1,53.999,1.421,1.32,-2.166,-2.19,-32.23,-35.747,-32.274,-35.766,-5.056,-5.059,-5.054,-5.059
0.0,0.1,0.0,3.5185,3.5871,5.054,4.9204,3.5091,3.4928,1,0.0784,OK,0.1,FORMATION_FOLLOW|FORMATION_FOLLOW|FORMATION_FOLLOW|FORMATION_FOLLOW,1,1,54.099,1.451,1.35,-2.136,-2.159,-32.229,-35.746,-32.274,-35.767,-5.056,-5.06,-5.054,-5.059
0.0,0.1,0.0,3.5182,3.5868,5.0542,4.9193,3.5084,3.4927,1,0.0785,OK,0.1,FORMATION_FOLLOW|FORMATION_FOLLOW|FORMATION_FOLLOW|FORMATION_FOLLOW,1,1,54.199,1.481,1.379,-2.106,-2.129,-32.229,-35.746,-32.274,-35.766,-5.055,-5.06,-5.054,-5.06
0.0,0.1,0.0,3.5179,3.5864,5.0545,4.9177,3.5079,3.4922,1,0.0787,OK,0.1,FORMATION_FOLLOW|FORMATION_FOLLOW|FORMATION_FOLLOW|FORMATION_FOLLOW,1,1,54.299,1.511,1.408,-2.076,-2.099,-32.228,-35.745,-32.274,-35.766,-5.054,-5.06,-5.054,-5.06
0.0,0.1,0.0,3.5178,3.5858,5.0546,4.9166,3.5074,3.4918,1,0.0786,OK,0.1,FORMATION_FOLLOW|FORMATION_FOLLOW|FORMATION_FOLLOW|FORMATION_FOLLOW,1,1,54.399,1.54,1.438,-2.045,-2.069,-32.228,-35.744,-32.275,-35.766,-5.054,-5.06,-5.053,-5.061
0.0,0.1,0.0,3.5177,3.5853,5.0544,4.9158,3.5069,3.4916,1,0.0784,OK,0.1,FORMATION_FOLLOW|FORMATION_FOLLOW|FORMATION_FOLLOW|FORMATION_FOLLOW,1,1,54.499,1.57,1.467,-2.015,-2.039,-32.228,-35.744,-32.275,-35.766,-5.053,-5.06,-5.053,-5.061
0.0,0.1,0.0,3.518,3.5851,5.0545,4.9159,3.5064,3.4925,1,0.0782,OK,0.1,FORMATION_FOLLOW|FORMATION_FOLLOW|FORMATION_FOLLOW|FORMATION_FOLLOW,1,1,54.599,1.599,1.497,-1.986,-2.009,-32.227,-35.743,-32.274,-35.767,-5.052,-5.06,-5.052,-5.062
0.0,0.1,0.0,3.5183,3.5847,5.0543,4.9166,3.5062,3.4935,1,0.0778,OK,0.1,FORMATION_FOLLOW|FORMATION_FOLLOW|FORMATION_FOLLOW|FORMATION_FOLLOW,1,1,54.699,1.628,1.527,-1.956,-1.979,-32.227,-35.743,-32.274,-35.767,-5.052,-5.06,-5.052,-5.062
0.0,0.1,0.0,3.5182,3.5843,5.054,4.9175,3.5067,3.4941,1,0.0773,OK,0.1,FORMATION_FOLLOW|FORMATION_FOLLOW|FORMATION_FOLLOW|FORMATION_FOLLOW,1,1,54.799,1.657,1.558,-1.927,-1.949,-32.226,-35.743,-32.273,-35.767,-5.051,-5.061,-5.052,-5.063
0.0,0.1,0.0,3.518,3.5836,5.0533,4.9177,3.507,3.4942,1,0.0766,OK,0.1,FORMATION_FOLLOW|FORMATION_FOLLOW|FORMATION_FOLLOW|FORMATION_FOLLOW,1,1,54.899,1.687,1.588,-1.897,-1.919,-32.226,-35.743,-32.273,-35.767,-5.051,-5.061,-5.052,-5.063
0.0,0.1,0.0,3.5175,3.5825,5.0522,4.9175,3.5067,3.4942,1,0.0757,OK,0.1,FORMATION_FOLLOW|FORMATION_FOLLOW|FORMATION_FOLLOW|FORMATION_FOLLOW,1,1,54.999,1.715,1.618,-1.867,-1.889,-32.226,-35.743,-32.273,-35.767,-5.051,-5.061,-5.052,-5.063
