absent,cur_x,cur_y,cur_z,d_0_1,d_0_2,d_0_3,d_0_4,d_0_5,d_1_2,d_1_3,d_1_4,d_1_5,d_2_3,d_2_4,d_2_5,d_3_4,d_3_5,d_4_5,episodes,form_err,form_err_present,formation_state,max_drift,modes,p1_ok,p2_ok,t,x0,x1,x2,x3,x4,x5,y0,y1,y2,y3,y4,y5,z0,z1,z2,z3,z4,z5
,0.0,-0.2,0.003,3.5002,6.9998,10.5003,14.0001,17.4999,3.4997,7.0001,10.4999,13.9997,3.5005,7.0002,10.5001,3.4998,6.9996,3.4998,0,0.0003,0.0003,OK,0.2,FORMATION_FOLLOW|FORMATION_FOLLOW|FORMATION_FOLLOW|FORMATION_FOLLOW|FORMATION_FOLLOW|FORMATION_FOLLOW,1,1,0.1,-16.0,-16.0,-16.0,-16.0,-16.0,-16.0,-25.252,-28.752,-32.251,-35.752,-39.252,-42.751,-5.0,-5.0,-5.0,-5.0,-5.0,-5.0
,0.0,-0.2,0.005,3.5006,6.9994,10.5008,14.0001,17.4997,3.4988,7.0001,10.4995,13.9991,3.5013,7.0007,10.5003,3.4993,6.999,3.4996,0,0.0008,0.0008,OK,0.2,FORMATION_FOLLOW|FORMATION_FOLLOW|FORMATION_FOLLOW|FORMATION_FOLLOW|FORMATION_FOLLOW|FORMATION_FOLLOW,1,1,0.2,-16.0,-16.0,-15.999,-16.0,-16.0,-16.0,-25.255,-28.756,-32.254,-35.756,-39.255,-42.755,-5.002,-5.001,-5.001,-5.001,-5.001,-5.001
,0.0,-0.2,0.008,3.5014,6.9993,10.5014,14.0001,17.5,3.498,7.0,10.4988,13.9986,3.502,7.0008,10.5006,3.4988,6.9986,3.4999,0,0.0013,0.0013,OK,0.2,FORMATION_FOLLOW|FORMATION_FOLLOW|FORMATION_FOLLOW|FORMATION_FOLLOW|FORMATION_FOLLOW|FORMATION_FOLLOW,1,1,0.3,-15.999,-15.999,-15.999,-15.999,-16.001,-16.0,-25.26,-28.761,-32.259,-35.761,-39.26,-42.76,-5.003,-5.003,-5.002,-5.002,-5.003,-5.002
,0.0,-0.2,0.01,3.5026,6.9997,10.5021,14.0008,17.5007,3.4971,6.9995,10.4982,13.9981,3.5024,7.0011,10.501,3.4987,6.9986,3.4999,0,0.0021,0.0021,OK,0.2,FORMATION_FOLLOW|FORMATION_FOLLOW|FORMATION_FOLLOW|FORMATION_FOLLOW|FORMATION_FOLLOW|FORMATION_FOLLOW,1,1,0.4,-15.998,-15.999,-15.999,-15.998,-16.001,-16.001,-25.265,-28.768,-32.265,-35.767,-39.266,-42.766,-5.005,-5.005,-5.003,-5.003,-5.004,-5.004
,0.0,-0.2,0.013,3.5041,7.0003,10.5034,14.0018,17.5017,3.4962,6.9993,10.4978,13.9977,3.5031,7.0015,10.5014,3.4985,6.9984,3.4999,0,0.0033,0.0033,OK,0.2,FORMATION_FOLLOW|FORMATION_FOLLOW|FORMATION_FOLLOW|FORMATION_FOLLOW|FORMATION_FOLLOW|FORMATION_FOLLOW,1,1,0.5,-15.997,-15.998,-15.999,-15.998,-16.002,-16.001,-25.271,-28.775,-32.271,-35.774,-39.272,-42.772,-5.008,-5.007,-5.004,-5.004,-5.006,-5.006
,0.0,-0.2,0.015,3.5056,7.0014,10.505,14.0029,17.5027,3.4958,6.9994,10.4973,13.9972,3.5036,7.0015,10.5014,3.4979,6.9978,3.4998,0,0.0045,0.0045,OK,0.201,FORMATION_FOLLOW|FORMATION_FOLLOW|FORMATION_FOLLOW|FORMATION_FOLLOW|FORMATION_FOLLOW|FORMATION_FOLLOW,1,1,0.6,-15.996,-15.997,-16.0,-15.997,-16.003,-16.002,-25.276,-28.782,-32.278,-35.781,-39.279,-42.779,-5.01,-5.009,-5.006,-5.006,-5.008,-5.008
,0.0,-0.2,0.017,3.5072,7.0026,10.5065,14.004,17.5037,3.4954,6.9993,10.4968,13.9965,3.5039,7.0014,10.5011,3.4975,6.9972,3.4997,0,0.0057,0.0057,OK,0.201,FORMATION_FOLLOW|FORMATION_FOLLOW|FORMATION_FOLLOW|FORMATION_FOLLOW|FORMATION_FOLLOW|FORMATION_FOLLOW,1,1,0.7,-15.996,-15.996,-16.001,-15.997,-16.003,-16.002,-25.282,-28.789,-32.285,-35.788,-39.286,-42.786,-5.012,-5.01,-5.008,-5.007,-5.009,-5.011
,0.0,-0.2,0.02,3.5082,7.0035,10.5078,14.0049,17.5043,3.4953,6.9996,10.4966,13.996,3.5043,7.0014,10.5008,3.4971,6.9965,3.4994,0,0.0067,0.0067,OK,0.201,FORMATION_FOLLOW|FORMATION_FOLLOW|FORMATION_FOLLOW|FORMATION_FOLLOW|FORMATION_FOLLOW|FORMATION_FOLLOW,1,1,0.8,-15.996,-15.996,-16.002,-15.997,-16.004,-16.002,-25.288,-28.796,-32.291,-35.796,-39.293,-42.792,-5.014,-5.012,-5.009,-5.008,-5.011,-5.013
,0.0,-0.2,0.022,3.5087,7.0036,10.5085,14.0055,17.5045,3.4949,6.9998,10.4968,13.9958,3.5049,7.0019,10.5009,3.4971,6.996,3.499,0,0.0073,0.0073,OK,0.201,FORMATION_FOLLOW|FORMATION_FOLLOW|FORMATION_FOLLOW|FORMATION_FOLLOW|FORMATION_FOLLOW|FORMATION_FOLLOW,1,1,0.9,-15.995,-15.995,-16.003,-15.997,-16.006,-16.002,-25.294,-28.802,-32.297,-35.802,-39.299,-42.798,-5.016,-5.013,-5.011,-5.01,-5.013,-5.015
,0.0,-0.2,0.025,3.5092,7.0036,10.5092,14.006,17.505,3.4945,7.0,10.4969,13.9958,3.5055,7.0024,10.5014,3.4969,6.9958,3.499,0,0.0078,0.0078,OK,0.202,FORMATION_FOLLOW|FORMATION_FOLLOW|FORMATION_FOLLOW|FORMATION_FOLLOW|FORMATION_FOLLOW|FORMATION_FOLLOW,1,1,1.0,-15.996,-15.995,-16.005,-15.997,-16.006,-16.002,-25.299,-28.808,-32.303,-35.808,-39.305,-42.804,-5.018,-5.015,-5.012,-5.011,-5.014,-5.017
,0.0,-0.2,0.027,3.5096,7.0038,10.5099,14.0062,17.5056,3.4942,7.0004,10.4966,13.996,3.5062,7.0024,10.5018,3.4962,6.9956,3.4994,0,0.0081,0.0081,OK,0.202,FORMATION_FOLLOW|FORMATION_FOLLOW|FORMATION_FOLLOW|FORMATION_FOLLOW|FORMATION_FOLLOW|FORMATION_FOLLOW,1,1,1.1,-15.996,-15.994,-16.006,-15.997,-16.007,-16.001,-25.304,-28.813,-32.308,-35.814,-39.31,-42.809,-5.019,-5.017,-5.014,-5.013,-5.016,-5.018
,0.0,-0.2,0.029,3.5099,7.0038,10.5107,14.0056,17.5058,3.4939,7.0008,10.4958,13.9959,3.5069,7.0019,10.5021,3.495,6.9951,3.5002,0,0.0081,0.0081,OK,0.202,FORMATION_FOLLOW|FORMATION_FOLLOW|FORMATION_FOLLOW|FORMATION_FOLLOW|FORMATION_FOLLOW|FORMATION_FOLLOW,1,1,1.2,-15.996,-15.994,-16.007,-15.997,-16.007,-16.001,-25.308,-28.818,-32.312,-35.819,-39.314,-42.814,-5.021,-5.018,-5.015,-5.015,-5.017,-5.02
,0.0,-0.2,0.032,3.5098,7.0035,10.5114,14.0051,17.5062,3.4937,7.0016,10.4953,13.9964,3.508,7.0016,10.5027,3.4937,6.9948,3.5011,0,0.0081,0.0081,OK,0.203,FORMATION_FOLLOW|FORMATION_FOLLOW|FORMATION_FOLLOW|FORMATION_FOLLOW|FORMATION_FOLLOW|FORMATION_FOLLOW,1,1,1.3,-15.997,-15.994,-16.008,-15.997,-16.007,-16.001,-25.313,-28.823,-32.316,-35.824,-39.318,-42.819,-5.023,-5.02,-5.016,-5.016,-5.018,-5.022
,0.0,-0.2,0.034,3.5096,7.0037,10.5125,14.0046,17.5067,3.4941,7.0029,10.495,13.9971,3.5089,7.001,10.5031,3.4921,6.9942,3.5021,0,0.0087,0.0087,OK,0.203,FORMATION_FOLLOW|FORMATION_FOLLOW|FORMATION_FOLLOW|FORMATION_FOLLOW|FORMATION_FOLLOW|FORMATION_FOLLOW,1,1,1.4,-15.997,-15.993,-16.008,-15.996,-16.007,-16.001,-25.316,-28.826,-32.32,-35.829,-39.321,-42.823,-5.024,-5.022,-5.018,-5.018,-5.019,-5.023
,0.0,-0.2,0.036,3.5096,7.0041,10.514,14.0044,17.5075,3.4945,7.0043,10.4948,13.9979,3.5099,7.0003,10.5035,3.4905,6.9936,3.5031,0,0.0092,0.0092,OK,0.203,FORMATION_FOLLOW|FORMATION_FOLLOW|FORMATION_FOLLOW|FORMATION_FOLLOW|FORMATION_FOLLOW|FORMATION_FOLLOW,1,1,1.5,-15.999,-15.993,-16.009,-15.996,-16.007,-16.002,-25.319,-28.829,-32.323,-35.833,-39.323,-42.827,-5.025,-5.023,-5.019,-5.019,-5.02,-5.024
,0.0,-0.2,0.039,3.5093,7.0043,10.5153,14.0045,17.5083,3.495,7.0061,10.4952,13.9991,3.5111,7.0003,10.5041,3.4892,6.993,3.5038,0,0.0104,0.0104,OK,0.204,FORMATION_FOLLOW|FORMATION_FOLLOW|FORMATION_FOLLOW|FORMATION_FOLLOW|FORMATION_FOLLOW|FORMATION_FOLLOW,1,1,1.6,-16.0,-15.993,-16.01,-15.996,-16.007,-16.002,-25.321,-28.831,-32.326,-35.837,-39.326,-42.83,-5.025,-5.025,-5.02,-5.02,-5.021,-5.025
,0.0,-0.2,0.041,3.5085,7.004,10.5165,14.0046,17.5088,3.4956,7.008,10.4961,14.0003,3.5125,7.0006,10.5048,3.4882,6.9924,3.5042,0,0.0116,0.0116,OK,0.204,FORMATION_FOLLOW|FORMATION_FOLLOW|FORMATION_FOLLOW|FORMATION_FOLLOW|FORMATION_FOLLOW|FORMATION_FOLLOW,1,1,1.7,-16.001,-15.993,-16.01,-15.995,-16.008,-16.003,-25.323,-28.832,-32.328,-35.84,-39.328,-42.832,-5.026,-5.025,-5.021,-5.021,-5.022,-5.025
,0.0,-0.2,0.043,3.5074,7.0031,10.5173,14.0045,17.5093,3.4957,7.0099,10.4971,14.0019,3.5142,7.0014,10.5062,3.4873,6.992,3.5048,0,0.0128,0.0128,OK,0.205,FORMATION_FOLLOW|FORMATION_FOLLOW|FORMATION_FOLLOW|FORMATION_FOLLOW|FORMATION_FOLLOW|FORMATION_FOLLOW,1,1,1.8,-16.002,-15.993,-16.01,-15.995,-16.009,-16.004,-25.325,-28.833,-32.328,-35.843,-39.33,-42.835,-5.026,-5.026,-5.022,-5.023,-5.023,-5.026
,0.0,-0.2,0.045,3.5062,7.0018,10.5179,14.0042,17.5097,3.4956,7.0117,10.498,14.0035,3.5162,7.0025,10.5079,3.4863,6.9918,3.5055,0,0.014,0.014,OK,0.205,FORMATION_FOLLOW|FORMATION_FOLLOW|FORMATION_FOLLOW|FORMATION_FOLLOW|FORMATION_FOLLOW|FORMATION_FOLLOW,1,1,1.9,-16.003,-15.993,-16.01,-15.994,-16.009,-16.005,-25.327,-28.833,-32.329,-35.845,-39.331,-42.837,-5.027,-5.026,-5.023,-5.024,-5.024,-5.026
,0.0,-0.2,0.047,3.5052,7.0006,10.5188,14.0041,17.5102,3.4954,7.0136,10.499,14.005,3.5182,7.0036,10.5096,3.4854,6.9914,3.506,0,0.0153,0.0153,OK,0.205,FORMATION_FOLLOW|FORMATION_FOLLOW|FORMATION_FOLLOW|FORMATION_FOLLOW|FORMATION_FOLLOW|FORMATION_FOLLOW,1,1,2.0,-16.004,-15.993,-16.011,-15.994,-16.01,-16.005,-25.328,-28.833,-32.329,-35.847,-39.332,-42.838,-5.027,-5.026,-5.023,-5.024,-5.025,-5.026
,0.0,-0.2,0.049,3.5048,7.0,10.52,14.0048,17.5116,3.4952,7.0152,10.5,14.0068,3.52,7.0048,10.5117,3.4849,6.9917,3.5069,0,0.0163,0.0163,OK,0.206,FORMATION_FOLLOW|FORMATION_FOLLOW|FORMATION_FOLLOW|FORMATION_FOLLOW|FORMATION_FOLLOW|FORMATION_FOLLOW,1,1,2.1,-16.0,-15.988,-16.006,-15.988,-16.006,-15.999,-25.328,-28.833,-32.328,-35.848,-39.333,-42.84,-5.027,-5.026,-5.024,-5.025,-5.025,-5.026
,0.0,-0.2,0.051,3.5044,6.9991,10.5206,14.0051,17.5133,3.4948,7.0162,10.5007,14.0089,3.5215,7.0059,10.5141,3.4846,6.9927,3.5082,0,0.0169,0.0169,OK,0.206,FORMATION_FOLLOW|FORMATION_FOLLOW|FORMATION_FOLLOW|FORMATION_FOLLOW|FORMATION_FOLLOW|FORMATION_FOLLOW,1,1,2.2,-15.989,-15.977,-15.994,-15.976,-15.995,-15.987,-25.329,-28.833,-32.328,-35.849,-39.334,-42.842,-5.026,-5.025,-5.024,-5.025,-5.026,-5.025
,0.0,-0.2,0.053,3.504,6.9983,10.5209,14.0051,17.515,3.4943,7.0168,10.5011,14.0109,3.5226,7.0067,10.5166,3.4842,6.9941,3.5099,0,0.0171,0.0171,OK,0.207,FORMATION_FOLLOW|FORMATION_FOLLOW|FORMATION_FOLLOW|FORMATION_FOLLOW|FORMATION_FOLLOW|FORMATION_FOLLOW,1,1,2.3,-15.973,-15.96,-15.976,-15.959,-15.978,-15.969,-25.329,-28.833,-32.327,-35.85,-39.334,-42.844,-5.026,-5.025,-5.025,-5.026,-5.026,-5.025
,0.0,-0.2,0.055,3.5043,6.9981,10.5213,14.0057,17.5167,3.4938,7.017,10.5014,14.0124,3.5233,7.0076,10.5186,3.4845,6.9954,3.511,0,0.0171,0.0171,OK,0.207,FORMATION_FOLLOW|FORMATION_FOLLOW|FORMATION_FOLLOW|FORMATION_FOLLOW|FORMATION_FOLLOW|FORMATION_FOLLOW,1,1,2.4,-15.952,-15.939,-15.955,-15.938,-15.957,-15.947,-25.328,-28.833,-32.327,-35.85,-39.334,-42.845,-5.026,-5.024,-5.025,-5.026,-5.027,-5.025
,0.0,-0.2,0.057,3.5048,6.9981,10.5212,14.0065,17.5184,3.4934,7.0164,10.5017,14.0136,3.5232,7.0084,10.5202,3.4853,6.9971,3.5119,0,0.0168,0.0168,OK,0.208,FORMATION_FOLLOW|FORMATION_FOLLOW|FORMATION_FOLLOW|FORMATION_FOLLOW|FORMATION_FOLLOW|FORMATION_FOLLOW,1,1,2.5,-15.928,-15.914,-15.93,-15.912,-15.932,-15.921,-25.328,-28.833,-32.326,-35.849,-39.334,-42.846,-5.025,-5.023,-5.025,-5.026,-5.027,-5.024
,0.0,-0.2,0.058,3.5059,6.9993,10.5215,14.0076,17.5206,3.4935,7.0156,10.5017,14.0147,3.5222,7.0083,10.5212,3.4862,6.9991,3.513,0,0.0163,0.0163,OK,0.208,FORMATION_FOLLOW|FORMATION_FOLLOW|FORMATION_FOLLOW|FORMATION_FOLLOW|FORMATION_FOLLOW|FORMATION_FOLLOW,1,1,2.6,-15.901,-15.887,-15.902,-15.884,-15.904,-15.892,-25.326,-28.832,-32.326,-35.848,-39.334,-42.847,-5.025,-5.023,-5.025,-5.026,-5.027,-5.024
,0.0,-0.2,0.06,3.5079,7.0013,10.5227,14.0094,17.5231,3.4935,7.0148,10.5016,14.0153,3.5214,7.0081,10.5219,3.4868,7.0005,3.5138,0,0.0159,0.0159,OK,0.209,FORMATION_FOLLOW|FORMATION_FOLLOW|FORMATION_FOLLOW|FORMATION_FOLLOW|FORMATION_FOLLOW|FORMATION_FOLLOW,1,1,2.7,-15.872,-15.857,-15.872,-15.854,-15.873,-15.861,-25.324,-28.832,-32.326,-35.847,-39.334,-42.848,-5.025,-5.022,-5.024,-5.025,-5.027,-5.024
,0.0,-0.2,0.062,3.5098,7.003,10.5236,14.0113,17.5248,3.4933,7.0139,10.5015,14.015,3.5206,7.0082,10.5217,3.4877,7.0012,3.5135,0,0.0159,0.0159,OK,0.209,FORMATION_FOLLOW|FORMATION_FOLLOW|FORMATION_FOLLOW|FORMATION_FOLLOW|FORMATION_FOLLOW|FORMATION_FOLLOW,1,1,2.8,-15.841,-15.825,-15.84,-15.822,-15.84,-15.828,-25.322,-28.832,-32.326,-35.846,-39.334,-42.847,-5.024,-5.021,-5.024,-5.025,-5.027,-5.024
,0.0,-0.2,0.063,3.5111,7.0045,10.5241,14.0125,17.5255,3.4935,7.013,10.5015,14.0145,3.5197,7.0081,10.521,3.4885,7.0014,3.513,0,0.0158,0.0158,OK,0.21,FORMATION_FOLLOW|FORMATION_FOLLOW|FORMATION_FOLLOW|FORMATION_FOLLOW|FORMATION_FOLLOW|FORMATION_FOLLOW,1,1,2.9,-15.809,-15.792,-15.807,-15.788,-15.806,-15.795,-25.321,-28.832,-32.325,-35.845,-39.334,-42.846,-5.024,-5.021,-5.023,-5.024,-5.026,-5.023
,0.0,-0.2,0.065,3.5118,7.0055,10.5242,14.0128,17.5258,3.4938,7.0125,10.501,14.014,3.5187,7.0073,10.5203,3.4886,7.0016,3.513,0,0.0163,0.0163,OK,0.21,FORMATION_FOLLOW|FORMATION_FOLLOW|FORMATION_FOLLOW|FORMATION_FOLLOW|FORMATION_FOLLOW|FORMATION_FOLLOW,1,1,3.0,-15.775,-15.758,-15.773,-15.754,-15.771,-15.76,-25.32,-28.831,-32.325,-35.844,-39.333,-42.846,-5.023,-5.02,-5.023,-5.023,-5.026,-5.023
,0.0,-0.2,0.066,3.512,7.0065,10.5245,14.0129,17.5261,3.4946,7.0126,10.5009,14.0141,3.518,7.0064,10.5196,3.4884,7.0016,3.5132,0,0.0165,0.0165,OK,0.211,FORMATION_FOLLOW|FORMATION_FOLLOW|FORMATION_FOLLOW|FORMATION_FOLLOW|FORMATION_FOLLOW|FORMATION_FOLLOW,1,1,3.1,-15.74,-15.724,-15.739,-15.72,-15.735,-15.725,-25.318,-28.83,-32.325,-35.843,-39.331,-42.844,-5.023,-5.019,-5.022,-5.022,-5.025,-5.022
,0.0,-0.2,0.068,3.5121,7.0077,10.5253,14.0135,17.5267,3.4956,7.0132,10.5014,14.0145,3.5177,7.0058,10.519,3.4882,7.0013,3.5132,0,0.0169,0.0169,OK,0.211,FORMATION_FOLLOW|FORMATION_FOLLOW|FORMATION_FOLLOW|FORMATION_FOLLOW|FORMATION_FOLLOW|FORMATION_FOLLOW,1,1,3.2,-15.704,-15.688,-15.705,-15.685,-15.699,-15.69,-25.317,-28.829,-32.324,-35.842,-39.33,-42.843,-5.022,-5.018,-5.021,-5.021,-5.023,-5.022
,0.0,-0.2,0.069,3.5124,7.0089,10.5261,14.0135,17.5274,3.4966,7.0137,10.5012,14.015,3.5173,7.0046,10.5185,3.4875,7.0013,3.5138,0,0.0172,0.0172,OK,0.212,FORMATION_FOLLOW|FORMATION_FOLLOW|FORMATION_FOLLOW|FORMATION_FOLLOW|FORMATION_FOLLOW|FORMATION_FOLLOW,1,1,3.3,-15.669,-15.653,-15.67,-15.65,-15.663,-15.655,-25.315,-28.827,-32.324,-35.841,-39.328,-42.842,-5.022,-5.018,-5.021,-5.02,-5.022,-5.022
,0.0,-0.2,0.07,3.5127,7.0099,10.5266,14.0132,17.528,3.4973,7.014,10.5006,14.0153,3.5168,7.0033,10.5181,3.4866,7.0013,3.5148,0,0.0174,0.0174,OK,0.212,FORMATION_FOLLOW|FORMATION_FOLLOW|FORMATION_FOLLOW|FORMATION_FOLLOW|FORMATION_FOLLOW|FORMATION_FOLLOW,1,1,3.4,-15.633,-15.617,-15.636,-15.614,-15.627,-15.619,-25.313,-28.825,-32.323,-35.839,-39.326,-42.841,-5.021,-5.017,-5.021,-5.019,-5.021,-5.022
,0.0,-0.2,0.071,3.5129,7.0105,10.5274,14.013,17.5284,3.4977,7.0145,10.5001,14.0154,3.5169,7.0024,10.5179,3.4856,7.001,3.5154,0,0.0177,0.0177,OK,0.212,FORMATION_FOLLOW|FORMATION_FOLLOW|FORMATION_FOLLOW|FORMATION_FOLLOW|FORMATION_FOLLOW|FORMATION_FOLLOW,1,1,3.5,-15.597,-15.581,-15.601,-15.579,-15.591,-15.584,-25.311,-28.824,-32.321,-35.838,-39.324,-42.839,-5.021,-5.017,-5.021,-5.019,-5.02,-5.022
,0.0,-0.2,0.072,3.5126,7.0106,10.5279,14.0124,17.5283,3.4981,7.0153,10.4999,14.0158,3.5174,7.0018,10.5178,3.4845,7.0005,3.5159,0,0.0176,0.0176,OK,0.213,FORMATION_FOLLOW|FORMATION_FOLLOW|FORMATION_FOLLOW|FORMATION_FOLLOW|FORMATION_FOLLOW|FORMATION_FOLLOW,1,1,3.6,-15.562,-15.545,-15.567,-15.544,-15.555,-15.548,-25.309,-28.822,-32.32,-35.837,-39.322,-42.838,-5.021,-5.016,-5.021,-5.019,-5.019,-5.022
,0.0,-0.2,0.073,3.512,7.0103,10.5281,14.0116,17.528,3.4984,7.0161,10.4996,14.0161,3.5179,7.0012,10.5177,3.4835,6.9999,3.5165,0,0.0172,0.0172,OK,0.213,FORMATION_FOLLOW|FORMATION_FOLLOW|FORMATION_FOLLOW|FORMATION_FOLLOW|FORMATION_FOLLOW|FORMATION_FOLLOW,1,1,3.7,-15.527,-15.509,-15.533,-15.509,-15.519,-15.514,-25.308,-28.82,-32.319,-35.836,-39.32,-42.836,-5.021,-5.016,-5.022,-5.018,-5.018,-5.022
,0.0,-0.2,0.074,3.5111,7.0101,10.5281,14.0106,17.527,3.4992,7.0171,10.4996,14.0159,3.5181,7.0005,10.5168,3.4825,6.9989,3.5164,0,0.0171,0.0171,OK,0.213,FORMATION_FOLLOW|FORMATION_FOLLOW|FORMATION_FOLLOW|FORMATION_FOLLOW|FORMATION_FOLLOW|FORMATION_FOLLOW,1,1,3.8,-15.492,-15.474,-15.5,-15.473,-15.484,-15.479,-25.307,-28.818,-32.317,-35.835,-39.318,-42.834,-5.021,-5.015,-5.022,-5.018,-5.017,-5.022
,0.0,-0.2,0.075,3.5102,7.0104,10.5283,14.0097,17.5256,3.5003,7.0182,10.4996,14.0155,3.5181,6.9994,10.5153,3.4814,6.9973,3.5159,0,0.0178,0.0178,OK,0.214,FORMATION_FOLLOW|FORMATION_FOLLOW|FORMATION_FOLLOW|FORMATION_FOLLOW|FORMATION_FOLLOW|FORMATION_FOLLOW,1,1,3.9,-15.457,-15.44,-15.466,-15.439,-15.45,-15.445,-25.306,-28.816,-32.317,-35.835,-39.316,-42.832,-5.021,-5.015,-5.023,-5.019,-5.016,-5.022
,0.0,-0.2,0.076,3.5096,7.0111,10.5289,14.0094,17.5243,3.5016,7.0193,10.4998,14.0147,3.518,6.9983,10.5133,3.4805,6.9954,3.5149,0,0.0186,0.0186,OK,0.214,FORMATION_FOLLOW|FORMATION_FOLLOW|FORMATION_FOLLOW|FORMATION_FOLLOW|FORMATION_FOLLOW|FORMATION_FOLLOW,1,1,4.0,-15.423,-15.406,-15.433,-15.405,-15.416,-15.412,-25.305,-28.815,-32.316,-35.834,-39.315,-42.83,-5.02,-5.014,-5.024,-5.019,-5.015,-5.022
,0.0,-0.2,0.077,3.5095,7.0121,10.5295,14.0088,17.523,3.5028,7.0201,10.4993,14.0135,3.5175,6.9967,10.5109,3.4793,6.9935,3.5142,0,0.0196,0.0196,OK,0.214,FORMATION_FOLLOW|FORMATION_FOLLOW|FORMATION_FOLLOW|FORMATION_FOLLOW|FORMATION_FOLLOW|FORMATION_FOLLOW,1,1,4.1,-15.389,-15.372,-15.401,-15.371,-15.382,-15.378,-25.304,-28.813,-32.316,-35.833,-39.313,-42.827,-5.02,-5.014,-5.024,-5.02,-5.014,-5.022
,0.0,-0.2,0.077,3.5096,7.0136,10.53,14.0082,17.5216,3.5041,7.0204,10.4986,14.012,3.5166,6.9947,10.508,3.4782,6.9916,3.5134,0,0.0209,0.0209,OK,0.214,FORMATION_FOLLOW|FORMATION_FOLLOW|FORMATION_FOLLOW|FORMATION_FOLLOW|FORMATION_FOLLOW|FORMATION_FOLLOW,1,1,4.2,-15.356,-15.339,-15.369,-15.336,-15.348,-15.345,-25.303,-28.812,-32.316,-35.833,-39.311,-42.824,-5.02,-5.013,-5.025,-5.02,-5.014,-5.022
,0.0,-0.2,0.078,3.51,7.0148,10.5305,14.0075,17.52,3.505,7.0205,10.4976,14.01,3.5158,6.9927,10.5052,3.4771,6.9895,3.5124,0,0.0225,0.0225,OK,0.215,FORMATION_FOLLOW|FORMATION_FOLLOW|FORMATION_FOLLOW|FORMATION_FOLLOW|FORMATION_FOLLOW|FORMATION_FOLLOW,1,1,4.3,-15.323,-15.306,-15.337,-15.303,-15.314,-15.313,-25.301,-28.811,-32.316,-35.832,-39.309,-42.821,-5.02,-5.013,-5.025,-5.02,-5.013,-5.022
,0.0,-0.2,0.079,3.5106,7.0156,10.5309,14.0067,17.5184,3.5053,7.0204,10.4962,14.0079,3.5155,6.9911,10.5028,3.4758,6.9875,3.5117,0,0.0238,0.0238,OK,0.215,FORMATION_FOLLOW|FORMATION_FOLLOW|FORMATION_FOLLOW|FORMATION_FOLLOW|FORMATION_FOLLOW|FORMATION_FOLLOW,1,1,4.4,-15.29,-15.273,-15.306,-15.269,-15.28,-15.28,-25.3,-28.811,-32.316,-35.831,-39.307,-42.819,-5.02,-5.013,-5.026,-5.021,-5.013,-5.021
,0.0,-0.2,0.079,3.5113,7.0162,10.5314,14.0061,17.5173,3.505,7.0201,10.4948,14.006,3.5154,6.99,10.5012,3.4748,6.9859,3.5112,0,0.0246,0.0246,OK,0.215,FORMATION_FOLLOW|FORMATION_FOLLOW|FORMATION_FOLLOW|FORMATION_FOLLOW|FORMATION_FOLLOW|FORMATION_FOLLOW,1,1,4.5,-15.258,-15.241,-15.274,-15.236,-15.247,-15.247,-25.299,-28.81,-32.315,-35.83,-39.305,-42.816,-5.02,-5.014,-5.026,-5.021,-5.013,-5.021
,0.0,-0.2,0.079,3.5119,7.017,10.5319,14.006,17.5168,3.5053,7.02,10.4941,14.0049,3.5152,6.9891,10.4998,3.4741,6.9849,3.5108,0,0.025,0.025,OK,0.215,FORMATION_FOLLOW|FORMATION_FOLLOW|FORMATION_FOLLOW|FORMATION_FOLLOW|FORMATION_FOLLOW|FORMATION_FOLLOW,1,1,4.6,-15.226,-15.209,-15.242,-15.204,-15.214,-15.215,-25.298,-28.809,-32.314,-35.829,-39.304,-42.814,-5.02,-5.014,-5.026,-5.022,-5.013,-5.021
,0.0,-0.2,0.08,3.5121,7.0177,10.532,14.0056,17.5161,3.5059,7.02,10.4936,14.0041,3.5145,6.988,10.4985,3.4736,6.9842,3.5106,0,0.0255,0.0255,OK,0.215,FORMATION_FOLLOW|FORMATION_FOLLOW|FORMATION_FOLLOW|FORMATION_FOLLOW|FORMATION_FOLLOW|FORMATION_FOLLOW,1,1,4.7,-15.194,-15.177,-15.211,-15.173,-15.182,-15.183,-25.296,-28.808,-32.314,-35.828,-39.302,-42.812,-5.02,-5.014,-5.027,-5.023,-5.013,-5.021
,0.0,-0.2,0.08,3.5123,7.0183,10.532,14.0047,17.5156,3.5061,7.0197,10.4924,14.0033,3.514,6.9865,10.4974,3.4727,6.9836,3.5109,0,0.0261,0.0261,OK,0.215,FORMATION_FOLLOW|FORMATION_FOLLOW|FORMATION_FOLLOW|FORMATION_FOLLOW|FORMATION_FOLLOW|FORMATION_FOLLOW,1,1,4.8,-15.163,-15.145,-15.179,-15.141,-15.15,-15.151,-25.295,-28.807,-32.313,-35.827,-39.299,-42.81,-5.02,-5.014,-5.028,-5.023,-5.013,-5.021
,0.0,-0.2,0.08,3.5127,7.0185,10.5324,14.0039,17.5152,3.5061,7.0198,10.4913,14.0026,3.5141,6.9855,10.4968,3.4715,6.9828,3.5114,0,0.0263,0.0263,OK,0.215,FORMATION_FOLLOW|FORMATION_FOLLOW|FORMATION_FOLLOW|FORMATION_FOLLOW|FORMATION_FOLLOW|FORMATION_FOLLOW,1,1,4.9,-15.131,-15.114,-15.148,-15.11,-15.117,-15.12,-25.293,-28.806,-32.312,-35.826,-39.297,-42.809,-5.021,-5.015,-5.028,-5.024,-5.014,-5.021
,0.0,-0.2,0.08,3.5129,7.0192,10.5335,14.0035,17.5147,3.5065,7.0206,10.4906,14.0018,3.5145,6.9844,10.4956,3.4701,6.9812,3.5112,0,0.0263,0.0263,OK,0.215,FORMATION_FOLLOW|FORMATION_FOLLOW|FORMATION_FOLLOW|FORMATION_FOLLOW|FORMATION_FOLLOW|FORMATION_FOLLOW,1,1,5.0,-15.099,-15.083,-15.117,-15.079,-15.086,-15.088,-25.292,-28.805,-32.311,-35.825,-39.295,-42.807,-5.021,-5.016,-5.028,-5.024,-5.014,-5.021
,0.0,-0.2,0.08,3.5133,7.0201,10.5346,14.0034,17.5141,3.507,7.0213,10.4901,14.0008,3.5147,6.9833,10.494,3.4688,6.9795,3.5107,0,0.0263,0.0263,OK,0.215,FORMATION_FOLLOW|FORMATION_FOLLOW|FORMATION_FOLLOW|FORMATION_FOLLOW|FORMATION_FOLLOW|FORMATION_FOLLOW,1,1,5.1,-15.068,-15.053,-15.085,-15.047,-15.054,-15.056,-25.29,-28.803,-32.31,-35.825,-39.294,-42.804,-5.021,-5.017,-5.029,-5.025,-5.014,-5.022
,0.0,-0.2,0.08,3.5135,7.021,10.5354,14.0029,17.5137,3.5077,7.0219,10.4894,14.0002,3.5146,6.982,10.4927,3.4675,6.9783,3.5108,0,0.0264,0.0264,OK,0.215,FORMATION_FOLLOW|FORMATION_FOLLOW|FORMATION_FOLLOW|FORMATION_FOLLOW|FORMATION_FOLLOW|FORMATION_FOLLOW,1,1,5.2,-15.037,-15.022,-15.054,-15.016,-15.023,-15.025,-25.289,-28.802,-32.31,-35.824,-39.292,-42.802,-5.021,-5.017,-5.029,-5.026,-5.015,-5.022
,0.0,-0.2,0.08,3.5131,7.0215,10.5358,14.0021,17.5132,3.5086,7.0227,10.489,14.0001,3.5145,6.9807,10.4918,3.4663,6.9774,3.5111,0,0.0264,0.0264,OK,0.215,FORMATION_FOLLOW|FORMATION_FOLLOW|FORMATION_FOLLOW|FORMATION_FOLLOW|FORMATION_FOLLOW|FORMATION_FOLLOW,1,1,5.3,-15.006,-14.992,-15.023,-14.985,-14.992,-14.994,-25.287,-28.8,-32.309,-35.823,-39.289,-42.801,-5.021,-5.018,-5.03,-5.027,-5.015,-5.023
,0.0,-0.2,0.079,3.5125,7.0218,10.536,14.0017,17.5124,3.5094,7.0236,10.4892,14.0,3.5145,6.98,10.4907,3.4657,6.9764,3.5108,0,0.0262,0.0262,OK,0.215,FORMATION_FOLLOW|FORMATION_FOLLOW|FORMATION_FOLLOW|FORMATION_FOLLOW|FORMATION_FOLLOW|FORMATION_FOLLOW,1,1,5.4,-14.975,-14.963,-14.992,-14.955,-14.961,-14.964,-25.286,-28.799,-32.308,-35.822,-39.288,-42.799,-5.021,-5.019,-5.03,-5.027,-5.016,-5.024
,0.0,-0.2,0.079,3.5113,7.0213,10.5356,14.0012,17.5111,3.51,7.0242,10.4899,13.9998,3.5145,6.98,10.4899,3.4656,6.9756,3.51,0,0.0265,0.0265,OK,0.215,FORMATION_FOLLOW|FORMATION_FOLLOW|FORMATION_FOLLOW|FORMATION_FOLLOW|FORMATION_FOLLOW|FORMATION_FOLLOW,1,1,5.5,-14.945,-14.934,-14.961,-14.924,-14.93,-14.933,-25.286,-28.797,-32.307,-35.821,-39.287,-42.797,-5.022,-5.02,-5.031,-5.027,-5.017,-5.024
,0.0,-0.2,0.079,3.5099,7.0203,10.5344,14.0004,17.5097,3.5105,7.0245,10.4906,13.9998,3.5143,6.9802,10.4894,3.4661,6.9753,3.5093,0,0.0264,0.0264,OK,0.215,FORMATION_FOLLOW|FORMATION_FOLLOW|FORMATION_FOLLOW|FORMATION_FOLLOW|FORMATION_FOLLOW|FORMATION_FOLLOW,1,1,5.6,-14.915,-14.904,-14.93,-14.893,-14.9,-14.902,-25.285,-28.795,-32.306,-35.82,-39.286,-42.795,-5.022,-5.02,-5.031,-5.028,-5.018,-5.025
,0.0,-0.2,0.078,3.5084,7.0193,10.5332,13.9993,17.5084,3.511,7.0248,10.4909,14.0,3.5141,6.9802,10.4892,3.4662,6.9752,3.509,0,0.0262,0.0262,OK,0.215,FORMATION_FOLLOW|FORMATION_FOLLOW|FORMATION_FOLLOW|FORMATION_FOLLOW|FORMATION_FOLLOW|FORMATION_FOLLOW,1,1,5.7,-14.885,-14.875,-14.899,-14.863,-14.869,-14.872,-25.285,-28.793,-32.304,-35.818,-39.284,-42.793,-5.023,-5.021,-5.032,-5.028,-5.019,-5.025
,0.0,-0.2,0.077,3.5068,7.0179,10.5323,13.9981,17.5071,3.5112,7.0255,10.4914,14.0004,3.5146,6.9803,10.4892,3.4659,6.9748,3.509,0,0.0265,0.0265,OK,0.214,FORMATION_FOLLOW|FORMATION_FOLLOW|FORMATION_FOLLOW|FORMATION_FOLLOW|FORMATION_FOLLOW|FORMATION_FOLLOW,1,1,5.8,-14.855,-14.846,-14.868,-14.832,-14.839,-14.841,-25.285,-28.792,-32.303,-35.817,-39.283,-42.792,-5.023,-5.022,-5.032,-5.029,-5.02,-5.026
,0.0,-0.2,0.077,3.505,7.0164,10.5313,13.9966,17.5055,3.5114,7.0263,10.4916,14.0005,3.5151,6.9803,10.4892,3.4653,6.9742,3.5089,0,0.0269,0.0269,OK,0.214,FORMATION_FOLLOW|FORMATION_FOLLOW|FORMATION_FOLLOW|FORMATION_FOLLOW|FORMATION_FOLLOW|FORMATION_FOLLOW,1,1,5.9,-14.825,-14.818,-14.838,-14.802,-14.808,-14.81,-25.285,-28.79,-32.301,-35.816,-39.281,-42.79,-5.024,-5.022,-5.033,-5.029,-5.021,-5.026
,0.0,-0.2,0.076,3.5032,7.0145,10.53,13.9949,17.5037,3.5114,7.0268,10.4918,14.0005,3.5157,6.9805,10.4893,3.465,6.9737,3.5088,0,0.0272,0.0272,OK,0.214,FORMATION_FOLLOW|FORMATION_FOLLOW|FORMATION_FOLLOW|FORMATION_FOLLOW|FORMATION_FOLLOW|FORMATION_FOLLOW,1,1,6.0,-14.796,-14.789,-14.807,-14.771,-14.778,-14.779,-25.285,-28.788,-32.3,-35.815,-39.28,-42.789,-5.025,-5.023,-5.034,-5.03,-5.022,-5.027
,0.0,-0.2,0.075,3.5013,7.0124,10.5282,13.9933,17.5018,3.5112,7.0269,10.4921,14.0005,3.5159,6.981,10.4894,3.4652,6.9736,3.5085,0,0.027,0.027,OK,0.214,FORMATION_FOLLOW|FORMATION_FOLLOW|FORMATION_FOLLOW|FORMATION_FOLLOW|FORMATION_FOLLOW|FORMATION_FOLLOW,1,1,6.1,-14.766,-14.761,-14.777,-14.741,-14.748,-14.748,-25.286,-28.787,-32.298,-35.814,-39.279,-42.787,-5.026,-5.024,-5.035,-5.03,-5.023,-5.028
,0.0,-0.2,0.074,3.4995,7.0107,10.5262,13.992,17.5001,3.5112,7.0268,10.4925,14.0007,3.5157,6.9814,10.4895,3.4657,6.9739,3.5082,0,0.0267,0.0267,OK,0.213,FORMATION_FOLLOW|FORMATION_FOLLOW|FORMATION_FOLLOW|FORMATION_FOLLOW|FORMATION_FOLLOW|FORMATION_FOLLOW,1,1,6.2,-14.736,-14.732,-14.747,-14.711,-14.717,-14.718,-25.286,-28.785,-32.296,-35.812,-39.278,-42.786,-5.027,-5.025,-5.036,-5.031,-5.024,-5.028
,0.0,-0.2,0.073,3.4977,7.0091,10.5241,13.9913,17.499,3.5114,7.0265,10.4936,14.0014,3.5152,6.9823,10.49,3.4672,6.9749,3.5077,0,0.0261,0.0261,OK,0.213,FORMATION_FOLLOW|FORMATION_FOLLOW|FORMATION_FOLLOW|FORMATION_FOLLOW|FORMATION_FOLLOW|FORMATION_FOLLOW,1,1,6.3,-14.706,-14.703,-14.717,-14.681,-14.687,-14.687,-25.286,-28.783,-32.295,-35.81,-39.277,-42.785,-5.028,-5.026,-5.037,-5.032,-5.025,-5.029
,0.0,-0.2,0.072,3.4961,7.0078,10.5221,13.9909,17.4985,3.5117,7.0259,10.4948,14.0024,3.5144,6.9832,10.4907,3.4689,6.9765,3.5076,0,0.0254,0.0254,OK,0.213,FORMATION_FOLLOW|FORMATION_FOLLOW|FORMATION_FOLLOW|FORMATION_FOLLOW|FORMATION_FOLLOW|FORMATION_FOLLOW,1,1,6.4,-14.676,-14.675,-14.687,-14.651,-14.657,-14.656,-25.285,-28.781,-32.293,-35.807,-39.276,-42.784,-5.029,-5.027,-5.038,-5.032,-5.026,-5.03
,0.0,-0.2,0.071,3.4947,7.007,10.52,13.9908,17.4984,3.5123,7.0253,10.4961,14.0037,3.5132,6.9839,10.4914,3.4708,6.9784,3.5076,0,0.0246,0.0246,OK,0.212,FORMATION_FOLLOW|FORMATION_FOLLOW|FORMATION_FOLLOW|FORMATION_FOLLOW|FORMATION_FOLLOW|FORMATION_FOLLOW,1,1,6.5,-14.646,-14.646,-14.657,-14.621,-14.628,-14.626,-25.285,-28.78,-32.292,-35.805,-39.276,-42.783,-5.03,-5.028,-5.039,-5.033,-5.028,-5.031
,0.0,-0.2,0.07,3.4936,7.0065,10.5182,13.9909,17.4982,3.5129,7.0246,10.4973,14.0046,3.5118,6.9844,10.4917,3.4727,6.98,3.5073,0,0.024,0.024,OK,0.212,FORMATION_FOLLOW|FORMATION_FOLLOW|FORMATION_FOLLOW|FORMATION_FOLLOW|FORMATION_FOLLOW|FORMATION_FOLLOW,1,1,6.6,-14.617,-14.617,-14.628,-14.591,-14.599,-14.596,-25.285,-28.778,-32.291,-35.803,-39.275,-42.783,-5.031,-5.03,-5.04,-5.034,-5.03,-5.032
,0.0,-0.2,0.069,3.4923,7.0056,10.5163,13.9905,17.4979,3.5134,7.024,10.4982,14.0056,3.5108,6.9849,10.4923,3.4742,6.9816,3.5074,0,0.0234,0.0234,OK,0.212,FORMATION_FOLLOW|FORMATION_FOLLOW|FORMATION_FOLLOW|FORMATION_FOLLOW|FORMATION_FOLLOW|FORMATION_FOLLOW,1,1,6.7,-14.587,-14.588,-14.597,-14.561,-14.57,-14.566,-25.284,-28.777,-32.29,-35.801,-39.275,-42.782,-5.033,-5.031,-5.041,-5.035,-5.032,-5.033
,0.0,-0.2,0.068,3.4908,7.0047,10.5147,13.9899,17.4975,3.5139,7.0239,10.4991,14.0068,3.5102,6.9853,10.4929,3.4753,6.9829,3.5076,0,0.0232,0.0232,OK,0.211,FORMATION_FOLLOW|FORMATION_FOLLOW|FORMATION_FOLLOW|FORMATION_FOLLOW|FORMATION_FOLLOW|FORMATION_FOLLOW,1,1,6.8,-14.558,-14.559,-14.568,-14.531,-14.541,-14.536,-25.284,-28.775,-32.289,-35.799,-39.274,-42.782,-5.034,-5.033,-5.042,-5.037,-5.034,-5.034
,0.0,-0.2,0.066,3.4894,7.0036,10.5134,13.9892,17.4971,3.5142,7.024,10.4998,14.0077,3.51,6.9857,10.4936,3.4759,6.9838,3.5079,0,0.0235,0.0235,OK,0.211,FORMATION_FOLLOW|FORMATION_FOLLOW|FORMATION_FOLLOW|FORMATION_FOLLOW|FORMATION_FOLLOW|FORMATION_FOLLOW,1,1,6.9,-14.528,-14.529,-14.538,-14.501,-14.512,-14.506,-25.284,-28.774,-32.288,-35.798,-39.273,-42.781,-5.036,-5.034,-5.044,-5.038,-5.036,-5.035
,0.0,-0.2,0.065,3.4884,7.003,10.5129,13.9886,17.4973,3.5147,7.0246,10.5002,14.0089,3.5101,6.9856,10.4943,3.4757,6.9844,3.5087,0,0.0239,0.0239,OK,0.21,FORMATION_FOLLOW|FORMATION_FOLLOW|FORMATION_FOLLOW|FORMATION_FOLLOW|FORMATION_FOLLOW|FORMATION_FOLLOW,1,1,7.0,-14.499,-14.5,-14.509,-14.47,-14.483,-14.476,-25.283,-28.772,-32.287,-35.796,-39.272,-42.781,-5.037,-5.036,-5.044,-5.04,-5.038,-5.037
,0.0,-0.2,0.063,3.4876,7.0026,10.513,13.9884,17.4978,3.515,7.0254,10.5007,14.0102,3.5106,6.9858,10.4952,3.4754,6.9848,3.5095,0,0.0245,0.0245,OK,0.21,FORMATION_FOLLOW|FORMATION_FOLLOW|FORMATION_FOLLOW|FORMATION_FOLLOW|FORMATION_FOLLOW|FORMATION_FOLLOW,1,1,7.1,-14.469,-14.47,-14.48,-14.44,-14.454,-14.446,-25.282,-28.77,-32.285,-35.795,-39.271,-42.78,-5.039,-5.038,-5.045,-5.041,-5.04,-5.038
,0.0,-0.2,0.062,3.487,7.0022,10.5132,13.9882,17.4989,3.5152,7.0262,10.5012,14.0119,3.5112,6.9861,10.4968,3.475,6.9857,3.5107,0,0.025,0.025,OK,0.209,FORMATION_FOLLOW|FORMATION_FOLLOW|FORMATION_FOLLOW|FORMATION_FOLLOW|FORMATION_FOLLOW|FORMATION_FOLLOW,1,1,7.2,-14.439,-14.441,-14.45,-14.41,-14.425,-14.416,-25.281,-28.768,-32.284,-35.795,-39.27,-42.78,-5.041,-5.039,-5.046,-5.043,-5.041,-5.04
,0.0,-0.2,0.06,3.4867,7.0019,10.5137,13.9882,17.5001,3.5152,7.027,10.5015,14.0134,3.512,6.9863,10.4982,3.4746,6.9865,3.512,0,0.0256,0.0256,OK,0.209,FORMATION_FOLLOW|FORMATION_FOLLOW|FORMATION_FOLLOW|FORMATION_FOLLOW|FORMATION_FOLLOW|FORMATION_FOLLOW,1,1,7.3,-14.409,-14.411,-14.421,-14.38,-14.396,-14.386,-25.28,-28.767,-32.282,-35.794,-39.268,-42.78,-5.043,-5.041,-5.047,-5.044,-5.043,-5.042
,0.0,-0.2,0.058,3.4863,7.0014,10.5144,13.9879,17.5011,3.515,7.0281,10.5016,14.0148,3.5133,6.9866,10.4998,3.4736,6.9867,3.5132,0,0.0262,0.0262,OK,0.208,FORMATION_FOLLOW|FORMATION_FOLLOW|FORMATION_FOLLOW|FORMATION_FOLLOW|FORMATION_FOLLOW|FORMATION_FOLLOW,1,1,7.4,-14.379,-14.382,-14.391,-14.35,-14.367,-14.356,-25.279,-28.766,-32.281,-35.794,-39.267,-42.78,-5.045,-5.042,-5.048,-5.045,-5.045,-5.043
,0.0,-0.2,0.057,3.4861,7.0007,10.5151,13.9876,17.502,3.5146,7.029,10.5015,14.0159,3.5146,6.9869,10.5013,3.4726,6.9869,3.5144,0,0.0268,0.0268,OK,0.208,FORMATION_FOLLOW|FORMATION_FOLLOW|FORMATION_FOLLOW|FORMATION_FOLLOW|FORMATION_FOLLOW|FORMATION_FOLLOW,1,1,7.5,-14.35,-14.353,-14.361,-14.32,-14.339,-14.326,-25.278,-28.764,-32.279,-35.793,-39.266,-42.78,-5.046,-5.043,-5.049,-5.046,-5.046,-5.045
,0.0,-0.2,0.055,3.4861,7.0005,10.5159,13.9874,17.5026,3.5145,7.0299,10.5013,14.0165,3.5156,6.9869,10.5021,3.4716,6.9867,3.5152,0,0.0277,0.0277,OK,0.207,FORMATION_FOLLOW|FORMATION_FOLLOW|FORMATION_FOLLOW|FORMATION_FOLLOW|FORMATION_FOLLOW|FORMATION_FOLLOW,1,1,7.6,-14.32,-14.323,-14.332,-14.29,-14.31,-14.297,-25.277,-28.763,-32.278,-35.793,-39.265,-42.78,-5.048,-5.045,-5.05,-5.047,-5.048,-5.047
,0.0,-0.2,0.053,3.486,7.0006,10.5167,13.9875,17.503,3.5146,7.0308,10.5015,14.017,3.5164,6.987,10.5024,3.4709,6.9863,3.5155,0,0.0285,0.0285,OK,0.207,FORMATION_FOLLOW|FORMATION_FOLLOW|FORMATION_FOLLOW|FORMATION_FOLLOW|FORMATION_FOLLOW|FORMATION_FOLLOW,1,1,7.7,-14.291,-14.293,-14.302,-14.26,-14.281,-14.267,-25.276,-28.762,-32.277,-35.793,-39.264,-42.779,-5.05,-5.046,-5.051,-5.049,-5.05,-5.048
,0.0,-0.2,0.051,3.4861,7.001,10.5176,13.9882,17.5035,3.5149,7.0315,10.5021,14.0174,3.5168,6.9872,10.5026,3.4707,6.986,3.5153,0,0.029,0.029,OK,0.206,FORMATION_FOLLOW|FORMATION_FOLLOW|FORMATION_FOLLOW|FORMATION_FOLLOW|FORMATION_FOLLOW|FORMATION_FOLLOW,1,1,7.8,-14.262,-14.263,-14.273,-14.23,-14.252,-14.237,-25.275,-28.761,-32.276,-35.792,-39.263,-42.778,-5.051,-5.047,-5.053,-5.05,-5.051,-5.05
,0.0,-0.2,0.049,3.4862,7.0013,10.518,13.9886,17.5037,3.5151,7.0318,10.5024,14.0175,3.5169,6.9874,10.5025,3.4708,6.9858,3.5151,0,0.0291,0.0291,OK,0.206,FORMATION_FOLLOW|FORMATION_FOLLOW|FORMATION_FOLLOW|FORMATION_FOLLOW|FORMATION_FOLLOW|FORMATION_FOLLOW,1,1,7.9,-14.232,-14.233,-14.244,-14.201,-14.222,-14.208,-25.273,-28.76,-32.275,-35.791,-39.262,-42.777,-5.052,-5.049,-5.054,-5.051,-5.052,-5.052
,0.0,-0.2,0.047,3.4863,7.0012,10.5179,13.9884,17.5032,3.5149,7.0317,10.5022,14.0169,3.517,6.9873,10.502,3.4706,6.9853,3.5148,0,0.0291,0.0291,OK,0.205,FORMATION_FOLLOW|FORMATION_FOLLOW|FORMATION_FOLLOW|FORMATION_FOLLOW|FORMATION_FOLLOW|FORMATION_FOLLOW,1,1,8.0,-14.202,-14.204,-14.214,-14.171,-14.193,-14.179,-25.273,-28.759,-32.274,-35.791,-39.261,-42.776,-5.053,-5.05,-5.054,-5.053,-5.054,-5.054
,0.0,-0.2,0.045,3.4864,7.0009,10.5176,13.9877,17.5028,3.5145,7.0312,10.5013,14.0164,3.5169,6.9868,10.502,3.4702,6.9853,3.5151,0,0.0291,0.0291,OK,0.205,FORMATION_FOLLOW|FORMATION_FOLLOW|FORMATION_FOLLOW|FORMATION_FOLLOW|FORMATION_FOLLOW|FORMATION_FOLLOW,1,1,8.1,-14.172,-14.174,-14.185,-14.142,-14.163,-14.149,-25.272,-28.759,-32.273,-35.79,-39.26,-42.775,-5.055,-5.051,-5.055,-5.054,-5.055,-5.056
,0.0,-0.2,0.043,3.4871,7.0004,10.517,13.9868,17.5028,3.5132,7.0299,10.4997,14.0156,3.5168,6.9865,10.5024,3.47,6.9858,3.5159,0,0.0288,0.0288,OK,0.205,FORMATION_FOLLOW|FORMATION_FOLLOW|FORMATION_FOLLOW|FORMATION_FOLLOW|FORMATION_FOLLOW|FORMATION_FOLLOW,1,1,8.2,-14.141,-14.145,-14.155,-14.112,-14.133,-14.119,-25.272,-28.759,-32.272,-35.789,-39.259,-42.775,-5.056,-5.052,-5.056,-5.056,-5.056,-5.058
,0.0,-0.2,0.041,3.4877,6.9999,10.5159,13.9857,17.5025,3.5122,7.0282,10.498,14.0148,3.5163,6.9858,10.5027,3.4699,6.9867,3.5169,0,0.0283,0.0283,OK,0.204,FORMATION_FOLLOW|FORMATION_FOLLOW|FORMATION_FOLLOW|FORMATION_FOLLOW|FORMATION_FOLLOW|FORMATION_FOLLOW,1,1,8.3,-14.111,-14.115,-14.125,-14.082,-14.103,-14.09,-25.271,-28.759,-32.271,-35.787,-39.257,-42.774,-5.058,-5.053,-5.057,-5.057,-5.057,-5.06
,0.0,-0.2,0.039,3.4879,6.9995,10.5146,13.9845,17.5017,3.5116,7.0268,10.4967,14.0138,3.5154,6.9851,10.5023,3.47,6.9871,3.5172,0,0.0277,0.0277,OK,0.204,FORMATION_FOLLOW|FORMATION_FOLLOW|FORMATION_FOLLOW|FORMATION_FOLLOW|FORMATION_FOLLOW|FORMATION_FOLLOW,1,1,8.4,-14.081,-14.086,-14.095,-14.052,-14.073,-14.06,-25.271,-28.759,-32.27,-35.785,-39.255,-42.773,-5.059,-5.054,-5.058,-5.059,-5.058,-5.062
,0.0,-0.2,0.036,3.4883,6.9997,10.5133,13.9836,17.5011,3.5114,7.0251,10.4953,14.0128,3.5139,6.9839,10.5015,3.4703,6.9878,3.5175,0,0.0272,0.0272,OK,0.203,FORMATION_FOLLOW|FORMATION_FOLLOW|FORMATION_FOLLOW|FORMATION_FOLLOW|FORMATION_FOLLOW|FORMATION_FOLLOW,1,1,8.5,-14.051,-14.056,-14.065,-14.022,-14.042,-14.03,-25.27,-28.759,-32.27,-35.784,-39.254,-42.771,-5.06,-5.055,-5.059,-5.061,-5.059,-5.064
,0.0,-0.2,0.034,3.4888,7.0004,10.5126,13.9831,17.5008,3.5116,7.0239,10.4943,14.0121,3.5125,6.9828,10.5005,3.4706,6.9883,3.5177,0,0.0271,0.0271,OK,0.203,FORMATION_FOLLOW|FORMATION_FOLLOW|FORMATION_FOLLOW|FORMATION_FOLLOW|FORMATION_FOLLOW|FORMATION_FOLLOW,1,1,8.6,-14.021,-14.027,-14.035,-13.992,-14.012,-14.0,-25.269,-28.758,-32.27,-35.782,-39.253,-42.77,-5.062,-5.056,-5.06,-5.063,-5.06,-5.065
,0.0,-0.2,0.032,3.4886,7.001,10.512,13.9825,17.5002,3.5123,7.0234,10.4939,14.0116,3.5112,6.9816,10.4993,3.4707,6.9883,3.5177,0,0.0269,0.0269,OK,0.203,FORMATION_FOLLOW|FORMATION_FOLLOW|FORMATION_FOLLOW|FORMATION_FOLLOW|FORMATION_FOLLOW|FORMATION_FOLLOW,1,1,8.7,-13.992,-13.997,-14.006,-13.962,-13.982,-13.97,-25.269,-28.758,-32.27,-35.781,-39.251,-42.769,-5.063,-5.058,-5.061,-5.065,-5.061,-5.067
,0.0,-0.2,0.029,3.4884,7.0013,10.5114,13.9816,17.4992,3.5129,7.023,10.4932,14.0109,3.5104,6.9804,10.498,3.4703,6.9879,3.5177,0,0.027,0.027,OK,0.202,FORMATION_FOLLOW|FORMATION_FOLLOW|FORMATION_FOLLOW|FORMATION_FOLLOW|FORMATION_FOLLOW|FORMATION_FOLLOW,1,1,8.8,-13.962,-13.968,-13.976,-13.932,-13.952,-13.94,-25.269,-28.757,-32.27,-35.78,-39.25,-42.768,-5.065,-5.06,-5.062,-5.067,-5.062,-5.068
,0.0,-0.2,0.027,3.4886,7.0014,10.5106,13.9807,17.4984,3.5128,7.022,10.4921,14.0099,3.5095,6.9794,10.4971,3.4702,6.9879,3.5177,0,0.027,0.027,OK,0.202,FORMATION_FOLLOW|FORMATION_FOLLOW|FORMATION_FOLLOW|FORMATION_FOLLOW|FORMATION_FOLLOW|FORMATION_FOLLOW,1,1,8.9,-13.933,-13.938,-13.947,-13.902,-13.922,-13.91,-25.268,-28.757,-32.27,-35.779,-39.249,-42.767,-5.066,-5.062,-5.063,-5.068,-5.063,-5.069
,0.0,-0.2,0.025,3.4885,7.0012,10.5094,13.9801,17.4976,3.5128,7.021,10.4916,14.0091,3.5084,6.9789,10.4964,3.4708,6.9882,3.5176,0,0.0269,0.0269,OK,0.202,FORMATION_FOLLOW|FORMATION_FOLLOW|FORMATION_FOLLOW|FORMATION_FOLLOW|FORMATION_FOLLOW|FORMATION_FOLLOW,1,1,9.0,-13.903,-13.908,-13.917,-13.872,-13.892,-13.88,-25.268,-28.757,-32.269,-35.778,-39.248,-42.766,-5.067,-5.065,-5.064,-5.07,-5.064,-5.07
,0.0,-0.2,0.022,3.4881,7.0012,10.5081,13.9798,17.4963,3.5132,7.02,10.4918,14.0082,3.5071,6.9786,10.4951,3.4719,6.9883,3.5165,0,0.027,0.027,OK,0.201,FORMATION_FOLLOW|FORMATION_FOLLOW|FORMATION_FOLLOW|FORMATION_FOLLOW|FORMATION_FOLLOW|FORMATION_FOLLOW,1,1,9.1,-13.873,-13.879,-13.887,-13.842,-13.862,-13.85,-25.268,-28.756,-32.269,-35.776,-39.248,-42.764,-5.069,-5.067,-5.066,-5.072,-5.066,-5.071
,0.0,-0.2,0.02,3.4876,7.0015,10.507,13.9799,17.4949,3.5138,7.0194,10.4923,14.0073,3.5058,6.9785,10.4935,3.4731,6.988,3.515,0,0.0274,0.0274,OK,0.201,FORMATION_FOLLOW|FORMATION_FOLLOW|FORMATION_FOLLOW|FORMATION_FOLLOW|FORMATION_FOLLOW|FORMATION_FOLLOW,1,1,9.2,-13.843,-13.85,-13.857,-13.811,-13.833,-13.82,-25.268,-28.755,-32.269,-35.775,-39.248,-42.763,-5.07,-5.069,-5.067,-5.074,-5.067,-5.072
,0.0,-0.2,0.017,3.4874,7.0018,10.5063,13.9802,17.4941,3.5145,7.019,10.4929,14.0068,3.5047,6.9785,10.4923,3.4741,6.9878,3.5139,0,0.0283,0.0283,OK,0.201,FORMATION_FOLLOW|FORMATION_FOLLOW|FORMATION_FOLLOW|FORMATION_FOLLOW|FORMATION_FOLLOW|FORMATION_FOLLOW,1,1,9.3,-13.814,-13.82,-13.827,-13.78,-13.804,-13.79,-25.267,-28.755,-32.269,-35.774,-39.248,-42.761,-5.071,-5.071,-5.069,-5.075,-5.069,-5.073
,0.0,-0.2,0.015,3.4874,7.0019,10.5059,13.9805,17.4933,3.5145,7.0186,10.4932,14.0059,3.5043,6.9787,10.4915,3.4747,6.9874,3.5128,0,0.0292,0.0292,OK,0.201,FORMATION_FOLLOW|FORMATION_FOLLOW|FORMATION_FOLLOW|FORMATION_FOLLOW|FORMATION_FOLLOW|FORMATION_FOLLOW,1,1,9.4,-13.783,-13.791,-13.798,-13.749,-13.774,-13.761,-25.267,-28.754,-32.269,-35.773,-39.247,-42.76,-5.072,-5.073,-5.07,-5.077,-5.07,-5.075
,0.0,-0.2,0.013,3.4878,7.0016,10.5059,13.9804,17.4927,3.5138,7.0181,10.4926,14.0049,3.5046,6.9789,10.4912,3.4747,6.9869,3.5123,0,0.0301,0.0301,OK,0.2,FORMATION_FOLLOW|FORMATION_FOLLOW|FORMATION_FOLLOW|FORMATION_FOLLOW|FORMATION_FOLLOW|FORMATION_FOLLOW,1,1,9.5,-13.753,-13.761,-13.768,-13.718,-13.745,-13.731,-25.266,-28.754,-32.268,-35.772,-39.247,-42.759,-5.073,-5.075,-5.072,-5.078,-5.072,-5.076
,0.0,-0.2,0.01,3.4888,7.0015,10.5061,13.9801,17.4921,3.5127,7.0174,10.4914,14.0034,3.5049,6.9787,10.4907,3.4742,6.9861,3.512,0,0.0311,0.0311,OK,0.2,FORMATION_FOLLOW|FORMATION_FOLLOW|FORMATION_FOLLOW|FORMATION_FOLLOW|FORMATION_FOLLOW|FORMATION_FOLLOW,1,1,9.6,-13.724,-13.731,-13.738,-13.688,-13.715,-13.702,-25.266,-28.754,-32.267,-35.772,-39.246,-42.758,-5.074,-5.076,-5.073,-5.08,-5.073,-5.078
,0.0,-0.2,0.008,3.4898,7.0014,10.5062,13.9797,17.4917,3.5116,7.0164,10.4899,14.0019,3.5051,6.9784,10.4903,3.4738,6.9856,3.512,0,0.0322,0.0322,OK,0.2,FORMATION_FOLLOW|FORMATION_FOLLOW|FORMATION_FOLLOW|FORMATION_FOLLOW|FORMATION_FOLLOW|FORMATION_FOLLOW,1,1,9.7,-13.694,-13.703,-13.709,-13.657,-13.686,-13.673,-25.265,-28.755,-32.267,-35.771,-39.245,-42.757,-5.075,-5.078,-5.075,-5.081,-5.075,-5.08
,0.0,-0.2,0.005,3.4905,7.001,10.5065,13.9793,17.4914,3.5105,7.0161,10.4888,14.0009,3.5059,6.9784,10.4905,3.473,6.985,3.5121,0,0.0333,0.0333,OK,0.2,FORMATION_FOLLOW|FORMATION_FOLLOW|FORMATION_FOLLOW|FORMATION_FOLLOW|FORMATION_FOLLOW|FORMATION_FOLLOW,1,1,9.8,-13.665,-13.673,-13.679,-13.626,-13.656,-13.644,-25.265,-28.755,-32.266,-35.771,-39.244,-42.756,-5.076,-5.079,-5.076,-5.083,-5.076,-5.082
,0.0,-0.2,0.003,3.491,7.0002,10.5072,13.9787,17.4913,3.5092,7.0163,10.4878,14.0004,3.5074,6.9786,10.4912,3.4717,6.9842,3.5126,0,0.0343,0.0343,OK,0.2,FORMATION_FOLLOW|FORMATION_FOLLOW|FORMATION_FOLLOW|FORMATION_FOLLOW|FORMATION_FOLLOW|FORMATION_FOLLOW,1,1,9.9,-13.636,-13.644,-13.649,-13.596,-13.627,-13.614,-25.265,-28.756,-32.265,-35.772,-39.243,-42.756,-5.078,-5.08,-5.078,-5.085,-5.077,-5.083
,0.0,-0.2,0.0,3.4909,6.9989,10.5077,13.9778,17.4912,3.508,7.0169,10.4869,14.0003,3.5092,6.9789,10.4924,3.4703,6.9836,3.5135,0,0.0354,0.0354,OK,0.2,FORMATION_FOLLOW|FORMATION_FOLLOW|FORMATION_FOLLOW|FORMATION_FOLLOW|FORMATION_FOLLOW|FORMATION_FOLLOW,1,1,10.0,-13.608,-13.614,-13.619,-13.565,-13.597,-13.584,-25.264,-28.755,-32.263,-35.772,-39.242,-42.756,-5.08,-5.082,-5.079,-5.086,-5.079,-5.085
,0.0,-0.2,-0.003,3.4908,6.9979,10.5084,13.9768,17.4916,3.5071,7.0178,10.486,14.0008,3.5109,6.9789,10.4937,3.4686,6.9832,3.5148,0,0.0366,0.0366,OK,0.2,FORMATION_FOLLOW|FORMATION_FOLLOW|FORMATION_FOLLOW|FORMATION_FOLLOW|FORMATION_FOLLOW|FORMATION_FOLLOW,1,1,10.1,-13.578,-13.584,-13.59,-13.535,-13.567,-13.555,-25.264,-28.755,-32.262,-35.772,-39.241,-42.755,-5.082,-5.083,-5.08,-5.088,-5.08,-5.087
,0.0,-0.2,-0.005,3.4909,6.9972,10.509,13.9757,17.4921,3.5063,7.0183,10.4849,14.0012,3.5122,6.9786,10.4949,3.4669,6.9832,3.5164,0,0.0377,0.0377,OK,0.2,FORMATION_FOLLOW|FORMATION_FOLLOW|FORMATION_FOLLOW|FORMATION_FOLLOW|FORMATION_FOLLOW|FORMATION_FOLLOW,1,1,10.2,-13.549,-13.555,-13.561,-13.504,-13.537,-13.525,-25.263,-28.754,-32.26,-35.772,-39.239,-42.755,-5.084,-5.084,-5.081,-5.089,-5.082,-5.088
,0.0,-0.2,-0.008,3.4908,6.9968,10.5092,13.9746,17.4923,3.506,7.0185,10.4837,14.0015,3.5128,6.9778,10.4955,3.4656,6.9832,3.5178,0,0.0384,0.0384,OK,0.2,FORMATION_FOLLOW|FORMATION_FOLLOW|FORMATION_FOLLOW|FORMATION_FOLLOW|FORMATION_FOLLOW|FORMATION_FOLLOW,1,1,10.3,-13.519,-13.526,-13.531,-13.474,-13.507,-13.496,-25.262,-28.753,-32.259,-35.772,-39.237,-42.755,-5.086,-5.085,-5.082,-5.09,-5.083,-5.089
,0.0,-0.2,-0.01,3.491,6.9967,10.509,13.9739,17.4925,3.5058,7.0181,10.483,14.0016,3.5127,6.9772,10.4958,3.4652,6.9836,3.5186,0,0.0389,0.0389,OK,0.2,FORMATION_FOLLOW|FORMATION_FOLLOW|FORMATION_FOLLOW|FORMATION_FOLLOW|FORMATION_FOLLOW|FORMATION_FOLLOW,1,1,10.4,-13.49,-13.496,-13.501,-13.443,-13.476,-13.466,-25.262,-28.753,-32.258,-35.771,-39.236,-42.754,-5.088,-5.086,-5.084,-5.091,-5.085,-5.091
,0.0,-0.2,-0.013,3.491,6.9964,10.5084,13.9733,17.4929,3.5055,7.0176,10.4823,14.0019,3.5124,6.9769,10.4965,3.4651,6.9846,3.5196,0,0.0395,0.0395,OK,0.2,FORMATION_FOLLOW|FORMATION_FOLLOW|FORMATION_FOLLOW|FORMATION_FOLLOW|FORMATION_FOLLOW|FORMATION_FOLLOW,1,1,10.5,-13.46,-13.467,-13.472,-13.413,-13.446,-13.437,-25.261,-28.752,-32.257,-35.769,-39.234,-42.754,-5.089,-5.087,-5.085,-5.092,-5.086,-5.092
,0.0,-0.2,-0.015,3.4907,6.9959,10.5078,13.973,17.4932,3.5052,7.0172,10.4823,14.0026,3.5124,6.9772,10.4974,3.4655,6.9855,3.5202,0,0.0401,0.0401,OK,0.201,FORMATION_FOLLOW|FORMATION_FOLLOW|FORMATION_FOLLOW|FORMATION_FOLLOW|FORMATION_FOLLOW|FORMATION_FOLLOW,1,1,10.6,-13.431,-13.438,-13.443,-13.382,-13.416,-13.407,-25.26,-28.751,-32.256,-35.768,-39.233,-42.753,-5.091,-5.088,-5.086,-5.094,-5.087,-5.093
,0.0,-0.2,-0.017,3.4909,6.996,10.5078,13.9736,17.4939,3.5051,7.0171,10.4827,14.003,3.5123,6.9776,10.4979,3.466,6.9862,3.5203,0,0.0406,0.0406,OK,0.201,FORMATION_FOLLOW|FORMATION_FOLLOW|FORMATION_FOLLOW|FORMATION_FOLLOW|FORMATION_FOLLOW|FORMATION_FOLLOW,1,1,10.7,-13.401,-13.409,-13.413,-13.352,-13.385,-13.378,-25.259,-28.75,-32.255,-35.767,-39.233,-42.753,-5.092,-5.089,-5.087,-5.095,-5.088,-5.094
,0.0,-0.2,-0.02,3.4912,6.9963,10.508,13.9743,17.4942,3.5051,7.017,10.4831,14.003,3.5122,6.9781,10.498,3.4666,6.9863,3.5199,0,0.0412,0.0412,OK,0.201,FORMATION_FOLLOW|FORMATION_FOLLOW|FORMATION_FOLLOW|FORMATION_FOLLOW|FORMATION_FOLLOW|FORMATION_FOLLOW,1,1,10.8,-13.372,-13.38,-13.384,-13.322,-13.355,-13.348,-25.258,-28.749,-32.254,-35.766,-39.232,-42.752,-5.093,-5.09,-5.087,-5.095,-5.09,-5.095
,0.0,-0.2,-0.022,3.4911,6.9963,10.5082,13.9749,17.4944,3.5052,7.0172,10.4838,14.0033,3.5124,6.9787,10.4981,3.467,6.9863,3.5195,0,0.0415,0.0415,OK,0.201,FORMATION_FOLLOW|FORMATION_FOLLOW|FORMATION_FOLLOW|FORMATION_FOLLOW|FORMATION_FOLLOW|FORMATION_FOLLOW,1,1,10.9,-13.343,-13.351,-13.355,-13.292,-13.325,-13.318,-25.257,-28.748,-32.253,-35.765,-39.232,-42.751,-5.094,-5.092,-5.088,-5.096,-5.09,-5.096
,0.0,-0.2,-0.025,3.491,6.9968,10.5086,13.9755,17.495,3.5058,7.0178,10.4845,14.004,3.5123,6.9787,10.4983,3.4671,6.9866,3.5196,0,0.0417,0.0417,OK,0.202,FORMATION_FOLLOW|FORMATION_FOLLOW|FORMATION_FOLLOW|FORMATION_FOLLOW|FORMATION_FOLLOW|FORMATION_FOLLOW,1,1,11.0,-13.314,-13.321,-13.325,-13.262,-13.295,-13.289,-25.256,-28.747,-32.252,-35.764,-39.231,-42.751,-5.095,-5.093,-5.089,-5.096,-5.091,-5.097
,0.0,-0.2,-0.027,3.4906,6.9972,10.5093,13.9762,17.4957,3.5066,7.0188,10.4856,14.0051,3.5126,6.979,10.4985,3.4671,6.9865,3.5195,0,0.0419,0.0419,OK,0.202,FORMATION_FOLLOW|FORMATION_FOLLOW|FORMATION_FOLLOW|FORMATION_FOLLOW|FORMATION_FOLLOW|FORMATION_FOLLOW,1,1,11.1,-13.284,-13.291,-13.295,-13.232,-13.265,-13.259,-25.255,-28.745,-32.252,-35.764,-39.231,-42.75,-5.095,-5.094,-5.089,-5.096,-5.092,-5.098
,0.0,-0.2,-0.029,3.4902,6.9974,10.51,13.977,17.4961,3.5073,7.02,10.4869,14.0059,3.5131,6.9797,10.4987,3.4673,6.9862,3.5191,0,0.0421,0.0421,OK,0.202,FORMATION_FOLLOW|FORMATION_FOLLOW|FORMATION_FOLLOW|FORMATION_FOLLOW|FORMATION_FOLLOW|FORMATION_FOLLOW,1,1,11.2,-13.255,-13.262,-13.265,-13.202,-13.235,-13.229,-25.254,-28.744,-32.251,-35.764,-39.231,-42.75,-5.096,-5.095,-5.09,-5.097,-5.093,-5.098
,0.0,-0.2,-0.032,3.49,6.9977,10.5105,13.9782,17.4968,3.5077,7.0207,10.4882,14.0069,3.5133,6.9805,10.4992,3.4679,6.9865,3.5187,0,0.0422,0.0422,OK,0.203,FORMATION_FOLLOW|FORMATION_FOLLOW|FORMATION_FOLLOW|FORMATION_FOLLOW|FORMATION_FOLLOW|FORMATION_FOLLOW,1,1,11.3,-13.225,-13.232,-13.235,-13.172,-13.205,-13.198,-25.253,-28.743,-32.251,-35.763,-39.231,-42.75,-5.097,-5.096,-5.091,-5.097,-5.094,-5.098
,0.0,-0.2,-0.034,3.49,6.998,10.5108,13.9793,17.4973,3.508,7.0209,10.4893,14.0073,3.5132,6.9813,10.4994,3.4688,6.9867,3.518,0,0.0421,0.0421,OK,0.203,FORMATION_FOLLOW|FORMATION_FOLLOW|FORMATION_FOLLOW|FORMATION_FOLLOW|FORMATION_FOLLOW|FORMATION_FOLLOW,1,1,11.4,-13.195,-13.202,-13.206,-13.142,-13.175,-13.168,-25.252,-28.742,-32.25,-35.763,-39.231,-42.749,-5.097,-5.098,-5.092,-5.098,-5.095,-5.099
,0.0,-0.2,-0.036,3.4893,6.9979,10.5103,13.9797,17.497,3.5085,7.0211,10.4904,14.0077,3.5129,6.9819,10.4992,3.4697,6.9868,3.5173,0,0.042,0.042,OK,0.203,FORMATION_FOLLOW|FORMATION_FOLLOW|FORMATION_FOLLOW|FORMATION_FOLLOW|FORMATION_FOLLOW|FORMATION_FOLLOW,1,1,11.5,-13.165,-13.172,-13.177,-13.112,-13.146,-13.136,-25.252,-28.741,-32.25,-35.762,-39.232,-42.749,-5.098,-5.099,-5.093,-5.099,-5.096,-5.1
,0.0,-0.2,-0.039,3.4885,6.998,10.5098,13.9803,17.4966,3.5095,7.0215,10.4918,14.0082,3.5124,6.9824,10.4987,3.4707,6.9869,3.5164,0,0.0419,0.0419,OK,0.204,FORMATION_FOLLOW|FORMATION_FOLLOW|FORMATION_FOLLOW|FORMATION_FOLLOW|FORMATION_FOLLOW|FORMATION_FOLLOW,1,1,11.6,-13.134,-13.142,-13.147,-13.082,-13.117,-13.105,-25.252,-28.741,-32.25,-35.762,-39.232,-42.749,-5.099,-5.1,-5.094,-5.099,-5.097,-5.1
,0.0,-0.2,-0.041,3.4879,6.9983,10.5095,13.9809,17.4968,3.5104,7.0217,10.493,14.0089,3.5117,6.9827,10.4985,3.4717,6.9874,3.5158,0,0.0418,0.0418,OK,0.204,FORMATION_FOLLOW|FORMATION_FOLLOW|FORMATION_FOLLOW|FORMATION_FOLLOW|FORMATION_FOLLOW|FORMATION_FOLLOW,1,1,11.7,-13.104,-13.112,-13.117,-13.052,-13.088,-13.075,-25.252,-28.74,-32.25,-35.761,-39.233,-42.749,-5.099,-5.101,-5.094,-5.1,-5.098,-5.101
,0.0,-0.2,-0.043,3.4876,6.9987,10.5092,13.9818,17.4974,3.5111,7.0218,10.4942,14.0098,3.511,6.9831,10.4988,3.4729,6.9883,3.5156,0,0.0415,0.0415,OK,0.205,FORMATION_FOLLOW|FORMATION_FOLLOW|FORMATION_FOLLOW|FORMATION_FOLLOW|FORMATION_FOLLOW|FORMATION_FOLLOW,1,1,11.8,-13.073,-13.082,-13.088,-13.022,-13.059,-13.044,-25.252,-28.739,-32.251,-35.761,-39.234,-42.749,-5.1,-5.102,-5.095,-5.1,-5.099,-5.101
,0.0,-0.2,-0.045,3.4878,6.9992,10.5094,13.9828,17.4986,3.5114,7.0217,10.495,14.0109,3.5107,6.9836,10.4995,3.4737,6.9894,3.5159,0,0.0412,0.0412,OK,0.205,FORMATION_FOLLOW|FORMATION_FOLLOW|FORMATION_FOLLOW|FORMATION_FOLLOW|FORMATION_FOLLOW|FORMATION_FOLLOW,1,1,11.9,-13.042,-13.052,-13.059,-12.992,-13.03,-13.013,-25.251,-28.739,-32.251,-35.761,-39.234,-42.75,-5.101,-5.102,-5.096,-5.1,-5.099,-5.102
,0.0,-0.2,-0.047,3.4881,6.9997,10.5099,13.9839,17.5,3.5116,7.0219,10.4958,14.0119,3.5108,6.9843,10.5004,3.4743,6.9902,3.5162,0,0.0411,0.0411,OK,0.205,FORMATION_FOLLOW|FORMATION_FOLLOW|FORMATION_FOLLOW|FORMATION_FOLLOW|FORMATION_FOLLOW|FORMATION_FOLLOW,1,1,12.0,-13.012,-13.021,-13.029,-12.962,-13.0,-12.982,-25.251,-28.739,-32.251,-35.761,-39.235,-42.751,-5.102,-5.103,-5.097,-5.1,-5.1,-5.102
,0.0,-0.2,-0.049,3.4889,7.0004,10.5107,13.9851,17.5016,3.5114,7.0219,10.4962,14.0127,3.5109,6.9848,10.5013,3.4748,6.991,3.5165,0,0.0409,0.0409,OK,0.206,FORMATION_FOLLOW|FORMATION_FOLLOW|FORMATION_FOLLOW|FORMATION_FOLLOW|FORMATION_FOLLOW|FORMATION_FOLLOW,1,1,12.1,-12.982,-12.99,-13.0,-12.932,-12.971,-12.951,-25.25,-28.739,-32.25,-35.761,-39.235,-42.752,-5.103,-5.103,-5.098,-5.1,-5.1,-5.103
,0.0,-0.2,-0.051,3.49,7.001,10.5118,13.9866,17.5032,3.511,7.0219,10.4966,14.0132,3.5113,6.9856,10.5023,3.4751,6.9915,3.5167,0,0.0406,0.0406,OK,0.206,FORMATION_FOLLOW|FORMATION_FOLLOW|FORMATION_FOLLOW|FORMATION_FOLLOW|FORMATION_FOLLOW|FORMATION_FOLLOW,1,1,12.2,-12.951,-12.958,-12.97,-12.902,-12.943,-12.921,-25.249,-28.739,-32.25,-35.761,-39.236,-42.752,-5.104,-5.104,-5.098,-5.1,-5.101,-5.104
,0.0,-0.2,-0.053,3.4908,7.002,10.5126,13.9877,17.5047,3.5111,7.0219,10.4969,14.0139,3.5112,6.9858,10.5028,3.4754,6.9921,3.517,0,0.0403,0.0403,OK,0.207,FORMATION_FOLLOW|FORMATION_FOLLOW|FORMATION_FOLLOW|FORMATION_FOLLOW|FORMATION_FOLLOW|FORMATION_FOLLOW,1,1,12.3,-12.921,-12.927,-12.94,-12.873,-12.914,-12.89,-25.248,-28.739,-32.25,-35.761,-39.236,-42.753,-5.104,-5.104,-5.099,-5.1,-5.102,-5.105
,0.0,-0.2,-0.055,3.4915,7.0027,10.5135,13.9889,17.5059,3.5112,7.022,10.4973,14.0144,3.5113,6.9862,10.5033,3.4757,6.9925,3.5171,0,0.0402,0.0402,OK,0.207,FORMATION_FOLLOW|FORMATION_FOLLOW|FORMATION_FOLLOW|FORMATION_FOLLOW|FORMATION_FOLLOW|FORMATION_FOLLOW,1,1,12.4,-12.891,-12.896,-12.91,-12.843,-12.884,-12.86,-25.247,-28.739,-32.25,-35.76,-39.236,-42.753,-5.105,-5.104,-5.099,-5.099,-5.102,-5.105
,0.0,-0.2,-0.057,3.4922,7.0031,10.5141,13.9897,17.5067,3.5108,7.022,10.4975,14.0145,3.5116,6.9868,10.5038,3.476,6.9927,3.5171,0,0.0403,0.0403,OK,0.208,FORMATION_FOLLOW|FORMATION_FOLLOW|FORMATION_FOLLOW|FORMATION_FOLLOW|FORMATION_FOLLOW|FORMATION_FOLLOW,1,1,12.5,-12.861,-12.865,-12.88,-12.813,-12.855,-12.83,-25.246,-28.738,-32.249,-35.76,-39.236,-42.753,-5.106,-5.105,-5.1,-5.099,-5.103,-5.106
,0.0,-0.2,-0.058,3.4928,7.0032,10.5148,13.9904,17.5075,3.5104,7.022,10.4976,14.0147,3.5121,6.9873,10.5044,3.4761,6.9928,3.5172,0,0.0408,0.0408,OK,0.208,FORMATION_FOLLOW|FORMATION_FOLLOW|FORMATION_FOLLOW|FORMATION_FOLLOW|FORMATION_FOLLOW|FORMATION_FOLLOW,1,1,12.6,-12.83,-12.834,-12.849,-12.782,-12.827,-12.801,-25.245,-28.738,-32.248,-35.76,-39.235,-42.753,-5.107,-5.105,-5.101,-5.1,-5.104,-5.106
,0.0,-0.2,-0.06,3.4936,7.0033,10.5154,13.991,17.5082,3.5097,7.0219,10.4974,14.0146,3.5127,6.9878,10.505,3.476,6.9928,3.5172,0,0.0416,0.0416,OK,0.209,FORMATION_FOLLOW|FORMATION_FOLLOW|FORMATION_FOLLOW|FORMATION_FOLLOW|FORMATION_FOLLOW|FORMATION_FOLLOW,1,1,12.7,-12.8,-12.803,-12.819,-12.751,-12.798,-12.771,-25.244,-28.738,-32.247,-35.759,-39.235,-42.752,-5.107,-5.105,-5.102,-5.1,-5.104,-5.107
,0.0,-0.2,-0.062,3.4941,7.0033,10.5164,13.9921,17.5088,3.5092,7.0224,10.498,14.0148,3.5137,6.9888,10.5056,3.4761,6.9925,3.5168,0,0.0424,0.0424,OK,0.209,FORMATION_FOLLOW|FORMATION_FOLLOW|FORMATION_FOLLOW|FORMATION_FOLLOW|FORMATION_FOLLOW|FORMATION_FOLLOW,1,1,12.8,-12.77,-12.772,-12.789,-12.72,-12.769,-12.741,-25.243,-28.737,-32.246,-35.759,-39.235,-42.752,-5.107,-5.106,-5.103,-5.101,-5.105,-5.107
,0.0,-0.2,-0.063,3.4947,7.0034,10.5177,13.9935,17.5097,3.5088,7.0231,10.4988,14.015,3.5148,6.9901,10.5064,3.4763,6.9922,3.5163,0,0.0433,0.0433,OK,0.21,FORMATION_FOLLOW|FORMATION_FOLLOW|FORMATION_FOLLOW|FORMATION_FOLLOW|FORMATION_FOLLOW|FORMATION_FOLLOW,1,1,12.9,-12.74,-12.742,-12.759,-12.689,-12.74,-12.711,-25.242,-28.737,-32.245,-35.759,-39.235,-42.752,-5.108,-5.106,-5.104,-5.101,-5.105,-5.108
,0.0,-0.2,-0.065,3.4953,7.0035,10.519,13.9948,17.5104,3.5082,7.0237,10.4995,14.0151,3.5161,6.9913,10.507,3.4763,6.9916,3.5157,0,0.0441,0.0441,OK,0.21,FORMATION_FOLLOW|FORMATION_FOLLOW|FORMATION_FOLLOW|FORMATION_FOLLOW|FORMATION_FOLLOW|FORMATION_FOLLOW,1,1,13.0,-12.71,-12.711,-12.729,-12.659,-12.711,-12.681,-25.241,-28.736,-32.244,-35.76,-39.235,-42.751,-5.108,-5.107,-5.105,-5.102,-5.105,-5.108
,0.0,-0.2,-0.066,3.4958,7.003,10.5201,13.996,17.5108,3.5073,7.0244,10.5002,14.015,3.5177,6.993,10.5079,3.4764,6.9908,3.5149,0,0.0447,0.0447,OK,0.211,FORMATION_FOLLOW|FORMATION_FOLLOW|FORMATION_FOLLOW|FORMATION_FOLLOW|FORMATION_FOLLOW|FORMATION_FOLLOW,1,1,13.1,-12.679,-12.681,-12.699,-12.628,-12.681,-12.651,-25.24,-28.736,-32.243,-35.76,-39.236,-42.75,-5.108,-5.108,-5.106,-5.103,-5.105,-5.108
,0.0,-0.2,-0.068,3.4963,7.0026,10.5212,13.9977,17.5112,3.5063,7.025,10.5014,14.0149,3.5192,6.9952,10.5087,3.477,6.9901,3.5135,0,0.0449,0.0449,OK,0.211,FORMATION_FOLLOW|FORMATION_FOLLOW|FORMATION_FOLLOW|FORMATION_FOLLOW|FORMATION_FOLLOW|FORMATION_FOLLOW,1,1,13.2,-12.649,-12.651,-12.669,-12.598,-12.652,-12.622,-25.239,-28.735,-32.241,-35.76,-39.236,-42.75,-5.108,-5.108,-5.107,-5.104,-5.105,-5.108
,0.0,-0.2,-0.069,3.4966,7.0024,10.5224,13.9993,17.5114,3.5058,7.0259,10.5027,14.0148,3.5207,6.997,10.5092,3.4774,6.9892,3.5122,0,0.0452,0.0452,OK,0.212,FORMATION_FOLLOW|FORMATION_FOLLOW|FORMATION_FOLLOW|FORMATION_FOLLOW|FORMATION_FOLLOW|FORMATION_FOLLOW,1,1,13.3,-12.619,-12.621,-12.64,-12.569,-12.623,-12.592,-25.237,-28.734,-32.24,-35.76,-39.237,-42.749,-5.107,-5.109,-5.107,-5.105,-5.105,-5.108
,0.0,-0.2,-0.07,3.4969,7.0023,10.5235,14.0007,17.5114,3.5055,7.0268,10.5038,14.0145,3.5219,6.9984,10.5092,3.4777,6.988,3.5108,0,0.0455,0.0455,OK,0.212,FORMATION_FOLLOW|FORMATION_FOLLOW|FORMATION_FOLLOW|FORMATION_FOLLOW|FORMATION_FOLLOW|FORMATION_FOLLOW,1,1,13.4,-12.588,-12.592,-12.61,-12.539,-12.593,-12.562,-25.237,-28.733,-32.239,-35.76,-39.237,-42.748,-5.107,-5.11,-5.108,-5.105,-5.105,-5.108
,0.0,-0.2,-0.071,3.4966,7.0022,10.5243,14.0019,17.5111,3.5057,7.0278,10.5054,14.0146,3.5227,6.9998,10.509,3.4782,6.987,3.5093,0,0.0459,0.0459,OK,0.212,FORMATION_FOLLOW|FORMATION_FOLLOW|FORMATION_FOLLOW|FORMATION_FOLLOW|FORMATION_FOLLOW|FORMATION_FOLLOW,1,1,13.5,-12.558,-12.562,-12.581,-12.509,-12.564,-12.533,-25.236,-28.732,-32.238,-35.76,-39.238,-42.747,-5.107,-5.11,-5.108,-5.106,-5.105,-5.108
,0.0,-0.2,-0.072,3.4959,7.0024,10.5242,14.0026,17.5108,3.5065,7.0284,10.5068,14.015,3.5225,7.0003,10.5086,3.479,6.9868,3.5083,0,0.0461,0.0461,OK,0.213,FORMATION_FOLLOW|FORMATION_FOLLOW|FORMATION_FOLLOW|FORMATION_FOLLOW|FORMATION_FOLLOW|FORMATION_FOLLOW,1,1,13.6,-12.528,-12.532,-12.552,-12.479,-12.535,-12.503,-25.236,-28.731,-32.238,-35.76,-39.238,-42.746,-5.107,-5.111,-5.108,-5.106,-5.104,-5.108
,0.0,-0.2,-0.073,3.4948,7.0028,10.5238,14.0027,17.5105,3.508,7.0291,10.5079,14.0157,3.5217,7.0,10.5079,3.4795,6.9869,3.5079,0,0.046,0.046,OK,0.213,FORMATION_FOLLOW|FORMATION_FOLLOW|FORMATION_FOLLOW|FORMATION_FOLLOW|FORMATION_FOLLOW|FORMATION_FOLLOW,1,1,13.7,-12.498,-12.502,-12.523,-12.45,-12.506,-12.472,-25.236,-28.73,-32.238,-35.759,-39.238,-42.746,-5.106,-5.111,-5.108,-5.106,-5.104,-5.107
,0.0,-0.2,-0.074,3.4941,7.0035,10.5234,14.0029,17.5105,3.5094,7.0294,10.5088,14.0164,3.5206,6.9994,10.5071,3.48,6.9872,3.5078,0,0.0458,0.0458,OK,0.213,FORMATION_FOLLOW|FORMATION_FOLLOW|FORMATION_FOLLOW|FORMATION_FOLLOW|FORMATION_FOLLOW|FORMATION_FOLLOW,1,1,13.8,-12.469,-12.473,-12.493,-12.42,-12.477,-12.442,-25.235,-28.729,-32.239,-35.759,-39.238,-42.746,-5.106,-5.11,-5.108,-5.106,-5.103,-5.107
,0.0,-0.2,-0.075,3.4935,7.0041,10.5227,14.0033,17.5106,3.5106,7.0293,10.5097,14.017,3.5193,6.9992,10.5066,3.4811,6.988,3.5075,0,0.0453,0.0453,OK,0.214,FORMATION_FOLLOW|FORMATION_FOLLOW|FORMATION_FOLLOW|FORMATION_FOLLOW|FORMATION_FOLLOW|FORMATION_FOLLOW,1,1,13.9,-12.439,-12.443,-12.463,-12.391,-12.447,-12.412,-25.235,-28.729,-32.239,-35.758,-39.238,-42.746,-5.106,-5.11,-5.107,-5.106,-5.102,-5.106
,0.0,-0.2,-0.076,3.4938,7.0049,10.5227,14.0042,17.5109,3.5111,7.029,10.5104,14.0172,3.5185,6.9994,10.5062,3.4821,6.9883,3.5069,0,0.0447,0.0447,OK,0.214,FORMATION_FOLLOW|FORMATION_FOLLOW|FORMATION_FOLLOW|FORMATION_FOLLOW|FORMATION_FOLLOW|FORMATION_FOLLOW,1,1,14.0,-12.41,-12.413,-12.433,-12.361,-12.418,-12.382,-25.235,-28.729,-32.24,-35.757,-39.239,-42.746,-5.106,-5.109,-5.106,-5.106,-5.102,-5.106
,0.0,-0.2,-0.077,3.4943,7.0056,10.5231,14.0054,17.5115,3.5113,7.0288,10.511,14.0172,3.5181,6.9998,10.506,3.4828,6.9885,3.5063,0,0.0443,0.0443,OK,0.214,FORMATION_FOLLOW|FORMATION_FOLLOW|FORMATION_FOLLOW|FORMATION_FOLLOW|FORMATION_FOLLOW|FORMATION_FOLLOW,1,1,14.1,-12.381,-12.383,-12.404,-12.332,-12.389,-12.352,-25.234,-28.729,-32.24,-35.757,-39.24,-42.746,-5.105,-5.109,-5.106,-5.106,-5.101,-5.106
,0.0,-0.2,-0.077,3.4945,7.0063,10.5235,14.0064,17.5119,3.5118,7.0291,10.5118,14.0174,3.5179,7.0001,10.5058,3.4834,6.9885,3.5058,0,0.0442,0.0442,OK,0.214,FORMATION_FOLLOW|FORMATION_FOLLOW|FORMATION_FOLLOW|FORMATION_FOLLOW|FORMATION_FOLLOW|FORMATION_FOLLOW,1,1,14.2,-12.351,-12.353,-12.374,-12.303,-12.36,-12.323,-25.234,-28.729,-32.24,-35.757,-39.24,-42.746,-5.104,-5.108,-5.105,-5.105,-5.101,-5.105
,0.0,-0.2,-0.078,3.4941,7.0068,10.5237,14.0068,17.512,3.5128,7.0297,10.5127,14.0179,3.5175,7.0001,10.5054,3.4837,6.9884,3.5054,0,0.0444,0.0444,OK,0.215,FORMATION_FOLLOW|FORMATION_FOLLOW|FORMATION_FOLLOW|FORMATION_FOLLOW|FORMATION_FOLLOW|FORMATION_FOLLOW,1,1,14.3,-12.322,-12.322,-12.344,-12.273,-12.331,-12.293,-25.234,-28.728,-32.241,-35.758,-39.241,-42.746,-5.104,-5.107,-5.104,-5.105,-5.1,-5.104
,0.0,-0.2,-0.079,3.4939,7.0075,10.5239,14.0071,17.512,3.5136,7.0301,10.5133,14.0181,3.5171,6.9997,10.5046,3.4838,6.9882,3.505,0,0.0447,0.0447,OK,0.215,FORMATION_FOLLOW|FORMATION_FOLLOW|FORMATION_FOLLOW|FORMATION_FOLLOW|FORMATION_FOLLOW|FORMATION_FOLLOW,1,1,14.4,-12.293,-12.292,-12.315,-12.243,-12.302,-12.264,-25.234,-28.728,-32.241,-35.758,-39.241,-42.746,-5.103,-5.107,-5.104,-5.104,-5.099,-5.104
,0.0,-0.2,-0.079,3.4939,7.0079,10.5238,14.007,17.5117,3.514,7.0299,10.5131,14.0178,3.5166,6.9992,10.504,3.4838,6.988,3.5049,0,0.0452,0.0452,OK,0.215,FORMATION_FOLLOW|FORMATION_FOLLOW|FORMATION_FOLLOW|FORMATION_FOLLOW|FORMATION_FOLLOW|FORMATION_FOLLOW,1,1,14.5,-12.264,-12.263,-12.284,-12.213,-12.273,-12.235,-25.234,-28.728,-32.242,-35.758,-39.241,-42.746,-5.102,-5.106,-5.103,-5.104,-5.098,-5.103
,0.0,-0.2,-0.079,3.4944,7.0083,10.5235,14.0072,17.5115,3.514,7.0291,10.5128,14.0171,3.5158,6.9989,10.5033,3.4844,6.9881,3.5045,0,0.0455,0.0455,OK,0.215,FORMATION_FOLLOW|FORMATION_FOLLOW|FORMATION_FOLLOW|FORMATION_FOLLOW|FORMATION_FOLLOW|FORMATION_FOLLOW,1,1,14.6,-12.235,-12.233,-12.254,-12.183,-12.244,-12.206,-25.234,-28.729,-32.242,-35.757,-39.241,-42.746,-5.101,-5.105,-5.103,-5.103,-5.098,-5.103
,0.0,-0.2,-0.08,3.4951,7.0087,10.523,14.0076,17.5114,3.5136,7.028,10.5124,14.0163,3.5149,6.9989,10.5029,3.4852,6.9886,3.5041,0,0.0455,0.0455,OK,0.215,FORMATION_FOLLOW|FORMATION_FOLLOW|FORMATION_FOLLOW|FORMATION_FOLLOW|FORMATION_FOLLOW|FORMATION_FOLLOW,1,1,14.7,-12.206,-12.204,-12.224,-12.153,-12.214,-12.176,-25.234,-28.729,-32.243,-35.757,-39.242,-42.746,-5.1,-5.104,-5.102,-5.103,-5.097,-5.103
,0.0,-0.2,-0.08,3.4957,7.0083,10.5221,14.0079,17.5111,3.5126,7.0264,10.5122,14.0154,3.5144,6.9997,10.5029,3.4865,6.9891,3.5034,0,0.0453,0.0453,OK,0.215,FORMATION_FOLLOW|FORMATION_FOLLOW|FORMATION_FOLLOW|FORMATION_FOLLOW|FORMATION_FOLLOW|FORMATION_FOLLOW,1,1,14.8,-12.176,-12.174,-12.194,-12.124,-12.184,-12.147,-25.234,-28.73,-32.243,-35.756,-39.242,-42.745,-5.099,-5.103,-5.102,-5.102,-5.096,-5.104
,0.0,-0.2,-0.08,3.496,7.0076,10.5213,14.0085,17.5112,3.5117,7.0254,10.5125,14.0152,3.5143,7.0009,10.5036,3.4878,6.99,3.5028,0,0.0448,0.0448,OK,0.215,FORMATION_FOLLOW|FORMATION_FOLLOW|FORMATION_FOLLOW|FORMATION_FOLLOW|FORMATION_FOLLOW|FORMATION_FOLLOW,1,1,14.9,-12.147,-12.145,-12.164,-12.095,-12.154,-12.118,-25.234,-28.73,-32.242,-35.756,-39.243,-42.746,-5.098,-5.103,-5.101,-5.101,-5.095,-5.103
,0.0,-0.2,-0.08,3.4964,7.0073,10.5209,14.0091,17.5114,3.5109,7.0246,10.5127,14.0151,3.5142,7.0018,10.5042,3.4888,6.9907,3.5025,0,0.0444,0.0444,OK,0.215,FORMATION_FOLLOW|FORMATION_FOLLOW|FORMATION_FOLLOW|FORMATION_FOLLOW|FORMATION_FOLLOW|FORMATION_FOLLOW,1,1,15.0,-12.117,-12.115,-12.134,-12.065,-12.125,-12.089,-25.234,-28.731,-32.242,-35.755,-39.243,-42.746,-5.097,-5.102,-5.1,-5.101,-5.095,-5.103
,0.0,-0.2,-0.08,3.4968,7.007,10.5209,14.01,17.5115,3.5103,7.0241,10.5132,14.0147,3.5144,7.003,10.5045,3.4898,6.9907,3.5016,0,0.0441,0.0441,OK,0.215,FORMATION_FOLLOW|FORMATION_FOLLOW|FORMATION_FOLLOW|FORMATION_FOLLOW|FORMATION_FOLLOW|FORMATION_FOLLOW,1,1,15.1,-12.087,-12.085,-12.104,-12.036,-12.095,-12.06,-25.234,-28.731,-32.241,-35.755,-39.244,-42.746,-5.096,-5.101,-5.1,-5.1,-5.094,-5.102
,0.0,-0.2,-0.08,3.4967,7.0067,10.5208,14.0109,17.511,3.51,7.0242,10.5142,14.0144,3.5147,7.0042,10.5044,3.4907,6.9903,3.5003,0,0.0438,0.0438,OK,0.215,FORMATION_FOLLOW|FORMATION_FOLLOW|FORMATION_FOLLOW|FORMATION_FOLLOW|FORMATION_FOLLOW|FORMATION_FOLLOW,1,1,15.2,-12.057,-12.055,-12.074,-12.006,-12.066,-12.031,-25.234,-28.731,-32.241,-35.755,-39.245,-42.745,-5.095,-5.1,-5.099,-5.098,-5.094,-5.101
,0.0,-0.2,-0.08,3.4968,7.0064,10.5206,14.0117,17.5104,3.5096,7.0239,10.5149,14.0137,3.5148,7.0053,10.5041,3.4917,6.99,3.4989,0,0.0438,0.0438,OK,0.215,FORMATION_FOLLOW|FORMATION_FOLLOW|FORMATION_FOLLOW|FORMATION_FOLLOW|FORMATION_FOLLOW|FORMATION_FOLLOW,1,1,15.3,-12.027,-12.025,-12.044,-11.976,-12.036,-12.001,-25.234,-28.731,-32.241,-35.755,-39.246,-42.745,-5.094,-5.099,-5.098,-5.097,-5.094,-5.1
,0.0,-0.2,-0.079,3.4972,7.0061,10.5209,14.0128,17.5098,3.509,7.0237,10.5156,14.0127,3.5153,7.0067,10.5038,3.4926,6.9891,3.4972,0,0.0439,0.0439,OK,0.215,FORMATION_FOLLOW|FORMATION_FOLLOW|FORMATION_FOLLOW|FORMATION_FOLLOW|FORMATION_FOLLOW|FORMATION_FOLLOW,1,1,15.4,-11.997,-11.994,-12.014,-11.946,-12.007,-11.972,-25.234,-28.731,-32.24,-35.755,-39.247,-42.744,-5.093,-5.098,-5.096,-5.096,-5.093,-5.098
,0.0,-0.2,-0.079,3.4978,7.0057,10.5215,14.0139,17.5091,3.508,7.0238,10.5161,14.0113,3.5163,7.0082,10.5034,3.493,6.9877,3.4953,0,0.0438,0.0438,OK,0.215,FORMATION_FOLLOW|FORMATION_FOLLOW|FORMATION_FOLLOW|FORMATION_FOLLOW|FORMATION_FOLLOW|FORMATION_FOLLOW,1,1,15.5,-11.968,-11.964,-11.983,-11.917,-11.977,-11.942,-25.234,-28.731,-32.239,-35.755,-39.247,-42.743,-5.092,-5.097,-5.095,-5.095,-5.092,-5.097
,0.0,-0.2,-0.079,3.4977,7.0049,10.5216,14.0145,17.5079,3.5073,7.024,10.5169,14.0103,3.5173,7.0097,10.5031,3.4935,6.9864,3.4936,0,0.0433,0.0433,OK,0.215,FORMATION_FOLLOW|FORMATION_FOLLOW|FORMATION_FOLLOW|FORMATION_FOLLOW|FORMATION_FOLLOW|FORMATION_FOLLOW,1,1,15.6,-11.938,-11.933,-11.953,-11.887,-11.947,-11.912,-25.234,-28.731,-32.239,-35.755,-39.248,-42.742,-5.092,-5.096,-5.094,-5.093,-5.091,-5.096
,0.0,-0.2,-0.078,3.4974,7.004,10.5214,14.0148,17.5068,3.5067,7.0241,10.5174,14.0094,3.5179,7.0108,10.5029,3.494,6.9855,3.4922,0,0.0428,0.0428,OK,0.215,FORMATION_FOLLOW|FORMATION_FOLLOW|FORMATION_FOLLOW|FORMATION_FOLLOW|FORMATION_FOLLOW|FORMATION_FOLLOW,1,1,15.7,-11.908,-11.903,-11.924,-11.858,-11.917,-11.881,-25.234,-28.731,-32.238,-35.755,-39.249,-42.741,-5.091,-5.095,-5.092,-5.092,-5.091,-5.095
,0.0,-0.2,-0.077,3.4975,7.0032,10.5213,14.015,17.5058,3.5058,7.0238,10.5175,14.0083,3.5186,7.0118,10.5027,3.4943,6.9847,3.491,0,0.0423,0.0423,OK,0.214,FORMATION_FOLLOW|FORMATION_FOLLOW|FORMATION_FOLLOW|FORMATION_FOLLOW|FORMATION_FOLLOW|FORMATION_FOLLOW,1,1,15.8,-11.878,-11.872,-11.894,-11.829,-11.887,-11.851,-25.234,-28.731,-32.237,-35.755,-39.249,-42.74,-5.09,-5.094,-5.091,-5.091,-5.09,-5.094
,0.0,-0.2,-0.077,3.4979,7.0028,10.5207,14.0155,17.5054,3.505,7.0229,10.5176,14.0076,3.5184,7.0127,10.5027,3.4954,6.9848,3.4901,0,0.0419,0.0419,OK,0.214,FORMATION_FOLLOW|FORMATION_FOLLOW|FORMATION_FOLLOW|FORMATION_FOLLOW|FORMATION_FOLLOW|FORMATION_FOLLOW,1,1,15.9,-11.849,-11.841,-11.865,-11.799,-11.857,-11.821,-25.234,-28.732,-32.237,-35.755,-39.249,-42.739,-5.089,-5.092,-5.089,-5.089,-5.09,-5.092
,0.0,-0.2,-0.076,3.4983,7.0025,10.5201,14.016,17.5054,3.5042,7.0218,10.5177,14.0071,3.5181,7.0136,10.503,3.4965,6.9854,3.4896,0,0.0419,0.0419,OK,0.214,FORMATION_FOLLOW|FORMATION_FOLLOW|FORMATION_FOLLOW|FORMATION_FOLLOW|FORMATION_FOLLOW|FORMATION_FOLLOW,1,1,16.0,-11.819,-11.811,-11.835,-11.769,-11.827,-11.79,-25.234,-28.732,-32.236,-35.754,-39.25,-42.739,-5.088,-5.091,-5.088,-5.087,-5.089,-5.091
,0.0,-0.2,-0.075,3.4988,7.0019,10.5194,14.0161,17.5054,3.5032,7.0205,10.5173,14.0065,3.518,7.0142,10.5035,3.4974,6.9861,3.4894,0,0.0417,0.0417,OK,0.214,FORMATION_FOLLOW|FORMATION_FOLLOW|FORMATION_FOLLOW|FORMATION_FOLLOW|FORMATION_FOLLOW|FORMATION_FOLLOW,1,1,16.1,-11.789,-11.781,-11.805,-11.739,-11.798,-11.76,-25.234,-28.733,-32.236,-35.753,-39.25,-42.739,-5.087,-5.09,-5.087,-5.086,-5.088,-5.089
,0.0,-0.2,-0.074,3.4996,7.0017,10.5188,14.0163,17.5057,3.5021,7.0192,10.5167,14.0061,3.5177,7.0146,10.5041,3.4981,6.987,3.4896,0,0.0413,0.0413,OK,0.213,FORMATION_FOLLOW|FORMATION_FOLLOW|FORMATION_FOLLOW|FORMATION_FOLLOW|FORMATION_FOLLOW|FORMATION_FOLLOW,1,1,16.2,-11.759,-11.751,-11.775,-11.709,-11.768,-11.73,-25.234,-28.733,-32.235,-35.752,-39.25,-42.739,-5.086,-5.089,-5.085,-5.085,-5.087,-5.088
,0.0,-0.2,-0.073,3.5006,7.002,10.5182,14.0168,17.5061,3.5014,7.0176,10.5162,14.0055,3.5167,7.0149,10.5043,3.4992,6.9881,3.4895,0,0.0406,0.0406,OK,0.213,FORMATION_FOLLOW|FORMATION_FOLLOW|FORMATION_FOLLOW|FORMATION_FOLLOW|FORMATION_FOLLOW|FORMATION_FOLLOW,1,1,16.3,-11.728,-11.721,-11.745,-11.679,-11.738,-11.699,-25.233,-28.734,-32.235,-35.751,-39.25,-42.739,-5.086,-5.087,-5.084,-5.083,-5.087,-5.087
,0.0,-0.2,-0.072,3.5015,7.0026,10.5176,14.0175,17.5069,3.5012,7.0161,10.516,14.0054,3.5155,7.0149,10.5044,3.5005,6.9894,3.4896,0,0.04,0.04,OK,0.213,FORMATION_FOLLOW|FORMATION_FOLLOW|FORMATION_FOLLOW|FORMATION_FOLLOW|FORMATION_FOLLOW|FORMATION_FOLLOW,1,1,16.4,-11.698,-11.691,-11.714,-11.65,-11.708,-11.669,-25.233,-28.734,-32.235,-35.75,-39.25,-42.74,-5.085,-5.086,-5.083,-5.082,-5.086,-5.085
,0.0,-0.2,-0.071,3.5026,7.0031,10.5171,14.0181,17.5081,3.5006,7.0146,10.5156,14.0055,3.5145,7.015,10.5051,3.5016,6.9911,3.4902,0,0.0393,0.0393,OK,0.212,FORMATION_FOLLOW|FORMATION_FOLLOW|FORMATION_FOLLOW|FORMATION_FOLLOW|FORMATION_FOLLOW|FORMATION_FOLLOW,1,1,16.5,-11.667,-11.661,-11.684,-11.62,-11.678,-11.638,-25.232,-28.735,-32.235,-35.749,-39.25,-42.74,-5.084,-5.084,-5.082,-5.08,-5.085,-5.084
,0.0,-0.2,-0.07,3.5034,7.0031,10.5167,14.019,17.509,3.4998,7.0134,10.5156,14.0056,3.5141,7.0159,10.506,3.5028,6.9924,3.4902,0,0.0389,0.0389,OK,0.212,FORMATION_FOLLOW|FORMATION_FOLLOW|FORMATION_FOLLOW|FORMATION_FOLLOW|FORMATION_FOLLOW|FORMATION_FOLLOW,1,1,16.6,-11.637,-11.632,-11.654,-11.59,-11.648,-11.608,-25.232,-28.735,-32.235,-35.749,-39.251,-42.741,-5.083,-5.082,-5.08,-5.079,-5.085,-5.082
,0.0,-0.2,-0.069,3.5037,7.0029,10.5163,14.0197,17.51,3.4992,7.0125,10.516,14.0063,3.5139,7.0169,10.5072,3.504,6.9938,3.4905,0,0.0384,0.0384,OK,0.212,FORMATION_FOLLOW|FORMATION_FOLLOW|FORMATION_FOLLOW|FORMATION_FOLLOW|FORMATION_FOLLOW|FORMATION_FOLLOW,1,1,16.7,-11.606,-11.602,-11.624,-11.56,-11.618,-11.577,-25.232,-28.735,-32.234,-35.748,-39.251,-42.742,-5.082,-5.081,-5.079,-5.078,-5.084,-5.081
,0.0,-0.2,-0.068,3.5036,7.0021,10.516,14.0197,17.5108,3.4985,7.0124,10.5161,14.0072,3.5144,7.0176,10.5088,3.5043,6.9949,3.4913,0,0.0381,0.0381,OK,0.211,FORMATION_FOLLOW|FORMATION_FOLLOW|FORMATION_FOLLOW|FORMATION_FOLLOW|FORMATION_FOLLOW|FORMATION_FOLLOW,1,1,16.8,-11.576,-11.572,-11.593,-11.53,-11.587,-11.546,-25.232,-28.735,-32.234,-35.748,-39.251,-42.743,-5.081,-5.08,-5.078,-5.077,-5.083,-5.08
,0.0,-0.2,-0.066,3.5035,7.0012,10.5159,14.0197,17.5117,3.4977,7.0124,10.5162,14.0082,3.5153,7.0185,10.5107,3.5043,6.9959,3.4923,0,0.0378,0.0378,OK,0.211,FORMATION_FOLLOW|FORMATION_FOLLOW|FORMATION_FOLLOW|FORMATION_FOLLOW|FORMATION_FOLLOW|FORMATION_FOLLOW,1,1,16.9,-11.545,-11.542,-11.563,-11.5,-11.557,-11.516,-25.232,-28.735,-32.233,-35.748,-39.252,-42.744,-5.08,-5.078,-5.077,-5.076,-5.082,-5.079
,0.0,-0.2,-0.065,3.5037,7.0002,10.5161,14.0199,17.5125,3.4965,7.0124,10.5162,14.0088,3.5164,7.0198,10.5125,3.5043,6.9965,3.4928,0,0.0376,0.0376,OK,0.21,FORMATION_FOLLOW|FORMATION_FOLLOW|FORMATION_FOLLOW|FORMATION_FOLLOW|FORMATION_FOLLOW|FORMATION_FOLLOW,1,1,17.0,-11.515,-11.512,-11.533,-11.47,-11.526,-11.485,-25.232,-28.736,-32.232,-35.748,-39.252,-42.744,-5.079,-5.077,-5.076,-5.075,-5.081,-5.078
,0.0,-0.2,-0.063,3.504,6.9992,10.5165,14.0199,17.5133,3.4953,7.0125,10.5159,14.0093,3.5177,7.0207,10.5142,3.504,6.9969,3.4936,0,0.0374,0.0374,OK,0.21,FORMATION_FOLLOW|FORMATION_FOLLOW|FORMATION_FOLLOW|FORMATION_FOLLOW|FORMATION_FOLLOW|FORMATION_FOLLOW,1,1,17.1,-11.485,-11.482,-11.503,-11.44,-11.495,-11.454,-25.232,-28.736,-32.231,-35.748,-39.252,-42.745,-5.078,-5.075,-5.075,-5.074,-5.08,-5.077
,0.0,-0.2,-0.062,3.5043,6.9982,10.5164,14.0194,17.514,3.4939,7.0121,10.5151,14.0097,3.5187,7.0212,10.5159,3.5035,6.9977,3.4948,0,0.0371,0.0371,OK,0.209,FORMATION_FOLLOW|FORMATION_FOLLOW|FORMATION_FOLLOW|FORMATION_FOLLOW|FORMATION_FOLLOW|FORMATION_FOLLOW,1,1,17.2,-11.454,-11.452,-11.473,-11.41,-11.464,-11.424,-25.232,-28.737,-32.23,-35.749,-39.252,-42.746,-5.077,-5.073,-5.074,-5.073,-5.078,-5.075
,0.0,-0.2,-0.06,3.5049,6.9971,10.5163,14.0191,17.5151,3.4923,7.0115,10.5142,14.0102,3.5197,7.022,10.518,3.5032,6.9988,3.4962,0,0.0367,0.0367,OK,0.209,FORMATION_FOLLOW|FORMATION_FOLLOW|FORMATION_FOLLOW|FORMATION_FOLLOW|FORMATION_FOLLOW|FORMATION_FOLLOW,1,1,17.3,-11.424,-11.422,-11.442,-11.38,-11.433,-11.393,-25.232,-28.737,-32.23,-35.749,-39.251,-42.747,-5.076,-5.071,-5.073,-5.072,-5.077,-5.074
,0.0,-0.2,-0.058,3.5057,6.9964,10.5163,14.019,17.5168,3.4908,7.0106,10.5133,14.011,3.5203,7.0226,10.5204,3.5032,7.0006,3.4979,0,0.0363,0.0363,OK,0.208,FORMATION_FOLLOW|FORMATION_FOLLOW|FORMATION_FOLLOW|FORMATION_FOLLOW|FORMATION_FOLLOW|FORMATION_FOLLOW,1,1,17.4,-11.395,-11.392,-11.411,-11.35,-11.402,-11.363,-25.232,-28.738,-32.229,-35.749,-39.251,-42.749,-5.075,-5.069,-5.072,-5.072,-5.076,-5.073
,0.0,-0.2,-0.057,3.5067,6.996,10.5161,14.0191,17.5186,3.4894,7.0094,10.5124,14.0119,3.5205,7.0231,10.5226,3.5035,7.0026,3.4997,0,0.0358,0.0358,OK,0.208,FORMATION_FOLLOW|FORMATION_FOLLOW|FORMATION_FOLLOW|FORMATION_FOLLOW|FORMATION_FOLLOW|FORMATION_FOLLOW,1,1,17.5,-11.365,-11.362,-11.381,-11.32,-11.371,-11.332,-25.232,-28.739,-32.228,-35.748,-39.251,-42.751,-5.073,-5.068,-5.07,-5.071,-5.075,-5.072
,0.0,-0.2,-0.055,3.5076,6.9956,10.5156,14.0186,17.5199,3.488,7.008,10.511,14.0123,3.5205,7.0231,10.5244,3.5035,7.0044,3.5014,0,0.0353,0.0353,OK,0.207,FORMATION_FOLLOW|FORMATION_FOLLOW|FORMATION_FOLLOW|FORMATION_FOLLOW|FORMATION_FOLLOW|FORMATION_FOLLOW,1,1,17.6,-11.335,-11.332,-11.351,-11.29,-11.34,-11.302,-25.232,-28.74,-32.228,-35.748,-39.251,-42.752,-5.073,-5.067,-5.069,-5.07,-5.074,-5.07
,0.0,-0.2,-0.053,3.5086,6.9957,10.5152,14.0182,17.521,3.4872,7.0066,10.5096,14.0124,3.5199,7.0225,10.5254,3.5035,7.0059,3.503,0,0.0351,0.0351,OK,0.207,FORMATION_FOLLOW|FORMATION_FOLLOW|FORMATION_FOLLOW|FORMATION_FOLLOW|FORMATION_FOLLOW|FORMATION_FOLLOW,1,1,17.7,-11.305,-11.302,-11.321,-11.26,-11.309,-11.271,-25.232,-28.741,-32.228,-35.747,-39.25,-42.753,-5.072,-5.065,-5.069,-5.069,-5.073,-5.069
,0.0,-0.2,-0.051,3.5097,6.9959,10.5149,14.0177,17.5219,3.4862,7.0052,10.508,14.0121,3.5195,7.0219,10.5261,3.5032,7.007,3.5043,0,0.035,0.035,OK,0.206,FORMATION_FOLLOW|FORMATION_FOLLOW|FORMATION_FOLLOW|FORMATION_FOLLOW|FORMATION_FOLLOW|FORMATION_FOLLOW,1,1,17.8,-11.276,-11.272,-11.291,-11.23,-11.279,-11.241,-25.232,-28.742,-32.228,-35.747,-39.25,-42.754,-5.07,-5.064,-5.068,-5.068,-5.071,-5.067
,0.0,-0.2,-0.049,3.5111,6.9959,10.5147,14.0168,17.5227,3.4848,7.0036,10.5057,14.0116,3.5192,7.021,10.5269,3.5026,7.0081,3.506,0,0.0347,0.0347,OK,0.206,FORMATION_FOLLOW|FORMATION_FOLLOW|FORMATION_FOLLOW|FORMATION_FOLLOW|FORMATION_FOLLOW|FORMATION_FOLLOW,1,1,17.9,-11.246,-11.242,-11.261,-11.2,-11.248,-11.21,-25.231,-28.743,-32.227,-35.746,-39.248,-42.754,-5.069,-5.063,-5.067,-5.067,-5.07,-5.066
,0.0,-0.2,-0.047,3.5122,6.996,10.5148,14.0162,17.5233,3.4838,7.0026,10.504,14.0111,3.5192,7.0202,10.5274,3.5018,7.0086,3.5073,0,0.0342,0.0342,OK,0.205,FORMATION_FOLLOW|FORMATION_FOLLOW|FORMATION_FOLLOW|FORMATION_FOLLOW|FORMATION_FOLLOW|FORMATION_FOLLOW,1,1,18.0,-11.217,-11.212,-11.23,-11.17,-11.217,-11.179,-25.231,-28.743,-32.227,-35.746,-39.247,-42.754,-5.068,-5.062,-5.066,-5.065,-5.069,-5.064
,0.0,-0.2,-0.045,3.5127,6.996,10.5146,14.0156,17.5237,3.4834,7.0019,10.503,14.011,3.519,7.0196,10.5277,3.5015,7.0091,3.5082,0,0.0337,0.0337,OK,0.205,FORMATION_FOLLOW|FORMATION_FOLLOW|FORMATION_FOLLOW|FORMATION_FOLLOW|FORMATION_FOLLOW|FORMATION_FOLLOW,1,1,18.1,-11.187,-11.182,-11.2,-11.141,-11.187,-11.147,-25.231,-28.743,-32.227,-35.745,-39.246,-42.754,-5.067,-5.061,-5.065,-5.064,-5.068,-5.063
,0.0,-0.2,-0.043,3.5129,6.9961,10.5139,14.015,17.5238,3.4832,7.001,10.502,14.0109,3.5182,7.0189,10.5278,3.5014,7.01,3.5091,0,0.0333,0.0333,OK,0.205,FORMATION_FOLLOW|FORMATION_FOLLOW|FORMATION_FOLLOW|FORMATION_FOLLOW|FORMATION_FOLLOW|FORMATION_FOLLOW,1,1,18.2,-11.158,-11.153,-11.17,-11.111,-11.156,-11.116,-25.23,-28.743,-32.227,-35.744,-39.245,-42.754,-5.066,-5.06,-5.064,-5.062,-5.067,-5.061
,0.0,-0.2,-0.041,3.5134,6.9962,10.513,14.0145,17.524,3.4829,6.9996,10.501,14.0106,3.5171,7.0182,10.5278,3.5019,7.0111,3.5097,0,0.0328,0.0328,OK,0.204,FORMATION_FOLLOW|FORMATION_FOLLOW|FORMATION_FOLLOW|FORMATION_FOLLOW|FORMATION_FOLLOW|FORMATION_FOLLOW,1,1,18.3,-11.128,-11.123,-11.14,-11.081,-11.125,-11.084,-25.23,-28.744,-32.226,-35.743,-39.245,-42.754,-5.065,-5.059,-5.063,-5.061,-5.066,-5.06
,0.0,-0.2,-0.039,3.514,6.9962,10.5124,14.0139,17.5241,3.4822,6.9984,10.4999,14.0101,3.5166,7.0177,10.528,3.5019,7.0118,3.5104,0,0.0332,0.0332,OK,0.204,FORMATION_FOLLOW|FORMATION_FOLLOW|FORMATION_FOLLOW|FORMATION_FOLLOW|FORMATION_FOLLOW|FORMATION_FOLLOW,1,1,18.4,-11.099,-11.094,-11.11,-11.051,-11.094,-11.053,-25.23,-28.744,-32.226,-35.742,-39.244,-42.754,-5.064,-5.057,-5.061,-5.06,-5.065,-5.059
,0.0,-0.2,-0.036,3.5149,6.996,10.5117,14.013,17.5244,3.4812,6.9968,10.4981,14.0095,3.5161,7.017,10.5284,3.5017,7.0127,3.5115,0,0.034,0.034,OK,0.203,FORMATION_FOLLOW|FORMATION_FOLLOW|FORMATION_FOLLOW|FORMATION_FOLLOW|FORMATION_FOLLOW|FORMATION_FOLLOW,1,1,18.5,-11.069,-11.064,-11.079,-11.021,-11.063,-11.022,-25.229,-28.744,-32.226,-35.741,-39.243,-42.754,-5.062,-5.055,-5.06,-5.058,-5.064,-5.057
,0.0,-0.2,-0.034,3.5156,6.9959,10.5111,14.0122,17.5246,3.4803,6.9955,10.4966,14.009,3.5156,7.0164,10.5288,3.5015,7.0135,3.5126,0,0.0347,0.0347,OK,0.203,FORMATION_FOLLOW|FORMATION_FOLLOW|FORMATION_FOLLOW|FORMATION_FOLLOW|FORMATION_FOLLOW|FORMATION_FOLLOW,1,1,18.6,-11.039,-11.034,-11.049,-10.991,-11.032,-10.991,-25.229,-28.745,-32.225,-35.74,-39.241,-42.754,-5.061,-5.054,-5.059,-5.057,-5.064,-5.056
,0.0,-0.2,-0.032,3.5163,6.9959,10.5109,14.0118,17.525,3.4796,6.9946,10.4955,14.0087,3.5154,7.016,10.5292,3.5012,7.0141,3.5133,0,0.0354,0.0354,OK,0.203,FORMATION_FOLLOW|FORMATION_FOLLOW|FORMATION_FOLLOW|FORMATION_FOLLOW|FORMATION_FOLLOW|FORMATION_FOLLOW,1,1,18.7,-11.009,-11.004,-11.019,-10.96,-11.001,-10.96,-25.229,-28.745,-32.225,-35.74,-39.241,-42.754,-5.059,-5.053,-5.058,-5.056,-5.063,-5.055
,0.0,-0.2,-0.029,3.5167,6.9965,10.5112,14.0118,17.5254,3.4798,6.9945,10.4951,14.0087,3.5151,7.0154,10.529,3.501,7.0143,3.5138,0,0.0359,0.0359,OK,0.202,FORMATION_FOLLOW|FORMATION_FOLLOW|FORMATION_FOLLOW|FORMATION_FOLLOW|FORMATION_FOLLOW|FORMATION_FOLLOW,1,1,18.8,-10.979,-10.973,-10.989,-10.929,-10.97,-10.929,-25.229,-28.745,-32.225,-35.74,-39.24,-42.754,-5.058,-5.052,-5.057,-5.055,-5.061,-5.053
,0.0,-0.2,-0.027,3.5167,6.9971,10.5114,14.0115,17.5257,3.4805,6.9948,10.4948,14.009,3.5147,7.0144,10.5287,3.5004,7.0143,3.5144,0,0.0362,0.0362,OK,0.202,FORMATION_FOLLOW|FORMATION_FOLLOW|FORMATION_FOLLOW|FORMATION_FOLLOW|FORMATION_FOLLOW|FORMATION_FOLLOW,1,1,18.9,-10.949,-10.943,-10.959,-10.899,-10.94,-10.899,-25.228,-28.745,-32.225,-35.74,-39.24,-42.754,-5.056,-5.051,-5.056,-5.054,-5.06,-5.051
,0.0,-0.2,-0.025,3.5166,6.9974,10.5116,14.011,17.5259,3.4809,6.995,10.4944,14.0093,3.5146,7.0136,10.5286,3.4997,7.0144,3.5152,0,0.0364,0.0364,OK,0.202,FORMATION_FOLLOW|FORMATION_FOLLOW|FORMATION_FOLLOW|FORMATION_FOLLOW|FORMATION_FOLLOW|FORMATION_FOLLOW,1,1,19.0,-10.918,-10.913,-10.93,-10.868,-10.909,-10.868,-25.228,-28.745,-32.226,-35.74,-39.239,-42.754,-5.055,-5.049,-5.055,-5.053,-5.058,-5.05
,0.0,-0.2,-0.022,3.5169,6.9979,10.512,14.0103,17.5261,3.4811,6.9952,10.4935,14.0093,3.5145,7.0125,10.5284,3.4987,7.0142,3.516,0,0.0366,0.0366,OK,0.201,FORMATION_FOLLOW|FORMATION_FOLLOW|FORMATION_FOLLOW|FORMATION_FOLLOW|FORMATION_FOLLOW|FORMATION_FOLLOW,1,1,19.1,-10.888,-10.883,-10.9,-10.838,-10.878,-10.838,-25.228,-28.745,-32.226,-35.74,-39.239,-42.754,-5.054,-5.047,-5.054,-5.052,-5.057,-5.048
,0.0,-0.2,-0.02,3.5176,6.9985,10.5126,14.01,17.5263,3.481,6.9951,10.4924,14.0087,3.5146,7.0115,10.5279,3.4977,7.0137,3.5165,0,0.0367,0.0367,OK,0.201,FORMATION_FOLLOW|FORMATION_FOLLOW|FORMATION_FOLLOW|FORMATION_FOLLOW|FORMATION_FOLLOW|FORMATION_FOLLOW,1,1,19.2,-10.857,-10.852,-10.871,-10.807,-10.848,-10.807,-25.228,-28.745,-32.226,-35.74,-39.238,-42.754,-5.052,-5.046,-5.053,-5.052,-5.055,-5.046
,0.0,-0.2,-0.017,3.5186,6.9992,10.5134,14.0098,17.526,3.4806,6.9948,10.4912,14.0074,3.5148,7.0107,10.527,3.4967,7.0126,3.5164,0,0.0367,0.0367,OK,0.201,FORMATION_FOLLOW|FORMATION_FOLLOW|FORMATION_FOLLOW|FORMATION_FOLLOW|FORMATION_FOLLOW|FORMATION_FOLLOW,1,1,19.3,-10.826,-10.822,-10.842,-10.777,-10.817,-10.777,-25.228,-28.746,-32.227,-35.741,-39.237,-42.753,-5.051,-5.044,-5.052,-5.051,-5.054,-5.045
,0.0,-0.2,-0.015,3.5191,6.9995,10.5139,14.009,17.5251,3.4805,6.9949,10.49,14.0061,3.5149,7.0096,10.5257,3.4955,7.0113,3.5162,0,0.0365,0.0365,OK,0.201,FORMATION_FOLLOW|FORMATION_FOLLOW|FORMATION_FOLLOW|FORMATION_FOLLOW|FORMATION_FOLLOW|FORMATION_FOLLOW,1,1,19.4,-10.796,-10.792,-10.813,-10.747,-10.786,-10.747,-25.227,-28.746,-32.227,-35.741,-39.236,-42.752,-5.05,-5.042,-5.05,-5.051,-5.053,-5.043
,0.0,-0.2,-0.013,3.519,6.9991,10.5139,14.0076,17.524,3.4802,6.995,10.4887,14.0051,3.5154,7.0086,10.5251,3.494,7.0102,3.5166,0,0.0364,0.0364,OK,0.2,FORMATION_FOLLOW|FORMATION_FOLLOW|FORMATION_FOLLOW|FORMATION_FOLLOW|FORMATION_FOLLOW|FORMATION_FOLLOW,1,1,19.5,-10.766,-10.762,-10.783,-10.717,-10.755,-10.716,-25.228,-28.747,-32.227,-35.742,-39.236,-42.752,-5.048,-5.04,-5.049,-5.05,-5.052,-5.042
,0.0,-0.2,-0.01,3.5188,6.9987,10.5143,14.0063,17.5232,3.4801,6.9956,10.4876,14.0044,3.5161,7.0076,10.5246,3.4923,7.0089,3.517,0,0.0363,0.0363,OK,0.2,FORMATION_FOLLOW|FORMATION_FOLLOW|FORMATION_FOLLOW|FORMATION_FOLLOW|FORMATION_FOLLOW|FORMATION_FOLLOW,1,1,19.6,-10.737,-10.731,-10.754,-10.687,-10.724,-10.686,-25.228,-28.747,-32.227,-35.743,-39.235,-42.751,-5.047,-5.038,-5.048,-5.049,-5.051,-5.04
,0.0,-0.2,-0.008,3.5183,6.9984,10.5145,14.0051,17.5221,3.4801,6.9962,10.4868,14.0037,3.5167,7.0068,10.5238,3.4909,7.0076,3.5171,0,0.0363,0.0363,OK,0.2,FORMATION_FOLLOW|FORMATION_FOLLOW|FORMATION_FOLLOW|FORMATION_FOLLOW|FORMATION_FOLLOW|FORMATION_FOLLOW,1,1,19.7,-10.707,-10.701,-10.724,-10.657,-10.693,-10.656,-25.229,-28.747,-32.227,-35.743,-39.234,-42.751,-5.046,-5.037,-5.047,-5.048,-5.049,-5.039
,0.0,-0.2,-0.005,3.5173,6.998,10.5144,14.0041,17.5212,3.4808,6.9971,10.4868,14.0039,3.5169,7.0062,10.5234,3.49,7.0069,3.5173,0,0.0367,0.0367,OK,0.2,FORMATION_FOLLOW|FORMATION_FOLLOW|FORMATION_FOLLOW|FORMATION_FOLLOW|FORMATION_FOLLOW|FORMATION_FOLLOW,1,1,19.8,-10.678,-10.67,-10.695,-10.628,-10.663,-10.626,-25.23,-28.747,-32.228,-35.744,-39.234,-42.751,-5.045,-5.036,-5.046,-5.047,-5.048,-5.038
,0.0,-0.2,-0.003,3.5158,6.9974,10.5138,14.0029,17.5209,3.4817,6.9981,10.4872,14.0052,3.517,7.0056,10.5237,3.4893,7.0071,3.5182,0,0.0371,0.0371,OK,0.2,FORMATION_FOLLOW|FORMATION_FOLLOW|FORMATION_FOLLOW|FORMATION_FOLLOW|FORMATION_FOLLOW|FORMATION_FOLLOW,1,1,19.9,-10.649,-10.64,-10.666,-10.599,-10.632,-10.596,-25.231,-28.747,-32.228,-35.745,-39.234,-42.752,-5.044,-5.034,-5.045,-5.046,-5.046,-5.037
,0.0,-0.2,-0.0,3.5146,6.9969,10.513,14.0018,17.5209,3.4824,6.9984,10.4872,14.0063,3.5166,7.0049,10.5241,3.489,7.008,3.5192,0,0.0375,0.0375,OK,0.2,FORMATION_FOLLOW|FORMATION_FOLLOW|FORMATION_FOLLOW|FORMATION_FOLLOW|FORMATION_FOLLOW|FORMATION_FOLLOW,1,1,20.0,-10.619,-10.611,-10.636,-10.57,-10.601,-10.566,-25.232,-28.746,-32.229,-35.745,-39.233,-42.752,-5.043,-5.033,-5.043,-5.045,-5.044,-5.036
,0.0,-0.2,0.003,3.5143,6.997,10.5126,14.0014,17.5209,3.4828,6.9983,10.4871,14.0067,3.5161,7.0045,10.5241,3.489,7.0084,3.5197,0,0.0379,0.0379,OK,0.2,FORMATION_FOLLOW|FORMATION_FOLLOW|FORMATION_FOLLOW|FORMATION_FOLLOW|FORMATION_FOLLOW|FORMATION_FOLLOW,1,1,20.1,-10.59,-10.581,-10.607,-10.54,-10.57,-10.536,-25.232,-28.746,-32.229,-35.744,-39.233,-42.753,-5.041,-5.032,-5.042,-5.044,-5.043,-5.035
,0.0,-0.2,0.005,3.5143,6.9977,10.5127,14.0013,17.5209,3.4835,6.9985,10.487,14.0066,3.5156,7.0037,10.5234,3.4888,7.0082,3.5197,0,0.0384,0.0384,OK,0.2,FORMATION_FOLLOW|FORMATION_FOLLOW|FORMATION_FOLLOW|FORMATION_FOLLOW|FORMATION_FOLLOW|FORMATION_FOLLOW,1,1,20.2,-10.561,-10.551,-10.578,-10.511,-10.54,-10.506,-25.232,-28.746,-32.23,-35.744,-39.233,-42.753,-5.04,-5.031,-5.041,-5.042,-5.041,-5.034
,0.0,-0.2,0.008,3.5144,6.9983,10.5126,14.0011,17.5206,3.484,6.9982,10.4867,14.0062,3.5149,7.0029,10.5224,3.4887,7.008,3.5195,0,0.0388,0.0388,OK,0.2,FORMATION_FOLLOW|FORMATION_FOLLOW|FORMATION_FOLLOW|FORMATION_FOLLOW|FORMATION_FOLLOW|FORMATION_FOLLOW,1,1,20.3,-10.531,-10.521,-10.549,-10.481,-10.509,-10.477,-25.232,-28.746,-32.23,-35.744,-39.233,-42.752,-5.039,-5.03,-5.04,-5.041,-5.039,-5.033
,0.0,-0.2,0.01,3.5146,6.9984,10.512,14.0006,17.5202,3.4839,6.9975,10.486,14.0056,3.5142,7.0023,10.522,3.4888,7.0082,3.5196,0,0.0393,0.0393,OK,0.2,FORMATION_FOLLOW|FORMATION_FOLLOW|FORMATION_FOLLOW|FORMATION_FOLLOW|FORMATION_FOLLOW|FORMATION_FOLLOW,1,1,20.4,-10.502,-10.491,-10.52,-10.452,-10.479,-10.448,-25.232,-28.747,-32.23,-35.744,-39.233,-42.752,-5.038,-5.029,-5.038,-5.04,-5.037,-5.032
,0.0,-0.2,0.013,3.5148,6.9983,10.5114,13.9999,17.52,3.4836,6.9967,10.4852,14.0052,3.5137,7.0018,10.5219,3.4887,7.0086,3.5201,0,0.04,0.04,OK,0.2,FORMATION_FOLLOW|FORMATION_FOLLOW|FORMATION_FOLLOW|FORMATION_FOLLOW|FORMATION_FOLLOW|FORMATION_FOLLOW,1,1,20.5,-10.473,-10.461,-10.491,-10.422,-10.448,-10.418,-25.232,-28.747,-32.23,-35.744,-39.232,-42.752,-5.037,-5.028,-5.037,-5.038,-5.035,-5.031
,0.0,-0.2,0.015,3.5146,6.9982,10.5113,13.9994,17.5198,3.4838,6.9968,10.4849,14.0053,3.5137,7.0014,10.5218,3.4883,7.0086,3.5204,0,0.0406,0.0406,OK,0.201,FORMATION_FOLLOW|FORMATION_FOLLOW|FORMATION_FOLLOW|FORMATION_FOLLOW|FORMATION_FOLLOW|FORMATION_FOLLOW,1,1,20.6,-10.444,-10.431,-10.462,-10.392,-10.418,-10.389,-25.232,-28.747,-32.231,-35.744,-39.232,-42.752,-5.037,-5.027,-5.035,-5.037,-5.033,-5.03
,0.0,-0.2,0.017,3.5139,6.9982,10.5112,13.9991,17.5195,3.4845,6.9973,10.4852,14.0056,3.5136,7.001,10.5215,3.4881,7.0084,3.5204,0,0.0413,0.0413,OK,0.201,FORMATION_FOLLOW|FORMATION_FOLLOW|FORMATION_FOLLOW|FORMATION_FOLLOW|FORMATION_FOLLOW|FORMATION_FOLLOW,1,1,20.7,-10.415,-10.401,-10.433,-10.362,-10.387,-10.36,-25.233,-28.747,-32.231,-35.744,-39.232,-42.752,-5.036,-5.026,-5.034,-5.035,-5.032,-5.029
,0.0,-0.2,0.02,3.5132,6.998,10.5106,13.9989,17.5188,3.4849,6.9974,10.4857,14.0056,3.5133,7.0011,10.521,3.4885,7.0083,3.52,0,0.0419,0.0419,OK,0.201,FORMATION_FOLLOW|FORMATION_FOLLOW|FORMATION_FOLLOW|FORMATION_FOLLOW|FORMATION_FOLLOW|FORMATION_FOLLOW,1,1,20.8,-10.386,-10.372,-10.404,-10.331,-10.356,-10.331,-25.233,-28.746,-32.231,-35.744,-39.232,-42.752,-5.035,-5.025,-5.032,-5.034,-5.03,-5.028
,0.0,-0.2,0.022,3.5127,6.9981,10.51,13.9992,17.5179,3.4856,6.9973,10.4865,14.0052,3.5125,7.0012,10.52,3.4894,7.008,3.5187,0,0.0425,0.0425,OK,0.201,FORMATION_FOLLOW|FORMATION_FOLLOW|FORMATION_FOLLOW|FORMATION_FOLLOW|FORMATION_FOLLOW|FORMATION_FOLLOW,1,1,20.9,-10.357,-10.342,-10.375,-10.301,-10.325,-10.301,-25.234,-28.746,-32.232,-35.743,-39.233,-42.751,-5.035,-5.024,-5.031,-5.032,-5.029,-5.027
,0.0,-0.2,0.025,3.5124,6.9987,10.5096,13.9994,17.5175,3.4865,6.9972,10.487,14.0051,3.5116,7.0009,10.519,3.49,7.008,3.5181,0,0.0434,0.0434,OK,0.202,FORMATION_FOLLOW|FORMATION_FOLLOW|FORMATION_FOLLOW|FORMATION_FOLLOW|FORMATION_FOLLOW|FORMATION_FOLLOW,1,1,21.0,-10.327,-10.312,-10.346,-10.27,-10.294,-10.271,-25.234,-28.746,-32.232,-35.743,-39.233,-42.751,-5.034,-5.024,-5.03,-5.031,-5.027,-5.026
,0.0,-0.2,0.027,3.5123,6.9993,10.5092,13.9994,17.5172,3.4872,6.9969,10.4871,14.0049,3.5106,7.0003,10.5181,3.4904,7.0081,3.5178,0,0.0443,0.0443,OK,0.202,FORMATION_FOLLOW|FORMATION_FOLLOW|FORMATION_FOLLOW|FORMATION_FOLLOW|FORMATION_FOLLOW|FORMATION_FOLLOW,1,1,21.1,-10.298,-10.282,-10.318,-10.24,-10.264,-10.241,-25.234,-28.746,-32.233,-35.743,-39.233,-42.751,-5.033,-5.023,-5.029,-5.03,-5.026,-5.025
,0.0,-0.2,0.029,3.5122,7.0,10.509,13.9993,17.5165,3.488,6.9968,10.4871,14.0044,3.5098,6.9995,10.5168,3.4905,7.0076,3.5173,0,0.0452,0.0452,OK,0.202,FORMATION_FOLLOW|FORMATION_FOLLOW|FORMATION_FOLLOW|FORMATION_FOLLOW|FORMATION_FOLLOW|FORMATION_FOLLOW,1,1,21.2,-10.269,-10.253,-10.289,-10.209,-10.233,-10.212,-25.234,-28.746,-32.234,-35.743,-39.233,-42.751,-5.033,-5.023,-5.028,-5.029,-5.024,-5.024
,0.0,-0.2,0.032,3.5118,7.0007,10.5089,13.9988,17.5156,3.4891,6.997,10.487,14.0038,3.5089,6.9983,10.5151,3.4902,7.0068,3.5168,0,0.046,0.046,OK,0.203,FORMATION_FOLLOW|FORMATION_FOLLOW|FORMATION_FOLLOW|FORMATION_FOLLOW|FORMATION_FOLLOW|FORMATION_FOLLOW,1,1,21.3,-10.24,-10.223,-10.26,-10.179,-10.202,-10.182,-25.234,-28.746,-32.235,-35.743,-39.233,-42.75,-5.032,-5.022,-5.027,-5.028,-5.022,-5.024
,0.0,-0.2,0.034,3.5115,7.0015,10.5086,13.9989,17.5149,3.4903,6.9971,10.4875,14.0034,3.5079,6.9976,10.5136,3.4905,7.0064,3.516,0,0.0467,0.0467,OK,0.203,FORMATION_FOLLOW|FORMATION_FOLLOW|FORMATION_FOLLOW|FORMATION_FOLLOW|FORMATION_FOLLOW|FORMATION_FOLLOW,1,1,21.4,-10.211,-10.194,-10.231,-10.149,-10.172,-10.151,-25.235,-28.746,-32.236,-35.743,-39.233,-42.749,-5.031,-5.021,-5.026,-5.028,-5.021,-5.024
,0.0,-0.2,0.036,3.5117,7.0024,10.5087,13.9998,17.5145,3.4909,6.997,10.4881,14.0029,3.5071,6.9976,10.5124,3.4913,7.006,3.5148,0,0.0473,0.0473,OK,0.203,FORMATION_FOLLOW|FORMATION_FOLLOW|FORMATION_FOLLOW|FORMATION_FOLLOW|FORMATION_FOLLOW|FORMATION_FOLLOW,1,1,21.5,-10.182,-10.165,-10.202,-10.119,-10.142,-10.121,-25.234,-28.746,-32.237,-35.743,-39.234,-42.749,-5.029,-5.021,-5.025,-5.027,-5.02,-5.024
,0.0,-0.2,0.039,3.5122,7.0032,10.5089,14.0009,17.5146,3.4912,6.9967,10.4887,14.0024,3.5065,6.9979,10.5116,3.4922,7.0058,3.5137,0,0.0478,0.0478,OK,0.204,FORMATION_FOLLOW|FORMATION_FOLLOW|FORMATION_FOLLOW|FORMATION_FOLLOW|FORMATION_FOLLOW|FORMATION_FOLLOW,1,1,21.6,-10.153,-10.135,-10.173,-10.09,-10.111,-10.091,-25.234,-28.746,-32.237,-35.743,-39.235,-42.748,-5.028,-5.02,-5.024,-5.026,-5.019,-5.024
,0.0,-0.2,0.041,3.5127,7.004,10.5088,14.002,17.5151,3.4916,6.9962,10.4894,14.0024,3.5057,6.9983,10.5113,3.4934,7.0063,3.513,0,0.0482,0.0482,OK,0.204,FORMATION_FOLLOW|FORMATION_FOLLOW|FORMATION_FOLLOW|FORMATION_FOLLOW|FORMATION_FOLLOW|FORMATION_FOLLOW,1,1,21.7,-10.124,-10.106,-10.144,-10.06,-10.082,-10.06,-25.234,-28.746,-32.238,-35.742,-39.236,-42.749,-5.027,-5.019,-5.023,-5.026,-5.018,-5.024
,0.0,-0.2,0.043,3.5138,7.005,10.5093,14.0034,17.5161,3.4915,6.9956,10.4896,14.0024,3.5051,6.9986,10.5114,3.4943,7.0069,3.5128,0,0.0485,0.0485,OK,0.205,FORMATION_FOLLOW|FORMATION_FOLLOW|FORMATION_FOLLOW|FORMATION_FOLLOW|FORMATION_FOLLOW|FORMATION_FOLLOW,1,1,21.8,-10.094,-10.076,-10.115,-10.031,-10.052,-10.03,-25.233,-28.747,-32.238,-35.742,-39.236,-42.749,-5.026,-5.019,-5.023,-5.025,-5.018,-5.023
,0.0,-0.2,0.045,3.5152,7.0059,10.5103,14.0051,17.5171,3.4909,6.9951,10.4898,14.0019,3.5053,6.9994,10.5115,3.4949,7.0068,3.512,0,0.0488,0.0488,OK,0.205,FORMATION_FOLLOW|FORMATION_FOLLOW|FORMATION_FOLLOW|FORMATION_FOLLOW|FORMATION_FOLLOW|FORMATION_FOLLOW,1,1,21.9,-10.064,-10.046,-10.085,-10.002,-10.022,-9.998,-25.232,-28.747,-32.238,-35.742,-39.237,-42.749,-5.025,-5.018,-5.022,-5.024,-5.017,-5.023
,0.0,-0.2,0.047,3.5162,7.0065,10.5113,14.0069,17.5177,3.4905,6.995,10.4907,14.0015,3.5056,7.0007,10.5115,3.4958,7.0065,3.5108,0,0.0493,0.0493,OK,0.205,FORMATION_FOLLOW|FORMATION_FOLLOW|FORMATION_FOLLOW|FORMATION_FOLLOW|FORMATION_FOLLOW|FORMATION_FOLLOW,1,1,22.0,-10.034,-10.015,-10.056,-9.973,-9.993,-9.967,-25.231,-28.747,-32.237,-35.742,-39.238,-42.749,-5.024,-5.017,-5.022,-5.023,-5.016,-5.022
,0.0,-0.2,0.049,3.5172,7.0074,10.5121,14.009,17.5183,3.4905,6.9949,10.4918,14.0011,3.5056,7.0019,10.5112,3.497,7.0062,3.5093,0,0.0498,0.0498,OK,0.206,FORMATION_FOLLOW|FORMATION_FOLLOW|FORMATION_FOLLOW|FORMATION_FOLLOW|FORMATION_FOLLOW|FORMATION_FOLLOW,1,1,22.1,-10.003,-9.984,-10.026,-9.944,-9.964,-9.936,-25.23,-28.747,-32.238,-35.742,-39.239,-42.748,-5.023,-5.017,-5.021,-5.022,-5.015,-5.021
,0.0,-0.2,0.051,3.5181,7.0084,10.5131,14.0114,17.5185,3.4906,6.995,10.4933,14.0004,3.5055,7.0032,10.5104,3.4984,7.0054,3.5072,0,0.0501,0.0501,OK,0.206,FORMATION_FOLLOW|FORMATION_FOLLOW|FORMATION_FOLLOW|FORMATION_FOLLOW|FORMATION_FOLLOW|FORMATION_FOLLOW,1,1,22.2,-9.973,-9.954,-9.996,-9.915,-9.935,-9.905,-25.229,-28.748,-32.238,-35.742,-39.241,-42.748,-5.022,-5.016,-5.02,-5.022,-5.015,-5.021
,0.0,-0.2,0.053,3.519,7.0094,10.514,14.0138,17.5186,3.4907,6.9951,10.4948,13.9996,3.5055,7.0046,10.5095,3.4999,7.0046,3.5049,0,0.0504,0.0504,OK,0.207,FORMATION_FOLLOW|FORMATION_FOLLOW|FORMATION_FOLLOW|FORMATION_FOLLOW|FORMATION_FOLLOW|FORMATION_FOLLOW,1,1,22.3,-9.942,-9.923,-9.967,-9.886,-9.906,-9.874,-25.229,-28.748,-32.238,-35.743,-39.242,-42.747,-5.022,-5.016,-5.02,-5.021,-5.014,-5.02
,0.0,-0.2,0.055,3.5197,7.0097,10.5146,14.0158,17.5185,3.4903,6.995,10.4962,13.9989,3.5058,7.0064,10.5092,3.5013,7.0039,3.5028,0,0.0504,0.0504,OK,0.207,FORMATION_FOLLOW|FORMATION_FOLLOW|FORMATION_FOLLOW|FORMATION_FOLLOW|FORMATION_FOLLOW|FORMATION_FOLLOW,1,1,22.4,-9.912,-9.892,-9.936,-9.857,-9.876,-9.844,-25.228,-28.748,-32.238,-35.743,-39.244,-42.747,-5.021,-5.016,-5.019,-5.021,-5.014,-5.02
,0.0,-0.2,0.057,3.5205,7.0099,10.515,14.0177,17.5183,3.4897,6.9945,10.4972,13.9978,3.5058,7.008,10.5087,3.5029,7.0033,3.5007,0,0.0502,0.0502,OK,0.208,FORMATION_FOLLOW|FORMATION_FOLLOW|FORMATION_FOLLOW|FORMATION_FOLLOW|FORMATION_FOLLOW|FORMATION_FOLLOW,1,1,22.5,-9.881,-9.861,-9.906,-9.827,-9.847,-9.814,-25.228,-28.748,-32.238,-35.742,-39.245,-42.746,-5.021,-5.016,-5.018,-5.02,-5.014,-5.02
,0.0,-0.2,0.058,3.5215,7.0101,10.515,14.0193,17.5177,3.4889,6.9935,10.4978,13.9962,3.5057,7.0095,10.5079,3.5044,7.0027,3.4985,0,0.0498,0.0498,OK,0.208,FORMATION_FOLLOW|FORMATION_FOLLOW|FORMATION_FOLLOW|FORMATION_FOLLOW|FORMATION_FOLLOW|FORMATION_FOLLOW,1,1,22.6,-9.85,-9.83,-9.875,-9.797,-9.819,-9.784,-25.227,-28.749,-32.237,-35.742,-39.247,-42.745,-5.02,-5.015,-5.017,-5.019,-5.013,-5.02
,0.0,-0.2,0.06,3.5227,7.0096,10.5147,14.0206,17.517,3.4872,6.9921,10.498,13.9943,3.5059,7.0113,10.5077,3.506,7.0022,3.4964,0,0.0494,0.0494,OK,0.209,FORMATION_FOLLOW|FORMATION_FOLLOW|FORMATION_FOLLOW|FORMATION_FOLLOW|FORMATION_FOLLOW|FORMATION_FOLLOW,1,1,22.7,-9.819,-9.799,-9.845,-9.767,-9.79,-9.754,-25.227,-28.75,-32.237,-35.742,-39.248,-42.744,-5.019,-5.015,-5.016,-5.019,-5.013,-5.02
,0.0,-0.2,0.062,3.524,7.0088,10.5146,14.022,17.5163,3.4851,6.9906,10.4981,13.9922,3.5066,7.0134,10.5077,3.5076,7.0016,3.4943,0,0.049,0.049,OK,0.209,FORMATION_FOLLOW|FORMATION_FOLLOW|FORMATION_FOLLOW|FORMATION_FOLLOW|FORMATION_FOLLOW|FORMATION_FOLLOW,1,1,22.8,-9.789,-9.768,-9.814,-9.737,-9.761,-9.724,-25.227,-28.751,-32.236,-35.741,-39.249,-42.743,-5.019,-5.014,-5.015,-5.018,-5.013,-5.02
,0.0,-0.2,0.063,3.5253,7.0081,10.5148,14.0235,17.5153,3.4832,6.9895,10.4983,13.99,3.5075,7.0156,10.5075,3.5089,7.0005,3.4919,0,0.0488,0.0488,OK,0.21,FORMATION_FOLLOW|FORMATION_FOLLOW|FORMATION_FOLLOW|FORMATION_FOLLOW|FORMATION_FOLLOW|FORMATION_FOLLOW,1,1,22.9,-9.759,-9.738,-9.784,-9.707,-9.732,-9.694,-25.227,-28.752,-32.235,-35.741,-39.25,-42.742,-5.019,-5.014,-5.015,-5.017,-5.013,-5.019
,0.0,-0.2,0.065,3.5269,7.0077,10.5159,14.0254,17.5151,3.4812,6.989,10.4985,13.9882,3.5089,7.0179,10.5077,3.5097,6.9993,3.4899,0,0.0488,0.0488,OK,0.21,FORMATION_FOLLOW|FORMATION_FOLLOW|FORMATION_FOLLOW|FORMATION_FOLLOW|FORMATION_FOLLOW|FORMATION_FOLLOW,1,1,23.0,-9.729,-9.707,-9.754,-9.678,-9.703,-9.663,-25.226,-28.753,-32.234,-35.742,-39.252,-42.741,-5.018,-5.013,-5.014,-5.017,-5.013,-5.019
,0.0,-0.2,0.066,3.5286,7.0077,10.5169,14.0273,17.5156,3.4794,6.9883,10.4987,13.987,3.5099,7.0198,10.5082,3.5106,6.9987,3.4884,0,0.0489,0.0489,OK,0.211,FORMATION_FOLLOW|FORMATION_FOLLOW|FORMATION_FOLLOW|FORMATION_FOLLOW|FORMATION_FOLLOW|FORMATION_FOLLOW,1,1,23.1,-9.699,-9.677,-9.724,-9.649,-9.674,-9.633,-25.226,-28.754,-32.233,-35.742,-39.253,-42.741,-5.018,-5.013,-5.014,-5.017,-5.013,-5.019
,0.0,-0.2,0.068,3.5305,7.0079,10.5181,14.0291,17.5165,3.4777,6.9876,10.4986,13.986,3.5109,7.0214,10.509,3.5112,6.9985,3.4876,0,0.0491,0.0491,OK,0.211,FORMATION_FOLLOW|FORMATION_FOLLOW|FORMATION_FOLLOW|FORMATION_FOLLOW|FORMATION_FOLLOW|FORMATION_FOLLOW,1,1,23.2,-9.669,-9.647,-9.694,-9.619,-9.646,-9.603,-25.225,-28.755,-32.233,-35.743,-39.254,-42.741,-5.018,-5.013,-5.013,-5.017,-5.014,-5.018
,0.0,-0.2,0.069,3.5321,7.0081,10.5193,14.0303,17.5176,3.4764,6.9873,10.4982,13.9855,3.512,7.0223,10.5098,3.5111,6.9983,3.4875,0,0.0493,0.0493,OK,0.212,FORMATION_FOLLOW|FORMATION_FOLLOW|FORMATION_FOLLOW|FORMATION_FOLLOW|FORMATION_FOLLOW|FORMATION_FOLLOW,1,1,23.3,-9.639,-9.617,-9.665,-9.589,-9.617,-9.573,-25.224,-28.756,-32.232,-35.743,-39.254,-42.741,-5.018,-5.012,-5.013,-5.016,-5.014,-5.018
,0.0,-0.2,0.07,3.5334,7.0081,10.5201,14.031,17.5184,3.475,6.9867,10.4977,13.9851,3.5128,7.0232,10.5107,3.5112,6.9984,3.4876,0,0.0494,0.0494,OK,0.212,FORMATION_FOLLOW|FORMATION_FOLLOW|FORMATION_FOLLOW|FORMATION_FOLLOW|FORMATION_FOLLOW|FORMATION_FOLLOW,1,1,23.4,-9.61,-9.587,-9.635,-9.559,-9.588,-9.542,-25.223,-28.757,-32.231,-35.743,-39.254,-42.742,-5.018,-5.013,-5.013,-5.016,-5.014,-5.018
,0.0,-0.2,0.071,3.5346,7.008,10.5205,14.0313,17.5194,3.4738,6.9859,10.4968,13.9848,3.5133,7.0235,10.5117,3.511,6.9989,3.4883,0,0.0492,0.0492,OK,0.212,FORMATION_FOLLOW|FORMATION_FOLLOW|FORMATION_FOLLOW|FORMATION_FOLLOW|FORMATION_FOLLOW|FORMATION_FOLLOW,1,1,23.5,-9.58,-9.557,-9.605,-9.529,-9.559,-9.512,-25.223,-28.757,-32.231,-35.743,-39.254,-42.742,-5.018,-5.013,-5.012,-5.016,-5.014,-5.017
,0.0,-0.2,0.072,3.5354,7.008,10.5211,14.0315,17.5203,3.4729,6.9856,10.4961,13.9849,3.5138,7.0237,10.5126,3.5107,6.9992,3.489,0,0.0491,0.0491,OK,0.213,FORMATION_FOLLOW|FORMATION_FOLLOW|FORMATION_FOLLOW|FORMATION_FOLLOW|FORMATION_FOLLOW|FORMATION_FOLLOW,1,1,23.6,-9.551,-9.528,-9.575,-9.499,-9.53,-9.482,-25.222,-28.757,-32.23,-35.743,-39.254,-42.742,-5.018,-5.013,-5.012,-5.017,-5.014,-5.016
,0.0,-0.2,0.073,3.5362,7.008,10.5218,14.0316,17.5215,3.4722,6.9856,10.4955,13.9853,3.5145,7.0237,10.5138,3.51,6.9997,3.4901,0,0.0489,0.0489,OK,0.213,FORMATION_FOLLOW|FORMATION_FOLLOW|FORMATION_FOLLOW|FORMATION_FOLLOW|FORMATION_FOLLOW|FORMATION_FOLLOW,1,1,23.7,-9.521,-9.498,-9.545,-9.469,-9.5,-9.452,-25.221,-28.757,-32.229,-35.743,-39.253,-42.743,-5.018,-5.014,-5.012,-5.017,-5.014,-5.016
,0.0,-0.2,0.074,3.5367,7.0078,10.5225,14.0316,17.5225,3.4714,6.9859,10.495,13.9859,3.5155,7.024,10.5151,3.5093,7.0,3.4911,0,0.0489,0.0489,OK,0.213,FORMATION_FOLLOW|FORMATION_FOLLOW|FORMATION_FOLLOW|FORMATION_FOLLOW|FORMATION_FOLLOW|FORMATION_FOLLOW,1,1,23.8,-9.492,-9.469,-9.515,-9.439,-9.471,-9.422,-25.221,-28.757,-32.228,-35.743,-39.252,-42.743,-5.018,-5.014,-5.011,-5.017,-5.014,-5.015
,0.0,-0.2,0.075,3.5366,7.0075,10.523,14.0315,17.5235,3.4713,6.9865,10.495,13.9869,3.5163,7.0242,10.5163,3.5087,7.0005,3.4922,0,0.049,0.049,OK,0.214,FORMATION_FOLLOW|FORMATION_FOLLOW|FORMATION_FOLLOW|FORMATION_FOLLOW|FORMATION_FOLLOW|FORMATION_FOLLOW,1,1,23.9,-9.462,-9.439,-9.485,-9.409,-9.441,-9.392,-25.22,-28.757,-32.228,-35.743,-39.252,-42.744,-5.018,-5.015,-5.011,-5.017,-5.014,-5.015
,0.0,-0.2,0.076,3.5357,7.0068,10.523,14.0306,17.5238,3.4714,6.9873,10.4949,13.9882,3.5169,7.024,10.5174,3.5079,7.0009,3.4935,0,0.0492,0.0492,OK,0.214,FORMATION_FOLLOW|FORMATION_FOLLOW|FORMATION_FOLLOW|FORMATION_FOLLOW|FORMATION_FOLLOW|FORMATION_FOLLOW,1,1,24.0,-9.431,-9.41,-9.455,-9.378,-9.411,-9.362,-25.221,-28.756,-32.227,-35.743,-39.251,-42.744,-5.018,-5.015,-5.011,-5.016,-5.015,-5.015
,0.0,-0.2,0.077,3.5347,7.0059,10.5225,14.0296,17.5235,3.4715,6.9879,10.495,13.9888,3.5174,7.0239,10.5179,3.5073,7.001,3.4941,0,0.0496,0.0496,OK,0.214,FORMATION_FOLLOW|FORMATION_FOLLOW|FORMATION_FOLLOW|FORMATION_FOLLOW|FORMATION_FOLLOW|FORMATION_FOLLOW,1,1,24.1,-9.401,-9.38,-9.425,-9.348,-9.381,-9.332,-25.221,-28.756,-32.227,-35.744,-39.251,-42.745,-5.018,-5.016,-5.011,-5.016,-5.015,-5.015
,0.0,-0.2,0.077,3.5333,7.005,10.5218,14.0287,17.523,3.472,6.9885,10.4954,13.9897,3.5176,7.0239,10.5183,3.5071,7.0012,3.4945,0,0.05,0.05,OK,0.214,FORMATION_FOLLOW|FORMATION_FOLLOW|FORMATION_FOLLOW|FORMATION_FOLLOW|FORMATION_FOLLOW|FORMATION_FOLLOW,1,1,24.2,-9.37,-9.351,-9.396,-9.318,-9.351,-9.303,-25.222,-28.755,-32.227,-35.744,-39.251,-42.745,-5.018,-5.016,-5.011,-5.016,-5.014,-5.015
,0.0,-0.2,0.078,3.5319,7.0042,10.5208,14.0277,17.5225,3.4726,6.9889,10.4958,13.9906,3.5174,7.0237,10.5186,3.5072,7.0017,3.495,0,0.0501,0.0501,OK,0.215,FORMATION_FOLLOW|FORMATION_FOLLOW|FORMATION_FOLLOW|FORMATION_FOLLOW|FORMATION_FOLLOW|FORMATION_FOLLOW,1,1,24.3,-9.34,-9.321,-9.366,-9.288,-9.32,-9.273,-25.222,-28.754,-32.227,-35.743,-39.25,-42.745,-5.018,-5.017,-5.011,-5.016,-5.014,-5.015
,0.0,-0.2,0.079,3.5311,7.0036,10.5201,14.0268,17.5221,3.4728,6.989,10.4958,13.991,3.5173,7.0234,10.5188,3.507,7.002,3.4954,0,0.05,0.05,OK,0.215,FORMATION_FOLLOW|FORMATION_FOLLOW|FORMATION_FOLLOW|FORMATION_FOLLOW|FORMATION_FOLLOW|FORMATION_FOLLOW,1,1,24.4,-9.309,-9.292,-9.336,-9.258,-9.29,-9.244,-25.223,-28.754,-32.227,-35.743,-39.25,-42.745,-5.018,-5.017,-5.011,-5.016,-5.015,-5.015
,0.0,-0.2,0.079,3.5307,7.003,10.5193,14.0263,17.522,3.4725,6.9886,10.4956,13.9913,3.5171,7.0235,10.5193,3.5072,7.0027,3.4959,0,0.0498,0.0498,OK,0.215,FORMATION_FOLLOW|FORMATION_FOLLOW|FORMATION_FOLLOW|FORMATION_FOLLOW|FORMATION_FOLLOW|FORMATION_FOLLOW,1,1,24.5,-9.278,-9.262,-9.306,-9.229,-9.259,-9.215,-25.223,-28.754,-32.226,-35.743,-39.25,-42.745,-5.018,-5.018,-5.012,-5.015,-5.015,-5.015
,0.0,-0.2,0.079,3.5302,7.0019,10.5177,14.0258,17.5223,3.472,6.9876,10.4956,13.9921,3.5166,7.0241,10.5207,3.5083,7.0045,3.4967,0,0.05,0.05,OK,0.215,FORMATION_FOLLOW|FORMATION_FOLLOW|FORMATION_FOLLOW|FORMATION_FOLLOW|FORMATION_FOLLOW|FORMATION_FOLLOW,1,1,24.6,-9.248,-9.233,-9.276,-9.199,-9.229,-9.185,-25.224,-28.754,-32.226,-35.742,-39.25,-42.746,-5.019,-5.018,-5.012,-5.015,-5.015,-5.016
,0.0,-0.2,0.08,3.5295,7.001,10.516,14.0254,17.5228,3.4717,6.9865,10.4959,13.9932,3.5158,7.0247,10.5221,3.5097,7.0068,3.4975,0,0.0507,0.0507,OK,0.215,FORMATION_FOLLOW|FORMATION_FOLLOW|FORMATION_FOLLOW|FORMATION_FOLLOW|FORMATION_FOLLOW|FORMATION_FOLLOW,1,1,24.7,-9.217,-9.203,-9.247,-9.17,-9.198,-9.156,-25.224,-28.754,-32.225,-35.74,-39.25,-42.747,-5.019,-5.019,-5.012,-5.015,-5.016,-5.016
,0.0,-0.2,0.08,3.5293,7.0001,10.5143,14.0251,17.5233,3.4711,6.9851,10.4959,13.994,3.515,7.0253,10.5235,3.511,7.009,3.4983,0,0.0518,0.0518,OK,0.215,FORMATION_FOLLOW|FORMATION_FOLLOW|FORMATION_FOLLOW|FORMATION_FOLLOW|FORMATION_FOLLOW|FORMATION_FOLLOW,1,1,24.8,-9.187,-9.173,-9.218,-9.14,-9.167,-9.126,-25.225,-28.754,-32.225,-35.739,-39.25,-42.748,-5.019,-5.019,-5.013,-5.016,-5.016,-5.017
,0.0,-0.2,0.08,3.5294,6.9997,10.5131,14.0249,17.5235,3.4705,6.9838,10.4955,13.9941,3.5143,7.0255,10.5242,3.5119,7.0104,3.4987,0,0.053,0.053,OK,0.215,FORMATION_FOLLOW|FORMATION_FOLLOW|FORMATION_FOLLOW|FORMATION_FOLLOW|FORMATION_FOLLOW|FORMATION_FOLLOW,1,1,24.9,-9.156,-9.142,-9.189,-9.111,-9.136,-9.097,-25.225,-28.754,-32.224,-35.738,-39.25,-42.748,-5.02,-5.019,-5.013,-5.017,-5.017,-5.018
,0.0,-0.2,0.08,3.5293,6.9992,10.5122,14.0245,17.5231,3.4703,6.983,10.4952,13.9938,3.5139,7.0255,10.5242,3.5124,7.0108,3.4987,0,0.054,0.054,OK,0.215,FORMATION_FOLLOW|FORMATION_FOLLOW|FORMATION_FOLLOW|FORMATION_FOLLOW|FORMATION_FOLLOW|FORMATION_FOLLOW,1,1,25.0,-9.126,-9.112,-9.16,-9.081,-9.105,-9.068,-25.225,-28.754,-32.224,-35.737,-39.249,-42.748,-5.021,-5.019,-5.014,-5.018,-5.017,-5.019
,0.0,-0.2,0.08,3.5289,6.9986,10.5117,14.0241,17.5222,3.47,6.9828,10.4952,13.9933,3.514,7.0258,10.524,3.5125,7.0105,3.4982,0,0.0552,0.0552,OK,0.215,FORMATION_FOLLOW|FORMATION_FOLLOW|FORMATION_FOLLOW|FORMATION_FOLLOW|FORMATION_FOLLOW|FORMATION_FOLLOW,1,1,25.1,-9.095,-9.082,-9.131,-9.051,-9.074,-9.038,-25.225,-28.754,-32.224,-35.737,-39.249,-42.747,-5.021,-5.02,-5.015,-5.019,-5.018,-5.02
,0.0,-0.2,0.08,3.5285,6.9981,10.5114,14.0238,17.5218,3.4699,6.9829,10.4954,13.9933,3.5143,7.0261,10.5241,3.5125,7.0103,3.498,0,0.0564,0.0564,OK,0.215,FORMATION_FOLLOW|FORMATION_FOLLOW|FORMATION_FOLLOW|FORMATION_FOLLOW|FORMATION_FOLLOW|FORMATION_FOLLOW,1,1,25.2,-9.065,-9.051,-9.103,-9.021,-9.043,-9.009,-25.225,-28.753,-32.223,-35.736,-39.249,-42.747,-5.022,-5.02,-5.016,-5.02,-5.018,-5.021
,0.0,-0.2,0.08,3.528,6.9975,10.5109,14.0241,17.5215,3.4699,6.983,10.4961,13.9935,3.5144,7.0269,10.5244,3.5133,7.0106,3.4975,0,0.0575,0.0575,OK,0.215,FORMATION_FOLLOW|FORMATION_FOLLOW|FORMATION_FOLLOW|FORMATION_FOLLOW|FORMATION_FOLLOW|FORMATION_FOLLOW,1,1,25.3,-9.034,-9.021,-9.074,-8.992,-9.013,-8.98,-25.225,-28.753,-32.222,-35.736,-39.249,-42.746,-5.022,-5.02,-5.018,-5.021,-5.019,-5.022
,0.0,-0.2,0.079,3.5275,6.9972,10.5107,14.0246,17.5213,3.4701,6.9832,10.4972,13.9938,3.5145,7.0278,10.5245,3.5141,7.0106,3.4967,0,0.0582,0.0582,OK,0.215,FORMATION_FOLLOW|FORMATION_FOLLOW|FORMATION_FOLLOW|FORMATION_FOLLOW|FORMATION_FOLLOW|FORMATION_FOLLOW,1,1,25.4,-9.005,-8.99,-9.045,-8.962,-8.983,-8.95,-25.225,-28.752,-32.222,-35.735,-39.249,-42.746,-5.023,-5.021,-5.019,-5.022,-5.02,-5.023
,0.0,-0.2,0.079,3.5272,6.9969,10.5104,14.0253,17.5206,3.47,6.9832,10.4982,13.9934,3.5145,7.0288,10.5242,3.5151,7.0103,3.4954,0,0.0585,0.0585,OK,0.215,FORMATION_FOLLOW|FORMATION_FOLLOW|FORMATION_FOLLOW|FORMATION_FOLLOW|FORMATION_FOLLOW|FORMATION_FOLLOW,1,1,25.5,-8.974,-8.96,-9.015,-8.933,-8.953,-8.921,-25.225,-28.752,-32.221,-35.735,-39.25,-42.745,-5.023,-5.022,-5.021,-5.023,-5.021,-5.024
,0.0,-0.2,0.079,3.5268,6.9964,10.5099,14.0258,17.5197,3.47,6.9832,10.4991,13.9929,3.5145,7.0298,10.5237,3.516,7.0097,3.4939,0,0.0586,0.0586,OK,0.215,FORMATION_FOLLOW|FORMATION_FOLLOW|FORMATION_FOLLOW|FORMATION_FOLLOW|FORMATION_FOLLOW|FORMATION_FOLLOW,1,1,25.6,-8.944,-8.93,-8.986,-8.903,-8.923,-8.891,-25.225,-28.752,-32.221,-35.735,-39.251,-42.744,-5.024,-5.023,-5.022,-5.024,-5.022,-5.025
,0.0,-0.2,0.078,3.5259,6.996,10.5096,14.0264,17.5188,3.4705,6.9837,10.5005,13.9929,3.5146,7.0308,10.5232,3.5169,7.0092,3.4925,0,0.0587,0.0587,OK,0.215,FORMATION_FOLLOW|FORMATION_FOLLOW|FORMATION_FOLLOW|FORMATION_FOLLOW|FORMATION_FOLLOW|FORMATION_FOLLOW,1,1,25.7,-8.913,-8.9,-8.956,-8.873,-8.893,-8.862,-25.225,-28.751,-32.221,-35.735,-39.251,-42.744,-5.024,-5.024,-5.023,-5.025,-5.023,-5.025
,0.0,-0.2,0.077,3.5254,6.9959,10.51,14.0273,17.5182,3.4709,6.9846,10.5019,13.9928,3.5151,7.0318,10.5227,3.5174,7.0082,3.491,0,0.0591,0.0591,OK,0.214,FORMATION_FOLLOW|FORMATION_FOLLOW|FORMATION_FOLLOW|FORMATION_FOLLOW|FORMATION_FOLLOW|FORMATION_FOLLOW,1,1,25.8,-8.883,-8.869,-8.926,-8.843,-8.863,-8.833,-25.225,-28.75,-32.221,-35.735,-39.252,-42.743,-5.025,-5.025,-5.024,-5.026,-5.025,-5.026
,0.0,-0.2,0.077,3.5255,6.996,10.5105,14.0285,17.5174,3.4709,6.985,10.503,13.9919,3.5155,7.0328,10.5218,3.518,7.0069,3.489,0,0.0592,0.0592,OK,0.214,FORMATION_FOLLOW|FORMATION_FOLLOW|FORMATION_FOLLOW|FORMATION_FOLLOW|FORMATION_FOLLOW|FORMATION_FOLLOW,1,1,25.9,-8.854,-8.84,-8.897,-8.813,-8.833,-8.803,-25.224,-28.75,-32.22,-35.735,-39.253,-42.742,-5.027,-5.026,-5.025,-5.026,-5.026,-5.028
,0.0,-0.2,0.076,3.5261,6.9961,10.511,14.0294,17.5162,3.4704,6.985,10.5033,13.9901,3.516,7.0337,10.5205,3.5185,7.0052,3.4868,0,0.0593,0.0593,OK,0.214,FORMATION_FOLLOW|FORMATION_FOLLOW|FORMATION_FOLLOW|FORMATION_FOLLOW|FORMATION_FOLLOW|FORMATION_FOLLOW,1,1,26.0,-8.824,-8.81,-8.867,-8.783,-8.803,-8.774,-25.224,-28.75,-32.22,-35.735,-39.253,-42.74,-5.029,-5.027,-5.027,-5.027,-5.027,-5.029
,0.0,-0.2,0.075,3.5263,6.996,10.5112,14.03,17.5148,3.47,6.9849,10.5037,13.9886,3.5163,7.0344,10.5193,3.5189,7.0036,3.4849,0,0.0591,0.0591,OK,0.214,FORMATION_FOLLOW|FORMATION_FOLLOW|FORMATION_FOLLOW|FORMATION_FOLLOW|FORMATION_FOLLOW|FORMATION_FOLLOW,1,1,26.1,-8.795,-8.781,-8.837,-8.753,-8.773,-8.745,-25.224,-28.75,-32.22,-35.735,-39.254,-42.739,-5.03,-5.029,-5.028,-5.028,-5.028,-5.03
,0.0,-0.2,0.074,3.5261,6.9956,10.5107,14.0301,17.5135,3.4699,6.9846,10.504,13.9874,3.5161,7.0349,10.5184,3.5195,7.0028,3.4835,0,0.0587,0.0587,OK,0.213,FORMATION_FOLLOW|FORMATION_FOLLOW|FORMATION_FOLLOW|FORMATION_FOLLOW|FORMATION_FOLLOW|FORMATION_FOLLOW,1,1,26.2,-8.766,-8.752,-8.807,-8.722,-8.743,-8.715,-25.224,-28.75,-32.219,-35.735,-39.254,-42.737,-5.032,-5.031,-5.029,-5.029,-5.029,-5.031
,0.0,-0.2,0.073,3.5257,6.995,10.5097,14.0297,17.5118,3.4696,6.984,10.5041,13.9861,3.5158,7.0351,10.5173,3.5202,7.0022,3.4821,0,0.0583,0.0583,OK,0.213,FORMATION_FOLLOW|FORMATION_FOLLOW|FORMATION_FOLLOW|FORMATION_FOLLOW|FORMATION_FOLLOW|FORMATION_FOLLOW,1,1,26.3,-8.736,-8.723,-8.777,-8.692,-8.712,-8.686,-25.224,-28.75,-32.219,-35.734,-39.254,-42.736,-5.034,-5.032,-5.031,-5.03,-5.03,-5.032
,0.0,-0.2,0.072,3.5256,6.9945,10.5089,14.0294,17.5106,3.4693,6.9834,10.5038,13.985,3.5155,7.0353,10.5165,3.5206,7.0017,3.4812,0,0.0583,0.0583,OK,0.213,FORMATION_FOLLOW|FORMATION_FOLLOW|FORMATION_FOLLOW|FORMATION_FOLLOW|FORMATION_FOLLOW|FORMATION_FOLLOW,1,1,26.4,-8.707,-8.693,-8.747,-8.661,-8.682,-8.657,-25.225,-28.75,-32.219,-35.734,-39.254,-42.735,-5.036,-5.034,-5.032,-5.031,-5.032,-5.034
,0.0,-0.2,0.071,3.5256,6.9939,10.508,14.0284,17.5096,3.4686,6.9824,10.5028,13.984,3.5152,7.0349,10.5161,3.5206,7.0016,3.4812,0,0.0586,0.0586,OK,0.212,FORMATION_FOLLOW|FORMATION_FOLLOW|FORMATION_FOLLOW|FORMATION_FOLLOW|FORMATION_FOLLOW|FORMATION_FOLLOW,1,1,26.5,-8.677,-8.664,-8.717,-8.63,-8.651,-8.627,-25.225,-28.751,-32.219,-35.733,-39.254,-42.735,-5.037,-5.036,-5.033,-5.032,-5.033,-5.035
,0.0,-0.2,0.07,3.5253,6.9929,10.5066,14.0271,17.5086,3.4679,6.9813,10.5018,13.9833,3.5149,7.0346,10.5161,3.5206,7.002,3.4815,0,0.0592,0.0592,OK,0.212,FORMATION_FOLLOW|FORMATION_FOLLOW|FORMATION_FOLLOW|FORMATION_FOLLOW|FORMATION_FOLLOW|FORMATION_FOLLOW,1,1,26.6,-8.647,-8.634,-8.688,-8.599,-8.62,-8.598,-25.226,-28.751,-32.219,-35.733,-39.253,-42.735,-5.039,-5.037,-5.035,-5.033,-5.034,-5.036
,0.0,-0.2,0.069,3.5251,6.992,10.5053,14.0258,17.5079,3.4672,6.9803,10.5008,13.9828,3.5145,7.0342,10.5163,3.5206,7.0026,3.4821,0,0.0596,0.0596,OK,0.212,FORMATION_FOLLOW|FORMATION_FOLLOW|FORMATION_FOLLOW|FORMATION_FOLLOW|FORMATION_FOLLOW|FORMATION_FOLLOW,1,1,26.7,-8.616,-8.605,-8.658,-8.568,-8.59,-8.568,-25.227,-28.752,-32.219,-35.732,-39.252,-42.734,-5.041,-5.039,-5.036,-5.034,-5.035,-5.037
,0.0,-0.2,0.068,3.5253,6.9919,10.5044,14.0251,17.5076,3.4668,6.9791,10.4997,13.9823,3.5137,7.0336,10.5162,3.5208,7.0033,3.4826,0,0.0597,0.0597,OK,0.211,FORMATION_FOLLOW|FORMATION_FOLLOW|FORMATION_FOLLOW|FORMATION_FOLLOW|FORMATION_FOLLOW|FORMATION_FOLLOW,1,1,26.8,-8.586,-8.576,-8.628,-8.537,-8.559,-8.538,-25.227,-28.752,-32.219,-35.731,-39.252,-42.735,-5.042,-5.04,-5.038,-5.035,-5.036,-5.038
,0.0,-0.2,0.066,3.5256,6.9915,10.5034,14.0244,17.5073,3.4661,6.9778,10.4988,13.9817,3.5131,7.0334,10.5163,3.5212,7.004,3.483,0,0.0596,0.0596,OK,0.211,FORMATION_FOLLOW|FORMATION_FOLLOW|FORMATION_FOLLOW|FORMATION_FOLLOW|FORMATION_FOLLOW|FORMATION_FOLLOW,1,1,26.9,-8.556,-8.547,-8.598,-8.507,-8.528,-8.508,-25.227,-28.753,-32.219,-35.731,-39.252,-42.735,-5.044,-5.042,-5.039,-5.036,-5.037,-5.039
,0.0,-0.2,0.065,3.5258,6.9911,10.5027,14.0239,17.5067,3.4655,6.9769,10.498,13.9809,3.5127,7.0332,10.516,3.5213,7.0041,3.4829,0,0.0593,0.0593,OK,0.21,FORMATION_FOLLOW|FORMATION_FOLLOW|FORMATION_FOLLOW|FORMATION_FOLLOW|FORMATION_FOLLOW|FORMATION_FOLLOW,1,1,27.0,-8.527,-8.518,-8.568,-8.476,-8.498,-8.478,-25.228,-28.754,-32.219,-35.73,-39.252,-42.734,-5.045,-5.044,-5.041,-5.037,-5.039,-5.041
,0.0,-0.2,0.063,3.5266,6.9914,10.5026,14.0238,17.5064,3.4649,6.976,10.4972,13.9798,3.5124,7.0329,10.5155,3.5214,7.0039,3.4826,0,0.059,0.059,OK,0.21,FORMATION_FOLLOW|FORMATION_FOLLOW|FORMATION_FOLLOW|FORMATION_FOLLOW|FORMATION_FOLLOW|FORMATION_FOLLOW,1,1,27.1,-8.497,-8.49,-8.537,-8.445,-8.467,-8.449,-25.228,-28.754,-32.219,-35.73,-39.251,-42.734,-5.047,-5.046,-5.042,-5.038,-5.04,-5.042
,0.0,-0.2,0.062,3.528,6.9922,10.5031,14.0241,17.5065,3.4644,6.9751,10.4962,13.9785,3.5121,7.0324,10.5147,3.5212,7.0035,3.4824,0,0.0587,0.0587,OK,0.209,FORMATION_FOLLOW|FORMATION_FOLLOW|FORMATION_FOLLOW|FORMATION_FOLLOW|FORMATION_FOLLOW|FORMATION_FOLLOW,1,1,27.2,-8.467,-8.46,-8.507,-8.415,-8.437,-8.419,-25.227,-28.755,-32.219,-35.73,-39.251,-42.734,-5.049,-5.047,-5.043,-5.039,-5.041,-5.043
,0.0,-0.2,0.06,3.5297,6.9933,10.5038,14.0246,17.5069,3.4637,6.9741,10.4949,13.9772,3.5118,7.0318,10.5141,3.5209,7.0031,3.4823,0,0.0586,0.0586,OK,0.209,FORMATION_FOLLOW|FORMATION_FOLLOW|FORMATION_FOLLOW|FORMATION_FOLLOW|FORMATION_FOLLOW|FORMATION_FOLLOW,1,1,27.3,-8.438,-8.431,-8.477,-8.384,-8.406,-8.389,-25.226,-28.756,-32.22,-35.73,-39.251,-42.733,-5.051,-5.049,-5.044,-5.04,-5.042,-5.044
,0.0,-0.2,0.058,3.5316,6.9946,10.5047,14.0247,17.5072,3.4631,6.9731,10.4931,13.9756,3.5113,7.0306,10.5131,3.5202,7.0027,3.4825,0,0.0582,0.0582,OK,0.208,FORMATION_FOLLOW|FORMATION_FOLLOW|FORMATION_FOLLOW|FORMATION_FOLLOW|FORMATION_FOLLOW|FORMATION_FOLLOW,1,1,27.4,-8.408,-8.401,-8.447,-8.353,-8.375,-8.359,-25.226,-28.757,-32.22,-35.73,-39.25,-42.733,-5.053,-5.05,-5.046,-5.042,-5.043,-5.046
,0.0,-0.2,0.057,3.5333,6.9961,10.5054,14.0246,17.5076,3.463,6.9721,10.4913,13.9743,3.5105,7.0289,10.5119,3.5194,7.0023,3.483,0,0.0578,0.0578,OK,0.208,FORMATION_FOLLOW|FORMATION_FOLLOW|FORMATION_FOLLOW|FORMATION_FOLLOW|FORMATION_FOLLOW|FORMATION_FOLLOW,1,1,27.5,-8.378,-8.372,-8.416,-8.322,-8.345,-8.329,-25.225,-28.758,-32.221,-35.73,-39.249,-42.732,-5.054,-5.051,-5.047,-5.043,-5.044,-5.047
,0.0,-0.2,0.055,3.5347,6.9973,10.5062,14.0244,17.5081,3.4629,6.9716,10.4897,13.9735,3.5101,7.0274,10.5112,3.5184,7.002,3.4838,0,0.0571,0.0571,OK,0.207,FORMATION_FOLLOW|FORMATION_FOLLOW|FORMATION_FOLLOW|FORMATION_FOLLOW|FORMATION_FOLLOW|FORMATION_FOLLOW,1,1,27.6,-8.349,-8.342,-8.386,-8.291,-8.315,-8.299,-25.224,-28.759,-32.221,-35.73,-39.248,-42.732,-5.055,-5.052,-5.049,-5.045,-5.046,-5.049
,0.0,-0.2,0.053,3.5353,6.9984,10.5071,14.0243,17.5087,3.4633,6.9718,10.489,13.9733,3.5098,7.0263,10.5106,3.5175,7.0017,3.4844,0,0.0564,0.0564,OK,0.207,FORMATION_FOLLOW|FORMATION_FOLLOW|FORMATION_FOLLOW|FORMATION_FOLLOW|FORMATION_FOLLOW|FORMATION_FOLLOW,1,1,27.7,-8.32,-8.313,-8.355,-8.26,-8.284,-8.27,-25.223,-28.759,-32.222,-35.73,-39.248,-42.732,-5.057,-5.054,-5.05,-5.046,-5.047,-5.05
,0.0,-0.2,0.051,3.5356,6.9996,10.5079,14.0246,17.5093,3.4642,6.9723,10.489,13.9737,3.5095,7.0254,10.5101,3.5169,7.0015,3.4848,0,0.056,0.056,OK,0.206,FORMATION_FOLLOW|FORMATION_FOLLOW|FORMATION_FOLLOW|FORMATION_FOLLOW|FORMATION_FOLLOW|FORMATION_FOLLOW,1,1,27.8,-8.29,-8.283,-8.325,-8.23,-8.254,-8.24,-25.223,-28.758,-32.222,-35.73,-39.247,-42.732,-5.058,-5.055,-5.052,-5.048,-5.047,-5.052
,0.0,-0.2,0.049,3.5356,7.001,10.5084,14.0246,17.5099,3.4655,6.9729,10.489,13.9743,3.5087,7.024,10.5093,3.5164,7.0016,3.4853,0,0.0557,0.0557,OK,0.206,FORMATION_FOLLOW|FORMATION_FOLLOW|FORMATION_FOLLOW|FORMATION_FOLLOW|FORMATION_FOLLOW|FORMATION_FOLLOW,1,1,27.9,-8.26,-8.254,-8.294,-8.199,-8.224,-8.209,-25.222,-28.758,-32.223,-35.73,-39.247,-42.732,-5.059,-5.056,-5.053,-5.049,-5.048,-5.053
,0.0,-0.2,0.047,3.5357,7.0022,10.5092,14.0242,17.5108,3.4667,6.9735,10.4885,13.9751,3.5082,7.0224,10.5089,3.5153,7.0017,3.4866,0,0.0556,0.0556,OK,0.205,FORMATION_FOLLOW|FORMATION_FOLLOW|FORMATION_FOLLOW|FORMATION_FOLLOW|FORMATION_FOLLOW|FORMATION_FOLLOW,1,1,28.0,-8.23,-8.224,-8.264,-8.169,-8.193,-8.179,-25.222,-28.757,-32.224,-35.731,-39.246,-42.732,-5.06,-5.058,-5.054,-5.051,-5.049,-5.054
,0.0,-0.2,0.045,3.536,7.0033,10.5103,14.0236,17.5118,3.4674,6.9744,10.4877,13.9758,3.5083,7.0208,10.5089,3.5135,7.0016,3.4882,0,0.0559,0.0559,OK,0.205,FORMATION_FOLLOW|FORMATION_FOLLOW|FORMATION_FOLLOW|FORMATION_FOLLOW|FORMATION_FOLLOW|FORMATION_FOLLOW,1,1,28.1,-8.2,-8.194,-8.235,-8.139,-8.163,-8.149,-25.221,-28.757,-32.224,-35.731,-39.245,-42.733,-5.062,-5.059,-5.056,-5.052,-5.05,-5.055
,0.0,-0.2,0.043,3.5365,7.0041,10.5117,14.0232,17.5131,3.4677,6.9752,10.4867,13.9765,3.5088,7.0195,10.5093,3.5118,7.0015,3.4899,0,0.0563,0.0563,OK,0.205,FORMATION_FOLLOW|FORMATION_FOLLOW|FORMATION_FOLLOW|FORMATION_FOLLOW|FORMATION_FOLLOW|FORMATION_FOLLOW,1,1,28.2,-8.171,-8.164,-8.205,-8.108,-8.133,-8.119,-25.22,-28.757,-32.224,-35.732,-39.243,-42.733,-5.063,-5.061,-5.057,-5.054,-5.051,-5.056
,0.0,-0.2,0.041,3.5374,7.005,10.5129,14.0229,17.5143,3.4678,6.9755,10.4855,13.9769,3.5092,7.0183,10.5097,3.5102,7.0015,3.4914,0,0.0566,0.0566,OK,0.204,FORMATION_FOLLOW|FORMATION_FOLLOW|FORMATION_FOLLOW|FORMATION_FOLLOW|FORMATION_FOLLOW|FORMATION_FOLLOW,1,1,28.3,-8.142,-8.134,-8.176,-8.078,-8.103,-8.089,-25.22,-28.757,-32.224,-35.732,-39.242,-42.734,-5.064,-5.062,-5.058,-5.055,-5.053,-5.057
,0.0,-0.2,0.039,3.5383,7.0061,10.5141,14.0229,17.5154,3.468,6.9758,10.4845,13.9771,3.5093,7.0172,10.5097,3.509,7.0015,3.4926,0,0.057,0.057,OK,0.204,FORMATION_FOLLOW|FORMATION_FOLLOW|FORMATION_FOLLOW|FORMATION_FOLLOW|FORMATION_FOLLOW|FORMATION_FOLLOW,1,1,28.4,-8.113,-8.103,-8.146,-8.047,-8.072,-8.059,-25.219,-28.757,-32.225,-35.732,-39.241,-42.734,-5.065,-5.064,-5.059,-5.057,-5.054,-5.059
,0.0,-0.2,0.036,3.5397,7.0074,10.5155,14.0234,17.517,3.4679,6.9759,10.4837,13.9773,3.5094,7.0164,10.51,3.5081,7.0017,3.4936,0,0.0573,0.0573,OK,0.203,FORMATION_FOLLOW|FORMATION_FOLLOW|FORMATION_FOLLOW|FORMATION_FOLLOW|FORMATION_FOLLOW|FORMATION_FOLLOW,1,1,28.5,-8.084,-8.073,-8.117,-8.017,-8.042,-8.029,-25.217,-28.757,-32.225,-35.733,-39.241,-42.734,-5.066,-5.065,-5.061,-5.059,-5.055,-5.06
,0.0,-0.2,0.034,3.5411,7.0085,10.5168,14.0242,17.5187,3.4677,6.9758,10.4831,13.9776,3.5096,7.0161,10.5105,3.5076,7.002,3.4945,0,0.0576,0.0576,OK,0.203,FORMATION_FOLLOW|FORMATION_FOLLOW|FORMATION_FOLLOW|FORMATION_FOLLOW|FORMATION_FOLLOW|FORMATION_FOLLOW,1,1,28.6,-8.055,-8.042,-8.087,-7.987,-8.011,-7.999,-25.216,-28.757,-32.225,-35.733,-39.24,-42.735,-5.067,-5.067,-5.062,-5.061,-5.057,-5.061
,0.0,-0.2,0.032,3.5427,7.0093,10.5178,14.0252,17.5201,3.4669,6.9751,10.4825,13.9774,3.5097,7.0163,10.5111,3.5077,7.0025,3.4949,0,0.0579,0.0579,OK,0.203,FORMATION_FOLLOW|FORMATION_FOLLOW|FORMATION_FOLLOW|FORMATION_FOLLOW|FORMATION_FOLLOW|FORMATION_FOLLOW,1,1,28.7,-8.026,-8.012,-8.057,-7.956,-7.98,-7.968,-25.215,-28.758,-32.224,-35.733,-39.24,-42.735,-5.068,-5.068,-5.064,-5.062,-5.058,-5.062
,0.0,-0.2,0.029,3.5439,7.0096,10.5179,14.0257,17.5208,3.466,6.974,10.4818,13.9769,3.5096,7.0165,10.5115,3.5081,7.003,3.495,0,0.0582,0.0582,OK,0.202,FORMATION_FOLLOW|FORMATION_FOLLOW|FORMATION_FOLLOW|FORMATION_FOLLOW|FORMATION_FOLLOW|FORMATION_FOLLOW,1,1,28.8,-7.996,-7.981,-8.027,-7.926,-7.95,-7.938,-25.214,-28.758,-32.224,-35.732,-39.24,-42.735,-5.069,-5.069,-5.065,-5.065,-5.06,-5.063
,0.0,-0.2,0.027,3.5454,7.01,10.518,14.0265,17.5215,3.4648,6.9726,10.4811,13.9761,3.5093,7.0169,10.5119,3.5088,7.0037,3.495,0,0.0588,0.0588,OK,0.202,FORMATION_FOLLOW|FORMATION_FOLLOW|FORMATION_FOLLOW|FORMATION_FOLLOW|FORMATION_FOLLOW|FORMATION_FOLLOW,1,1,28.9,-7.967,-7.951,-7.997,-7.895,-7.919,-7.908,-25.214,-28.759,-32.224,-35.731,-39.24,-42.735,-5.07,-5.07,-5.067,-5.066,-5.061,-5.064
,0.0,-0.2,0.025,3.5468,7.0105,10.5181,14.0275,17.522,3.464,6.9713,10.4807,13.9752,3.509,7.0174,10.5118,3.5096,7.004,3.4945,0,0.0599,0.0599,OK,0.202,FORMATION_FOLLOW|FORMATION_FOLLOW|FORMATION_FOLLOW|FORMATION_FOLLOW|FORMATION_FOLLOW|FORMATION_FOLLOW,1,1,29.0,-7.937,-7.92,-7.968,-7.864,-7.888,-7.878,-25.213,-28.76,-32.223,-35.731,-39.24,-42.735,-5.071,-5.071,-5.068,-5.068,-5.063,-5.066
,0.0,-0.2,0.022,3.5479,7.0107,10.5183,14.0285,17.5226,3.4631,6.9705,10.4806,13.9748,3.509,7.0183,10.5123,3.5104,7.0045,3.4941,0,0.0611,0.0611,OK,0.201,FORMATION_FOLLOW|FORMATION_FOLLOW|FORMATION_FOLLOW|FORMATION_FOLLOW|FORMATION_FOLLOW|FORMATION_FOLLOW,1,1,29.1,-7.907,-7.89,-7.939,-7.833,-7.857,-7.847,-25.212,-28.76,-32.222,-35.73,-39.24,-42.734,-5.072,-5.072,-5.07,-5.07,-5.064,-5.067
,0.0,-0.2,0.02,3.5481,7.0105,10.5185,14.0293,17.523,3.4628,6.9704,10.4811,13.9749,3.5094,7.0192,10.5128,3.511,7.0047,3.4937,0,0.0621,0.0621,OK,0.201,FORMATION_FOLLOW|FORMATION_FOLLOW|FORMATION_FOLLOW|FORMATION_FOLLOW|FORMATION_FOLLOW|FORMATION_FOLLOW,1,1,29.2,-7.878,-7.859,-7.91,-7.803,-7.825,-7.817,-25.211,-28.759,-32.221,-35.729,-39.24,-42.734,-5.073,-5.073,-5.072,-5.071,-5.066,-5.068
,0.0,-0.2,0.017,3.5481,7.0108,10.5187,14.0302,17.5233,3.4631,6.9706,10.4821,13.9752,3.5093,7.0198,10.5128,3.5117,7.0048,3.4931,0,0.0629,0.0629,OK,0.201,FORMATION_FOLLOW|FORMATION_FOLLOW|FORMATION_FOLLOW|FORMATION_FOLLOW|FORMATION_FOLLOW|FORMATION_FOLLOW,1,1,29.3,-7.848,-7.828,-7.88,-7.772,-7.794,-7.787,-25.21,-28.758,-32.221,-35.729,-39.24,-42.733,-5.074,-5.073,-5.073,-5.072,-5.067,-5.069
,0.0,-0.2,0.015,3.5484,7.0116,10.5192,14.0317,17.5235,3.4636,6.9708,10.4833,13.9751,3.5091,7.0206,10.5123,3.5127,7.0045,3.4918,0,0.0635,0.0635,OK,0.201,FORMATION_FOLLOW|FORMATION_FOLLOW|FORMATION_FOLLOW|FORMATION_FOLLOW|FORMATION_FOLLOW|FORMATION_FOLLOW,1,1,29.4,-7.818,-7.798,-7.851,-7.742,-7.763,-7.757,-25.209,-28.758,-32.221,-35.728,-39.241,-42.733,-5.074,-5.074,-5.074,-5.074,-5.069,-5.069
,0.0,-0.2,0.013,3.5487,7.0123,10.5196,14.0332,17.5238,3.464,6.9709,10.4845,13.9751,3.5088,7.0214,10.5119,3.5138,7.0043,3.4906,0,0.064,0.064,OK,0.2,FORMATION_FOLLOW|FORMATION_FOLLOW|FORMATION_FOLLOW|FORMATION_FOLLOW|FORMATION_FOLLOW|FORMATION_FOLLOW,1,1,29.5,-7.788,-7.767,-7.821,-7.712,-7.732,-7.727,-25.208,-28.757,-32.22,-35.728,-39.241,-42.732,-5.076,-5.075,-5.075,-5.075,-5.07,-5.07
,0.0,-0.2,0.01,3.5487,7.0126,10.5193,14.0343,17.5235,3.4643,6.9707,10.4856,13.9749,3.5083,7.0223,10.5114,3.5152,7.0044,3.4892,0,0.0646,0.0646,OK,0.2,FORMATION_FOLLOW|FORMATION_FOLLOW|FORMATION_FOLLOW|FORMATION_FOLLOW|FORMATION_FOLLOW|FORMATION_FOLLOW,1,1,29.6,-7.759,-7.737,-7.791,-7.681,-7.701,-7.697,-25.208,-28.756,-32.22,-35.727,-39.242,-42.731,-5.077,-5.076,-5.076,-5.076,-5.072,-5.071
,0.0,-0.2,0.008,3.5486,7.0125,10.5189,14.0355,17.5232,3.4644,6.9704,10.487,13.9747,3.5079,7.0236,10.5111,3.5169,7.0045,3.4877,0,0.0652,0.0652,OK,0.2,FORMATION_FOLLOW|FORMATION_FOLLOW|FORMATION_FOLLOW|FORMATION_FOLLOW|FORMATION_FOLLOW|FORMATION_FOLLOW,1,1,29.7,-7.728,-7.706,-7.762,-7.651,-7.671,-7.666,-25.207,-28.756,-32.22,-35.726,-39.243,-42.73,-5.078,-5.078,-5.077,-5.078,-5.074,-5.072
,0.0,-0.2,0.005,3.5484,7.0125,10.5187,14.0368,17.5236,3.4645,6.9702,10.4884,13.9752,3.5077,7.0248,10.5115,3.5183,7.0052,3.4869,0,0.0661,0.0661,OK,0.2,FORMATION_FOLLOW|FORMATION_FOLLOW|FORMATION_FOLLOW|FORMATION_FOLLOW|FORMATION_FOLLOW|FORMATION_FOLLOW,1,1,29.8,-7.698,-7.676,-7.732,-7.621,-7.64,-7.636,-25.207,-28.755,-32.219,-35.725,-39.243,-42.73,-5.079,-5.079,-5.078,-5.079,-5.075,-5.073
,0.0,-0.2,0.003,3.5485,7.0127,10.5188,14.0384,17.5246,3.4647,6.9704,10.4899,13.9761,3.5077,7.0263,10.5123,3.5198,7.0059,3.4862,0,0.067,0.067,OK,0.2,FORMATION_FOLLOW|FORMATION_FOLLOW|FORMATION_FOLLOW|FORMATION_FOLLOW|FORMATION_FOLLOW|FORMATION_FOLLOW,1,1,29.9,-7.668,-7.645,-7.703,-7.591,-7.609,-7.606,-25.206,-28.754,-32.219,-35.725,-39.244,-42.73,-5.081,-5.081,-5.08,-5.081,-5.076,-5.075
,0.0,-0.2,0.0,3.5485,7.0129,10.5194,14.0401,17.5252,3.4649,6.9709,10.4916,13.9767,3.5081,7.0278,10.5127,3.5208,7.0059,3.4851,0,0.068,0.068,OK,0.2,FORMATION_FOLLOW|FORMATION_FOLLOW|FORMATION_FOLLOW|FORMATION_FOLLOW|FORMATION_FOLLOW|FORMATION_FOLLOW,1,1,30.0,-7.637,-7.615,-7.674,-7.562,-7.578,-7.576,-25.205,-28.754,-32.218,-35.724,-39.245,-42.73,-5.082,-5.083,-5.081,-5.082,-5.078,-5.076
,0.0,-0.2,-0.003,3.549,7.0131,10.5198,14.0416,17.5254,3.4647,6.9709,10.4926,13.9764,3.5083,7.0291,10.5127,3.5219,7.0057,3.4838,0,0.0685,0.0685,OK,0.2,FORMATION_FOLLOW|FORMATION_FOLLOW|FORMATION_FOLLOW|FORMATION_FOLLOW|FORMATION_FOLLOW|FORMATION_FOLLOW,1,1,30.1,-7.608,-7.584,-7.644,-7.532,-7.547,-7.545,-25.205,-28.754,-32.218,-35.724,-39.246,-42.73,-5.083,-5.084,-5.082,-5.083,-5.079,-5.077
,0.0,-0.2,-0.005,3.5496,7.0132,10.5202,14.0431,17.5255,3.464,6.9705,10.4934,13.9759,3.5086,7.0306,10.5128,3.523,7.0055,3.4824,0,0.069,0.069,OK,0.2,FORMATION_FOLLOW|FORMATION_FOLLOW|FORMATION_FOLLOW|FORMATION_FOLLOW|FORMATION_FOLLOW|FORMATION_FOLLOW,1,1,30.2,-7.578,-7.553,-7.615,-7.503,-7.517,-7.514,-25.205,-28.754,-32.218,-35.725,-39.248,-42.73,-5.084,-5.086,-5.083,-5.085,-5.08,-5.078
,0.0,-0.2,-0.008,3.5503,7.0131,10.5207,14.0445,17.5256,3.4633,6.9703,10.4942,13.9753,3.5091,7.032,10.5129,3.524,7.0051,3.4811,0,0.0695,0.0695,OK,0.2,FORMATION_FOLLOW|FORMATION_FOLLOW|FORMATION_FOLLOW|FORMATION_FOLLOW|FORMATION_FOLLOW|FORMATION_FOLLOW,1,1,30.3,-7.548,-7.523,-7.585,-7.474,-7.486,-7.485,-25.204,-28.755,-32.217,-35.725,-39.249,-42.73,-5.084,-5.088,-5.084,-5.086,-5.082,-5.079
,0.0,-0.2,-0.01,3.5504,7.0131,10.5207,14.0455,17.5257,3.4633,6.9703,10.4952,13.9754,3.5092,7.033,10.513,3.5249,7.0051,3.4802,0,0.0699,0.0699,OK,0.2,FORMATION_FOLLOW|FORMATION_FOLLOW|FORMATION_FOLLOW|FORMATION_FOLLOW|FORMATION_FOLLOW|FORMATION_FOLLOW,1,1,30.4,-7.517,-7.493,-7.555,-7.444,-7.455,-7.455,-25.204,-28.755,-32.217,-35.725,-39.25,-42.73,-5.084,-5.09,-5.085,-5.087,-5.083,-5.08
,0.0,-0.2,-0.013,3.55,7.0134,10.5203,14.0461,17.5258,3.4639,6.9703,10.4961,13.9758,3.5086,7.0334,10.5129,3.5259,7.0056,3.4797,0,0.0704,0.0704,OK,0.2,FORMATION_FOLLOW|FORMATION_FOLLOW|FORMATION_FOLLOW|FORMATION_FOLLOW|FORMATION_FOLLOW|FORMATION_FOLLOW,1,1,30.5,-7.487,-7.463,-7.526,-7.415,-7.425,-7.425,-25.205,-28.754,-32.218,-35.725,-39.25,-42.73,-5.085,-5.092,-5.086,-5.088,-5.085,-5.082
,0.0,-0.2,-0.015,3.549,7.0139,10.52,14.0463,17.5254,3.4654,6.971,10.4973,13.9764,3.5078,7.0331,10.512,3.5264,7.0055,3.4791,0,0.0708,0.0708,OK,0.201,FORMATION_FOLLOW|FORMATION_FOLLOW|FORMATION_FOLLOW|FORMATION_FOLLOW|FORMATION_FOLLOW|FORMATION_FOLLOW,1,1,30.6,-7.457,-7.433,-7.497,-7.385,-7.394,-7.395,-25.205,-28.754,-32.219,-35.725,-39.251,-42.73,-5.086,-5.094,-5.087,-5.089,-5.087,-5.083
,0.0,-0.2,-0.017,3.5474,7.0138,10.5195,14.0458,17.5247,3.4669,6.9721,10.4984,13.9773,3.5074,7.0328,10.5115,3.5264,7.0054,3.479,0,0.0713,0.0713,OK,0.201,FORMATION_FOLLOW|FORMATION_FOLLOW|FORMATION_FOLLOW|FORMATION_FOLLOW|FORMATION_FOLLOW|FORMATION_FOLLOW,1,1,30.7,-7.427,-7.402,-7.467,-7.356,-7.364,-7.365,-25.206,-28.753,-32.219,-35.725,-39.251,-42.73,-5.087,-5.096,-5.088,-5.089,-5.089,-5.085
,0.0,-0.2,-0.02,3.5456,7.0135,10.5193,14.0454,17.5248,3.4686,6.9738,10.4998,13.9793,3.5074,7.0326,10.5118,3.5262,7.0056,3.4795,0,0.0712,0.0712,OK,0.201,FORMATION_FOLLOW|FORMATION_FOLLOW|FORMATION_FOLLOW|FORMATION_FOLLOW|FORMATION_FOLLOW|FORMATION_FOLLOW,1,1,30.8,-7.397,-7.372,-7.437,-7.326,-7.334,-7.334,-25.206,-28.752,-32.22,-35.725,-39.252,-42.731,-5.089,-5.097,-5.09,-5.09,-5.09,-5.087
,0.0,-0.2,-0.022,3.5438,7.0137,10.5199,14.045,17.5256,3.4705,6.9761,10.5012,13.9818,3.5078,7.032,10.5124,3.5252,7.0058,3.4806,0,0.0709,0.0709,OK,0.201,FORMATION_FOLLOW|FORMATION_FOLLOW|FORMATION_FOLLOW|FORMATION_FOLLOW|FORMATION_FOLLOW|FORMATION_FOLLOW,1,1,30.9,-7.368,-7.342,-7.407,-7.297,-7.305,-7.304,-25.207,-28.751,-32.22,-35.726,-39.252,-42.732,-5.09,-5.098,-5.091,-5.09,-5.092,-5.089
,0.0,-0.2,-0.025,3.5418,7.0137,10.5201,14.0441,17.5263,3.4725,6.9783,10.5023,13.9845,3.508,7.031,10.5131,3.5241,7.0063,3.4823,0,0.0706,0.0706,OK,0.202,FORMATION_FOLLOW|FORMATION_FOLLOW|FORMATION_FOLLOW|FORMATION_FOLLOW|FORMATION_FOLLOW|FORMATION_FOLLOW,1,1,31.0,-7.338,-7.312,-7.377,-7.267,-7.275,-7.273,-25.208,-28.749,-32.221,-35.728,-39.252,-42.734,-5.091,-5.099,-5.092,-5.091,-5.094,-5.09
,0.0,-0.2,-0.027,3.5398,7.0138,10.5201,14.0432,17.5268,3.4746,6.9802,10.5034,13.987,3.5078,7.0301,10.5135,3.5233,7.0069,3.4836,0,0.0702,0.0702,OK,0.202,FORMATION_FOLLOW|FORMATION_FOLLOW|FORMATION_FOLLOW|FORMATION_FOLLOW|FORMATION_FOLLOW|FORMATION_FOLLOW,1,1,31.1,-7.308,-7.281,-7.347,-7.237,-7.246,-7.243,-25.209,-28.748,-32.222,-35.728,-39.252,-42.735,-5.092,-5.1,-5.093,-5.092,-5.096,-5.092
,0.0,-0.2,-0.029,3.5382,7.0141,10.5198,14.0426,17.5272,3.4765,6.9817,10.5044,13.989,3.5073,7.0292,10.5136,3.5228,7.0074,3.4846,0,0.0701,0.0701,OK,0.202,FORMATION_FOLLOW|FORMATION_FOLLOW|FORMATION_FOLLOW|FORMATION_FOLLOW|FORMATION_FOLLOW|FORMATION_FOLLOW,1,1,31.2,-7.278,-7.251,-7.316,-7.207,-7.216,-7.213,-25.209,-28.747,-32.223,-35.729,-39.252,-42.736,-5.094,-5.1,-5.094,-5.092,-5.097,-5.093
,0.0,-0.2,-0.032,3.5363,7.0138,10.5194,14.0416,17.5272,3.4781,6.983,10.5053,13.9909,3.5072,7.0285,10.5139,3.5223,7.008,3.4857,0,0.0704,0.0704,OK,0.203,FORMATION_FOLLOW|FORMATION_FOLLOW|FORMATION_FOLLOW|FORMATION_FOLLOW|FORMATION_FOLLOW|FORMATION_FOLLOW,1,1,31.3,-7.248,-7.221,-7.287,-7.176,-7.187,-7.183,-25.21,-28.747,-32.224,-35.73,-39.252,-42.738,-5.095,-5.101,-5.094,-5.093,-5.099,-5.094
,0.0,-0.2,-0.034,3.5346,7.0132,10.5188,14.0405,17.5273,3.4793,6.9842,10.5059,13.9928,3.5072,7.0279,10.5146,3.5219,7.0087,3.4868,0,0.0708,0.0708,OK,0.203,FORMATION_FOLLOW|FORMATION_FOLLOW|FORMATION_FOLLOW|FORMATION_FOLLOW|FORMATION_FOLLOW|FORMATION_FOLLOW,1,1,31.4,-7.218,-7.19,-7.257,-7.146,-7.158,-7.152,-25.211,-28.746,-32.225,-35.73,-39.252,-42.739,-5.096,-5.101,-5.095,-5.093,-5.1,-5.095
,0.0,-0.2,-0.036,3.5334,7.0132,10.5186,14.0398,17.528,3.4804,6.9852,10.5064,13.9946,3.5071,7.0273,10.5153,3.5214,7.0095,3.4882,0,0.0707,0.0707,OK,0.203,FORMATION_FOLLOW|FORMATION_FOLLOW|FORMATION_FOLLOW|FORMATION_FOLLOW|FORMATION_FOLLOW|FORMATION_FOLLOW,1,1,31.5,-7.188,-7.16,-7.227,-7.116,-7.128,-7.121,-25.212,-28.745,-32.225,-35.73,-39.252,-42.74,-5.097,-5.102,-5.096,-5.094,-5.102,-5.096
,0.0,-0.2,-0.039,3.5326,7.0133,10.5186,14.0393,17.5288,3.4813,6.986,10.5067,13.9962,3.5069,7.0267,10.516,3.5209,7.0103,3.4895,0,0.0706,0.0706,OK,0.204,FORMATION_FOLLOW|FORMATION_FOLLOW|FORMATION_FOLLOW|FORMATION_FOLLOW|FORMATION_FOLLOW|FORMATION_FOLLOW,1,1,31.6,-7.158,-7.13,-7.196,-7.085,-7.099,-7.09,-25.212,-28.745,-32.225,-35.73,-39.251,-42.741,-5.098,-5.102,-5.097,-5.094,-5.102,-5.096
,0.0,-0.2,-0.041,3.5317,7.0131,10.5181,14.0388,17.5292,3.4821,6.9864,10.5072,13.9976,3.5065,7.0263,10.5166,3.5209,7.0113,3.4905,0,0.0703,0.0703,OK,0.204,FORMATION_FOLLOW|FORMATION_FOLLOW|FORMATION_FOLLOW|FORMATION_FOLLOW|FORMATION_FOLLOW|FORMATION_FOLLOW,1,1,31.7,-7.128,-7.1,-7.166,-7.055,-7.069,-7.059,-25.213,-28.744,-32.226,-35.73,-39.251,-42.742,-5.099,-5.103,-5.098,-5.095,-5.103,-5.097
,0.0,-0.2,-0.043,3.5305,7.0129,10.517,14.038,17.5291,3.483,6.9865,10.5076,13.9987,3.5057,7.0258,10.5167,3.5212,7.0123,3.4911,0,0.0695,0.0695,OK,0.205,FORMATION_FOLLOW|FORMATION_FOLLOW|FORMATION_FOLLOW|FORMATION_FOLLOW|FORMATION_FOLLOW|FORMATION_FOLLOW,1,1,31.8,-7.097,-7.07,-7.135,-7.024,-7.039,-7.029,-25.213,-28.744,-32.226,-35.73,-39.251,-42.742,-5.1,-5.103,-5.099,-5.095,-5.104,-5.099
,0.0,-0.2,-0.045,3.5291,7.012,10.5158,14.0374,17.5285,3.4836,6.9867,10.5083,13.9995,3.5053,7.0259,10.517,3.5218,7.0129,3.4912,0,0.0689,0.0689,OK,0.205,FORMATION_FOLLOW|FORMATION_FOLLOW|FORMATION_FOLLOW|FORMATION_FOLLOW|FORMATION_FOLLOW|FORMATION_FOLLOW,1,1,31.9,-7.067,-7.041,-7.104,-6.994,-7.009,-6.998,-25.214,-28.743,-32.226,-35.73,-39.252,-42.743,-5.1,-5.104,-5.1,-5.096,-5.105,-5.1
,0.0,-0.2,-0.047,3.5278,7.0113,10.5144,14.0363,17.5281,3.484,6.9866,10.5085,14.0003,3.5047,7.0256,10.5173,3.5221,7.0138,3.4918,0,0.0685,0.0685,OK,0.205,FORMATION_FOLLOW|FORMATION_FOLLOW|FORMATION_FOLLOW|FORMATION_FOLLOW|FORMATION_FOLLOW|FORMATION_FOLLOW,1,1,32.0,-7.037,-7.011,-7.073,-6.963,-6.979,-6.968,-25.216,-28.743,-32.227,-35.73,-39.252,-42.743,-5.101,-5.105,-5.1,-5.097,-5.106,-5.101
,0.0,-0.2,-0.049,3.5265,7.0106,10.5131,14.035,17.5279,3.4846,6.9866,10.5085,14.0014,3.5041,7.025,10.5178,3.522,7.0149,3.4929,0,0.0684,0.0684,OK,0.206,FORMATION_FOLLOW|FORMATION_FOLLOW|FORMATION_FOLLOW|FORMATION_FOLLOW|FORMATION_FOLLOW|FORMATION_FOLLOW,1,1,32.1,-7.007,-6.981,-7.043,-6.932,-6.949,-6.937,-25.217,-28.743,-32.227,-35.73,-39.252,-42.744,-5.101,-5.105,-5.101,-5.098,-5.106,-5.102
,0.0,-0.2,-0.051,3.5252,7.01,10.5116,14.0338,17.5278,3.4853,6.9864,10.5086,14.0027,3.5032,7.0244,10.5183,3.5223,7.0163,3.4941,0,0.0681,0.0681,OK,0.206,FORMATION_FOLLOW|FORMATION_FOLLOW|FORMATION_FOLLOW|FORMATION_FOLLOW|FORMATION_FOLLOW|FORMATION_FOLLOW,1,1,32.2,-6.977,-6.952,-7.013,-6.902,-6.92,-6.907,-25.218,-28.743,-32.228,-35.729,-39.252,-42.746,-5.101,-5.106,-5.101,-5.099,-5.106,-5.103
,0.0,-0.2,-0.053,3.5242,7.0096,10.5107,14.0327,17.528,3.486,6.9865,10.5085,14.0038,3.5027,7.0237,10.5188,3.5222,7.0173,3.4952,0,0.0677,0.0677,OK,0.207,FORMATION_FOLLOW|FORMATION_FOLLOW|FORMATION_FOLLOW|FORMATION_FOLLOW|FORMATION_FOLLOW|FORMATION_FOLLOW,1,1,32.3,-6.947,-6.922,-6.982,-6.872,-6.89,-6.877,-25.219,-28.743,-32.228,-35.729,-39.251,-42.747,-5.101,-5.107,-5.102,-5.101,-5.106,-5.104
,0.0,-0.2,-0.055,3.5233,7.0093,10.5099,14.0315,17.5281,3.4865,6.9866,10.5082,14.0048,3.5022,7.0228,10.5192,3.5218,7.0183,3.4966,0,0.0673,0.0673,OK,0.207,FORMATION_FOLLOW|FORMATION_FOLLOW|FORMATION_FOLLOW|FORMATION_FOLLOW|FORMATION_FOLLOW|FORMATION_FOLLOW,1,1,32.4,-6.917,-6.891,-6.952,-6.842,-6.86,-6.847,-25.22,-28.743,-32.229,-35.729,-39.251,-42.748,-5.101,-5.107,-5.102,-5.102,-5.106,-5.104
,0.0,-0.2,-0.057,3.5228,7.0093,10.5092,14.0305,17.528,3.487,6.9863,10.5077,14.0052,3.5014,7.0217,10.5192,3.5215,7.019,3.4975,0,0.0669,0.0669,OK,0.208,FORMATION_FOLLOW|FORMATION_FOLLOW|FORMATION_FOLLOW|FORMATION_FOLLOW|FORMATION_FOLLOW|FORMATION_FOLLOW,1,1,32.5,-6.888,-6.861,-6.921,-6.812,-6.83,-6.817,-25.221,-28.743,-32.23,-35.729,-39.251,-42.748,-5.101,-5.108,-5.103,-5.103,-5.106,-5.105
,0.0,-0.2,-0.058,3.5227,7.0096,10.5087,14.0295,17.5277,3.4874,6.986,10.5069,14.005,3.5007,7.0205,10.5186,3.521,7.0191,3.4982,0,0.0665,0.0665,OK,0.208,FORMATION_FOLLOW|FORMATION_FOLLOW|FORMATION_FOLLOW|FORMATION_FOLLOW|FORMATION_FOLLOW|FORMATION_FOLLOW,1,1,32.6,-6.858,-6.83,-6.891,-6.782,-6.8,-6.787,-25.221,-28.744,-32.231,-35.73,-39.251,-42.749,-5.101,-5.108,-5.103,-5.105,-5.107,-5.105
,0.0,-0.2,-0.06,3.5229,7.0098,10.5082,14.0282,17.5271,3.4874,6.9853,10.5053,14.0043,3.4999,7.019,10.5178,3.5202,7.0191,3.499,0,0.0662,0.0662,OK,0.209,FORMATION_FOLLOW|FORMATION_FOLLOW|FORMATION_FOLLOW|FORMATION_FOLLOW|FORMATION_FOLLOW|FORMATION_FOLLOW,1,1,32.7,-6.828,-6.799,-6.86,-6.752,-6.771,-6.757,-25.222,-28.745,-32.232,-35.73,-39.25,-42.749,-5.101,-5.109,-5.104,-5.106,-5.107,-5.105
,0.0,-0.2,-0.062,3.5233,7.0094,10.5074,14.0265,17.5265,3.4868,6.9841,10.5033,14.0033,3.4994,7.0176,10.5175,3.5193,7.0193,3.5,0,0.066,0.066,OK,0.209,FORMATION_FOLLOW|FORMATION_FOLLOW|FORMATION_FOLLOW|FORMATION_FOLLOW|FORMATION_FOLLOW|FORMATION_FOLLOW,1,1,32.8,-6.798,-6.768,-6.83,-6.723,-6.741,-6.726,-25.223,-28.746,-32.233,-35.73,-39.25,-42.75,-5.102,-5.109,-5.104,-5.107,-5.107,-5.105
,0.0,-0.2,-0.063,3.5235,7.0087,10.5065,14.0244,17.5258,3.4858,6.983,10.501,14.0024,3.4993,7.0163,10.5176,3.5181,7.0194,3.5014,0,0.066,0.066,OK,0.21,FORMATION_FOLLOW|FORMATION_FOLLOW|FORMATION_FOLLOW|FORMATION_FOLLOW|FORMATION_FOLLOW|FORMATION_FOLLOW,1,1,32.9,-6.769,-6.737,-6.8,-6.693,-6.711,-6.696,-25.224,-28.748,-32.233,-35.73,-39.248,-42.75,-5.102,-5.11,-5.105,-5.108,-5.107,-5.105
,0.0,-0.2,-0.065,3.524,7.0081,10.5057,14.0223,17.5252,3.4848,6.9817,10.4983,14.0012,3.4991,7.0147,10.5175,3.5168,7.0196,3.5029,0,0.0661,0.0661,OK,0.21,FORMATION_FOLLOW|FORMATION_FOLLOW|FORMATION_FOLLOW|FORMATION_FOLLOW|FORMATION_FOLLOW|FORMATION_FOLLOW,1,1,33.0,-6.739,-6.706,-6.77,-6.663,-6.682,-6.666,-25.225,-28.749,-32.233,-35.73,-39.247,-42.75,-5.103,-5.11,-5.105,-5.108,-5.107,-5.105
,0.0,-0.2,-0.066,3.5249,7.0075,10.5054,14.0203,17.5246,3.4833,6.9806,10.4955,13.9998,3.4994,7.0133,10.5176,3.5151,7.0193,3.5043,0,0.0666,0.0666,OK,0.211,FORMATION_FOLLOW|FORMATION_FOLLOW|FORMATION_FOLLOW|FORMATION_FOLLOW|FORMATION_FOLLOW|FORMATION_FOLLOW,1,1,33.1,-6.708,-6.675,-6.74,-6.632,-6.652,-6.636,-25.226,-28.75,-32.233,-35.731,-39.246,-42.75,-5.103,-5.11,-5.106,-5.108,-5.107,-5.105
,0.0,-0.2,-0.068,3.5258,7.0069,10.5057,14.0187,17.5245,3.4818,6.9799,10.493,13.9988,3.5003,7.0123,10.5181,3.5132,7.0189,3.5058,0,0.0672,0.0672,OK,0.211,FORMATION_FOLLOW|FORMATION_FOLLOW|FORMATION_FOLLOW|FORMATION_FOLLOW|FORMATION_FOLLOW|FORMATION_FOLLOW,1,1,33.2,-6.678,-6.645,-6.711,-6.602,-6.622,-6.605,-25.226,-28.752,-32.233,-35.731,-39.244,-42.75,-5.103,-5.11,-5.106,-5.109,-5.107,-5.106
,0.0,-0.2,-0.069,3.5267,7.0067,10.506,14.0174,17.5246,3.4807,6.9794,10.4907,13.998,3.5009,7.0112,10.5184,3.5115,7.0187,3.5073,0,0.0674,0.0674,OK,0.212,FORMATION_FOLLOW|FORMATION_FOLLOW|FORMATION_FOLLOW|FORMATION_FOLLOW|FORMATION_FOLLOW|FORMATION_FOLLOW,1,1,33.3,-6.648,-6.614,-6.681,-6.573,-6.593,-6.575,-25.226,-28.753,-32.233,-35.732,-39.243,-42.751,-5.104,-5.11,-5.106,-5.109,-5.107,-5.107
,0.0,-0.2,-0.07,3.5273,7.0065,10.5059,14.0163,17.5246,3.4799,6.9786,10.489,13.9973,3.5009,7.0103,10.5185,3.5106,7.0188,3.5083,0,0.0674,0.0674,OK,0.212,FORMATION_FOLLOW|FORMATION_FOLLOW|FORMATION_FOLLOW|FORMATION_FOLLOW|FORMATION_FOLLOW|FORMATION_FOLLOW,1,1,33.4,-6.618,-6.583,-6.651,-6.542,-6.563,-6.545,-25.226,-28.754,-32.233,-35.732,-39.243,-42.751,-5.104,-5.11,-5.107,-5.109,-5.107,-5.107
,0.0,-0.2,-0.071,3.5281,7.007,10.5062,14.0157,17.5246,3.4796,6.978,10.4877,13.9965,3.5007,7.0093,10.5181,3.5098,7.0186,3.5089,0,0.0674,0.0674,OK,0.212,FORMATION_FOLLOW|FORMATION_FOLLOW|FORMATION_FOLLOW|FORMATION_FOLLOW|FORMATION_FOLLOW|FORMATION_FOLLOW,1,1,33.5,-6.587,-6.553,-6.621,-6.512,-6.535,-6.515,-25.227,-28.755,-32.233,-35.732,-39.242,-42.751,-5.104,-5.11,-5.107,-5.11,-5.107,-5.107
,0.0,-0.2,-0.072,3.529,7.0076,10.5063,14.015,17.5247,3.4794,6.9774,10.4861,13.9958,3.5003,7.0079,10.5176,3.5089,7.0185,3.5097,0,0.0671,0.0671,OK,0.213,FORMATION_FOLLOW|FORMATION_FOLLOW|FORMATION_FOLLOW|FORMATION_FOLLOW|FORMATION_FOLLOW|FORMATION_FOLLOW,1,1,33.6,-6.557,-6.522,-6.591,-6.482,-6.506,-6.485,-25.227,-28.755,-32.234,-35.733,-39.241,-42.751,-5.104,-5.11,-5.107,-5.11,-5.107,-5.107
,0.0,-0.2,-0.073,3.5296,7.008,10.5064,14.0143,17.5244,3.4793,6.9769,10.4848,13.9949,3.4999,7.0067,10.5168,3.5082,7.0181,3.5101,0,0.0666,0.0666,OK,0.213,FORMATION_FOLLOW|FORMATION_FOLLOW|FORMATION_FOLLOW|FORMATION_FOLLOW|FORMATION_FOLLOW|FORMATION_FOLLOW,1,1,33.7,-6.527,-6.492,-6.56,-6.452,-6.477,-6.454,-25.227,-28.756,-32.235,-35.733,-39.241,-42.751,-5.104,-5.109,-5.108,-5.11,-5.108,-5.107
,0.0,-0.2,-0.074,3.5298,7.0086,10.5063,14.0141,17.524,3.4796,6.9766,10.4844,13.9944,3.4992,7.006,10.5159,3.5081,7.0179,3.51,0,0.0658,0.0658,OK,0.213,FORMATION_FOLLOW|FORMATION_FOLLOW|FORMATION_FOLLOW|FORMATION_FOLLOW|FORMATION_FOLLOW|FORMATION_FOLLOW,1,1,33.8,-6.498,-6.462,-6.529,-6.422,-6.448,-6.424,-25.227,-28.756,-32.235,-35.733,-39.241,-42.751,-5.103,-5.108,-5.108,-5.11,-5.108,-5.107
,0.0,-0.2,-0.075,3.5298,7.0091,10.506,14.0141,17.524,3.4801,6.9763,10.4845,13.9943,3.4983,7.0054,10.5153,3.5084,7.018,3.5099,0,0.0648,0.0648,OK,0.214,FORMATION_FOLLOW|FORMATION_FOLLOW|FORMATION_FOLLOW|FORMATION_FOLLOW|FORMATION_FOLLOW|FORMATION_FOLLOW,1,1,33.9,-6.468,-6.432,-6.499,-6.392,-6.42,-6.394,-25.227,-28.756,-32.236,-35.733,-39.241,-42.751,-5.103,-5.107,-5.108,-5.109,-5.109,-5.107
,0.0,-0.2,-0.076,3.53,7.0093,10.5053,14.014,17.5239,3.4801,6.9753,10.4842,13.994,3.4973,7.0051,10.515,3.509,7.0188,3.5099,0,0.064,0.064,OK,0.214,FORMATION_FOLLOW|FORMATION_FOLLOW|FORMATION_FOLLOW|FORMATION_FOLLOW|FORMATION_FOLLOW|FORMATION_FOLLOW,1,1,34.0,-6.439,-6.402,-6.468,-6.363,-6.391,-6.364,-25.227,-28.757,-32.236,-35.732,-39.241,-42.751,-5.103,-5.107,-5.108,-5.109,-5.11,-5.106
,0.0,-0.2,-0.077,3.5303,7.0096,10.5045,14.014,17.5242,3.4801,6.9743,10.4839,13.994,3.4963,7.0048,10.515,3.5098,7.0198,3.5102,0,0.0637,0.0637,OK,0.214,FORMATION_FOLLOW|FORMATION_FOLLOW|FORMATION_FOLLOW|FORMATION_FOLLOW|FORMATION_FOLLOW|FORMATION_FOLLOW,1,1,34.1,-6.409,-6.372,-6.438,-6.334,-6.361,-6.334,-25.227,-28.757,-32.237,-35.732,-39.241,-42.751,-5.102,-5.107,-5.108,-5.108,-5.11,-5.106
,0.0,-0.2,-0.077,3.5302,7.0099,10.504,14.014,17.5243,3.4805,6.9738,10.484,13.9942,3.4954,7.0045,10.5148,3.5103,7.0204,3.5103,0,0.0636,0.0636,OK,0.214,FORMATION_FOLLOW|FORMATION_FOLLOW|FORMATION_FOLLOW|FORMATION_FOLLOW|FORMATION_FOLLOW|FORMATION_FOLLOW,1,1,34.2,-6.38,-6.341,-6.409,-6.305,-6.332,-6.305,-25.228,-28.757,-32.237,-35.731,-39.241,-42.752,-5.102,-5.106,-5.108,-5.107,-5.11,-5.106
,0.0,-0.2,-0.078,3.5298,7.0108,10.5039,14.0139,17.5244,3.4819,6.9741,10.4843,13.9947,3.4943,7.0035,10.5139,3.5103,7.0206,3.5105,0,0.0635,0.0635,OK,0.215,FORMATION_FOLLOW|FORMATION_FOLLOW|FORMATION_FOLLOW|FORMATION_FOLLOW|FORMATION_FOLLOW|FORMATION_FOLLOW,1,1,34.3,-6.35,-6.311,-6.379,-6.276,-6.302,-6.275,-25.228,-28.757,-32.238,-35.731,-39.242,-42.752,-5.101,-5.106,-5.107,-5.106,-5.109,-5.105
,0.0,-0.2,-0.079,3.5294,7.0117,10.5037,14.0141,17.5248,3.4831,6.9744,10.4849,13.9956,3.4934,7.0028,10.5136,3.5106,7.0212,3.5108,0,0.0633,0.0633,OK,0.215,FORMATION_FOLLOW|FORMATION_FOLLOW|FORMATION_FOLLOW|FORMATION_FOLLOW|FORMATION_FOLLOW|FORMATION_FOLLOW,1,1,34.4,-6.321,-6.28,-6.349,-6.247,-6.272,-6.245,-25.228,-28.757,-32.239,-35.731,-39.242,-42.753,-5.1,-5.106,-5.107,-5.106,-5.109,-5.105
,0.0,-0.2,-0.079,3.5289,7.0122,10.5039,14.0144,17.5255,3.4841,6.975,10.4856,13.9966,3.493,7.0026,10.5137,3.5108,7.0217,3.5111,0,0.0633,0.0633,OK,0.215,FORMATION_FOLLOW|FORMATION_FOLLOW|FORMATION_FOLLOW|FORMATION_FOLLOW|FORMATION_FOLLOW|FORMATION_FOLLOW,1,1,34.5,-6.291,-6.25,-6.319,-6.217,-6.243,-6.216,-25.228,-28.757,-32.24,-35.732,-39.242,-42.753,-5.1,-5.106,-5.107,-5.104,-5.108,-5.104
,0.0,-0.2,-0.079,3.5283,7.0123,10.5039,14.0142,17.5266,3.4848,6.9756,10.486,13.9984,3.4929,7.0023,10.5148,3.5105,7.0228,3.5125,0,0.0636,0.0636,OK,0.215,FORMATION_FOLLOW|FORMATION_FOLLOW|FORMATION_FOLLOW|FORMATION_FOLLOW|FORMATION_FOLLOW|FORMATION_FOLLOW,1,1,34.6,-6.261,-6.219,-6.29,-6.188,-6.213,-6.186,-25.228,-28.757,-32.241,-35.732,-39.243,-42.755,-5.099,-5.105,-5.106,-5.104,-5.107,-5.103
,0.0,-0.2,-0.08,3.5275,7.0122,10.5037,14.0136,17.528,3.4856,6.9763,10.4863,14.0006,3.4929,7.0019,10.5162,3.5102,7.0244,3.5144,0,0.0639,0.0639,OK,0.215,FORMATION_FOLLOW|FORMATION_FOLLOW|FORMATION_FOLLOW|FORMATION_FOLLOW|FORMATION_FOLLOW|FORMATION_FOLLOW,1,1,34.7,-6.231,-6.189,-6.26,-6.158,-6.183,-6.157,-25.229,-28.756,-32.241,-35.732,-39.242,-42.757,-5.099,-5.105,-5.105,-5.103,-5.107,-5.103
,0.0,-0.2,-0.08,3.5268,7.0122,10.5039,14.0136,17.5291,3.4864,6.9772,10.4871,14.0025,3.493,7.0019,10.5173,3.51,7.0253,3.5155,0,0.0643,0.0643,OK,0.215,FORMATION_FOLLOW|FORMATION_FOLLOW|FORMATION_FOLLOW|FORMATION_FOLLOW|FORMATION_FOLLOW|FORMATION_FOLLOW,1,1,34.8,-6.202,-6.158,-6.231,-6.128,-6.153,-6.127,-25.229,-28.755,-32.241,-35.732,-39.242,-42.758,-5.098,-5.104,-5.104,-5.102,-5.106,-5.102
,0.0,-0.2,-0.08,3.526,7.0122,10.504,14.014,17.5301,3.4871,6.978,10.4881,14.0042,3.4931,7.0022,10.5183,3.5102,7.0262,3.5161,0,0.0645,0.0645,OK,0.215,FORMATION_FOLLOW|FORMATION_FOLLOW|FORMATION_FOLLOW|FORMATION_FOLLOW|FORMATION_FOLLOW|FORMATION_FOLLOW,1,1,34.9,-6.172,-6.128,-6.201,-6.098,-6.124,-6.098,-25.229,-28.755,-32.241,-35.733,-39.243,-42.759,-5.097,-5.103,-5.104,-5.101,-5.105,-5.102
,0.0,-0.2,-0.08,3.5252,7.0121,10.5038,14.0145,17.531,3.4879,6.9787,10.4895,14.006,3.493,7.0029,10.5194,3.511,7.0273,3.5165,0,0.0644,0.0644,OK,0.215,FORMATION_FOLLOW|FORMATION_FOLLOW|FORMATION_FOLLOW|FORMATION_FOLLOW|FORMATION_FOLLOW|FORMATION_FOLLOW,1,1,35.0,-6.142,-6.099,-6.172,-6.069,-6.094,-6.069,-25.229,-28.754,-32.241,-35.732,-39.243,-42.76,-5.097,-5.102,-5.103,-5.1,-5.104,-5.102
,0.0,-0.2,-0.08,3.524,7.0122,10.5036,14.0157,17.5321,3.4891,6.9797,10.4919,14.0082,3.4928,7.004,10.5204,3.5123,7.0286,3.5164,0,0.0643,0.0643,OK,0.215,FORMATION_FOLLOW|FORMATION_FOLLOW|FORMATION_FOLLOW|FORMATION_FOLLOW|FORMATION_FOLLOW|FORMATION_FOLLOW,1,1,35.1,-6.112,-6.069,-6.142,-6.04,-6.064,-6.04,-25.229,-28.753,-32.241,-35.732,-39.245,-42.761,-5.096,-5.101,-5.103,-5.099,-5.103,-5.102
,0.0,-0.2,-0.08,3.5235,7.0125,10.5038,14.0175,17.5335,3.49,6.9804,10.4942,14.0102,3.4927,7.0054,10.5215,3.5139,7.0298,3.516,0,0.0639,0.0639,OK,0.215,FORMATION_FOLLOW|FORMATION_FOLLOW|FORMATION_FOLLOW|FORMATION_FOLLOW|FORMATION_FOLLOW|FORMATION_FOLLOW,1,1,35.2,-6.082,-6.039,-6.112,-6.011,-6.035,-6.01,-25.229,-28.752,-32.241,-35.732,-39.246,-42.762,-5.095,-5.1,-5.102,-5.098,-5.102,-5.101
,0.0,-0.2,-0.08,3.5233,7.0128,10.504,14.019,17.5347,3.4904,6.9808,10.4959,14.0116,3.4925,7.0066,10.5223,3.5152,7.0308,3.5158,0,0.0636,0.0636,OK,0.215,FORMATION_FOLLOW|FORMATION_FOLLOW|FORMATION_FOLLOW|FORMATION_FOLLOW|FORMATION_FOLLOW|FORMATION_FOLLOW,1,1,35.3,-6.052,-6.009,-6.082,-5.981,-6.004,-5.98,-25.229,-28.752,-32.241,-35.732,-39.247,-42.763,-5.094,-5.099,-5.101,-5.097,-5.101,-5.101
,0.0,-0.2,-0.079,3.5231,7.0127,10.5041,14.0199,17.5355,3.4906,6.9811,10.4969,14.0125,3.4927,7.0075,10.5231,3.5159,7.0314,3.5156,0,0.0636,0.0636,OK,0.215,FORMATION_FOLLOW|FORMATION_FOLLOW|FORMATION_FOLLOW|FORMATION_FOLLOW|FORMATION_FOLLOW|FORMATION_FOLLOW,1,1,35.4,-6.022,-5.98,-6.052,-5.952,-5.974,-5.95,-25.228,-28.751,-32.241,-35.732,-39.248,-42.764,-5.093,-5.098,-5.1,-5.097,-5.1,-5.1
,0.0,-0.2,-0.079,3.5227,7.0125,10.5042,14.0205,17.5357,3.4907,6.9816,10.4979,14.0131,3.493,7.0083,10.5236,3.5165,7.0316,3.5152,0,0.0637,0.0637,OK,0.215,FORMATION_FOLLOW|FORMATION_FOLLOW|FORMATION_FOLLOW|FORMATION_FOLLOW|FORMATION_FOLLOW|FORMATION_FOLLOW,1,1,35.5,-5.991,-5.95,-6.022,-5.921,-5.944,-5.92,-25.229,-28.751,-32.241,-35.733,-39.249,-42.764,-5.092,-5.097,-5.099,-5.096,-5.099,-5.099
,0.0,-0.2,-0.079,3.5223,7.0123,10.5039,14.0212,17.5357,3.4909,6.9817,10.499,14.0135,3.493,7.0093,10.5238,3.5174,7.0318,3.5145,0,0.0638,0.0638,OK,0.215,FORMATION_FOLLOW|FORMATION_FOLLOW|FORMATION_FOLLOW|FORMATION_FOLLOW|FORMATION_FOLLOW|FORMATION_FOLLOW,1,1,35.6,-5.961,-5.92,-5.992,-5.891,-5.913,-5.89,-25.229,-28.751,-32.241,-35.732,-39.25,-42.764,-5.091,-5.096,-5.099,-5.095,-5.098,-5.098
,0.0,-0.2,-0.078,3.522,7.0123,10.5033,14.0219,17.5356,3.4912,6.9813,10.5001,14.0137,3.4923,7.0101,10.5237,3.5189,7.0324,3.5137,0,0.0639,0.0639,OK,0.215,FORMATION_FOLLOW|FORMATION_FOLLOW|FORMATION_FOLLOW|FORMATION_FOLLOW|FORMATION_FOLLOW|FORMATION_FOLLOW,1,1,35.7,-5.931,-5.89,-5.962,-5.861,-5.883,-5.86,-25.229,-28.751,-32.241,-35.732,-39.251,-42.764,-5.09,-5.095,-5.098,-5.095,-5.097,-5.097
,0.0,-0.2,-0.077,3.5218,7.0126,10.5024,14.0227,17.5356,3.4917,6.9807,10.501,14.0139,3.4911,7.0105,10.5234,3.5204,7.0332,3.5129,0,0.0639,0.0639,OK,0.214,FORMATION_FOLLOW|FORMATION_FOLLOW|FORMATION_FOLLOW|FORMATION_FOLLOW|FORMATION_FOLLOW|FORMATION_FOLLOW,1,1,35.8,-5.901,-5.86,-5.931,-5.831,-5.852,-5.83,-25.229,-28.751,-32.241,-35.731,-39.251,-42.764,-5.088,-5.094,-5.097,-5.095,-5.095,-5.096
,0.0,-0.2,-0.077,3.5216,7.013,10.5018,14.0233,17.5354,3.4923,6.9803,10.5018,14.014,3.4901,7.0107,10.5228,3.5217,7.0337,3.5122,0,0.0642,0.0642,OK,0.214,FORMATION_FOLLOW|FORMATION_FOLLOW|FORMATION_FOLLOW|FORMATION_FOLLOW|FORMATION_FOLLOW|FORMATION_FOLLOW,1,1,35.9,-5.87,-5.829,-5.901,-5.801,-5.822,-5.801,-25.229,-28.75,-32.242,-35.731,-39.252,-42.764,-5.087,-5.093,-5.096,-5.094,-5.094,-5.095
,0.0,-0.2,-0.076,3.5215,7.0134,10.5013,14.0234,17.5352,3.4928,6.9799,10.5021,14.0139,3.4893,7.0105,10.5223,3.5223,7.034,3.5118,0,0.0647,0.0647,OK,0.214,FORMATION_FOLLOW|FORMATION_FOLLOW|FORMATION_FOLLOW|FORMATION_FOLLOW|FORMATION_FOLLOW|FORMATION_FOLLOW,1,1,36.0,-5.84,-5.799,-5.872,-5.771,-5.791,-5.771,-25.229,-28.75,-32.243,-35.73,-39.253,-42.764,-5.086,-5.093,-5.095,-5.093,-5.093,-5.094
,0.0,-0.2,-0.075,3.5211,7.0137,10.5009,14.0235,17.5348,3.4936,6.9799,10.5026,14.0139,3.4885,7.0103,10.5216,3.5228,7.034,3.5113,0,0.065,0.065,OK,0.214,FORMATION_FOLLOW|FORMATION_FOLLOW|FORMATION_FOLLOW|FORMATION_FOLLOW|FORMATION_FOLLOW|FORMATION_FOLLOW,1,1,36.1,-5.81,-5.768,-5.842,-5.741,-5.76,-5.741,-25.229,-28.75,-32.243,-35.73,-39.253,-42.764,-5.085,-5.092,-5.094,-5.092,-5.091,-5.093
,0.0,-0.2,-0.074,3.5207,7.0144,10.5008,14.0239,17.5346,3.4947,6.9802,10.5034,14.0141,3.4877,7.01,10.5206,3.5233,7.0339,3.5107,0,0.0654,0.0654,OK,0.213,FORMATION_FOLLOW|FORMATION_FOLLOW|FORMATION_FOLLOW|FORMATION_FOLLOW|FORMATION_FOLLOW|FORMATION_FOLLOW,1,1,36.2,-5.78,-5.737,-5.812,-5.71,-5.729,-5.711,-25.229,-28.75,-32.244,-35.73,-39.253,-42.764,-5.083,-5.091,-5.093,-5.091,-5.09,-5.092
,0.0,-0.2,-0.073,3.5203,7.0149,10.5003,14.024,17.5345,3.4956,6.9801,10.5038,14.0143,3.4868,7.0096,10.52,3.5239,7.0343,3.5105,0,0.0662,0.0662,OK,0.213,FORMATION_FOLLOW|FORMATION_FOLLOW|FORMATION_FOLLOW|FORMATION_FOLLOW|FORMATION_FOLLOW|FORMATION_FOLLOW,1,1,36.3,-5.75,-5.706,-5.782,-5.68,-5.698,-5.682,-25.229,-28.749,-32.244,-35.729,-39.253,-42.764,-5.082,-5.091,-5.091,-5.09,-5.088,-5.091
,0.0,-0.2,-0.072,3.5204,7.0153,10.5,14.0243,17.5347,3.496,6.9798,10.5041,14.0145,3.4861,7.0095,10.5198,3.5244,7.0347,3.5104,0,0.067,0.067,OK,0.213,FORMATION_FOLLOW|FORMATION_FOLLOW|FORMATION_FOLLOW|FORMATION_FOLLOW|FORMATION_FOLLOW|FORMATION_FOLLOW,1,1,36.4,-5.719,-5.675,-5.753,-5.65,-5.667,-5.652,-25.229,-28.749,-32.244,-35.729,-39.253,-42.764,-5.082,-5.09,-5.09,-5.089,-5.087,-5.09
,0.0,-0.2,-0.071,3.5207,7.0155,10.5,14.0246,17.5353,3.4959,6.9794,10.5041,14.0148,3.4859,7.0097,10.5203,3.5249,7.0355,3.5107,0,0.068,0.068,OK,0.212,FORMATION_FOLLOW|FORMATION_FOLLOW|FORMATION_FOLLOW|FORMATION_FOLLOW|FORMATION_FOLLOW|FORMATION_FOLLOW,1,1,36.5,-5.689,-5.644,-5.724,-5.619,-5.636,-5.623,-25.229,-28.749,-32.244,-35.728,-39.253,-42.764,-5.081,-5.09,-5.089,-5.088,-5.085,-5.089
,0.0,-0.2,-0.07,3.5211,7.0154,10.4996,14.0247,17.5358,3.4954,6.9786,10.5038,14.0149,3.4857,7.0099,10.5209,3.5253,7.0363,3.5111,0,0.0687,0.0687,OK,0.212,FORMATION_FOLLOW|FORMATION_FOLLOW|FORMATION_FOLLOW|FORMATION_FOLLOW|FORMATION_FOLLOW|FORMATION_FOLLOW,1,1,36.6,-5.658,-5.614,-5.694,-5.588,-5.606,-5.593,-25.228,-28.749,-32.244,-35.728,-39.253,-42.764,-5.08,-5.09,-5.087,-5.087,-5.084,-5.088
,0.0,-0.2,-0.069,3.5214,7.015,10.499,14.0244,17.5358,3.4948,6.9777,10.5032,14.0146,3.4855,7.01,10.5212,3.5256,7.0369,3.5114,0,0.0689,0.0689,OK,0.212,FORMATION_FOLLOW|FORMATION_FOLLOW|FORMATION_FOLLOW|FORMATION_FOLLOW|FORMATION_FOLLOW|FORMATION_FOLLOW,1,1,36.7,-5.628,-5.583,-5.664,-5.556,-5.576,-5.563,-25.228,-28.749,-32.243,-35.727,-39.253,-42.764,-5.079,-5.089,-5.085,-5.086,-5.083,-5.087
,0.0,-0.2,-0.068,3.522,7.0147,10.4985,14.0245,17.536,3.4939,6.9767,10.5028,14.0143,3.4854,7.0104,10.5218,3.5262,7.0376,3.5115,0,0.069,0.069,OK,0.211,FORMATION_FOLLOW|FORMATION_FOLLOW|FORMATION_FOLLOW|FORMATION_FOLLOW|FORMATION_FOLLOW|FORMATION_FOLLOW,1,1,36.8,-5.598,-5.553,-5.634,-5.525,-5.546,-5.533,-25.228,-28.75,-32.243,-35.727,-39.253,-42.764,-5.078,-5.088,-5.083,-5.085,-5.082,-5.085
,0.0,-0.2,-0.066,3.5225,7.0147,10.4984,14.0251,17.5368,3.4934,6.976,10.5028,14.0146,3.4852,7.0109,10.5226,3.5269,7.0386,3.5118,0,0.0693,0.0693,OK,0.211,FORMATION_FOLLOW|FORMATION_FOLLOW|FORMATION_FOLLOW|FORMATION_FOLLOW|FORMATION_FOLLOW|FORMATION_FOLLOW,1,1,36.9,-5.568,-5.522,-5.604,-5.495,-5.516,-5.503,-25.228,-28.75,-32.242,-35.726,-39.253,-42.764,-5.076,-5.086,-5.081,-5.084,-5.081,-5.084
,0.0,-0.2,-0.065,3.523,7.0148,10.4984,14.0257,17.5377,3.4929,6.9754,10.5029,14.0149,3.4852,7.0115,10.5234,3.5276,7.0395,3.512,0,0.0696,0.0696,OK,0.21,FORMATION_FOLLOW|FORMATION_FOLLOW|FORMATION_FOLLOW|FORMATION_FOLLOW|FORMATION_FOLLOW|FORMATION_FOLLOW,1,1,37.0,-5.538,-5.492,-5.574,-5.464,-5.485,-5.473,-25.227,-28.75,-32.242,-35.725,-39.253,-42.765,-5.075,-5.085,-5.08,-5.084,-5.079,-5.083
,0.0,-0.2,-0.063,3.5228,7.0143,10.4976,14.0261,17.5378,3.4926,6.9749,10.5035,14.0152,3.4849,7.0124,10.524,3.5287,7.0404,3.5118,0,0.0697,0.0697,OK,0.21,FORMATION_FOLLOW|FORMATION_FOLLOW|FORMATION_FOLLOW|FORMATION_FOLLOW|FORMATION_FOLLOW|FORMATION_FOLLOW,1,1,37.1,-5.508,-5.463,-5.544,-5.434,-5.456,-5.443,-25.227,-28.749,-32.241,-35.724,-39.253,-42.765,-5.074,-5.084,-5.078,-5.083,-5.079,-5.082
,0.0,-0.2,-0.062,3.5223,7.0139,10.497,14.0261,17.5379,3.4927,6.9747,10.5039,14.0158,3.4846,7.0127,10.5244,3.5294,7.0411,3.5118,0,0.0696,0.0696,OK,0.209,FORMATION_FOLLOW|FORMATION_FOLLOW|FORMATION_FOLLOW|FORMATION_FOLLOW|FORMATION_FOLLOW|FORMATION_FOLLOW,1,1,37.2,-5.478,-5.433,-5.514,-5.403,-5.426,-5.413,-25.227,-28.749,-32.241,-35.724,-39.253,-42.765,-5.073,-5.083,-5.077,-5.082,-5.078,-5.081
,0.0,-0.2,-0.06,3.522,7.014,10.4963,14.0256,17.5379,3.493,6.9743,10.5037,14.0161,3.4839,7.0122,10.5244,3.5296,7.0418,3.5123,0,0.0696,0.0696,OK,0.209,FORMATION_FOLLOW|FORMATION_FOLLOW|FORMATION_FOLLOW|FORMATION_FOLLOW|FORMATION_FOLLOW|FORMATION_FOLLOW,1,1,37.3,-5.447,-5.405,-5.484,-5.373,-5.396,-5.383,-25.227,-28.749,-32.241,-35.723,-39.252,-42.765,-5.072,-5.082,-5.075,-5.081,-5.077,-5.08
,0.0,-0.2,-0.058,3.5218,7.0143,10.4959,14.0251,17.5381,3.4935,6.9741,10.5034,14.0165,3.4832,7.0113,10.5243,3.5295,7.0424,3.513,0,0.0694,0.0694,OK,0.208,FORMATION_FOLLOW|FORMATION_FOLLOW|FORMATION_FOLLOW|FORMATION_FOLLOW|FORMATION_FOLLOW|FORMATION_FOLLOW,1,1,37.4,-5.418,-5.376,-5.454,-5.343,-5.366,-5.353,-25.227,-28.748,-32.241,-35.722,-39.252,-42.765,-5.071,-5.081,-5.074,-5.08,-5.076,-5.078
,0.0,-0.2,-0.057,3.5212,7.0143,10.4953,14.0244,17.538,3.4941,6.9741,10.5033,14.0169,3.4826,7.0107,10.5241,3.5294,7.0429,3.5136,0,0.0691,0.0691,OK,0.208,FORMATION_FOLLOW|FORMATION_FOLLOW|FORMATION_FOLLOW|FORMATION_FOLLOW|FORMATION_FOLLOW|FORMATION_FOLLOW,1,1,37.5,-5.388,-5.347,-5.424,-5.312,-5.336,-5.324,-25.227,-28.748,-32.241,-35.722,-39.251,-42.765,-5.07,-5.08,-5.073,-5.078,-5.075,-5.076
,0.0,-0.2,-0.055,3.5205,7.0141,10.4946,14.0239,17.5375,3.4946,6.9741,10.5035,14.0171,3.4821,7.0103,10.5238,3.5296,7.0431,3.5136,0,0.0689,0.0689,OK,0.207,FORMATION_FOLLOW|FORMATION_FOLLOW|FORMATION_FOLLOW|FORMATION_FOLLOW|FORMATION_FOLLOW|FORMATION_FOLLOW,1,1,37.6,-5.358,-5.318,-5.394,-5.281,-5.306,-5.295,-25.228,-28.748,-32.242,-35.722,-39.251,-42.765,-5.069,-5.079,-5.071,-5.077,-5.074,-5.075
,0.0,-0.2,-0.053,3.5197,7.0138,10.4941,14.0234,17.537,3.4951,6.9745,10.5039,14.0175,3.482,7.0102,10.5237,3.5296,7.0431,3.5137,0,0.0687,0.0687,OK,0.207,FORMATION_FOLLOW|FORMATION_FOLLOW|FORMATION_FOLLOW|FORMATION_FOLLOW|FORMATION_FOLLOW|FORMATION_FOLLOW,1,1,37.7,-5.328,-5.289,-5.365,-5.251,-5.277,-5.266,-25.228,-28.747,-32.242,-35.722,-39.251,-42.765,-5.069,-5.077,-5.069,-5.076,-5.072,-5.073
,0.0,-0.2,-0.051,3.5196,7.0139,10.4939,14.0233,17.5371,3.4952,6.9744,10.5039,14.0177,3.4817,7.01,10.5237,3.5297,7.0434,3.5138,0,0.0686,0.0686,OK,0.206,FORMATION_FOLLOW|FORMATION_FOLLOW|FORMATION_FOLLOW|FORMATION_FOLLOW|FORMATION_FOLLOW|FORMATION_FOLLOW,1,1,37.8,-5.299,-5.26,-5.335,-5.221,-5.248,-5.236,-25.228,-28.747,-32.242,-35.722,-39.251,-42.765,-5.068,-5.076,-5.067,-5.074,-5.071,-5.071
,0.0,-0.2,-0.049,3.5201,7.0147,10.4939,14.0237,17.5372,3.4956,6.9738,10.5038,14.0172,3.4808,7.0095,10.5229,3.5302,7.0435,3.5134,0,0.0686,0.0686,OK,0.206,FORMATION_FOLLOW|FORMATION_FOLLOW|FORMATION_FOLLOW|FORMATION_FOLLOW|FORMATION_FOLLOW|FORMATION_FOLLOW,1,1,37.9,-5.269,-5.23,-5.305,-5.191,-5.218,-5.207,-25.228,-28.747,-32.242,-35.721,-39.251,-42.765,-5.067,-5.075,-5.066,-5.073,-5.07,-5.069
,0.0,-0.2,-0.047,3.5208,7.0156,10.4941,14.0242,17.5372,3.4958,6.9734,10.5036,14.0166,3.4802,7.0091,10.5221,3.5304,7.0433,3.513,0,0.0686,0.0686,OK,0.205,FORMATION_FOLLOW|FORMATION_FOLLOW|FORMATION_FOLLOW|FORMATION_FOLLOW|FORMATION_FOLLOW|FORMATION_FOLLOW,1,1,38.0,-5.24,-5.201,-5.276,-5.161,-5.189,-5.177,-25.227,-28.747,-32.242,-35.721,-39.251,-42.764,-5.066,-5.074,-5.064,-5.071,-5.069,-5.067
,0.0,-0.2,-0.045,3.5216,7.0165,10.4944,14.0246,17.5374,3.4958,6.9729,10.5032,14.016,3.4797,7.0087,10.5213,3.5305,7.0432,3.5128,0,0.0683,0.0683,OK,0.205,FORMATION_FOLLOW|FORMATION_FOLLOW|FORMATION_FOLLOW|FORMATION_FOLLOW|FORMATION_FOLLOW|FORMATION_FOLLOW,1,1,38.1,-5.211,-5.171,-5.246,-5.131,-5.159,-5.147,-25.226,-28.748,-32.243,-35.72,-39.251,-42.763,-5.065,-5.072,-5.063,-5.07,-5.067,-5.065
,0.0,-0.2,-0.043,3.5228,7.017,10.4948,14.025,17.5375,3.4952,6.972,10.5024,14.0149,3.4794,7.0085,10.5209,3.5306,7.0429,3.5125,0,0.0679,0.0679,OK,0.205,FORMATION_FOLLOW|FORMATION_FOLLOW|FORMATION_FOLLOW|FORMATION_FOLLOW|FORMATION_FOLLOW|FORMATION_FOLLOW,1,1,38.2,-5.181,-5.141,-5.215,-5.101,-5.129,-5.117,-25.226,-28.748,-32.242,-35.72,-39.25,-42.763,-5.064,-5.071,-5.062,-5.068,-5.065,-5.063
,0.0,-0.2,-0.041,3.524,7.0174,10.495,14.0259,17.5375,3.4944,6.9711,10.5021,14.0137,3.4793,7.009,10.5205,3.5312,7.0427,3.5116,0,0.0677,0.0677,OK,0.204,FORMATION_FOLLOW|FORMATION_FOLLOW|FORMATION_FOLLOW|FORMATION_FOLLOW|FORMATION_FOLLOW|FORMATION_FOLLOW,1,1,38.3,-5.152,-5.112,-5.186,-5.072,-5.1,-5.087,-25.225,-28.749,-32.242,-35.72,-39.251,-42.762,-5.063,-5.069,-5.062,-5.067,-5.064,-5.061
,0.0,-0.2,-0.039,3.5249,7.0176,10.495,14.0266,17.5369,3.4936,6.9701,10.5018,14.0121,3.479,7.0095,10.5197,3.5319,7.0421,3.5104,0,0.0676,0.0676,OK,0.204,FORMATION_FOLLOW|FORMATION_FOLLOW|FORMATION_FOLLOW|FORMATION_FOLLOW|FORMATION_FOLLOW|FORMATION_FOLLOW,1,1,38.4,-5.122,-5.082,-5.156,-5.042,-5.07,-5.057,-25.225,-28.749,-32.242,-35.719,-39.251,-42.761,-5.061,-5.068,-5.061,-5.065,-5.062,-5.059
,0.0,-0.2,-0.036,3.526,7.0179,10.4951,14.027,17.5363,3.4929,6.9692,10.5012,14.0105,3.4788,7.0096,10.5188,3.5322,7.0414,3.5093,0,0.0671,0.0671,OK,0.203,FORMATION_FOLLOW|FORMATION_FOLLOW|FORMATION_FOLLOW|FORMATION_FOLLOW|FORMATION_FOLLOW|FORMATION_FOLLOW,1,1,38.5,-5.093,-5.052,-5.125,-5.013,-5.041,-5.026,-25.224,-28.75,-32.242,-35.719,-39.251,-42.761,-5.06,-5.066,-5.059,-5.063,-5.061,-5.057
,0.0,-0.2,-0.034,3.5267,7.0178,10.4947,14.0269,17.5353,3.492,6.9681,10.5003,14.0087,3.4784,7.0095,10.5179,3.5325,7.0408,3.5084,0,0.0662,0.0662,OK,0.203,FORMATION_FOLLOW|FORMATION_FOLLOW|FORMATION_FOLLOW|FORMATION_FOLLOW|FORMATION_FOLLOW|FORMATION_FOLLOW,1,1,38.6,-5.063,-5.023,-5.095,-4.983,-5.011,-4.996,-25.224,-28.751,-32.242,-35.719,-39.251,-42.76,-5.058,-5.064,-5.058,-5.06,-5.059,-5.055
,0.0,-0.2,-0.032,3.5271,7.0175,10.494,14.0264,17.5339,3.4913,6.9669,10.4994,14.0069,3.478,7.0094,10.5167,3.5327,7.0401,3.5075,0,0.0654,0.0654,OK,0.203,FORMATION_FOLLOW|FORMATION_FOLLOW|FORMATION_FOLLOW|FORMATION_FOLLOW|FORMATION_FOLLOW|FORMATION_FOLLOW,1,1,38.7,-5.034,-4.994,-5.064,-4.954,-4.981,-4.966,-25.225,-28.752,-32.242,-35.719,-39.251,-42.759,-5.057,-5.063,-5.057,-5.058,-5.057,-5.054
,0.0,-0.2,-0.029,3.5278,7.0175,10.4935,14.0263,17.5326,3.4906,6.9658,10.4987,14.005,3.4775,7.0093,10.5155,3.5331,7.0393,3.5063,0,0.065,0.065,OK,0.202,FORMATION_FOLLOW|FORMATION_FOLLOW|FORMATION_FOLLOW|FORMATION_FOLLOW|FORMATION_FOLLOW|FORMATION_FOLLOW,1,1,38.8,-5.004,-4.965,-5.034,-4.926,-4.951,-4.936,-25.225,-28.752,-32.242,-35.718,-39.251,-42.757,-5.055,-5.061,-5.056,-5.056,-5.055,-5.052
,0.0,-0.2,-0.027,3.5288,7.0177,10.4937,14.0265,17.5321,3.4897,6.9649,10.4978,14.0033,3.4774,7.0093,10.5148,3.5331,7.0385,3.5055,0,0.0648,0.0648,OK,0.202,FORMATION_FOLLOW|FORMATION_FOLLOW|FORMATION_FOLLOW|FORMATION_FOLLOW|FORMATION_FOLLOW|FORMATION_FOLLOW,1,1,38.9,-4.974,-4.935,-5.004,-4.897,-4.921,-4.906,-25.225,-28.753,-32.242,-35.718,-39.251,-42.757,-5.053,-5.059,-5.054,-5.053,-5.053,-5.051
,0.0,-0.2,-0.025,3.53,7.0182,10.494,14.0269,17.5321,3.4891,6.964,10.497,14.0022,3.4771,7.0091,10.5142,3.5331,7.0382,3.5052,0,0.0649,0.0649,OK,0.202,FORMATION_FOLLOW|FORMATION_FOLLOW|FORMATION_FOLLOW|FORMATION_FOLLOW|FORMATION_FOLLOW|FORMATION_FOLLOW,1,1,39.0,-4.944,-4.905,-4.974,-4.868,-4.89,-4.875,-25.224,-28.754,-32.242,-35.718,-39.251,-42.756,-5.052,-5.057,-5.053,-5.051,-5.051,-5.049
,0.0,-0.2,-0.022,3.5308,7.0188,10.4938,14.0266,17.5319,3.4888,6.963,10.4959,14.0012,3.4764,7.0083,10.5135,3.533,7.0382,3.5053,0,0.0653,0.0653,OK,0.201,FORMATION_FOLLOW|FORMATION_FOLLOW|FORMATION_FOLLOW|FORMATION_FOLLOW|FORMATION_FOLLOW|FORMATION_FOLLOW,1,1,39.1,-4.914,-4.875,-4.945,-4.839,-4.86,-4.845,-25.223,-28.754,-32.242,-35.717,-39.25,-42.755,-5.05,-5.056,-5.052,-5.05,-5.049,-5.048
,0.0,-0.2,-0.02,3.5318,7.02,10.494,14.0263,17.5324,3.489,6.9622,10.4946,14.0007,3.4754,7.0068,10.5128,3.5326,7.0385,3.5061,0,0.0658,0.0658,OK,0.201,FORMATION_FOLLOW|FORMATION_FOLLOW|FORMATION_FOLLOW|FORMATION_FOLLOW|FORMATION_FOLLOW|FORMATION_FOLLOW,1,1,39.2,-4.883,-4.845,-4.915,-4.81,-4.83,-4.815,-25.223,-28.754,-32.243,-35.716,-39.249,-42.755,-5.048,-5.054,-5.051,-5.048,-5.047,-5.046
,0.0,-0.2,-0.017,3.5329,7.0209,10.494,14.0259,17.5329,3.4889,6.9612,10.4932,14.0002,3.4745,7.0055,10.5125,3.5321,7.0391,3.507,0,0.0662,0.0662,OK,0.201,FORMATION_FOLLOW|FORMATION_FOLLOW|FORMATION_FOLLOW|FORMATION_FOLLOW|FORMATION_FOLLOW|FORMATION_FOLLOW,1,1,39.3,-4.853,-4.815,-4.886,-4.78,-4.8,-4.784,-25.222,-28.755,-32.243,-35.716,-39.248,-42.755,-5.047,-5.052,-5.05,-5.046,-5.046,-5.045
,0.0,-0.2,-0.015,3.5337,7.0217,10.494,14.0258,17.5332,3.4889,6.9603,10.4923,13.9996,3.4737,7.0046,10.5119,3.5321,7.0393,3.5073,0,0.0665,0.0665,OK,0.201,FORMATION_FOLLOW|FORMATION_FOLLOW|FORMATION_FOLLOW|FORMATION_FOLLOW|FORMATION_FOLLOW|FORMATION_FOLLOW,1,1,39.4,-4.823,-4.785,-4.856,-4.751,-4.77,-4.753,-25.222,-28.755,-32.243,-35.716,-39.248,-42.755,-5.045,-5.05,-5.049,-5.045,-5.044,-5.043
,0.0,-0.2,-0.013,3.5342,7.0225,10.4944,14.0261,17.533,3.4892,6.9602,10.492,13.9989,3.4733,7.0041,10.511,3.5319,7.0388,3.5069,0,0.0664,0.0664,OK,0.2,FORMATION_FOLLOW|FORMATION_FOLLOW|FORMATION_FOLLOW|FORMATION_FOLLOW|FORMATION_FOLLOW|FORMATION_FOLLOW,1,1,39.5,-4.793,-4.754,-4.826,-4.721,-4.74,-4.722,-25.222,-28.756,-32.244,-35.716,-39.248,-42.754,-5.044,-5.048,-5.047,-5.043,-5.043,-5.042
,0.0,-0.2,-0.01,3.5349,7.0234,10.4949,14.0268,17.5328,3.4893,6.9601,10.492,13.998,3.4729,7.0039,10.5099,3.5321,7.038,3.506,0,0.0663,0.0663,OK,0.2,FORMATION_FOLLOW|FORMATION_FOLLOW|FORMATION_FOLLOW|FORMATION_FOLLOW|FORMATION_FOLLOW|FORMATION_FOLLOW,1,1,39.6,-4.763,-4.724,-4.795,-4.692,-4.711,-4.692,-25.221,-28.756,-32.244,-35.716,-39.248,-42.754,-5.042,-5.046,-5.046,-5.042,-5.042,-5.04
,0.0,-0.2,-0.008,3.5359,7.0246,10.4954,14.0278,17.533,3.4896,6.9596,10.492,13.9972,3.4722,7.0037,10.5089,3.5326,7.0377,3.5052,0,0.0663,0.0663,OK,0.2,FORMATION_FOLLOW|FORMATION_FOLLOW|FORMATION_FOLLOW|FORMATION_FOLLOW|FORMATION_FOLLOW|FORMATION_FOLLOW,1,1,39.7,-4.733,-4.694,-4.765,-4.662,-4.681,-4.661,-25.22,-28.756,-32.245,-35.716,-39.248,-42.753,-5.041,-5.044,-5.045,-5.041,-5.041,-5.039
,0.0,-0.2,-0.005,3.5367,7.0258,10.4958,14.0287,17.5336,3.49,6.9592,10.4922,13.9971,3.4714,7.0034,10.5083,3.5331,7.0379,3.5049,0,0.0662,0.0662,OK,0.2,FORMATION_FOLLOW|FORMATION_FOLLOW|FORMATION_FOLLOW|FORMATION_FOLLOW|FORMATION_FOLLOW|FORMATION_FOLLOW,1,1,39.8,-4.703,-4.663,-4.735,-4.633,-4.653,-4.631,-25.22,-28.756,-32.245,-35.715,-39.248,-42.753,-5.04,-5.042,-5.044,-5.039,-5.04,-5.037
,0.0,-0.2,-0.003,3.5373,7.0271,10.4965,14.0295,17.5348,3.4907,6.9592,10.4923,13.9976,3.4707,7.0028,10.5081,3.5332,7.0384,3.5053,0,0.066,0.066,OK,0.2,FORMATION_FOLLOW|FORMATION_FOLLOW|FORMATION_FOLLOW|FORMATION_FOLLOW|FORMATION_FOLLOW|FORMATION_FOLLOW,1,1,39.9,-4.673,-4.633,-4.706,-4.603,-4.624,-4.6,-25.219,-28.756,-32.246,-35.715,-39.248,-42.753,-5.039,-5.04,-5.043,-5.038,-5.039,-5.036
,0.0,-0.2,-0.0,3.5376,7.0286,10.4974,14.0305,17.5362,3.4919,6.9599,10.4931,13.9987,3.4701,7.0024,10.508,3.5334,7.0389,3.5057,0,0.066,0.066,OK,0.2,FORMATION_FOLLOW|FORMATION_FOLLOW|FORMATION_FOLLOW|FORMATION_FOLLOW|FORMATION_FOLLOW|FORMATION_FOLLOW,1,1,40.0,-4.644,-4.603,-4.676,-4.573,-4.596,-4.57,-25.218,-28.755,-32.247,-35.715,-39.248,-42.754,-5.038,-5.038,-5.042,-5.037,-5.039,-5.035
,0.0,-0.2,0.003,3.5375,7.0299,10.4984,14.0314,17.5373,3.4933,6.961,10.4941,13.9999,3.4699,7.002,10.5079,3.5332,7.0389,3.5059,0,0.0661,0.0661,OK,0.2,FORMATION_FOLLOW|FORMATION_FOLLOW|FORMATION_FOLLOW|FORMATION_FOLLOW|FORMATION_FOLLOW|FORMATION_FOLLOW,1,1,40.1,-4.614,-4.573,-4.646,-4.543,-4.567,-4.539,-25.217,-28.754,-32.247,-35.715,-39.249,-42.754,-5.037,-5.036,-5.041,-5.036,-5.038,-5.034
,0.0,-0.2,0.005,3.537,7.0308,10.4994,14.0315,17.538,3.4946,6.9624,10.4946,14.0011,3.47,7.0012,10.5077,3.5324,7.0387,3.5065,0,0.0657,0.0657,OK,0.2,FORMATION_FOLLOW|FORMATION_FOLLOW|FORMATION_FOLLOW|FORMATION_FOLLOW|FORMATION_FOLLOW|FORMATION_FOLLOW,1,1,40.2,-4.584,-4.543,-4.615,-4.513,-4.538,-4.508,-25.217,-28.754,-32.247,-35.716,-39.248,-42.755,-5.037,-5.035,-5.04,-5.034,-5.037,-5.033
,0.0,-0.2,0.008,3.536,7.0316,10.5002,14.0314,17.5384,3.4964,6.9642,10.4955,14.0024,3.4699,7.0002,10.5072,3.5314,7.0383,3.507,0,0.0654,0.0654,OK,0.2,FORMATION_FOLLOW|FORMATION_FOLLOW|FORMATION_FOLLOW|FORMATION_FOLLOW|FORMATION_FOLLOW|FORMATION_FOLLOW,1,1,40.3,-4.554,-4.513,-4.585,-4.483,-4.508,-4.478,-25.217,-28.752,-32.248,-35.717,-39.248,-42.755,-5.036,-5.034,-5.039,-5.033,-5.036,-5.031
,0.0,-0.2,0.01,3.5355,7.033,10.501,14.0313,17.5391,3.4984,6.9656,10.496,14.0038,3.4694,6.9988,10.5066,3.5306,7.0382,3.5079,0,0.0651,0.0651,OK,0.2,FORMATION_FOLLOW|FORMATION_FOLLOW|FORMATION_FOLLOW|FORMATION_FOLLOW|FORMATION_FOLLOW|FORMATION_FOLLOW,1,1,40.4,-4.524,-4.483,-4.554,-4.453,-4.478,-4.447,-25.216,-28.752,-32.249,-35.717,-39.248,-42.755,-5.035,-5.032,-5.037,-5.032,-5.034,-5.03
,0.0,-0.2,0.013,3.5354,7.0346,10.5019,14.0315,17.5401,3.5002,6.9666,10.4963,14.0049,3.4686,6.9973,10.5059,3.5298,7.0382,3.5086,0,0.0649,0.0649,OK,0.2,FORMATION_FOLLOW|FORMATION_FOLLOW|FORMATION_FOLLOW|FORMATION_FOLLOW|FORMATION_FOLLOW|FORMATION_FOLLOW,1,1,40.5,-4.495,-4.453,-4.524,-4.423,-4.448,-4.417,-25.216,-28.751,-32.25,-35.717,-39.247,-42.756,-5.035,-5.031,-5.036,-5.031,-5.033,-5.029
,0.0,-0.2,0.015,3.5349,7.0359,10.5027,14.0318,17.5406,3.5019,6.9679,10.4971,14.0058,3.4681,6.9963,10.5051,3.5293,7.0379,3.5088,0,0.0645,0.0645,OK,0.201,FORMATION_FOLLOW|FORMATION_FOLLOW|FORMATION_FOLLOW|FORMATION_FOLLOW|FORMATION_FOLLOW|FORMATION_FOLLOW,1,1,40.6,-4.465,-4.424,-4.493,-4.394,-4.418,-4.386,-25.216,-28.75,-32.251,-35.718,-39.247,-42.756,-5.034,-5.03,-5.035,-5.03,-5.032,-5.028
,0.0,-0.2,0.017,3.5343,7.0368,10.5032,14.0325,17.5413,3.5034,6.9689,10.4983,14.007,3.4676,6.996,10.5048,3.5295,7.0381,3.5088,0,0.0641,0.0641,OK,0.201,FORMATION_FOLLOW|FORMATION_FOLLOW|FORMATION_FOLLOW|FORMATION_FOLLOW|FORMATION_FOLLOW|FORMATION_FOLLOW,1,1,40.7,-4.436,-4.394,-4.463,-4.363,-4.388,-4.355,-25.215,-28.749,-32.252,-35.718,-39.248,-42.756,-5.033,-5.028,-5.034,-5.029,-5.031,-5.026
,0.0,-0.2,0.02,3.5345,7.0379,10.504,14.0341,17.5425,3.5043,6.9696,10.4998,14.0082,3.4673,6.9966,10.505,3.5304,7.0386,3.5084,0,0.0637,0.0637,OK,0.201,FORMATION_FOLLOW|FORMATION_FOLLOW|FORMATION_FOLLOW|FORMATION_FOLLOW|FORMATION_FOLLOW|FORMATION_FOLLOW,1,1,40.8,-4.407,-4.365,-4.432,-4.333,-4.358,-4.324,-25.215,-28.749,-32.253,-35.718,-39.249,-42.757,-5.033,-5.027,-5.033,-5.028,-5.03,-5.025
,0.0,-0.2,0.022,3.5349,7.039,10.505,14.036,17.5436,3.505,6.9702,10.5013,14.0089,3.4672,6.9973,10.505,3.5312,7.0387,3.5077,0,0.0635,0.0635,OK,0.201,FORMATION_FOLLOW|FORMATION_FOLLOW|FORMATION_FOLLOW|FORMATION_FOLLOW|FORMATION_FOLLOW|FORMATION_FOLLOW,1,1,40.9,-4.378,-4.335,-4.402,-4.303,-4.328,-4.293,-25.214,-28.749,-32.253,-35.719,-39.25,-42.757,-5.032,-5.026,-5.032,-5.028,-5.029,-5.024
,0.0,-0.2,0.025,3.5346,7.0395,10.5056,14.0367,17.5439,3.5058,6.9711,10.5024,14.0095,3.4673,6.9976,10.5048,3.5314,7.0384,3.5073,0,0.0632,0.0632,OK,0.202,FORMATION_FOLLOW|FORMATION_FOLLOW|FORMATION_FOLLOW|FORMATION_FOLLOW|FORMATION_FOLLOW|FORMATION_FOLLOW,1,1,41.0,-4.349,-4.305,-4.371,-4.272,-4.298,-4.262,-25.214,-28.748,-32.253,-35.719,-39.25,-42.758,-5.031,-5.025,-5.031,-5.027,-5.028,-5.024
,0.0,-0.2,0.027,3.5338,7.0397,10.5056,14.0363,17.5435,3.5068,6.9719,10.5027,14.0098,3.467,6.9969,10.5042,3.531,7.038,3.5073,0,0.0629,0.0629,OK,0.202,FORMATION_FOLLOW|FORMATION_FOLLOW|FORMATION_FOLLOW|FORMATION_FOLLOW|FORMATION_FOLLOW|FORMATION_FOLLOW,1,1,41.1,-4.32,-4.275,-4.341,-4.243,-4.268,-4.231,-25.214,-28.748,-32.254,-35.72,-39.251,-42.758,-5.03,-5.024,-5.03,-5.026,-5.027,-5.023
,0.0,-0.2,0.029,3.5333,7.0397,10.5053,14.0357,17.543,3.5073,6.9721,10.5027,14.0099,3.4667,6.9963,10.5037,3.5307,7.0378,3.5074,0,0.0626,0.0626,OK,0.202,FORMATION_FOLLOW|FORMATION_FOLLOW|FORMATION_FOLLOW|FORMATION_FOLLOW|FORMATION_FOLLOW|FORMATION_FOLLOW,1,1,41.2,-4.291,-4.246,-4.311,-4.213,-4.238,-4.2,-25.215,-28.748,-32.254,-35.72,-39.25,-42.758,-5.029,-5.023,-5.029,-5.026,-5.026,-5.022
,0.0,-0.2,0.032,3.533,7.0396,10.5051,14.0349,17.5425,3.5075,6.9722,10.5021,14.0097,3.4666,6.9956,10.5033,3.5301,7.0375,3.5077,0,0.0623,0.0623,OK,0.203,FORMATION_FOLLOW|FORMATION_FOLLOW|FORMATION_FOLLOW|FORMATION_FOLLOW|FORMATION_FOLLOW|FORMATION_FOLLOW,1,1,41.3,-4.262,-4.216,-4.28,-4.182,-4.207,-4.17,-25.215,-28.748,-32.255,-35.72,-39.25,-42.758,-5.028,-5.023,-5.028,-5.025,-5.026,-5.022
,0.0,-0.2,0.034,3.533,7.0393,10.5052,14.0341,17.5419,3.5072,6.9723,10.5014,14.0091,3.467,6.9951,10.5029,3.5292,7.0368,3.5078,0,0.062,0.062,OK,0.203,FORMATION_FOLLOW|FORMATION_FOLLOW|FORMATION_FOLLOW|FORMATION_FOLLOW|FORMATION_FOLLOW|FORMATION_FOLLOW,1,1,41.4,-4.233,-4.186,-4.25,-4.152,-4.177,-4.139,-25.216,-28.748,-32.255,-35.721,-39.25,-42.757,-5.027,-5.022,-5.028,-5.024,-5.025,-5.022
,0.0,-0.2,0.036,3.5331,7.039,10.5054,14.0333,17.5412,3.5068,6.9723,10.5004,14.0082,3.4674,6.9946,10.5025,3.5283,7.0359,3.5079,0,0.0617,0.0617,OK,0.203,FORMATION_FOLLOW|FORMATION_FOLLOW|FORMATION_FOLLOW|FORMATION_FOLLOW|FORMATION_FOLLOW|FORMATION_FOLLOW,1,1,41.5,-4.204,-4.156,-4.219,-4.121,-4.146,-4.109,-25.216,-28.749,-32.255,-35.721,-39.249,-42.757,-5.027,-5.021,-5.027,-5.023,-5.025,-5.021
,0.0,-0.2,0.039,3.5333,7.0389,10.5057,14.0329,17.5407,3.5064,6.9725,10.4998,14.0075,3.4679,6.9943,10.5022,3.5274,7.0351,3.5079,0,0.0616,0.0616,OK,0.204,FORMATION_FOLLOW|FORMATION_FOLLOW|FORMATION_FOLLOW|FORMATION_FOLLOW|FORMATION_FOLLOW|FORMATION_FOLLOW,1,1,41.6,-4.175,-4.127,-4.189,-4.091,-4.115,-4.079,-25.217,-28.75,-32.255,-35.722,-39.249,-42.757,-5.026,-5.021,-5.026,-5.022,-5.025,-5.021
,0.0,-0.2,0.041,3.5334,7.0385,10.5064,14.0326,17.54,3.506,6.973,10.4993,14.0067,3.469,6.9943,10.5018,3.5265,7.0337,3.5075,0,0.0617,0.0617,OK,0.204,FORMATION_FOLLOW|FORMATION_FOLLOW|FORMATION_FOLLOW|FORMATION_FOLLOW|FORMATION_FOLLOW|FORMATION_FOLLOW,1,1,41.7,-4.146,-4.097,-4.159,-4.061,-4.084,-4.049,-25.217,-28.75,-32.255,-35.723,-39.249,-42.756,-5.025,-5.02,-5.026,-5.022,-5.024,-5.021
,0.0,-0.2,0.043,3.5341,7.0383,10.5072,14.0326,17.5395,3.5051,6.9733,10.4987,14.0056,3.47,6.9945,10.5015,3.5256,7.0323,3.507,0,0.0621,0.0621,OK,0.205,FORMATION_FOLLOW|FORMATION_FOLLOW|FORMATION_FOLLOW|FORMATION_FOLLOW|FORMATION_FOLLOW|FORMATION_FOLLOW,1,1,41.8,-4.116,-4.067,-4.13,-4.03,-4.053,-4.019,-25.217,-28.75,-32.255,-35.723,-39.249,-42.756,-5.024,-5.02,-5.025,-5.021,-5.023,-5.02
,0.0,-0.2,0.045,3.5346,7.0384,10.5077,14.0328,17.5389,3.5047,6.9732,10.4984,14.0045,3.4704,6.9946,10.5008,3.5253,7.0313,3.5062,0,0.0626,0.0626,OK,0.205,FORMATION_FOLLOW|FORMATION_FOLLOW|FORMATION_FOLLOW|FORMATION_FOLLOW|FORMATION_FOLLOW|FORMATION_FOLLOW,1,1,41.9,-4.086,-4.037,-4.1,-3.999,-4.022,-3.989,-25.216,-28.751,-32.255,-35.724,-39.249,-42.755,-5.024,-5.019,-5.025,-5.021,-5.022,-5.02
,0.0,-0.2,0.047,3.5352,7.0389,10.5082,14.0333,17.5384,3.5046,6.9731,10.4984,14.0034,3.4705,6.9947,10.4999,3.5254,7.0303,3.5052,0,0.0628,0.0628,OK,0.205,FORMATION_FOLLOW|FORMATION_FOLLOW|FORMATION_FOLLOW|FORMATION_FOLLOW|FORMATION_FOLLOW|FORMATION_FOLLOW,1,1,42.0,-4.057,-4.007,-4.07,-3.968,-3.992,-3.959,-25.216,-28.751,-32.255,-35.724,-39.249,-42.754,-5.022,-5.018,-5.024,-5.02,-5.022,-5.02
,0.0,-0.2,0.049,3.5362,7.0393,10.5085,14.0338,17.5379,3.504,6.9724,10.4978,14.0019,3.4704,6.9948,10.4989,3.5256,7.0295,3.5041,0,0.0631,0.0631,OK,0.206,FORMATION_FOLLOW|FORMATION_FOLLOW|FORMATION_FOLLOW|FORMATION_FOLLOW|FORMATION_FOLLOW|FORMATION_FOLLOW,1,1,42.1,-4.027,-3.977,-4.04,-3.936,-3.962,-3.929,-25.216,-28.751,-32.255,-35.724,-39.249,-42.753,-5.021,-5.018,-5.023,-5.02,-5.021,-5.02
,0.0,-0.2,0.051,3.5371,7.0396,10.5083,14.0344,17.5372,3.5034,6.9713,10.4975,14.0003,3.4699,6.9951,10.4979,3.5265,7.029,3.5028,0,0.0635,0.0635,OK,0.206,FORMATION_FOLLOW|FORMATION_FOLLOW|FORMATION_FOLLOW|FORMATION_FOLLOW|FORMATION_FOLLOW|FORMATION_FOLLOW,1,1,42.2,-3.998,-3.947,-4.01,-3.904,-3.931,-3.898,-25.216,-28.752,-32.255,-35.723,-39.25,-42.752,-5.02,-5.017,-5.023,-5.019,-5.02,-5.019
,0.0,-0.2,0.053,3.538,7.0399,10.5079,14.0345,17.5363,3.5028,6.97,10.4967,13.9984,3.4693,6.995,10.4967,3.527,7.0285,3.5018,0,0.064,0.064,OK,0.207,FORMATION_FOLLOW|FORMATION_FOLLOW|FORMATION_FOLLOW|FORMATION_FOLLOW|FORMATION_FOLLOW|FORMATION_FOLLOW,1,1,42.3,-3.968,-3.916,-3.98,-3.873,-3.901,-3.868,-25.216,-28.753,-32.255,-35.723,-39.25,-42.752,-5.019,-5.016,-5.022,-5.018,-5.02,-5.018
,0.0,-0.2,0.055,3.539,7.0403,10.5075,14.0342,17.5356,3.5023,6.9686,10.4955,13.9967,3.4684,6.9942,10.4956,3.5272,7.0282,3.5013,0,0.0643,0.0643,OK,0.207,FORMATION_FOLLOW|FORMATION_FOLLOW|FORMATION_FOLLOW|FORMATION_FOLLOW|FORMATION_FOLLOW|FORMATION_FOLLOW,1,1,42.4,-3.938,-3.885,-3.95,-3.842,-3.87,-3.837,-25.216,-28.754,-32.256,-35.723,-39.25,-42.751,-5.018,-5.015,-5.022,-5.017,-5.02,-5.018
,0.0,-0.2,0.057,3.5395,7.0407,10.5068,14.0338,17.5352,3.5022,6.9674,10.4945,13.9959,3.4674,6.9934,10.4948,3.5274,7.0286,3.5014,0,0.0646,0.0646,OK,0.208,FORMATION_FOLLOW|FORMATION_FOLLOW|FORMATION_FOLLOW|FORMATION_FOLLOW|FORMATION_FOLLOW|FORMATION_FOLLOW,1,1,42.5,-3.908,-3.854,-3.919,-3.811,-3.839,-3.807,-25.216,-28.755,-32.257,-35.722,-39.25,-42.751,-5.018,-5.015,-5.021,-5.017,-5.019,-5.018
,0.0,-0.2,0.058,3.5399,7.0408,10.5064,14.0333,17.5349,3.5019,6.9666,10.4936,13.9952,3.4668,6.9928,10.4944,3.5273,7.0287,3.5016,0,0.0648,0.0648,OK,0.208,FORMATION_FOLLOW|FORMATION_FOLLOW|FORMATION_FOLLOW|FORMATION_FOLLOW|FORMATION_FOLLOW|FORMATION_FOLLOW,1,1,42.6,-3.878,-3.824,-3.889,-3.78,-3.808,-3.776,-25.216,-28.756,-32.257,-35.722,-39.249,-42.751,-5.017,-5.015,-5.021,-5.016,-5.019,-5.017
,0.0,-0.2,0.06,3.5403,7.0412,10.506,14.0331,17.5348,3.5019,6.9657,10.493,13.9947,3.466,6.9922,10.4939,3.5275,7.029,3.5018,0,0.065,0.065,OK,0.209,FORMATION_FOLLOW|FORMATION_FOLLOW|FORMATION_FOLLOW|FORMATION_FOLLOW|FORMATION_FOLLOW|FORMATION_FOLLOW,1,1,42.7,-3.848,-3.793,-3.858,-3.75,-3.777,-3.746,-25.217,-28.756,-32.258,-35.722,-39.249,-42.751,-5.017,-5.015,-5.02,-5.015,-5.018,-5.017
,0.0,-0.2,0.062,3.5408,7.0419,10.5062,14.0328,17.5353,3.5021,6.9655,10.4923,13.9947,3.4656,6.9913,10.4937,3.527,7.0292,3.5025,0,0.0649,0.0649,OK,0.209,FORMATION_FOLLOW|FORMATION_FOLLOW|FORMATION_FOLLOW|FORMATION_FOLLOW|FORMATION_FOLLOW|FORMATION_FOLLOW,1,1,42.8,-3.818,-3.763,-3.828,-3.719,-3.746,-3.716,-25.217,-28.757,-32.259,-35.723,-39.249,-42.752,-5.016,-5.015,-5.02,-5.013,-5.018,-5.016
,0.0,-0.2,0.063,3.5413,7.0423,10.5073,14.0326,17.536,3.502,6.966,10.4915,13.9949,3.4662,6.9906,10.494,3.5257,7.0289,3.5034,0,0.0644,0.0644,OK,0.21,FORMATION_FOLLOW|FORMATION_FOLLOW|FORMATION_FOLLOW|FORMATION_FOLLOW|FORMATION_FOLLOW|FORMATION_FOLLOW,1,1,42.9,-3.787,-3.732,-3.796,-3.689,-3.715,-3.685,-25.217,-28.758,-32.259,-35.724,-39.249,-42.752,-5.015,-5.015,-5.02,-5.012,-5.017,-5.015
,0.0,-0.2,0.065,3.5415,7.0421,10.5084,14.0326,17.5365,3.5016,6.967,10.4913,13.9952,3.4675,6.9908,10.4947,3.5246,7.0283,3.5039,0,0.064,0.064,OK,0.21,FORMATION_FOLLOW|FORMATION_FOLLOW|FORMATION_FOLLOW|FORMATION_FOLLOW|FORMATION_FOLLOW|FORMATION_FOLLOW,1,1,43.0,-3.757,-3.702,-3.766,-3.659,-3.684,-3.655,-25.217,-28.758,-32.259,-35.725,-39.249,-42.753,-5.015,-5.015,-5.02,-5.011,-5.017,-5.015
,0.0,-0.2,0.066,3.5414,7.0417,10.5093,14.0325,17.5367,3.5014,6.968,10.4914,13.9955,3.4688,6.9911,10.4952,3.5236,7.0275,3.5041,0,0.0639,0.0639,OK,0.211,FORMATION_FOLLOW|FORMATION_FOLLOW|FORMATION_FOLLOW|FORMATION_FOLLOW|FORMATION_FOLLOW|FORMATION_FOLLOW,1,1,43.1,-3.728,-3.672,-3.735,-3.628,-3.653,-3.624,-25.217,-28.758,-32.259,-35.726,-39.249,-42.753,-5.014,-5.016,-5.021,-5.01,-5.016,-5.014
,0.0,-0.2,0.068,3.5412,7.0414,10.5102,14.0321,17.5365,3.5013,6.9691,10.4911,13.9955,3.47,6.991,10.4954,3.5222,7.0265,3.5044,0,0.0641,0.0641,OK,0.211,FORMATION_FOLLOW|FORMATION_FOLLOW|FORMATION_FOLLOW|FORMATION_FOLLOW|FORMATION_FOLLOW|FORMATION_FOLLOW,1,1,43.2,-3.698,-3.642,-3.705,-3.598,-3.622,-3.593,-25.217,-28.758,-32.258,-35.727,-39.249,-42.753,-5.014,-5.016,-5.021,-5.01,-5.016,-5.014
,0.0,-0.2,0.069,3.5408,7.041,10.5109,14.0314,17.5358,3.5013,6.9702,10.4909,13.9953,3.471,6.9907,10.4951,3.5209,7.0251,3.5044,0,0.0645,0.0645,OK,0.212,FORMATION_FOLLOW|FORMATION_FOLLOW|FORMATION_FOLLOW|FORMATION_FOLLOW|FORMATION_FOLLOW|FORMATION_FOLLOW,1,1,43.3,-3.668,-3.612,-3.675,-3.567,-3.591,-3.563,-25.217,-28.758,-32.258,-35.728,-39.249,-42.753,-5.014,-5.016,-5.021,-5.01,-5.016,-5.013
,0.0,-0.2,0.07,3.5401,7.0403,10.5108,14.0304,17.5344,3.5013,6.9708,10.4907,13.9946,3.4717,6.9905,10.4944,3.52,7.0238,3.5039,0,0.0651,0.0651,OK,0.212,FORMATION_FOLLOW|FORMATION_FOLLOW|FORMATION_FOLLOW|FORMATION_FOLLOW|FORMATION_FOLLOW|FORMATION_FOLLOW,1,1,43.4,-3.638,-3.581,-3.645,-3.537,-3.56,-3.533,-25.218,-28.758,-32.259,-35.729,-39.249,-42.753,-5.014,-5.016,-5.022,-5.009,-5.015,-5.012
,0.0,-0.2,0.071,3.5392,7.0394,10.5105,14.0298,17.5331,3.5013,6.9715,10.4909,13.9942,3.4724,6.9907,10.4941,3.5196,7.0228,3.5033,0,0.0657,0.0657,OK,0.212,FORMATION_FOLLOW|FORMATION_FOLLOW|FORMATION_FOLLOW|FORMATION_FOLLOW|FORMATION_FOLLOW|FORMATION_FOLLOW,1,1,43.5,-3.608,-3.55,-3.616,-3.506,-3.529,-3.502,-25.219,-28.758,-32.259,-35.729,-39.249,-42.752,-5.014,-5.017,-5.022,-5.009,-5.015,-5.012
,0.0,-0.2,0.072,3.5385,7.0386,10.5102,14.0294,17.5327,3.5011,6.9718,10.4911,13.9944,3.4729,6.9912,10.4945,3.5196,7.0227,3.5033,0,0.0659,0.0659,OK,0.213,FORMATION_FOLLOW|FORMATION_FOLLOW|FORMATION_FOLLOW|FORMATION_FOLLOW|FORMATION_FOLLOW|FORMATION_FOLLOW,1,1,43.6,-3.578,-3.519,-3.586,-3.476,-3.498,-3.472,-25.22,-28.758,-32.259,-35.73,-39.249,-42.753,-5.014,-5.017,-5.022,-5.009,-5.014,-5.012
,0.0,-0.2,0.073,3.538,7.0378,10.5098,14.0293,17.5327,3.501,6.972,10.4917,13.995,3.4733,6.9919,10.4952,3.5199,7.0231,3.5034,0,0.0659,0.0659,OK,0.213,FORMATION_FOLLOW|FORMATION_FOLLOW|FORMATION_FOLLOW|FORMATION_FOLLOW|FORMATION_FOLLOW|FORMATION_FOLLOW,1,1,43.7,-3.548,-3.488,-3.555,-3.447,-3.468,-3.442,-25.221,-28.758,-32.259,-35.73,-39.25,-42.753,-5.014,-5.018,-5.022,-5.009,-5.014,-5.012
,0.0,-0.2,0.074,3.5372,7.0372,10.5093,14.0295,17.5327,3.5012,6.9723,10.4926,13.9957,3.4733,6.9926,10.4958,3.5205,7.0235,3.5032,0,0.0657,0.0657,OK,0.213,FORMATION_FOLLOW|FORMATION_FOLLOW|FORMATION_FOLLOW|FORMATION_FOLLOW|FORMATION_FOLLOW|FORMATION_FOLLOW,1,1,43.8,-3.518,-3.457,-3.525,-3.417,-3.438,-3.412,-25.221,-28.758,-32.259,-35.73,-39.251,-42.754,-5.014,-5.019,-5.022,-5.009,-5.014,-5.012
,0.0,-0.2,0.075,3.5366,7.037,10.5087,14.03,17.5325,3.5016,6.9722,10.4937,13.9962,3.4729,6.9934,10.4958,3.5217,7.024,3.5025,0,0.0654,0.0654,OK,0.214,FORMATION_FOLLOW|FORMATION_FOLLOW|FORMATION_FOLLOW|FORMATION_FOLLOW|FORMATION_FOLLOW|FORMATION_FOLLOW,1,1,43.9,-3.488,-3.426,-3.495,-3.387,-3.408,-3.383,-25.222,-28.758,-32.259,-35.73,-39.252,-42.754,-5.014,-5.02,-5.022,-5.009,-5.013,-5.012
,0.0,-0.2,0.076,3.536,7.0368,10.5081,14.0302,17.5323,3.502,6.9723,10.4946,13.9967,3.4725,6.9938,10.4958,3.5225,7.0244,3.5021,0,0.0648,0.0648,OK,0.214,FORMATION_FOLLOW|FORMATION_FOLLOW|FORMATION_FOLLOW|FORMATION_FOLLOW|FORMATION_FOLLOW|FORMATION_FOLLOW,1,1,44.0,-3.458,-3.395,-3.464,-3.357,-3.379,-3.353,-25.222,-28.758,-32.259,-35.73,-39.252,-42.754,-5.015,-5.02,-5.023,-5.009,-5.013,-5.012
,0.0,-0.2,0.077,3.5349,7.0364,10.5074,14.03,17.532,3.5027,6.9727,10.4955,13.9974,3.4722,6.994,10.4959,3.523,7.0248,3.502,0,0.0641,0.0641,OK,0.214,FORMATION_FOLLOW|FORMATION_FOLLOW|FORMATION_FOLLOW|FORMATION_FOLLOW|FORMATION_FOLLOW|FORMATION_FOLLOW,1,1,44.1,-3.428,-3.366,-3.433,-3.327,-3.349,-3.323,-25.223,-28.758,-32.26,-35.73,-39.253,-42.755,-5.015,-5.021,-5.023,-5.009,-5.013,-5.012
,0.0,-0.2,0.077,3.534,7.036,10.5069,14.03,17.5319,3.5032,6.9731,10.4964,13.9982,3.472,6.9943,10.4961,3.5234,7.0251,3.5019,0,0.0633,0.0633,OK,0.214,FORMATION_FOLLOW|FORMATION_FOLLOW|FORMATION_FOLLOW|FORMATION_FOLLOW|FORMATION_FOLLOW|FORMATION_FOLLOW,1,1,44.2,-3.397,-3.336,-3.402,-3.297,-3.32,-3.293,-25.224,-28.757,-32.26,-35.73,-39.254,-42.755,-5.015,-5.022,-5.024,-5.009,-5.012,-5.012
,0.0,-0.2,0.078,3.5338,7.0358,10.507,14.0298,17.5318,3.5031,6.9734,10.4964,13.9983,3.4723,6.9943,10.4963,3.5232,7.025,3.502,0,0.0627,0.0627,OK,0.215,FORMATION_FOLLOW|FORMATION_FOLLOW|FORMATION_FOLLOW|FORMATION_FOLLOW|FORMATION_FOLLOW|FORMATION_FOLLOW,1,1,44.3,-3.367,-3.307,-3.372,-3.267,-3.291,-3.264,-25.224,-28.758,-32.26,-35.731,-39.254,-42.756,-5.016,-5.022,-5.025,-5.009,-5.011,-5.013
,0.0,-0.2,0.079,3.5333,7.0358,10.5069,14.0295,17.5315,3.5036,6.9738,10.4965,13.9985,3.4723,6.9939,10.496,3.5229,7.0247,3.502,0,0.0623,0.0623,OK,0.215,FORMATION_FOLLOW|FORMATION_FOLLOW|FORMATION_FOLLOW|FORMATION_FOLLOW|FORMATION_FOLLOW|FORMATION_FOLLOW,1,1,44.4,-3.336,-3.277,-3.341,-3.236,-3.261,-3.234,-25.225,-28.758,-32.261,-35.732,-39.254,-42.756,-5.016,-5.022,-5.026,-5.01,-5.011,-5.013
,0.0,-0.2,0.079,3.5325,7.0357,10.5064,14.0293,17.5311,3.5042,6.974,10.4971,13.9988,3.4718,6.9939,10.4956,3.5234,7.0249,3.5018,0,0.062,0.062,OK,0.215,FORMATION_FOLLOW|FORMATION_FOLLOW|FORMATION_FOLLOW|FORMATION_FOLLOW|FORMATION_FOLLOW|FORMATION_FOLLOW,1,1,44.5,-3.306,-3.247,-3.311,-3.205,-3.232,-3.205,-25.226,-28.758,-32.262,-35.732,-39.255,-42.757,-5.017,-5.022,-5.027,-5.01,-5.011,-5.013
,0.0,-0.2,0.079,3.5315,7.0354,10.5056,14.0295,17.5309,3.505,6.9743,10.4983,13.9997,3.4714,6.9944,10.4957,3.5243,7.0255,3.5014,0,0.0616,0.0616,OK,0.215,FORMATION_FOLLOW|FORMATION_FOLLOW|FORMATION_FOLLOW|FORMATION_FOLLOW|FORMATION_FOLLOW|FORMATION_FOLLOW,1,1,44.6,-3.276,-3.218,-3.28,-3.175,-3.202,-3.175,-25.227,-28.758,-32.262,-35.732,-39.256,-42.757,-5.018,-5.023,-5.027,-5.01,-5.011,-5.013
,0.0,-0.2,0.08,3.5303,7.0353,10.5048,14.0297,17.531,3.506,6.9747,10.4997,14.001,3.4707,6.9947,10.496,3.5253,7.0264,3.5013,0,0.061,0.061,OK,0.215,FORMATION_FOLLOW|FORMATION_FOLLOW|FORMATION_FOLLOW|FORMATION_FOLLOW|FORMATION_FOLLOW|FORMATION_FOLLOW,1,1,44.7,-3.246,-3.188,-3.249,-3.144,-3.172,-3.145,-25.228,-28.757,-32.263,-35.732,-39.257,-42.758,-5.018,-5.023,-5.028,-5.012,-5.011,-5.014
,0.0,-0.2,0.08,3.5293,7.0353,10.5044,14.0302,17.5315,3.507,6.9752,10.5012,14.0025,3.4702,6.9951,10.4964,3.5263,7.0274,3.5013,0,0.0608,0.0608,OK,0.215,FORMATION_FOLLOW|FORMATION_FOLLOW|FORMATION_FOLLOW|FORMATION_FOLLOW|FORMATION_FOLLOW|FORMATION_FOLLOW,1,1,44.8,-3.215,-3.159,-3.219,-3.114,-3.142,-3.116,-25.228,-28.757,-32.263,-35.732,-39.258,-42.759,-5.019,-5.023,-5.029,-5.013,-5.011,-5.014
,0.0,-0.2,0.08,3.5283,7.0357,10.5039,14.031,17.532,3.5083,6.9758,10.503,14.004,3.4694,6.9956,10.4966,3.5275,7.0283,3.501,0,0.0607,0.0607,OK,0.215,FORMATION_FOLLOW|FORMATION_FOLLOW|FORMATION_FOLLOW|FORMATION_FOLLOW|FORMATION_FOLLOW|FORMATION_FOLLOW,1,1,44.9,-3.185,-3.13,-3.189,-3.083,-3.112,-3.086,-25.228,-28.756,-32.264,-35.732,-39.259,-42.76,-5.02,-5.024,-5.029,-5.013,-5.012,-5.014
,0.0,-0.2,0.08,3.527,7.036,10.5033,14.0316,17.5323,3.5099,6.9764,10.5049,14.0055,3.4685,6.9959,10.4966,3.5288,7.0292,3.5007,0,0.0606,0.0606,OK,0.215,FORMATION_FOLLOW|FORMATION_FOLLOW|FORMATION_FOLLOW|FORMATION_FOLLOW|FORMATION_FOLLOW|FORMATION_FOLLOW,1,1,45.0,-3.154,-3.101,-3.159,-3.053,-3.082,-3.056,-25.228,-28.755,-32.264,-35.731,-39.26,-42.76,-5.021,-5.025,-5.029,-5.014,-5.012,-5.014
,0.0,-0.2,0.08,3.5252,7.0355,10.5024,14.0315,17.5322,3.5111,6.9773,10.5065,14.0072,3.4681,6.9962,10.497,3.5295,7.0301,3.5008,0,0.0603,0.0603,OK,0.215,FORMATION_FOLLOW|FORMATION_FOLLOW|FORMATION_FOLLOW|FORMATION_FOLLOW|FORMATION_FOLLOW|FORMATION_FOLLOW,1,1,45.1,-3.123,-3.071,-3.128,-3.022,-3.052,-3.026,-25.229,-28.754,-32.265,-35.731,-39.26,-42.761,-5.022,-5.026,-5.03,-5.015,-5.013,-5.015
,0.0,-0.2,0.08,3.5237,7.0341,10.5017,14.0312,17.5326,3.5113,6.9781,10.5078,14.0091,3.4687,6.9974,10.4987,3.53,7.0311,3.5014,0,0.0597,0.0597,OK,0.215,FORMATION_FOLLOW|FORMATION_FOLLOW|FORMATION_FOLLOW|FORMATION_FOLLOW|FORMATION_FOLLOW|FORMATION_FOLLOW,1,1,45.2,-3.092,-3.041,-3.098,-2.992,-3.023,-2.997,-25.23,-28.753,-32.264,-35.731,-39.261,-42.762,-5.023,-5.028,-5.03,-5.016,-5.014,-5.015
,0.0,-0.2,0.08,3.5228,7.0326,10.5013,14.0309,17.5335,3.5106,6.9786,10.5083,14.0108,3.4699,6.9986,10.5011,3.5301,7.0324,3.5025,0,0.0591,0.0591,OK,0.215,FORMATION_FOLLOW|FORMATION_FOLLOW|FORMATION_FOLLOW|FORMATION_FOLLOW|FORMATION_FOLLOW|FORMATION_FOLLOW,1,1,45.3,-3.061,-3.01,-3.067,-2.961,-2.993,-2.967,-25.23,-28.753,-32.263,-35.731,-39.261,-42.763,-5.024,-5.028,-5.03,-5.016,-5.015,-5.016
,0.0,-0.2,0.079,3.5224,7.031,10.5014,14.0305,17.5344,3.5094,6.9791,10.5084,14.0122,3.4716,6.9998,10.5036,3.5296,7.0332,3.5038,0,0.0589,0.0589,OK,0.215,FORMATION_FOLLOW|FORMATION_FOLLOW|FORMATION_FOLLOW|FORMATION_FOLLOW|FORMATION_FOLLOW|FORMATION_FOLLOW,1,1,45.4,-3.03,-2.98,-3.037,-2.931,-2.964,-2.937,-25.23,-28.752,-32.261,-35.731,-39.261,-42.764,-5.024,-5.029,-5.03,-5.017,-5.016,-5.016
,0.0,-0.2,0.079,3.5224,7.0295,10.5016,14.0302,17.5351,3.5078,6.9792,10.508,14.0128,3.4733,7.001,10.5059,3.5291,7.0337,3.5049,0,0.0589,0.0589,OK,0.215,FORMATION_FOLLOW|FORMATION_FOLLOW|FORMATION_FOLLOW|FORMATION_FOLLOW|FORMATION_FOLLOW|FORMATION_FOLLOW,1,1,45.5,-2.999,-2.95,-3.007,-2.9,-2.934,-2.907,-25.23,-28.753,-32.26,-35.732,-39.261,-42.765,-5.025,-5.03,-5.03,-5.019,-5.017,-5.017
,0.0,-0.2,0.079,3.5225,7.0281,10.5016,14.0299,17.5354,3.5064,6.9792,10.5076,14.0131,3.4747,7.002,10.5076,3.5288,7.0341,3.5056,0,0.0589,0.0589,OK,0.215,FORMATION_FOLLOW|FORMATION_FOLLOW|FORMATION_FOLLOW|FORMATION_FOLLOW|FORMATION_FOLLOW|FORMATION_FOLLOW,1,1,45.6,-2.967,-2.92,-2.977,-2.87,-2.904,-2.877,-25.231,-28.753,-32.259,-35.732,-39.26,-42.766,-5.026,-5.031,-5.03,-5.02,-5.019,-5.018
,0.0,-0.2,0.078,3.5224,7.0266,10.5012,14.0291,17.5353,3.505,6.9788,10.5069,14.013,3.4758,7.0028,10.5089,3.5284,7.0343,3.5062,0,0.0587,0.0587,OK,0.215,FORMATION_FOLLOW|FORMATION_FOLLOW|FORMATION_FOLLOW|FORMATION_FOLLOW|FORMATION_FOLLOW|FORMATION_FOLLOW,1,1,45.7,-2.936,-2.891,-2.947,-2.84,-2.875,-2.846,-25.231,-28.753,-32.258,-35.732,-39.26,-42.766,-5.027,-5.033,-5.03,-5.021,-5.02,-5.019
,0.0,-0.2,0.077,3.5222,7.0249,10.5005,14.0282,17.5348,3.5035,6.9784,10.5062,14.0127,3.4768,7.0035,10.5101,3.5282,7.0344,3.5066,0,0.0588,0.0588,OK,0.214,FORMATION_FOLLOW|FORMATION_FOLLOW|FORMATION_FOLLOW|FORMATION_FOLLOW|FORMATION_FOLLOW|FORMATION_FOLLOW,1,1,45.8,-2.905,-2.86,-2.917,-2.81,-2.845,-2.816,-25.232,-28.754,-32.257,-35.732,-39.26,-42.766,-5.028,-5.034,-5.03,-5.022,-5.022,-5.021
,0.0,-0.2,0.077,3.5215,7.0233,10.4997,14.0273,17.5342,3.5025,6.9782,10.506,14.0128,3.4777,7.0043,10.5112,3.5281,7.0347,3.5069,0,0.0589,0.0589,OK,0.214,FORMATION_FOLLOW|FORMATION_FOLLOW|FORMATION_FOLLOW|FORMATION_FOLLOW|FORMATION_FOLLOW|FORMATION_FOLLOW,1,1,45.9,-2.875,-2.83,-2.888,-2.78,-2.816,-2.785,-25.233,-28.754,-32.256,-35.732,-39.26,-42.767,-5.029,-5.035,-5.03,-5.023,-5.023,-5.023
,0.0,-0.2,0.076,3.5205,7.0218,10.4991,14.0265,17.5336,3.502,6.9786,10.5061,14.0132,3.4786,7.0049,10.5121,3.5279,7.0347,3.5072,0,0.0591,0.0591,OK,0.214,FORMATION_FOLLOW|FORMATION_FOLLOW|FORMATION_FOLLOW|FORMATION_FOLLOW|FORMATION_FOLLOW|FORMATION_FOLLOW,1,1,46.0,-2.845,-2.8,-2.858,-2.75,-2.787,-2.754,-25.233,-28.754,-32.255,-35.732,-39.26,-42.767,-5.03,-5.036,-5.03,-5.024,-5.025,-5.024
,0.0,-0.2,0.075,3.5196,7.0202,10.4987,14.0256,17.5334,3.5013,6.9792,10.5062,14.014,3.4798,7.0057,10.5136,3.5274,7.0349,3.5078,0,0.0593,0.0593,OK,0.214,FORMATION_FOLLOW|FORMATION_FOLLOW|FORMATION_FOLLOW|FORMATION_FOLLOW|FORMATION_FOLLOW|FORMATION_FOLLOW,1,1,46.1,-2.814,-2.77,-2.828,-2.721,-2.758,-2.723,-25.234,-28.753,-32.254,-35.732,-39.26,-42.767,-5.031,-5.037,-5.03,-5.024,-5.026,-5.025
,0.0,-0.2,0.074,3.5185,7.0185,10.4982,14.0251,17.5334,3.5007,6.9797,10.5067,14.015,3.481,7.0068,10.5152,3.5274,7.0354,3.5084,0,0.0592,0.0592,OK,0.213,FORMATION_FOLLOW|FORMATION_FOLLOW|FORMATION_FOLLOW|FORMATION_FOLLOW|FORMATION_FOLLOW|FORMATION_FOLLOW,1,1,46.2,-2.784,-2.74,-2.798,-2.691,-2.729,-2.693,-25.235,-28.753,-32.253,-35.732,-39.259,-42.768,-5.032,-5.038,-5.03,-5.025,-5.028,-5.027
,0.0,-0.2,0.073,3.5175,7.0169,10.4977,14.0247,17.5334,3.5001,6.9802,10.5074,14.016,3.4821,7.0081,10.5169,3.5275,7.0359,3.5088,0,0.0588,0.0588,OK,0.213,FORMATION_FOLLOW|FORMATION_FOLLOW|FORMATION_FOLLOW|FORMATION_FOLLOW|FORMATION_FOLLOW|FORMATION_FOLLOW,1,1,46.3,-2.754,-2.71,-2.768,-2.661,-2.7,-2.662,-25.235,-28.752,-32.252,-35.732,-39.26,-42.768,-5.033,-5.039,-5.03,-5.026,-5.029,-5.028
,0.0,-0.2,0.072,3.5165,7.0151,10.4974,14.0248,17.5333,3.4993,6.9809,10.5084,14.0169,3.4835,7.0099,10.5185,3.5279,7.036,3.5086,0,0.0583,0.0583,OK,0.213,FORMATION_FOLLOW|FORMATION_FOLLOW|FORMATION_FOLLOW|FORMATION_FOLLOW|FORMATION_FOLLOW|FORMATION_FOLLOW,1,1,46.4,-2.724,-2.68,-2.738,-2.632,-2.672,-2.632,-25.235,-28.752,-32.251,-35.733,-39.26,-42.769,-5.034,-5.04,-5.03,-5.027,-5.03,-5.029
,0.0,-0.2,0.071,3.5153,7.0135,10.4971,14.025,17.5331,3.4989,6.9819,10.5098,14.0179,3.4849,7.0117,10.5199,3.5284,7.0361,3.5082,0,0.0576,0.0576,OK,0.212,FORMATION_FOLLOW|FORMATION_FOLLOW|FORMATION_FOLLOW|FORMATION_FOLLOW|FORMATION_FOLLOW|FORMATION_FOLLOW,1,1,46.5,-2.693,-2.651,-2.707,-2.602,-2.642,-2.602,-25.236,-28.751,-32.249,-35.733,-39.261,-42.769,-5.036,-5.041,-5.031,-5.029,-5.032,-5.03
,0.0,-0.2,0.07,3.5136,7.0119,10.4964,14.0248,17.5319,3.499,6.9828,10.5113,14.0184,3.4857,7.0131,10.5203,3.5289,7.0357,3.5073,0,0.0567,0.0567,OK,0.212,FORMATION_FOLLOW|FORMATION_FOLLOW|FORMATION_FOLLOW|FORMATION_FOLLOW|FORMATION_FOLLOW|FORMATION_FOLLOW,1,1,46.6,-2.662,-2.621,-2.676,-2.572,-2.613,-2.572,-25.237,-28.75,-32.248,-35.733,-39.261,-42.768,-5.037,-5.042,-5.032,-5.03,-5.033,-5.031
,0.0,-0.2,0.069,3.512,7.0109,10.4955,14.0244,17.5303,3.4996,6.9835,10.5126,14.0184,3.4857,7.0137,10.5197,3.5295,7.0349,3.506,0,0.0558,0.0558,OK,0.212,FORMATION_FOLLOW|FORMATION_FOLLOW|FORMATION_FOLLOW|FORMATION_FOLLOW|FORMATION_FOLLOW|FORMATION_FOLLOW,1,1,46.7,-2.632,-2.591,-2.645,-2.542,-2.584,-2.541,-25.237,-28.749,-32.248,-35.733,-39.262,-42.767,-5.039,-5.043,-5.033,-5.032,-5.035,-5.032
,0.0,-0.2,0.068,3.5105,7.0108,10.4946,14.024,17.5289,3.5009,6.9842,10.5136,14.0185,3.485,7.0134,10.5184,3.5299,7.0344,3.505,0,0.0552,0.0552,OK,0.211,FORMATION_FOLLOW|FORMATION_FOLLOW|FORMATION_FOLLOW|FORMATION_FOLLOW|FORMATION_FOLLOW|FORMATION_FOLLOW,1,1,46.8,-2.601,-2.562,-2.614,-2.512,-2.555,-2.511,-25.238,-28.748,-32.249,-35.732,-39.262,-42.767,-5.041,-5.044,-5.034,-5.033,-5.037,-5.033
,0.0,-0.2,0.066,3.5088,7.0108,10.494,14.0231,17.5279,3.5025,6.9851,10.5144,14.0191,3.4843,7.0125,10.5174,3.5297,7.0341,3.505,0,0.0547,0.0547,OK,0.211,FORMATION_FOLLOW|FORMATION_FOLLOW|FORMATION_FOLLOW|FORMATION_FOLLOW|FORMATION_FOLLOW|FORMATION_FOLLOW,1,1,46.9,-2.571,-2.532,-2.584,-2.482,-2.526,-2.48,-25.239,-28.747,-32.249,-35.732,-39.262,-42.766,-5.042,-5.044,-5.035,-5.035,-5.039,-5.034
,0.0,-0.2,0.065,3.5075,7.0109,10.4934,14.0221,17.527,3.5039,6.9859,10.5147,14.0195,3.4836,7.0114,10.5163,3.5293,7.0337,3.505,0,0.054,0.054,OK,0.21,FORMATION_FOLLOW|FORMATION_FOLLOW|FORMATION_FOLLOW|FORMATION_FOLLOW|FORMATION_FOLLOW|FORMATION_FOLLOW,1,1,47.0,-2.54,-2.502,-2.553,-2.453,-2.496,-2.45,-25.239,-28.746,-32.25,-35.732,-39.261,-42.766,-5.044,-5.045,-5.036,-5.036,-5.041,-5.035
,0.0,-0.2,0.063,3.5067,7.0112,10.4932,14.0213,17.5261,3.505,6.9865,10.5147,14.0195,3.4831,7.0103,10.5153,3.5286,7.0331,3.505,0,0.0532,0.0532,OK,0.21,FORMATION_FOLLOW|FORMATION_FOLLOW|FORMATION_FOLLOW|FORMATION_FOLLOW|FORMATION_FOLLOW|FORMATION_FOLLOW,1,1,47.1,-2.51,-2.473,-2.522,-2.423,-2.466,-2.42,-25.239,-28.746,-32.251,-35.732,-39.261,-42.765,-5.046,-5.046,-5.037,-5.038,-5.043,-5.036
,0.0,-0.2,0.062,3.5059,7.0111,10.4931,14.0206,17.5253,3.5057,6.9872,10.5148,14.0195,3.4831,7.0097,10.5145,3.528,7.0323,3.5049,0,0.0526,0.0526,OK,0.209,FORMATION_FOLLOW|FORMATION_FOLLOW|FORMATION_FOLLOW|FORMATION_FOLLOW|FORMATION_FOLLOW|FORMATION_FOLLOW,1,1,47.2,-2.48,-2.443,-2.492,-2.394,-2.436,-2.39,-25.24,-28.745,-32.251,-35.732,-39.26,-42.765,-5.047,-5.047,-5.038,-5.039,-5.045,-5.037
,0.0,-0.2,0.06,3.5054,7.0111,10.4934,14.0205,17.525,3.5062,6.9881,10.5152,14.0197,3.4833,7.0096,10.5142,3.5276,7.0317,3.5047,0,0.0523,0.0523,OK,0.209,FORMATION_FOLLOW|FORMATION_FOLLOW|FORMATION_FOLLOW|FORMATION_FOLLOW|FORMATION_FOLLOW|FORMATION_FOLLOW,1,1,47.3,-2.45,-2.413,-2.461,-2.365,-2.407,-2.36,-25.239,-28.745,-32.25,-35.733,-39.26,-42.764,-5.049,-5.048,-5.04,-5.04,-5.046,-5.038
,0.0,-0.2,0.058,3.5049,7.0115,10.4942,14.0207,17.5246,3.5071,6.9893,10.516,14.0198,3.4837,7.0094,10.5134,3.5271,7.0305,3.504,0,0.0524,0.0524,OK,0.208,FORMATION_FOLLOW|FORMATION_FOLLOW|FORMATION_FOLLOW|FORMATION_FOLLOW|FORMATION_FOLLOW|FORMATION_FOLLOW,1,1,47.4,-2.42,-2.383,-2.431,-2.336,-2.377,-2.329,-25.239,-28.744,-32.251,-35.733,-39.26,-42.764,-5.051,-5.049,-5.042,-5.042,-5.047,-5.04
,0.0,-0.2,0.057,3.5044,7.0117,10.4945,14.0208,17.5239,3.5078,6.9902,10.5165,14.0196,3.4838,7.0093,10.5125,3.5268,7.0295,3.5033,0,0.0523,0.0523,OK,0.208,FORMATION_FOLLOW|FORMATION_FOLLOW|FORMATION_FOLLOW|FORMATION_FOLLOW|FORMATION_FOLLOW|FORMATION_FOLLOW,1,1,47.5,-2.39,-2.354,-2.4,-2.307,-2.347,-2.3,-25.239,-28.744,-32.251,-35.734,-39.26,-42.763,-5.053,-5.05,-5.043,-5.044,-5.049,-5.041
,0.0,-0.2,0.055,3.5037,7.0117,10.494,14.0202,17.5233,3.5085,6.9903,10.5166,14.0197,3.4832,7.0087,10.5119,3.5267,7.0294,3.5033,0,0.0518,0.0518,OK,0.207,FORMATION_FOLLOW|FORMATION_FOLLOW|FORMATION_FOLLOW|FORMATION_FOLLOW|FORMATION_FOLLOW|FORMATION_FOLLOW,1,1,47.6,-2.359,-2.324,-2.37,-2.278,-2.317,-2.27,-25.24,-28.743,-32.252,-35.734,-39.26,-42.763,-5.054,-5.051,-5.045,-5.045,-5.05,-5.042
,0.0,-0.2,0.053,3.5029,7.0115,10.4933,14.0194,17.5226,3.509,6.9904,10.5166,14.0197,3.4827,7.0081,10.5114,3.5266,7.0294,3.5033,0,0.0512,0.0512,OK,0.207,FORMATION_FOLLOW|FORMATION_FOLLOW|FORMATION_FOLLOW|FORMATION_FOLLOW|FORMATION_FOLLOW|FORMATION_FOLLOW,1,1,47.7,-2.328,-2.295,-2.341,-2.248,-2.287,-2.241,-25.241,-28.743,-32.252,-35.734,-39.26,-42.763,-5.056,-5.053,-5.047,-5.047,-5.052,-5.043
,0.0,-0.2,0.051,3.5019,7.0113,10.4928,14.0183,17.5223,3.5099,6.9909,10.5166,14.0204,3.4824,7.0072,10.5112,3.526,7.0296,3.5041,0,0.0509,0.0509,OK,0.206,FORMATION_FOLLOW|FORMATION_FOLLOW|FORMATION_FOLLOW|FORMATION_FOLLOW|FORMATION_FOLLOW|FORMATION_FOLLOW,1,1,47.8,-2.298,-2.265,-2.311,-2.219,-2.256,-2.212,-25.241,-28.743,-32.253,-35.734,-39.26,-42.763,-5.058,-5.054,-5.049,-5.048,-5.053,-5.045
,0.0,-0.2,0.049,3.5012,7.0113,10.4926,14.0175,17.5222,3.5105,6.9915,10.5164,14.0211,3.4823,7.0064,10.5112,3.5253,7.0297,3.5048,0,0.0512,0.0512,OK,0.206,FORMATION_FOLLOW|FORMATION_FOLLOW|FORMATION_FOLLOW|FORMATION_FOLLOW|FORMATION_FOLLOW|FORMATION_FOLLOW,1,1,47.9,-2.267,-2.236,-2.281,-2.189,-2.225,-2.182,-25.242,-28.743,-32.253,-35.734,-39.259,-42.764,-5.059,-5.055,-5.05,-5.049,-5.054,-5.047
,0.0,-0.2,0.047,3.5007,7.0115,10.4931,14.0172,17.5224,3.5112,6.9923,10.5166,14.0217,3.4825,7.0059,10.5112,3.5246,7.0295,3.5053,0,0.0514,0.0514,OK,0.205,FORMATION_FOLLOW|FORMATION_FOLLOW|FORMATION_FOLLOW|FORMATION_FOLLOW|FORMATION_FOLLOW|FORMATION_FOLLOW,1,1,48.0,-2.237,-2.206,-2.251,-2.159,-2.194,-2.153,-25.242,-28.743,-32.253,-35.735,-39.259,-42.764,-5.061,-5.057,-5.052,-5.051,-5.055,-5.049
,0.0,-0.2,0.045,3.5006,7.0118,10.4938,14.0174,17.5231,3.5116,6.9932,10.5168,14.0225,3.4829,7.0057,10.5115,3.5239,7.0294,3.5058,0,0.0516,0.0516,OK,0.205,FORMATION_FOLLOW|FORMATION_FOLLOW|FORMATION_FOLLOW|FORMATION_FOLLOW|FORMATION_FOLLOW|FORMATION_FOLLOW,1,1,48.1,-2.207,-2.177,-2.222,-2.13,-2.164,-2.123,-25.242,-28.742,-32.254,-35.735,-39.259,-42.765,-5.062,-5.058,-5.053,-5.052,-5.056,-5.05
,0.0,-0.2,0.043,3.5004,7.0124,10.4946,14.0174,17.5237,3.5123,6.9941,10.5171,14.0233,3.4831,7.0053,10.5116,3.5232,7.0292,3.5064,0,0.0516,0.0516,OK,0.205,FORMATION_FOLLOW|FORMATION_FOLLOW|FORMATION_FOLLOW|FORMATION_FOLLOW|FORMATION_FOLLOW|FORMATION_FOLLOW,1,1,48.2,-2.176,-2.147,-2.192,-2.1,-2.133,-2.093,-25.242,-28.742,-32.254,-35.736,-39.259,-42.765,-5.064,-5.059,-5.054,-5.053,-5.057,-5.052
,0.0,-0.2,0.041,3.5007,7.0132,10.4954,14.0174,17.5243,3.5128,6.9947,10.5168,14.0237,3.4832,7.0045,10.5115,3.5224,7.029,3.507,0,0.0514,0.0514,OK,0.204,FORMATION_FOLLOW|FORMATION_FOLLOW|FORMATION_FOLLOW|FORMATION_FOLLOW|FORMATION_FOLLOW|FORMATION_FOLLOW,1,1,48.3,-2.145,-2.117,-2.161,-2.07,-2.102,-2.064,-25.241,-28.742,-32.255,-35.737,-39.259,-42.766,-5.066,-5.06,-5.056,-5.054,-5.058,-5.053
,0.0,-0.2,0.039,3.5015,7.0139,10.4965,14.0174,17.5252,3.5127,6.9949,10.5159,14.0237,3.4835,7.0037,10.5115,3.5213,7.0288,3.5079,0,0.0509,0.0509,OK,0.204,FORMATION_FOLLOW|FORMATION_FOLLOW|FORMATION_FOLLOW|FORMATION_FOLLOW|FORMATION_FOLLOW|FORMATION_FOLLOW,1,1,48.4,-2.114,-2.088,-2.13,-2.04,-2.072,-2.034,-25.241,-28.742,-32.255,-35.737,-39.258,-42.766,-5.067,-5.06,-5.057,-5.055,-5.059,-5.054
,0.0,-0.2,0.036,3.5021,7.0144,10.497,14.0167,17.5254,3.5126,6.9949,10.5146,14.0233,3.4835,7.0024,10.5113,3.52,7.0285,3.5089,0,0.0506,0.0506,OK,0.203,FORMATION_FOLLOW|FORMATION_FOLLOW|FORMATION_FOLLOW|FORMATION_FOLLOW|FORMATION_FOLLOW|FORMATION_FOLLOW,1,1,48.5,-2.084,-2.058,-2.1,-2.01,-2.042,-2.004,-25.241,-28.743,-32.255,-35.738,-39.258,-42.766,-5.068,-5.061,-5.059,-5.057,-5.06,-5.055
,0.0,-0.2,0.034,3.503,7.0145,10.4976,14.0156,17.5256,3.5118,6.9945,10.5126,14.0225,3.484,7.0013,10.5113,3.5184,7.0281,3.51,0,0.0505,0.0505,OK,0.203,FORMATION_FOLLOW|FORMATION_FOLLOW|FORMATION_FOLLOW|FORMATION_FOLLOW|FORMATION_FOLLOW|FORMATION_FOLLOW,1,1,48.6,-2.053,-2.028,-2.07,-1.98,-2.012,-1.974,-25.241,-28.744,-32.256,-35.738,-39.257,-42.766,-5.07,-5.062,-5.06,-5.059,-5.061,-5.056
,0.0,-0.2,0.032,3.5042,7.014,10.4984,14.0149,17.5259,3.5101,6.9942,10.5107,14.0217,3.4853,7.0011,10.5122,3.5169,7.0276,3.5111,0,0.0501,0.0501,OK,0.203,FORMATION_FOLLOW|FORMATION_FOLLOW|FORMATION_FOLLOW|FORMATION_FOLLOW|FORMATION_FOLLOW|FORMATION_FOLLOW,1,1,48.7,-2.023,-1.999,-2.039,-1.949,-1.982,-1.944,-25.241,-28.745,-32.255,-35.739,-39.256,-42.767,-5.071,-5.064,-5.062,-5.06,-5.063,-5.057
,0.0,-0.2,0.029,3.5056,7.0139,10.4995,14.0148,17.5263,3.5086,6.994,10.5092,14.0207,3.4865,7.0011,10.5126,3.5156,7.0268,3.5116,0,0.05,0.05,OK,0.202,FORMATION_FOLLOW|FORMATION_FOLLOW|FORMATION_FOLLOW|FORMATION_FOLLOW|FORMATION_FOLLOW|FORMATION_FOLLOW,1,1,48.8,-1.992,-1.969,-2.009,-1.919,-1.952,-1.913,-25.241,-28.746,-32.255,-35.74,-39.255,-42.767,-5.072,-5.065,-5.064,-5.061,-5.064,-5.059
,0.0,-0.2,0.027,3.5071,7.0142,10.5009,14.0151,17.5269,3.5074,6.9938,10.5081,14.0198,3.4877,7.0011,10.513,3.5146,7.026,3.5118,0,0.0501,0.0501,OK,0.202,FORMATION_FOLLOW|FORMATION_FOLLOW|FORMATION_FOLLOW|FORMATION_FOLLOW|FORMATION_FOLLOW|FORMATION_FOLLOW,1,1,48.9,-1.962,-1.939,-1.979,-1.889,-1.923,-1.883,-25.24,-28.747,-32.254,-35.741,-39.255,-42.767,-5.074,-5.066,-5.065,-5.063,-5.066,-5.06
,0.0,-0.2,0.025,3.5092,7.0144,10.5027,14.0158,17.5277,3.5055,6.9935,10.5066,14.0185,3.4892,7.0016,10.5136,3.5135,7.0252,3.5121,0,0.0504,0.0504,OK,0.202,FORMATION_FOLLOW|FORMATION_FOLLOW|FORMATION_FOLLOW|FORMATION_FOLLOW|FORMATION_FOLLOW|FORMATION_FOLLOW,1,1,49.0,-1.932,-1.909,-1.95,-1.858,-1.893,-1.853,-25.24,-28.749,-32.254,-35.742,-39.255,-42.767,-5.075,-5.068,-5.067,-5.064,-5.068,-5.062
,0.0,-0.2,0.022,3.511,7.0142,10.5039,14.0159,17.5286,3.5034,6.9929,10.5049,14.0175,3.4907,7.0019,10.5146,3.5124,7.0247,3.5127,0,0.0506,0.0506,OK,0.201,FORMATION_FOLLOW|FORMATION_FOLLOW|FORMATION_FOLLOW|FORMATION_FOLLOW|FORMATION_FOLLOW|FORMATION_FOLLOW,1,1,49.1,-1.902,-1.88,-1.92,-1.828,-1.864,-1.823,-25.239,-28.75,-32.253,-35.743,-39.255,-42.767,-5.076,-5.069,-5.068,-5.065,-5.07,-5.063
,0.0,-0.2,0.02,3.513,7.014,10.5048,14.0164,17.5295,3.5013,6.9918,10.5035,14.0165,3.4918,7.0026,10.5158,3.512,7.0248,3.5132,0,0.0503,0.0503,OK,0.201,FORMATION_FOLLOW|FORMATION_FOLLOW|FORMATION_FOLLOW|FORMATION_FOLLOW|FORMATION_FOLLOW|FORMATION_FOLLOW,1,1,49.2,-1.872,-1.851,-1.89,-1.798,-1.834,-1.793,-25.238,-28.751,-32.252,-35.743,-39.255,-42.768,-5.077,-5.071,-5.069,-5.067,-5.071,-5.065
,0.0,-0.2,0.017,3.5147,7.0135,10.5052,14.017,17.5301,3.4991,6.9905,10.5023,14.0154,3.4927,7.0037,10.5168,3.5122,7.0249,3.5132,0,0.0498,0.0498,OK,0.201,FORMATION_FOLLOW|FORMATION_FOLLOW|FORMATION_FOLLOW|FORMATION_FOLLOW|FORMATION_FOLLOW|FORMATION_FOLLOW,1,1,49.3,-1.842,-1.821,-1.86,-1.767,-1.805,-1.764,-25.238,-28.753,-32.252,-35.743,-39.255,-42.768,-5.078,-5.073,-5.069,-5.069,-5.073,-5.067
,0.0,-0.2,0.015,3.5163,7.0132,10.5058,14.0178,17.5311,3.4971,6.9895,10.5015,14.0147,3.4936,7.0048,10.5181,3.5125,7.0254,3.5133,0,0.0494,0.0494,OK,0.201,FORMATION_FOLLOW|FORMATION_FOLLOW|FORMATION_FOLLOW|FORMATION_FOLLOW|FORMATION_FOLLOW|FORMATION_FOLLOW,1,1,49.4,-1.812,-1.792,-1.829,-1.736,-1.776,-1.735,-25.237,-28.754,-32.251,-35.743,-39.255,-42.768,-5.079,-5.074,-5.07,-5.07,-5.075,-5.068
,0.0,-0.2,0.013,3.5173,7.0128,10.5061,14.0186,17.5324,3.4957,6.9888,10.5013,14.0151,3.4943,7.006,10.5199,3.513,7.0265,3.5139,0,0.0492,0.0492,OK,0.2,FORMATION_FOLLOW|FORMATION_FOLLOW|FORMATION_FOLLOW|FORMATION_FOLLOW|FORMATION_FOLLOW|FORMATION_FOLLOW,1,1,49.5,-1.783,-1.762,-1.799,-1.705,-1.747,-1.705,-25.237,-28.754,-32.25,-35.743,-39.255,-42.769,-5.079,-5.076,-5.071,-5.072,-5.076,-5.07
,0.0,-0.2,0.01,3.5179,7.0123,10.5059,14.019,17.5335,3.4946,6.9879,10.5011,14.0155,3.4946,7.0069,10.5214,3.5136,7.0277,3.5146,0,0.0493,0.0493,OK,0.2,FORMATION_FOLLOW|FORMATION_FOLLOW|FORMATION_FOLLOW|FORMATION_FOLLOW|FORMATION_FOLLOW|FORMATION_FOLLOW,1,1,49.6,-1.753,-1.732,-1.77,-1.675,-1.717,-1.676,-25.237,-28.755,-32.249,-35.742,-39.256,-42.77,-5.08,-5.077,-5.072,-5.073,-5.078,-5.072
,0.0,-0.2,0.008,3.5184,7.0118,10.5058,14.0192,17.5338,3.4936,6.9874,10.5008,14.0154,3.4951,7.0076,10.5223,3.5139,7.0282,3.5148,0,0.0496,0.0496,OK,0.2,FORMATION_FOLLOW|FORMATION_FOLLOW|FORMATION_FOLLOW|FORMATION_FOLLOW|FORMATION_FOLLOW|FORMATION_FOLLOW,1,1,49.7,-1.722,-1.702,-1.74,-1.644,-1.688,-1.646,-25.237,-28.755,-32.248,-35.742,-39.256,-42.77,-5.08,-5.078,-5.073,-5.075,-5.08,-5.074
,0.0,-0.2,0.005,3.5191,7.0116,10.506,14.0201,17.5341,3.4928,6.9869,10.501,14.015,3.4954,7.0086,10.5228,3.5147,7.0283,3.5142,0,0.0499,0.0499,OK,0.2,FORMATION_FOLLOW|FORMATION_FOLLOW|FORMATION_FOLLOW|FORMATION_FOLLOW|FORMATION_FOLLOW|FORMATION_FOLLOW,1,1,49.8,-1.692,-1.673,-1.71,-1.613,-1.659,-1.616,-25.236,-28.755,-32.248,-35.742,-39.256,-42.77,-5.081,-5.079,-5.075,-5.076,-5.082,-5.076
,0.0,-0.2,0.003,3.5197,7.0115,10.506,14.0212,17.5345,3.492,6.9863,10.5015,14.0148,3.4956,7.0098,10.5233,3.5157,7.0287,3.5135,0,0.0501,0.0501,OK,0.2,FORMATION_FOLLOW|FORMATION_FOLLOW|FORMATION_FOLLOW|FORMATION_FOLLOW|FORMATION_FOLLOW|FORMATION_FOLLOW,1,1,49.9,-1.663,-1.643,-1.681,-1.583,-1.629,-1.587,-25.236,-28.756,-32.247,-35.742,-39.257,-42.77,-5.081,-5.08,-5.076,-5.077,-5.084,-5.078
,0.0,-0.2,0.0,3.5202,7.0114,10.506,14.022,17.535,3.4915,6.9859,10.5019,14.0148,3.4957,7.0108,10.5239,3.5165,7.0291,3.5131,0,0.0503,0.0503,OK,0.2,FORMATION_FOLLOW|FORMATION_FOLLOW|FORMATION_FOLLOW|FORMATION_FOLLOW|FORMATION_FOLLOW|FORMATION_FOLLOW,1,1,49.999,-1.633,-1.613,-1.651,-1.553,-1.6,-1.557,-25.236,-28.756,-32.247,-35.742,-39.258,-42.771,-5.081,-5.082,-5.077,-5.079,-5.085,-5.079
