t,d_01,d_02,d_12,occ_G06,occ_G07,form_err,perturbation,drift_0,drift_1,drift_2,x_0,y_0,z_0,yaw_0,x_1,y_1,z_1,yaw_1,x_2,y_2,z_2,yaw_2
0.1,5.0118,3.5365,3.5365,0,0,0.0061,0,0.1,0.1,0.1,-16.0167,27.1489,-4.2856,-45.0,-19.5606,23.6052,-4.2855,-45.0,-19.5532,27.1417,-4.2856,-44.99
0.2,5.0287,3.5381,3.5392,0,0,0.0149,0,0.1,0.1,0.1,-16.0075,27.1498,-4.2873,-45.01,-19.5631,23.5938,-4.287,-45.0,-19.5455,27.133,-4.287,-44.99
0.3,5.0434,3.5398,3.5428,0,0,0.0226,0,0.1,0.1,0.1,-15.9945,27.1444,-4.2896,-45.01,-19.56,23.5775,-4.289,-44.99,-19.5342,27.1202,-4.289,-44.99
0.4,5.0556,3.5419,3.5467,0,0,0.0291,0,0.1,0.1,0.1,-15.9783,27.1335,-4.292,-45.01,-19.5522,23.5576,-4.2915,-44.99,-19.5201,27.1042,-4.2912,-44.98
0.5,5.066,3.5447,3.5507,0,0,0.0346,0,0.1,0.1,0.1,-15.9594,27.1187,-4.2947,-45.01,-19.5408,23.5357,-4.2941,-44.97,-19.5039,27.0862,-4.2937,-44.98
0.6,5.0748,3.5482,3.5546,0,0,0.0391,0,0.1,0.1,0.1,-15.9384,27.1009,-4.2978,-45.0,-19.5264,23.5121,-4.2968,-44.96,-19.4865,27.0664,-4.2965,-44.96
0.7,5.0822,3.5519,3.5582,0,0,0.0428,0,0.1,0.1,0.1,-15.916,27.0808,-4.3012,-45.0,-19.5097,23.4872,-4.2995,-44.95,-19.4678,27.0451,-4.2992,-44.95
0.8,5.0881,3.5554,3.5616,0,0,0.0458,0,0.1,0.1,0.1,-15.8927,27.0591,-4.3043,-44.99,-19.4909,23.4615,-4.3023,-44.95,-19.4479,27.0229,-4.3018,-44.94
0.9,5.0926,3.5588,3.5647,0,0,0.0479,0,0.1,0.1,0.1,-15.8687,27.0361,-4.3071,-44.98,-19.4703,23.4357,-4.3055,-44.95,-19.4273,27.0002,-4.3049,-44.93
1.0,5.0957,3.5618,3.5673,0,0,0.0495,0,0.1,0.1,0.1,-15.8442,27.012,-4.3098,-44.97,-19.4486,23.41,-4.3086,-44.95,-19.4058,26.9771,-4.3082,-44.92
1.1,5.0975,3.5639,3.5694,0,0,0.0505,0,0.1,0.1,0.1,-15.8199,26.9871,-4.3125,-44.96,-19.4261,23.3843,-4.3114,-44.95,-19.3836,26.9535,-4.3115,-44.91
1.2,5.0979,3.5651,3.5717,0,0,0.051,0,0.1,0.1,0.1,-15.796,26.9616,-4.3153,-44.97,-19.4027,23.3587,-4.3141,-44.95,-19.361,26.9301,-4.3145,-44.9
1.3,5.0973,3.566,3.5738,0,0,0.0509,0,0.1,0.1,0.1,-15.7724,26.9359,-4.3176,-44.98,-19.3785,23.3333,-4.3166,-44.95,-19.3383,26.9068,-4.3172,-44.89
1.4,5.0961,3.567,3.5758,0,0,0.0505,0,0.1,0.1,0.1,-15.7489,26.9103,-4.3196,-44.99,-19.3538,23.3083,-4.3187,-44.96,-19.3158,26.8839,-4.32,-44.89
1.5,5.0942,3.5681,3.5778,0,0,0.0496,0,0.1,0.1,0.1,-15.7255,26.8847,-4.3218,-44.98,-19.3286,23.2835,-4.3203,-44.96,-19.2935,26.8611,-4.3228,-44.89
1.6,5.092,3.5695,3.5795,0,0,0.0485,0,0.1,0.1,0.1,-15.7019,26.8592,-4.3241,-44.97,-19.3029,23.2591,-4.3218,-44.97,-19.2713,26.8385,-4.3252,-44.9
1.7,5.0896,3.5707,3.5812,0,0,0.0474,0,0.1,0.1,0.1,-15.6783,26.834,-4.3264,-44.98,-19.277,23.235,-4.3233,-44.96,-19.2489,26.816,-4.3274,-44.91
1.8,5.0868,3.5715,3.5824,0,0,0.0463,0,0.1,0.1,0.1,-15.655,26.8087,-4.3287,-44.97,-19.2514,23.2112,-4.3247,-44.95,-19.2265,26.7936,-4.3296,-44.92
1.9,5.0837,3.5718,3.5833,0,0,0.045,0,0.1,0.1,0.1,-15.6321,26.7835,-4.3306,-44.95,-19.2261,23.188,-4.3258,-44.95,-19.2039,26.7713,-4.3314,-44.93
2.0,5.0809,3.5725,3.5842,0,0,0.0438,0,0.1,0.1,0.1,-15.6092,26.759,-4.3325,-44.92,-19.2007,23.165,-4.3266,-44.95,-19.1816,26.7492,-4.3331,-44.93
2.1,5.0784,3.5732,3.5855,0,0,0.0428,0,0.1,0.1,0.1,-15.5864,26.7349,-4.3342,-44.9,-19.1754,23.1419,-4.3274,-44.97,-19.1596,26.7274,-4.3348,-44.93
2.2,5.076,3.5742,3.5866,0,0,0.0419,0,0.1,0.1,0.1,-15.5637,26.7111,-4.3357,-44.88,-19.1501,23.119,-4.3284,-44.99,-19.1379,26.7056,-4.3361,-44.92
2.3,5.0738,3.5755,3.5874,0,0,0.0409,0,0.1,0.1,0.1,-15.5409,26.6876,-4.3374,-44.88,-19.1251,23.0964,-4.3295,-45.01,-19.1164,26.6838,-4.337,-44.92
2.4,5.0714,3.5769,3.5877,0,0,0.0398,0,0.1,0.1,0.1,-15.5183,26.6644,-4.3388,-44.88,-19.1001,23.0741,-4.3306,-45.03,-19.0952,26.6618,-4.3379,-44.92
2.5,5.069,3.5784,3.5879,0,0,0.0387,0,0.1,0.1,0.1,-15.4957,26.6416,-4.34,-44.88,-19.075,23.0523,-4.3315,-45.05,-19.0741,26.6402,-4.3387,-44.92
2.6,5.067,3.5801,3.5884,0,0,0.038,0,0.1,0.1,0.1,-15.4728,26.6191,-4.3411,-44.88,-19.05,23.0306,-4.3319,-45.06,-19.0528,26.619,-4.3393,-44.92
2.7,5.0655,3.5817,3.5892,0,0,0.0376,0,0.1,0.1,0.1,-15.4497,26.5969,-4.342,-44.89,-19.0252,23.0086,-4.3323,-45.07,-19.0314,26.5978,-4.3398,-44.91
2.8,5.0647,3.5841,3.5897,0,0,0.0374,0,0.1,0.1,0.1,-15.4261,26.5748,-4.343,-44.9,-19.0005,22.9867,-4.3328,-45.06,-19.0101,26.5764,-4.3402,-44.91
2.9,5.0646,3.5864,3.5908,0,0,0.0375,0,0.1,0.1,0.1,-15.4024,26.5526,-4.344,-44.92,-18.9766,22.9644,-4.3334,-45.06,-18.9888,26.5552,-4.3407,-44.92
3.0,5.0649,3.5885,3.5926,0,0,0.038,0,0.1,0.1,0.1,-15.3789,26.5305,-4.3447,-44.93,-18.9532,22.942,-4.3341,-45.06,-18.9674,26.5346,-4.3413,-44.94
3.1,5.0656,3.5909,3.5948,0,0,0.0389,0,0.1,0.1,0.1,-15.3555,26.5087,-4.3452,-44.94,-18.9299,22.9193,-4.3345,-45.07,-18.9464,26.5141,-4.3417,-44.95
3.2,5.0659,3.5931,3.5971,0,0,0.0397,0,0.1,0.1,0.1,-15.3324,26.4867,-4.3452,-44.97,-18.9065,22.8965,-4.3349,-45.08,-18.9255,26.4936,-4.3421,-44.94
3.3,5.0656,3.595,3.5992,0,0,0.0402,0,0.1,0.1,0.1,-15.3096,26.4645,-4.3451,-44.98,-18.883,22.8741,-4.3355,-45.08,-18.9046,26.4732,-4.3423,-44.93
3.4,5.0653,3.5969,3.6007,0,0,0.0406,0,0.1,0.1,0.1,-15.2871,26.4426,-4.345,-44.99,-18.86,22.8521,-4.3361,-45.09,-18.8839,26.4527,-4.3424,-44.91
3.5,5.0647,3.5981,3.6021,0,0,0.0409,0,0.1,0.1,0.1,-15.2651,26.4207,-4.345,-45.0,-18.8373,22.8303,-4.3367,-45.1,-18.8632,26.4323,-4.3426,-44.91
3.6,5.0631,3.5984,3.603,0,0,0.0408,0,0.1,0.1,0.1,-15.244,26.3986,-4.345,-45.02,-18.8145,22.8088,-4.3373,-45.09,-18.8425,26.4117,-4.3426,-44.91
3.7,5.061,3.5983,3.6034,0,0,0.0413,0,0.1,0.1,0.1,-15.2236,26.3767,-4.3452,-45.03,-18.7919,22.7877,-4.3379,-45.08,-18.8218,26.391,-4.3428,-44.9
3.8,5.0585,3.5979,3.6037,0,0,0.0421,0,0.1,0.1,0.1,-15.2033,26.3548,-4.3453,-45.04,-18.7691,22.7668,-4.3384,-45.08,-18.8012,26.3704,-4.3432,-44.91
3.9,5.056,3.5977,3.6041,0,0,0.043,0,0.1,0.1,0.1,-15.1832,26.3331,-4.3452,-45.05,-18.7464,22.746,-4.339,-45.07,-18.7809,26.35,-4.3435,-44.92
4.0,5.0539,3.598,3.6046,0,0,0.0441,0,0.1,0.1,0.1,-15.1628,26.3112,-4.3448,-45.05,-18.724,22.7252,-4.3394,-45.05,-18.7608,26.3297,-4.3437,-44.94
4.1,5.0524,3.5985,3.6054,0,0,0.0451,0,0.1,0.1,0.1,-15.1421,26.2892,-4.3444,-45.05,-18.7023,22.7043,-4.3395,-45.05,-18.7405,26.3095,-4.3438,-44.96
4.2,5.0509,3.5986,3.6065,0,0,0.0462,0,0.1,0.1,0.1,-15.1215,26.2673,-4.3441,-45.05,-18.6803,22.6831,-4.3396,-45.05,-18.7201,26.2894,-4.3439,-44.96
4.3,5.0502,3.5991,3.6076,0,0,0.0472,0,0.1,0.1,0.1,-15.1008,26.2462,-4.3436,-45.05,-18.6584,22.6619,-4.3399,-45.04,-18.6999,26.2692,-4.3438,-44.97
4.4,5.0497,3.5998,3.6085,0,0,0.048,0,0.1,0.1,0.1,-15.0801,26.2253,-4.3432,-45.06,-18.637,22.6408,-4.3406,-45.03,-18.6798,26.249,-4.3436,-44.98
4.5,5.049,3.5999,3.6099,0,0,0.049,0,0.1,0.1,0.1,-15.0597,26.2041,-4.3433,-45.07,-18.6155,22.6197,-4.3414,-45.03,-18.6595,26.2293,-4.3431,-45.01
4.6,5.0488,3.6001,3.6118,0,0,0.05,0,0.1,0.1,0.1,-15.0391,26.1833,-4.3436,-45.08,-18.5943,22.5984,-4.3422,-45.02,-18.6392,26.2099,-4.3424,-45.02
4.7,5.0488,3.6004,3.6134,0,0,0.0508,0,0.1,0.1,0.1,-15.0185,26.163,-4.3435,-45.08,-18.573,22.5773,-4.3431,-45.01,-18.6188,26.1904,-4.3418,-45.05
4.8,5.0488,3.601,3.6145,0,0,0.0517,0,0.1,0.1,0.1,-14.9976,26.1429,-4.3434,-45.08,-18.5514,22.5567,-4.344,-45.0,-18.5985,26.1709,-4.3414,-45.06
4.9,5.0483,3.6013,3.6156,0,0,0.0525,0,0.1,0.1,0.1,-14.9767,26.1224,-4.3432,-45.08,-18.5299,22.5363,-4.3448,-45.0,-18.5779,26.1516,-4.3413,-45.08
5.0,5.048,3.6018,3.6168,0,0,0.0534,0,0.1,0.1,0.1,-14.9558,26.1018,-4.3431,-45.09,-18.5088,22.5158,-4.3454,-44.99,-18.5575,26.1323,-4.3416,-45.09
5.1,5.0485,3.6024,3.6182,0,0,0.0542,0,0.1,0.1,0.1,-14.9352,26.0815,-4.3431,-45.09,-18.4881,22.4949,-4.346,-44.99,-18.5375,26.1127,-4.3418,-45.09
5.2,5.0496,3.603,3.6199,0,0,0.0549,0,0.1,0.1,0.1,-14.9146,26.0615,-4.3431,-45.09,-18.4676,22.4734,-4.3464,-45.0,-18.5175,26.0929,-4.342,-45.09
5.3,5.0505,3.6039,3.6213,0,0,0.0556,0,0.1,0.1,0.1,-14.894,26.0413,-4.343,-45.08,-18.4472,22.4521,-4.3467,-45.0,-18.4977,26.0731,-4.3419,-45.1
5.4,5.0512,3.6049,3.6223,0,0,0.0563,0,0.1,0.1,0.1,-14.8733,26.0209,-4.343,-45.09,-18.427,22.4314,-4.3466,-45.01,-18.478,26.0533,-4.3419,-45.1
5.5,5.0519,3.6061,3.623,0,0,0.057,0,0.1,0.1,0.1,-14.8525,26.0008,-4.3432,-45.1,-18.4071,22.411,-4.3465,-45.02,-18.4585,26.0336,-4.3421,-45.11
5.6,5.0526,3.6071,3.6237,0,0,0.0576,0,0.1,0.1,0.1,-14.8319,25.9806,-4.343,-45.1,-18.3872,22.3906,-4.346,-45.03,-18.4388,26.014,-4.3424,-45.11
5.7,5.0532,3.6081,3.6246,0,0,0.0583,0,0.1,0.1,0.1,-14.8114,25.9603,-4.3427,-45.09,-18.3674,22.3701,-4.3454,-45.05,-18.4193,25.9944,-4.3426,-45.1
5.8,5.0537,3.6096,3.6254,0,0,0.0591,0,0.1,0.1,0.1,-14.7909,25.9401,-4.3426,-45.1,-18.3475,22.3497,-4.3448,-45.08,-18.4003,25.9747,-4.3427,-45.11
5.9,5.0547,3.6109,3.6268,0,0,0.0601,0,0.1,0.1,0.1,-14.7705,25.9202,-4.3425,-45.09,-18.3274,22.3287,-4.3441,-45.11,-18.3813,25.9551,-4.3425,-45.11
6.0,5.0556,3.6118,3.6286,0,0,0.0611,0,0.1,0.1,0.1,-14.7503,25.9003,-4.3423,-45.09,-18.3073,22.3077,-4.3434,-45.12,-18.362,25.9359,-4.3421,-45.11
6.1,5.0563,3.6125,3.631,0,0,0.0623,0,0.1,0.1,0.1,-14.7303,25.88,-4.3422,-45.09,-18.2873,22.2864,-4.3431,-45.12,-18.3427,25.9169,-4.3415,-45.11
6.2,5.0564,3.6127,3.6332,0,0,0.0633,0,0.1,0.1,0.1,-14.7108,25.8595,-4.3421,-45.09,-18.2673,22.2653,-4.3432,-45.1,-18.3233,25.8981,-4.341,-45.11
6.3,5.0558,3.6123,3.6353,0,0,0.0644,0,0.1,0.1,0.1,-14.6918,25.8388,-4.3422,-45.08,-18.2474,22.2445,-4.3435,-45.08,-18.3039,25.8794,-4.3407,-45.1
6.4,5.055,3.612,3.6374,0,0,0.0655,0,0.1,0.1,0.1,-14.6728,25.8182,-4.3427,-45.08,-18.2274,22.2241,-4.3439,-45.06,-18.2846,25.8611,-4.3408,-45.09
6.5,5.0538,3.612,3.6393,0,0,0.0668,0,0.1,0.1,0.1,-14.6537,25.7974,-4.3433,-45.07,-18.2074,22.2039,-4.3442,-45.04,-18.2654,25.8428,-4.3411,-45.09
6.6,5.052,3.6115,3.6408,0,0,0.068,0,0.1,0.1,0.1,-14.6347,25.776,-4.3435,-45.06,-18.1873,22.1842,-4.3443,-45.03,-18.2459,25.8245,-4.3414,-45.1
6.7,5.05,3.6111,3.6422,0,0,0.0691,0,0.1,0.1,0.1,-14.6154,25.7545,-4.3438,-45.06,-18.1671,22.1646,-4.3444,-45.02,-18.2261,25.8063,-4.3416,-45.09
6.8,5.0484,3.6112,3.6432,0,0,0.0702,0,0.1,0.1,0.1,-14.5956,25.7335,-4.3442,-45.06,-18.1468,22.1452,-4.3448,-45.01,-18.2064,25.7879,-4.3416,-45.08
6.9,5.0472,3.6124,3.6439,0,0,0.0715,0,0.1,0.1,0.1,-14.5752,25.7128,-4.3446,-45.05,-18.1261,22.1261,-4.3452,-45.01,-18.1871,25.7694,-4.3417,-45.08
7.0,5.0463,3.6136,3.6447,0,0,0.0728,0,0.1,0.1,0.1,-14.5547,25.6921,-4.3452,-45.04,-18.1056,22.1066,-4.3454,-44.99,-18.1678,25.7508,-4.3417,-45.07
7.1,5.0456,3.6146,3.6462,0,0,0.0741,0,0.1,0.1,0.1,-14.5345,25.6714,-4.3458,-45.04,-18.0851,22.0866,-4.3457,-44.98,-18.1485,25.7322,-4.3418,-45.07
7.2,5.0448,3.6156,3.6476,0,0,0.0755,0,0.1,0.1,0.1,-14.5143,25.6504,-4.3461,-45.03,-18.0648,22.0666,-4.3459,-44.98,-18.1294,25.7136,-4.3419,-45.07
7.3,5.0447,3.6164,3.6492,0,0,0.0767,0,0.1,0.1,0.1,-14.4943,25.6299,-4.3461,-45.02,-18.0449,22.0463,-4.3461,-44.99,-18.1101,25.6949,-4.3422,-45.05
7.4,5.0446,3.617,3.6503,0,0,0.0775,0,0.1,0.1,0.1,-14.4744,25.6099,-4.3461,-45.02,-18.025,22.0264,-4.3464,-45.01,-18.0908,25.6761,-4.3426,-45.04
7.5,5.0447,3.6178,3.6514,0,0,0.0784,0,0.1,0.1,0.1,-14.4544,25.5902,-4.3465,-45.01,-18.0051,22.0066,-4.3466,-45.01,-18.0715,25.6575,-4.3429,-45.03
7.6,5.0446,3.6186,3.6516,0,0,0.0789,0,0.1,0.1,0.1,-14.4343,25.5708,-4.3468,-45.0,-17.985,21.9874,-4.3467,-45.01,-18.0523,25.6384,-4.3431,-45.01
7.7,5.0446,3.6201,3.6512,0,0,0.0793,0,0.1,0.1,0.1,-14.414,25.5518,-4.3471,-44.99,-17.9647,21.9685,-4.3467,-45.01,-18.0335,25.619,-4.3433,-45.0
7.8,5.0447,3.6224,3.6508,0,0,0.08,0,0.1,0.1,0.1,-14.3933,25.533,-4.3471,-44.97,-17.9441,21.9495,-4.3464,-45.02,-18.0152,25.5996,-4.3435,-44.99
7.9,5.0441,3.6248,3.6505,0,0,0.0811,0,0.1,0.1,0.1,-14.3726,25.5138,-4.3465,-44.98,-17.923,21.9308,-4.3459,-45.02,-17.9968,25.5806,-4.344,-44.99
8.0,5.0431,3.6266,3.6505,0,0,0.0822,0,0.1,0.1,0.1,-14.3522,25.4944,-4.3459,-45.0,-17.9019,21.9122,-4.3454,-45.01,-17.9782,25.5619,-4.3444,-44.98
8.1,5.0419,3.6283,3.6506,0,0,0.0833,0,0.1,0.1,0.1,-14.3319,25.4751,-4.3456,-45.02,-17.8807,21.8936,-4.3452,-45.0,-17.9596,25.5433,-4.3448,-44.97
8.2,5.0405,3.6297,3.6506,0,0,0.0844,0,0.1,0.1,0.1,-14.3118,25.4557,-4.3455,-45.03,-17.8595,21.8751,-4.3449,-45.0,-17.9408,25.5248,-4.3451,-44.95
8.3,5.0387,3.6304,3.6504,0,0,0.0852,0,0.1,0.1,0.1,-14.292,25.436,-4.3453,-45.04,-17.8383,21.8566,-4.3448,-44.99,-17.9217,25.506,-4.3453,-44.95
8.4,5.037,3.6307,3.6503,0,0,0.0859,0,0.1,0.1,0.1,-14.2722,25.4159,-4.3448,-45.05,-17.8174,21.8378,-4.3447,-44.99,-17.9022,25.4871,-4.3454,-44.95
8.5,5.036,3.6311,3.6506,0,0,0.0865,0,0.1,0.1,0.1,-14.2519,25.396,-4.3444,-45.06,-17.7964,21.8187,-4.345,-44.99,-17.8822,25.4683,-4.3453,-44.95
8.6,5.0355,3.6315,3.6512,0,0,0.0871,0,0.1,0.1,0.1,-14.2309,25.3764,-4.3441,-45.05,-17.7752,21.7995,-4.3455,-44.99,-17.8617,25.4496,-4.3451,-44.95
8.7,5.0354,3.6315,3.6518,0,0,0.0875,0,0.1,0.1,0.1,-14.2097,25.357,-4.3435,-45.06,-17.7541,21.7802,-4.3457,-44.99,-17.8405,25.431,-4.3453,-44.95
8.8,5.0359,3.6309,3.6524,0,0,0.0873,0,0.1,0.1,0.1,-14.1884,25.3378,-4.3423,-45.08,-17.7331,21.7608,-4.3457,-44.97,-17.8185,25.4122,-4.3456,-44.95
8.9,5.036,3.6299,3.6523,0,0,0.0868,0,0.1,0.1,0.1,-14.1669,25.3186,-4.3409,-45.08,-17.712,21.7417,-4.3455,-44.96,-17.7961,25.393,-4.3459,-44.96
9.0,5.0362,3.6281,3.6525,0,0,0.0861,0,0.1,0.1,0.1,-14.146,25.2991,-4.3397,-45.09,-17.6911,21.7221,-4.3454,-44.95,-17.7733,25.3737,-4.3461,-44.98
9.1,5.037,3.6259,3.6532,0,0,0.0852,0,0.1,0.1,0.1,-14.1251,25.2799,-4.3388,-45.1,-17.6706,21.7022,-4.345,-44.94,-17.7503,25.3545,-4.3461,-45.0
9.2,5.0384,3.6241,3.6537,0,0,0.0842,0,0.1,0.1,0.1,-14.104,25.261,-4.3382,-45.09,-17.6505,21.6822,-4.3449,-44.94,-17.7273,25.3351,-4.3459,-45.0
9.3,5.0399,3.6227,3.6542,0,0,0.0834,0,0.1,0.1,0.1,-14.0829,25.2418,-4.3377,-45.09,-17.6306,21.6621,-4.3452,-44.94,-17.7048,25.3156,-4.3457,-44.98
9.4,5.0411,3.6219,3.6546,0,0,0.0828,0,0.1,0.1,0.1,-14.0619,25.2223,-4.3379,-45.1,-17.6107,21.642,-4.3454,-44.93,-17.683,25.2958,-4.3454,-44.96
9.5,5.0423,3.6214,3.655,0,0,0.0825,0,0.1,0.1,0.1,-14.041,25.2026,-4.3383,-45.1,-17.5909,21.6217,-4.346,-44.94,-17.6617,25.276,-4.3452,-44.96
9.6,5.043,3.6211,3.6555,0,0,0.0824,0,0.1,0.1,0.1,-14.0206,25.1827,-4.3385,-45.09,-17.5711,21.6015,-4.3466,-44.95,-17.6409,25.2564,-4.3452,-44.96
9.7,5.0433,3.6212,3.6561,0,0,0.0827,0,0.1,0.1,0.1,-14.0005,25.1626,-4.3387,-45.08,-17.5514,21.5814,-4.3471,-44.96,-17.6209,25.2368,-4.3457,-44.95
9.8,5.0435,3.6213,3.6565,0,0,0.0829,0,0.1,0.1,0.1,-13.9809,25.1427,-4.3389,-45.06,-17.5319,21.5612,-4.3473,-44.97,-17.6014,25.217,-4.3461,-44.94
9.9,5.0435,3.6216,3.6569,0,0,0.0832,0,0.1,0.1,0.1,-13.9614,25.1227,-4.3391,-45.05,-17.5123,21.5412,-4.3475,-44.98,-17.5821,25.1974,-4.3465,-44.94
10.0,5.0432,3.6219,3.6569,0,0,0.0834,0,0.1,0.1,0.1,-13.9419,25.1024,-4.3391,-45.04,-17.493,21.5215,-4.3475,-44.99,-17.563,25.1778,-4.3463,-44.94
10.1,5.0425,3.6225,3.6562,0,0,0.0835,0,0.1,0.1,0.1,-13.9224,25.0819,-4.3392,-45.03,-17.4737,21.502,-4.3473,-45.01,-17.5441,25.1575,-4.3462,-44.93
10.2,5.0417,3.6236,3.6548,0,0,0.0836,0,0.1,0.1,0.1,-13.9027,25.0612,-4.3394,-45.02,-17.4542,21.4827,-4.3469,-45.02,-17.5255,25.1368,-4.3462,-44.94
10.3,5.041,3.6246,3.6535,0,0,0.0836,0,0.1,0.1,0.1,-13.8834,25.0405,-4.3397,-45.01,-17.4349,21.463,-4.3468,-45.03,-17.5071,25.1158,-4.3459,-44.95
10.4,5.0407,3.6254,3.6526,0,0,0.0836,0,0.1,0.1,0.1,-13.8643,25.02,-4.3398,-44.99,-17.4159,21.4431,-4.3467,-45.02,-17.4889,25.095,-4.3452,-44.95
10.5,5.0407,3.6261,3.6519,0,0,0.0835,0,0.1,0.1,0.1,-13.8455,24.9996,-4.3402,-44.97,-17.3974,21.423,-4.3467,-45.01,-17.4708,25.0742,-4.3446,-44.95
10.6,5.041,3.6272,3.6511,0,0,0.0835,0,0.1,0.1,0.1,-13.8263,24.979,-4.3405,-44.94,-17.3792,21.4029,-4.3465,-45.0,-17.4528,25.0533,-4.3441,-44.95
10.7,5.0405,3.6279,3.6505,0,0,0.0837,0,0.1,0.1,0.1,-13.8073,24.9581,-4.341,-44.93,-17.3605,21.383,-4.3461,-44.99,-17.4344,25.0328,-4.3438,-44.94
10.8,5.0393,3.6283,3.6499,0,0,0.084,0,0.1,0.1,0.1,-13.7883,24.937,-4.3416,-44.92,-17.3413,21.3633,-4.3459,-44.98,-17.4158,25.0124,-4.3435,-44.94
10.9,5.0383,3.6284,3.6498,0,0,0.0843,0,0.1,0.1,0.1,-13.7696,24.916,-4.3421,-44.92,-17.3222,21.3433,-4.3458,-44.98,-17.3972,24.9923,-4.3434,-44.94
11.0,5.0374,3.6284,3.6495,0,0,0.0845,0,0.1,0.1,0.1,-13.7506,24.895,-4.3428,-44.93,-17.3029,21.3234,-4.3456,-44.98,-17.3782,24.9721,-4.3436,-44.94
11.1,5.0372,3.629,3.6485,0,0,0.0843,0,0.1,0.1,0.1,-13.7309,24.8746,-4.3437,-44.94,-17.2835,21.3036,-4.3453,-44.98,-17.359,24.9513,-4.3438,-44.93
11.2,5.0377,3.63,3.6475,0,0,0.0841,0,0.1,0.1,0.1,-13.7107,24.8544,-4.3449,-44.95,-17.2644,21.2838,-4.3452,-44.97,-17.3399,24.9304,-4.3439,-44.93
11.3,5.0382,3.6318,3.6458,0,0,0.0839,0,0.1,0.1,0.1,-13.6901,24.8345,-4.3459,-44.95,-17.2449,21.2642,-4.3455,-44.96,-17.3212,24.9092,-4.344,-44.94
11.4,5.0386,3.634,3.6431,0,0,0.0835,0,0.1,0.1,0.1,-13.6693,24.8146,-4.3464,-44.96,-17.2254,21.2452,-4.346,-44.96,-17.3026,24.8874,-4.3439,-44.95
11.5,5.0389,3.6358,3.6403,0,0,0.083,0,0.1,0.1,0.1,-13.6487,24.7948,-4.347,-44.98,-17.2061,21.2261,-4.3465,-44.97,-17.2838,24.8656,-4.3437,-44.95
11.6,5.0388,3.6371,3.6383,0,0,0.0827,0,0.1,0.1,0.1,-13.6285,24.7748,-4.3474,-44.99,-17.1865,21.2068,-4.3466,-44.97,-17.2649,24.8443,-4.3437,-44.95
11.7,5.0383,3.6378,3.6372,0,0,0.0827,0,0.1,0.1,0.1,-13.6088,24.7546,-4.3475,-45.0,-17.167,21.1875,-4.3467,-44.97,-17.246,24.8238,-4.3442,-44.95
11.8,5.0376,3.6383,3.637,0,0,0.0831,0,0.1,0.1,0.1,-13.5894,24.7343,-4.3476,-45.0,-17.1474,21.1681,-4.3469,-44.99,-17.227,24.8042,-4.3448,-44.96
11.9,5.0368,3.6386,3.6375,0,0,0.0837,0,0.1,0.1,0.1,-13.57,24.7138,-4.3477,-45.01,-17.128,21.1486,-4.3466,-45.0,-17.2078,24.7852,-4.3452,-44.96
12.0,5.0363,3.6392,3.6382,0,0,0.0844,0,0.1,0.1,0.1,-13.5505,24.6932,-4.3477,-45.02,-17.1088,21.1291,-4.3459,-45.02,-17.1889,24.7664,-4.3453,-44.97
12.1,5.0364,3.6402,3.6391,0,0,0.0853,0,0.1,0.1,0.1,-13.5306,24.6731,-4.3471,-45.02,-17.0895,21.1095,-4.3452,-45.02,-17.17,24.7478,-4.3451,-44.97
12.2,5.037,3.6417,3.6407,0,0,0.0865,0,0.1,0.1,0.1,-13.5103,24.6533,-4.3462,-45.01,-17.0702,21.0897,-4.3443,-45.03,-17.1513,24.7295,-4.3444,-44.97
12.3,5.038,3.6429,3.6427,0,0,0.0876,0,0.1,0.1,0.1,-13.4902,24.6337,-4.3454,-45.01,-17.0508,21.0694,-4.3437,-45.03,-17.1323,24.7112,-4.3438,-44.98
12.4,5.0394,3.6433,3.6453,0,0,0.0886,0,0.1,0.1,0.1,-13.4701,24.6139,-4.3449,-45.02,-17.0315,21.0486,-4.3434,-45.04,-17.1126,24.693,-4.3433,-44.97
12.5,5.0404,3.6431,3.6478,0,0,0.0893,0,0.1,0.1,0.1,-13.4501,24.5938,-4.3448,-45.03,-17.0124,21.0278,-4.3429,-45.05,-17.0923,24.6747,-4.3429,-44.98
12.6,5.041,3.6429,3.6494,0,0,0.0898,0,0.1,0.1,0.1,-13.4301,24.5734,-4.3448,-45.04,-16.9931,21.0073,-4.3424,-45.06,-17.0722,24.6558,-4.3428,-44.99
12.7,5.0413,3.6431,3.6501,0,0,0.0901,0,0.1,0.1,0.1,-13.4101,24.5529,-4.3449,-45.05,-16.9735,20.9867,-4.3421,-45.07,-17.0523,24.636,-4.3427,-45.01
12.8,5.0416,3.6431,3.6503,0,0,0.0901,0,0.1,0.1,0.1,-13.3904,24.5324,-4.345,-45.04,-16.9541,20.9662,-4.3421,-45.08,-17.0325,24.6156,-4.3425,-45.03
12.9,5.0419,3.6424,3.6501,0,0,0.0897,0,0.1,0.1,0.1,-13.3707,24.512,-4.3451,-45.03,-16.9346,20.9456,-4.3423,-45.08,-17.0122,24.595,-4.3429,-45.06
13.0,5.0417,3.6403,3.6495,0,0,0.0885,0,0.1,0.1,0.1,-13.3516,24.4918,-4.3453,-45.01,-16.9153,20.9254,-4.3425,-45.08,-16.991,24.5741,-4.3435,-45.07
13.1,5.041,3.6374,3.6485,0,0,0.087,0,0.1,0.1,0.1,-13.3328,24.4713,-4.3456,-45.0,-16.8961,20.9055,-4.3429,-45.07,-16.9693,24.5532,-4.3438,-45.08
13.2,5.0408,3.6346,3.6486,0,0,0.0859,0,0.1,0.1,0.1,-13.3139,24.4505,-4.3458,-45.01,-16.8773,20.8852,-4.3431,-45.07,-16.9476,24.5331,-4.3436,-45.09
13.3,5.0407,3.6323,3.6491,0,0,0.0852,0,0.1,0.1,0.1,-13.2949,24.4297,-4.3459,-45.03,-16.8585,20.8646,-4.3432,-45.06,-16.9262,24.5131,-4.3434,-45.08
13.4,5.0402,3.63,3.6497,0,0,0.0847,0,0.1,0.1,0.1,-13.276,24.4088,-4.3465,-45.05,-16.8394,20.8443,-4.3432,-45.05,-16.905,24.4934,-4.3434,-45.07
13.5,5.0396,3.6281,3.6507,0,0,0.0846,0,0.1,0.1,0.1,-13.257,24.388,-4.3477,-45.07,-16.8201,20.824,-4.3435,-45.04,-16.884,24.4741,-4.3435,-45.06
13.6,5.0396,3.627,3.651,0,0,0.0844,0,0.1,0.1,0.1,-13.2374,24.3677,-4.3489,-45.08,-16.8007,20.8039,-4.3436,-45.03,-16.8634,24.4544,-4.3438,-45.07
13.7,5.0394,3.6271,3.6498,0,0,0.0839,0,0.1,0.1,0.1,-13.2175,24.3476,-4.3498,-45.09,-16.781,20.7844,-4.3437,-45.02,-16.8435,24.4336,-4.344,-45.07
13.8,5.0385,3.6271,3.6473,0,0,0.0829,0,0.1,0.1,0.1,-13.1978,24.3275,-4.3504,-45.1,-16.761,20.7651,-4.344,-45.0,-16.8239,24.4118,-4.344,-45.08
13.9,5.0376,3.6272,3.6442,0,0,0.0817,0,0.1,0.1,0.1,-13.1782,24.3075,-4.3506,-45.11,-16.7408,20.7459,-4.3443,-44.97,-16.8044,24.3895,-4.3438,-45.09
14.0,5.0376,3.6277,3.6414,0,0,0.0804,0,0.1,0.1,0.1,-13.1582,24.2879,-4.3509,-45.13,-16.7211,20.7265,-4.3444,-44.95,-16.785,24.3673,-4.3437,-45.11
14.1,5.0377,3.6284,3.6388,0,0,0.0795,0,0.1,0.1,0.1,-13.138,24.2682,-4.3512,-45.15,-16.7016,20.7074,-4.3445,-44.94,-16.7656,24.3456,-4.3438,-45.12
14.2,5.038,3.629,3.6371,0,0,0.0789,0,0.1,0.1,0.1,-13.118,24.2483,-4.351,-45.16,-16.6824,20.688,-4.3447,-44.92,-16.7462,24.3246,-4.3437,-45.14
14.3,5.0385,3.6294,3.6363,0,0,0.0785,0,0.1,0.1,0.1,-13.0982,24.2284,-4.3505,-45.17,-16.6636,20.6682,-4.3451,-44.92,-16.7268,24.304,-4.3433,-45.15
14.4,5.039,3.6294,3.6357,0,0,0.078,0,0.1,0.1,0.1,-13.0785,24.2083,-4.3501,-45.17,-16.645,20.6485,-4.3456,-44.93,-16.7071,24.2837,-4.3431,-45.17
14.5,5.0396,3.6292,3.6358,0,0,0.0778,0,0.1,0.1,0.1,-13.0589,24.1881,-4.3498,-45.16,-16.6265,20.6287,-4.3463,-44.93,-16.6873,24.2639,-4.343,-45.17
14.6,5.0403,3.6292,3.6364,0,0,0.078,0,0.1,0.1,0.1,-13.0393,24.1678,-4.3494,-45.15,-16.6083,20.6087,-4.3469,-44.95,-16.6677,24.2447,-4.3425,-45.17
14.7,5.0409,3.6293,3.6378,0,0,0.0785,0,0.1,0.1,0.1,-13.0198,24.1474,-4.3492,-45.14,-16.5899,20.5885,-4.3473,-44.96,-16.6482,24.2259,-4.3422,-45.15
14.8,5.0418,3.6297,3.6398,0,0,0.0795,0,0.1,0.1,0.1,-13.0003,24.1273,-4.3491,-45.12,-16.5711,20.568,-4.3476,-44.96,-16.6291,24.2073,-4.3422,-45.15
14.9,5.0427,3.6308,3.6423,0,0,0.0809,0,0.1,0.1,0.1,-12.9805,24.107,-4.3489,-45.11,-16.5521,20.5472,-4.3477,-44.95,-16.6103,24.1891,-4.3427,-45.15
15.0,5.0436,3.6317,3.6452,0,0,0.0824,0,0.1,0.1,0.1,-12.9606,24.0869,-4.3486,-45.1,-16.5329,20.5264,-4.348,-44.95,-16.5914,24.1711,-4.3435,-45.15
15.1,5.0443,3.6327,3.6476,0,0,0.0838,0,0.1,0.1,0.1,-12.9404,24.0668,-4.3484,-45.11,-16.5135,20.5062,-4.3485,-44.94,-16.5721,24.1533,-4.3444,-45.16
15.2,5.0449,3.6338,3.6493,0,0,0.0849,0,0.1,0.1,0.1,-12.9201,24.0471,-4.348,-45.12,-16.4939,20.4863,-4.3488,-44.93,-16.5528,24.1351,-4.3456,-45.18
15.3,5.0452,3.6355,3.6503,0,0,0.086,0,0.1,0.1,0.1,-12.8997,24.0276,-4.3474,-45.12,-16.4739,20.4668,-4.3488,-44.92,-16.5341,24.1166,-4.3466,-45.2
15.4,5.0453,3.6373,3.6506,0,0,0.0869,0,0.1,0.1,0.1,-12.8795,24.0081,-4.347,-45.12,-16.4541,20.4476,-4.3485,-44.92,-16.5157,24.0977,-4.3473,-45.2
15.5,5.045,3.6386,3.651,0,0,0.0877,0,0.1,0.1,0.1,-12.8597,23.9887,-4.3465,-45.11,-16.4338,20.4281,-4.3479,-44.92,-16.4972,24.0785,-4.3477,-45.2
15.6,5.0446,3.6396,3.6517,0,0,0.0886,0,0.1,0.1,0.1,-12.8401,23.9694,-4.3459,-45.11,-16.4133,20.4085,-4.3471,-44.92,-16.4785,24.0596,-4.348,-45.2
15.7,5.0441,3.6404,3.6527,0,0,0.0896,0,0.1,0.1,0.1,-12.8205,23.95,-4.3453,-45.11,-16.3926,20.3888,-4.3469,-44.91,-16.4597,24.0409,-4.3484,-45.18
15.8,5.0438,3.6412,3.6542,0,0,0.0908,0,0.1,0.1,0.1,-12.8007,23.9305,-4.3448,-45.1,-16.372,20.3688,-4.3466,-44.9,-16.4408,24.0224,-4.3486,-45.16
15.9,5.0438,3.6427,3.6555,0,0,0.092,0,0.1,0.1,0.1,-12.7807,23.911,-4.3448,-45.1,-16.3515,20.3487,-4.3465,-44.89,-16.4222,24.0035,-4.3488,-45.15
16.0,5.0436,3.6441,3.6553,0,0,0.0925,0,0.1,0.1,0.1,-12.7606,23.8913,-4.3449,-45.1,-16.3309,20.3289,-4.3464,-44.89,-16.4036,23.9835,-4.3488,-45.14
16.1,5.0428,3.6449,3.6537,0,0,0.0923,0,0.1,0.1,0.1,-12.7406,23.8717,-4.3452,-45.1,-16.31,20.3095,-4.3465,-44.89,-16.3844,23.9625,-4.3485,-45.13
16.2,5.042,3.6456,3.652,0,0,0.092,0,0.1,0.1,0.1,-12.7206,23.8516,-4.3456,-45.1,-16.2896,20.29,-4.3469,-44.9,-16.3651,23.9412,-4.3481,-45.12
16.3,5.0412,3.6456,3.6505,0,0,0.0916,0,0.1,0.1,0.1,-12.7008,23.8309,-4.3455,-45.1,-16.2693,20.27,-4.3475,-44.91,-16.3454,23.9197,-4.3478,-45.11
16.4,5.0402,3.645,3.6491,0,0,0.0909,0,0.1,0.1,0.1,-12.6812,23.81,-4.3453,-45.09,-16.249,20.2499,-4.348,-44.92,-16.325,23.8982,-4.3476,-45.12
16.5,5.0398,3.6439,3.6476,0,0,0.0899,0,0.1,0.1,0.1,-12.6614,23.7893,-4.3453,-45.07,-16.2291,20.2297,-4.3482,-44.93,-16.3043,23.8765,-4.3472,-45.13
16.6,5.0399,3.6422,3.6458,0,0,0.0882,0,0.1,0.1,0.1,-12.6417,23.7691,-4.3451,-45.05,-16.2096,20.2095,-4.3481,-44.92,-16.2829,23.8546,-4.3469,-45.14
16.7,5.0403,3.6399,3.645,0,0,0.0867,0,0.1,0.1,0.1,-12.622,23.7488,-4.3447,-45.04,-16.1904,20.1892,-4.3478,-44.92,-16.2609,23.8335,-4.3465,-45.14
16.8,5.0411,3.6372,3.6452,0,0,0.0854,0,0.1,0.1,0.1,-12.6023,23.7287,-4.3441,-45.04,-16.1713,20.1685,-4.3477,-44.93,-16.2385,23.8131,-4.3461,-45.15
16.9,5.0424,3.6351,3.6461,0,0,0.0845,0,0.1,0.1,0.1,-12.5828,23.7086,-4.344,-45.04,-16.1527,20.1474,-4.3476,-44.94,-16.2169,23.7929,-4.3454,-45.15
17.0,5.0436,3.6338,3.6472,0,0,0.0842,0,0.1,0.1,0.1,-12.5634,23.6884,-4.3437,-45.04,-16.134,20.1264,-4.3478,-44.96,-16.1962,23.773,-4.3447,-45.14
17.1,5.0447,3.6331,3.6484,0,0,0.0841,0,0.1,0.1,0.1,-12.5441,23.6685,-4.3434,-45.04,-16.1152,20.1053,-4.3479,-44.98,-16.1762,23.7531,-4.3437,-45.15
17.2,5.0455,3.6327,3.6492,0,0,0.0841,0,0.1,0.1,0.1,-12.5247,23.6484,-4.3436,-45.04,-16.0962,20.0845,-4.3478,-44.99,-16.1564,23.7332,-4.3427,-45.15
17.3,5.0457,3.6325,3.6492,0,0,0.084,0,0.1,0.1,0.1,-12.5052,23.6281,-4.3439,-45.03,-16.077,20.0643,-4.348,-45.0,-16.1367,23.713,-4.3418,-45.16
17.4,5.046,3.633,3.6494,0,0,0.0843,0,0.1,0.1,0.1,-12.4853,23.6078,-4.3444,-45.03,-16.0577,20.0442,-4.3483,-45.02,-16.1173,23.6931,-4.341,-45.17
17.5,5.0461,3.6342,3.6493,0,0,0.0848,0,0.1,0.1,0.1,-12.465,23.5877,-4.345,-45.02,-16.0381,20.0245,-4.3486,-45.03,-16.0983,23.6734,-4.3406,-45.18
17.6,5.0462,3.6359,3.649,0,0,0.0853,0,0.1,0.1,0.1,-12.4447,23.568,-4.3456,-45.0,-16.0183,20.0052,-4.3489,-45.04,-16.0796,23.6537,-4.3405,-45.17
17.7,5.0462,3.6377,3.6487,0,0,0.0859,0,0.1,0.1,0.1,-12.4242,23.5486,-4.346,-44.98,-15.9981,19.9861,-4.3494,-45.03,-16.0609,23.6343,-4.3405,-45.17
17.8,5.0461,3.6395,3.6486,0,0,0.0867,0,0.1,0.1,0.1,-12.4036,23.5291,-4.3463,-44.96,-15.9781,19.9673,-4.3498,-45.03,-16.0421,23.6153,-4.3405,-45.16
17.9,5.0459,3.6412,3.6484,0,0,0.0874,0,0.1,0.1,0.1,-12.3834,23.5094,-4.3465,-44.95,-15.9585,19.9485,-4.35,-45.04,-16.0235,23.5963,-4.3404,-45.15
18.0,5.0455,3.6427,3.6477,0,0,0.0879,0,0.1,0.1,0.1,-12.3635,23.4897,-4.3466,-44.93,-15.9391,19.93,-4.3499,-45.05,-16.0051,23.5771,-4.3403,-45.14
18.1,5.0449,3.6443,3.647,0,0,0.0884,0,0.1,0.1,0.1,-12.3437,23.4699,-4.3465,-44.93,-15.9196,19.9113,-4.3497,-45.06,-15.9869,23.5577,-4.3405,-45.13
18.2,5.0444,3.6458,3.646,0,0,0.0887,0,0.1,0.1,0.1,-12.324,23.4501,-4.3464,-44.93,-15.9002,19.8925,-4.3495,-45.07,-15.9687,23.5379,-4.3407,-45.12
18.3,5.044,3.6473,3.6445,0,0,0.0888,0,0.1,0.1,0.1,-12.3041,23.4307,-4.346,-44.94,-15.8807,19.874,-4.3493,-45.08,-15.9504,23.5178,-4.3407,-45.11
18.4,5.0436,3.6488,3.6424,0,0,0.0886,0,0.1,0.1,0.1,-12.2842,23.4114,-4.3454,-44.93,-15.8609,19.8555,-4.3493,-45.09,-15.9319,23.4972,-4.3406,-45.09
18.5,5.0433,3.6502,3.6397,0,0,0.088,0,0.1,0.1,0.1,-12.2641,23.3923,-4.3451,-44.92,-15.8408,19.8367,-4.3491,-45.1,-15.9134,23.4757,-4.3405,-45.08
18.6,5.0427,3.651,3.6369,0,0,0.0873,0,0.1,0.1,0.1,-12.2442,23.3732,-4.3445,-44.9,-15.8203,19.818,-4.349,-45.1,-15.8943,23.4541,-4.3408,-45.07
18.7,5.0419,3.6519,3.6347,0,0,0.087,0,0.1,0.1,0.1,-12.2241,23.3535,-4.3438,-44.9,-15.7998,19.799,-4.3486,-45.11,-15.8751,23.4329,-4.3411,-45.06
18.8,5.041,3.6529,3.6336,0,0,0.0872,0,0.1,0.1,0.1,-12.2038,23.3334,-4.343,-44.91,-15.7792,19.7797,-4.3482,-45.11,-15.8558,23.4125,-4.3413,-45.05
18.9,5.0396,3.6535,3.6333,0,0,0.0878,0,0.1,0.1,0.1,-12.1841,23.3131,-4.3424,-44.91,-15.7585,19.7605,-4.3479,-45.1,-15.8367,23.393,-4.3417,-45.03
19.0,5.0378,3.6534,3.6335,0,0,0.0885,0,0.1,0.1,0.1,-12.165,23.2929,-4.3423,-44.9,-15.7377,19.7412,-4.3476,-45.1,-15.8175,23.3738,-4.3424,-45.02
19.1,5.0361,3.6526,3.6339,0,0,0.0888,0,0.1,0.1,0.1,-12.146,23.2727,-4.3422,-44.89,-15.7169,19.7215,-4.3472,-45.09,-15.7977,23.3545,-4.3429,-45.02
19.2,5.0352,3.6509,3.6347,0,0,0.0886,0,0.1,0.1,0.1,-12.1269,23.2525,-4.342,-44.87,-15.6965,19.7013,-4.347,-45.08,-15.7768,23.3352,-4.3429,-45.03
19.3,5.0347,3.6483,3.6361,0,0,0.0881,0,0.1,0.1,0.1,-12.1076,23.2325,-4.3417,-44.85,-15.6761,19.6808,-4.3467,-45.07,-15.7549,23.316,-4.3426,-45.04
19.4,5.0342,3.6446,3.6374,0,0,0.0872,0,0.1,0.1,0.1,-12.0885,23.2127,-4.3415,-44.84,-15.6555,19.6603,-4.3466,-45.07,-15.7322,23.2969,-4.3422,-45.04
19.5,5.0339,3.6407,3.6385,0,0,0.086,0,0.1,0.1,0.1,-12.0693,23.1932,-4.3412,-44.83,-15.6349,19.6398,-4.3466,-45.07,-15.709,23.2776,-4.342,-45.04
19.6,5.0338,3.6371,3.6394,0,0,0.0848,0,0.1,0.1,0.1,-12.05,23.174,-4.3411,-44.83,-15.6143,19.6194,-4.3467,-45.07,-15.6861,23.2581,-4.3421,-45.04
19.7,5.0335,3.6345,3.6398,0,0,0.0839,0,0.1,0.1,0.1,-12.0305,23.1545,-4.3412,-44.83,-15.5936,19.5992,-4.3467,-45.06,-15.664,23.2382,-4.3424,-45.03
19.8,5.0333,3.633,3.6398,0,0,0.0833,0,0.1,0.1,0.1,-12.0106,23.1347,-4.3413,-44.83,-15.5731,19.579,-4.3465,-45.06,-15.6426,23.2181,-4.3427,-45.03
19.9,5.0334,3.6322,3.6397,0,0,0.0829,0,0.1,0.1,0.1,-11.9908,23.115,-4.3414,-44.84,-15.5528,19.5587,-4.3465,-45.07,-15.6221,23.1977,-4.3431,-45.02
20.0,5.0332,3.6323,3.6394,0,0,0.0828,0,0.1,0.1,0.1,-11.9711,23.0952,-4.3418,-44.85,-15.5322,19.5383,-4.3463,-45.08,-15.6025,23.177,-4.3437,-45.01
20.1,5.0334,3.6333,3.6387,0,0,0.0829,0,0.1,0.1,0.1,-11.9513,23.0758,-4.3422,-44.86,-15.5118,19.5179,-4.346,-45.08,-15.5838,23.1559,-4.3441,-45.0
20.2,5.0337,3.6343,3.6379,0,0,0.0828,0,0.1,0.1,0.1,-11.9317,23.0564,-4.3425,-44.86,-15.4915,19.4976,-4.3459,-45.09,-15.5651,23.1347,-4.3445,-45.01
20.3,5.0344,3.6354,3.6371,0,0,0.0827,0,0.1,0.1,0.1,-11.9118,23.037,-4.343,-44.86,-15.4716,19.477,-4.346,-45.1,-15.5464,23.1133,-4.3449,-45.01
20.4,5.0353,3.6365,3.6366,0,0,0.0828,0,0.1,0.1,0.1,-11.8916,23.0172,-4.3438,-44.87,-15.4517,19.4564,-4.346,-45.11,-15.5273,23.0922,-4.3456,-45.0
20.5,5.0362,3.6379,3.6374,0,0,0.0835,0,0.1,0.1,0.1,-11.871,22.9969,-4.3448,-44.9,-15.4319,19.4355,-4.3459,-45.12,-15.5081,23.0721,-4.3466,-45.01
20.6,5.0369,3.6391,3.639,0,0,0.0846,0,0.1,0.1,0.1,-11.8505,22.9765,-4.3455,-44.92,-15.4119,19.4146,-4.3455,-45.12,-15.4888,23.0528,-4.3477,-45.01
20.7,5.0372,3.6394,3.6413,0,0,0.0857,0,0.1,0.1,0.1,-11.8306,22.9558,-4.3459,-44.94,-15.392,19.3936,-4.3454,-45.11,-15.4691,23.0341,-4.3489,-45.01
20.8,5.0368,3.6389,3.6439,0,0,0.0868,0,0.1,0.1,0.1,-11.8111,22.935,-4.346,-44.96,-15.3718,19.3726,-4.3452,-45.1,-15.449,23.0157,-4.3501,-45.01
20.9,5.0364,3.6386,3.6469,0,0,0.0882,0,0.1,0.1,0.1,-11.7914,22.9146,-4.346,-44.97,-15.3513,19.3519,-4.3451,-45.09,-15.4291,22.9979,-4.3514,-45.0
21.0,5.0365,3.639,3.6492,0,0,0.0895,0,0.1,0.1,0.1,-11.7715,22.8943,-4.346,-44.97,-15.3311,19.3313,-4.3452,-45.09,-15.4094,22.9797,-4.3526,-45.0
21.1,5.037,3.64,3.6511,0,0,0.0907,0,0.1,0.1,0.1,-11.7513,22.8744,-4.346,-44.97,-15.3109,19.3105,-4.3452,-45.09,-15.3903,22.9608,-4.3536,-45.0
21.2,5.0376,3.6407,3.6521,0,0,0.0913,0,0.1,0.1,0.1,-11.7313,22.8547,-4.3461,-44.98,-15.2909,19.29,-4.3455,-45.1,-15.371,22.9413,-4.3541,-45.0
21.3,5.038,3.6407,3.6524,0,0,0.0914,0,0.1,0.1,0.1,-11.7117,22.8351,-4.3461,-44.99,-15.2711,19.2698,-4.346,-45.13,-15.3513,22.9213,-4.3541,-44.99
21.4,5.0381,3.6401,3.6525,0,0,0.091,0,0.1,0.1,0.1,-11.6921,22.8155,-4.3462,-44.99,-15.251,19.2494,-4.3463,-45.14,-15.3312,22.901,-4.3537,-44.98
21.5,5.0382,3.6389,3.6525,0,0,0.0904,0,0.1,0.1,0.1,-11.6729,22.7959,-4.3462,-44.99,-15.2311,19.2291,-4.347,-45.16,-15.3108,22.8806,-4.3531,-44.97
21.6,5.0387,3.638,3.6522,0,0,0.0897,0,0.1,0.1,0.1,-11.6534,22.7766,-4.3462,-44.99,-15.2115,19.2088,-4.348,-45.18,-15.2905,22.8602,-4.3526,-44.96
21.7,5.0396,3.6376,3.6517,0,0,0.089,0,0.1,0.1,0.1,-11.6341,22.7573,-4.3459,-44.99,-15.1921,19.1883,-4.3491,-45.2,-15.2708,22.8391,-4.3518,-44.94
21.8,5.0401,3.6376,3.6509,0,0,0.0884,0,0.1,0.1,0.1,-11.6148,22.7377,-4.3457,-44.99,-15.1728,19.1678,-4.35,-45.22,-15.2516,22.8179,-4.3511,-44.93
21.9,5.0402,3.6378,3.6498,0,0,0.0879,0,0.1,0.1,0.1,-11.5957,22.7176,-4.3457,-44.99,-15.1533,19.1474,-4.3505,-45.24,-15.2326,22.7963,-4.3504,-44.92
22.0,5.0403,3.6376,3.6488,0,0,0.0873,0,0.1,0.1,0.1,-11.5766,22.6975,-4.3458,-44.99,-15.134,19.1268,-4.3507,-45.25,-15.2133,22.7748,-4.3498,-44.92
22.1,5.0405,3.637,3.6485,0,0,0.0869,0,0.1,0.1,0.1,-11.5576,22.6772,-4.3458,-44.99,-15.1146,19.1059,-4.3507,-45.24,-15.1938,22.7535,-4.3491,-44.91
22.2,5.0402,3.6362,3.6482,0,0,0.0864,0,0.1,0.1,0.1,-11.5388,22.657,-4.3459,-44.99,-15.0946,19.085,-4.3508,-45.23,-15.1742,22.7323,-4.3485,-44.9
22.3,5.0397,3.6351,3.6476,0,0,0.0858,0,0.1,0.1,0.1,-11.5198,22.6373,-4.3459,-44.98,-15.0739,19.0642,-4.3507,-45.21,-15.1542,22.7109,-4.348,-44.89
22.4,5.0397,3.6344,3.6469,0,0,0.0851,0,0.1,0.1,0.1,-11.5003,22.618,-4.346,-44.98,-15.0531,19.0435,-4.3504,-45.19,-15.134,22.6895,-4.3475,-44.89
22.5,5.0403,3.6341,3.6458,0,0,0.0843,0,0.1,0.1,0.1,-11.4806,22.5992,-4.3461,-44.99,-15.0322,19.0228,-4.3499,-45.17,-15.1141,22.6677,-4.347,-44.89
22.6,5.0409,3.6342,3.6452,0,0,0.0839,0,0.1,0.1,0.1,-11.461,22.5808,-4.3464,-44.99,-15.011,19.0019,-4.3493,-45.16,-15.0946,22.6461,-4.3466,-44.9
22.7,5.0413,3.6345,3.6451,0,0,0.0839,0,0.1,0.1,0.1,-11.4412,22.5623,-4.3466,-44.99,-14.9895,18.9813,-4.3486,-45.14,-15.0751,22.6254,-4.3463,-44.91
22.8,5.0415,3.6351,3.6458,0,0,0.0845,0,0.1,0.1,0.1,-11.4212,22.5437,-4.3468,-45.0,-14.968,18.9608,-4.3479,-45.12,-15.0558,22.6056,-4.3462,-44.92
22.9,5.0416,3.6364,3.6476,0,0,0.0858,1,0.1,0.1,0.1,-11.4,22.5233,-4.3467,-44.69,-14.9468,18.9403,-4.3473,-45.09,-15.0358,22.5868,-4.346,-44.92
23.0,5.0414,3.6388,3.6501,0,0,0.0881,1,0.1,0.1,0.1,-11.3769,22.5005,-4.3458,-43.93,-14.9258,18.9199,-4.3471,-45.08,-15.015,22.5689,-4.3457,-44.93
23.1,5.0412,3.6426,3.6523,0,0,0.0909,1,0.1,0.1,0.1,-11.3517,22.4762,-4.3441,-42.77,-14.9048,18.9,-4.3471,-45.07,-14.9936,22.5512,-4.3455,-44.94
23.2,5.0412,3.6475,3.6538,0,0,0.0939,1,0.1,0.1,0.1,-11.325,22.451,-4.3422,-41.26,-14.8839,18.8806,-4.3475,-45.08,-14.9716,22.5333,-4.3454,-44.95
23.3,5.0409,3.6528,3.6542,0,0,0.0966,1,0.1,0.1,0.1,-11.2974,22.425,-4.3401,-39.53,-14.8628,18.8614,-4.3477,-45.08,-14.9491,22.5146,-4.3453,-44.95
23.4,5.0404,3.6577,3.6543,0,0,0.0991,1,0.1,0.1,0.1,-11.27,22.3983,-4.3378,-37.68,-14.8415,18.8417,-4.3476,-45.07,-14.9264,22.495,-4.3454,-44.96
23.5,5.0396,3.663,3.6541,0,0,0.1017,1,0.1,0.1,0.1,-11.2428,22.3713,-4.3355,-35.77,-14.8202,18.8217,-4.3476,-45.05,-14.9043,22.4748,-4.3455,-44.97
23.6,5.0388,3.6688,3.6533,0,0,0.1043,1,0.1,0.1,0.1,-11.2156,22.3439,-4.3331,-33.84,-14.7991,18.8016,-4.3479,-45.04,-14.8827,22.454,-4.3454,-44.97
23.7,5.038,3.6743,3.6524,0,0,0.1067,1,0.1,0.1,0.1,-11.1885,22.3162,-4.331,-31.93,-14.7785,18.7816,-4.3481,-45.02,-14.8609,22.4331,-4.3453,-44.97
23.8,5.0373,3.6791,3.6513,0,0,0.1087,1,0.1,0.1,0.1,-11.1613,22.2883,-4.3289,-30.04,-14.7583,18.7619,-4.3485,-45.01,-14.8383,22.4123,-4.3454,-44.97
23.9,5.0368,3.6839,3.6501,0,0,0.1106,1,0.1,0.1,0.1,-11.1341,22.2602,-4.3267,-28.21,-14.7386,18.7421,-4.349,-45.0,-14.8156,22.3914,-4.3454,-44.97
24.0,5.0363,3.689,3.6488,0,0,0.1126,1,0.1,0.1,0.1,-11.107,22.2319,-4.3246,-26.43,-14.719,18.7223,-4.3497,-44.99,-14.7934,22.3704,-4.3454,-44.96
24.1,5.0355,3.695,3.6473,0,0,0.1149,1,0.1,0.1,0.1,-11.0802,22.2032,-4.3226,-24.71,-14.6996,18.7024,-4.3505,-44.99,-14.7722,22.349,-4.345,-44.96
24.2,5.0339,3.7012,3.6455,0,0,0.1174,1,0.1,0.1,0.1,-11.0537,22.174,-4.3204,-23.06,-14.68,18.6827,-4.3513,-45.0,-14.7516,22.3275,-4.3443,-44.96
24.3,5.0323,3.7074,3.6433,0,0,0.1198,1,0.1,0.1,0.1,-11.0274,22.1445,-4.3182,-21.48,-14.6608,18.663,-4.352,-45.0,-14.7312,22.3056,-4.344,-44.97
24.4,5.0309,3.7137,3.6409,0,0,0.1231,1,0.1,0.1,0.1,-11.0012,22.1148,-4.3161,-19.97,-14.6421,18.6431,-4.3526,-45.01,-14.7109,22.2834,-4.3441,-44.97
24.5,5.0298,3.7202,3.6388,0,0,0.1303,1,0.1,0.1,0.1,-10.9751,22.0852,-4.3141,-18.54,-14.6233,18.6229,-4.353,-45.02,-14.6911,22.261,-4.3444,-44.97
24.6,5.0294,3.727,3.6368,0,0,0.1373,1,0.1,0.1,0.1,-10.9491,22.0557,-4.312,-17.17,-14.6049,18.602,-4.3532,-45.02,-14.6715,22.2382,-4.3449,-44.96
24.7,5.0286,3.7339,3.6347,0,0,0.1447,1,0.1,0.1,0.1,-10.9231,22.0257,-4.3099,-15.87,-14.5866,18.5814,-4.3536,-45.02,-14.6519,22.2155,-4.3452,-44.97
24.8,5.0278,3.7401,3.6331,0,0,0.152,1,0.1,0.1,0.1,-10.8974,21.9955,-4.3082,-14.65,-14.5686,18.5605,-4.354,-45.01,-14.6321,22.193,-4.3455,-44.97
24.9,5.0266,3.746,3.6319,0,0,0.159,1,0.1,0.1,0.1,-10.8721,21.9651,-4.3063,-13.5,-14.5502,18.5393,-4.354,-45.0,-14.6123,22.1707,-4.3457,-44.96
25.0,5.025,3.7519,3.6311,0,0,0.166,1,0.1,0.1,0.1,-10.8471,21.9346,-4.3043,-12.41,-14.5315,18.518,-4.3536,-44.99,-14.5926,22.1486,-4.3459,-44.95
25.1,5.0232,3.758,3.6304,0,0,0.173,1,0.1,0.1,0.1,-10.8222,21.9041,-4.3026,-11.37,-14.5128,18.4968,-4.3527,-44.99,-14.5734,22.1267,-4.3462,-44.93
25.2,5.0211,3.7639,3.6292,0,0,0.1797,1,0.1,0.1,0.1,-10.7976,21.8737,-4.3011,-10.38,-14.4939,18.4757,-4.3518,-45.0,-14.5541,22.1045,-4.3462,-44.92
25.3,5.0186,3.7695,3.6283,0,0,0.1864,1,0.1,0.1,0.1,-10.773,21.8428,-4.2997,-9.44,-14.4747,18.4544,-4.3508,-45.0,-14.5346,22.0822,-4.346,-44.92
25.4,5.0162,3.7751,3.6277,0,0,0.1931,1,0.1,0.1,0.1,-10.7484,21.8119,-4.2986,-8.55,-14.4554,18.433,-4.3498,-45.01,-14.515,22.0602,-4.3458,-44.91
25.5,5.0128,3.7798,3.6279,0,0,0.1995,1,0.1,0.1,0.1,-10.7242,21.7809,-4.2977,-7.7,-14.4353,18.4115,-4.349,-45.02,-14.4948,22.0388,-4.3454,-44.9
25.6,5.0088,3.7835,3.6282,0,0,0.2056,1,0.1,0.1,0.1,-10.7001,21.7499,-4.2969,-6.89,-14.4145,18.39,-4.3486,-45.03,-14.4739,22.0177,-4.3449,-44.9
25.7,5.0045,3.7872,3.6287,0,0,0.2116,1,0.1,0.1,0.1,-10.6761,21.7188,-4.2964,-6.11,-14.3931,18.3683,-4.3482,-45.03,-14.4528,21.9965,-4.3445,-44.9
25.8,4.9997,3.7906,3.6292,0,0,0.2174,1,0.1,0.1,0.1,-10.6522,21.6876,-4.2961,-5.38,-14.3715,18.3468,-4.3477,-45.03,-14.4315,21.9755,-4.3437,-44.9
25.9,4.9945,3.794,3.6295,0,0,0.2232,1,0.1,0.1,0.1,-10.6283,21.6566,-4.2958,-4.68,-14.3492,18.3254,-4.3474,-45.01,-14.4103,21.9544,-4.3428,-44.9
26.0,4.9891,3.7976,3.6294,0,0,0.229,1,0.1,0.1,0.1,-10.6043,21.6256,-4.2954,-4.01,-14.3267,18.3041,-4.3471,-44.98,-14.3891,21.933,-4.3423,-44.91
26.1,4.9839,3.8011,3.6288,0,0,0.2349,1,0.1,0.1,0.1,-10.58,21.5943,-4.2951,-3.38,-14.3043,18.2828,-4.347,-44.97,-14.3677,21.9111,-4.342,-44.92
26.2,4.9789,3.8046,3.628,0,0,0.2408,1,0.1,0.1,0.1,-10.5556,21.5631,-4.2945,-2.78,-14.2819,18.2615,-4.347,-44.96,-14.346,21.889,-4.3414,-44.92
26.3,4.9743,3.8082,3.6277,0,0,0.2469,1,0.1,0.1,0.1,-10.531,21.5318,-4.2941,-2.2,-14.2599,18.24,-4.3467,-44.96,-14.3241,21.8672,-4.3407,-44.92
26.4,4.9694,3.8117,3.6279,0,0,0.253,1,0.1,0.1,0.1,-10.5066,21.5003,-4.2936,-1.66,-14.2376,18.2183,-4.3462,-44.94,-14.3023,21.8456,-4.3399,-44.92
26.5,4.9647,3.8154,3.6275,0,0,0.2591,1,0.1,0.1,0.1,-10.4818,21.4687,-4.2933,-1.15,-14.2152,18.1965,-4.3459,-44.92,-14.2804,21.8235,-4.3392,-44.92
26.6,4.9601,3.8195,3.6266,0,0,0.2653,1,0.1,0.1,0.1,-10.4566,21.4369,-4.2932,-0.65,-14.1927,18.1747,-4.3458,-44.88,-14.2585,21.8007,-4.339,-44.91
26.7,4.96,3.8238,3.6253,0,0,0.2687,1,0.1,0.1,0.1,-10.4308,21.4106,-4.293,-0.2,-14.1704,18.1527,-4.3456,-44.86,-14.2367,21.7774,-4.3385,-44.9
26.8,4.9662,3.8277,3.6237,0,0,0.2679,1,0.1,0.1,0.1,-10.4044,21.3928,-4.2931,0.23,-14.1486,18.1307,-4.3454,-44.85,-14.2147,21.7538,-4.338,-44.89
26.9,4.977,3.8309,3.6222,0,0,0.2636,1,0.1,0.1,0.1,-10.3778,21.3817,-4.2933,0.65,-14.1268,18.1087,-4.3453,-44.85,-14.1927,21.7302,-4.3378,-44.89
27.0,4.9915,3.8336,3.6205,0,0,0.2571,1,0.1,0.1,0.1,-10.3511,21.3757,-4.2928,1.05,-14.1053,18.0866,-4.345,-44.86,-14.1702,21.7066,-4.3376,-44.89
27.1,5.0089,3.8364,3.6187,0,0,0.2494,1,0.1,0.1,0.1,-10.3241,21.3734,-4.2923,1.44,-14.0842,18.0646,-4.3446,-44.88,-14.1478,21.6827,-4.3376,-44.89
27.2,5.0289,3.8397,3.6175,0,0,0.2412,1,0.1,0.1,0.1,-10.2969,21.3742,-4.2919,1.8,-14.0634,18.0424,-4.3445,-44.9,-14.1257,21.6594,-4.3374,-44.89
27.3,5.0504,3.843,3.6163,0,0,0.2327,1,0.1,0.1,0.1,-10.2696,21.3775,-4.2915,2.16,-14.0422,18.0203,-4.3447,-44.92,-14.1037,21.6361,-4.3372,-44.9
27.4,5.0729,3.8467,3.6153,0,0,0.2248,1,0.1,0.1,0.1,-10.2421,21.3825,-4.2913,2.51,-14.0208,17.9982,-4.3449,-44.93,-14.0817,21.613,-4.3372,-44.91
27.5,5.0963,3.8507,3.615,0,0,0.2181,1,0.1,0.1,0.1,-10.2142,21.3888,-4.2909,2.84,-13.9989,17.9763,-4.3451,-44.94,-14.0593,21.5908,-4.3374,-44.9
27.6,5.12,3.855,3.6147,0,0,0.2127,1,0.1,0.1,0.1,-10.1859,21.3961,-4.2909,3.14,-13.9766,17.9549,-4.3454,-44.94,-14.0368,21.569,-4.3376,-44.89
27.7,5.1442,3.8598,3.6146,0,0,0.209,1,0.1,0.1,0.1,-10.1576,21.4038,-4.2913,3.42,-13.9543,17.9333,-4.3458,-44.94,-14.0144,21.5474,-4.3376,-44.87
27.8,5.1684,3.8646,3.6146,0,0,0.2071,1,0.1,0.1,0.1,-10.1293,21.4117,-4.2917,3.69,-13.9322,17.9119,-4.3459,-44.95,-13.9919,21.526,-4.3379,-44.86
27.9,5.1929,3.8695,3.6146,0,0,0.2073,1,0.1,0.1,0.1,-10.101,21.4195,-4.2922,3.94,-13.9105,17.8909,-4.346,-44.95,-13.9693,21.505,-4.3382,-44.85
28.0,5.2176,3.8746,3.6145,0,0,0.2093,1,0.1,0.1,0.1,-10.0728,21.4278,-4.2926,4.18,-13.889,17.8701,-4.3457,-44.96,-13.9467,21.4841,-4.3387,-44.85
28.1,5.2425,3.8796,3.6143,0,0,0.2131,1,0.1,0.1,0.1,-10.0445,21.4365,-4.2934,4.4,-13.8676,17.8497,-4.3454,-44.96,-13.9238,21.4635,-4.3389,-44.87
28.2,5.2667,3.8842,3.6139,0,0,0.2182,1,0.1,0.1,0.1,-10.0165,21.445,-4.2944,4.6,-13.846,17.8296,-4.345,-44.95,-13.9005,21.4431,-4.3393,-44.88
28.3,5.2904,3.889,3.6131,0,0,0.2248,1,0.1,0.1,0.1,-9.9887,21.4534,-4.2948,4.79,-13.8244,17.81,-4.3447,-44.94,-13.8774,21.4227,-4.3395,-44.9
28.4,5.3137,3.8942,3.6124,0,0,0.2328,1,0.1,0.1,0.1,-9.961,21.4614,-4.2949,4.97,-13.8028,17.7906,-4.3444,-44.94,-13.8545,21.4026,-4.3396,-44.91
28.5,5.3371,3.8994,3.6119,0,0,0.2419,1,0.1,0.1,0.1,-9.933,21.4689,-4.2946,5.14,-13.7815,17.7715,-4.3439,-44.92,-13.8312,21.3831,-4.3397,-44.9
28.6,5.3604,3.9045,3.6117,0,0,0.2519,1,0.1,0.1,0.1,-9.905,21.4766,-4.2946,5.3,-13.7605,17.7528,-4.3437,-44.91,-13.8077,21.3642,-4.3396,-44.9
28.7,5.3836,3.9094,3.61,0,0,0.2629,1,0.1,0.1,0.1,-9.8767,21.4843,-4.2945,5.45,-13.7393,17.7345,-4.3439,-44.89,-13.7833,21.3442,-4.3389,-44.58
28.8,5.4064,3.9134,3.6063,0,0,0.2743,1,0.1,0.1,0.1,-9.8482,21.4919,-4.2944,5.6,-13.7174,17.7162,-4.3444,-44.88,-13.7577,21.3223,-4.3378,-43.82
28.9,5.4287,3.917,3.6008,0,0,0.2865,1,0.1,0.1,0.1,-9.8196,21.4994,-4.2944,5.75,-13.695,17.6981,-4.3449,-44.86,-13.7312,21.2987,-4.3366,-42.65
29.0,5.4508,3.9205,3.5939,0,0,0.2994,1,0.1,0.1,0.1,-9.791,21.5069,-4.2948,5.9,-13.6725,17.6803,-4.3456,-44.84,-13.7044,21.2741,-4.3355,-41.14
29.1,5.4726,3.9238,3.5862,0,0,0.3128,1,0.1,0.1,0.1,-9.7625,21.5143,-4.2954,6.05,-13.65,17.6627,-4.3461,-44.83,-13.6771,21.2488,-4.3344,-39.42
29.2,5.4942,3.9268,3.5773,0,0,0.3267,1,0.1,0.1,0.1,-9.7341,21.5214,-4.2957,6.19,-13.6276,17.6454,-4.3468,-44.83,-13.6493,21.2226,-4.3328,-37.57
29.3,5.5153,3.9295,3.5675,0,0,0.3411,1,0.1,0.1,0.1,-9.7058,21.5282,-4.2954,6.31,-13.6051,17.6279,-4.3471,-44.83,-13.6211,21.1953,-4.3309,-35.66
29.4,5.5373,3.933,3.5578,0,0,0.3563,1,0.1,0.1,0.1,-9.6774,21.5344,-4.2947,6.43,-13.5831,17.6097,-4.3476,-44.84,-13.593,21.1675,-4.3288,-33.74
29.5,5.5592,3.9369,3.5478,0,0,0.3719,1,0.1,0.1,0.1,-9.6488,21.5403,-4.2942,6.54,-13.5615,17.5915,-4.3483,-44.86,-13.5651,21.1393,-4.3268,-31.83
29.6,5.5808,3.9417,3.5372,0,0,0.388,1,0.1,0.1,0.1,-9.6203,21.5458,-4.294,6.65,-13.5396,17.5733,-4.3486,-44.88,-13.5378,21.1103,-4.3249,-29.96
29.7,5.6022,3.9474,3.5265,0,0,0.4045,1,0.1,0.1,0.1,-9.5918,21.5514,-4.2936,6.75,-13.5172,17.5548,-4.3488,-44.91,-13.511,21.0811,-4.3228,-28.16
29.8,5.6236,3.9539,3.516,0,0,0.4214,1,0.1,0.1,0.1,-9.5632,21.5568,-4.2927,6.85,-13.4947,17.5362,-4.3489,-44.93,-13.4846,21.052,-4.3208,-26.41
29.9,5.6447,3.9609,3.5052,0,0,0.4384,1,0.1,0.1,0.1,-9.5344,21.5622,-4.292,6.93,-13.4718,17.5178,-4.349,-44.95,-13.4583,21.0229,-4.3193,-24.73
30.0,5.6658,3.9683,3.4943,0,0,0.4558,1,0.1,0.1,0.1,-9.5056,21.5674,-4.2914,7.0,-13.4486,17.4992,-4.3491,-44.97,-13.4321,20.9933,-4.3178,-23.11
30.1,5.6871,3.9762,3.4835,0,0,0.4735,1,0.1,0.1,0.1,-9.4768,21.5726,-4.2913,7.07,-13.4252,17.4801,-4.3492,-44.98,-13.4059,20.9633,-4.3162,-21.56
30.2,5.7086,3.9844,3.4728,0,0,0.4914,1,0.1,0.1,0.1,-9.4478,21.5778,-4.2913,7.12,-13.4019,17.4608,-4.349,-44.98,-13.3797,20.9334,-4.3148,-20.07
30.3,5.7301,3.993,3.4625,0,0,0.5095,1,0.1,0.1,0.1,-9.4188,21.583,-4.2915,7.17,-13.3783,17.4413,-4.3485,-44.98,-13.3534,20.9036,-4.3135,-18.64
30.4,5.7515,4.0021,3.4519,0,0,0.5277,1,0.1,0.1,0.1,-9.3895,21.5882,-4.2915,7.22,-13.3544,17.4222,-4.348,-44.98,-13.3272,20.8738,-4.3123,-17.28
30.5,5.7727,4.012,3.4405,0,0,0.5461,1,0.1,0.1,0.1,-9.36,21.5936,-4.2915,7.27,-13.3307,17.4038,-4.3475,-44.99,-13.3013,20.8439,-4.3107,-15.98
30.6,5.7944,4.0225,3.4289,0,0,0.5647,1,0.1,0.1,0.1,-9.3303,21.599,-4.2915,7.33,-13.3075,17.3854,-4.3466,-44.99,-13.2755,20.814,-4.309,-14.74
30.7,5.8161,4.0336,3.417,0,0,0.5835,1,0.1,0.1,0.1,-9.3006,21.6043,-4.2916,7.39,-13.2844,17.3672,-4.3455,-45.01,-13.2498,20.7838,-4.3073,-13.57
30.8,5.8374,4.0449,3.4044,0,0,0.6022,1,0.1,0.1,0.1,-9.2708,21.6094,-4.2916,7.44,-13.2613,17.3494,-4.3445,-45.02,-13.2241,20.7534,-4.3054,-12.45
30.9,5.8584,4.057,3.3913,0,0,0.6209,1,0.1,0.1,0.1,-9.2408,21.6144,-4.2917,7.49,-13.2383,17.3321,-4.3439,-45.04,-13.1986,20.723,-4.3034,-11.39
31.0,5.8798,4.0695,3.378,0,0,0.6399,1,0.1,0.1,0.1,-9.2108,21.6195,-4.2919,7.54,-13.2156,17.3148,-4.3433,-45.06,-13.1732,20.6923,-4.3018,-10.38
31.1,5.9011,4.0823,3.364,0,0,0.6588,1,0.1,0.1,0.1,-9.1806,21.6246,-4.2921,7.58,-13.1931,17.2979,-4.3425,-45.06,-13.1477,20.6614,-4.3005,-9.42
31.2,5.923,4.0955,3.3514,0,0,0.6783,1,0.1,0.1,0.1,-9.1505,21.6298,-4.2924,7.64,-13.1696,17.2794,-4.3412,-44.75,-13.1221,20.6302,-4.2994,-8.51
31.3,5.9459,4.1093,3.3412,0,0,0.6987,1,0.1,0.1,0.1,-9.1205,21.6352,-4.2924,7.69,-13.1445,17.2581,-4.3398,-43.99,-13.097,20.5987,-4.2983,-7.64
31.4,5.9693,4.1241,3.3326,0,0,0.7196,1,0.1,0.1,0.1,-9.0904,21.6405,-4.2919,7.74,-13.118,17.235,-4.3382,-42.82,-13.0722,20.567,-4.297,-6.81
31.5,5.9926,4.1393,3.3248,0,0,0.7408,1,0.1,0.1,0.1,-9.0602,21.6458,-4.2914,7.78,-13.09,17.2107,-4.3364,-41.31,-13.0477,20.535,-4.2957,-6.03
31.6,6.0163,4.1545,3.3184,0,0,0.7622,1,0.1,0.1,0.1,-9.03,21.651,-4.2909,7.83,-13.0613,17.1853,-4.3345,-39.59,-13.0228,20.5031,-4.2948,-5.29
31.7,6.0403,4.1701,3.3127,0,0,0.7839,1,0.1,0.1,0.1,-9.0,21.6561,-4.29,7.89,-13.0322,17.1589,-4.3329,-37.74,-12.9982,20.4712,-4.2941,-4.59
31.8,6.065,4.1861,3.3075,0,0,0.806,1,0.1,0.1,0.1,-8.9702,21.6613,-4.2891,7.93,-13.0034,17.1319,-4.3312,-35.82,-12.9739,20.439,-4.2934,-3.94
31.9,6.0902,4.2023,3.3027,0,0,0.8283,1,0.1,0.1,0.1,-8.9406,21.6664,-4.2884,7.96,-12.9749,17.1043,-4.3294,-33.9,-12.9496,20.4067,-4.2927,-3.33
32.0,6.1158,4.2189,3.2979,0,0,0.8507,1,0.1,0.1,0.1,-8.911,21.6712,-4.2879,8.0,-12.947,17.0764,-4.3272,-31.99,-12.9255,20.3741,-4.2918,-2.74
32.1,6.1415,4.2354,3.2934,0,0,0.8731,1,0.1,0.1,0.1,-8.8817,21.6757,-4.2878,8.02,-12.9194,17.0482,-4.3251,-30.11,-12.9014,20.3414,-4.2912,-2.18
32.2,6.1679,4.2522,3.2894,0,0,0.8958,1,0.1,0.1,0.1,-8.8525,21.6804,-4.2881,8.04,-12.8924,17.0197,-4.323,-28.28,-12.8774,20.3089,-4.2908,-1.65
32.3,6.1952,4.269,3.286,0,0,0.9187,1,0.1,0.1,0.1,-8.8235,21.6853,-4.2888,8.06,-12.8659,16.9907,-4.3207,-26.5,-12.8534,20.2766,-4.2902,-1.13
32.4,6.2231,4.286,3.2831,0,0,0.9419,1,0.1,0.1,0.1,-8.7943,21.6901,-4.2893,8.07,-12.8396,16.9613,-4.3182,-24.79,-12.8291,20.2442,-4.2893,-0.64
32.5,6.2516,4.3032,3.2805,0,0,0.9653,1,0.1,0.1,0.1,-8.765,21.695,-4.2899,8.09,-12.8135,16.9314,-4.3159,-23.16,-12.8045,20.2118,-4.2883,-0.17
32.6,6.2804,4.3207,3.278,0,0,0.9888,1,0.1,0.1,0.1,-8.7356,21.6998,-4.2907,8.12,-12.7875,16.9013,-4.314,-21.59,-12.7799,20.1793,-4.2877,0.27
32.7,6.3098,4.3386,3.2755,0,0,1.0125,1,0.1,0.1,0.1,-8.7062,21.7044,-4.2915,8.14,-12.7622,16.871,-4.3123,-20.08,-12.7554,20.1464,-4.2875,0.69
32.8,6.34,4.3569,3.2733,0,0,1.0365,1,0.1,0.1,0.1,-8.6768,21.7093,-4.292,8.16,-12.7374,16.8403,-4.3107,-18.65,-12.7309,20.1136,-4.2872,1.09
32.9,6.3702,4.3748,3.2715,0,0,1.0605,1,0.1,0.1,0.1,-8.6475,21.7143,-4.292,8.18,-12.7126,16.8097,-4.3091,-17.29,-12.706,20.0811,-4.287,1.47
33.0,6.4005,4.3922,3.2702,0,0,1.0844,1,0.1,0.1,0.1,-8.6187,21.7193,-4.2916,8.2,-12.6877,16.7788,-4.3074,-15.99,-12.6808,20.0489,-4.2868,1.84
33.1,6.4238,4.4052,3.2685,0,0,1.1037,1,0.1,0.1,0.1,-8.5931,21.7181,-4.2912,8.22,-12.6629,16.748,-4.3059,-14.75,-12.6564,20.0165,-4.2868,2.18
33.2,6.4379,4.4123,3.2671,0,0,1.1169,1,0.1,0.1,0.1,-8.5719,21.7083,-4.2915,8.23,-12.6383,16.7173,-4.3049,-13.56,-12.6334,19.9843,-4.2866,2.5
33.3,6.4442,4.4147,3.2655,0,0,1.125,1,0.1,0.1,0.1,-8.5542,21.6916,-4.2919,8.23,-12.6136,16.6867,-4.3041,-12.44,-12.6118,19.9522,-4.2868,2.81
33.4,6.4448,4.4139,3.2639,0,0,1.1293,1,0.1,0.1,0.1,-8.539,21.6693,-4.2922,8.24,-12.589,16.656,-4.3034,-11.37,-12.5914,19.9199,-4.2876,3.1
33.5,6.4409,4.4091,3.2627,0,0,1.1305,1,0.1,0.1,0.1,-8.5258,21.6427,-4.2925,8.23,-12.5642,16.625,-4.3026,-10.35,-12.5706,19.8877,-4.2887,3.38
33.6,6.4336,4.4003,3.2619,0,0,1.1293,1,0.1,0.1,0.1,-8.5145,21.6127,-4.2925,8.22,-12.5396,16.5938,-4.3017,-9.38,-12.5488,19.8557,-4.2896,3.65
33.7,6.4238,4.3885,3.2614,0,0,1.1262,1,0.1,0.1,0.1,-8.5045,21.5804,-4.2924,8.22,-12.5151,16.5624,-4.3006,-8.47,-12.5261,19.8238,-4.2904,3.89
33.8,6.4121,4.3743,3.2611,0,0,1.1218,1,0.1,0.1,0.1,-8.4954,21.5461,-4.2924,8.23,-12.4906,16.5308,-4.2998,-7.62,-12.5025,19.7919,-4.2912,4.12
33.9,6.3991,4.3587,3.261,0,0,1.1165,1,0.1,0.1,0.1,-8.4869,21.5105,-4.2923,8.24,-12.4661,16.499,-4.2988,-6.83,-12.4786,19.76,-4.2918,4.34
34.0,6.385,4.3421,3.2609,0,0,1.1107,1,0.1,0.1,0.1,-8.479,21.474,-4.2922,8.25,-12.4413,16.4672,-4.2979,-6.08,-12.4546,19.728,-4.2922,4.55
34.1,6.3705,4.325,3.2609,0,0,1.1045,1,0.1,0.1,0.1,-8.4711,21.4369,-4.2924,8.26,-12.4166,16.4353,-4.2971,-5.36,-12.4304,19.6961,-4.2925,4.73
34.2,6.3554,4.3076,3.2607,0,0,1.0981,1,0.1,0.1,0.1,-8.4632,21.3994,-4.293,8.27,-12.3915,16.4035,-4.2964,-4.67,-12.4059,19.6641,-4.2928,4.91
34.3,6.3397,4.29,3.2601,0,0,1.0917,1,0.1,0.1,0.1,-8.4553,21.3618,-4.2941,8.28,-12.3657,16.3718,-4.2957,-4.01,-12.381,19.6319,-4.293,5.09
34.4,6.3239,4.2724,3.2591,0,0,1.0853,1,0.1,0.1,0.1,-8.4474,21.3244,-4.2953,8.29,-12.3401,16.3406,-4.2951,-3.38,-12.3562,19.5997,-4.2932,5.26
34.5,6.3082,4.2546,3.258,0,0,1.0792,1,0.1,0.1,0.1,-8.4397,21.2873,-4.2961,8.3,-12.3147,16.3096,-4.2947,-2.78,-12.3312,19.5676,-4.2935,5.42
34.6,6.2924,4.2366,3.2572,0,0,1.073,1,0.1,0.1,0.1,-8.432,21.2501,-4.2967,8.3,-12.2892,16.2785,-4.2945,-2.2,-12.3062,19.5356,-4.2934,5.57
34.7,6.2768,4.2183,3.2568,0,0,1.0669,1,0.1,0.1,0.1,-8.4245,21.2129,-4.2977,8.31,-12.264,16.2472,-4.2943,-1.65,-12.2812,19.504,-4.2931,5.72
34.8,6.2612,4.1996,3.2568,0,0,1.0606,1,0.1,0.1,0.1,-8.417,21.1756,-4.2989,8.32,-12.2388,16.2161,-4.2942,-1.13,-12.256,19.4728,-4.2926,5.85
34.9,6.2456,4.1807,3.2569,0,0,1.0545,1,0.1,0.1,0.1,-8.4097,21.1384,-4.3001,8.33,-12.2136,16.1849,-4.2941,-0.62,-12.2306,19.4417,-4.2925,5.96
35.0,6.2353,4.1617,3.2576,0,0,1.0496,1,0.1,0.1,0.1,-8.4025,21.1014,-4.3011,8.35,-12.1955,16.1525,-4.2941,-0.14,-12.205,19.4101,-4.2926,6.07
35.1,6.2325,4.1428,3.26,0,0,1.046,1,0.1,0.1,0.1,-8.3955,21.0647,-4.3019,8.35,-12.1873,16.1183,-4.2944,0.31,-12.1796,19.3784,-4.2931,6.19
35.2,6.2358,4.124,3.2642,0,0,1.0433,1,0.1,0.1,0.1,-8.3884,21.028,-4.3029,8.36,-12.1873,16.0829,-4.2946,0.73,-12.1542,19.3469,-4.2935,6.29
35.3,6.2443,4.1055,3.2693,0,0,1.0415,1,0.1,0.1,0.1,-8.3812,20.9916,-4.3034,8.35,-12.1939,16.0466,-4.2948,1.13,-12.1288,19.3152,-4.2936,6.39
35.4,6.2571,4.0876,3.2754,0,0,1.0407,1,0.1,0.1,0.1,-8.3735,20.9557,-4.3037,8.35,-12.2058,16.0095,-4.2948,1.5,-12.1033,19.2832,-4.2936,6.49
35.5,6.2731,4.0697,3.2826,0,0,1.0403,1,0.1,0.1,0.1,-8.3655,20.9198,-4.304,8.36,-12.2214,15.9718,-4.2947,1.86,-12.0773,19.2513,-4.2936,6.59
35.6,6.2918,4.0519,3.2912,0,0,1.0404,1,0.1,0.1,0.1,-8.3572,20.884,-4.304,8.37,-12.2403,15.9334,-4.2947,2.19,-12.0513,19.2193,-4.2933,6.68
35.7,6.3124,4.0344,3.3008,0,0,1.0408,1,0.1,0.1,0.1,-8.3488,20.8482,-4.3041,8.38,-12.2615,15.8947,-4.2946,2.51,-12.0254,19.187,-4.293,6.76
35.8,6.3345,4.0173,3.3118,0,0,1.0414,1,0.1,0.1,0.1,-8.3401,20.8124,-4.3039,8.4,-12.2843,15.8557,-4.2944,2.81,-11.9996,19.1552,-4.2929,6.83
35.9,6.3579,4.0001,3.3243,0,0,1.0422,1,0.1,0.1,0.1,-8.3312,20.7767,-4.3038,8.41,-12.3082,15.8162,-4.2939,3.08,-11.9738,19.1237,-4.2929,6.9
36.0,6.3823,3.9834,3.3374,0,0,1.0435,1,0.1,0.1,0.1,-8.3222,20.7414,-4.3034,8.41,-12.3328,15.7767,-4.2934,3.34,-11.948,19.0918,-4.2929,6.98
36.1,6.407,3.9669,3.3512,0,0,1.0446,1,0.1,0.1,0.1,-8.3129,20.7057,-4.3031,8.41,-12.358,15.7371,-4.293,3.59,-11.9223,19.0599,-4.2929,7.05
36.2,6.4313,3.9499,3.3656,0,0,1.0452,1,0.1,0.1,0.1,-8.3037,20.6694,-4.3028,8.4,-12.3836,15.6979,-4.2925,3.83,-11.8965,19.0281,-4.2932,7.13
36.3,6.4556,3.9326,3.3809,0,0,1.0458,1,0.1,0.1,0.1,-8.2944,20.633,-4.3026,8.41,-12.4092,15.6587,-4.292,4.05,-11.8703,18.9964,-4.2937,7.2
36.4,6.4806,3.9154,3.3969,0,0,1.0468,1,0.1,0.1,0.1,-8.2852,20.5972,-4.3025,8.42,-12.4349,15.6194,-4.2916,4.27,-11.8439,18.9645,-4.2943,7.26
36.5,6.5061,3.8982,3.4139,0,0,1.0481,1,0.1,0.1,0.1,-8.276,20.5616,-4.3027,8.43,-12.4606,15.5797,-4.2913,4.48,-11.8174,18.9325,-4.2947,7.33
36.6,6.5314,3.8804,3.4321,0,0,1.0493,1,0.1,0.1,0.1,-8.2671,20.5258,-4.3035,8.43,-12.4861,15.5399,-4.2913,4.69,-11.7909,18.9009,-4.2952,7.4
36.7,6.5565,3.8628,3.4508,0,0,1.0505,1,0.1,0.1,0.1,-8.2583,20.4903,-4.3043,8.43,-12.5114,15.5004,-4.2914,4.89,-11.7646,18.8694,-4.2952,7.45
36.8,6.5816,3.8449,3.4703,0,0,1.0516,1,0.1,0.1,0.1,-8.2494,20.4549,-4.3048,8.45,-12.5365,15.4611,-4.2922,5.09,-11.7379,18.8382,-4.295,7.5
36.9,6.607,3.8271,3.4909,0,0,1.0526,1,0.1,0.1,0.1,-8.2401,20.4195,-4.3051,8.48,-12.5616,15.4218,-4.2931,5.27,-11.7111,18.8076,-4.2948,7.55
37.0,6.6326,3.809,3.5127,0,0,1.0537,1,0.1,0.1,0.1,-8.2307,20.3843,-4.305,8.5,-12.5863,15.3822,-4.2939,5.45,-11.684,18.7771,-4.2946,7.6
37.1,6.6579,3.7911,3.5345,0,0,1.0549,1,0.1,0.1,0.1,-8.2214,20.3491,-4.3047,8.53,-12.6106,15.3429,-4.2944,5.61,-11.6569,18.7463,-4.2945,7.65
37.2,6.6834,3.7737,3.5568,0,0,1.0561,1,0.1,0.1,0.1,-8.2115,20.3141,-4.3045,8.55,-12.6348,15.3038,-4.2949,5.75,-11.6299,18.7157,-4.2946,7.69
37.3,6.7092,3.7568,3.5794,0,0,1.0575,1,0.1,0.1,0.1,-8.2012,20.2791,-4.304,8.57,-12.6588,15.2648,-4.2952,5.87,-11.603,18.685,-4.2945,7.73
37.4,6.7349,3.7399,3.6025,0,0,1.0588,1,0.1,0.1,0.1,-8.1907,20.2439,-4.3034,8.58,-12.6826,15.2258,-4.2951,5.99,-11.5758,18.654,-4.2944,7.77
37.5,6.7602,3.7228,3.6257,0,0,1.0603,1,0.1,0.1,0.1,-8.1805,20.2087,-4.3026,8.59,-12.706,15.1866,-4.2951,6.1,-11.5485,18.6226,-4.2944,7.8
37.6,6.7853,3.7058,3.6492,0,0,1.0618,1,0.1,0.1,0.1,-8.1706,20.1734,-4.3015,8.6,-12.7291,15.1473,-4.2953,6.19,-11.5215,18.5909,-4.2942,7.82
37.7,6.8105,3.6892,3.673,0,0,1.0633,1,0.1,0.1,0.1,-8.1605,20.1382,-4.3006,8.6,-12.752,15.1082,-4.2956,6.27,-11.4947,18.5593,-4.294,7.84
37.8,6.8361,3.6734,3.697,0,0,1.0653,1,0.1,0.1,0.1,-8.1502,20.1034,-4.2998,8.6,-12.7749,15.0691,-4.2959,6.35,-11.4684,18.5275,-4.2937,7.86
37.9,6.8618,3.6584,3.7208,0,0,1.0676,1,0.1,0.1,0.1,-8.1397,20.069,-4.299,8.6,-12.7974,15.0302,-4.296,6.43,-11.4424,18.4955,-4.2933,7.88
38.0,6.8871,3.6432,3.7448,0,0,1.0699,1,0.1,0.1,0.1,-8.1293,20.0347,-4.2978,8.59,-12.8194,14.9914,-4.296,6.52,-11.4162,18.4634,-4.2931,7.9
38.1,6.9122,3.6274,3.7698,0,0,1.0719,1,0.1,0.1,0.1,-8.1189,20.0002,-4.2963,8.57,-12.8413,14.9526,-4.296,6.6,-11.3897,18.4316,-4.2932,7.93
38.2,6.9372,3.6115,3.7956,0,0,1.0737,1,0.1,0.1,0.1,-8.1083,19.9653,-4.2955,8.56,-12.8627,14.9135,-4.2962,6.69,-11.363,18.4003,-4.2934,7.96
38.3,6.9625,3.5956,3.8219,0,0,1.0756,1,0.1,0.1,0.1,-8.0974,19.9308,-4.2951,8.53,-12.8838,14.8744,-4.2965,6.79,-11.336,18.3689,-4.2935,8.0
38.4,6.9879,3.5793,3.8492,0,0,1.0808,1,0.1,0.1,0.1,-8.0867,19.8964,-4.2947,8.5,-12.9046,14.835,-4.2967,6.88,-11.3088,18.3379,-4.2935,8.03
38.5,7.0128,3.5623,3.8773,0,0,1.1063,1,0.1,0.1,0.1,-8.0762,19.8621,-4.2941,8.47,-12.925,14.7957,-4.2971,6.97,-11.2812,18.3072,-4.2933,8.06
38.6,7.0369,3.5446,3.9055,0,0,1.1314,1,0.1,0.1,0.1,-8.0662,19.8277,-4.2946,8.45,-12.9449,14.7566,-4.2974,7.07,-11.2535,18.2768,-4.2933,8.08
38.7,7.0607,3.5273,3.9332,0,0,1.1561,1,0.1,0.1,0.1,-8.0563,19.7936,-4.2954,8.44,-12.9645,14.7178,-4.2977,7.17,-11.226,18.246,-4.2938,8.1
38.8,7.0845,3.5104,3.9607,0,0,1.1805,1,0.1,0.1,0.1,-8.0466,19.7603,-4.2961,8.44,-12.9835,14.6793,-4.2977,7.26,-11.1985,18.215,-4.2946,8.12
38.9,7.1081,3.4933,3.9888,0,0,1.2048,1,0.1,0.1,0.1,-8.0369,19.7271,-4.2962,8.45,-13.0022,14.6407,-4.2974,7.33,-11.171,18.1843,-4.2958,8.14
39.0,7.1316,3.4762,4.0172,0,0,1.2291,1,0.1,0.1,0.1,-8.0271,19.6936,-4.2958,8.46,-13.0209,14.6022,-4.297,7.4,-11.1436,18.1538,-4.2967,8.16
39.1,7.155,3.4594,4.0458,0,0,1.2533,1,0.1,0.1,0.1,-8.017,19.6598,-4.2955,8.48,-13.0394,14.5638,-4.2963,7.46,-11.1165,18.1234,-4.2973,8.18
39.2,7.178,3.4427,4.0743,0,0,1.2773,1,0.1,0.1,0.1,-8.007,19.6259,-4.2955,8.49,-13.0576,14.5254,-4.2954,7.51,-11.0895,18.0928,-4.2979,8.19
39.3,7.1998,3.4253,4.1029,0,0,1.3006,1,0.1,0.1,0.1,-7.9973,19.5914,-4.2958,8.5,-13.0749,14.487,-4.2943,7.56,-11.0624,18.0624,-4.298,8.2
39.4,7.22,3.4073,4.1309,0,0,1.323,1,0.1,0.1,0.1,-7.9879,19.5565,-4.2958,8.51,-13.091,14.449,-4.293,7.6,-11.035,18.0319,-4.2983,8.21
39.5,7.2339,3.3896,4.1539,0,0,1.3403,1,0.1,0.1,0.1,-7.9784,19.5215,-4.2958,8.52,-13.0995,14.4123,-4.2921,7.63,-11.008,18.0012,-4.2983,8.23
39.6,7.2402,3.3728,4.1703,0,0,1.3513,1,0.1,0.1,0.1,-7.9686,19.4868,-4.2958,8.53,-13.0982,14.3773,-4.2913,7.67,-10.9812,17.9702,-4.2987,8.25
39.7,7.2395,3.3559,4.1811,0,0,1.3567,1,0.1,0.1,0.1,-7.9591,19.452,-4.2957,8.54,-13.0887,14.3435,-4.2907,7.71,-10.9545,17.9389,-4.2992,8.28
39.8,7.2332,3.3386,4.188,0,0,1.358,1,0.1,0.1,0.1,-7.9496,19.417,-4.2952,8.55,-13.0727,14.3108,-4.2901,7.75,-10.9275,17.9076,-4.2997,8.3
39.9,7.2228,3.3211,4.1918,0,0,1.356,1,0.1,0.1,0.1,-7.9402,19.3818,-4.2946,8.54,-13.0517,14.2788,-4.2898,7.79,-10.9005,17.8764,-4.3003,8.32
40.0,7.2094,3.3036,4.1933,0,0,1.3515,1,0.1,0.1,0.1,-7.9307,19.3465,-4.294,8.53,-13.0268,14.2471,-4.2897,7.82,-10.8734,17.8452,-4.301,8.35
40.1,7.1939,3.2863,4.1931,0,0,1.3453,1,0.1,0.1,0.1,-7.9212,19.3114,-4.2934,8.52,-12.9993,14.2157,-4.2897,7.83,-10.8466,17.814,-4.3017,8.38
40.2,7.1772,3.2697,4.1913,0,0,1.3378,1,0.1,0.1,0.1,-7.9117,19.2764,-4.293,8.51,-12.97,14.1848,-4.2896,7.85,-10.8203,17.7828,-4.3025,8.39
40.3,7.1595,3.2535,4.1887,0,0,1.3294,1,0.1,0.1,0.1,-7.9019,19.2416,-4.2925,8.5,-12.9392,14.1539,-4.2892,7.87,-10.7941,17.7515,-4.3035,8.41
40.4,7.1414,3.2375,4.1852,0,0,1.3204,1,0.1,0.1,0.1,-7.892,19.2068,-4.2918,8.49,-12.9073,14.1229,-4.2885,7.9,-10.7678,17.7199,-4.3041,8.42
40.5,7.1228,3.2215,4.1816,0,0,1.311,1,0.1,0.1,0.1,-7.8819,19.1721,-4.2909,8.49,-12.8746,14.0919,-4.288,7.93,-10.7414,17.6884,-4.3046,8.43
40.6,7.1042,3.2052,4.1781,0,0,1.3016,1,0.1,0.1,0.1,-7.8717,19.1374,-4.2899,8.49,-12.8415,14.061,-4.2878,7.96,-10.7146,17.6572,-4.3049,8.44
40.7,7.0862,3.1891,4.1749,0,0,1.2925,1,0.1,0.1,0.1,-7.8614,19.1034,-4.2888,8.49,-12.8084,14.0299,-4.2878,7.98,-10.6874,17.6259,-4.3051,8.44
40.8,7.0684,3.1731,4.1716,0,0,1.2835,1,0.1,0.1,0.1,-7.8507,19.0695,-4.2876,8.49,-12.7754,13.9992,-4.2878,8.01,-10.6602,17.5948,-4.305,8.46
40.9,7.0503,3.157,4.1683,0,0,1.2743,1,0.1,0.1,0.1,-7.8401,19.0358,-4.2864,8.48,-12.7424,13.9688,-4.288,8.04,-10.633,17.564,-4.305,8.49
41.0,7.0321,3.1408,4.165,0,0,1.2651,1,0.1,0.1,0.1,-7.8297,19.0022,-4.286,8.46,-12.7093,13.9386,-4.2884,8.08,-10.6058,17.5334,-4.3048,8.51
41.1,7.0139,3.1248,4.1617,0,0,1.2559,1,0.1,0.1,0.1,-7.8189,18.9684,-4.286,8.46,-12.6761,13.9086,-4.2891,8.11,-10.5788,17.5031,-4.3048,8.53
41.2,6.9953,3.1082,4.1586,0,0,1.2467,1,0.1,0.1,0.1,-7.8085,18.9343,-4.2865,8.47,-12.6429,13.8784,-4.2895,8.13,-10.5516,17.4728,-4.3046,8.55
41.3,6.9767,3.091,4.1562,0,0,1.2376,1,0.1,0.1,0.1,-7.7984,18.8998,-4.2874,8.48,-12.6099,13.8477,-4.2901,8.14,-10.5243,17.4427,-4.3041,8.56
41.4,6.9582,3.0735,4.1542,0,0,1.2286,1,0.1,0.1,0.1,-7.7885,18.865,-4.288,8.5,-12.5772,13.8167,-4.2904,8.14,-10.4972,17.4126,-4.3036,8.57
41.5,6.94,3.0562,4.152,0,0,1.2197,1,0.1,0.1,0.1,-7.7786,18.8305,-4.2885,8.53,-12.5446,13.7858,-4.2905,8.13,-10.4699,17.3822,-4.3029,8.58
41.6,6.9222,3.0389,4.1498,0,0,1.2112,1,0.1,0.1,0.1,-7.7686,18.7962,-4.2892,8.55,-12.5122,13.7549,-4.2906,8.14,-10.442,17.3514,-4.3023,8.59
41.7,6.9047,3.0218,4.1476,0,0,1.2027,1,0.1,0.1,0.1,-7.7586,18.7623,-4.29,8.56,-12.4799,13.724,-4.2906,8.15,-10.4142,17.3206,-4.3018,8.61
41.8,6.8874,3.0048,4.1454,0,0,1.1942,1,0.1,0.1,0.1,-7.7487,18.7286,-4.291,8.56,-12.4478,13.6932,-4.2902,8.16,-10.3867,17.2899,-4.3014,8.64
41.9,6.8705,2.9882,4.143,0,0,1.186,1,0.1,0.1,0.1,-7.7387,18.6951,-4.2923,8.57,-12.4161,13.6627,-4.2898,8.18,-10.3592,17.259,-4.3009,8.65
42.0,6.8536,2.9718,4.1404,0,0,1.1779,1,0.1,0.1,0.1,-7.7288,18.6614,-4.2935,8.58,-12.385,13.6324,-4.2895,8.2,-10.332,17.228,-4.3004,8.66
42.1,6.8368,2.9553,4.1378,0,0,1.1699,1,0.1,0.1,0.1,-7.7188,18.6278,-4.2946,8.59,-12.3543,13.6024,-4.2896,8.23,-10.3047,17.197,-4.2998,8.67
42.2,6.8203,2.9394,4.1351,0,0,1.1619,1,0.1,0.1,0.1,-7.7088,18.5945,-4.2954,8.61,-12.3235,13.5724,-4.2898,8.25,-10.2777,17.1659,-4.2995,8.67
42.3,6.8041,2.9237,4.1323,0,0,1.154,1,0.1,0.1,0.1,-7.6988,18.561,-4.296,8.62,-12.2928,13.5419,-4.2897,8.26,-10.2509,17.1344,-4.2991,8.68
42.4,6.7879,2.908,4.1293,0,0,1.1461,1,0.1,0.1,0.1,-7.689,18.5275,-4.2966,8.63,-12.2622,13.5114,-4.2897,8.26,-10.224,17.1026,-4.2987,8.68
42.5,6.7716,2.8921,4.1263,0,0,1.1381,1,0.1,0.1,0.1,-7.6791,18.4939,-4.2975,8.64,-12.2316,13.481,-4.2901,8.28,-10.1969,17.0708,-4.2981,8.69
42.6,6.7554,2.8762,4.1238,0,0,1.1305,1,0.1,0.1,0.1,-7.6689,18.4601,-4.2984,8.64,-12.2013,13.4507,-4.2906,8.3,-10.1697,17.0393,-4.2975,8.69
42.7,6.7396,2.8602,4.1215,0,0,1.1233,1,0.1,0.1,0.1,-7.6585,18.4262,-4.2991,8.64,-12.1711,13.4203,-4.2909,8.3,-10.1423,17.0079,-4.297,8.69
42.8,6.7237,2.844,4.1195,0,0,1.1273,1,0.1,0.1,0.1,-7.6481,18.3922,-4.2995,8.65,-12.1407,13.3897,-4.2913,8.31,-10.1148,16.9766,-4.2968,8.68
42.9,6.7083,2.828,4.1179,0,0,1.1313,1,0.1,0.1,0.1,-7.6378,18.3583,-4.2999,8.64,-12.1105,13.3588,-4.292,8.32,-10.0876,16.9455,-4.2966,8.66
43.0,6.6932,2.8122,4.1165,0,0,1.135,1,0.1,0.1,0.1,-7.6274,18.3244,-4.3003,8.62,-12.0806,13.3277,-4.2925,8.32,-10.0607,16.9145,-4.2964,8.63
43.1,6.6781,2.7965,4.1153,0,0,1.1385,1,0.1,0.1,0.1,-7.6168,18.2902,-4.3009,8.6,-12.0508,13.2966,-4.2928,8.33,-10.0339,16.8837,-4.296,8.61
43.2,6.6632,2.7811,4.1139,0,0,1.1421,1,0.1,0.1,0.1,-7.6062,18.2563,-4.3014,8.58,-12.0212,13.2658,-4.2929,8.33,-10.0072,16.853,-4.2956,8.59
43.3,6.6487,2.7658,4.1126,0,0,1.1459,1,0.1,0.1,0.1,-7.5956,18.2228,-4.3017,8.57,-11.992,13.2352,-4.2929,8.33,-9.9806,16.8223,-4.2953,8.58
43.4,6.6344,2.7501,4.1116,0,0,1.1501,1,0.1,0.1,0.1,-7.5851,18.1896,-4.3016,8.57,-11.9629,13.2046,-4.2929,8.33,-9.9533,16.7916,-4.2951,8.56
43.5,6.6206,2.7346,4.1107,0,0,1.1545,1,0.1,0.1,0.1,-7.5745,18.1566,-4.3017,8.57,-11.9339,13.1738,-4.2929,8.33,-9.926,16.7607,-4.2951,8.55
43.6,6.6071,2.7193,4.11,0,0,1.1587,1,0.1,0.1,0.1,-7.564,18.1236,-4.3019,8.56,-11.9052,13.1428,-4.2929,8.34,-9.899,16.7299,-4.2954,8.54
43.7,6.5938,2.7043,4.1094,0,0,1.1627,1,0.1,0.1,0.1,-7.5534,18.0905,-4.3022,8.56,-11.8766,13.1117,-4.2929,8.34,-9.8724,16.6993,-4.2958,8.53
43.8,6.5852,2.6896,4.1122,0,0,1.1685,1,0.1,0.1,0.1,-7.5427,18.0573,-4.3021,8.57,-11.8543,13.0798,-4.2933,8.35,-9.8459,16.6682,-4.2963,8.52
43.9,6.5784,2.675,4.1164,0,0,1.175,1,0.1,0.1,0.1,-7.5322,18.0242,-4.3019,8.58,-11.8344,13.0475,-4.2939,8.35,-9.8195,16.637,-4.2965,8.51
44.0,6.5707,2.6606,4.1196,0,0,1.1812,1,0.1,0.1,0.1,-7.5214,17.9908,-4.3017,8.59,-11.8131,13.0154,-4.2944,8.34,-9.7929,16.6056,-4.2967,8.51
44.1,6.5619,2.6462,4.122,0,0,1.1868,1,0.1,0.1,0.1,-7.5103,17.9574,-4.3016,8.61,-11.7904,12.9836,-4.2947,8.33,-9.7663,16.5744,-4.2972,8.51
44.2,6.5519,2.6318,4.1232,0,0,1.1924,1,0.1,0.1,0.1,-7.4994,17.9243,-4.3016,8.63,-11.7666,12.9525,-4.2953,8.32,-9.7397,16.5431,-4.2977,8.5
44.3,6.5406,2.6173,4.1231,0,0,1.198,1,0.1,0.1,0.1,-7.489,17.8915,-4.3018,8.64,-11.7422,12.9225,-4.296,8.3,-9.7132,16.5118,-4.2978,8.51
44.4,6.528,2.6028,4.1216,0,0,1.2035,1,0.1,0.1,0.1,-7.4787,17.8584,-4.3019,8.65,-11.7174,12.8938,-4.2963,8.29,-9.6868,16.4805,-4.2977,8.51
44.5,6.5143,2.5885,4.1188,0,0,1.2091,1,0.1,0.1,0.1,-7.468,17.825,-4.3019,8.66,-11.6926,12.8664,-4.2963,8.29,-9.6605,16.449,-4.2976,8.52
44.6,6.4992,2.5739,4.1149,0,0,1.215,1,0.1,0.1,0.1,-7.4573,17.7913,-4.3015,8.66,-11.6678,12.8405,-4.2964,8.3,-9.6339,16.4176,-4.2973,8.52
44.7,6.4824,2.559,4.1096,0,0,1.2208,1,0.1,0.1,0.1,-7.4469,17.7575,-4.3008,8.66,-11.6426,12.816,-4.2967,8.32,-9.6075,16.3863,-4.297,8.52
44.8,6.4643,2.5449,4.1019,0,0,1.2266,1,0.1,0.1,0.1,-7.4365,17.7237,-4.3002,8.65,-11.6168,12.793,-4.2969,8.33,-9.5815,16.3544,-4.2971,8.53
44.9,6.4452,2.531,4.0929,0,0,1.2324,1,0.1,0.1,0.1,-7.426,17.6899,-4.2998,8.65,-11.5911,12.7713,-4.297,8.33,-9.5557,16.3222,-4.2973,8.53
45.0,6.4253,2.5177,4.0826,0,0,1.2383,1,0.1,0.1,0.1,-7.4155,17.6564,-4.299,8.64,-11.5655,12.7511,-4.297,8.32,-9.5304,16.2903,-4.2976,8.53
45.1,6.4045,2.5051,4.0706,0,0,1.2439,1,0.1,0.1,0.1,-7.405,17.6231,-4.298,8.62,-11.5401,12.7324,-4.2967,8.32,-9.5056,16.2581,-4.2976,8.52
45.2,6.3823,2.4931,4.0566,0,0,1.2496,1,0.1,0.1,0.1,-7.3947,17.5899,-4.2972,8.59,-11.5149,12.7158,-4.2965,8.33,-9.4816,16.226,-4.2975,8.52
45.3,6.3584,2.4848,4.0372,0,0,1.2545,1,0.1,0.1,0.1,-7.3845,17.5565,-4.2962,8.57,-11.4901,12.7012,-4.2965,8.35,-9.4605,16.1911,-4.2971,8.53
45.4,6.3377,2.4818,4.0152,0,0,1.2594,1,0.1,0.1,0.1,-7.3745,17.5228,-4.2952,8.55,-11.4714,12.6873,-4.2969,8.37,-9.4441,16.1531,-4.2967,8.54
45.5,6.3182,2.4798,3.9936,0,0,1.2644,1,0.1,0.1,0.1,-7.3645,17.4892,-4.2946,8.53,-11.4553,12.6741,-4.2972,8.39,-9.4289,16.1153,-4.2962,8.55
45.6,6.3018,2.4765,3.9759,0,0,1.2709,1,0.1,0.1,0.1,-7.3544,17.4558,-4.2946,8.53,-11.4439,12.6611,-4.2976,8.4,-9.4131,16.0792,-4.2956,8.56
45.7,6.2898,2.4721,3.9629,0,0,1.2797,1,0.1,0.1,0.1,-7.3444,17.4224,-4.2948,8.52,-11.4395,12.6483,-4.2978,8.41,-9.3966,16.0441,-4.2948,8.57
45.8,6.2812,2.4698,3.9509,0,0,1.2893,1,0.1,0.1,0.1,-7.3345,17.3888,-4.2946,8.52,-11.4409,12.6358,-4.2978,8.41,-9.3823,16.0081,-4.2943,8.58
45.9,6.2753,2.4675,3.9416,0,0,1.2997,1,0.1,0.1,0.1,-7.3245,17.3549,-4.2941,8.52,-11.4469,12.6235,-4.2977,8.41,-9.3686,15.9727,-4.2935,8.57
46.0,6.2721,2.4667,3.933,0,0,1.3112,1,0.1,0.1,0.1,-7.3147,17.3211,-4.2934,8.53,-11.4569,12.6113,-4.2977,8.41,-9.3559,15.9361,-4.2927,8.57
46.1,6.2709,2.469,3.923,0,0,1.3228,1,0.1,0.1,0.1,-7.3048,17.2871,-4.293,8.53,-11.4702,12.5995,-4.2976,8.41,-9.3455,15.8974,-4.2919,8.57
46.2,6.2701,2.4735,3.9115,0,0,1.3342,1,0.1,0.1,0.1,-7.295,17.2527,-4.2927,8.53,-11.4854,12.5885,-4.2969,8.41,-9.3374,15.8574,-4.2911,8.57
46.3,6.2698,2.477,3.9016,0,0,1.3457,1,0.1,0.1,0.1,-7.2851,17.2182,-4.2925,8.52,-11.5014,12.5779,-4.296,8.41,-9.3288,15.8186,-4.2906,8.58
46.4,6.2658,2.4815,3.8882,0,0,1.355,1,0.1,0.1,0.1,-7.2747,17.1839,-4.292,8.52,-11.5119,12.568,-4.2948,8.41,-9.3211,15.7802,-4.2905,8.58
46.5,6.2561,2.4884,3.8679,0,0,1.3612,1,0.1,0.1,0.1,-7.2642,17.15,-4.2915,8.52,-11.5145,12.5593,-4.2937,8.41,-9.3153,15.7412,-4.2907,8.57
46.6,6.241,2.4936,3.8445,0,0,1.3656,1,0.1,0.1,0.1,-7.2536,17.1161,-4.2913,8.52,-11.5104,12.5522,-4.2932,8.42,-9.3088,15.7039,-4.2913,8.56
46.7,6.2208,2.499,3.8169,0,0,1.3679,1,0.1,0.1,0.1,-7.2432,17.0819,-4.2911,8.52,-11.5012,12.5467,-4.2929,8.43,-9.3033,15.6673,-4.2924,8.55
46.8,6.1968,2.5026,3.7879,0,0,1.3692,1,0.1,0.1,0.1,-7.2332,17.0477,-4.2911,8.51,-11.4881,12.5427,-4.2925,8.43,-9.2973,15.6327,-4.2934,8.54
46.9,6.1706,2.5032,3.7599,0,0,1.3705,1,0.1,0.1,0.1,-7.2231,17.014,-4.291,8.49,-11.4724,12.5396,-4.2924,8.44,-9.2892,15.6007,-4.2944,8.53
47.0,6.1423,2.5012,3.7328,0,0,1.3716,1,0.1,0.1,0.1,-7.213,16.9802,-4.2909,8.49,-11.4543,12.5372,-4.2926,8.46,-9.2794,15.5709,-4.2949,8.52
47.1,6.1127,2.5002,3.7037,0,0,1.3714,1,0.1,0.1,0.1,-7.2027,16.9464,-4.2911,8.49,-11.4344,12.5354,-4.293,8.48,-9.2708,15.5414,-4.2952,8.52
47.2,6.082,2.5022,3.6715,0,0,1.3693,1,0.1,0.1,0.1,-7.1921,16.9124,-4.2915,8.48,-11.4132,12.5337,-4.2934,8.5,-9.2652,15.5113,-4.2955,8.53
47.3,6.0551,2.5035,3.6435,0,0,1.3682,1,0.1,0.1,0.1,-7.1814,16.8784,-4.2918,8.48,-11.397,12.5318,-4.2937,8.51,-9.2595,15.4824,-4.2954,8.54
47.4,6.0337,2.5054,3.6198,0,0,1.3686,1,0.1,0.1,0.1,-7.1708,16.8444,-4.2922,8.48,-11.3881,12.5294,-4.2937,8.52,-9.2548,15.4538,-4.2953,8.55
47.5,6.017,2.5091,3.5989,0,0,1.3698,1,0.1,0.1,0.1,-7.1605,16.8103,-4.2927,8.48,-11.3854,12.5261,-4.2933,8.53,-9.2522,15.4246,-4.2953,8.57
47.6,6.0049,2.5118,3.5831,0,0,1.3723,1,0.1,0.1,0.1,-7.1501,16.7763,-4.2929,8.48,-11.3881,12.5221,-4.2929,8.54,-9.249,15.3967,-4.2954,8.58
47.7,5.9965,2.512,3.5733,0,0,1.3762,1,0.1,0.1,0.1,-7.1395,16.7424,-4.2936,8.47,-11.395,12.5176,-4.2925,8.56,-9.2441,15.371,-4.2952,8.6
47.8,5.9912,2.5103,3.5684,0,0,1.381,1,0.1,0.1,0.1,-7.1287,16.7086,-4.2943,8.47,-11.405,12.5124,-4.2921,8.56,-9.2379,15.3474,-4.2947,8.61
47.9,5.9891,2.5076,3.5677,0,0,1.3863,1,0.1,0.1,0.1,-7.1175,16.6751,-4.295,8.48,-11.4179,12.5066,-4.2918,8.57,-9.2309,15.3254,-4.2944,8.62
48.0,5.99,2.5046,3.5704,0,0,1.392,1,0.1,0.1,0.1,-7.1056,16.6419,-4.2955,8.5,-11.4333,12.5005,-4.2917,8.57,-9.2234,15.3047,-4.2943,8.63
48.1,5.9874,2.5011,3.5706,0,0,1.3963,1,0.1,0.1,0.1,-7.0931,16.6089,-4.2962,8.51,-11.444,12.4957,-4.2921,8.57,-9.2153,15.2854,-4.2942,8.64
48.2,5.9787,2.497,3.5663,0,0,1.3984,1,0.1,0.1,0.1,-7.0803,16.5763,-4.2967,8.53,-11.4469,12.4924,-4.2925,8.56,-9.2067,15.2673,-4.2943,8.65
48.3,5.9652,2.493,3.5579,0,0,1.3984,1,0.1,0.1,0.1,-7.0667,16.5436,-4.297,8.55,-11.4433,12.4903,-4.2926,8.57,-9.198,15.2503,-4.2945,8.64
48.4,5.948,2.4928,3.543,0,0,1.3954,1,0.1,0.1,0.1,-7.0523,16.5109,-4.2974,8.57,-11.4347,12.4892,-4.293,8.58,-9.1923,15.2323,-4.2949,8.62
48.5,5.9285,2.4979,3.5214,0,0,1.3894,1,0.1,0.1,0.1,-7.0368,16.478,-4.2974,8.58,-11.4223,12.4887,-4.2938,8.59,-9.1905,15.2126,-4.2952,8.6
48.6,5.9079,2.5043,3.4982,0,0,1.3818,1,0.1,0.1,0.1,-7.0199,16.4453,-4.2973,8.6,-11.4072,12.4886,-4.2944,8.6,-9.189,15.1937,-4.2954,8.57
48.7,5.8861,2.5105,3.4774,0,0,1.3688,1,0.1,0.1,0.1,-7.0018,16.4124,-4.2972,8.62,-11.3896,12.489,-4.2948,8.61,-9.1905,15.1828,-4.2958,8.56
48.8,5.8637,2.5169,3.4606,0,0,1.349,1,0.1,0.1,0.1,-6.9825,16.3796,-4.2973,8.62,-11.3698,12.4894,-4.2952,8.6,-9.1963,15.1823,-4.2963,8.56
48.9,5.8412,2.5279,3.444,0,0,1.3223,1,0.1,0.1,0.1,-6.9618,16.347,-4.2975,8.62,-11.3484,12.4899,-4.2959,8.61,-9.2086,15.1886,-4.2971,8.56
49.0,5.8191,2.5424,3.429,0,0,1.2905,1,0.1,0.1,0.1,-6.9394,16.3147,-4.2975,8.62,-11.3257,12.4907,-4.2965,8.63,-9.2249,15.2008,-4.2981,8.56
49.1,5.803,2.5584,3.4218,0,0,1.2575,1,0.1,0.1,0.1,-6.9156,16.2831,-4.2974,8.61,-11.308,12.4909,-4.2971,8.64,-9.242,15.2185,-4.2988,8.58
49.2,5.7959,2.5754,3.4211,0,0,1.2294,1,0.1,0.1,0.1,-6.8905,16.2525,-4.297,8.61,-11.2989,12.4897,-4.2975,8.65,-9.2558,15.2338,-4.2992,8.6
49.3,5.7969,2.5934,3.4276,0,0,1.2035,1,0.1,0.1,0.1,-6.8643,16.2229,-4.2966,8.6,-11.2972,12.4875,-4.298,8.65,-9.2683,15.2501,-4.2992,8.61
49.4,5.8055,2.6129,3.4379,0,0,1.1819,1,0.1,0.1,0.1,-6.8368,16.1949,-4.2966,8.59,-11.3018,12.4844,-4.2983,8.65,-9.278,15.2634,-4.2991,8.61
49.5,5.8208,2.6336,3.4485,0,0,1.1662,1,0.1,0.1,0.1,-6.8085,16.1691,-4.297,8.58,-11.3115,12.4807,-4.2986,8.66,-9.284,15.2702,-4.2988,8.61
49.6,5.8417,2.6557,3.459,0,0,1.1551,1,0.1,0.1,0.1,-6.7793,16.1455,-4.2973,8.57,-11.3252,12.4767,-4.2988,8.66,-9.287,15.2714,-4.2984,8.61
49.7,5.8676,2.6792,3.4695,0,0,1.1474,1,0.1,0.1,0.1,-6.749,16.1241,-4.2974,8.55,-11.3419,12.4724,-4.2992,8.66,-9.2879,15.2686,-4.298,8.61
49.8,5.8978,2.7041,3.4795,0,0,1.1425,1,0.1,0.1,0.1,-6.7176,16.1048,-4.2974,8.54,-11.3607,12.4681,-4.2994,8.64,-9.2871,15.2623,-4.2976,8.6
49.9,5.9312,2.7298,3.4894,0,0,1.1398,1,0.1,0.1,0.1,-6.6857,16.0876,-4.2973,8.53,-11.3811,12.4637,-4.2993,8.62,-9.2849,15.2534,-4.2973,8.59
49.999,5.9665,2.7564,3.4987,0,0,1.1384,1,0.1,0.1,0.1,-6.6532,16.071,-4.2971,8.51,-11.4025,12.4593,-4.2992,8.6,-9.2821,15.2422,-4.2968,8.57
50.099,6.0037,2.7838,3.5123,0,0,1.1606,1,0.1,0.1,0.1,-6.6199,16.0547,-4.297,8.51,-11.4247,12.455,-4.2991,8.58,-9.2809,15.2371,-4.2964,8.56
50.199,6.0426,2.8093,3.5321,0,0,1.1877,1,0.1,0.1,0.1,-6.5859,16.0393,-4.297,8.51,-11.4473,12.4505,-4.2992,8.56,-9.2786,15.2384,-4.2959,8.55
50.299,6.0771,2.8322,3.5518,0,0,1.2113,1,0.1,0.1,0.1,-6.5513,16.0251,-4.2969,8.5,-11.4633,12.447,-4.2995,8.55,-9.2735,15.2434,-4.2956,8.55
50.399,6.1048,2.8533,3.5683,1,0,1.2298,1,0.1,0.1,0.1,-6.5163,16.0121,-4.2966,8.5,-11.4704,12.4448,-4.2998,8.53,-9.2662,15.2509,-4.2952,8.55
50.499,6.1269,2.8735,3.5813,1,0,1.2437,1,0.1,0.1,0.1,-6.4811,16.0008,-4.2963,8.5,-11.4698,12.4438,-4.3002,8.51,-9.2576,15.2602,-4.2949,8.56
50.599,6.1441,2.893,3.5912,1,0,1.2539,1,0.1,0.1,0.1,-6.4459,15.9908,-4.2958,8.5,-11.4629,12.444,-4.3007,8.5,-9.2479,15.2706,-4.295,8.56
50.699,6.1577,2.9115,3.5988,1,0,1.2613,1,0.1,0.1,0.1,-6.4112,15.982,-4.2953,8.5,-11.4515,12.4447,-4.3008,8.5,-9.2372,15.2816,-4.2954,8.56
50.799,6.1685,2.9294,3.6045,1,0,1.2664,1,0.1,0.1,0.1,-6.3767,15.9744,-4.2949,8.5,-11.4364,12.446,-4.3005,8.5,-9.2258,15.293,-4.2956,8.57
50.899,6.1779,2.9478,3.6089,1,0,1.2695,1,0.1,0.1,0.1,-6.342,15.9682,-4.2948,8.5,-11.4185,12.4475,-4.3005,8.5,-9.2143,15.3051,-4.2957,8.58
50.999,6.1858,2.9658,3.6123,1,0,1.2712,1,0.1,0.1,0.1,-6.308,15.9637,-4.2947,8.5,-11.3984,12.4492,-4.3007,8.5,-9.2025,15.3174,-4.2955,8.59
51.099,6.1981,2.9839,3.6187,1,0,1.2752,1,0.1,0.1,0.1,-6.2745,15.9604,-4.2948,8.49,-11.3826,12.45,-4.3011,8.51,-9.1909,15.3295,-4.2955,8.6
51.199,6.2176,3.0023,3.6302,1,0,3.6431,1,0.1,0.1,0.1,-6.2412,15.9586,-4.2945,8.47,-11.3742,12.4499,-4.3013,8.51,-9.1795,15.3414,-4.2954,8.61
51.299,6.2432,3.0214,3.6451,1,0,3.6563,1,0.1,0.1,0.1,-6.2082,15.9576,-4.2938,8.46,-11.3722,12.4491,-4.3013,8.53,-9.1684,15.3525,-4.2949,8.62
51.399,6.2729,3.0411,3.6622,1,0,3.6721,1,0.1,0.1,0.1,-6.1754,15.9571,-4.2934,8.45,-11.3747,12.4478,-4.3014,8.54,-9.1578,15.3627,-4.2941,8.63
51.499,6.3058,3.0617,3.6808,1,0,3.6899,1,0.1,0.1,0.1,-6.1426,15.957,-4.2929,8.44,-11.3805,12.4459,-4.3012,8.55,-9.1479,15.3723,-4.2937,8.64
51.599,6.3414,3.083,3.7003,1,0,3.7093,1,0.1,0.1,0.1,-6.1098,15.9573,-4.2922,8.43,-11.3889,12.4439,-4.3013,8.55,-9.1385,15.3812,-4.2936,8.65
51.699,6.3736,3.1045,3.7166,1,0,3.7261,1,0.1,0.1,0.1,-6.0772,15.958,-4.2916,8.42,-11.3935,12.4423,-4.3014,8.56,-9.1293,15.3895,-4.2939,8.66
51.799,6.4056,3.1269,3.7315,1,0,3.7421,1,0.1,0.1,0.1,-6.0449,15.9592,-4.291,8.42,-11.3974,12.4406,-4.3012,8.56,-9.1208,15.3971,-4.2942,8.68
51.899,6.4346,3.1498,3.7433,1,0,3.7557,1,0.1,0.1,0.1,-6.0125,15.9609,-4.2905,8.42,-11.3979,12.4393,-4.3004,8.57,-9.1127,15.4041,-4.2943,8.69
51.999,6.4581,3.1728,3.7501,1,0,3.7651,1,0.1,0.1,0.1,-5.9804,15.9629,-4.2903,8.41,-11.3922,12.4389,-4.3,8.58,-9.1047,15.4104,-4.2942,8.7
52.099,6.477,3.1964,3.7526,1,0,3.7711,1,0.1,0.1,0.1,-5.9485,15.9648,-4.29,8.39,-11.3818,12.4391,-4.2997,8.57,-9.0975,15.4163,-4.2943,8.72
52.199,6.4924,3.2208,3.7514,1,0,3.7742,1,0.1,0.1,0.1,-5.9166,15.9668,-4.2895,8.38,-11.3674,12.4398,-4.2996,8.56,-9.0909,15.4215,-4.2946,8.74
52.299,6.5053,3.2459,3.7473,1,0,3.7752,1,0.1,0.1,0.1,-5.8847,15.9695,-4.2888,8.37,-11.35,12.4411,-4.2996,8.55,-9.0848,15.4263,-4.2948,8.76
52.399,6.5163,3.2712,3.741,1,0,3.7746,1,0.1,0.1,0.1,-5.8531,15.9729,-4.2883,8.37,-11.3305,12.443,-4.2997,8.56,-9.079,15.4306,-4.295,8.76
52.499,6.5253,3.2969,3.7322,1,0,3.7725,1,0.1,0.1,0.1,-5.8217,15.9767,-4.2878,8.37,-11.3091,12.4457,-4.2998,8.58,-9.0737,15.4344,-4.2948,8.76
52.599,6.5328,3.3231,3.7217,1,0,3.7693,1,0.1,0.1,0.1,-5.7904,15.9805,-4.2869,8.37,-11.2862,12.4487,-4.2998,8.6,-9.0688,15.4377,-4.2945,8.76
52.699,6.5446,3.3493,3.7142,1,0,3.7692,1,0.1,0.1,0.1,-5.7593,15.9838,-4.2861,8.38,-11.2682,12.4507,-4.2997,8.62,-9.0641,15.4402,-4.2941,8.75
52.799,6.5628,3.3756,3.7116,1,0,3.7738,1,0.1,0.1,0.1,-5.7283,15.9869,-4.2854,8.39,-11.2574,12.4515,-4.2997,8.63,-9.0597,15.4425,-4.2939,8.74
52.899,6.5866,3.4023,3.713,1,0,3.7821,1,0.1,0.1,0.1,-5.6975,15.9903,-4.2849,8.39,-11.2527,12.4516,-4.2998,8.63,-9.0558,15.4449,-4.2937,8.72
52.999,6.6095,3.4296,3.7131,1,0,3.7896,1,0.1,0.1,0.1,-5.6667,15.9941,-4.2844,8.39,-11.2471,12.4522,-4.2997,8.63,-9.0524,15.4473,-4.2935,8.72
53.099,6.6346,3.4574,3.7145,1,0,3.7983,1,0.1,0.1,0.1,-5.636,15.9981,-4.2845,8.38,-11.2435,12.4522,-4.2995,8.62,-9.0496,15.4496,-4.2934,8.71
53.199,6.6642,3.4853,3.7193,1,0,3.8101,1,0.1,0.1,0.1,-5.6052,16.0021,-4.2847,8.37,-11.2444,12.4511,-4.2994,8.62,-9.0467,15.4516,-4.2936,8.71
53.299,6.6972,3.513,3.7266,1,0,3.8242,1,0.1,0.1,0.1,-5.5745,16.0063,-4.2849,8.38,-11.249,12.4495,-4.2993,8.6,-9.0437,15.4535,-4.2939,8.71
53.399,6.7276,3.5409,3.7319,1,0,3.8363,1,0.1,0.1,0.1,-5.5437,16.0109,-4.2851,8.39,-11.2505,12.4482,-4.2992,8.59,-9.0407,15.4555,-4.2942,8.72
53.499,6.7582,3.5687,3.7373,1,0,3.8484,1,0.1,0.1,0.1,-5.5129,16.0155,-4.2851,8.4,-11.252,12.4467,-4.2996,8.58,-9.0377,15.4574,-4.2945,8.71
53.599,6.7861,3.5966,3.7402,1,0,3.8586,1,0.1,0.1,0.1,-5.4824,16.0201,-4.2848,8.42,-11.2508,12.4456,-4.2999,8.58,-9.0349,15.4588,-4.2948,8.7
53.699,6.8147,3.6249,3.7428,1,0,3.8693,1,0.1,0.1,0.1,-5.4517,16.0246,-4.2849,8.43,-11.2503,12.4447,-4.2998,8.58,-9.0323,15.4594,-4.2951,8.7
53.799,6.8467,3.653,3.7477,1,0,3.8826,1,0.1,0.1,0.1,-5.4212,16.0291,-4.2856,8.44,-11.2538,12.4434,-4.2996,8.58,-9.0295,15.4596,-4.2955,8.69
53.899,6.8809,3.6811,3.7547,1,0,3.8981,1,0.1,0.1,0.1,-5.3909,16.0317,-4.2868,8.44,-11.2609,12.4415,-4.2994,8.57,-9.0272,15.4596,-4.2959,8.67
53.999,6.9103,3.7088,3.7591,1,0,3.9112,1,0.1,0.1,0.1,-5.361,16.0316,-4.2878,8.44,-11.2647,12.4401,-4.2991,8.56,-9.0254,15.4594,-4.2965,8.64
54.099,6.9323,3.7357,3.7588,1,0,3.92,1,0.1,0.1,0.1,-5.3319,16.0294,-4.2892,8.44,-11.2625,12.4399,-4.2987,8.55,-9.0238,15.4593,-4.2969,8.62
54.199,6.9483,3.7616,3.7551,1,0,3.9254,1,0.1,0.1,0.1,-5.3033,16.0257,-4.2908,8.44,-11.2553,12.4407,-4.2983,8.54,-9.0219,15.4594,-4.2973,8.61
54.299,6.9601,3.7871,3.7486,1,0,3.9282,1,0.1,0.1,0.1,-5.2747,16.0212,-4.292,8.44,-11.2441,12.4422,-4.2976,8.53,-9.0199,15.4597,-4.2977,8.6
54.399,6.9689,3.8126,3.7402,1,0,3.9289,1,0.1,0.1,0.1,-5.2462,16.0162,-4.2927,8.44,-11.2298,12.4439,-4.2967,8.52,-9.018,15.46,-4.2978,8.58
54.499,6.975,3.8382,3.7296,1,0,3.9278,1,0.1,0.1,0.1,-5.2179,16.0111,-4.2928,8.45,-11.2129,12.4459,-4.296,8.51,-9.0164,15.4601,-4.2981,8.57
54.599,6.9796,3.8643,3.7176,1,0,3.9252,1,0.1,0.1,0.1,-5.1895,16.0063,-4.2924,8.47,-11.1939,12.4479,-4.2954,8.49,-9.015,15.46,-4.2986,8.56
54.699,6.9834,3.8909,3.7045,1,0,3.9217,1,0.1,0.1,0.1,-5.161,16.002,-4.2919,8.49,-11.1738,12.4503,-4.2946,8.48,-9.014,15.46,-4.2989,8.54
54.799,6.9912,3.9175,3.6946,1,0,3.9211,1,0.1,0.1,0.1,-5.1328,15.9976,-4.291,8.51,-11.1583,12.4521,-4.2938,8.49,-9.0133,15.4602,-4.299,8.52
54.899,7.001,3.9446,3.6855,1,0,3.9212,1,0.1,0.1,0.1,-5.1047,15.9946,-4.2906,8.53,-11.1441,12.4535,-4.2933,8.5,-9.0129,15.4603,-4.2989,8.5
54.999,7.0109,3.9672,3.6789,1,0,3.9221,1,0.1,0.1,0.1,-5.0813,15.9931,-4.2905,8.55,-11.1334,12.4541,-4.2928,8.52,-9.0125,15.46,-4.2987,8.48
55.099,7.0261,3.9886,3.6764,1,0,3.9265,1,0.1,0.1,0.1,-5.0591,15.9929,-4.2903,8.55,-11.1287,12.4536,-4.2921,8.53,-9.0119,15.4594,-4.2984,8.47
55.199,7.0482,4.0115,3.6773,1,0,3.9347,1,0.1,0.1,0.1,-5.0357,15.9951,-4.2902,8.56,-11.129,12.4525,-4.2915,8.53,-9.0112,15.4587,-4.2977,8.45
55.299,7.076,4.0363,3.6803,1,0,3.9456,1,0.1,0.1,0.1,-5.011,15.9996,-4.2905,8.57,-11.133,12.4512,-4.2913,8.53,-9.0108,15.458,-4.2975,8.43
55.399,7.1081,4.0625,3.6854,1,0,3.959,1,0.1,0.1,0.1,-4.985,16.0048,-4.2912,8.58,-11.14,12.4495,-4.2915,8.53,-9.0104,15.4573,-4.2975,8.41
55.499,7.1376,4.089,3.6885,1,0,3.9705,1,0.1,0.1,0.1,-4.9583,16.0099,-4.293,8.6,-11.1438,12.4483,-4.2919,8.53,-9.0098,15.4568,-4.2975,8.4
55.599,7.1675,4.1163,3.6914,1,0,3.9818,1,0.1,0.1,0.1,-4.9311,16.0159,-4.2954,8.62,-11.1471,12.4473,-4.2923,8.54,-9.0092,15.4566,-4.2976,8.39
55.699,7.201,4.1447,3.6963,1,0,3.9954,1,0.1,0.1,0.1,-4.903,16.0218,-4.2974,8.62,-11.1534,12.4459,-4.2923,8.55,-9.0089,15.4565,-4.2979,8.38
55.799,7.2375,4.1735,3.7029,1,0,4.0107,1,0.1,0.1,0.1,-4.8747,16.0281,-4.2992,8.61,-11.1624,12.444,-4.2922,8.55,-9.0088,15.4563,-4.2982,8.37
55.899,7.2756,4.2023,3.7106,1,0,4.0272,1,0.1,0.1,0.1,-4.8464,16.035,-4.3004,8.6,-11.1731,12.4421,-4.292,8.55,-9.0086,15.456,-4.2987,8.36
55.999,7.3157,4.2316,3.7192,1,0,4.0448,1,0.1,0.1,0.1,-4.8176,16.0421,-4.3015,8.59,-11.1852,12.4402,-4.2916,8.55,-9.0085,15.4559,-4.2993,8.38
56.099,7.3523,4.2619,3.7244,1,0,4.0595,1,0.1,0.1,0.1,-4.7882,16.0496,-4.3021,8.58,-11.1927,12.4389,-4.291,8.54,-9.0085,15.4555,-4.2999,8.39
56.199,7.3827,4.2923,3.7249,1,0,4.0697,1,0.1,0.1,0.1,-4.7585,16.0577,-4.3024,8.59,-11.1933,12.4386,-4.2903,8.54,-9.0083,15.4553,-4.3006,8.4
56.299,7.4079,4.3233,3.7211,1,0,4.0761,1,0.1,0.1,0.1,-4.7285,16.0659,-4.3019,8.58,-11.188,12.4393,-4.2897,8.56,-9.0085,15.4552,-4.301,8.4
56.399,7.4287,4.3546,3.7136,1,0,4.0792,1,0.1,0.1,0.1,-4.6982,16.0741,-4.3011,8.58,-11.1778,12.4408,-4.2895,8.58,-9.0086,15.455,-4.3012,8.4
56.499,7.4518,4.3858,3.7082,1,0,4.0839,1,0.1,0.1,0.1,-4.6681,16.0823,-4.3005,8.58,-11.17,12.4416,-4.2894,8.59,-9.0088,15.4549,-4.3016,8.4
56.599,7.4744,4.4168,3.7031,1,0,4.0883,1,0.1,0.1,0.1,-4.6383,16.0903,-4.3003,8.58,-11.1619,12.4421,-4.2891,8.59,-9.0091,15.4552,-4.3019,8.41
56.699,7.4933,4.4471,3.6957,1,0,4.0902,1,0.1,0.1,0.1,-4.6086,16.098,-4.3002,8.58,-11.1499,12.4428,-4.2888,8.59,-9.009,15.4552,-4.302,8.41
56.799,7.5088,4.4773,3.6857,1,0,4.0899,1,0.1,0.1,0.1,-4.579,16.1055,-4.3002,8.58,-11.1346,12.4442,-4.2887,8.59,-9.0088,15.455,-4.3019,8.41
56.899,7.5273,4.5077,3.6779,1,0,4.0919,1,0.1,0.1,0.1,-4.5493,16.1127,-4.3006,8.59,-11.1229,12.4454,-4.2888,8.59,-9.0088,15.4549,-4.3012,8.42
56.999,7.5518,4.538,3.6742,1,0,4.0981,1,0.1,0.1,0.1,-4.5195,16.1199,-4.3008,8.6,-11.1172,12.4457,-4.2889,8.58,-9.0085,15.4546,-4.3003,8.43
57.099,7.5811,4.5681,3.6742,1,0,4.1078,1,0.1,0.1,0.1,-4.4899,16.127,-4.3008,8.6,-11.1168,12.4452,-4.2891,8.58,-9.0081,15.454,-4.2995,8.44
57.199,7.6082,4.5975,3.6731,1,0,4.1164,1,0.1,0.1,0.1,-4.4604,16.1333,-4.3009,8.6,-11.1147,12.4448,-4.2895,8.57,-9.0073,15.4533,-4.2986,8.44
57.299,7.6309,4.6271,3.6691,1,0,4.122,1,0.1,0.1,0.1,-4.4308,16.1392,-4.3006,8.59,-11.1081,12.4453,-4.2899,8.56,-9.0067,15.453,-4.2978,8.45
57.399,7.6549,4.6563,3.6666,1,0,4.1286,1,0.1,0.1,0.1,-4.4014,16.1447,-4.3004,8.59,-11.1032,12.4455,-4.2906,8.55,-9.0061,15.4532,-4.2972,8.44
57.499,7.6829,4.685,3.6679,1,0,4.1384,1,0.1,0.1,0.1,-4.3724,16.1498,-4.3004,8.58,-11.103,12.445,-4.2911,8.53,-9.0054,15.4539,-4.2966,8.42
57.599,7.715,4.7136,3.6726,1,0,4.151,1,0.1,0.1,0.1,-4.3431,16.1546,-4.3003,8.57,-11.107,12.4437,-4.2914,8.5,-9.0045,15.4549,-4.296,8.41
57.699,7.7503,4.7424,3.6794,1,0,4.166,1,0.1,0.1,0.1,-4.3135,16.1591,-4.3004,8.57,-11.1143,12.4421,-4.2917,8.48,-9.0035,15.4559,-4.2957,8.39
57.799,7.7825,4.7715,3.6838,1,0,4.1788,1,0.1,0.1,0.1,-4.2837,16.1636,-4.3004,8.56,-11.1181,12.441,-4.2921,8.46,-9.0025,15.4567,-4.2955,8.37
57.899,7.8085,4.8004,3.6838,1,0,4.1872,1,0.1,0.1,0.1,-4.2539,16.1681,-4.3001,8.56,-11.1155,12.4408,-4.2924,8.45,-9.0015,15.4577,-4.2952,8.35
57.999,7.8351,4.829,3.6845,1,0,4.196,1,0.1,0.1,0.1,-4.2244,16.1726,-4.2996,8.55,-11.1135,12.4403,-4.2927,8.44,-9.0004,15.4587,-4.295,8.34
58.099,7.8593,4.8571,3.6837,1,0,4.2035,1,0.1,0.1,0.1,-4.195,16.1768,-4.299,8.54,-11.1093,12.4404,-4.2929,8.45,-8.9989,15.4597,-4.2948,8.33
58.199,7.8786,4.8847,3.6799,1,0,4.2079,1,0.1,0.1,0.1,-4.1657,16.1808,-4.2979,8.53,-11.1003,12.4413,-4.293,8.46,-8.997,15.4609,-4.2943,8.32
58.299,7.9003,4.9126,3.6775,1,0,4.2137,1,0.1,0.1,0.1,-4.1361,16.185,-4.297,8.51,-11.0934,12.4418,-4.293,8.47,-8.9952,15.462,-4.2938,8.31
58.399,7.9218,4.9411,3.6745,1,0,4.2191,1,0.1,0.1,0.1,-4.1061,16.1894,-4.2962,8.5,-11.0857,12.4423,-4.293,8.48,-8.9935,15.463,-4.2936,8.31
58.499,7.9399,4.9702,3.6685,1,0,4.2219,1,0.1,0.1,0.1,-4.0759,16.1941,-4.2958,8.5,-11.0741,12.4437,-4.2933,8.49,-8.9922,15.4643,-4.2938,8.31
58.599,7.9548,4.9998,3.6603,1,0,4.2223,1,0.1,0.1,0.1,-4.0454,16.1989,-4.2955,8.51,-11.059,12.4455,-4.2938,8.49,-8.9912,15.4657,-4.2941,8.32
58.699,7.9725,5.0295,3.6543,1,0,4.2244,1,0.1,0.1,0.1,-4.0151,16.2038,-4.295,8.51,-11.0468,12.4466,-4.2944,8.49,-8.9905,15.4674,-4.2942,8.33
58.799,7.99,5.0592,3.6479,1,0,4.2263,1,0.1,0.1,0.1,-3.9853,16.2089,-4.2946,8.51,-11.0346,12.4477,-4.2949,8.49,-8.9901,15.4688,-4.2946,8.33
58.899,8.0103,5.0887,3.6435,1,0,4.2303,1,0.1,0.1,0.1,-3.9559,16.2141,-4.2942,8.5,-11.0258,12.4482,-4.2953,8.48,-8.9899,15.4698,-4.2949,8.34
58.999,8.0362,5.1182,3.6427,1,0,4.238,1,0.1,0.1,0.1,-3.9266,16.2198,-4.2937,8.5,-11.0226,12.4478,-4.2957,8.49,-8.9897,15.4704,-4.2949,8.35
59.099,8.0665,5.1475,3.645,1,0,4.2488,1,0.1,0.1,0.1,-3.8977,16.2256,-4.2933,8.5,-11.0243,12.4469,-4.296,8.49,-8.9895,15.471,-4.2949,8.37
59.199,8.1007,5.1768,3.6499,1,0,4.2624,1,0.1,0.1,0.1,-3.8687,16.2312,-4.2931,8.5,-11.0303,12.4454,-4.2962,8.49,-8.9895,15.4714,-4.295,8.38
59.299,8.1376,5.2064,3.6567,1,0,4.2779,1,0.1,0.1,0.1,-3.8396,16.2362,-4.293,8.5,-11.0392,12.4433,-4.2964,8.49,-8.9895,15.4715,-4.295,8.39
59.399,8.1767,5.2366,3.6644,1,0,4.2947,1,0.1,0.1,0.1,-3.8101,16.2411,-4.2936,8.49,-11.0499,12.4406,-4.2966,8.49,-8.9898,15.4711,-4.2949,8.4
59.499,8.2178,5.2673,3.6731,1,0,4.3128,1,0.1,0.1,0.1,-3.7801,16.2459,-4.2943,8.49,-11.0622,12.4375,-4.2968,8.5,-8.99,15.4703,-4.2946,8.4
59.599,8.2547,5.2983,3.6785,1,0,4.3279,1,0.1,0.1,0.1,-3.7499,16.2503,-4.2947,8.49,-11.07,12.435,-4.2967,8.51,-8.9903,15.4693,-4.2939,8.4
59.699,8.2839,5.329,3.6786,1,0,4.3379,1,0.1,0.1,0.1,-3.72,16.2545,-4.2953,8.49,-11.0702,12.4337,-4.2964,8.52,-8.9906,15.4681,-4.2931,8.39
59.799,8.3128,5.3594,3.6786,1,0,4.3476,1,0.1,0.1,0.1,-3.6901,16.2589,-4.2958,8.5,-11.07,12.4327,-4.2959,8.53,-8.9908,15.4672,-4.2919,8.4
59.899,8.3449,5.3898,3.6811,1,0,4.3597,1,0.1,0.1,0.1,-3.6602,16.2633,-4.2961,8.49,-11.0732,12.4313,-4.2951,8.54,-8.9908,15.4667,-4.2909,8.42
59.999,8.3798,5.4199,3.6858,1,0,4.3738,1,0.1,0.1,0.1,-3.6304,16.2678,-4.2962,8.49,-11.0795,12.4296,-4.2938,8.54,-8.9908,15.4664,-4.2903,8.43
60.099,8.4165,5.4496,3.6922,1,0,4.3893,1,0.1,0.1,0.1,-3.601,16.2724,-4.2963,8.48,-11.088,12.4275,-4.2928,8.56,-8.9906,15.4661,-4.2896,8.43
60.199,8.4493,5.479,3.6956,1,0,4.4021,1,0.1,0.1,0.1,-3.5717,16.2771,-4.2967,8.47,-11.0925,12.4263,-4.2919,8.58,-8.9904,15.4657,-4.2888,8.42
60.299,8.4757,5.5086,3.6941,1,0,4.4107,1,0.1,0.1,0.1,-3.5422,16.2816,-4.2975,8.45,-11.0904,12.4265,-4.2913,8.6,-8.99,15.4654,-4.2881,8.42
60.399,8.4968,5.5383,3.689,0,0,4.4156,1,0.1,0.1,0.1,-3.5124,16.2859,-4.2985,8.43,-11.0827,12.4276,-4.2911,8.62,-8.9896,15.4652,-4.2876,8.42
60.499,8.5193,5.5676,3.685,0,0,4.4216,1,0.1,0.1,0.1,-3.4828,16.2903,-4.2992,8.42,-11.0766,12.4286,-4.2909,8.63,-8.9889,15.4652,-4.2874,8.43
60.599,8.5461,5.5966,3.6843,0,0,4.4307,1,0.1,0.1,0.1,-3.4532,16.2946,-4.2996,8.41,-11.075,12.4289,-4.291,8.65,-8.988,15.4652,-4.2871,8.44
60.699,8.5712,5.6258,3.6822,0,0,4.4387,1,0.1,0.1,0.1,-3.4234,16.2989,-4.3,8.4,-11.0717,12.4299,-4.291,8.67,-8.9871,15.4652,-4.2868,8.45
60.799,8.5968,5.6545,3.6805,0,0,4.4474,1,0.1,0.1,0.1,-3.3941,16.3031,-4.3007,8.39,-11.0696,12.431,-4.2912,8.69,-8.9862,15.4651,-4.2867,8.46
60.899,8.6258,5.6831,3.6812,0,0,4.4585,1,0.1,0.1,0.1,-3.3651,16.3073,-4.3018,8.38,-11.0714,12.432,-4.2913,8.69,-8.9855,15.4651,-4.287,8.48
60.999,8.6576,5.7117,3.6841,0,0,4.4716,1,0.1,0.1,0.1,-3.3359,16.3115,-4.3028,8.37,-11.076,12.4327,-4.2913,8.68,-8.9846,15.4655,-4.2874,8.5
61.099,8.692,5.7403,3.6889,0,0,4.4863,1,0.1,0.1,0.1,-3.3067,16.3157,-4.3037,8.36,-11.0832,12.4327,-4.2911,8.67,-8.9838,15.4659,-4.2879,8.51
61.199,8.729,5.7693,3.6957,0,0,4.5027,1,0.1,0.1,0.1,-3.2773,16.3197,-4.3044,8.34,-11.0928,12.4322,-4.2908,8.65,-8.9832,15.4666,-4.2886,8.51
61.299,8.7621,5.7989,3.6991,0,0,4.5162,1,0.1,0.1,0.1,-3.2477,16.3237,-4.3043,8.33,-11.0982,12.4322,-4.2907,8.64,-8.983,15.4669,-4.2892,8.51
61.399,8.7887,5.8292,3.6974,0,0,4.525,1,0.1,0.1,0.1,-3.2179,16.3277,-4.3039,8.33,-11.0966,12.4332,-4.2906,8.63,-8.9831,15.467,-4.2897,8.52
61.499,8.8101,5.8594,3.6919,0,0,4.5302,1,0.1,0.1,0.1,-3.1878,16.3317,-4.3031,8.34,-11.0893,12.435,-4.2909,8.62,-8.9831,15.4672,-4.2902,8.53
61.599,8.827,5.8897,3.6833,0,0,4.5323,1,0.1,0.1,0.1,-3.1578,16.3357,-4.3022,8.35,-11.0774,12.4376,-4.2911,8.62,-8.9832,15.4676,-4.291,8.54
61.699,8.8461,5.9198,3.6768,0,0,4.5361,1,0.1,0.1,0.1,-3.1277,16.3391,-4.3016,8.36,-11.068,12.4397,-4.2913,8.6,-8.9831,15.4682,-4.292,8.54
61.799,8.8648,5.9496,3.67,0,0,4.5397,1,0.1,0.1,0.1,-3.0975,16.3424,-4.3013,8.36,-11.058,12.4418,-4.2916,8.57,-8.9826,15.4686,-4.293,8.55
61.899,8.8861,5.9795,3.6649,0,0,4.545,1,0.1,0.1,0.1,-3.0673,16.3458,-4.3009,8.35,-11.0508,12.4435,-4.2919,8.56,-8.9821,15.4687,-4.2938,8.56
61.999,8.9067,6.0096,3.659,0,0,4.5499,1,0.1,0.1,0.1,-3.0371,16.3492,-4.3005,8.36,-11.0428,12.4455,-4.2919,8.54,-8.9819,15.4689,-4.2944,8.56
62.099,8.9288,6.0396,3.6543,0,0,4.5558,1,0.1,0.1,0.1,-3.0069,16.3524,-4.3003,8.38,-11.0365,12.4473,-4.2919,8.53,-8.9816,15.4691,-4.2948,8.56
62.199,8.9556,6.0698,3.6529,0,0,4.565,1,0.1,0.1,0.1,-2.9767,16.3553,-4.3001,8.4,-11.035,12.4482,-4.2919,8.53,-8.9815,15.4692,-4.2947,8.54
62.299,8.9861,6.0998,3.6543,0,0,4.5767,1,0.1,0.1,0.1,-2.9468,16.358,-4.2995,8.41,-11.0377,12.4483,-4.2917,8.51,-8.9815,15.4691,-4.2943,8.53
62.399,9.0139,6.1296,3.6539,0,0,4.5866,1,0.1,0.1,0.1,-2.9171,16.361,-4.2991,8.42,-11.0377,12.4486,-4.2915,8.51,-8.9814,15.469,-4.2941,8.52
62.499,9.042,6.1593,3.6538,0,0,4.5965,1,0.1,0.1,0.1,-2.8874,16.3645,-4.2993,8.43,-11.0376,12.4489,-4.2916,8.51,-8.9813,15.4691,-4.2942,8.53
62.599,9.0735,6.1889,3.6562,0,0,4.6089,1,0.1,0.1,0.1,-2.8577,16.3681,-4.2992,8.44,-11.0411,12.4489,-4.2918,8.51,-8.9809,15.4695,-4.2941,8.53
62.699,9.1081,6.2185,3.661,0,0,4.6233,1,0.1,0.1,0.1,-2.8279,16.3717,-4.2985,8.44,-11.0478,12.4485,-4.292,8.49,-8.9807,15.4701,-4.2941,8.54
62.799,9.139,6.248,3.6636,0,0,4.6351,1,0.1,0.1,0.1,-2.7983,16.3754,-4.2982,8.45,-11.0506,12.4483,-4.2918,8.48,-8.9805,15.471,-4.2941,8.55
62.899,9.1634,6.2771,3.6617,0,0,4.6425,1,0.1,0.1,0.1,-2.7691,16.3792,-4.2983,8.46,-11.0471,12.4493,-4.2915,8.48,-8.9804,15.472,-4.2944,8.55
62.999,9.1826,6.3063,3.6558,0,0,4.6462,1,0.1,0.1,0.1,-2.74,16.3835,-4.2984,8.46,-11.038,12.451,-4.2912,8.48,-8.9802,15.4726,-4.2946,8.54
63.099,9.1982,6.3358,3.6468,0,0,4.6471,1,0.1,0.1,0.1,-2.7107,16.3882,-4.2983,8.46,-11.0246,12.4532,-4.2911,8.49,-8.9801,15.473,-4.2946,8.53
63.199,9.2102,6.3654,3.6352,0,0,4.6456,1,0.1,0.1,0.1,-2.6818,16.393,-4.2978,8.47,-11.0081,12.4559,-4.291,8.5,-8.9804,15.4731,-4.2943,8.54
63.299,9.2254,6.395,3.6257,0,0,4.6463,1,0.1,0.1,0.1,-2.6533,16.3977,-4.2975,8.48,-10.9953,12.4584,-4.291,8.5,-8.9811,15.4732,-4.2939,8.54
63.399,9.2474,6.425,3.621,0,0,4.6515,1,0.1,0.1,0.1,-2.6247,16.403,-4.2974,8.49,-10.9892,12.4597,-4.2909,8.5,-8.9821,15.4735,-4.2939,8.54
63.499,9.2756,6.4553,3.6207,0,0,4.6605,1,0.1,0.1,0.1,-2.5961,16.4087,-4.2972,8.5,-10.9891,12.4598,-4.291,8.5,-8.9834,15.4742,-4.2939,8.53
63.599,9.3087,6.4858,3.6235,0,0,4.6728,1,0.1,0.1,0.1,-2.5675,16.4145,-4.2973,8.5,-10.9941,12.4592,-4.2911,8.5,-8.9849,15.4746,-4.2937,8.52
63.699,9.3456,6.5163,3.6289,0,0,4.6879,1,0.1,0.1,0.1,-2.5388,16.4201,-4.2975,8.51,-11.0029,12.458,-4.2913,8.49,-8.9861,15.4748,-4.2935,8.51
63.799,9.3854,6.5469,3.6363,0,0,4.7048,1,0.1,0.1,0.1,-2.5097,16.4256,-4.2974,8.52,-11.0144,12.4563,-4.2911,8.49,-8.9873,15.4752,-4.2934,8.51
63.899,9.4272,6.5778,3.6452,0,0,4.7231,1,0.1,0.1,0.1,-2.4804,16.431,-4.297,8.52,-11.0278,12.4543,-4.2908,8.49,-8.9885,15.4756,-4.2935,8.51
63.999,9.4659,6.6087,3.6507,0,0,4.7379,1,0.1,0.1,0.1,-2.452,16.4414,-4.297,8.45,-11.0365,12.4527,-4.2901,8.49,-8.9898,15.4757,-4.2935,8.52
64.099,9.4988,6.6394,3.6505,0,0,4.7472,1,0.1,0.1,0.1,-2.4248,16.4585,-4.2974,8.29,-11.0374,12.4523,-4.2897,8.5,-8.991,15.4752,-4.2937,8.53
64.199,9.5326,6.6701,3.6495,0,0,4.7559,1,0.1,0.1,0.1,-2.3983,16.4812,-4.2984,8.06,-11.0377,12.4523,-4.2895,8.51,-8.992,15.4746,-4.2938,8.52
64.299,9.5707,6.7005,3.6506,0,0,4.7666,1,0.1,0.1,0.1,-2.3725,16.5081,-4.2998,7.79,-11.0413,12.4522,-4.2889,8.51,-8.9927,15.4739,-4.2935,8.51
64.399,9.6119,6.7252,3.6572,0,0,4.7808,1,0.1,0.1,0.1,-2.3476,16.538,-4.3016,7.49,-11.0477,12.4517,-4.2885,8.52,-8.988,15.4738,-4.2929,8.49
64.499,9.656,6.7428,3.6702,0,0,4.7988,1,0.1,0.1,0.1,-2.3231,16.5701,-4.3033,7.17,-11.0565,12.451,-4.2881,8.53,-8.9763,15.4748,-4.2923,8.48
64.599,9.7022,6.7546,3.6882,0,0,4.8198,1,0.1,0.1,0.1,-2.2991,16.6043,-4.3051,6.86,-11.0671,12.4505,-4.288,8.53,-8.959,15.4768,-4.292,8.47
64.699,9.7498,6.7624,3.71,0,0,4.8428,1,0.1,0.1,0.1,-2.2752,16.6398,-4.307,6.54,-11.0787,12.4497,-4.2885,8.53,-8.9373,15.4792,-4.292,8.47
64.799,9.793,6.7671,3.7308,0,0,4.8636,1,0.1,0.1,0.1,-2.2515,16.676,-4.3089,6.23,-11.0854,12.4495,-4.2891,8.52,-8.9124,15.4821,-4.2916,8.48
64.899,9.8353,6.7697,3.7526,0,0,4.8846,1,0.1,0.1,0.1,-2.2276,16.7126,-4.311,5.93,-11.091,12.4494,-4.2897,8.51,-8.8851,15.4853,-4.291,8.48
64.999,9.8796,6.7704,3.7777,0,0,4.9075,1,0.1,0.1,0.1,-2.2038,16.7494,-4.3133,5.64,-11.0983,12.4489,-4.2902,8.5,-8.8558,15.489,-4.2904,8.48
65.099,9.9258,6.7692,3.8059,0,0,4.9322,1,0.1,0.1,0.1,-2.1802,16.7863,-4.3154,5.37,-11.1076,12.4479,-4.2906,8.49,-8.8246,15.4931,-4.2897,8.48
65.199,9.9676,6.767,3.8319,0,0,4.9544,1,0.1,0.1,0.1,-2.1564,16.8234,-4.3175,5.11,-11.1123,12.4478,-4.2914,8.49,-8.7921,15.4974,-4.2891,8.48
65.299,10.0027,6.7642,3.8532,0,0,4.9721,1,0.1,0.1,0.1,-2.1327,16.8606,-4.3197,4.87,-11.1098,12.4486,-4.2923,8.49,-8.7589,15.5016,-4.2886,8.48
65.399,10.0318,6.7608,3.8705,0,0,4.9857,1,0.1,0.1,0.1,-2.1094,16.8981,-4.3222,4.64,-11.1012,12.4502,-4.2931,8.49,-8.7252,15.5056,-4.2884,8.48
65.499,10.0564,6.7571,3.8847,0,0,4.9964,1,0.1,0.1,0.1,-2.0861,16.9356,-4.3245,4.43,-11.0879,12.4525,-4.2941,8.49,-8.6909,15.5096,-4.2884,8.49
65.599,10.0779,6.7532,3.8968,0,0,5.0051,1,0.1,0.1,0.1,-2.0627,16.973,-4.3263,4.22,-11.0712,12.4552,-4.2951,8.49,-8.6563,15.5136,-4.2886,8.5
65.699,10.0971,6.7492,3.9077,0,0,5.0123,1,0.1,0.1,0.1,-2.0394,17.01,-4.3276,4.01,-11.0524,12.4583,-4.2959,8.49,-8.6215,15.5179,-4.2887,8.52
65.799,10.1145,6.7452,3.9173,0,0,5.0182,1,0.1,0.1,0.1,-2.0161,17.047,-4.3287,3.82,-11.0315,12.4618,-4.2964,8.5,-8.5866,15.5224,-4.2887,8.54
65.899,10.1305,6.7414,3.9259,0,0,5.0231,1,0.1,0.1,0.1,-1.9927,17.0841,-4.3303,3.64,-11.009,12.4654,-4.2967,8.5,-8.5517,15.5272,-4.289,8.54
65.999,10.146,6.7382,3.9337,0,0,5.0273,1,0.1,0.1,0.1,-1.9691,17.1214,-4.3319,3.47,-10.9854,12.4688,-4.297,8.51,-8.5169,15.5317,-4.2896,8.54
66.099,10.1612,6.7359,3.941,0,0,5.0309,1,0.1,0.1,0.1,-1.9452,17.1587,-4.3331,3.3,-10.9609,12.4719,-4.2972,8.52,-8.4827,15.5362,-4.2905,8.54
66.199,10.1761,6.7344,3.9478,0,0,5.0341,1,0.1,0.1,0.1,-1.9211,17.1959,-4.334,3.13,-10.9358,12.4751,-4.2971,8.52,-8.4488,15.5411,-4.2916,8.54
66.299,10.1904,6.7334,3.9538,0,0,5.0369,1,0.1,0.1,0.1,-1.8968,17.2329,-4.3351,2.96,-10.9102,12.4787,-4.2968,8.52,-8.4153,15.546,-4.2925,8.54
66.399,10.2045,6.7331,3.959,0,0,5.0392,1,0.1,0.1,0.1,-1.8725,17.2701,-4.3366,2.8,-10.8842,12.4825,-4.2966,8.54,-8.3823,15.5508,-4.2932,8.54
66.499,10.2182,6.7329,3.9638,0,0,5.0414,1,0.1,0.1,0.1,-1.8486,17.3072,-4.338,2.65,-10.8581,12.4866,-4.2965,8.55,-8.3495,15.5555,-4.2942,8.53
66.599,10.2324,6.7333,3.9688,0,0,5.0438,1,0.1,0.1,0.1,-1.8241,17.3436,-4.3392,2.44,-10.8321,12.4901,-4.2966,8.55,-8.3167,15.56,-4.2952,8.52
66.699,10.2472,6.7348,3.9738,0,0,5.0464,1,0.1,0.1,0.1,-1.7987,17.3789,-4.3406,2.14,-10.8061,12.4932,-4.2968,8.55,-8.2843,15.5642,-4.2963,8.5
66.799,10.2624,6.7372,3.9787,0,0,5.0491,1,0.1,0.1,0.1,-1.7727,17.4131,-4.3424,1.78,-10.7802,12.4959,-4.2968,8.55,-8.2523,15.5683,-4.2972,8.49
66.899,10.278,6.7399,3.9842,0,0,5.0523,1,0.1,0.1,0.1,-1.7462,17.4466,-4.3446,1.4,-10.7547,12.4986,-4.2966,8.54,-8.2202,15.5727,-4.2979,8.48
66.999,10.2942,6.7431,3.9898,0,0,5.0559,1,0.1,0.1,0.1,-1.7192,17.4795,-4.3472,1.01,-10.7297,12.5017,-4.2964,8.54,-8.1883,15.5773,-4.2983,8.48
67.099,10.3106,6.7472,3.995,0,0,5.0597,1,0.1,0.1,0.1,-1.6917,17.5122,-4.3499,0.61,-10.7047,12.5052,-4.296,8.53,-8.1568,15.5822,-4.2987,8.49
67.199,10.3274,6.7517,4.0004,0,0,5.0636,1,0.1,0.1,0.1,-1.6639,17.5448,-4.3525,0.21,-10.6799,12.5086,-4.2951,8.54,-8.1253,15.5872,-4.2989,8.51
67.299,10.3446,6.7564,4.0063,0,0,5.0678,1,0.1,0.1,0.1,-1.6357,17.5772,-4.3553,-0.19,-10.6553,12.512,-4.2944,8.56,-8.0938,15.5924,-4.2989,8.53
67.399,10.3624,6.7614,4.0123,0,0,5.0724,1,0.1,0.1,0.1,-1.6074,17.6093,-4.3584,-0.58,-10.6311,12.5155,-4.2937,8.59,-8.0624,15.5976,-4.299,8.55
67.499,10.3802,6.7665,4.0181,0,0,5.077,1,0.1,0.1,0.1,-1.579,17.6415,-4.3615,-0.96,-10.607,12.5191,-4.293,8.61,-8.0308,15.6026,-4.299,8.56
67.599,10.3978,6.7717,4.0236,0,0,5.0816,1,0.1,0.1,0.1,-1.5511,17.6737,-4.3649,-1.32,-10.5831,12.5228,-4.2923,8.63,-7.9994,15.6071,-4.2988,8.56
67.699,10.4158,6.7772,4.0288,0,0,5.0863,1,0.1,0.1,0.1,-1.523,17.7059,-4.3682,-1.68,-10.5593,12.5263,-4.2918,8.63,-7.9679,15.6111,-4.2983,8.55
67.799,10.4335,6.7829,4.0338,0,0,5.091,1,0.1,0.1,0.1,-1.4947,17.7376,-4.3713,-2.01,-10.5353,12.53,-4.291,8.64,-7.9365,15.615,-4.2976,8.53
67.899,10.4513,6.7885,4.0392,0,0,5.0957,1,0.1,0.1,0.1,-1.4665,17.7691,-4.3741,-2.32,-10.5115,12.5336,-4.2902,8.64,-7.9051,15.6194,-4.2971,8.51
67.999,10.4694,6.7941,4.045,0,0,5.1008,1,0.1,0.1,0.1,-1.4382,17.8006,-4.3762,-2.62,-10.4881,12.5373,-4.2896,8.65,-7.8737,15.6239,-4.297,8.5
68.099,10.4878,6.8,4.0505,0,0,5.1061,1,0.1,0.1,0.1,-1.4099,17.8322,-4.3781,-2.9,-10.4648,12.5414,-4.2893,8.66,-7.8422,15.6282,-4.2972,8.48
68.199,10.5065,6.8059,4.0563,0,0,5.1116,1,0.1,0.1,0.1,-1.3814,17.864,-4.3797,-3.17,-10.4419,12.5456,-4.2893,8.66,-7.8105,15.6326,-4.2973,8.46
68.299,10.5253,6.8115,4.0624,0,0,5.1173,1,0.1,0.1,0.1,-1.3532,17.896,-4.3812,-3.43,-10.4193,12.5498,-4.2892,8.67,-7.7787,15.637,-4.2975,8.45
68.399,10.5436,6.8172,4.0682,0,0,5.1227,1,0.1,0.1,0.1,-1.3253,17.9277,-4.3826,-3.67,-10.3963,12.5542,-4.2889,8.68,-7.7471,15.6414,-4.2978,8.44
68.499,10.5615,6.8229,4.0736,0,0,5.128,1,0.1,0.1,0.1,-1.2975,17.959,-4.384,-3.91,-10.3734,12.5586,-4.2888,8.69,-7.7158,15.6459,-4.298,8.42
68.599,10.5797,6.8289,4.0795,0,0,5.1333,1,0.1,0.1,0.1,-1.2695,17.9899,-4.3851,-4.14,-10.3504,12.5626,-4.2887,8.69,-7.6845,15.6504,-4.2973,8.4
68.699,10.5979,6.8351,4.0854,0,0,5.1384,1,0.1,0.1,0.1,-1.2413,18.0208,-4.3864,-4.34,-10.3273,12.5663,-4.2884,8.69,-7.6534,15.6552,-4.296,8.39
68.799,10.6159,6.8413,4.0915,0,0,5.1435,1,0.1,0.1,0.1,-1.2132,18.0514,-4.3876,-4.54,-10.3039,12.57,-4.2881,8.68,-7.6223,15.6602,-4.2946,8.38
68.899,10.6338,6.8475,4.0976,0,0,5.1485,1,0.1,0.1,0.1,-1.1853,18.0819,-4.3884,-4.74,-10.2806,12.5734,-4.2881,8.68,-7.5914,15.6651,-4.2933,8.38
68.999,10.6518,6.8538,4.1038,0,0,5.1535,1,0.1,0.1,0.1,-1.1574,18.1122,-4.3889,-4.93,-10.2573,12.5768,-4.2884,8.68,-7.5607,15.6702,-4.2925,8.38
69.099,10.6699,6.8604,4.1102,0,0,5.1584,1,0.1,0.1,0.1,-1.1294,18.1429,-4.3892,-5.11,-10.234,12.5802,-4.2884,8.7,-7.5301,15.6758,-4.2923,8.39
69.199,10.6882,6.8673,4.1164,0,0,5.1634,1,0.1,0.1,0.1,-1.1013,18.1736,-4.389,-5.29,-10.2107,12.5838,-4.2886,8.7,-7.4998,15.6815,-4.2925,8.41
69.299,10.7066,6.8742,4.123,0,0,5.1685,1,0.1,0.1,0.1,-1.0731,18.2045,-4.3889,-5.47,-10.1874,12.5874,-4.2891,8.71,-7.4692,15.6875,-4.2929,8.42
69.399,10.7252,6.8812,4.1295,0,0,5.1737,1,0.1,0.1,0.1,-1.0448,18.2353,-4.3888,-5.63,-10.1641,12.591,-4.2897,8.72,-7.4385,15.6933,-4.2933,8.43
69.499,10.7441,6.8884,4.136,0,0,5.1791,1,0.1,0.1,0.1,-1.0162,18.2663,-4.3886,-5.79,-10.141,12.595,-4.2903,8.73,-7.4076,15.699,-4.2937,8.44
69.599,10.7632,6.8954,4.1427,0,0,5.1848,1,0.1,0.1,0.1,-0.9877,18.2975,-4.3885,-5.93,-10.1182,12.5991,-4.2909,8.74,-7.3764,15.7047,-4.2938,8.44
69.699,10.7824,6.9025,4.1494,0,0,5.1905,1,0.1,0.1,0.1,-0.9594,18.3289,-4.3885,-6.07,-10.0954,12.6031,-4.291,8.74,-7.3452,15.7103,-4.2934,8.44
69.799,10.8011,6.9095,4.1559,0,0,5.196,1,0.1,0.1,0.1,-0.9314,18.3602,-4.3887,-6.19,-10.0723,12.6071,-4.2912,8.74,-7.314,15.7157,-4.2929,8.44
69.899,10.8196,6.9161,4.1623,0,0,5.2014,1,0.1,0.1,0.1,-0.9035,18.3916,-4.3891,-6.3,-10.0491,12.6113,-4.2914,8.74,-7.2825,15.721,-4.2925,8.45
69.999,10.838,6.9228,4.1684,0,0,5.2068,1,0.1,0.1,0.1,-0.8757,18.423,-4.3897,-6.4,-10.026,12.6158,-4.2917,8.73,-7.2509,15.7261,-4.2926,8.45
70.099,10.8561,6.9293,4.1746,0,0,5.2123,1,0.1,0.1,0.1,-0.8482,18.4541,-4.3903,-6.5,-10.003,12.6203,-4.2919,8.72,-7.2193,15.7313,-4.293,8.47
70.199,10.8739,6.9356,4.1807,0,0,5.2175,1,0.1,0.1,0.1,-0.8211,18.4853,-4.3911,-6.59,-9.98,12.6246,-4.2921,8.69,-7.188,15.7364,-4.2935,8.49
70.299,10.8916,6.9422,4.1865,0,0,5.2226,1,0.1,0.1,0.1,-0.7941,18.5162,-4.3919,-6.67,-9.9569,12.6289,-4.2925,8.67,-7.1568,15.7412,-4.2942,8.51
70.399,10.9092,6.9488,4.1921,0,0,5.2277,1,0.1,0.1,0.1,-0.767,18.547,-4.3923,-6.75,-9.9338,12.6334,-4.2926,8.65,-7.1255,15.7458,-4.2953,8.53
70.499,10.9271,6.956,4.1976,0,0,5.2329,1,0.1,0.1,0.1,-0.7397,18.578,-4.3924,-6.82,-9.9106,12.6378,-4.2926,8.65,-7.0943,15.7504,-4.2966,8.56
70.599,10.9455,6.9634,4.2035,0,0,5.2383,1,0.1,0.1,0.1,-0.7121,18.609,-4.3923,-6.89,-9.8878,12.6422,-4.2925,8.63,-7.0632,15.7553,-4.298,8.58
70.699,10.9643,6.9709,4.2096,0,0,5.244,1,0.1,0.1,0.1,-0.6847,18.6402,-4.3924,-6.96,-9.8652,12.6465,-4.2924,8.62,-7.0321,15.76,-4.2992,8.6
70.799,10.9825,6.9781,4.2153,0,0,5.2494,1,0.1,0.1,0.1,-0.6576,18.6713,-4.3925,-7.02,-9.8425,12.6511,-4.2923,8.61,-7.0007,15.7645,-4.3,8.62
70.899,11.0005,6.9854,4.2208,0,0,5.2548,1,0.1,0.1,0.1,-0.6305,18.7022,-4.3927,-7.09,-9.8197,12.6557,-4.2925,8.59,-6.9695,15.7689,-4.3002,8.62
70.999,11.019,6.9933,4.2263,0,0,5.2603,1,0.1,0.1,0.1,-0.6034,18.7333,-4.3931,-7.15,-9.7973,12.6604,-4.2927,8.58,-6.9387,15.7732,-4.3003,8.62
71.099,11.0383,7.0014,4.2324,0,0,5.2664,1,0.1,0.1,0.1,-0.5761,18.7645,-4.3935,-7.22,-9.7755,12.6649,-4.2931,8.56,-6.9077,15.7775,-4.3005,8.62
71.199,11.058,7.0099,4.2385,0,0,5.2726,1,0.1,0.1,0.1,-0.5486,18.7956,-4.3938,-7.27,-9.7538,12.6691,-4.2934,8.55,-6.8768,15.7815,-4.3005,8.61
71.299,11.0776,7.019,4.244,0,0,5.2785,1,0.1,0.1,0.1,-0.521,18.8267,-4.3941,-7.32,-9.7318,12.6733,-4.2936,8.53,-6.8461,15.7854,-4.3004,8.62
71.399,11.0969,7.0281,4.2496,0,0,5.284,1,0.1,0.1,0.1,-0.4936,18.8577,-4.3943,-7.36,-9.7095,12.6772,-4.2939,8.53,-6.8158,15.7894,-4.3004,8.62
71.499,11.1163,7.0374,4.255,0,0,5.2897,1,0.1,0.1,0.1,-0.4661,18.8887,-4.3945,-7.42,-9.6872,12.6812,-4.2941,8.52,-6.7854,15.7932,-4.3002,8.62
71.599,11.1358,7.0468,4.2603,0,0,5.2954,1,0.1,0.1,0.1,-0.4385,18.92,-4.3946,-7.47,-9.6646,12.6851,-4.2942,8.52,-6.7546,15.7968,-4.2997,8.62
71.699,11.155,7.0561,4.2656,0,0,5.301,1,0.1,0.1,0.1,-0.4109,18.9512,-4.3946,-7.53,-9.6419,12.6891,-4.2941,8.52,-6.7237,15.8004,-4.2987,8.61
71.799,11.1737,7.065,4.2709,0,0,5.3064,1,0.1,0.1,0.1,-0.3837,18.9817,-4.395,-7.6,-9.6192,12.693,-4.2941,8.53,-6.6929,15.8039,-4.2979,8.59
71.899,11.1922,7.0735,4.2768,0,0,5.3118,1,0.1,0.1,0.1,-0.3565,19.0114,-4.3953,-7.66,-9.5965,12.6965,-4.2941,8.53,-6.6623,15.808,-4.2971,8.59
71.999,11.2105,7.0812,4.2835,0,0,5.3174,1,0.1,0.1,0.1,-0.3296,19.04,-4.3955,-7.71,-9.5742,12.6994,-4.2942,8.53,-6.6317,15.8123,-4.2964,8.59
72.099,11.2287,7.0886,4.2907,0,0,5.3233,1,0.1,0.1,0.1,-0.3028,19.0675,-4.3956,-7.76,-9.5523,12.7019,-4.2943,8.53,-6.6011,15.8165,-4.2961,8.6
72.199,11.2465,7.0957,4.2979,0,0,5.329,1,0.1,0.1,0.1,-0.276,19.0939,-4.3955,-7.81,-9.5305,12.7041,-4.2942,8.53,-6.5708,15.8206,-4.2958,8.6
72.299,11.2635,7.102,4.3054,0,0,5.3349,1,0.1,0.1,0.1,-0.2494,19.1186,-4.3956,-7.84,-9.5089,12.7064,-4.294,8.54,-6.5406,15.8249,-4.2954,8.6
72.399,11.2801,7.1073,4.3136,0,0,5.3408,1,0.1,0.1,0.1,-0.2226,19.1419,-4.3956,-7.88,-9.4874,12.7082,-4.2938,8.54,-6.51,15.8294,-4.2953,8.6
72.499,11.296,7.1119,4.3221,1,0,5.3469,1,0.1,0.1,0.1,-0.196,19.1638,-4.3953,-7.91,-9.4662,12.7098,-4.2936,8.53,-6.4794,15.8339,-4.2956,8.59
72.599,11.3106,7.1155,4.3304,1,0,5.3527,1,0.1,0.1,0.1,-0.17,19.1843,-4.3953,-7.94,-9.4451,12.7119,-4.2936,8.53,-6.449,15.8385,-4.2959,8.58
72.699,11.3236,7.1179,4.3384,1,0,5.3581,1,0.1,0.1,0.1,-0.1445,19.2033,-4.3953,-7.97,-9.4238,12.7141,-4.2937,8.53,-6.4185,15.843,-4.296,8.55
72.799,11.3353,7.1196,4.3459,1,0,5.3631,1,0.1,0.1,0.1,-0.119,19.2205,-4.3955,-8.01,-9.4021,12.7165,-4.2937,8.53,-6.388,15.8473,-4.296,8.53
72.899,11.3457,7.1205,4.3532,1,0,5.368,1,0.1,0.1,0.1,-0.0936,19.236,-4.3958,-8.05,-9.3803,12.7189,-4.2937,8.54,-6.3574,15.8514,-4.2956,8.5
72.999,11.3557,7.1204,4.3611,1,0,5.373,1,0.1,0.1,0.1,-0.0682,19.2504,-4.396,-8.08,-9.3587,12.7213,-4.294,8.54,-6.3265,15.8558,-4.2955,8.49
73.099,11.3653,7.1198,4.3693,1,0,5.3782,1,0.1,0.1,0.1,-0.0428,19.2635,-4.3963,-8.1,-9.3373,12.7235,-4.2945,8.55,-6.2957,15.8603,-4.2955,8.47
73.199,11.3735,7.1187,4.3767,1,0,5.3829,1,0.1,0.1,0.1,-0.0178,19.2754,-4.3965,-8.1,-9.3159,12.7262,-4.2952,8.57,-6.2654,15.8646,-4.2955,8.45
73.299,11.3808,7.1172,4.3837,1,0,5.3873,1,0.1,0.1,0.1,0.0069,19.2861,-4.3967,-8.11,-9.2946,12.7291,-4.2957,8.58,-6.2356,15.8691,-4.2952,8.44
73.399,11.3871,7.115,4.3907,1,0,5.3915,1,0.1,0.1,0.1,0.0314,19.296,-4.3969,-8.12,-9.273,12.7321,-4.2961,8.61,-6.2057,15.8738,-4.295,8.43
73.499,11.3929,7.1123,4.3976,1,0,5.3955,1,0.1,0.1,0.1,0.0556,19.3053,-4.3968,-8.14,-9.2515,12.7352,-4.2965,8.61,-6.1758,15.8783,-4.2943,8.43
73.599,11.3983,7.1098,4.4042,1,0,5.3994,1,0.1,0.1,0.1,0.0799,19.3138,-4.3968,-8.15,-9.2299,12.7382,-4.2973,8.61,-6.1464,15.8828,-4.2936,8.44
73.699,11.4032,7.1072,4.4104,1,0,5.4029,1,0.1,0.1,0.1,0.104,19.3216,-4.3966,-8.17,-9.2082,12.7411,-4.2979,8.61,-6.1174,15.8872,-4.293,8.45
73.799,11.4072,7.1039,4.4166,1,0,5.4062,1,0.1,0.1,0.1,0.1276,19.3287,-4.3963,-8.2,-9.1867,12.7439,-4.2983,8.61,-6.0888,15.8919,-4.2926,8.45
73.899,11.4106,7.1003,4.4227,1,0,5.4093,1,0.1,0.1,0.1,0.1509,19.3353,-4.396,-8.21,-9.165,12.747,-4.2982,8.61,-6.0603,15.8968,-4.2922,8.46
73.999,11.4136,7.0967,4.4284,1,0,5.4123,1,0.1,0.1,0.1,0.1745,19.3415,-4.3956,-8.22,-9.1431,12.7504,-4.2976,8.62,-6.0319,15.9016,-4.2917,8.48
74.099,11.4162,7.0924,4.4342,1,0,5.4153,1,0.1,0.1,0.1,0.1981,19.347,-4.3954,-8.24,-9.1213,12.7539,-4.2968,8.63,-6.0031,15.9064,-4.2916,8.48
74.199,11.4185,7.0876,4.4403,1,0,5.4185,1,0.1,0.1,0.1,0.2214,19.3519,-4.3949,-8.26,-9.0997,12.7573,-4.2964,8.63,-5.974,15.9111,-4.2915,8.47
74.299,11.42,7.0821,4.4463,1,0,5.4216,1,0.1,0.1,0.1,0.2446,19.3559,-4.3941,-8.29,-9.0781,12.7609,-4.2961,8.63,-5.9449,15.9156,-4.2918,8.46
74.399,11.4209,7.076,4.4521,1,0,5.4245,1,0.1,0.1,0.1,0.2673,19.3596,-4.3933,-8.33,-9.0566,12.7647,-4.2958,8.63,-5.9156,15.92,-4.2921,8.44
74.499,11.4216,7.07,4.4577,1,0,5.4275,1,0.1,0.1,0.1,0.2902,19.363,-4.3926,-8.36,-9.0351,12.7689,-4.2953,8.64,-5.8864,15.9243,-4.2926,8.43
74.599,11.4226,7.0636,4.4638,1,0,5.4309,1,0.1,0.1,0.1,0.313,19.3662,-4.3919,-8.38,-9.0142,12.7731,-4.2949,8.65,-5.8568,15.9285,-4.2931,8.43
74.699,11.4238,7.0564,4.4708,1,0,5.435,1,0.1,0.1,0.1,0.3357,19.3691,-4.3914,-8.4,-8.9941,12.7774,-4.2945,8.65,-5.8267,15.9327,-4.2936,8.44
74.799,11.426,7.0494,4.4788,1,0,5.4397,1,0.1,0.1,0.1,0.3587,19.3717,-4.391,-8.41,-8.9748,12.7816,-4.294,8.64,-5.7967,15.9373,-4.2941,8.46
74.899,11.429,7.0424,4.4873,1,0,5.445,1,0.1,0.1,0.1,0.3818,19.374,-4.3906,-8.41,-8.9565,12.7855,-4.2931,8.64,-5.767,15.9418,-4.2951,8.47
74.999,11.4325,7.0351,4.4968,1,0,5.4508,1,0.1,0.1,0.1,0.4046,19.3761,-4.3903,-8.41,-8.939,12.789,-4.2922,8.64,-5.7371,15.9463,-4.2961,8.48
75.099,11.4362,7.0266,4.5075,1,0,5.457,1,0.1,0.1,0.1,0.4269,19.3778,-4.3901,-8.41,-8.9222,12.7922,-4.2912,8.64,-5.7069,15.9511,-4.2965,8.48
75.199,11.4405,7.0178,4.5194,1,0,5.4639,1,0.1,0.1,0.1,0.4492,19.3789,-4.3898,-8.4,-8.9063,12.7949,-4.2902,8.64,-5.6766,15.9561,-4.297,8.48
75.299,11.4452,7.0088,4.5319,1,0,5.4712,1,0.1,0.1,0.1,0.4717,19.3793,-4.3891,-8.39,-8.891,12.7974,-4.2894,8.64,-5.6463,15.9612,-4.2976,8.47
75.399,11.4501,6.9993,4.545,1,0,5.4788,1,0.1,0.1,0.1,0.4943,19.3793,-4.3884,-8.39,-8.8761,12.7997,-4.2889,8.63,-5.6159,15.9663,-4.2983,8.47
75.499,11.4554,6.99,4.5583,1,0,5.487,1,0.1,0.1,0.1,0.517,19.3788,-4.3878,-8.38,-8.8619,12.802,-4.2887,8.62,-5.5854,15.9711,-4.2987,8.46
75.599,11.4615,6.9809,4.5721,1,0,5.4956,1,0.1,0.1,0.1,0.5397,19.3782,-4.3871,-8.37,-8.8486,12.8043,-4.2884,8.61,-5.5551,15.9755,-4.2987,8.44
75.699,11.4682,6.9717,4.5866,1,0,5.5047,1,0.1,0.1,0.1,0.5621,19.3777,-4.3865,-8.36,-8.8361,12.8064,-4.2881,8.6,-5.525,15.9802,-4.2987,8.43
75.799,11.4757,6.9621,4.6021,1,0,5.5144,1,0.1,0.1,0.1,0.5844,19.3774,-4.3861,-8.34,-8.8246,12.8083,-4.2881,8.6,-5.4946,15.9848,-4.2988,8.43
75.899,11.4836,6.9524,4.618,1,0,5.5248,1,0.1,0.1,0.1,0.6066,19.3769,-4.3863,-8.33,-8.8139,12.8106,-4.2885,8.6,-5.4639,15.9891,-4.2985,8.43
75.999,11.4919,6.9425,4.6345,1,0,5.5356,1,0.1,0.1,0.1,0.6289,19.3761,-4.3868,-8.31,-8.8039,12.8129,-4.2891,8.6,-5.433,15.9933,-4.2985,8.42
76.099,11.5002,6.9325,4.6509,1,0,5.5465,1,0.1,0.1,0.1,0.6508,19.375,-4.3872,-8.29,-8.7944,12.815,-4.2897,8.61,-5.4025,15.9972,-4.2989,8.42
76.199,11.5087,6.9227,4.6677,1,0,5.5575,1,0.1,0.1,0.1,0.6724,19.3739,-4.3876,-8.28,-8.7853,12.817,-4.2905,8.63,-5.3725,16.0012,-4.2992,8.41
76.299,11.5182,6.9129,4.6852,1,0,5.569,1,0.1,0.1,0.1,0.6941,19.3728,-4.3881,-8.28,-8.7771,12.8189,-4.2913,8.64,-5.3427,16.0057,-4.2991,8.41
76.399,11.5283,6.9032,4.7037,1,0,5.581,1,0.1,0.1,0.1,0.716,19.3715,-4.3885,-8.28,-8.7695,12.8203,-4.292,8.65,-5.3131,16.0105,-4.2988,8.41
76.499,11.5386,6.895,4.7204,1,0,5.5926,1,0.1,0.1,0.1,0.738,19.3701,-4.3885,-8.28,-8.7618,12.8216,-4.2929,8.65,-5.2842,16.0135,-4.2983,8.42
76.599,11.5487,6.8879,4.7356,1,0,5.604,1,0.1,0.1,0.1,0.7598,19.369,-4.3887,-8.28,-8.7542,12.8231,-4.2938,8.65,-5.2553,16.0144,-4.2978,8.42
76.699,11.5591,6.8807,4.7512,1,0,5.6156,1,0.1,0.1,0.1,0.7815,19.3681,-4.3889,-8.27,-8.7466,12.8246,-4.2946,8.65,-5.2262,16.0153,-4.2973,8.43
76.799,11.5699,6.8737,4.7668,1,0,5.6275,1,0.1,0.1,0.1,0.8033,19.3673,-4.3893,-8.27,-8.7394,12.8259,-4.2955,8.65,-5.1971,16.0156,-4.2968,8.44
76.899,11.581,6.8674,4.7818,1,0,5.6393,1,0.1,0.1,0.1,0.825,19.3665,-4.3896,-8.26,-8.7324,12.827,-4.2963,8.65,-5.1682,16.0148,-4.2966,8.46
76.999,11.5924,6.8611,4.7972,1,0,5.6515,1,0.1,0.1,0.1,0.847,19.3655,-4.3897,-8.26,-8.7257,12.8281,-4.2971,8.66,-5.1392,16.0141,-4.2965,8.47
77.099,11.6039,6.8544,4.8134,1,0,5.664,1,0.1,0.1,0.1,0.8688,19.3641,-4.3899,-8.26,-8.7197,12.8293,-4.2979,8.68,-5.1102,16.0137,-4.2967,8.48
77.199,11.6156,6.8515,4.8262,1,0,5.6752,1,0.1,0.1,0.1,0.8904,19.3628,-4.3901,-8.27,-8.7139,12.8306,-4.2986,8.7,-5.0857,16.0131,-4.2977,8.49
77.299,11.6274,6.8496,4.8385,1,0,5.686,1,0.1,0.1,0.1,0.9123,19.3612,-4.3904,-8.28,-8.7082,12.8319,-4.299,8.7,-5.0626,16.0132,-4.2988,8.5
77.399,11.6395,6.8464,4.8525,1,0,5.6976,1,0.1,0.1,0.1,0.9345,19.3596,-4.3906,-8.29,-8.7027,12.8332,-4.299,8.7,-5.038,16.014,-4.2996,8.5
77.499,11.652,6.8411,4.869,1,0,5.7101,1,0.1,0.1,0.1,0.9568,19.3576,-4.3907,-8.32,-8.6976,12.8342,-4.2987,8.69,-5.012,16.0159,-4.3003,8.5
77.599,11.6649,6.8341,4.8876,1,0,5.7232,1,0.1,0.1,0.1,0.9788,19.3557,-4.3907,-8.35,-8.6929,12.8351,-4.2982,8.68,-4.9847,16.0191,-4.3012,8.5
77.699,11.6777,6.8309,4.9028,1,0,5.7349,1,0.1,0.1,0.1,1.0008,19.3541,-4.3905,-8.38,-8.6882,12.8362,-4.2976,8.67,-4.9617,16.0223,-4.3015,8.5
77.799,11.6908,6.8335,4.9131,1,0,5.7445,1,0.1,0.1,0.1,1.0229,19.3527,-4.3903,-8.41,-8.6835,12.8372,-4.2968,8.67,-4.9449,16.0248,-4.3011,8.5
77.899,11.7037,6.8359,4.9236,1,0,5.7542,1,0.1,0.1,0.1,1.0449,19.3509,-4.3903,-8.44,-8.6789,12.8382,-4.296,8.67,-4.9282,16.0279,-4.3001,8.5
77.999,11.7167,6.8351,4.9371,1,0,5.765,1,0.1,0.1,0.1,1.0669,19.3487,-4.3903,-8.46,-8.6744,12.8389,-4.2955,8.66,-4.9087,16.0318,-4.299,8.49
78.099,11.7298,6.8311,4.9539,1,0,5.7769,1,0.1,0.1,0.1,1.0885,19.3464,-4.3902,-8.48,-8.6705,12.8394,-4.2952,8.65,-4.8865,16.0367,-4.2982,8.49
78.199,11.7432,6.825,4.973,1,0,5.7895,1,0.1,0.1,0.1,1.1099,19.3443,-4.3901,-8.5,-8.6668,12.8397,-4.2949,8.64,-4.8625,16.0425,-4.2975,8.5
78.299,11.757,6.8175,4.9938,1,0,5.8029,1,0.1,0.1,0.1,1.1316,19.3422,-4.3897,-8.52,-8.6632,12.84,-4.2948,8.63,-4.837,16.0491,-4.2966,8.5
78.399,11.7709,6.8088,5.0159,1,0,5.817,1,0.1,0.1,0.1,1.1535,19.3399,-4.3892,-8.54,-8.66,12.8406,-4.295,8.63,-4.8103,16.0561,-4.2959,8.5
78.499,11.7852,6.7992,5.0391,1,0,5.8316,1,0.1,0.1,0.1,1.1753,19.3377,-4.3886,-8.55,-8.6571,12.8411,-4.2952,8.62,-4.7825,16.0629,-4.2948,8.49
78.599,11.7998,6.7892,5.0629,1,0,5.8466,1,0.1,0.1,0.1,1.1971,19.3357,-4.3882,-8.56,-8.6544,12.8415,-4.2954,8.61,-4.7542,16.0698,-4.2935,8.48
78.699,11.8149,6.7787,5.0878,1,0,5.862,1,0.1,0.1,0.1,1.2192,19.3333,-4.388,-8.56,-8.6522,12.8419,-4.2954,8.61,-4.7256,16.0772,-4.2926,8.47
78.799,11.83,6.7679,5.1131,1,0,5.8776,1,0.1,0.1,0.1,1.2413,19.331,-4.388,-8.55,-8.65,12.8424,-4.2948,8.61,-4.6966,16.085,-4.2925,8.47
78.899,11.8456,6.7574,5.1385,1,0,5.8933,1,0.1,0.1,0.1,1.2638,19.3288,-4.3879,-8.55,-8.6477,12.8425,-4.2943,8.61,-4.6675,16.0926,-4.2922,8.46
78.999,11.8617,6.7468,5.1646,1,0,5.9095,1,0.1,0.1,0.1,1.2864,19.3266,-4.3878,-8.54,-8.6457,12.8423,-4.2937,8.62,-4.6379,16.0998,-4.292,8.45
79.099,11.8778,6.7358,5.1909,1,0,5.9256,1,0.1,0.1,0.1,1.3089,19.3243,-4.3877,-8.54,-8.6435,12.8418,-4.2936,8.63,-4.608,16.1067,-4.2919,8.44
79.199,11.8931,6.7244,5.2169,1,0,5.9415,1,0.1,0.1,0.1,1.3311,19.3218,-4.3877,-8.53,-8.641,12.8413,-4.294,8.63,-4.5778,16.1134,-4.2918,8.43
79.299,11.9081,6.7128,5.2427,1,0,5.9572,1,0.1,0.1,0.1,1.353,19.3191,-4.3877,-8.53,-8.6384,12.841,-4.2948,8.63,-4.5476,16.1199,-4.2917,8.4
79.399,11.9234,6.7012,5.2688,1,0,5.973,1,0.1,0.1,0.1,1.375,19.3167,-4.388,-8.53,-8.6359,12.8405,-4.2956,8.63,-4.5173,16.1264,-4.2918,8.38
79.499,11.9391,6.6897,5.2951,1,0,5.989,1,0.1,0.1,0.1,1.3971,19.3148,-4.3885,-8.54,-8.6334,12.8401,-4.2958,8.62,-4.4868,16.1331,-4.2918,8.37
79.599,11.9549,6.6784,5.3215,1,0,6.005,1,0.1,0.1,0.1,1.4194,19.3128,-4.389,-8.55,-8.6308,12.8396,-4.2958,8.61,-4.4561,16.1397,-4.2918,8.36
79.699,11.9708,6.667,5.3481,1,0,6.0212,1,0.1,0.1,0.1,1.4417,19.3105,-4.3894,-8.55,-8.6286,12.8391,-4.2957,8.6,-4.4258,16.1465,-4.2921,8.36
79.799,11.9868,6.6559,5.3745,1,0,6.0374,1,0.1,0.1,0.1,1.4641,19.308,-4.3897,-8.57,-8.6268,12.839,-4.2956,8.58,-4.3961,16.1535,-4.2924,8.37
79.899,12.0028,6.6453,5.4004,1,0,6.0536,1,0.1,0.1,0.1,1.4865,19.3054,-4.3901,-8.57,-8.6251,12.839,-4.2954,8.57,-4.3663,16.1597,-4.2929,8.38
79.999,12.019,6.6348,5.4262,1,0,6.07,1,0.1,0.1,0.1,1.5091,19.303,-4.3904,-8.58,-8.6234,12.8393,-4.2952,8.56,-4.3363,16.1657,-4.2935,8.39
80.099,12.0354,6.6244,5.4522,1,0,6.0865,1,0.1,0.1,0.1,1.5318,19.3007,-4.3905,-8.58,-8.6218,12.8396,-4.2951,8.55,-4.3061,16.1715,-4.2942,8.41
80.199,12.0519,6.614,5.4783,1,0,6.103,1,0.1,0.1,0.1,1.5545,19.2985,-4.3908,-8.59,-8.6202,12.8396,-4.295,8.55,-4.2759,16.1772,-4.295,8.42
80.299,12.0689,6.6035,5.5049,1,0,6.1198,1,0.1,0.1,0.1,1.5771,19.2964,-4.3909,-8.59,-8.6187,12.8394,-4.2947,8.55,-4.2455,16.1828,-4.2954,8.44
80.399,12.0857,6.593,5.5314,1,0,6.1365,1,0.1,0.1,0.1,1.5995,19.2941,-4.391,-8.58,-8.6175,12.839,-4.2941,8.56,-4.2152,16.188,-4.2958,8.46
80.499,12.1026,6.5825,5.5579,1,0,6.1533,1,0.1,0.1,0.1,1.6219,19.2915,-4.3915,-8.57,-8.6163,12.8384,-4.2936,8.56,-4.1849,16.1929,-4.2962,8.47
80.599,12.1197,6.5719,5.5848,1,0,6.1702,1,0.1,0.1,0.1,1.6442,19.2889,-4.3921,-8.56,-8.6153,12.8376,-4.2933,8.56,-4.1544,16.1975,-4.2963,8.47
80.699,12.1368,6.5614,5.6114,1,0,6.1871,1,0.1,0.1,0.1,1.6667,19.2863,-4.3926,-8.54,-8.614,12.8365,-4.2929,8.55,-4.1237,16.2018,-4.2966,8.46
80.799,12.1537,6.5511,5.6377,1,0,6.2037,1,0.1,0.1,0.1,1.6891,19.2837,-4.3927,-8.53,-8.6124,12.8354,-4.2924,8.55,-4.0932,16.2059,-4.2972,8.46
80.899,12.1703,6.5406,5.664,1,0,6.2201,1,0.1,0.1,0.1,1.7112,19.2812,-4.3929,-8.53,-8.6107,12.8341,-4.2918,8.56,-4.0625,16.2096,-4.2976,8.45
80.999,12.1867,6.5298,5.6903,1,0,6.2364,1,0.1,0.1,0.1,1.7328,19.2787,-4.3932,-8.53,-8.6092,12.8328,-4.2913,8.55,-4.0323,16.2137,-4.298,8.43
81.099,12.203,6.5189,5.7167,1,0,6.2528,1,0.1,0.1,0.1,1.7543,19.2761,-4.3931,-8.53,-8.6079,12.8318,-4.2911,8.54,-4.0022,16.2182,-4.2986,8.43
81.199,12.2194,6.508,5.7431,1,0,6.2692,1,0.1,0.1,0.1,1.776,19.2736,-4.3925,-8.53,-8.6067,12.8313,-4.291,8.54,-3.9721,16.223,-4.299,8.43
81.299,12.2358,6.4974,5.7694,1,0,6.2857,1,0.1,0.1,0.1,1.7977,19.2714,-4.3918,-8.53,-8.6056,12.8312,-4.2907,8.55,-3.942,16.2278,-4.299,8.43
81.399,12.2525,6.4869,5.7957,1,0,6.3024,1,0.1,0.1,0.1,1.8196,19.2693,-4.3913,-8.51,-8.6046,12.8313,-4.2902,8.54,-3.9118,16.2325,-4.2987,8.42
81.499,12.2695,6.4766,5.8223,1,0,6.3193,1,0.1,0.1,0.1,1.8415,19.2672,-4.3908,-8.51,-8.6041,12.8313,-4.2897,8.54,-3.8817,16.237,-4.2982,8.4
81.599,12.2867,6.4661,5.8492,1,0,6.3362,1,0.1,0.1,0.1,1.8632,19.265,-4.3902,-8.5,-8.6038,12.8312,-4.2893,8.53,-3.8518,16.2417,-4.2972,8.4
81.699,12.304,6.4557,5.8762,1,0,6.3533,1,0.1,0.1,0.1,1.8852,19.2627,-4.3898,-8.5,-8.6034,12.831,-4.2888,8.5,-3.8218,16.2466,-4.2962,8.38
81.799,12.3213,6.4454,5.9031,1,0,6.3703,1,0.1,0.1,0.1,1.9074,19.2604,-4.3896,-8.5,-8.6028,12.8308,-4.2884,8.48,-3.7915,16.2511,-4.2954,8.37
81.899,12.3392,6.436,5.9297,1,0,6.3876,1,0.1,0.1,0.1,1.9309,19.2577,-4.3897,-8.5,-8.602,12.8309,-4.2879,8.46,-3.7612,16.2556,-4.2948,8.36
81.999,12.358,6.4277,5.9562,1,0,6.4053,1,0.1,0.1,0.1,1.9559,19.2543,-4.3899,-8.49,-8.6012,12.8312,-4.2873,8.45,-3.7311,16.2603,-4.2944,8.36
82.099,12.3774,6.4201,5.9828,1,0,6.4233,1,0.1,0.1,0.1,1.9821,19.2504,-4.3903,-8.48,-8.6004,12.8316,-4.2869,8.44,-3.701,16.2654,-4.2942,8.36
82.199,12.3977,6.4137,6.0091,1,0,6.4416,1,0.1,0.1,0.1,2.0095,19.2465,-4.3912,-8.47,-8.5994,12.8323,-4.2868,8.44,-3.671,16.2703,-4.2941,8.37
82.299,12.4185,6.4081,6.0351,1,0,6.46,1,0.1,0.1,0.1,2.0377,19.2425,-4.3922,-8.48,-8.5983,12.8329,-4.2869,8.43,-3.641,16.2751,-4.294,8.37
82.399,12.4394,6.4027,6.0611,1,0,6.4783,1,0.1,0.1,0.1,2.0664,19.2382,-4.3931,-8.5,-8.5966,12.8329,-4.2872,8.41,-3.6108,16.2794,-4.2944,8.37
82.499,12.4609,6.3982,6.0868,1,0,6.4969,1,0.1,0.1,0.1,2.0959,19.2336,-4.3939,-8.51,-8.595,12.833,-4.2876,8.39,-3.5806,16.2833,-4.2947,8.37
82.599,12.4829,6.3941,6.1126,1,0,6.5158,1,0.1,0.1,0.1,2.1261,19.2287,-4.3946,-8.54,-8.5934,12.833,-4.2883,8.38,-3.5503,16.2873,-4.2949,8.36
82.699,12.5051,6.39,6.1386,0,0,6.5347,1,0.1,0.1,0.1,2.1567,19.2235,-4.3951,-8.57,-8.5918,12.8331,-4.2891,8.37,-3.52,16.2913,-4.2949,8.36
82.799,12.5276,6.3864,6.1644,0,0,6.5537,1,0.1,0.1,0.1,2.1876,19.2185,-4.3951,-8.58,-8.5901,12.8332,-4.2896,8.38,-3.4897,16.2953,-4.2946,8.36
82.899,12.5501,6.3833,6.1898,0,0,6.5725,1,0.1,0.1,0.1,2.2185,19.2138,-4.3949,-8.58,-8.5882,12.8333,-4.2898,8.38,-3.4598,16.2994,-4.2944,8.37
82.999,12.5724,6.3798,6.2155,0,0,6.5912,1,0.1,0.1,0.1,2.2492,19.2092,-4.3945,-8.57,-8.5862,12.8336,-4.2898,8.39,-3.4298,16.3038,-4.2947,8.37
83.099,12.5944,6.3757,6.2414,0,0,6.6101,1,0.1,0.1,0.1,2.2798,19.2043,-4.3942,-8.57,-8.5845,12.8343,-4.2901,8.39,-3.3995,16.3086,-4.2949,8.36
83.199,12.6165,6.3716,6.2673,0,0,6.629,1,0.1,0.1,0.1,2.3107,19.1991,-4.394,-8.57,-8.5828,12.8354,-4.2907,8.39,-3.3693,16.3137,-4.295,8.35
83.299,12.6388,6.3676,6.2935,0,0,6.6481,1,0.1,0.1,0.1,2.3415,19.1941,-4.3937,-8.56,-8.5814,12.8365,-4.2917,8.39,-3.3392,16.319,-4.2949,8.35
83.399,12.6614,6.3636,6.32,0,0,6.6674,1,0.1,0.1,0.1,2.3722,19.1891,-4.3934,-8.56,-8.5803,12.8375,-4.293,8.39,-3.3089,16.3238,-4.2946,8.35
83.499,12.6842,6.36,6.3461,0,0,6.6867,1,0.1,0.1,0.1,2.403,19.1843,-4.3932,-8.56,-8.5792,12.8384,-4.294,8.38,-3.2789,16.3283,-4.2948,8.35
83.599,12.7069,6.3564,6.3722,0,0,6.7058,1,0.1,0.1,0.1,2.4335,19.1793,-4.3928,-8.55,-8.5782,12.8392,-4.2946,8.39,-3.2491,16.3329,-4.2954,8.35
83.699,12.73,6.3526,6.399,0,0,6.7254,1,0.1,0.1,0.1,2.464,19.1741,-4.3922,-8.55,-8.5778,12.84,-4.295,8.41,-3.2192,16.3375,-4.2958,8.36
83.799,12.7535,6.3489,6.426,0,0,6.7451,1,0.1,0.1,0.1,2.4946,19.169,-4.3917,-8.55,-8.5776,12.8406,-4.2955,8.43,-3.1894,16.342,-4.2959,8.37
83.899,12.777,6.3451,6.4531,0,0,6.7647,1,0.1,0.1,0.1,2.525,19.1639,-4.3911,-8.54,-8.5773,12.8407,-4.296,8.44,-3.1595,16.3464,-4.2959,8.38
83.999,12.8005,6.3412,6.4803,0,0,6.7843,1,0.1,0.1,0.1,2.5555,19.1587,-4.3912,-8.54,-8.5767,12.8407,-4.2962,8.44,-3.1295,16.351,-4.2957,8.39
84.099,12.8237,6.3372,6.5075,0,0,6.8038,1,0.1,0.1,0.1,2.586,19.1536,-4.3912,-8.54,-8.5759,12.8409,-4.2962,8.43,-3.0994,16.356,-4.2954,8.4
84.199,12.8468,6.3328,6.5349,0,0,6.823,1,0.1,0.1,0.1,2.6162,19.1489,-4.3913,-8.53,-8.5749,12.8408,-4.2961,8.42,-3.0692,16.3611,-4.295,8.42
84.299,12.8699,6.3285,6.5622,0,0,6.4651,1,0.1,0.1,0.1,2.6461,19.1444,-4.3915,-8.53,-8.5739,12.8407,-4.2956,8.42,-3.0391,16.366,-4.2946,8.44
84.399,12.8933,6.3242,6.5898,0,0,6.4846,1,0.1,0.1,0.1,2.676,19.1397,-4.392,-8.52,-8.5733,12.8404,-4.2948,8.42,-3.0091,16.371,-4.294,8.45
84.499,12.9169,6.3194,6.6181,0,0,6.5042,1,0.1,0.1,0.1,2.7057,19.135,-4.3927,-8.52,-8.5729,12.8398,-4.2939,8.42,-2.9788,16.376,-4.2936,8.46
84.599,12.9405,6.3142,6.6468,0,0,6.524,1,0.1,0.1,0.1,2.7352,19.13,-4.3931,-8.52,-8.5726,12.8388,-4.2929,8.41,-2.9484,16.3811,-4.2935,8.47
84.699,12.9642,6.3094,6.6752,0,0,6.5437,1,0.1,0.1,0.1,2.7648,19.125,-4.393,-8.52,-8.5724,12.8378,-4.2926,8.42,-2.9181,16.3857,-4.2933,8.47
84.799,12.9883,6.3051,6.7035,0,0,6.5637,1,0.1,0.1,0.1,2.7947,19.1197,-4.3925,-8.51,-8.5725,12.837,-4.2923,8.42,-2.8879,16.3898,-4.2928,8.47
84.899,13.0117,6.3002,6.7317,0,0,6.5835,1,0.1,0.1,0.1,2.8244,19.1138,-4.3925,-8.51,-8.5725,12.8364,-4.2921,8.42,-2.8576,16.3939,-4.2919,8.47
84.999,13.0349,6.2954,6.7596,0,0,6.6031,1,0.1,0.1,0.1,2.8538,19.1078,-4.393,-8.51,-8.5724,12.8357,-4.2919,8.42,-2.8275,16.3977,-4.2912,8.48
85.099,13.0582,6.291,6.7872,0,0,6.6227,1,0.1,0.1,0.1,2.8836,19.102,-4.3933,-8.51,-8.5721,12.8351,-4.2914,8.42,-2.7973,16.4013,-4.2907,8.49
85.199,13.0817,6.287,6.8146,0,0,6.6423,1,0.1,0.1,0.1,2.9134,19.0966,-4.3934,-8.51,-8.5716,12.8345,-4.2907,8.42,-2.7671,16.4047,-4.2903,8.5
85.299,13.1055,6.2832,6.842,0,0,6.6618,1,0.1,0.1,0.1,2.9434,19.0912,-4.3934,-8.51,-8.5711,12.8334,-4.2899,8.41,-2.737,16.4078,-4.2898,8.5
85.399,13.1296,6.2796,6.8695,0,0,6.6814,1,0.1,0.1,0.1,2.9735,19.086,-4.3935,-8.51,-8.5704,12.8319,-4.2893,8.41,-2.7067,16.4106,-4.2895,8.5
85.499,13.1542,6.2765,6.8971,0,0,6.7011,1,0.1,0.1,0.1,3.004,19.0809,-4.3937,-8.5,-8.5698,12.8304,-4.289,8.41,-2.6766,16.4136,-4.2896,8.49
85.599,13.1793,6.2736,6.925,0,0,6.7211,1,0.1,0.1,0.1,3.0348,19.0761,-4.3942,-8.49,-8.5696,12.8294,-4.2891,8.42,-2.6466,16.4173,-4.2904,8.49
85.699,13.2042,6.2703,6.9531,0,0,6.7411,1,0.1,0.1,0.1,3.0651,19.0717,-4.3948,-8.48,-8.5695,12.8288,-4.2895,8.42,-2.6166,16.4216,-4.2909,8.49
85.799,13.2289,6.267,6.981,0,0,6.761,1,0.1,0.1,0.1,3.0954,19.0675,-4.3954,-8.49,-8.5694,12.8285,-4.2898,8.43,-2.5867,16.4259,-4.2912,8.49
85.899,13.2533,6.2636,7.0087,0,0,6.7806,1,0.1,0.1,0.1,3.1256,19.0633,-4.3959,-8.5,-8.5691,12.8284,-4.2901,8.45,-2.5567,16.4303,-4.2913,8.5
85.999,13.2772,6.2598,7.0362,0,0,6.8001,1,0.1,0.1,0.1,3.1554,19.0592,-4.3964,-8.51,-8.5685,12.8285,-4.2903,8.46,-2.5267,16.4346,-4.2914,8.5
86.099,13.3013,6.2558,7.0643,0,0,6.8198,1,0.1,0.1,0.1,3.185,19.055,-4.3968,-8.53,-8.5683,12.8284,-4.2903,8.46,-2.4966,16.4392,-4.2912,8.51
86.199,13.3258,6.252,7.0925,0,0,6.8397,1,0.1,0.1,0.1,3.2148,19.0509,-4.3966,-8.53,-8.5685,12.8284,-4.2904,8.46,-2.4666,16.4436,-4.2913,8.51
86.299,13.3457,6.2485,7.1158,0,0,6.8563,1,0.1,0.1,0.1,3.2447,19.0468,-4.3962,-8.54,-8.5637,12.8291,-4.29,8.46,-2.4367,16.4478,-4.2918,8.5
86.399,13.3594,6.2468,7.1312,0,0,6.8679,1,0.1,0.1,0.1,3.2747,19.0428,-4.3957,-8.55,-8.5522,12.831,-4.2897,8.46,-2.408,16.4507,-4.2929,8.41
86.499,13.3681,6.2475,7.1391,0,0,6.8755,1,0.1,0.1,0.1,3.305,19.0388,-4.395,-8.57,-8.5352,12.8336,-4.2897,8.47,-2.3806,16.4512,-4.2946,8.24
86.599,13.3727,6.2498,7.1412,0,0,6.8797,1,0.1,0.1,0.1,3.3353,19.0348,-4.3944,-8.58,-8.5137,12.8367,-4.2898,8.46,-2.354,16.4498,-4.2965,8.01
86.699,13.3738,6.2531,7.1388,0,0,6.8813,1,0.1,0.1,0.1,3.3655,19.031,-4.3938,-8.59,-8.4889,12.8408,-4.2901,8.47,-2.3279,16.4469,-4.2985,7.74
86.799,13.3721,6.2567,7.1334,0,0,6.881,1,0.1,0.1,0.1,3.3954,19.027,-4.3938,-8.6,-8.4616,12.8453,-4.2903,8.47,-2.3021,16.4432,-4.3004,7.45
86.899,13.3685,6.2606,7.1257,0,0,6.8793,1,0.1,0.1,0.1,3.4251,19.0228,-4.3939,-8.61,-8.4325,12.8498,-4.2905,8.48,-2.277,16.4395,-4.3021,7.15
86.999,13.3636,6.265,7.1163,0,0,6.8762,1,0.1,0.1,0.1,3.4548,19.0187,-4.3942,-8.61,-8.4015,12.8541,-4.2912,8.47,-2.2522,16.4357,-4.3036,6.85
87.099,13.3574,6.2696,7.1055,0,0,6.8722,1,0.1,0.1,0.1,3.4844,19.0147,-4.3949,-8.61,-8.3692,12.8582,-4.2921,8.46,-2.2277,16.4317,-4.305,6.55
87.199,13.3506,6.2744,7.0938,0,0,6.8675,1,0.1,0.1,0.1,3.5137,19.011,-4.3957,-8.6,-8.3363,12.8625,-4.2929,8.46,-2.2035,16.4277,-4.3065,6.26
87.299,13.3428,6.2791,7.0812,0,0,6.8622,1,0.1,0.1,0.1,3.5427,19.0072,-4.3965,-8.6,-8.3028,12.867,-4.2934,8.46,-2.1795,16.4236,-4.3083,5.97
87.399,13.3349,6.2839,7.0685,0,0,6.857,1,0.1,0.1,0.1,3.572,19.0032,-4.3972,-8.6,-8.2691,12.8715,-4.2936,8.46,-2.1555,16.4194,-4.3102,5.68
87.499,13.3271,6.2893,7.0553,0,0,6.8515,1,0.1,0.1,0.1,3.6016,18.9993,-4.3975,-8.59,-8.2351,12.876,-4.2933,8.46,-2.1318,16.4152,-4.3121,5.39
87.599,13.3192,6.2951,7.0417,0,0,6.8459,1,0.1,0.1,0.1,3.6314,18.9955,-4.3973,-8.59,-8.2009,12.8808,-4.2933,8.46,-2.1081,16.4111,-4.3137,5.12
87.699,13.3114,6.3008,7.0281,0,0,6.8404,1,0.1,0.1,0.1,3.6613,18.9916,-4.3969,-8.58,-8.1666,12.8856,-4.2934,8.46,-2.0844,16.4071,-4.3154,4.86
87.799,13.3036,6.3064,7.0147,0,0,6.8349,1,0.1,0.1,0.1,3.6913,18.9875,-4.3968,-8.58,-8.1324,12.8904,-4.2934,8.46,-2.0607,16.4032,-4.3169,4.61
87.899,13.2956,6.3118,7.0014,0,0,6.8294,1,0.1,0.1,0.1,3.7212,18.9832,-4.3974,-8.58,-8.0983,12.8953,-4.2936,8.47,-2.0372,16.3999,-4.3183,4.38
87.999,13.2874,6.3168,6.9883,0,0,6.8238,1,0.1,0.1,0.1,3.7509,18.9789,-4.3985,-8.58,-8.0642,12.9002,-4.2942,8.48,-2.0136,16.397,-4.3199,4.15
88.099,13.2725,6.3145,6.976,0,0,6.8167,1,0.1,0.1,0.1,3.7754,18.9695,-4.3995,-8.6,-8.0302,12.9052,-4.2951,8.48,-1.9896,16.3943,-4.3214,3.93
88.199,13.249,6.3031,6.9643,0,0,6.8075,1,0.1,0.1,0.1,3.7936,18.953,-4.4001,-8.62,-7.9966,12.9101,-4.2966,8.48,-1.9653,16.3922,-4.323,3.74
88.299,13.2183,6.2822,6.9557,0,0,6.7967,1,0.1,0.1,0.1,3.8067,18.9305,-4.4003,-8.64,-7.9629,12.9148,-4.2981,8.48,-1.9408,16.3954,-4.3252,3.47
88.399,13.182,6.2519,6.9517,0,0,6.785,1,0.1,0.1,0.1,3.8155,18.9036,-4.4004,-8.66,-7.9294,12.9194,-4.2991,8.49,-1.9154,16.406,-4.3279,3.14
88.499,13.1416,6.2147,6.9513,0,0,6.7727,1,0.1,0.1,0.1,3.821,18.8735,-4.4,-8.68,-7.8963,12.9241,-4.2997,8.49,-1.8896,16.4226,-4.3309,2.75
88.599,13.0976,6.1719,6.9537,0,0,6.7597,1,0.1,0.1,0.1,3.8236,18.8406,-4.3994,-8.7,-7.8635,12.9289,-4.3002,8.49,-1.8634,16.4435,-4.3342,2.32
88.699,13.0507,6.125,6.9581,0,0,6.7462,1,0.1,0.1,0.1,3.8238,18.8061,-4.3983,-8.71,-7.8307,12.9338,-4.3005,8.49,-1.837,16.4679,-4.3374,1.88
88.799,13.0016,6.0749,6.9643,0,0,6.7321,1,0.1,0.1,0.1,3.8222,18.7704,-4.3975,-8.72,-7.7977,12.9384,-4.3009,8.48,-1.8102,16.495,-4.3405,1.43
88.899,12.9508,6.0225,6.9717,0,0,6.7177,1,0.1,0.1,0.1,3.8192,18.7332,-4.3972,-8.72,-7.7647,12.9429,-4.3014,8.46,-1.7831,16.5239,-4.3433,0.98
88.999,12.8987,5.9687,6.9799,0,0,6.7029,1,0.1,0.1,0.1,3.8154,18.6949,-4.397,-8.72,-7.7315,12.9474,-4.3016,8.45,-1.756,16.5543,-4.3461,0.53
89.099,12.8458,5.9144,6.9886,0,0,6.6879,1,0.1,0.1,0.1,3.8111,18.6562,-4.3967,-8.72,-7.6982,12.9518,-4.3017,8.43,-1.7288,16.5856,-4.3489,0.1
89.199,12.793,5.86,6.9982,0,0,6.6731,1,0.1,0.1,0.1,3.8066,18.6173,-4.3963,-8.72,-7.6652,12.9559,-4.302,8.41,-1.7014,16.6173,-4.3516,-0.31
89.299,12.7403,5.8061,7.008,0,0,6.6584,1,0.1,0.1,0.1,3.8019,18.5782,-4.396,-8.72,-7.6325,12.9603,-4.3019,8.41,-1.6742,16.6492,-4.3543,-0.7
89.399,12.688,5.7539,7.017,0,0,6.6436,1,0.1,0.1,0.1,3.7977,18.5389,-4.3959,-8.71,-7.5999,12.9647,-4.302,8.41,-1.6477,16.6804,-4.3568,-1.08
89.499,12.6366,5.7035,7.0256,0,0,6.6292,1,0.1,0.1,0.1,3.7939,18.4997,-4.3954,-8.7,-7.5678,12.9694,-4.3018,8.4,-1.6216,16.7107,-4.3592,-1.45
89.599,12.5849,5.654,7.0332,0,0,6.6147,1,0.1,0.1,0.1,3.79,18.4604,-4.3951,-8.68,-7.536,12.9746,-4.3016,8.38,-1.5957,16.7396,-4.3616,-1.8
89.699,12.5331,5.6056,7.0398,0,0,6.6,1,0.1,0.1,0.1,3.7858,18.4212,-4.3947,-8.66,-7.5041,12.98,-4.3012,8.37,-1.57,16.767,-4.364,-2.14
89.799,12.4812,5.5581,7.0454,0,0,6.5852,1,0.1,0.1,0.1,3.7814,18.3823,-4.3944,-8.64,-7.4722,12.9853,-4.3012,8.36,-1.5444,16.7925,-4.3663,-2.47
89.899,12.4294,5.5115,7.0504,0,0,6.5705,1,0.1,0.1,0.1,3.7769,18.3432,-4.3943,-8.64,-7.4404,12.9904,-4.3013,8.36,-1.5187,16.8162,-4.3683,-2.78
89.999,12.3782,5.4655,7.0551,0,0,6.5559,1,0.1,0.1,0.1,3.7724,18.3043,-4.3944,-8.63,-7.4089,12.9951,-4.3014,8.35,-1.4928,16.8381,-4.3702,-3.06
90.099,12.3271,5.4204,7.0592,0,0,6.5414,1,0.1,0.1,0.1,3.768,18.2658,-4.3945,-8.61,-7.3774,12.9998,-4.3014,8.35,-1.4665,16.8583,-4.3719,-3.33
90.199,12.2763,5.376,7.0627,0,0,6.527,1,0.1,0.1,0.1,3.7637,18.2273,-4.3944,-8.6,-7.3458,13.0043,-4.3011,8.36,-1.44,16.877,-4.3732,-3.59
90.299,12.2261,5.3331,7.0653,0,0,6.5127,1,0.1,0.1,0.1,3.7598,18.1889,-4.3942,-8.59,-7.3142,13.0087,-4.3009,8.36,-1.4137,16.8942,-4.3745,-3.83
90.399,12.1765,5.2918,7.067,0,0,6.4984,1,0.1,0.1,0.1,3.7564,18.1504,-4.3937,-8.59,-7.2828,13.013,-4.3003,8.37,-1.388,16.9101,-4.3759,-4.05
90.499,12.13,5.2523,7.0691,0,0,6.4874,1,0.1,0.1,0.1,3.7536,18.112,-4.3933,-8.59,-7.2566,13.0226,-4.2997,8.36,-1.3627,16.9248,-4.3772,-4.26
90.599,12.0871,5.214,7.0718,0,0,6.4807,1,0.1,0.1,0.1,3.7511,18.0738,-4.3934,-8.58,-7.2375,13.0397,-4.2995,8.37,-1.3377,16.938,-4.3781,-4.46
90.699,12.0471,5.1765,7.0751,0,0,6.4774,1,0.1,0.1,0.1,3.7485,18.0356,-4.3937,-8.58,-7.2242,13.0632,-4.2992,8.39,-1.3129,16.95,-4.3789,-4.66
90.799,12.0097,5.1399,7.0789,0,0,6.477,1,0.1,0.1,0.1,3.7458,17.9978,-4.3942,-8.58,-7.2154,13.0911,-4.2989,8.41,-1.2884,16.9608,-4.3798,-4.86
90.899,11.9748,5.1044,7.0831,0,0,6.4788,1,0.1,0.1,0.1,3.7432,17.9604,-4.395,-8.57,-7.2102,13.1221,-4.2986,8.44,-1.2642,16.9703,-4.381,-5.04
90.999,11.942,5.0701,7.0875,0,0,6.4825,1,0.1,0.1,0.1,3.7411,17.923,-4.396,-8.57,-7.2076,13.1554,-4.2983,8.45,-1.2403,16.9786,-4.3822,-5.22
91.099,11.9109,5.0364,7.0924,0,0,6.4876,1,0.1,0.1,0.1,3.7391,17.8855,-4.3968,-8.57,-7.207,13.1904,-4.2979,8.45,-1.2164,16.9861,-4.3832,-5.4
91.199,11.8812,5.0035,7.0976,0,0,6.4938,1,0.1,0.1,0.1,3.7371,17.8481,-4.3974,-8.57,-7.208,13.2266,-4.2976,8.46,-1.1927,16.9929,-4.3842,-5.57
91.299,11.8528,4.9716,7.1025,0,0,6.5009,1,0.1,0.1,0.1,3.7354,17.8109,-4.3975,-8.57,-7.2101,13.2639,-4.2974,8.47,-1.1694,16.9987,-4.3852,-5.74
91.399,11.8253,4.9405,7.1073,0,0,6.5087,1,0.1,0.1,0.1,3.7338,17.7738,-4.397,-8.56,-7.213,13.302,-4.2972,8.48,-1.1463,17.0035,-4.3859,-5.91
91.499,11.7986,4.91,7.1117,0,0,6.5168,1,0.1,0.1,0.1,3.732,17.7369,-4.3963,-8.55,-7.2165,13.3406,-4.2972,8.5,-1.1235,17.0072,-4.3867,-6.06
91.599,11.7724,4.8803,7.1157,0,0,6.5253,1,0.1,0.1,0.1,3.7303,17.7002,-4.3955,-8.54,-7.2202,13.3796,-4.2974,8.52,-1.1009,17.01,-4.3875,-6.19
91.699,11.747,4.8512,7.1196,0,0,6.534,1,0.1,0.1,0.1,3.7287,17.6634,-4.3947,-8.52,-7.2239,13.4184,-4.2971,8.53,-1.0785,17.012,-4.3881,-6.32
91.799,11.7221,4.8226,7.1236,0,0,6.543,1,0.1,0.1,0.1,3.7273,17.6266,-4.3943,-8.51,-7.2278,13.4572,-4.2963,8.54,-1.0562,17.0137,-4.3885,-6.43
91.899,11.6974,4.7941,7.1274,0,0,6.5521,1,0.1,0.1,0.1,3.7257,17.5898,-4.3944,-8.5,-7.2316,13.4964,-4.296,8.55,-1.0338,17.0147,-4.3888,-6.55
91.999,11.6737,4.7666,7.1313,0,0,6.5616,1,0.1,0.1,0.1,3.7244,17.5533,-4.3945,-8.49,-7.2356,13.5353,-4.2962,8.55,-1.0117,17.0152,-4.389,-6.66
92.099,11.6508,4.7395,7.1356,0,0,6.5714,1,0.1,0.1,0.1,3.7233,17.5167,-4.3948,-8.48,-7.2397,13.574,-4.2967,8.55,-0.9897,17.0158,-4.3896,-6.76
92.199,11.6288,4.713,7.1405,0,0,6.5816,1,0.1,0.1,0.1,3.7225,17.4801,-4.3952,-8.48,-7.2438,13.6125,-4.2972,8.55,-0.9675,17.0163,-4.3905,-6.85
92.299,11.6069,4.6863,7.1456,0,0,6.5919,1,0.1,0.1,0.1,3.7215,17.4435,-4.3955,-8.47,-7.2478,13.6508,-4.2975,8.55,-0.9454,17.0168,-4.3913,-6.94
92.399,11.585,4.6599,7.1505,0,0,6.6022,1,0.1,0.1,0.1,3.7204,17.4069,-4.396,-8.47,-7.2516,13.6894,-4.2973,8.54,-0.9232,17.0168,-4.3921,-7.02
92.499,11.5632,4.6335,7.1552,0,0,6.6124,1,0.1,0.1,0.1,3.7192,17.3703,-4.3965,-8.47,-7.2549,13.728,-4.2966,8.54,-0.9008,17.0164,-4.3924,-7.1
92.599,11.5417,4.6072,7.1603,0,0,6.6229,1,0.1,0.1,0.1,3.7182,17.3337,-4.3967,-8.47,-7.2579,13.7665,-4.2959,8.55,-0.878,17.0156,-4.3927,-7.17
92.699,11.5211,4.5814,7.1659,0,0,6.6339,1,0.1,0.1,0.1,3.7175,17.2973,-4.3965,-8.48,-7.2611,13.805,-4.2953,8.54,-0.8552,17.0149,-4.3928,-7.23
92.799,11.5017,4.5565,7.1715,0,0,6.6451,1,0.1,0.1,0.1,3.7174,17.2611,-4.3961,-8.49,-7.2643,13.8433,-4.2951,8.55,-0.8324,17.0139,-4.3927,-7.29
92.899,11.483,4.5327,7.177,0,0,6.6566,1,0.1,0.1,0.1,3.7179,17.2247,-4.3958,-8.51,-7.2672,13.8816,-4.2949,8.55,-0.8098,17.0123,-4.3923,-7.34
92.999,11.4656,4.51,7.1829,0,0,6.6685,1,0.1,0.1,0.1,3.7194,17.1881,-4.396,-8.52,-7.2699,13.9193,-4.2948,8.54,-0.7871,17.0108,-4.3918,-7.39
93.099,11.4499,4.4885,7.1893,0,0,6.6811,1,0.1,0.1,0.1,3.7221,17.1517,-4.3965,-8.53,-7.2726,13.9568,-4.2945,8.55,-0.7642,17.0094,-4.3916,-7.45
93.199,11.4354,4.4683,7.196,0,0,6.694,1,0.1,0.1,0.1,3.7257,17.1152,-4.3971,-8.55,-7.275,13.994,-4.2942,8.55,-0.7412,17.0078,-4.3912,-7.51
93.299,11.422,4.4495,7.2024,0,0,6.7071,1,0.1,0.1,0.1,3.7304,17.0783,-4.3971,-8.56,-7.2771,14.0308,-4.2943,8.55,-0.7185,17.0058,-4.3909,-7.56
93.399,11.4098,4.4323,7.2087,0,0,6.7206,1,0.1,0.1,0.1,3.736,17.0412,-4.3967,-8.55,-7.279,14.0675,-4.2946,8.54,-0.6962,17.0038,-4.3906,-7.62
93.499,11.3997,4.4172,7.2151,0,0,6.7347,1,0.1,0.1,0.1,3.7431,17.0041,-4.3964,-8.54,-7.2811,14.1043,-4.2952,8.54,-0.6741,17.0017,-4.3905,-7.67
93.599,11.3913,4.4037,7.2216,0,0,6.7495,1,0.1,0.1,0.1,3.7515,16.967,-4.3964,-8.52,-7.2833,14.1413,-4.2961,8.54,-0.6521,16.9996,-4.3904,-7.72
93.699,11.3847,4.3918,7.2287,0,0,6.7651,1,0.1,0.1,0.1,3.7611,16.9298,-4.3966,-8.52,-7.2857,14.1784,-4.2968,8.54,-0.6302,16.9979,-4.3902,-7.77
93.799,11.3804,4.3815,7.2367,0,0,6.7815,1,0.1,0.1,0.1,3.7722,16.8927,-4.3964,-8.52,-7.2884,14.2153,-4.297,8.54,-0.608,16.9965,-4.3898,-7.82
93.899,11.3785,4.3731,7.2452,0,0,6.7987,1,0.1,0.1,0.1,3.785,16.8557,-4.3961,-8.52,-7.2911,14.2518,-4.2972,8.53,-0.5859,16.9949,-4.3892,-7.86
93.999,11.3787,4.367,7.2536,0,0,6.8164,1,0.1,0.1,0.1,3.7996,16.8194,-4.396,-8.52,-7.2935,14.288,-4.2971,8.52,-0.5639,16.9933,-4.3887,-7.91
94.099,11.3809,4.3626,7.262,0,0,6.8346,1,0.1,0.1,0.1,3.8158,16.7842,-4.3963,-8.52,-7.2957,14.3242,-4.2967,8.51,-0.5419,16.9916,-4.3885,-7.94
94.199,11.3854,4.3602,7.2702,0,0,6.8533,1,0.1,0.1,0.1,3.8338,16.7504,-4.3965,-8.51,-7.2974,14.3604,-4.2963,8.5,-0.5199,16.9895,-4.3884,-7.98
94.299,11.392,4.3596,7.2784,0,0,6.8725,1,0.1,0.1,0.1,3.8535,16.7183,-4.3966,-8.5,-7.299,14.3963,-4.2961,8.5,-0.4978,16.987,-4.3888,-8.01
94.399,11.4011,4.3609,7.2868,0,0,6.8922,1,0.1,0.1,0.1,3.875,16.6879,-4.3964,-8.5,-7.3003,14.432,-4.2959,8.49,-0.4758,16.9845,-4.3893,-8.04
94.499,11.4123,4.3642,7.295,0,0,6.9123,1,0.1,0.1,0.1,3.8983,16.659,-4.3959,-8.5,-7.3012,14.4679,-4.2959,8.49,-0.4539,16.9822,-4.39,-8.06
94.599,11.4254,4.3689,7.3032,0,0,6.9329,1,0.1,0.1,0.1,3.9231,16.632,-4.3951,-8.49,-7.3019,14.5042,-4.2963,8.49,-0.4319,16.98,-4.391,-8.08
94.699,11.4405,4.3748,7.3116,0,0,6.954,1,0.1,0.1,0.1,3.9492,16.6069,-4.3943,-8.49,-7.3027,14.5407,-4.2967,8.5,-0.4098,16.9777,-4.3917,-8.1
94.799,11.4575,4.382,7.3201,0,0,6.9755,1,0.1,0.1,0.1,3.9766,16.5835,-4.3938,-8.49,-7.3034,14.5769,-4.2973,8.51,-0.3879,16.9751,-4.392,-8.13
94.899,11.4757,4.3904,7.3284,0,0,6.997,1,0.1,0.1,0.1,4.0048,16.5614,-4.3937,-8.49,-7.3039,14.6128,-4.2981,8.51,-0.3664,16.9724,-4.392,-8.16
94.999,11.4956,4.3996,7.3374,0,0,7.0192,1,0.1,0.1,0.1,4.0339,16.5399,-4.3939,-8.48,-7.3046,14.6486,-4.2988,8.52,-0.3446,16.9697,-4.3919,-8.18
95.099,11.5166,4.4093,7.347,0,0,7.0418,1,0.1,0.1,0.1,4.0639,16.5186,-4.3943,-8.49,-7.3053,14.6844,-4.2987,8.54,-0.3225,16.967,-4.3915,-8.2
95.199,11.5382,4.4193,7.3569,0,0,7.0646,1,0.1,0.1,0.1,4.0943,16.4975,-4.3949,-8.49,-7.3058,14.7199,-4.2979,8.55,-0.3003,16.9646,-4.391,-8.23
95.299,11.5601,4.4293,7.3668,0,0,7.0873,1,0.1,0.1,0.1,4.1247,16.4771,-4.3955,-8.49,-7.306,14.7553,-4.2974,8.56,-0.2779,16.9617,-4.3905,-8.26
95.399,11.5817,4.439,7.3763,0,0,7.1096,1,0.1,0.1,0.1,4.1553,16.4578,-4.3961,-8.49,-7.3054,14.7909,-4.2972,8.57,-0.2554,16.9586,-4.3899,-8.28
95.499,11.6032,4.4494,7.3849,0,0,7.1314,1,0.1,0.1,0.1,4.1864,16.4397,-4.3967,-8.5,-7.3036,14.8263,-4.2971,8.57,-0.233,16.9554,-4.3895,-8.3
95.599,11.6241,4.4601,7.3923,0,0,7.1524,1,0.1,0.1,0.1,4.2179,16.4225,-4.3974,-8.5,-7.3006,14.8618,-4.2967,8.57,-0.2107,16.9523,-4.3891,-8.32
95.699,11.6442,4.4709,7.3986,0,0,7.1727,1,0.1,0.1,0.1,4.2493,16.4061,-4.3975,-8.5,-7.2963,14.8976,-4.2962,8.57,-0.1884,16.9494,-4.3889,-8.33
95.799,11.6633,4.4815,7.4041,0,0,7.1923,1,0.1,0.1,0.1,4.2806,16.3905,-4.3973,-8.5,-7.2909,14.9337,-4.2955,8.57,-0.1663,16.9464,-4.389,-8.33
95.899,11.6816,4.492,7.4084,0,0,7.2112,1,0.1,0.1,0.1,4.3118,16.3758,-4.3974,-8.5,-7.2845,14.9703,-4.2944,8.57,-0.1443,16.9433,-4.3895,-8.33
95.999,11.6991,4.5025,7.4119,0,0,7.2296,1,0.1,0.1,0.1,4.3429,16.3618,-4.3975,-8.5,-7.277,15.0074,-4.294,8.57,-0.1222,16.9402,-4.3901,-8.33
96.099,11.7159,4.513,7.4142,0,0,7.2473,1,0.1,0.1,0.1,4.3744,16.3486,-4.3976,-8.5,-7.2682,15.0449,-4.2938,8.58,-0.1002,16.9368,-4.3907,-8.33
96.199,11.7315,4.5234,7.4153,0,0,7.2641,1,0.1,0.1,0.1,4.4059,16.3366,-4.3978,-8.49,-7.2579,15.0821,-4.2937,8.59,-0.078,16.9333,-4.3913,-8.32
96.299,11.746,4.5335,7.4155,0,0,7.2799,1,0.1,0.1,0.1,4.4373,16.3254,-4.3979,-8.48,-7.2461,15.1189,-4.2938,8.6,-0.0558,16.9297,-4.3919,-8.32
96.399,11.7593,4.5435,7.4145,0,0,7.2948,1,0.1,0.1,0.1,4.4686,16.315,-4.3978,-8.49,-7.233,15.1557,-4.2942,8.61,-0.0336,16.9263,-4.3922,-8.32
96.499,11.7716,4.5533,7.4128,0,0,7.3088,1,0.1,0.1,0.1,4.4999,16.3055,-4.3974,-8.49,-7.2185,15.1918,-4.2948,8.61,-0.0113,16.923,-4.3925,-8.31
96.599,11.7826,4.563,7.4101,0,1,7.3215,1,0.1,0.1,0.1,4.5311,16.2965,-4.3969,-8.49,-7.2024,15.2269,-4.2956,8.61,0.011,16.9203,-4.3928,-8.3
96.699,11.7925,4.5726,7.4064,0,1,7.3333,1,0.1,0.1,0.1,4.5623,16.2881,-4.3961,-8.5,-7.1849,15.2608,-4.2965,8.6,0.0332,16.9175,-4.3929,-8.29
96.799,11.8012,4.5819,7.402,0,1,7.3441,1,0.1,0.1,0.1,4.5934,16.2799,-4.395,-8.51,-7.1661,15.2935,-4.2975,8.59,0.0556,16.9143,-4.3927,-8.29
96.899,11.8083,4.5913,7.3962,0,1,7.3533,1,0.1,0.1,0.1,4.6244,16.2723,-4.394,-8.51,-7.1455,15.3244,-4.2988,8.57,0.0778,16.9115,-4.3924,-8.27
96.999,11.8141,4.6006,7.3892,0,1,7.3613,1,0.1,0.1,0.1,4.6552,16.2649,-4.3929,-8.51,-7.1233,15.3538,-4.2995,8.56,0.0999,16.9087,-4.3924,-8.25
97.099,11.8188,4.6099,7.3813,0,1,7.3683,1,0.1,0.1,0.1,4.6862,16.2577,-4.392,-8.51,-7.0997,15.382,-4.2996,8.56,0.122,16.9057,-4.3925,-8.23
97.199,11.8224,4.6192,7.3725,0,1,7.3742,1,0.1,0.1,0.1,4.7171,16.2512,-4.3916,-8.51,-7.0749,15.4087,-4.2993,8.55,0.1441,16.9027,-4.3926,-8.23
97.299,11.825,4.6287,7.3625,0,1,7.3791,1,0.1,0.1,0.1,4.7478,16.2453,-4.391,-8.51,-7.049,15.4341,-4.2992,8.54,0.1656,16.8996,-4.3925,-8.24
97.399,11.8268,4.6387,7.3514,0,1,7.3829,1,0.1,0.1,0.1,4.7787,16.2397,-4.3904,-8.52,-7.0219,15.458,-4.2989,8.54,0.1868,16.8966,-4.3924,-8.26
97.499,11.8278,4.6488,7.3395,0,1,7.3859,1,0.1,0.1,0.1,4.8094,16.2346,-4.3899,-8.53,-6.994,15.4812,-4.2989,8.54,0.2076,16.8938,-4.3925,-8.29
97.599,11.8282,4.6589,7.3268,0,1,7.3883,1,0.1,0.1,0.1,4.8401,16.2298,-4.3901,-8.52,-6.9655,15.5043,-4.2994,8.53,0.2283,16.8908,-4.3925,-8.31
97.699,11.8281,4.6684,7.3143,0,1,7.3906,1,0.1,0.1,0.1,4.8705,16.2252,-4.3907,-8.52,-6.9366,15.5268,-4.3001,8.51,0.2494,16.8878,-4.3924,-8.33
97.799,11.8276,4.6777,7.3019,0,1,7.3925,1,0.1,0.1,0.1,4.901,16.2204,-4.3914,-8.52,-6.9071,15.5483,-4.3006,8.48,0.2708,16.8849,-4.3922,-8.33
97.899,11.8271,4.687,7.2896,0,1,7.3943,1,0.1,0.1,0.1,4.9314,16.2153,-4.3923,-8.52,-6.8777,15.569,-4.3005,8.46,0.2921,16.882,-4.3921,-8.34
97.999,11.8268,4.6964,7.2776,0,1,7.3959,1,0.1,0.1,0.1,4.9619,16.2099,-4.3936,-8.53,-6.8482,15.5884,-4.3006,8.44,0.3134,16.8791,-4.3917,-8.35
98.099,11.8263,4.7058,7.2655,0,1,7.3971,1,0.1,0.1,0.1,4.9922,16.2046,-4.3945,-8.53,-6.8185,15.6066,-4.3008,8.42,0.3346,16.8761,-4.3912,-8.37
98.199,11.8255,4.7149,7.2537,0,1,7.398,1,0.1,0.1,0.1,5.0225,16.1993,-4.395,-8.52,-6.7886,15.6232,-4.3007,8.4,0.356,16.8733,-4.391,-8.39
98.299,11.8242,4.7236,7.2421,0,1,7.3984,1,0.1,0.1,0.1,5.0524,16.1937,-4.3952,-8.52,-6.7583,15.6381,-4.3005,8.38,0.3776,16.8705,-4.3908,-8.39
98.399,11.8226,4.7321,7.2305,0,1,7.3983,1,0.1,0.1,0.1,5.0823,16.1878,-4.3952,-8.52,-6.7277,15.6516,-4.3006,8.37,0.3993,16.8674,-4.3908,-8.4
98.499,11.8209,4.7409,7.2186,0,1,7.398,1,0.1,0.1,0.1,5.1125,16.1818,-4.3951,-8.51,-6.6967,15.6641,-4.301,8.36,0.4209,16.8641,-4.3907,-8.4
98.599,11.8192,4.7501,7.2066,0,1,7.3974,1,0.1,0.1,0.1,5.1429,16.1759,-4.3946,-8.49,-6.6653,15.6754,-4.3016,8.35,0.4425,16.8608,-4.391,-8.39
98.699,11.8178,4.7594,7.1947,0,1,7.3965,1,0.1,0.1,0.1,5.1736,16.1702,-4.3936,-8.48,-6.6339,15.6857,-4.3021,8.35,0.4641,16.8578,-4.3913,-8.39
98.799,11.8164,4.7687,7.183,0,1,7.3956,1,0.1,0.1,0.1,5.2043,16.1643,-4.3924,-8.47,-6.6024,15.6953,-4.3023,8.35,0.4859,16.8548,-4.3916,-8.4
98.899,11.8147,4.7774,7.1718,0,1,7.3946,1,0.1,0.1,0.1,5.2349,16.1585,-4.3908,-8.48,-6.5707,15.7045,-4.3025,8.34,0.5081,16.852,-4.3921,-8.4
98.999,11.8127,4.7858,7.1607,0,1,7.3934,1,0.1,0.1,0.1,5.2653,16.1525,-4.389,-8.48,-6.5389,15.713,-4.3027,8.34,0.5305,16.8493,-4.393,-8.4
99.099,11.8107,4.7943,7.1495,0,1,7.3921,1,0.1,0.1,0.1,5.2957,16.1463,-4.3875,-8.48,-6.507,15.721,-4.3031,8.34,0.5528,16.8462,-4.3938,-8.41
99.199,11.8088,4.8026,7.1386,1,1,7.3908,1,0.1,0.1,0.1,5.3261,16.1399,-4.3863,-8.48,-6.4752,15.7283,-4.3029,8.35,0.5752,16.843,-4.3943,-8.43
99.299,11.8067,4.811,7.1275,1,1,7.3893,1,0.1,0.1,0.1,5.3562,16.1337,-4.3857,-8.48,-6.4435,15.7353,-4.3021,8.35,0.5972,16.8399,-4.3946,-8.43
99.399,11.8049,4.8194,7.1166,1,1,7.3878,1,0.1,0.1,0.1,5.3862,16.128,-4.3856,-8.48,-6.4121,15.742,-4.3013,8.36,0.6192,16.8367,-4.3948,-8.44
99.499,11.8035,4.8281,7.1059,1,1,7.3864,1,0.1,0.1,0.1,5.4164,16.1227,-4.3855,-8.48,-6.3809,15.7485,-4.3007,8.36,0.641,16.8336,-4.3952,-8.46
99.599,11.8029,4.8372,7.0954,1,1,7.3852,1,0.1,0.1,0.1,5.4471,16.1175,-4.3856,-8.47,-6.3499,15.7545,-4.3002,8.38,0.6627,16.8307,-4.3961,-8.47
99.699,11.8022,4.8463,7.0849,1,1,7.384,1,0.1,0.1,0.1,5.4775,16.1124,-4.3862,-8.47,-6.3191,15.7607,-4.2996,8.39,0.6843,16.8276,-4.3969,-8.48
99.799,11.8013,4.855,7.0746,1,1,7.3827,1,0.1,0.1,0.1,5.5076,16.1073,-4.3871,-8.47,-6.2884,15.7668,-4.2991,8.4,0.7059,16.8248,-4.3975,-8.48
99.899,11.7998,4.8632,7.0643,1,1,7.3813,1,0.1,0.1,0.1,5.5371,16.1023,-4.3877,-8.47,-6.2578,15.7731,-4.299,8.41,0.7275,16.8221,-4.3979,-8.49
99.999,11.7979,4.8708,7.0541,1,1,7.3799,1,0.1,0.1,0.1,5.5664,16.097,-4.3885,-8.48,-6.2269,15.7795,-4.299,8.42,0.7495,16.8194,-4.3982,-8.48
100.099,11.7963,4.8784,7.0445,1,1,7.3787,1,0.1,0.1,0.1,5.5956,16.0912,-4.3894,-8.48,-6.1964,15.7858,-4.2991,8.43,0.7716,16.817,-4.3982,-8.47
100.199,11.7956,4.8865,7.0352,1,1,7.3779,1,0.1,0.1,0.1,5.6251,16.0854,-4.3902,-8.5,-6.1664,15.7923,-4.2993,8.44,0.7933,16.8147,-4.3975,-8.48
100.299,11.7953,4.895,7.0259,1,1,7.3772,1,0.1,0.1,0.1,5.6547,16.08,-4.3912,-8.52,-6.1368,15.7986,-4.2993,8.43,0.8148,16.8124,-4.3966,-8.48
100.399,11.795,4.9036,7.0164,1,1,7.3764,1,0.1,0.1,0.1,5.6842,16.0748,-4.3919,-8.53,-6.1073,15.8048,-4.299,8.42,0.8361,16.8101,-4.3958,-8.47
100.499,11.7945,4.9121,7.0069,1,1,7.3755,1,0.1,0.1,0.1,5.7137,16.07,-4.3925,-8.53,-6.0776,15.8111,-4.2986,8.41,0.8574,16.8079,-4.3952,-8.46
100.599,11.7939,4.9204,6.9972,1,1,7.3745,1,0.1,0.1,0.1,5.7431,16.0657,-4.3927,-8.52,-6.0478,15.8174,-4.2983,8.39,0.8786,16.8056,-4.3945,-8.45
100.699,11.7934,4.9286,6.9878,1,1,7.3735,1,0.1,0.1,0.1,5.7726,16.0618,-4.3929,-8.52,-6.0181,15.8238,-4.2983,8.38,0.9001,16.8032,-4.3939,-8.44
100.799,11.7932,4.9367,6.9785,1,1,7.3728,1,0.1,0.1,0.1,5.8021,16.0582,-4.3933,-8.53,-5.9886,15.8304,-4.2984,8.37,0.9215,16.8006,-4.3933,-8.44
100.899,11.793,4.9452,6.9689,1,1,7.3721,1,0.1,0.1,0.1,5.8317,16.0536,-4.3936,-8.55,-5.9589,15.8373,-4.2988,8.36,0.9429,16.7979,-4.3925,-8.44
100.999,11.7927,4.954,6.9591,1,1,7.3715,1,0.1,0.1,0.1,5.8614,16.0478,-4.3937,-8.58,-5.9291,15.8443,-4.2993,8.34,0.9641,16.7951,-4.392,-8.43
101.099,11.7919,4.9624,6.9494,1,1,7.3708,1,0.1,0.1,0.1,5.8906,16.0414,-4.3936,-8.6,-5.8994,15.851,-4.2996,8.34,0.9853,16.7922,-4.3912,-8.43
101.199,11.7907,4.9702,6.9399,1,1,7.3699,1,0.1,0.1,0.1,5.9194,16.0348,-4.3934,-8.62,-5.8696,15.8571,-4.2996,8.33,1.0068,16.7893,-4.39,-8.44
101.299,11.7897,4.978,6.9306,1,1,7.369,1,0.1,0.1,0.1,5.9483,16.0285,-4.3932,-8.62,-5.8399,15.8625,-4.2996,8.33,1.0283,16.7862,-4.3892,-8.44
101.399,11.789,4.9862,6.9212,1,1,7.3681,1,0.1,0.1,0.1,5.9775,16.0222,-4.393,-8.61,-5.8101,15.8678,-4.2994,8.31,1.0497,16.7829,-4.3885,-8.46
101.499,11.7884,4.9941,6.912,1,1,7.3673,1,0.1,0.1,0.1,6.0069,16.0164,-4.393,-8.6,-5.7802,15.873,-4.2991,8.29,1.0715,16.7797,-4.3881,-8.48
101.599,11.7884,5.0024,6.9032,1,1,7.3666,1,0.1,0.1,0.1,6.0367,16.0107,-4.3932,-8.59,-5.7506,15.878,-4.2985,8.28,1.0933,16.7764,-4.3886,-8.51
101.699,11.7884,5.0104,6.8945,1,1,7.366,1,0.1,0.1,0.1,6.0665,16.0055,-4.3931,-8.59,-5.7209,15.8828,-4.2978,8.27,1.1153,16.7733,-4.3898,-8.53
101.799,11.7881,5.0184,6.8857,1,1,7.365,1,0.1,0.1,0.1,6.0964,16.0009,-4.3927,-8.6,-5.6908,15.8876,-4.297,8.25,1.1374,16.7707,-4.3912,-8.53
101.899,11.7875,5.0267,6.8763,1,1,7.3636,1,0.1,0.1,0.1,6.1262,15.9967,-4.3925,-8.6,-5.6605,15.892,-4.2959,8.25,1.1591,16.7682,-4.3923,-8.54
101.999,11.7865,5.0344,6.8668,1,1,7.362,1,0.1,0.1,0.1,6.1557,15.993,-4.3923,-8.59,-5.63,15.8961,-4.2948,8.25,1.1809,16.7654,-4.3933,-8.55
102.099,11.7851,5.0417,6.8575,1,1,7.3603,1,0.1,0.1,0.1,6.185,15.9895,-4.3926,-8.58,-5.5994,15.9001,-4.2941,8.26,1.203,16.7626,-4.3944,-8.55
102.199,11.7837,5.049,6.8481,1,1,7.3586,1,0.1,0.1,0.1,6.2142,15.9858,-4.3935,-8.55,-5.5688,15.9044,-4.2937,8.27,1.2249,16.76,-4.3954,-8.54
102.299,11.7828,5.0569,6.8387,1,1,7.3571,1,0.1,0.1,0.1,6.2439,15.982,-4.3945,-8.53,-5.5382,15.9088,-4.2934,8.29,1.2468,16.7576,-4.3968,-8.54
102.399,11.782,5.0646,6.8296,1,1,7.3557,1,0.1,0.1,0.1,6.2739,15.9782,-4.3961,-8.51,-5.5075,15.9133,-4.2932,8.31,1.2692,16.7551,-4.3981,-8.55
102.499,11.7811,5.0721,6.8204,1,1,7.3543,1,0.1,0.1,0.1,6.304,15.9746,-4.3976,-8.5,-5.4765,15.918,-4.2931,8.33,1.2919,16.7525,-4.3989,-8.55
102.599,11.7804,5.0794,6.8116,1,1,7.3532,1,0.1,0.1,0.1,6.3341,15.971,-4.3986,-8.49,-5.4457,15.9229,-4.2929,8.35,1.3147,16.7496,-4.3997,-8.55
102.699,11.7799,5.0865,6.8032,1,1,7.3525,1,0.1,0.1,0.1,6.3642,15.9671,-4.3993,-8.49,-5.4152,15.928,-4.2927,8.36,1.3377,16.7462,-4.4004,-8.55
102.799,11.7795,5.0935,6.7947,1,1,7.3518,1,0.1,0.1,0.1,6.394,15.9628,-4.4,-8.48,-5.385,15.9332,-4.2925,8.37,1.3605,16.7425,-4.4012,-8.54
102.899,11.7788,5.1004,6.7863,1,1,7.3512,1,0.1,0.1,0.1,6.4234,15.9581,-4.4002,-8.48,-5.355,15.9385,-4.2926,8.38,1.3831,16.7386,-4.402,-8.53
102.999,11.7784,5.1075,6.7778,1,1,7.3506,1,0.1,0.1,0.1,6.4528,15.9532,-4.3995,-8.47,-5.3251,15.9436,-4.2928,8.39,1.4055,16.7347,-4.4027,-8.52
103.099,11.7786,5.1149,6.7695,1,1,7.3506,1,0.1,0.1,0.1,6.4824,15.948,-4.3984,-8.45,-5.2957,15.9497,-4.293,8.4,1.4277,16.7304,-4.4032,-8.51
103.199,11.7791,5.1226,6.7612,1,1,7.3508,1,0.1,0.1,0.1,6.512,15.9426,-4.3973,-8.43,-5.2666,15.9564,-4.2934,8.41,1.4497,16.7262,-4.4032,-8.5
103.299,11.7796,5.1304,6.7529,1,1,7.351,1,0.1,0.1,0.1,6.5418,15.9371,-4.3964,-8.42,-5.2374,15.9629,-4.294,8.42,1.4718,16.7223,-4.4029,-8.5
103.399,11.7804,5.1379,6.7451,1,1,7.3517,1,0.1,0.1,0.1,6.5713,15.9315,-4.3959,-8.42,-5.2085,15.9705,-4.2943,8.43,1.4941,16.7185,-4.4024,-8.49
103.499,11.7808,5.1452,6.7372,1,1,7.3522,1,0.1,0.1,0.1,6.6006,15.9259,-4.3956,-8.42,-5.1796,15.9782,-4.2941,8.42,1.5163,16.7149,-4.4019,-8.49
103.599,11.7811,5.1525,6.7291,1,1,7.3527,1,0.1,0.1,0.1,6.6298,15.9202,-4.3958,-8.41,-5.1507,15.9857,-4.2937,8.41,1.5383,16.7108,-4.4016,-8.48
103.699,11.7814,5.1595,6.7212,1,1,7.3533,1,0.1,0.1,0.1,6.659,15.9145,-4.3962,-8.41,-5.1217,15.9937,-4.2934,8.41,1.5607,16.7069,-4.4016,-8.48
103.799,11.7819,5.1667,6.7135,1,1,7.3536,1,0.1,0.1,0.1,6.6885,15.9093,-4.3964,-8.41,-5.0926,16.0006,-4.293,8.41,1.5832,16.7033,-4.4019,-8.48
103.899,11.7825,5.1745,6.7055,1,1,7.3537,1,0.1,0.1,0.1,6.7183,15.9041,-4.3964,-8.41,-5.0633,16.0062,-4.2924,8.41,1.6054,16.6999,-4.4024,-8.48
103.999,11.7828,5.1824,6.6973,1,1,7.3533,1,0.1,0.1,0.1,6.7481,15.8987,-4.3964,-8.43,-5.0337,16.0111,-4.2914,8.4,1.6275,16.6967,-4.4032,-8.48
104.099,11.7872,5.1904,6.6932,1,1,7.3551,1,0.1,0.1,0.1,6.7775,15.8934,-4.3962,-8.45,-5.0086,16.0146,-4.2887,8.41,1.6491,16.6937,-4.4038,-8.47
104.199,11.7932,5.199,6.6903,1,1,7.3576,1,0.1,0.1,0.1,6.8068,15.8882,-4.3963,-8.46,-4.9851,16.0168,-4.286,8.4,1.6701,16.6906,-4.4042,-8.46
104.299,11.798,5.2084,6.6854,1,1,7.359,1,0.1,0.1,0.1,6.8362,15.8831,-4.3967,-8.48,-4.9605,16.0191,-4.284,8.4,1.6903,16.6877,-4.4046,-8.46
104.399,11.8018,5.2187,6.6787,1,1,7.3596,1,0.1,0.1,0.1,6.8657,15.8781,-4.397,-8.5,-4.9347,16.0218,-4.2826,8.4,1.7099,16.6853,-4.405,-8.45
104.499,11.8048,5.2295,6.6707,1,1,7.3593,1,0.1,0.1,0.1,6.8953,15.8733,-4.3973,-8.52,-4.908,16.0244,-4.2821,8.42,1.7289,16.6834,-4.405,-8.44
104.599,11.8071,5.2412,6.6611,1,1,7.3584,1,0.1,0.1,0.1,6.925,15.8686,-4.3974,-8.52,-4.8805,16.0271,-4.2817,8.44,1.7472,16.6816,-4.4051,-8.43
104.699,11.8087,5.2538,6.65,1,1,7.3568,1,0.1,0.1,0.1,6.9546,15.8638,-4.3971,-8.53,-4.8524,16.0299,-4.2815,8.46,1.7646,16.6798,-4.4051,-8.42
104.799,11.8101,5.2676,6.6373,1,1,7.3546,1,0.1,0.1,0.1,6.9843,15.8592,-4.3964,-8.52,-4.824,16.0329,-4.2815,8.47,1.7808,16.6779,-4.4049,-8.42
104.899,11.8115,5.2823,6.6236,1,1,7.3522,1,0.1,0.1,0.1,7.0141,15.8543,-4.3962,-8.52,-4.7954,16.0362,-4.2818,8.47,1.7961,16.6761,-4.4046,-8.41
104.999,11.8122,5.298,6.6085,1,1,7.3492,1,0.1,0.1,0.1,7.0438,15.8494,-4.3961,-8.53,-4.7663,16.0397,-4.2826,8.47,1.8105,16.6744,-4.4046,-8.4
105.099,11.8127,5.3147,6.592,1,1,7.3458,1,0.1,0.1,0.1,7.0736,15.8446,-4.3961,-8.52,-4.7369,16.0434,-4.2836,8.46,1.8239,16.6727,-4.4043,-8.39
105.199,11.8128,5.332,6.5743,1,1,7.3418,1,0.1,0.1,0.1,7.1034,15.8399,-4.3961,-8.52,-4.707,16.0473,-4.2844,8.44,1.8366,16.671,-4.4037,-8.39
105.299,11.8122,5.3497,6.5556,1,1,7.3373,1,0.1,0.1,0.1,7.133,15.8358,-4.3961,-8.51,-4.6767,16.0513,-4.2852,8.43,1.8486,16.6694,-4.4026,-8.4
105.399,11.8113,5.368,6.5358,1,1,7.3324,1,0.1,0.1,0.1,7.1625,15.8324,-4.3963,-8.5,-4.6462,16.0557,-4.2863,8.43,1.8599,16.6677,-4.4015,-8.42
105.499,11.8106,5.3877,6.5147,1,1,7.3271,1,0.1,0.1,0.1,7.1921,15.8293,-4.3969,-8.51,-4.6157,16.0603,-4.2879,8.42,1.8698,16.666,-4.4003,-8.44
105.599,11.8101,5.4085,6.4926,1,1,7.3216,1,0.1,0.1,0.1,7.2219,15.8261,-4.3976,-8.51,-4.5853,16.0646,-4.2894,8.41,1.8787,16.6642,-4.399,-8.46
105.699,11.8101,5.4304,6.4702,1,1,7.3161,1,0.1,0.1,0.1,7.252,15.8228,-4.3978,-8.51,-4.5551,16.0689,-4.2906,8.41,1.8869,16.6624,-4.3979,-8.49
105.799,11.8103,5.4528,6.4473,1,1,7.3105,1,0.1,0.1,0.1,7.2823,15.8195,-4.3977,-8.51,-4.5248,16.0731,-4.2918,8.42,1.8948,16.6607,-4.3969,-8.52
105.899,11.8101,5.4755,6.4237,1,1,7.3045,1,0.1,0.1,0.1,7.3126,15.8166,-4.3972,-8.51,-4.4941,16.0774,-4.2926,8.43,1.9023,16.6591,-4.3963,-8.55
105.999,11.8103,5.4988,6.4,1,1,7.2985,1,0.1,0.1,0.1,7.343,15.8137,-4.3965,-8.5,-4.4638,16.0814,-4.2931,8.44,1.9094,16.6578,-4.3959,-8.57
106.099,11.8109,5.5227,6.3763,1,1,7.2925,1,0.1,0.1,0.1,7.3733,15.8106,-4.3961,-8.5,-4.4339,16.0849,-4.2935,8.44,1.9159,16.6566,-4.3956,-8.59
106.199,11.8115,5.5471,6.3522,1,1,7.2864,1,0.1,0.1,0.1,7.4036,15.807,-4.3959,-8.49,-4.4041,16.0879,-4.294,8.44,1.9218,16.6555,-4.3956,-8.6
106.299,11.812,5.5718,6.3277,1,1,7.2801,1,0.1,0.1,0.1,7.4338,15.8029,-4.3957,-8.49,-4.3742,16.091,-4.2942,8.45,1.9275,16.6546,-4.3953,-8.6
106.399,11.8126,5.597,6.3029,1,1,7.2737,1,0.1,0.1,0.1,7.464,15.7987,-4.3955,-8.49,-4.3445,16.094,-4.2938,8.45,1.9327,16.6538,-4.395,-8.61
106.499,11.8135,5.6224,6.2782,1,0,7.2675,1,0.1,0.1,0.1,7.4943,15.7946,-4.3954,-8.5,-4.3149,16.0971,-4.2935,8.45,1.9378,16.6531,-4.3946,-8.62
106.599,11.8147,5.6483,6.2533,1,0,7.2613,1,0.1,0.1,0.1,7.5246,15.7905,-4.3954,-8.53,-4.2856,16.1005,-4.2934,8.46,1.9425,16.6525,-4.3946,-8.63
106.699,11.8161,5.6749,6.2277,1,0,7.2552,1,0.1,0.1,0.1,7.5551,15.7862,-4.3956,-8.57,-4.2562,16.1045,-4.2937,8.47,1.9466,16.6519,-4.3946,-8.64
106.799,11.8175,5.7013,6.2025,1,0,7.2493,1,0.1,0.1,0.1,7.5856,15.7819,-4.3964,-8.59,-4.227,16.109,-4.2941,8.48,1.951,16.6514,-4.3947,-8.64
106.899,11.8186,5.727,6.1775,1,0,7.2434,1,0.1,0.1,0.1,7.6157,15.7779,-4.3975,-8.6,-4.1977,16.1136,-4.2947,8.47,1.9556,16.6508,-4.3946,-8.64
106.999,11.8193,5.7525,6.1524,1,0,7.2372,1,0.1,0.1,0.1,7.6456,15.7738,-4.399,-8.6,-4.1682,16.118,-4.2955,8.45,1.9603,16.6502,-4.3947,-8.64
107.099,11.8202,5.7779,6.1276,1,0,7.2313,1,0.1,0.1,0.1,7.6755,15.7694,-4.4009,-8.59,-4.1389,16.1225,-4.2969,8.44,1.9651,16.6499,-4.3948,-8.65
107.199,11.821,5.8032,6.1028,1,0,7.2253,1,0.1,0.1,0.1,7.7054,15.7652,-4.4025,-8.58,-4.1096,16.1272,-4.298,8.45,1.9701,16.6498,-4.3952,-8.65
107.299,11.8216,5.8284,6.0779,1,0,7.2194,1,0.1,0.1,0.1,7.7351,15.761,-4.4036,-8.57,-4.0802,16.1324,-4.2989,8.47,1.9749,16.6497,-4.3961,-8.66
107.399,11.8222,5.8535,6.0529,1,0,7.2136,1,0.1,0.1,0.1,7.7647,15.7566,-4.4041,-8.55,-4.0509,16.1381,-4.2998,8.49,1.9796,16.6493,-4.3971,-8.66
107.499,11.823,5.8791,6.0278,1,0,7.2077,1,0.1,0.1,0.1,7.7944,15.7524,-4.4045,-8.54,-4.0216,16.1436,-4.3002,8.51,1.9842,16.649,-4.3981,-8.66
107.599,11.8234,5.9047,6.0021,1,0,7.2016,1,0.1,0.1,0.1,7.8238,15.7483,-4.4046,-8.53,-3.9923,16.1489,-4.3006,8.52,1.9882,16.6485,-4.3987,-8.65
107.699,11.8235,5.9304,5.976,1,0,7.1954,1,0.1,0.1,0.1,7.8531,15.7441,-4.4046,-8.52,-3.9628,16.1544,-4.3011,8.51,1.992,16.6477,-4.3994,-8.64
107.799,11.8234,5.9563,5.9496,1,0,7.1888,1,0.1,0.1,0.1,7.8824,15.7397,-4.4043,-8.5,-3.9331,16.1598,-4.3012,8.51,1.9957,16.6473,-4.4,-8.63
107.899,11.8235,5.9828,5.9228,1,0,7.1823,1,0.1,0.1,0.1,7.9118,15.7349,-4.404,-8.48,-3.9035,16.1652,-4.3011,8.52,1.9989,16.6469,-4.4003,-8.62
107.999,11.8244,6.0099,5.8962,1,0,7.1762,1,0.1,0.1,0.1,7.9415,15.7298,-4.4034,-8.47,-3.8742,16.1707,-4.301,8.53,2.0019,16.6462,-4.4005,-8.61
108.099,11.8251,6.0367,5.8696,1,0,7.1701,1,0.1,0.1,0.1,7.971,15.7245,-4.4025,-8.45,-3.845,16.1761,-4.301,8.54,2.0049,16.6453,-4.4005,-8.6
108.199,11.8254,6.0633,5.8429,1,0,7.1638,1,0.1,0.1,0.1,8.0002,15.7191,-4.4015,-8.44,-3.8158,16.1814,-4.3011,8.54,2.0079,16.6443,-4.4001,-8.58
108.299,11.8257,6.09,5.816,1,0,7.1576,1,0.1,0.1,0.1,8.0293,15.7135,-4.4004,-8.44,-3.7865,16.1869,-4.301,8.54,2.0107,16.6431,-4.3996,-8.58
108.399,11.8263,6.1173,5.7887,1,0,7.1514,1,0.1,0.1,0.1,8.0585,15.7075,-4.3994,-8.44,-3.7574,16.1925,-4.301,8.54,2.013,16.6419,-4.3991,-8.57
108.499,11.8273,6.1452,5.7614,1,0,7.1454,1,0.1,0.1,0.1,8.088,15.7014,-4.3983,-8.46,-3.7285,16.1985,-4.3009,8.55,2.0151,16.641,-4.3988,-8.56
108.599,11.8284,6.1732,5.734,1,0,7.1395,1,0.1,0.1,0.1,8.1174,15.6951,-4.3972,-8.48,-3.6996,16.2047,-4.3007,8.55,2.017,16.6403,-4.3983,-8.54
108.699,11.829,6.2011,5.7063,1,0,7.1333,1,0.1,0.1,0.1,8.1466,15.6887,-4.3964,-8.49,-3.6705,16.2108,-4.3003,8.55,2.0189,16.6397,-4.3976,-8.52
108.799,11.8296,6.2289,5.6787,1,0,7.1271,1,0.1,0.1,0.1,8.1758,15.682,-4.3954,-8.49,-3.6413,16.2172,-4.3004,8.56,2.0208,16.6393,-4.3972,-8.51
108.899,11.8305,6.2574,5.6509,1,0,7.121,1,0.1,0.1,0.1,8.2054,15.6757,-4.394,-8.49,-3.6121,16.2236,-4.3007,8.57,2.0226,16.6393,-4.3967,-8.5
108.999,11.8316,6.286,5.623,1,0,7.1148,1,0.1,0.1,0.1,8.2351,15.6694,-4.393,-8.49,-3.5829,16.2297,-4.3015,8.58,2.0244,16.6393,-4.3961,-8.5
109.099,11.8325,6.3143,5.5952,1,0,7.1085,1,0.1,0.1,0.1,8.2647,15.6635,-4.3925,-8.49,-3.5537,16.2357,-4.3024,8.59,2.0262,16.6391,-4.3956,-8.49
109.199,11.8336,6.343,5.5669,1,0,7.1022,1,0.1,0.1,0.1,8.2943,15.6584,-4.3925,-8.5,-3.5245,16.2418,-4.3029,8.62,2.0275,16.6385,-4.3954,-8.49
109.299,11.835,6.3723,5.5384,0,0,7.0959,1,0.1,0.1,0.1,8.3243,15.6533,-4.3932,-8.5,-3.4953,16.248,-4.303,8.64,2.0285,16.638,-4.3949,-8.5
109.399,11.8359,6.4014,5.5097,0,0,7.0892,1,0.1,0.1,0.1,8.3541,15.6483,-4.3937,-8.5,-3.4659,16.2538,-4.3026,8.66,2.0297,16.6379,-4.3943,-8.5
109.499,11.8364,6.4303,5.4809,0,0,7.0822,1,0.1,0.1,0.1,8.3837,15.6435,-4.394,-8.5,-3.4363,16.259,-4.3019,8.66,2.0308,16.6377,-4.3938,-8.5
109.599,11.8365,6.4591,5.4518,0,0,7.075,1,0.1,0.1,0.1,8.4132,15.6387,-4.394,-8.51,-3.4064,16.2638,-4.3014,8.65,2.0318,16.6372,-4.3936,-8.5
109.699,11.8366,6.4878,5.4228,0,0,7.0676,1,0.1,0.1,0.1,8.4427,15.6341,-4.3941,-8.52,-3.3765,16.2683,-4.3007,8.64,2.0329,16.6368,-4.3936,-8.51
109.799,11.8368,6.5163,5.394,0,0,7.0603,1,0.1,0.1,0.1,8.4721,15.6296,-4.3946,-8.53,-3.3468,16.2724,-4.2995,8.62,2.034,16.6363,-4.3935,-8.51
109.899,11.8371,6.5452,5.3651,0,0,7.0528,1,0.1,0.1,0.1,8.5017,15.6252,-4.3952,-8.54,-3.3171,16.2759,-4.298,8.6,2.035,16.6359,-4.3935,-8.52
109.999,11.838,6.5746,5.3363,0,0,7.0455,1,0.1,0.1,0.1,8.5315,15.621,-4.3958,-8.55,-3.2879,16.2792,-4.2964,8.58,2.0356,16.6353,-4.3935,-8.53
110.099,11.8392,6.6039,5.3076,0,0,7.0382,1,0.1,0.1,0.1,8.5613,15.6169,-4.3962,-8.55,-3.2587,16.2823,-4.2952,8.56,2.0363,16.6347,-4.3931,-8.53
110.199,11.8402,6.6329,5.2794,0,0,7.031,1,0.1,0.1,0.1,8.5911,15.6126,-4.3964,-8.55,-3.2296,16.2851,-4.2943,8.56,2.0373,16.6343,-4.3924,-8.53
110.299,11.8405,6.6604,5.2512,0,0,7.0229,1,0.1,0.1,0.1,8.6206,15.6146,-4.3966,-8.56,-3.2003,16.288,-4.2933,8.57,2.0386,16.6338,-4.3913,-8.53
110.399,11.8405,6.6868,5.223,0,0,7.014,1,0.1,0.1,0.1,8.6503,15.625,-4.3966,-8.56,-3.171,16.2912,-4.2922,8.58,2.0399,16.633,-4.39,-8.54
110.499,11.84,6.7118,5.1951,0,0,7.0044,1,0.1,0.1,0.1,8.6797,15.642,-4.3962,-8.57,-3.1418,16.2949,-4.2911,8.58,2.0414,16.6326,-4.3888,-8.53
110.599,11.8391,6.7315,5.1718,0,0,6.9956,1,0.1,0.1,0.1,8.7091,15.6638,-4.3954,-8.59,-3.1125,16.2986,-4.2903,8.57,2.0476,16.6318,-4.388,-8.53
110.699,11.8378,6.7442,5.1544,0,0,6.9884,1,0.1,0.1,0.1,8.7385,15.6892,-4.3941,-8.6,-3.0829,16.3027,-4.2896,8.57,2.0602,16.63,-4.3876,-8.52
110.799,11.836,6.751,5.1423,0,0,6.9825,1,0.1,0.1,0.1,8.7677,15.7174,-4.3927,-8.62,-3.0532,16.3072,-4.289,8.56,2.0782,16.6272,-4.3878,-8.52
110.899,11.8344,6.7536,5.1344,0,0,6.9779,1,0.1,0.1,0.1,8.797,15.7479,-4.3909,-8.63,-3.0236,16.3116,-4.2885,8.54,2.1004,16.6239,-4.3884,-8.52
110.999,11.8334,6.7526,5.1307,0,0,6.9745,1,0.1,0.1,0.1,8.8265,15.78,-4.3886,-8.63,-2.9943,16.3159,-4.2885,8.53,2.1264,16.6199,-4.3892,-8.52
111.099,11.8328,6.7492,5.1297,0,0,6.9721,1,0.1,0.1,0.1,8.8562,15.8132,-4.3864,-8.61,-2.9653,16.32,-4.2891,8.52,2.1549,16.6152,-4.3897,-8.52
111.199,11.8322,6.7441,5.1303,0,0,6.9701,1,0.1,0.1,0.1,8.8858,15.8472,-4.384,-8.59,-2.9364,16.324,-4.29,8.51,2.1849,16.6098,-4.3902,-8.51
111.299,11.8313,6.7379,5.1319,0,0,6.9683,1,0.1,0.1,0.1,8.9151,15.8817,-4.3813,-8.58,-2.9074,16.328,-4.2907,8.51,2.2161,16.6042,-4.3908,-8.51
111.399,11.8299,6.7305,5.1343,0,0,6.9667,1,0.1,0.1,0.1,8.9442,15.9163,-4.3785,-8.58,-2.8781,16.3326,-4.2909,8.5,2.2483,16.5985,-4.3914,-8.52
111.499,11.8284,6.7228,5.1371,0,0,6.9653,1,0.1,0.1,0.1,8.9731,15.9508,-4.3758,-8.58,-2.8486,16.3376,-4.2908,8.5,2.2811,16.5926,-4.3919,-8.52
111.599,11.8206,6.7082,5.1404,0,0,6.9618,1,0.1,0.1,0.1,8.9959,15.9878,-4.3731,-8.27,-2.8191,16.3424,-4.2907,8.51,2.3145,16.5864,-4.392,-8.52
111.699,11.8039,6.6849,5.1436,0,0,6.9552,1,0.1,0.1,0.1,9.01,16.028,-4.3706,-7.51,-2.7893,16.3475,-4.2906,8.52,2.348,16.5803,-4.3919,-8.51
111.799,11.7803,6.6548,5.1469,0,0,6.946,1,0.1,0.1,0.1,9.0172,16.071,-4.3682,-6.34,-2.7596,16.3522,-4.2905,8.53,2.3815,16.5746,-4.3919,-8.51
111.899,11.7514,6.6186,5.151,0,0,6.935,1,0.1,0.1,0.1,9.0186,16.1163,-4.3661,-4.83,-2.7301,16.3569,-4.2906,8.55,2.4155,16.5687,-4.392,-8.5
111.999,11.7181,6.578,5.1554,0,0,6.9226,1,0.1,0.1,0.1,9.0156,16.1632,-4.3643,-3.1,-2.7006,16.3615,-4.2907,8.58,2.4498,16.563,-4.3925,-8.49
112.099,11.6814,6.5342,5.1597,0,0,6.9088,1,0.1,0.1,0.1,9.0091,16.2111,-4.3624,-1.24,-2.6711,16.3659,-4.2904,8.61,2.4841,16.5575,-4.3931,-8.5
112.199,11.6421,6.488,5.1642,0,0,6.8941,1,0.1,0.1,0.1,8.9995,16.2595,-4.3605,0.69,-2.6418,16.3703,-4.2903,8.63,2.5181,16.5519,-4.3937,-8.5
112.299,11.6003,6.44,5.1682,0,0,6.8786,1,0.1,0.1,0.1,8.9874,16.3082,-4.3585,2.64,-2.6125,16.3748,-4.29,8.66,2.5519,16.5461,-4.394,-8.51
112.399,11.5565,6.3907,5.1718,0,0,6.8621,1,0.1,0.1,0.1,8.9735,16.3569,-4.3566,4.59,-2.5828,16.3793,-4.2896,8.68,2.5855,16.5404,-4.3942,-8.52
112.499,11.5118,6.3409,5.1754,0,0,6.8454,1,0.1,0.1,0.1,8.9584,16.4053,-4.3547,6.49,-2.5532,16.3839,-4.2894,8.69,2.6189,16.5351,-4.394,-8.53
112.599,11.4662,6.2907,5.1787,0,0,6.8284,1,0.1,0.1,0.1,8.942,16.4533,-4.353,8.34,-2.5239,16.3889,-4.2894,8.7,2.6519,16.5299,-4.3937,-8.53
112.699,11.4201,6.2403,5.182,0,0,6.8112,1,0.1,0.1,0.1,8.9248,16.5006,-4.3519,10.12,-2.4947,16.3937,-4.2894,8.71,2.6846,16.5247,-4.3936,-8.53
112.799,11.3731,6.1898,5.1849,0,0,6.7936,1,0.1,0.1,0.1,8.9069,16.5472,-4.3511,11.83,-2.4651,16.3985,-4.2896,8.72,2.7173,16.5192,-4.3934,-8.54
112.899,11.3269,6.1397,5.1883,0,0,6.7748,1,0.1,0.1,0.1,8.8886,16.5935,-4.3505,13.46,-2.4364,16.3964,-4.2903,8.66,2.7496,16.5134,-4.3933,-8.54
112.999,11.2822,6.0901,5.1931,0,0,6.7545,1,0.1,0.1,0.1,8.8703,16.6395,-4.3501,15.03,-2.4089,16.3849,-4.2914,8.51,2.7817,16.5079,-4.3935,-8.53
113.099,11.2392,6.0409,5.1993,0,0,6.7333,1,0.1,0.1,0.1,8.852,16.6849,-4.3498,16.52,-2.3825,16.3659,-4.2929,8.29,2.814,16.5025,-4.3938,-8.54
113.199,11.1974,5.9923,5.2062,0,0,6.7112,1,0.1,0.1,0.1,8.8339,16.73,-4.3498,17.94,-2.3567,16.3413,-4.2949,8.02,2.8463,16.4973,-4.3941,-8.54
113.299,11.1563,5.9441,5.2134,0,0,6.6883,1,0.1,0.1,0.1,8.8154,16.7747,-4.3501,19.3,-2.3312,16.3124,-4.2975,7.73,2.8782,16.4919,-4.3942,-8.54
113.399,11.116,5.8965,5.2208,0,0,6.6649,1,0.1,0.1,0.1,8.7967,16.819,-4.3506,20.59,-2.3061,16.2802,-4.3001,7.43,2.9098,16.4866,-4.3943,-8.54
113.499,11.0769,5.8498,5.2285,0,0,6.6413,1,0.1,0.1,0.1,8.7781,16.863,-4.351,21.82,-2.2814,16.2456,-4.303,7.12,2.941,16.4815,-4.3943,-8.54
113.599,11.0388,5.8036,5.2367,0,0,6.6177,1,0.1,0.1,0.1,8.7595,16.9068,-4.3518,22.99,-2.2572,16.2094,-4.306,6.81,2.972,16.4763,-4.394,-8.53
113.699,11.0017,5.758,5.2453,0,0,6.594,1,0.1,0.1,0.1,8.7411,16.9502,-4.3527,24.1,-2.2329,16.1718,-4.309,6.5,3.0032,16.4711,-4.3936,-8.52
113.799,10.9656,5.7132,5.2542,0,0,6.5705,1,0.1,0.1,0.1,8.7232,16.9933,-4.3534,25.15,-2.2085,16.1333,-4.3118,6.19,3.0345,16.4658,-4.3934,-8.51
113.899,10.9306,5.6692,5.2635,0,0,6.5473,1,0.1,0.1,0.1,8.7057,17.036,-4.3538,26.14,-2.1843,16.0942,-4.3148,5.88,3.0659,16.4605,-4.3932,-8.52
113.999,10.8967,5.6261,5.2728,0,0,6.5242,1,0.1,0.1,0.1,8.6883,17.0782,-4.354,27.08,-2.1602,16.0547,-4.3174,5.59,3.0969,16.4555,-4.393,-8.53
114.099,10.8639,5.584,5.2824,0,0,6.5014,1,0.1,0.1,0.1,8.6712,17.1203,-4.3538,27.97,-2.1362,16.015,-4.3197,5.31,3.1277,16.4509,-4.3927,-8.53
114.199,10.8316,5.5425,5.2919,0,0,6.4786,1,0.1,0.1,0.1,8.6542,17.1621,-4.3533,28.82,-2.1121,15.9752,-4.322,5.02,3.1583,16.4463,-4.3927,-8.53
114.299,10.8002,5.5013,5.3019,0,0,6.4562,1,0.1,0.1,0.1,8.6372,17.2037,-4.3528,29.63,-2.0882,15.9355,-4.3241,4.74,3.1891,16.4416,-4.3929,-8.54
114.399,10.7696,5.4611,5.312,0,0,6.434,1,0.1,0.1,0.1,8.6207,17.2452,-4.3521,30.41,-2.0641,15.8959,-4.3259,4.49,3.2199,16.4368,-4.393,-8.54
114.499,10.7396,5.4217,5.3218,0,0,6.412,1,0.1,0.1,0.1,8.6044,17.2865,-4.3516,31.16,-2.0396,15.8567,-4.3278,4.26,3.2506,16.4321,-4.3932,-8.54
114.599,10.7117,5.383,5.333,0,0,6.3908,1,0.1,0.1,0.1,8.5884,17.3278,-4.3514,31.86,-2.0162,15.8171,-4.3301,3.98,3.2814,16.4272,-4.3931,-8.55
114.699,10.6864,5.3451,5.3462,0,0,6.3709,1,0.1,0.1,0.1,8.5724,17.3692,-4.351,32.52,-1.9948,15.777,-4.3329,3.61,3.312,16.4222,-4.3929,-8.56
114.799,10.6643,5.3086,5.361,0,0,6.3524,1,0.1,0.1,0.1,8.557,17.4103,-4.3508,33.15,-1.9751,15.7364,-4.3361,3.19,3.3422,16.4174,-4.3924,-8.56
114.899,10.6445,5.2733,5.3772,0,0,6.3348,1,0.1,0.1,0.1,8.5421,17.4512,-4.3509,33.74,-1.9566,15.6952,-4.3395,2.73,3.3723,16.4124,-4.3917,-8.57
114.999,10.6266,5.2388,5.3943,0,0,6.318,1,0.1,0.1,0.1,8.5273,17.4921,-4.3507,34.31,-1.939,15.6536,-4.3426,2.26,3.4022,16.4073,-4.3909,-8.58
115.099,10.6106,5.2054,5.4124,0,0,6.302,1,0.1,0.1,0.1,8.5131,17.5329,-4.3504,34.85,-1.9221,15.6117,-4.3456,1.79,3.4321,16.4022,-4.3902,-8.58
115.199,10.5966,5.1736,5.431,0,0,6.2865,1,0.1,0.1,0.1,8.4995,17.5739,-4.3499,35.35,-1.9057,15.5695,-4.3489,1.32,3.4617,16.3973,-4.39,-8.57
115.299,10.5839,5.1426,5.4502,0,0,6.2715,1,0.1,0.1,0.1,8.4862,17.6149,-4.3495,35.83,-1.8897,15.5271,-4.3522,0.85,3.4912,16.3924,-4.3901,-8.56
115.399,10.5721,5.1123,5.4697,0,0,6.257,1,0.1,0.1,0.1,8.4731,17.6558,-4.3492,36.28,-1.8737,15.485,-4.3554,0.39,3.5208,16.3877,-4.3904,-8.55
115.499,10.5615,5.0828,5.4894,0,0,6.2428,1,0.1,0.1,0.1,8.4603,17.6968,-4.349,36.72,-1.858,15.4433,-4.3587,-0.04,3.5503,16.3833,-4.3907,-8.55
115.599,10.552,5.0543,5.5095,0,0,6.229,1,0.1,0.1,0.1,8.4476,17.7379,-4.3486,37.12,-1.8424,15.4016,-4.362,-0.46,3.5795,16.3794,-4.3912,-8.54
115.699,10.5437,5.0266,5.53,0,0,6.2156,1,0.1,0.1,0.1,8.4357,17.7787,-4.3478,37.51,-1.8268,15.3596,-4.365,-0.86,3.609,16.3757,-4.3918,-8.54
115.799,10.5366,5.0,5.5507,0,0,6.2026,1,0.1,0.1,0.1,8.4247,17.8185,-4.3468,37.88,-1.8108,15.3176,-4.3679,-1.23,3.6387,16.3722,-4.3922,-8.53
115.899,10.5306,4.9743,5.5714,0,0,6.1903,1,0.1,0.1,0.1,8.4148,17.8571,-4.3459,38.23,-1.7946,15.276,-4.3706,-1.57,3.6685,16.369,-4.3925,-8.52
115.999,10.5263,4.9499,5.5925,0,0,6.1787,1,0.1,0.1,0.1,8.406,17.8947,-4.3452,38.57,-1.7786,15.2345,-4.3729,-1.89,3.6983,16.366,-4.3927,-8.52
116.099,10.5237,4.9271,5.6139,0,0,6.168,1,0.1,0.1,0.1,8.3985,17.9315,-4.345,38.9,-1.7627,15.1933,-4.3751,-2.21,3.728,16.363,-4.3931,-8.52
116.199,10.5224,4.9061,5.6348,0,0,6.1578,1,0.1,0.1,0.1,8.3922,17.9674,-4.3451,39.2,-1.7467,15.1528,-4.3769,-2.51,3.7574,16.3595,-4.393,-8.52
116.299,10.5223,4.8866,5.6554,0,0,6.1484,1,0.1,0.1,0.1,8.3874,18.0021,-4.3449,39.49,-1.7305,15.1132,-4.3782,-2.78,3.7866,16.356,-4.3928,-8.51
116.399,10.5233,4.8683,5.676,0,0,6.1398,1,0.1,0.1,0.1,8.3838,18.0357,-4.3445,39.77,-1.7142,15.0746,-4.3792,-3.05,3.816,16.3525,-4.3926,-8.51
116.499,10.5251,4.851,5.6965,0,0,6.1319,1,0.1,0.1,0.1,8.3815,18.0683,-4.344,40.04,-1.6977,15.0373,-4.38,-3.31,3.8457,16.3489,-4.3927,-8.5
116.599,10.5273,4.8345,5.7166,0,0,6.1246,1,0.1,0.1,0.1,8.3805,18.1,-4.3436,40.29,-1.6805,15.0018,-4.381,-3.58,3.8759,16.3453,-4.3928,-8.51
116.699,10.5297,4.8198,5.7352,0,0,6.1177,1,0.1,0.1,0.1,8.381,18.1307,-4.3431,40.51,-1.6625,14.9685,-4.3821,-3.83,3.9059,16.3416,-4.3931,-8.51
116.799,10.5325,4.8068,5.7527,0,0,6.1112,1,0.1,0.1,0.1,8.3831,18.1605,-4.3428,40.71,-1.6441,14.9372,-4.3828,-4.08,3.9355,16.3379,-4.393,-8.52
116.899,10.5355,4.7948,5.7693,0,0,6.1053,1,0.1,0.1,0.1,8.3862,18.189,-4.3428,40.92,-1.6252,14.9079,-4.3831,-4.3,3.9651,16.334,-4.3926,-8.52
116.999,10.5389,4.7838,5.7856,0,0,6.1001,1,0.1,0.1,0.1,8.3905,18.2168,-4.3427,41.13,-1.6063,14.8806,-4.3832,-4.51,3.9948,16.3298,-4.3923,-8.51
117.099,10.5431,4.7739,5.8017,0,0,6.0958,1,0.1,0.1,0.1,8.396,18.244,-4.3427,41.34,-1.5876,14.8552,-4.3832,-4.71,4.0246,16.3261,-4.392,-8.5
117.199,10.5472,4.7649,5.8169,0,0,6.0918,1,0.1,0.1,0.1,8.4024,18.2703,-4.3426,41.55,-1.5685,14.8319,-4.3837,-4.9,4.0542,16.3224,-4.3918,-8.48
117.299,10.5511,4.7561,5.8317,0,0,6.0882,1,0.1,0.1,0.1,8.4094,18.2957,-4.3426,41.74,-1.5492,14.8099,-4.3845,-5.09,4.084,16.3184,-4.3918,-8.47
117.399,10.5548,4.7481,5.8458,0,0,6.0847,1,0.1,0.1,0.1,8.4168,18.3206,-4.3427,41.92,-1.5296,14.7892,-4.3854,-5.26,4.1137,16.3142,-4.392,-8.45
117.499,10.5585,4.7409,5.8591,0,0,6.0814,1,0.1,0.1,0.1,8.4249,18.345,-4.3427,42.09,-1.5097,14.7697,-4.3858,-5.43,4.1433,16.3101,-4.3921,-8.43
117.599,10.5626,4.7348,5.8719,0,0,6.0785,1,0.1,0.1,0.1,8.434,18.369,-4.3423,42.26,-1.4897,14.7514,-4.3861,-5.58,4.1727,16.3058,-4.392,-8.42
117.699,10.5668,4.7294,5.8842,0,0,6.0759,1,0.1,0.1,0.1,8.4437,18.3926,-4.3418,42.42,-1.4696,14.7343,-4.3861,-5.74,4.2022,16.3011,-4.3924,-8.42
117.799,10.5708,4.7246,5.8958,0,0,6.0734,1,0.1,0.1,0.1,8.454,18.4157,-4.3412,42.56,-1.449,14.7185,-4.3865,-5.89,4.2318,16.2963,-4.3933,-8.42
117.899,10.5748,4.7204,5.9071,0,0,6.0713,1,0.1,0.1,0.1,8.465,18.4383,-4.3411,42.69,-1.4284,14.704,-4.3871,-6.03,4.2613,16.2915,-4.394,-8.43
117.999,10.5784,4.7164,5.9178,0,0,6.0692,1,0.1,0.1,0.1,8.4763,18.4607,-4.341,42.8,-1.4074,14.6906,-4.388,-6.16,4.291,16.2871,-4.3943,-8.44
118.099,10.5819,4.7125,5.9283,0,0,6.0671,1,0.1,0.1,0.1,8.4876,18.4829,-4.3413,42.9,-1.3865,14.6779,-4.389,-6.28,4.3204,16.2831,-4.3946,-8.45
118.199,10.5852,4.7085,5.9388,0,0,6.0652,1,0.1,0.1,0.1,8.4989,18.5045,-4.3417,43.0,-1.3655,14.6658,-4.3899,-6.39,4.3499,16.2792,-4.3947,-8.46
118.299,10.5881,4.704,5.9496,0,0,6.0635,1,0.1,0.1,0.1,8.5101,18.5258,-4.342,43.09,-1.3448,14.6543,-4.3907,-6.49,4.3798,16.2751,-4.3948,-8.46
118.399,10.5912,4.6998,5.9604,0,0,6.062,1,0.1,0.1,0.1,8.5215,18.5469,-4.342,43.18,-1.324,14.6432,-4.3914,-6.58,4.4099,16.2709,-4.3952,-8.46
118.499,10.5945,4.696,5.9711,0,0,6.0608,1,0.1,0.1,0.1,8.5333,18.5678,-4.3419,43.28,-1.3032,14.6327,-4.3921,-6.66,4.44,16.2668,-4.3956,-8.45
118.599,10.5981,4.6933,5.9813,0,0,6.0599,1,0.1,0.1,0.1,8.5458,18.5885,-4.3418,43.37,-1.2824,14.623,-4.3924,-6.75,4.4699,16.2622,-4.3963,-8.44
118.699,10.6024,4.6912,5.9915,0,0,6.0593,1,0.1,0.1,0.1,8.5589,18.6088,-4.3418,43.47,-1.2618,14.6137,-4.3925,-6.84,4.4997,16.2577,-4.3973,-8.44
118.799,10.6066,4.6899,6.0012,0,1,6.0587,1,0.1,0.1,0.1,8.5723,18.6292,-4.3419,43.57,-1.2411,14.6049,-4.3927,-6.93,4.5294,16.2529,-4.398,-8.44
118.899,10.6102,4.6891,6.01,0,1,6.0578,1,0.1,0.1,0.1,8.5855,18.6496,-4.3419,43.66,-1.22,14.5968,-4.393,-7.02,4.5588,16.2476,-4.3982,-8.45
118.999,10.6134,4.6884,6.0185,0,1,6.0568,1,0.1,0.1,0.1,8.5986,18.6701,-4.3418,43.76,-1.1987,14.5891,-4.3929,-7.1,4.5883,16.242,-4.3982,-8.47
119.099,10.6169,4.6879,6.0271,0,1,6.0559,1,0.1,0.1,0.1,8.612,18.6903,-4.3416,43.85,-1.1773,14.5811,-4.3926,-7.19,4.6179,16.2367,-4.3979,-8.48
119.199,10.6208,4.6872,6.0362,0,1,5.6884,1,0.1,0.1,0.1,8.6256,18.7099,-4.3413,43.93,-1.1563,14.5731,-4.3925,-7.26,4.6477,16.2315,-4.3977,-8.5
119.299,10.6248,4.6865,6.0456,0,1,5.6878,1,0.1,0.1,0.1,8.6394,18.7294,-4.3411,44.01,-1.1353,14.5655,-4.3928,-7.32,4.6776,16.2267,-4.3974,-8.5
119.399,10.6288,4.6864,6.0545,0,1,5.6871,1,0.1,0.1,0.1,8.6533,18.7491,-4.3412,44.07,-1.1141,14.5578,-4.3933,-7.37,4.7073,16.2216,-4.3966,-8.5
119.499,10.6331,4.6868,6.0633,0,1,5.6864,1,0.1,0.1,0.1,8.6674,18.769,-4.3416,44.13,-1.0928,14.5502,-4.3935,-7.43,4.7372,16.2162,-4.3959,-8.49
119.599,10.6372,4.6873,6.0722,0,1,5.6857,1,0.1,0.1,0.1,8.6815,18.7888,-4.342,44.19,-1.0714,14.5427,-4.3937,-7.49,4.7672,16.2108,-4.3959,-8.49
119.699,10.6413,4.688,6.0808,0,1,5.6849,1,0.1,0.1,0.1,8.6958,18.8087,-4.3428,44.25,-1.0497,14.5354,-4.394,-7.55,4.7972,16.2058,-4.3963,-8.5
119.799,10.6458,4.6891,6.0894,0,1,5.6843,1,0.1,0.1,0.1,8.7104,18.8285,-4.3432,44.3,-1.0282,14.5284,-4.3943,-7.61,4.827,16.201,-4.3964,-8.5
119.899,10.6503,4.6903,6.0979,0,1,5.6839,1,0.1,0.1,0.1,8.725,18.8482,-4.3435,44.34,-1.0068,14.5219,-4.3945,-7.67,4.8566,16.1965,-4.3964,-8.5
119.999,10.6545,4.6914,6.1064,0,1,5.6834,1,0.1,0.1,0.1,8.7397,18.8678,-4.3438,44.38,-0.9853,14.5158,-4.3946,-7.72,4.8865,16.1922,-4.3966,-8.49
120.099,10.655,4.6887,6.1148,0,1,5.6821,1,0.1,0.1,0.1,8.7517,18.8845,-4.3443,44.42,-0.9637,14.5098,-4.3948,-7.77,4.9164,16.1879,-4.3966,-8.48
120.199,10.6504,4.681,6.123,0,1,5.6796,1,0.1,0.1,0.1,8.7599,18.8974,-4.345,44.45,-0.9419,14.5039,-4.3952,-7.82,4.9461,16.1836,-4.3967,-8.48
120.299,10.6414,4.6689,6.1309,0,1,5.6761,1,0.1,0.1,0.1,8.7649,18.9065,-4.3458,44.48,-0.9202,14.4979,-4.3956,-7.86,4.9757,16.1792,-4.3968,-8.49
120.399,10.6295,4.6536,6.1389,0,1,5.6721,1,0.1,0.1,0.1,8.768,18.9124,-4.3462,44.51,-0.8985,14.4919,-4.396,-7.9,5.0053,16.1747,-4.3968,-8.5
120.499,10.6157,4.6366,6.1468,0,1,5.6679,1,0.1,0.1,0.1,8.7699,18.9167,-4.3464,44.53,-0.877,14.4862,-4.3958,-7.93,5.0347,16.1701,-4.3967,-8.51
120.599,10.6002,4.6178,6.1549,0,1,5.6633,1,0.1,0.1,0.1,8.7703,18.9198,-4.3464,44.56,-0.8556,14.4808,-4.3955,-7.96,5.0643,16.1653,-4.396,-8.51
120.699,10.5828,4.5971,6.1632,0,1,5.6584,1,0.1,0.1,0.1,8.7691,18.9219,-4.3461,44.58,-0.8342,14.4754,-4.3947,-7.98,5.0941,16.1604,-4.3958,-8.52
120.799,10.5644,4.5753,6.1716,0,1,5.6531,1,0.1,0.1,0.1,8.7668,18.9233,-4.3457,44.59,-0.8128,14.4697,-4.3938,-7.99,5.1241,16.1554,-4.3958,-8.51
120.899,10.5456,4.5535,6.1798,0,1,5.6477,1,0.1,0.1,0.1,8.7641,18.9243,-4.3456,44.6,-0.7916,14.4638,-4.393,-8.0,5.1536,16.1502,-4.3958,-8.51
120.999,10.5264,4.531,6.1882,0,1,5.6423,1,0.1,0.1,0.1,8.7612,18.9245,-4.3457,44.62,-0.7704,14.4577,-4.3921,-8.01,5.1834,16.1449,-4.3958,-8.51
121.099,10.5066,4.5081,6.1963,0,1,5.6368,1,0.1,0.1,0.1,8.7582,18.9238,-4.3461,44.63,-0.749,14.4518,-4.3914,-8.03,5.2131,16.1394,-4.3962,-8.52
121.199,10.486,4.4851,6.2041,0,1,5.631,1,0.1,0.1,0.1,8.7548,18.923,-4.3465,44.63,-0.7273,14.4461,-4.3909,-8.06,5.2428,16.134,-4.3963,-8.53
121.299,10.4651,4.4615,6.2121,0,1,5.625,1,0.1,0.1,0.1,8.7511,18.9222,-4.3468,44.63,-0.7055,14.4402,-4.3905,-8.08,5.2726,16.1289,-4.3965,-8.53
121.399,10.4444,4.4377,6.2206,0,1,5.6192,1,0.1,0.1,0.1,8.7473,18.9214,-4.3474,44.63,-0.6841,14.4343,-4.3904,-8.1,5.3026,16.1241,-4.3968,-8.54
121.499,10.4237,4.4139,6.2292,0,1,5.6134,1,0.1,0.1,0.1,8.7434,18.9207,-4.348,44.63,-0.6625,14.4283,-4.3903,-8.12,5.3327,16.1194,-4.3972,-8.55
121.599,10.4028,4.3901,6.2375,0,1,5.6074,1,0.1,0.1,0.1,8.7394,18.92,-4.3485,44.64,-0.6408,14.4225,-4.3905,-8.15,5.3627,16.1149,-4.3972,-8.55
121.699,10.3812,4.3663,6.2453,0,1,5.6011,1,0.1,0.1,0.1,8.7353,18.919,-4.3489,44.65,-0.6187,14.4169,-4.3906,-8.17,5.3926,16.1103,-4.3972,-8.55
121.799,10.3595,4.3428,6.2529,0,1,5.5949,1,0.1,0.1,0.1,8.7314,18.9179,-4.3494,44.67,-0.5965,14.4115,-4.3905,-8.19,5.4225,16.1056,-4.3972,-8.53
121.899,10.3382,4.3196,6.2607,0,1,5.5889,1,0.1,0.1,0.1,8.7278,18.9169,-4.35,44.7,-0.5745,14.4065,-4.3906,-8.2,5.4525,16.101,-4.3972,-8.53
121.999,10.3168,4.2963,6.2686,0,1,5.5829,1,0.1,0.1,0.1,8.7244,18.916,-4.3503,44.74,-0.5522,14.4017,-4.3906,-8.21,5.4829,16.0967,-4.397,-8.52
122.099,10.2955,4.2732,6.2763,0,1,5.5768,1,0.1,0.1,0.1,8.7212,18.9151,-4.3499,44.77,-0.5297,14.3968,-4.391,-8.22,5.5132,16.0926,-4.3967,-8.54
122.199,10.2743,4.2506,6.2839,0,1,5.5707,1,0.1,0.1,0.1,8.7185,18.9141,-4.3493,44.81,-0.5069,14.3917,-4.3914,-8.24,5.5436,16.0882,-4.3962,-8.56
122.299,10.2536,4.2284,6.2914,0,1,5.5648,1,0.1,0.1,0.1,8.7161,18.9128,-4.3486,44.83,-0.4843,14.3864,-4.3919,-8.26,5.5738,16.0837,-4.3958,-8.58
122.399,10.2338,4.2071,6.2988,0,1,5.559,1,0.1,0.1,0.1,8.7142,18.9118,-4.3479,44.86,-0.4618,14.3809,-4.3925,-8.29,5.6036,16.0795,-4.3953,-8.6
122.499,10.2142,4.1861,6.3062,0,1,5.5532,1,0.1,0.1,0.1,8.7124,18.9111,-4.3472,44.89,-0.4394,14.3754,-4.3929,-8.32,5.6334,16.0755,-4.3945,-8.6
122.599,10.195,4.1656,6.3137,0,1,5.5476,1,0.1,0.1,0.1,8.7106,18.9105,-4.3465,44.92,-0.4174,14.37,-4.3932,-8.34,5.6627,16.0714,-4.3938,-8.61
122.699,10.1764,4.1457,6.3212,0,1,5.5421,1,0.1,0.1,0.1,8.7089,18.9101,-4.3459,44.94,-0.3959,14.3647,-4.3932,-8.36,5.6917,16.0673,-4.3932,-8.6
122.799,10.158,4.1264,6.3285,0,1,5.5366,1,0.1,0.1,0.1,8.7071,18.9101,-4.3449,44.95,-0.3744,14.3595,-4.3932,-8.35,5.7204,16.0632,-4.3929,-8.6
122.899,10.1394,4.1071,6.336,0,1,5.5311,1,0.1,0.1,0.1,8.7051,18.9104,-4.344,44.97,-0.3529,14.3544,-4.3931,-8.36,5.7494,16.059,-4.3927,-8.59
122.999,10.1207,4.0891,6.3428,0,1,5.5255,1,0.1,0.1,0.1,8.7029,18.9106,-4.3433,44.97,-0.3315,14.3492,-4.3928,-8.36,5.7781,16.0534,-4.3926,-8.59
123.099,10.102,4.0715,6.3489,0,1,5.5197,1,0.1,0.1,0.1,8.7009,18.9104,-4.3429,44.97,-0.3099,14.3439,-4.3925,-8.37,5.8061,16.0478,-4.3923,-8.58
123.199,10.083,4.0544,6.3544,0,1,5.5137,1,0.1,0.1,0.1,8.6991,18.91,-4.3426,44.97,-0.2881,14.3388,-4.3923,-8.36,5.8339,16.0417,-4.3921,-8.58
123.299,10.0642,4.0386,6.3594,0,1,5.5079,1,0.1,0.1,0.1,8.6975,18.9096,-4.3426,44.98,-0.2664,14.3343,-4.3924,-8.36,5.8615,16.0348,-4.3925,-8.59
123.399,10.0454,4.0238,6.364,0,1,5.5021,1,0.1,0.1,0.1,8.6962,18.9093,-4.343,45.0,-0.2446,14.3302,-4.3926,-8.36,5.8889,16.027,-4.393,-8.59
123.499,10.0267,4.0096,6.3682,0,1,5.4963,1,0.1,0.1,0.1,8.6952,18.909,-4.3431,45.01,-0.2226,14.326,-4.3928,-8.37,5.9165,16.0187,-4.3936,-8.61
123.599,10.008,3.9978,6.3686,0,1,5.4892,1,0.1,0.1,0.1,8.6944,18.9084,-4.3429,45.01,-0.2006,14.322,-4.3929,-8.36,5.9398,16.0116,-4.3932,-8.61
123.699,9.9892,3.9863,6.3681,0,1,5.4816,1,0.1,0.1,0.1,8.6935,18.908,-4.3428,45.01,-0.1787,14.3183,-4.3927,-8.35,5.9619,16.0053,-4.3919,-8.61
123.799,9.9706,3.9731,6.3695,0,1,5.4747,1,0.1,0.1,0.1,8.6926,18.9076,-4.3429,45.0,-0.157,14.3145,-4.3925,-8.33,5.9855,15.9999,-4.391,-8.6
123.899,9.9523,3.9582,6.3727,0,1,5.4683,1,0.1,0.1,0.1,8.6916,18.907,-4.3432,45.0,-0.1356,14.3107,-4.3926,-8.32,6.0104,15.9956,-4.3902,-8.57
123.999,9.9343,3.9421,6.3776,0,1,5.4626,1,0.1,0.1,0.1,8.6907,18.9064,-4.3436,44.99,-0.1147,14.307,-4.3929,-8.3,6.0363,15.9922,-4.3899,-8.55
124.099,9.9164,3.9249,6.384,0,1,5.4574,1,0.1,0.1,0.1,8.6896,18.9056,-4.3439,44.98,-0.094,14.3032,-4.3935,-8.28,6.0634,15.9891,-4.3902,-8.53
124.199,9.8987,3.9072,6.3915,0,1,5.4526,1,0.1,0.1,0.1,8.6883,18.905,-4.3443,44.98,-0.0735,14.2992,-4.394,-8.28,6.0914,15.986,-4.3906,-8.52
124.299,9.881,3.8893,6.3993,0,1,5.4477,1,0.1,0.1,0.1,8.6871,18.9046,-4.3446,44.98,-0.0527,14.2951,-4.3948,-8.27,6.12,15.9832,-4.3915,-8.51
124.399,9.8631,3.8712,6.4073,0,1,5.4428,1,0.1,0.1,0.1,8.686,18.9042,-4.3449,44.98,-0.0317,14.2912,-4.3955,-8.27,6.1488,15.9807,-4.3926,-8.5
124.499,9.8455,3.853,6.4158,0,1,5.4382,1,0.1,0.1,0.1,8.685,18.9037,-4.3448,44.97,-0.0109,14.2872,-4.3959,-8.28,6.178,15.9782,-4.3932,-8.49
124.599,9.8279,3.8355,6.4237,0,1,5.4333,1,0.1,0.1,0.1,8.6844,18.9035,-4.3447,44.97,0.0105,14.2831,-4.3964,-8.29,6.2071,15.9758,-4.3938,-8.49
124.699,9.8104,3.8183,6.4312,0,1,5.4283,1,0.1,0.1,0.1,8.6841,18.9034,-4.3448,44.98,0.0322,14.279,-4.397,-8.31,6.2362,15.9734,-4.3941,-8.48
124.799,9.793,3.8016,6.4388,0,1,5.4233,1,0.1,0.1,0.1,8.6838,18.9035,-4.3449,44.99,0.0538,14.275,-4.3973,-8.33,6.2652,15.9709,-4.3945,-8.48
124.899,9.7756,3.785,6.4467,0,1,5.4184,1,0.1,0.1,0.1,8.6832,18.904,-4.3447,45.01,0.0754,14.271,-4.3973,-8.34,6.2947,15.9683,-4.395,-8.47
124.999,9.7581,3.7683,6.4549,0,1,5.4136,1,0.1,0.1,0.1,8.6827,18.9044,-4.3446,45.01,0.097,14.2673,-4.3974,-8.35,6.3245,15.9656,-4.3953,-8.47
125.099,9.7405,3.7517,6.4632,0,1,5.4088,1,0.1,0.1,0.1,8.6823,18.9046,-4.3443,45.0,0.1188,14.2634,-4.3979,-8.35,6.3545,15.9627,-4.3959,-8.48
125.199,9.7235,3.7353,6.472,0,1,5.4044,1,0.1,0.1,0.1,8.6823,18.9045,-4.3444,44.99,0.1404,14.2593,-4.3985,-8.35,6.385,15.9597,-4.3965,-8.48
125.299,9.7045,3.7202,6.4802,0,1,5.3985,1,0.1,0.1,0.1,8.6785,18.9083,-4.3452,45.0,0.1624,14.2553,-4.3991,-8.36,6.4155,15.956,-4.3968,-8.46
125.399,9.6826,3.7066,6.4878,0,1,5.3902,1,0.1,0.1,0.1,8.6689,18.9173,-4.3458,44.99,0.1846,14.2517,-4.3994,-8.37,6.4457,15.9519,-4.3975,-8.44
125.499,9.6584,3.6943,6.4951,0,1,5.3801,1,0.1,0.1,0.1,8.6542,18.9307,-4.3459,44.99,0.2069,14.2483,-4.3998,-8.38,6.4759,15.9474,-4.3983,-8.42
125.599,9.6325,3.6835,6.5022,0,1,5.3686,1,0.1,0.1,0.1,8.6357,18.9474,-4.3458,44.99,0.2293,14.2449,-4.4005,-8.4,6.506,15.9424,-4.3986,-8.41
125.699,9.6058,3.6742,6.5096,0,1,5.3563,1,0.1,0.1,0.1,8.6146,18.9665,-4.3459,44.99,0.2514,14.2415,-4.4013,-8.41,6.5363,15.9371,-4.3982,-8.4
125.799,9.5788,3.6664,6.5173,0,1,5.3434,1,0.1,0.1,0.1,8.5914,18.9879,-4.3462,45.0,0.2735,14.2378,-4.4018,-8.42,6.5668,15.9317,-4.3976,-8.38
125.899,9.5515,3.6599,6.5252,0,1,5.33,1,0.1,0.1,0.1,8.5664,19.0107,-4.3464,45.01,0.2954,14.2338,-4.4021,-8.43,6.5973,15.9261,-4.3971,-8.37
125.999,9.5243,3.6548,6.5334,0,1,5.3163,1,0.1,0.1,0.1,8.5403,19.0348,-4.3467,45.02,0.3172,14.2296,-4.4023,-8.43,6.628,15.9206,-4.397,-8.36
126.099,9.4976,3.6512,6.5418,0,1,5.3024,1,0.1,0.1,0.1,8.5137,19.06,-4.3472,45.01,0.3389,14.2252,-4.4023,-8.44,6.6585,15.9155,-4.3968,-8.34
126.199,9.4752,3.653,6.5502,0,1,5.2893,1,0.1,0.1,0.1,8.4896,19.0886,-4.3474,45.0,0.3605,14.2208,-4.4024,-8.45,6.689,15.9106,-4.3965,-8.33
126.299,9.4586,3.6619,6.5583,0,1,5.2772,1,0.1,0.1,0.1,8.4692,19.1217,-4.3473,44.99,0.3822,14.2164,-4.4026,-8.47,6.7193,15.9053,-4.3964,-8.32
126.399,9.4427,3.6731,6.5659,0,1,5.2651,1,0.1,0.1,0.1,8.4491,19.1555,-4.3471,44.99,0.4039,14.2121,-4.4031,-8.49,6.7492,15.8998,-4.3963,-8.33
126.499,9.4254,3.6834,6.5736,0,1,5.2528,1,0.1,0.1,0.1,8.4278,19.1878,-4.347,44.99,0.4256,14.2078,-4.4036,-8.5,6.7792,15.8943,-4.3958,-8.34
126.599,9.4068,3.6932,6.5818,0,1,5.2402,1,0.1,0.1,0.1,8.4051,19.2191,-4.3468,44.99,0.4471,14.2036,-4.4039,-8.51,6.8095,15.8887,-4.3952,-8.35
126.699,9.3866,3.7028,6.5899,0,1,5.2273,1,0.1,0.1,0.1,8.3812,19.2495,-4.3466,44.98,0.4687,14.1998,-4.4039,-8.5,6.84,15.883,-4.395,-8.36
126.799,9.3654,3.7124,6.5978,0,1,5.214,1,0.1,0.1,0.1,8.3563,19.279,-4.346,44.98,0.4904,14.1962,-4.4036,-8.49,6.8704,15.8773,-4.3949,-8.37
126.899,9.3436,3.7227,6.6053,0,1,5.2005,1,0.1,0.1,0.1,8.3307,19.3077,-4.3453,44.97,0.5119,14.1926,-4.4025,-8.49,6.9003,15.8712,-4.3944,-8.38
126.999,9.3214,3.734,6.6123,0,1,5.1868,1,0.1,0.1,0.1,8.305,19.3361,-4.3449,44.98,0.5335,14.1893,-4.4013,-8.49,6.93,15.8649,-4.3935,-8.39
127.099,9.2993,3.7461,6.6192,0,1,5.1731,1,0.1,0.1,0.1,8.279,19.364,-4.3447,44.98,0.555,14.1858,-4.4,-8.51,6.9594,15.8584,-4.393,-8.39
127.199,9.2765,3.7585,6.6257,0,1,5.159,1,0.1,0.1,0.1,8.2526,19.3916,-4.3445,44.99,0.5769,14.1825,-4.3988,-8.52,6.9888,15.8523,-4.3929,-8.39
127.299,9.2534,3.7717,6.6325,0,1,5.1448,1,0.1,0.1,0.1,8.2256,19.4188,-4.3443,44.99,0.5987,14.1793,-4.3978,-8.52,7.0184,15.8459,-4.3927,-8.4
127.399,9.2309,3.7858,6.6395,0,1,5.1308,1,0.1,0.1,0.1,8.1988,19.4459,-4.3442,44.99,0.6204,14.1757,-4.3969,-8.52,7.0481,15.8395,-4.3923,-8.42
127.499,9.2093,3.8005,6.6469,0,1,5.117,1,0.1,0.1,0.1,8.1725,19.4729,-4.344,44.99,0.642,14.1719,-4.3959,-8.53,7.0777,15.8338,-4.3922,-8.44
127.599,9.1878,3.8158,6.6537,0,1,5.103,1,0.1,0.1,0.1,8.1464,19.4999,-4.3441,44.99,0.6638,14.1685,-4.3953,-8.53,7.1071,15.8286,-4.3926,-8.45
127.699,9.1663,3.8313,6.6606,0,1,5.0892,1,0.1,0.1,0.1,8.1206,19.5263,-4.3443,44.99,0.6857,14.1652,-4.3953,-8.54,7.1364,15.8239,-4.3935,-8.45
127.799,9.1453,3.8476,6.6678,0,1,5.0755,1,0.1,0.1,0.1,8.0946,19.5529,-4.3447,45.0,0.7073,14.162,-4.3954,-8.55,7.1658,15.8194,-4.3943,-8.45
127.899,9.1249,3.8649,6.6754,0,1,5.0618,1,0.1,0.1,0.1,8.0686,19.5796,-4.3452,45.01,0.729,14.1583,-4.3955,-8.56,7.1955,15.815,-4.3952,-8.44
127.999,9.105,3.8828,6.6831,0,1,5.0483,1,0.1,0.1,0.1,8.0431,19.606,-4.3455,45.01,0.7507,14.1545,-4.3955,-8.57,7.2253,15.8106,-4.3959,-8.45
128.099,9.0854,3.9009,6.6908,0,1,5.035,1,0.1,0.1,0.1,8.0182,19.6317,-4.3459,45.01,0.7725,14.1506,-4.3953,-8.57,7.2551,15.8064,-4.3966,-8.46
128.199,9.0664,3.919,6.6983,0,1,5.0218,1,0.1,0.1,0.1,7.9941,19.6564,-4.3462,45.01,0.7944,14.1463,-4.3956,-8.57,7.2848,15.8024,-4.3971,-8.46
128.299,9.0477,3.9366,6.7059,0,1,5.0092,1,0.1,0.1,0.1,7.9715,19.6795,-4.3462,45.02,0.8164,14.1421,-4.396,-8.58,7.3145,15.7985,-4.3974,-8.47
128.399,9.0295,3.9535,6.7129,0,1,4.9971,1,0.1,0.1,0.1,7.9507,19.7008,-4.3462,45.02,0.8383,14.1382,-4.3964,-8.58,7.3437,15.7944,-4.3979,-8.48
128.499,9.0118,3.9697,6.7196,0,1,4.9858,1,0.1,0.1,0.1,7.9322,19.7198,-4.3463,45.01,0.86,14.1347,-4.3968,-8.58,7.3725,15.7901,-4.3981,-8.5
128.599,8.9947,3.9844,6.7266,0,1,4.9755,1,0.1,0.1,0.1,7.9158,19.7362,-4.3467,44.99,0.8813,14.1312,-4.3972,-8.58,7.4013,15.7855,-4.3981,-8.52
128.699,8.9782,3.9977,6.734,0,1,4.9661,1,0.1,0.1,0.1,7.9015,19.7507,-4.3468,44.99,0.9024,14.1277,-4.3971,-8.57,7.4302,15.7812,-4.3985,-8.52
128.799,8.9622,4.0093,6.7416,0,1,4.9574,1,0.1,0.1,0.1,7.8891,19.763,-4.3469,44.99,0.9234,14.1241,-4.3967,-8.57,7.4592,15.7771,-4.399,-8.53
128.899,8.9461,4.0191,6.7495,0,0,4.9496,1,0.1,0.1,0.1,7.8787,19.7729,-4.3473,44.99,0.9445,14.1207,-4.3964,-8.58,7.4886,15.7731,-4.3995,-8.54
128.999,8.9305,4.0275,6.7574,0,0,4.9426,1,0.1,0.1,0.1,7.8708,19.7807,-4.3475,44.99,0.9657,14.1176,-4.3967,-8.58,7.5182,15.769,-4.4001,-8.55
129.099,8.9149,4.0351,6.765,0,0,4.936,1,0.1,0.1,0.1,7.8647,19.7869,-4.3475,44.99,0.9872,14.1148,-4.397,-8.57,7.5479,15.7645,-4.4002,-8.56
129.199,8.8995,4.0416,6.7727,0,0,4.9302,1,0.1,0.1,0.1,7.8604,19.791,-4.3474,44.97,1.0088,14.1117,-4.3966,-8.57,7.5779,15.7596,-4.4001,-8.56
129.299,8.8848,4.0468,6.7807,0,0,4.925,1,0.1,0.1,0.1,7.8579,19.7935,-4.347,44.96,1.0303,14.1081,-4.396,-8.56,7.6081,15.7547,-4.4004,-8.57
129.399,8.8707,4.0508,6.7891,0,0,4.9203,1,0.1,0.1,0.1,7.8569,19.7947,-4.3468,44.95,1.052,14.1044,-4.3957,-8.55,7.6385,15.7502,-4.4017,-8.57
129.499,8.8567,4.0539,6.7979,0,0,4.9161,1,0.1,0.1,0.1,7.8567,19.7951,-4.3471,44.94,1.0735,14.1007,-4.3957,-8.55,7.6694,15.7459,-4.4029,-8.57
129.599,8.8425,4.0568,6.806,0,0,4.9118,1,0.1,0.1,0.1,7.8573,19.7949,-4.3477,44.94,1.0955,14.097,-4.3956,-8.55,7.6999,15.7416,-4.4038,-8.56
129.699,8.8283,4.0596,6.8134,0,0,4.9073,1,0.1,0.1,0.1,7.8584,19.794,-4.348,44.94,1.1177,14.0932,-4.3953,-8.57,7.7298,15.7369,-4.4049,-8.56
129.799,8.8143,4.0627,6.8204,0,0,4.9031,1,0.1,0.1,0.1,7.86,19.7927,-4.3481,44.92,1.1398,14.0894,-4.395,-8.58,7.7595,15.7317,-4.4057,-8.55
129.899,8.8004,4.0659,6.8272,0,0,4.899,1,0.1,0.1,0.1,7.8623,19.791,-4.3479,44.91,1.1617,14.0861,-4.3946,-8.58,7.7889,15.7262,-4.406,-8.56
129.999,8.7865,4.0687,6.8338,0,0,4.8953,1,0.1,0.1,0.1,7.8651,19.7887,-4.3476,44.91,1.1833,14.0832,-4.3942,-8.57,7.818,15.7207,-4.4061,-8.56
130.099,8.7733,4.0713,6.8412,0,0,4.8922,1,0.1,0.1,0.1,7.8686,19.7861,-4.3473,44.92,1.2043,14.0804,-4.394,-8.57,7.8472,15.7153,-4.4062,-8.57
130.199,8.7605,4.0735,6.8491,0,0,4.8897,1,0.1,0.1,0.1,7.8727,19.783,-4.3472,44.93,1.2248,14.0778,-4.3939,-8.57,7.8766,15.7099,-4.4064,-8.58
130.299,8.7482,4.0751,6.8573,0,0,4.8876,1,0.1,0.1,0.1,7.8775,19.7794,-4.3473,44.94,1.2451,14.0751,-4.3939,-8.58,7.9059,15.7048,-4.4067,-8.6
130.399,8.7362,4.0757,6.8664,0,0,4.8862,1,0.1,0.1,0.1,7.883,19.7749,-4.3476,44.94,1.2648,14.0723,-4.3937,-8.58,7.9355,15.6999,-4.407,-8.6
130.499,8.7248,4.0755,6.8763,0,0,4.8855,1,0.1,0.1,0.1,7.8888,19.7695,-4.3479,44.94,1.2835,14.0695,-4.3934,-8.57,7.9649,15.6952,-4.4073,-8.6
130.599,8.7138,4.0749,6.8871,0,0,4.8853,1,0.1,0.1,0.1,7.8945,19.764,-4.348,44.94,1.3015,14.0667,-4.3933,-8.57,7.9943,15.6907,-4.4076,-8.59
130.699,8.703,4.0746,6.8981,0,0,4.8852,1,0.1,0.1,0.1,7.9,19.7586,-4.3477,44.93,1.319,14.0638,-4.3931,-8.57,8.0235,15.6864,-4.4079,-8.58
130.799,8.6925,4.0746,6.9092,0,0,4.8855,1,0.1,0.1,0.1,7.9054,19.7531,-4.3474,44.93,1.3358,14.0613,-4.3931,-8.57,8.0523,15.6816,-4.4082,-8.57
130.899,8.6823,4.0749,6.9212,0,0,4.8862,1,0.1,0.1,0.1,7.9107,19.7477,-4.3468,44.93,1.3519,14.0589,-4.393,-8.57,8.0813,15.6768,-4.4083,-8.56
130.999,8.6723,4.0758,6.9341,0,0,4.8872,1,0.1,0.1,0.1,7.9152,19.7427,-4.346,44.93,1.3674,14.0565,-4.3932,-8.57,8.1107,15.672,-4.408,-8.56
131.099,8.6625,4.0776,6.9474,0,0,4.8885,1,0.1,0.1,0.1,7.9194,19.7381,-4.3451,44.93,1.3824,14.0544,-4.3934,-8.57,8.1401,15.667,-4.4072,-8.56
131.199,8.6527,4.08,6.9613,0,0,4.89,1,0.1,0.1,0.1,7.9232,19.7337,-4.3442,44.93,1.3968,14.0527,-4.3936,-8.57,8.1697,15.6617,-4.4061,-8.55
131.299,8.6434,4.0822,6.976,0,0,4.8922,1,0.1,0.1,0.1,7.9271,19.7293,-4.3436,44.93,1.4105,14.0513,-4.3935,-8.58,8.1993,15.6566,-4.405,-8.54
131.399,8.635,4.0844,6.9914,0,0,4.895,1,0.1,0.1,0.1,7.9314,19.7246,-4.343,44.93,1.4234,14.0496,-4.3936,-8.6,8.2288,15.6515,-4.4039,-8.54
131.499,8.6272,4.0869,7.0075,0,0,4.8982,1,0.1,0.1,0.1,7.9357,19.7201,-4.3424,44.94,1.4355,14.0479,-4.3936,-8.62,8.2582,15.6464,-4.4023,-8.53
131.599,8.6198,4.0894,7.0242,0,0,4.9017,1,0.1,0.1,0.1,7.9395,19.7158,-4.3422,44.94,1.4468,14.0463,-4.3934,-8.62,8.2874,15.6416,-4.4007,-8.52
131.699,8.6126,4.0919,7.0414,0,0,4.9056,1,0.1,0.1,0.1,7.9431,19.7115,-4.3423,44.95,1.4576,14.0448,-4.3929,-8.63,8.3166,15.6371,-4.399,-8.51
131.799,8.6059,4.0943,7.0592,0,0,4.9099,1,0.1,0.1,0.1,7.9471,19.7071,-4.3425,44.94,1.4676,14.0436,-4.3923,-8.62,8.3456,15.6326,-4.3973,-8.5
131.899,8.5997,4.0966,7.0776,0,0,4.915,1,0.1,0.1,0.1,7.9517,19.7022,-4.3426,44.95,1.4771,14.0426,-4.3917,-8.62,8.3749,15.6279,-4.3962,-8.5
131.999,8.5941,4.0992,7.0969,0,0,4.9207,1,0.1,0.1,0.1,7.9567,19.6972,-4.343,44.95,1.486,14.0415,-4.3912,-8.62,8.4045,15.6229,-4.3955,-8.48
132.099,8.5893,4.102,7.1168,0,0,4.9268,1,0.1,0.1,0.1,7.9621,19.6924,-4.3435,44.97,1.4945,14.0404,-4.391,-8.63,8.4343,15.618,-4.3956,-8.48
132.199,8.5849,4.1056,7.1369,0,0,4.9331,1,0.1,0.1,0.1,7.9673,19.6879,-4.3439,44.98,1.5027,14.0393,-4.3912,-8.62,8.464,15.6128,-4.3959,-8.49
132.299,8.5811,4.1098,7.1577,0,0,4.9398,1,0.1,0.1,0.1,7.9724,19.6839,-4.3444,45.0,1.5101,14.0382,-4.3912,-8.61,8.4937,15.6076,-4.3961,-8.5
132.399,8.5779,4.1147,7.1794,0,0,4.9469,1,0.1,0.1,0.1,7.9772,19.6803,-4.345,45.01,1.5171,14.0372,-4.3913,-8.61,8.5238,15.6024,-4.3965,-8.51
132.499,8.5749,4.1144,7.2028,0,0,4.9542,1,0.1,0.1,0.1,7.9819,19.6769,-4.3457,45.01,1.5235,14.0363,-4.3916,-8.6,8.5539,15.6028,-4.3967,-8.52
132.599,8.5721,4.1061,7.2283,0,0,4.9616,1,0.1,0.1,0.1,7.9865,19.6732,-4.3463,45.02,1.5297,14.035,-4.3918,-8.6,8.584,15.6111,-4.3959,-8.52
132.699,8.5695,4.091,7.2554,0,0,4.969,1,0.1,0.1,0.1,7.9911,19.6691,-4.3469,45.03,1.5355,14.0335,-4.3922,-8.6,8.6139,15.6261,-4.3944,-8.51
132.799,8.5672,4.0714,7.2835,0,0,4.9765,1,0.1,0.1,0.1,7.9954,19.6649,-4.3475,45.04,1.5407,14.0319,-4.3925,-8.6,8.6432,15.6456,-4.3927,-8.5
132.899,8.5649,4.0493,7.3115,0,0,4.9838,1,0.1,0.1,0.1,7.9998,19.6607,-4.3481,45.04,1.5457,14.0304,-4.3928,-8.58,8.6715,15.6678,-4.391,-8.49
132.999,8.5627,4.0258,7.3393,0,0,4.9911,1,0.1,0.1,0.1,8.0045,19.6565,-4.3485,45.04,1.5507,14.0293,-4.393,-8.57,8.6993,15.6914,-4.3889,-8.5
133.099,8.5606,4.0018,7.367,0,0,4.9984,1,0.1,0.1,0.1,8.0095,19.6522,-4.3486,45.03,1.5556,14.0283,-4.393,-8.56,8.7268,15.7154,-4.3865,-8.5
133.199,8.5586,3.9786,7.3939,0,0,5.0056,1,0.1,0.1,0.1,8.0146,19.6479,-4.3489,45.02,1.5605,14.0272,-4.3928,-8.54,8.7536,15.7387,-4.3838,-8.51
133.299,8.5572,3.9574,7.4204,0,0,5.0128,1,0.1,0.1,0.1,8.0196,19.644,-4.3491,45.02,1.5649,14.0261,-4.3928,-8.53,8.7798,15.7604,-4.381,-8.51
133.399,8.5559,3.9384,7.4462,0,0,5.0201,1,0.1,0.1,0.1,8.0245,19.6403,-4.3491,45.02,1.5691,14.0251,-4.393,-8.51,8.8055,15.7802,-4.3785,-8.51
133.499,8.5546,3.9216,7.4712,0,0,5.0269,1,0.1,0.1,0.1,8.0288,19.6369,-4.349,45.02,1.5734,14.0238,-4.3931,-8.51,8.8308,15.7983,-4.3764,-8.49
133.599,8.5531,3.9069,7.4952,0,0,5.0334,1,0.1,0.1,0.1,8.0327,19.6339,-4.3488,45.02,1.5777,14.0225,-4.3935,-8.49,8.8554,15.8146,-4.3745,-8.48
133.699,8.5517,3.8945,7.5186,0,0,5.0399,1,0.1,0.1,0.1,8.0362,19.6309,-4.3489,45.01,1.5818,14.0211,-4.3933,-8.48,8.8798,15.8289,-4.3729,-8.46
133.799,8.5504,3.885,7.5418,0,0,5.0463,1,0.1,0.1,0.1,8.0393,19.6284,-4.3493,45.01,1.5857,14.0197,-4.3927,-8.46,8.9042,15.841,-4.3717,-8.45
133.899,8.5494,3.8743,7.5638,0,0,5.0523,1,0.1,0.1,0.1,8.0422,19.6262,-4.3499,44.99,1.5893,14.0181,-4.3922,-8.46,8.9268,15.8543,-4.3705,-8.12
133.999,8.5483,3.8603,7.5841,0,0,5.0575,1,0.1,0.1,0.1,8.0451,19.6238,-4.3503,44.98,1.5928,14.0167,-4.3921,-8.45,8.9469,15.8704,-4.3692,-7.35
134.099,8.5473,3.8435,7.6033,0,0,5.0622,1,0.1,0.1,0.1,8.0482,19.6214,-4.351,44.97,1.5962,14.0155,-4.3919,-8.44,8.965,15.8889,-4.3678,-6.17
134.199,8.5464,3.8246,7.6212,0,0,5.0663,1,0.1,0.1,0.1,8.0511,19.6191,-4.3514,44.96,1.5993,14.0142,-4.3918,-8.43,8.9811,15.9093,-4.3666,-4.66
134.299,8.5451,3.8037,7.6373,0,0,5.0695,1,0.1,0.1,0.1,8.0539,19.6168,-4.3513,44.94,1.6028,14.0132,-4.3919,-8.43,8.9953,15.9314,-4.3654,-2.94
134.399,8.5435,3.7817,7.6527,0,0,5.0723,1,0.1,0.1,0.1,8.0562,19.6144,-4.3507,44.93,1.6061,14.0121,-4.3923,-8.43,9.0081,15.9545,-4.3644,-1.1
134.499,8.5418,3.7593,7.6677,0,0,5.0749,1,0.1,0.1,0.1,8.058,19.6121,-4.35,44.93,1.6087,14.0115,-4.3931,-8.43,9.0199,15.978,-4.3637,0.8
134.599,8.5405,3.7367,7.6824,0,0,5.0775,1,0.1,0.1,0.1,8.0595,19.6103,-4.3492,44.93,1.6107,14.0111,-4.394,-8.44,9.0306,16.002,-4.3625,2.72
134.699,8.5392,3.7148,7.6964,0,0,5.0797,1,0.1,0.1,0.1,8.0604,19.609,-4.3485,44.93,1.6127,14.0105,-4.3948,-8.45,9.0405,16.0258,-4.3609,4.63
134.799,8.5379,3.6937,7.71,0,0,5.0816,1,0.1,0.1,0.1,8.061,19.6081,-4.3478,44.91,1.6148,14.0099,-4.3955,-8.45,9.05,16.0494,-4.3596,6.5
134.899,8.537,3.6732,7.723,0,0,5.0833,1,0.1,0.1,0.1,8.0616,19.6078,-4.347,44.9,1.617,14.0092,-4.3959,-8.46,9.0591,16.0727,-4.3586,8.33
134.999,8.5362,3.6533,7.7361,0,0,5.0852,1,0.1,0.1,0.1,8.0626,19.6073,-4.346,44.89,1.6194,14.0083,-4.3962,-8.46,9.0685,16.0953,-4.3577,10.08
135.099,8.5354,3.6292,7.7466,0,0,5.0857,1,0.1,0.1,0.1,8.0634,19.6069,-4.3451,44.88,1.6217,14.0073,-4.3967,-8.47,9.0741,16.1213,-4.3569,11.79
135.199,8.5346,3.5995,7.7532,0,0,5.0841,1,0.1,0.1,0.1,8.0635,19.6071,-4.3441,44.88,1.624,14.0062,-4.3975,-8.49,9.0741,16.1524,-4.3562,13.43
135.299,8.5338,3.5655,7.7563,0,0,5.0807,1,0.1,0.1,0.1,8.063,19.6079,-4.3432,44.87,1.6265,14.0049,-4.3982,-8.51,9.0693,16.1873,-4.3557,15.01
135.399,8.5331,3.528,7.7569,0,0,5.0762,1,0.1,0.1,0.1,8.0625,19.6087,-4.3426,44.86,1.6287,14.0036,-4.3988,-8.52,9.0606,16.2248,-4.3552,16.51
135.499,8.5324,3.4882,7.7557,0,0,5.0707,1,0.1,0.1,0.1,8.0617,19.6097,-4.3421,44.85,1.631,14.0022,-4.3995,-8.53,9.0493,16.2643,-4.3549,17.94
135.599,8.5313,3.4469,7.7531,0,0,5.0643,1,0.1,0.1,0.1,8.0604,19.6112,-4.3418,44.85,1.6334,14.0011,-4.4002,-8.54,9.0361,16.3053,-4.3548,19.3
135.699,8.5296,3.4047,7.749,0,0,5.0571,1,0.1,0.1,0.1,8.0588,19.6131,-4.3416,44.85,1.6362,14.0005,-4.4008,-8.56,9.0212,16.3473,-4.3546,20.59
135.799,8.5274,3.3625,7.7438,0,0,5.0492,1,0.1,0.1,0.1,8.0569,19.6155,-4.3415,44.87,1.6395,14.0004,-4.4013,-8.58,9.0053,16.3896,-4.3541,21.81
135.899,8.5252,3.3209,7.7383,0,0,5.0409,1,0.1,0.1,0.1,8.0541,19.619,-4.3418,44.88,1.6427,14.0003,-4.4015,-8.59,8.9887,16.4323,-4.3538,22.98
135.999,8.5232,3.28,7.733,0,0,5.0324,1,0.1,0.1,0.1,8.0505,19.6232,-4.342,44.89,1.6455,14.0002,-4.4019,-8.59,8.9716,16.4752,-4.3535,24.09
136.099,8.5213,3.2397,7.7282,0,0,5.0238,1,0.1,0.1,0.1,8.0462,19.6278,-4.3419,44.91,1.6481,13.9999,-4.4024,-8.6,8.9544,16.5181,-4.3532,25.15
136.199,8.5194,3.2005,7.7238,0,0,5.0151,1,0.1,0.1,0.1,8.041,19.6334,-4.3416,44.92,1.6507,13.9995,-4.4031,-8.61,8.9372,16.561,-4.353,26.15
136.299,8.5182,3.1623,7.7198,0,0,5.0063,1,0.1,0.1,0.1,8.0353,19.64,-4.3412,44.94,1.6531,13.9988,-4.4036,-8.62,8.9199,16.604,-4.3529,27.11
136.399,8.5172,3.125,7.7161,0,0,4.9974,1,0.1,0.1,0.1,8.0291,19.6473,-4.341,44.96,1.6555,13.9978,-4.4039,-8.63,8.9025,16.6468,-4.3527,28.0
136.499,8.5162,3.0888,7.7126,0,0,4.9883,1,0.1,0.1,0.1,8.0222,19.6554,-4.3413,44.96,1.658,13.9969,-4.404,-8.64,8.885,16.6896,-4.3524,28.85
136.599,8.5146,3.0531,7.7092,0,0,4.9789,1,0.1,0.1,0.1,8.0145,19.6641,-4.3418,44.96,1.6604,13.9966,-4.4035,-8.65,8.8676,16.7326,-4.3523,29.67
136.699,8.5121,3.0182,7.7062,0,0,4.9695,1,0.1,0.1,0.1,8.0058,19.6729,-4.3424,44.96,1.6627,13.9969,-4.4024,-8.66,8.8504,16.7754,-4.3527,30.45
136.799,8.5099,2.984,7.7039,0,0,4.9605,1,0.1,0.1,0.1,7.997,19.6821,-4.3428,44.97,1.6645,13.9974,-4.4008,-8.67,8.8335,16.8178,-4.3528,31.19
136.899,8.5081,2.9505,7.7019,0,0,4.9518,1,0.1,0.1,0.1,7.9885,19.6915,-4.343,44.97,1.6662,13.9982,-4.3994,-8.68,8.8167,16.8596,-4.3527,31.88
136.999,8.5064,2.9177,7.7005,0,0,4.9435,1,0.1,0.1,0.1,7.98,19.7009,-4.3433,44.96,1.6676,13.9991,-4.3984,-8.69,8.8003,16.9009,-4.3524,32.55
137.099,8.5051,2.8854,7.6999,0,0,4.9354,1,0.1,0.1,0.1,7.9714,19.7108,-4.3436,44.96,1.6689,14.0,-4.3975,-8.69,8.7844,16.9423,-4.3524,33.18
137.199,8.5045,2.8534,7.7,0,0,4.9275,1,0.1,0.1,0.1,7.9632,19.7213,-4.344,44.96,1.6703,14.0008,-4.3969,-8.69,8.7688,16.9839,-4.3522,33.77
137.299,8.5045,2.8215,7.7005,0,0,4.9201,1,0.1,0.1,0.1,7.9555,19.7319,-4.3444,44.97,1.6715,14.0016,-4.3963,-8.69,8.7533,17.0256,-4.3519,34.33
137.399,8.505,2.789,7.7016,0,0,4.913,1,0.1,0.1,0.1,7.9483,19.7424,-4.3448,44.98,1.6725,14.0025,-4.3957,-8.69,8.7378,17.0675,-4.3517,34.86
137.499,8.5059,2.7571,7.7033,0,0,4.9061,1,0.1,0.1,0.1,7.9411,19.7532,-4.3451,44.98,1.6735,14.003,-4.3952,-8.68,8.7226,17.1092,-4.3513,35.36
137.599,8.5074,2.7259,7.7058,0,0,4.8997,1,0.1,0.1,0.1,7.9341,19.7642,-4.3458,44.99,1.6743,14.0032,-4.3946,-8.68,8.7079,17.1504,-4.3508,35.84
137.699,8.5091,2.695,7.7084,0,0,4.8934,1,0.1,0.1,0.1,7.9273,19.7752,-4.3467,45.0,1.675,14.0036,-4.3944,-8.68,8.6933,17.1913,-4.3504,36.3
137.799,8.5111,2.6639,7.7116,0,0,4.8875,1,0.1,0.1,0.1,7.9211,19.7863,-4.3475,45.0,1.6757,14.0043,-4.3941,-8.67,8.6789,17.2325,-4.3498,36.74
137.899,8.5138,2.633,7.7154,0,0,4.8821,1,0.1,0.1,0.1,7.9156,19.7976,-4.348,45.0,1.6763,14.005,-4.394,-8.68,8.6649,17.2735,-4.3493,37.15
137.999,8.5173,2.6022,7.7196,0,0,4.8771,1,0.1,0.1,0.1,7.9109,19.8091,-4.3485,44.99,1.677,14.0056,-4.3938,-8.67,8.6514,17.3144,-4.3489,37.55
138.099,8.5216,2.5716,7.7243,0,0,4.8723,1,0.1,0.1,0.1,7.9072,19.8208,-4.3488,44.99,1.6781,14.0058,-4.3937,-8.67,8.6382,17.3554,-4.3486,37.94
138.199,8.5268,2.5414,7.7297,0,0,4.8679,1,0.1,0.1,0.1,7.9038,19.8331,-4.3488,44.99,1.6794,14.0056,-4.3937,-8.67,8.6255,17.3963,-4.3485,38.3
138.299,8.5326,2.5113,7.7358,0,0,4.8639,1,0.1,0.1,0.1,7.9009,19.8458,-4.3489,44.99,1.6805,14.0054,-4.3938,-8.66,8.6131,17.4376,-4.3484,38.64
138.399,8.5393,2.4819,7.7427,0,0,4.8603,1,0.1,0.1,0.1,7.8983,19.8592,-4.3491,44.99,1.6815,14.0052,-4.3937,-8.65,8.6011,17.4789,-4.3488,38.96
138.499,8.5467,2.4532,7.7502,0,0,4.857,1,0.1,0.1,0.1,7.896,19.8731,-4.3491,44.99,1.6824,14.005,-4.3937,-8.64,8.5895,17.52,-4.3492,39.26
138.599,8.554,2.4336,7.7633,0,0,4.8568,1,0.1,0.1,0.1,7.894,19.8871,-4.3486,44.99,1.6836,14.0049,-4.394,-8.62,8.5878,17.5545,-4.3494,39.54
138.699,8.5613,2.426,7.7844,0,0,4.8607,1,0.1,0.1,0.1,7.8924,19.9011,-4.3476,44.99,1.6851,14.005,-4.3944,-8.6,8.5997,17.5805,-4.3496,39.8
138.799,8.5689,2.4252,7.8133,0,0,4.8682,1,0.1,0.1,0.1,7.8913,19.915,-4.3462,44.99,1.6867,14.0051,-4.3946,-8.57,8.6223,17.6027,-4.3499,40.06
138.899,8.577,2.432,7.8479,0,0,4.8787,1,0.1,0.1,0.1,7.8907,19.9295,-4.3452,44.98,1.6882,14.0057,-4.3945,-8.55,8.6539,17.6205,-4.3501,40.3
138.999,8.5858,2.4465,7.8876,0,0,4.8919,1,0.1,0.1,0.1,7.8902,19.9445,-4.345,44.98,1.6894,14.0061,-4.3946,-8.53,8.6932,17.6336,-4.3504,40.54
139.099,8.5947,2.4668,7.9311,0,0,4.9069,1,0.1,0.1,0.1,7.8897,19.9592,-4.3449,44.99,1.6906,14.0063,-4.3949,-8.53,8.7386,17.6431,-4.3507,40.76
139.199,8.6037,2.4886,7.9774,0,0,4.9231,1,0.1,0.1,0.1,7.89,19.9738,-4.3447,45.0,1.6921,14.0066,-4.3953,-8.54,8.7874,17.6527,-4.3509,40.96
139.299,8.6133,2.5086,8.0269,0,0,4.9406,1,0.1,0.1,0.1,7.8914,19.9879,-4.3442,45.01,1.6934,14.0071,-4.3961,-8.56,8.8383,17.6648,-4.351,41.15
139.399,8.6238,2.5271,8.0794,0,0,4.9594,1,0.1,0.1,0.1,7.894,20.0018,-4.3435,45.01,1.6943,14.0075,-4.3967,-8.57,8.8908,17.6796,-4.3509,41.34
139.499,8.6352,2.5432,8.1346,0,0,4.9793,1,0.1,0.1,0.1,7.8977,20.015,-4.3426,45.0,1.6948,14.0077,-4.397,-8.57,8.9445,17.6972,-4.3505,41.53
139.599,8.6471,2.5575,8.1918,0,0,5.0,1,0.1,0.1,0.1,7.9025,20.0277,-4.3415,45.0,1.6953,14.0077,-4.3968,-8.57,8.999,17.7171,-4.3498,41.7
139.699,8.66,2.5705,8.2507,0,0,5.0215,1,0.1,0.1,0.1,7.9087,20.0401,-4.3405,45.01,1.6958,14.0075,-4.3967,-8.57,9.0542,17.739,-4.3492,41.87
139.799,8.6739,2.5818,8.3109,0,0,5.044,1,0.1,0.1,0.1,7.9162,20.0518,-4.3397,45.02,1.6956,14.0072,-4.3968,-8.56,9.1096,17.7624,-4.3487,42.04
139.899,8.6886,2.5908,8.372,0,0,5.0671,1,0.1,0.1,0.1,7.9253,20.0625,-4.3392,45.03,1.6951,14.0066,-4.3968,-8.56,9.1646,17.7874,-4.3483,42.2
139.999,8.7043,2.5978,8.4333,0,0,5.0907,1,0.1,0.1,0.1,7.9361,20.0726,-4.3385,45.05,1.6946,14.0059,-4.3969,-8.56,9.2191,17.8138,-4.3474,42.37
140.099,8.7211,2.6041,8.4947,0,0,5.1147,1,0.1,0.1,0.1,7.9483,20.0828,-4.3375,45.07,1.6942,14.005,-4.3971,-8.56,9.2733,17.8409,-4.3464,42.52
140.199,8.739,2.6095,8.5564,0,0,5.1392,1,0.1,0.1,0.1,7.9617,20.0931,-4.3365,45.08,1.6936,14.0041,-4.3972,-8.56,9.327,17.8693,-4.3456,42.66
140.299,8.7572,2.6136,8.6181,0,0,5.1637,1,0.1,0.1,0.1,7.976,20.1034,-4.3358,45.09,1.6933,14.0033,-4.3971,-8.56,9.3804,17.8992,-4.3446,42.8
140.399,8.7754,2.6164,8.68,0,0,5.1883,1,0.1,0.1,0.1,7.9909,20.1133,-4.3353,45.09,1.6928,14.0027,-4.3969,-8.57,9.4332,17.9303,-4.3438,42.93
140.499,8.7944,2.6183,8.7418,0,0,5.2132,1,0.1,0.1,0.1,8.0064,20.1232,-4.3351,45.07,1.6921,14.0021,-4.3969,-8.57,9.4852,17.9625,-4.3433,43.05
140.599,8.8151,2.6194,8.8003,0,0,5.2375,1,0.1,0.1,0.1,8.0232,20.1334,-4.3351,45.06,1.6909,14.0012,-4.3972,-8.57,9.5335,17.9933,-4.3431,43.16
140.699,8.8371,2.6196,8.8541,0,0,5.2608,1,0.1,0.1,0.1,8.041,20.144,-4.335,45.05,1.6895,14.0,-4.3977,-8.56,9.5771,18.0221,-4.3431,43.27
140.799,8.8571,2.6187,8.8998,0,0,5.2799,1,0.1,0.1,0.1,8.0598,20.1549,-4.3349,45.04,1.6931,13.9979,-4.3982,-8.56,9.6169,18.0496,-4.3428,43.36
140.899,8.8729,2.6168,8.9368,0,0,5.2936,1,0.1,0.1,0.1,8.0792,20.1657,-4.3346,45.03,1.7041,13.9947,-4.3987,-8.57,9.6542,18.076,-4.3424,43.46
140.999,8.8846,2.6145,8.9665,0,0,5.3026,1,0.1,0.1,0.1,8.0985,20.1767,-4.3347,45.04,1.7212,13.991,-4.3993,-8.58,9.6895,18.1021,-4.3423,43.55
141.099,8.8933,2.6112,8.9905,0,0,5.308,1,0.1,0.1,0.1,8.1181,20.188,-4.335,45.05,1.743,13.9875,-4.4004,-8.59,9.723,18.1282,-4.3421,43.63
141.199,8.9003,2.6075,9.0107,0,0,5.3111,1,0.1,0.1,0.1,8.1378,20.1997,-4.3355,45.06,1.7681,13.9838,-4.4011,-8.58,9.7552,18.1545,-4.3418,43.71
141.299,8.9064,2.603,9.0283,0,0,5.3124,1,0.1,0.1,0.1,8.1576,20.2121,-4.336,45.07,1.7955,13.9797,-4.4015,-8.57,9.7862,18.1815,-4.3413,43.78
141.399,8.9116,2.598,9.0442,0,0,5.3124,1,0.1,0.1,0.1,8.1773,20.2248,-4.3369,45.07,1.8246,13.9753,-4.4016,-8.56,9.8164,18.2091,-4.3409,43.84
141.499,8.9166,2.593,9.059,0,0,5.3116,1,0.1,0.1,0.1,8.1971,20.238,-4.3381,45.08,1.8551,13.9706,-4.4016,-8.56,9.8463,18.2371,-4.3411,43.91
141.599,8.9214,2.5884,9.0725,0,0,5.31,1,0.1,0.1,0.1,8.217,20.252,-4.3389,45.09,1.8866,13.966,-4.4017,-8.56,9.8757,18.2649,-4.3411,43.97
141.699,8.926,2.5844,9.0847,0,0,5.3077,1,0.1,0.1,0.1,8.2367,20.2667,-4.3394,45.09,1.9191,13.9613,-4.4018,-8.56,9.9046,18.2926,-4.3411,44.03
141.799,8.9304,2.5811,9.0959,0,0,5.3047,1,0.1,0.1,0.1,8.2563,20.2822,-4.3401,45.1,1.9526,13.9567,-4.4018,-8.55,9.9332,18.3201,-4.3409,44.08
141.899,8.935,2.5784,9.1065,0,0,5.3015,1,0.1,0.1,0.1,8.2759,20.2985,-4.3408,45.12,1.9866,13.9523,-4.4015,-8.53,9.9619,18.3477,-4.3406,44.14
141.999,8.9402,2.5764,9.1171,0,0,5.2982,1,0.1,0.1,0.1,8.2955,20.3155,-4.3413,45.14,2.0206,13.9477,-4.4006,-8.52,9.9903,18.3751,-4.3405,44.19
142.099,8.9459,2.575,9.1281,0,0,5.2952,1,0.1,0.1,0.1,8.3147,20.3331,-4.3417,45.15,2.0544,13.9429,-4.3994,-8.51,10.0187,18.4026,-4.3406,44.23
142.199,8.9517,2.5739,9.1396,0,0,5.2923,1,0.1,0.1,0.1,8.3337,20.3509,-4.3419,45.15,2.0881,13.9381,-4.3984,-8.51,10.0473,18.4304,-4.3409,44.28
142.299,8.9579,2.5786,9.1462,0,0,5.2886,1,0.1,0.1,0.1,8.3527,20.3689,-4.3419,45.15,2.1218,13.9334,-4.3972,-8.49,10.0749,18.4498,-4.3412,44.31
142.399,8.9645,2.5849,9.151,0,0,5.2847,1,0.1,0.1,0.1,8.372,20.3871,-4.3422,45.15,2.1555,13.9285,-4.3957,-8.47,10.1019,18.4664,-4.3413,44.34
142.499,8.9711,2.5956,9.1522,0,0,5.2802,1,0.1,0.1,0.1,8.3914,20.4052,-4.3428,45.15,2.1892,13.9237,-4.3945,-8.46,10.1284,18.4765,-4.3411,44.36
142.599,8.9778,2.6061,9.1533,0,0,5.276,1,0.1,0.1,0.1,8.4112,20.423,-4.3433,45.14,2.2228,13.9191,-4.3934,-8.46,10.1551,18.4862,-4.3411,44.39
142.699,8.9844,2.6191,9.1516,0,0,5.2714,1,0.1,0.1,0.1,8.4316,20.4405,-4.3437,45.13,2.2565,13.9147,-4.3929,-8.47,10.1812,18.4915,-4.3412,44.41
142.799,8.9914,2.6374,9.1452,0,0,5.2661,1,0.1,0.1,0.1,8.452,20.4576,-4.3439,45.13,2.2899,13.91,-4.3929,-8.48,10.2064,18.4883,-4.3411,44.43
142.899,8.9985,2.6607,9.1347,0,0,5.2601,1,0.1,0.1,0.1,8.4725,20.4745,-4.3439,45.14,2.3233,13.9051,-4.3933,-8.49,10.231,18.4777,-4.3408,44.45
142.999,9.0057,2.6884,9.1213,0,0,5.2538,1,0.1,0.1,0.1,8.4927,20.4917,-4.3441,45.13,2.3564,13.9003,-4.3941,-8.5,10.2552,18.4616,-4.3403,44.45
143.099,9.0132,2.7191,9.1062,0,0,5.2472,1,0.1,0.1,0.1,8.5126,20.5089,-4.3445,45.12,2.3892,13.8953,-4.3946,-8.5,10.2791,18.4418,-4.3399,44.47
143.199,9.0207,2.7515,9.0894,0,0,5.2404,1,0.1,0.1,0.1,8.5327,20.5257,-4.3452,45.1,2.4219,13.8903,-4.3946,-8.5,10.3026,18.419,-4.3394,44.49
143.299,9.028,2.7855,9.0711,0,0,5.2333,1,0.1,0.1,0.1,8.5526,20.5424,-4.3463,45.09,2.4543,13.8856,-4.3944,-8.5,10.3256,18.394,-4.339,44.52
143.399,9.0354,2.821,9.0525,0,0,5.2264,1,0.1,0.1,0.1,8.5725,20.5589,-4.3476,45.08,2.4864,13.8809,-4.3942,-8.49,10.3487,18.3674,-4.339,44.54
143.499,9.0426,2.857,9.0337,0,0,5.2195,1,0.1,0.1,0.1,8.5925,20.5749,-4.3487,45.07,2.5184,13.8762,-4.3939,-8.48,10.3721,18.3399,-4.3391,44.55
143.599,9.0496,2.8938,9.0149,0,0,5.2127,1,0.1,0.1,0.1,8.6125,20.5906,-4.3495,45.06,2.5506,13.8715,-4.3939,-8.47,10.3959,18.3117,-4.3391,44.56
143.699,9.0566,2.931,8.9963,0,0,5.2061,1,0.1,0.1,0.1,8.6328,20.6058,-4.3499,45.06,2.5825,13.8668,-4.3937,-8.48,10.4202,18.2829,-4.3391,44.58
143.799,9.0636,2.9681,8.9779,0,0,5.1997,1,0.1,0.1,0.1,8.6535,20.6205,-4.3498,45.05,2.6141,13.8623,-4.3934,-8.5,10.4446,18.2537,-4.3392,44.61
143.899,9.0698,3.0047,8.9594,0,0,5.1933,1,0.1,0.1,0.1,8.6737,20.6344,-4.3495,45.04,2.6455,13.8579,-4.3937,-8.5,10.4686,18.2247,-4.339,44.64
143.999,9.0749,3.0401,8.9407,0,0,5.1864,1,0.1,0.1,0.1,8.6935,20.6471,-4.3491,45.03,2.6768,13.8536,-4.3944,-8.5,10.4919,18.1961,-4.3389,44.67
144.099,9.0787,3.073,8.9217,0,0,5.1792,1,0.1,0.1,0.1,8.7129,20.6582,-4.3487,45.02,2.7078,13.8495,-4.3953,-8.49,10.5141,18.1685,-4.3386,44.7
144.199,9.0816,3.103,8.902,0,0,5.1715,1,0.1,0.1,0.1,8.7322,20.6681,-4.3485,45.01,2.7388,13.8452,-4.3962,-8.48,10.5347,18.1424,-4.3384,44.72
144.299,9.0842,3.1302,8.8817,0,0,5.1631,1,0.1,0.1,0.1,8.7515,20.6774,-4.3484,45.01,2.77,13.8406,-4.397,-8.48,10.5536,18.118,-4.3381,44.73
144.399,9.0863,3.1546,8.8612,0,0,5.1546,1,0.1,0.1,0.1,8.7708,20.6861,-4.3483,44.99,2.8011,13.8362,-4.3981,-8.48,10.5712,18.0957,-4.338,44.76
144.499,9.0879,3.1755,8.8405,0,0,5.1458,1,0.1,0.1,0.1,8.7903,20.6936,-4.3484,44.99,2.8319,13.8317,-4.3995,-8.49,10.5871,18.0753,-4.338,44.77
144.599,9.0893,3.1932,8.8196,0,0,5.1368,1,0.1,0.1,0.1,8.8101,20.7002,-4.3488,44.98,2.8623,13.8273,-4.4009,-8.5,10.6014,18.0567,-4.3381,44.79
144.699,9.0901,3.2081,8.798,0,0,5.1274,1,0.1,0.1,0.1,8.83,20.7061,-4.3491,44.99,2.8928,13.823,-4.402,-8.51,10.6141,18.0399,-4.3381,44.81
144.799,9.0905,3.2197,8.7752,0,0,5.1175,1,0.1,0.1,0.1,8.8503,20.7113,-4.349,45.0,2.9234,13.8189,-4.4026,-8.5,10.6248,18.0248,-4.3384,44.81
144.899,9.0908,3.229,8.752,0,0,5.1071,1,0.1,0.1,0.1,8.8706,20.7164,-4.3487,44.99,2.954,13.8147,-4.4027,-8.49,10.6339,18.0114,-4.339,44.81
144.999,9.0881,3.2368,8.728,0,0,5.0976,1,0.1,0.1,0.1,8.8907,20.7217,-4.3482,44.99,2.9815,13.8171,-4.4024,-8.49,10.6419,17.9995,-4.3396,44.81
145.099,9.0817,3.2433,8.7031,0,0,5.0893,1,0.1,0.1,0.1,8.9106,20.7271,-4.3479,44.97,3.0044,13.8284,-4.4022,-8.49,10.6485,17.9887,-4.3401,44.81
145.199,9.0729,3.2487,8.678,0,0,5.0823,1,0.1,0.1,0.1,8.9303,20.7331,-4.3476,44.96,3.0234,13.8467,-4.402,-8.49,10.654,17.9793,-4.3404,44.8
145.299,9.0617,3.2535,8.6526,0,0,5.076,1,0.1,0.1,0.1,8.9493,20.7391,-4.3471,44.95,3.0393,13.8701,-4.4017,-8.49,10.6583,17.9706,-4.3403,44.8
145.399,9.0478,3.2584,8.6274,0,0,5.0702,1,0.1,0.1,0.1,8.9666,20.7449,-4.3467,44.96,3.0528,13.8976,-4.4011,-8.5,10.6623,17.9625,-4.3401,44.8
145.499,9.0318,3.2635,8.6026,0,0,5.0648,1,0.1,0.1,0.1,8.9824,20.7507,-4.3467,44.95,3.0644,13.9281,-4.4002,-8.5,10.6661,17.9551,-4.3399,44.79
145.599,9.0143,3.2684,8.578,0,0,5.0594,1,0.1,0.1,0.1,8.9969,20.7566,-4.3468,44.93,3.0749,13.9606,-4.3995,-8.51,10.6694,17.9485,-4.3397,44.79
145.699,8.9955,3.2731,8.5533,0,0,5.0539,1,0.1,0.1,0.1,9.0104,20.7626,-4.3469,44.93,3.0845,13.995,-4.3986,-8.5,10.6721,17.9427,-4.3395,44.79
145.799,8.9763,3.2771,8.5289,0,0,5.0487,1,0.1,0.1,0.1,9.0235,20.769,-4.3468,44.92,3.0934,14.0307,-4.3981,-8.49,10.6744,17.9381,-4.3392,44.8
145.899,8.9567,3.2811,8.5048,0,0,5.0437,1,0.1,0.1,0.1,9.0361,20.7757,-4.3465,44.92,3.1017,14.0673,-4.3981,-8.48,10.6764,17.934,-4.3389,44.8
145.999,8.9367,3.2841,8.4805,0,0,5.0386,1,0.1,0.1,0.1,9.0483,20.7822,-4.3461,44.91,3.1094,14.1045,-4.398,-8.47,10.6775,17.9307,-4.3388,44.8
146.099,8.9164,3.2866,8.4562,0,0,5.0334,1,0.1,0.1,0.1,9.0599,20.7885,-4.3456,44.9,3.1171,14.1415,-4.3978,-8.46,10.678,17.9278,-4.3389,44.79
146.199,8.8958,3.2888,8.4318,0,0,5.0282,1,0.1,0.1,0.1,9.0713,20.7945,-4.3454,44.91,3.1245,14.1788,-4.3974,-8.45,10.6782,17.925,-4.339,44.78
146.299,8.8744,3.2908,8.4073,0,0,5.0229,1,0.1,0.1,0.1,9.0824,20.8003,-4.3451,44.92,3.132,14.2166,-4.3966,-8.45,10.6783,17.9224,-4.3391,44.77
146.399,8.8525,3.2924,8.383,0,0,5.0176,1,0.1,0.1,0.1,9.0929,20.8058,-4.3448,44.94,3.1392,14.2547,-4.3961,-8.44,10.6781,17.9202,-4.3391,44.76
146.499,8.8306,3.2938,8.3591,0,0,5.0125,1,0.1,0.1,0.1,9.1033,20.8109,-4.3445,44.95,3.1463,14.2925,-4.396,-8.45,10.678,17.9179,-4.3394,44.77
146.599,8.8089,3.2952,8.3354,0,0,5.0075,1,0.1,0.1,0.1,9.1137,20.8162,-4.3442,44.97,3.1533,14.3302,-4.396,-8.47,10.6778,17.9158,-4.3401,44.78
146.699,8.7877,3.2968,8.3119,0,0,5.0028,1,0.1,0.1,0.1,9.1244,20.8216,-4.3441,44.98,3.1604,14.3678,-4.3956,-8.49,10.6778,17.9137,-4.3407,44.8
146.799,8.7669,3.2983,8.2888,0,0,4.9982,1,0.1,0.1,0.1,9.1352,20.8271,-4.3438,45.0,3.1674,14.4052,-4.3948,-8.51,10.6778,17.9118,-4.3409,44.81
146.899,8.7458,3.3004,8.2655,0,0,4.9936,1,0.1,0.1,0.1,9.1459,20.8326,-4.3432,45.01,3.1748,14.4426,-4.3939,-8.54,10.6779,17.9094,-4.3411,44.81
146.999,8.7242,3.3031,8.2422,0,0,4.9888,1,0.1,0.1,0.1,9.1565,20.8379,-4.3426,45.01,3.1827,14.4801,-4.3933,-8.55,10.6787,17.9066,-4.3412,44.79
147.099,8.7024,3.3059,8.2197,0,0,4.9844,1,0.1,0.1,0.1,9.1671,20.8429,-4.3419,45.01,3.1908,14.5174,-4.3929,-8.56,10.6804,17.9037,-4.3416,44.78
147.199,8.6809,3.309,8.1981,0,0,4.9803,1,0.1,0.1,0.1,9.178,20.848,-4.3412,45.02,3.1991,14.5546,-4.3927,-8.56,10.6829,17.9009,-4.342,44.79
147.299,8.6591,3.312,8.1768,0,0,4.9762,1,0.1,0.1,0.1,9.1888,20.8527,-4.3407,45.01,3.2078,14.5914,-4.3925,-8.55,10.6858,17.8983,-4.3426,44.8
147.399,8.6369,3.3151,8.1561,0,0,4.972,1,0.1,0.1,0.1,9.1988,20.8575,-4.3406,45.0,3.2165,14.628,-4.3922,-8.54,10.689,17.8962,-4.3433,44.81
147.499,8.6139,3.3186,8.1358,0,0,4.9675,1,0.1,0.1,0.1,9.2073,20.862,-4.3403,44.99,3.2252,14.6644,-4.3918,-8.53,10.6923,17.8941,-4.3437,44.81
147.599,8.5898,3.3222,8.1155,0,0,4.9627,1,0.1,0.1,0.1,9.2148,20.866,-4.3398,44.99,3.2339,14.7008,-4.3915,-8.52,10.6955,17.8921,-4.3439,44.8
147.699,8.5651,3.3189,8.0932,0,0,4.9565,1,0.1,0.1,0.1,9.2217,20.8695,-4.3393,44.98,3.2426,14.737,-4.3919,-8.51,10.6941,17.8951,-4.3436,44.81
147.799,8.5398,3.3135,8.0703,0,0,4.9497,1,0.1,0.1,0.1,9.2279,20.8728,-4.339,44.97,3.2512,14.7732,-4.3928,-8.51,10.691,17.8999,-4.343,44.83
147.899,8.5142,3.3092,8.0481,0,0,4.9432,1,0.1,0.1,0.1,9.2337,20.876,-4.3387,44.96,3.26,14.8094,-4.3937,-8.49,10.6891,17.904,-4.3423,44.85
147.999,8.4883,3.3059,8.0267,0,0,4.9369,1,0.1,0.1,0.1,9.2392,20.879,-4.3386,44.95,3.2688,14.8455,-4.3946,-8.48,10.6883,17.9076,-4.3415,44.85
148.099,8.4625,3.2983,8.0035,0,0,4.9293,1,0.1,0.1,0.1,9.2441,20.8826,-4.3386,44.95,3.2778,14.8813,-4.3955,-8.48,10.6838,17.9151,-4.3408,44.86
148.199,8.437,3.2839,7.977,0,0,4.9197,1,0.1,0.1,0.1,9.2484,20.8868,-4.3387,44.96,3.287,14.9167,-4.3964,-8.49,10.6735,17.9283,-4.3405,44.86
148.299,8.4111,3.2637,7.9475,0,0,4.9085,1,0.1,0.1,0.1,9.2523,20.8911,-4.3389,44.96,3.2963,14.9523,-4.3973,-8.5,10.6582,17.9458,-4.3403,44.87
148.399,8.3849,3.2391,7.9152,0,0,4.8959,1,0.1,0.1,0.1,9.2562,20.8954,-4.3391,44.97,3.3058,14.9881,-4.3981,-8.5,10.6391,17.9664,-4.3405,44.87
148.499,8.3591,3.2115,7.8813,0,0,4.8824,1,0.1,0.1,0.1,9.2599,20.9003,-4.3399,44.97,3.3153,15.0237,-4.3985,-8.49,10.6171,17.9897,-4.3409,44.88
148.599,8.3333,3.1819,7.8461,0,0,4.868,1,0.1,0.1,0.1,9.2633,20.9055,-4.3409,44.98,3.3253,15.0592,-4.3985,-8.49,10.5931,18.0149,-4.3413,44.89
148.699,8.3076,3.1511,7.8097,0,0,4.8531,1,0.1,0.1,0.1,9.2666,20.9112,-4.3419,44.99,3.3353,15.0946,-4.3988,-8.49,10.5676,18.0412,-4.3415,44.89
148.799,8.2822,3.1194,7.7728,0,0,4.8377,1,0.1,0.1,0.1,9.2696,20.9173,-4.3426,44.99,3.3453,15.1299,-4.3994,-8.5,10.5409,18.0687,-4.3412,44.89
148.899,8.2568,3.0871,7.7353,0,0,4.822,1,0.1,0.1,0.1,9.2724,20.9235,-4.3433,44.98,3.3555,15.1648,-4.3997,-8.5,10.5134,18.0968,-4.3408,44.89
148.999,8.2316,3.0547,7.6977,0,0,4.8062,1,0.1,0.1,0.1,9.2751,20.9298,-4.3441,44.98,3.3655,15.1999,-4.4,-8.51,10.4855,18.1251,-4.3404,44.88
149.099,8.207,3.0233,7.6604,0,0,4.7907,1,0.1,0.1,0.1,9.2775,20.937,-4.3444,44.99,3.375,15.2351,-4.3998,-8.5,10.4574,18.1534,-4.3407,44.88
149.199,8.1832,2.9927,7.6233,0,0,4.7752,1,0.1,0.1,0.1,9.2799,20.9452,-4.3444,44.99,3.3844,15.2702,-4.3996,-8.5,10.4294,18.1821,-4.3413,44.87
149.299,8.1599,2.9628,7.5865,0,0,4.7599,1,0.1,0.1,0.1,9.2822,20.9541,-4.3443,44.99,3.3938,15.3054,-4.3997,-8.5,10.4016,18.2109,-4.3418,44.85
149.399,8.1365,2.9341,7.55,0,0,4.7444,1,0.1,0.1,0.1,9.2835,20.964,-4.3443,44.98,3.4032,15.3407,-4.4001,-8.51,10.3741,18.2401,-4.3423,44.83
149.499,8.1133,2.9061,7.5142,0,0,4.729,1,0.1,0.1,0.1,9.2843,20.9745,-4.3446,44.95,3.4123,15.3761,-4.4002,-8.52,10.3469,18.2695,-4.3431,44.83
149.599,8.0903,2.8791,7.4792,0,0,4.7137,1,0.1,0.1,0.1,9.2844,20.9855,-4.3453,44.94,3.4212,15.4112,-4.4002,-8.53,10.3201,18.2992,-4.3444,44.84
149.699,8.0666,2.8526,7.445,0,0,4.6982,1,0.1,0.1,0.1,9.2831,20.9965,-4.3458,44.93,3.43,15.4461,-4.3998,-8.53,10.2939,18.3291,-4.3456,44.84
149.799,8.0415,2.8265,7.4103,0,0,4.6821,1,0.1,0.1,0.1,9.2808,21.0074,-4.3463,44.92,3.4394,15.481,-4.3994,-8.55,10.2678,18.3589,-4.3463,44.84
149.899,8.0153,2.8006,7.3745,0,0,4.665,1,0.1,0.1,0.1,9.2779,21.0181,-4.347,44.92,3.4498,15.5158,-4.3995,-8.56,10.2415,18.3886,-4.3469,44.84
149.999,7.9882,2.7749,7.3383,0,0,4.6473,1,0.1,0.1,0.1,9.2745,21.0289,-4.3476,44.92,3.461,15.5505,-4.3995,-8.57,10.2154,18.4184,-4.347,44.84
150.098,7.9608,2.7496,7.3014,0,0,4.629,1,0.1,0.1,0.1,9.2709,21.04,-4.3482,44.92,3.4731,15.5849,-4.3995,-8.57,10.1894,18.4483,-4.3466,44.83
150.198,7.9329,2.7248,7.2637,0,0,4.6101,1,0.1,0.1,0.1,9.2674,21.0512,-4.3493,44.91,3.4864,15.6191,-4.3997,-8.57,10.1635,18.478,-4.3461,44.82
150.298,7.9041,2.7007,7.2251,0,0,4.5904,1,0.1,0.1,0.1,9.2637,21.0627,-4.3504,44.89,3.5007,15.6533,-4.3993,-8.57,10.138,18.5074,-4.3453,44.83
150.398,7.875,2.6776,7.1854,0,0,4.5701,1,0.1,0.1,0.1,9.26,21.0747,-4.3512,44.89,3.5162,15.6874,-4.3988,-8.57,10.1124,18.5364,-4.3447,44.85
150.498,7.8459,2.655,7.1451,0,0,4.5492,1,0.1,0.1,0.1,9.2565,21.0871,-4.352,44.89,3.5327,15.7211,-4.3986,-8.56,10.087,18.5654,-4.3443,44.86
150.598,7.8157,2.6326,7.1037,0,0,4.5273,1,0.1,0.1,0.1,9.2529,21.0995,-4.3525,44.88,3.5509,15.7545,-4.3985,-8.55,10.062,18.5943,-4.3439,44.88
150.698,7.7847,2.6107,7.0615,0,0,4.5045,1,0.1,0.1,0.1,9.2492,21.1122,-4.3529,44.86,3.5704,15.7876,-4.3984,-8.54,10.0373,18.6233,-4.3437,44.89
150.798,7.753,2.5894,7.0187,0,0,4.481,1,0.1,0.1,0.1,9.245,21.1255,-4.3531,44.85,3.5912,15.8206,-4.3982,-8.53,10.013,18.6527,-4.3434,44.91
150.898,7.7211,2.5688,6.975,0,0,4.4565,1,0.1,0.1,0.1,9.2406,21.1394,-4.3531,44.84,3.6133,15.853,-4.3976,-8.54,9.9885,18.682,-4.3434,44.92
150.998,7.6891,2.5486,6.9303,0,0,4.4312,1,0.1,0.1,0.1,9.2361,21.1536,-4.3529,44.85,3.6365,15.8844,-4.3969,-8.54,9.9639,18.7111,-4.3436,44.93
151.098,7.6574,2.5287,6.8855,0,0,4.4052,1,0.1,0.1,0.1,9.2318,21.1677,-4.3525,44.85,3.6608,15.9144,-4.3963,-8.53,9.9394,18.7401,-4.3439,44.95
151.198,7.6261,2.5088,6.8405,0,0,4.3788,1,0.1,0.1,0.1,9.2275,21.1816,-4.3522,44.85,3.686,15.9426,-4.3955,-8.52,9.9151,18.7689,-4.3439,44.95
151.298,7.5943,2.4879,6.7956,0,0,4.3516,1,0.1,0.1,0.1,9.2228,21.1942,-4.3519,44.85,3.7122,15.9688,-4.3951,-8.52,9.8908,18.7977,-4.3442,44.96
151.398,7.562,2.4651,6.7518,0,0,4.3241,1,0.1,0.1,0.1,9.2181,21.2049,-4.3518,44.86,3.7391,15.993,-4.3947,-8.53,9.8672,18.8268,-4.3443,44.97
151.498,7.5296,2.4406,6.7088,0,0,4.2963,1,0.1,0.1,0.1,9.2135,21.214,-4.3518,44.89,3.767,16.0151,-4.3939,-8.54,9.8442,18.8563,-4.3441,44.98
151.598,7.497,2.4152,6.6665,0,0,4.2681,1,0.1,0.1,0.1,9.2087,21.2219,-4.3518,44.92,3.7958,16.035,-4.3932,-8.55,9.8218,18.8858,-4.3437,45.0
151.698,7.4644,2.398,6.6176,0,0,4.2382,1,0.1,0.1,0.1,9.2039,21.2285,-4.3522,44.94,3.8255,16.0528,-4.3923,-8.57,9.7967,18.9049,-4.3432,45.02
151.798,7.4318,2.3918,6.5708,0,0,4.2103,1,0.1,0.1,0.1,9.1997,21.2339,-4.3528,44.95,3.8564,16.0686,-4.3912,-8.58,9.7792,18.9134,-4.3427,45.04
151.898,7.3991,2.391,6.5328,0,0,4.1855,1,0.1,0.1,0.1,9.1953,21.2383,-4.3534,44.97,3.8884,16.0826,-4.3905,-8.58,9.7735,18.9182,-4.3421,45.06
151.998,7.3672,2.399,6.5019,0,0,4.1633,1,0.1,0.1,0.1,9.1902,21.2449,-4.354,44.98,3.9212,16.0959,-4.3903,-8.57,9.778,18.919,-4.3415,45.06
152.098,7.3352,2.4139,6.4756,0,0,4.1431,1,0.1,0.1,0.1,9.1846,21.252,-4.3544,44.99,3.9548,16.1089,-4.3906,-8.57,9.7904,18.9154,-4.3409,45.07
152.198,7.303,2.4329,6.4534,0,0,4.1249,1,0.1,0.1,0.1,9.1794,21.2582,-4.3543,45.0,3.9886,16.1214,-4.3913,-8.55,9.809,18.9082,-4.34,45.06
152.298,7.2714,2.4544,6.4353,0,0,4.1089,1,0.1,0.1,0.1,9.1751,21.2633,-4.3538,45.0,4.0222,16.1331,-4.3919,-8.53,9.8327,18.8987,-4.3389,45.06
152.398,7.2408,2.478,6.4095,0,0,4.091,1,0.1,0.1,0.1,9.1714,21.2675,-4.3534,45.0,4.0554,16.1436,-4.3926,-8.52,9.8493,18.8841,-4.3376,45.06
152.498,7.2109,2.4991,6.3832,0,0,4.0727,1,0.1,0.1,0.1,9.1682,21.2709,-4.3534,45.0,4.0887,16.1529,-4.3933,-8.51,9.8641,18.8707,-4.3363,45.07
152.598,7.1816,2.517,6.3495,0,0,4.0516,1,0.1,0.1,0.1,9.1655,21.2732,-4.3534,45.0,4.122,16.1609,-4.3938,-8.52,9.8704,18.857,-4.3355,45.07
152.698,7.1529,2.5317,6.3165,0,0,4.0303,1,0.1,0.1,0.1,9.1634,21.275,-4.3533,44.99,4.1557,16.1677,-4.3941,-8.52,9.876,18.8457,-4.3349,45.07
152.798,7.1264,2.5437,6.2781,0,0,4.0076,1,0.1,0.1,0.1,9.1634,21.2764,-4.3529,44.98,4.1893,16.1733,-4.394,-8.52,9.8752,18.8344,-4.334,45.07
152.898,7.1023,2.5582,6.2396,0,0,3.986,1,0.1,0.1,0.1,9.1655,21.2779,-4.3523,44.96,4.2227,16.1779,-4.3944,-8.52,9.8749,18.8201,-4.3333,45.07
152.998,7.0808,2.5771,6.2072,0,0,3.9677,1,0.1,0.1,0.1,9.1697,21.2795,-4.3522,44.94,4.2558,16.1815,-4.3944,-8.53,9.8819,18.8029,-4.3329,45.06
153.098,7.0604,2.5945,6.1827,0,0,3.9518,1,0.1,0.1,0.1,9.174,21.281,-4.3519,44.92,4.2885,16.184,-4.3943,-8.54,9.8954,18.7889,-4.3326,45.05
153.198,7.0413,2.6076,6.1661,0,0,3.9382,1,0.1,0.1,0.1,9.179,21.2825,-4.3515,44.9,4.3209,16.1858,-4.3945,-8.53,9.914,18.7807,-4.3325,45.06
153.298,7.0223,2.6173,6.1558,0,0,3.9261,1,0.1,0.1,0.1,9.1838,21.2836,-4.3507,44.89,4.353,16.1872,-4.3949,-8.52,9.937,18.7771,-4.3325,45.08
153.398,7.0029,2.6298,6.1478,0,0,3.9148,1,0.1,0.1,0.1,9.1877,21.2844,-4.3496,44.87,4.3851,16.1881,-4.3954,-8.51,9.9633,18.7716,-4.3326,45.1
153.498,6.983,2.6475,6.14,0,0,3.904,1,0.1,0.1,0.1,9.1909,21.2849,-4.3486,44.87,4.4171,16.1888,-4.3958,-8.51,9.9917,18.7615,-4.3328,45.12
153.598,6.9631,2.6695,6.1325,0,0,3.8938,1,0.1,0.1,0.1,9.1935,21.2851,-4.3475,44.87,4.4488,16.189,-4.3964,-8.51,10.0218,18.7474,-4.333,45.13
153.698,6.9436,2.6952,6.1256,0,0,3.8841,1,0.1,0.1,0.1,9.1954,21.2851,-4.3468,44.88,4.4801,16.1882,-4.3975,-8.51,10.0531,18.7301,-4.3332,45.15
153.798,6.9246,2.7239,6.1193,0,1,5.9354,1,0.1,0.1,0.1,9.1966,21.2849,-4.3461,44.89,4.5114,16.1862,-4.3987,-8.51,10.0856,18.7102,-4.3333,45.16
153.898,6.9056,2.7541,6.1137,0,1,5.9251,1,0.1,0.1,0.1,9.1975,21.284,-4.3453,44.9,4.5425,16.1835,-4.3999,-8.52,10.119,18.6887,-4.3331,45.17
153.998,6.8863,2.7845,6.1084,0,1,5.9148,1,0.1,0.1,0.1,9.1986,21.2823,-4.3448,44.91,4.5738,16.1804,-4.4008,-8.52,10.1529,18.6665,-4.3331,45.17
154.098,6.8668,2.8155,6.1028,0,1,5.9045,1,0.1,0.1,0.1,9.1996,21.2803,-4.3444,44.92,4.6049,16.1775,-4.4016,-8.52,10.1868,18.6436,-4.3334,45.17
154.198,6.8477,2.8473,6.0972,0,1,5.8945,1,0.1,0.1,0.1,9.2012,21.2782,-4.3438,44.92,4.6358,16.1748,-4.4021,-8.52,10.2209,18.6197,-4.334,45.16
154.298,6.8288,2.8799,6.0914,0,1,5.8845,1,0.1,0.1,0.1,9.2031,21.2759,-4.3427,44.92,4.6667,16.172,-4.4025,-8.51,10.255,18.595,-4.3348,45.14
154.398,6.8096,2.9129,6.0848,0,1,5.8741,1,0.1,0.1,0.1,9.2048,21.2734,-4.3412,44.92,4.6976,16.1694,-4.4032,-8.51,10.2886,18.5697,-4.3358,45.12
154.498,6.7904,2.9443,6.078,0,1,5.864,1,0.1,0.1,0.1,9.2075,21.2699,-4.3403,44.92,4.7283,16.1667,-4.4037,-8.52,10.3216,18.5445,-4.3368,45.09
154.598,6.7717,2.9736,6.0715,0,1,5.8546,1,0.1,0.1,0.1,9.2121,21.2648,-4.3397,44.93,4.7588,16.1639,-4.4038,-8.51,10.3544,18.5194,-4.3374,45.06
154.698,6.7529,3.0012,6.0651,0,1,5.8454,1,0.1,0.1,0.1,9.218,21.2584,-4.3393,44.95,4.7894,16.1608,-4.4035,-8.51,10.3873,18.4943,-4.3378,45.03
154.798,6.7341,3.0275,6.0585,0,1,5.8364,1,0.1,0.1,0.1,9.2252,21.2508,-4.339,44.96,4.8203,16.1576,-4.4026,-8.52,10.4202,18.469,-4.3381,45.0
154.898,6.715,3.0439,6.0473,0,1,5.8255,1,0.1,0.1,0.1,9.2334,21.2425,-4.3387,44.97,4.8515,16.1545,-4.4014,-8.53,10.4456,18.4504,-4.3385,44.97
154.998,6.696,3.0466,6.0305,0,1,5.8122,1,0.1,0.1,0.1,9.2423,21.2333,-4.3382,44.97,4.8829,16.1512,-4.4002,-8.53,10.4613,18.4412,-4.3395,44.96
155.098,6.6771,3.0378,6.0085,0,1,5.7967,1,0.1,0.1,0.1,9.2514,21.2237,-4.3379,44.97,4.9142,16.1474,-4.3996,-8.54,10.4679,18.44,-4.3407,44.96
155.198,6.659,3.0205,5.9824,0,1,5.7794,1,0.1,0.1,0.1,9.2606,21.214,-4.3381,44.97,4.9453,16.1429,-4.3991,-8.54,10.4668,18.4448,-4.3416,44.96
155.298,6.6413,2.9964,5.9528,0,1,5.7607,1,0.1,0.1,0.1,9.2699,21.2045,-4.3387,44.97,4.9764,16.138,-4.3985,-8.55,10.4597,18.4544,-4.3426,44.97
155.398,6.6243,2.9784,5.9255,0,1,5.7429,1,0.1,0.1,0.1,9.279,21.1957,-4.3392,44.97,5.0075,16.1329,-4.3982,-8.55,10.4566,18.46,-4.3436,44.98
155.498,6.6073,2.9716,5.9027,0,1,5.7272,1,0.1,0.1,0.1,9.2876,21.1875,-4.3395,44.96,5.0386,16.128,-4.3976,-8.56,10.4619,18.4578,-4.3446,44.98
155.598,6.5901,2.974,5.8833,0,1,5.7128,1,0.1,0.1,0.1,9.296,21.1798,-4.3398,44.96,5.07,16.1234,-4.3967,-8.56,10.4739,18.449,-4.3454,45.0
155.698,6.5723,2.9843,5.8662,0,1,5.6994,1,0.1,0.1,0.1,9.3035,21.1726,-4.3401,44.96,5.1015,16.1193,-4.396,-8.57,10.4911,18.4349,-4.346,45.01
155.798,6.5545,3.0003,5.8511,0,1,5.6867,1,0.1,0.1,0.1,9.3102,21.166,-4.3405,44.95,5.133,16.1153,-4.3954,-8.58,10.5121,18.417,-4.3462,45.04
155.898,6.5367,3.0208,5.838,0,1,5.6749,1,0.1,0.1,0.1,9.3164,21.1596,-4.3412,44.95,5.164,16.1115,-4.395,-8.59,10.5362,18.3961,-4.3459,45.06
155.998,6.5189,3.0447,5.8262,0,1,5.6637,1,0.1,0.1,0.1,9.3223,21.1534,-4.3422,44.95,5.1949,16.1077,-4.3945,-8.59,10.5626,18.3727,-4.3456,45.07
156.098,6.5015,3.0714,5.8156,0,1,5.6529,1,0.1,0.1,0.1,9.3278,21.1475,-4.3429,44.95,5.2256,16.1037,-4.3939,-8.59,10.5906,18.3477,-4.3455,45.07
156.198,6.4851,3.0998,5.8057,0,1,5.6426,1,0.1,0.1,0.1,9.3332,21.1423,-4.3433,44.94,5.256,16.0994,-4.3932,-8.58,10.6193,18.3219,-4.3458,45.07
156.298,6.4694,3.1286,5.7962,0,1,5.6325,1,0.1,0.1,0.1,9.3385,21.1378,-4.3435,44.93,5.2861,16.0951,-4.3927,-8.57,10.6478,18.2964,-4.3462,45.06
156.398,6.4539,3.1564,5.7863,0,1,5.6221,1,0.1,0.1,0.1,9.3433,21.1338,-4.3434,44.93,5.3159,16.0909,-4.3922,-8.56,10.6752,18.2721,-4.3463,45.06
156.498,6.4387,3.1835,5.7761,0,1,5.6115,1,0.1,0.1,0.1,9.3476,21.1301,-4.3431,44.93,5.3454,16.0866,-4.392,-8.56,10.7014,18.2488,-4.3464,45.06
156.598,6.4233,3.2089,5.7651,0,1,5.6004,1,0.1,0.1,0.1,9.3518,21.1264,-4.3429,44.93,5.375,16.0824,-4.3917,-8.55,10.7263,18.2268,-4.3463,45.05
156.698,6.4078,3.2324,5.7531,0,1,5.5888,1,0.1,0.1,0.1,9.3558,21.123,-4.3429,44.93,5.4048,16.0784,-4.3915,-8.56,10.7496,18.2065,-4.3457,45.05
156.798,6.3923,3.2538,5.7397,0,1,5.5765,1,0.1,0.1,0.1,9.3598,21.1198,-4.3428,44.93,5.435,16.0745,-4.3915,-8.56,10.7712,18.1881,-4.3453,45.04
156.898,6.3771,3.273,5.7258,0,1,5.5639,1,0.1,0.1,0.1,9.3638,21.117,-4.3428,44.94,5.465,16.0707,-4.3918,-8.56,10.7912,18.1718,-4.3449,45.03
156.998,6.3616,3.2894,5.7108,0,1,5.5508,1,0.1,0.1,0.1,9.3676,21.1142,-4.3429,44.97,5.4949,16.0673,-4.3918,-8.56,10.8092,18.1575,-4.3445,45.04
157.098,6.3461,3.3031,5.6946,0,1,5.5372,1,0.1,0.1,0.1,9.3714,21.1111,-4.3431,44.99,5.5249,16.0639,-4.3921,-8.56,10.8253,18.1452,-4.3442,45.04
157.198,6.3304,3.3143,5.6772,0,1,5.5231,1,0.1,0.1,0.1,9.3753,21.108,-4.3435,45.0,5.5546,16.0608,-4.3925,-8.54,10.8393,18.1345,-4.3438,45.04
157.298,6.3144,3.3234,5.6582,0,1,5.5083,1,0.1,0.1,0.1,9.3793,21.1047,-4.3438,45.01,5.5847,16.0579,-4.3929,-8.53,10.8515,18.1252,-4.343,45.04
157.398,6.2983,3.3302,5.6384,0,1,5.4931,1,0.1,0.1,0.1,9.3834,21.1013,-4.3443,45.03,5.6148,16.0551,-4.3929,-8.51,10.8623,18.1175,-4.3423,45.05
157.498,6.2824,3.335,5.6177,0,1,5.4776,1,0.1,0.1,0.1,9.3874,21.098,-4.3446,45.04,5.6449,16.0522,-4.3928,-8.51,10.8714,18.1113,-4.3423,45.06
157.598,6.2671,3.3379,5.5966,0,1,5.4619,1,0.1,0.1,0.1,9.3917,21.0945,-4.3449,45.06,5.6748,16.0488,-4.393,-8.51,10.8793,18.1063,-4.3425,45.05
157.698,6.252,3.3391,5.5756,0,1,5.4464,1,0.1,0.1,0.1,9.3964,21.0904,-4.3449,45.06,5.7046,16.045,-4.3931,-8.51,10.8865,18.1022,-4.343,45.04
157.798,6.2376,3.3391,5.5547,0,1,5.4312,1,0.1,0.1,0.1,9.4018,21.086,-4.3448,45.08,5.7343,16.0409,-4.3931,-8.54,10.8935,18.0986,-4.3437,45.03
157.898,6.2231,3.3374,5.5334,0,1,5.416,1,0.1,0.1,0.1,9.4079,21.0811,-4.3448,45.09,5.7638,16.0368,-4.3929,-8.55,10.8996,18.0956,-4.3445,45.03
157.998,6.2079,3.3339,5.5112,0,1,5.4005,1,0.1,0.1,0.1,9.4144,21.0757,-4.3447,45.1,5.793,16.0337,-4.3929,-8.56,10.9047,18.0934,-4.3454,45.04
158.098,6.1921,3.3293,5.4883,0,1,5.3849,1,0.1,0.1,0.1,9.421,21.0699,-4.3447,45.12,5.8222,16.0312,-4.3933,-8.55,10.9089,18.0916,-4.3461,45.04
158.198,6.1766,3.3238,5.4651,0,1,5.3691,1,0.1,0.1,0.1,9.4278,21.0643,-4.3451,45.12,5.8515,16.0286,-4.3935,-8.54,10.9125,18.0905,-4.3469,45.04
158.298,6.1622,3.3176,5.4425,0,1,5.3536,1,0.1,0.1,0.1,9.4344,21.0586,-4.3457,45.12,5.8805,16.0248,-4.3933,-8.54,10.9157,18.0901,-4.3479,45.03
158.398,6.1489,3.311,5.4202,0,1,5.3381,1,0.1,0.1,0.1,9.4409,21.053,-4.3464,45.11,5.9095,16.0196,-4.393,-8.54,10.9184,18.09,-4.3487,45.03
158.498,6.1372,3.3044,5.4007,0,1,5.3245,1,0.1,0.1,0.1,9.447,21.0475,-4.3471,45.09,5.9354,16.0145,-4.3949,-8.54,10.9211,18.0901,-4.3495,45.03
158.598,6.1284,3.298,5.3867,0,1,5.3146,1,0.1,0.1,0.1,9.4527,21.0423,-4.3476,45.08,5.9551,16.0101,-4.3975,-8.55,10.9237,18.0905,-4.3502,45.04
158.698,6.1196,3.2922,5.3733,0,1,5.3051,1,0.1,0.1,0.1,9.4579,21.0373,-4.3479,45.07,5.9741,16.0063,-4.3998,-8.55,10.9263,18.0907,-4.3506,45.04
158.798,6.1119,3.287,5.3621,0,1,5.2972,1,0.1,0.1,0.1,9.4624,21.0326,-4.3483,45.07,5.99,16.0032,-4.4017,-8.55,10.9288,18.0908,-4.3507,45.04
158.898,6.1068,3.2822,5.3552,0,1,5.2924,1,0.1,0.1,0.1,9.467,21.0283,-4.3488,45.06,6.0009,16.0007,-4.4031,-8.55,10.9311,18.0907,-4.3502,45.03
158.998,6.1011,3.2773,5.3473,0,1,5.2867,1,0.1,0.1,0.1,9.4713,21.0237,-4.3491,45.05,6.0131,15.9977,-4.4043,-8.56,10.9335,18.0907,-4.3498,45.02
159.098,6.0934,3.2729,5.3364,0,1,5.2788,1,0.1,0.1,0.1,9.4753,21.0193,-4.3491,45.03,6.0288,15.9946,-4.4039,-8.55,10.9361,18.0905,-4.3494,45.01
159.198,6.0837,3.2696,5.3225,0,1,5.2687,1,0.1,0.1,0.1,9.4789,21.0154,-4.3491,45.01,6.0477,15.9919,-4.403,-8.55,10.939,18.0899,-4.3491,45.0
159.298,6.0728,3.2674,5.3067,0,1,5.2569,1,0.1,0.1,0.1,9.4818,21.0121,-4.3492,45.01,6.0692,15.9892,-4.4022,-8.55,10.9423,18.0892,-4.3486,44.99
159.398,6.0607,3.2659,5.2891,0,1,5.2436,1,0.1,0.1,0.1,9.4844,21.0089,-4.3494,44.99,6.0931,15.986,-4.4016,-8.55,10.9462,18.0883,-4.3483,44.98
159.498,6.0487,3.2653,5.2706,0,1,5.2296,1,0.1,0.1,0.1,9.4869,21.006,-4.3497,44.97,6.1185,15.9824,-4.4009,-8.54,10.9504,18.087,-4.3478,44.97
159.598,6.0366,3.2651,5.251,0,1,5.2147,1,0.1,0.1,0.1,9.4892,21.0036,-4.3498,44.95,6.1451,15.9782,-4.3998,-8.54,10.9543,18.0857,-4.3475,44.96
159.698,6.0238,3.265,5.2295,0,1,5.1985,1,0.1,0.1,0.1,9.491,21.0015,-4.3497,44.94,6.173,15.974,-4.3986,-8.54,10.9574,18.0844,-4.3472,44.97
159.798,6.0105,3.2652,5.207,0,1,5.1816,1,0.1,0.1,0.1,9.4922,20.9994,-4.3495,44.94,6.2018,15.9698,-4.3974,-8.54,10.9605,18.083,-4.3468,44.97
159.898,5.9972,3.2655,5.1842,0,1,5.1643,1,0.1,0.1,0.1,9.493,20.9975,-4.3495,44.94,6.2311,15.9652,-4.3963,-8.55,10.9633,18.0817,-4.3462,44.98
159.998,5.9837,3.2652,5.1609,0,1,5.1465,1,0.1,0.1,0.1,9.4935,20.9953,-4.3495,44.96,6.2606,15.9603,-4.3951,-8.56,10.9655,18.0807,-4.3456,44.98
160.098,5.97,3.2645,5.1372,0,1,5.1283,1,0.1,0.1,0.1,9.4934,20.9932,-4.3495,44.96,6.2905,15.9552,-4.3938,-8.57,10.9674,18.0803,-4.3449,44.98
160.198,5.9567,3.2636,5.1135,0,1,5.1099,1,0.1,0.1,0.1,9.4932,20.9914,-4.3495,44.97,6.3207,15.95,-4.3926,-8.58,10.969,18.0805,-4.3445,44.98
160.298,5.9435,3.2627,5.0894,0,1,5.0912,1,0.1,0.1,0.1,9.4929,20.99,-4.3497,44.98,6.3512,15.9448,-4.3918,-8.58,10.9704,18.0809,-4.3441,44.98
160.398,5.9306,3.2618,5.0653,0,1,5.0726,1,0.1,0.1,0.1,9.4927,20.9887,-4.3499,44.98,6.3818,15.9396,-4.3913,-8.57,10.9718,18.0815,-4.344,44.98
160.498,5.9178,3.2611,5.0413,0,1,5.0539,1,0.1,0.1,0.1,9.4926,20.9874,-4.35,44.98,6.4125,15.9345,-4.3912,-8.55,10.9733,18.082,-4.3439,44.97
160.598,5.9053,3.2596,5.0176,0,1,5.0356,1,0.1,0.1,0.1,9.4933,20.9857,-4.3504,44.99,6.4433,15.9292,-4.3915,-8.53,10.9752,18.0824,-4.3441,44.96
160.698,5.8926,3.2577,4.9942,0,1,5.0175,1,0.1,0.1,0.1,9.4947,20.9834,-4.3512,45.01,6.4742,15.924,-4.3921,-8.52,10.9774,18.0827,-4.3446,44.95
160.798,5.8801,3.2544,4.971,0,1,4.9998,1,0.1,0.1,0.1,9.4973,20.9805,-4.3517,45.03,6.5051,15.9188,-4.3923,-8.51,10.9798,18.0834,-4.3449,44.93
160.898,5.8673,3.2495,4.9481,0,1,4.9824,1,0.1,0.1,0.1,9.5007,20.9764,-4.3516,45.05,6.5359,15.9135,-4.3925,-8.5,10.9822,18.0843,-4.3449,44.92
160.998,5.8542,3.2434,4.9255,0,1,4.9651,1,0.1,0.1,0.1,9.5047,20.9715,-4.3511,45.07,6.5668,15.9081,-4.3925,-8.49,10.9846,18.0854,-4.3447,44.92
161.098,5.8413,3.2371,4.903,0,1,4.9481,1,0.1,0.1,0.1,9.5091,20.9664,-4.3501,45.09,6.5973,15.9027,-4.3923,-8.49,10.987,18.0864,-4.3446,44.92
161.198,5.8286,3.2311,4.8806,0,1,4.9311,1,0.1,0.1,0.1,9.5135,20.9614,-4.3491,45.11,6.6278,15.8975,-4.3921,-8.5,10.9894,18.0871,-4.3449,44.92
161.298,5.8159,3.2252,4.8577,0,1,4.914,1,0.1,0.1,0.1,9.5179,20.9567,-4.3484,45.12,6.6584,15.8925,-4.392,-8.5,10.9914,18.0878,-4.3455,44.91
161.398,5.8033,3.2197,4.8344,0,1,4.8969,1,0.1,0.1,0.1,9.5224,20.9523,-4.3481,45.12,6.6888,15.888,-4.392,-8.51,10.9933,18.0882,-4.346,44.91
161.498,5.7907,3.2147,4.811,0,1,4.8798,1,0.1,0.1,0.1,9.5269,20.9481,-4.3482,45.11,6.719,15.8839,-4.3923,-8.52,10.9951,18.0883,-4.3463,44.91
161.598,5.7784,3.2095,4.7879,0,1,4.8627,1,0.1,0.1,0.1,9.5314,20.9441,-4.3484,45.09,6.7492,15.8797,-4.393,-8.54,10.9969,18.0887,-4.3466,44.91
161.698,5.7664,3.2046,4.7651,0,1,4.8456,1,0.1,0.1,0.1,9.5355,20.9402,-4.3486,45.06,6.7795,15.8753,-4.3938,-8.56,10.9988,18.0892,-4.3466,44.91
161.798,5.7547,3.2007,4.7427,0,1,4.8286,1,0.1,0.1,0.1,9.5392,20.9365,-4.349,45.05,6.8099,15.8704,-4.3942,-8.56,11.0013,18.0893,-4.3467,44.9
161.898,5.7428,3.1974,4.7202,0,1,4.8113,1,0.1,0.1,0.1,9.5426,20.9331,-4.349,45.05,6.8405,15.8658,-4.3946,-8.57,11.004,18.0892,-4.3471,44.89
161.998,5.731,3.1946,4.6977,0,1,4.7939,1,0.1,0.1,0.1,9.5455,20.9299,-4.3488,45.05,6.8711,15.8614,-4.3952,-8.57,11.0067,18.0891,-4.3472,44.89
162.098,5.7194,3.1922,4.6751,0,1,4.7765,1,0.1,0.1,0.1,9.5482,20.9273,-4.3488,45.07,6.9016,15.8573,-4.396,-8.57,11.0093,18.0891,-4.3472,44.9
162.198,5.7082,3.1903,4.6522,0,1,4.759,1,0.1,0.1,0.1,9.5512,20.9251,-4.3489,45.09,6.9323,15.8534,-4.3973,-8.58,11.0119,18.0889,-4.3472,44.91
162.298,5.6971,3.1883,4.6291,0,1,4.7415,1,0.1,0.1,0.1,9.5543,20.923,-4.3491,45.11,6.9631,15.8495,-4.3986,-8.58,11.0143,18.0886,-4.347,44.93
162.398,5.6863,3.1865,4.606,0,1,4.7239,1,0.1,0.1,0.1,9.5574,20.9211,-4.3493,45.11,6.9939,15.8456,-4.3998,-8.59,11.0167,18.0884,-4.3467,44.94
162.498,5.6756,3.1852,4.583,0,1,4.7064,1,0.1,0.1,0.1,9.56,20.9192,-4.3495,45.1,7.0245,15.8417,-4.4009,-8.6,11.019,18.0877,-4.3464,44.95
162.598,5.6649,3.1843,4.5604,0,1,4.689,1,0.1,0.1,0.1,9.5623,20.9171,-4.3497,45.08,7.0547,15.8377,-4.4018,-8.6,11.0215,18.0868,-4.3461,44.96
162.698,5.6542,3.1831,4.5382,0,1,4.6718,1,0.1,0.1,0.1,9.5648,20.9147,-4.3495,45.07,7.0847,15.8337,-4.4025,-8.6,11.0243,18.0859,-4.3457,44.98
162.798,5.6432,3.181,4.5162,0,1,4.6547,1,0.1,0.1,0.1,9.5678,20.9117,-4.3494,45.07,7.1148,15.8298,-4.4032,-8.6,11.0271,18.0852,-4.3453,44.99
162.898,5.6321,3.1783,4.4941,0,1,4.6378,1,0.1,0.1,0.1,9.5714,20.9082,-4.3494,45.05,7.145,15.8258,-4.4037,-8.6,11.0299,18.0843,-4.3451,45.01
162.998,5.6215,3.1752,4.4722,0,1,4.6212,1,0.1,0.1,0.1,9.5756,20.9045,-4.3492,45.04,7.1749,15.8218,-4.4043,-8.59,11.0327,18.0834,-4.345,45.02
163.098,5.6105,3.1719,4.4502,0,1,4.6044,1,0.1,0.1,0.1,9.58,20.9004,-4.349,45.02,7.2051,15.8176,-4.4043,-8.59,11.0356,18.0822,-4.3449,45.02
163.198,5.5997,3.1687,4.4284,0,1,4.5876,1,0.1,0.1,0.1,9.5843,20.8959,-4.3491,45.01,7.2355,15.8128,-4.4038,-8.6,11.0387,18.0807,-4.345,45.02
163.298,5.5895,3.1656,4.4069,0,1,4.5711,1,0.1,0.1,0.1,9.5888,20.8916,-4.3494,44.99,7.2659,15.808,-4.4032,-8.61,11.042,18.0792,-4.3449,45.03
163.398,5.5791,3.1626,4.3851,0,1,4.5545,1,0.1,0.1,0.1,9.5934,20.8873,-4.3499,44.98,7.296,15.8034,-4.4025,-8.62,11.0449,18.0774,-4.3448,45.03
163.498,5.5684,3.1594,4.3634,0,1,4.5379,1,0.1,0.1,0.1,9.5976,20.8828,-4.3502,44.98,7.3257,15.7992,-4.4017,-8.63,11.0476,18.0758,-4.3448,45.03
163.598,5.5579,3.1563,4.3417,0,1,4.5213,1,0.1,0.1,0.1,9.6017,20.8786,-4.3504,44.99,7.3553,15.7951,-4.4009,-8.65,11.0502,18.0744,-4.3446,45.03
163.698,5.5472,3.1531,4.3198,0,1,4.5044,1,0.1,0.1,0.1,9.6054,20.8745,-4.3504,45.01,7.3851,15.7912,-4.4,-8.67,11.0526,18.0731,-4.3446,45.05
163.798,5.5362,3.1496,4.2976,0,1,4.4873,1,0.1,0.1,0.1,9.6089,20.8703,-4.3506,45.02,7.4151,15.7875,-4.3991,-8.7,11.0547,18.0722,-4.3449,45.06
163.898,5.5252,3.1456,4.2753,0,1,4.4701,1,0.1,0.1,0.1,9.6125,20.8662,-4.3509,45.02,7.4449,15.7842,-4.3984,-8.72,11.0565,18.0715,-4.3454,45.07
163.998,5.5145,3.1423,4.2531,0,1,4.4529,1,0.1,0.1,0.1,9.6157,20.8626,-4.3513,45.03,7.4747,15.7809,-4.398,-8.74,11.0582,18.071,-4.3457,45.09
164.098,5.5044,3.1397,4.231,0,0,4.4356,1,0.1,0.1,0.1,9.6185,20.8597,-4.3517,45.03,7.5046,15.7776,-4.3973,-8.75,11.06,18.0705,-4.3458,45.1
164.198,5.4951,3.1377,4.2093,0,0,4.4181,1,0.1,0.1,0.1,9.6209,20.8573,-4.3518,45.04,7.535,15.7737,-4.3964,-8.76,11.0623,18.0702,-4.3455,45.12
164.298,5.486,3.1359,4.1877,0,0,4.4007,1,0.1,0.1,0.1,9.6233,20.855,-4.3516,45.05,7.5655,15.7698,-4.3953,-8.77,11.0646,18.07,-4.3451,45.13
164.398,5.4772,3.1345,4.1666,0,0,4.3835,1,0.1,0.1,0.1,9.6254,20.8531,-4.3511,45.07,7.5956,15.766,-4.3943,-8.77,11.0671,18.0698,-4.3449,45.15
164.498,5.4689,3.1337,4.1458,0,0,4.3664,1,0.1,0.1,0.1,9.6272,20.8514,-4.3502,45.08,7.6254,15.7623,-4.3932,-8.75,11.0696,18.0694,-4.3445,45.15
164.598,5.461,3.1333,4.1251,0,0,4.3494,1,0.1,0.1,0.1,9.6289,20.85,-4.3491,45.07,7.655,15.7584,-4.3921,-8.72,11.072,18.0688,-4.3439,45.14
164.698,5.4533,3.133,4.1045,0,0,4.3325,1,0.1,0.1,0.1,9.6302,20.8486,-4.3479,45.08,7.6843,15.7545,-4.3911,-8.7,11.0742,18.0682,-4.3432,45.14
164.798,5.4458,3.1322,4.0839,0,0,4.3156,1,0.1,0.1,0.1,9.6321,20.8467,-4.3471,45.08,7.7135,15.7502,-4.3907,-8.69,11.0761,18.0673,-4.3426,45.13
164.898,5.4383,3.1301,4.0635,0,0,4.2991,1,0.1,0.1,0.1,9.6347,20.8442,-4.3466,45.08,7.7426,15.7458,-4.3907,-8.68,11.0778,18.0666,-4.3421,45.13
164.998,5.4304,3.127,4.0437,0,0,4.283,1,0.1,0.1,0.1,9.6381,20.8409,-4.3462,45.09,7.7715,15.7415,-4.391,-8.68,11.0799,18.066,-4.3415,45.12
165.098,5.4219,3.1231,4.0241,0,0,4.2669,1,0.1,0.1,0.1,9.642,20.837,-4.3457,45.1,7.8005,15.7376,-4.3915,-8.67,11.0823,18.0658,-4.3407,45.12
165.198,5.4128,3.1188,4.0045,0,0,4.2507,1,0.1,0.1,0.1,9.6459,20.8327,-4.3451,45.12,7.8298,15.7338,-4.3916,-8.66,11.0849,18.0657,-4.34,45.1
165.298,5.4035,3.1141,3.985,0,0,4.2345,1,0.1,0.1,0.1,9.65,20.8279,-4.3446,45.12,7.8592,15.73,-4.3916,-8.65,11.0876,18.0656,-4.3397,45.09
165.398,5.3944,3.1088,3.9657,0,0,4.2183,1,0.1,0.1,0.1,9.6543,20.8231,-4.3443,45.12,7.8887,15.726,-4.3919,-8.65,11.0902,18.0658,-4.3396,45.07
165.498,5.3856,3.1039,3.9461,0,0,4.2019,1,0.1,0.1,0.1,9.6585,20.8184,-4.3438,45.12,7.9186,15.7219,-4.3922,-8.65,11.0927,18.0658,-4.3398,45.06
165.598,5.3771,3.0992,3.9264,0,0,4.1853,1,0.1,0.1,0.1,9.6625,20.8141,-4.3432,45.11,7.9485,15.7177,-4.3927,-8.65,11.095,18.0658,-4.3404,45.05
165.698,5.3684,3.0947,3.9067,0,0,4.1685,1,0.1,0.1,0.1,9.666,20.8096,-4.343,45.11,7.9785,15.7136,-4.3936,-8.65,11.0972,18.0658,-4.3414,45.05
165.798,5.3603,3.0904,3.8877,0,0,4.152,1,0.1,0.1,0.1,9.6694,20.8052,-4.3432,45.1,8.0084,15.709,-4.3943,-8.65,11.0998,18.0658,-4.3425,45.05
165.898,5.3529,3.0865,3.8689,0,0,4.1355,1,0.1,0.1,0.1,9.6725,20.8012,-4.3436,45.08,8.0381,15.7041,-4.3947,-8.64,11.1022,18.0658,-4.3434,45.07
165.998,5.3462,3.0829,3.8501,0,0,4.1191,1,0.1,0.1,0.1,9.6757,20.7974,-4.3439,45.06,8.0678,15.699,-4.395,-8.63,11.1043,18.0655,-4.3444,45.09
166.098,5.3401,3.0801,3.8314,0,0,4.1028,1,0.1,0.1,0.1,9.679,20.794,-4.3439,45.04,8.0974,15.6937,-4.395,-8.61,11.1066,18.0648,-4.3454,45.1
166.198,5.3342,3.077,3.8133,0,0,4.0867,1,0.1,0.1,0.1,9.6823,20.7907,-4.3437,45.01,8.127,15.6885,-4.3947,-8.58,11.1092,18.0645,-4.3464,45.11
166.298,5.3281,3.074,3.7953,0,0,4.0706,1,0.1,0.1,0.1,9.6851,20.7874,-4.3434,45.0,8.1564,15.6836,-4.3944,-8.56,11.1117,18.0645,-4.3472,45.12
166.398,5.3219,3.0716,3.7769,0,0,4.054,1,0.1,0.1,0.1,9.6874,20.7846,-4.3434,45.01,8.1861,15.6791,-4.3948,-8.54,11.1141,18.0645,-4.348,45.13
166.498,5.3164,3.0705,3.7581,0,0,4.0372,1,0.1,0.1,0.1,9.6891,20.7827,-4.3434,45.02,8.2157,15.6749,-4.3954,-8.52,11.1162,18.0641,-4.3489,45.13
166.598,5.3112,3.0696,3.739,0,0,4.0201,1,0.1,0.1,0.1,9.6904,20.7814,-4.3437,45.05,8.2454,15.6708,-4.3962,-8.51,11.1179,18.0639,-4.35,45.13
166.698,5.3063,3.0676,3.7196,0,0,4.0031,1,0.1,0.1,0.1,9.6926,20.7798,-4.3443,45.07,8.2753,15.6665,-4.397,-8.52,11.1189,18.064,-4.351,45.14
166.798,5.3021,3.0652,3.7005,0,0,3.9866,1,0.1,0.1,0.1,9.6958,20.7783,-4.3448,45.08,8.3049,15.6622,-4.3978,-8.52,11.1198,18.0639,-4.3521,45.15
166.898,5.2981,3.0627,3.6812,0,0,3.9705,1,0.1,0.1,0.1,9.7001,20.777,-4.3451,45.09,8.3341,15.6583,-4.3985,-8.52,11.1205,18.0636,-4.3531,45.15
166.998,5.2945,3.06,3.662,0,0,3.9547,1,0.1,0.1,0.1,9.7051,20.7755,-4.3455,45.09,8.3632,15.6542,-4.3989,-8.53,11.1211,18.0629,-4.3537,45.15
167.098,5.2914,3.0572,3.6432,0,0,3.9391,1,0.1,0.1,0.1,9.7103,20.7741,-4.3454,45.09,8.3921,15.6498,-4.3995,-8.53,11.1218,18.0623,-4.3538,45.15
167.198,5.2883,3.0544,3.6246,0,0,3.9235,1,0.1,0.1,0.1,9.7154,20.7725,-4.3447,45.08,8.4212,15.6454,-4.4001,-8.54,11.1225,18.0616,-4.3535,45.16
167.298,5.2855,3.0518,3.6065,0,0,3.908,1,0.1,0.1,0.1,9.7203,20.7711,-4.344,45.08,8.4503,15.6408,-4.4007,-8.55,11.1236,18.0611,-4.3531,45.17
167.398,5.2831,3.0498,3.5892,0,0,3.8926,1,0.1,0.1,0.1,9.7248,20.7699,-4.3437,45.09,8.4793,15.6361,-4.4013,-8.56,11.1252,18.0607,-4.3527,45.17
167.498,5.2814,3.0471,3.5727,0,0,3.8776,1,0.1,0.1,0.1,9.7294,20.7688,-4.3437,45.09,8.5081,15.6309,-4.4017,-8.57,11.1266,18.061,-4.3523,45.17
167.598,5.2858,3.0444,3.5598,0,0,3.8636,0,0.1,0.1,0.1,9.7344,20.7678,-4.3436,45.1,8.5376,15.6196,-4.4019,-8.58,11.1279,18.061,-4.3516,45.16
167.698,5.2983,3.0421,3.5517,0,0,3.8506,0,0.1,0.1,0.1,9.7391,20.7672,-4.3436,45.11,8.5685,15.6002,-4.4013,-8.58,11.1288,18.0612,-4.351,45.16
167.798,5.3173,3.0397,3.5478,0,0,3.8384,0,0.1,0.1,0.1,9.7436,20.7669,-4.3434,45.12,8.6007,15.5741,-4.4,-8.58,11.1298,18.0617,-4.3502,45.17
167.898,5.3413,3.0371,3.5473,0,0,3.827,0,0.1,0.1,0.1,9.7481,20.7664,-4.3429,45.12,8.634,15.5428,-4.3981,-8.59,11.1307,18.0622,-4.349,45.17
167.998,5.3693,3.0351,3.5495,0,0,3.8164,0,0.1,0.1,0.1,9.7526,20.7659,-4.3422,45.12,8.6679,15.5076,-4.3957,-8.59,11.1317,18.0623,-4.348,45.16
168.098,5.3998,3.0333,3.5539,0,0,3.8061,0,0.1,0.1,0.1,9.7569,20.7651,-4.3415,45.11,8.7025,15.4695,-4.3932,-8.6,11.133,18.0619,-4.3474,45.15
168.198,5.4325,3.0319,3.56,0,0,3.7963,0,0.1,0.1,0.1,9.7606,20.7641,-4.3412,45.11,8.7374,15.4291,-4.3903,-8.61,11.1341,18.0612,-4.3466,45.15
168.298,5.4669,3.031,3.5678,0,0,3.7869,0,0.1,0.1,0.1,9.7639,20.7633,-4.3413,45.11,8.7725,15.3873,-4.3872,-8.61,11.1352,18.0602,-4.3459,45.13
168.398,5.5019,3.0292,3.5769,0,0,3.7781,0,0.1,0.1,0.1,9.768,20.7619,-4.3418,45.11,8.8077,15.3446,-4.3837,-8.61,11.1363,18.0594,-4.3454,45.13
168.498,5.5377,3.0262,3.5876,0,0,3.7699,0,0.1,0.1,0.1,9.7728,20.76,-4.3422,45.12,8.843,15.3011,-4.3805,-8.61,11.1373,18.0589,-4.3449,45.13
168.598,5.574,3.0228,3.5995,0,0,3.7623,0,0.1,0.1,0.1,9.7781,20.7576,-4.3421,45.13,8.8784,15.2569,-4.3777,-8.61,11.1385,18.0582,-4.3451,45.13
168.698,5.6102,3.0186,3.6124,0,0,3.7551,0,0.1,0.1,0.1,9.7841,20.7545,-4.342,45.14,8.9141,15.2123,-4.3748,-8.61,11.1398,18.0575,-4.3458,45.12
168.798,5.6461,3.0128,3.6262,0,0,3.7483,0,0.1,0.1,0.1,9.7909,20.7506,-4.3418,45.15,8.9498,15.1676,-4.3717,-8.61,11.1406,18.0571,-4.3465,45.11
168.898,5.6737,3.0062,3.6325,0,0,3.7374,0,0.1,0.1,0.1,9.7979,20.7463,-4.3418,45.14,8.9888,15.1306,-4.3684,-8.31,11.1411,18.0569,-4.3472,45.09
168.998,5.6906,2.9996,3.629,0,0,3.7213,0,0.1,0.1,0.1,9.805,20.7417,-4.342,45.15,9.0322,15.1039,-4.3653,-7.56,11.142,18.0566,-4.3481,45.09
169.098,5.6995,2.9933,3.6179,0,0,3.7012,0,0.1,0.1,0.1,9.8123,20.7374,-4.3418,45.15,9.0786,15.0854,-4.3622,-6.4,11.1433,18.0563,-4.349,45.08
169.198,5.702,2.9871,3.601,0,0,3.6781,0,0.1,0.1,0.1,9.8197,20.7333,-4.3418,45.16,9.1271,15.0736,-4.3591,-4.92,11.1448,18.0562,-4.3495,45.08
169.298,5.6997,2.9814,3.5799,0,0,3.6529,0,0.1,0.1,0.1,9.8267,20.7293,-4.3417,45.16,9.1767,15.0668,-4.3562,-3.21,11.1466,18.056,-4.3495,45.07
169.398,5.6938,2.9763,3.5551,0,0,3.6258,0,0.1,0.1,0.1,9.8337,20.7256,-4.3415,45.14,9.2275,15.0642,-4.3537,-1.37,11.1486,18.0556,-4.3496,45.06
169.498,5.6849,2.9712,3.5274,0,0,3.5971,0,0.1,0.1,0.1,9.8407,20.7217,-4.3414,45.13,9.2793,15.0646,-4.3515,0.53,11.1506,18.0548,-4.3497,45.05
169.598,5.6734,2.966,3.4977,0,0,3.5675,0,0.1,0.1,0.1,9.848,20.7174,-4.3414,45.12,9.3314,15.0676,-4.3496,2.46,11.1526,18.0537,-4.3497,45.05
169.698,5.661,2.961,3.467,0,0,3.5375,0,0.1,0.1,0.1,9.8556,20.7131,-4.3414,45.13,9.3835,15.0718,-4.3483,4.38,11.1546,18.0523,-4.3497,45.05
169.798,5.6481,2.9557,3.4361,0,0,3.5076,0,0.1,0.1,0.1,9.8637,20.7086,-4.3411,45.14,9.4353,15.0768,-4.3472,6.26,11.1566,18.0507,-4.3499,45.04
169.898,5.635,2.951,3.4049,0,0,3.4778,0,0.1,0.1,0.1,9.8721,20.7044,-4.3408,45.14,9.4866,15.0826,-4.3462,8.08,11.1588,18.0486,-4.3501,45.03
169.998,5.6225,2.9473,3.3738,0,0,3.4483,0,0.1,0.1,0.1,9.8804,20.701,-4.3403,45.14,9.5374,15.089,-4.3453,9.84,11.161,18.0465,-4.3503,45.02
170.098,5.6103,2.9434,3.3435,0,0,3.4192,0,0.1,0.1,0.1,9.8883,20.698,-4.3402,45.16,9.5873,15.0958,-4.3442,11.56,11.1629,18.0448,-4.3502,45.02
170.198,5.5986,2.9361,3.315,0,0,3.3901,0,0.1,0.1,0.1,9.8967,20.6952,-4.3402,45.17,9.6369,15.1027,-4.3431,13.2,11.1623,18.0459,-4.3503,45.02
170.298,5.5874,2.9249,3.2882,0,0,3.3608,0,0.1,0.1,0.1,9.9054,20.6925,-4.3404,45.17,9.6863,15.1094,-4.3421,14.77,11.1585,18.0496,-4.3501,45.02
170.398,5.5768,2.9112,3.2628,0,0,3.3312,0,0.1,0.1,0.1,9.9139,20.6902,-4.3407,45.17,9.7357,15.1162,-4.3413,16.27,11.1522,18.0554,-4.3501,45.02
170.498,5.5672,2.8963,3.2387,0,0,3.3015,0,0.1,0.1,0.1,9.9222,20.6885,-4.341,45.17,9.7849,15.1229,-4.3408,17.7,11.1442,18.0626,-4.3502,45.03
170.598,5.5582,2.8807,3.2157,0,0,3.2719,0,0.1,0.1,0.1,9.9305,20.687,-4.341,45.16,9.8339,15.1297,-4.3403,19.06,11.1351,18.0703,-4.3505,45.04
170.698,5.5502,2.8644,3.1945,0,0,3.2425,0,0.1,0.1,0.1,9.939,20.6859,-4.3408,45.16,9.883,15.136,-4.3395,20.34,11.1255,18.0788,-4.3509,45.04
170.798,5.543,2.848,3.1746,0,0,3.2133,0,0.1,0.1,0.1,9.9478,20.6849,-4.3405,45.16,9.9323,15.1418,-4.3388,21.57,11.116,18.0875,-4.3512,45.06
170.898,5.5365,2.8325,3.156,0,0,3.1848,0,0.1,0.1,0.1,9.9568,20.6838,-4.3403,45.15,9.9814,15.1473,-4.3386,22.74,11.1074,18.0955,-4.3514,45.06
170.998,5.5309,2.818,3.1382,0,0,3.157,0,0.1,0.1,0.1,9.9666,20.683,-4.3397,45.16,10.03,15.1524,-4.3385,23.85,11.0996,18.1028,-4.3515,45.06
171.098,5.5262,2.805,3.121,0,0,3.1297,0,0.1,0.1,0.1,9.977,20.6827,-4.3388,45.17,10.0786,15.1574,-4.3384,24.91,11.0926,18.109,-4.3514,45.05
171.198,5.5224,2.7932,3.1045,0,0,3.1028,0,0.1,0.1,0.1,9.9879,20.6827,-4.3382,45.17,10.1273,15.1621,-4.3386,25.91,11.0865,18.1146,-4.3511,45.04
171.298,5.5192,2.7831,3.088,0,0,3.0759,0,0.1,0.1,0.1,9.9985,20.6831,-4.3379,45.18,10.1762,15.1668,-4.3388,26.86,11.0811,18.1193,-4.3504,45.04
171.398,5.517,2.7749,3.0717,0,0,3.0491,0,0.1,0.1,0.1,10.0088,20.6841,-4.3376,45.18,10.2253,15.1714,-4.3392,27.78,11.0765,18.1228,-4.3496,45.04
171.498,5.5161,2.769,3.0559,0,0,3.0225,0,0.1,0.1,0.1,10.0187,20.6858,-4.3374,45.18,10.2745,15.1756,-4.3399,28.65,11.0729,18.1254,-4.3487,45.04
171.598,5.5163,2.7642,3.0411,0,0,2.9963,0,0.1,0.1,0.1,10.0284,20.6881,-4.3375,45.17,10.3237,15.1797,-4.3409,29.46,11.0701,18.1277,-4.3478,45.03
171.698,5.5169,2.7603,3.0266,0,0,2.97,0,0.1,0.1,0.1,10.0374,20.6906,-4.3377,45.16,10.3729,15.1839,-4.3419,30.22,11.0676,18.1297,-4.3472,45.03
171.798,5.5181,2.7583,3.0122,0,0,2.9435,0,0.1,0.1,0.1,10.0456,20.6934,-4.3379,45.16,10.4224,15.1881,-4.3426,30.95,11.066,18.1308,-4.3466,45.04
171.898,5.52,2.7569,2.9986,0,0,2.9172,0,0.1,0.1,0.1,10.0539,20.6958,-4.3385,45.14,10.4721,15.1917,-4.3433,31.65,11.0651,18.131,-4.3461,45.04
171.998,5.5227,2.7567,2.9852,0,0,2.8913,0,0.1,0.1,0.1,10.0626,20.6984,-4.339,45.13,10.5218,15.1948,-4.344,32.31,11.0647,18.1303,-4.3455,45.04
172.098,5.5264,2.7576,2.9724,0,0,2.8658,0,0.1,0.1,0.1,10.0719,20.7014,-4.3395,45.12,10.5715,15.1976,-4.3449,32.94,11.0647,18.1287,-4.345,45.04
172.198,5.5303,2.7588,2.9603,0,0,2.8407,0,0.1,0.1,0.1,10.0816,20.7041,-4.3398,45.1,10.6213,15.2002,-4.346,33.54,11.066,18.1269,-4.3444,45.03
172.298,5.5344,2.7604,2.9488,0,0,2.8159,0,0.1,0.1,0.1,10.0918,20.7068,-4.3402,45.09,10.6714,15.2028,-4.347,34.11,11.068,18.1248,-4.3441,45.03
172.398,5.5388,2.7625,2.9375,0,0,2.7911,0,0.1,0.1,0.1,10.1022,20.7098,-4.3408,45.09,10.7215,15.2057,-4.3477,34.66,11.0703,18.1224,-4.344,45.01
172.498,5.544,2.7653,2.927,0,0,2.7669,0,0.1,0.1,0.1,10.1128,20.7133,-4.3415,45.08,10.7713,15.2085,-4.3481,35.19,11.0729,18.12,-4.344,45.0
172.598,5.5493,2.7683,2.9171,0,0,2.7428,0,0.1,0.1,0.1,10.1236,20.7168,-4.3419,45.07,10.8212,15.2115,-4.3484,35.68,11.0759,18.1175,-4.3439,45.0
172.698,5.5545,2.7714,2.9075,0,0,2.7187,0,0.1,0.1,0.1,10.1346,20.7201,-4.342,45.06,10.8712,15.2147,-4.3487,36.15,11.0793,18.1147,-4.3439,45.01
172.798,5.5604,2.7748,2.8988,0,0,2.6949,0,0.1,0.1,0.1,10.1456,20.7238,-4.3422,45.05,10.921,15.2178,-4.3488,36.59,11.0828,18.1121,-4.344,45.03
172.898,5.5668,2.7787,2.8908,0,0,2.6712,0,0.1,0.1,0.1,10.1563,20.7277,-4.3424,45.05,10.9708,15.2208,-4.3487,37.01,11.0862,18.1093,-4.344,45.03
172.998,5.5733,2.7826,2.8831,0,0,2.6474,0,0.1,0.1,0.1,10.1671,20.7312,-4.3428,45.05,11.0209,15.2237,-4.3488,37.41,11.0896,18.106,-4.3439,45.02
173.098,5.5793,2.7862,2.8758,0,0,2.6236,0,0.1,0.1,0.1,10.1788,20.7342,-4.3433,45.05,11.0713,15.2267,-4.3487,37.78,11.0935,18.1024,-4.3439,45.02
173.198,5.585,2.7897,2.8688,0,0,2.5998,0,0.1,0.1,0.1,10.1911,20.7367,-4.3442,45.05,11.1218,15.2298,-4.3485,38.14,11.0976,18.0984,-4.3439,45.02
173.298,5.591,2.7935,2.862,0,0,2.5763,0,0.1,0.1,0.1,10.2039,20.7393,-4.3448,45.06,11.1723,15.2328,-4.3482,38.47,11.1016,18.094,-4.3439,45.01
173.398,5.5972,2.7973,2.856,0,0,2.5529,0,0.1,0.1,0.1,10.2174,20.7419,-4.3452,45.07,11.2229,15.2358,-4.3478,38.8,11.1057,18.0894,-4.344,45.0
173.498,5.6033,2.8006,2.8509,0,0,2.5295,0,0.1,0.1,0.1,10.2314,20.7444,-4.3455,45.08,11.274,15.2389,-4.3472,39.11,11.1098,18.0851,-4.3445,45.0
173.598,5.6101,2.8041,2.8468,0,0,2.5063,0,0.1,0.1,0.1,10.2457,20.7471,-4.3459,45.08,11.3251,15.2419,-4.3468,39.42,11.1138,18.0808,-4.345,45.0
173.698,5.6172,2.8082,2.843,0,0,2.4834,0,0.1,0.1,0.1,10.26,20.7504,-4.3462,45.08,11.3762,15.2452,-4.3466,39.71,11.1181,18.0765,-4.3451,45.0
173.798,5.6243,2.813,2.8392,0,0,2.4606,0,0.1,0.1,0.1,10.2747,20.7543,-4.3463,45.08,11.4269,15.2492,-4.3464,39.99,11.1225,18.0721,-4.3451,45.01
173.898,5.6309,2.8178,2.8355,0,0,2.4383,0,0.1,0.1,0.1,10.2898,20.7581,-4.3461,45.08,11.4767,15.2538,-4.3463,40.25,11.1272,18.0677,-4.345,45.02
173.998,5.6367,2.823,2.8313,0,0,2.4164,0,0.1,0.1,0.1,10.305,20.7623,-4.3459,45.08,11.5254,15.2593,-4.3463,40.5,11.1323,18.0632,-4.345,45.02
174.098,5.6418,2.829,2.8264,0,0,2.3948,0,0.1,0.1,0.1,10.3197,20.7669,-4.3456,45.08,11.5726,15.266,-4.3462,40.74,11.1375,18.0587,-4.3448,45.02
174.198,5.6465,2.8355,2.8212,0,0,2.3734,0,0.1,0.1,0.1,10.3338,20.7721,-4.3452,45.08,11.6188,15.2738,-4.3462,40.96,11.1428,18.0545,-4.3445,45.02
174.298,5.6505,2.8421,2.8157,0,0,2.3522,0,0.1,0.1,0.1,10.3477,20.7776,-4.3448,45.08,11.6639,15.2825,-4.3458,41.17,11.1479,18.0505,-4.3441,45.02
174.398,5.6536,2.849,2.8095,0,0,2.3313,0,0.1,0.1,0.1,10.3617,20.7833,-4.3443,45.08,11.7078,15.2923,-4.3455,41.36,11.1531,18.0465,-4.3437,45.02
174.498,5.6559,2.8565,2.8024,0,0,2.3103,0,0.1,0.1,0.1,10.3751,20.7895,-4.344,45.08,11.7504,15.3033,-4.3453,41.53,11.1581,18.0424,-4.3437,45.03
174.598,5.6572,2.8647,2.7941,0,0,2.2892,0,0.1,0.1,0.1,10.3881,20.7958,-4.3436,45.08,11.7918,15.3156,-4.3448,41.68,11.1628,18.0379,-4.344,45.04
174.698,5.6571,2.8733,2.7843,0,0,2.2681,0,0.1,0.1,0.1,10.401,20.8023,-4.3433,45.09,11.8319,15.3292,-4.344,41.83,11.1672,18.0331,-4.3444,45.03
174.798,5.6558,2.882,2.7739,0,0,2.2468,0,0.1,0.1,0.1,10.4137,20.8089,-4.3431,45.08,11.8711,15.3441,-4.3432,41.98,11.1715,18.0284,-4.3446,45.05
174.898,5.6538,2.8911,2.7627,0,0,2.2255,0,0.1,0.1,0.1,10.4262,20.816,-4.3429,45.06,11.9092,15.3602,-4.3427,42.13,11.1757,18.0237,-4.3446,45.06
174.998,5.6506,2.9001,2.751,0,0,2.2044,0,0.1,0.1,0.1,10.4383,20.8232,-4.343,45.03,11.9458,15.3773,-4.3425,42.27,11.1792,18.0193,-4.3444,45.08
175.098,5.6467,2.9088,2.7391,0,0,2.1832,0,0.1,0.1,0.1,10.4499,20.8306,-4.343,45.02,11.9813,15.3955,-4.3424,42.41,11.1822,18.0155,-4.344,45.11
175.198,5.6424,2.9176,2.7273,0,0,2.162,0,0.1,0.1,0.1,10.4611,20.8382,-4.3427,45.01,12.0163,15.4144,-4.3419,42.54,11.185,18.0119,-4.3434,45.13
175.298,5.6375,2.9262,2.7154,0,0,2.1408,0,0.1,0.1,0.1,10.4722,20.846,-4.342,45.0,12.0505,15.434,-4.3416,42.67,11.1875,18.0086,-4.343,45.13
175.398,5.6322,2.9347,2.7037,0,0,2.1197,0,0.1,0.1,0.1,10.4828,20.854,-4.3417,44.99,12.084,15.4542,-4.3415,42.8,11.19,18.0059,-4.3429,45.13
175.498,5.6267,2.9436,2.6917,0,0,2.0987,0,0.1,0.1,0.1,10.4929,20.8624,-4.3418,44.99,12.1169,15.4751,-4.3413,42.93,11.1927,18.0032,-4.3428,45.13
175.598,5.6204,2.9522,2.6796,0,0,2.0774,0,0.1,0.1,0.1,10.503,20.8706,-4.3423,45.0,12.1494,15.4968,-4.341,43.04,11.1952,18.0008,-4.3427,45.12
175.698,5.6178,2.9651,2.667,0,0,2.0552,0,0.1,0.1,0.1,10.5074,20.8817,-4.3424,45.0,12.1816,15.5191,-4.3409,43.15,11.1976,17.998,-4.3428,45.11
175.798,5.6206,2.9839,2.6538,0,0,2.0322,0,0.1,0.1,0.1,10.5041,20.8967,-4.3423,45.01,12.213,15.5421,-4.3409,43.25,11.2005,17.9952,-4.3432,45.1
175.898,5.628,3.0074,2.6403,0,0,2.0085,0,0.1,0.1,0.1,10.4947,20.915,-4.3424,45.01,12.244,15.5657,-4.341,43.34,11.2033,17.9923,-4.3438,45.09
175.998,5.6394,3.0344,2.6273,0,0,1.9842,0,0.1,0.1,0.1,10.4806,20.9359,-4.3427,45.0,12.275,15.5896,-4.341,43.43,11.2058,17.9894,-4.3443,45.1
176.098,5.6542,3.0637,2.6152,0,0,1.9595,0,0.1,0.1,0.1,10.4626,20.9589,-4.3428,44.98,12.3058,15.6136,-4.3407,43.52,11.2079,17.9872,-4.3445,45.11
176.198,5.6645,3.0886,2.6037,0,0,1.9356,0,0.1,0.1,0.1,10.4497,20.9791,-4.3426,44.96,12.3363,15.6379,-4.3406,43.6,11.2101,17.9855,-4.3447,45.11
176.298,5.667,3.106,2.5927,0,0,1.9123,0,0.1,0.1,0.1,10.445,20.9942,-4.3424,44.94,12.3664,15.6629,-4.3405,43.68,11.2118,17.9843,-4.3449,45.11
176.398,5.6626,3.1166,2.5827,0,0,1.8894,0,0.1,0.1,0.1,10.4475,21.005,-4.3425,44.93,12.3965,15.6884,-4.3408,43.75,11.2128,17.9839,-4.345,45.1
176.498,5.6533,3.1224,2.5735,0,0,1.867,0,0.1,0.1,0.1,10.4556,21.0128,-4.3427,44.94,12.4265,15.7142,-4.3412,43.82,11.2133,17.9837,-4.3452,45.09
176.598,5.6402,3.1242,2.5654,0,0,1.8451,0,0.1,0.1,0.1,10.4681,21.0181,-4.3432,44.95,12.4563,15.7399,-4.3413,43.88,11.2133,17.9841,-4.3453,45.07
176.698,5.6237,3.123,2.5578,0,0,1.8237,0,0.1,0.1,0.1,10.4843,21.0215,-4.3435,44.96,12.4856,15.766,-4.3414,43.93,11.213,17.9847,-4.3454,45.06
176.798,5.6046,3.1206,2.5497,0,0,1.8023,0,0.1,0.1,0.1,10.5028,21.0238,-4.3436,44.97,12.5144,15.7927,-4.3415,43.98,11.2125,17.985,-4.3456,45.06
176.898,5.5836,3.118,2.5409,0,0,1.7809,0,0.1,0.1,0.1,10.5227,21.0258,-4.3437,44.98,12.5428,15.8204,-4.3417,44.03,11.2121,17.9849,-4.3458,45.06
176.998,5.562,3.1155,2.5319,0,0,1.7594,0,0.1,0.1,0.1,10.5433,21.0276,-4.3438,45.01,12.5711,15.8485,-4.3421,44.07,11.2119,17.9847,-4.3459,45.06
177.098,5.5399,3.1128,2.5235,0,0,1.7383,0,0.1,0.1,0.1,10.5645,21.0294,-4.3438,45.02,12.5991,15.8766,-4.3424,44.12,11.2121,17.9846,-4.3455,45.07
177.198,5.5178,3.1108,2.515,0,0,1.7174,0,0.1,0.1,0.1,10.5864,21.0314,-4.3438,45.01,12.627,15.9048,-4.3427,44.16,11.2123,17.9842,-4.3448,45.08
177.298,5.4962,3.1096,2.5071,0,0,1.6965,0,0.1,0.1,0.1,10.6084,21.0338,-4.3438,45.0,12.655,15.9329,-4.343,44.2,11.2125,17.9833,-4.3441,45.08
177.398,5.4748,3.1091,2.4996,0,0,1.6755,0,0.1,0.1,0.1,10.6303,21.0363,-4.3437,44.99,12.6832,15.961,-4.3434,44.24,11.2125,17.9822,-4.3437,45.07
177.498,5.4546,3.1091,2.4935,0,0,1.6545,0,0.1,0.1,0.1,10.6515,21.0394,-4.3437,44.97,12.7116,15.9888,-4.3436,44.27,11.2125,17.9813,-4.3437,45.07
177.598,5.436,3.1098,2.4887,0,0,1.6335,0,0.1,0.1,0.1,10.6714,21.0433,-4.3435,44.96,12.7402,16.0163,-4.3438,44.32,11.2124,17.9809,-4.344,45.07
177.698,5.4188,3.1111,2.4852,0,0,1.6124,0,0.1,0.1,0.1,10.69,21.0477,-4.3432,44.94,12.7691,16.0436,-4.3438,44.36,11.2122,17.9807,-4.3442,45.09
177.798,5.4027,3.1129,2.4827,0,0,1.5912,0,0.1,0.1,0.1,10.7075,21.0526,-4.343,44.95,12.7981,16.0708,-4.3436,44.39,11.2122,17.9809,-4.3444,45.09
177.898,5.3879,3.1155,2.481,0,0,1.5701,0,0.1,0.1,0.1,10.7241,21.0582,-4.3429,44.96,12.8273,16.0977,-4.3434,44.42,11.2123,17.9811,-4.3444,45.08
177.998,5.3746,3.1196,2.4801,0,0,1.5488,0,0.1,0.1,0.1,10.74,21.0646,-4.3425,44.98,12.8568,16.1244,-4.3431,44.45,11.2124,17.9809,-4.3444,45.08
178.098,5.3624,3.1222,2.4838,0,0,1.5272,1,0.1,0.1,0.1,10.7555,21.0714,-4.3422,44.99,12.8866,16.1506,-4.343,44.47,11.2091,17.9823,-4.3446,45.07
178.198,5.3506,3.1253,2.4897,0,0,1.5049,1,0.1,0.1,0.1,10.771,21.0786,-4.3418,44.99,12.9165,16.177,-4.3429,44.5,11.2031,17.9833,-4.3446,45.07
178.298,5.34,3.1309,2.4963,0,0,1.4819,1,0.1,0.1,0.1,10.786,21.0866,-4.3417,44.99,12.9467,16.2032,-4.3429,44.52,11.196,17.9827,-4.3442,45.07
178.398,5.3305,3.1391,2.5032,0,0,1.4583,1,0.1,0.1,0.1,10.8008,21.0951,-4.342,45.0,12.9771,16.2291,-4.3433,44.54,11.1881,17.9799,-4.3437,45.08
178.498,5.3211,3.1494,2.51,0,0,1.4344,1,0.1,0.1,0.1,10.8153,21.1037,-4.3428,45.0,13.007,16.2549,-4.344,44.57,11.1795,17.9754,-4.3437,45.08
178.598,5.3123,3.1613,2.5171,0,0,1.4102,1,0.1,0.1,0.1,10.8294,21.1127,-4.3442,45.0,13.0367,16.2807,-4.3448,44.6,11.1705,17.9698,-4.3438,45.1
178.698,5.3037,3.1742,2.5252,0,0,1.3857,1,0.1,0.1,0.1,10.8433,21.1217,-4.3456,44.99,13.0665,16.3065,-4.3456,44.63,11.1609,17.9634,-4.3442,45.1
178.798,5.2954,3.1857,2.5333,0,0,1.3625,1,0.1,0.1,0.1,10.8572,21.1314,-4.3467,44.98,13.0961,16.3326,-4.3464,44.66,11.1543,17.9596,-4.3447,45.1
178.898,5.2876,3.1945,2.5413,0,0,1.3412,1,0.1,0.1,0.1,10.8708,21.1417,-4.3475,44.98,13.1256,16.359,-4.3468,44.69,11.1517,17.9596,-4.345,45.1
178.998,5.2803,3.2013,2.5489,0,0,1.3213,1,0.1,0.1,0.1,10.8838,21.1525,-4.3479,44.98,13.1549,16.3855,-4.3469,44.73,11.1524,17.9625,-4.3451,45.11
179.098,5.2733,3.2094,2.5563,0,0,1.301,1,0.1,0.1,0.1,10.8966,21.1633,-4.3481,44.97,13.1843,16.4121,-4.3471,44.75,11.153,17.9641,-4.3451,45.12
179.198,5.2663,3.2173,2.5633,0,0,1.2811,1,0.1,0.1,0.1,10.9091,21.1746,-4.3482,44.98,13.2135,16.4393,-4.3473,44.78,11.155,17.9667,-4.3451,45.13
179.298,5.2598,3.2235,2.5698,0,0,1.2625,1,0.1,0.1,0.1,10.921,21.1866,-4.348,44.99,13.2423,16.4668,-4.3474,44.79,11.1594,17.9719,-4.345,45.14
179.398,5.2533,3.2271,2.5768,0,0,1.2448,1,0.1,0.1,0.1,10.9329,21.1982,-4.3478,45.01,13.2712,16.4941,-4.3473,44.79,11.1657,17.9795,-4.3447,45.16
179.498,5.2468,3.2289,2.5838,0,0,1.2281,1,0.1,0.1,0.1,10.9449,21.2099,-4.3478,45.02,13.2999,16.5213,-4.3474,44.78,11.1734,17.9891,-4.3445,45.17
179.598,5.2402,3.2291,2.5909,0,0,1.2124,1,0.1,0.1,0.1,10.9571,21.2218,-4.3477,45.03,13.3282,16.5487,-4.3474,44.78,11.1824,18.0007,-4.3441,45.17
179.698,5.234,3.2278,2.5978,0,0,1.1974,1,0.1,0.1,0.1,10.9689,21.2339,-4.3477,45.04,13.3564,16.5762,-4.3473,44.78,11.1928,18.014,-4.3438,45.17
179.798,5.2279,3.2255,2.6044,0,0,1.1831,1,0.1,0.1,0.1,10.9808,21.2462,-4.3479,45.03,13.3843,16.6036,-4.3474,44.79,11.2043,18.0284,-4.3439,45.16
179.898,5.2215,3.2226,2.6107,0,0,1.1692,1,0.1,0.1,0.1,10.9929,21.2584,-4.3479,45.03,13.4122,16.6311,-4.3478,44.8,11.2166,18.0436,-4.3437,45.15
179.998,5.2151,3.2191,2.6172,0,0,1.1556,1,0.1,0.1,0.1,11.0055,21.2706,-4.3477,45.04,13.4402,16.6586,-4.3481,44.81,11.2293,18.0592,-4.3436,45.14
180.098,5.2084,3.2145,2.624,0,0,1.1423,1,0.1,0.1,0.1,11.0185,21.2822,-4.3476,45.03,13.4682,16.6859,-4.3481,44.8,11.2424,18.0755,-4.3435,45.12
180.198,5.2011,3.2088,2.6308,0,0,1.1291,1,0.1,0.1,0.1,11.0316,21.2935,-4.3478,45.03,13.4961,16.7134,-4.348,44.8,11.2557,18.0925,-4.3434,45.1
180.298,5.1945,3.2029,2.6384,0,0,1.1161,1,0.1,0.1,0.1,11.0448,21.3053,-4.3481,45.03,13.5244,16.7407,-4.3478,44.8,11.2693,18.1102,-4.343,45.09
180.398,5.1887,3.1968,2.6469,0,0,1.1032,1,0.1,0.1,0.1,11.058,21.3174,-4.3485,45.03,13.5531,16.768,-4.3478,44.81,11.2827,18.1286,-4.3426,45.08
180.498,5.183,3.1903,2.6556,0,0,1.0905,1,0.1,0.1,0.1,11.0715,21.3296,-4.3481,45.03,13.5819,16.7951,-4.3479,44.81,11.2963,18.1472,-4.3423,45.07
180.598,5.1772,3.1836,2.6644,0,0,1.078,1,0.1,0.1,0.1,11.0854,21.342,-4.3478,45.02,13.6106,16.8225,-4.3479,44.82,11.31,18.1664,-4.3422,45.06
180.698,5.1715,3.1763,2.6739,0,0,1.0659,1,0.1,0.1,0.1,11.0999,21.3547,-4.3474,45.0,13.6395,16.8498,-4.3478,44.81,11.3236,18.1864,-4.3421,45.05
180.798,5.1651,3.1686,2.6834,0,0,1.0536,1,0.1,0.1,0.1,11.1146,21.3673,-4.3469,44.99,13.6683,16.8776,-4.3479,44.81,11.3371,18.2065,-4.3421,45.04
180.898,5.1587,3.1604,2.693,0,0,1.0416,1,0.1,0.1,0.1,11.1296,21.3795,-4.3464,44.98,13.6971,16.9052,-4.3478,44.81,11.3507,18.2269,-4.3419,45.02
180.998,5.1527,3.1528,2.7024,0,0,1.0297,1,0.1,0.1,0.1,11.1445,21.3924,-4.3458,44.98,13.7257,16.9329,-4.3477,44.82,11.3646,18.2473,-4.3418,45.02
181.098,5.1468,3.1497,2.7091,0,0,1.0172,0,0.1,0.1,0.1,11.1595,21.406,-4.3456,44.99,13.754,16.961,-4.3474,44.82,11.3788,18.264,-4.3418,45.01
181.198,5.1413,3.1521,2.7132,0,0,1.0037,0,0.1,0.1,0.1,11.1745,21.4202,-4.3455,45.0,13.7819,16.9891,-4.347,44.83,11.3932,18.2757,-4.3419,45.0
181.298,5.1361,3.1587,2.7152,0,0,0.9896,0,0.1,0.1,0.1,11.1896,21.4346,-4.3458,45.01,13.8097,17.0172,-4.3464,44.83,11.4079,18.2835,-4.3422,45.0
181.398,5.1309,3.1684,2.7157,0,0,0.975,0,0.1,0.1,0.1,11.2046,21.4494,-4.3462,45.02,13.8373,17.0454,-4.3457,44.85,11.4228,18.2885,-4.3424,45.0
181.498,5.1262,3.1803,2.7158,0,0,0.9601,0,0.1,0.1,0.1,11.22,21.4645,-4.3467,45.03,13.865,17.0734,-4.3451,44.87,11.4377,18.2917,-4.3425,45.01
181.598,5.1222,3.1944,2.7156,0,0,0.9449,0,0.1,0.1,0.1,11.2352,21.4803,-4.3469,45.05,13.8927,17.1015,-4.3447,44.88,11.4526,18.2933,-4.3424,45.01
181.698,5.1185,3.2095,2.7156,0,0,0.9296,0,0.1,0.1,0.1,11.2504,21.4961,-4.3473,45.07,13.9207,17.1293,-4.3441,44.88,11.4675,18.294,-4.3422,45.0
181.798,5.1147,3.2249,2.7159,0,0,0.914,0,0.1,0.1,0.1,11.2657,21.5118,-4.3479,45.08,13.9487,17.1572,-4.3433,44.89,11.4822,18.2942,-4.3419,44.99
181.898,5.1107,3.2398,2.717,0,0,0.8982,0,0.1,0.1,0.1,11.281,21.5271,-4.3483,45.09,13.9768,17.1852,-4.3424,44.9,11.4966,18.2944,-4.3417,44.99
181.998,5.1071,3.2548,2.7191,0,0,0.8824,0,0.1,0.1,0.1,11.2965,21.5426,-4.3484,45.1,14.0052,17.213,-4.3415,44.91,11.5107,18.2949,-4.3414,44.97
182.098,5.1036,3.2691,2.7222,0,0,0.8668,0,0.1,0.1,0.1,11.3121,21.5581,-4.3486,45.1,14.0335,17.2407,-4.3408,44.92,11.5241,18.2959,-4.3411,44.95
182.198,5.0999,3.2829,2.7261,0,0,0.8513,0,0.1,0.1,0.1,11.3282,21.5734,-4.3485,45.1,14.062,17.2681,-4.34,44.94,11.5377,18.2972,-4.3413,44.94
182.298,5.0966,3.2962,2.731,0,0,0.8359,0,0.1,0.1,0.1,11.3447,21.5887,-4.3485,45.08,14.0909,17.2953,-4.3391,44.96,11.551,18.2989,-4.3418,44.93
182.398,5.0936,3.3087,2.7373,0,0,0.8204,0,0.1,0.1,0.1,11.3605,21.6038,-4.3483,45.08,14.1198,17.3223,-4.338,44.97,11.5636,18.3013,-4.3421,44.92
182.498,5.091,3.3205,2.7445,0,0,0.8047,0,0.1,0.1,0.1,11.3757,21.6189,-4.3482,45.08,14.1489,17.3494,-4.3368,44.97,11.5759,18.3044,-4.3425,44.91
182.598,5.0888,3.3314,2.7526,0,0,0.789,0,0.1,0.1,0.1,11.3908,21.6338,-4.348,45.1,14.1783,17.3765,-4.3356,44.96,11.5883,18.3083,-4.3426,44.9
182.698,5.0864,3.3413,2.7615,0,0,0.7734,0,0.1,0.1,0.1,11.4062,21.6484,-4.3481,45.12,14.208,17.4032,-4.3347,44.96,11.6005,18.3128,-4.3424,44.89
182.798,5.0846,3.3506,2.7714,0,0,0.758,0,0.1,0.1,0.1,11.4215,21.6631,-4.348,45.15,14.2378,17.4297,-4.3341,44.96,11.6125,18.318,-4.3423,44.88
182.898,5.083,3.3592,2.7821,0,0,0.7427,0,0.1,0.1,0.1,11.4367,21.678,-4.348,45.17,14.2676,17.4564,-4.3334,44.96,11.6243,18.3241,-4.3421,44.88
182.998,5.0803,3.367,2.7931,0,0,0.7273,0,0.1,0.1,0.1,11.4525,21.6926,-4.348,45.18,14.2975,17.4836,-4.3329,44.96,11.636,18.3306,-4.3421,44.89
183.098,5.0774,3.3742,2.804,0,0,0.7121,0,0.1,0.1,0.1,11.4686,21.7072,-4.348,45.19,14.3272,17.511,-4.3322,44.96,11.6478,18.3378,-4.3421,44.9
183.198,5.0741,3.3806,2.8153,0,0,0.6972,0,0.1,0.1,0.1,11.4849,21.7218,-4.3482,45.2,14.3566,17.5385,-4.3315,44.94,11.6596,18.3457,-4.3419,44.92
183.298,5.071,3.3863,2.8274,0,0,0.6822,0,0.1,0.1,0.1,11.5013,21.7362,-4.3481,45.2,14.3865,17.566,-4.3313,44.93,11.6711,18.3542,-4.3418,44.92
183.398,5.0681,3.3913,2.8401,0,0,0.6672,0,0.1,0.1,0.1,11.5178,21.7503,-4.3474,45.2,14.4167,17.5932,-4.3314,44.92,11.683,18.363,-4.3419,44.91
183.498,5.0653,3.3961,2.8528,0,0,0.6525,0,0.1,0.1,0.1,11.5348,21.7647,-4.3466,45.2,14.447,17.6203,-4.3315,44.91,11.6951,18.3725,-4.3416,44.9
183.598,5.0631,3.4012,2.866,0,0,0.6384,0,0.1,0.1,0.1,11.5524,21.7801,-4.346,45.19,14.4774,17.6476,-4.3318,44.91,11.7073,18.3825,-4.3412,44.89
183.698,5.0609,3.4066,2.8788,0,0,0.6246,0,0.1,0.1,0.1,11.5704,21.7963,-4.3456,45.18,14.5078,17.675,-4.3324,44.91,11.7199,18.3929,-4.3408,44.88
183.798,5.0582,3.412,2.8912,0,0,0.6112,0,0.1,0.1,0.1,11.5891,21.8123,-4.345,45.16,14.5377,17.7025,-4.3332,44.92,11.7327,18.4034,-4.3404,44.89
183.898,5.055,3.4173,2.9034,0,0,0.5981,0,0.1,0.1,0.1,11.6082,21.8283,-4.3444,45.13,14.5673,17.7299,-4.3341,44.94,11.7456,18.4138,-4.3401,44.89
183.998,5.0521,3.4224,2.9161,0,0,0.5849,0,0.1,0.1,0.1,11.6273,21.8446,-4.3438,45.1,14.5972,17.7576,-4.3349,44.95,11.7584,18.4247,-4.3398,44.9
184.098,5.049,3.4267,2.9289,0,0,0.5721,0,0.1,0.1,0.1,11.6464,21.861,-4.3434,45.07,14.6267,17.7853,-4.3357,44.96,11.7711,18.4366,-4.3398,44.9
184.198,5.0454,3.4302,2.941,0,0,0.5595,0,0.1,0.1,0.1,11.6653,21.8775,-4.3429,45.05,14.6555,17.8136,-4.3365,44.98,11.784,18.4493,-4.3402,44.91
184.298,5.0418,3.4334,2.9528,0,0,0.547,0,0.1,0.1,0.1,11.6837,21.894,-4.3425,45.03,14.6841,17.8421,-4.337,45.0,11.7973,18.4624,-4.3406,44.92
184.398,5.0386,3.437,2.9641,0,0,0.5348,0,0.1,0.1,0.1,11.702,21.911,-4.3425,45.01,14.7126,17.8707,-4.3373,45.01,11.8109,18.4756,-4.341,44.92
184.498,5.0354,3.4402,2.9754,0,0,0.5227,0,0.1,0.1,0.1,11.7202,21.9279,-4.3428,44.99,14.7411,17.8992,-4.3377,45.01,11.8247,18.4892,-4.3413,44.93
184.598,5.0319,3.443,2.9872,0,0,0.5105,0,0.1,0.1,0.1,11.7387,21.9447,-4.3429,44.98,14.7696,17.928,-4.3379,45.0,11.8384,18.5031,-4.3418,44.95
184.698,5.0283,3.4454,2.999,0,0,0.4984,0,0.1,0.1,0.1,11.7569,21.9615,-4.3425,44.97,14.7978,17.9569,-4.3377,45.0,11.8516,18.5173,-4.3423,44.97
184.798,5.0246,3.4472,3.011,0,0,0.4865,0,0.1,0.1,0.1,11.7753,21.978,-4.3419,44.95,14.8258,17.9854,-4.3377,45.0,11.8648,18.532,-4.343,44.99
184.898,5.0213,3.4488,3.0232,0,0,0.4747,0,0.1,0.1,0.1,11.7937,21.9944,-4.3414,44.94,14.8543,18.0137,-4.3378,45.0,11.8784,18.5467,-4.3439,45.01
184.998,5.0182,3.4502,3.0355,0,0,0.4629,0,0.1,0.1,0.1,11.8122,22.0106,-4.3411,44.93,14.8828,18.0415,-4.338,45.0,11.8921,18.5613,-4.345,45.03
185.098,5.0155,3.4517,3.0479,0,0,0.4512,0,0.1,0.1,0.1,11.8303,22.0268,-4.341,44.93,14.9113,18.0692,-4.3383,44.99,11.9058,18.5759,-4.3456,45.05
185.198,5.0134,3.4541,3.06,0,0,0.4394,0,0.1,0.1,0.1,11.8477,22.0436,-4.3411,44.93,14.9395,18.097,-4.3385,44.99,11.9195,18.5902,-4.3457,45.07
185.298,5.0119,3.457,3.0716,0,0,0.4275,0,0.1,0.1,0.1,11.8641,22.0605,-4.3411,44.94,14.9675,18.125,-4.339,44.98,11.9335,18.6042,-4.3457,45.08
185.398,5.0108,3.4601,3.0832,0,0,0.4151,0,0.1,0.1,0.1,11.8795,22.0773,-4.3408,44.93,14.9955,18.1533,-4.3392,44.97,11.9476,18.6179,-4.3457,45.1
185.498,5.01,3.4635,3.095,0,0,0.4026,0,0.1,0.1,0.1,11.8947,22.0942,-4.3403,44.92,15.0237,18.1815,-4.3393,44.96,11.9616,18.6314,-4.3459,45.1
185.598,5.0099,3.467,3.1069,0,0,0.3902,0,0.1,0.1,0.1,11.9095,22.1113,-4.34,44.91,15.0518,18.2093,-4.3394,44.95,11.9755,18.6449,-4.3459,45.11
185.698,5.0101,3.4704,3.1188,0,0,0.3778,0,0.1,0.1,0.1,11.9242,22.1286,-4.3399,44.9,15.0799,18.2374,-4.3403,44.95,11.9898,18.6588,-4.3458,45.11
185.798,5.0097,3.4735,3.1309,0,0,0.3653,0,0.1,0.1,0.1,11.9394,22.1458,-4.3399,44.9,15.1085,18.2658,-4.3412,44.96,12.0042,18.6729,-4.3458,45.12
185.898,5.0088,3.4757,3.1438,0,0,0.3527,0,0.1,0.1,0.1,11.9553,22.1623,-4.3399,44.89,15.1372,18.294,-4.3419,44.96,12.0181,18.6871,-4.3457,45.12
185.998,5.0079,3.4775,3.1565,0,0,0.3404,0,0.1,0.1,0.1,11.9711,22.1786,-4.3398,44.89,15.1658,18.3221,-4.3425,44.97,12.0322,18.7017,-4.3454,45.13
186.098,5.0075,3.4786,3.1688,0,0,0.3288,0,0.1,0.1,0.1,11.9871,22.1953,-4.3395,44.88,15.1941,18.3495,-4.3429,44.97,12.0466,18.7172,-4.3454,45.14
186.198,5.0074,3.4797,3.1808,0,0,0.3182,0,0.1,0.1,0.1,12.0035,22.2126,-4.3393,44.88,15.2219,18.3765,-4.3434,44.97,12.0612,18.7334,-4.3456,45.15
186.298,5.0072,3.4808,3.1925,0,0,0.308,0,0.1,0.1,0.1,12.0202,22.2303,-4.3388,44.88,15.2492,18.4034,-4.3442,44.96,12.0756,18.75,-4.3454,45.16
186.398,5.0065,3.4815,3.2038,0,0,0.2982,0,0.1,0.1,0.1,12.0374,22.2479,-4.3385,44.87,15.2762,18.4302,-4.3446,44.96,12.0901,18.7668,-4.345,45.17
186.498,5.006,3.4825,3.2148,0,0,0.2886,0,0.1,0.1,0.1,12.0546,22.2654,-4.3383,44.87,15.3032,18.4567,-4.3446,44.95,12.105,18.7833,-4.3445,45.17
186.598,5.0064,3.484,3.2266,0,0,0.2789,0,0.1,0.1,0.1,12.0718,22.2833,-4.3382,44.86,15.3307,18.4828,-4.3447,44.94,12.1197,18.7996,-4.3442,45.18
186.698,5.007,3.4859,3.2385,0,0,0.2692,0,0.1,0.1,0.1,12.0893,22.3013,-4.338,44.86,15.3583,18.5088,-4.3451,44.93,12.1344,18.8157,-4.3441,45.19
186.798,5.0075,3.4874,3.2503,0,0,0.2598,0,0.1,0.1,0.1,12.1068,22.3193,-4.3378,44.85,15.3858,18.5346,-4.3454,44.93,12.1491,18.8322,-4.3441,45.2
186.898,5.0085,3.489,3.2621,0,0,0.2507,0,0.1,0.1,0.1,12.1246,22.3375,-4.3378,44.85,15.4133,18.56,-4.3458,44.93,12.1639,18.8487,-4.3439,45.21
186.998,5.0093,3.4906,3.2736,0,0,0.2419,0,0.1,0.1,0.1,12.1423,22.3556,-4.3379,44.85,15.4404,18.5852,-4.3463,44.92,12.1788,18.8652,-4.3435,45.22
187.098,5.0098,3.4917,3.2844,0,0,0.2335,0,0.1,0.1,0.1,12.1598,22.3734,-4.3378,44.84,15.4667,18.6102,-4.3471,44.91,12.1936,18.8819,-4.343,45.23
187.198,5.0099,3.4928,3.2941,0,0,0.2254,0,0.1,0.1,0.1,12.177,22.3909,-4.3381,44.84,15.4923,18.635,-4.3481,44.9,12.2088,18.8983,-4.3423,45.23
187.298,5.0095,3.4948,3.3025,0,0,0.2177,0,0.1,0.1,0.1,12.1942,22.409,-4.3388,44.84,15.517,18.66,-4.3489,44.89,12.2243,18.9143,-4.3418,45.23
187.398,5.0089,3.4971,3.3102,0,0,0.2105,0,0.1,0.1,0.1,12.2117,22.4273,-4.3397,44.82,15.541,18.685,-4.3498,44.89,12.2399,18.9303,-4.3414,45.22
187.498,5.0086,3.4994,3.3178,0,0,0.2038,0,0.1,0.1,0.1,12.2291,22.4457,-4.3403,44.81,15.5646,18.7093,-4.3507,44.88,12.2553,18.9464,-4.3414,45.22
187.598,5.0086,3.5016,3.3255,0,0,0.1971,0,0.1,0.1,0.1,12.2462,22.4639,-4.3407,44.81,15.5881,18.7333,-4.3513,44.88,12.2706,18.9624,-4.3418,45.22
187.698,5.0084,3.5036,3.3331,0,0,0.1906,0,0.1,0.1,0.1,12.2635,22.482,-4.3412,44.83,15.6115,18.7571,-4.3517,44.87,12.2858,18.9785,-4.3419,45.23
187.798,5.0081,3.5058,3.3405,0,0,0.1843,0,0.1,0.1,0.1,12.281,22.5003,-4.3418,44.84,15.6347,18.7809,-4.3518,44.87,12.3011,18.9945,-4.3417,45.23
187.898,5.0072,3.508,3.3474,0,0,0.1783,0,0.1,0.1,0.1,12.2989,22.5186,-4.3424,44.85,15.6573,18.8047,-4.3514,44.87,12.3163,19.0106,-4.3416,45.24
187.998,5.0062,3.5101,3.3538,0,0,0.1727,0,0.1,0.1,0.1,12.317,22.5367,-4.3431,44.87,15.6796,18.828,-4.3504,44.87,12.3317,19.0266,-4.3414,45.24
188.098,5.0052,3.5123,3.3591,0,0,0.1676,0,0.1,0.1,0.1,12.3349,22.5548,-4.3438,44.88,15.7014,18.851,-4.3491,44.87,12.3478,19.0426,-4.3411,45.24
188.198,5.0042,3.5145,3.3638,0,0,0.1624,0,0.1,0.1,0.1,12.3525,22.5726,-4.3447,44.89,15.7233,18.874,-4.348,44.86,12.3645,19.0582,-4.3406,45.24
188.298,5.0025,3.516,3.3679,0,0,0.1573,0,0.1,0.1,0.1,12.3701,22.59,-4.3454,44.89,15.7449,18.8973,-4.3471,44.87,12.3816,19.074,-4.3401,45.23
188.398,5.0003,3.5169,3.3721,0,0,0.152,0,0.1,0.1,0.1,12.388,22.6072,-4.3459,44.89,15.7666,18.921,-4.346,44.87,12.3988,19.0903,-4.3397,45.21
188.498,4.9981,3.5174,3.3769,0,0,0.1466,0,0.1,0.1,0.1,12.4061,22.6243,-4.3465,44.9,15.7886,18.9447,-4.3447,44.88,12.4157,19.1069,-4.3396,45.18
188.598,4.9954,3.5174,3.3817,0,0,0.1413,0,0.1,0.1,0.1,12.4244,22.6414,-4.3467,44.9,15.8105,18.9687,-4.3437,44.89,12.4323,19.124,-4.3397,45.16
188.698,4.9931,3.5175,3.3868,0,0,0.1362,0,0.1,0.1,0.1,12.4432,22.6587,-4.3469,44.91,15.8328,18.9924,-4.3427,44.89,12.4492,19.1412,-4.3399,45.16
188.798,4.9916,3.5176,3.3925,0,0,0.1312,0,0.1,0.1,0.1,12.4621,22.6762,-4.3472,44.91,15.8556,19.0155,-4.342,44.9,12.4661,19.1586,-4.3403,45.14
188.898,4.9901,3.5172,3.3985,0,0,0.126,0,0.1,0.1,0.1,12.4807,22.6935,-4.3475,44.92,15.8784,19.0389,-4.3417,44.91,12.4827,19.1763,-4.3407,45.13
188.998,4.9891,3.517,3.4048,0,0,0.1206,0,0.1,0.1,0.1,12.4986,22.7109,-4.348,44.92,15.9013,19.0622,-4.3417,44.92,12.499,19.194,-4.3409,45.12
189.098,4.989,3.5169,3.4115,0,0,0.1149,0,0.1,0.1,0.1,12.5164,22.7285,-4.3485,44.93,15.925,19.0854,-4.3418,44.92,12.5158,19.2116,-4.3409,45.11
189.198,4.9891,3.5169,3.4181,0,0,0.1092,0,0.1,0.1,0.1,12.534,22.7462,-4.3489,44.94,15.9487,19.1088,-4.3417,44.93,12.5327,19.2293,-4.3407,45.12
189.298,4.9891,3.5169,3.4239,0,0,0.1038,0,0.1,0.1,0.1,12.5517,22.764,-4.349,44.95,15.9722,19.1321,-4.3414,44.94,12.5503,19.2471,-4.3405,45.12
189.398,4.9888,3.517,3.429,0,0,0.0988,0,0.1,0.1,0.1,12.5695,22.7819,-4.3491,44.96,15.9953,19.1554,-4.3411,44.95,12.568,19.2649,-4.3402,45.12
189.498,4.9882,3.5168,3.434,0,0,0.0939,0,0.1,0.1,0.1,12.5873,22.7999,-4.3495,44.97,16.0181,19.1788,-4.341,44.95,12.5856,19.2831,-4.3401,45.12
189.598,4.9877,3.5163,3.4389,0,0,0.0891,0,0.1,0.1,0.1,12.6051,22.8177,-4.3498,44.98,16.0409,19.202,-4.3409,44.95,12.6034,19.3014,-4.3397,45.12
189.698,4.9873,3.5155,3.4433,0,0,0.0846,0,0.1,0.1,0.1,12.6231,22.8354,-4.3501,44.99,16.0637,19.225,-4.3409,44.94,12.6217,19.3199,-4.3394,45.12
189.798,4.9867,3.5146,3.4475,0,0,0.0803,0,0.1,0.1,0.1,12.6412,22.8529,-4.3502,44.99,16.0863,19.2477,-4.341,44.94,12.64,19.3383,-4.3392,45.11
189.898,4.986,3.5133,3.4518,0,0,0.076,0,0.1,0.1,0.1,12.6592,22.8703,-4.3501,45.01,16.109,19.2704,-4.3406,44.94,12.6583,19.357,-4.3391,45.1
189.998,4.9863,3.5121,3.4566,0,0,0.0718,0,0.1,0.1,0.1,12.677,22.888,-4.3501,45.01,16.1319,19.2925,-4.3401,44.94,12.6763,19.3759,-4.339,45.09
190.098,4.9877,3.5109,3.4619,0,0,0.0679,0,0.1,0.1,0.1,12.6947,22.906,-4.3502,45.01,16.1551,19.3139,-4.3396,44.93,12.6941,19.3951,-4.339,45.08
190.198,4.9894,3.5104,3.4669,0,0,0.0644,0,0.1,0.1,0.1,12.7127,22.9242,-4.3505,45.01,16.1782,19.3348,-4.3394,44.93,12.7123,19.4139,-4.3393,45.07
190.298,4.9918,3.5107,3.4719,0,0,0.0612,0,0.1,0.1,0.1,12.7309,22.9431,-4.3501,45.0,16.2015,19.3552,-4.3394,44.91,12.7304,19.4324,-4.3397,45.05
190.398,4.9944,3.5116,3.4772,0,0,0.0582,0,0.1,0.1,0.1,12.7496,22.9624,-4.3495,45.0,16.2248,19.3754,-4.3393,44.9,12.7484,19.4508,-4.3403,45.04
190.498,4.9968,3.5129,3.4822,0,0,0.0555,0,0.1,0.1,0.1,12.7685,22.9817,-4.3491,45.0,16.2479,19.3954,-4.3392,44.89,12.7665,19.4689,-4.341,45.04
190.598,4.9989,3.514,3.4869,0,0,0.0531,0,0.1,0.1,0.1,12.7876,23.001,-4.3491,44.99,16.2706,19.4153,-4.339,44.88,12.7844,19.4871,-4.3421,45.04
190.698,5.0,3.5149,3.4909,0,0,0.0511,0,0.1,0.1,0.1,12.8071,23.0201,-4.3496,44.99,16.2927,19.4353,-4.3388,44.88,12.8025,19.5052,-4.3429,45.04
190.798,5.0013,3.5157,3.495,0,0,0.0493,0,0.1,0.1,0.1,12.8268,23.0394,-4.3501,44.99,16.3147,19.4551,-4.3387,44.88,12.8204,19.5237,-4.3435,45.03
190.898,5.0031,3.5167,3.499,0,0,0.0479,0,0.1,0.1,0.1,12.8465,23.0591,-4.3504,45.0,16.3369,19.4748,-4.3387,44.88,12.8385,19.5424,-4.3441,45.03
190.998,5.0048,3.5181,3.5032,0,0,0.0465,0,0.1,0.1,0.1,12.8666,23.0789,-4.3507,45.01,16.3591,19.4942,-4.3388,44.89,12.8565,19.5608,-4.3444,45.03
191.098,5.0067,3.5197,3.5073,0,0,0.0455,0,0.1,0.1,0.1,12.8868,23.0988,-4.3507,45.03,16.3812,19.5133,-4.3388,44.89,12.8745,19.5792,-4.3442,45.04
191.198,5.0081,3.5217,3.5109,0,0,0.0446,0,0.1,0.1,0.1,12.9075,23.1188,-4.3506,45.04,16.403,19.5324,-4.3384,44.89,12.8927,19.5971,-4.344,45.05
191.298,5.0093,3.5241,3.5145,0,0,0.044,0,0.1,0.1,0.1,12.9283,23.1391,-4.3508,45.06,16.4244,19.5516,-4.3378,44.89,12.9105,19.615,-4.3442,45.04
191.398,5.0106,3.5266,3.5179,0,0,0.0435,0,0.1,0.1,0.1,12.9492,23.1596,-4.3512,45.08,16.4459,19.5709,-4.3374,44.89,12.9286,19.6331,-4.3445,45.04
191.498,5.0115,3.5289,3.5209,0,0,0.0431,0,0.1,0.1,0.1,12.9704,23.1802,-4.3513,45.1,16.4673,19.5903,-4.3367,44.9,12.9469,19.6514,-4.3449,45.04
191.598,5.0121,3.5312,3.5235,0,0,0.0426,0,0.1,0.1,0.1,12.9918,23.2006,-4.3509,45.1,16.4887,19.6099,-4.3361,44.91,12.9658,19.6694,-4.3451,45.03
191.698,5.0125,3.5334,3.5254,0,0,0.0421,0,0.1,0.1,0.1,13.0131,23.2209,-4.3506,45.1,16.51,19.6297,-4.3358,44.92,12.985,19.6876,-4.3453,45.02
191.798,5.0122,3.5348,3.527,0,0,0.0413,0,0.1,0.1,0.1,13.0342,23.2406,-4.3504,45.1,16.5311,19.6497,-4.3357,44.93,13.0046,19.706,-4.3456,45.01
191.898,5.0113,3.5357,3.5282,0,0,0.0401,0,0.1,0.1,0.1,13.0554,23.2596,-4.3501,45.11,16.5521,19.6699,-4.3359,44.94,13.0244,19.724,-4.3458,44.99
191.998,5.0104,3.537,3.5291,0,0,0.0388,0,0.1,0.1,0.1,13.0761,23.2785,-4.35,45.13,16.5729,19.69,-4.3365,44.94,13.0441,19.7416,-4.3459,44.99
192.098,5.0096,3.5382,3.5297,0,0,0.0375,0,0.1,0.1,0.1,13.0964,23.2974,-4.3499,45.14,16.5932,19.7101,-4.3372,44.94,13.0638,19.7593,-4.3458,45.0
192.198,5.0082,3.5392,3.5302,0,0,0.0362,0,0.1,0.1,0.1,13.1169,23.3161,-4.3496,45.15,16.6132,19.7303,-4.338,44.94,13.0833,19.777,-4.3457,45.0
192.298,5.0067,3.5399,3.5307,0,0,0.0348,0,0.1,0.1,0.1,13.1372,23.3344,-4.3494,45.15,16.6332,19.7505,-4.3389,44.94,13.1028,19.7947,-4.346,45.0
192.398,5.0057,3.5405,3.5318,0,0,0.0333,0,0.1,0.1,0.1,13.1571,23.3528,-4.3495,45.16,16.6535,19.7705,-4.3395,44.94,13.122,19.8125,-4.3465,44.99
192.498,5.0048,3.5412,3.533,0,0,0.0318,0,0.1,0.1,0.1,13.1768,23.3711,-4.3499,45.16,16.6738,19.7907,-4.3399,44.94,13.141,19.8301,-4.347,44.98
192.598,5.0044,3.5419,3.5345,0,0,0.0304,0,0.1,0.1,0.1,13.1962,23.3895,-4.3505,45.16,16.694,19.8105,-4.34,44.95,13.1597,19.8478,-4.3475,44.97
192.698,5.0044,3.5427,3.5358,0,0,0.0299,0,0.1,0.1,0.1,13.2151,23.4078,-4.3512,45.16,16.714,19.83,-4.3402,44.95,13.1784,19.8653,-4.3477,44.95
192.798,5.0043,3.5435,3.5372,0,0,0.0296,0,0.1,0.1,0.1,13.2343,23.426,-4.3516,45.16,16.7342,19.8492,-4.3404,44.95,13.1972,19.8827,-4.3479,44.94
192.898,5.0041,3.5445,3.5392,0,0,0.0297,0,0.1,0.1,0.1,13.254,23.4443,-4.3518,45.16,16.7548,19.8687,-4.3406,44.96,13.2158,19.9,-4.3481,44.93
192.998,5.0042,3.5461,3.5412,0,0,0.0301,0,0.1,0.1,0.1,13.2739,23.4632,-4.3518,45.18,16.7752,19.8881,-4.3409,44.96,13.2341,19.9173,-4.3484,44.93
193.098,5.0043,3.5483,3.5432,0,0,0.0309,0,0.1,0.1,0.1,13.294,23.4826,-4.3514,45.18,16.7956,19.9074,-4.3411,44.97,13.2525,19.9345,-4.3485,44.93
193.198,5.004,3.5511,3.5454,0,0,0.0319,0,0.1,0.1,0.1,13.3145,23.5023,-4.351,45.17,16.816,19.9275,-4.3414,44.97,13.2706,19.9515,-4.3487,44.93
193.298,5.0035,3.5539,3.5479,0,0,0.0333,0,0.1,0.1,0.1,13.3353,23.5224,-4.3505,45.15,16.8364,19.9479,-4.3417,44.97,13.2885,19.9689,-4.3488,44.93
193.398,5.0031,3.5568,3.5503,0,0,0.0345,0,0.1,0.1,0.1,13.3557,23.5426,-4.3501,45.13,16.8565,19.9684,-4.3421,44.97,13.3062,19.9862,-4.3486,44.93
193.498,5.0025,3.5597,3.5526,0,0,0.0357,0,0.1,0.1,0.1,13.3759,23.5627,-4.3495,45.13,16.8764,19.9889,-4.3425,44.96,13.3239,20.0034,-4.3482,44.91
193.598,5.002,3.5621,3.5544,0,0,0.0367,0,0.1,0.1,0.1,13.396,23.5826,-4.3489,45.13,16.8962,20.0093,-4.343,44.94,13.3418,20.0209,-4.3479,44.9
193.698,5.0012,3.5641,3.5562,0,0,0.0375,0,0.1,0.1,0.1,13.4162,23.6022,-4.3482,45.13,16.9163,20.0299,-4.3433,44.94,13.3601,20.0386,-4.3478,44.9
193.798,5.0001,3.5655,3.5578,0,0,0.038,0,0.1,0.1,0.1,13.4367,23.6215,-4.3476,45.12,16.9365,20.0505,-4.3437,44.94,13.3787,20.0565,-4.3478,44.89
193.898,4.9991,3.5662,3.5592,0,0,0.0381,0,0.1,0.1,0.1,13.4565,23.6408,-4.347,45.1,16.9566,20.0715,-4.3441,44.94,13.3974,20.0751,-4.3475,44.89
193.998,4.9986,3.567,3.5609,0,0,0.038,0,0.1,0.1,0.1,13.4764,23.6603,-4.3462,45.07,16.9772,20.0924,-4.3445,44.94,13.4163,20.0938,-4.3471,44.9
194.098,4.9984,3.5675,3.5627,0,0,0.0379,0,0.1,0.1,0.1,13.4962,23.6799,-4.3454,45.05,16.9979,20.1131,-4.3448,44.93,13.4352,20.113,-4.3468,44.9
194.198,4.9986,3.5674,3.5647,0,0,0.0377,0,0.1,0.1,0.1,13.5158,23.6996,-4.3449,45.03,17.0186,20.1336,-4.345,44.92,13.4539,20.1328,-4.3463,44.91
194.298,4.9994,3.5675,3.5669,0,0,0.0376,0,0.1,0.1,0.1,13.5352,23.7195,-4.3445,45.02,17.0392,20.1536,-4.3451,44.91,13.4723,20.1525,-4.3456,44.92
194.398,5.0002,3.5683,3.5694,0,0,0.0379,0,0.1,0.1,0.1,13.5548,23.7397,-4.3445,45.01,17.0599,20.1737,-4.3454,44.9,13.4905,20.172,-4.3453,44.93
194.498,5.0015,3.5693,3.5719,0,0,0.0381,0,0.1,0.1,0.1,13.5743,23.7601,-4.3445,45.01,17.0807,20.1936,-4.3455,44.89,13.5088,20.1913,-4.3452,44.95
194.598,5.0033,3.5709,3.5742,0,0,0.0383,0,0.1,0.1,0.1,13.5936,23.7806,-4.3447,45.01,17.1017,20.2133,-4.3451,44.87,13.5276,20.2103,-4.3453,44.98
194.698,5.0052,3.573,3.5759,0,0,0.0386,0,0.1,0.1,0.1,13.6129,23.8015,-4.3447,45.01,17.1224,20.2329,-4.3445,44.86,13.5465,20.2291,-4.3454,45.0
194.798,5.0067,3.5749,3.5771,0,0,0.0389,0,0.1,0.1,0.1,13.6321,23.8221,-4.3447,45.01,17.1428,20.2526,-4.344,44.85,13.5657,20.2479,-4.3451,45.01
194.898,5.0081,3.5767,3.578,0,0,0.0393,0,0.1,0.1,0.1,13.6512,23.8428,-4.345,45.01,17.1632,20.2725,-4.344,44.84,13.5852,20.2667,-4.3444,45.0
194.998,5.0091,3.5784,3.5787,0,0,0.0398,0,0.1,0.1,0.1,13.6703,23.8632,-4.3456,45.0,17.1835,20.2928,-4.3443,44.82,13.6049,20.2854,-4.3437,45.0
195.098,5.0096,3.5799,3.5794,0,0,0.0403,0,0.1,0.1,0.1,13.6894,23.8832,-4.3463,45.01,17.2039,20.3132,-4.3448,44.81,13.6246,20.3039,-4.343,45.0
195.198,5.0095,3.5815,3.5799,0,0,0.0411,0,0.1,0.1,0.1,13.7088,23.9029,-4.3466,45.01,17.2239,20.3337,-4.3454,44.82,13.644,20.322,-4.3423,44.99
195.298,5.0085,3.5832,3.58,0,0,0.042,0,0.1,0.1,0.1,13.7284,23.9224,-4.3466,45.0,17.2435,20.3546,-4.3463,44.84,13.6635,20.3398,-4.3419,44.97
195.398,5.0069,3.5844,3.5794,0,0,0.0425,0,0.1,0.1,0.1,13.7478,23.9417,-4.3464,45.0,17.2625,20.3757,-4.3469,44.87,13.6831,20.3579,-4.3417,44.96
195.498,5.0053,3.5858,3.5782,0,0,0.0427,0,0.1,0.1,0.1,13.767,23.9614,-4.3463,45.0,17.281,20.3969,-4.3469,44.87,13.7029,20.3762,-4.3416,44.94
195.598,5.0039,3.5873,3.5767,0,0,0.043,0,0.1,0.1,0.1,13.7862,23.9813,-4.3463,45.0,17.2993,20.418,-4.3465,44.88,13.7227,20.3946,-4.3413,44.91
195.698,5.0026,3.5887,3.5756,0,0,0.0434,0,0.1,0.1,0.1,13.8053,24.0012,-4.3463,45.0,17.3178,20.4391,-4.3463,44.88,13.7422,20.4131,-4.341,44.88
195.798,5.0012,3.5901,3.575,0,0,0.044,0,0.1,0.1,0.1,13.8245,24.021,-4.3462,45.0,17.3362,20.4602,-4.3463,44.89,13.7614,20.4315,-4.341,44.86
195.898,4.9998,3.5914,3.5741,0,0,0.0446,0,0.1,0.1,0.1,13.8436,24.0408,-4.3462,45.02,17.3545,20.4812,-4.3463,44.89,13.7806,20.45,-4.3405,44.86
195.998,4.9985,3.593,3.5733,0,0,0.0454,0,0.1,0.1,0.1,13.8627,24.0606,-4.3463,45.03,17.3731,20.5023,-4.3463,44.89,13.7999,20.4682,-4.3399,44.86
196.098,4.9973,3.5952,3.5728,0,0,0.0465,0,0.1,0.1,0.1,13.8819,24.0807,-4.3465,45.04,17.3921,20.5238,-4.3464,44.88,13.8195,20.486,-4.3393,44.85
196.198,4.9961,3.5972,3.5726,0,0,0.0478,0,0.1,0.1,0.1,13.9012,24.1007,-4.347,45.06,17.4111,20.5453,-4.3463,44.87,13.8387,20.5041,-4.3389,44.84
196.298,4.9948,3.5988,3.573,0,0,0.0492,0,0.1,0.1,0.1,13.9208,24.1208,-4.3475,45.09,17.43,20.5664,-4.346,44.86,13.8573,20.5226,-4.3388,44.83
196.398,4.9932,3.6002,3.5737,0,0,0.0506,0,0.1,0.1,0.1,13.9409,24.1407,-4.3475,45.1,17.449,20.5875,-4.3456,44.86,13.8757,20.5411,-4.3389,44.84
196.498,4.9912,3.6014,3.5741,0,0,0.052,0,0.1,0.1,0.1,13.9613,24.1605,-4.3469,45.08,17.4679,20.6086,-4.3453,44.87,13.8942,20.5597,-4.339,44.84
196.598,4.9896,3.6024,3.5744,0,0,0.0531,0,0.1,0.1,0.1,13.9814,24.1803,-4.3463,45.07,17.4867,20.6294,-4.3452,44.88,13.9127,20.5786,-4.3392,44.84
196.698,4.9882,3.6032,3.5749,0,0,0.0541,0,0.1,0.1,0.1,14.0016,24.2001,-4.3454,45.06,17.5057,20.65,-4.345,44.89,13.9312,20.5976,-4.3392,44.84
196.798,4.9875,3.6037,3.5762,0,0,0.0551,0,0.1,0.1,0.1,14.0215,24.2198,-4.3448,45.06,17.5254,20.6705,-4.3446,44.9,13.9496,20.6169,-4.3392,44.83
196.898,4.9872,3.6044,3.5777,0,0,0.0562,0,0.1,0.1,0.1,14.0413,24.2397,-4.3444,45.05,17.5453,20.6909,-4.3447,44.91,13.968,20.6361,-4.3392,44.83
196.998,4.9869,3.6052,3.5789,0,0,0.0572,0,0.1,0.1,0.1,14.061,24.2598,-4.344,45.05,17.5651,20.7115,-4.345,44.91,13.9867,20.6553,-4.339,44.83
197.098,4.9862,3.6056,3.5804,0,0,0.0583,0,0.1,0.1,0.1,14.0809,24.2794,-4.3436,45.04,17.5852,20.7323,-4.3453,44.91,14.0052,20.6747,-4.3391,44.83
197.198,4.9854,3.6061,3.582,0,0,0.0596,0,0.1,0.1,0.1,14.1012,24.2993,-4.3435,45.02,17.6051,20.7529,-4.3456,44.91,14.0236,20.694,-4.3392,44.82
197.298,4.9848,3.6074,3.5834,0,0,0.061,0,0.1,0.1,0.1,14.1215,24.3196,-4.3438,45.01,17.6248,20.7735,-4.3461,44.92,14.0419,20.7131,-4.3391,44.8
197.398,4.9846,3.6093,3.5843,0,0,0.0624,0,0.1,0.1,0.1,14.1418,24.3404,-4.3443,45.0,17.6444,20.7938,-4.347,44.92,14.0606,20.732,-4.3389,44.79
197.498,4.984,3.6113,3.5849,0,0,0.0638,0,0.1,0.1,0.1,14.1622,24.3611,-4.3444,45.0,17.6637,20.8143,-4.3479,44.93,14.0794,20.7508,-4.3386,44.8
197.598,4.9828,3.6129,3.5855,0,0,0.0653,0,0.1,0.1,0.1,14.1822,24.3811,-4.3443,45.02,17.6829,20.8352,-4.3488,44.94,14.098,20.7693,-4.3383,44.8
197.698,4.9809,3.6139,3.5862,0,0,0.0668,0,0.1,0.1,0.1,14.2025,24.401,-4.3442,45.04,17.7018,20.8564,-4.3495,44.95,14.1163,20.7881,-4.3382,44.8
197.798,4.9791,3.6144,3.5873,0,0,0.068,0,0.1,0.1,0.1,14.2229,24.4209,-4.3445,45.05,17.7209,20.8775,-4.3498,44.95,14.1343,20.8076,-4.3385,44.8
197.898,4.9776,3.6142,3.5886,0,0,0.069,0,0.1,0.1,0.1,14.2432,24.4405,-4.3447,45.05,17.7402,20.8984,-4.3497,44.96,14.1523,20.8275,-4.3386,44.81
197.998,4.9766,3.6138,3.5907,0,0,0.07,0,0.1,0.1,0.1,14.2634,24.4604,-4.3447,45.05,17.76,20.9191,-4.3492,44.97,14.1701,20.8477,-4.3385,44.82
198.098,4.9764,3.6135,3.5926,0,0,0.0708,0,0.1,0.1,0.1,14.2835,24.4805,-4.3447,45.04,17.7801,20.9394,-4.3484,44.98,14.1882,20.8683,-4.3383,44.81
198.198,4.9765,3.6129,3.5937,0,0,0.071,0,0.1,0.1,0.1,14.3037,24.5006,-4.3445,45.04,17.8002,20.9594,-4.3476,44.99,14.2072,20.889,-4.3383,44.8
198.298,4.9771,3.6122,3.5945,0,0,0.0709,0,0.1,0.1,0.1,14.324,24.5208,-4.3446,45.03,17.8207,20.9789,-4.3469,45.0,14.2269,20.9099,-4.3386,44.8
198.398,4.9774,3.6117,3.5949,0,0,0.0707,0,0.1,0.1,0.1,14.3448,24.541,-4.3448,45.02,17.8411,20.9984,-4.3463,45.01,14.2469,20.9307,-4.3388,44.8
198.498,4.9775,3.6113,3.5948,0,0,0.0705,0,0.1,0.1,0.1,14.3656,24.5612,-4.3449,45.01,17.8615,21.0181,-4.3457,45.02,14.2674,20.9512,-4.3392,44.8
198.598,4.9774,3.6111,3.5942,0,0,0.0701,0,0.1,0.1,0.1,14.3862,24.5815,-4.345,45.0,17.8817,21.038,-4.3454,45.03,14.2881,20.9717,-4.3397,44.8
198.698,4.9772,3.6109,3.5932,0,0,0.0696,0,0.1,0.1,0.1,14.4071,24.6016,-4.3449,45.0,17.9019,21.0578,-4.3454,45.04,14.3094,20.992,-4.34,44.81
198.798,4.9769,3.6109,3.5916,0,0,0.0689,0,0.1,0.1,0.1,14.4279,24.6217,-4.3451,45.0,17.9222,21.0778,-4.3456,45.05,14.3312,21.0121,-4.3406,44.83
198.898,4.9768,3.6108,3.5899,0,0,0.0681,0,0.1,0.1,0.1,14.4488,24.642,-4.3454,45.0,17.9425,21.0977,-4.3458,45.06,14.3532,21.0325,-4.3412,44.84
198.998,4.9764,3.6107,3.5882,0,0,0.0674,0,0.1,0.1,0.1,14.4698,24.6624,-4.3458,45.0,17.9627,21.1178,-4.346,45.06,14.3751,21.053,-4.3417,44.85
199.098,4.9756,3.6106,3.5863,0,0,0.0667,0,0.1,0.1,0.1,14.4908,24.6826,-4.3461,45.0,17.9828,21.1382,-4.346,45.07,14.397,21.0732,-4.3423,44.86
199.198,4.9749,3.6106,3.5844,0,0,0.066,0,0.1,0.1,0.1,14.5117,24.7026,-4.3461,45.0,18.0029,21.1584,-4.3455,45.06,14.4191,21.0932,-4.3425,44.86
199.298,4.9741,3.6104,3.583,0,0,0.0655,0,0.1,0.1,0.1,14.5331,24.7225,-4.3462,45.0,18.0234,21.1786,-4.3451,45.06,14.441,21.1133,-4.3426,44.86
199.398,4.9739,3.6108,3.5823,0,0,0.0655,0,0.1,0.1,0.1,14.5543,24.7427,-4.3463,45.01,18.0443,21.1987,-4.3447,45.07,14.4626,21.133,-4.343,44.86
199.498,4.9743,3.6118,3.582,0,0,0.0657,0,0.1,0.1,0.1,14.5753,24.7632,-4.3467,45.01,18.0652,21.2187,-4.3443,45.07,14.4839,21.1525,-4.3431,44.87
199.598,4.9755,3.6127,3.5819,0,0,0.0657,0,0.1,0.1,0.1,14.5958,24.7837,-4.3466,45.02,18.0865,21.2383,-4.3439,45.08,14.5053,21.1722,-4.3427,44.88
199.698,4.9773,3.6133,3.5816,0,0,0.0652,0,0.1,0.1,0.1,14.6159,24.8043,-4.3459,45.03,18.1078,21.2574,-4.3438,45.07,14.5269,21.1921,-4.3421,44.89
199.798,4.9799,3.6139,3.5814,0,0,0.0646,0,0.1,0.1,0.1,14.6351,24.8249,-4.3452,45.05,18.1291,21.2764,-4.3437,45.06,14.5483,21.212,-4.3415,44.9
199.898,4.9826,3.6147,3.5813,0,0,0.0641,0,0.1,0.1,0.1,14.6544,24.8459,-4.3448,45.06,18.1501,21.2953,-4.3438,45.04,14.5694,21.2322,-4.3407,44.89
199.998,4.9849,3.6153,3.5811,0,0,0.0636,0,0.1,0.1,0.1,14.6739,24.8669,-4.3446,45.06,18.1708,21.3143,-4.344,45.03,14.5902,21.2525,-4.3401,44.89
200.098,4.9862,3.6159,3.5812,0,0,0.0635,0,0.1,0.1,0.1,14.6939,24.8876,-4.3446,45.07,18.1915,21.3338,-4.3444,45.02,14.6108,21.2727,-4.3397,44.9
200.198,4.9869,3.6164,3.5819,0,0,0.0639,0,0.1,0.1,0.1,14.7143,24.9082,-4.3448,45.07,18.2122,21.3537,-4.3446,45.01,14.6308,21.2927,-4.3395,44.9
200.298,4.9876,3.6175,3.5831,0,0,0.0647,0,0.1,0.1,0.1,14.7351,24.929,-4.3452,45.08,18.233,21.3736,-4.3451,45.0,14.6504,21.3124,-4.3393,44.89
200.398,4.9879,3.6189,3.5844,0,0,0.0659,0,0.1,0.1,0.1,14.7563,24.9498,-4.3455,45.08,18.2537,21.3935,-4.3457,45.01,14.6698,21.332,-4.3392,44.87
200.498,4.9879,3.6199,3.5861,0,0,0.0671,0,0.1,0.1,0.1,14.7777,24.9705,-4.3455,45.08,18.2742,21.4133,-4.3463,45.01,14.6886,21.3518,-4.339,44.85
200.598,4.988,3.6208,3.5878,0,0,0.0683,0,0.1,0.1,0.1,14.7988,24.9911,-4.345,45.09,18.2944,21.4329,-4.3466,45.01,14.7072,21.3715,-4.339,44.84
200.698,4.9883,3.6214,3.5896,0,0,0.0692,0,0.1,0.1,0.1,14.8199,25.0115,-4.3446,45.1,18.315,21.4523,-4.3469,45.02,14.7259,21.3913,-4.3394,44.83
200.798,4.9886,3.6221,3.5909,0,0,0.0701,0,0.1,0.1,0.1,14.8408,25.0318,-4.3445,45.11,18.3355,21.4719,-4.3471,45.03,14.7451,21.411,-4.3396,44.83
200.898,4.9885,3.6228,3.5916,0,0,0.0708,0,0.1,0.1,0.1,14.8619,25.0521,-4.3442,45.12,18.3558,21.4915,-4.3474,45.04,14.7647,21.4306,-4.3396,44.84
200.998,4.9883,3.6234,3.5918,0,0,0.0712,0,0.1,0.1,0.1,14.8833,25.0723,-4.3439,45.12,18.376,21.5109,-4.3478,45.03,14.7847,21.4502,-4.3396,44.84
201.098,4.9885,3.6243,3.592,0,0,0.0716,0,0.1,0.1,0.1,14.9042,25.0926,-4.3439,45.12,18.3963,21.5302,-4.348,45.02,14.8048,21.4697,-4.3395,44.85
201.198,4.9889,3.6253,3.592,0,0,0.072,0,0.1,0.1,0.1,14.9253,25.1131,-4.3439,45.12,18.4166,21.5494,-4.3481,45.0,14.8251,21.4892,-4.3397,44.86
201.298,4.9893,3.6266,3.5921,0,0,0.0725,0,0.1,0.1,0.1,14.9465,25.1335,-4.3438,45.11,18.4371,21.5686,-4.3482,44.98,14.8455,21.5083,-4.34,44.88
201.398,4.9895,3.6278,3.5921,0,0,0.073,0,0.1,0.1,0.1,14.9679,25.1537,-4.3437,45.1,18.4577,21.5878,-4.348,44.96,14.8662,21.5273,-4.3405,44.9
201.498,4.9895,3.629,3.592,0,0,0.0734,0,0.1,0.1,0.1,14.9895,25.174,-4.3434,45.1,18.4782,21.607,-4.3479,44.96,14.8867,21.5465,-4.341,44.91
201.598,4.9897,3.6302,3.5916,0,0,0.0737,0,0.1,0.1,0.1,15.0107,25.1946,-4.3429,45.09,18.4983,21.6262,-4.348,44.96,14.9072,21.5659,-4.3415,44.92
201.698,4.9909,3.6318,3.5914,0,0,0.0739,0,0.1,0.1,0.1,15.0316,25.2155,-4.3424,45.08,18.5188,21.6449,-4.3481,44.96,14.9279,21.5852,-4.3423,44.92
201.798,4.9925,3.6332,3.5912,0,0,0.074,0,0.1,0.1,0.1,15.0524,25.2364,-4.3422,45.08,18.5396,21.6637,-4.3483,44.97,14.9488,21.6047,-4.3431,44.92
201.898,4.9943,3.6342,3.591,0,0,0.0738,0,0.1,0.1,0.1,15.0727,25.2574,-4.342,45.08,18.5604,21.6826,-4.3482,44.97,14.9699,21.6246,-4.3439,44.93
201.998,4.9964,3.6347,3.5907,0,0,0.0732,0,0.1,0.1,0.1,15.0924,25.2782,-4.342,45.07,18.5813,21.7017,-4.3477,44.97,14.9911,21.6449,-4.3447,44.94
202.098,4.9982,3.6348,3.5904,0,0,0.0726,0,0.1,0.1,0.1,15.1121,25.2986,-4.3417,45.07,18.6024,21.721,-4.3474,44.98,15.0124,21.6652,-4.3458,44.95
202.198,4.9997,3.6351,3.5902,0,0,0.0721,0,0.1,0.1,0.1,15.1319,25.3191,-4.3412,45.08,18.6235,21.7405,-4.3472,44.99,15.0337,21.6853,-4.3466,44.95
202.298,5.0011,3.6353,3.5901,0,0,0.0717,0,0.1,0.1,0.1,15.1519,25.3394,-4.341,45.08,18.6443,21.7599,-4.3466,44.99,15.0547,21.7054,-4.3471,44.95
202.398,5.0022,3.6356,3.5899,0,0,0.0715,0,0.1,0.1,0.1,15.1718,25.3597,-4.3411,45.09,18.6648,21.7791,-4.346,44.99,15.0754,21.7254,-4.3478,44.96
202.498,5.0029,3.6364,3.5894,0,0,0.0714,0,0.1,0.1,0.1,15.1921,25.3801,-4.3411,45.1,18.6851,21.7986,-4.3455,45.0,15.0961,21.745,-4.3485,44.98
202.598,5.0029,3.6368,3.5888,0,0,0.0714,0,0.1,0.1,0.1,15.2126,25.4002,-4.3413,45.1,18.7051,21.8181,-4.345,45.01,15.1167,21.7646,-4.3491,44.98
202.698,5.0028,3.6368,3.5888,0,0,0.0714,0,0.1,0.1,0.1,15.2334,25.4197,-4.3415,45.11,18.7253,21.8372,-4.3444,45.02,15.137,21.7843,-4.3496,44.98
202.798,5.0024,3.6362,3.589,0,0,0.0714,0,0.1,0.1,0.1,15.2542,25.4389,-4.3416,45.12,18.7455,21.8563,-4.3439,45.03,15.1569,21.804,-4.35,44.99
202.898,5.0012,3.635,3.5889,0,0,0.0711,0,0.1,0.1,0.1,15.275,25.4574,-4.3414,45.12,18.7655,21.8757,-4.3432,45.04,15.177,21.8238,-4.3498,44.99
202.998,5.0004,3.634,3.5888,0,0,0.0709,0,0.1,0.1,0.1,15.2956,25.4761,-4.3409,45.13,18.7856,21.895,-4.3423,45.06,15.1972,21.8435,-4.3493,45.0
203.098,4.9997,3.6329,3.5883,0,0,0.0704,0,0.1,0.1,0.1,15.3161,25.4949,-4.3403,45.14,18.8058,21.9144,-4.3416,45.06,15.2178,21.8634,-4.349,45.01
203.198,4.9986,3.6312,3.5875,0,0,0.0696,0,0.1,0.1,0.1,15.3365,25.5136,-4.3399,45.13,18.8258,21.9344,-4.341,45.06,15.2387,21.8837,-4.3488,45.01
203.298,4.9967,3.6292,3.5865,0,0,0.0688,0,0.1,0.1,0.1,15.357,25.5321,-4.3398,45.13,18.8456,21.9549,-4.3407,45.06,15.2595,21.9042,-4.3485,45.01
203.398,4.9947,3.627,3.5855,0,0,0.068,0,0.1,0.1,0.1,15.3773,25.5505,-4.34,45.12,18.8654,21.9755,-4.3408,45.07,15.2803,21.9248,-4.3483,45.01
203.498,4.993,3.6244,3.5845,0,0,0.0668,0,0.1,0.1,0.1,15.3973,25.5688,-4.3402,45.12,18.885,21.9959,-4.341,45.08,15.3009,21.9458,-4.3482,44.99
203.598,4.9925,3.6216,3.5841,0,0,0.0656,0,0.1,0.1,0.1,15.4169,25.5873,-4.3404,45.11,18.9052,22.0157,-4.3412,45.09,15.3215,21.967,-4.3481,44.97
203.698,4.9926,3.6191,3.5846,0,0,0.0646,0,0.1,0.1,0.1,15.4362,25.6061,-4.3408,45.09,18.9259,22.0355,-4.3413,45.1,15.3416,21.9882,-4.3478,44.96
203.798,4.9924,3.6171,3.5846,0,0,0.0637,0,0.1,0.1,0.1,15.4558,25.6252,-4.341,45.08,18.9461,22.0555,-4.3416,45.11,15.3618,22.0093,-4.3476,44.96
203.898,4.9922,3.6157,3.5841,0,0,0.063,0,0.1,0.1,0.1,15.4758,25.6447,-4.3416,45.05,18.9662,22.0756,-4.342,45.11,15.3823,22.0302,-4.3476,44.96
203.998,4.9919,3.6147,3.5837,0,0,0.0624,0,0.1,0.1,0.1,15.4957,25.6645,-4.342,45.03,18.986,22.0956,-4.3424,45.11,15.4026,22.0509,-4.3475,44.96
204.098,4.9916,3.6141,3.5833,0,0,0.062,0,0.1,0.1,0.1,15.5156,25.6843,-4.3426,45.03,19.0058,22.1157,-4.3431,45.11,15.4228,22.0713,-4.3477,44.96
204.198,4.9915,3.614,3.5827,0,0,0.0617,0,0.1,0.1,0.1,15.5354,25.7043,-4.3432,45.03,19.0253,22.1357,-4.3437,45.11,15.4429,22.0915,-4.3479,44.97
204.298,4.9915,3.6146,3.5817,0,0,0.0614,0,0.1,0.1,0.1,15.5552,25.7247,-4.3438,45.03,19.0447,22.1556,-4.3443,45.12,15.4633,22.1113,-4.3479,45.0
204.398,4.9914,3.6154,3.5803,0,0,0.0611,0,0.1,0.1,0.1,15.5751,25.7452,-4.3443,45.04,19.0641,22.1756,-4.345,45.13,15.4841,22.131,-4.3477,45.02
204.498,4.9915,3.6161,3.5787,0,0,0.0607,0,0.1,0.1,0.1,15.5949,25.7657,-4.3449,45.05,19.0833,22.1956,-4.3457,45.14,15.5049,22.1507,-4.3473,45.03
204.598,4.9914,3.6171,3.5768,0,0,0.0603,0,0.1,0.1,0.1,15.6147,25.7866,-4.3454,45.05,19.1022,22.2158,-4.3466,45.13,15.5257,22.1706,-4.3469,45.05
204.698,4.9911,3.6179,3.5745,0,0,0.06,0,0.1,0.1,0.1,15.6344,25.8074,-4.3454,45.06,19.121,22.2359,-4.3475,45.12,15.5467,22.1906,-4.3468,45.06
204.798,4.9911,3.6185,3.5727,0,0,0.0602,0,0.1,0.1,0.1,15.6544,25.8278,-4.3451,45.07,19.1402,22.2557,-4.3482,45.11,15.5679,22.2103,-4.3465,45.07
204.898,4.9909,3.6188,3.5709,0,0,0.0603,0,0.1,0.1,0.1,15.6745,25.8479,-4.3447,45.09,19.1596,22.2753,-4.3487,45.1,15.589,22.2301,-4.3461,45.08
204.998,4.9906,3.6192,3.5692,0,0,0.0605,0,0.1,0.1,0.1,15.6946,25.8679,-4.3444,45.09,19.1789,22.295,-4.3491,45.08,15.61,22.2497,-4.3458,45.09
205.098,4.9901,3.62,3.5676,0,0,0.0605,0,0.1,0.1,0.1,15.7143,25.888,-4.3441,45.1,19.1981,22.3152,-4.3493,45.06,15.6308,22.269,-4.3456,45.11
205.198,4.99,3.6205,3.5663,0,0,0.0603,0,0.1,0.1,0.1,15.7339,25.908,-4.3441,45.1,19.2176,22.3353,-4.3492,45.05,15.6516,22.2884,-4.3455,45.11
205.298,4.9904,3.6214,3.5652,0,0,0.06,0,0.1,0.1,0.1,15.7531,25.9281,-4.3444,45.1,19.2372,22.3552,-4.3492,45.04,15.6723,22.3076,-4.3454,45.12
205.398,4.9916,3.6221,3.5648,0,0,0.0594,0,0.1,0.1,0.1,15.7716,25.9479,-4.3447,45.1,19.2573,22.3749,-4.3493,45.02,15.6928,22.3267,-4.3453,45.12
205.498,4.9935,3.6224,3.5642,0,0,0.0584,0,0.1,0.1,0.1,15.7896,25.9676,-4.3448,45.11,19.2775,22.3941,-4.3493,45.0,15.7136,22.346,-4.3453,45.12
205.598,4.9952,3.6215,3.5634,0,0,0.0573,0,0.1,0.1,0.1,15.808,25.9867,-4.345,45.1,19.2977,22.4126,-4.3492,44.97,15.7346,22.3659,-4.3456,45.11
205.698,4.9962,3.6203,3.5632,0,0,0.0562,0,0.1,0.1,0.1,15.827,26.0054,-4.3452,45.12,19.3183,22.4315,-4.3492,44.97,15.7554,22.3858,-4.3461,45.1
205.798,4.9968,3.6192,3.564,0,0,0.0551,0,0.1,0.1,0.1,15.8463,26.0241,-4.3455,45.14,19.3394,22.4512,-4.3494,44.98,15.7757,22.4056,-4.3462,45.1
205.898,4.9973,3.6179,3.5659,0,0,0.0541,0,0.1,0.1,0.1,15.8657,26.0428,-4.3458,45.15,19.3608,22.4711,-4.3496,44.98,15.7952,22.4256,-4.3462,45.09
205.998,4.998,3.617,3.5687,0,0,0.0546,0,0.1,0.1,0.1,15.8852,26.062,-4.3459,45.15,19.3822,22.4911,-4.3496,44.98,15.8138,22.4457,-4.3461,45.08
206.098,4.9992,3.6167,3.572,0,0,0.0555,0,0.1,0.1,0.1,15.9047,26.0817,-4.3457,45.14,19.4034,22.5109,-4.3497,44.97,15.8317,22.4657,-4.3461,45.08
206.198,5.0008,3.6166,3.5763,0,0,0.0568,0,0.1,0.1,0.1,15.9241,26.1014,-4.3455,45.14,19.4248,22.5302,-4.35,44.97,15.8487,22.4855,-4.3459,45.07
206.298,5.0025,3.6164,3.5806,0,0,0.0581,0,0.1,0.1,0.1,15.9433,26.1211,-4.3454,45.13,19.4458,22.5494,-4.3501,44.97,15.8655,22.5055,-4.3459,45.07
206.398,5.004,3.6164,3.5844,0,0,0.0594,0,0.1,0.1,0.1,15.9627,26.1406,-4.3454,45.13,19.4667,22.5683,-4.3502,44.97,15.8826,22.5252,-4.3461,45.07
206.498,5.0045,3.6162,3.5871,0,0,0.0604,0,0.1,0.1,0.1,15.9828,26.16,-4.3453,45.12,19.4873,22.5875,-4.3498,44.96,15.9004,22.5448,-4.3464,45.07
206.598,5.0047,3.6163,3.5888,0,0,0.0613,0,0.1,0.1,0.1,16.0031,26.1794,-4.3452,45.12,19.5078,22.6068,-4.3493,44.96,15.9192,22.5641,-4.3471,45.07
206.698,5.0046,3.6168,3.59,0,0,0.0621,0,0.1,0.1,0.1,16.0236,26.1991,-4.3451,45.11,19.528,22.6263,-4.3487,44.97,15.9382,22.5833,-4.3476,45.08
206.798,5.0043,3.6174,3.5907,0,0,0.0628,0,0.1,0.1,0.1,16.0442,26.2189,-4.345,45.12,19.5481,22.6461,-4.3483,44.96,15.9577,22.6025,-4.348,45.08
206.898,5.0037,3.618,3.5907,0,0,0.0632,0,0.1,0.1,0.1,16.0646,26.2387,-4.3449,45.13,19.5678,22.6659,-4.3481,44.96,15.9774,22.6218,-4.3483,45.08
206.998,5.0031,3.6188,3.5903,0,0,0.0636,0,0.1,0.1,0.1,16.0851,26.2588,-4.345,45.13,19.5872,22.6858,-4.3481,44.97,15.9972,22.641,-4.3486,45.07
207.098,5.0024,3.62,3.5899,0,0,0.0642,0,0.1,0.1,0.1,16.1057,26.279,-4.3456,45.13,19.6068,22.706,-4.3483,44.95,16.0172,22.6601,-4.3491,45.06
207.198,5.002,3.6213,3.5893,0,0,0.0646,0,0.1,0.1,0.1,16.1262,26.2994,-4.3465,45.14,19.6264,22.7261,-4.3485,44.93,16.0374,22.6792,-4.3492,45.07
207.298,5.0016,3.6228,3.5891,0,0,0.0653,0,0.1,0.1,0.1,16.1466,26.3198,-4.3473,45.14,19.6463,22.7465,-4.3484,44.92,16.0576,22.6981,-4.3493,45.06
207.398,5.0011,3.624,3.5884,0,0,0.0657,0,0.1,0.1,0.1,16.1671,26.3402,-4.3479,45.15,19.666,22.7669,-4.348,44.9,16.0779,22.7173,-4.3496,45.07
207.498,5.0003,3.6248,3.5878,0,0,0.066,0,0.1,0.1,0.1,16.1876,26.3605,-4.3486,45.14,19.6857,22.7875,-4.3475,44.9,16.0983,22.7369,-4.35,45.07
207.598,4.9993,3.6249,3.5873,0,0,0.0662,0,0.1,0.1,0.1,16.2083,26.3807,-4.3493,45.12,19.7056,22.8083,-4.347,44.91,16.1186,22.7569,-4.3506,45.08
207.698,4.9984,3.6252,3.5868,0,0,0.0664,0,0.1,0.1,0.1,16.2288,26.4009,-4.35,45.1,19.7254,22.8291,-4.3465,44.93,16.139,22.7768,-4.3509,45.08
207.798,4.9969,3.6251,3.5859,0,0,0.0664,0,0.1,0.1,0.1,16.2494,26.4207,-4.3505,45.08,19.7448,22.8499,-4.3463,44.93,16.1593,22.7967,-4.3509,45.08
207.898,4.9953,3.6245,3.5853,0,0,0.0663,0,0.1,0.1,0.1,16.2699,26.4402,-4.3507,45.07,19.7641,22.8703,-4.3466,44.93,16.1792,22.8169,-4.3508,45.09
207.998,4.9942,3.6238,3.585,0,0,0.0662,0,0.1,0.1,0.1,16.2903,26.4599,-4.3507,45.06,19.7833,22.8903,-4.3465,44.93,16.1987,22.8373,-4.3508,45.09
208.098,4.9932,3.623,3.5844,0,0,0.0659,0,0.1,0.1,0.1,16.3107,26.4796,-4.3505,45.05,19.8023,22.9102,-4.3461,44.92,16.2183,22.8578,-4.3505,45.1
208.198,4.9919,3.6219,3.5836,0,0,0.0654,0,0.1,0.1,0.1,16.3309,26.4991,-4.3503,45.05,19.8212,22.9303,-4.3456,44.91,16.238,22.8785,-4.3501,45.1
208.298,4.9903,3.6206,3.5828,0,0,0.065,0,0.1,0.1,0.1,16.3512,26.5183,-4.3499,45.06,19.8403,22.9506,-4.345,44.89,16.2578,22.8989,-4.3496,45.09
208.398,4.9891,3.6197,3.5824,0,0,0.0648,0,0.1,0.1,0.1,16.3713,26.5378,-4.3495,45.08,19.8596,22.9709,-4.3444,44.89,16.2776,22.9193,-4.3494,45.1
208.498,4.9889,3.6195,3.5824,0,0,0.0648,0,0.1,0.1,0.1,16.391,26.5576,-4.3488,45.11,19.8794,22.9911,-4.3439,44.88,16.2973,22.9393,-4.3495,45.1
208.598,4.9887,3.6198,3.5825,0,0,0.065,0,0.1,0.1,0.1,16.4107,26.5776,-4.3481,45.13,19.8993,23.0115,-4.3437,44.88,16.3172,22.959,-4.3496,45.1
208.698,4.9884,3.6202,3.5826,0,0,0.0653,0,0.1,0.1,0.1,16.4305,26.5975,-4.348,45.14,19.9192,23.0319,-4.3437,44.87,16.337,22.9785,-4.35,45.11
208.798,4.9882,3.6205,3.583,0,0,0.0658,0,0.1,0.1,0.1,16.4506,26.6175,-4.3478,45.13,19.9393,23.0523,-4.3438,44.87,16.3567,22.9983,-4.3507,45.11
208.898,4.988,3.6209,3.5833,0,0,0.0662,0,0.1,0.1,0.1,16.471,26.638,-4.3473,45.12,19.9594,23.0728,-4.3438,44.88,16.3765,23.0183,-4.3513,45.12
208.998,4.9877,3.621,3.5832,0,0,0.0663,0,0.1,0.1,0.1,16.4917,26.6586,-4.3467,45.1,19.9794,23.093,-4.344,44.89,16.3966,23.0388,-4.3516,45.12
209.098,4.9879,3.621,3.5826,0,0,0.066,0,0.1,0.1,0.1,16.5119,26.6792,-4.3463,45.09,19.9993,23.1131,-4.3442,44.9,16.4171,23.0594,-4.3519,45.12
209.198,4.9881,3.621,3.5819,0,0,0.0656,0,0.1,0.1,0.1,16.532,26.6998,-4.3459,45.07,20.0192,23.1331,-4.3443,44.92,16.4377,23.08,-4.352,45.11
209.298,4.9881,3.6214,3.5812,0,0,0.0655,0,0.1,0.1,0.1,16.5523,26.7206,-4.3453,45.05,20.0387,23.1532,-4.3444,44.94,16.4579,23.1004,-4.3521,45.11
209.398,4.9877,3.6218,3.5811,0,0,0.0657,0,0.1,0.1,0.1,16.5728,26.7412,-4.345,45.02,20.0582,23.1735,-4.3445,44.95,16.4776,23.1207,-4.3519,45.11
209.498,4.9873,3.6223,3.581,0,0,0.066,0,0.1,0.1,0.1,16.5935,26.7619,-4.3452,45.01,20.0778,23.1936,-4.3447,44.97,16.4972,23.141,-4.3515,45.12
209.598,4.9877,3.623,3.5808,0,0,0.0661,0,0.1,0.1,0.1,16.6139,26.7829,-4.3451,45.01,20.0975,23.2134,-4.3447,44.98,16.5172,23.1612,-4.351,45.14
209.698,4.9887,3.6241,3.5803,0,0,0.0661,0,0.1,0.1,0.1,16.6343,26.8043,-4.3449,45.02,20.1177,23.2332,-4.3446,44.98,16.5378,23.1814,-4.3505,45.16
209.798,4.9899,3.625,3.5803,0,0,0.0661,0,0.1,0.1,0.1,16.6547,26.8256,-4.3448,45.02,20.1384,23.2532,-4.3445,44.98,16.5586,23.2019,-4.35,45.17
209.898,4.9908,3.6254,3.5804,0,0,0.066,0,0.1,0.1,0.1,16.6751,26.8464,-4.3447,45.02,20.1592,23.2731,-4.3441,44.98,16.5792,23.2223,-4.3493,45.17
209.998,4.9909,3.6257,3.5803,0,0,0.0661,0,0.1,0.1,0.1,16.696,26.867,-4.3445,45.03,20.1796,23.293,-4.3438,44.98,16.5997,23.2426,-4.3487,45.17
210.098,4.9904,3.626,3.5798,0,0,0.0662,0,0.1,0.1,0.1,16.7173,26.8875,-4.3443,45.03,20.1994,23.3128,-4.3438,44.99,16.6199,23.2628,-4.3481,45.17
210.198,4.9899,3.6262,3.579,0,0,0.0667,0,0.1,0.1,0.1,16.7382,26.9079,-4.3441,45.03,20.219,23.3325,-4.3435,44.99,16.6403,23.283,-4.3475,45.15
210.298,4.99,3.6265,3.5786,0,0,0.067,0,0.1,0.1,0.1,16.7586,26.9284,-4.3439,45.04,20.2389,23.3524,-4.3431,45.0,16.6607,23.3032,-4.3472,45.13
210.398,4.9902,3.6268,3.5781,0,0,0.0671,0,0.1,0.1,0.1,16.7786,26.9489,-4.3438,45.05,20.2588,23.3726,-4.3428,45.0,16.681,23.3234,-4.3469,45.12
210.498,4.9903,3.6271,3.5775,0,0,0.0671,0,0.1,0.1,0.1,16.7984,26.9693,-4.344,45.06,20.2784,23.3927,-4.3427,45.0,16.7012,23.3435,-4.3467,45.12
210.598,4.9907,3.6274,3.5769,0,0,0.067,0,0.1,0.1,0.1,16.8176,26.9898,-4.3443,45.06,20.2979,23.4129,-4.3427,45.0,16.7214,23.3637,-4.3466,45.11
210.698,4.991,3.6272,3.5762,0,0,0.0664,0,0.1,0.1,0.1,16.8366,27.0101,-4.3447,45.07,20.3175,23.4333,-4.3431,44.99,16.7417,23.3841,-4.3466,45.12
210.798,4.9914,3.6266,3.5755,0,0,0.0655,0,0.1,0.1,0.1,16.8553,27.0301,-4.3456,45.07,20.3373,23.4539,-4.3435,44.99,16.7621,23.4047,-4.3466,45.12
210.898,4.992,3.6254,3.5755,0,0,0.0642,0,0.1,0.1,0.1,16.8739,27.05,-4.346,45.07,20.3576,23.4745,-4.3437,45.0,16.7824,23.4257,-4.3465,45.13
210.998,4.9927,3.6242,3.5757,0,0,0.063,0,0.1,0.1,0.1,16.8926,27.07,-4.3464,45.07,20.378,23.4952,-4.344,45.02,16.8026,23.4469,-4.3469,45.14
211.098,4.9936,3.6236,3.5759,0,0,0.0622,0,0.1,0.1,0.1,16.9113,27.0902,-4.3469,45.07,20.3984,23.5159,-4.3444,45.04,16.8228,23.4677,-4.3472,45.15
211.198,4.9943,3.6237,3.5759,0,0,0.062,0,0.1,0.1,0.1,16.9303,27.1107,-4.3474,45.07,20.4186,23.5365,-4.3448,45.05,16.843,23.4881,-4.3473,45.16
211.298,4.9949,3.6239,3.5755,0,0,0.0617,0,0.1,0.1,0.1,16.9496,27.1315,-4.3479,45.07,20.4384,23.557,-4.345,45.05,16.8633,23.5086,-4.3474,45.16
211.398,4.9956,3.6246,3.575,0,0,0.0616,0,0.1,0.1,0.1,16.9692,27.1525,-4.3482,45.08,20.4584,23.5774,-4.3453,45.06,16.8837,23.5289,-4.3473,45.16
211.498,4.996,3.6258,3.5742,0,0,0.0617,0,0.1,0.1,0.1,16.9891,27.1736,-4.3485,45.09,20.4783,23.5979,-4.3458,45.06,16.9044,23.5487,-4.3471,45.16
211.598,4.9962,3.6275,3.5731,0,0,0.062,0,0.1,0.1,0.1,17.0093,27.1948,-4.349,45.09,20.498,23.6183,-4.346,45.08,16.9253,23.5683,-4.3469,45.16
211.698,4.9963,3.6282,3.5724,0,0,0.0621,0,0.1,0.1,0.1,17.0295,27.2155,-4.3494,45.09,20.518,23.6388,-4.3462,45.1,16.946,23.5882,-4.3468,45.16
211.798,4.9956,3.628,3.5718,0,0,0.062,0,0.1,0.1,0.1,17.0499,27.2355,-4.3497,45.08,20.538,23.6593,-4.3461,45.11,16.9666,23.6085,-4.3468,45.16
211.898,4.9947,3.6274,3.5713,0,0,0.0618,0,0.1,0.1,0.1,17.0704,27.2553,-4.35,45.08,20.5579,23.6799,-4.3458,45.13,16.9871,23.6288,-4.3467,45.15
211.998,4.9942,3.6271,3.5709,0,0,0.0616,0,0.1,0.1,0.1,17.0905,27.2751,-4.3498,45.08,20.5779,23.7002,-4.3454,45.14,17.0074,23.649,-4.347,45.15
212.098,4.9942,3.6268,3.5707,0,0,0.0615,0,0.1,0.1,0.1,17.1107,27.2951,-4.3496,45.09,20.5981,23.7202,-4.345,45.13,17.0278,23.6692,-4.3474,45.14
212.198,4.9943,3.6267,3.5671,0,0,0.0629,0,0.1,0.1,0.1,17.1307,27.3152,-4.3494,45.09,20.615,23.7371,-4.3447,45.13,17.0482,23.6894,-4.348,45.13
212.298,4.9943,3.626,3.5592,0,0,0.0661,0,0.1,0.1,0.1,17.1506,27.3348,-4.3494,45.09,20.6274,23.7494,-4.3449,45.12,17.0684,23.7097,-4.3484,45.13
212.398,4.9938,3.6246,3.5475,0,0,0.0708,0,0.1,0.1,0.1,17.1706,27.3539,-4.3497,45.08,20.6361,23.7583,-4.345,45.12,17.0887,23.7302,-4.3487,45.14
212.498,4.9929,3.6198,3.5325,0,0,0.0736,0,0.1,0.1,0.1,17.1872,27.3697,-4.3497,45.07,20.6416,23.7646,-4.3454,45.11,17.1091,23.7507,-4.349,45.14
212.598,4.9914,3.6142,3.5185,0,0,0.075,0,0.1,0.1,0.1,17.1992,27.3811,-4.3497,45.06,20.6444,23.7694,-4.3459,45.1,17.1259,23.7677,-4.3495,45.15
212.698,4.9897,3.6094,3.5081,0,0,0.0758,0,0.1,0.1,0.1,17.2076,27.3887,-4.3496,45.06,20.6457,23.7727,-4.346,45.09,17.1377,23.78,-4.3497,45.15
212.798,4.9885,3.6054,3.5011,0,0,0.0761,0,0.1,0.1,0.1,17.2128,27.3936,-4.3494,45.05,20.6461,23.7747,-4.3462,45.1,17.145,23.7888,-4.3499,45.15
212.898,4.9878,3.6018,3.4966,0,0,0.0762,0,0.1,0.1,0.1,17.2153,27.3965,-4.349,45.05,20.6455,23.7754,-4.3461,45.11,17.149,23.7953,-4.35,45.15
212.998,4.9881,3.5984,3.4944,0,0,0.0762,0,0.1,0.1,0.1,17.216,27.3979,-4.3485,45.04,20.6445,23.7749,-4.346,45.12,17.1502,23.8001,-4.3499,45.15
213.098,4.9889,3.5957,3.4938,0,0,0.0761,0,0.1,0.1,0.1,17.2153,27.3984,-4.3478,45.04,20.6432,23.7737,-4.3458,45.12,17.1496,23.8033,-4.3501,45.15
213.198,4.9903,3.5935,3.4943,0,0,0.0761,0,0.1,0.1,0.1,17.2136,27.3984,-4.347,45.03,20.6417,23.7719,-4.3457,45.11,17.1476,23.8055,-4.3504,45.15
213.298,4.9914,3.5912,3.4955,0,0,0.0758,0,0.1,0.1,0.1,17.2112,27.3975,-4.3462,45.02,20.6398,23.77,-4.3454,45.1,17.1445,23.8069,-4.3509,45.14
213.398,4.9926,3.5891,3.4977,0,0,0.0759,0,0.1,0.1,0.1,17.2087,27.3963,-4.3455,44.99,20.6378,23.7676,-4.3448,45.1,17.1403,23.8078,-4.3513,45.13
213.498,4.9941,3.5873,3.5006,0,0,0.0761,0,0.1,0.1,0.1,17.2062,27.3945,-4.3451,44.98,20.6362,23.7646,-4.3444,45.1,17.1359,23.8078,-4.3512,45.12
213.598,4.9959,3.5857,3.5035,0,0,0.0759,0,0.1,0.1,0.1,17.2034,27.3922,-4.3448,44.96,20.6349,23.7614,-4.344,45.09,17.1317,23.8073,-4.3506,45.12
213.698,4.998,3.5841,3.5065,0,0,0.0755,0,0.1,0.1,0.1,17.2004,27.3898,-4.3445,44.95,20.6339,23.7579,-4.3438,45.08,17.1277,23.8064,-4.35,45.12
213.798,5.0002,3.5827,3.5097,0,0,0.0751,0,0.1,0.1,0.1,17.1972,27.3873,-4.3445,44.93,20.6329,23.7545,-4.3436,45.06,17.1236,23.8053,-4.3491,45.12
213.898,5.0018,3.5813,3.5125,0,0,0.0745,0,0.1,0.1,0.1,17.1939,27.3846,-4.3447,44.92,20.6316,23.7514,-4.3432,45.05,17.1195,23.804,-4.3478,45.12
213.998,5.0038,3.5808,3.5153,0,0,0.0739,0,0.1,0.1,0.1,17.1904,27.3823,-4.3452,44.92,20.6306,23.7488,-4.3431,45.05,17.1157,23.8024,-4.3465,45.12
214.098,5.0055,3.5803,3.5182,0,0,0.0732,0,0.1,0.1,0.1,17.1869,27.3799,-4.3456,44.94,20.6298,23.7465,-4.3428,45.06,17.112,23.8004,-4.3454,45.12
214.198,5.0068,3.5799,3.5208,0,0,0.0725,0,0.1,0.1,0.1,17.1836,27.3775,-4.346,44.97,20.6287,23.7445,-4.3424,45.06,17.1083,23.7983,-4.345,45.11
214.298,5.0083,3.5802,3.5231,0,0,0.0721,0,0.1,0.1,0.1,17.1802,27.3753,-4.3464,45.0,20.6275,23.7423,-4.3421,45.07,17.1048,23.7959,-4.3446,45.09
214.398,5.0098,3.5808,3.5251,0,0,0.0717,0,0.1,0.1,0.1,17.1768,27.3733,-4.3468,45.02,20.6262,23.7401,-4.342,45.08,17.1015,23.7933,-4.3439,45.08
214.498,5.0109,3.5814,3.5268,0,0,0.0716,0,0.1,0.1,0.1,17.174,27.3716,-4.3475,45.03,20.6249,23.7383,-4.3419,45.1,17.0984,23.7909,-4.3431,45.06
214.598,5.0118,3.582,3.5285,0,0,0.0716,0,0.1,0.1,0.1,17.1716,27.3701,-4.3481,45.03,20.6237,23.7366,-4.3417,45.13,17.0956,23.7888,-4.3426,45.04
214.698,5.013,3.5829,3.5299,0,0,0.0716,0,0.1,0.1,0.1,17.1692,27.3688,-4.3483,45.04,20.6227,23.7351,-4.3414,45.15,17.0932,23.7866,-4.3424,45.04
214.798,5.0143,3.5843,3.5308,0,0,0.0716,0,0.1,0.1,0.1,17.1669,27.3678,-4.3483,45.05,20.6217,23.7336,-4.3412,45.17,17.0913,23.7842,-4.3424,45.03
214.898,5.0157,3.5857,3.5316,0,0,0.0717,0,0.1,0.1,0.1,17.1648,27.3669,-4.3484,45.06,20.6208,23.732,-4.3415,45.19,17.0896,23.782,-4.3422,45.03
214.998,5.0172,3.5869,3.5323,0,0,0.0717,0,0.1,0.1,0.1,17.1628,27.3661,-4.3485,45.06,20.6202,23.7304,-4.3418,45.2,17.0882,23.7801,-4.342,45.02
215.098,5.0193,3.5882,3.5331,0,0,0.0715,0,0.1,0.1,0.1,17.1606,27.3655,-4.3483,45.07,20.6199,23.7288,-4.3421,45.2,17.0872,23.7781,-4.3417,45.03
215.198,5.0217,3.5896,3.534,0,0,0.0712,0,0.1,0.1,0.1,17.1582,27.3648,-4.3482,45.06,20.62,23.727,-4.3425,45.19,17.0863,23.7759,-4.3414,45.03
215.298,5.0239,3.5906,3.5354,0,0,0.0709,0,0.1,0.1,0.1,17.1559,27.364,-4.3482,45.05,20.6199,23.7253,-4.3427,45.18,17.0849,23.774,-4.3411,45.02
215.398,5.0259,3.591,3.5374,0,0,0.0706,0,0.1,0.1,0.1,17.1538,27.363,-4.3481,45.06,20.6201,23.7238,-4.3429,45.17,17.083,23.7727,-4.3407,45.01
215.498,5.0271,3.5908,3.5394,0,0,0.0702,0,0.1,0.1,0.1,17.152,27.3618,-4.3481,45.06,20.6201,23.7226,-4.343,45.16,17.0811,23.7717,-4.3406,45.0
215.598,5.0277,3.5906,3.5409,0,0,0.0699,0,0.1,0.1,0.1,17.1507,27.3607,-4.3481,45.06,20.6199,23.7217,-4.3431,45.14,17.0794,23.7708,-4.3404,44.99
215.698,5.0278,3.5904,3.5418,0,0,0.0698,0,0.1,0.1,0.1,17.1498,27.3597,-4.3478,45.06,20.6194,23.7209,-4.3432,45.13,17.0779,23.7701,-4.3405,44.98
215.798,5.0275,3.5898,3.5429,0,0,0.0698,0,0.1,0.1,0.1,17.1494,27.3585,-4.3473,45.06,20.619,23.7201,-4.3432,45.12,17.0764,23.7694,-4.3406,44.98
215.898,5.0267,3.5894,3.5437,0,0,0.0699,0,0.1,0.1,0.1,17.1494,27.3572,-4.3471,45.06,20.6185,23.7195,-4.3429,45.1,17.0752,23.7685,-4.3399,44.98
215.998,5.0262,3.589,3.5443,0,0,0.0701,0,0.1,0.1,0.1,17.1492,27.356,-4.3471,45.06,20.618,23.7187,-4.3426,45.09,17.074,23.7678,-4.3393,44.98
216.098,5.0261,3.5888,3.5453,0,0,0.0704,0,0.1,0.1,0.1,17.1491,27.3551,-4.3476,45.06,20.6176,23.7177,-4.3426,45.08,17.0727,23.7671,-4.3389,44.99
216.198,5.026,3.5888,3.5462,0,0,0.0709,0,0.1,0.1,0.1,17.1492,27.3542,-4.3479,45.06,20.6172,23.7164,-4.3426,45.06,17.0713,23.7663,-4.3386,44.99
216.298,5.0258,3.589,3.5471,0,0,0.0716,0,0.1,0.1,0.1,17.1492,27.3536,-4.3483,45.07,20.6164,23.7154,-4.3428,45.06,17.0697,23.7655,-4.3387,44.99
216.398,5.0251,3.5893,3.5478,0,0,0.0723,0,0.1,0.1,0.1,17.1493,27.3529,-4.3484,45.07,20.6155,23.7147,-4.3427,45.07,17.0681,23.7646,-4.3386,45.0
216.498,5.0237,3.5891,3.5483,0,0,0.0727,0,0.1,0.1,0.1,17.1496,27.3516,-4.3484,45.07,20.6147,23.7142,-4.3422,45.09,17.0667,23.7635,-4.3381,45.01
216.598,5.0226,3.5888,3.5491,0,0,0.073,0,0.1,0.1,0.1,17.1496,27.3501,-4.3487,45.07,20.6139,23.7135,-4.342,45.1,17.0652,23.7623,-4.3377,45.02
216.698,5.0217,3.5886,3.5497,0,0,0.0731,0,0.1,0.1,0.1,17.1494,27.3483,-4.3492,45.08,20.6135,23.7127,-4.3422,45.1,17.0641,23.7608,-4.3373,45.03
216.798,5.021,3.5887,3.55,0,0,0.0729,0,0.1,0.1,0.1,17.1492,27.3466,-4.3495,45.09,20.6134,23.7121,-4.3423,45.1,17.0638,23.7589,-4.3371,45.03
216.898,5.0205,3.5898,3.5504,0,0,0.073,0,0.1,0.1,0.1,17.1494,27.3456,-4.3497,45.08,20.6137,23.7119,-4.3422,45.1,17.0637,23.7568,-4.337,45.04
216.998,5.0209,3.5915,3.5509,0,0,0.0733,0,0.1,0.1,0.1,17.1493,27.3451,-4.3499,45.08,20.6142,23.7113,-4.3421,45.09,17.0635,23.7546,-4.3368,45.04
217.098,5.0222,3.5936,3.5513,0,0,0.0738,0,0.1,0.1,0.1,17.1491,27.345,-4.3499,45.07,20.6147,23.7101,-4.3418,45.08,17.0637,23.7524,-4.3367,45.04
217.198,5.0241,3.5984,3.5517,0,0,0.0771,0,0.1,0.1,0.1,17.1519,27.3478,-4.3498,45.06,20.6154,23.7083,-4.3414,45.06,17.0639,23.7504,-4.3369,45.03
217.298,5.0259,3.6042,3.5517,0,0,0.0814,0,0.1,0.1,0.1,17.1558,27.3514,-4.3496,45.06,20.6159,23.7063,-4.341,45.03,17.0645,23.7484,-4.337,45.03
217.398,5.0278,3.6094,3.5512,0,0,0.085,0,0.1,0.1,0.1,17.1588,27.3546,-4.3496,45.06,20.6162,23.7042,-4.3408,45.0,17.0653,23.7465,-4.3375,45.02
217.498,5.0297,3.6102,3.5471,0,0,0.0863,0,0.1,0.1,0.1,17.161,27.3573,-4.3498,45.08,20.6164,23.7025,-4.341,44.97,17.0696,23.7482,-4.3384,45.0
217.598,5.0311,3.6093,3.5419,0,0,0.0862,0,0.1,0.1,0.1,17.1625,27.3592,-4.3501,45.08,20.6167,23.7013,-4.3413,44.95,17.0752,23.751,-4.3396,44.98
217.698,5.0318,3.6081,3.5374,0,0,0.0857,0,0.1,0.1,0.1,17.1635,27.3603,-4.3503,45.07,20.6168,23.7006,-4.3418,44.94,17.0798,23.7532,-4.3408,44.97
217.798,5.032,3.6073,3.5337,0,0,0.0854,0,0.1,0.1,0.1,17.1641,27.3611,-4.3505,45.06,20.6166,23.7004,-4.342,44.93,17.0833,23.7547,-4.3419,44.97
217.898,5.0324,3.607,3.5312,0,0,0.0851,0,0.1,0.1,0.1,17.1644,27.362,-4.3504,45.06,20.6165,23.7003,-4.342,44.92,17.0857,23.7558,-4.3429,44.98
217.998,5.0326,3.6068,3.5298,0,0,0.0851,0,0.1,0.1,0.1,17.1647,27.3624,-4.3499,45.06,20.6165,23.7001,-4.342,44.93,17.0871,23.7565,-4.3436,45.0
218.098,5.0323,3.6065,3.5289,0,0,0.0852,0,0.1,0.1,0.1,17.1652,27.3626,-4.3493,45.07,20.6162,23.7,-4.3419,44.93,17.0877,23.7569,-4.3443,45.01
218.198,5.0322,3.606,3.5289,0,0,0.0854,0,0.1,0.1,0.1,17.1658,27.3626,-4.3487,45.06,20.6162,23.6996,-4.3418,44.93,17.0878,23.7575,-4.3452,45.02
218.298,5.0323,3.6053,3.5295,0,0,0.0857,0,0.1,0.1,0.1,17.1667,27.3624,-4.3482,45.05,20.6166,23.6988,-4.3419,44.94,17.0876,23.7579,-4.3462,45.03
218.398,5.0322,3.6047,3.5302,0,0,0.086,0,0.1,0.1,0.1,17.1678,27.3619,-4.3478,45.05,20.617,23.6977,-4.342,44.95,17.0873,23.7581,-4.3473,45.03
218.498,5.0322,3.6046,3.5309,0,0,0.0867,0,0.1,0.1,0.1,17.1689,27.3615,-4.3476,45.04,20.6173,23.6966,-4.3422,44.95,17.0869,23.7579,-4.3483,45.04
218.598,5.0325,3.6049,3.5316,0,0,0.0873,0,0.1,0.1,0.1,17.1699,27.3612,-4.3477,45.02,20.6178,23.6956,-4.3426,44.95,17.0868,23.7573,-4.349,45.04
218.698,5.0332,3.6057,3.5325,0,0,0.0877,0,0.1,0.1,0.1,17.1706,27.3612,-4.348,44.99,20.619,23.6948,-4.3432,44.95,17.087,23.7564,-4.3494,45.03
218.798,5.0346,3.607,3.5337,0,0,0.088,0,0.1,0.1,0.1,17.1711,27.3613,-4.3483,44.98,20.6205,23.6941,-4.3435,44.96,17.0873,23.7553,-4.3496,45.02
218.898,5.0359,3.6084,3.535,0,0,0.0883,0,0.1,0.1,0.1,17.1715,27.3612,-4.3485,44.97,20.6221,23.6933,-4.3435,44.96,17.0876,23.7537,-4.3494,45.01
218.998,5.0377,3.61,3.5367,0,0,0.0887,0,0.1,0.1,0.1,17.1715,27.3614,-4.3487,44.96,20.6237,23.6926,-4.3436,44.96,17.0875,23.7523,-4.3493,45.0
219.098,5.0393,3.6118,3.5381,0,0,0.0892,0,0.1,0.1,0.1,17.1714,27.3618,-4.3492,44.95,20.625,23.692,-4.3438,44.95,17.0874,23.7509,-4.3493,44.98
219.198,5.04,3.6138,3.5388,0,0,0.0896,0,0.1,0.1,0.1,17.1716,27.3622,-4.3497,44.95,20.6258,23.692,-4.344,44.95,17.0875,23.7494,-4.3493,44.97
219.298,5.0401,3.6158,3.5387,0,0,0.0902,0,0.1,0.1,0.1,17.1719,27.3626,-4.3501,44.96,20.6262,23.6924,-4.3442,44.96,17.0879,23.7477,-4.3494,44.97
219.398,5.0396,3.618,3.5381,0,0,0.0907,0,0.1,0.1,0.1,17.1721,27.3631,-4.3505,44.97,20.6261,23.6932,-4.3446,44.95,17.0884,23.746,-4.3493,44.96
219.498,5.039,3.6204,3.537,0,0,0.0913,0,0.1,0.1,0.1,17.1723,27.3639,-4.351,44.97,20.6256,23.6942,-4.3448,44.95,17.089,23.7444,-4.349,44.96
219.598,5.0384,3.6232,3.5357,0,0,0.0921,0,0.1,0.1,0.1,17.1725,27.3648,-4.3516,44.97,20.625,23.6953,-4.3447,44.95,17.0896,23.7426,-4.3486,44.96
219.698,5.0377,3.6255,3.5343,0,0,0.0928,0,0.1,0.1,0.1,17.1727,27.3656,-4.3519,44.98,20.6243,23.6961,-4.3449,44.96,17.0903,23.741,-4.3479,44.96
219.798,5.0366,3.6277,3.5326,0,0,0.0934,0,0.1,0.1,0.1,17.173,27.3662,-4.352,44.98,20.6235,23.6972,-4.3451,44.95,17.0911,23.7395,-4.347,44.96
219.898,5.0349,3.6295,3.531,0,0,0.0939,0,0.1,0.1,0.1,17.1737,27.3667,-4.3522,44.98,20.6227,23.6987,-4.3455,44.94,17.0919,23.7381,-4.3465,44.96
219.998,5.0329,3.6309,3.5292,0,0,0.0943,0,0.1,0.1,0.1,17.1743,27.367,-4.3527,44.99,20.6217,23.7,-4.3459,44.92,17.0926,23.737,-4.3459,44.98
220.098,5.0311,3.632,3.5273,0,0,0.0946,0,0.1,0.1,0.1,17.1747,27.3672,-4.3529,45.0,20.6204,23.7014,-4.3461,44.9,17.0933,23.7361,-4.3452,44.99
220.198,5.0296,3.6332,3.5255,0,0,0.095,0,0.1,0.1,0.1,17.1749,27.3678,-4.3528,45.01,20.6192,23.7026,-4.3461,44.89,17.0939,23.7354,-4.3448,45.0
220.298,5.0281,3.6347,3.5235,0,0,0.0954,0,0.1,0.1,0.1,17.1754,27.3684,-4.3524,45.01,20.6182,23.7039,-4.3461,44.88,17.0948,23.7346,-4.3445,45.01
220.398,5.0262,3.6362,3.5213,0,0,0.0956,0,0.1,0.1,0.1,17.1759,27.3688,-4.3518,45.01,20.6172,23.7055,-4.3463,44.88,17.096,23.7336,-4.3441,45.04
220.498,5.0243,3.637,3.5193,0,0,0.0955,0,0.1,0.1,0.1,17.1763,27.3689,-4.3513,45.02,20.6164,23.7069,-4.3466,44.87,17.0972,23.7327,-4.3435,45.06
220.598,5.023,3.6376,3.5176,0,0,0.0952,0,0.1,0.1,0.1,17.1764,27.3685,-4.3508,45.04,20.616,23.7079,-4.3471,44.86,17.0985,23.7318,-4.343,45.06
220.698,5.0213,3.6377,3.5156,0,0,0.0947,0,0.1,0.1,0.1,17.1766,27.3675,-4.3503,45.04,20.6155,23.7086,-4.3472,44.86,17.0999,23.7306,-4.3428,45.07
