cur_x,cur_y,cur_z,d_0_1,d_0_2,d_0_3,d_0_4,d_0_5,d_1_2,d_1_3,d_1_4,d_1_5,d_2_3,d_2_4,d_2_5,d_3_4,d_3_5,d_4_5,episodes,formation_state,max_drift,modes,p1_ok,p2_ok,t,x0,x1,x2,x3,x4,x5,y0,y1,y2,y3,y4,y5,z0,z1,z2,z3,z4,z5
0.0,0.0,0.0,3.5,6.9999,19.3132,18.3373,17.9999,3.4999,18.3375,18.0007,18.3375,17.9998,18.3374,19.3132,3.5006,7.0007,3.5002,0,,0.0,FORMATION_RECOVERY|FORMATION_RECOVERY|FORMATION_RECOVERY|FORMATION_RECOVERY|FORMATION_RECOVERY|FORMATION_RECOVERY,1,1,0.1,-9.0,-9.0,-9.0,9.0,9.0,9.0,-26.5,-30.0,-33.5,-33.5,-30.0,-26.5,-5.0,-5.0,-5.0,-5.0,-5.001,-5.001
0.0,0.0,0.0,3.4999,7.0002,19.3131,18.3375,17.9995,3.5003,18.3381,18.0018,18.3382,17.9994,18.3377,19.3133,3.5015,7.0025,3.501,0,,0.0,FORMATION_RECOVERY|FORMATION_RECOVERY|FORMATION_RECOVERY|FORMATION_RECOVERY|FORMATION_RECOVERY|FORMATION_RECOVERY,1,1,0.2,-8.999,-9.001,-8.999,9.0,9.001,9.0,-26.499,-29.999,-33.5,-33.501,-30.0,-26.499,-5.001,-5.001,-5.001,-5.001,-5.002,-5.002
0.0,0.0,0.0,3.4997,7.001,19.313,18.3376,17.9988,3.5013,18.3387,18.0026,18.3385,17.9993,18.338,19.3137,3.5021,7.0045,3.5024,0,,0.0,FORMATION_RECOVERY|FORMATION_RECOVERY|FORMATION_RECOVERY|FORMATION_RECOVERY|FORMATION_RECOVERY|FORMATION_RECOVERY,1,1,0.3,-8.998,-9.001,-8.999,9.0,9.002,9.0,-26.499,-29.999,-33.5,-33.502,-30.0,-26.498,-5.002,-5.002,-5.003,-5.003,-5.003,-5.004
0.0,0.0,0.0,3.5002,7.0026,19.313,18.3379,17.9986,3.5024,18.3389,18.0033,18.339,17.999,18.3385,19.3145,3.5023,7.0065,3.5041,0,,0.0,FORMATION_RECOVERY|FORMATION_RECOVERY|FORMATION_RECOVERY|FORMATION_RECOVERY|FORMATION_RECOVERY|FORMATION_RECOVERY,1,1,0.4,-8.998,-9.001,-8.999,9.0,9.002,9.001,-26.498,-29.998,-33.5,-33.503,-30.0,-26.496,-5.004,-5.003,-5.005,-5.005,-5.005,-5.006
0.0,0.0,0.0,3.5016,7.0045,19.3133,18.3386,17.9985,3.503,18.3389,18.004,18.3395,17.9988,18.3391,19.3152,3.5025,7.0084,3.5059,0,,0.0,FORMATION_RECOVERY|FORMATION_RECOVERY|FORMATION_RECOVERY|FORMATION_RECOVERY|FORMATION_RECOVERY|FORMATION_RECOVERY,1,1,0.5,-8.998,-9.001,-8.999,8.999,9.003,9.001,-26.496,-29.998,-33.501,-33.503,-30.001,-26.495,-5.006,-5.005,-5.007,-5.007,-5.007,-5.009
0.0,0.0,0.0,3.503,7.0063,19.314,18.3394,17.9984,3.5033,18.3392,18.0047,18.34,17.9986,18.3394,19.3156,3.5026,7.0104,3.5078,0,,0.0,FORMATION_RECOVERY|FORMATION_RECOVERY|FORMATION_RECOVERY|FORMATION_RECOVERY|FORMATION_RECOVERY|FORMATION_RECOVERY,1,1,0.6,-8.998,-9.002,-8.999,8.999,9.003,9.0,-26.495,-29.998,-33.501,-33.503,-30.001,-26.493,-5.008,-5.007,-5.01,-5.009,-5.009,-5.012
0.0,0.0,0.0,3.5046,7.0079,19.315,18.3401,17.9984,3.5033,18.3394,18.0048,18.3401,17.9989,18.3396,19.3163,3.5028,7.0127,3.5099,0,,0.0,FORMATION_RECOVERY|FORMATION_RECOVERY|FORMATION_RECOVERY|FORMATION_RECOVERY|FORMATION_RECOVERY|FORMATION_RECOVERY,1,1,0.7,-8.998,-9.001,-8.999,9.0,9.003,9.0,-26.493,-29.998,-33.501,-33.504,-30.001,-26.491,-5.011,-5.009,-5.013,-5.011,-5.012,-5.015
0.0,0.0,0.0,3.5059,7.0095,19.3162,18.3408,17.9985,3.5036,18.3397,18.0049,18.3403,17.9995,18.3401,19.3174,3.5032,7.0156,3.5124,0,,0.0,FORMATION_RECOVERY|FORMATION_RECOVERY|FORMATION_RECOVERY|FORMATION_RECOVERY|FORMATION_RECOVERY|FORMATION_RECOVERY,1,1,0.8,-8.999,-9.002,-9.0,9.0,9.003,9.0,-26.492,-29.997,-33.501,-33.504,-30.001,-26.489,-5.013,-5.011,-5.016,-5.014,-5.014,-5.018
0.0,0.0,0.0,3.5069,7.011,19.3171,18.3414,17.9986,3.5041,18.34,18.0053,18.3408,17.9998,18.3407,19.3186,3.5039,7.0185,3.5147,0,,0.0,FORMATION_RECOVERY|FORMATION_RECOVERY|FORMATION_RECOVERY|FORMATION_RECOVERY|FORMATION_RECOVERY|FORMATION_RECOVERY,1,1,0.9,-8.999,-9.002,-9.0,9.0,9.003,9.0,-26.49,-29.997,-33.501,-33.505,-30.001,-26.486,-5.016,-5.013,-5.019,-5.016,-5.016,-5.021
0.0,0.0,0.0,3.5073,7.0123,19.3172,18.3416,17.9989,3.505,18.3401,18.0056,18.3414,17.9995,18.341,19.3195,3.5048,7.0206,3.5158,0,,0.0,FORMATION_RECOVERY|FORMATION_RECOVERY|FORMATION_RECOVERY|FORMATION_RECOVERY|FORMATION_RECOVERY|FORMATION_RECOVERY,1,1,1.0,-8.999,-9.002,-9.0,8.999,9.004,9.0,-26.49,-29.997,-33.502,-33.505,-30.0,-26.485,-5.019,-5.016,-5.022,-5.018,-5.019,-5.024
0.0,0.0,0.0,3.5072,7.0134,19.3076,18.3316,17.9892,3.5063,18.3299,17.9956,18.3322,17.989,18.3314,19.3113,3.5057,7.0221,3.5164,0,,0.0,FORMATION_RECOVERY|FORMATION_RECOVERY|FORMATION_RECOVERY|FORMATION_RECOVERY|FORMATION_RECOVERY|FORMATION_RECOVERY,1,1,1.1,-8.994,-8.997,-8.995,8.994,8.998,8.995,-26.489,-29.996,-33.503,-33.505,-30.0,-26.483,-5.022,-5.018,-5.025,-5.02,-5.021,-5.028
0.0,0.0,0.0,3.5068,7.0144,19.2852,18.3084,17.9663,3.5076,18.3069,17.9726,18.3104,17.965,18.3087,19.2909,3.5067,7.0234,3.5168,0,,0.0,FORMATION_RECOVERY|FORMATION_RECOVERY|FORMATION_RECOVERY|FORMATION_RECOVERY|FORMATION_RECOVERY|FORMATION_RECOVERY,1,1,1.2,-8.982,-8.986,-8.984,8.981,8.987,8.984,-26.489,-29.996,-33.503,-33.506,-29.999,-26.482,-5.024,-5.021,-5.028,-5.022,-5.024,-5.031
0.0,0.0,0.0,3.5068,7.0157,19.2525,18.2742,17.9327,3.5089,18.273,17.9386,18.2782,17.9297,18.275,19.2602,3.5072,7.0244,3.5171,0,,0.0,FORMATION_RECOVERY|FORMATION_RECOVERY|FORMATION_RECOVERY|FORMATION_RECOVERY|FORMATION_RECOVERY|FORMATION_RECOVERY,1,1,1.3,-8.965,-8.969,-8.966,8.963,8.969,8.968,-26.489,-29.995,-33.504,-33.506,-29.999,-26.481,-5.027,-5.023,-5.03,-5.025,-5.026,-5.034
0.0,0.0,0.0,3.5072,7.017,19.2113,18.2312,17.8901,3.5098,18.2303,17.8956,18.2374,17.8852,18.2321,19.2211,3.5078,7.0252,3.5174,0,,0.0,FORMATION_RECOVERY|FORMATION_RECOVERY|FORMATION_RECOVERY|FORMATION_RECOVERY|FORMATION_RECOVERY|FORMATION_RECOVERY,1,1,1.4,-8.943,-8.948,-8.944,8.941,8.947,8.947,-26.488,-29.995,-33.505,-33.506,-29.998,-26.481,-5.029,-5.026,-5.033,-5.027,-5.028,-5.036
0.0,0.0,0.0,3.5078,7.018,19.1629,18.1807,17.8397,3.5103,18.1797,17.8446,18.1887,17.8331,18.1818,19.1748,3.508,7.0258,3.5178,0,,0.0,FORMATION_RECOVERY|FORMATION_RECOVERY|FORMATION_RECOVERY|FORMATION_RECOVERY|FORMATION_RECOVERY|FORMATION_RECOVERY,1,1,1.5,-8.917,-8.923,-8.919,8.914,8.921,8.923,-26.488,-29.995,-33.506,-33.506,-29.998,-26.48,-5.031,-5.028,-5.035,-5.03,-5.03,-5.038
0.0,0.0,0.0,3.5081,7.0188,19.1092,18.1251,17.7834,3.5107,18.1228,17.7879,18.1334,17.7751,18.1262,19.1225,3.5084,7.0259,3.5175,0,,0.0,FORMATION_RECOVERY|FORMATION_RECOVERY|FORMATION_RECOVERY|FORMATION_RECOVERY|FORMATION_RECOVERY|FORMATION_RECOVERY,1,1,1.6,-8.889,-8.895,-8.89,8.885,8.893,8.895,-26.487,-29.995,-33.506,-33.506,-29.998,-26.48,-5.033,-5.03,-5.037,-5.032,-5.031,-5.04
0.0,0.0,0.0,3.5083,7.0192,19.0515,18.0651,17.7227,3.5108,18.0611,17.7261,18.0731,17.7125,18.0662,19.0658,3.5094,7.0263,3.5169,0,,0.0,FORMATION_RECOVERY|FORMATION_RECOVERY|FORMATION_RECOVERY|FORMATION_RECOVERY|FORMATION_RECOVERY|FORMATION_RECOVERY,1,1,1.7,-8.858,-8.863,-8.859,8.853,8.863,8.865,-26.487,-29.995,-33.506,-33.507,-29.997,-26.48,-5.035,-5.032,-5.039,-5.035,-5.033,-5.041
0.0,0.0,0.0,3.5087,7.0195,18.9904,18.0013,17.6579,3.5108,17.9955,17.6603,18.0088,17.646,18.0022,19.0052,3.5105,7.0268,3.5163,0,,0.0,FORMATION_RECOVERY|FORMATION_RECOVERY|FORMATION_RECOVERY|FORMATION_RECOVERY|FORMATION_RECOVERY|FORMATION_RECOVERY,1,1,1.8,-8.826,-8.83,-8.827,8.819,8.83,8.832,-26.487,-29.995,-33.506,-33.508,-29.997,-26.481,-5.036,-5.033,-5.041,-5.037,-5.035,-5.043
0.0,0.0,0.0,3.5095,7.02,18.9268,17.9346,17.5899,3.5105,17.9272,17.5914,17.941,17.5766,17.935,18.9412,3.5115,7.0267,3.5152,0,,0.0,FORMATION_RECOVERY|FORMATION_RECOVERY|FORMATION_RECOVERY|FORMATION_RECOVERY|FORMATION_RECOVERY|FORMATION_RECOVERY,1,1,1.9,-8.792,-8.795,-8.792,8.784,8.796,8.798,-26.486,-29.995,-33.506,-33.508,-29.997,-26.482,-5.038,-5.035,-5.042,-5.039,-5.036,-5.045
0.0,0.0,0.0,3.51,7.0202,18.8613,17.866,17.5197,3.5102,17.8565,17.5202,17.8709,17.5051,17.8659,18.8751,3.5124,7.026,3.5136,0,,0.0,FORMATION_RECOVERY|FORMATION_RECOVERY|FORMATION_RECOVERY|FORMATION_RECOVERY|FORMATION_RECOVERY|FORMATION_RECOVERY,1,1,2.0,-8.757,-8.759,-8.757,8.748,8.761,8.763,-26.486,-29.996,-33.506,-33.509,-29.996,-26.483,-5.039,-5.037,-5.043,-5.041,-5.038,-5.046
0.0,0.0,0.0,3.5105,7.0203,18.7943,17.7961,17.4481,3.5098,17.7844,17.4478,17.7994,17.4324,17.7958,18.8079,3.5134,7.0252,3.5119,0,,0.0,FORMATION_RECOVERY|FORMATION_RECOVERY|FORMATION_RECOVERY|FORMATION_RECOVERY|FORMATION_RECOVERY|FORMATION_RECOVERY,1,1,2.1,-8.721,-8.722,-8.721,8.711,8.725,8.727,-26.486,-29.996,-33.506,-33.509,-29.996,-26.484,-5.04,-5.038,-5.044,-5.043,-5.039,-5.047
0.0,0.0,0.0,3.5113,7.0201,18.7268,17.725,17.3754,3.5089,17.7121,17.3748,17.7274,17.359,17.7246,18.7396,3.5147,7.0247,3.5101,0,,0.0,FORMATION_RECOVERY|FORMATION_RECOVERY|FORMATION_RECOVERY|FORMATION_RECOVERY|FORMATION_RECOVERY|FORMATION_RECOVERY,1,1,2.2,-8.685,-8.686,-8.684,8.675,8.689,8.691,-26.486,-29.997,-33.506,-33.51,-29.995,-26.485,-5.041,-5.04,-5.045,-5.045,-5.041,-5.048
0.0,0.0,0.0,3.5119,7.0198,18.6588,17.6532,17.3023,3.5079,17.6396,17.3013,17.6554,17.2849,17.6526,18.6711,3.5158,7.0247,3.5089,0,,0.0,FORMATION_RECOVERY|FORMATION_FOLLOW|FORMATION_RECOVERY|FORMATION_RECOVERY|FORMATION_FOLLOW|FORMATION_RECOVERY,1,1,2.3,-8.648,-8.649,-8.647,8.638,8.653,8.654,-26.486,-29.998,-33.506,-33.51,-29.995,-26.486,-5.042,-5.041,-5.045,-5.047,-5.042,-5.049
0.0,0.0,0.0,3.5121,7.0192,18.591,17.5815,17.2294,3.5071,17.5672,17.2277,17.5835,17.2107,17.5802,18.6026,3.5169,7.0252,3.5083,0,,0.0,FORMATION_RECOVERY|FORMATION_FOLLOW|FORMATION_RECOVERY|FORMATION_RECOVERY|FORMATION_FOLLOW|FORMATION_RECOVERY,1,1,2.4,-8.612,-8.612,-8.61,8.601,8.616,8.617,-26.486,-29.998,-33.505,-33.511,-29.995,-26.486,-5.042,-5.042,-5.046,-5.048,-5.043,-5.05
0.0,0.0,0.0,3.5117,7.0184,18.5236,17.5099,17.1567,3.5067,17.4953,17.1541,17.5117,17.137,17.508,18.5345,3.5181,7.026,3.5079,0,,0.0,FORMATION_RECOVERY|FORMATION_FOLLOW|FORMATION_FOLLOW|FORMATION_RECOVERY|FORMATION_FOLLOW|FORMATION_RECOVERY,1,1,2.5,-8.576,-8.575,-8.573,8.564,8.579,8.581,-26.487,-29.999,-33.505,-33.512,-29.994,-26.486,-5.042,-5.043,-5.047,-5.048,-5.045,-5.051
0.0,0.0,0.0,3.5109,7.0173,18.4567,17.4386,17.0847,3.5064,17.4237,17.0807,17.4402,17.0638,17.436,18.4668,3.5186,7.0263,3.5077,0,,0.0,FORMATION_RECOVERY|FORMATION_FOLLOW|FORMATION_FOLLOW|FORMATION_RECOVERY|FORMATION_FOLLOW|FORMATION_RECOVERY,1,1,2.6,-8.54,-8.538,-8.536,8.527,8.542,8.545,-26.488,-29.999,-33.505,-33.513,-29.994,-26.487,-5.043,-5.044,-5.047,-5.049,-5.046,-5.052
0.0,0.0,0.0,3.5102,7.016,18.3903,17.3677,17.0131,3.5059,17.3532,17.008,17.3696,16.9915,17.3643,18.3996,3.5185,7.0261,3.5076,0,,0.0,FORMATION_RECOVERY|FORMATION_FOLLOW|FORMATION_FOLLOW|FORMATION_FOLLOW|FORMATION_FOLLOW|FORMATION_RECOVERY,1,1,2.7,-8.504,-8.502,-8.5,8.492,8.506,8.509,-26.489,-29.999,-33.505,-33.513,-29.994,-26.487,-5.043,-5.045,-5.048,-5.05,-5.047,-5.053
0.0,0.0,0.0,3.5097,7.0154,18.3244,17.2974,16.9422,3.5057,17.2837,16.9363,17.3002,16.9199,17.2934,18.3334,3.5181,7.0258,3.5078,0,,0.0,FORMATION_FOLLOW|FORMATION_FOLLOW|FORMATION_FOLLOW|FORMATION_FOLLOW|FORMATION_FOLLOW|FORMATION_RECOVERY,1,1,2.8,-8.469,-8.467,-8.464,8.456,8.47,8.473,-26.49,-30.0,-33.506,-33.513,-29.995,-26.487,-5.043,-5.046,-5.048,-5.051,-5.049,-5.054
0.0,0.0,0.0,3.5088,7.0148,18.2594,17.2279,16.8721,3.506,17.215,16.8652,17.2314,16.8494,17.2235,18.2683,3.5177,7.0258,3.5081,0,,0.0,FORMATION_FOLLOW|FORMATION_FOLLOW|FORMATION_FOLLOW|FORMATION_FOLLOW|FORMATION_FOLLOW|FORMATION_FOLLOW,1,1,2.9,-8.434,-8.431,-8.428,8.422,8.434,8.438,-26.492,-30.0,-33.506,-33.513,-29.996,-26.488,-5.044,-5.047,-5.048,-5.051,-5.05,-5.055
0.0,0.0,0.0,3.5077,7.0144,18.1954,17.1597,16.8029,3.5067,17.147,16.7951,17.1631,16.7796,17.1545,18.2039,3.5171,7.0256,3.5085,0,,0.0,FORMATION_FOLLOW|FORMATION_FOLLOW|FORMATION_FOLLOW|FORMATION_FOLLOW|FORMATION_FOLLOW|FORMATION_FOLLOW,1,1,3.0,-8.399,-8.396,-8.392,8.387,8.399,8.404,-26.493,-30.001,-33.507,-33.513,-29.996,-26.488,-5.044,-5.048,-5.048,-5.052,-5.051,-5.056
0.0,0.0,0.0,3.5068,7.0144,18.132,17.0927,16.7346,3.5076,17.0799,16.7264,17.0958,16.7102,17.0864,18.1399,3.516,7.0247,3.5087,0,,0.0,FORMATION_FOLLOW|FORMATION_FOLLOW|FORMATION_FOLLOW|FORMATION_FOLLOW|FORMATION_FOLLOW|FORMATION_FOLLOW,1,1,3.1,-8.365,-8.361,-8.357,8.353,8.365,8.37,-26.494,-30.001,-33.508,-33.513,-29.997,-26.488,-5.045,-5.05,-5.048,-5.052,-5.052,-5.057
0.0,0.0,0.0,3.5061,7.0142,18.0694,17.0268,16.6675,3.5081,17.0133,16.6586,17.0296,16.6411,17.0189,18.0765,3.5148,7.0237,3.509,0,,0.0,FORMATION_FOLLOW|FORMATION_FOLLOW|FORMATION_FOLLOW|FORMATION_FOLLOW|FORMATION_FOLLOW|FORMATION_FOLLOW,1,1,3.2,-8.331,-8.327,-8.322,8.32,8.331,8.336,-26.495,-30.001,-33.509,-33.513,-29.998,-26.489,-5.045,-5.051,-5.048,-5.052,-5.053,-5.058
0.0,0.0,0.0,3.5051,7.0139,18.0078,16.9619,16.6014,3.5089,16.9479,16.5918,16.9643,16.5727,16.9519,18.0138,3.5134,7.023,3.5096,0,,0.0,FORMATION_FOLLOW|FORMATION_FOLLOW|FORMATION_FOLLOW|FORMATION_FOLLOW|FORMATION_FOLLOW|FORMATION_FOLLOW,1,1,3.3,-8.298,-8.294,-8.286,8.286,8.298,8.303,-26.496,-30.001,-33.51,-33.512,-29.999,-26.489,-5.046,-5.052,-5.048,-5.052,-5.054,-5.059
0.0,0.0,0.0,3.5042,7.0139,17.9477,16.8981,16.5361,3.5097,16.8839,16.5261,16.9,16.5054,16.8858,17.9519,3.5125,7.0233,3.5108,0,,0.0,FORMATION_FOLLOW|FORMATION_FOLLOW|FORMATION_FOLLOW|FORMATION_FOLLOW|FORMATION_FOLLOW|FORMATION_FOLLOW,1,1,3.4,-8.266,-8.261,-8.252,8.254,8.265,8.27,-26.496,-30.001,-33.51,-33.513,-30.0,-26.489,-5.046,-5.053,-5.048,-5.052,-5.054,-5.059
0.0,0.0,0.0,3.5033,7.0139,17.8887,16.8354,16.4718,3.5107,16.8208,16.4613,16.8365,16.4394,16.821,17.8913,3.5122,7.0239,3.5117,0,,0.0,FORMATION_FOLLOW|FORMATION_FOLLOW|FORMATION_FOLLOW|FORMATION_FOLLOW|FORMATION_FOLLOW|FORMATION_FOLLOW,1,1,3.5,-8.234,-8.228,-8.218,8.221,8.233,8.238,-26.497,-30.0,-33.511,-33.513,-30.001,-26.489,-5.047,-5.054,-5.048,-5.053,-5.055,-5.059
0.0,0.0,0.0,3.5026,7.0137,17.8305,16.7735,16.4079,3.5112,16.7586,16.3973,16.7735,16.3746,16.7574,17.8313,3.5119,7.0247,3.5128,0,,0.0,FORMATION_FOLLOW|FORMATION_FOLLOW|FORMATION_FOLLOW|FORMATION_FOLLOW|FORMATION_FOLLOW|FORMATION_FOLLOW,1,1,3.6,-8.202,-8.196,-8.185,8.19,8.201,8.206,-26.497,-30.0,-33.511,-33.514,-30.002,-26.489,-5.047,-5.055,-5.048,-5.053,-5.055,-5.059
0.0,0.0,0.0,3.5019,7.0131,17.7731,16.7121,16.3443,3.5112,16.6972,16.3341,16.7109,16.3106,16.6945,17.7716,3.512,7.0255,3.5135,0,,0.0,FORMATION_FOLLOW|FORMATION_FOLLOW|FORMATION_FOLLOW|FORMATION_FOLLOW|FORMATION_FOLLOW|FORMATION_FOLLOW,1,1,3.7,-8.171,-8.165,-8.152,8.159,8.17,8.173,-26.498,-30.0,-33.511,-33.515,-30.003,-26.489,-5.048,-5.055,-5.048,-5.054,-5.056,-5.059
0.0,0.0,0.0,3.5014,7.0126,17.7166,16.6513,16.2811,3.5112,16.637,16.2719,16.6491,16.2474,16.632,17.7122,3.5122,7.0265,3.5144,0,,0.0,FORMATION_FOLLOW|FORMATION_FOLLOW|FORMATION_FOLLOW|FORMATION_FOLLOW|FORMATION_FOLLOW|FORMATION_FOLLOW,1,1,3.8,-8.14,-8.134,-8.12,8.128,8.138,8.141,-26.498,-30.0,-33.511,-33.516,-30.004,-26.489,-5.048,-5.056,-5.048,-5.054,-5.056,-5.059
0.0,0.0,0.0,3.5014,7.0124,17.6608,16.5906,16.2183,3.511,16.5783,16.2107,16.5887,16.1849,16.5699,17.6534,3.5126,7.0277,3.5151,0,,0.0,FORMATION_FOLLOW|FORMATION_FOLLOW|FORMATION_FOLLOW|FORMATION_FOLLOW|FORMATION_FOLLOW|FORMATION_FOLLOW,1,1,3.9,-8.109,-8.103,-8.087,8.098,8.107,8.11,-26.498,-30.0,-33.511,-33.517,-30.004,-26.489,-5.049,-5.056,-5.048,-5.054,-5.056,-5.058
0.0,0.0,0.0,3.5012,7.0119,17.6053,16.5306,16.1561,3.5107,16.5202,16.1503,16.529,16.123,16.5086,17.5954,3.5134,7.0292,3.5158,0,,0.0,FORMATION_FOLLOW|FORMATION_FOLLOW|FORMATION_FOLLOW|FORMATION_FOLLOW|FORMATION_FOLLOW|FORMATION_FOLLOW,1,1,4.0,-8.078,-8.074,-8.056,8.067,8.076,8.078,-26.498,-29.999,-33.51,-33.518,-30.005,-26.489,-5.049,-5.056,-5.049,-5.055,-5.056,-5.058
0.0,0.0,0.0,3.5008,7.0113,17.5495,16.4707,16.0945,3.5105,16.4616,16.09,16.4699,16.0609,16.4476,17.5382,3.5139,7.0308,3.5169,0,,0.0,FORMATION_FOLLOW|FORMATION_FOLLOW|FORMATION_FOLLOW|FORMATION_FOLLOW|FORMATION_FOLLOW|FORMATION_FOLLOW,1,1,4.1,-8.047,-8.044,-8.024,8.037,8.046,8.047,-26.498,-29.999,-33.509,-33.519,-30.006,-26.489,-5.049,-5.056,-5.049,-5.055,-5.056,-5.057
0.0,0.0,0.0,3.5009,7.0108,17.4946,16.4114,16.0335,3.51,16.4036,16.0299,16.4114,15.9994,16.387,17.4816,3.5143,7.0328,3.5184,0,,0.0,FORMATION_FOLLOW|FORMATION_FOLLOW|FORMATION_FOLLOW|FORMATION_FOLLOW|FORMATION_FOLLOW|FORMATION_FOLLOW,1,1,4.2,-8.017,-8.015,-7.993,8.006,8.015,8.017,-26.498,-29.999,-33.509,-33.521,-30.006,-26.488,-5.048,-5.056,-5.049,-5.055,-5.056,-5.057
0.0,0.0,0.0,3.5019,7.0107,17.4405,16.3527,15.9728,3.5088,16.3456,15.9697,16.3526,15.9388,16.3268,17.4253,3.5147,7.0348,3.5201,0,,0.0,FORMATION_FOLLOW|FORMATION_FOLLOW|FORMATION_FOLLOW|FORMATION_FOLLOW|FORMATION_FOLLOW|FORMATION_FOLLOW,1,1,4.3,-7.987,-7.985,-7.962,7.977,7.985,7.986,-26.498,-30.0,-33.508,-33.522,-30.007,-26.487,-5.048,-5.055,-5.048,-5.055,-5.056,-5.057
0.0,0.0,0.0,3.5035,7.0109,17.3865,16.2943,15.9122,3.5074,16.2875,15.9099,16.294,15.8783,16.267,17.3692,3.5149,7.0365,3.5216,0,,0.0,FORMATION_FOLLOW|FORMATION_FOLLOW|FORMATION_FOLLOW|FORMATION_FOLLOW|FORMATION_FOLLOW|FORMATION_FOLLOW,1,1,4.4,-7.957,-7.955,-7.932,7.947,7.955,7.955,-26.497,-30.001,-33.508,-33.523,-30.008,-26.486,-5.048,-5.055,-5.048,-5.054,-5.056,-5.056
0.0,0.0,0.0,3.5054,7.012,17.3327,16.2366,15.8517,3.5066,16.2293,15.8505,16.2353,15.8182,16.2084,17.3138,3.5148,7.0379,3.5231,0,,0.0,FORMATION_FOLLOW|FORMATION_FOLLOW|FORMATION_FOLLOW|FORMATION_FOLLOW|FORMATION_FOLLOW|FORMATION_FOLLOW,1,1,4.5,-7.927,-7.926,-7.901,7.917,7.925,7.924,-26.496,-30.001,-33.508,-33.523,-30.009,-26.486,-5.048,-5.054,-5.049,-5.054,-5.055,-5.056
0.0,0.0,0.0,3.5073,7.0132,17.2794,16.1794,15.7915,3.5059,16.1712,15.7912,16.1765,15.7586,16.1502,17.2586,3.5149,7.0393,3.5244,0,,0.0,FORMATION_FOLLOW|FORMATION_FOLLOW|FORMATION_FOLLOW|FORMATION_FOLLOW|FORMATION_FOLLOW|FORMATION_FOLLOW,1,1,4.6,-7.898,-7.896,-7.872,7.887,7.895,7.894,-26.495,-30.002,-33.508,-33.524,-30.009,-26.485,-5.048,-5.053,-5.049,-5.053,-5.055,-5.055
0.0,0.0,0.0,3.5098,7.0142,17.2266,16.1229,15.7317,3.5045,16.1132,15.7323,16.118,15.6994,16.0927,17.2037,3.5153,7.0405,3.5252,0,,0.0,FORMATION_FOLLOW|FORMATION_FOLLOW|FORMATION_FOLLOW|FORMATION_FOLLOW|FORMATION_FOLLOW|FORMATION_FOLLOW,1,1,4.7,-7.869,-7.866,-7.842,7.858,7.866,7.863,-26.493,-30.003,-33.508,-33.525,-30.009,-26.484,-5.048,-5.052,-5.049,-5.053,-5.056,-5.055
0.0,0.0,0.0,3.5129,7.0154,17.1742,16.0668,15.6723,3.5026,16.0556,15.674,16.06,15.6405,16.0357,17.1492,3.5157,7.0415,3.5258,0,,0.0,FORMATION_FOLLOW|FORMATION_FOLLOW|FORMATION_FOLLOW|FORMATION_FOLLOW|FORMATION_FOLLOW|FORMATION_FOLLOW,1,1,4.8,-7.84,-7.837,-7.812,7.828,7.837,7.833,-26.492,-30.005,-33.507,-33.525,-30.01,-26.484,-5.048,-5.052,-5.049,-5.053,-5.056,-5.055
0.0,0.0,0.0,3.5159,7.0168,17.1218,16.0109,15.6128,3.501,15.9983,15.6161,16.0021,15.5819,15.9791,17.0947,3.5162,7.0424,3.5262,0,,0.0,FORMATION_FOLLOW|FORMATION_FOLLOW|FORMATION_FOLLOW|FORMATION_FOLLOW|FORMATION_FOLLOW|FORMATION_FOLLOW,1,1,4.9,-7.811,-7.808,-7.783,7.798,7.808,7.802,-26.49,-30.006,-33.507,-33.526,-30.01,-26.484,-5.048,-5.051,-5.049,-5.053,-5.056,-5.055
0.0,0.0,0.0,3.5189,7.0185,17.0696,15.9552,15.5535,3.4996,15.9413,15.5585,15.9446,15.5233,15.9226,17.0403,3.5168,7.043,3.5262,0,,0.0,FORMATION_FOLLOW|FORMATION_FOLLOW|FORMATION_FOLLOW|FORMATION_FOLLOW|FORMATION_FOLLOW|FORMATION_FOLLOW,1,1,5.0,-7.782,-7.779,-7.754,7.769,7.779,7.771,-26.488,-30.007,-33.507,-33.527,-30.01,-26.484,-5.048,-5.05,-5.049,-5.053,-5.055,-5.056
0.0,0.0,0.0,3.5218,7.0204,17.0174,15.8993,15.4947,3.4987,15.8842,15.501,15.8875,15.4642,15.8659,16.9862,3.5177,7.0436,3.5259,0,,0.0,FORMATION_FOLLOW|FORMATION_FOLLOW|FORMATION_FOLLOW|FORMATION_FOLLOW|FORMATION_FOLLOW|FORMATION_FOLLOW,1,1,5.1,-7.754,-7.751,-7.725,7.739,7.75,7.741,-26.487,-30.008,-33.507,-33.527,-30.01,-26.484,-5.049,-5.05,-5.049,-5.053,-5.055,-5.056
0.0,0.0,0.0,3.5243,7.0218,16.9656,15.844,15.4364,3.4975,15.8275,15.4439,15.8308,15.4051,15.8092,16.9321,3.5188,7.0445,3.5257,0,,0.0,FORMATION_FOLLOW|FORMATION_FOLLOW|FORMATION_FOLLOW|FORMATION_FOLLOW|FORMATION_FOLLOW|FORMATION_FOLLOW,1,1,5.2,-7.725,-7.722,-7.696,7.709,7.722,7.711,-26.485,-30.009,-33.507,-33.528,-30.01,-26.484,-5.049,-5.049,-5.049,-5.053,-5.055,-5.056
0.0,0.0,0.0,3.5261,7.0227,16.9139,15.7894,15.3787,3.4966,15.7707,15.387,15.7742,15.3453,15.7523,16.8776,3.5195,7.0449,3.5254,0,,0.0,FORMATION_FOLLOW|FORMATION_FOLLOW|FORMATION_FOLLOW|FORMATION_FOLLOW|FORMATION_FOLLOW|FORMATION_FOLLOW,1,1,5.3,-7.698,-7.694,-7.666,7.679,7.693,7.681,-26.484,-30.01,-33.507,-33.529,-30.01,-26.484,-5.049,-5.05,-5.049,-5.053,-5.055,-5.057
0.0,0.0,0.0,3.5272,7.0234,16.8616,15.7344,15.3209,3.4962,15.7136,15.33,15.7172,15.2855,15.6957,16.8233,3.5203,7.045,3.5248,0,,0.0,FORMATION_FOLLOW|FORMATION_FOLLOW|FORMATION_FOLLOW|FORMATION_FOLLOW|FORMATION_FOLLOW|FORMATION_FOLLOW,1,1,5.4,-7.67,-7.666,-7.637,7.649,7.665,7.651,-26.483,-30.011,-33.507,-33.53,-30.01,-26.485,-5.05,-5.05,-5.048,-5.053,-5.055,-5.056
0.0,0.0,0.0,3.5277,7.0232,16.8089,15.6793,15.2632,3.4956,15.6564,15.2729,15.6606,15.226,15.6391,16.7695,3.5208,7.0452,3.5245,0,,0.0,FORMATION_FOLLOW|FORMATION_FOLLOW|FORMATION_FOLLOW|FORMATION_FOLLOW|FORMATION_FOLLOW|FORMATION_FOLLOW,1,1,5.5,-7.642,-7.637,-7.607,7.619,7.636,7.622,-26.483,-30.011,-33.506,-33.53,-30.01,-26.485,-5.051,-5.05,-5.048,-5.053,-5.055,-5.056
0.0,0.0,0.0,3.5273,7.0227,16.7562,15.6242,15.206,3.4954,15.5994,15.2159,15.6044,15.1669,15.583,16.7166,3.5209,7.0453,3.5245,0,,0.0,FORMATION_FOLLOW|FORMATION_FOLLOW|FORMATION_FOLLOW|FORMATION_FOLLOW|FORMATION_FOLLOW|FORMATION_FOLLOW,1,1,5.6,-7.614,-7.608,-7.578,7.589,7.607,7.593,-26.483,-30.011,-33.506,-33.531,-30.01,-26.486,-5.052,-5.051,-5.048,-5.054,-5.056,-5.056
0.0,0.0,0.0,3.5265,7.0221,16.7035,15.5693,15.1493,3.4956,15.5428,15.1593,15.5488,15.1083,15.5274,16.6643,3.5207,7.0453,3.5247,0,,0.0,FORMATION_FOLLOW|FORMATION_FOLLOW|FORMATION_FOLLOW|FORMATION_FOLLOW|FORMATION_FOLLOW|FORMATION_FOLLOW,1,1,5.7,-7.585,-7.58,-7.55,7.559,7.579,7.564,-26.484,-30.01,-33.506,-33.531,-30.01,-26.486,-5.053,-5.051,-5.047,-5.054,-5.056,-5.056
0.0,0.0,0.0,3.5254,7.0211,16.651,15.5142,15.093,3.4958,15.4863,15.1023,15.4934,15.0501,15.4715,16.6127,3.5202,7.0458,3.5256,0,,0.0,FORMATION_FOLLOW|FORMATION_FOLLOW|FORMATION_FOLLOW|FORMATION_FOLLOW|FORMATION_FOLLOW|FORMATION_FOLLOW,1,1,5.8,-7.557,-7.552,-7.521,7.529,7.551,7.536,-26.484,-30.009,-33.505,-33.531,-30.011,-26.486,-5.054,-5.051,-5.046,-5.054,-5.055,-5.056
0.0,0.0,0.0,3.5239,7.0197,16.5984,15.4588,15.0364,3.4959,15.4295,15.0447,15.4375,14.9919,15.4156,16.561,3.5198,7.0462,3.5265,0,,0.0,FORMATION_FOLLOW|FORMATION_FOLLOW|FORMATION_FOLLOW|FORMATION_FOLLOW|FORMATION_FOLLOW|FORMATION_FOLLOW,1,1,5.9,-7.529,-7.523,-7.493,7.499,7.522,7.507,-26.484,-30.008,-33.504,-33.532,-30.012,-26.485,-5.055,-5.051,-5.046,-5.055,-5.055,-5.055
0.0,0.0,0.0,3.5222,7.0184,16.5456,15.4031,14.9796,3.4962,15.3724,14.9867,15.3811,14.9335,15.3592,16.509,3.5195,7.0465,3.5271,0,,0.0,FORMATION_FOLLOW|FORMATION_FOLLOW|FORMATION_FOLLOW|FORMATION_FOLLOW|FORMATION_FOLLOW|FORMATION_FOLLOW,1,1,6.0,-7.501,-7.494,-7.465,7.469,7.493,7.479,-26.485,-30.007,-33.503,-33.532,-30.012,-26.485,-5.056,-5.051,-5.046,-5.055,-5.055,-5.055
0.0,0.0,0.0,3.5201,7.0171,16.4924,15.3472,14.9228,3.497,15.3151,14.9287,15.3249,14.8745,15.3027,16.4569,3.5191,7.0464,3.5274,0,,0.0,FORMATION_FOLLOW|FORMATION_FOLLOW|FORMATION_FOLLOW|FORMATION_FOLLOW|FORMATION_FOLLOW|FORMATION_FOLLOW,1,1,6.1,-7.473,-7.465,-7.436,7.439,7.464,7.45,-26.486,-30.006,-33.503,-33.532,-30.013,-26.485,-5.057,-5.052,-5.046,-5.055,-5.055,-5.055
0.0,0.0,0.0,3.5179,7.016,16.4392,15.2912,14.8658,3.4981,15.2579,14.8706,15.2685,14.8155,15.2462,16.4048,3.5188,7.0465,3.5278,0,,0.0,FORMATION_FOLLOW|FORMATION_FOLLOW|FORMATION_FOLLOW|FORMATION_FOLLOW|FORMATION_FOLLOW|FORMATION_FOLLOW,1,1,6.2,-7.445,-7.436,-7.407,7.408,7.434,7.421,-26.486,-30.004,-33.502,-33.532,-30.013,-26.486,-5.058,-5.052,-5.046,-5.055,-5.055,-5.055
0.0,0.0,0.0,3.5161,7.0147,16.386,15.2351,14.808,3.4986,15.2009,14.8128,15.2117,14.7566,15.1898,16.3521,3.519,7.0466,3.5277,0,,0.0,FORMATION_FOLLOW|FORMATION_FOLLOW|FORMATION_FOLLOW|FORMATION_FOLLOW|FORMATION_FOLLOW|FORMATION_FOLLOW,1,1,6.3,-7.416,-7.408,-7.379,7.378,7.405,7.392,-26.487,-30.003,-33.502,-33.532,-30.014,-26.486,-5.058,-5.052,-5.046,-5.055,-5.055,-5.055
0.0,0.0,0.0,3.5147,7.0135,16.3325,15.1786,14.7496,3.4988,15.1434,14.7547,15.1544,14.698,15.1338,16.2994,3.5192,7.0464,3.5273,0,,0.0,FORMATION_FOLLOW|FORMATION_FOLLOW|FORMATION_FOLLOW|FORMATION_FOLLOW|FORMATION_FOLLOW|FORMATION_FOLLOW,1,1,6.4,-7.388,-7.379,-7.351,7.347,7.376,7.362,-26.488,-30.003,-33.501,-33.533,-30.013,-26.486,-5.058,-5.052,-5.047,-5.055,-5.055,-5.055
0.0,0.0,0.0,3.5136,7.0126,16.2784,15.1218,14.6911,3.4991,15.0855,14.6962,15.0972,14.6395,15.078,16.2473,3.5188,7.0459,3.5273,0,,0.0,FORMATION_FOLLOW|FORMATION_FOLLOW|FORMATION_FOLLOW|FORMATION_FOLLOW|FORMATION_FOLLOW|FORMATION_FOLLOW,1,1,6.5,-7.359,-7.35,-7.323,7.317,7.346,7.332,-26.488,-30.002,-33.501,-33.532,-30.013,-26.486,-5.058,-5.053,-5.047,-5.055,-5.055,-5.055
0.0,0.0,0.0,3.5124,7.0118,16.2243,15.0649,14.6325,3.4995,15.0279,14.6381,15.0404,14.5809,15.022,16.1953,3.5183,7.0456,3.5274,0,,0.0,FORMATION_FOLLOW|FORMATION_FOLLOW|FORMATION_FOLLOW|FORMATION_FOLLOW|FORMATION_FOLLOW|FORMATION_FOLLOW,1,1,6.6,-7.33,-7.321,-7.294,7.287,7.317,7.303,-26.489,-30.001,-33.501,-33.531,-30.013,-26.486,-5.059,-5.053,-5.048,-5.056,-5.055,-5.054
0.0,0.0,0.0,3.5112,7.0112,16.1701,15.0078,14.5738,3.5,14.9707,14.5804,14.9841,14.5219,14.9657,16.1432,3.5178,7.0455,3.5279,0,,0.0,FORMATION_FOLLOW|FORMATION_FOLLOW|FORMATION_FOLLOW|FORMATION_FOLLOW|FORMATION_FOLLOW|FORMATION_FOLLOW,1,1,6.7,-7.3,-7.292,-7.266,7.256,7.288,7.274,-26.489,-30.0,-33.5,-33.531,-30.013,-26.485,-5.059,-5.053,-5.049,-5.056,-5.055,-5.054
0.0,0.0,0.0,3.5102,7.0105,16.1166,14.9509,14.5153,3.5003,14.914,14.5225,14.9278,14.4631,14.909,16.0908,3.5174,7.0454,3.5282,0,,0.0,FORMATION_FOLLOW|FORMATION_FOLLOW|FORMATION_FOLLOW|FORMATION_FOLLOW|FORMATION_FOLLOW|FORMATION_FOLLOW,1,1,6.8,-7.271,-7.264,-7.237,7.226,7.259,7.244,-26.489,-30.0,-33.5,-33.53,-30.013,-26.485,-5.059,-5.054,-5.05,-5.056,-5.055,-5.053
0.0,0.0,0.0,3.5096,7.0101,16.064,14.8945,14.4571,3.5005,14.8577,14.4649,14.8715,14.4047,14.8526,16.0383,3.5175,7.0455,3.5281,0,,0.0,FORMATION_FOLLOW|FORMATION_FOLLOW|FORMATION_FOLLOW|FORMATION_FOLLOW|FORMATION_FOLLOW|FORMATION_FOLLOW,1,1,6.9,-7.242,-7.236,-7.208,7.196,7.229,7.215,-26.489,-29.999,-33.499,-33.53,-30.013,-26.485,-5.059,-5.054,-5.05,-5.056,-5.054,-5.053
0.0,0.0,0.0,3.5093,7.0102,16.012,14.8381,14.3988,3.5009,14.8015,14.407,14.8149,14.3464,14.7963,15.986,3.5183,7.0464,3.5282,0,,0.0,FORMATION_FOLLOW|FORMATION_FOLLOW|FORMATION_FOLLOW|FORMATION_FOLLOW|FORMATION_FOLLOW|FORMATION_FOLLOW,1,1,7.0,-7.213,-7.207,-7.179,7.167,7.2,7.185,-26.489,-29.999,-33.499,-33.531,-30.013,-26.484,-5.058,-5.055,-5.051,-5.057,-5.054,-5.053
0.0,0.0,0.0,3.5096,7.0104,15.9602,14.782,14.3406,3.5008,14.7454,14.3493,14.7586,14.2879,14.7396,15.9334,3.519,7.0473,3.5284,0,,0.0,FORMATION_FOLLOW|FORMATION_FOLLOW|FORMATION_FOLLOW|FORMATION_FOLLOW|FORMATION_FOLLOW|FORMATION_FOLLOW,1,1,7.1,-7.185,-7.178,-7.15,7.138,7.171,7.156,-26.489,-29.998,-33.499,-33.531,-30.012,-26.484,-5.058,-5.056,-5.051,-5.058,-5.054,-5.053
0.0,0.0,0.0,3.5102,7.0106,15.9083,14.7255,14.2822,3.5004,14.6888,14.291,14.7019,14.2292,14.6827,15.8807,3.5197,7.0479,3.5284,0,,0.0,FORMATION_FOLLOW|FORMATION_FOLLOW|FORMATION_FOLLOW|FORMATION_FOLLOW|FORMATION_FOLLOW|FORMATION_FOLLOW,1,1,7.2,-7.155,-7.149,-7.12,7.109,7.142,7.127,-26.488,-29.999,-33.499,-33.531,-30.012,-26.483,-5.058,-5.056,-5.052,-5.058,-5.054,-5.052
0.0,0.0,0.0,3.5108,7.0106,15.8565,14.6691,14.224,3.4999,14.6319,14.2325,14.6451,14.1706,14.6259,15.8281,3.5205,7.0489,3.5286,0,,0.0,FORMATION_FOLLOW|FORMATION_FOLLOW|FORMATION_FOLLOW|FORMATION_FOLLOW|FORMATION_FOLLOW|FORMATION_FOLLOW,1,1,7.3,-7.126,-7.119,-7.091,7.08,7.113,7.098,-26.488,-29.999,-33.498,-33.532,-30.011,-26.483,-5.057,-5.057,-5.052,-5.058,-5.053,-5.053
0.0,0.0,0.0,3.5112,7.0105,15.8047,14.6129,14.1663,3.4994,14.5748,14.1738,14.5886,14.1119,14.5691,15.7762,3.5213,7.0502,3.5291,0,,0.0,FORMATION_FOLLOW|FORMATION_FOLLOW|FORMATION_FOLLOW|FORMATION_FOLLOW|FORMATION_FOLLOW|FORMATION_FOLLOW,1,1,7.4,-7.097,-7.089,-7.061,7.051,7.084,7.069,-26.488,-29.999,-33.498,-33.532,-30.011,-26.482,-5.057,-5.057,-5.052,-5.058,-5.053,-5.053
0.0,0.0,0.0,3.5117,7.0103,15.7531,14.5565,14.1089,3.4986,14.5174,14.1147,14.5322,14.0535,14.5125,15.7248,3.5224,7.0518,3.5296,0,,0.0,FORMATION_FOLLOW|FORMATION_FOLLOW|FORMATION_FOLLOW|FORMATION_FOLLOW|FORMATION_FOLLOW|FORMATION_FOLLOW,1,1,7.5,-7.068,-7.06,-7.032,7.021,7.055,7.041,-26.487,-29.999,-33.497,-33.533,-30.011,-26.481,-5.056,-5.057,-5.053,-5.058,-5.053,-5.054
0.0,0.0,0.0,3.5127,7.0103,15.7013,14.5,14.0515,3.4977,14.4598,14.0556,14.476,13.9948,14.4559,15.6734,3.5238,7.0533,3.5297,0,,0.0,FORMATION_FOLLOW|FORMATION_FOLLOW|FORMATION_FOLLOW|FORMATION_FOLLOW|FORMATION_FOLLOW|FORMATION_FOLLOW,1,1,7.6,-7.039,-7.03,-7.003,6.991,7.026,7.012,-26.487,-29.999,-33.497,-33.534,-30.011,-26.481,-5.055,-5.058,-5.053,-5.058,-5.054,-5.055
0.0,0.0,0.0,3.5139,7.0103,15.649,14.4434,13.9938,3.4964,14.4019,13.9966,14.4196,13.936,14.3996,15.622,3.525,7.0544,3.5296,0,,0.0,FORMATION_FOLLOW|FORMATION_FOLLOW|FORMATION_FOLLOW|FORMATION_FOLLOW|FORMATION_FOLLOW|FORMATION_FOLLOW,1,1,7.7,-7.01,-7.0,-6.975,6.961,6.997,6.984,-26.486,-30.0,-33.496,-33.535,-30.01,-26.481,-5.055,-5.058,-5.053,-5.058,-5.054,-5.056
0.0,0.0,0.0,3.5153,7.01,15.5969,14.3869,13.9359,3.4947,14.3439,13.9375,14.363,13.8772,14.343,15.5703,3.5258,7.0554,3.5297,0,,0.0,FORMATION_FOLLOW|FORMATION_FOLLOW|FORMATION_FOLLOW|FORMATION_FOLLOW|FORMATION_FOLLOW|FORMATION_FOLLOW,1,1,7.8,-6.981,-6.97,-6.946,6.931,6.967,6.955,-26.485,-30.0,-33.495,-33.536,-30.01,-26.48,-5.054,-5.058,-5.054,-5.058,-5.054,-5.057
0.0,0.0,0.0,3.5166,7.0094,15.5442,14.3301,13.8773,3.4928,14.2859,13.8786,14.3063,13.8183,14.2865,15.5183,3.5263,7.0561,3.53,0,,0.0,FORMATION_FOLLOW|FORMATION_FOLLOW|FORMATION_FOLLOW|FORMATION_FOLLOW|FORMATION_FOLLOW|FORMATION_FOLLOW,1,1,7.9,-6.952,-6.941,-6.917,6.901,6.938,6.925,-26.484,-30.001,-33.494,-33.536,-30.01,-26.48,-5.054,-5.058,-5.055,-5.058,-5.055,-5.058
0.0,0.0,0.0,3.5182,7.009,15.4911,14.2729,13.818,3.4909,14.2282,13.8199,14.2497,13.7594,14.2296,15.466,3.5261,7.0565,3.5307,0,,0.0,FORMATION_FOLLOW|FORMATION_FOLLOW|FORMATION_FOLLOW|FORMATION_FOLLOW|FORMATION_FOLLOW|FORMATION_FOLLOW,1,1,8.0,-6.922,-6.911,-6.888,6.871,6.908,6.896,-26.484,-30.002,-33.493,-33.536,-30.01,-26.479,-5.053,-5.058,-5.056,-5.058,-5.056,-5.058
0.0,0.0,0.0,3.5196,7.0085,15.4377,14.215,13.7581,3.4889,14.1708,13.7611,14.1931,13.7004,14.1722,15.4133,3.5253,7.0565,3.5314,0,,0.0,FORMATION_FOLLOW|FORMATION_FOLLOW|FORMATION_FOLLOW|FORMATION_FOLLOW|FORMATION_FOLLOW|FORMATION_FOLLOW,1,1,8.1,-6.892,-6.882,-6.859,6.841,6.879,6.866,-26.483,-30.003,-33.492,-33.536,-30.01,-26.479,-5.053,-5.058,-5.057,-5.057,-5.057,-5.059
0.0,0.0,0.0,3.5209,7.0078,15.3844,14.1572,13.6981,3.4869,14.1134,13.7023,14.1363,13.6413,14.1148,15.3603,3.5246,7.0563,3.5319,0,,0.0,FORMATION_FOLLOW|FORMATION_FOLLOW|FORMATION_FOLLOW|FORMATION_FOLLOW|FORMATION_FOLLOW|FORMATION_FOLLOW,1,1,8.2,-6.861,-6.853,-6.83,6.811,6.849,6.837,-26.483,-30.004,-33.491,-33.535,-30.011,-26.479,-5.053,-5.058,-5.057,-5.057,-5.057,-5.059
0.0,0.0,0.0,3.5216,7.0068,15.3312,14.0995,13.6383,3.4853,14.056,13.6433,14.0792,13.582,14.0572,15.3071,3.5243,7.0562,3.5321,0,,0.0,FORMATION_FOLLOW|FORMATION_FOLLOW|FORMATION_FOLLOW|FORMATION_FOLLOW|FORMATION_FOLLOW|FORMATION_FOLLOW,1,1,8.3,-6.831,-6.823,-6.8,6.782,6.82,6.807,-26.483,-30.004,-33.49,-33.535,-30.011,-26.479,-5.053,-5.058,-5.058,-5.057,-5.058,-5.06
0.0,0.0,0.0,3.5219,7.006,15.2783,14.0419,13.5787,3.4841,13.9983,13.5838,14.0216,13.5226,13.9995,15.2539,3.5243,7.056,3.5319,0,,0.0,FORMATION_FOLLOW|FORMATION_FOLLOW|FORMATION_FOLLOW|FORMATION_FOLLOW|FORMATION_FOLLOW|FORMATION_FOLLOW,1,1,8.4,-6.801,-6.793,-6.77,6.753,6.79,6.777,-26.483,-30.005,-33.489,-33.534,-30.01,-26.478,-5.052,-5.058,-5.059,-5.056,-5.059,-5.06
0.0,0.0,0.0,3.5221,7.0053,15.2258,13.9844,13.5192,3.4832,13.9409,13.5243,13.964,13.4636,13.9417,15.2007,3.5239,7.0556,3.532,0,,0.0,FORMATION_FOLLOW|FORMATION_FOLLOW|FORMATION_FOLLOW|FORMATION_FOLLOW|FORMATION_FOLLOW|FORMATION_FOLLOW,1,1,8.5,-6.771,-6.764,-6.74,6.723,6.761,6.748,-26.483,-30.005,-33.488,-33.534,-30.01,-26.478,-5.052,-5.057,-5.06,-5.056,-5.059,-5.061
0.0,0.0,0.0,3.5221,7.0045,15.1731,13.9269,13.4593,3.4825,13.8833,13.4648,13.9059,13.4047,13.8844,15.1477,3.5236,7.0557,3.5322,0,,0.0,FORMATION_FOLLOW|FORMATION_FOLLOW|FORMATION_FOLLOW|FORMATION_FOLLOW|FORMATION_FOLLOW|FORMATION_FOLLOW,1,1,8.6,-6.741,-6.733,-6.71,6.694,6.732,6.718,-26.483,-30.005,-33.488,-33.533,-30.01,-26.478,-5.052,-5.057,-5.061,-5.056,-5.06,-5.061
0.0,0.0,0.0,3.5214,7.0036,15.12,13.8695,13.3992,3.4823,13.8251,13.4049,13.8473,13.3454,13.8272,15.0947,3.5231,7.0557,3.5328,0,,0.0,FORMATION_FOLLOW|FORMATION_FOLLOW|FORMATION_FOLLOW|FORMATION_FOLLOW|FORMATION_FOLLOW|FORMATION_FOLLOW,1,1,8.7,-6.711,-6.703,-6.681,6.665,6.702,6.688,-26.484,-30.005,-33.487,-33.533,-30.01,-26.477,-5.052,-5.057,-5.061,-5.056,-5.061,-5.062
0.0,0.0,0.0,3.5208,7.0027,15.067,13.8123,13.3392,3.482,13.7667,13.3449,13.7885,13.2859,13.7698,15.0416,3.5226,7.0558,3.5334,0,,0.0,FORMATION_FOLLOW|FORMATION_FOLLOW|FORMATION_FOLLOW|FORMATION_FOLLOW|FORMATION_FOLLOW|FORMATION_FOLLOW,1,1,8.8,-6.682,-6.672,-6.651,6.635,6.673,6.658,-26.484,-30.005,-33.487,-33.533,-30.01,-26.477,-5.052,-5.057,-5.062,-5.056,-5.061,-5.062
0.0,0.0,0.0,3.5203,7.0019,15.014,13.7547,13.2791,3.4816,13.7083,13.2848,13.7299,13.2266,13.7126,14.9889,3.5223,7.056,3.534,0,,0.0,FORMATION_FOLLOW|FORMATION_FOLLOW|FORMATION_FOLLOW|FORMATION_FOLLOW|FORMATION_FOLLOW|FORMATION_FOLLOW,1,1,8.9,-6.652,-6.641,-6.621,6.605,6.643,6.628,-26.485,-30.005,-33.487,-33.533,-30.011,-26.477,-5.052,-5.056,-5.062,-5.056,-5.062,-5.062
0.0,0.0,0.0,3.5201,7.0016,14.962,13.6968,13.2193,3.4815,13.6507,13.2242,13.6715,13.1679,13.6548,14.9364,3.5222,7.0566,3.5346,0,,0.0,FORMATION_FOLLOW|FORMATION_FOLLOW|FORMATION_FOLLOW|FORMATION_FOLLOW|FORMATION_FOLLOW|FORMATION_FOLLOW,1,1,9.0,-6.622,-6.611,-6.591,6.576,6.613,6.597,-26.485,-30.006,-33.487,-33.533,-30.011,-26.476,-5.052,-5.056,-5.062,-5.055,-5.062,-5.063
0.0,0.0,0.0,3.5201,7.0017,14.9107,13.639,13.1596,3.4816,13.5936,13.1633,13.6131,13.1095,13.5966,14.8838,3.5221,7.0571,3.5352,0,,0.0,FORMATION_FOLLOW|FORMATION_FOLLOW|FORMATION_FOLLOW|FORMATION_FOLLOW|FORMATION_FOLLOW|FORMATION_FOLLOW,1,1,9.1,-6.592,-6.58,-6.562,6.548,6.583,6.567,-26.486,-30.006,-33.488,-33.533,-30.011,-26.476,-5.052,-5.056,-5.063,-5.055,-5.062,-5.063
0.0,0.0,0.0,3.5196,7.0018,14.8594,13.5809,13.0997,3.4822,13.5371,13.1029,13.5547,13.0513,13.5388,14.8311,3.5223,7.0572,3.535,0,,0.0,FORMATION_FOLLOW|FORMATION_FOLLOW|FORMATION_FOLLOW|FORMATION_FOLLOW|FORMATION_FOLLOW|FORMATION_FOLLOW,1,1,9.2,-6.563,-6.55,-6.532,6.52,6.553,6.537,-26.486,-30.006,-33.488,-33.533,-30.011,-26.476,-5.053,-5.055,-5.063,-5.055,-5.063,-5.063
0.0,0.0,0.0,3.5191,7.0021,14.8076,13.5225,13.0395,3.483,13.4804,13.0426,13.4965,12.993,13.4813,14.7787,3.5229,7.0571,3.5343,0,,0.0,FORMATION_FOLLOW|FORMATION_FOLLOW|FORMATION_FOLLOW|FORMATION_FOLLOW|FORMATION_FOLLOW|FORMATION_FOLLOW,1,1,9.3,-6.533,-6.52,-6.502,6.491,6.523,6.507,-26.487,-30.006,-33.489,-33.534,-30.011,-26.476,-5.053,-5.055,-5.063,-5.055,-5.063,-5.063
0.0,0.0,0.0,3.5181,7.0025,14.7555,13.4641,12.979,3.4844,13.424,12.9828,13.4383,12.9348,13.4243,14.7264,3.5237,7.0569,3.5334,0,,0.0,FORMATION_FOLLOW|FORMATION_FOLLOW|FORMATION_FOLLOW|FORMATION_FOLLOW|FORMATION_FOLLOW|FORMATION_FOLLOW,1,1,9.4,-6.502,-6.49,-6.472,6.462,6.493,6.477,-26.488,-30.006,-33.49,-33.534,-30.01,-26.477,-5.053,-5.054,-5.064,-5.055,-5.064,-5.063
0.0,0.0,0.0,3.5168,7.0033,14.7038,13.4057,12.9187,3.4864,13.3681,12.923,13.3801,12.877,13.3674,14.6745,3.5242,7.0563,3.5322,0,,0.0,FORMATION_FOLLOW|FORMATION_FOLLOW|FORMATION_FOLLOW|FORMATION_FOLLOW|FORMATION_FOLLOW|FORMATION_FOLLOW,1,1,9.5,-6.472,-6.46,-6.443,6.434,6.463,6.447,-26.488,-30.005,-33.491,-33.534,-30.009,-26.477,-5.053,-5.053,-5.064,-5.055,-5.064,-5.063
0.0,0.0,0.0,3.5157,7.0036,14.652,13.3473,12.8586,3.4879,13.312,12.8629,13.3221,12.8193,13.3102,14.6226,3.5241,7.0554,3.5315,0,,0.0,FORMATION_FOLLOW|FORMATION_FOLLOW|FORMATION_FOLLOW|FORMATION_FOLLOW|FORMATION_FOLLOW|FORMATION_FOLLOW,1,1,9.6,-6.442,-6.43,-6.413,6.406,6.433,6.417,-26.489,-30.005,-33.492,-33.533,-30.009,-26.478,-5.053,-5.053,-5.064,-5.056,-5.064,-5.062
0.0,0.0,0.0,3.5146,7.0033,14.5997,13.2888,12.7983,3.4887,13.2557,12.8031,13.2643,12.7615,13.2532,14.5707,3.5236,7.0542,3.5307,0,,0.0,FORMATION_FOLLOW|FORMATION_FOLLOW|FORMATION_FOLLOW|FORMATION_FOLLOW|FORMATION_FOLLOW|FORMATION_FOLLOW,1,1,9.7,-6.411,-6.4,-6.384,6.378,6.403,6.387,-26.49,-30.004,-33.493,-33.532,-30.009,-26.478,-5.053,-5.052,-5.064,-5.056,-5.064,-5.062
0.0,0.0,0.0,3.5139,7.0029,14.5472,13.2303,12.7376,3.489,13.1991,12.7435,13.2063,12.7036,13.1966,14.5185,3.5235,7.0528,3.5294,0,,0.0,FORMATION_FOLLOW|FORMATION_FOLLOW|FORMATION_FOLLOW|FORMATION_FOLLOW|FORMATION_FOLLOW|FORMATION_FOLLOW,1,1,9.8,-6.38,-6.37,-6.354,6.349,6.374,6.357,-26.49,-30.004,-33.493,-33.532,-30.008,-26.479,-5.054,-5.052,-5.064,-5.056,-5.064,-5.062
0.0,0.0,0.0,3.5142,7.0034,14.4946,13.1721,12.6764,3.4892,13.1423,12.6843,13.1481,12.6457,13.1404,14.4662,3.5233,7.0511,3.5279,0,,0.0,FORMATION_FOLLOW|FORMATION_FOLLOW|FORMATION_FOLLOW|FORMATION_FOLLOW|FORMATION_FOLLOW|FORMATION_FOLLOW,1,1,9.9,-6.349,-6.34,-6.325,6.321,6.345,6.327,-26.49,-30.004,-33.494,-33.531,-30.007,-26.479,-5.054,-5.053,-5.064,-5.056,-5.064,-5.061
0.0,0.0,0.0,3.5153,7.0038,14.4422,13.1142,12.6154,3.4885,13.0855,12.6254,13.0905,12.5877,13.0842,14.4141,3.5225,7.0493,3.5269,0,,0.0,FORMATION_FOLLOW|FORMATION_FOLLOW|FORMATION_FOLLOW|FORMATION_FOLLOW|FORMATION_FOLLOW|FORMATION_FOLLOW,1,1,10.0,-6.318,-6.31,-6.296,6.292,6.316,6.297,-26.49,-30.005,-33.493,-33.529,-30.007,-26.48,-5.054,-5.053,-5.065,-5.056,-5.064,-5.061
0.0,0.0,0.0,3.5162,7.0037,14.3898,13.056,12.5546,3.4875,13.0287,12.566,13.0332,12.5298,13.0276,14.3622,3.5218,7.0479,3.5263,0,,0.0,FORMATION_FOLLOW|FORMATION_FOLLOW|FORMATION_FOLLOW|FORMATION_FOLLOW|FORMATION_FOLLOW|FORMATION_FOLLOW,1,1,10.1,-6.287,-6.28,-6.266,6.263,6.286,6.267,-26.489,-30.005,-33.493,-33.528,-30.006,-26.48,-5.055,-5.054,-5.065,-5.056,-5.065,-5.06
0.0,0.0,0.0,3.5164,7.0034,14.3378,12.9973,12.4939,3.487,12.9724,12.5062,12.9757,12.472,12.9704,14.3102,3.5217,7.047,3.5255,0,,0.0,FORMATION_FOLLOW|FORMATION_FOLLOW|FORMATION_FOLLOW|FORMATION_FOLLOW|FORMATION_FOLLOW|FORMATION_FOLLOW,1,1,10.2,-6.256,-6.25,-6.237,6.235,6.256,6.238,-26.489,-30.005,-33.492,-33.527,-30.006,-26.48,-5.056,-5.055,-5.065,-5.056,-5.065,-5.06
0.0,0.0,0.0,3.5164,7.0033,14.2863,12.9389,12.4334,3.4869,12.916,12.4461,12.9178,12.414,12.9132,14.2582,3.5218,7.0464,3.5248,0,,0.0,FORMATION_FOLLOW|FORMATION_FOLLOW|FORMATION_FOLLOW|FORMATION_FOLLOW|FORMATION_FOLLOW|FORMATION_FOLLOW,1,1,10.3,-6.225,-6.22,-6.207,6.207,6.226,6.208,-26.488,-30.005,-33.492,-33.527,-30.005,-26.48,-5.056,-5.056,-5.065,-5.057,-5.065,-5.059
0.0,0.0,0.0,3.5167,7.0031,14.2347,12.881,12.373,3.4864,12.8594,12.3865,12.8602,12.3555,12.8561,14.2061,3.5218,7.0461,3.5243,0,,0.0,FORMATION_FOLLOW|FORMATION_FOLLOW|FORMATION_FOLLOW|FORMATION_FOLLOW|FORMATION_FOLLOW|FORMATION_FOLLOW,1,1,10.4,-6.195,-6.19,-6.177,6.178,6.197,6.178,-26.488,-30.005,-33.491,-33.527,-30.005,-26.481,-5.057,-5.057,-5.064,-5.057,-5.065,-5.058
0.0,0.0,0.0,3.5172,7.0032,14.183,12.8232,12.3126,3.486,12.8028,12.3273,12.803,12.2965,12.7989,14.1539,3.5222,7.0458,3.5237,0,,0.0,FORMATION_FOLLOW|FORMATION_FOLLOW|FORMATION_FOLLOW|FORMATION_FOLLOW|FORMATION_FOLLOW|FORMATION_FOLLOW,1,1,10.5,-6.164,-6.16,-6.148,6.149,6.167,6.149,-26.487,-30.005,-33.491,-33.527,-30.005,-26.481,-5.057,-5.057,-5.064,-5.058,-5.064,-5.058
0.0,0.0,0.0,3.5179,7.0033,14.1318,12.7654,12.2525,3.4855,12.746,12.2678,12.7457,12.2374,12.7417,14.1019,3.5233,7.0461,3.523,0,,0.0,FORMATION_FOLLOW|FORMATION_FOLLOW|FORMATION_FOLLOW|FORMATION_FOLLOW|FORMATION_FOLLOW|FORMATION_FOLLOW,1,1,10.6,-6.134,-6.13,-6.118,6.12,6.138,6.119,-26.487,-30.005,-33.49,-33.527,-30.004,-26.481,-5.057,-5.058,-5.064,-5.058,-5.064,-5.057
0.0,0.0,0.0,3.518,7.0032,14.0804,12.7077,12.1924,3.4851,12.689,12.2081,12.6882,12.1784,12.6848,14.0503,3.5243,7.0467,3.5224,0,,0.0,FORMATION_FOLLOW|FORMATION_FOLLOW|FORMATION_FOLLOW|FORMATION_FOLLOW|FORMATION_FOLLOW|FORMATION_FOLLOW,1,1,10.7,-6.103,-6.1,-6.088,6.09,6.108,6.089,-26.487,-30.005,-33.49,-33.528,-30.004,-26.482,-5.057,-5.058,-5.064,-5.059,-5.064,-5.057
0.0,0.0,0.0,3.5178,7.0027,14.0284,12.6501,12.1322,3.4849,12.6316,12.1485,12.6307,12.1196,12.6285,13.9992,3.5248,7.0472,3.5225,0,,0.0,FORMATION_FOLLOW|FORMATION_FOLLOW|FORMATION_FOLLOW|FORMATION_FOLLOW|FORMATION_FOLLOW|FORMATION_FOLLOW,1,1,10.8,-6.073,-6.07,-6.06,6.06,6.078,6.059,-26.487,-30.005,-33.49,-33.529,-30.004,-26.481,-5.058,-5.058,-5.064,-5.06,-5.064,-5.056
0.0,0.0,0.0,3.5172,7.0021,13.9765,12.5927,12.0723,3.4849,12.5737,12.0883,12.5727,12.0602,12.5717,13.948,3.5251,7.0478,3.5228,0,,0.0,FORMATION_FOLLOW|FORMATION_FOLLOW|FORMATION_FOLLOW|FORMATION_FOLLOW|FORMATION_FOLLOW|FORMATION_FOLLOW,1,1,10.9,-6.043,-6.04,-6.031,6.03,6.048,6.029,-26.487,-30.004,-33.489,-33.529,-30.004,-26.481,-5.058,-5.059,-5.064,-5.06,-5.064,-5.056
0.0,0.0,0.0,3.5167,7.0015,13.9251,12.535,12.0127,3.4849,12.516,12.0277,12.5149,12.0007,12.5142,13.8967,3.5258,7.0487,3.5231,0,,0.0,FORMATION_FOLLOW|FORMATION_FOLLOW|FORMATION_FOLLOW|FORMATION_FOLLOW|FORMATION_FOLLOW|FORMATION_FOLLOW,1,1,11.0,-6.014,-6.01,-6.001,5.999,6.018,5.999,-26.487,-30.004,-33.489,-33.53,-30.004,-26.481,-5.059,-5.059,-5.064,-5.061,-5.064,-5.056
0.0,0.0,0.0,3.5162,7.001,13.8737,12.4771,11.9528,3.4848,12.4585,11.9671,12.4572,11.9411,12.4565,13.8454,3.5266,7.0501,3.5237,0,,0.0,FORMATION_FOLLOW|FORMATION_FOLLOW|FORMATION_FOLLOW|FORMATION_FOLLOW|FORMATION_FOLLOW|FORMATION_FOLLOW,1,1,11.1,-5.984,-5.98,-5.972,5.969,5.987,5.969,-26.488,-30.004,-33.489,-33.531,-30.004,-26.481,-5.06,-5.059,-5.064,-5.062,-5.064,-5.056
0.0,0.0,0.0,3.5159,7.0006,13.8225,12.4192,11.8929,3.4847,12.401,11.9066,12.3997,11.8813,12.3989,13.7941,3.5279,7.0518,3.5239,0,,0.0,FORMATION_FOLLOW|FORMATION_FOLLOW|FORMATION_FOLLOW|FORMATION_FOLLOW|FORMATION_FOLLOW|FORMATION_FOLLOW,1,1,11.2,-5.954,-5.95,-5.942,5.939,5.957,5.939,-26.488,-30.004,-33.488,-33.532,-30.004,-26.48,-5.06,-5.059,-5.064,-5.062,-5.064,-5.056
0.0,0.0,0.0,3.5163,7.0005,13.7718,12.3616,11.8331,3.4841,12.3436,11.8462,12.3422,11.8216,12.3414,13.7429,3.5293,7.0535,3.5243,0,,0.0,FORMATION_FOLLOW|FORMATION_FOLLOW|FORMATION_FOLLOW|FORMATION_FOLLOW|FORMATION_FOLLOW|FORMATION_FOLLOW,1,1,11.3,-5.924,-5.919,-5.913,5.909,5.927,5.909,-26.487,-30.004,-33.488,-33.533,-30.004,-26.479,-5.061,-5.059,-5.064,-5.062,-5.064,-5.056
0.0,0.0,0.0,3.5175,7.0008,13.7212,12.3044,11.7734,3.4834,12.286,11.7859,12.2848,11.7619,12.2839,13.6917,3.5301,7.0549,3.5249,0,,0.0,FORMATION_FOLLOW|FORMATION_FOLLOW|FORMATION_FOLLOW|FORMATION_FOLLOW|FORMATION_FOLLOW|FORMATION_FOLLOW,1,1,11.4,-5.894,-5.889,-5.883,5.879,5.897,5.879,-26.487,-30.004,-33.487,-33.534,-30.004,-26.479,-5.062,-5.06,-5.064,-5.062,-5.064,-5.055
0.0,0.0,0.0,3.5188,7.0015,13.6707,12.2476,11.714,3.4827,12.2282,11.7256,12.2276,11.702,12.2265,13.6406,3.5304,7.0556,3.5253,0,,0.0,FORMATION_FOLLOW|FORMATION_FOLLOW|FORMATION_FOLLOW|FORMATION_FOLLOW|FORMATION_FOLLOW|FORMATION_FOLLOW,1,1,11.5,-5.865,-5.859,-5.853,5.849,5.867,5.849,-26.486,-30.004,-33.487,-33.534,-30.004,-26.478,-5.062,-5.06,-5.065,-5.062,-5.064,-5.055
0.0,0.0,0.0,3.5203,7.0019,13.6204,12.191,11.6547,3.4816,12.1708,11.6658,12.1707,11.6419,12.1688,13.5892,3.5308,7.0564,3.5257,0,,0.0,FORMATION_FOLLOW|FORMATION_FOLLOW|FORMATION_FOLLOW|FORMATION_FOLLOW|FORMATION_FOLLOW|FORMATION_FOLLOW,1,1,11.6,-5.835,-5.829,-5.823,5.819,5.837,5.82,-26.485,-30.005,-33.487,-33.534,-30.004,-26.478,-5.062,-5.06,-5.065,-5.062,-5.064,-5.055
0.0,0.0,0.0,3.5211,7.0016,13.5701,12.1339,11.5954,3.4806,12.1137,11.6057,12.1139,11.5824,12.1113,13.5382,3.5312,7.0573,3.5261,0,,0.0,FORMATION_FOLLOW|FORMATION_FOLLOW|FORMATION_FOLLOW|FORMATION_FOLLOW|FORMATION_FOLLOW|FORMATION_FOLLOW,1,1,11.7,-5.806,-5.799,-5.793,5.789,5.807,5.79,-26.485,-30.006,-33.486,-33.535,-30.004,-26.478,-5.063,-5.061,-5.065,-5.063,-5.064,-5.054
0.0,0.0,0.0,3.5216,7.0009,13.5197,12.0763,11.5362,3.4792,12.0566,11.5451,12.057,11.5234,12.0537,13.4874,3.5318,7.0577,3.526,0,,0.0,FORMATION_FOLLOW|FORMATION_FOLLOW|FORMATION_FOLLOW|FORMATION_FOLLOW|FORMATION_FOLLOW|FORMATION_FOLLOW,1,1,11.8,-5.776,-5.769,-5.763,5.76,5.777,5.761,-26.485,-30.006,-33.486,-33.535,-30.004,-26.478,-5.063,-5.061,-5.065,-5.063,-5.064,-5.054
0.0,0.0,0.0,3.5223,7.0003,13.4697,12.0184,11.4771,3.4781,11.9999,11.4844,12.0003,11.4647,11.996,13.4366,3.5323,7.0577,3.5254,0,,0.0,FORMATION_FOLLOW|FORMATION_FOLLOW|FORMATION_FOLLOW|FORMATION_FOLLOW|FORMATION_FOLLOW|FORMATION_FOLLOW,1,1,11.9,-5.746,-5.738,-5.734,5.731,5.746,5.731,-26.485,-30.007,-33.485,-33.536,-30.004,-26.478,-5.064,-5.061,-5.065,-5.063,-5.064,-5.054
0.0,0.0,0.0,3.5229,7.0004,13.4198,11.9607,11.4177,3.4775,11.9436,11.4239,11.9435,11.406,11.9383,13.386,3.5326,7.0579,3.5253,0,,0.0,FORMATION_FOLLOW|FORMATION_FOLLOW|FORMATION_FOLLOW|FORMATION_FOLLOW|FORMATION_FOLLOW|FORMATION_FOLLOW,1,1,12.0,-5.716,-5.708,-5.704,5.702,5.716,5.702,-26.485,-30.008,-33.485,-33.536,-30.004,-26.479,-5.064,-5.061,-5.065,-5.063,-5.064,-5.053
0.0,0.0,0.0,3.5235,7.0006,13.37,11.9031,11.358,3.4771,11.8874,11.3636,11.8868,11.3476,11.8809,13.3357,3.5326,7.0583,3.5257,0,,0.0,FORMATION_FOLLOW|FORMATION_FOLLOW|FORMATION_FOLLOW|FORMATION_FOLLOW|FORMATION_FOLLOW|FORMATION_FOLLOW,1,1,12.1,-5.685,-5.678,-5.674,5.673,5.685,5.672,-26.485,-30.008,-33.485,-33.537,-30.004,-26.478,-5.064,-5.06,-5.065,-5.064,-5.064,-5.053
0.0,0.0,0.0,3.524,7.0008,13.3191,11.8446,11.2977,3.4768,11.8308,11.3032,11.8303,11.289,11.8237,13.2857,3.5326,7.0584,3.5259,0,,0.0,FORMATION_FOLLOW|FORMATION_FOLLOW|FORMATION_FOLLOW|FORMATION_FOLLOW|FORMATION_FOLLOW|FORMATION_FOLLOW,1,1,12.2,-5.655,-5.648,-5.644,5.644,5.655,5.643,-26.485,-30.009,-33.486,-33.537,-30.004,-26.478,-5.064,-5.06,-5.065,-5.064,-5.065,-5.053
0.0,0.0,0.0,3.5243,7.0012,13.2679,11.7857,11.237,3.4769,11.7745,11.243,11.7739,11.2307,11.7669,13.2362,3.5326,7.0584,3.5258,0,,0.0,FORMATION_FOLLOW|FORMATION_FOLLOW|FORMATION_FOLLOW|FORMATION_FOLLOW|FORMATION_FOLLOW|FORMATION_FOLLOW,1,1,12.3,-5.624,-5.618,-5.615,5.615,5.625,5.613,-26.486,-30.01,-33.487,-33.537,-30.004,-26.478,-5.064,-5.06,-5.064,-5.065,-5.065,-5.053
0.0,0.0,0.0,3.525,7.002,13.2171,11.7273,11.1766,3.4771,11.7181,11.1828,11.7175,11.1726,11.7105,13.187,3.5328,7.0586,3.5258,0,,0.0,FORMATION_FOLLOW|FORMATION_FOLLOW|FORMATION_FOLLOW|FORMATION_FOLLOW|FORMATION_FOLLOW|FORMATION_FOLLOW,1,1,12.4,-5.593,-5.588,-5.586,5.587,5.594,5.584,-26.486,-30.011,-33.488,-33.537,-30.004,-26.478,-5.064,-5.059,-5.064,-5.065,-5.065,-5.053
0.0,0.0,0.0,3.5256,7.0022,13.1668,11.6686,11.116,3.4766,11.6626,11.1232,11.6616,11.1144,11.6537,13.1374,3.5336,7.0591,3.5255,0,,0.0,FORMATION_FOLLOW|FORMATION_FOLLOW|FORMATION_FOLLOW|FORMATION_FOLLOW|FORMATION_FOLLOW|FORMATION_FOLLOW,1,1,12.5,-5.562,-5.559,-5.556,5.558,5.564,5.554,-26.486,-30.012,-33.489,-33.537,-30.004,-26.478,-5.064,-5.059,-5.064,-5.064,-5.065,-5.054
0.0,0.0,0.0,3.5263,7.002,13.1165,11.61,11.0551,3.4757,11.6073,11.064,11.6059,11.056,11.597,13.0873,3.535,7.0601,3.5251,0,,0.0,FORMATION_FOLLOW|FORMATION_FOLLOW|FORMATION_FOLLOW|FORMATION_FOLLOW|FORMATION_FOLLOW|FORMATION_FOLLOW,1,1,12.6,-5.53,-5.53,-5.526,5.529,5.534,5.525,-26.487,-30.013,-33.489,-33.538,-30.003,-26.478,-5.064,-5.059,-5.063,-5.064,-5.065,-5.054
0.0,0.0,0.0,3.5273,7.0022,13.0661,11.5518,10.9944,3.475,11.5518,11.0051,11.5503,10.9973,11.5406,13.0376,3.5363,7.0611,3.5248,0,,0.0,FORMATION_FOLLOW|FORMATION_FOLLOW|FORMATION_FOLLOW|FORMATION_FOLLOW|FORMATION_FOLLOW|FORMATION_FOLLOW,1,1,12.7,-5.499,-5.501,-5.497,5.5,5.505,5.495,-26.488,-30.015,-33.49,-33.539,-30.003,-26.478,-5.063,-5.058,-5.063,-5.064,-5.065,-5.055
0.0,0.0,0.0,3.5282,7.0025,13.0159,11.4939,10.9341,3.4743,11.4963,10.9464,11.4951,10.9388,11.4846,12.9885,3.5375,7.0619,3.5244,0,,0.0,FORMATION_FOLLOW|FORMATION_FOLLOW|FORMATION_FOLLOW|FORMATION_FOLLOW|FORMATION_FOLLOW|FORMATION_FOLLOW,1,1,12.8,-5.468,-5.471,-5.467,5.471,5.475,5.466,-26.488,-30.016,-33.49,-33.54,-30.003,-26.478,-5.063,-5.058,-5.063,-5.063,-5.065,-5.055
0.0,0.0,0.0,3.5292,7.0028,12.9658,11.436,10.8742,3.4735,11.4407,10.8874,11.4401,10.8806,11.4285,12.9396,3.538,7.062,3.524,0,,0.0,FORMATION_FOLLOW|FORMATION_FOLLOW|FORMATION_FOLLOW|FORMATION_FOLLOW|FORMATION_FOLLOW|FORMATION_FOLLOW,1,1,12.9,-5.438,-5.442,-5.438,5.443,5.445,5.437,-26.488,-30.018,-33.491,-33.54,-30.002,-26.478,-5.063,-5.058,-5.062,-5.062,-5.065,-5.055
0.0,0.0,0.0,3.5304,7.0028,12.9154,11.3783,10.8144,3.4724,11.3847,10.8281,11.3847,10.8225,11.3724,12.8906,3.5378,7.0615,3.5237,0,,0.0,FORMATION_FOLLOW|FORMATION_FOLLOW|FORMATION_FOLLOW|FORMATION_FOLLOW|FORMATION_FOLLOW|FORMATION_FOLLOW,1,1,13.0,-5.407,-5.413,-5.409,5.414,5.415,5.407,-26.489,-30.019,-33.491,-33.54,-30.002,-26.479,-5.063,-5.057,-5.062,-5.062,-5.065,-5.055
0.0,0.0,0.0,3.5311,7.0024,12.8653,11.3209,10.7546,3.4714,11.3283,10.7684,11.3289,10.7644,11.3163,12.8416,3.5373,7.061,3.5238,0,,0.0,FORMATION_FOLLOW|FORMATION_FOLLOW|FORMATION_FOLLOW|FORMATION_FOLLOW|FORMATION_FOLLOW|FORMATION_FOLLOW,1,1,13.1,-5.377,-5.383,-5.38,5.385,5.385,5.378,-26.489,-30.02,-33.492,-33.54,-30.003,-26.479,-5.063,-5.056,-5.061,-5.061,-5.065,-5.056
0.0,0.0,0.0,3.5318,7.0019,12.8154,11.2635,10.6952,3.4702,11.2722,10.7088,11.2734,10.7065,11.2601,12.7929,3.5367,7.0607,3.524,0,,0.0,FORMATION_FOLLOW|FORMATION_FOLLOW|FORMATION_FOLLOW|FORMATION_FOLLOW|FORMATION_FOLLOW|FORMATION_FOLLOW,1,1,13.2,-5.346,-5.353,-5.351,5.356,5.355,5.349,-26.49,-30.022,-33.492,-33.54,-30.003,-26.479,-5.063,-5.056,-5.061,-5.06,-5.065,-5.056
0.0,0.0,0.0,3.5323,7.0015,12.7657,11.2065,10.6362,3.4692,11.2159,10.649,11.2179,10.6488,11.2043,12.7447,3.5362,7.0601,3.5239,0,,0.0,FORMATION_FOLLOW|FORMATION_FOLLOW|FORMATION_FOLLOW|FORMATION_FOLLOW|FORMATION_FOLLOW|FORMATION_FOLLOW,1,1,13.3,-5.316,-5.324,-5.322,5.327,5.325,5.32,-26.491,-30.023,-33.492,-33.539,-30.003,-26.479,-5.063,-5.056,-5.061,-5.059,-5.065,-5.057
0.0,0.0,0.0,3.5327,7.001,12.7166,11.1502,10.5781,3.4682,11.1594,10.5892,11.1623,10.591,11.1487,12.6965,3.536,7.0598,3.5238,0,,0.0,FORMATION_FOLLOW|FORMATION_FOLLOW|FORMATION_FOLLOW|FORMATION_FOLLOW|FORMATION_FOLLOW|FORMATION_FOLLOW,1,1,13.4,-5.287,-5.294,-5.293,5.298,5.296,5.291,-26.491,-30.024,-33.492,-33.539,-30.003,-26.479,-5.062,-5.055,-5.06,-5.059,-5.065,-5.058
0.0,0.0,0.0,3.5327,6.9997,12.6676,11.094,10.5194,3.4671,11.1032,10.5296,11.1064,10.5328,11.0928,12.6478,3.536,7.06,3.5239,0,,0.0,FORMATION_FOLLOW|FORMATION_FOLLOW|FORMATION_FOLLOW|FORMATION_FOLLOW|FORMATION_FOLLOW|FORMATION_FOLLOW,1,1,13.5,-5.258,-5.264,-5.264,5.269,5.266,5.261,-26.492,-30.025,-33.492,-33.539,-30.003,-26.479,-5.061,-5.055,-5.06,-5.059,-5.064,-5.058
0.0,0.0,0.0,3.5322,6.9983,12.6184,11.0377,10.4602,3.4661,11.047,10.4702,11.05,10.4745,11.0371,12.5985,3.5363,7.06,3.5237,0,,0.0,FORMATION_FOLLOW|FORMATION_FOLLOW|FORMATION_FOLLOW|FORMATION_FOLLOW|FORMATION_FOLLOW|FORMATION_FOLLOW,1,1,13.6,-5.229,-5.234,-5.235,5.239,5.236,5.231,-26.494,-30.026,-33.492,-33.539,-30.003,-26.479,-5.061,-5.054,-5.059,-5.058,-5.064,-5.059
0.0,0.0,0.0,3.5318,6.9972,12.5697,10.9814,10.4009,3.4654,10.9912,10.4107,10.9934,10.4165,10.9813,12.5492,3.5366,7.0598,3.5232,0,,0.0,FORMATION_FOLLOW|FORMATION_FOLLOW|FORMATION_FOLLOW|FORMATION_FOLLOW|FORMATION_FOLLOW|FORMATION_FOLLOW,1,1,13.7,-5.2,-5.205,-5.206,5.21,5.206,5.201,-26.494,-30.026,-33.492,-33.539,-30.002,-26.479,-5.06,-5.054,-5.059,-5.058,-5.064,-5.06
0.0,0.0,0.0,3.5318,6.9965,12.5214,10.9255,10.3418,3.4647,10.9353,10.3511,10.9368,10.3584,10.9256,12.5,3.5369,7.0597,3.5229,0,,0.0,FORMATION_FOLLOW|FORMATION_FOLLOW|FORMATION_FOLLOW|FORMATION_FOLLOW|FORMATION_FOLLOW|FORMATION_FOLLOW,1,1,13.8,-5.171,-5.175,-5.177,5.181,5.176,5.171,-26.495,-30.027,-33.491,-33.539,-30.002,-26.479,-5.06,-5.053,-5.058,-5.059,-5.064,-5.061
0.0,0.0,0.0,3.5318,6.9963,12.473,10.8699,10.2829,3.4645,10.8791,10.2916,10.8803,10.3003,10.8706,12.4514,3.5374,7.0595,3.5221,0,,0.0,FORMATION_FOLLOW|FORMATION_FOLLOW|FORMATION_FOLLOW|FORMATION_FOLLOW|FORMATION_FOLLOW|FORMATION_FOLLOW,1,1,13.9,-5.142,-5.145,-5.149,5.151,5.146,5.141,-26.495,-30.027,-33.491,-33.539,-30.001,-26.479,-5.061,-5.053,-5.058,-5.059,-5.064,-5.062
0.0,0.0,0.0,3.5317,6.9962,12.4243,10.8138,10.2241,3.4645,10.8227,10.232,10.8241,10.2417,10.8152,12.403,3.5377,7.0592,3.5215,0,,0.0,FORMATION_FOLLOW|FORMATION_FOLLOW|FORMATION_FOLLOW|FORMATION_FOLLOW|FORMATION_FOLLOW|FORMATION_FOLLOW,1,1,14.0,-5.113,-5.116,-5.12,5.121,5.116,5.111,-26.495,-30.027,-33.491,-33.539,-30.001,-26.479,-5.061,-5.052,-5.057,-5.06,-5.064,-5.063
0.0,0.0,0.0,3.5316,6.9958,12.3756,10.7576,10.1651,3.4643,10.7664,10.1723,10.7678,10.1835,10.7601,12.3549,3.5381,7.0589,3.5208,0,,0.0,FORMATION_FOLLOW|FORMATION_FOLLOW|FORMATION_FOLLOW|FORMATION_FOLLOW|FORMATION_FOLLOW|FORMATION_FOLLOW,1,1,14.1,-5.084,-5.086,-5.092,5.092,5.086,5.081,-26.495,-30.027,-33.491,-33.539,-30.001,-26.48,-5.061,-5.052,-5.057,-5.06,-5.064,-5.063
0.0,0.0,0.0,3.5315,6.9955,12.3272,10.7018,10.1062,3.464,10.7099,10.1125,10.7114,10.1254,10.7052,12.3069,3.5387,7.0588,3.5201,0,,0.0,FORMATION_FOLLOW|FORMATION_FOLLOW|FORMATION_FOLLOW|FORMATION_FOLLOW|FORMATION_FOLLOW|FORMATION_FOLLOW,1,1,14.2,-5.055,-5.056,-5.063,5.062,5.057,5.051,-26.495,-30.027,-33.491,-33.539,-30.0,-26.48,-5.062,-5.053,-5.057,-5.06,-5.063,-5.063
0.0,0.0,0.0,3.5318,6.9956,12.279,10.646,10.0472,3.4638,10.6532,10.0526,10.6548,10.067,10.6501,12.2588,3.5392,7.0588,3.5196,0,,0.0,FORMATION_FOLLOW|FORMATION_FOLLOW|FORMATION_FOLLOW|FORMATION_FOLLOW|FORMATION_FOLLOW|FORMATION_FOLLOW,1,1,14.3,-5.026,-5.026,-5.035,5.032,5.027,5.022,-26.495,-30.027,-33.491,-33.539,-30.0,-26.48,-5.062,-5.053,-5.057,-5.06,-5.063,-5.062
0.0,0.0,0.0,3.532,6.996,12.2306,10.5904,9.9879,3.4639,10.5966,9.993,10.5982,10.0089,10.5959,12.2113,3.5395,7.0588,3.5193,0,,0.0,FORMATION_FOLLOW|FORMATION_FOLLOW|FORMATION_FOLLOW|FORMATION_FOLLOW|FORMATION_FOLLOW|FORMATION_FOLLOW,1,1,14.4,-4.996,-4.996,-5.007,5.002,4.997,4.992,-26.494,-30.027,-33.49,-33.539,-29.999,-26.48,-5.063,-5.054,-5.057,-5.059,-5.063,-5.062
0.0,0.0,0.0,3.5325,6.9969,12.1819,10.5345,9.9286,3.4644,10.5397,9.9333,10.5421,9.9507,10.5417,12.1645,3.5396,7.0589,3.5193,0,,0.0,FORMATION_FOLLOW|FORMATION_FOLLOW|FORMATION_FOLLOW|FORMATION_FOLLOW|FORMATION_FOLLOW|FORMATION_FOLLOW,1,1,14.5,-4.967,-4.966,-4.979,4.972,4.968,4.962,-26.494,-30.026,-33.491,-33.538,-29.998,-26.479,-5.064,-5.055,-5.058,-5.059,-5.063,-5.062
0.0,0.0,0.0,3.5328,6.9979,12.1332,10.4779,9.8693,3.4651,10.4833,9.8733,10.4863,9.8923,10.4866,12.1176,3.5395,7.0586,3.5191,0,,0.0,FORMATION_FOLLOW|FORMATION_FOLLOW|FORMATION_FOLLOW|FORMATION_FOLLOW|FORMATION_FOLLOW|FORMATION_FOLLOW,1,1,14.6,-4.937,-4.936,-4.95,4.942,4.937,4.932,-26.493,-30.026,-33.491,-33.537,-29.998,-26.479,-5.064,-5.055,-5.058,-5.059,-5.063,-5.062
0.0,0.0,0.0,3.5332,6.999,12.0845,10.4213,9.8099,3.4658,10.4269,9.8132,10.4306,9.8335,10.4311,12.0707,3.5392,7.0585,3.5193,0,,0.0,FORMATION_FOLLOW|FORMATION_FOLLOW|FORMATION_FOLLOW|FORMATION_FOLLOW|FORMATION_FOLLOW|FORMATION_FOLLOW,1,1,14.7,-4.907,-4.906,-4.922,4.912,4.907,4.903,-26.492,-30.026,-33.491,-33.537,-29.998,-26.478,-5.065,-5.056,-5.059,-5.058,-5.062,-5.062
0.0,0.0,0.0,3.5339,7.0004,12.0359,10.3649,9.7506,3.4665,10.3705,9.7532,10.3754,9.7747,10.3756,12.0242,3.5384,7.0586,3.5202,0,,0.0,FORMATION_FOLLOW|FORMATION_FOLLOW|FORMATION_FOLLOW|FORMATION_FOLLOW|FORMATION_FOLLOW|FORMATION_FOLLOW,1,1,14.8,-4.877,-4.877,-4.893,4.881,4.876,4.873,-26.492,-30.025,-33.492,-33.536,-29.998,-26.478,-5.065,-5.057,-5.059,-5.058,-5.062,-5.062
0.0,0.0,0.0,3.5347,7.0017,11.9872,10.3084,9.6912,3.467,10.314,9.6933,10.3203,9.7156,10.32,11.9778,3.5377,7.0589,3.5212,0,,0.0,FORMATION_FOLLOW|FORMATION_FOLLOW|FORMATION_FOLLOW|FORMATION_FOLLOW|FORMATION_FOLLOW|FORMATION_FOLLOW,1,1,14.9,-4.848,-4.847,-4.865,4.851,4.846,4.844,-26.491,-30.026,-33.493,-33.536,-29.998,-26.477,-5.066,-5.057,-5.059,-5.058,-5.062,-5.062
0.0,0.0,0.0,3.5353,7.0027,11.9389,10.2518,9.6314,3.4674,10.2578,9.6333,10.2649,9.6563,10.2643,11.9309,3.5379,7.0598,3.5218,0,,0.0,FORMATION_FOLLOW|FORMATION_FOLLOW|FORMATION_FOLLOW|FORMATION_FOLLOW|FORMATION_FOLLOW|FORMATION_FOLLOW,1,1,15.0,-4.817,-4.818,-4.835,4.821,4.816,4.814,-26.49,-30.026,-33.493,-33.536,-29.998,-26.476,-5.066,-5.058,-5.059,-5.058,-5.061,-5.062
0.0,0.0,0.0,3.5354,7.0031,11.8906,10.1955,9.5719,3.4678,10.2014,9.5733,10.2092,9.5965,10.2083,11.8835,3.538,7.0604,3.5224,0,,0.0,FORMATION_FOLLOW|FORMATION_FOLLOW|FORMATION_FOLLOW|FORMATION_FOLLOW|FORMATION_FOLLOW|FORMATION_FOLLOW,1,1,15.1,-4.788,-4.788,-4.806,4.791,4.785,4.784,-26.49,-30.026,-33.494,-33.536,-29.998,-26.476,-5.066,-5.058,-5.059,-5.059,-5.061,-5.062
0.0,0.0,0.0,3.5354,7.0031,11.8419,10.1388,9.5122,3.4678,10.1445,9.5127,10.1531,9.5365,10.152,11.8358,3.5379,7.0605,3.5226,0,,0.0,FORMATION_FOLLOW|FORMATION_FOLLOW|FORMATION_FOLLOW|FORMATION_FOLLOW|FORMATION_FOLLOW|FORMATION_FOLLOW,1,1,15.2,-4.758,-4.758,-4.776,4.76,4.755,4.755,-26.491,-30.026,-33.494,-33.536,-29.998,-26.476,-5.066,-5.059,-5.06,-5.059,-5.061,-5.062
0.0,0.0,0.0,3.5355,7.0035,11.7933,10.0822,9.452,3.468,10.0874,9.4518,10.0963,9.4764,10.0955,11.7877,3.5376,7.0601,3.5225,0,,0.0,FORMATION_FOLLOW|FORMATION_FOLLOW|FORMATION_FOLLOW|FORMATION_FOLLOW|FORMATION_FOLLOW|FORMATION_FOLLOW,1,1,15.3,-4.728,-4.727,-4.746,4.73,4.725,4.725,-26.491,-30.026,-33.494,-33.536,-29.999,-26.476,-5.066,-5.06,-5.06,-5.059,-5.061,-5.062
0.0,0.0,0.0,3.5359,7.0037,11.7453,10.0255,9.3917,3.4679,10.0307,9.3909,10.0394,9.4168,10.039,11.7394,3.5371,7.0594,3.5223,0,,0.0,FORMATION_FOLLOW|FORMATION_FOLLOW|FORMATION_FOLLOW|FORMATION_FOLLOW|FORMATION_FOLLOW|FORMATION_FOLLOW,1,1,15.4,-4.697,-4.696,-4.716,4.7,4.694,4.694,-26.491,-30.027,-33.495,-33.536,-29.999,-26.477,-5.066,-5.06,-5.06,-5.059,-5.061,-5.063
0.0,0.0,0.0,3.5364,7.0039,11.6981,9.9691,9.3315,3.4676,9.9747,9.3299,9.9824,9.3583,9.9827,11.691,3.5365,7.0582,3.5218,0,,0.0,FORMATION_FOLLOW|FORMATION_FOLLOW|FORMATION_FOLLOW|FORMATION_FOLLOW|FORMATION_FOLLOW|FORMATION_FOLLOW,1,1,15.5,-4.667,-4.666,-4.687,4.672,4.664,4.664,-26.491,-30.027,-33.495,-33.536,-30.0,-26.478,-5.066,-5.061,-5.061,-5.059,-5.061,-5.063
0.0,0.0,0.0,3.5366,7.0044,11.6514,9.913,9.2715,3.4678,9.9187,9.2684,9.9249,9.2999,9.9264,11.6428,3.536,7.0572,3.5212,0,,0.0,FORMATION_FOLLOW|FORMATION_FOLLOW|FORMATION_FOLLOW|FORMATION_FOLLOW|FORMATION_FOLLOW|FORMATION_FOLLOW,1,1,15.6,-4.637,-4.634,-4.657,4.643,4.634,4.634,-26.491,-30.028,-33.495,-33.537,-30.001,-26.479,-5.065,-5.062,-5.061,-5.059,-5.061,-5.063
0.0,0.0,0.0,3.5367,7.0047,11.6049,9.8571,9.2116,3.468,9.8628,9.2072,9.8675,9.2416,9.8705,11.5949,3.5357,7.0565,3.5208,0,,0.0,FORMATION_FOLLOW|FORMATION_FOLLOW|FORMATION_FOLLOW|FORMATION_FOLLOW|FORMATION_FOLLOW|FORMATION_FOLLOW,1,1,15.7,-4.607,-4.603,-4.627,4.614,4.604,4.604,-26.491,-30.028,-33.496,-33.537,-30.001,-26.48,-5.066,-5.062,-5.062,-5.06,-5.06,-5.064
0.0,0.0,0.0,3.5369,7.0053,11.5582,9.8012,9.1513,3.4684,9.8065,9.1461,9.8101,9.1829,9.8151,11.5474,3.5359,7.0564,3.5205,0,,0.0,FORMATION_FOLLOW|FORMATION_FOLLOW|FORMATION_FOLLOW|FORMATION_FOLLOW|FORMATION_FOLLOW|FORMATION_FOLLOW,1,1,15.8,-4.577,-4.572,-4.598,4.585,4.574,4.574,-26.491,-30.028,-33.496,-33.537,-30.001,-26.481,-5.066,-5.063,-5.062,-5.06,-5.06,-5.064
0.0,0.0,0.0,3.5374,7.0057,11.5111,9.7449,9.0903,3.4684,9.7501,9.0851,9.7527,9.1241,9.7597,11.5,3.5362,7.0566,3.5205,0,,0.0,FORMATION_FOLLOW|FORMATION_FOLLOW|FORMATION_FOLLOW|FORMATION_FOLLOW|FORMATION_FOLLOW|FORMATION_FOLLOW,1,1,15.9,-4.547,-4.541,-4.569,4.555,4.544,4.544,-26.49,-30.028,-33.496,-33.538,-30.002,-26.481,-5.066,-5.064,-5.062,-5.06,-5.06,-5.065
0.0,0.0,0.0,3.5384,7.0065,11.4642,9.6884,9.0293,3.4682,9.6938,9.024,9.6959,9.0652,9.7041,11.4528,3.5364,7.057,3.5206,0,,0.0,FORMATION_FOLLOW|FORMATION_FOLLOW|FORMATION_FOLLOW|FORMATION_FOLLOW|FORMATION_FOLLOW|FORMATION_FOLLOW,1,1,16.0,-4.516,-4.51,-4.539,4.526,4.514,4.513,-26.49,-30.028,-33.496,-33.538,-30.002,-26.481,-5.066,-5.064,-5.063,-5.059,-5.06,-5.065
0.0,0.0,0.0,3.5395,7.0075,11.4177,9.6318,8.9689,3.4681,9.6378,8.9629,9.6396,9.0062,9.6484,11.406,3.5371,7.0574,3.5203,0,,0.0,FORMATION_FOLLOW|FORMATION_FOLLOW|FORMATION_FOLLOW|FORMATION_FOLLOW|FORMATION_FOLLOW|FORMATION_FOLLOW,1,1,16.1,-4.485,-4.48,-4.51,4.496,4.483,4.483,-26.489,-30.029,-33.497,-33.539,-30.001,-26.481,-5.066,-5.065,-5.064,-5.059,-5.06,-5.065
0.0,0.0,0.0,3.5403,7.0085,11.3713,9.5753,8.9088,3.4683,9.582,8.902,9.5837,8.9469,9.5926,11.3594,3.5381,7.058,3.5199,0,,0.0,FORMATION_FOLLOW|FORMATION_FOLLOW|FORMATION_FOLLOW|FORMATION_FOLLOW|FORMATION_FOLLOW|FORMATION_FOLLOW,1,1,16.2,-4.455,-4.449,-4.48,4.467,4.453,4.454,-26.489,-30.029,-33.497,-33.539,-30.001,-26.481,-5.066,-5.065,-5.064,-5.059,-5.06,-5.065
0.0,0.0,0.0,3.5411,7.0095,11.325,9.5195,8.8485,3.4685,9.5265,8.8422,9.528,8.8874,9.5375,11.3126,3.5391,7.0583,3.5192,0,,0.0,FORMATION_FOLLOW|FORMATION_FOLLOW|FORMATION_FOLLOW|FORMATION_FOLLOW|FORMATION_FOLLOW|FORMATION_FOLLOW,1,1,16.3,-4.425,-4.419,-4.45,4.437,4.423,4.424,-26.488,-30.029,-33.498,-33.54,-30.001,-26.482,-5.065,-5.065,-5.065,-5.059,-5.06,-5.065
0.0,0.0,0.0,3.5418,7.011,11.2789,9.4643,8.788,3.4693,9.471,8.7829,9.472,8.8276,9.483,11.2659,3.5403,7.0589,3.5185,0,,0.0,FORMATION_FOLLOW|FORMATION_FOLLOW|FORMATION_FOLLOW|FORMATION_FOLLOW|FORMATION_FOLLOW|FORMATION_FOLLOW,1,1,16.4,-4.394,-4.389,-4.42,4.407,4.394,4.394,-26.488,-30.03,-33.499,-33.541,-30.001,-26.482,-5.065,-5.065,-5.066,-5.059,-5.06,-5.066
0.0,0.0,0.0,3.5427,7.0128,11.2329,9.4093,8.7279,3.4702,9.4153,8.7234,9.416,8.7676,9.4285,11.2193,3.5415,7.059,3.5175,0,,0.0,FORMATION_FOLLOW|FORMATION_FOLLOW|FORMATION_FOLLOW|FORMATION_FOLLOW|FORMATION_FOLLOW|FORMATION_FOLLOW,1,1,16.5,-4.365,-4.359,-4.391,4.377,4.364,4.363,-26.487,-30.03,-33.5,-33.542,-30.0,-26.483,-5.065,-5.065,-5.066,-5.059,-5.059,-5.066
0.0,0.0,0.0,3.5439,7.0146,11.1868,9.3543,8.668,3.4707,9.3591,8.6638,9.3602,8.707,9.374,11.1727,3.5427,7.0589,3.5161,0,,0.0,FORMATION_FOLLOW|FORMATION_FOLLOW|FORMATION_FOLLOW|FORMATION_FOLLOW|FORMATION_FOLLOW|FORMATION_FOLLOW,1,1,16.6,-4.335,-4.329,-4.361,4.346,4.335,4.333,-26.487,-30.031,-33.501,-33.542,-30.0,-26.484,-5.064,-5.064,-5.066,-5.06,-5.059,-5.066
0.0,0.0,0.0,3.5449,7.0155,11.1403,9.299,8.6079,3.4707,9.3026,8.6039,9.3045,8.6461,9.3187,11.126,3.5435,7.0589,3.5154,0,,0.0,FORMATION_FOLLOW|FORMATION_FOLLOW|FORMATION_FOLLOW|FORMATION_FOLLOW|FORMATION_FOLLOW|FORMATION_FOLLOW,1,1,16.7,-4.305,-4.299,-4.331,4.315,4.305,4.302,-26.487,-30.032,-33.502,-33.543,-29.999,-26.484,-5.064,-5.064,-5.067,-5.061,-5.06,-5.066
0.0,0.0,0.0,3.546,7.0166,11.0941,9.2441,8.5478,3.4708,9.246,8.544,9.2487,8.5847,9.2633,11.0791,3.5443,7.0592,3.5149,0,,0.0,FORMATION_FOLLOW|FORMATION_FOLLOW|FORMATION_FOLLOW|FORMATION_FOLLOW|FORMATION_FOLLOW|FORMATION_FOLLOW,1,1,16.8,-4.276,-4.269,-4.3,4.284,4.275,4.272,-26.486,-30.032,-33.503,-33.544,-29.999,-26.485,-5.063,-5.064,-5.067,-5.061,-5.06,-5.066
0.0,0.0,0.0,3.5469,7.0181,11.0477,9.1893,8.488,3.4713,9.1892,8.4842,9.1934,8.5227,9.208,11.0329,3.5451,7.06,3.5149,0,,0.0,FORMATION_FOLLOW|FORMATION_FOLLOW|FORMATION_FOLLOW|FORMATION_FOLLOW|FORMATION_FOLLOW|FORMATION_FOLLOW,1,1,16.9,-4.246,-4.239,-4.27,4.253,4.245,4.242,-26.486,-30.033,-33.504,-33.544,-29.999,-26.484,-5.063,-5.064,-5.067,-5.062,-5.061,-5.067
0.0,0.0,0.0,3.5477,7.0198,11.0009,9.1339,8.4283,3.4722,9.1322,8.4239,9.1386,8.4604,9.1523,10.9875,3.5456,7.0608,3.5152,0,,0.0,FORMATION_FOLLOW|FORMATION_FOLLOW|FORMATION_FOLLOW|FORMATION_FOLLOW|FORMATION_FOLLOW|FORMATION_FOLLOW,1,1,17.0,-4.216,-4.209,-4.239,4.222,4.215,4.212,-26.486,-30.034,-33.506,-33.544,-29.999,-26.484,-5.062,-5.064,-5.068,-5.063,-5.061,-5.067
0.0,0.0,0.0,3.5481,7.0213,10.9539,9.0776,8.3682,3.4733,9.0755,8.3631,9.0837,8.3982,9.096,10.9423,3.546,7.062,3.516,0,,0.0,FORMATION_FOLLOW|FORMATION_FOLLOW|FORMATION_RECOVERY|FORMATION_FOLLOW|FORMATION_FOLLOW|FORMATION_FOLLOW,1,1,17.1,-4.186,-4.178,-4.207,4.191,4.185,4.182,-26.486,-30.034,-33.507,-33.545,-29.999,-26.483,-5.062,-5.063,-5.067,-5.063,-5.062,-5.068
0.0,0.0,0.0,3.5484,7.0226,10.9071,9.021,8.3078,3.4743,9.019,8.3019,9.0289,8.3363,9.0396,10.8972,3.5462,7.0631,3.517,0,,0.0,FORMATION_FOLLOW|FORMATION_FOLLOW|FORMATION_RECOVERY|FORMATION_FOLLOW|FORMATION_FOLLOW|FORMATION_FOLLOW,1,1,17.2,-4.155,-4.148,-4.176,4.16,4.154,4.152,-26.486,-30.035,-33.509,-33.545,-29.999,-26.482,-5.061,-5.062,-5.067,-5.063,-5.062,-5.068
0.0,0.0,0.0,3.5491,7.0241,10.8612,8.9648,8.2477,3.4751,8.9631,8.241,8.9747,8.2752,8.9834,10.8529,3.5465,7.0648,3.5183,0,,0.0,FORMATION_FOLLOW|FORMATION_FOLLOW|FORMATION_RECOVERY|FORMATION_FOLLOW|FORMATION_FOLLOW|FORMATION_FOLLOW,1,1,17.3,-4.125,-4.118,-4.146,4.129,4.123,4.122,-26.486,-30.036,-33.51,-33.545,-29.999,-26.48,-5.06,-5.06,-5.067,-5.063,-5.063,-5.068
0.0,0.0,0.0,3.5494,7.0258,10.816,8.9088,8.188,3.4764,8.908,8.1801,8.9209,8.2146,8.9277,10.8096,3.547,7.0676,3.5206,0,,0.0,FORMATION_FOLLOW|FORMATION_FOLLOW|FORMATION_RECOVERY|FORMATION_FOLLOW|FORMATION_FOLLOW|FORMATION_FOLLOW,1,1,17.4,-4.095,-4.088,-4.115,4.099,4.092,4.093,-26.487,-30.036,-33.513,-33.546,-29.999,-26.478,-5.059,-5.058,-5.067,-5.064,-5.064,-5.068
0.0,0.0,0.0,3.5498,7.0285,10.771,8.8531,8.128,3.4787,8.8529,8.1195,8.8671,8.154,8.8726,10.7673,3.5479,7.071,3.5231,0,,0.0,FORMATION_FOLLOW|FORMATION_FOLLOW|FORMATION_RECOVERY|FORMATION_FOLLOW|FORMATION_FOLLOW|FORMATION_FOLLOW,1,1,17.5,-4.065,-4.058,-4.084,4.069,4.061,4.063,-26.487,-30.037,-33.515,-33.547,-29.999,-26.476,-5.056,-5.055,-5.067,-5.065,-5.066,-5.069
0.0,0.0,0.0,3.5505,7.0324,10.7264,8.7976,8.0682,3.4821,8.798,8.0591,8.8139,8.0934,8.8182,10.7263,3.549,7.0751,3.5262,0,,0.0,FORMATION_FOLLOW|FORMATION_FOLLOW|FORMATION_RECOVERY|FORMATION_FOLLOW|FORMATION_FOLLOW|FORMATION_FOLLOW,1,1,17.6,-4.035,-4.028,-4.053,4.04,4.031,4.033,-26.487,-30.038,-33.52,-33.547,-29.999,-26.472,-5.052,-5.05,-5.066,-5.068,-5.07,-5.069
0.0,0.0,0.0,3.5508,7.037,10.6819,8.7424,8.0086,3.4863,8.7435,7.9991,8.7616,8.0328,8.7644,10.6868,3.55,7.0802,3.5302,0,,0.0,FORMATION_FOLLOW|FORMATION_FOLLOW|FORMATION_RECOVERY|FORMATION_FOLLOW|FORMATION_FOLLOW|FORMATION_FOLLOW,1,1,17.7,-4.005,-3.998,-4.022,4.011,4.001,4.004,-26.488,-30.038,-33.525,-33.548,-29.998,-26.468,-5.047,-5.044,-5.066,-5.071,-5.075,-5.069
0.0,0.0,0.0,3.5507,7.0422,10.6374,8.6873,7.9493,3.4917,8.6892,7.9393,8.7098,7.9721,8.711,10.6488,3.551,7.0862,3.5352,0,,0.0,FORMATION_FOLLOW|FORMATION_FOLLOW|FORMATION_RECOVERY|FORMATION_FOLLOW|FORMATION_FOLLOW|FORMATION_FOLLOW,1,1,17.8,-3.975,-3.967,-3.991,3.981,3.972,3.974,-26.488,-30.039,-33.53,-33.549,-29.998,-26.463,-5.04,-5.037,-5.065,-5.076,-5.081,-5.069
0.0,0.0,0.0,3.5503,7.0484,10.5927,8.6322,7.89,3.4983,8.6348,7.8797,8.6586,7.911,8.6582,10.6122,3.552,7.0931,3.5411,0,,0.0,FORMATION_FOLLOW|FORMATION_FOLLOW|FORMATION_RECOVERY|FORMATION_FOLLOW|FORMATION_FOLLOW|FORMATION_FOLLOW,1,1,17.9,-3.945,-3.938,-3.96,3.951,3.942,3.945,-26.489,-30.039,-33.537,-33.549,-29.997,-26.456,-5.033,-5.028,-5.064,-5.082,-5.088,-5.068
0.0,0.0,0.0,3.55,7.0559,10.5478,8.5769,7.8303,3.5061,8.5805,7.8202,8.6081,7.8501,8.6059,10.5777,3.5525,7.1009,3.5485,0,,0.0,FORMATION_FOLLOW|FORMATION_FOLLOW|FORMATION_RECOVERY|FORMATION_FOLLOW|FORMATION_FOLLOW|FORMATION_FOLLOW,1,1,18.0,-3.915,-3.908,-3.928,3.922,3.912,3.915,-26.489,-30.039,-33.545,-33.549,-29.997,-26.448,-5.023,-5.018,-5.063,-5.09,-5.097,-5.068
0.0,0.0,0.0,3.5503,7.0647,10.5031,8.5222,7.7708,3.5147,8.526,7.7608,8.5585,7.7896,8.5546,10.5455,3.5525,7.1101,3.5578,0,,0.0,FORMATION_FOLLOW|FORMATION_FOLLOW|FORMATION_RECOVERY|FORMATION_FOLLOW|FORMATION_FOLLOW|FORMATION_FOLLOW,1,1,18.1,-3.885,-3.878,-3.897,3.892,3.882,3.886,-26.49,-30.04,-33.554,-33.549,-29.996,-26.439,-5.012,-5.007,-5.063,-5.099,-5.108,-5.067
0.0,0.0,0.0,3.5513,7.0755,10.4593,8.4681,7.7118,3.5247,8.4718,7.7017,8.5099,7.7298,8.5048,10.516,3.5527,7.1205,3.5681,0,,0.0,FORMATION_FOLLOW|FORMATION_FOLLOW|FORMATION_RECOVERY|FORMATION_FOLLOW|FORMATION_FOLLOW|FORMATION_FOLLOW,1,1,18.2,-3.855,-3.848,-3.867,3.863,3.852,3.856,-26.49,-30.041,-33.565,-33.548,-29.995,-26.428,-5.0,-4.994,-5.062,-5.11,-5.12,-5.067
0.0,0.0,0.0,3.5522,7.0876,10.4159,8.4147,7.6534,3.536,8.4179,7.6432,8.4624,7.6702,8.4563,10.4889,3.5532,7.1325,3.5798,0,,0.0,FORMATION_FOLLOW|FORMATION_FOLLOW|FORMATION_RECOVERY|FORMATION_FOLLOW|FORMATION_FOLLOW|FORMATION_FOLLOW,1,1,18.3,-3.825,-3.818,-3.837,3.833,3.823,3.827,-26.49,-30.042,-33.577,-33.548,-29.995,-26.415,-4.986,-4.98,-5.062,-5.122,-5.133,-5.066
0.0,0.0,0.0,3.5526,7.1002,10.3727,8.3619,7.595,3.5484,8.3644,7.5853,8.4155,7.6104,8.4081,10.4632,3.5533,7.1456,3.593,0,,0.0,FORMATION_FOLLOW|FORMATION_FOLLOW|FORMATION_RECOVERY|FORMATION_FOLLOW|FORMATION_FOLLOW|FORMATION_FOLLOW,1,1,18.4,-3.796,-3.789,-3.806,3.804,3.794,3.798,-26.49,-30.043,-33.59,-33.547,-29.994,-26.402,-4.971,-4.964,-5.062,-5.135,-5.149,-5.065
0.0,0.0,0.0,3.5531,7.1133,10.3298,8.3091,7.5365,3.5614,8.3113,7.5274,8.3691,7.5509,8.3602,10.4385,3.5533,7.1594,3.607,0,,0.0,FORMATION_FOLLOW|FORMATION_FOLLOW|FORMATION_RECOVERY|FORMATION_FOLLOW|FORMATION_FOLLOW|FORMATION_FOLLOW,1,1,18.5,-3.767,-3.759,-3.775,3.775,3.765,3.768,-26.49,-30.043,-33.603,-33.547,-29.993,-26.388,-4.955,-4.948,-5.061,-5.15,-5.165,-5.064
0.0,0.0,0.0,3.5538,7.1273,10.287,8.2564,7.4781,3.5748,8.2581,7.47,8.3234,7.4915,8.3132,10.4155,3.5534,7.1739,3.6218,0,,0.0,FORMATION_FOLLOW|FORMATION_FOLLOW|FORMATION_RECOVERY|FORMATION_FOLLOW|FORMATION_FOLLOW|FORMATION_FOLLOW,1,1,18.6,-3.738,-3.73,-3.745,3.745,3.735,3.738,-26.491,-30.045,-33.617,-33.546,-29.992,-26.373,-4.937,-4.93,-5.061,-5.166,-5.183,-5.063
0.0,0.0,0.0,3.555,7.142,10.2441,8.2043,7.4197,3.5886,8.2049,7.4131,8.2788,7.4319,8.2669,10.3939,3.5533,7.1891,3.6375,0,,0.0,FORMATION_FOLLOW|FORMATION_FOLLOW|FORMATION_RECOVERY|FORMATION_FOLLOW|FORMATION_FOLLOW|FORMATION_FOLLOW,1,1,18.7,-3.708,-3.701,-3.714,3.716,3.706,3.709,-26.491,-30.046,-33.632,-33.545,-29.991,-26.356,-4.917,-4.912,-5.061,-5.184,-5.202,-5.062
0.0,0.0,0.0,3.5563,7.1574,10.201,8.1521,7.3612,3.6033,8.1519,7.3568,8.2349,7.3727,8.2216,10.374,3.5532,7.2049,3.6539,0,,0.0,FORMATION_FOLLOW|FORMATION_FOLLOW|FORMATION_RECOVERY|FORMATION_FOLLOW|FORMATION_FOLLOW|FORMATION_FOLLOW,1,1,18.8,-3.679,-3.671,-3.684,3.687,3.678,3.679,-26.492,-30.048,-33.647,-33.543,-29.99,-26.34,-4.897,-4.892,-5.061,-5.204,-5.222,-5.061
0.0,0.0,0.0,3.5572,7.1737,10.1581,8.0999,7.3029,3.6191,8.0996,7.3009,8.1921,7.3136,8.1769,10.3557,3.553,7.2214,3.6711,0,,0.0,FORMATION_FOLLOW|FORMATION_FOLLOW|FORMATION_RECOVERY|FORMATION_FOLLOW|FORMATION_FOLLOW|FORMATION_FOLLOW,1,1,18.9,-3.648,-3.642,-3.653,3.657,3.649,3.65,-26.493,-30.05,-33.664,-33.542,-29.989,-26.322,-4.875,-4.871,-5.061,-5.224,-5.243,-5.06
0.0,0.0,0.0,3.5585,7.1912,10.1152,8.0479,7.2446,3.6359,8.0472,7.2452,8.1499,7.2545,8.1329,10.3392,3.5527,7.2383,3.6891,0,,0.0,FORMATION_FOLLOW|FORMATION_FOLLOW|FORMATION_RECOVERY|FORMATION_FOLLOW|FORMATION_FOLLOW|FORMATION_FOLLOW,1,1,19.0,-3.619,-3.613,-3.623,3.628,3.62,3.621,-26.494,-30.052,-33.682,-33.54,-29.987,-26.304,-4.853,-4.849,-5.061,-5.245,-5.266,-5.06
0.0,0.0,0.0,3.5592,7.2094,10.0725,7.996,7.1862,3.6541,7.9952,7.1897,8.1081,7.1954,8.0896,10.3243,3.5527,7.2568,3.7083,0,,0.0,FORMATION_FOLLOW|FORMATION_FOLLOW|FORMATION_RECOVERY|FORMATION_FOLLOW|FORMATION_FOLLOW|FORMATION_FOLLOW,1,1,19.1,-3.589,-3.584,-3.592,3.599,3.591,3.591,-26.496,-30.055,-33.701,-33.539,-29.986,-26.285,-4.829,-4.825,-5.061,-5.267,-5.289,-5.059
0.0,0.0,0.0,3.5592,7.2284,10.0304,7.9442,7.128,3.6739,7.9442,7.1346,8.067,7.1368,8.0471,10.3114,3.5531,7.2762,3.7282,0,,0.0,FORMATION_FOLLOW|FORMATION_FOLLOW|FORMATION_RECOVERY|FORMATION_FOLLOW|FORMATION_FOLLOW|FORMATION_FOLLOW,1,1,19.2,-3.559,-3.555,-3.561,3.569,3.561,3.561,-26.498,-30.057,-33.721,-33.538,-29.985,-26.265,-4.805,-4.801,-5.061,-5.29,-5.313,-5.059
0.0,0.0,0.0,3.559,7.2481,9.9887,7.8924,7.0702,3.6947,7.894,7.0799,8.0268,7.079,8.0056,10.3002,3.5536,7.2962,3.7486,0,,0.0,FORMATION_FOLLOW|FORMATION_FOLLOW|FORMATION_RECOVERY|FORMATION_FOLLOW|FORMATION_FOLLOW|FORMATION_FOLLOW,1,1,19.3,-3.528,-3.526,-3.531,3.54,3.532,3.532,-26.499,-30.058,-33.742,-33.536,-29.983,-26.245,-4.781,-4.775,-5.061,-5.314,-5.338,-5.059
0.0,0.0,0.0,3.5588,7.2685,9.9473,7.8409,7.0122,3.7163,7.8441,7.0255,7.9868,7.0215,7.9647,10.2901,3.554,7.3167,3.7697,0,,0.0,FORMATION_FOLLOW|FORMATION_FOLLOW|FORMATION_RECOVERY|FORMATION_FOLLOW|FORMATION_FOLLOW|FORMATION_FOLLOW,1,1,19.4,-3.498,-3.496,-3.501,3.512,3.502,3.502,-26.501,-30.06,-33.763,-33.535,-29.981,-26.224,-4.756,-4.749,-5.06,-5.339,-5.363,-5.059
0.0,0.0,0.0,3.5586,7.2892,9.9059,7.7899,6.9543,3.7385,7.7943,6.9714,7.9472,6.9642,7.9244,10.2812,3.554,7.3374,3.7915,0,,0.0,FORMATION_FOLLOW|FORMATION_FOLLOW|FORMATION_RECOVERY|FORMATION_FOLLOW|FORMATION_FOLLOW|FORMATION_FOLLOW,1,1,19.5,-3.468,-3.467,-3.471,3.482,3.472,3.472,-26.503,-30.062,-33.785,-33.533,-29.979,-26.202,-4.73,-4.722,-5.06,-5.364,-5.389,-5.059
0.0,0.0,0.0,3.5581,7.3104,9.8648,7.7397,6.8968,3.7613,7.7449,6.9184,7.9083,6.9071,7.8854,10.2735,3.5542,7.3586,3.8137,0,,0.0,FORMATION_FOLLOW|FORMATION_FOLLOW|FORMATION_RECOVERY|FORMATION_FOLLOW|FORMATION_FOLLOW|FORMATION_FOLLOW,1,1,19.6,-3.438,-3.437,-3.441,3.453,3.443,3.442,-26.506,-30.064,-33.807,-33.531,-29.977,-26.18,-4.703,-4.695,-5.06,-5.391,-5.416,-5.059
0.0,0.0,0.0,3.5578,7.3319,9.8241,7.6896,6.8394,3.7845,7.696,6.8656,7.87,6.8508,7.8472,10.2673,3.5544,7.3801,3.8363,0,,0.0,FORMATION_FOLLOW|FORMATION_FOLLOW|FORMATION_RECOVERY|FORMATION_FOLLOW|FORMATION_FOLLOW|FORMATION_FOLLOW,1,1,19.7,-3.408,-3.408,-3.411,3.424,3.413,3.412,-26.508,-30.066,-33.83,-33.529,-29.975,-26.158,-4.676,-4.668,-5.06,-5.418,-5.443,-5.06
0.0,0.0,0.0,3.5578,7.3538,9.7835,7.6396,6.782,3.8078,7.6471,6.813,7.8323,6.7948,7.8096,10.262,3.5544,7.4017,3.8592,0,,0.0,FORMATION_FOLLOW|FORMATION_FOLLOW|FORMATION_RECOVERY|FORMATION_FOLLOW|FORMATION_FOLLOW|FORMATION_FOLLOW,1,1,19.8,-3.377,-3.378,-3.382,3.394,3.383,3.382,-26.511,-30.069,-33.853,-33.527,-29.973,-26.136,-4.649,-4.64,-5.06,-5.446,-5.471,-5.06
0.0,0.0,0.0,3.5578,7.3752,9.7427,7.5904,6.7248,3.8306,7.5982,6.7611,7.7948,6.7389,7.7721,10.2564,3.5536,7.4222,3.882,0,,0.0,FORMATION_FOLLOW|FORMATION_FOLLOW|FORMATION_RECOVERY|FORMATION_FOLLOW|FORMATION_FOLLOW|FORMATION_FOLLOW,1,1,19.9,-3.347,-3.349,-3.353,3.364,3.353,3.351,-26.514,-30.072,-33.876,-33.524,-29.971,-26.114,-4.621,-4.612,-5.06,-5.474,-5.499,-5.06
0.0,0.0,0.0,3.5581,7.396,9.703,7.5421,6.6678,3.8527,7.5503,6.71,7.7575,6.6836,7.7349,10.2504,3.5528,7.4425,3.9045,0,,0.0,FORMATION_FOLLOW|FORMATION_FOLLOW|FORMATION_RECOVERY|FORMATION_FOLLOW|FORMATION_FOLLOW|FORMATION_FOLLOW,1,1,20.0,-3.317,-3.319,-3.323,3.335,3.323,3.321,-26.516,-30.075,-33.898,-33.521,-29.969,-26.092,-4.593,-4.583,-5.06,-5.503,-5.527,-5.061
0.0,0.0,0.0,3.5585,7.4159,9.6643,7.4945,6.6114,3.8741,7.5033,6.6597,7.7206,6.629,7.6981,10.2442,3.5525,7.4629,3.9268,0,,0.0,FORMATION_FOLLOW|FORMATION_FOLLOW|FORMATION_RECOVERY|FORMATION_FOLLOW|FORMATION_FOLLOW|FORMATION_FOLLOW,1,1,20.1,-3.287,-3.289,-3.294,3.306,3.294,3.291,-26.519,-30.078,-33.919,-33.519,-29.966,-26.071,-4.564,-4.554,-5.06,-5.533,-5.556,-5.062
0.0,0.0,0.0,3.5589,7.4359,9.6264,7.4477,6.5554,3.8954,7.4569,6.6099,7.6843,6.5744,7.6614,10.2382,3.5524,7.4835,3.9492,0,,0.0,FORMATION_FOLLOW|FORMATION_FOLLOW|FORMATION_RECOVERY|FORMATION_FOLLOW|FORMATION_FOLLOW|FORMATION_FOLLOW,1,1,20.2,-3.257,-3.259,-3.265,3.277,3.264,3.261,-26.522,-30.081,-33.939,-33.516,-29.964,-26.05,-4.535,-4.525,-5.06,-5.563,-5.585,-5.063
0.0,0.0,0.0,3.5593,7.4557,9.5888,7.4013,6.4995,3.9167,7.4107,6.5605,7.6482,6.5199,7.625,10.2328,3.5523,7.5045,3.9721,0,,0.0,FORMATION_FOLLOW|FORMATION_FOLLOW|FORMATION_RECOVERY|FORMATION_FOLLOW|FORMATION_FOLLOW|FORMATION_FOLLOW,1,1,20.3,-3.226,-3.229,-3.235,3.247,3.234,3.23,-26.524,-30.083,-33.959,-33.514,-29.962,-26.028,-4.505,-4.496,-5.06,-5.592,-5.615,-5.063
0.0,0.0,0.0,3.5599,7.4756,9.5514,7.3557,6.444,3.9378,7.3647,6.512,7.613,6.4655,7.5892,10.228,3.552,7.5255,3.9952,0,,0.0,FORMATION_FOLLOW|FORMATION_FOLLOW|FORMATION_RECOVERY|FORMATION_FOLLOW|FORMATION_FOLLOW|FORMATION_FOLLOW,1,1,20.4,-3.196,-3.199,-3.206,3.218,3.204,3.2,-26.527,-30.087,-33.98,-33.511,-29.959,-26.006,-4.475,-4.466,-5.06,-5.622,-5.644,-5.063
0.0,0.0,0.0,3.561,7.4956,9.5141,7.3106,6.3884,3.9588,7.319,6.4643,7.5783,6.4109,7.5538,10.2234,3.5515,7.5461,4.0183,0,,0.0,FORMATION_FOLLOW|FORMATION_FOLLOW|FORMATION_RECOVERY|FORMATION_FOLLOW|FORMATION_FOLLOW|FORMATION_FOLLOW,1,1,20.5,-3.165,-3.169,-3.176,3.188,3.175,3.17,-26.53,-30.091,-34.0,-33.508,-29.956,-25.985,-4.445,-4.436,-5.059,-5.652,-5.674,-5.064
0.0,0.0,0.0,3.5622,7.5165,9.4774,7.266,6.3333,3.9804,7.274,6.4175,7.5443,6.3567,7.5193,10.2197,3.5513,7.5666,4.0411,0,,0.0,FORMATION_FOLLOW|FORMATION_FOLLOW|FORMATION_RECOVERY|FORMATION_FOLLOW|FORMATION_FOLLOW|FORMATION_FOLLOW,1,1,20.6,-3.134,-3.138,-3.146,3.159,3.145,3.14,-26.532,-30.094,-34.021,-33.504,-29.953,-25.963,-4.415,-4.407,-5.059,-5.682,-5.704,-5.064
0.0,0.0,0.0,3.5633,7.538,9.4414,7.2217,6.2783,4.0029,7.2297,6.3712,7.5107,6.3029,7.4859,10.2171,3.5517,7.5873,4.0636,0,,0.0,FORMATION_FOLLOW|FORMATION_FOLLOW|FORMATION_RECOVERY|FORMATION_FOLLOW|FORMATION_FOLLOW|FORMATION_FOLLOW,1,1,20.7,-3.103,-3.108,-3.116,3.13,3.116,3.11,-26.535,-30.098,-34.043,-33.501,-29.949,-25.941,-4.384,-4.377,-5.059,-5.712,-5.734,-5.064
0.0,0.0,0.0,3.564,7.5596,9.4055,7.1775,6.2236,4.0259,7.1858,6.3253,7.4775,6.2498,7.4535,10.2157,3.5524,7.6084,4.0864,0,,0.0,FORMATION_FOLLOW|FORMATION_FOLLOW|FORMATION_RECOVERY|FORMATION_FOLLOW|FORMATION_FOLLOW|FORMATION_FOLLOW,1,1,20.8,-3.072,-3.077,-3.086,3.101,3.086,3.08,-26.538,-30.102,-34.065,-33.497,-29.945,-25.919,-4.353,-4.348,-5.059,-5.742,-5.765,-5.063
0.0,0.0,0.0,3.5646,7.5816,9.3699,7.1338,6.1694,4.0495,7.1427,6.2804,7.4458,6.1969,7.4217,10.216,3.553,7.6304,4.1101,0,,0.0,FORMATION_FOLLOW|FORMATION_FOLLOW|FORMATION_RECOVERY|FORMATION_FOLLOW|FORMATION_FOLLOW|FORMATION_FOLLOW,1,1,20.9,-3.04,-3.046,-3.056,3.071,3.056,3.05,-26.541,-30.106,-34.087,-33.494,-29.941,-25.897,-4.323,-4.318,-5.059,-5.773,-5.796,-5.063
0.0,0.0,0.0,3.5662,7.6056,9.3358,7.0914,6.1156,4.0741,7.1001,6.2361,7.4148,6.1442,7.391,10.2179,3.5539,7.6531,4.1345,0,,0.0,FORMATION_FOLLOW|FORMATION_FOLLOW|FORMATION_RECOVERY|FORMATION_FOLLOW|FORMATION_FOLLOW|FORMATION_FOLLOW,1,1,21.0,-3.009,-3.015,-3.026,3.042,3.026,3.021,-26.544,-30.11,-34.11,-33.491,-29.937,-25.874,-4.292,-4.289,-5.059,-5.803,-5.826,-5.063
0.0,0.0,0.0,3.5689,7.6312,9.3034,7.0501,6.0621,4.0993,7.0586,6.1926,7.3847,6.0918,7.3607,10.2208,3.5552,7.6765,4.1593,0,,0.0,FORMATION_FOLLOW|FORMATION_FOLLOW|FORMATION_RECOVERY|FORMATION_FOLLOW|FORMATION_FOLLOW|FORMATION_FOLLOW,1,1,21.1,-2.977,-2.984,-2.995,3.013,2.996,2.991,-26.545,-30.114,-34.134,-33.488,-29.933,-25.85,-4.261,-4.259,-5.059,-5.833,-5.857,-5.063
0.0,0.0,0.0,3.5725,7.6583,9.2722,7.0099,6.0084,4.1251,7.018,6.1505,7.3555,6.0394,7.3313,10.2249,3.5565,7.7008,4.1849,0,,0.0,FORMATION_FOLLOW|FORMATION_FOLLOW|FORMATION_RECOVERY|FORMATION_FOLLOW|FORMATION_FOLLOW|FORMATION_FOLLOW,1,1,21.2,-2.946,-2.954,-2.965,2.983,2.965,2.961,-26.545,-30.118,-34.159,-33.485,-29.928,-25.826,-4.229,-4.229,-5.06,-5.863,-5.888,-5.062
0.0,0.0,0.0,3.5771,7.687,9.2422,6.9714,5.9553,4.1516,6.9783,6.1096,7.3277,5.9871,7.3026,10.2305,3.5575,7.7256,4.2115,0,,0.0,FORMATION_FOLLOW|FORMATION_FOLLOW|FORMATION_RECOVERY|FORMATION_FOLLOW|FORMATION_FOLLOW|FORMATION_FOLLOW,1,1,21.3,-2.914,-2.924,-2.934,2.953,2.935,2.931,-26.545,-30.122,-34.184,-33.482,-29.924,-25.801,-4.198,-4.199,-5.06,-5.894,-5.919,-5.062
0.0,0.0,0.0,3.5819,7.7166,9.2131,6.9342,5.9032,4.1789,6.9395,6.07,7.3013,5.9353,7.2748,10.238,3.5579,7.7512,4.2392,0,,0.0,FORMATION_FOLLOW|FORMATION_FOLLOW|FORMATION_RECOVERY|FORMATION_FOLLOW|FORMATION_FOLLOW|FORMATION_FOLLOW,1,1,21.4,-2.883,-2.894,-2.904,2.923,2.905,2.901,-26.544,-30.126,-34.209,-33.479,-29.921,-25.776,-4.167,-4.169,-5.061,-5.925,-5.95,-5.062
0.0,0.0,0.0,3.5852,7.7455,9.1836,6.8975,5.8519,4.207,6.9015,6.0315,7.276,5.8845,7.2483,10.2474,3.5581,7.7773,4.2678,0,,0.0,FORMATION_FOLLOW|FORMATION_FOLLOW|FORMATION_RECOVERY|FORMATION_FOLLOW|FORMATION_FOLLOW|FORMATION_FOLLOW,1,1,21.5,-2.852,-2.864,-2.873,2.893,2.875,2.871,-26.545,-30.13,-34.235,-33.475,-29.917,-25.749,-4.135,-4.139,-5.061,-5.955,-5.98,-5.062
0.0,0.0,0.0,3.587,7.7738,9.1547,6.8615,5.8016,4.2361,6.8652,5.9944,7.2515,5.8345,7.2231,10.2581,3.5588,7.8045,4.2969,0,,0.0,FORMATION_FOLLOW|FORMATION_FOLLOW|FORMATION_RECOVERY|FORMATION_FOLLOW|FORMATION_FOLLOW|FORMATION_FOLLOW,1,1,21.6,-2.82,-2.834,-2.844,2.863,2.846,2.842,-26.546,-30.133,-34.261,-33.472,-29.913,-25.722,-4.104,-4.109,-5.061,-5.987,-6.011,-5.062
0.0,0.0,0.0,3.5887,7.8022,9.1268,6.8266,5.7521,4.2654,6.8299,5.9583,7.2279,5.7851,7.199,10.2701,3.56,7.8326,4.3265,0,,0.0,FORMATION_FOLLOW|FORMATION_FOLLOW|FORMATION_RECOVERY|FORMATION_FOLLOW|FORMATION_FOLLOW|FORMATION_FOLLOW,1,1,21.7,-2.789,-2.804,-2.814,2.833,2.817,2.813,-26.548,-30.137,-34.287,-33.469,-29.909,-25.695,-4.073,-4.079,-5.062,-6.018,-6.042,-5.062
0.0,0.0,0.0,3.5913,7.8316,9.1001,6.7928,5.7035,4.2949,6.7952,5.923,7.2055,5.7364,7.1757,10.2834,3.5612,7.861,4.3566,0,,0.0,FORMATION_FOLLOW|FORMATION_FOLLOW|FORMATION_RECOVERY|FORMATION_FOLLOW|FORMATION_FOLLOW|FORMATION_FOLLOW,1,1,21.8,-2.758,-2.774,-2.783,2.803,2.787,2.784,-26.549,-30.14,-34.314,-33.466,-29.905,-25.668,-4.042,-4.048,-5.061,-6.049,-6.073,-5.062
0.0,0.0,0.0,3.5945,7.8617,9.0741,6.76,5.6551,4.3245,6.761,5.889,7.1841,5.6882,7.1536,10.2979,3.5625,7.8898,4.3869,0,,0.0,FORMATION_FOLLOW|FORMATION_FOLLOW|FORMATION_RECOVERY|FORMATION_FOLLOW|FORMATION_FOLLOW|FORMATION_FOLLOW,1,1,21.9,-2.727,-2.743,-2.753,2.773,2.758,2.755,-26.55,-30.144,-34.341,-33.464,-29.901,-25.64,-4.01,-4.017,-5.061,-6.08,-6.104,-5.062
0.0,0.0,0.0,3.5984,7.8925,9.049,6.728,5.607,4.3544,6.7278,5.8562,7.1638,5.6407,7.1328,10.3137,3.5642,7.9191,4.4174,0,,0.0,FORMATION_FOLLOW|FORMATION_FOLLOW|FORMATION_RECOVERY|FORMATION_FOLLOW|FORMATION_FOLLOW|FORMATION_FOLLOW,1,1,22.0,-2.695,-2.713,-2.724,2.743,2.729,2.726,-26.55,-30.148,-34.368,-33.461,-29.897,-25.612,-3.979,-3.986,-5.06,-6.112,-6.135,-5.062
0.0,0.0,0.0,3.6031,7.9248,9.0252,6.6975,5.5594,4.3849,6.6958,5.8248,7.1445,5.5944,7.1134,10.3308,3.5657,7.9484,4.4482,0,,0.0,FORMATION_FOLLOW|FORMATION_FOLLOW|FORMATION_RECOVERY|FORMATION_FOLLOW|FORMATION_FOLLOW|FORMATION_FOLLOW,1,1,22.1,-2.663,-2.683,-2.694,2.714,2.7,2.697,-26.549,-30.152,-34.395,-33.458,-29.892,-25.583,-3.948,-3.955,-5.06,-6.143,-6.167,-5.062
0.0,0.0,0.0,3.6083,7.958,9.0023,6.6682,5.5122,4.4159,6.6644,5.7945,7.1258,5.5486,7.0948,10.3486,3.5668,7.9773,4.4791,0,,0.0,FORMATION_FOLLOW|FORMATION_FOLLOW|FORMATION_RECOVERY|FORMATION_FOLLOW|FORMATION_FOLLOW|FORMATION_FOLLOW,1,1,22.2,-2.631,-2.652,-2.664,2.684,2.67,2.668,-26.548,-30.156,-34.423,-33.454,-29.887,-25.555,-3.917,-3.923,-5.059,-6.175,-6.198,-5.062
0.0,0.0,0.0,3.6145,7.9924,8.9804,6.6405,5.4658,4.4471,6.6336,5.7652,7.1082,5.5034,7.0769,10.3677,3.5672,8.0062,4.5107,0,,0.0,FORMATION_FOLLOW|FORMATION_FOLLOW|FORMATION_RECOVERY|FORMATION_FOLLOW|FORMATION_FOLLOW|FORMATION_FOLLOW,1,1,22.3,-2.6,-2.622,-2.635,2.654,2.641,2.64,-26.546,-30.16,-34.452,-33.45,-29.883,-25.526,-3.886,-3.892,-5.058,-6.206,-6.229,-5.062
0.0,0.0,0.0,3.6216,8.0276,8.9611,6.614,5.4199,4.4784,6.6047,5.7371,7.0918,5.4584,7.0593,10.3876,3.569,8.0371,4.5428,0,,0.0,FORMATION_FOLLOW|FORMATION_FOLLOW|FORMATION_RECOVERY|FORMATION_FOLLOW|FORMATION_FOLLOW|FORMATION_FOLLOW,1,1,22.4,-2.569,-2.591,-2.605,2.624,2.612,2.611,-26.544,-30.165,-34.48,-33.448,-29.879,-25.497,-3.855,-3.861,-5.058,-6.237,-6.261,-5.062
0.0,0.0,0.0,3.6293,8.0637,8.9446,6.5889,5.3744,4.5099,6.5775,5.71,7.0764,5.4136,7.0424,10.4086,3.5728,8.0705,4.5757,0,,0.0,FORMATION_FOLLOW|FORMATION_FOLLOW|FORMATION_RECOVERY|FORMATION_FOLLOW|FORMATION_FOLLOW|FORMATION_FOLLOW,1,1,22.5,-2.537,-2.561,-2.575,2.594,2.582,2.581,-26.541,-30.17,-34.509,-33.447,-29.875,-25.468,-3.824,-3.83,-5.058,-6.269,-6.293,-5.062
0.0,0.0,0.0,3.6373,8.1,8.9301,6.5644,5.3299,4.5413,6.5518,5.683,7.0621,5.3689,7.0256,10.4305,3.5778,8.1057,4.6089,0,,0.0,FORMATION_FOLLOW|FORMATION_FOLLOW|FORMATION_RECOVERY|FORMATION_FOLLOW|FORMATION_FOLLOW|FORMATION_FOLLOW,1,1,22.6,-2.506,-2.531,-2.544,2.564,2.552,2.553,-26.538,-30.175,-34.538,-33.448,-29.871,-25.438,-3.794,-3.799,-5.058,-6.301,-6.324,-5.061
0.0,0.0,0.0,3.6457,8.1365,8.9179,6.5407,5.2866,4.5724,6.5276,5.6564,7.0489,5.3248,7.0093,10.4536,3.5845,8.1429,4.6426,0,,0.0,FORMATION_FOLLOW|FORMATION_FOLLOW|FORMATION_RECOVERY|FORMATION_FOLLOW|FORMATION_FOLLOW|FORMATION_FOLLOW,1,1,22.7,-2.475,-2.5,-2.514,2.534,2.521,2.524,-26.535,-30.18,-34.568,-33.451,-29.867,-25.408,-3.764,-3.77,-5.058,-6.332,-6.355,-5.061
0.0,0.0,0.0,3.6542,8.173,8.9076,6.5179,5.2443,4.6032,6.5044,5.6301,7.0363,5.2813,6.9938,10.4776,3.5923,8.1814,4.6765,0,,0.0,FORMATION_FOLLOW|FORMATION_FOLLOW|FORMATION_RECOVERY|FORMATION_FOLLOW|FORMATION_FOLLOW|FORMATION_FOLLOW,1,1,22.8,-2.445,-2.47,-2.484,2.505,2.491,2.497,-26.531,-30.185,-34.597,-33.455,-29.863,-25.378,-3.737,-3.742,-5.058,-6.363,-6.386,-5.061
0.0,0.0,0.0,3.6632,8.2097,8.8985,6.4957,5.2024,4.6337,6.4819,5.6043,7.0245,5.2381,6.9794,10.5024,3.6013,8.2209,4.7103,0,,0.0,FORMATION_FOLLOW|FORMATION_FOLLOW|FORMATION_RECOVERY|FORMATION_FOLLOW|FORMATION_FOLLOW|FORMATION_FOLLOW,1,1,22.9,-2.415,-2.439,-2.454,2.475,2.46,2.469,-26.528,-30.191,-34.626,-33.46,-29.859,-25.348,-3.711,-3.716,-5.059,-6.395,-6.417,-5.061
0.0,0.0,0.0,3.6726,8.2464,8.8898,6.4735,5.1606,4.6637,6.4597,5.579,7.0134,5.1952,6.9661,10.528,3.611,8.261,4.7439,0,,0.0,FORMATION_FOLLOW|FORMATION_FOLLOW|FORMATION_RECOVERY|FORMATION_FOLLOW|FORMATION_FOLLOW|FORMATION_FOLLOW,1,1,23.0,-2.385,-2.409,-2.424,2.445,2.43,2.441,-26.524,-30.196,-34.655,-33.466,-29.855,-25.318,-3.687,-3.692,-5.059,-6.426,-6.448,-5.061
0.0,0.0,0.0,3.6818,8.2827,8.8814,6.4522,5.1195,4.6932,6.4379,5.5539,7.0037,5.1526,6.9521,10.5549,3.6191,8.3022,4.7802,0,,0.0,FORMATION_FOLLOW|FORMATION_FOLLOW|FORMATION_RECOVERY|FORMATION_FOLLOW|FORMATION_FOLLOW|FORMATION_FOLLOW,1,1,23.1,-2.355,-2.379,-2.394,2.415,2.399,2.414,-26.52,-30.202,-34.684,-33.472,-29.853,-25.288,-3.665,-3.67,-5.06,-6.458,-6.479,-5.061
0.0,0.0,0.0,3.6908,8.3184,8.8732,6.432,5.0791,4.7223,6.4166,5.5287,6.9952,5.1104,6.9372,10.5835,3.6252,8.3448,4.8197,0,,0.0,FORMATION_FOLLOW|FORMATION_FOLLOW|FORMATION_RECOVERY|FORMATION_FOLLOW|FORMATION_FOLLOW|FORMATION_FOLLOW,1,1,23.2,-2.325,-2.349,-2.364,2.385,2.369,2.387,-26.516,-30.207,-34.714,-33.479,-29.853,-25.257,-3.647,-3.649,-5.06,-6.489,-6.51,-5.061
0.0,0.0,0.0,3.6997,8.3557,8.8655,6.4126,5.0391,4.7527,6.3955,5.5028,6.9873,5.07,6.9229,10.615,3.6296,8.3882,4.8617,0,,0.0,FORMATION_FOLLOW|FORMATION_FOLLOW|FORMATION_RECOVERY|FORMATION_FOLLOW|FORMATION_FOLLOW|FORMATION_FOLLOW,1,1,23.3,-2.296,-2.319,-2.334,2.355,2.338,2.361,-26.513,-30.212,-34.745,-33.485,-29.856,-25.225,-3.631,-3.632,-5.06,-6.52,-6.541,-5.062
0.0,0.0,0.0,3.7067,8.3955,8.8583,6.394,4.9997,4.7869,6.3752,5.4757,6.9783,5.0311,6.9097,10.6499,3.6323,8.4321,4.9055,0,,0.0,FORMATION_FOLLOW|FORMATION_FOLLOW|FORMATION_RECOVERY|FORMATION_FOLLOW|FORMATION_FOLLOW|FORMATION_FOLLOW,1,1,23.4,-2.266,-2.289,-2.304,2.326,2.308,2.336,-26.508,-30.215,-34.779,-33.493,-29.86,-25.193,-3.617,-3.616,-5.061,-6.551,-6.571,-5.062
0.0,0.0,0.0,3.7111,8.4377,8.851,6.3755,4.9604,4.8255,6.3556,5.4468,6.9673,4.9935,6.8978,10.6879,3.6335,8.4759,4.9505,0,,0.0,FORMATION_FOLLOW|FORMATION_FOLLOW|FORMATION_RECOVERY|FORMATION_FOLLOW|FORMATION_FOLLOW|FORMATION_FOLLOW,1,1,23.5,-2.237,-2.258,-2.275,2.296,2.277,2.311,-26.504,-30.215,-34.815,-33.5,-29.866,-25.161,-3.606,-3.604,-5.061,-6.581,-6.6,-5.062
0.0,0.0,0.0,3.713,8.4817,8.8435,6.3561,4.9211,4.8679,6.3367,5.4161,6.9548,4.9572,6.8874,10.7287,3.6344,8.52,4.9959,0,,0.0,FORMATION_FOLLOW|FORMATION_FOLLOW|FORMATION_RECOVERY|FORMATION_FOLLOW|FORMATION_FOLLOW|FORMATION_FOLLOW,1,1,23.6,-2.208,-2.228,-2.245,2.267,2.246,2.286,-26.499,-30.212,-34.854,-33.507,-29.873,-25.129,-3.597,-3.593,-5.061,-6.609,-6.628,-5.062
0.0,0.0,0.0,3.7133,8.5269,8.8351,6.3358,4.8819,4.9127,6.3174,5.3837,6.9416,4.9219,6.8782,10.7721,3.6346,8.5641,5.0415,0,,0.0,FORMATION_FOLLOW|FORMATION_FOLLOW|FORMATION_RECOVERY|FORMATION_FOLLOW|FORMATION_FOLLOW|FORMATION_FOLLOW,1,1,23.7,-2.178,-2.197,-2.216,2.238,2.215,2.261,-26.495,-30.208,-34.893,-33.514,-29.88,-25.096,-3.59,-3.585,-5.061,-6.636,-6.653,-5.062
0.0,0.0,0.0,3.7129,8.5729,8.8261,6.3146,4.8424,4.9586,6.2975,5.3496,6.9282,4.8872,6.8697,10.8173,3.6344,8.6083,5.0873,0,,0.0,FORMATION_FOLLOW|FORMATION_FOLLOW|FORMATION_RECOVERY|FORMATION_FOLLOW|FORMATION_FOLLOW|FORMATION_FOLLOW,1,1,23.8,-2.149,-2.167,-2.188,2.209,2.184,2.237,-26.49,-30.202,-34.934,-33.521,-29.887,-25.063,-3.585,-3.579,-5.062,-6.661,-6.676,-5.062
0.0,0.0,0.0,3.7115,8.6197,8.8167,6.2927,4.803,5.0059,6.2767,5.3136,6.914,4.8525,6.8617,10.8641,3.6339,8.6526,5.133,0,,0.0,FORMATION_FOLLOW|FORMATION_FOLLOW|FORMATION_RECOVERY|FORMATION_FOLLOW|FORMATION_FOLLOW|FORMATION_FOLLOW,1,1,23.9,-2.119,-2.136,-2.159,2.179,2.154,2.212,-26.484,-30.196,-34.976,-33.529,-29.895,-25.03,-3.581,-3.575,-5.062,-6.684,-6.697,-5.062
0.0,0.0,0.0,3.7094,8.6671,8.8066,6.2698,4.764,5.0542,6.255,5.2756,6.8993,4.8182,6.8544,10.912,3.6331,8.6961,5.1777,0,,0.0,FORMATION_FOLLOW|FORMATION_FOLLOW|FORMATION_RECOVERY|FORMATION_FOLLOW|FORMATION_FOLLOW|FORMATION_FOLLOW,1,1,24.0,-2.089,-2.105,-2.131,2.15,2.123,2.188,-26.479,-30.189,-35.018,-33.537,-29.904,-24.998,-3.578,-3.573,-5.062,-6.705,-6.715,-5.062
0.0,0.0,0.0,3.7063,8.7147,8.7957,6.2459,4.7249,5.1034,6.2325,5.2357,6.8845,4.7837,6.8473,10.9615,3.6322,8.7403,5.2228,0,,0.0,FORMATION_FOLLOW|FORMATION_FOLLOW|FORMATION_RECOVERY|FORMATION_FOLLOW|FORMATION_RECOVERY|FORMATION_RECOVERY,1,1,24.1,-2.06,-2.074,-2.102,2.12,2.093,2.164,-26.474,-30.18,-35.061,-33.545,-29.913,-24.964,-3.576,-3.571,-5.062,-6.723,-6.73,-5.063
0.0,0.0,0.0,3.7031,8.7623,8.7841,6.2205,4.6853,5.1525,6.2089,5.1943,6.8704,4.7485,6.8403,11.0125,3.6319,8.786,5.2684,0,,0.0,FORMATION_FOLLOW|FORMATION_FOLLOW|FORMATION_RECOVERY|FORMATION_FOLLOW|FORMATION_RECOVERY|FORMATION_RECOVERY,1,1,24.2,-2.03,-2.044,-2.073,2.09,2.062,2.137,-26.469,-30.172,-35.104,-33.553,-29.921,-24.928,-3.576,-3.572,-5.062,-6.739,-6.743,-5.063
0.0,0.0,0.0,3.6998,8.81,8.7716,6.1937,4.6455,5.2017,6.1837,5.151,6.857,4.7126,6.8336,11.0652,3.6318,8.8327,5.3145,0,,0.0,FORMATION_FOLLOW|FORMATION_FOLLOW|FORMATION_RECOVERY|FORMATION_FOLLOW|FORMATION_RECOVERY|FORMATION_RECOVERY,1,1,24.3,-2.001,-2.014,-2.044,2.059,2.032,2.11,-26.464,-30.163,-35.147,-33.561,-29.929,-24.892,-3.577,-3.573,-5.062,-6.752,-6.754,-5.063
0.0,0.0,0.0,3.6959,8.8575,8.758,6.1655,4.6058,5.2513,6.1577,5.1061,6.844,4.6764,6.8271,11.1193,3.6319,8.8799,5.3605,0,,0.0,FORMATION_FOLLOW|FORMATION_RECOVERY|FORMATION_RECOVERY|FORMATION_FOLLOW|FORMATION_RECOVERY|FORMATION_RECOVERY,1,1,24.4,-1.971,-1.983,-2.015,2.028,2.001,2.082,-26.458,-30.154,-35.191,-33.569,-29.937,-24.854,-3.579,-3.576,-5.062,-6.763,-6.762,-5.064
0.0,0.0,0.0,3.6917,8.9044,8.7436,6.1362,4.5662,5.3005,6.1307,5.0602,6.8316,4.6402,6.8212,11.1741,3.6324,8.9272,5.406,0,,0.0,FORMATION_FOLLOW|FORMATION_RECOVERY|FORMATION_RECOVERY|FORMATION_FOLLOW|FORMATION_RECOVERY|FORMATION_RECOVERY,1,1,24.5,-1.942,-1.953,-1.985,1.998,1.97,2.054,-26.454,-30.145,-35.234,-33.577,-29.945,-24.815,-3.581,-3.579,-5.062,-6.772,-6.768,-5.064
0.0,0.0,0.0,3.6879,8.9502,8.7279,6.1057,4.5266,5.3482,6.1024,5.0134,6.8203,4.6038,6.8152,11.2289,3.6327,8.9738,5.4509,0,,0.0,FORMATION_FOLLOW|FORMATION_RECOVERY|FORMATION_RECOVERY|FORMATION_FOLLOW|FORMATION_RECOVERY|FORMATION_RECOVERY,1,1,24.6,-1.913,-1.923,-1.955,1.967,1.94,2.024,-26.449,-30.137,-35.277,-33.585,-29.952,-24.776,-3.584,-3.582,-5.062,-6.779,-6.773,-5.065
0.0,0.0,0.0,3.6848,8.9953,8.7119,6.0747,4.4871,5.3945,6.0734,4.9663,6.8101,4.5674,6.8092,11.2836,3.6332,9.0204,5.4955,0,,0.0,FORMATION_FOLLOW|FORMATION_RECOVERY|FORMATION_RECOVERY|FORMATION_FOLLOW|FORMATION_RECOVERY|FORMATION_RECOVERY,1,1,24.7,-1.883,-1.893,-1.925,1.937,1.909,1.994,-26.445,-30.13,-35.318,-33.592,-29.959,-24.737,-3.587,-3.586,-5.061,-6.784,-6.776,-5.065
0.0,0.0,0.0,3.6828,9.0399,8.6961,6.0435,4.4466,5.4394,6.0441,4.9192,6.8006,4.5307,6.8029,11.3377,3.634,9.0668,5.5397,0,,0.0,FORMATION_FOLLOW|FORMATION_RECOVERY|FORMATION_RECOVERY|FORMATION_FOLLOW|FORMATION_RECOVERY|FORMATION_RECOVERY,1,1,24.8,-1.853,-1.864,-1.895,1.906,1.878,1.962,-26.44,-30.123,-35.359,-33.599,-29.965,-24.698,-3.589,-3.589,-5.061,-6.788,-6.778,-5.066
0.0,0.0,0.0,3.6814,9.0836,8.6804,6.0121,4.406,5.4829,6.0147,4.872,6.7914,4.4934,6.7961,11.3903,3.6353,9.1126,5.5827,0,,0.0,FORMATION_FOLLOW|FORMATION_RECOVERY|FORMATION_RECOVERY|FORMATION_FOLLOW|FORMATION_RECOVERY|FORMATION_RECOVERY,1,1,24.9,-1.823,-1.835,-1.864,1.876,1.848,1.93,-26.435,-30.116,-35.398,-33.606,-29.971,-24.659,-3.592,-3.592,-5.061,-6.79,-6.779,-5.066
0.0,0.0,0.0,3.6805,9.1259,8.6653,5.9812,4.3659,5.5246,5.9849,4.8247,6.7822,4.4551,6.7887,11.4407,3.6372,9.1571,5.6239,0,,0.0,FORMATION_FOLLOW|FORMATION_RECOVERY|FORMATION_RECOVERY|FORMATION_FOLLOW|FORMATION_RECOVERY|FORMATION_RECOVERY,1,1,25.0,-1.794,-1.805,-1.834,1.845,1.817,1.897,-26.429,-30.109,-35.436,-33.614,-29.977,-24.621,-3.593,-3.595,-5.061,-6.791,-6.779,-5.066
0.0,0.0,0.0,3.68,9.1666,8.6507,5.9506,4.3264,5.5644,5.955,4.7775,6.7729,4.4165,6.7809,11.4891,3.6397,9.2006,5.6634,0,,0.0,FORMATION_FOLLOW|FORMATION_RECOVERY|FORMATION_RECOVERY|FORMATION_FOLLOW|FORMATION_RECOVERY|FORMATION_RECOVERY,1,1,25.1,-1.765,-1.776,-1.803,1.815,1.787,1.864,-26.423,-30.103,-35.472,-33.621,-29.981,-24.583,-3.595,-3.598,-5.06,-6.79,-6.778,-5.067
0.0,0.0,0.0,3.6794,9.2052,8.6359,5.9203,4.2872,5.6021,5.925,4.7305,6.7635,4.3769,6.7721,11.5349,3.6423,9.2426,5.7015,0,,0.0,FORMATION_FOLLOW|FORMATION_RECOVERY|FORMATION_RECOVERY|FORMATION_FOLLOW|FORMATION_RECOVERY|FORMATION_RECOVERY,1,1,25.2,-1.736,-1.747,-1.772,1.784,1.756,1.831,-26.417,-30.097,-35.505,-33.628,-29.986,-24.547,-3.596,-3.6,-5.06,-6.789,-6.777,-5.067
0.0,0.0,0.0,3.6794,9.2426,8.6218,5.8907,4.2481,5.6383,5.8954,4.6843,6.7541,4.337,6.7629,11.5786,3.6451,9.2835,5.7382,0,,0.0,FORMATION_FOLLOW|FORMATION_RECOVERY|FORMATION_RECOVERY|FORMATION_FOLLOW|FORMATION_RECOVERY|FORMATION_RECOVERY,1,1,25.3,-1.707,-1.718,-1.741,1.753,1.726,1.797,-26.411,-30.091,-35.537,-33.635,-29.99,-24.512,-3.597,-3.602,-5.059,-6.787,-6.776,-5.068
0.0,0.0,0.0,3.6801,9.2781,8.6078,5.8613,4.209,5.6721,5.8657,4.6387,6.7448,4.2965,6.7529,11.6194,3.6483,9.3226,5.7731,0,,0.0,FORMATION_FOLLOW|FORMATION_RECOVERY|FORMATION_RECOVERY|FORMATION_FOLLOW|FORMATION_RECOVERY|FORMATION_RECOVERY,1,1,25.4,-1.678,-1.689,-1.709,1.722,1.696,1.763,-26.405,-30.085,-35.568,-33.642,-29.994,-24.479,-3.597,-3.604,-5.059,-6.785,-6.774,-5.068
0.0,0.0,0.0,3.6814,9.3116,8.5937,5.8321,4.1695,5.7033,5.8357,4.5936,6.7352,4.2556,6.7422,11.6574,3.6516,9.36,5.8063,0,,0.0,FORMATION_FOLLOW|FORMATION_RECOVERY|FORMATION_RECOVERY|FORMATION_FOLLOW|FORMATION_RECOVERY|FORMATION_RECOVERY,1,1,25.5,-1.649,-1.66,-1.678,1.691,1.666,1.73,-26.399,-30.081,-35.596,-33.649,-29.998,-24.448,-3.598,-3.605,-5.059,-6.782,-6.773,-5.068
0.0,0.0,0.0,3.6817,9.3422,8.5786,5.8022,4.1305,5.7327,5.8059,4.5492,6.7254,4.2149,6.7313,11.6929,3.655,9.3955,5.8378,0,,0.0,FORMATION_FOLLOW|FORMATION_RECOVERY|FORMATION_RECOVERY|FORMATION_FOLLOW|FORMATION_RECOVERY|FORMATION_RECOVERY,1,1,25.6,-1.619,-1.63,-1.647,1.661,1.636,1.696,-26.395,-30.077,-35.622,-33.656,-30.001,-24.417,-3.599,-3.606,-5.058,-6.778,-6.771,-5.069
0.0,0.0,0.0,3.6821,9.3708,8.5635,5.7727,4.092,5.7605,5.7768,4.5058,6.7155,4.1746,6.7201,11.7261,3.6585,9.4293,5.8676,0,,0.0,FORMATION_FOLLOW|FORMATION_RECOVERY|FORMATION_RECOVERY|FORMATION_FOLLOW|FORMATION_RECOVERY|FORMATION_RECOVERY,1,1,25.7,-1.59,-1.601,-1.616,1.631,1.606,1.663,-26.391,-30.073,-35.648,-33.663,-30.004,-24.389,-3.599,-3.606,-5.058,-6.775,-6.77,-5.069
0.0,0.0,0.0,3.6831,9.3984,8.5494,5.7441,4.0538,5.7866,5.7484,4.4633,6.7059,4.1345,6.7083,11.7577,3.662,9.4625,5.8969,0,,0.0,FORMATION_FOLLOW|FORMATION_RECOVERY|FORMATION_RECOVERY|FORMATION_FOLLOW|FORMATION_RECOVERY|FORMATION_RECOVERY,1,1,25.8,-1.56,-1.571,-1.585,1.601,1.576,1.63,-26.387,-30.07,-35.671,-33.669,-30.007,-24.361,-3.599,-3.606,-5.058,-6.772,-6.77,-5.068
0.0,0.0,0.0,3.6848,9.4253,8.5361,5.7166,4.0163,5.8115,5.7207,4.4218,6.697,4.0946,6.6963,11.788,3.6655,9.4948,5.9254,0,,0.0,FORMATION_FOLLOW|FORMATION_RECOVERY|FORMATION_RECOVERY|FORMATION_FOLLOW|FORMATION_RECOVERY|FORMATION_RECOVERY,1,1,25.9,-1.531,-1.542,-1.554,1.571,1.546,1.597,-26.382,-30.067,-35.694,-33.676,-30.01,-24.334,-3.599,-3.604,-5.057,-6.769,-6.769,-5.068
0.0,0.0,0.0,3.6851,9.4476,8.5216,5.6882,3.9789,5.8335,5.6934,4.3812,6.6864,4.0536,6.6827,11.8128,3.6693,9.5236,5.9503,0,,0.0,FORMATION_FOLLOW|FORMATION_RECOVERY|FORMATION_RECOVERY|FORMATION_FOLLOW|FORMATION_RECOVERY|FORMATION_RECOVERY,1,1,26.0,-1.501,-1.512,-1.523,1.541,1.516,1.564,-26.379,-30.064,-35.713,-33.682,-30.012,-24.311,-3.599,-3.603,-5.058,-6.766,-6.769,-5.067
0.0,0.0,0.0,3.6831,9.4636,8.5029,5.658,3.9416,5.8515,5.6651,4.3413,6.6747,4.0127,6.6669,11.832,3.671,9.5476,5.9725,0,,0.0,FORMATION_FOLLOW|FORMATION_RECOVERY|FORMATION_RECOVERY|FORMATION_FOLLOW|FORMATION_RECOVERY|FORMATION_RECOVERY,1,1,26.1,-1.47,-1.482,-1.491,1.511,1.486,1.532,-26.378,-30.062,-35.729,-33.685,-30.014,-24.29,-3.598,-3.601,-5.057,-6.763,-6.769,-5.067
0.0,0.0,0.0,3.6792,9.4747,8.4799,5.6267,3.9054,5.8665,5.6352,4.3022,6.6629,3.9724,6.6494,11.8478,3.6698,9.5673,5.9933,0,,0.0,FORMATION_FOLLOW|FORMATION_RECOVERY|FORMATION_RECOVERY|FORMATION_FOLLOW|FORMATION_RECOVERY|FORMATION_RECOVERY,1,1,26.2,-1.439,-1.452,-1.459,1.482,1.456,1.499,-26.381,-30.06,-35.742,-33.686,-30.016,-24.27,-3.597,-3.599,-5.057,-6.761,-6.769,-5.067
0.0,0.0,0.0,3.6735,9.4835,8.4544,5.5953,3.8706,5.8809,5.605,4.264,6.6506,3.9341,6.632,11.8619,3.6663,9.5835,6.0127,0,,0.0,FORMATION_FOLLOW|FORMATION_RECOVERY|FORMATION_RECOVERY|FORMATION_FOLLOW|FORMATION_RECOVERY|FORMATION_RECOVERY,1,1,26.3,-1.408,-1.423,-1.428,1.452,1.426,1.466,-26.384,-30.058,-35.754,-33.684,-30.017,-24.251,-3.595,-3.596,-5.058,-6.759,-6.769,-5.066
0.0,0.0,0.0,3.6667,9.4895,8.4271,5.564,3.8372,5.8938,5.5749,4.227,6.6381,3.8974,6.6142,11.8739,3.661,9.5967,6.0309,0,,0.0,FORMATION_FOLLOW|FORMATION_RECOVERY|FORMATION_RECOVERY|FORMATION_FOLLOW|FORMATION_RECOVERY|FORMATION_RECOVERY,1,1,26.4,-1.378,-1.394,-1.397,1.422,1.396,1.433,-26.389,-30.056,-35.765,-33.68,-30.019,-24.233,-3.592,-3.594,-5.058,-6.759,-6.769,-5.066
0.0,0.0,0.0,3.6589,9.4929,8.3981,5.5325,3.8051,5.9047,5.5443,4.1906,6.6261,3.8618,6.5961,11.8842,3.6546,9.6079,6.0481,0,,0.0,FORMATION_FOLLOW|FORMATION_RECOVERY|FORMATION_RECOVERY|FORMATION_FOLLOW|FORMATION_RECOVERY|FORMATION_RECOVERY,1,1,26.5,-1.347,-1.365,-1.366,1.393,1.366,1.401,-26.396,-30.055,-35.774,-33.674,-30.02,-24.217,-3.59,-3.592,-5.058,-6.759,-6.77,-5.066
0.0,0.0,0.0,3.6514,9.4949,8.3684,5.5012,3.7739,5.9141,5.5135,4.1553,6.6147,3.8269,6.5781,11.8932,3.6476,9.6175,6.0644,0,,0.0,FORMATION_FOLLOW|FORMATION_RECOVERY|FORMATION_RECOVERY|FORMATION_FOLLOW|FORMATION_RECOVERY|FORMATION_RECOVERY,1,1,26.6,-1.316,-1.336,-1.334,1.363,1.336,1.368,-26.403,-30.054,-35.783,-33.668,-30.02,-24.201,-3.587,-3.589,-5.058,-6.76,-6.771,-5.066
0.0,0.0,0.0,3.6436,9.4957,8.3382,5.4701,3.7435,5.9228,5.4827,4.1205,6.6033,3.793,6.5603,11.9012,3.64,9.6257,6.0797,0,,0.0,FORMATION_FOLLOW|FORMATION_RECOVERY|FORMATION_RECOVERY|FORMATION_FOLLOW|FORMATION_RECOVERY|FORMATION_RECOVERY,1,1,26.7,-1.285,-1.307,-1.304,1.333,1.307,1.336,-26.41,-30.053,-35.79,-33.661,-30.021,-24.185,-3.584,-3.587,-5.058,-6.761,-6.772,-5.066
0.0,0.0,0.0,3.6358,9.4965,8.3079,5.4391,3.7139,5.9314,5.4522,4.0864,6.5923,3.7611,6.5436,11.9095,3.6321,9.6329,6.0945,0,,0.0,FORMATION_FOLLOW|FORMATION_RECOVERY|FORMATION_RECOVERY|FORMATION_FOLLOW|FORMATION_RECOVERY|FORMATION_RECOVERY,1,1,26.8,-1.254,-1.278,-1.274,1.303,1.277,1.305,-26.417,-30.053,-35.798,-33.653,-30.021,-24.171,-3.582,-3.584,-5.058,-6.762,-6.774,-5.066
0.0,0.0,0.0,3.6284,9.4986,8.2776,5.4087,3.6851,5.9409,5.4219,4.0527,6.5817,3.7313,6.5284,11.919,3.6236,9.6393,6.1091,0,,0.0,FORMATION_FOLLOW|FORMATION_RECOVERY|FORMATION_RECOVERY|FORMATION_FOLLOW|FORMATION_RECOVERY|FORMATION_RECOVERY,1,1,26.9,-1.223,-1.248,-1.244,1.274,1.247,1.273,-26.424,-30.053,-35.807,-33.646,-30.022,-24.157,-3.581,-3.582,-5.058,-6.764,-6.775,-5.067
0.0,0.0,0.0,3.6217,9.5017,8.2481,5.379,3.6572,5.9508,5.3918,4.0197,6.5719,3.7028,6.5146,11.9294,3.6152,9.6454,6.1233,0,,0.0,FORMATION_RECOVERY|FORMATION_RECOVERY|FORMATION_RECOVERY|FORMATION_FOLLOW|FORMATION_RECOVERY|FORMATION_RECOVERY,1,1,27.0,-1.193,-1.219,-1.214,1.244,1.217,1.242,-26.432,-30.053,-35.817,-33.638,-30.023,-24.144,-3.579,-3.58,-5.058,-6.766,-6.777,-5.067
0.0,0.0,0.0,3.6154,9.5058,8.2195,5.3502,3.6303,5.9612,5.3623,3.9871,6.5624,3.6756,6.502,11.9403,3.6069,9.6511,6.1368,0,,0.0,FORMATION_RECOVERY|FORMATION_RECOVERY|FORMATION_RECOVERY|FORMATION_RECOVERY|FORMATION_RECOVERY|FORMATION_RECOVERY,1,1,27.1,-1.163,-1.19,-1.185,1.215,1.187,1.211,-26.439,-30.054,-35.828,-33.631,-30.024,-24.131,-3.578,-3.578,-5.058,-6.768,-6.778,-5.067
0.0,0.0,0.0,3.6097,9.5098,8.1919,5.3218,3.6036,5.9709,5.3335,3.9553,6.5532,3.6487,6.49,11.9508,3.5995,9.6569,6.1495,0,,0.0,FORMATION_RECOVERY|FORMATION_RECOVERY|FORMATION_RECOVERY|FORMATION_RECOVERY|FORMATION_RECOVERY|FORMATION_RECOVERY,1,1,27.2,-1.133,-1.161,-1.155,1.185,1.158,1.18,-26.445,-30.055,-35.839,-33.624,-30.024,-24.118,-3.577,-3.576,-5.058,-6.77,-6.78,-5.067
0.0,0.0,0.0,3.6031,9.5119,8.1624,5.2928,3.5778,5.9798,5.3043,3.9244,6.5446,3.6229,6.4786,11.9607,3.5914,9.6615,6.1619,0,,0.0,FORMATION_RECOVERY|FORMATION_RECOVERY|FORMATION_RECOVERY|FORMATION_RECOVERY|FORMATION_RECOVERY|FORMATION_RECOVERY,1,1,27.3,-1.103,-1.132,-1.125,1.155,1.129,1.149,-26.453,-30.056,-35.848,-33.616,-30.025,-24.106,-3.576,-3.574,-5.058,-6.773,-6.782,-5.067
0.0,0.0,0.0,3.5956,9.5123,8.1304,5.2632,3.5531,5.988,5.2742,3.8946,6.5362,3.5986,6.4675,11.97,3.5817,9.6639,6.1736,0,,0.0,FORMATION_RECOVERY|FORMATION_RECOVERY|FORMATION_RECOVERY|FORMATION_RECOVERY|FORMATION_RECOVERY|FORMATION_RECOVERY,1,1,27.4,-1.072,-1.103,-1.095,1.125,1.101,1.118,-26.461,-30.057,-35.858,-33.606,-30.024,-24.094,-3.577,-3.573,-5.058,-6.775,-6.784,-5.068
0.0,0.0,0.0,3.5866,9.5116,8.0966,5.2331,3.5296,5.9964,5.244,3.8655,6.5276,3.5761,6.4571,11.9791,3.571,9.6647,6.1849,0,,0.0,FORMATION_RECOVERY|FORMATION_RECOVERY|FORMATION_RECOVERY|FORMATION_RECOVERY|FORMATION_RECOVERY|FORMATION_RECOVERY,1,1,27.5,-1.042,-1.074,-1.066,1.095,1.072,1.087,-26.471,-30.058,-35.867,-33.595,-30.024,-24.083,-3.577,-3.571,-5.058,-6.778,-6.786,-5.067
0.0,0.0,0.0,3.5764,9.51,8.0615,5.2028,3.5073,6.0052,5.2137,3.8369,6.5187,3.5551,6.4477,11.9882,3.5598,9.664,6.1953,0,,0.0,FORMATION_RECOVERY|FORMATION_RECOVERY|FORMATION_RECOVERY|FORMATION_RECOVERY|FORMATION_RECOVERY|FORMATION_RECOVERY,1,1,27.6,-1.011,-1.045,-1.036,1.064,1.042,1.056,-26.482,-30.059,-35.876,-33.583,-30.024,-24.072,-3.577,-3.569,-5.058,-6.78,-6.789,-5.067
0.0,0.0,0.0,3.5658,9.5084,8.0257,5.1725,3.486,6.0142,5.1828,3.8088,6.5097,3.5354,6.4394,11.9973,3.5483,9.6621,6.2049,0,,0.0,FORMATION_RECOVERY|FORMATION_RECOVERY|FORMATION_RECOVERY|FORMATION_RECOVERY|FORMATION_RECOVERY|FORMATION_RECOVERY,1,1,27.7,-0.981,-1.016,-1.007,1.034,1.013,1.025,-26.494,-30.06,-35.886,-33.571,-30.023,-24.062,-3.577,-3.568,-5.058,-6.782,-6.791,-5.066
0.0,0.0,0.0,3.5553,9.5073,7.9898,5.1423,3.4657,6.0237,5.1521,3.7811,6.5012,3.5171,6.4326,12.007,3.537,9.6595,6.2137,0,,0.0,FORMATION_RECOVERY|FORMATION_RECOVERY|FORMATION_RECOVERY|FORMATION_RECOVERY|FORMATION_RECOVERY|FORMATION_RECOVERY,1,1,27.8,-0.95,-0.987,-0.977,1.003,0.983,0.994,-26.505,-30.061,-35.897,-33.558,-30.021,-24.053,-3.578,-3.567,-5.058,-6.784,-6.794,-5.066
0.0,0.0,0.0,3.5452,9.5067,7.9547,5.1121,3.4467,6.0333,5.1218,3.7535,6.4936,3.5002,6.4267,12.0175,3.5262,9.6571,6.2221,0,,0.0,FORMATION_RECOVERY|FORMATION_RECOVERY|FORMATION_RECOVERY|FORMATION_RECOVERY|FORMATION_RECOVERY|FORMATION_RECOVERY,1,1,27.9,-0.919,-0.958,-0.947,0.973,0.953,0.964,-26.517,-30.062,-35.908,-33.546,-30.02,-24.043,-3.578,-3.566,-5.058,-6.786,-6.796,-5.066
0.0,0.0,0.0,3.5353,9.5062,7.9201,5.082,3.4287,6.0424,5.0918,3.7257,6.4867,3.4844,6.4214,12.0283,3.5157,9.6548,6.23,0,,0.0,FORMATION_RECOVERY|FORMATION_RECOVERY|FORMATION_RECOVERY|FORMATION_RECOVERY|FORMATION_RECOVERY|FORMATION_RECOVERY,1,1,28.0,-0.888,-0.928,-0.917,0.943,0.923,0.933,-26.528,-30.063,-35.918,-33.533,-30.018,-24.033,-3.577,-3.565,-5.058,-6.788,-6.798,-5.066
0.0,0.0,0.0,3.5261,9.5059,7.887,5.0526,3.4114,6.0513,5.0627,3.6981,6.4802,3.4694,6.4164,12.039,3.5059,9.6528,6.2375,0,,0.0,FORMATION_RECOVERY|FORMATION_RECOVERY|FORMATION_RECOVERY|FORMATION_RECOVERY|FORMATION_RECOVERY|FORMATION_RECOVERY,1,1,28.1,-0.857,-0.898,-0.888,0.913,0.893,0.902,-26.539,-30.065,-35.929,-33.521,-30.016,-24.024,-3.577,-3.564,-5.058,-6.79,-6.799,-5.066
0.0,0.0,0.0,3.5178,9.5062,7.8557,5.024,3.3944,6.0598,5.0345,3.6709,6.4737,3.4547,6.4118,12.0492,3.4971,9.6511,6.2442,0,,0.0,FORMATION_RECOVERY|FORMATION_RECOVERY|FORMATION_RECOVERY|FORMATION_RECOVERY|FORMATION_RECOVERY|FORMATION_RECOVERY,1,1,28.2,-0.827,-0.869,-0.858,0.883,0.863,0.871,-26.55,-30.067,-35.94,-33.511,-30.014,-24.015,-3.577,-3.564,-5.058,-6.791,-6.8,-5.066
0.0,0.0,0.0,3.51,9.5053,7.8262,4.9962,3.3768,6.0665,5.0073,3.6438,6.4662,3.4388,6.4062,12.0562,3.4895,9.6487,6.2491,0,,0.0,FORMATION_RECOVERY|FORMATION_RECOVERY|FORMATION_RECOVERY|FORMATION_RECOVERY|FORMATION_RECOVERY|FORMATION_RECOVERY,1,1,28.3,-0.796,-0.839,-0.828,0.853,0.833,0.841,-26.559,-30.069,-35.948,-33.501,-30.011,-24.008,-3.577,-3.564,-5.058,-6.793,-6.801,-5.066
0.0,0.0,0.0,3.5029,9.5046,7.799,4.9692,3.3581,6.0726,4.9813,3.6168,6.457,3.4225,6.4006,12.061,3.4834,9.6457,6.2519,0,,0.0,FORMATION_RECOVERY|FORMATION_RECOVERY|FORMATION_RECOVERY|FORMATION_RECOVERY|FORMATION_RECOVERY|FORMATION_RECOVERY,1,1,28.4,-0.766,-0.81,-0.797,0.824,0.802,0.81,-26.568,-30.071,-35.956,-33.492,-30.009,-24.003,-3.577,-3.564,-5.058,-6.795,-6.801,-5.065
0.0,0.0,0.0,3.4966,9.5035,7.7737,4.9437,3.3396,6.0772,4.956,3.5899,6.4479,3.406,6.3942,12.0645,3.4777,9.643,6.2545,0,,0.0,FORMATION_RECOVERY|FORMATION_RECOVERY|FORMATION_RECOVERY|FORMATION_RECOVERY|FORMATION_RECOVERY|FORMATION_RECOVERY,1,1,28.5,-0.735,-0.78,-0.767,0.794,0.772,0.78,-26.576,-30.072,-35.963,-33.484,-30.007,-23.998,-3.577,-3.565,-5.058,-6.797,-6.802,-5.065
0.0,0.0,0.0,3.491,9.5014,7.7506,4.9195,3.3221,6.0802,4.932,3.5636,6.4397,3.3887,6.3868,12.067,3.473,9.6417,6.2575,0,,0.0,FORMATION_RECOVERY|FORMATION_RECOVERY|FORMATION_RECOVERY|FORMATION_RECOVERY|FORMATION_RECOVERY|FORMATION_RECOVERY,1,1,28.6,-0.705,-0.751,-0.736,0.764,0.742,0.749,-26.583,-30.074,-35.968,-33.477,-30.004,-23.993,-3.576,-3.567,-5.059,-6.799,-6.802,-5.064
0.0,0.0,0.0,3.4867,9.5005,7.7296,4.8963,3.3052,6.0831,4.9093,3.5379,6.4324,3.372,6.3804,12.07,3.4696,9.6414,6.2601,0,,0.0,FORMATION_RECOVERY|FORMATION_RECOVERY|FORMATION_RECOVERY|FORMATION_RECOVERY|FORMATION_RECOVERY|FORMATION_RECOVERY,1,1,28.7,-0.675,-0.722,-0.706,0.734,0.713,0.719,-26.589,-30.076,-35.973,-33.471,-30.002,-23.988,-3.576,-3.568,-5.059,-6.801,-6.802,-5.063
0.0,0.0,0.0,3.4836,9.5016,7.7109,4.8744,3.2879,6.0868,4.8877,3.5135,6.4251,3.356,6.3757,12.0734,3.4674,9.641,6.2615,0,,0.0,FORMATION_RECOVERY|FORMATION_RECOVERY|FORMATION_RECOVERY|FORMATION_RECOVERY|FORMATION_RECOVERY|FORMATION_RECOVERY,1,1,28.8,-0.644,-0.693,-0.675,0.704,0.683,0.689,-26.595,-30.078,-35.979,-33.466,-29.998,-23.983,-3.575,-3.57,-5.06,-6.804,-6.802,-5.063
0.0,0.0,0.0,3.4814,9.5041,7.6945,4.854,3.2713,6.0911,4.8678,3.4903,6.4188,3.3404,6.3721,12.078,3.4664,9.6422,6.2632,0,,0.0,FORMATION_RECOVERY|FORMATION_RECOVERY|FORMATION_RECOVERY|FORMATION_RECOVERY|FORMATION_RECOVERY|FORMATION_RECOVERY,1,1,28.9,-0.614,-0.665,-0.645,0.674,0.653,0.659,-26.599,-30.08,-35.986,-33.462,-29.996,-23.979,-3.574,-3.571,-5.06,-6.806,-6.802,-5.062
0.0,0.0,0.0,3.48,9.5066,7.6799,4.8348,3.2546,6.0947,4.8492,3.4682,6.4125,3.3244,6.3682,12.0815,3.4662,9.6437,6.2646,0,,0.0,FORMATION_RECOVERY|FORMATION_RECOVERY|FORMATION_RECOVERY|FORMATION_RECOVERY|FORMATION_RECOVERY|FORMATION_RECOVERY,1,1,29.0,-0.584,-0.635,-0.613,0.644,0.624,0.629,-26.603,-30.082,-35.992,-33.459,-29.993,-23.975,-3.574,-3.572,-5.061,-6.808,-6.802,-5.062
0.0,0.0,0.0,3.4793,9.5085,7.6666,4.817,3.2386,6.097,4.8312,3.4468,6.4069,3.3081,6.3632,12.084,3.4659,9.6454,6.2663,0,,0.0,FORMATION_RECOVERY|FORMATION_RECOVERY|FORMATION_RECOVERY|FORMATION_RECOVERY|FORMATION_RECOVERY|FORMATION_RECOVERY,1,1,29.1,-0.554,-0.606,-0.582,0.615,0.595,0.599,-26.606,-30.085,-35.997,-33.457,-29.991,-23.971,-3.573,-3.572,-5.061,-6.809,-6.802,-5.062
0.0,0.0,0.0,3.4792,9.5114,7.6547,4.8004,3.2235,6.0997,4.8141,3.4261,6.4021,3.2924,6.3588,12.0876,3.466,9.648,6.2686,0,,0.0,FORMATION_RECOVERY|FORMATION_RECOVERY|FORMATION_RECOVERY|FORMATION_RECOVERY|FORMATION_RECOVERY|FORMATION_RECOVERY,1,1,29.2,-0.524,-0.576,-0.55,0.586,0.565,0.57,-26.608,-30.087,-36.003,-33.455,-29.989,-23.967,-3.572,-3.573,-5.061,-6.811,-6.802,-5.061
0.0,0.0,0.0,3.4797,9.5176,7.6441,4.7853,3.2095,6.1048,4.798,3.4062,6.3984,3.2835,6.3594,12.0957,3.4659,9.6515,6.2718,0,,0.0,FORMATION_RECOVERY|FORMATION_RECOVERY|SEPARATION_WARNING|FORMATION_RECOVERY|FORMATION_RECOVERY|FORMATION_RECOVERY,1,1,29.3,-0.494,-0.547,-0.523,0.556,0.536,0.54,-26.61,-30.09,-36.011,-33.454,-29.988,-23.962,-3.572,-3.573,-5.058,-6.812,-6.802,-5.061
0.0,0.0,0.0,3.4807,9.525,7.6347,4.7713,3.196,6.1104,4.7829,3.3875,6.3954,3.2798,6.3631,12.1061,3.466,9.6558,6.2758,0,,0.0,FORMATION_RECOVERY|FORMATION_RECOVERY|SEPARATION_WARNING|FORMATION_RECOVERY|FORMATION_RECOVERY|FORMATION_RECOVERY,1,1,29.4,-0.465,-0.517,-0.504,0.526,0.506,0.511,-26.611,-30.092,-36.021,-33.453,-29.987,-23.957,-3.572,-3.574,-5.052,-6.813,-6.801,-5.061
0.0,0.0,0.0,3.4824,9.5349,7.6248,4.7583,3.1882,6.1175,4.7693,3.3699,6.3973,3.2887,6.3712,12.1228,3.4622,9.6591,6.2817,0,,0.0,FORMATION_RECOVERY|FORMATION_RECOVERY|SEPARATION_WARNING|SEPARATION_WARNING|FORMATION_RECOVERY|SEPARATION_WARNING,1,1,29.5,-0.435,-0.487,-0.491,0.502,0.477,0.487,-26.612,-30.094,-36.032,-33.448,-29.986,-23.949,-3.572,-3.574,-5.043,-6.817,-6.801,-5.064
0.0,0.0,0.0,3.4805,9.5447,7.6126,4.7472,3.1946,6.1272,4.7572,3.3532,6.4054,3.3125,6.3842,12.1478,3.4531,9.6613,6.2904,0,,0.0,SEPARATION_WARNING|FORMATION_RECOVERY|SEPARATION_WARNING|SEPARATION_WARNING|FORMATION_RECOVERY|SEPARATION_WARNING,1,1,29.6,-0.409,-0.458,-0.481,0.485,0.448,0.469,-26.615,-30.096,-36.047,-33.438,-29.985,-23.937,-3.569,-3.574,-5.029,-6.826,-6.801,-5.072
0.0,0.0,0.0,3.4737,9.5507,7.6012,4.7382,3.2157,6.137,4.7484,3.3376,6.4186,3.3412,6.3984,12.177,3.4441,9.6665,6.3012,0,,0.0,SEPARATION_WARNING|FORMATION_RECOVERY|SEPARATION_WARNING|SEPARATION_WARNING|FORMATION_RECOVERY|SEPARATION_WARNING,1,1,29.7,-0.391,-0.428,-0.476,0.472,0.419,0.457,-26.624,-30.097,-36.063,-33.428,-29.984,-23.922,-3.56,-3.574,-5.015,-6.837,-6.801,-5.083
0.0,0.0,0.0,3.4628,9.5523,7.5919,4.73,3.2491,6.1461,4.7433,3.3226,6.4357,3.3698,6.4129,12.2083,3.4386,9.6762,6.3129,0,,0.0,SEPARATION_WARNING|FORMATION_RECOVERY|SEPARATION_WARNING|SEPARATION_WARNING|FORMATION_RECOVERY|SEPARATION_WARNING,1,1,29.8,-0.377,-0.397,-0.473,0.463,0.39,0.449,-26.636,-30.099,-36.077,-33.42,-29.982,-23.903,-3.547,-3.575,-5.0,-6.85,-6.801,-5.099
0.0,0.0,0.0,3.4491,9.5506,7.5846,4.7229,3.292,6.1544,4.7412,3.3089,6.4562,3.3984,6.4274,12.2412,3.4357,9.6892,6.3253,0,,0.0,SEPARATION_WARNING|FORMATION_RECOVERY|SEPARATION_WARNING|SEPARATION_WARNING|FORMATION_RECOVERY|SEPARATION_WARNING,1,1,29.9,-0.368,-0.367,-0.472,0.456,0.36,0.444,-26.651,-30.1,-36.09,-33.414,-29.98,-23.883,-3.53,-3.575,-4.985,-6.864,-6.8,-5.117
0.0,0.0,0.0,3.4333,9.5472,7.5788,4.7171,3.3426,6.1633,4.7414,3.2964,6.4793,3.4267,6.4423,12.2759,3.4345,9.7044,6.3384,0,,0.0,SEPARATION_WARNING|FORMATION_RECOVERY|SEPARATION_WARNING|SEPARATION_WARNING|FORMATION_RECOVERY|SEPARATION_WARNING,1,1,30.0,-0.362,-0.337,-0.469,0.452,0.331,0.442,-26.669,-30.101,-36.103,-33.409,-29.978,-23.862,-3.51,-3.574,-4.971,-6.878,-6.8,-5.138
0.0,0.0,0.0,3.4179,9.5447,7.5746,4.7116,3.3927,6.1734,4.7435,3.2853,6.5018,3.4549,6.4576,12.3102,3.4344,9.7196,6.3507,0,,0.0,SEPARATION_WARNING|FORMATION_RECOVERY|SEPARATION_WARNING|SEPARATION_WARNING|FORMATION_RECOVERY|SEPARATION_WARNING,1,1,30.1,-0.357,-0.307,-0.464,0.45,0.302,0.441,-26.686,-30.103,-36.117,-33.405,-29.975,-23.842,-3.491,-3.574,-4.958,-6.894,-6.8,-5.159
0.0,0.0,0.0,3.4042,9.544,7.5721,4.7059,3.4382,6.1842,4.7474,3.2757,6.5225,3.4828,6.4736,12.3436,3.436,9.7348,6.3622,0,,0.0,SEPARATION_WARNING|FORMATION_RECOVERY|SEPARATION_WARNING|SEPARATION_WARNING|FORMATION_RECOVERY|SEPARATION_WARNING,1,1,30.2,-0.352,-0.277,-0.456,0.449,0.273,0.442,-26.702,-30.104,-36.131,-33.402,-29.972,-23.823,-3.474,-3.573,-4.945,-6.91,-6.8,-5.177
0.0,0.0,0.0,3.3953,9.5482,7.574,4.7028,3.4773,6.1956,4.7525,3.2674,6.5422,3.5107,6.4902,12.3766,3.4385,9.7501,6.3736,0,,0.0,SEPARATION_WARNING|FORMATION_RECOVERY|SEPARATION_WARNING|SEPARATION_WARNING|FORMATION_RECOVERY|SEPARATION_WARNING,1,1,30.3,-0.346,-0.247,-0.447,0.449,0.244,0.442,-26.714,-30.106,-36.147,-33.4,-29.969,-23.805,-3.457,-3.572,-4.932,-6.926,-6.799,-5.192
0.0,0.0,0.0,3.3917,9.5578,7.5809,4.7034,3.5099,6.2073,4.7584,3.2606,6.5607,3.5385,6.5074,12.4088,3.4421,9.7654,6.3847,0,,0.0,SEPARATION_WARNING|FORMATION_RECOVERY|SEPARATION_WARNING|SEPARATION_WARNING|FORMATION_RECOVERY|SEPARATION_WARNING,1,1,30.4,-0.337,-0.218,-0.436,0.449,0.215,0.441,-26.721,-30.108,-36.163,-33.397,-29.966,-23.788,-3.44,-3.571,-4.921,-6.944,-6.799,-5.205
0.0,0.0,0.0,3.3905,9.5697,7.591,4.7064,3.5395,6.2195,4.7656,3.2552,6.578,3.5655,6.5248,12.4403,3.4469,9.7812,6.3958,0,,0.0,SEPARATION_WARNING|FORMATION_RECOVERY|SEPARATION_WARNING|SEPARATION_WARNING|FORMATION_RECOVERY|SEPARATION_WARNING,1,1,30.5,-0.33,-0.188,-0.424,0.45,0.186,0.441,-26.725,-30.11,-36.179,-33.396,-29.963,-23.772,-3.423,-3.569,-4.91,-6.961,-6.8,-5.215
0.0,0.0,0.0,3.3902,9.5828,7.6028,4.7109,3.5678,6.2324,4.7738,3.2513,6.5944,3.5924,6.5422,12.4716,3.4521,9.7973,6.4076,0,,0.0,SEPARATION_WARNING|FORMATION_RECOVERY|SEPARATION_WARNING|SEPARATION_WARNING|FORMATION_RECOVERY|SEPARATION_WARNING,1,1,30.6,-0.326,-0.157,-0.41,0.452,0.156,0.44,-26.73,-30.112,-36.195,-33.395,-29.961,-23.756,-3.406,-3.567,-4.899,-6.978,-6.8,-5.223
0.0,0.0,0.0,3.391,9.5926,7.6159,4.7168,3.5949,6.2414,4.7826,3.2486,6.6102,3.6135,6.5546,12.4979,3.4578,9.8138,6.4199,0,,0.0,SEPARATION_WARNING|FORMATION_RECOVERY|FORMATION_RECOVERY|SEPARATION_WARNING|FORMATION_RECOVERY|SEPARATION_WARNING,1,1,30.7,-0.324,-0.127,-0.392,0.455,0.126,0.44,-26.733,-30.113,-36.207,-33.395,-29.958,-23.741,-3.388,-3.565,-4.891,-6.996,-6.8,-5.229
0.0,0.0,0.0,3.3923,9.5975,7.6296,4.7233,3.6164,6.2455,4.7916,3.2467,6.6212,3.6271,6.5603,12.5139,3.4637,9.8271,6.4294,0,,0.0,SEPARATION_WARNING|FORMATION_RECOVERY|FORMATION_RECOVERY|SEPARATION_WARNING|FORMATION_RECOVERY|FORMATION_RECOVERY,1,1,30.8,-0.324,-0.096,-0.368,0.457,0.096,0.433,-26.736,-30.115,-36.213,-33.394,-29.956,-23.73,-3.37,-3.564,-4.885,-7.014,-6.801,-5.233
0.0,0.0,0.0,3.3943,9.5982,7.6438,4.7307,3.6309,6.2449,4.8006,3.2457,6.6264,3.6342,6.5602,12.5191,3.4697,9.8363,6.4347,0,,0.0,SEPARATION_WARNING|FORMATION_RECOVERY|FORMATION_RECOVERY|SEPARATION_WARNING|FORMATION_RECOVERY|FORMATION_RECOVERY,1,1,30.9,-0.324,-0.065,-0.338,0.459,0.066,0.417,-26.739,-30.117,-36.214,-33.393,-29.954,-23.723,-3.353,-3.562,-4.883,-7.031,-6.801,-5.234
0.0,0.0,0.0,3.3975,9.5956,7.6606,4.7385,3.6392,6.2401,4.8104,3.2456,6.627,3.632,6.5557,12.5153,3.4791,9.8448,6.4359,0,,0.0,SEPARATION_WARNING|FORMATION_RECOVERY|FORMATION_RECOVERY|SEPARATION_WARNING|FORMATION_RECOVERY|FORMATION_RECOVERY,1,1,31.0,-0.325,-0.035,-0.305,0.459,0.036,0.395,-26.741,-30.119,-36.211,-33.396,-29.952,-23.72,-3.335,-3.561,-4.883,-7.047,-6.801,-5.233
0.0,0.0,0.0,3.4012,9.5909,7.6802,4.7467,3.6425,6.2329,4.8215,3.2462,6.6235,3.6206,6.5481,12.5046,3.4927,9.8544,6.434,0,,0.0,SEPARATION_WARNING|FORMATION_RECOVERY|FORMATION_RECOVERY|SEPARATION_WARNING|FORMATION_RECOVERY|FORMATION_RECOVERY,1,1,31.1,-0.327,-0.004,-0.269,0.456,0.006,0.367,-26.743,-30.12,-36.205,-33.404,-29.95,-23.722,-3.318,-3.56,-4.884,-7.061,-6.802,-5.229
0.0,0.0,0.0,3.4066,9.5858,7.7027,4.7558,3.64,6.2238,4.8335,3.2474,6.617,3.6019,6.538,12.4888,3.5092,9.8649,6.4299,0,,0.0,SEPARATION_WARNING|FORMATION_RECOVERY|FORMATION_RECOVERY|SEPARATION_WARNING|FORMATION_RECOVERY|FORMATION_RECOVERY,1,1,31.2,-0.328,0.027,-0.23,0.451,-0.024,0.333,-26.744,-30.122,-36.197,-33.415,-29.949,-23.725,-3.301,-3.559,-4.888,-7.072,-6.802,-5.225
0.0,0.0,0.0,3.4139,9.5825,7.7279,4.7659,3.6323,6.2146,4.8464,3.2495,6.6086,3.5784,6.5272,12.4706,3.5281,9.8764,6.4244,0,,0.0,SEPARATION_WARNING|FORMATION_RECOVERY|FORMATION_RECOVERY|SEPARATION_WARNING|FORMATION_RECOVERY|FORMATION_RECOVERY,1,1,31.3,-0.327,0.058,-0.189,0.444,-0.054,0.296,-26.743,-30.124,-36.189,-33.429,-29.948,-23.732,-3.285,-3.559,-4.893,-7.082,-6.802,-5.219
0.0,0.0,0.0,3.4222,9.5813,7.7553,4.7767,3.6203,6.2064,4.8607,3.2528,6.5983,3.5514,6.5166,12.4512,3.549,9.8889,6.4177,0,,0.0,SEPARATION_WARNING|FORMATION_RECOVERY|FORMATION_RECOVERY|SEPARATION_WARNING|FORMATION_RECOVERY|FORMATION_RECOVERY,1,1,31.4,-0.324,0.088,-0.147,0.437,-0.084,0.255,-26.74,-30.125,-36.18,-33.446,-29.948,-23.739,-3.271,-3.559,-4.9,-7.091,-6.802,-5.211
0.0,0.0,0.0,3.431,9.5821,7.7829,4.788,3.6055,6.1997,4.8753,3.2574,6.587,3.5234,6.507,12.432,3.5702,9.9012,6.4107,0,,0.0,SEPARATION_WARNING|FORMATION_RECOVERY|FORMATION_RECOVERY|SEPARATION_WARNING|FORMATION_RECOVERY|FORMATION_RECOVERY,1,1,31.5,-0.321,0.118,-0.103,0.429,-0.113,0.212,-26.736,-30.126,-36.172,-33.464,-29.948,-23.748,-3.257,-3.558,-4.908,-7.097,-6.802,-5.203
0.0,0.0,0.0,3.4408,9.5851,7.8099,4.7997,3.5879,6.1941,4.8888,3.2628,6.5745,3.4959,6.4985,12.4125,3.5907,9.9115,6.4023,0,,0.0,SEPARATION_WARNING|FORMATION_RECOVERY|FORMATION_RECOVERY|SEPARATION_WARNING|FORMATION_RECOVERY|FORMATION_RECOVERY,1,1,31.6,-0.316,0.149,-0.059,0.421,-0.143,0.168,-26.731,-30.126,-36.166,-33.481,-29.948,-23.758,-3.244,-3.558,-4.916,-7.103,-6.803,-5.194
0.0,0.0,0.0,3.4513,9.589,7.8311,4.812,3.5685,6.1889,4.8971,3.2688,6.5615,3.4726,6.4903,12.3927,3.6044,9.9146,6.3936,0,,0.0,SEPARATION_WARNING|FORMATION_RECOVERY|FORMATION_RECOVERY|SEPARATION_WARNING|FORMATION_RECOVERY|FORMATION_RECOVERY,1,1,31.7,-0.31,0.179,-0.015,0.413,-0.172,0.123,-26.725,-30.126,-36.159,-33.492,-29.949,-23.77,-3.232,-3.558,-4.925,-7.107,-6.803,-5.185
0.0,0.0,0.0,3.4617,9.5939,7.8447,4.825,3.5485,6.1846,4.8992,3.2755,6.5481,3.4554,6.4828,12.3734,3.6098,9.9093,6.3851,0,,0.0,SEPARATION_WARNING|FORMATION_RECOVERY|FORMATION_RECOVERY|SEPARATION_WARNING|FORMATION_RECOVERY|FORMATION_RECOVERY,1,1,31.8,-0.304,0.209,0.029,0.404,-0.202,0.077,-26.719,-30.126,-36.153,-33.495,-29.95,-23.782,-3.221,-3.558,-4.933,-7.109,-6.803,-5.176
0.0,0.0,0.0,3.4719,9.5997,7.8519,4.8384,3.5281,6.1815,4.8963,3.2834,6.5345,3.4435,6.4767,12.3549,3.6085,9.8969,6.3763,0,,0.0,SEPARATION_WARNING|FORMATION_RECOVERY|FORMATION_RECOVERY|SEPARATION_WARNING|FORMATION_RECOVERY|FORMATION_RECOVERY,1,1,31.9,-0.297,0.239,0.072,0.395,-0.232,0.03,-26.713,-30.125,-36.148,-33.492,-29.952,-23.795,-3.21,-3.559,-4.942,-7.11,-6.804,-5.166
0.0,0.0,0.0,3.482,9.6056,7.8541,4.8522,3.5076,6.1786,4.8897,3.2923,6.5208,3.4353,6.4705,12.3359,3.6017,9.8787,6.3672,0,,0.0,SEPARATION_WARNING|FORMATION_RECOVERY|FORMATION_RECOVERY|SEPARATION_WARNING|FORMATION_RECOVERY|FORMATION_RECOVERY,1,1,32.0,-0.29,0.269,0.114,0.385,-0.262,-0.016,-26.706,-30.124,-36.142,-33.484,-29.954,-23.809,-3.2,-3.559,-4.95,-7.11,-6.804,-5.157
0.0,0.0,0.0,3.492,9.6117,7.8521,4.8663,3.4876,6.176,4.88,3.3022,6.5076,3.4306,6.4648,12.3174,3.5904,9.8559,6.3582,0,,0.0,SEPARATION_WARNING|FORMATION_RECOVERY|FORMATION_RECOVERY|SEPARATION_WARNING|FORMATION_RECOVERY|FORMATION_RECOVERY,1,1,32.1,-0.282,0.298,0.156,0.375,-0.292,-0.062,-26.699,-30.123,-36.137,-33.472,-29.957,-23.823,-3.19,-3.56,-4.959,-7.109,-6.805,-5.149
0.0,0.0,0.0,3.5019,9.6173,7.8469,4.8806,3.4677,6.1729,4.8681,3.3131,6.4944,3.4284,6.4594,12.2981,3.576,9.8292,6.3483,0,,0.0,SEPARATION_WARNING|FORMATION_RECOVERY|FORMATION_RECOVERY|SEPARATION_WARNING|FORMATION_RECOVERY|FORMATION_RECOVERY,1,1,32.2,-0.273,0.328,0.198,0.364,-0.322,-0.108,-26.692,-30.121,-36.13,-33.456,-29.96,-23.837,-3.18,-3.561,-4.968,-7.107,-6.805,-5.141
0.0,0.0,0.0,3.5116,9.6229,7.8393,4.8952,3.4481,6.17,4.8544,3.3249,6.4812,3.4287,6.4547,12.2789,3.5592,9.7994,6.338,0,,0.0,SEPARATION_WARNING|FORMATION_RECOVERY|FORMATION_RECOVERY|SEPARATION_WARNING|FORMATION_RECOVERY|FORMATION_RECOVERY,1,1,32.3,-0.264,0.357,0.239,0.354,-0.352,-0.153,-26.685,-30.119,-36.123,-33.438,-29.962,-23.852,-3.171,-3.561,-4.976,-7.104,-6.806,-5.133
0.0,0.0,0.0,3.5214,9.6288,7.8298,4.9103,3.4288,6.1674,4.8392,3.3373,6.4681,3.4315,6.4506,12.2597,3.5401,9.767,6.3275,0,,0.0,SEPARATION_WARNING|FORMATION_RECOVERY|FORMATION_RECOVERY|SEPARATION_WARNING|FORMATION_RECOVERY|FORMATION_RECOVERY,1,1,32.4,-0.255,0.386,0.28,0.343,-0.382,-0.198,-26.677,-30.116,-36.117,-33.417,-29.964,-23.867,-3.162,-3.562,-4.983,-7.101,-6.807,-5.126
0.0,0.0,0.0,3.5282,9.6313,7.8152,4.9225,3.4122,6.1645,4.8228,3.3509,6.4555,3.4366,6.4478,12.2406,3.5199,9.7324,6.3161,0,,0.0,SEPARATION_WARNING|FORMATION_RECOVERY|FORMATION_RECOVERY|SEPARATION_WARNING|FORMATION_RECOVERY|FORMATION_RECOVERY,1,1,32.5,-0.247,0.415,0.319,0.333,-0.411,-0.242,-26.672,-30.114,-36.11,-33.395,-29.967,-23.883,-3.154,-3.564,-4.991,-7.097,-6.808,-5.119
0.0,0.0,0.0,3.5309,9.6276,7.8012,4.9302,3.399,6.1598,4.8105,3.3651,6.4434,3.4372,6.4451,12.2201,3.5061,9.7032,6.3036,0,,0.0,SEPARATION_WARNING|FORMATION_RECOVERY|FORMATION_RECOVERY|SEPARATION_WARNING|FORMATION_RECOVERY|FORMATION_RECOVERY,1,1,32.6,-0.239,0.444,0.359,0.322,-0.441,-0.286,-26.672,-30.111,-36.102,-33.378,-29.968,-23.899,-3.147,-3.565,-4.998,-7.094,-6.809,-5.112
0.0,0.0,0.0,3.5308,9.6178,7.7911,4.9341,3.3885,6.152,4.8039,3.3791,6.4319,3.4308,6.4416,12.1973,3.5012,9.6818,6.2899,0,,0.0,SEPARATION_WARNING|FORMATION_RECOVERY|FORMATION_RECOVERY|SEPARATION_WARNING|FORMATION_RECOVERY|FORMATION_RECOVERY,1,1,32.7,-0.231,0.474,0.397,0.31,-0.471,-0.328,-26.676,-30.109,-36.091,-33.37,-29.969,-23.916,-3.143,-3.568,-5.004,-7.092,-6.809,-5.106
0.0,0.0,0.0,3.5284,9.6045,7.7791,4.935,3.3801,6.1431,4.7975,3.3929,6.4205,3.4241,6.4384,12.1737,3.4979,9.6609,6.2752,0,,0.0,SEPARATION_WARNING|FORMATION_RECOVERY|FORMATION_RECOVERY|SEPARATION_WARNING|FORMATION_RECOVERY|FORMATION_RECOVERY,1,1,32.8,-0.224,0.503,0.435,0.299,-0.501,-0.369,-26.682,-30.107,-36.08,-33.363,-29.969,-23.933,-3.139,-3.572,-5.009,-7.089,-6.809,-5.1
0.0,0.0,0.0,3.5242,9.5883,7.763,4.9338,3.3736,6.1335,4.789,3.4065,6.4093,3.4195,6.4359,12.1499,3.4933,9.6378,6.2599,0,,0.0,SEPARATION_WARNING|FORMATION_RECOVERY|FORMATION_RECOVERY|SEPARATION_WARNING|FORMATION_RECOVERY|FORMATION_RECOVERY,1,1,32.9,-0.218,0.533,0.472,0.288,-0.531,-0.409,-26.691,-30.106,-36.068,-33.354,-29.97,-23.95,-3.136,-3.577,-5.014,-7.087,-6.81,-5.095
0.0,0.0,0.0,3.5182,9.5697,7.7434,4.9304,3.369,6.1233,4.7789,3.4198,6.3986,3.4166,6.4343,12.1261,3.4881,9.6132,6.2441,0,,0.0,SEPARATION_WARNING|FORMATION_RECOVERY|FORMATION_RECOVERY|SEPARATION_WARNING|FORMATION_RECOVERY|FORMATION_RECOVERY,1,1,33.0,-0.212,0.563,0.509,0.278,-0.56,-0.448,-26.702,-30.104,-36.056,-33.344,-29.97,-23.968,-3.135,-3.583,-5.019,-7.084,-6.81,-5.09
0.0,0.0,0.0,3.5111,9.5477,7.7215,4.925,3.3656,6.1109,4.7674,3.4324,6.3878,3.4138,6.432,12.1004,3.4827,9.587,6.2268,0,,0.0,SEPARATION_WARNING|FORMATION_RECOVERY|FORMATION_RECOVERY|SEPARATION_WARNING|FORMATION_RECOVERY|FORMATION_RECOVERY,1,1,33.1,-0.206,0.593,0.545,0.269,-0.59,-0.486,-26.714,-30.102,-36.043,-33.333,-29.969,-23.987,-3.134,-3.59,-5.023,-7.081,-6.81,-5.086
0.0,0.0,0.0,3.5038,9.5229,7.7031,4.9179,3.3615,6.0959,4.7591,3.4439,6.3756,3.4066,6.4284,12.0708,3.4825,9.5636,6.2068,0,,0.0,SEPARATION_WARNING|FORMATION_RECOVERY|FORMATION_RECOVERY|SEPARATION_WARNING|FORMATION_RECOVERY|FORMATION_RECOVERY,1,1,33.2,-0.2,0.623,0.58,0.26,-0.619,-0.524,-26.727,-30.101,-36.027,-33.327,-29.968,-24.007,-3.133,-3.599,-5.026,-7.078,-6.808,-5.082
0.0,0.0,0.0,3.496,9.4949,7.6894,4.9092,3.3582,6.0783,4.7549,3.4539,6.3633,3.3939,6.4232,12.0388,3.4885,9.5458,6.1857,0,,0.0,SEPARATION_WARNING|FORMATION_RECOVERY|FORMATION_RECOVERY|SEPARATION_WARNING|FORMATION_RECOVERY|FORMATION_RECOVERY,1,1,33.3,-0.195,0.652,0.616,0.249,-0.649,-0.561,-26.741,-30.099,-36.009,-33.327,-29.967,-24.028,-3.133,-3.609,-5.029,-7.077,-6.805,-5.079
0.0,0.0,0.0,3.4884,9.4641,7.6748,4.899,3.3558,6.0581,4.7497,3.4629,6.3516,3.3808,6.4167,12.0048,3.4946,9.5273,6.1637,0,,0.0,SEPARATION_WARNING|FORMATION_RECOVERY|FORMATION_RECOVERY|SEPARATION_WARNING|FORMATION_RECOVERY|FORMATION_RECOVERY,1,1,33.4,-0.189,0.682,0.65,0.238,-0.679,-0.597,-26.755,-30.097,-35.989,-33.327,-29.966,-24.049,-3.134,-3.62,-5.032,-7.075,-6.802,-5.076
0.0,0.0,0.0,3.4809,9.4328,7.6568,4.8876,3.3539,6.0373,4.7415,3.4706,6.3399,3.3706,6.4105,11.9706,3.4981,9.5052,6.1407,0,,0.0,SEPARATION_WARNING|FORMATION_RECOVERY|FORMATION_RECOVERY|SEPARATION_WARNING|FORMATION_RECOVERY|FORMATION_RECOVERY,1,1,33.5,-0.184,0.712,0.684,0.228,-0.709,-0.633,-26.77,-30.096,-35.968,-33.323,-29.964,-24.071,-3.134,-3.633,-5.035,-7.073,-6.796,-5.074
0.0,0.0,0.0,3.4742,9.4015,7.6366,4.8754,3.3517,6.0157,4.7303,3.4771,6.3279,3.3633,6.405,11.9355,3.4998,9.4792,6.1157,0,,0.0,SEPARATION_WARNING|FORMATION_RECOVERY|FORMATION_RECOVERY|SEPARATION_WARNING|FORMATION_RECOVERY|FORMATION_RECOVERY,1,1,33.6,-0.179,0.743,0.717,0.219,-0.739,-0.669,-26.785,-30.095,-35.949,-33.317,-29.963,-24.094,-3.135,-3.647,-5.037,-7.071,-6.79,-5.072
0.0,0.0,0.0,3.4688,9.3702,7.6145,4.8624,3.3487,5.9932,4.7166,3.4826,6.3155,3.3584,6.3999,11.8992,3.4998,9.4495,6.0887,0,,0.0,SEPARATION_WARNING|FORMATION_RECOVERY|FORMATION_RECOVERY|SEPARATION_WARNING|FORMATION_RECOVERY|FORMATION_RECOVERY,1,1,33.7,-0.173,0.773,0.751,0.21,-0.77,-0.704,-26.8,-30.096,-35.929,-33.309,-29.962,-24.119,-3.136,-3.663,-5.038,-7.069,-6.782,-5.071
0.0,0.0,0.0,3.4642,9.3387,7.5909,4.8486,3.3461,5.9696,4.7008,3.4868,6.304,3.3549,6.3946,11.863,3.4983,9.4182,6.0616,0,,0.0,SEPARATION_WARNING|FORMATION_RECOVERY|FORMATION_RECOVERY|SEPARATION_WARNING|FORMATION_RECOVERY|FORMATION_RECOVERY,1,1,33.8,-0.168,0.804,0.784,0.202,-0.8,-0.738,-26.816,-30.096,-35.909,-33.3,-29.961,-24.144,-3.137,-3.68,-5.04,-7.067,-6.773,-5.069
0.0,0.0,0.0,3.4601,9.3067,7.5662,4.8341,3.3432,5.945,4.6834,3.4897,6.2918,3.3525,6.3887,11.8253,3.4958,9.3845,6.0329,0,,0.0,SEPARATION_WARNING|FORMATION_RECOVERY|FORMATION_RECOVERY|SEPARATION_WARNING|FORMATION_RECOVERY|FORMATION_RECOVERY,1,1,33.9,-0.162,0.834,0.817,0.194,-0.831,-0.772,-26.831,-30.097,-35.888,-33.289,-29.96,-24.17,-3.138,-3.698,-5.041,-7.065,-6.762,-5.068
0.0,0.0,0.0,3.4566,9.2746,7.5406,4.8189,3.3396,5.92,4.6646,3.4913,6.2786,3.3513,6.3827,11.7864,3.4924,9.3483,6.0025,0,,0.0,SEPARATION_WARNING|FORMATION_RECOVERY|FORMATION_RECOVERY|SEPARATION_WARNING|FORMATION_RECOVERY|FORMATION_RECOVERY,1,1,34.0,-0.156,0.864,0.85,0.186,-0.861,-0.806,-26.846,-30.098,-35.868,-33.277,-29.96,-24.198,-3.139,-3.717,-5.043,-7.062,-6.749,-5.067
0.0,0.0,0.0,3.4538,9.2431,7.5146,4.803,3.3366,5.895,4.6448,3.4919,6.2663,3.3515,6.3772,11.7484,3.4885,9.3116,5.9721,0,,0.0,SEPARATION_WARNING|FORMATION_RECOVERY|FORMATION_RECOVERY|SEPARATION_WARNING|FORMATION_RECOVERY|FORMATION_RECOVERY,1,1,34.1,-0.151,0.894,0.882,0.178,-0.892,-0.839,-26.861,-30.099,-35.847,-33.264,-29.96,-24.225,-3.14,-3.737,-5.044,-7.06,-6.735,-5.066
0.0,0.0,0.0,3.4515,9.2115,7.4882,4.7867,3.3347,5.8696,4.6241,3.4917,6.255,3.3523,6.3715,11.7111,3.4845,9.275,5.9418,0,,0.0,SEPARATION_WARNING|FORMATION_RECOVERY|FORMATION_RECOVERY|SEPARATION_WARNING|FORMATION_RECOVERY|FORMATION_RECOVERY,1,1,34.2,-0.145,0.924,0.915,0.171,-0.922,-0.872,-26.876,-30.099,-35.826,-33.251,-29.959,-24.252,-3.141,-3.759,-5.045,-7.058,-6.719,-5.066
0.0,0.0,0.0,3.4495,9.1791,7.4615,4.7694,3.3337,5.8432,4.6028,3.4909,6.2445,3.3534,6.3657,11.6737,3.4807,9.2382,5.9112,0,,0.0,SEPARATION_WARNING|FORMATION_RECOVERY|FORMATION_RECOVERY|SEPARATION_WARNING|FORMATION_RECOVERY|FORMATION_RECOVERY,1,1,34.3,-0.139,0.954,0.947,0.164,-0.953,-0.905,-26.891,-30.1,-35.804,-33.236,-29.959,-24.279,-3.142,-3.781,-5.046,-7.056,-6.702,-5.066
0.0,0.0,0.0,3.4491,9.1455,7.4343,4.7514,3.3327,5.8144,4.5801,3.4901,6.2352,3.3546,6.3595,11.635,3.4771,9.2005,5.8796,0,,0.0,SEPARATION_WARNING|FORMATION_RECOVERY|FORMATION_RECOVERY|SEPARATION_WARNING|FORMATION_RECOVERY|FORMATION_RECOVERY,1,1,34.4,-0.133,0.984,0.98,0.158,-0.983,-0.938,-26.906,-30.101,-35.781,-33.222,-29.958,-24.306,-3.143,-3.804,-5.047,-7.053,-6.684,-5.066
0.0,0.0,0.0,3.4508,9.1111,7.4067,4.7327,3.3325,5.7829,4.5559,3.4897,6.2283,3.356,6.3532,11.5959,3.4738,9.1625,5.8473,0,,0.0,SEPARATION_WARNING|FORMATION_RECOVERY|FORMATION_RECOVERY|SEPARATION_WARNING|FORMATION_RECOVERY|FORMATION_RECOVERY,1,1,34.5,-0.127,1.014,1.012,0.151,-1.013,-0.97,-26.921,-30.105,-35.758,-33.207,-29.957,-24.332,-3.143,-3.828,-5.047,-7.051,-6.664,-5.066
0.0,0.0,0.0,3.4542,9.076,7.379,4.7135,3.3334,5.7494,4.5307,3.4898,6.2238,3.3576,6.3472,11.5571,3.4712,9.125,5.8151,0,,0.0,SEPARATION_WARNING|FORMATION_RECOVERY|FORMATION_RECOVERY|SEPARATION_WARNING|FORMATION_RECOVERY|FORMATION_RECOVERY,1,1,34.6,-0.121,1.045,1.044,0.145,-1.044,-1.002,-26.935,-30.109,-35.733,-33.191,-29.955,-24.358,-3.144,-3.852,-5.048,-7.049,-6.644,-5.066
0.0,0.0,0.0,3.459,9.0405,7.3513,4.6941,3.3338,5.7143,4.5047,3.4907,6.2196,3.3593,6.3413,11.5169,3.469,9.0861,5.7814,0,,0.0,SEPARATION_WARNING|FORMATION_RECOVERY|FORMATION_RECOVERY|SEPARATION_WARNING|FORMATION_RECOVERY|FORMATION_RECOVERY,1,1,34.7,-0.115,1.075,1.076,0.139,-1.075,-1.034,-26.95,-30.115,-35.708,-33.175,-29.954,-24.386,-3.145,-3.877,-5.048,-7.047,-6.622,-5.067
0.0,0.0,0.0,3.4654,9.0052,7.3237,4.6748,3.3334,5.6781,4.4776,3.4921,6.2153,3.3614,6.3361,11.4753,3.4673,9.0455,5.7458,0,,0.0,SEPARATION_WARNING|FORMATION_RECOVERY|FORMATION_RECOVERY|SEPARATION_WARNING|FORMATION_RECOVERY|FORMATION_RECOVERY,1,1,34.8,-0.109,1.106,1.108,0.133,-1.106,-1.065,-26.965,-30.121,-35.682,-33.16,-29.952,-24.415,-3.145,-3.903,-5.048,-7.045,-6.6,-5.067
0.0,0.0,0.0,3.4725,8.9691,7.2959,4.6546,3.3326,5.6405,4.4498,3.494,6.2108,3.3635,6.3313,11.4322,3.4667,9.0038,5.7082,0,,0.0,SEPARATION_WARNING|FORMATION_RECOVERY|FORMATION_RECOVERY|SEPARATION_WARNING|FORMATION_RECOVERY|FORMATION_RECOVERY,1,1,34.9,-0.103,1.136,1.14,0.128,-1.137,-1.097,-26.98,-30.128,-35.657,-33.144,-29.95,-24.445,-3.146,-3.929,-5.048,-7.042,-6.577,-5.067
0.0,0.0,0.0,3.4805,8.9322,7.2683,4.6341,3.3325,5.6016,4.4219,3.4967,6.2076,3.3652,6.3265,11.3889,3.467,8.9626,5.6704,0,,0.0,SEPARATION_WARNING|FORMATION_RECOVERY|FORMATION_RECOVERY|SEPARATION_WARNING|FORMATION_RECOVERY|FORMATION_RECOVERY,1,1,35.0,-0.096,1.166,1.172,0.123,-1.168,-1.128,-26.996,-30.136,-35.63,-33.129,-29.948,-24.476,-3.146,-3.957,-5.049,-7.04,-6.553,-5.067
0.0,0.0,0.0,3.4892,8.8942,7.2413,4.6135,3.3327,5.5613,4.3943,3.5,6.2049,3.3662,6.3212,11.3445,3.4683,8.9216,5.6321,0,,0.0,SEPARATION_WARNING|FORMATION_RECOVERY|FORMATION_RECOVERY|SEPARATION_WARNING|FORMATION_RECOVERY|FORMATION_RECOVERY,1,1,35.1,-0.09,1.197,1.204,0.117,-1.2,-1.16,-27.011,-30.144,-35.602,-33.114,-29.946,-24.507,-3.146,-3.985,-5.049,-7.038,-6.528,-5.067
0.0,0.0,0.0,3.4985,8.8547,7.2146,4.5929,3.3332,5.5189,4.3667,3.5041,6.2028,3.3667,6.315,11.2985,3.4699,8.8804,5.5933,0,,0.0,SEPARATION_WARNING|FORMATION_RECOVERY|FORMATION_RECOVERY|SEPARATION_WARNING|FORMATION_RECOVERY|FORMATION_RECOVERY,1,1,35.2,-0.084,1.227,1.235,0.111,-1.231,-1.192,-27.026,-30.152,-35.573,-33.099,-29.944,-24.538,-3.146,-4.013,-5.049,-7.036,-6.502,-5.067
0.0,0.0,0.0,3.5085,8.8149,7.188,4.5724,3.3334,5.476,4.3392,3.5093,6.2007,3.3676,6.309,11.2518,3.4717,8.8385,5.5538,0,,0.0,SEPARATION_WARNING|FORMATION_RECOVERY|FORMATION_RECOVERY|SEPARATION_WARNING|FORMATION_RECOVERY|FORMATION_RECOVERY,1,1,35.3,-0.077,1.257,1.267,0.105,-1.262,-1.223,-27.041,-30.16,-35.543,-33.084,-29.942,-24.57,-3.146,-4.042,-5.048,-7.034,-6.476,-5.067
0.0,0.0,0.0,3.519,8.776,7.1621,4.551,3.3341,5.4336,4.3123,3.515,6.1992,3.3687,6.3049,11.2062,3.4756,8.7976,5.5132,0,,0.0,SEPARATION_WARNING|FORMATION_RECOVERY|FORMATION_RECOVERY|SEPARATION_WARNING|FORMATION_RECOVERY|FORMATION_RECOVERY,1,1,35.4,-0.071,1.286,1.299,0.099,-1.293,-1.254,-27.056,-30.168,-35.513,-33.069,-29.938,-24.601,-3.146,-4.071,-5.048,-7.033,-6.449,-5.067
0.0,0.0,0.0,3.5299,8.7368,7.1366,4.5284,3.3353,5.3909,4.2858,3.5219,6.1984,3.3697,6.3021,11.1606,3.4815,8.7569,5.4708,0,,0.0,SEPARATION_WARNING|FORMATION_RECOVERY|FORMATION_RECOVERY|SEPARATION_WARNING|FORMATION_RECOVERY|FORMATION_RECOVERY,1,1,35.5,-0.065,1.315,1.33,0.093,-1.323,-1.285,-27.07,-30.175,-35.482,-33.054,-29.933,-24.633,-3.146,-4.101,-5.049,-7.031,-6.421,-5.068
0.0,0.0,0.0,3.5407,8.6979,7.1163,4.5053,3.3362,5.3488,4.2647,3.5303,6.1971,3.3679,6.3011,11.1145,3.4936,8.7208,5.4264,0,,0.0,SEPARATION_WARNING|FORMATION_RECOVERY|FORMATION_RECOVERY|SEPARATION_WARNING|FORMATION_RECOVERY|FORMATION_RECOVERY,1,1,35.6,-0.059,1.345,1.362,0.087,-1.353,-1.316,-27.085,-30.183,-35.452,-33.045,-29.927,-24.665,-3.145,-4.13,-5.049,-7.03,-6.392,-5.068
0.0,0.0,0.0,3.5514,8.6583,7.0977,4.482,3.338,5.3066,4.2459,3.5405,6.1964,3.365,6.3006,11.0685,3.5082,8.6868,5.3815,0,,0.0,SEPARATION_WARNING|FORMATION_RECOVERY|FORMATION_RECOVERY|SEPARATION_WARNING|FORMATION_RECOVERY|FORMATION_RECOVERY,1,1,35.7,-0.052,1.374,1.393,0.079,-1.384,-1.347,-27.099,-30.189,-35.421,-33.038,-29.92,-24.697,-3.145,-4.159,-5.049,-7.029,-6.363,-5.067
0.0,0.0,0.0,3.562,8.6176,7.0781,4.4586,3.3409,5.2639,4.2272,3.5528,6.1968,3.3622,6.3001,11.0224,3.5228,8.6527,5.3371,0,,0.0,SEPARATION_WARNING|FORMATION_RECOVERY|FORMATION_RECOVERY|SEPARATION_WARNING|FORMATION_RECOVERY|FORMATION_RECOVERY,1,1,35.8,-0.045,1.404,1.424,0.073,-1.414,-1.378,-27.113,-30.195,-35.388,-33.029,-29.912,-24.727,-3.145,-4.189,-5.049,-7.028,-6.334,-5.067
0.0,0.0,0.0,3.5724,8.5761,7.0577,4.4349,3.3447,5.221,4.2087,3.5667,6.1979,3.36,6.3001,10.9768,3.5377,8.6186,5.2928,0,,0.0,SEPARATION_WARNING|FORMATION_RECOVERY|FORMATION_RECOVERY|SEPARATION_WARNING|FORMATION_RECOVERY|FORMATION_RECOVERY,1,1,35.9,-0.039,1.433,1.456,0.066,-1.444,-1.408,-27.127,-30.2,-35.354,-33.02,-29.903,-24.757,-3.144,-4.218,-5.05,-7.027,-6.304,-5.067
0.0,0.0,0.0,3.5828,8.5339,7.0368,4.4115,3.3497,5.1779,4.1903,3.5823,6.2,3.3583,6.3006,10.9314,3.5525,8.5843,5.2486,0,,0.0,SEPARATION_WARNING|FORMATION_RECOVERY|FORMATION_RECOVERY|SEPARATION_WARNING|FORMATION_RECOVERY|FORMATION_RECOVERY,1,1,36.0,-0.032,1.463,1.487,0.059,-1.475,-1.438,-27.141,-30.204,-35.319,-33.009,-29.894,-24.787,-3.144,-4.247,-5.05,-7.026,-6.274,-5.067
