t,d_01,d_02,d_12,form_err,perturbation,drift_0,drift_1,drift_2,x_0,y_0,z_0,yaw_0,x_1,y_1,z_1,yaw_1,x_2,y_2,z_2,yaw_2
0.1,5.0119,3.5362,3.5365,0.0062,0,0.25,0.25,0.25,-13.8901,-0.492,-4.4357,-0.0,-13.8902,-5.5039,-4.4354,-0.0,-16.3853,-2.9977,-4.4351,-0.0
0.2,5.0284,3.538,3.5382,0.0148,0,0.25,0.25,0.25,-13.8854,-0.4789,-4.4373,-0.01,-13.8858,-5.5074,-4.4366,-0.0,-16.375,-2.9928,-4.4358,-0.01
0.3,5.0427,3.5406,3.5405,0.0221,0,0.25,0.25,0.25,-13.874,-0.4648,-4.4397,-0.01,-13.8749,-5.5075,-4.4382,-0.01,-16.3601,-2.9858,-4.4368,-0.02
0.4,5.0544,3.5435,3.5429,0.0279,0,0.25,0.25,0.25,-13.8573,-0.4506,-4.4424,-0.02,-13.8583,-5.505,-4.44,-0.02,-16.3413,-2.9776,-4.4379,-0.03
0.5,5.0637,3.5461,3.5452,0.0325,0,0.25,0.25,0.25,-13.8364,-0.4368,-4.4453,-0.02,-13.8374,-5.5005,-4.4421,-0.02,-16.3191,-2.9688,-4.4392,-0.05
0.6,5.071,3.5492,3.5472,0.0363,0,0.25,0.25,0.25,-13.8121,-0.4237,-4.4485,-0.03,-13.8134,-5.4946,-4.4444,-0.02,-16.2949,-2.9599,-4.4409,-0.06
0.7,5.0766,3.5527,3.5496,0.0392,0,0.25,0.25,0.25,-13.7851,-0.4114,-4.4519,-0.02,-13.7869,-5.488,-4.4468,-0.02,-16.2695,-2.9509,-4.4429,-0.06
0.8,5.0813,3.5563,3.5526,0.0418,0,0.25,0.25,0.25,-13.7564,-0.3999,-4.4553,-0.02,-13.7582,-5.4812,-4.4493,-0.01,-16.243,-2.9422,-4.4451,-0.08
0.9,5.085,3.5596,3.5557,0.0437,0,0.25,0.25,0.25,-13.7265,-0.3895,-4.4584,-0.01,-13.7281,-5.4745,-4.452,-0.02,-16.2158,-2.934,-4.4474,-0.1
1.0,5.0878,3.5628,3.5588,0.0451,0,0.25,0.25,0.25,-13.6958,-0.3803,-4.4614,-0.0,-13.697,-5.468,-4.454,-0.01,-16.188,-2.9263,-4.4498,-0.11
1.1,5.0899,3.565,3.562,0.0461,0,0.25,0.25,0.25,-13.6648,-0.3723,-4.4647,0.0,-13.6655,-5.4622,-4.4561,-0.0,-16.1595,-2.9191,-4.4523,-0.11
1.2,5.0912,3.567,3.5649,0.0467,0,0.25,0.25,0.25,-13.6334,-0.3656,-4.4678,0.01,-13.6335,-5.4569,-4.4581,0.01,-16.1307,-2.9126,-4.455,-0.11
1.3,5.0922,3.5698,3.567,0.0474,0,0.25,0.25,0.25,-13.6014,-0.3596,-4.4707,0.02,-13.6014,-5.4518,-4.46,0.01,-16.1016,-2.9077,-4.4581,-0.11
1.4,5.0927,3.5732,3.5687,0.0481,0,0.25,0.25,0.25,-13.5691,-0.3543,-4.4731,0.02,-13.5687,-5.447,-4.4618,0.01,-16.0726,-2.904,-4.4616,-0.11
1.5,5.0926,3.5762,3.5705,0.0484,0,0.25,0.25,0.25,-13.537,-0.3502,-4.4751,0.03,-13.5359,-5.4427,-4.4637,0.01,-16.0434,-2.901,-4.4648,-0.11
1.6,5.0921,3.5788,3.5721,0.0484,0,0.25,0.25,0.25,-13.5049,-0.3469,-4.4769,0.05,-13.503,-5.439,-4.4656,0.01,-16.0142,-2.8985,-4.4675,-0.11
1.7,5.0911,3.5809,3.5738,0.0482,0,0.25,0.25,0.25,-13.4727,-0.3449,-4.4788,0.06,-13.4705,-5.436,-4.4676,0.01,-15.9851,-2.8966,-4.4701,-0.1
1.8,5.0897,3.5825,3.5755,0.0476,0,0.25,0.25,0.25,-13.4406,-0.3441,-4.4807,0.08,-13.4379,-5.4338,-4.4695,0.01,-15.9558,-2.8952,-4.4726,-0.1
1.9,5.0875,3.5835,3.5776,0.0464,0,0.25,0.25,0.25,-13.4088,-0.3444,-4.4824,0.09,-13.4054,-5.4319,-4.4714,0.01,-15.9269,-2.894,-4.4748,-0.11
2.0,5.0853,3.5847,3.58,0.0452,0,0.25,0.25,0.25,-13.3768,-0.3454,-4.4838,0.11,-13.3728,-5.4306,-4.4732,0.01,-15.8983,-2.8934,-4.4766,-0.1
2.1,5.0834,3.5863,3.5822,0.0443,0,0.25,0.25,0.25,-13.345,-0.3464,-4.4851,0.13,-13.3405,-5.4298,-4.4747,-0.0,-15.8699,-2.8933,-4.4782,-0.1
2.2,5.0817,3.5881,3.5842,0.0437,0,0.25,0.25,0.25,-13.3135,-0.3476,-4.4865,0.14,-13.3083,-5.4293,-4.476,-0.03,-15.8416,-2.8937,-4.4793,-0.09
2.3,5.0801,3.5896,3.5863,0.043,0,0.25,0.25,0.25,-13.2824,-0.349,-4.4875,0.14,-13.2762,-5.4291,-4.4772,-0.05,-15.8134,-2.8945,-4.4802,-0.1
2.4,5.0783,3.5906,3.588,0.0423,0,0.25,0.25,0.25,-13.2517,-0.3507,-4.4885,0.15,-13.2444,-5.4289,-4.4783,-0.07,-15.7849,-2.8953,-4.4809,-0.09
2.5,5.0759,3.5914,3.5891,0.0413,0,0.25,0.25,0.25,-13.2211,-0.3527,-4.4893,0.14,-13.213,-5.4286,-4.4797,-0.08,-15.7564,-2.8963,-4.4815,-0.08
2.6,5.0733,3.5926,3.59,0.0403,0,0.25,0.25,0.25,-13.1904,-0.355,-4.4898,0.12,-13.1818,-5.4283,-4.4813,-0.09,-15.7283,-2.8978,-4.4822,-0.09
2.7,5.0711,3.5946,3.5909,0.0397,0,0.25,0.25,0.25,-13.1599,-0.3571,-4.4903,0.11,-13.1507,-5.4281,-4.4827,-0.09,-15.7006,-2.8998,-4.4829,-0.09
2.8,5.0687,3.5968,3.5914,0.0392,0,0.25,0.25,0.25,-13.1294,-0.3591,-4.4908,0.11,-13.12,-5.4278,-4.4842,-0.09,-15.6731,-2.9021,-4.4837,-0.08
2.9,5.0666,3.5987,3.5918,0.0388,0,0.25,0.25,0.25,-13.0993,-0.3614,-4.4913,0.11,-13.0895,-5.4279,-4.4854,-0.1,-15.6456,-2.9045,-4.4846,-0.09
3.0,5.0643,3.6002,3.592,0.0382,0,0.25,0.25,0.25,-13.0695,-0.3638,-4.492,0.11,-13.0593,-5.4281,-4.4865,-0.11,-15.6178,-2.907,-4.4854,-0.09
3.1,5.0621,3.6022,3.5924,0.0384,0,0.25,0.25,0.25,-13.0394,-0.3662,-4.4926,0.11,-13.0292,-5.4283,-4.4874,-0.11,-15.5905,-2.9094,-4.4862,-0.09
3.2,5.0602,3.6042,3.5932,0.0404,0,0.25,0.25,0.25,-13.0095,-0.3684,-4.4932,0.12,-12.9988,-5.4285,-4.4884,-0.12,-15.5632,-2.9117,-4.4869,-0.1
3.3,5.0582,3.6062,3.594,0.0425,0,0.25,0.25,0.25,-12.9792,-0.3711,-4.4937,0.12,-12.9681,-5.4293,-4.4893,-0.12,-15.5357,-2.9145,-4.4877,-0.1
3.4,5.0564,3.6084,3.5946,0.0446,0,0.25,0.25,0.25,-12.9488,-0.3738,-4.4942,0.12,-12.9375,-5.4303,-4.4903,-0.12,-15.508,-2.9176,-4.4884,-0.1
3.5,5.0547,3.6105,3.5951,0.0464,0,0.25,0.25,0.25,-12.9184,-0.3765,-4.4946,0.12,-12.9073,-5.4312,-4.4913,-0.11,-15.4804,-2.9205,-4.4888,-0.09
3.6,5.0534,3.6125,3.5955,0.0482,0,0.25,0.25,0.25,-12.8883,-0.3788,-4.4953,0.13,-12.8774,-5.4322,-4.4923,-0.11,-15.4527,-2.9231,-4.4891,-0.09
3.7,5.0525,3.6145,3.5962,0.0498,0,0.25,0.25,0.25,-12.8581,-0.381,-4.4958,0.14,-12.8477,-5.4334,-4.4933,-0.1,-15.4251,-2.9256,-4.4894,-0.08
3.8,5.0521,3.6165,3.5973,0.0514,0,0.25,0.25,0.25,-12.8285,-0.383,-4.4958,0.15,-12.818,-5.4351,-4.4941,-0.08,-15.3978,-2.928,-4.4894,-0.08
3.9,5.0513,3.618,3.5985,0.053,0,0.25,0.25,0.25,-12.7991,-0.3853,-4.4956,0.16,-12.7885,-5.4366,-4.4947,-0.08,-15.3707,-2.9303,-4.4894,-0.08
4.0,5.0504,3.6192,3.6,0.0545,0,0.25,0.25,0.25,-12.7698,-0.3879,-4.4952,0.15,-12.7588,-5.4383,-4.4956,-0.08,-15.3435,-2.9324,-4.4894,-0.07
4.1,5.0499,3.6203,3.602,0.056,0,0.25,0.25,0.25,-12.7405,-0.3903,-4.4949,0.16,-12.729,-5.4402,-4.4961,-0.09,-15.3164,-2.9342,-4.4894,-0.07
4.2,5.05,3.6215,3.6042,0.0575,0,0.25,0.25,0.25,-12.7116,-0.3922,-4.4945,0.16,-12.6994,-5.4421,-4.4963,-0.09,-15.2895,-2.9358,-4.4893,-0.07
4.3,5.0502,3.6226,3.6062,0.0588,0,0.25,0.25,0.25,-12.6827,-0.3939,-4.494,0.16,-12.6699,-5.4441,-4.496,-0.09,-15.2623,-2.9373,-4.4894,-0.08
4.4,5.0505,3.624,3.6081,0.0601,0,0.25,0.25,0.25,-12.6538,-0.3958,-4.4933,0.17,-12.6404,-5.4463,-4.4958,-0.08,-15.2353,-2.9392,-4.4897,-0.09
4.5,5.0507,3.6258,3.6097,0.0616,0,0.25,0.25,0.25,-12.6248,-0.3977,-4.4927,0.18,-12.6109,-5.4484,-4.4958,-0.08,-15.2083,-2.9417,-4.49,-0.11
4.6,5.0514,3.6273,3.6113,0.0629,0,0.25,0.25,0.25,-12.5962,-0.3996,-4.4924,0.19,-12.5817,-5.451,-4.4961,-0.08,-15.1813,-2.9442,-4.4904,-0.12
4.7,5.0517,3.6284,3.6128,0.0639,0,0.25,0.25,0.25,-12.5679,-0.4017,-4.492,0.19,-12.5526,-5.4534,-4.4966,-0.07,-15.1542,-2.9467,-4.4908,-0.13
4.8,5.0515,3.6297,3.6141,0.0652,0,0.25,0.25,0.25,-12.5395,-0.4041,-4.4914,0.2,-12.5235,-5.4556,-4.4968,-0.06,-15.1273,-2.9493,-4.4914,-0.13
4.9,5.0505,3.6304,3.6154,0.0664,0,0.25,0.25,0.25,-12.5113,-0.4069,-4.4909,0.2,-12.4942,-5.4573,-4.4968,-0.06,-15.1005,-2.9517,-4.492,-0.12
5.0,5.0487,3.6303,3.6168,0.0676,0,0.25,0.25,0.25,-12.4835,-0.4101,-4.4909,0.18,-12.4647,-5.4588,-4.4965,-0.05,-15.0736,-2.9538,-4.4924,-0.12
5.1,5.0473,3.6298,3.6182,0.0684,0,0.25,0.25,0.25,-12.4556,-0.4133,-4.4914,0.16,-12.4354,-5.4605,-4.4963,-0.05,-15.0463,-2.9556,-4.4925,-0.12
5.2,5.0464,3.6288,3.6196,0.0687,0,0.25,0.25,0.25,-12.4276,-0.4161,-4.492,0.15,-12.4066,-5.4625,-4.4963,-0.05,-15.0186,-2.9567,-4.4926,-0.11
5.3,5.0463,3.6272,3.6216,0.0687,0,0.25,0.25,0.25,-12.3998,-0.4186,-4.4929,0.15,-12.3778,-5.4648,-4.4962,-0.06,-14.9907,-2.957,-4.4926,-0.09
5.4,5.0461,3.6255,3.6239,0.0688,0,0.25,0.25,0.25,-12.3718,-0.4208,-4.4935,0.15,-12.3488,-5.4669,-4.4957,-0.06,-14.9627,-2.9569,-4.4926,-0.08
5.5,5.0464,3.624,3.6267,0.0692,0,0.25,0.25,0.25,-12.3437,-0.4229,-4.4937,0.15,-12.3196,-5.4692,-4.4951,-0.07,-14.9349,-2.9565,-4.4926,-0.06
5.6,5.047,3.6228,3.6297,0.0697,0,0.25,0.25,0.25,-12.3155,-0.4248,-4.4937,0.15,-12.2906,-5.4717,-4.4945,-0.08,-14.9072,-2.9561,-4.4927,-0.05
5.7,5.0476,3.622,3.6323,0.0702,0,0.25,0.25,0.25,-12.2873,-0.4267,-4.4939,0.15,-12.262,-5.4742,-4.4935,-0.09,-14.8797,-2.9561,-4.493,-0.04
5.8,5.048,3.6214,3.6339,0.0705,0,0.25,0.25,0.25,-12.2593,-0.4284,-4.494,0.15,-12.2334,-5.4763,-4.4924,-0.09,-14.8521,-2.9567,-4.4937,-0.02
5.9,5.048,3.6216,3.6349,0.071,0,0.25,0.25,0.25,-12.2312,-0.4299,-4.4942,0.15,-12.2049,-5.4778,-4.4913,-0.09,-14.8244,-2.9579,-4.4947,-0.0
6.0,5.0481,3.6223,3.6356,0.0717,0,0.25,0.25,0.25,-12.2027,-0.4311,-4.4945,0.15,-12.1763,-5.4791,-4.4904,-0.1,-14.7969,-2.9592,-4.4956,0.03
6.1,5.0475,3.6235,3.6362,0.0727,0,0.25,0.25,0.25,-12.1739,-0.4323,-4.4946,0.14,-12.1475,-5.4797,-4.4895,-0.1,-14.7696,-2.9606,-4.4963,0.05
6.2,5.0459,3.6245,3.6364,0.0738,0,0.25,0.25,0.25,-12.1452,-0.4338,-4.4947,0.14,-12.1187,-5.4796,-4.4886,-0.09,-14.7424,-2.9619,-4.497,0.07
6.3,5.0446,3.6256,3.6367,0.0749,0,0.25,0.25,0.25,-12.1166,-0.4351,-4.4948,0.13,-12.0903,-5.4797,-4.488,-0.09,-14.7155,-2.9631,-4.4976,0.08
6.4,5.0434,3.6265,3.6373,0.0761,0,0.25,0.25,0.25,-12.0881,-0.4366,-4.4945,0.11,-12.0621,-5.48,-4.488,-0.07,-14.6888,-2.964,-4.498,0.08
6.5,5.0424,3.6273,3.6381,0.0771,0,0.25,0.25,0.25,-12.0598,-0.4378,-4.4942,0.1,-12.0339,-5.4801,-4.4881,-0.06,-14.6622,-2.9646,-4.4982,0.09
6.6,5.0413,3.6281,3.6389,0.0782,0,0.25,0.25,0.25,-12.0314,-0.4389,-4.494,0.09,-12.006,-5.4802,-4.4882,-0.06,-14.6357,-2.9649,-4.4984,0.1
6.7,5.0403,3.6287,3.6396,0.0792,0,0.25,0.25,0.25,-12.0034,-0.4398,-4.4939,0.09,-11.9779,-5.48,-4.4879,-0.05,-14.6091,-2.9652,-4.4988,0.09
6.8,5.0395,3.629,3.6402,0.0798,0,0.25,0.25,0.25,-11.9755,-0.4408,-4.4937,0.09,-11.9498,-5.4803,-4.4875,-0.04,-14.582,-2.9658,-4.4992,0.08
6.9,5.0392,3.6291,3.6408,0.0803,0,0.25,0.25,0.25,-11.9476,-0.4419,-4.4936,0.09,-11.9217,-5.481,-4.4876,-0.04,-14.5547,-2.9665,-4.4996,0.07
7.0,5.0396,3.6295,3.642,0.0809,0,0.25,0.25,0.25,-11.9196,-0.4432,-4.4938,0.1,-11.8935,-5.4827,-4.4876,-0.03,-14.5275,-2.9675,-4.4997,0.05
7.1,5.04,3.6298,3.6435,0.0816,0,0.25,0.25,0.25,-11.8912,-0.4448,-4.4943,0.1,-11.8651,-5.4847,-4.4875,-0.04,-14.5001,-2.9685,-4.4996,0.04
7.2,5.0405,3.6293,3.6453,0.082,0,0.25,0.25,0.25,-11.8626,-0.4465,-4.4948,0.1,-11.8367,-5.487,-4.4877,-0.04,-14.4723,-2.9687,-4.4993,0.03
7.3,5.0409,3.6282,3.6465,0.0818,0,0.25,0.25,0.25,-11.8342,-0.4481,-4.4953,0.08,-11.8086,-5.489,-4.488,-0.05,-14.4439,-2.9687,-4.499,0.02
7.4,5.0416,3.6267,3.6474,0.0813,0,0.25,0.25,0.25,-11.8058,-0.4492,-4.4956,0.08,-11.7806,-5.4908,-4.4886,-0.06,-14.415,-2.9682,-4.4987,0.02
7.5,5.0424,3.6249,3.6484,0.0807,0,0.25,0.25,0.25,-11.7774,-0.4503,-4.4961,0.07,-11.7526,-5.4926,-4.4895,-0.06,-14.3859,-2.9674,-4.4982,0.03
7.6,5.0429,3.6235,3.649,0.0802,0,0.25,0.25,0.25,-11.7492,-0.4511,-4.4964,0.07,-11.7245,-5.4939,-4.4904,-0.05,-14.3569,-2.967,-4.4971,0.03
7.7,5.0436,3.6226,3.6495,0.0798,0,0.25,0.25,0.25,-11.7213,-0.4517,-4.4963,0.07,-11.6964,-5.4953,-4.4912,-0.04,-14.3283,-2.9671,-4.4963,0.03
7.8,5.0443,3.6225,3.65,0.0797,0,0.25,0.25,0.25,-11.6933,-0.452,-4.4963,0.07,-11.668,-5.4962,-4.4921,-0.03,-14.3,-2.9674,-4.4961,0.02
7.9,5.045,3.6228,3.6503,0.0797,0,0.25,0.25,0.25,-11.6653,-0.452,-4.4965,0.08,-11.6395,-5.497,-4.4928,-0.02,-14.2718,-2.9681,-4.4959,0.02
8.0,5.0454,3.6232,3.6505,0.0799,0,0.25,0.25,0.25,-11.6375,-0.4524,-4.4968,0.09,-11.611,-5.4977,-4.4931,-0.0,-14.2439,-2.9691,-4.4957,0.02
8.1,5.045,3.6236,3.6507,0.0803,0,0.25,0.25,0.25,-11.6097,-0.4531,-4.4969,0.1,-11.5824,-5.498,-4.4931,0.0,-14.2163,-2.9703,-4.4955,0.02
8.2,5.0445,3.6241,3.651,0.0808,0,0.25,0.25,0.25,-11.5819,-0.4539,-4.4971,0.12,-11.5536,-5.4983,-4.4928,0.0,-14.1889,-2.9714,-4.4951,0.01
8.3,5.044,3.6249,3.6511,0.0814,0,0.25,0.25,0.25,-11.554,-0.4549,-4.4976,0.12,-11.525,-5.4988,-4.4924,0.0,-14.1615,-2.973,-4.4946,-0.0
8.4,5.0435,3.6261,3.6511,0.082,0,0.25,0.25,0.25,-11.5259,-0.4556,-4.4978,0.13,-11.4963,-5.4991,-4.4918,0.0,-14.1341,-2.9747,-4.4943,0.01
8.5,5.0431,3.6274,3.6509,0.0826,0,0.25,0.25,0.25,-11.4974,-0.4562,-4.4979,0.13,-11.4677,-5.4992,-4.4914,-0.0,-14.1065,-2.9762,-4.4944,0.01
8.6,5.0424,3.6288,3.6505,0.0833,0,0.25,0.25,0.25,-11.4686,-0.4569,-4.4979,0.12,-11.4396,-5.4992,-4.4913,-0.01,-14.0791,-2.9774,-4.4946,0.02
8.7,5.0411,3.629,3.6499,0.0836,0,0.25,0.25,0.25,-11.44,-0.4579,-4.4978,0.12,-11.4117,-5.4989,-4.4913,-0.01,-14.0513,-2.978,-4.4946,0.02
8.8,5.0399,3.6283,3.6494,0.0834,0,0.25,0.25,0.25,-11.4117,-0.4589,-4.4978,0.11,-11.3837,-5.4987,-4.4911,-0.01,-14.0228,-2.9781,-4.4947,0.03
8.9,5.0392,3.6271,3.6491,0.083,0,0.25,0.25,0.25,-11.3836,-0.4595,-4.4978,0.1,-11.3558,-5.4986,-4.491,-0.01,-13.9941,-2.9777,-4.4947,0.05
9.0,5.0392,3.626,3.6493,0.0826,0,0.25,0.25,0.25,-11.3558,-0.4595,-4.4977,0.09,-11.3277,-5.4986,-4.4911,-0.01,-13.9656,-2.9768,-4.4946,0.06
9.1,5.0396,3.6249,3.65,0.0823,0,0.25,0.25,0.25,-11.3278,-0.4594,-4.4972,0.07,-11.2998,-5.4989,-4.4917,-0.01,-13.9372,-2.9756,-4.4948,0.07
9.2,5.0401,3.6246,3.6507,0.0823,0,0.25,0.25,0.25,-11.2994,-0.4597,-4.4968,0.05,-11.2719,-5.4997,-4.4924,0.0,-13.909,-2.9751,-4.4948,0.06
9.3,5.0403,3.6247,3.6512,0.0825,0,0.25,0.25,0.25,-11.2709,-0.4602,-4.4962,0.04,-11.2441,-5.5004,-4.493,0.01,-13.8812,-2.9752,-4.4946,0.06
9.4,5.04,3.6253,3.6515,0.083,0,0.25,0.25,0.25,-11.2423,-0.461,-4.4957,0.03,-11.2162,-5.501,-4.4936,0.02,-13.8537,-2.9757,-4.4948,0.05
9.5,5.0397,3.6265,3.652,0.0839,0,0.25,0.25,0.25,-11.2134,-0.462,-4.4955,0.02,-11.1881,-5.5017,-4.4945,0.04,-13.8265,-2.9766,-4.4948,0.05
9.6,5.0397,3.6282,3.6526,0.085,0,0.25,0.25,0.25,-11.1845,-0.4629,-4.4955,0.01,-11.16,-5.5025,-4.4952,0.05,-13.7996,-2.9777,-4.4944,0.04
9.7,5.0403,3.6305,3.653,0.086,0,0.25,0.25,0.25,-11.1555,-0.4632,-4.4955,-0.0,-11.1319,-5.5034,-4.4956,0.05,-13.7727,-2.9794,-4.4939,0.03
9.8,5.0409,3.6328,3.6529,0.0868,0,0.25,0.25,0.25,-11.1266,-0.4635,-4.4953,-0.02,-11.1039,-5.5044,-4.496,0.06,-13.7454,-2.9813,-4.4934,0.02
9.9,5.0408,3.6341,3.6529,0.0874,0,0.25,0.25,0.25,-11.0978,-0.4646,-4.4948,-0.03,-11.0759,-5.5054,-4.4963,0.08,-13.7179,-2.9829,-4.4929,0.0
10.0,5.0404,3.6343,3.6534,0.0879,0,0.25,0.25,0.25,-11.0692,-0.4659,-4.4944,-0.04,-11.0477,-5.5063,-4.4963,0.09,-13.6902,-2.9835,-4.4923,-0.01
10.1,5.0399,3.6334,3.6544,0.0881,0,0.25,0.25,0.25,-11.0411,-0.467,-4.4942,-0.04,-11.0193,-5.5069,-4.4962,0.09,-13.6623,-2.9831,-4.4919,-0.01
10.2,5.0402,3.6319,3.6558,0.0881,0,0.25,0.25,0.25,-11.013,-0.4678,-4.4937,-0.03,-10.9909,-5.5079,-4.4964,0.07,-13.6339,-2.9821,-4.4918,-0.02
10.3,5.0409,3.6303,3.6572,0.0878,0,0.25,0.25,0.25,-10.9851,-0.4684,-4.4931,-0.04,-10.9626,-5.5093,-4.4965,0.05,-13.6052,-2.9811,-4.4919,-0.03
10.4,5.0415,3.6285,3.6584,0.0874,0,0.25,0.25,0.25,-10.9569,-0.469,-4.4929,-0.04,-10.9342,-5.5104,-4.4963,0.04,-13.5763,-2.9799,-4.4921,-0.03
10.5,5.0419,3.6268,3.6595,0.0871,0,0.25,0.25,0.25,-10.9283,-0.4694,-4.4929,-0.04,-10.9055,-5.5112,-4.4958,0.03,-13.5471,-2.9786,-4.4921,-0.03
10.6,5.0422,3.6255,3.6606,0.087,0,0.25,0.25,0.25,-10.8994,-0.4696,-4.4931,-0.05,-10.8766,-5.5118,-4.4952,0.01,-13.5179,-2.9773,-4.4918,-0.03
10.7,5.0423,3.6245,3.6616,0.0871,0,0.25,0.25,0.25,-10.8704,-0.4697,-4.4931,-0.05,-10.8476,-5.512,-4.4947,0.01,-13.4888,-2.9759,-4.4914,-0.03
10.8,5.0425,3.6245,3.6625,0.0875,0,0.25,0.25,0.25,-10.8413,-0.4698,-4.4933,-0.04,-10.8187,-5.5123,-4.494,0.02,-13.4603,-2.9754,-4.4914,-0.04
10.9,5.0428,3.6255,3.6634,0.0883,0,0.25,0.25,0.25,-10.8124,-0.4698,-4.4934,-0.02,-10.7898,-5.5126,-4.4934,0.04,-13.4326,-2.9756,-4.4914,-0.05
11.0,5.0431,3.6269,3.6635,0.0888,0,0.25,0.25,0.25,-10.7839,-0.4697,-4.4933,-0.0,-10.7614,-5.5128,-4.4926,0.05,-13.405,-2.9765,-4.4918,-0.06
11.1,5.0431,3.6283,3.6632,0.0892,0,0.25,0.25,0.25,-10.7555,-0.4697,-4.4932,0.02,-10.7331,-5.5127,-4.4917,0.05,-13.3774,-2.9777,-4.4922,-0.06
11.2,5.0431,3.6296,3.6628,0.0895,0,0.25,0.25,0.25,-10.7272,-0.4695,-4.4933,0.04,-10.705,-5.5126,-4.4911,0.05,-13.3498,-2.9787,-4.4925,-0.04
11.3,5.043,3.6308,3.6623,0.0898,0,0.25,0.25,0.25,-10.699,-0.4695,-4.4934,0.06,-10.6771,-5.5124,-4.4905,0.04,-13.3223,-2.9796,-4.4925,-0.03
11.4,5.0422,3.6317,3.6611,0.0899,0,0.25,0.25,0.25,-10.6712,-0.4696,-4.4936,0.07,-10.6496,-5.5118,-4.49,0.03,-13.2949,-2.9808,-4.4925,-0.02
11.5,5.0415,3.6329,3.6599,0.09,0,0.25,0.25,0.25,-10.6433,-0.4697,-4.4937,0.07,-10.6221,-5.5112,-4.4896,0.03,-13.2675,-2.982,-4.4924,-0.03
11.6,5.0413,3.6339,3.659,0.0901,0,0.25,0.25,0.25,-10.6154,-0.4695,-4.4936,0.07,-10.5947,-5.5107,-4.4896,0.03,-13.24,-2.9828,-4.4923,-0.03
11.7,5.0416,3.6347,3.6587,0.0902,0,0.25,0.25,0.25,-10.5876,-0.4688,-4.4935,0.07,-10.5667,-5.5104,-4.4897,0.05,-13.2123,-2.9831,-4.4921,-0.04
11.8,5.0421,3.6348,3.659,0.0902,0,0.25,0.25,0.25,-10.5598,-0.468,-4.4931,0.06,-10.5388,-5.5101,-4.4901,0.07,-13.1845,-2.9826,-4.492,-0.04
11.9,5.0428,3.6344,3.6598,0.0902,0,0.25,0.25,0.25,-10.5317,-0.4674,-4.4927,0.05,-10.5109,-5.5102,-4.4906,0.1,-13.1564,-2.9813,-4.492,-0.04
12.0,5.0439,3.6335,3.6612,0.0902,0,0.25,0.25,0.25,-10.5034,-0.4669,-4.4924,0.03,-10.4828,-5.5107,-4.4907,0.11,-13.1281,-2.9796,-4.4916,-0.04
12.1,5.0445,3.6316,3.6625,0.0898,0,0.25,0.25,0.25,-10.4752,-0.4668,-4.4924,0.02,-10.4547,-5.5112,-4.4906,0.12,-13.0992,-2.9773,-4.4913,-0.03
12.2,5.0446,3.6295,3.6633,0.0893,0,0.25,0.25,0.25,-10.4468,-0.467,-4.4926,0.01,-10.4268,-5.5116,-4.4904,0.13,-13.0701,-2.9753,-4.4914,-0.02
12.3,5.0449,3.6275,3.6632,0.0884,0,0.25,0.25,0.25,-10.4185,-0.4671,-4.4927,0.01,-10.3994,-5.512,-4.4903,0.13,-13.0406,-2.9737,-4.4917,-0.02
12.4,5.045,3.6264,3.6629,0.0878,0,0.25,0.25,0.25,-10.3901,-0.4675,-4.4926,0.01,-10.3718,-5.5125,-4.4904,0.13,-13.0116,-2.9731,-4.4918,-0.01
12.5,5.0446,3.626,3.6622,0.0875,0,0.25,0.25,0.25,-10.3615,-0.4683,-4.4927,0.01,-10.3439,-5.5129,-4.4908,0.13,-12.9828,-2.9736,-4.4918,-0.02
12.6,5.0445,3.6267,3.6606,0.087,0,0.25,0.25,0.25,-10.3327,-0.4689,-4.493,0.01,-10.3162,-5.5134,-4.4912,0.13,-12.954,-2.9753,-4.4917,-0.03
12.7,5.0448,3.6285,3.659,0.0868,0,0.25,0.25,0.25,-10.304,-0.4691,-4.4932,0.01,-10.2881,-5.5139,-4.4916,0.13,-12.9255,-2.9777,-4.4918,-0.03
12.8,5.0455,3.6307,3.6582,0.0871,0,0.25,0.25,0.25,-10.2756,-0.4691,-4.4932,0.02,-10.2597,-5.5146,-4.4918,0.14,-12.8978,-2.9803,-4.4922,-0.03
12.9,5.0467,3.6332,3.6584,0.0879,0,0.25,0.25,0.25,-10.2472,-0.4692,-4.4931,0.01,-10.2311,-5.5158,-4.4916,0.13,-12.8706,-2.9827,-4.4925,-0.03
13.0,5.048,3.6358,3.6585,0.0887,0,0.25,0.25,0.25,-10.2184,-0.4692,-4.4931,0.0,-10.2025,-5.5172,-4.4913,0.13,-12.8432,-2.985,-4.4927,-0.04
13.1,5.0486,3.6381,3.6583,0.0894,0,0.25,0.25,0.25,-10.1893,-0.4693,-4.493,0.0,-10.1741,-5.5178,-4.491,0.14,-12.8156,-2.9869,-4.4929,-0.05
13.2,5.0484,3.6394,3.6581,0.0899,0,0.25,0.25,0.25,-10.1602,-0.47,-4.4929,-0.01,-10.1462,-5.5184,-4.4906,0.14,-12.7879,-2.988,-4.4929,-0.06
13.3,5.048,3.6392,3.6583,0.0901,0,0.25,0.25,0.25,-10.1317,-0.4712,-4.4928,-0.02,-10.1183,-5.5192,-4.4906,0.15,-12.7599,-2.9884,-4.4929,-0.07
13.4,5.0477,3.6388,3.6588,0.0902,0,0.25,0.25,0.25,-10.1031,-0.4725,-4.4928,-0.03,-10.0905,-5.5202,-4.4909,0.15,-12.7319,-2.9885,-4.4926,-0.07
13.5,5.0475,3.638,3.6596,0.0904,0,0.25,0.25,0.25,-10.0743,-0.4737,-4.493,-0.06,-10.0626,-5.5211,-4.4913,0.15,-12.7037,-2.9879,-4.4924,-0.06
13.6,5.0466,3.637,3.6603,0.0906,0,0.25,0.25,0.25,-10.0456,-0.475,-4.4935,-0.08,-10.0348,-5.5216,-4.4916,0.14,-12.6756,-2.9871,-4.4923,-0.05
13.7,5.0453,3.6361,3.6606,0.0908,0,0.25,0.25,0.25,-10.0168,-0.4763,-4.4939,-0.1,-10.0068,-5.5216,-4.4922,0.14,-12.6475,-2.9864,-4.4923,-0.04
13.8,5.0441,3.6353,3.6605,0.0908,0,0.25,0.25,0.25,-9.9879,-0.4775,-4.494,-0.11,-9.9784,-5.5216,-4.4928,0.13,-12.6187,-2.9863,-4.4925,-0.03
13.9,5.0433,3.6346,3.6594,0.0903,0,0.25,0.25,0.25,-9.9593,-0.4785,-4.4943,-0.12,-9.9503,-5.5217,-4.4931,0.11,-12.5896,-2.9868,-4.4928,-0.01
14.0,5.0427,3.6344,3.6575,0.0894,0,0.25,0.25,0.25,-9.931,-0.4793,-4.4945,-0.13,-9.9225,-5.522,-4.4932,0.09,-12.5603,-2.9884,-4.4934,-0.01
14.1,5.0422,3.6345,3.6555,0.0886,0,0.25,0.25,0.25,-9.9027,-0.48,-4.4943,-0.14,-9.8942,-5.5222,-4.4931,0.08,-12.5309,-2.9903,-4.4941,-0.0
14.2,5.0419,3.6346,3.6537,0.0879,0,0.25,0.25,0.25,-9.8746,-0.4807,-4.494,-0.15,-9.8661,-5.5225,-4.493,0.07,-12.5018,-2.9923,-4.4948,-0.0
14.3,5.042,3.6355,3.6513,0.0871,0,0.25,0.25,0.25,-9.8465,-0.4809,-4.4939,-0.15,-9.8381,-5.5229,-4.4929,0.07,-12.4727,-2.9949,-4.4952,0.01
14.4,5.0426,3.6369,3.6492,0.0865,0,0.25,0.25,0.25,-9.818,-0.4808,-4.4939,-0.15,-9.8101,-5.5234,-4.4927,0.07,-12.4437,-2.9973,-4.4957,0.02
14.5,5.0427,3.6379,3.6477,0.0862,0,0.25,0.25,0.25,-9.7895,-0.481,-4.4938,-0.15,-9.7819,-5.5238,-4.4929,0.07,-12.4149,-2.9993,-4.4962,0.03
14.6,5.0427,3.6388,3.6466,0.0861,0,0.25,0.25,0.25,-9.761,-0.4813,-4.4935,-0.15,-9.7536,-5.524,-4.4931,0.07,-12.3864,-3.0009,-4.4967,0.03
14.7,5.0427,3.6398,3.6457,0.0861,0,0.25,0.25,0.25,-9.7326,-0.4814,-4.4929,-0.15,-9.7254,-5.5241,-4.4933,0.08,-12.3581,-3.0022,-4.4971,0.04
14.8,5.0426,3.6407,3.6448,0.0862,0,0.25,0.25,0.25,-9.7041,-0.4815,-4.4924,-0.15,-9.6977,-5.5242,-4.4933,0.09,-12.3301,-3.0032,-4.4975,0.04
14.9,5.0419,3.6412,3.6444,0.0864,0,0.25,0.25,0.25,-9.6755,-0.482,-4.492,-0.15,-9.6699,-5.524,-4.4929,0.1,-12.3022,-3.0036,-4.4976,0.04
15.0,5.0413,3.6414,3.6446,0.0868,0,0.25,0.25,0.25,-9.6469,-0.4823,-4.4917,-0.15,-9.6419,-5.5237,-4.4926,0.11,-12.2745,-3.0032,-4.4979,0.03
15.1,5.0411,3.6418,3.645,0.0873,0,0.25,0.25,0.25,-9.6183,-0.4823,-4.491,-0.15,-9.6139,-5.5234,-4.4925,0.12,-12.2469,-3.0028,-4.4984,0.03
15.2,5.0406,3.6414,3.646,0.0878,0,0.25,0.25,0.25,-9.5899,-0.4829,-4.4904,-0.15,-9.5858,-5.5235,-4.4926,0.12,-12.2193,-3.0019,-4.4989,0.01
15.3,5.0403,3.6401,3.6479,0.0882,0,0.25,0.25,0.25,-9.5619,-0.4839,-4.49,-0.15,-9.5575,-5.5241,-4.4926,0.1,-12.1918,-3.0006,-4.4995,0.0
15.4,5.0405,3.6385,3.6497,0.0883,0,0.25,0.25,0.25,-9.5345,-0.4846,-4.4897,-0.15,-9.5293,-5.5251,-4.493,0.07,-12.1639,-2.9995,-4.4999,-0.01
15.5,5.0414,3.638,3.6509,0.0884,0,0.25,0.25,0.25,-9.5069,-0.4847,-4.4895,-0.14,-9.5011,-5.5261,-4.4931,0.04,-12.1362,-2.9991,-4.5,-0.03
15.6,5.0426,3.6384,3.6514,0.0884,0,0.25,0.25,0.25,-9.4791,-0.4843,-4.4896,-0.13,-9.4729,-5.5269,-4.4931,0.02,-12.1082,-2.9994,-4.5,-0.04
15.7,5.044,3.6391,3.6518,0.0884,0,0.25,0.25,0.25,-9.4515,-0.4839,-4.4896,-0.11,-9.445,-5.5279,-4.493,0.0,-12.0805,-3.0002,-4.5003,-0.05
15.8,5.0456,3.64,3.6525,0.0887,0,0.25,0.25,0.25,-9.4241,-0.4833,-4.4896,-0.08,-9.4171,-5.5289,-4.493,-0.01,-12.0532,-3.0007,-4.5007,-0.06
15.9,5.0471,3.6403,3.6534,0.0888,0,0.25,0.25,0.25,-9.3968,-0.4827,-4.4898,-0.06,-9.3892,-5.5297,-4.4928,-0.01,-12.0257,-3.0007,-4.501,-0.06
16.0,5.049,3.64,3.6551,0.0888,0,0.25,0.25,0.25,-9.3697,-0.4819,-4.4902,-0.05,-9.3609,-5.5309,-4.4925,-0.02,-11.998,-3.0001,-4.5013,-0.06
16.1,5.0514,3.6389,3.6576,0.0888,0,0.25,0.25,0.25,-9.3426,-0.4811,-4.4907,-0.05,-9.3322,-5.5325,-4.4924,-0.02,-11.97,-2.9987,-4.5013,-0.07
16.2,5.0538,3.6379,3.6605,0.089,0,0.25,0.25,0.25,-9.3152,-0.4802,-4.4911,-0.04,-9.3033,-5.534,-4.4924,-0.01,-11.942,-2.9969,-4.5013,-0.08
16.3,5.0558,3.6372,3.6631,0.0893,0,0.25,0.25,0.25,-9.2872,-0.4795,-4.4916,-0.04,-9.2744,-5.5353,-4.4923,-0.02,-11.9139,-2.9954,-4.5014,-0.09
16.4,5.0571,3.6367,3.6651,0.0897,0,0.25,0.25,0.25,-9.2589,-0.4792,-4.4922,-0.05,-9.2459,-5.5363,-4.4923,-0.02,-11.8859,-2.994,-4.5015,-0.1
16.5,5.0582,3.6363,3.6667,0.09,0,0.25,0.25,0.25,-9.2305,-0.4788,-4.4925,-0.07,-9.2175,-5.537,-4.4924,-0.02,-11.8579,-2.9927,-4.5015,-0.1
16.6,5.0593,3.636,3.6684,0.0904,0,0.25,0.25,0.25,-9.2023,-0.4786,-4.4927,-0.08,-9.189,-5.5379,-4.4927,-0.03,-11.8299,-2.9918,-4.5015,-0.1
16.7,5.0607,3.6357,3.6702,0.0907,0,0.25,0.25,0.25,-9.1743,-0.4783,-4.4929,-0.09,-9.1606,-5.539,-4.4933,-0.03,-11.8021,-2.9909,-4.5014,-0.1
16.8,5.062,3.6354,3.6724,0.0913,0,0.25,0.25,0.25,-9.1466,-0.4783,-4.4933,-0.09,-9.1319,-5.5403,-4.4939,-0.04,-11.7746,-2.9902,-4.5013,-0.1
16.9,5.0629,3.6351,3.6745,0.0919,0,0.25,0.25,0.25,-9.1189,-0.4785,-4.4937,-0.09,-9.1034,-5.5414,-4.4945,-0.04,-11.7473,-2.9896,-4.5011,-0.1
17.0,5.0631,3.6346,3.6764,0.0926,0,0.25,0.25,0.25,-9.0917,-0.4787,-4.4941,-0.09,-9.075,-5.5418,-4.4951,-0.05,-11.7204,-2.9888,-4.5008,-0.1
17.1,5.0628,3.6338,3.6783,0.0932,0,0.25,0.25,0.25,-9.0648,-0.4791,-4.4947,-0.09,-9.0464,-5.5419,-4.4953,-0.04,-11.6935,-2.9879,-4.5004,-0.09
17.2,5.0624,3.6326,3.6803,0.0939,0,0.25,0.25,0.25,-9.0377,-0.4798,-4.4955,-0.08,-9.0176,-5.5421,-4.4954,-0.03,-11.6664,-2.9869,-4.5002,-0.07
17.3,5.0616,3.6317,3.6816,0.0944,0,0.25,0.25,0.25,-9.0102,-0.4805,-4.4959,-0.08,-8.9889,-5.5421,-4.4957,-0.01,-11.6389,-2.9864,-4.5006,-0.07
17.4,5.061,3.6316,3.6818,0.0946,0,0.25,0.25,0.25,-8.9821,-0.4808,-4.4963,-0.09,-8.9601,-5.5417,-4.4961,0.01,-11.6108,-2.9864,-4.5011,-0.06
17.5,5.0604,3.6322,3.6808,0.0945,0,0.25,0.25,0.25,-8.9539,-0.4807,-4.4965,-0.11,-8.9317,-5.5411,-4.4966,0.04,-11.5825,-2.9874,-4.5015,-0.05
17.6,5.0602,3.6337,3.6789,0.0942,0,0.25,0.25,0.25,-8.9255,-0.4801,-4.4964,-0.11,-8.9036,-5.5403,-4.497,0.07,-11.5541,-2.989,-4.5022,-0.04
17.7,5.0596,3.6347,3.6765,0.0935,0,0.25,0.25,0.25,-8.8972,-0.4798,-4.4961,-0.12,-8.8756,-5.5393,-4.4974,0.09,-11.5253,-2.9906,-4.5029,-0.05
17.8,5.0584,3.6351,3.6739,0.0927,0,0.25,0.25,0.25,-8.869,-0.48,-4.4959,-0.12,-8.8474,-5.5384,-4.4978,0.09,-11.4961,-2.9924,-4.5035,-0.06
17.9,5.0574,3.6358,3.6718,0.0922,0,0.25,0.25,0.25,-8.8407,-0.4802,-4.4959,-0.12,-8.819,-5.5375,-4.4977,0.08,-11.4672,-2.9942,-4.5038,-0.07
18.0,5.0567,3.6366,3.6704,0.0921,0,0.25,0.25,0.25,-8.8123,-0.4802,-4.4962,-0.11,-8.7907,-5.5369,-4.4976,0.07,-11.4388,-2.9954,-4.5038,-0.08
18.1,5.0563,3.6367,3.6698,0.092,0,0.25,0.25,0.25,-8.7841,-0.4802,-4.4965,-0.11,-8.7623,-5.5364,-4.4972,0.07,-11.4104,-2.9958,-4.5041,-0.09
18.2,5.0556,3.6364,3.6696,0.092,0,0.25,0.25,0.25,-8.7556,-0.4804,-4.4966,-0.1,-8.7339,-5.5359,-4.497,0.08,-11.3819,-2.9955,-4.5043,-0.1
18.3,5.0546,3.6361,3.6694,0.092,0,0.25,0.25,0.25,-8.727,-0.4805,-4.4966,-0.1,-8.7056,-5.5351,-4.497,0.09,-11.3536,-2.995,-4.5044,-0.11
18.4,5.054,3.6356,3.6701,0.0924,0,0.25,0.25,0.25,-8.6987,-0.4802,-4.4963,-0.08,-8.6771,-5.5342,-4.4973,0.09,-11.3256,-2.9935,-4.5048,-0.13
18.5,5.0536,3.6346,3.6717,0.093,0,0.25,0.25,0.25,-8.6706,-0.4799,-4.4959,-0.05,-8.6485,-5.5334,-4.4975,0.1,-11.2979,-2.9914,-4.5051,-0.14
18.6,5.0536,3.6334,3.6731,0.0932,0,0.25,0.25,0.25,-8.6422,-0.4792,-4.4953,-0.04,-8.62,-5.5327,-4.4979,0.1,-11.2696,-2.9889,-4.5052,-0.15
18.7,5.0541,3.6324,3.6741,0.0932,0,0.25,0.25,0.25,-8.6135,-0.4781,-4.4948,-0.03,-8.5918,-5.5322,-4.4983,0.08,-11.2409,-2.9864,-4.505,-0.16
18.8,5.0542,3.6311,3.6747,0.093,0,0.25,0.25,0.25,-8.5846,-0.4773,-4.4946,-0.02,-8.5634,-5.5315,-4.4984,0.07,-11.2117,-2.984,-4.5048,-0.16
18.9,5.0547,3.63,3.675,0.0926,0,0.25,0.25,0.25,-8.5557,-0.4763,-4.4947,-0.01,-8.5353,-5.531,-4.4985,0.06,-11.1824,-2.9817,-4.5045,-0.14
19.0,5.055,3.6294,3.675,0.0923,0,0.25,0.25,0.25,-8.5265,-0.4754,-4.4947,-0.01,-8.5072,-5.5304,-4.4989,0.04,-11.1531,-2.9801,-4.5041,-0.14
19.1,5.0551,3.6293,3.6749,0.0922,0,0.25,0.25,0.25,-8.497,-0.475,-4.495,-0.02,-8.4791,-5.53,-4.4995,0.01,-11.1242,-2.9789,-4.504,-0.14
19.2,5.0548,3.6294,3.6751,0.0925,0,0.25,0.25,0.25,-8.4676,-0.475,-4.4953,-0.03,-8.4512,-5.5297,-4.5002,-0.01,-11.0959,-2.9779,-4.5039,-0.14
19.3,5.0541,3.6296,3.675,0.0928,0,0.25,0.25,0.25,-8.4384,-0.4752,-4.4955,-0.04,-8.4234,-5.5293,-4.5007,-0.03,-11.0678,-2.9773,-4.5036,-0.15
19.4,5.054,3.6302,3.6741,0.0927,0,0.25,0.25,0.25,-8.4095,-0.4752,-4.4955,-0.05,-8.396,-5.5292,-4.5008,-0.04,-11.0394,-2.9776,-4.5029,-0.16
19.5,5.0541,3.6311,3.6729,0.0924,0,0.25,0.25,0.25,-8.3809,-0.4754,-4.4953,-0.05,-8.3685,-5.5294,-4.5003,-0.05,-11.0112,-2.9787,-4.5019,-0.17
19.6,5.0543,3.6322,3.6713,0.0919,0,0.25,0.25,0.25,-8.3528,-0.4756,-4.4949,-0.06,-8.3409,-5.5299,-4.4997,-0.06,-10.9828,-2.9807,-4.5009,-0.17
19.7,5.0555,3.6338,3.6697,0.0913,0,0.25,0.25,0.25,-8.3248,-0.4753,-4.4946,-0.06,-8.3133,-5.5308,-4.4992,-0.07,-10.9545,-2.9831,-4.5,-0.17
19.8,5.0572,3.6354,3.6683,0.0906,0,0.25,0.25,0.25,-8.2973,-0.4748,-4.4944,-0.06,-8.2859,-5.5321,-4.4988,-0.08,-10.9264,-2.9856,-4.4987,-0.17
19.9,5.059,3.6368,3.6673,0.0901,0,0.25,0.25,0.25,-8.2698,-0.4742,-4.494,-0.07,-8.2586,-5.5332,-4.4985,-0.1,-10.8984,-2.9875,-4.4976,-0.16
20.0,5.0607,3.6381,3.667,0.09,0,0.25,0.25,0.25,-8.2419,-0.4736,-4.4937,-0.06,-8.2309,-5.5343,-4.4982,-0.1,-10.8705,-2.9888,-4.4969,-0.15
20.1,5.0615,3.6394,3.6675,0.0905,0,0.25,0.25,0.25,-8.2136,-0.4735,-4.4934,-0.08,-8.2028,-5.5349,-4.4981,-0.09,-10.8431,-2.9896,-4.4964,-0.14
20.2,5.0617,3.6408,3.6677,0.0911,0,0.25,0.25,0.25,-8.1852,-0.4733,-4.4931,-0.09,-8.1748,-5.535,-4.4982,-0.08,-10.816,-2.9902,-4.4962,-0.14
20.3,5.0622,3.6422,3.6679,0.0917,0,0.25,0.25,0.25,-8.157,-0.473,-4.4928,-0.11,-8.1469,-5.5351,-4.4984,-0.09,-10.7888,-2.9907,-4.4962,-0.15
20.4,5.0625,3.6432,3.6681,0.0921,0,0.25,0.25,0.25,-8.1286,-0.4728,-4.4927,-0.11,-8.1192,-5.5353,-4.4987,-0.11,-10.7614,-2.991,-4.4963,-0.16
20.5,5.0626,3.6435,3.6682,0.0923,0,0.25,0.25,0.25,-8.1003,-0.4728,-4.4927,-0.11,-8.0915,-5.5354,-4.4986,-0.12,-10.7337,-2.9909,-4.4966,-0.16
20.6,5.0625,3.6433,3.6687,0.0925,0,0.25,0.25,0.25,-8.072,-0.473,-4.4927,-0.1,-8.0637,-5.5355,-4.4981,-0.13,-10.7059,-2.9902,-4.4969,-0.15
20.7,5.0629,3.6428,3.6704,0.093,0,0.25,0.25,0.25,-8.0436,-0.4731,-4.4927,-0.1,-8.0358,-5.5361,-4.4977,-0.14,-10.6783,-2.9888,-4.497,-0.14
20.8,5.0631,3.6419,3.6722,0.0936,0,0.25,0.25,0.25,-8.0151,-0.4735,-4.4928,-0.1,-8.0075,-5.5366,-4.4974,-0.13,-10.6505,-2.9871,-4.4968,-0.13
20.9,5.0628,3.6411,3.6741,0.0943,0,0.25,0.25,0.25,-7.9866,-0.474,-4.4929,-0.08,-7.9789,-5.5368,-4.4973,-0.11,-10.6228,-2.9856,-4.4966,-0.12
21.0,5.0628,3.641,3.6757,0.0951,0,0.25,0.25,0.25,-7.9581,-0.4744,-4.4932,-0.07,-7.9504,-5.5371,-4.4974,-0.1,-10.5953,-2.9847,-4.4964,-0.11
21.1,5.0633,3.6415,3.6764,0.0955,0,0.25,0.25,0.25,-7.9296,-0.4744,-4.4936,-0.05,-7.922,-5.5376,-4.4973,-0.08,-10.5676,-2.9848,-4.4961,-0.11
21.2,5.0638,3.6426,3.6762,0.0957,0,0.25,0.25,0.25,-7.9007,-0.4744,-4.4939,-0.05,-7.8938,-5.5382,-4.4973,-0.05,-10.5393,-2.9856,-4.4958,-0.11
21.3,5.0645,3.644,3.6749,0.0954,0,0.25,0.25,0.25,-7.8717,-0.4742,-4.4941,-0.04,-7.8658,-5.5387,-4.4974,-0.03,-10.5106,-2.9872,-4.4954,-0.11
21.4,5.0653,3.6454,3.6728,0.0947,0,0.25,0.25,0.25,-7.8427,-0.4741,-4.4945,-0.04,-7.8382,-5.5394,-4.4976,-0.01,-10.4814,-2.9893,-4.4949,-0.12
21.5,5.0654,3.6467,3.6702,0.0939,0,0.25,0.25,0.25,-7.8137,-0.4743,-4.4952,-0.04,-7.8104,-5.5397,-4.4977,-0.0,-10.4521,-2.9918,-4.4944,-0.12
21.6,5.065,3.6483,3.6674,0.0933,0,0.25,0.25,0.25,-7.7848,-0.4746,-4.496,-0.03,-7.7826,-5.5396,-4.4977,0.02,-10.4231,-2.9945,-4.4943,-0.12
21.7,5.065,3.6501,3.6652,0.093,0,0.25,0.25,0.25,-7.7559,-0.4747,-4.4967,-0.03,-7.7547,-5.5397,-4.4978,0.04,-10.3945,-2.9969,-4.4942,-0.12
21.8,5.066,3.652,3.6644,0.0932,0,0.25,0.25,0.25,-7.7272,-0.4742,-4.497,-0.03,-7.7266,-5.5401,-4.4978,0.05,-10.3663,-2.9985,-4.4941,-0.11
21.9,5.0671,3.6538,3.6641,0.0934,0,0.25,0.25,0.25,-7.6987,-0.4734,-4.497,-0.03,-7.6988,-5.5405,-4.4976,0.07,-10.3386,-2.9994,-4.4937,-0.11
22.0,5.0681,3.6555,3.6641,0.0938,0,0.25,0.25,0.25,-7.6699,-0.4726,-4.4965,-0.04,-7.671,-5.5407,-4.4974,0.08,-10.311,-2.9998,-4.4932,-0.12
22.1,5.0688,3.6564,3.6646,0.0943,0,0.25,0.25,0.25,-7.641,-0.4721,-4.4957,-0.04,-7.643,-5.5409,-4.4971,0.09,-10.2832,-2.9996,-4.4931,-0.13
22.2,5.0691,3.6567,3.6653,0.0947,0,0.25,0.25,0.25,-7.6123,-0.4719,-4.4954,-0.04,-7.6147,-5.5409,-4.4967,0.09,-10.2553,-2.9989,-4.4932,-0.13
22.3,5.0693,3.6565,3.6663,0.095,0,0.25,0.25,0.25,-7.5837,-0.4717,-4.4953,-0.04,-7.5865,-5.541,-4.4964,0.11,-10.2274,-2.9978,-4.4933,-0.13
22.4,5.0698,3.6563,3.668,0.0956,0,0.25,0.25,0.25,-7.5552,-0.4713,-4.4956,-0.03,-7.5578,-5.5411,-4.4961,0.12,-10.1995,-2.9964,-4.4935,-0.13
22.5,5.0708,3.6559,3.6702,0.0962,0,0.25,0.25,0.25,-7.5264,-0.4708,-4.4958,-0.03,-7.529,-5.5416,-4.4959,0.13,-10.1715,-2.9946,-4.4932,-0.13
22.6,5.0715,3.655,3.6724,0.0967,0,0.25,0.25,0.25,-7.498,-0.4707,-4.4959,-0.02,-7.5,-5.5422,-4.496,0.13,-10.1433,-2.9928,-4.4931,-0.11
22.7,5.0705,3.6535,3.6739,0.0971,0,0.25,0.25,0.25,-7.4697,-0.4715,-4.4959,-0.0,-7.4708,-5.542,-4.4962,0.13,-10.115,-2.9914,-4.4929,-0.09
22.8,5.069,3.6521,3.6745,0.0973,0,0.25,0.25,0.25,-7.4419,-0.4725,-4.4958,0.01,-7.4417,-5.5415,-4.4964,0.12,-10.0868,-2.991,-4.4927,-0.08
22.9,5.0679,3.6518,3.6745,0.0975,0,0.25,0.25,0.25,-7.4142,-0.4732,-4.4957,0.03,-7.4129,-5.541,-4.4964,0.11,-10.0589,-2.9914,-4.4926,-0.05
23.0,5.0676,3.6518,3.6742,0.0974,0,0.25,0.25,0.25,-7.3867,-0.4736,-4.4959,0.04,-7.3842,-5.5411,-4.4967,0.1,-10.0307,-2.9925,-4.4927,-0.03
23.1,5.0674,3.6513,3.6739,0.0971,0,0.25,0.25,0.25,-7.3594,-0.4743,-4.4961,0.04,-7.3555,-5.5417,-4.4971,0.08,-10.0023,-2.9937,-4.4929,-0.02
23.2,5.067,3.6511,3.673,0.0966,0,0.25,0.25,0.25,-7.332,-0.4748,-4.496,0.04,-7.3267,-5.5418,-4.4971,0.06,-9.9736,-2.9953,-4.4933,0.01
23.3,5.0666,3.6516,3.6715,0.0961,0,0.25,0.25,0.25,-7.3045,-0.475,-4.4961,0.04,-7.2976,-5.5416,-4.4963,0.04,-9.9448,-2.9975,-4.4939,0.02
23.4,5.0659,3.6518,3.6701,0.0956,0,0.25,0.25,0.25,-7.2771,-0.4758,-4.4962,0.04,-7.2685,-5.5417,-4.4954,0.02,-9.916,-3.0001,-4.4943,0.04
23.5,5.0652,3.6519,3.6685,0.0951,0,0.25,0.25,0.25,-7.2498,-0.4768,-4.4963,0.04,-7.2394,-5.542,-4.495,-0.01,-9.8871,-3.0028,-4.4945,0.07
23.6,5.0649,3.6517,3.6675,0.0946,0,0.25,0.25,0.25,-7.2225,-0.4777,-4.4962,0.05,-7.2102,-5.5425,-4.4947,-0.02,-9.8582,-3.0051,-4.4945,0.09
23.7,5.0644,3.651,3.6669,0.0942,0,0.25,0.25,0.25,-7.195,-0.4787,-4.4959,0.07,-7.1807,-5.5431,-4.4946,-0.02,-9.8291,-3.0069,-4.4941,0.11
23.8,5.0642,3.651,3.6664,0.094,0,0.25,0.25,0.25,-7.1671,-0.4794,-4.4957,0.09,-7.1512,-5.5435,-4.4946,-0.03,-9.8001,-3.0086,-4.4937,0.12
23.9,5.0634,3.6508,3.6656,0.0938,0,0.25,0.25,0.25,-7.139,-0.4801,-4.4955,0.1,-7.1221,-5.5435,-4.4943,-0.02,-9.7712,-3.01,-4.4929,0.12
24.0,5.0627,3.6507,3.6647,0.0935,0,0.25,0.25,0.25,-7.111,-0.481,-4.4952,0.1,-7.0931,-5.5437,-4.494,-0.01,-9.7423,-3.0115,-4.4922,0.12
24.1,5.0624,3.6507,3.6639,0.0933,0,0.25,0.25,0.25,-7.0829,-0.4816,-4.4944,0.09,-7.0644,-5.544,-4.4936,-0.01,-9.7135,-3.0129,-4.4918,0.11
24.2,5.0624,3.651,3.664,0.0934,0,0.25,0.25,0.25,-7.0545,-0.4822,-4.4933,0.09,-7.0356,-5.5446,-4.4935,0.0,-9.6852,-3.0139,-4.4915,0.09
24.3,5.0626,3.6508,3.6645,0.0935,0,0.25,0.25,0.25,-7.0264,-0.4828,-4.4926,0.08,-7.0068,-5.5454,-4.4937,0.01,-9.6569,-3.0143,-4.4913,0.08
24.4,5.0626,3.6496,3.6655,0.0934,0,0.25,0.25,0.25,-6.9985,-0.4835,-4.4919,0.08,-6.9782,-5.546,-4.4941,0.01,-9.6285,-3.0139,-4.4911,0.06
24.5,5.0625,3.648,3.6673,0.0936,0,0.25,0.25,0.25,-6.9709,-0.4842,-4.4911,0.07,-6.9495,-5.5466,-4.4945,0.01,-9.6005,-3.0127,-4.4912,0.05
24.6,5.0624,3.6464,3.6691,0.0937,0,0.25,0.25,0.25,-6.9431,-0.4847,-4.4903,0.07,-6.9207,-5.547,-4.4951,0.02,-9.5724,-3.0111,-4.4918,0.04
24.7,5.0618,3.6447,3.6707,0.0939,0,0.25,0.25,0.25,-6.9151,-0.4854,-4.4896,0.05,-6.892,-5.5472,-4.496,0.02,-9.5443,-3.0096,-4.4921,0.03
24.8,5.0603,3.6426,3.6718,0.094,0,0.25,0.25,0.25,-6.8869,-0.4868,-4.4891,0.04,-6.8637,-5.547,-4.4971,0.03,-9.5161,-3.008,-4.4924,0.03
24.9,5.0587,3.6401,3.6726,0.0939,0,0.25,0.25,0.25,-6.859,-0.4884,-4.4885,0.02,-6.8357,-5.5471,-4.4981,0.03,-9.4877,-3.0064,-4.4925,0.02
25.0,5.0575,3.6375,3.6734,0.0936,0,0.25,0.25,0.25,-6.8311,-0.4898,-4.4879,0.02,-6.8079,-5.5473,-4.4986,0.05,-9.4592,-3.0048,-4.4926,0.01
25.1,5.0572,3.6353,3.6739,0.093,0,0.25,0.25,0.25,-6.8033,-0.4908,-4.4874,0.01,-6.78,-5.548,-4.4989,0.05,-9.4303,-3.0037,-4.4926,-0.01
25.2,5.0577,3.6338,3.6741,0.0923,0,0.25,0.25,0.25,-6.7754,-0.4913,-4.4866,-0.0,-6.7519,-5.549,-4.4989,0.04,-9.4011,-3.0033,-4.4929,-0.01
25.3,5.0584,3.6327,3.6736,0.0914,0,0.25,0.25,0.25,-6.7473,-0.4919,-4.4857,-0.01,-6.7237,-5.5503,-4.4987,0.04,-9.3716,-3.0039,-4.4936,0.0
25.4,5.0592,3.6323,3.6726,0.0905,0,0.25,0.25,0.25,-6.7192,-0.4926,-4.4851,-0.02,-6.6955,-5.5517,-4.4986,0.03,-9.342,-3.0054,-4.4939,0.01
25.5,5.0596,3.6323,3.6717,0.0899,0,0.25,0.25,0.25,-6.6909,-0.4933,-4.4846,-0.03,-6.6672,-5.5529,-4.4987,0.03,-9.3129,-3.007,-4.4941,0.01
25.6,5.0602,3.6321,3.6713,0.0894,0,0.25,0.25,0.25,-6.6627,-0.4937,-4.4845,-0.04,-6.6387,-5.5539,-4.499,0.02,-9.2839,-3.008,-4.4943,0.01
25.7,5.0612,3.6322,3.6712,0.0891,0,0.25,0.25,0.25,-6.6345,-0.4937,-4.4846,-0.05,-6.6105,-5.5549,-4.4993,0.02,-9.2552,-3.0086,-4.4943,0.01
25.8,5.0629,3.6327,3.6714,0.0889,0,0.25,0.25,0.25,-6.6065,-0.4931,-4.4848,-0.07,-6.5827,-5.556,-4.4995,0.01,-9.227,-3.0091,-4.4944,0.01
25.9,5.065,3.6337,3.672,0.0889,0,0.25,0.25,0.25,-6.5786,-0.4924,-4.485,-0.08,-6.555,-5.5573,-4.4996,-0.01,-9.1992,-3.0095,-4.4946,0.02
26.0,5.0667,3.6343,3.6727,0.089,0,0.25,0.25,0.25,-6.5506,-0.492,-4.4854,-0.08,-6.5272,-5.5586,-4.4995,-0.03,-9.1715,-3.0097,-4.4948,0.02
26.1,5.0675,3.6345,3.6733,0.0891,0,0.25,0.25,0.25,-6.5228,-0.4922,-4.486,-0.08,-6.4997,-5.5596,-4.4992,-0.05,-9.144,-3.0099,-4.4948,0.03
26.2,5.0679,3.6342,3.6734,0.089,0,0.25,0.25,0.25,-6.4955,-0.4925,-4.4866,-0.09,-6.4726,-5.5603,-4.4986,-0.06,-9.1165,-3.01,-4.4948,0.03
26.3,5.0683,3.634,3.6735,0.0888,0,0.25,0.25,0.25,-6.4682,-0.4926,-4.4874,-0.09,-6.4457,-5.5608,-4.4979,-0.07,-9.0891,-3.0099,-4.4948,0.05
26.4,5.0687,3.6335,3.6738,0.0886,0,0.25,0.25,0.25,-6.4407,-0.4927,-4.4882,-0.1,-6.4187,-5.5613,-4.4976,-0.09,-9.0615,-3.0094,-4.4947,0.06
26.5,5.0687,3.6329,3.6739,0.0885,0,0.25,0.25,0.25,-6.4132,-0.4926,-4.4888,-0.1,-6.3917,-5.5612,-4.4974,-0.12,-9.0339,-3.0085,-4.4948,0.08
26.6,5.0679,3.6318,3.674,0.0884,0,0.25,0.25,0.25,-6.3858,-0.4929,-4.4894,-0.1,-6.3646,-5.5607,-4.4974,-0.14,-9.0064,-3.0074,-4.4949,0.11
26.7,5.0671,3.6306,3.6735,0.088,0,0.25,0.25,0.25,-6.3585,-0.4932,-4.4901,-0.09,-6.3376,-5.5602,-4.4975,-0.14,-8.9785,-3.0066,-4.4951,0.13
26.8,5.0665,3.6299,3.673,0.0876,0,0.25,0.25,0.25,-6.3312,-0.4934,-4.4907,-0.1,-6.3103,-5.5598,-4.4972,-0.12,-8.9505,-3.0064,-4.4954,0.15
26.9,5.0657,3.6299,3.672,0.0873,0,0.25,0.25,0.25,-6.3036,-0.4935,-4.4911,-0.1,-6.2826,-5.5591,-4.4965,-0.12,-8.9226,-3.0068,-4.4957,0.16
27.0,5.0647,3.6302,3.6702,0.0868,0,0.25,0.25,0.25,-6.2756,-0.4936,-4.4917,-0.09,-6.2548,-5.5583,-4.4959,-0.11,-8.8941,-3.0079,-4.4959,0.16
27.1,5.0635,3.6302,3.6685,0.0863,0,0.25,0.25,0.25,-6.247,-0.4942,-4.4923,-0.08,-6.2267,-5.5576,-4.4956,-0.1,-8.8652,-3.0088,-4.4963,0.17
27.2,5.0615,3.6298,3.6669,0.086,0,0.25,0.25,0.25,-6.2184,-0.4953,-4.4927,-0.07,-6.1983,-5.5567,-4.4954,-0.09,-8.8363,-3.0096,-4.4969,0.18
27.3,5.0594,3.6293,3.6654,0.0857,0,0.25,0.25,0.25,-6.1898,-0.4967,-4.4929,-0.05,-6.1698,-5.5561,-4.4949,-0.09,-8.8073,-3.0108,-4.4973,0.18
27.4,5.0578,3.6289,3.6636,0.0851,0,0.25,0.25,0.25,-6.1614,-0.498,-4.4932,-0.04,-6.1413,-5.5557,-4.4941,-0.07,-8.7781,-3.0122,-4.4979,0.17
27.5,5.0564,3.6292,3.6613,0.0845,0,0.25,0.25,0.25,-6.1327,-0.4987,-4.4935,-0.03,-6.1128,-5.555,-4.4932,-0.07,-8.7488,-3.014,-4.4986,0.16
27.6,5.0557,3.6298,3.6593,0.0841,0,0.25,0.25,0.25,-6.104,-0.4989,-4.4933,-0.02,-6.0843,-5.5545,-4.492,-0.06,-8.7195,-3.0156,-4.4997,0.16
27.7,5.0552,3.63,3.6574,0.0834,0,0.25,0.25,0.25,-6.0753,-0.499,-4.4931,-0.01,-6.0558,-5.5541,-4.4909,-0.07,-8.69,-3.017,-4.5007,0.16
27.8,5.0544,3.6295,3.6558,0.0827,0,0.25,0.25,0.25,-6.0467,-0.4992,-4.4928,0.01,-6.0273,-5.5536,-4.4901,-0.07,-8.6604,-3.0176,-4.5013,0.16
27.9,5.0538,3.6287,3.6549,0.0821,0,0.25,0.25,0.25,-6.0183,-0.4996,-4.4926,0.02,-5.9992,-5.5534,-4.4899,-0.06,-8.6312,-3.0175,-4.5013,0.16
28.0,5.0533,3.6278,3.6551,0.082,0,0.25,0.25,0.25,-5.9899,-0.5,-4.4923,0.04,-5.9713,-5.5533,-4.4901,-0.05,-8.6028,-3.0166,-4.5011,0.16
28.1,5.0532,3.627,3.6561,0.0822,0,0.25,0.25,0.25,-5.9615,-0.5002,-4.4921,0.04,-5.9433,-5.5534,-4.4903,-0.04,-8.5749,-3.0153,-4.5012,0.15
28.2,5.054,3.626,3.6578,0.0825,0,0.25,0.25,0.25,-5.9334,-0.5,-4.4921,0.04,-5.9154,-5.554,-4.4905,-0.03,-8.547,-3.0134,-4.5015,0.14
28.3,5.0557,3.6252,3.6597,0.0826,0,0.25,0.25,0.25,-5.9054,-0.4993,-4.4922,0.03,-5.8877,-5.555,-4.491,-0.04,-8.519,-3.0115,-4.5017,0.12
28.4,5.0577,3.6247,3.6612,0.0825,0,0.25,0.25,0.25,-5.8775,-0.4979,-4.4923,0.03,-5.8601,-5.5555,-4.4915,-0.05,-8.491,-3.0095,-4.5015,0.1
28.5,5.0593,3.6241,3.6621,0.0823,0,0.25,0.25,0.25,-5.8496,-0.4966,-4.4922,0.03,-5.8324,-5.5559,-4.4918,-0.06,-8.4627,-3.0078,-4.5011,0.09
28.6,5.0607,3.6238,3.6626,0.082,0,0.25,0.25,0.25,-5.8217,-0.4952,-4.4923,0.02,-5.8048,-5.5559,-4.4925,-0.05,-8.4344,-3.0064,-4.501,0.08
28.7,5.0616,3.6239,3.6632,0.082,0,0.25,0.25,0.25,-5.7936,-0.4938,-4.4924,0.02,-5.777,-5.5555,-4.4931,-0.04,-8.4064,-3.0049,-4.5007,0.08
28.8,5.0617,3.6241,3.6644,0.0827,0,0.25,0.25,0.25,-5.765,-0.4932,-4.492,0.02,-5.7491,-5.5548,-4.4937,-0.02,-8.3791,-3.0032,-4.5004,0.08
28.9,5.0616,3.6244,3.6658,0.0837,0,0.25,0.25,0.25,-5.7359,-0.4928,-4.4916,0.01,-5.7211,-5.5544,-4.4939,-0.01,-8.3518,-3.0015,-4.5001,0.08
29.0,5.0612,3.6248,3.667,0.0847,0,0.25,0.25,0.25,-5.7066,-0.4928,-4.4914,0.01,-5.6929,-5.554,-4.4943,-0.0,-8.3244,-3.0001,-4.4999,0.08
29.1,5.0609,3.6255,3.6674,0.0852,0,0.25,0.25,0.25,-5.6774,-0.4927,-4.4911,0.01,-5.6647,-5.5536,-4.4951,0.01,-8.2966,-2.9996,-4.4996,0.09
29.2,5.0605,3.6264,3.6671,0.0856,0,0.25,0.25,0.25,-5.6485,-0.4927,-4.491,0.0,-5.6363,-5.5532,-4.4959,0.0,-8.2686,-2.9999,-4.4993,0.09
29.3,5.0603,3.6277,3.6665,0.0858,0,0.25,0.25,0.25,-5.6197,-0.4925,-4.491,0.0,-5.6078,-5.5527,-4.4965,0.0,-8.2404,-3.0008,-4.499,0.1
29.4,5.0604,3.6289,3.6651,0.0854,0,0.25,0.25,0.25,-5.5913,-0.4918,-4.491,-0.0,-5.5791,-5.5522,-4.4969,0.01,-8.2117,-3.0023,-4.499,0.1
29.5,5.0608,3.6303,3.6628,0.0847,0,0.25,0.25,0.25,-5.5633,-0.4908,-4.4913,0.0,-5.5509,-5.5516,-4.4973,0.0,-8.1828,-3.0042,-4.499,0.1
29.6,5.0613,3.6316,3.6604,0.0837,0,0.25,0.25,0.25,-5.5355,-0.4898,-4.4919,0.02,-5.5231,-5.5511,-4.4975,-0.01,-8.1539,-3.0062,-4.4986,0.1
29.7,5.0618,3.6324,3.6581,0.0827,0,0.25,0.25,0.25,-5.5077,-0.489,-4.4928,0.03,-5.4954,-5.5508,-4.4978,-0.03,-8.1249,-3.0077,-4.4983,0.09
29.8,5.0623,3.6324,3.6565,0.0817,0,0.25,0.25,0.25,-5.4799,-0.4883,-4.4936,0.04,-5.4678,-5.5506,-4.498,-0.04,-8.0959,-3.0084,-4.4977,0.07
29.9,5.0629,3.6323,3.656,0.0813,0,0.25,0.25,0.25,-5.4519,-0.4877,-4.4943,0.05,-5.44,-5.5506,-4.4982,-0.05,-8.0674,-3.0083,-4.4967,0.05
30.0,5.0633,3.6322,3.6566,0.0813,0,0.25,0.25,0.25,-5.4238,-0.4875,-4.4948,0.06,-5.4117,-5.5508,-4.4984,-0.06,-8.0393,-3.0078,-4.496,0.04
30.1,5.0634,3.632,3.6575,0.0817,0,0.25,0.25,0.25,-5.3957,-0.4875,-4.4949,0.07,-5.3836,-5.5509,-4.4988,-0.07,-8.0116,-3.0071,-4.4953,0.03
30.2,5.0631,3.6316,3.6584,0.0821,0,0.25,0.25,0.25,-5.3676,-0.4878,-4.495,0.08,-5.3554,-5.5509,-4.4993,-0.08,-7.984,-3.0064,-4.4948,0.03
30.3,5.0627,3.6314,3.6592,0.0825,0,0.25,0.25,0.25,-5.3398,-0.488,-4.4952,0.08,-5.3276,-5.5507,-4.4999,-0.07,-7.9567,-3.0057,-4.4941,0.03
30.4,5.0628,3.6315,3.6597,0.0829,0,0.25,0.25,0.25,-5.3122,-0.4878,-4.4951,0.07,-5.3001,-5.5506,-4.5004,-0.07,-7.9296,-3.0052,-4.4933,0.03
30.5,5.0631,3.6316,3.6604,0.0832,0,0.25,0.25,0.25,-5.2845,-0.4877,-4.4949,0.08,-5.2726,-5.5507,-4.5007,-0.07,-7.9024,-3.0047,-4.4929,0.03
30.6,5.0633,3.6318,3.6608,0.0835,0,0.25,0.25,0.25,-5.2566,-0.4874,-4.4946,0.08,-5.2452,-5.5507,-4.501,-0.06,-7.8751,-3.0041,-4.4927,0.02
30.7,5.0625,3.632,3.6611,0.0839,0,0.25,0.25,0.25,-5.2285,-0.4876,-4.4943,0.08,-5.2178,-5.5501,-4.5011,-0.05,-7.848,-3.0036,-4.4928,0.03
30.8,5.0615,3.6322,3.6617,0.0847,0,0.25,0.25,0.25,-5.2003,-0.4882,-4.4942,0.06,-5.19,-5.5497,-4.5012,-0.03,-7.8211,-3.003,-4.4929,0.03
30.9,5.0607,3.6326,3.6624,0.0855,0,0.25,0.25,0.25,-5.172,-0.4887,-4.4942,0.04,-5.1621,-5.5494,-4.5013,-0.02,-7.7941,-3.0028,-4.4932,0.04
31.0,5.0603,3.6335,3.6629,0.0862,0,0.25,0.25,0.25,-5.1437,-0.4889,-4.4945,0.02,-5.134,-5.5491,-4.5017,-0.0,-7.7671,-3.0028,-4.4934,0.05
31.1,5.0597,3.6346,3.6628,0.0868,0,0.25,0.25,0.25,-5.1149,-0.4892,-4.495,0.01,-5.1059,-5.5488,-4.5018,0.01,-7.7396,-3.0033,-4.494,0.05
31.2,5.0593,3.636,3.6619,0.0871,0,0.25,0.25,0.25,-5.0859,-0.4893,-4.4958,-0.01,-5.0781,-5.5486,-4.5016,0.02,-7.7118,-3.0044,-4.4945,0.06
31.3,5.0597,3.6373,3.6608,0.087,0,0.25,0.25,0.25,-5.0572,-0.4892,-4.4968,-0.03,-5.0504,-5.5489,-4.5015,0.04,-7.6835,-3.0056,-4.495,0.07
31.4,5.0607,3.6384,3.6601,0.0868,0,0.25,0.25,0.25,-5.0289,-0.4889,-4.4978,-0.05,-5.0226,-5.5496,-4.5019,0.06,-7.6553,-3.0068,-4.4953,0.07
31.5,5.0619,3.6397,3.6594,0.0866,0,0.25,0.25,0.25,-5.0009,-0.4884,-4.4988,-0.05,-4.9946,-5.5503,-4.502,0.08,-7.6271,-3.0084,-4.4953,0.08
31.6,5.0634,3.6412,3.6584,0.0863,0,0.25,0.25,0.25,-4.9727,-0.4878,-4.4995,-0.06,-4.9665,-5.5511,-4.5021,0.1,-7.5986,-3.0103,-4.4954,0.07
31.7,5.0649,3.6424,3.6571,0.0857,0,0.25,0.25,0.25,-4.9448,-0.4871,-4.4999,-0.06,-4.9388,-5.552,-4.502,0.11,-7.57,-3.0121,-4.4956,0.06
31.8,5.0659,3.6428,3.6565,0.0853,0,0.25,0.25,0.25,-4.9174,-0.487,-4.5002,-0.07,-4.9112,-5.5529,-4.5016,0.11,-7.5419,-3.0133,-4.4958,0.04
31.9,5.0662,3.6427,3.6561,0.0848,0,0.25,0.25,0.25,-4.8901,-0.4872,-4.5004,-0.09,-4.8838,-5.5534,-4.5012,0.11,-7.514,-3.014,-4.4961,0.02
32.0,5.0663,3.642,3.6559,0.0844,0,0.25,0.25,0.25,-4.863,-0.4877,-4.5007,-0.1,-4.8564,-5.554,-4.5009,0.1,-7.4861,-3.0142,-4.4965,0.01
32.1,5.0668,3.6413,3.656,0.0841,0,0.25,0.25,0.25,-4.8357,-0.488,-4.5011,-0.12,-4.8293,-5.5547,-4.5009,0.1,-7.4583,-3.0141,-4.4969,0.0
32.2,5.0671,3.6407,3.6568,0.0841,0,0.25,0.25,0.25,-4.8082,-0.4883,-4.5014,-0.13,-4.8019,-5.5554,-4.501,0.11,-7.4309,-3.0135,-4.4971,-0.0
32.3,5.0677,3.64,3.6578,0.0841,0,0.25,0.25,0.25,-4.7808,-0.4887,-4.5015,-0.14,-4.7746,-5.5564,-4.5012,0.11,-7.4034,-3.0129,-4.4969,-0.02
32.4,5.0687,3.6391,3.6591,0.084,0,0.25,0.25,0.25,-4.7536,-0.4888,-4.5013,-0.15,-4.747,-5.5575,-4.5015,0.11,-7.3757,-3.0122,-4.4965,-0.03
32.5,5.0702,3.6382,3.6608,0.084,0,0.25,0.25,0.25,-4.7266,-0.4888,-4.5009,-0.16,-4.7189,-5.559,-4.5013,0.11,-7.3481,-3.0116,-4.4959,-0.04
32.6,5.0716,3.6377,3.6622,0.084,0,0.25,0.25,0.25,-4.6996,-0.489,-4.5006,-0.16,-4.691,-5.5606,-4.501,0.1,-7.3205,-3.0116,-4.4954,-0.05
32.7,5.0723,3.6371,3.6632,0.084,0,0.25,0.25,0.25,-4.6726,-0.4892,-4.5002,-0.15,-4.6632,-5.5615,-4.5009,0.1,-7.2931,-3.0115,-4.495,-0.07
32.8,5.0732,3.6367,3.6646,0.0842,0,0.25,0.25,0.25,-4.6454,-0.4893,-4.4997,-0.14,-4.6356,-5.5626,-4.5009,0.09,-7.2658,-3.011,-4.4948,-0.1
32.9,5.0745,3.6359,3.6671,0.0848,0,0.25,0.25,0.25,-4.6183,-0.4898,-4.4989,-0.13,-4.6076,-5.5642,-4.5007,0.07,-7.2389,-3.0101,-4.4948,-0.11
33.0,5.0751,3.6344,3.6698,0.0854,0,0.25,0.25,0.25,-4.591,-0.491,-4.4983,-0.13,-4.5793,-5.5661,-4.5002,0.05,-7.2117,-3.0091,-4.4952,-0.12
33.1,5.0756,3.6331,3.6722,0.086,0,0.25,0.25,0.25,-4.5636,-0.4922,-4.4981,-0.13,-4.5513,-5.5678,-4.5001,0.03,-7.1845,-3.0082,-4.4962,-0.12
33.2,5.0757,3.6322,3.6743,0.0866,0,0.25,0.25,0.25,-4.5361,-0.4931,-4.4981,-0.13,-4.5231,-5.5688,-4.4999,0.01,-7.1574,-3.0074,-4.497,-0.13
33.3,5.0753,3.6315,3.6761,0.0874,0,0.25,0.25,0.25,-4.5085,-0.4939,-4.4982,-0.12,-4.4946,-5.5692,-4.4998,-0.01,-7.1303,-3.0066,-4.4977,-0.12
33.4,5.0749,3.631,3.6776,0.0882,0,0.25,0.25,0.25,-4.4805,-0.4946,-4.4984,-0.11,-4.4664,-5.5695,-4.4996,-0.03,-7.1031,-3.0058,-4.4982,-0.11
33.5,5.074,3.6305,3.6786,0.0888,0,0.25,0.25,0.25,-4.4526,-0.4951,-4.4984,-0.1,-4.4382,-5.5691,-4.4994,-0.04,-7.0758,-3.0049,-4.4987,-0.11
33.6,5.0729,3.6303,3.6794,0.0895,0,0.25,0.25,0.25,-4.4248,-0.4954,-4.4985,-0.09,-4.4099,-5.5683,-4.4991,-0.03,-7.0487,-3.0042,-4.499,-0.09
33.7,5.0718,3.6308,3.6804,0.0906,0,0.25,0.25,0.25,-4.3966,-0.4956,-4.4987,-0.08,-4.3815,-5.5674,-4.4987,-0.02,-7.022,-3.0037,-4.499,-0.07
33.8,5.071,3.6316,3.6817,0.0918,0,0.25,0.25,0.25,-4.3683,-0.4956,-4.4992,-0.09,-4.353,-5.5666,-4.4984,-0.01,-6.9954,-3.0029,-4.4988,-0.05
33.9,5.0706,3.6327,3.6829,0.093,0,0.25,0.25,0.25,-4.3397,-0.4953,-4.4997,-0.09,-4.3243,-5.5658,-4.4982,0.0,-6.9686,-3.0024,-4.4985,-0.04
34.0,5.0704,3.6342,3.6832,0.0938,0,0.25,0.25,0.25,-4.3109,-0.4947,-4.5,-0.08,-4.2957,-5.565,-4.4981,0.01,-6.9412,-3.0025,-4.498,-0.03
34.1,5.0704,3.6357,3.6826,0.094,0,0.25,0.25,0.25,-4.282,-0.4941,-4.4999,-0.07,-4.2672,-5.5645,-4.498,0.02,-6.9132,-3.0032,-4.4976,-0.03
34.2,5.071,3.6371,3.6818,0.0939,0,0.25,0.25,0.25,-4.2531,-0.4936,-4.4994,-0.06,-4.2389,-5.5646,-4.4978,0.01,-6.8847,-3.0043,-4.4977,-0.03
34.3,5.0724,3.6389,3.6812,0.0939,0,0.25,0.25,0.25,-4.2241,-0.4931,-4.4988,-0.05,-4.2107,-5.5655,-4.4976,0.01,-6.8562,-3.0058,-4.4982,-0.03
34.4,5.0746,3.641,3.6802,0.0935,0,0.25,0.25,0.25,-4.1954,-0.4922,-4.4982,-0.03,-4.1827,-5.5667,-4.4976,-0.0,-6.8276,-3.0077,-4.499,-0.04
34.5,5.077,3.6429,3.679,0.0929,0,0.25,0.25,0.25,-4.167,-0.4913,-4.4979,-0.02,-4.1549,-5.5682,-4.4982,-0.0,-6.7989,-3.01,-4.4994,-0.04
34.6,5.0794,3.6447,3.6779,0.0923,0,0.25,0.25,0.25,-4.1388,-0.4907,-4.4975,-0.0,-4.127,-5.5701,-4.4985,-0.01,-6.7701,-3.0125,-4.4995,-0.04
34.7,5.0815,3.6462,3.6775,0.092,0,0.25,0.25,0.25,-4.1108,-0.4903,-4.497,0.01,-4.0989,-5.5718,-4.4987,-0.02,-6.7419,-3.0147,-4.4995,-0.05
34.8,5.0834,3.6474,3.6772,0.0917,0,0.25,0.25,0.25,-4.0831,-0.4898,-4.4965,0.03,-4.0707,-5.5732,-4.4988,-0.02,-6.7136,-3.0165,-4.4995,-0.05
34.9,5.0848,3.648,3.677,0.0914,0,0.25,0.25,0.25,-4.0557,-0.4894,-4.4962,0.03,-4.0425,-5.5742,-4.4986,-0.02,-6.6855,-3.0178,-4.4993,-0.05
35.0,5.0853,3.648,3.677,0.0911,0,0.25,0.25,0.25,-4.0285,-0.4897,-4.496,0.03,-4.0144,-5.575,-4.4986,-0.02,-6.6575,-3.0188,-4.4991,-0.05
35.1,5.0852,3.6475,3.677,0.091,0,0.25,0.252,0.25,-4.0014,-0.4904,-4.496,0.01,-3.9866,-5.5756,-4.4988,-0.02,-6.6298,-3.0194,-4.499,-0.05
35.2,5.0849,3.6469,3.6775,0.0911,0,0.251,0.256,0.251,-3.974,-0.4914,-4.496,-0.0,-3.9587,-5.5763,-4.4992,-0.04,-6.6022,-3.0198,-4.4988,-0.04
35.3,5.0846,3.646,3.6785,0.0913,0,0.251,0.265,0.252,-3.9466,-0.4925,-4.4958,-0.01,-3.9308,-5.5771,-4.5,-0.05,-6.5747,-3.0196,-4.4987,-0.03
35.4,5.0839,3.6444,3.6796,0.0914,0,0.252,0.276,0.253,-3.9194,-0.4933,-4.4955,-0.01,-3.9028,-5.5772,-4.5005,-0.05,-6.5471,-3.0185,-4.4986,-0.03
35.5,5.0822,3.6425,3.6805,0.0916,0,0.253,0.291,0.254,-3.892,-0.494,-4.4952,-0.01,-3.875,-5.5762,-4.5005,-0.06,-6.5196,-3.0166,-4.4983,-0.04
35.6,5.0798,3.6409,3.6811,0.092,1,0.255,0.308,0.256,-3.8645,-0.4946,-4.4946,-0.01,-3.8472,-5.5744,-4.5001,-0.07,-6.4925,-3.0145,-4.498,-0.05
35.7,5.0769,3.64,3.6812,0.0927,1,0.256,0.329,0.259,-3.8368,-0.4949,-4.4937,-0.01,-3.8192,-5.5717,-4.4996,-0.07,-6.4655,-3.0128,-4.4978,-0.05
35.8,5.0738,3.6399,3.681,0.0935,1,0.258,0.353,0.262,-3.8089,-0.4947,-4.4929,-0.01,-3.7913,-5.5684,-4.4991,-0.07,-6.4389,-3.0111,-4.4979,-0.04
35.9,5.07,3.6401,3.68,0.0943,1,0.261,0.38,0.265,-3.7806,-0.494,-4.4922,-0.02,-3.7634,-5.564,-4.4989,-0.07,-6.4121,-3.0091,-4.4983,-0.04
36.0,5.0651,3.6403,3.6781,0.095,1,0.263,0.409,0.268,-3.7522,-0.4933,-4.4916,-0.03,-3.7356,-5.5584,-4.499,-0.06,-6.3851,-3.0072,-4.4986,-0.04
36.1,5.0595,3.6407,3.6748,0.0953,1,0.266,0.44,0.272,-3.7236,-0.4923,-4.491,-0.05,-3.7082,-5.5518,-4.499,-0.05,-6.3577,-3.0053,-4.4989,-0.05
36.2,5.0526,3.6415,3.67,0.0954,1,0.268,0.474,0.277,-3.6947,-0.4912,-4.4908,-0.06,-3.6811,-5.5437,-4.4987,-0.03,-6.3304,-3.0039,-4.4991,-0.05
36.3,5.0441,3.6422,3.664,0.0954,1,0.271,0.509,0.282,-3.6659,-0.4902,-4.491,-0.08,-3.654,-5.5343,-4.4985,-0.03,-6.3027,-3.0027,-4.4992,-0.05
36.4,5.0349,3.6424,3.6564,0.0949,1,0.274,0.545,0.287,-3.6373,-0.4888,-4.4915,-0.09,-3.6269,-5.5237,-4.4981,-0.03,-6.2742,-3.0016,-4.4993,-0.05
36.5,5.025,3.6418,3.6477,0.0937,1,0.277,0.583,0.292,-3.609,-0.4871,-4.4918,-0.1,-3.5996,-5.512,-4.4976,-0.03,-6.2447,-3.0001,-4.4993,-0.05
36.6,5.0142,3.641,3.6384,0.0925,1,0.28,0.621,0.298,-3.5804,-0.4851,-4.4918,-0.1,-3.5721,-5.4993,-4.4971,-0.03,-6.2147,-2.9984,-4.4994,-0.06
36.7,5.0031,3.64,3.6288,0.0914,1,0.283,0.659,0.304,-3.5517,-0.4825,-4.4916,-0.1,-3.5443,-5.4856,-4.4965,-0.04,-6.1845,-2.9961,-4.4993,-0.06
36.8,4.9912,3.6385,3.6183,0.0901,1,0.286,0.697,0.31,-3.5233,-0.4798,-4.4915,-0.09,-3.5167,-5.4709,-4.4959,-0.06,-6.1539,-2.9935,-4.4993,-0.06
36.9,4.9779,3.6364,3.6071,0.0889,1,0.289,0.735,0.316,-3.4952,-0.4775,-4.4914,-0.08,-3.4894,-5.4553,-4.4955,-0.07,-6.1233,-2.9908,-4.4994,-0.06
37.0,4.9637,3.6338,3.5963,0.088,1,0.291,0.772,0.322,-3.4672,-0.4755,-4.4914,-0.07,-3.462,-5.4392,-4.4949,-0.08,-6.093,-2.9874,-4.4998,-0.06
37.1,4.9482,3.6309,3.5856,0.0876,1,0.294,0.807,0.328,-3.439,-0.4736,-4.4913,-0.07,-3.4344,-5.4218,-4.4941,-0.09,-6.063,-2.9831,-4.5001,-0.06
37.2,4.9316,3.6272,3.5753,0.0873,1,0.296,0.84,0.334,-3.4108,-0.472,-4.4911,-0.09,-3.4067,-5.4035,-4.4936,-0.09,-6.0332,-2.9779,-4.5002,-0.04
37.3,4.9144,3.6232,3.5651,0.0872,1,0.299,0.871,0.34,-3.3825,-0.4703,-4.4912,-0.09,-3.3791,-5.3847,-4.4932,-0.1,-6.0036,-2.9719,-4.5001,-0.04
37.4,4.8969,3.6193,3.5541,0.087,1,0.301,0.9,0.345,-3.354,-0.4682,-4.4913,-0.08,-3.3518,-5.3651,-4.4931,-0.11,-5.9736,-2.9656,-4.4999,-0.04
37.5,4.8785,3.616,3.5417,0.0884,1,0.302,0.925,0.351,-3.3253,-0.4656,-4.4914,-0.07,-3.3248,-5.3441,-4.4933,-0.13,-5.9435,-2.9595,-4.4996,-0.04
37.6,4.8592,3.6127,3.5277,0.0986,1,0.304,0.948,0.356,-3.2968,-0.4623,-4.4911,-0.05,-3.298,-5.3215,-4.4933,-0.14,-5.913,-2.9537,-4.4994,-0.04
37.7,4.8386,3.6103,3.512,0.1102,1,0.305,0.966,0.36,-3.268,-0.4586,-4.4908,-0.03,-3.2716,-5.2972,-4.4934,-0.15,-5.8825,-2.9483,-4.4994,-0.05
37.8,4.8163,3.6083,3.4946,0.1233,1,0.306,0.981,0.364,-3.2395,-0.4546,-4.4906,-0.02,-3.2456,-5.2709,-4.4936,-0.17,-5.8522,-2.9433,-4.4994,-0.06
37.9,4.7924,3.6064,3.4753,0.1379,1,0.306,0.992,0.368,-3.2111,-0.4505,-4.4903,-0.01,-3.2203,-5.2429,-4.4937,-0.17,-5.8218,-2.9385,-4.4993,-0.06
38.0,4.7671,3.6046,3.4544,0.1537,1,0.306,0.999,0.371,-3.183,-0.4461,-4.4904,-0.0,-3.1957,-5.2131,-4.4938,-0.17,-5.7914,-2.9338,-4.4992,-0.07
38.1,4.7403,3.603,3.4325,0.1707,1,0.306,1.003,0.374,-3.155,-0.4416,-4.4907,-0.01,-3.1717,-5.1818,-4.4941,-0.15,-5.7615,-2.929,-4.4991,-0.07
38.2,4.7121,3.6017,3.4099,0.1888,1,0.306,1.007,0.376,-3.127,-0.4371,-4.4911,-0.02,-3.1485,-5.1491,-4.4947,-0.15,-5.7323,-2.924,-4.4986,-0.07
38.3,4.6829,3.6008,3.3865,0.2076,1,0.306,1.01,0.379,-3.0991,-0.4325,-4.4916,-0.02,-3.1259,-5.1154,-4.4953,-0.16,-5.7036,-2.919,-4.4981,-0.07
38.4,4.6526,3.6,3.3619,0.2274,1,0.306,1.014,0.382,-3.071,-0.4281,-4.4922,-0.04,-3.1041,-5.0806,-4.4958,-0.17,-5.6749,-2.9141,-4.4976,-0.06
38.5,4.6207,3.5992,3.3368,0.248,1,0.306,1.017,0.384,-3.0425,-0.4243,-4.4929,-0.05,-3.0828,-5.0449,-4.496,-0.18,-5.6465,-2.909,-4.4975,-0.06
38.6,4.5882,3.5987,3.3113,0.2691,1,0.306,1.019,0.387,-3.0138,-0.4205,-4.4936,-0.05,-3.0622,-5.0084,-4.4959,-0.18,-5.6184,-2.9037,-4.4973,-0.06
38.7,4.5553,3.5986,3.2851,0.2908,1,0.306,1.021,0.39,-2.9854,-0.4163,-4.4943,-0.06,-3.042,-4.9712,-4.4957,-0.18,-5.5907,-2.8986,-4.497,-0.06
38.8,4.5218,3.5982,3.2589,0.3129,1,0.306,1.023,0.392,-2.9574,-0.4121,-4.495,-0.06,-3.0221,-4.9334,-4.4955,-0.17,-5.5634,-2.8932,-4.497,-0.06
38.9,4.4881,3.5977,3.2324,0.3352,1,0.306,1.024,0.395,-2.9295,-0.4075,-4.495,-0.05,-3.0025,-4.895,-4.4954,-0.16,-5.5359,-2.8875,-4.497,-0.05
39.0,4.4541,3.5973,3.2052,0.358,1,0.306,1.025,0.397,-2.9016,-0.4029,-4.4948,-0.05,-2.9832,-4.8562,-4.4955,-0.16,-5.5082,-2.882,-4.497,-0.04
39.1,4.4197,3.5969,3.1775,0.3811,1,0.306,1.026,0.4,-2.8739,-0.3981,-4.4948,-0.05,-2.964,-4.8169,-4.4955,-0.16,-5.4804,-2.8768,-4.4971,-0.03
39.2,4.3854,3.5964,3.1498,0.4044,1,0.306,1.026,0.403,-2.8465,-0.3929,-4.4947,-0.06,-2.9445,-4.7771,-4.4958,-0.16,-5.4524,-2.8714,-4.4972,-0.03
39.3,4.351,3.5959,3.1223,0.4278,1,0.305,1.025,0.405,-2.8191,-0.3873,-4.4945,-0.07,-2.925,-4.7371,-4.4961,-0.17,-5.4244,-2.8657,-4.4971,-0.03
39.4,4.3163,3.595,3.0949,0.4513,1,0.305,1.025,0.408,-2.7919,-0.3818,-4.4945,-0.07,-2.9054,-4.6967,-4.496,-0.17,-5.3963,-2.86,-4.497,-0.04
39.5,4.2812,3.5937,3.0673,0.4751,1,0.305,1.024,0.411,-2.7648,-0.3766,-4.4947,-0.08,-2.8857,-4.6561,-4.4959,-0.18,-5.368,-2.8542,-4.497,-0.04
39.6,4.2461,3.5923,3.0399,0.4989,1,0.305,1.022,0.414,-2.7382,-0.3712,-4.495,-0.09,-2.8662,-4.6154,-4.4957,-0.18,-5.3398,-2.8483,-4.497,-0.05
39.7,4.2113,3.5911,3.0123,0.5228,1,0.304,1.02,0.416,-2.7119,-0.3655,-4.4954,-0.11,-2.8469,-4.5746,-4.4956,-0.18,-5.3117,-2.8429,-4.4969,-0.05
39.8,4.177,3.5899,2.9849,0.5465,1,0.304,1.018,0.419,-2.6864,-0.3591,-4.4956,-0.12,-2.8276,-4.5338,-4.4955,-0.17,-5.2837,-2.8374,-4.4968,-0.05
39.9,4.1428,3.5883,2.9583,0.5699,1,0.304,1.016,0.422,-2.6612,-0.3527,-4.4958,-0.12,-2.8083,-4.493,-4.4956,-0.16,-5.2559,-2.8314,-4.4967,-0.05
40.0,4.1084,3.5864,2.9323,0.5934,1,0.303,1.013,0.425,-2.636,-0.3466,-4.4958,-0.12,-2.7888,-4.4522,-4.496,-0.14,-5.2282,-2.8251,-4.4968,-0.04
40.1,4.0743,3.5845,2.9067,0.6166,1,0.303,1.009,0.427,-2.6108,-0.3403,-4.4953,-0.12,-2.7694,-4.4116,-4.4964,-0.13,-5.2007,-2.8185,-4.4974,-0.05
40.2,4.0409,3.5827,2.8819,0.6393,1,0.303,1.005,0.43,-2.5858,-0.3336,-4.4945,-0.12,-2.7499,-4.3711,-4.4971,-0.13,-5.1734,-2.8115,-4.498,-0.06
40.3,4.0076,3.5811,2.8578,0.662,1,0.302,1.001,0.432,-2.5608,-0.3269,-4.4943,-0.13,-2.7304,-4.3309,-4.4975,-0.13,-5.1465,-2.8045,-4.4987,-0.07
40.4,3.9747,3.5797,2.8345,0.6843,1,0.302,0.997,0.435,-2.5358,-0.3201,-4.4947,-0.14,-2.711,-4.2909,-4.4976,-0.13,-5.12,-2.7972,-4.4992,-0.08
40.5,3.9422,3.5783,2.8122,0.7062,1,0.301,0.992,0.437,-2.5108,-0.3133,-4.4953,-0.14,-2.6916,-4.2513,-4.4979,-0.12,-5.0939,-2.7894,-4.4994,-0.09
40.6,3.91,3.5771,2.7907,0.7278,1,0.301,0.988,0.44,-2.4855,-0.3064,-4.4959,-0.15,-2.6719,-4.2119,-4.4981,-0.11,-5.0681,-2.7814,-4.4991,-0.09
40.7,3.8784,3.5764,2.7699,0.7491,1,0.301,0.982,0.442,-2.46,-0.2993,-4.4961,-0.14,-2.6521,-4.173,-4.4985,-0.11,-5.0425,-2.7735,-4.4988,-0.1
40.8,3.8477,3.5762,2.7498,0.7699,1,0.3,0.977,0.444,-2.4346,-0.2918,-4.4964,-0.15,-2.6323,-4.1344,-4.4989,-0.1,-5.0172,-2.7655,-4.4981,-0.12
40.9,3.818,3.5763,2.7307,0.7901,1,0.3,0.971,0.446,-2.4091,-0.2837,-4.497,-0.15,-2.6125,-4.0963,-4.4991,-0.08,-4.9922,-2.7571,-4.4974,-0.13
41.0,3.7893,3.5767,2.7124,0.8097,1,0.299,0.965,0.448,-2.3835,-0.2753,-4.4975,-0.13,-2.5928,-4.0588,-4.499,-0.06,-4.9675,-2.7483,-4.4969,-0.14
41.1,3.7612,3.5771,2.6945,0.8289,1,0.299,0.959,0.45,-2.358,-0.2668,-4.4976,-0.12,-2.5731,-4.0218,-4.4989,-0.05,-4.9428,-2.7394,-4.4965,-0.15
41.2,3.7337,3.5777,2.6766,0.8479,1,0.298,0.953,0.452,-2.3326,-0.2582,-4.4977,-0.11,-2.5532,-3.9854,-4.4992,-0.05,-4.9178,-2.7313,-4.4966,-0.16
41.3,3.707,3.5791,2.6591,0.8667,1,0.297,0.947,0.455,-2.307,-0.2494,-4.4974,-0.11,-2.5331,-3.9496,-4.4993,-0.05,-4.893,-2.7239,-4.4965,-0.17
41.4,3.6806,3.581,2.642,0.8855,1,0.297,0.94,0.457,-2.2815,-0.241,-4.4972,-0.11,-2.513,-3.9143,-4.4992,-0.05,-4.8683,-2.7172,-4.4965,-0.17
41.5,3.654,3.5827,2.6224,0.9046,1,0.296,0.934,0.459,-2.2559,-0.2333,-4.4973,-0.11,-2.4965,-3.8794,-4.499,-0.04,-4.8441,-2.7106,-4.4965,-0.17
41.6,3.6283,3.5846,2.5995,0.9237,1,0.296,0.927,0.461,-2.2302,-0.2259,-4.4973,-0.11,-2.4847,-3.8453,-4.4988,-0.03,-4.8203,-2.704,-4.4963,-0.15
41.7,3.604,3.5868,2.5739,0.9426,1,0.295,0.921,0.463,-2.2043,-0.2186,-4.4972,-0.11,-2.4767,-3.8123,-4.4987,-0.03,-4.7966,-2.6975,-4.4961,-0.14
41.8,3.581,3.5881,2.5461,0.9611,1,0.295,0.914,0.465,-2.1786,-0.2119,-4.4969,-0.12,-2.4716,-3.7809,-4.4986,-0.03,-4.7726,-2.6909,-4.4958,-0.15
41.9,3.5594,3.5887,2.5171,0.979,1,0.295,0.908,0.468,-2.153,-0.2054,-4.4968,-0.12,-2.4682,-3.7509,-4.4986,-0.03,-4.7481,-2.6842,-4.4955,-0.15
42.0,3.5395,3.5871,2.4941,0.9937,1,0.294,0.902,0.468,-2.1277,-0.1988,-4.4966,-0.12,-2.4662,-3.7221,-4.4986,-0.03,-4.7276,-2.6701,-4.4949,-0.16
42.1,3.521,3.5809,2.4765,1.0049,1,0.294,0.896,0.468,-2.1027,-0.1924,-4.4964,-0.13,-2.4654,-3.6947,-4.4985,-0.02,-4.7095,-2.6475,-4.4941,-0.15
42.2,3.5043,3.5711,2.4615,1.0134,1,0.293,0.891,0.466,-2.0779,-0.1858,-4.4966,-0.13,-2.4651,-3.6687,-4.4984,-0.01,-4.6916,-2.6192,-4.4935,-0.14
42.3,3.4889,3.5605,2.4516,1.0196,1,0.293,0.886,0.463,-2.0528,-0.1791,-4.497,-0.13,-2.4653,-3.6436,-4.4984,-0.01,-4.6769,-2.5856,-4.493,-0.13
42.4,3.4746,3.5592,2.4479,1.0262,1,0.292,0.88,0.46,-2.0276,-0.1727,-4.4973,-0.14,-2.4658,-3.6196,-4.4984,-0.0,-4.6707,-2.5563,-4.4924,-0.12
42.5,3.4609,3.5702,2.4482,1.0346,1,0.292,0.875,0.458,-2.0023,-0.1668,-4.4978,-0.14,-2.4667,-3.5964,-4.4984,0.0,-4.6733,-2.5358,-4.4913,-0.1
42.6,3.4485,3.5906,2.4486,1.0451,1,0.291,0.87,0.455,-1.9771,-0.1605,-4.4983,-0.14,-2.4678,-3.5739,-4.4983,0.01,-4.68,-2.5242,-4.4898,-0.1
42.7,3.4373,3.619,2.4508,1.0566,1,0.291,0.866,0.453,-1.9522,-0.1541,-4.499,-0.14,-2.469,-3.5523,-4.4984,0.03,-4.6914,-2.5192,-4.4884,-0.09
42.8,3.4272,3.6538,2.4557,1.0687,1,0.29,0.861,0.451,-1.9279,-0.1476,-4.4998,-0.13,-2.4707,-3.5315,-4.4985,0.05,-4.7078,-2.5187,-4.4872,-0.09
42.9,3.4176,3.692,2.4605,1.0818,1,0.29,0.856,0.45,-1.905,-0.1409,-4.5002,-0.12,-2.4722,-3.5111,-4.4985,0.06,-4.7256,-2.5231,-4.4862,-0.09
43.0,3.4083,3.7331,2.4667,1.0955,1,0.29,0.852,0.449,-1.8831,-0.1341,-4.5002,-0.12,-2.4736,-3.4908,-4.4985,0.07,-4.7456,-2.5303,-4.4854,-0.08
43.1,3.3994,3.7765,2.4756,1.1089,1,0.289,0.847,0.447,-1.8619,-0.1272,-4.5002,-0.13,-2.475,-3.4708,-4.4985,0.07,-4.7683,-2.5385,-4.4847,-0.08
43.2,3.391,3.8215,2.487,1.122,1,0.289,0.843,0.445,-1.8415,-0.1202,-4.5001,-0.14,-2.4764,-3.4512,-4.4984,0.08,-4.7932,-2.5473,-4.4842,-0.08
43.3,3.3827,3.8659,2.4971,1.1356,1,0.288,0.838,0.444,-1.8217,-0.1136,-4.4999,-0.15,-2.4775,-3.432,-4.4983,0.1,-4.8167,-2.558,-4.484,-0.07
43.4,3.3738,3.9082,2.504,1.1503,1,0.288,0.834,0.443,-1.8027,-0.1077,-4.4999,-0.15,-2.4789,-3.413,-4.4983,0.12,-4.837,-2.5708,-4.484,-0.07
43.5,3.3646,3.9489,2.5086,1.1657,1,0.287,0.83,0.443,-1.7842,-0.1025,-4.5002,-0.15,-2.48,-3.3944,-4.4982,0.14,-4.8546,-2.5857,-4.484,-0.06
43.6,3.355,3.9906,2.5149,1.1815,1,0.287,0.825,0.443,-1.7661,-0.0978,-4.5005,-0.15,-2.481,-3.3757,-4.4981,0.16,-4.8737,-2.6013,-4.4839,-0.03
43.7,3.3453,4.0233,2.524,1.1934,1,0.287,0.821,0.441,-1.7485,-0.0933,-4.5008,-0.15,-2.4822,-3.3572,-4.498,0.19,-4.8915,-2.605,-4.4837,-0.01
43.8,3.3359,4.0423,2.5344,1.2001,1,0.286,0.817,0.438,-1.7318,-0.0892,-4.501,-0.14,-2.4836,-3.3393,-4.4979,0.21,-4.9055,-2.5927,-4.4836,-0.0
43.9,3.3269,4.0489,2.5425,1.2032,1,0.286,0.813,0.435,-1.7155,-0.0854,-4.5009,-0.13,-2.485,-3.3221,-4.4978,0.23,-4.9133,-2.5689,-4.4838,0.01
44.0,3.3181,4.0565,2.5473,1.2077,1,0.286,0.809,0.432,-1.6994,-0.0819,-4.5005,-0.11,-2.4862,-3.3053,-4.4977,0.24,-4.9188,-2.5497,-4.4838,0.03
44.1,3.3097,4.0705,2.5502,1.215,1,0.286,0.805,0.43,-1.6838,-0.0783,-4.4999,-0.1,-2.4873,-3.289,-4.4976,0.24,-4.9251,-2.5404,-4.4835,0.04
44.2,3.3009,4.0897,2.5521,1.225,1,0.285,0.801,0.429,-1.669,-0.0749,-4.4992,-0.08,-2.488,-3.2726,-4.4976,0.24,-4.9325,-2.5396,-4.4834,0.05
44.3,3.2917,4.1132,2.5532,1.2371,1,0.285,0.797,0.429,-1.6546,-0.0716,-4.4989,-0.06,-2.4884,-3.2559,-4.4976,0.24,-4.9407,-2.5454,-4.4835,0.06
44.4,3.2827,4.14,2.5535,1.2508,1,0.285,0.793,0.429,-1.6403,-0.0682,-4.4984,-0.06,-2.4888,-3.2393,-4.4976,0.24,-4.9492,-2.5563,-4.4838,0.07
44.5,3.2743,4.1688,2.5531,1.2653,1,0.285,0.789,0.43,-1.6261,-0.0649,-4.4981,-0.06,-2.4891,-3.2234,-4.4976,0.23,-4.9574,-2.571,-4.4837,0.06
44.6,3.2665,4.1985,2.5524,1.2803,1,0.284,0.785,0.431,-1.6122,-0.0614,-4.4983,-0.07,-2.4894,-3.2079,-4.4976,0.22,-4.9654,-2.588,-4.4837,0.06
44.7,3.2586,4.2175,2.5513,1.2915,1,0.284,0.782,0.431,-1.5988,-0.0583,-4.4988,-0.08,-2.4895,-3.1929,-4.4976,0.2,-4.9693,-2.5934,-4.4838,0.06
44.8,3.2508,4.2224,2.5489,1.298,1,0.284,0.778,0.43,-1.5859,-0.0552,-4.4995,-0.09,-2.4898,-3.1778,-4.4975,0.19,-4.9683,-2.5826,-4.4842,0.05
44.9,3.2433,4.2164,2.5452,1.3006,1,0.284,0.775,0.428,-1.5731,-0.0519,-4.4997,-0.09,-2.4904,-3.1628,-4.4974,0.18,-4.963,-2.5593,-4.4848,0.05
45.0,3.2363,4.2133,2.5415,1.3041,1,0.283,0.771,0.426,-1.5605,-0.0488,-4.5,-0.09,-2.491,-3.1484,-4.4973,0.17,-4.9585,-2.5399,-4.4857,0.03
45.1,3.2297,4.2185,2.5378,1.3105,1,0.283,0.768,0.426,-1.5478,-0.0456,-4.5002,-0.09,-2.4916,-3.1342,-4.4972,0.17,-4.9566,-2.5306,-4.4862,0.02
45.2,3.2232,4.2302,2.5338,1.3196,1,0.283,0.764,0.425,-1.5354,-0.0423,-4.5002,-0.08,-2.4928,-3.12,-4.4971,0.16,-4.9568,-2.5299,-4.4865,0.01
45.3,3.2174,4.2472,2.5299,1.3304,1,0.283,0.761,0.426,-1.5233,-0.0386,-4.5002,-0.08,-2.4941,-3.1061,-4.497,0.16,-4.9588,-2.5359,-4.4866,-0.01
45.4,3.2124,4.268,2.5264,1.3421,1,0.282,0.758,0.427,-1.5115,-0.0348,-4.5004,-0.08,-2.4951,-3.0929,-4.497,0.15,-4.9618,-2.5469,-4.4867,-0.03
45.5,3.2066,4.2916,2.527,1.3542,1,0.282,0.755,0.428,-1.4996,-0.0307,-4.5004,-0.08,-2.4926,-3.0797,-4.4969,0.14,-4.9658,-2.5611,-4.4864,-0.04
45.6,3.199,4.3171,2.5328,1.3663,1,0.282,0.751,0.429,-1.4879,-0.0269,-4.5004,-0.08,-2.4855,-3.0664,-4.4967,0.14,-4.9707,-2.5777,-4.4861,-0.06
45.7,3.1906,4.3328,2.542,1.3739,1,0.282,0.748,0.429,-1.477,-0.0227,-4.5002,-0.08,-2.4749,-3.0532,-4.4964,0.13,-4.9728,-2.5823,-4.486,-0.06
45.8,3.1809,4.3348,2.5538,1.3758,1,0.281,0.745,0.428,-1.4671,-0.0186,-4.5001,-0.07,-2.4612,-3.0402,-4.4959,0.12,-4.9714,-2.5701,-4.4861,-0.07
45.9,3.1703,4.3364,2.5678,1.3774,1,0.281,0.742,0.427,-1.4581,-0.0148,-4.5,-0.07,-2.4452,-3.0275,-4.4952,0.1,-4.9698,-2.5588,-4.4859,-0.07
46.0,3.1595,4.3437,2.5833,1.3811,1,0.281,0.739,0.427,-1.4495,-0.0109,-4.5001,-0.06,-2.4274,-3.0153,-4.4946,0.09,-4.9696,-2.5559,-4.4857,-0.07
46.1,3.1483,4.3558,2.6002,1.3868,1,0.281,0.736,0.427,-1.4412,-0.0074,-4.5005,-0.05,-2.4082,-3.0035,-4.4945,0.08,-4.9703,-2.5604,-4.4856,-0.07
46.2,3.137,4.3719,2.6184,1.394,1,0.281,0.733,0.428,-1.4328,-0.0041,-4.5008,-0.04,-2.3878,-2.9922,-4.4941,0.06,-4.9721,-2.5705,-4.4855,-0.07
46.3,3.1258,4.3907,2.6377,1.4022,1,0.28,0.73,0.429,-1.4244,-0.001,-4.5007,-0.03,-2.3666,-2.9814,-4.4938,0.04,-4.9743,-2.5847,-4.4853,-0.06
46.4,3.1145,4.4113,2.6581,1.4111,1,0.28,0.727,0.431,-1.4157,0.0017,-4.5006,-0.01,-2.3448,-2.971,-4.4936,0.04,-4.977,-2.6015,-4.4852,-0.05
46.5,3.1033,4.4226,2.6785,1.416,1,0.28,0.724,0.431,-1.4068,0.004,-4.5006,-0.0,-2.3225,-2.9611,-4.4935,0.05,-4.9773,-2.6056,-4.485,-0.04
46.6,3.0926,4.4211,2.6985,1.4152,1,0.28,0.721,0.43,-1.3977,0.0063,-4.5006,-0.01,-2.2999,-2.9518,-4.4933,0.05,-4.9744,-2.5925,-4.4849,-0.04
46.7,3.0816,4.4202,2.7187,1.4147,1,0.28,0.718,0.429,-1.3881,0.0078,-4.5004,-0.01,-2.2769,-2.9428,-4.4929,0.05,-4.9713,-2.5803,-4.4847,-0.04
46.8,3.0709,4.4255,2.7393,1.4169,1,0.28,0.716,0.429,-1.3783,0.0091,-4.5001,-0.02,-2.2537,-2.9343,-4.4924,0.05,-4.9695,-2.577,-4.4846,-0.04
46.9,3.0607,4.4366,2.7602,1.4214,1,0.28,0.713,0.43,-1.3682,0.0103,-4.4997,-0.02,-2.2306,-2.9264,-4.492,0.04,-4.9691,-2.5812,-4.4848,-0.05
47.0,3.051,4.4519,2.7812,1.4276,1,0.279,0.711,0.431,-1.3577,0.0114,-4.4992,-0.03,-2.2076,-2.9189,-4.4917,0.03,-4.9695,-2.5914,-4.485,-0.05
47.1,3.0418,4.4708,2.8027,1.4352,1,0.279,0.707,0.432,-1.3469,0.0123,-4.4988,-0.03,-2.1848,-2.9118,-4.4915,0.02,-4.9707,-2.606,-4.485,-0.05
47.2,3.0336,4.4828,2.8181,1.4415,1,0.279,0.701,0.432,-1.3354,0.0135,-4.4982,-0.04,-2.1622,-2.9053,-4.4912,0.01,-4.9655,-2.6167,-4.4854,-0.04
47.3,3.026,4.4831,2.8246,1.4456,1,0.278,0.692,0.432,-1.324,0.0147,-4.4975,-0.04,-2.1399,-2.8992,-4.491,-0.0,-4.9508,-2.6206,-4.4864,-0.04
47.4,3.0189,4.4733,2.8236,1.4479,1,0.278,0.682,0.43,-1.313,0.0158,-4.4967,-0.04,-2.1179,-2.8938,-4.4908,-0.02,-4.9281,-2.6189,-4.4876,-0.03
47.5,3.0124,4.4558,2.817,1.4484,1,0.277,0.669,0.428,-1.3023,0.0169,-4.4963,-0.03,-2.0961,-2.889,-4.4905,-0.04,-4.8995,-2.6125,-4.4888,-0.02
47.6,3.0069,4.4326,2.8065,1.4474,1,0.276,0.654,0.425,-1.2919,0.0183,-4.4959,-0.02,-2.0742,-2.885,-4.4904,-0.06,-4.8664,-2.6028,-4.4897,-0.02
47.7,3.0021,4.4053,2.7928,1.4453,1,0.275,0.638,0.421,-1.2817,0.0195,-4.4954,-0.02,-2.0525,-2.8819,-4.4906,-0.08,-4.8301,-2.591,-4.4905,-0.02
47.8,2.9981,4.3753,2.777,1.4423,1,0.274,0.62,0.416,-1.2715,0.0205,-4.4951,-0.03,-2.0309,-2.8798,-4.4907,-0.09,-4.7915,-2.5783,-4.4912,-0.01
47.9,2.9956,4.3446,2.7599,1.4386,1,0.272,0.601,0.411,-1.261,0.0217,-4.495,-0.03,-2.0093,-2.8789,-4.4909,-0.09,-4.7514,-2.5655,-4.4916,-0.01
48.0,2.9943,4.3138,2.7423,1.4342,1,0.271,0.581,0.404,-1.25,0.0229,-4.4952,-0.03,-1.9875,-2.8792,-4.4911,-0.07,-4.7103,-2.553,-4.4914,-0.01
48.1,2.9942,4.2828,2.7247,1.4292,1,0.27,0.56,0.397,-1.2388,0.024,-4.4956,-0.04,-1.9652,-2.8808,-4.4919,-0.05,-4.6686,-2.5411,-4.4914,-0.01
48.2,2.9958,4.2518,2.7067,1.4233,1,0.268,0.538,0.389,-1.2277,0.0253,-4.496,-0.05,-1.9426,-2.884,-4.4931,-0.04,-4.6261,-2.53,-4.4914,-0.01
48.3,2.9988,4.2213,2.6887,1.4168,1,0.267,0.515,0.38,-1.2164,0.0263,-4.4965,-0.06,-1.9199,-2.8888,-4.4941,-0.03,-4.5832,-2.52,-4.4915,-0.01
48.4,3.0032,4.1915,2.6711,1.4097,1,0.265,0.493,0.371,-1.2044,0.027,-4.4967,-0.07,-1.8968,-2.8953,-4.4949,-0.03,-4.5401,-2.5111,-4.4915,-0.02
48.5,3.0094,4.1628,2.6543,1.4017,1,0.264,0.47,0.362,-1.1919,0.0276,-4.4966,-0.08,-1.8732,-2.9037,-4.4956,-0.03,-4.4971,-2.5031,-4.4918,-0.04
48.6,3.0176,4.1355,2.6382,1.393,1,0.262,0.447,0.352,-1.1793,0.0284,-4.4963,-0.09,-1.8493,-2.9139,-4.496,-0.03,-4.4543,-2.4967,-4.492,-0.04
48.7,3.0276,4.1101,2.6234,1.3835,1,0.261,0.425,0.341,-1.1659,0.029,-4.4959,-0.11,-1.8249,-2.926,-4.4963,-0.03,-4.4122,-2.4919,-4.4925,-0.05
48.8,3.0394,4.0865,2.6096,1.3732,1,0.259,0.403,0.331,-1.1516,0.0293,-4.4955,-0.12,-1.8002,-2.9401,-4.4966,-0.02,-4.3704,-2.4884,-4.4932,-0.05
48.9,3.0532,4.0651,2.5971,1.3622,1,0.258,0.382,0.321,-1.1364,0.0295,-4.4952,-0.13,-1.7751,-2.9562,-4.4972,-0.01,-4.3293,-2.4865,-4.4939,-0.04
49.0,3.0693,4.0458,2.586,1.3502,1,0.257,0.362,0.311,-1.1205,0.0298,-4.495,-0.12,-1.7495,-2.9743,-4.4976,-0.0,-4.289,-2.486,-4.4949,-0.03
49.1,3.0872,4.0279,2.5759,1.3373,1,0.255,0.343,0.301,-1.1041,0.0297,-4.495,-0.12,-1.7238,-2.9946,-4.4977,0.0,-4.2492,-2.4867,-4.4957,-0.04
49.2,3.1073,4.0111,2.5669,1.3233,1,0.254,0.325,0.292,-1.0876,0.0294,-4.4949,-0.11,-1.6981,-3.0173,-4.4978,0.01,-4.2099,-2.4885,-4.4965,-0.04
49.3,3.1294,3.9954,2.5592,1.3081,1,0.253,0.308,0.283,-1.071,0.0288,-4.495,-0.1,-1.6723,-3.0423,-4.4979,0.01,-4.1714,-2.4912,-4.4973,-0.05
49.4,3.1537,3.9809,2.5527,1.2918,0,0.253,0.294,0.275,-1.0545,0.0278,-4.4952,-0.08,-1.6466,-3.0698,-4.4976,0.02,-4.1338,-2.4952,-4.4979,-0.05
49.5,3.1801,3.9679,2.5476,1.2743,0,0.252,0.281,0.268,-1.0378,0.0267,-4.4956,-0.07,-1.6208,-3.0995,-4.4968,0.02,-4.0969,-2.5003,-4.4983,-0.06
49.6,3.2089,3.9562,2.5441,1.2556,0,0.251,0.27,0.262,-1.0209,0.0256,-4.4962,-0.06,-1.5948,-3.1315,-4.4957,0.01,-4.0609,-2.5062,-4.4984,-0.06
49.7,3.2394,3.9453,2.5428,1.2356,0,0.251,0.262,0.257,-1.0038,0.0243,-4.4965,-0.04,-1.5685,-3.1655,-4.4948,0.0,-4.0258,-2.512,-4.4985,-0.07
49.8,3.2716,3.935,2.5437,1.2142,0,0.25,0.255,0.253,-0.9865,0.023,-4.4968,-0.02,-1.5414,-3.2012,-4.4939,0.01,-3.9915,-2.5175,-4.4984,-0.09
49.9,3.3054,3.9252,2.5467,1.1916,0,0.25,0.251,0.251,-0.9688,0.0216,-4.4969,0.01,-1.5136,-3.2386,-4.493,0.02,-3.9576,-2.5227,-4.4983,-0.11
49.999,3.3403,3.9157,2.5515,1.1681,0,0.25,0.25,0.25,-0.9508,0.0198,-4.4972,0.02,-1.4853,-3.2774,-4.4922,0.03,-3.9243,-2.528,-4.4981,-0.12
50.099,3.3766,3.9072,2.5581,1.1437,0,0.25,0.25,0.25,-0.9324,0.018,-4.4975,0.03,-1.4567,-3.3176,-4.4916,0.03,-3.8915,-2.5334,-4.4979,-0.12
50.199,3.4141,3.899,2.566,1.1185,0,0.25,0.25,0.25,-0.9141,0.0162,-4.4975,0.05,-1.4277,-3.359,-4.4912,0.02,-3.8592,-2.539,-4.4977,-0.13
50.299,3.4526,3.8911,2.5749,1.0928,0,0.25,0.25,0.25,-0.8958,0.0142,-4.4972,0.07,-1.3989,-3.4016,-4.4911,0.01,-3.827,-2.5448,-4.4974,-0.14
50.399,3.4917,3.8839,2.5849,1.0667,0,0.25,0.25,0.25,-0.8769,0.0118,-4.4968,0.09,-1.3699,-3.4449,-4.4908,-0.0,-3.7953,-2.551,-4.4969,-0.16
50.499,3.5311,3.8774,2.5961,1.0405,0,0.25,0.25,0.25,-0.8574,0.0089,-4.4966,0.11,-1.3405,-3.4889,-4.4907,-0.01,-3.7638,-2.5576,-4.4964,-0.18
50.599,3.5705,3.8708,2.6083,1.0141,0,0.25,0.25,0.25,-0.8375,0.0054,-4.4965,0.11,-1.3109,-3.5335,-4.4909,-0.01,-3.7323,-2.5642,-4.4959,-0.2
50.699,3.6101,3.8639,2.6209,0.9875,0,0.25,0.25,0.25,-0.8171,0.0015,-4.4964,0.11,-1.2811,-3.5786,-4.4915,-0.02,-3.7004,-2.5707,-4.4955,-0.22
50.799,3.65,3.857,2.6343,0.9607,0,0.25,0.25,0.25,-0.7966,-0.0024,-4.4963,0.11,-1.2509,-3.624,-4.4924,-0.02,-3.6683,-2.5772,-4.4955,-0.22
50.899,3.6904,3.8506,2.6485,0.9337,0,0.25,0.25,0.25,-0.7756,-0.0063,-4.4962,0.1,-1.2204,-3.6698,-4.4931,-0.02,-3.6361,-2.5839,-4.4957,-0.24
50.999,3.7306,3.8441,2.6635,0.9068,0,0.25,0.25,0.25,-0.7544,-0.0107,-4.496,0.09,-1.1898,-3.7158,-4.4938,-0.02,-3.604,-2.5908,-4.4958,-0.24
51.099,3.7705,3.838,2.6793,0.8799,0,0.25,0.25,0.25,-0.7327,-0.0157,-4.4956,0.08,-1.159,-3.762,-4.4947,-0.02,-3.5721,-2.5978,-4.4957,-0.23
51.199,3.8101,3.8322,2.6962,0.8532,0,0.25,0.25,0.25,-0.7105,-0.0214,-4.4951,0.09,-1.1282,-3.8085,-4.4957,-0.03,-3.5409,-2.605,-4.4953,-0.22
51.299,3.8494,3.8263,2.714,0.8265,0,0.25,0.25,0.25,-0.688,-0.0276,-4.4947,0.09,-1.0972,-3.8552,-4.4967,-0.04,-3.5097,-2.6119,-4.4949,-0.21
51.399,3.8887,3.8205,2.7324,0.7997,0,0.25,0.25,0.25,-0.665,-0.0342,-4.4943,0.09,-1.0665,-3.9021,-4.4974,-0.04,-3.4786,-2.6186,-4.495,-0.21
51.499,3.9281,3.8153,2.751,0.7731,0,0.25,0.25,0.25,-0.6416,-0.041,-4.4941,0.09,-1.036,-3.9493,-4.4977,-0.04,-3.4478,-2.626,-4.4951,-0.2
51.599,3.9674,3.8108,2.7703,0.7466,0,0.25,0.25,0.25,-0.6179,-0.0481,-4.494,0.08,-1.0054,-3.9965,-4.4977,-0.03,-3.4174,-2.6337,-4.4953,-0.2
51.699,4.0065,3.8062,2.7901,0.7202,0,0.25,0.25,0.25,-0.5943,-0.0555,-4.4937,0.07,-0.9749,-4.0439,-4.4976,-0.02,-3.387,-2.6416,-4.4956,-0.2
51.799,4.0457,3.8016,2.8103,0.6938,0,0.25,0.25,0.25,-0.5706,-0.0631,-4.4931,0.06,-0.9446,-4.0915,-4.4975,-0.01,-3.3568,-2.6494,-4.496,-0.19
51.899,4.0848,3.7969,2.8314,0.6674,0,0.25,0.25,0.25,-0.5468,-0.0709,-4.4924,0.05,-0.9142,-4.1391,-4.4976,-0.01,-3.3268,-2.6571,-4.4959,-0.17
51.999,4.1236,3.7922,2.8533,0.641,0,0.25,0.25,0.25,-0.5232,-0.0787,-4.4919,0.04,-0.8833,-4.1865,-4.4979,-0.0,-3.2969,-2.6646,-4.4954,-0.16
52.099,4.1622,3.7871,2.876,0.6145,0,0.25,0.25,0.25,-0.4998,-0.0866,-4.4918,0.04,-0.852,-4.2339,-4.4984,0.0,-3.267,-2.672,-4.4952,-0.16
52.199,4.2008,3.7818,2.8993,0.588,0,0.25,0.25,0.25,-0.4769,-0.0946,-4.4919,0.04,-0.8208,-4.2814,-4.4987,-0.0,-3.2373,-2.6795,-4.495,-0.16
52.299,4.2398,3.7772,2.9232,0.5614,0,0.25,0.25,0.25,-0.454,-0.1023,-4.492,0.04,-0.7896,-4.3289,-4.499,-0.01,-3.2082,-2.6871,-4.495,-0.16
52.399,4.2795,3.773,2.9473,0.5346,0,0.25,0.25,0.25,-0.4306,-0.1097,-4.492,0.05,-0.759,-4.3766,-4.4992,-0.02,-3.1792,-2.6945,-4.4949,-0.16
52.499,4.3195,3.7691,2.972,0.5077,0,0.25,0.25,0.25,-0.4066,-0.1171,-4.4918,0.06,-0.7289,-4.4245,-4.4991,-0.04,-3.1503,-2.7013,-4.4951,-0.16
52.599,4.3594,3.7656,2.9971,0.4809,0,0.25,0.25,0.25,-0.382,-0.1246,-4.4919,0.06,-0.6987,-4.4724,-4.4989,-0.04,-3.1215,-2.7081,-4.4954,-0.15
52.699,4.3988,3.762,3.0223,0.4544,0,0.25,0.25,0.25,-0.3572,-0.1323,-4.492,0.04,-0.6683,-4.5201,-4.4987,-0.04,-3.0924,-2.7151,-4.4955,-0.13
52.799,4.4375,3.7578,3.0472,0.4285,0,0.25,0.25,0.25,-0.3328,-0.1404,-4.4922,0.03,-0.6381,-4.5674,-4.4982,-0.03,-3.0632,-2.7223,-4.495,-0.12
52.899,4.4753,3.7529,3.0722,0.4029,0,0.25,0.25,0.25,-0.3088,-0.149,-4.492,0.02,-0.608,-4.6143,-4.498,-0.02,-3.0339,-2.7293,-4.4944,-0.1
52.999,4.5129,3.748,3.0975,0.3776,0,0.25,0.25,0.25,-0.2847,-0.1577,-4.4917,0.01,-0.5779,-4.6611,-4.4979,-0.01,-3.0048,-2.7363,-4.4938,-0.08
53.099,4.5503,3.7439,3.1232,0.3525,0,0.25,0.25,0.25,-0.2604,-0.1663,-4.4913,0.0,-0.5475,-4.7076,-4.4976,0.0,-2.9759,-2.7436,-4.4933,-0.06
53.199,4.5871,3.74,3.1495,0.3278,0,0.25,0.25,0.25,-0.236,-0.1752,-4.4911,0.0,-0.5166,-4.7537,-4.4975,0.02,-2.9475,-2.7512,-4.4931,-0.03
53.299,4.6236,3.7363,3.1764,0.3032,0,0.25,0.25,0.25,-0.2116,-0.1842,-4.491,0.01,-0.4854,-4.7996,-4.4974,0.04,-2.9193,-2.7587,-4.4929,-0.02
53.399,4.6599,3.7326,3.203,0.279,0,0.25,0.25,0.25,-0.1874,-0.1932,-4.4907,0.03,-0.4547,-4.8454,-4.497,0.05,-2.8913,-2.7664,-4.4928,0.01
53.499,4.6957,3.7289,3.2286,0.2556,0,0.25,0.25,0.25,-0.1634,-0.2023,-4.4908,0.03,-0.4248,-4.8907,-4.4967,0.06,-2.8631,-2.7745,-4.4929,0.02
53.599,4.7314,3.7255,3.2536,0.2329,0,0.25,0.25,0.25,-0.139,-0.2113,-4.4909,0.05,-0.3953,-4.9357,-4.4965,0.05,-2.8348,-2.7828,-4.4933,0.03
53.699,4.7671,3.7223,3.2788,0.2106,0,0.25,0.25,0.25,-0.1143,-0.2201,-4.4911,0.07,-0.3663,-4.9806,-4.4965,0.04,-2.8065,-2.7907,-4.4936,0.03
53.799,4.8022,3.7185,3.304,0.1891,0,0.25,0.25,0.25,-0.0897,-0.229,-4.4912,0.07,-0.3372,-5.0248,-4.4966,0.04,-2.7781,-2.798,-4.4942,0.01
53.899,4.8361,3.7139,3.3291,0.1687,0,0.25,0.25,0.25,-0.0653,-0.2383,-4.4911,0.08,-0.308,-5.0683,-4.4971,0.06,-2.7494,-2.8051,-4.4948,-0.02
53.999,4.8696,3.7095,3.3541,0.1496,0,0.25,0.25,0.25,-0.0407,-0.2474,-4.491,0.09,-0.2789,-5.1112,-4.4973,0.06,-2.7209,-2.812,-4.4952,-0.05
54.099,4.9026,3.7051,3.3794,0.1373,0,0.25,0.25,0.25,-0.0162,-0.2563,-4.491,0.07,-0.2495,-5.1533,-4.4969,0.06,-2.6926,-2.8185,-4.4954,-0.07
54.199,4.9339,3.7009,3.404,0.1338,0,0.25,0.25,0.25,0.0083,-0.265,-4.4908,0.06,-0.22,-5.1936,-4.4964,0.06,-2.6645,-2.8248,-4.4952,-0.1
54.299,4.9632,3.697,3.4269,0.1311,0,0.25,0.25,0.25,0.0329,-0.2735,-4.4904,0.05,-0.1907,-5.2317,-4.4962,0.07,-2.6365,-2.8314,-4.4949,-0.11
54.399,4.9905,3.6937,3.4488,0.1294,0,0.25,0.25,0.25,0.0578,-0.2818,-4.49,0.05,-0.1613,-5.2675,-4.4959,0.08,-2.6088,-2.8377,-4.4949,-0.13
54.499,5.0152,3.6902,3.4696,0.1282,0,0.25,0.25,0.25,0.0826,-0.2905,-4.4898,0.05,-0.1321,-5.3011,-4.4959,0.08,-2.5816,-2.8438,-4.4954,-0.14
54.599,5.0376,3.6869,3.4892,0.1274,0,0.25,0.25,0.25,0.1073,-0.2992,-4.4899,0.05,-0.1031,-5.3324,-4.4958,0.09,-2.5549,-2.8499,-4.4959,-0.16
54.699,5.0574,3.6839,3.5069,0.1268,0,0.25,0.25,0.25,0.1319,-0.3077,-4.4903,0.05,-0.0743,-5.3609,-4.4963,0.08,-2.5285,-2.8559,-4.4959,-0.18
54.799,5.0757,3.6812,3.5232,0.1266,0,0.25,0.25,0.25,0.1564,-0.3154,-4.4904,0.06,-0.0457,-5.3871,-4.4968,0.06,-2.5023,-2.8616,-4.4958,-0.19
54.899,5.0921,3.6792,3.538,0.1266,0,0.25,0.25,0.25,0.181,-0.3227,-4.4902,0.06,-0.0172,-5.4109,-4.4974,0.05,-2.4764,-2.8672,-4.4957,-0.19
54.999,5.1065,3.677,3.5515,0.1265,0,0.25,0.25,0.25,0.2053,-0.3298,-4.4897,0.06,0.0112,-5.4326,-4.4981,0.05,-2.4505,-2.8727,-4.4959,-0.18
55.099,5.1184,3.6744,3.563,0.1262,0,0.25,0.25,0.25,0.2299,-0.3372,-4.4894,0.07,0.0393,-5.452,-4.4981,0.04,-2.4243,-2.8781,-4.4963,-0.17
55.199,5.128,3.6716,3.5729,0.1257,0,0.25,0.25,0.25,0.2546,-0.3447,-4.4893,0.07,0.0676,-5.4693,-4.4979,0.04,-2.3979,-2.8834,-4.4965,-0.17
55.299,5.1356,3.6688,3.5814,0.1246,0,0.25,0.25,0.25,0.279,-0.3519,-4.4892,0.07,0.0963,-5.4843,-4.4975,0.03,-2.3714,-2.8887,-4.4964,-0.15
55.399,5.142,3.6664,3.5886,0.1236,0,0.25,0.25,0.25,0.3035,-0.3584,-4.4892,0.06,0.125,-5.4974,-4.497,0.04,-2.3448,-2.8939,-4.4963,-0.13
55.499,5.1468,3.6635,3.5947,0.122,0,0.25,0.25,0.25,0.3276,-0.3646,-4.4892,0.06,0.1539,-5.5085,-4.4966,0.06,-2.318,-2.8987,-4.4962,-0.11
55.599,5.1496,3.6603,3.5993,0.1198,0,0.25,0.25,0.25,0.3513,-0.3708,-4.4891,0.06,0.183,-5.5176,-4.4963,0.08,-2.2912,-2.9036,-4.4961,-0.09
55.699,5.1505,3.6572,3.6025,0.1173,0,0.25,0.25,0.25,0.375,-0.3769,-4.489,0.05,0.2122,-5.5248,-4.4959,0.09,-2.2643,-2.9085,-4.4962,-0.07
55.799,5.1502,3.6539,3.6052,0.1144,0,0.25,0.25,0.25,0.3987,-0.3829,-4.4891,0.04,0.2418,-5.5307,-4.4956,0.09,-2.2374,-2.9131,-4.4962,-0.06
55.899,5.1488,3.6505,3.6069,0.1112,0,0.25,0.25,0.25,0.4223,-0.3889,-4.4889,0.03,0.2714,-5.5354,-4.4957,0.08,-2.2102,-2.9179,-4.4959,-0.06
55.999,5.1469,3.6471,3.6079,0.1079,0,0.25,0.25,0.25,0.4457,-0.3943,-4.4887,0.03,0.3011,-5.5392,-4.4959,0.08,-2.1829,-2.9225,-4.4954,-0.05
56.099,5.1451,3.644,3.6084,0.1046,0,0.25,0.25,0.25,0.4694,-0.399,-4.4883,0.03,0.3311,-5.5422,-4.4961,0.09,-2.1551,-2.927,-4.4946,-0.04
56.199,5.1433,3.6413,3.6087,0.1017,0,0.25,0.25,0.25,0.4933,-0.403,-4.4879,0.03,0.361,-5.5446,-4.4962,0.08,-2.1274,-2.9311,-4.4941,-0.04
56.299,5.1418,3.6392,3.6089,0.099,0,0.25,0.25,0.25,0.5174,-0.4067,-4.4873,0.03,0.3907,-5.5469,-4.4961,0.08,-2.0999,-2.9352,-4.4939,-0.04
56.399,5.1406,3.637,3.609,0.0965,0,0.25,0.25,0.25,0.5415,-0.4101,-4.4867,0.03,0.4202,-5.5492,-4.4958,0.07,-2.0722,-2.9391,-4.4939,-0.04
56.499,5.1397,3.635,3.609,0.0942,0,0.25,0.25,0.25,0.5657,-0.4131,-4.4866,0.01,0.4494,-5.5514,-4.4954,0.06,-2.0445,-2.9428,-4.4937,-0.05
56.599,5.1384,3.6326,3.609,0.0918,0,0.25,0.25,0.25,0.5898,-0.4163,-4.4869,-0.02,0.4783,-5.5535,-4.4948,0.05,-2.0171,-2.9461,-4.4937,-0.04
56.699,5.1373,3.6301,3.6095,0.0893,0,0.25,0.25,0.25,0.6137,-0.4195,-4.4875,-0.04,0.5071,-5.5556,-4.4942,0.03,-1.9898,-2.9491,-4.4936,-0.03
56.799,5.1365,3.6276,3.6098,0.0877,0,0.25,0.25,0.25,0.6379,-0.4223,-4.4881,-0.06,0.5358,-5.5578,-4.494,-0.0,-1.9622,-2.9519,-4.4932,-0.04
56.899,5.1361,3.6259,3.6101,0.0866,0,0.25,0.25,0.25,0.6625,-0.4246,-4.4889,-0.07,0.5647,-5.5598,-4.494,-0.03,-1.9347,-2.9548,-4.4929,-0.04
56.999,5.1361,3.6247,3.6104,0.0856,0,0.25,0.25,0.25,0.6877,-0.4263,-4.4895,-0.08,0.5939,-5.5616,-4.4942,-0.06,-1.9069,-2.9575,-4.4927,-0.04
57.099,5.1361,3.6236,3.6103,0.0849,0,0.25,0.25,0.25,0.7132,-0.4275,-4.4901,-0.08,0.6227,-5.5629,-4.4944,-0.08,-1.8788,-2.9597,-4.4922,-0.04
57.199,5.1362,3.6224,3.6107,0.0842,0,0.25,0.25,0.25,0.7388,-0.4286,-4.4907,-0.08,0.6518,-5.564,-4.4944,-0.1,-1.8509,-2.9615,-4.4916,-0.05
57.299,5.136,3.6216,3.6113,0.0835,0,0.25,0.25,0.25,0.7647,-0.4298,-4.4912,-0.08,0.6807,-5.5651,-4.4941,-0.09,-1.8234,-2.9631,-4.4914,-0.07
57.399,5.1353,3.6209,3.6115,0.0828,0,0.25,0.25,0.25,0.7912,-0.4315,-4.4916,-0.07,0.7091,-5.5662,-4.494,-0.09,-1.796,-2.9648,-4.4914,-0.08
57.499,5.1343,3.6205,3.6118,0.0821,0,0.25,0.25,0.25,0.8182,-0.4335,-4.4919,-0.07,0.7372,-5.5672,-4.4939,-0.09,-1.7689,-2.9663,-4.4916,-0.08
57.599,5.1333,3.6206,3.6119,0.0814,0,0.25,0.25,0.25,0.8457,-0.4355,-4.4918,-0.06,0.7649,-5.5682,-4.4936,-0.09,-1.742,-2.9679,-4.4919,-0.11
57.699,5.1329,3.6215,3.6121,0.0811,0,0.25,0.25,0.25,0.8737,-0.4372,-4.4916,-0.06,0.7926,-5.5694,-4.4933,-0.08,-1.7151,-2.9696,-4.4922,-0.12
57.799,5.133,3.6228,3.6127,0.081,0,0.25,0.25,0.25,0.9021,-0.4385,-4.4915,-0.06,0.8204,-5.5708,-4.4931,-0.07,-1.6883,-2.9713,-4.4926,-0.13
57.899,5.1333,3.6242,3.6139,0.0812,0,0.25,0.25,0.25,0.9305,-0.4399,-4.4917,-0.06,0.8482,-5.5725,-4.4928,-0.07,-1.6618,-2.9726,-4.4927,-0.13
57.999,5.1338,3.6254,3.6151,0.0816,0,0.25,0.25,0.25,0.9589,-0.4414,-4.4919,-0.06,0.8758,-5.5745,-4.4926,-0.06,-1.6353,-2.9739,-4.4927,-0.11
58.099,5.1347,3.6268,3.6161,0.0821,0,0.25,0.25,0.25,0.9875,-0.4425,-4.4922,-0.05,0.9033,-5.5765,-4.4923,-0.05,-1.6085,-2.9752,-4.4929,-0.1
58.199,5.1366,3.6282,3.6173,0.083,0,0.25,0.25,0.25,1.0155,-0.4428,-4.4925,-0.04,0.9309,-5.5787,-4.4922,-0.05,-1.5816,-2.9763,-4.4932,-0.1
58.299,5.139,3.6299,3.619,0.0841,0,0.25,0.25,0.25,1.0436,-0.4427,-4.4927,-0.04,0.9587,-5.581,-4.4921,-0.06,-1.5548,-2.9773,-4.4934,-0.09
58.399,5.1416,3.6321,3.621,0.0853,0,0.25,0.25,0.25,1.0718,-0.4422,-4.4929,-0.03,0.9869,-5.5832,-4.4919,-0.06,-1.5283,-2.9783,-4.4937,-0.09
58.499,5.1441,3.6346,3.6232,0.0868,0,0.25,0.25,0.25,1.1004,-0.4419,-4.493,-0.02,1.0153,-5.5853,-4.4917,-0.06,-1.5019,-2.9793,-4.4943,-0.07
58.599,5.1464,3.637,3.6253,0.0882,0,0.25,0.25,0.25,1.1292,-0.4416,-4.4929,-0.01,1.0438,-5.5873,-4.4916,-0.05,-1.4752,-2.9802,-4.495,-0.05
58.699,5.1487,3.6385,3.6276,0.0891,0,0.25,0.25,0.25,1.1574,-0.4412,-4.4926,0.01,1.0727,-5.5891,-4.4917,-0.03,-1.4483,-2.9806,-4.4956,-0.03
58.799,5.1508,3.639,3.6304,0.0895,0,0.25,0.25,0.25,1.1852,-0.4405,-4.4921,0.02,1.1017,-5.5906,-4.4917,-0.01,-1.4212,-2.9801,-4.4958,-0.01
58.899,5.1522,3.6392,3.6328,0.09,0,0.25,0.25,0.25,1.2126,-0.4403,-4.4915,0.03,1.1306,-5.5918,-4.4918,0.0,-1.3941,-2.9797,-4.4958,0.0
58.999,5.1532,3.639,3.6352,0.0905,0,0.25,0.25,0.25,1.2395,-0.4404,-4.4908,0.03,1.1593,-5.5929,-4.4917,0.02,-1.3674,-2.9794,-4.496,0.01
59.099,5.1541,3.6383,3.6376,0.0911,0,0.25,0.25,0.25,1.2664,-0.4404,-4.4902,0.03,1.188,-5.5939,-4.4917,0.04,-1.3403,-2.9786,-4.4965,0.02
59.199,5.1543,3.6371,3.6396,0.0915,0,0.25,0.25,0.25,1.2935,-0.441,-4.4898,0.01,1.2168,-5.5947,-4.4916,0.05,-1.3128,-2.9778,-4.4969,0.03
59.299,5.1535,3.6357,3.6415,0.0916,0,0.25,0.25,0.25,1.321,-0.442,-4.4896,-0.01,1.2457,-5.595,-4.4913,0.06,-1.2854,-2.9769,-4.4972,0.04
59.399,5.1523,3.6343,3.6434,0.0914,0,0.25,0.25,0.25,1.3487,-0.4432,-4.4898,-0.03,1.2747,-5.595,-4.4912,0.07,-1.2579,-2.9758,-4.4975,0.05
59.499,5.1513,3.6329,3.6454,0.0914,0,0.25,0.25,0.25,1.3766,-0.4443,-4.4901,-0.04,1.3036,-5.5951,-4.4909,0.08,-1.2304,-2.9745,-4.4978,0.06
59.599,5.1508,3.632,3.6479,0.0918,0,0.25,0.25,0.25,1.4046,-0.4452,-4.4904,-0.06,1.3324,-5.5955,-4.4905,0.08,-1.2033,-2.9731,-4.4981,0.07
59.699,5.1504,3.631,3.65,0.0921,0,0.25,0.25,0.25,1.4327,-0.4461,-4.4907,-0.06,1.361,-5.596,-4.4901,0.09,-1.1759,-2.9718,-4.4981,0.07
59.799,5.15,3.6297,3.6522,0.0926,0,0.25,0.25,0.25,1.4605,-0.4472,-4.4912,-0.06,1.3897,-5.5968,-4.49,0.11,-1.1485,-2.9707,-4.4977,0.08
59.899,5.1493,3.6289,3.6542,0.0927,0,0.25,0.25,0.25,1.4886,-0.4484,-4.4916,-0.06,1.4184,-5.5972,-4.49,0.13,-1.1213,-2.9698,-4.4974,0.08
59.999,5.1481,3.6288,3.6558,0.0924,0,0.25,0.25,0.25,1.5172,-0.4492,-4.4919,-0.06,1.4472,-5.5968,-4.4902,0.15,-1.0942,-2.9689,-4.4975,0.09
60.099,5.1465,3.6286,3.6572,0.0919,0,0.25,0.25,0.25,1.5458,-0.45,-4.4922,-0.06,1.4761,-5.596,-4.4906,0.17,-1.0671,-2.9679,-4.4978,0.08
60.199,5.1441,3.6286,3.6577,0.0908,0,0.25,0.25,0.25,1.5744,-0.4509,-4.4924,-0.06,1.5047,-5.5945,-4.4907,0.2,-1.04,-2.9671,-4.4979,0.07
60.299,5.1415,3.6292,3.6569,0.0892,0,0.25,0.25,0.25,1.6032,-0.4517,-4.4925,-0.07,1.5331,-5.5927,-4.4908,0.22,-1.0125,-2.9673,-4.4979,0.06
60.399,5.1393,3.6301,3.6563,0.0878,0,0.25,0.25,0.25,1.6319,-0.4523,-4.4926,-0.08,1.5616,-5.5911,-4.4908,0.23,-0.9852,-2.9678,-4.4982,0.05
60.499,5.1373,3.6305,3.6563,0.0866,0,0.25,0.25,0.25,1.6601,-0.4529,-4.4929,-0.09,1.5902,-5.5897,-4.4912,0.22,-0.9582,-2.9679,-4.4983,0.04
60.599,5.1359,3.631,3.6564,0.0857,0,0.25,0.25,0.25,1.6883,-0.4533,-4.493,-0.1,1.6186,-5.5887,-4.4914,0.19,-0.931,-2.9678,-4.498,0.04
60.699,5.1352,3.6323,3.6565,0.0852,0,0.25,0.25,0.25,1.7169,-0.4531,-4.4929,-0.11,1.6465,-5.5878,-4.4917,0.17,-0.9041,-2.9678,-4.4978,0.05
60.799,5.1349,3.6342,3.6566,0.0847,0,0.25,0.25,0.25,1.7456,-0.4525,-4.4925,-0.12,1.6746,-5.5869,-4.4919,0.15,-0.8773,-2.968,-4.4978,0.05
60.899,5.1349,3.6364,3.657,0.0843,0,0.25,0.25,0.25,1.7745,-0.4518,-4.4919,-0.13,1.703,-5.5862,-4.4919,0.12,-0.8504,-2.9683,-4.498,0.05
60.999,5.1351,3.6386,3.6568,0.0839,0,0.25,0.25,0.25,1.8032,-0.4511,-4.4915,-0.13,1.7315,-5.5857,-4.4915,0.1,-0.8232,-2.9693,-4.4984,0.05
61.099,5.1358,3.641,3.6562,0.0843,0,0.25,0.25,0.25,1.8317,-0.4502,-4.4915,-0.12,1.7601,-5.5855,-4.4909,0.09,-0.7957,-2.9709,-4.4987,0.05
61.199,5.137,3.643,3.6555,0.0851,0,0.25,0.25,0.25,1.86,-0.4493,-4.4918,-0.1,1.7884,-5.5857,-4.4905,0.09,-0.7677,-2.9725,-4.4989,0.06
61.299,5.1382,3.6443,3.6549,0.0858,0,0.25,0.25,0.25,1.888,-0.4484,-4.4923,-0.08,1.8164,-5.5862,-4.4906,0.09,-0.7396,-2.9737,-4.4991,0.07
61.399,5.1395,3.6453,3.6546,0.0864,0,0.25,0.25,0.25,1.916,-0.4479,-4.4931,-0.06,1.8441,-5.5869,-4.4912,0.08,-0.7116,-2.9745,-4.4991,0.07
61.499,5.1405,3.6458,3.6549,0.0868,0,0.25,0.25,0.25,1.9437,-0.4476,-4.4938,-0.05,1.8718,-5.5876,-4.4919,0.07,-0.684,-2.9749,-4.4988,0.08
61.599,5.1412,3.6458,3.6558,0.0869,0,0.25,0.25,0.25,1.9713,-0.4477,-4.4945,-0.05,1.8998,-5.5884,-4.4924,0.07,-0.6564,-2.9748,-4.4981,0.09
61.699,5.1416,3.6458,3.6566,0.0869,0,0.25,0.25,0.25,1.9991,-0.4478,-4.4945,-0.06,1.9277,-5.5888,-4.4924,0.06,-0.629,-2.9746,-4.4977,0.09
61.799,5.1415,3.6462,3.6568,0.0872,0,0.25,0.25,0.25,2.0275,-0.448,-4.4943,-0.06,1.9553,-5.589,-4.4922,0.06,-0.6014,-2.9746,-4.4976,0.09
61.899,5.1413,3.6471,3.6568,0.0878,0,0.25,0.25,0.25,2.0562,-0.4482,-4.4937,-0.07,1.9828,-5.589,-4.4919,0.05,-0.5741,-2.9746,-4.4977,0.08
61.999,5.1411,3.6475,3.6575,0.0883,0,0.25,0.25,0.25,2.0848,-0.4484,-4.4927,-0.08,2.0103,-5.589,-4.4913,0.06,-0.5469,-2.974,-4.498,0.07
62.099,5.1409,3.6475,3.6586,0.0885,0,0.25,0.25,0.25,2.1132,-0.4489,-4.4918,-0.08,2.0379,-5.5893,-4.4909,0.05,-0.5197,-2.9732,-4.4986,0.07
62.199,5.1406,3.6478,3.6591,0.0888,0,0.25,0.25,0.25,2.1415,-0.4492,-4.4911,-0.07,2.0655,-5.5893,-4.4907,0.06,-0.4925,-2.9729,-4.4992,0.08
62.299,5.1408,3.6487,3.6591,0.0892,0,0.25,0.25,0.25,2.1697,-0.4491,-4.4908,-0.05,2.0933,-5.5893,-4.4902,0.07,-0.465,-2.9732,-4.4995,0.08
62.399,5.1412,3.6495,3.6589,0.0896,0,0.25,0.25,0.25,2.1979,-0.4489,-4.4907,-0.04,2.1212,-5.5894,-4.4897,0.08,-0.4372,-2.9738,-4.4996,0.07
62.499,5.1412,3.6497,3.658,0.0896,0,0.25,0.25,0.25,2.2259,-0.4488,-4.4906,-0.03,2.1494,-5.5894,-4.4895,0.1,-0.4086,-2.9746,-4.4996,0.07
62.599,5.1415,3.6497,3.6568,0.0896,0,0.25,0.25,0.25,2.2537,-0.4487,-4.4903,-0.02,2.1776,-5.5896,-4.4895,0.12,-0.3797,-2.9757,-4.4996,0.07
62.699,5.1421,3.65,3.6551,0.0896,0,0.25,0.25,0.25,2.2815,-0.4483,-4.49,-0.01,2.2056,-5.5898,-4.4895,0.13,-0.3505,-2.9772,-4.4998,0.07
62.799,5.143,3.6505,3.6532,0.0899,0,0.25,0.25,0.25,2.3094,-0.4479,-4.49,0.01,2.2336,-5.5903,-4.4898,0.15,-0.3212,-2.979,-4.5,0.08
62.899,5.144,3.6511,3.6518,0.0903,0,0.25,0.25,0.25,2.3374,-0.4474,-4.4899,0.03,2.2615,-5.5908,-4.4902,0.16,-0.2922,-2.9804,-4.5003,0.09
62.999,5.1444,3.6515,3.6509,0.0906,0,0.25,0.25,0.25,2.3654,-0.4471,-4.4898,0.04,2.2894,-5.591,-4.4904,0.18,-0.2637,-2.9812,-4.5005,0.09
63.099,5.1442,3.6517,3.6504,0.0906,0,0.25,0.25,0.25,2.3932,-0.4472,-4.49,0.05,2.317,-5.5909,-4.4905,0.18,-0.2358,-2.9816,-4.5007,0.08
63.199,5.1439,3.6515,3.6508,0.0905,0,0.25,0.25,0.25,2.4209,-0.4478,-4.4906,0.04,2.3446,-5.5912,-4.4906,0.16,-0.2085,-2.9816,-4.5007,0.08
63.299,5.1434,3.6507,3.6522,0.0901,0,0.25,0.25,0.25,2.4484,-0.4488,-4.4916,0.04,2.3723,-5.5916,-4.4906,0.15,-0.1815,-2.9808,-4.5004,0.08
63.399,5.1426,3.6496,3.6543,0.0895,0,0.25,0.25,0.25,2.476,-0.4501,-4.4928,0.03,2.4003,-5.5921,-4.4911,0.14,-0.1548,-2.9795,-4.4999,0.08
63.499,5.1414,3.6484,3.6563,0.0889,0,0.25,0.25,0.25,2.5038,-0.4515,-4.4936,0.03,2.4284,-5.5923,-4.4913,0.13,-0.128,-2.9782,-4.4995,0.08
63.599,5.1405,3.6478,3.6582,0.0885,0,0.25,0.25,0.25,2.5321,-0.4527,-4.4939,0.03,2.4567,-5.5926,-4.4915,0.12,-0.1011,-2.9772,-4.499,0.08
63.699,5.1395,3.647,3.6596,0.0883,0,0.25,0.25,0.25,2.5607,-0.4541,-4.4939,0.02,2.4848,-5.5931,-4.4915,0.11,-0.0735,-2.9764,-4.4984,0.07
63.799,5.1378,3.6458,3.66,0.0877,0,0.25,0.25,0.25,2.5893,-0.4561,-4.4936,0.0,2.513,-5.5933,-4.4913,0.1,-0.0454,-2.976,-4.4977,0.07
63.899,5.136,3.6449,3.6595,0.0872,0,0.25,0.25,0.25,2.6179,-0.4579,-4.4932,-0.01,2.5413,-5.5933,-4.4911,0.09,-0.0169,-2.9765,-4.4975,0.07
63.999,5.1338,3.6445,3.6584,0.0868,0,0.25,0.25,0.25,2.6467,-0.4596,-4.4932,-0.03,2.5695,-5.5928,-4.4907,0.07,0.0116,-2.9773,-4.4974,0.07
64.099,5.1322,3.6449,3.6571,0.0868,0,0.25,0.25,0.25,2.6754,-0.4609,-4.4935,-0.05,2.5976,-5.5925,-4.4901,0.06,0.0398,-2.9787,-4.4976,0.05
64.199,5.1313,3.6457,3.6556,0.087,0,0.25,0.25,0.25,2.7037,-0.4618,-4.4939,-0.08,2.6255,-5.5925,-4.49,0.04,0.0679,-2.9805,-4.498,0.03
64.299,5.1311,3.6469,3.6546,0.0873,0,0.25,0.25,0.25,2.7318,-0.4623,-4.4944,-0.09,2.6537,-5.5928,-4.4903,0.02,0.0958,-2.9826,-4.4984,0.02
64.399,5.1316,3.6481,3.6539,0.0875,0,0.25,0.25,0.25,2.7597,-0.4625,-4.4951,-0.1,2.6825,-5.5934,-4.4907,0.01,0.124,-2.9848,-4.4984,0.01
64.499,5.1323,3.6493,3.6532,0.0876,0,0.25,0.25,0.25,2.7875,-0.4624,-4.4957,-0.1,2.7113,-5.5941,-4.4911,0.01,0.1524,-2.9869,-4.4983,0.01
64.599,5.1329,3.6504,3.6525,0.0879,0,0.25,0.25,0.25,2.8154,-0.4625,-4.4961,-0.1,2.7397,-5.5948,-4.4914,0.01,0.1805,-2.9889,-4.4981,0.02
64.699,5.1332,3.6513,3.6521,0.0881,0,0.25,0.25,0.25,2.8434,-0.4629,-4.4966,-0.11,2.7683,-5.5955,-4.4915,0.01,0.2086,-2.9906,-4.4979,0.03
64.799,5.1333,3.6517,3.6526,0.0879,0,0.25,0.25,0.25,2.8713,-0.4633,-4.4972,-0.11,2.7974,-5.596,-4.4914,0.01,0.2364,-2.9917,-4.4979,0.04
64.899,5.1333,3.6519,3.6538,0.0876,0,0.25,0.25,0.25,2.8991,-0.4637,-4.4976,-0.09,2.8267,-5.5965,-4.4913,0.02,0.264,-2.9921,-4.4979,0.06
64.999,5.1335,3.652,3.6551,0.0873,0,0.25,0.25,0.25,2.9267,-0.4637,-4.498,-0.08,2.8558,-5.5967,-4.491,0.04,0.2914,-2.9921,-4.4982,0.08
65.099,5.1341,3.6522,3.6566,0.087,0,0.25,0.25,0.25,2.9539,-0.4634,-4.4981,-0.05,2.8847,-5.597,-4.491,0.06,0.3187,-2.992,-4.4985,0.09
65.199,5.1348,3.6525,3.6582,0.0869,0,0.25,0.25,0.25,2.9812,-0.4631,-4.4981,-0.03,2.9134,-5.5974,-4.4912,0.08,0.3457,-2.9918,-4.4988,0.09
65.299,5.1357,3.6529,3.6601,0.087,0,0.25,0.25,0.25,3.0086,-0.4627,-4.4982,-0.02,2.9418,-5.598,-4.4914,0.09,0.3724,-2.9914,-4.4991,0.08
65.399,5.1369,3.6535,3.6617,0.0873,0,0.25,0.25,0.25,3.0361,-0.4623,-4.4983,-0.02,2.9701,-5.5988,-4.4914,0.1,0.3993,-2.9912,-4.4991,0.07
65.499,5.1384,3.6541,3.6625,0.0877,0,0.25,0.25,0.25,3.0638,-0.4615,-4.4985,-0.02,2.9979,-5.5995,-4.4913,0.1,0.4268,-2.9912,-4.4989,0.07
65.599,5.1402,3.6546,3.6628,0.0883,0,0.25,0.25,0.25,3.0914,-0.4603,-4.4984,-0.01,3.0256,-5.6001,-4.4913,0.11,0.4548,-2.991,-4.4988,0.07
65.699,5.1421,3.6553,3.6632,0.0889,0,0.25,0.25,0.25,3.1193,-0.459,-4.4984,0.0,3.0532,-5.6007,-4.4917,0.12,0.4827,-2.9907,-4.4984,0.07
65.799,5.1431,3.6555,3.6638,0.0893,0,0.25,0.25,0.25,3.1472,-0.458,-4.4983,0.01,3.081,-5.6008,-4.4921,0.12,0.5105,-2.9899,-4.4982,0.07
65.899,5.1439,3.6554,3.6649,0.0895,0,0.25,0.25,0.25,3.1753,-0.4572,-4.4982,0.01,3.1088,-5.6007,-4.4924,0.11,0.5382,-2.9886,-4.4981,0.08
65.999,5.1446,3.6555,3.6662,0.0897,0,0.25,0.25,0.25,3.2033,-0.4565,-4.4981,0.02,3.1368,-5.6006,-4.4926,0.1,0.5655,-2.9872,-4.4982,0.09
66.099,5.1449,3.6554,3.6671,0.0898,0,0.25,0.25,0.25,3.2312,-0.4563,-4.4982,0.04,3.1645,-5.6008,-4.4925,0.09,0.593,-2.9865,-4.4982,0.1
66.199,5.1451,3.655,3.6671,0.0897,0,0.25,0.25,0.25,3.2589,-0.4562,-4.4981,0.06,3.192,-5.6009,-4.4924,0.08,0.621,-2.986,-4.4986,0.11
66.299,5.1451,3.6542,3.6663,0.0895,0,0.25,0.25,0.25,3.2867,-0.4562,-4.4978,0.07,3.2195,-5.6008,-4.4923,0.07,0.6497,-2.9859,-4.4992,0.11
66.399,5.145,3.6531,3.6655,0.0892,0,0.25,0.25,0.25,3.3148,-0.4563,-4.4975,0.08,3.2472,-5.6009,-4.4922,0.06,0.6789,-2.9857,-4.4998,0.11
66.499,5.145,3.6523,3.6648,0.0889,0,0.25,0.25,0.25,3.3429,-0.4564,-4.4972,0.08,3.2753,-5.6009,-4.4921,0.05,0.7081,-2.9856,-4.5003,0.11
66.599,5.1444,3.6518,3.6638,0.0886,0,0.25,0.25,0.25,3.3712,-0.4565,-4.4969,0.07,3.3035,-5.6005,-4.4921,0.04,0.7371,-2.9858,-4.501,0.11
66.699,5.1432,3.6512,3.6628,0.0882,0,0.25,0.25,0.25,3.3994,-0.457,-4.4965,0.06,3.3318,-5.5997,-4.4922,0.03,0.7659,-2.986,-4.5016,0.12
66.799,5.1421,3.651,3.6619,0.0879,0,0.25,0.25,0.25,3.4277,-0.4574,-4.4958,0.07,3.36,-5.599,-4.4923,0.03,0.7943,-2.9862,-4.5021,0.12
66.899,5.1408,3.6506,3.6607,0.0875,0,0.25,0.25,0.25,3.4559,-0.4579,-4.4952,0.08,3.3881,-5.5982,-4.4924,0.02,0.8229,-2.9866,-4.5024,0.11
66.999,5.1391,3.6502,3.6592,0.087,0,0.25,0.25,0.25,3.484,-0.4586,-4.4946,0.07,3.4163,-5.5972,-4.4924,0.03,0.8515,-2.9873,-4.5023,0.1
67.099,5.1376,3.6498,3.6578,0.0864,0,0.25,0.25,0.25,3.5121,-0.4593,-4.4943,0.07,3.4447,-5.5965,-4.4922,0.03,0.8804,-2.9881,-4.5018,0.08
67.199,5.1366,3.6494,3.6572,0.086,0,0.25,0.25,0.25,3.5404,-0.46,-4.494,0.07,3.4732,-5.5962,-4.4919,0.03,0.909,-2.9886,-4.5009,0.06
67.299,5.1355,3.6487,3.6577,0.0855,0,0.25,0.25,0.25,3.5688,-0.461,-4.4933,0.07,3.5018,-5.5961,-4.4918,0.02,0.9371,-2.9883,-4.4998,0.05
67.399,5.1341,3.6477,3.6589,0.0849,0,0.25,0.25,0.25,3.597,-0.4621,-4.4927,0.07,3.5304,-5.5958,-4.4922,0.01,0.9646,-2.9872,-4.4987,0.04
67.499,5.1324,3.6463,3.6601,0.0842,0,0.25,0.25,0.25,3.6251,-0.4633,-4.492,0.06,3.5584,-5.5952,-4.4925,-0.01,0.992,-2.9857,-4.4982,0.04
67.599,5.1306,3.6456,3.6608,0.0839,0,0.25,0.25,0.25,3.6536,-0.4643,-4.4916,0.06,3.586,-5.5945,-4.4931,-0.04,1.0192,-2.9844,-4.498,0.05
67.699,5.1294,3.6458,3.6613,0.0841,0,0.25,0.25,0.25,3.6826,-0.465,-4.4916,0.04,3.6141,-5.5939,-4.4939,-0.05,1.0467,-2.9837,-4.498,0.08
67.799,5.1289,3.6463,3.6617,0.0845,0,0.25,0.25,0.25,3.7118,-0.4654,-4.4918,0.02,3.6424,-5.5939,-4.4946,-0.07,1.0746,-2.9835,-4.4983,0.1
67.899,5.1287,3.6468,3.6615,0.0848,0,0.25,0.25,0.25,3.7409,-0.4655,-4.4918,-0.0,3.6708,-5.5937,-4.4955,-0.08,1.103,-2.9836,-4.4987,0.11
67.999,5.1291,3.6479,3.661,0.0855,0,0.25,0.25,0.25,3.7702,-0.465,-4.4917,-0.02,3.6993,-5.5936,-4.4962,-0.08,1.1317,-2.984,-4.499,0.11
68.099,5.1309,3.6494,3.6602,0.0866,0,0.25,0.25,0.25,3.7994,-0.4637,-4.4917,-0.03,3.7275,-5.594,-4.4967,-0.09,1.1607,-2.9847,-4.4993,0.09
68.199,5.1332,3.6511,3.6596,0.0877,0,0.25,0.25,0.25,3.8284,-0.4618,-4.492,-0.03,3.7556,-5.5945,-4.4969,-0.09,1.1897,-2.9852,-4.4997,0.07
68.299,5.1354,3.6528,3.6589,0.0889,0,0.25,0.25,0.25,3.8576,-0.4599,-4.4924,-0.03,3.7838,-5.5948,-4.4967,-0.08,1.2187,-2.9856,-4.4999,0.06
68.399,5.1365,3.6543,3.6576,0.0898,0,0.25,0.25,0.25,3.8866,-0.4584,-4.4931,-0.02,3.8118,-5.5944,-4.4964,-0.07,1.2476,-2.9861,-4.5004,0.04
68.499,5.1367,3.656,3.6556,0.0907,0,0.25,0.25,0.25,3.9157,-0.4573,-4.4935,-0.01,3.8397,-5.5934,-4.496,-0.06,1.2764,-2.9871,-4.501,0.02
68.599,5.1367,3.6576,3.654,0.0915,0,0.25,0.25,0.25,3.9447,-0.4564,-4.4938,-0.0,3.8676,-5.5925,-4.4957,-0.04,1.3047,-2.988,-4.5013,0.02
68.699,5.1362,3.6589,3.653,0.0919,0,0.25,0.25,0.25,3.9733,-0.4558,-4.4941,0.01,3.8957,-5.5914,-4.4955,-0.03,1.3326,-2.9885,-4.5013,0.01
68.799,5.1357,3.6601,3.6523,0.0923,0,0.25,0.25,0.25,4.0018,-0.455,-4.494,0.03,3.9238,-5.5901,-4.4952,-0.03,1.3603,-2.9886,-4.5011,0.0
68.899,5.1354,3.6615,3.6526,0.0927,0,0.25,0.25,0.25,4.0302,-0.4542,-4.4938,0.03,3.9523,-5.589,-4.4948,-0.01,1.3875,-2.9885,-4.5012,-0.01
68.999,5.1349,3.6625,3.6536,0.0929,0,0.25,0.25,0.25,4.0585,-0.4536,-4.4936,0.04,3.9809,-5.5879,-4.4943,-0.0,1.4142,-2.9877,-4.5012,-0.02
69.099,5.1343,3.6627,3.6554,0.0928,0,0.25,0.25,0.25,4.0866,-0.4531,-4.4932,0.03,4.0095,-5.5868,-4.4939,0.0,1.4409,-2.986,-4.5008,-0.03
69.199,5.1342,3.6628,3.6572,0.0927,0,0.25,0.25,0.25,4.1148,-0.4525,-4.4927,0.03,4.0383,-5.5861,-4.4938,0.0,1.468,-2.9845,-4.5,-0.03
69.299,5.1344,3.6629,3.6586,0.0926,0,0.25,0.25,0.25,4.1427,-0.4518,-4.4922,0.03,4.0671,-5.5856,-4.4938,0.01,1.4955,-2.9833,-4.4991,-0.04
69.399,5.1341,3.6624,3.6599,0.092,0,0.25,0.25,0.25,4.1705,-0.4514,-4.492,0.04,4.0961,-5.585,-4.4937,0.04,1.5231,-2.9821,-4.4984,-0.04
69.499,5.1333,3.6616,3.6602,0.0914,0,0.25,0.25,0.25,4.1983,-0.4513,-4.4919,0.06,4.1248,-5.5841,-4.4935,0.06,1.5513,-2.9813,-4.4979,-0.05
69.599,5.132,3.6611,3.6595,0.0909,0,0.25,0.25,0.25,4.226,-0.4514,-4.4921,0.08,4.1529,-5.5829,-4.4931,0.09,1.5795,-2.9811,-4.4977,-0.06
69.699,5.131,3.6615,3.6589,0.0909,0,0.25,0.25,0.25,4.2543,-0.4514,-4.4925,0.08,4.1808,-5.5818,-4.4926,0.11,1.6071,-2.981,-4.4976,-0.06
69.799,5.13,3.662,3.6583,0.091,0,0.25,0.25,0.25,4.2827,-0.4513,-4.4925,0.09,4.2087,-5.5807,-4.4921,0.12,1.635,-2.981,-4.4979,-0.06
69.899,5.1289,3.6627,3.6571,0.0913,0,0.25,0.25,0.25,4.3117,-0.4514,-4.4921,0.09,4.2366,-5.5797,-4.4916,0.13,1.6631,-2.9813,-4.4982,-0.07
69.999,5.1278,3.6627,3.6558,0.0913,0,0.25,0.25,0.25,4.34,-0.4515,-4.4917,0.09,4.2643,-5.5788,-4.4912,0.13,1.6915,-2.9816,-4.4986,-0.07
70.099,5.127,3.6616,3.6548,0.0907,0,0.25,0.25,0.25,4.3674,-0.4516,-4.4918,0.09,4.2919,-5.578,-4.491,0.13,1.7201,-2.9813,-4.499,-0.06
70.199,5.1265,3.6599,3.6543,0.0898,0,0.25,0.25,0.25,4.3943,-0.4517,-4.492,0.09,4.3196,-5.5777,-4.4908,0.12,1.7487,-2.9807,-4.4992,-0.07
70.299,5.1262,3.658,3.6543,0.0887,0,0.25,0.25,0.25,4.4208,-0.4518,-4.4925,0.09,4.3476,-5.5774,-4.4907,0.11,1.7772,-2.98,-4.4991,-0.07
70.399,5.126,3.6562,3.6549,0.0875,0,0.25,0.25,0.25,4.4471,-0.4518,-4.493,0.09,4.3758,-5.5773,-4.4904,0.11,1.8052,-2.9793,-4.4992,-0.06
70.499,5.1254,3.6543,3.6558,0.0863,0,0.25,0.25,0.25,4.4736,-0.4523,-4.4935,0.1,4.404,-5.5772,-4.4903,0.1,1.8329,-2.9783,-4.4995,-0.06
70.599,5.1241,3.6518,3.6568,0.085,0,0.25,0.25,0.25,4.5004,-0.4535,-4.4941,0.12,4.432,-5.5772,-4.4904,0.09,1.8607,-2.977,-4.4995,-0.06
70.699,5.1222,3.6491,3.6579,0.0837,0,0.25,0.25,0.25,4.5277,-0.4554,-4.4945,0.12,4.4597,-5.5771,-4.4908,0.06,1.8885,-2.9754,-4.4991,-0.07
70.799,5.1203,3.6463,3.6586,0.0826,0,0.25,0.25,0.25,4.5552,-0.4574,-4.4949,0.12,4.4871,-5.5772,-4.4912,0.04,1.9165,-2.9739,-4.4988,-0.07
70.899,5.1182,3.6441,3.6589,0.0817,0,0.25,0.25,0.25,4.5832,-0.4595,-4.4952,0.1,4.5147,-5.5772,-4.4914,0.02,1.9446,-2.9729,-4.4988,-0.07
70.999,5.1161,3.643,3.6586,0.0814,0,0.25,0.25,0.25,4.6119,-0.4613,-4.4952,0.09,4.5423,-5.5769,-4.4915,0.0,1.9728,-2.9725,-4.4992,-0.06
71.099,5.1147,3.6428,3.6578,0.0816,0,0.25,0.25,0.25,4.6411,-0.4624,-4.4954,0.08,4.57,-5.5766,-4.4917,-0.01,2.0012,-2.9727,-4.4994,-0.06
71.199,5.1136,3.6425,3.6565,0.0817,0,0.25,0.25,0.25,4.6702,-0.4634,-4.4957,0.07,4.5981,-5.5765,-4.4918,-0.01,2.0304,-2.9733,-4.4994,-0.08
71.299,5.1127,3.6422,3.6554,0.0814,0,0.25,0.25,0.25,4.6989,-0.4645,-4.4958,0.07,4.6266,-5.5766,-4.4921,-0.01,2.0595,-2.9743,-4.4991,-0.09
71.399,5.1122,3.6424,3.6545,0.0814,0,0.25,0.25,0.25,4.7278,-0.4654,-4.4958,0.07,4.6553,-5.577,-4.4924,-0.02,2.0886,-2.9757,-4.4986,-0.1
71.499,5.112,3.6433,3.6535,0.0819,0,0.25,0.25,0.25,4.7572,-0.466,-4.4956,0.08,4.684,-5.5775,-4.4926,-0.02,2.1176,-2.9772,-4.4981,-0.11
71.599,5.1122,3.6441,3.6523,0.0825,0,0.25,0.25,0.25,4.7866,-0.4664,-4.4954,0.09,4.7122,-5.578,-4.4927,-0.02,2.1467,-2.9785,-4.4978,-0.1
71.699,5.1128,3.6445,3.651,0.0826,0,0.25,0.25,0.25,4.815,-0.4662,-4.4949,0.1,4.7405,-5.5785,-4.4931,-0.02,2.176,-2.9798,-4.4977,-0.09
71.799,5.1134,3.6445,3.6493,0.0823,0,0.25,0.25,0.25,4.8424,-0.4657,-4.4945,0.09,4.7686,-5.5785,-4.4934,-0.02,2.2053,-2.9812,-4.4975,-0.06
71.899,5.1138,3.6443,3.6473,0.0819,0,0.25,0.25,0.25,4.8697,-0.465,-4.4947,0.09,4.7966,-5.5782,-4.4938,-0.02,2.2346,-2.9823,-4.4971,-0.05
71.999,5.1144,3.6433,3.6458,0.0812,0,0.25,0.25,0.25,4.8965,-0.4642,-4.4951,0.07,4.8246,-5.5781,-4.4944,-0.02,2.264,-2.9829,-4.4967,-0.04
72.099,5.1157,3.6421,3.645,0.0805,0,0.25,0.25,0.25,4.9229,-0.463,-4.4953,0.06,4.8525,-5.5782,-4.4948,-0.01,2.2932,-2.9828,-4.4965,-0.04
72.199,5.1167,3.6408,3.6452,0.0798,0,0.25,0.25,0.25,4.9497,-0.4619,-4.4955,0.06,4.8805,-5.5781,-4.4949,0.01,2.3219,-2.9818,-4.496,-0.04
72.299,5.1175,3.6395,3.6461,0.0793,0,0.25,0.25,0.25,4.9768,-0.4611,-4.4957,0.04,4.9086,-5.5781,-4.4949,0.01,2.3501,-2.9803,-4.4955,-0.04
72.399,5.1184,3.6383,3.648,0.0789,0,0.25,0.25,0.25,5.0041,-0.4604,-4.4959,0.04,4.9366,-5.5784,-4.4951,0.01,2.3779,-2.9783,-4.495,-0.04
72.499,5.1191,3.6369,3.6501,0.0785,0,0.25,0.25,0.25,5.0318,-0.46,-4.496,0.03,4.9649,-5.5787,-4.4952,0.02,2.4057,-2.9761,-4.4947,-0.03
72.599,5.1195,3.6351,3.6524,0.078,0,0.25,0.25,0.25,5.0597,-0.4599,-4.4958,0.02,4.993,-5.579,-4.4953,0.02,2.4335,-2.9734,-4.4944,-0.01
72.699,5.1203,3.6336,3.6549,0.0776,0,0.25,0.25,0.25,5.0874,-0.4596,-4.4948,0.02,5.0212,-5.5794,-4.4952,0.02,2.4613,-2.9708,-4.4945,0.0
72.799,5.1216,3.6327,3.6566,0.0777,0,0.25,0.25,0.25,5.1155,-0.4588,-4.4939,0.02,5.0492,-5.58,-4.4952,0.01,2.4894,-2.9688,-4.4948,0.01
72.899,5.1231,3.6325,3.6575,0.0786,0,0.25,0.25,0.25,5.144,-0.4578,-4.4931,0.01,5.0774,-5.5805,-4.4953,0.01,2.518,-2.9676,-4.4952,0.03
72.999,5.1247,3.6325,3.6578,0.0794,0,0.25,0.25,0.25,5.1724,-0.4566,-4.4925,0.01,5.1057,-5.5808,-4.4954,0.01,2.547,-2.967,-4.4957,0.05
73.099,5.1255,3.6324,3.6568,0.0796,0,0.25,0.25,0.25,5.2006,-0.4557,-4.492,-0.0,5.1339,-5.5808,-4.4951,0.02,2.5763,-2.9672,-4.496,0.06
73.199,5.1259,3.6327,3.6551,0.0794,0,0.25,0.25,0.25,5.229,-0.4548,-4.4916,-0.01,5.1621,-5.5803,-4.4948,0.04,2.6058,-2.9678,-4.4967,0.07
73.299,5.1256,3.6326,3.653,0.0788,0,0.25,0.25,0.25,5.2572,-0.4542,-4.4918,-0.02,5.19,-5.5795,-4.4947,0.05,2.6352,-2.9684,-4.4974,0.07
73.399,5.1253,3.6322,3.6505,0.0783,0,0.25,0.25,0.25,5.2852,-0.4536,-4.4923,-0.04,5.2178,-5.5785,-4.4947,0.05,2.665,-2.969,-4.4978,0.07
73.499,5.1253,3.6317,3.6476,0.078,0,0.25,0.25,0.25,5.3132,-0.4526,-4.4924,-0.06,5.2453,-5.5775,-4.4951,0.06,2.6951,-2.9695,-4.4984,0.07
73.599,5.125,3.6307,3.6454,0.0777,0,0.25,0.25,0.25,5.3408,-0.452,-4.4923,-0.07,5.2725,-5.5765,-4.4958,0.06,2.7247,-2.9694,-4.4989,0.08
73.699,5.1246,3.6298,3.6442,0.0774,0,0.25,0.25,0.25,5.3685,-0.4515,-4.4924,-0.08,5.2998,-5.5757,-4.4961,0.06,2.7534,-2.9688,-4.4994,0.09
73.799,5.1241,3.6293,3.6435,0.0771,0,0.25,0.25,0.25,5.396,-0.4511,-4.4925,-0.07,5.3273,-5.5747,-4.4962,0.06,2.7815,-2.9682,-4.5,0.09
73.899,5.1237,3.6288,3.6434,0.0769,0,0.25,0.25,0.25,5.4235,-0.4507,-4.4925,-0.06,5.3553,-5.5739,-4.4959,0.06,2.8094,-2.9676,-4.5003,0.08
73.999,5.1239,3.6289,3.6442,0.077,0,0.25,0.25,0.25,5.4512,-0.4501,-4.4925,-0.05,5.3836,-5.5736,-4.4955,0.08,2.8369,-2.9669,-4.5001,0.06
74.099,5.1241,3.6291,3.6451,0.0771,0,0.25,0.25,0.25,5.479,-0.4497,-4.4924,-0.03,5.4121,-5.5733,-4.4954,0.08,2.8644,-2.9664,-4.5001,0.05
74.199,5.1243,3.6288,3.6464,0.0774,0,0.25,0.25,0.25,5.5067,-0.4493,-4.4924,-0.02,5.4407,-5.5732,-4.4954,0.08,2.8919,-2.9656,-4.5002,0.03
74.299,5.1248,3.6288,3.6481,0.0778,0,0.25,0.25,0.25,5.5345,-0.4489,-4.4925,-0.02,5.4695,-5.5732,-4.4955,0.07,2.9193,-2.9646,-4.5003,0.02
74.399,5.1255,3.6297,3.6501,0.0783,0,0.25,0.25,0.25,5.5628,-0.4483,-4.4923,-0.02,5.4985,-5.5734,-4.4956,0.06,2.9463,-2.9639,-4.5004,0.01
74.499,5.126,3.6305,3.6523,0.0788,0,0.25,0.25,0.25,5.5914,-0.4481,-4.492,-0.02,5.5273,-5.5738,-4.4956,0.06,2.9731,-2.9631,-4.5002,0.01
74.599,5.1265,3.6311,3.6544,0.0794,0,0.25,0.25,0.25,5.6198,-0.4481,-4.4914,-0.03,5.5559,-5.5742,-4.4954,0.06,3.0,-2.9623,-4.4998,0.01
74.699,5.1268,3.6312,3.6564,0.0799,0,0.25,0.25,0.25,5.6481,-0.4482,-4.4911,-0.03,5.5845,-5.5746,-4.4953,0.05,3.0271,-2.9614,-4.4991,0.01
74.799,5.1272,3.631,3.6587,0.0806,0,0.25,0.25,0.25,5.6764,-0.4483,-4.4914,-0.03,5.6132,-5.5752,-4.4954,0.03,3.0544,-2.9602,-4.4985,0.01
74.899,5.1278,3.6309,3.6609,0.0814,0,0.25,0.25,0.25,5.7049,-0.4484,-4.4917,-0.02,5.6419,-5.5758,-4.4953,0.01,3.0818,-2.959,-4.4985,0.03
74.999,5.1276,3.6308,3.6622,0.0817,0,0.25,0.25,0.25,5.7335,-0.4487,-4.4917,-0.01,5.6704,-5.5759,-4.4954,0.02,3.1095,-2.958,-4.4987,0.04
75.099,5.127,3.6302,3.6629,0.0816,0,0.25,0.25,0.25,5.7618,-0.4492,-4.4914,0.0,5.699,-5.5758,-4.4954,0.04,3.1375,-2.9575,-4.4989,0.06
75.199,5.1266,3.6298,3.6629,0.0815,0,0.25,0.25,0.25,5.7899,-0.4496,-4.4916,0.0,5.7275,-5.5758,-4.4954,0.06,3.1659,-2.9576,-4.4989,0.06
75.299,5.1265,3.6298,3.6623,0.0812,0,0.25,0.25,0.25,5.8179,-0.4498,-4.4919,0.0,5.7559,-5.5759,-4.4956,0.08,3.1944,-2.9584,-4.4992,0.08
75.399,5.1262,3.6307,3.6608,0.0806,0,0.25,0.25,0.25,5.8464,-0.45,-4.4922,-0.0,5.7841,-5.5759,-4.4956,0.09,3.2231,-2.96,-4.4998,0.1
75.499,5.126,3.6317,3.6588,0.0798,0,0.25,0.25,0.25,5.875,-0.4501,-4.4923,-0.0,5.8121,-5.5757,-4.4954,0.1,3.252,-2.9618,-4.5004,0.12
75.599,5.1253,3.6323,3.6564,0.0789,0,0.25,0.25,0.25,5.9036,-0.4502,-4.4927,-0.01,5.84,-5.5751,-4.4952,0.09,3.281,-2.9633,-4.501,0.14
75.699,5.1246,3.6329,3.6538,0.0779,0,0.25,0.25,0.25,5.932,-0.4501,-4.4935,-0.01,5.8676,-5.5743,-4.4947,0.09,3.3101,-2.9649,-4.5018,0.16
75.799,5.1243,3.6343,3.6511,0.0779,0,0.25,0.25,0.25,5.9603,-0.4495,-4.4945,-0.01,5.8954,-5.5734,-4.4944,0.08,3.3389,-2.9667,-4.5023,0.16
75.899,5.1239,3.6356,3.6487,0.0783,0,0.25,0.25,0.25,5.9887,-0.4488,-4.4953,-0.02,5.9235,-5.5722,-4.4943,0.07,3.3677,-2.9683,-4.5027,0.17
75.999,5.1232,3.6367,3.6464,0.0784,0,0.25,0.25,0.25,6.0171,-0.4481,-4.4958,-0.02,5.952,-5.5709,-4.4944,0.06,3.3966,-2.9697,-4.503,0.17
76.099,5.1225,3.6373,3.6441,0.0784,0,0.25,0.25,0.25,6.0455,-0.4477,-4.4962,-0.01,5.9804,-5.5698,-4.4943,0.05,3.4259,-2.971,-4.5035,0.18
76.199,5.1225,3.6382,3.6421,0.0787,0,0.25,0.25,0.25,6.074,-0.4472,-4.4964,-0.01,6.0087,-5.5693,-4.4946,0.05,3.455,-2.9725,-4.5039,0.18
76.299,5.1228,3.6394,3.641,0.0791,0,0.25,0.25,0.25,6.1024,-0.4465,-4.4969,-0.0,6.0371,-5.5689,-4.4948,0.04,3.4834,-2.9736,-4.5043,0.18
76.399,5.1223,3.6404,3.6401,0.0795,0,0.25,0.25,0.25,6.1311,-0.4459,-4.4976,0.01,6.0652,-5.5678,-4.4948,0.03,3.5116,-2.9738,-4.5045,0.17
76.499,5.121,3.6406,3.6396,0.0796,0,0.25,0.25,0.25,6.16,-0.4458,-4.4979,0.02,6.0929,-5.5664,-4.4946,0.03,3.5394,-2.9729,-4.5048,0.16
76.599,5.1198,3.6401,3.6399,0.0796,0,0.25,0.25,0.25,6.1888,-0.4461,-4.4983,0.02,6.1207,-5.5655,-4.4945,0.01,3.5672,-2.9715,-4.5052,0.17
76.699,5.1187,3.6393,3.6408,0.0794,0,0.25,0.25,0.25,6.2176,-0.4466,-4.4991,0.01,6.1486,-5.5649,-4.4942,0.01,3.595,-2.9698,-4.5056,0.18
76.799,5.1186,3.6388,3.6421,0.0793,0,0.25,0.25,0.25,6.246,-0.4465,-4.4998,0.0,6.1769,-5.5646,-4.4937,0.01,3.6228,-2.9683,-4.5056,0.2
76.899,5.1181,3.6388,3.6426,0.0794,0,0.25,0.25,0.25,6.2748,-0.4464,-4.5005,-0.0,6.2051,-5.564,-4.4932,0.01,3.6507,-2.9673,-4.5051,0.21
76.999,5.1171,3.6385,3.6416,0.0793,0,0.25,0.25,0.25,6.3034,-0.4463,-4.501,-0.0,6.233,-5.5629,-4.4927,0.0,3.6793,-2.9667,-4.5043,0.22
77.099,5.1162,3.6382,3.6398,0.0793,0,0.25,0.25,0.25,6.332,-0.4462,-4.5014,-0.0,6.2606,-5.5618,-4.4922,-0.01,3.7084,-2.9668,-4.5035,0.21
77.199,5.1154,3.6381,3.6376,0.0795,0,0.25,0.25,0.25,6.3607,-0.4462,-4.5018,-0.01,6.2879,-5.561,-4.4919,-0.03,3.7376,-2.9671,-4.5029,0.21
77.299,5.1149,3.6383,3.6352,0.08,0,0.25,0.25,0.25,6.3897,-0.4461,-4.5023,-0.03,6.3149,-5.5604,-4.4917,-0.05,3.7669,-2.9676,-4.5019,0.19
77.399,5.1144,3.6387,3.6326,0.0805,0,0.25,0.25,0.25,6.4184,-0.4459,-4.5026,-0.04,6.3418,-5.5598,-4.4917,-0.06,3.7961,-2.9686,-4.5008,0.18
77.499,5.1137,3.6394,3.6295,0.0811,0,0.25,0.25,0.25,6.4471,-0.4458,-4.5028,-0.04,6.3684,-5.5588,-4.4921,-0.06,3.825,-2.9696,-4.4998,0.17
77.599,5.1124,3.6397,3.6267,0.0815,0,0.25,0.25,0.25,6.4759,-0.4456,-4.503,-0.05,6.3952,-5.5574,-4.4925,-0.06,3.8539,-2.97,-4.4989,0.17
77.699,5.1112,3.6401,3.6247,0.0819,0,0.25,0.25,0.25,6.5045,-0.4452,-4.5032,-0.05,6.4223,-5.5558,-4.4927,-0.05,3.8823,-2.9699,-4.4985,0.16
77.799,5.1098,3.6396,3.623,0.0816,0,0.25,0.25,0.25,6.5325,-0.4453,-4.5035,-0.05,6.4496,-5.5544,-4.4932,-0.04,3.9107,-2.9698,-4.4986,0.14
77.899,5.1081,3.6387,3.6218,0.0811,0,0.25,0.25,0.25,6.5601,-0.4458,-4.5039,-0.04,6.477,-5.5532,-4.4937,-0.04,3.939,-2.9696,-4.4987,0.12
77.999,5.1061,3.6375,3.6211,0.0802,0,0.25,0.25,0.25,6.5875,-0.4464,-4.5041,-0.03,6.505,-5.5517,-4.4941,-0.04,3.9669,-2.969,-4.4988,0.1
78.099,5.1041,3.6365,3.621,0.0794,0,0.25,0.25,0.25,6.6148,-0.4466,-4.504,-0.03,6.5329,-5.5501,-4.4943,-0.03,3.9944,-2.968,-4.4987,0.08
78.199,5.1028,3.6356,3.6217,0.0787,0,0.25,0.25,0.25,6.6418,-0.4465,-4.5038,-0.02,6.5609,-5.5487,-4.4943,-0.02,4.0213,-2.9666,-4.4986,0.06
78.299,5.1016,3.6346,3.6227,0.0778,0,0.25,0.25,0.25,6.6685,-0.4465,-4.5035,-0.01,6.5889,-5.5475,-4.4943,-0.01,4.0481,-2.9652,-4.4987,0.04
78.399,5.1004,3.6334,3.6239,0.0769,0,0.25,0.25,0.25,6.6953,-0.4465,-4.503,0.01,6.6172,-5.5463,-4.4942,0.01,4.0751,-2.9637,-4.4989,0.04
78.499,5.0994,3.6322,3.6255,0.076,0,0.25,0.25,0.25,6.7223,-0.4466,-4.5024,0.02,6.6456,-5.5454,-4.4942,0.02,4.102,-2.9619,-4.4988,0.04
78.599,5.0986,3.6309,3.6277,0.0751,0,0.25,0.25,0.25,6.7493,-0.4467,-4.5019,0.02,6.6742,-5.5447,-4.4939,0.03,4.1288,-2.9599,-4.4985,0.05
78.699,5.0981,3.6296,3.6301,0.0742,0,0.25,0.25,0.25,6.7763,-0.4467,-4.5015,0.04,6.7029,-5.5443,-4.4935,0.04,4.1556,-2.9579,-4.4982,0.05
78.799,5.0975,3.6285,3.6325,0.0735,0,0.25,0.25,0.25,6.8036,-0.4469,-4.5012,0.05,6.7318,-5.5439,-4.4933,0.04,4.1825,-2.9561,-4.4979,0.05
78.899,5.0971,3.628,3.6345,0.0729,0,0.25,0.25,0.25,6.8311,-0.4472,-4.5009,0.06,6.7609,-5.5438,-4.4933,0.04,4.2096,-2.9552,-4.4978,0.03
78.999,5.097,3.628,3.6358,0.0725,0,0.25,0.25,0.25,6.8587,-0.4476,-4.5005,0.06,6.79,-5.5441,-4.4934,0.04,4.237,-2.9554,-4.4979,0.01
79.099,5.0971,3.6283,3.6363,0.0722,0,0.25,0.25,0.25,6.8865,-0.4481,-4.5001,0.06,6.8189,-5.5448,-4.4935,0.04,4.2648,-2.9563,-4.498,-0.01
79.199,5.0972,3.629,3.6362,0.0721,0,0.25,0.25,0.25,6.9141,-0.4484,-4.4999,0.04,6.8475,-5.5452,-4.4937,0.05,4.2925,-2.9578,-4.4978,-0.02
79.299,5.0978,3.6301,3.6365,0.0721,0,0.25,0.25,0.25,6.9416,-0.4485,-4.4993,0.04,6.8762,-5.5459,-4.4938,0.03,4.32,-2.9594,-4.4975,-0.04
79.399,5.0981,3.6309,3.6365,0.072,0,0.25,0.25,0.25,6.9691,-0.4485,-4.4987,0.05,6.9049,-5.5462,-4.4938,0.02,4.3476,-2.9608,-4.4971,-0.05
79.499,5.098,3.632,3.6367,0.0721,0,0.25,0.25,0.25,6.9969,-0.4484,-4.4982,0.06,6.9334,-5.546,-4.4937,0.01,4.3748,-2.9615,-4.4968,-0.06
79.599,5.0982,3.6331,3.6376,0.0725,0,0.25,0.25,0.25,7.025,-0.4481,-4.4977,0.06,6.9616,-5.5459,-4.4934,0.0,4.4017,-2.9616,-4.4966,-0.08
79.699,5.0982,3.634,3.6387,0.0727,0,0.25,0.25,0.25,7.0531,-0.4478,-4.4974,0.06,6.99,-5.5456,-4.493,0.0,4.4285,-2.9613,-4.4961,-0.08
79.799,5.0976,3.6346,3.6401,0.0729,0,0.25,0.25,0.25,7.0812,-0.4477,-4.4971,0.07,7.0185,-5.545,-4.4926,0.02,4.4551,-2.9606,-4.4955,-0.09
79.899,5.0972,3.6354,3.6418,0.073,0,0.25,0.25,0.25,7.1092,-0.4475,-4.4969,0.08,7.047,-5.5443,-4.4924,0.05,4.4814,-2.9597,-4.4952,-0.09
79.999,5.0962,3.6356,3.6438,0.0729,0,0.25,0.25,0.25,7.1372,-0.4479,-4.4967,0.08,7.0757,-5.5438,-4.4925,0.06,4.5078,-2.9586,-4.4953,-0.1
80.099,5.0957,3.6356,3.6455,0.0727,0,0.25,0.25,0.25,7.1652,-0.4482,-4.4966,0.09,7.1045,-5.5436,-4.4924,0.07,4.5347,-2.9578,-4.4957,-0.11
80.199,5.0958,3.6357,3.647,0.0726,0,0.25,0.25,0.25,7.1932,-0.4483,-4.4963,0.1,7.1334,-5.5438,-4.4923,0.07,4.5622,-2.9574,-4.4961,-0.12
80.299,5.0961,3.6355,3.6484,0.0728,0,0.25,0.25,0.25,7.221,-0.4483,-4.4962,0.09,7.1621,-5.5441,-4.4922,0.07,4.5897,-2.9569,-4.4961,-0.13
80.399,5.0963,3.6354,3.6497,0.0734,0,0.25,0.25,0.25,7.2488,-0.4482,-4.496,0.07,7.1909,-5.5442,-4.492,0.07,4.6172,-2.9564,-4.4962,-0.12
80.499,5.096,3.6353,3.6507,0.0739,0,0.25,0.25,0.25,7.2768,-0.4483,-4.4958,0.04,7.2198,-5.544,-4.4915,0.08,4.645,-2.956,-4.4963,-0.12
80.599,5.0956,3.6357,3.6509,0.0742,0,0.25,0.25,0.25,7.3051,-0.4483,-4.4955,0.01,7.2489,-5.5436,-4.4911,0.09,4.673,-2.9564,-4.4964,-0.11
80.699,5.0958,3.6368,3.6505,0.0741,0,0.25,0.25,0.25,7.3332,-0.4479,-4.4948,-0.0,7.278,-5.5434,-4.491,0.09,4.7013,-2.9576,-4.4965,-0.11
80.799,5.096,3.6384,3.6493,0.0738,0,0.25,0.25,0.25,7.3615,-0.4475,-4.4944,-0.01,7.3068,-5.5433,-4.4912,0.1,4.7295,-2.9596,-4.4971,-0.1
80.899,5.0964,3.6403,3.6476,0.0732,0,0.25,0.25,0.25,7.3897,-0.447,-4.4939,-0.01,7.3355,-5.5431,-4.4918,0.11,4.758,-2.9621,-4.4977,-0.09
80.999,5.0969,3.642,3.6463,0.0728,0,0.25,0.25,0.25,7.418,-0.4465,-4.4935,-0.03,7.3635,-5.543,-4.4922,0.12,4.7861,-2.9639,-4.4981,-0.07
81.099,5.0974,3.6434,3.6453,0.0736,0,0.25,0.25,0.25,7.4463,-0.4459,-4.493,-0.05,7.3909,-5.5429,-4.4922,0.12,4.8139,-2.9647,-4.4981,-0.06
81.199,5.0982,3.6447,3.6449,0.0746,0,0.25,0.25,0.25,7.4747,-0.4451,-4.4928,-0.07,7.4178,-5.543,-4.4921,0.12,4.8413,-2.9648,-4.498,-0.06
81.299,5.0991,3.6457,3.6454,0.0754,0,0.25,0.25,0.25,7.5029,-0.4443,-4.4925,-0.08,7.4449,-5.5431,-4.4919,0.11,4.8683,-2.9643,-4.4979,-0.07
81.399,5.0999,3.6464,3.6467,0.0761,0,0.25,0.25,0.25,7.5311,-0.4435,-4.4921,-0.08,7.4724,-5.5431,-4.4919,0.09,4.8953,-2.9632,-4.4975,-0.09
81.499,5.1007,3.6468,3.648,0.0764,0,0.25,0.25,0.25,7.5592,-0.4428,-4.4917,-0.08,7.5005,-5.5432,-4.4918,0.08,4.9224,-2.9621,-4.497,-0.11
81.599,5.1016,3.6473,3.6491,0.0768,0,0.25,0.25,0.25,7.5871,-0.442,-4.491,-0.08,7.5283,-5.5433,-4.4917,0.08,4.9496,-2.9613,-4.4965,-0.11
81.699,5.1026,3.6477,3.6503,0.0772,0,0.25,0.25,0.25,7.6147,-0.4413,-4.4904,-0.07,7.5558,-5.5436,-4.4919,0.07,4.9766,-2.9605,-4.4963,-0.1
81.799,5.1037,3.6479,3.6512,0.0776,0,0.25,0.25,0.25,7.6422,-0.4403,-4.4899,-0.07,7.5829,-5.5436,-4.4923,0.06,5.0036,-2.9593,-4.4962,-0.1
81.899,5.1046,3.648,3.6524,0.078,0,0.25,0.25,0.25,7.6697,-0.4393,-4.4896,-0.06,7.6098,-5.5436,-4.4926,0.07,5.0304,-2.9578,-4.4959,-0.1
81.999,5.1055,3.6481,3.6531,0.0784,0,0.25,0.25,0.25,7.6971,-0.4385,-4.4894,-0.05,7.6366,-5.5437,-4.4932,0.06,5.0574,-2.9566,-4.4956,-0.1
82.099,5.1066,3.6483,3.6539,0.0788,0,0.25,0.25,0.25,7.7243,-0.4378,-4.4893,-0.06,7.6636,-5.5441,-4.494,0.06,5.0844,-2.9559,-4.4956,-0.1
82.199,5.1079,3.6488,3.6546,0.0791,0,0.25,0.25,0.25,7.7514,-0.4369,-4.4892,-0.07,7.6908,-5.5445,-4.4946,0.05,5.1113,-2.9556,-4.4959,-0.11
82.299,5.1093,3.6496,3.6552,0.0795,0,0.25,0.25,0.25,7.7786,-0.4359,-4.4889,-0.07,7.7183,-5.5449,-4.4954,0.05,5.1384,-2.9556,-4.4966,-0.12
82.399,5.1104,3.6506,3.6556,0.0801,0,0.25,0.25,0.25,7.8064,-0.4352,-4.4888,-0.08,7.7461,-5.5452,-4.4962,0.07,5.1657,-2.9558,-4.4973,-0.12
82.499,5.1112,3.6519,3.6565,0.0807,0,0.25,0.25,0.25,7.8347,-0.4347,-4.489,-0.08,7.7742,-5.5455,-4.4965,0.09,5.1928,-2.9559,-4.4978,-0.13
82.599,5.1118,3.6526,3.6577,0.0812,0,0.25,0.25,0.25,7.863,-0.4344,-4.4894,-0.08,7.8022,-5.5459,-4.4968,0.11,5.2199,-2.9554,-4.4982,-0.13
82.699,5.112,3.6529,3.6592,0.0817,0,0.25,0.25,0.25,7.8916,-0.4345,-4.4897,-0.07,7.83,-5.5461,-4.497,0.13,5.2469,-2.9543,-4.4987,-0.12
82.799,5.1116,3.6525,3.6602,0.0817,0,0.25,0.25,0.25,7.9198,-0.4349,-4.4899,-0.05,7.8578,-5.5461,-4.4973,0.15,5.2743,-2.9532,-4.4991,-0.11
82.899,5.1108,3.6522,3.6604,0.0816,0,0.25,0.25,0.25,7.9479,-0.4352,-4.4896,-0.04,7.8858,-5.5456,-4.4975,0.17,5.3021,-2.9528,-4.4996,-0.1
82.999,5.1097,3.6518,3.66,0.0814,0,0.25,0.25,0.25,7.9761,-0.436,-4.4895,-0.02,7.9138,-5.5453,-4.4979,0.19,5.3301,-2.9529,-4.4999,-0.08
83.099,5.1088,3.6514,3.6595,0.0812,0,0.25,0.25,0.25,8.0042,-0.4369,-4.4893,0.0,7.9417,-5.5453,-4.4984,0.2,5.3584,-2.9533,-4.4998,-0.07
83.199,5.1075,3.6508,3.6586,0.0809,0,0.25,0.25,0.25,8.0324,-0.4383,-4.4888,0.01,7.9695,-5.5454,-4.4984,0.21,5.3868,-2.9541,-4.4995,-0.07
83.299,5.1059,3.6502,3.6575,0.081,0,0.25,0.25,0.25,8.0611,-0.4401,-4.4878,0.01,7.9969,-5.5456,-4.4983,0.24,5.4152,-2.9548,-4.499,-0.06
83.399,5.1048,3.6501,3.6562,0.0813,0,0.25,0.25,0.25,8.0899,-0.4418,-4.4869,-0.0,8.0239,-5.5461,-4.4982,0.25,5.4437,-2.9558,-4.4983,-0.07
83.499,5.1037,3.6505,3.6542,0.0819,0,0.25,0.25,0.25,8.1188,-0.4433,-4.4866,0.0,8.0509,-5.5465,-4.498,0.25,5.4721,-2.9575,-4.4973,-0.07
83.599,5.1026,3.6511,3.6517,0.0825,0,0.25,0.25,0.25,8.1476,-0.4447,-4.4867,0.02,8.0776,-5.5468,-4.4977,0.25,5.5006,-2.9595,-4.4962,-0.07
83.699,5.1012,3.6515,3.6488,0.0828,0,0.25,0.25,0.25,8.1761,-0.4461,-4.4868,0.05,8.1043,-5.5468,-4.4973,0.24,5.5294,-2.9616,-4.4952,-0.08
83.799,5.0993,3.6515,3.6457,0.0827,0,0.25,0.25,0.25,8.2041,-0.4476,-4.4867,0.08,8.131,-5.5464,-4.4969,0.24,5.5579,-2.9638,-4.4944,-0.09
83.899,5.098,3.6511,3.643,0.0826,0,0.25,0.25,0.25,8.2319,-0.4491,-4.4871,0.1,8.1576,-5.5465,-4.4964,0.22,5.5865,-2.9656,-4.4939,-0.1
83.999,5.0972,3.6502,3.6407,0.0821,0,0.25,0.25,0.25,8.2591,-0.4503,-4.4876,0.11,8.1846,-5.547,-4.4957,0.21,5.6155,-2.9674,-4.4937,-0.12
84.099,5.0968,3.6495,3.6386,0.0816,0,0.25,0.25,0.25,8.2861,-0.4513,-4.488,0.12,8.2118,-5.5476,-4.495,0.2,5.6444,-2.9692,-4.4937,-0.13
84.199,5.0965,3.6487,3.6368,0.0808,0,0.25,0.25,0.25,8.3127,-0.4522,-4.4883,0.12,8.2392,-5.5482,-4.494,0.2,5.673,-2.9712,-4.494,-0.13
84.299,5.0966,3.6481,3.6354,0.0801,0,0.25,0.25,0.25,8.3391,-0.4529,-4.4886,0.12,8.2665,-5.549,-4.4927,0.19,5.7013,-2.973,-4.4941,-0.13
84.399,5.0975,3.6475,3.6349,0.0797,0,0.25,0.25,0.25,8.3656,-0.4529,-4.4891,0.13,8.2939,-5.55,-4.4913,0.19,5.7295,-2.974,-4.494,-0.12
84.499,5.099,3.6472,3.6349,0.0795,0,0.25,0.25,0.25,8.3924,-0.4525,-4.4894,0.12,8.3215,-5.551,-4.4902,0.19,5.7576,-2.9743,-4.4937,-0.12
84.599,5.1005,3.647,3.6352,0.0795,0,0.25,0.25,0.25,8.4194,-0.4518,-4.4896,0.12,8.3489,-5.5519,-4.4894,0.19,5.7855,-2.9744,-4.4936,-0.14
84.699,5.1018,3.6462,3.6357,0.0792,0,0.25,0.25,0.25,8.446,-0.4512,-4.49,0.12,8.3761,-5.5525,-4.4888,0.19,5.8132,-2.9737,-4.4934,-0.15
84.799,5.1028,3.6446,3.6367,0.0784,0,0.25,0.25,0.25,8.472,-0.4506,-4.4905,0.11,8.4035,-5.553,-4.4885,0.18,5.8409,-2.9725,-4.4931,-0.16
84.899,5.1037,3.643,3.6381,0.0775,0,0.25,0.25,0.25,8.4978,-0.4499,-4.4907,0.11,8.4311,-5.5532,-4.4884,0.18,5.8682,-2.9711,-4.4925,-0.16
84.999,5.1043,3.6418,3.6399,0.0769,0,0.25,0.25,0.25,8.5241,-0.4495,-4.4908,0.1,8.4587,-5.5535,-4.4886,0.17,5.895,-2.9695,-4.4918,-0.15
85.099,5.1045,3.6412,3.6419,0.0766,0,0.25,0.25,0.25,8.5511,-0.4495,-4.491,0.1,8.4864,-5.5536,-4.4886,0.17,5.9215,-2.9681,-4.491,-0.16
85.199,5.1038,3.6408,3.6435,0.0764,0,0.25,0.25,0.25,8.5788,-0.45,-4.4914,0.1,8.5145,-5.5534,-4.4886,0.18,5.9482,-2.9671,-4.4904,-0.16
85.299,5.1025,3.6403,3.6449,0.076,0,0.25,0.25,0.25,8.6064,-0.451,-4.4916,0.1,8.5425,-5.553,-4.4886,0.18,5.9748,-2.9661,-4.49,-0.15
85.399,5.1015,3.6395,3.6465,0.0757,0,0.25,0.25,0.25,8.634,-0.4518,-4.4917,0.09,8.5703,-5.5529,-4.4888,0.18,6.0014,-2.9649,-4.4899,-0.14
85.499,5.1005,3.6386,3.6476,0.0754,0,0.25,0.25,0.25,8.6615,-0.4525,-4.4917,0.08,8.5977,-5.5525,-4.4887,0.17,6.0282,-2.9636,-4.4899,-0.13
85.599,5.0991,3.6378,3.648,0.0753,0,0.25,0.25,0.25,8.6894,-0.4531,-4.4915,0.07,8.6249,-5.5518,-4.4884,0.17,6.0555,-2.9623,-4.49,-0.12
85.699,5.0979,3.6374,3.6481,0.0753,0,0.25,0.25,0.25,8.7176,-0.4537,-4.4915,0.06,8.6525,-5.5511,-4.4883,0.17,6.0829,-2.9615,-4.4904,-0.11
85.799,5.0968,3.6371,3.6481,0.0751,0,0.25,0.25,0.25,8.7455,-0.4541,-4.4919,0.06,8.6804,-5.5504,-4.4884,0.17,6.1106,-2.9612,-4.4913,-0.12
85.899,5.0964,3.6366,3.6478,0.0747,0,0.25,0.25,0.25,8.773,-0.4541,-4.4922,0.06,8.7085,-5.55,-4.4886,0.18,6.1387,-2.9611,-4.4921,-0.12
85.999,5.0964,3.6359,3.6469,0.0743,0,0.25,0.25,0.25,8.8006,-0.4538,-4.4926,0.07,8.7362,-5.5498,-4.4887,0.19,6.1675,-2.9611,-4.4929,-0.13
86.099,5.0962,3.6354,3.6459,0.0739,0,0.25,0.25,0.25,8.8284,-0.4539,-4.493,0.07,8.7642,-5.5497,-4.4889,0.2,6.1963,-2.9615,-4.4936,-0.14
86.199,5.0955,3.6349,3.6445,0.0737,0,0.25,0.25,0.25,8.8563,-0.4544,-4.4934,0.06,8.7919,-5.5494,-4.4891,0.2,6.2251,-2.9622,-4.4939,-0.15
86.299,5.0955,3.6352,3.6435,0.0739,0,0.25,0.25,0.25,8.8844,-0.4544,-4.4941,0.06,8.8194,-5.5495,-4.4898,0.19,6.2534,-2.9629,-4.4943,-0.15
86.399,5.096,3.6361,3.6431,0.0743,0,0.25,0.25,0.25,8.9125,-0.454,-4.4946,0.07,8.8472,-5.5495,-4.4905,0.18,6.2812,-2.9635,-4.4944,-0.17
86.499,5.0967,3.6366,3.6433,0.0747,0,0.25,0.25,0.25,8.9405,-0.4537,-4.4951,0.08,8.8749,-5.5499,-4.4912,0.15,6.3089,-2.9636,-4.4941,-0.18
86.599,5.0975,3.6373,3.6439,0.0752,0,0.25,0.25,0.25,8.9686,-0.4533,-4.4954,0.08,8.9026,-5.5503,-4.4921,0.13,6.3363,-2.9635,-4.494,-0.19
86.699,5.0984,3.638,3.6447,0.0756,0,0.25,0.25,0.25,8.9963,-0.4527,-4.4956,0.09,8.9302,-5.5506,-4.4932,0.11,6.3633,-2.9631,-4.4938,-0.2
86.799,5.0993,3.6389,3.6459,0.0762,0,0.25,0.25,0.25,9.0243,-0.452,-4.4955,0.09,8.9577,-5.5509,-4.4946,0.1,6.3901,-2.9624,-4.4937,-0.19
86.899,5.1006,3.6401,3.6476,0.0769,0,0.25,0.25,0.25,9.0523,-0.4511,-4.4952,0.09,8.9856,-5.5513,-4.4958,0.1,6.4167,-2.9618,-4.4941,-0.19
86.999,5.102,3.6415,3.6492,0.0777,0,0.25,0.25,0.25,9.0804,-0.4501,-4.495,0.09,9.0135,-5.5516,-4.4967,0.1,6.4432,-2.9612,-4.4947,-0.18
87.099,5.103,3.6429,3.6508,0.0783,0,0.25,0.25,0.25,9.1085,-0.4494,-4.4949,0.09,9.0417,-5.5519,-4.4973,0.1,6.4698,-2.9609,-4.4953,-0.18
87.199,5.1036,3.6442,3.6521,0.0788,0,0.25,0.25,0.25,9.1364,-0.4488,-4.4949,0.1,9.07,-5.5519,-4.4976,0.1,6.4963,-2.9607,-4.4958,-0.17
87.299,5.1043,3.6457,3.6529,0.0795,0,0.25,0.25,0.25,9.1643,-0.4481,-4.4949,0.11,9.0978,-5.552,-4.4979,0.1,6.523,-2.9609,-4.4966,-0.18
87.399,5.1047,3.6471,3.6528,0.0801,0,0.25,0.25,0.25,9.1923,-0.4478,-4.4946,0.11,9.1255,-5.5521,-4.4978,0.11,6.5501,-2.9618,-4.4973,-0.2
87.499,5.105,3.6489,3.6522,0.0809,0,0.25,0.25,0.25,9.2209,-0.4476,-4.4942,0.12,9.1532,-5.5522,-4.4975,0.1,6.5774,-2.9629,-4.4978,-0.19
87.599,5.1049,3.6505,3.6515,0.0817,0,0.25,0.25,0.25,9.2496,-0.4476,-4.4937,0.12,9.1809,-5.552,-4.4972,0.08,6.605,-2.964,-4.4982,-0.18
87.699,5.1042,3.6517,3.6509,0.0824,0,0.25,0.25,0.25,9.2781,-0.4481,-4.4931,0.12,9.2085,-5.5519,-4.4969,0.07,6.6323,-2.965,-4.4985,-0.15
87.799,5.1037,3.653,3.6506,0.083,0,0.25,0.25,0.25,9.3065,-0.4487,-4.4923,0.12,9.2362,-5.552,-4.4967,0.06,6.6594,-2.9661,-4.4987,-0.13
87.899,5.1034,3.6542,3.6498,0.0834,0,0.25,0.25,0.25,9.3345,-0.4491,-4.4915,0.11,9.2637,-5.5521,-4.4965,0.05,6.6867,-2.9675,-4.4991,-0.12
87.999,5.1035,3.6548,3.6489,0.0835,0,0.25,0.25,0.25,9.362,-0.4495,-4.4909,0.11,9.2913,-5.5525,-4.4962,0.05,6.7145,-2.969,-4.4993,-0.11
88.099,5.1039,3.6553,3.6483,0.0835,0,0.25,0.25,0.25,9.3889,-0.4497,-4.4908,0.11,9.3188,-5.5531,-4.496,0.05,6.7419,-2.9705,-4.4992,-0.11
88.199,5.1042,3.6558,3.6473,0.0832,0,0.25,0.25,0.25,9.4155,-0.45,-4.4911,0.11,9.3466,-5.5537,-4.4963,0.07,6.7696,-2.9726,-4.4992,-0.12
88.299,5.1044,3.6563,3.6462,0.083,0,0.25,0.25,0.25,9.4425,-0.4501,-4.4913,0.1,9.3746,-5.5541,-4.4967,0.09,6.7975,-2.9747,-4.4994,-0.13
88.399,5.1045,3.6569,3.6452,0.0828,0,0.25,0.25,0.25,9.4697,-0.4502,-4.4917,0.1,9.4027,-5.5542,-4.4972,0.11,6.8255,-2.9763,-4.4994,-0.15
88.499,5.1044,3.6578,3.6445,0.0829,0,0.25,0.25,0.25,9.4971,-0.4499,-4.492,0.1,9.4306,-5.5539,-4.4978,0.13,6.853,-2.9775,-4.4994,-0.16
88.599,5.1046,3.6586,3.645,0.083,0,0.25,0.25,0.25,9.5245,-0.4495,-4.4924,0.09,9.4587,-5.5537,-4.4982,0.14,6.8799,-2.9777,-4.4996,-0.16
88.699,5.1046,3.6586,3.646,0.0827,0,0.25,0.25,0.25,9.5518,-0.4496,-4.4929,0.07,9.4869,-5.5538,-4.4985,0.15,6.907,-2.9775,-4.4997,-0.17
88.799,5.1042,3.6577,3.6472,0.082,0,0.25,0.25,0.25,9.579,-0.4502,-4.4934,0.06,9.5153,-5.554,-4.4989,0.16,6.9344,-2.977,-4.4995,-0.16
88.899,5.1031,3.6564,3.6485,0.081,0,0.25,0.25,0.25,9.6059,-0.451,-4.4939,0.06,9.5441,-5.5537,-4.4989,0.16,6.9617,-2.9764,-4.4993,-0.15
88.999,5.1018,3.6552,3.6501,0.0799,0,0.25,0.25,0.25,9.633,-0.4522,-4.4943,0.05,9.5729,-5.5537,-4.4984,0.16,6.9887,-2.9758,-4.499,-0.13
89.099,5.1013,3.6542,3.6523,0.0792,0,0.25,0.25,0.25,9.6601,-0.4531,-4.495,0.04,9.6019,-5.554,-4.4978,0.15,7.0157,-2.9751,-4.4987,-0.11
89.199,5.1012,3.6539,3.6544,0.0801,0,0.25,0.25,0.25,9.6876,-0.4535,-4.4959,0.06,9.631,-5.5544,-4.497,0.13,7.0428,-2.9746,-4.4983,-0.1
89.299,5.1013,3.6534,3.6565,0.081,0,0.25,0.25,0.25,9.7152,-0.4539,-4.497,0.06,9.66,-5.5548,-4.4962,0.12,7.07,-2.9738,-4.4978,-0.09
89.399,5.1014,3.6528,3.6578,0.0814,0,0.25,0.25,0.25,9.7425,-0.4544,-4.4981,0.05,9.6887,-5.5555,-4.4955,0.1,7.0976,-2.9737,-4.4973,-0.08
89.499,5.1016,3.6532,3.6581,0.0815,0,0.25,0.25,0.25,9.7704,-0.4547,-4.4991,0.03,9.7175,-5.5561,-4.4949,0.08,7.1255,-2.9748,-4.4964,-0.07
89.599,5.1024,3.6545,3.6573,0.0813,0,0.25,0.25,0.25,9.7984,-0.4546,-4.4999,0.01,9.7461,-5.5567,-4.4943,0.07,7.1538,-2.9767,-4.4958,-0.05
89.699,5.1038,3.6562,3.6564,0.0809,0,0.25,0.25,0.25,9.8266,-0.4538,-4.5006,0.0,9.7747,-5.5574,-4.494,0.07,7.1823,-2.9789,-4.4954,-0.04
89.799,5.105,3.6581,3.6556,0.0807,0,0.25,0.25,0.25,9.8548,-0.4529,-4.5009,-0.01,9.8035,-5.5576,-4.4937,0.08,7.2106,-2.9808,-4.495,-0.04
89.899,5.1064,3.6602,3.6552,0.0808,0,0.25,0.25,0.25,9.8831,-0.4516,-4.5008,-0.01,9.8323,-5.5578,-4.4935,0.08,7.2387,-2.9823,-4.4947,-0.04
89.999,5.1075,3.6621,3.655,0.081,0,0.25,0.25,0.25,9.912,-0.4507,-4.5006,-0.02,9.8611,-5.5579,-4.4933,0.07,7.2669,-2.9832,-4.4945,-0.05
90.099,5.1081,3.6635,3.6551,0.0814,0,0.25,0.25,0.25,9.9409,-0.45,-4.5004,-0.02,9.8902,-5.5579,-4.4929,0.07,7.2951,-2.9839,-4.4944,-0.06
90.199,5.108,3.6642,3.6558,0.0821,0,0.25,0.25,0.25,9.9697,-0.4501,-4.5001,-0.04,9.9196,-5.5578,-4.4923,0.07,7.3231,-2.9842,-4.4944,-0.06
90.299,5.1067,3.6648,3.6564,0.083,0,0.25,0.25,0.25,9.9986,-0.4506,-4.4996,-0.05,9.9488,-5.557,-4.4917,0.07,7.3508,-2.9842,-4.4944,-0.06
90.399,5.1052,3.6655,3.6567,0.0839,0,0.25,0.25,0.25,10.0276,-0.4511,-4.499,-0.06,9.9777,-5.5561,-4.4911,0.08,7.3783,-2.9843,-4.4943,-0.05
90.499,5.1036,3.666,3.6567,0.0847,0,0.25,0.25,0.25,10.0564,-0.4516,-4.4984,-0.07,10.0065,-5.555,-4.4905,0.09,7.4058,-2.9843,-4.4945,-0.04
90.599,5.1019,3.6663,3.6566,0.0853,0,0.25,0.25,0.25,10.085,-0.452,-4.4981,-0.09,10.035,-5.5536,-4.49,0.09,7.4335,-2.984,-4.4949,-0.04
90.699,5.1002,3.6659,3.6564,0.0856,0,0.25,0.25,0.25,10.1137,-0.4526,-4.4976,-0.1,10.0633,-5.5525,-4.4897,0.09,7.4616,-2.9834,-4.4954,-0.03
90.799,5.0988,3.6653,3.656,0.0856,0,0.25,0.25,0.25,10.1424,-0.4533,-4.4971,-0.12,10.0917,-5.5518,-4.4899,0.09,7.4901,-2.9831,-4.4959,-0.03
90.899,5.0973,3.6649,3.6548,0.0853,0,0.25,0.25,0.25,10.171,-0.4538,-4.4967,-0.13,10.1201,-5.5509,-4.4902,0.09,7.519,-2.9834,-4.4966,-0.03
90.999,5.0955,3.6646,3.6526,0.0846,0,0.25,0.25,0.25,10.1991,-0.4545,-4.4963,-0.13,10.1484,-5.5497,-4.4905,0.09,7.5482,-2.9846,-4.4975,-0.02
91.099,5.0934,3.6643,3.6499,0.0837,0,0.25,0.25,0.25,10.227,-0.4551,-4.4959,-0.12,10.1769,-5.5482,-4.4906,0.09,7.5774,-2.9861,-4.4982,-0.0
91.199,5.0914,3.6636,3.6467,0.0825,0,0.25,0.25,0.25,10.2548,-0.4559,-4.4957,-0.11,10.2051,-5.547,-4.4903,0.08,7.6071,-2.9879,-4.4988,0.01
91.299,5.0897,3.6627,3.6433,0.081,0,0.25,0.25,0.25,10.2828,-0.4566,-4.4957,-0.11,10.2332,-5.546,-4.4898,0.06,7.6373,-2.9897,-4.4994,0.0
91.399,5.0877,3.6619,3.64,0.0797,0,0.25,0.25,0.25,10.311,-0.4572,-4.4955,-0.11,10.2612,-5.5447,-4.4896,0.05,7.6673,-2.9911,-4.4998,-0.01
91.499,5.0856,3.6615,3.6372,0.0787,0,0.25,0.25,0.25,10.3392,-0.4581,-4.4953,-0.12,10.2892,-5.5435,-4.4892,0.04,7.6967,-2.9925,-4.4999,-0.02
91.599,5.0841,3.661,3.6349,0.0779,0,0.25,0.25,0.25,10.3669,-0.4585,-4.4951,-0.1,10.3167,-5.5424,-4.4886,0.04,7.7255,-2.9934,-4.4997,-0.03
91.699,5.0831,3.6606,3.6328,0.077,0,0.25,0.25,0.25,10.3945,-0.4585,-4.4952,-0.1,10.344,-5.5414,-4.4886,0.03,7.7541,-2.9939,-4.4993,-0.03
91.799,5.0829,3.6603,3.6315,0.0763,0,0.25,0.25,0.25,10.4219,-0.458,-4.4951,-0.09,10.3715,-5.5406,-4.4888,0.01,7.7825,-2.9941,-4.499,-0.03
91.899,5.0829,3.6598,3.6309,0.0758,0,0.25,0.25,0.25,10.4489,-0.4574,-4.495,-0.08,10.3992,-5.5401,-4.4892,-0.01,7.8106,-2.9939,-4.4989,-0.02
91.999,5.083,3.6597,3.6309,0.0757,0,0.25,0.25,0.25,10.4765,-0.4567,-4.4948,-0.08,10.4268,-5.5395,-4.4897,-0.02,7.8384,-2.9932,-4.4989,-0.02
92.099,5.0828,3.6596,3.6316,0.0761,0,0.25,0.25,0.25,10.5046,-0.4562,-4.4944,-0.07,10.4546,-5.5388,-4.4901,-0.03,7.8659,-2.9919,-4.4988,-0.03
92.199,5.0823,3.6589,3.6324,0.0763,0,0.25,0.25,0.25,10.5328,-0.456,-4.494,-0.08,10.4824,-5.538,-4.4906,-0.06,7.8935,-2.9902,-4.4987,-0.04
92.299,5.0817,3.6582,3.6332,0.0766,0,0.25,0.25,0.25,10.5609,-0.4558,-4.4937,-0.07,10.5101,-5.5372,-4.4912,-0.08,7.9211,-2.9882,-4.4988,-0.05
92.399,5.0814,3.6571,3.6343,0.0768,0,0.25,0.25,0.25,10.5885,-0.4554,-4.4935,-0.07,10.5377,-5.5366,-4.4915,-0.09,7.9485,-2.9862,-4.4991,-0.06
92.499,5.0813,3.6564,3.6352,0.077,0,0.25,0.25,0.25,10.6161,-0.4549,-4.4934,-0.07,10.5653,-5.536,-4.4914,-0.09,7.9759,-2.9845,-4.4993,-0.06
92.599,5.081,3.6561,3.6356,0.0772,0,0.25,0.25,0.25,10.6438,-0.4543,-4.4933,-0.07,10.5929,-5.535,-4.4912,-0.08,8.0033,-2.9831,-4.4994,-0.06
92.699,5.0805,3.6558,3.6356,0.0773,0,0.25,0.25,0.25,10.6713,-0.4538,-4.4932,-0.08,10.6203,-5.534,-4.491,-0.06,8.0307,-2.9822,-4.4997,-0.06
92.799,5.0804,3.6557,3.636,0.0775,0,0.25,0.25,0.25,10.6989,-0.4534,-4.4931,-0.07,10.6477,-5.5336,-4.4908,-0.05,8.058,-2.9813,-4.4999,-0.06
92.899,5.0807,3.6559,3.6362,0.0776,0,0.25,0.25,0.25,10.7266,-0.4529,-4.4931,-0.07,10.6749,-5.5333,-4.4908,-0.04,8.0853,-2.9806,-4.5001,-0.07
92.999,5.0814,3.6558,3.6366,0.0775,0,0.25,0.25,0.25,10.7544,-0.4522,-4.4931,-0.06,10.7021,-5.5334,-4.4907,-0.02,8.113,-2.9797,-4.5003,-0.08
93.099,5.0827,3.6562,3.6374,0.0777,0,0.25,0.25,0.25,10.7826,-0.4513,-4.4931,-0.05,10.7292,-5.5337,-4.4909,-0.02,8.1404,-2.9785,-4.5005,-0.08
93.199,5.0841,3.6571,3.6382,0.0781,0,0.25,0.25,0.25,10.8112,-0.4502,-4.4929,-0.06,10.7561,-5.534,-4.4913,-0.01,8.1677,-2.9773,-4.5003,-0.07
93.299,5.0854,3.6575,3.6391,0.0784,0,0.25,0.25,0.25,10.8396,-0.4494,-4.4927,-0.07,10.783,-5.5345,-4.492,-0.01,8.1951,-2.976,-4.5,-0.07
93.399,5.0863,3.6577,3.6399,0.0786,0,0.25,0.25,0.25,10.868,-0.4489,-4.4922,-0.07,10.8098,-5.5348,-4.4928,0.01,8.2224,-2.9747,-4.4995,-0.06
93.499,5.0869,3.6577,3.6407,0.0788,0,0.25,0.25,0.25,10.8962,-0.4483,-4.4917,-0.06,10.8368,-5.5349,-4.4936,0.01,8.2499,-2.9732,-4.4987,-0.06
93.599,5.0877,3.6571,3.6413,0.0787,0,0.25,0.25,0.25,10.9239,-0.448,-4.4913,-0.06,10.8638,-5.5354,-4.4942,0.0,8.2775,-2.9721,-4.4978,-0.04
93.699,5.0885,3.6568,3.6415,0.0784,0,0.25,0.25,0.25,10.9513,-0.448,-4.4908,-0.06,10.8911,-5.536,-4.4949,0.0,8.3053,-2.972,-4.4973,-0.02
93.799,5.0891,3.6567,3.6413,0.0783,0,0.25,0.25,0.25,10.9789,-0.4479,-4.4904,-0.06,10.9189,-5.5367,-4.4953,-0.0,8.3335,-2.9725,-4.4968,0.0
93.899,5.0898,3.6565,3.6406,0.078,0,0.25,0.25,0.25,11.0063,-0.4479,-4.4902,-0.06,10.947,-5.5373,-4.4951,0.0,8.3621,-2.9735,-4.4965,0.01
93.999,5.0902,3.656,3.6396,0.0776,0,0.25,0.25,0.25,11.0334,-0.448,-4.4899,-0.06,10.9746,-5.5378,-4.4948,0.01,8.3909,-2.9745,-4.4966,0.01
94.099,5.0899,3.6554,3.6379,0.0771,0,0.25,0.25,0.25,11.0605,-0.4483,-4.4898,-0.06,11.0022,-5.5379,-4.4947,0.01,8.4197,-2.9757,-4.4966,0.02
94.199,5.0891,3.6549,3.6355,0.0766,0,0.25,0.25,0.25,11.0879,-0.4489,-4.4901,-0.06,11.0296,-5.5376,-4.4949,0.02,8.4486,-2.9772,-4.4964,0.02
94.299,5.0881,3.6539,3.6333,0.0762,0,0.25,0.25,0.25,11.1155,-0.4494,-4.4901,-0.06,11.0568,-5.5372,-4.4951,0.03,8.4777,-2.978,-4.4959,0.02
94.399,5.0873,3.6529,3.6313,0.0758,0,0.25,0.25,0.25,11.1433,-0.4498,-4.4904,-0.05,11.0839,-5.5368,-4.495,0.04,8.507,-2.9782,-4.4952,0.03
94.499,5.087,3.652,3.63,0.0755,0,0.25,0.25,0.25,11.171,-0.4501,-4.4913,-0.04,11.1111,-5.5367,-4.4949,0.04,8.5358,-2.9785,-4.4945,0.04
94.599,5.0871,3.651,3.6298,0.0751,0,0.25,0.25,0.25,11.1985,-0.4503,-4.4924,-0.02,11.1388,-5.5371,-4.495,0.03,8.5643,-2.9783,-4.4938,0.06
94.699,5.0872,3.6499,3.6301,0.0747,0,0.25,0.25,0.25,11.2262,-0.4505,-4.4937,-0.01,11.1668,-5.5373,-4.4949,0.03,8.5927,-2.9776,-4.4931,0.06
94.799,5.0876,3.649,3.6308,0.0743,0,0.25,0.25,0.25,11.2538,-0.4503,-4.4948,0.01,11.195,-5.5375,-4.4949,0.03,8.621,-2.9768,-4.4921,0.07
94.899,5.0876,3.6478,3.6318,0.0735,0,0.25,0.25,0.25,11.2809,-0.4504,-4.4957,0.03,11.2236,-5.5376,-4.4945,0.03,8.649,-2.9761,-4.4912,0.06
94.999,5.0874,3.6468,3.6334,0.0728,0,0.25,0.25,0.25,11.3082,-0.4509,-4.4964,0.04,11.2523,-5.538,-4.494,0.03,8.6765,-2.9753,-4.4906,0.06
95.099,5.0874,3.646,3.6347,0.0724,0,0.25,0.25,0.25,11.3359,-0.4516,-4.4969,0.05,11.2808,-5.5386,-4.4937,0.03,8.7042,-2.9749,-4.4903,0.05
95.199,5.088,3.6459,3.6359,0.0724,0,0.25,0.25,0.25,11.3639,-0.4519,-4.4974,0.06,11.3091,-5.5395,-4.4937,0.03,8.7319,-2.9748,-4.4897,0.06
95.299,5.0892,3.6462,3.6376,0.0727,0,0.25,0.25,0.25,11.392,-0.452,-4.4975,0.07,11.3377,-5.5409,-4.4934,0.04,8.7595,-2.9748,-4.4893,0.06
95.399,5.0903,3.6465,3.6395,0.0728,0,0.25,0.25,0.25,11.42,-0.4524,-4.4974,0.08,11.3665,-5.5424,-4.4932,0.06,8.7869,-2.975,-4.4893,0.05
95.499,5.0915,3.6465,3.6409,0.0729,0,0.25,0.25,0.25,11.4479,-0.4527,-4.4971,0.08,11.395,-5.5439,-4.4933,0.06,8.8147,-2.9752,-4.4894,0.03
95.599,5.0925,3.646,3.6414,0.0728,0,0.25,0.25,0.25,11.4758,-0.4529,-4.4966,0.08,11.423,-5.5451,-4.4936,0.06,8.8431,-2.9753,-4.4893,0.02
95.699,5.093,3.6453,3.6418,0.0726,0,0.25,0.25,0.25,11.5037,-0.4534,-4.4959,0.07,11.4509,-5.5461,-4.4942,0.06,8.8715,-2.9753,-4.4892,0.0
95.799,5.093,3.6447,3.6424,0.0727,0,0.25,0.25,0.25,11.532,-0.4541,-4.4949,0.05,11.4792,-5.5468,-4.495,0.06,8.8998,-2.9751,-4.489,-0.01
95.899,5.0932,3.6441,3.6433,0.0728,0,0.25,0.25,0.25,11.5603,-0.4544,-4.4936,0.04,11.5076,-5.5474,-4.4957,0.06,8.9281,-2.9745,-4.4889,-0.02
95.999,5.0934,3.6431,3.6446,0.0731,0,0.25,0.25,0.25,11.5881,-0.4545,-4.4929,0.03,11.5362,-5.5477,-4.4961,0.06,8.9561,-2.9735,-4.489,-0.03
96.099,5.0937,3.6426,3.6461,0.0737,0,0.25,0.25,0.25,11.616,-0.4543,-4.4928,0.02,11.5647,-5.5478,-4.4964,0.05,8.9838,-2.9723,-4.4893,-0.04
96.199,5.094,3.6427,3.6478,0.0745,0,0.25,0.25,0.25,11.6443,-0.4541,-4.4928,0.01,11.5933,-5.5478,-4.4966,0.05,9.0112,-2.9712,-4.4895,-0.04
96.299,5.0941,3.6434,3.6493,0.0755,0,0.25,0.25,0.25,11.6729,-0.4539,-4.4926,0.02,11.6219,-5.5477,-4.497,0.05,9.0383,-2.9705,-4.49,-0.04
96.399,5.0942,3.6445,3.6504,0.0765,0,0.25,0.25,0.25,11.7019,-0.4537,-4.4925,0.01,11.6505,-5.5476,-4.4978,0.05,9.0656,-2.9701,-4.4909,-0.04
96.499,5.0941,3.6458,3.6511,0.0774,0,0.25,0.25,0.25,11.731,-0.4532,-4.4928,-0.01,11.6793,-5.5471,-4.4984,0.06,9.0931,-2.9698,-4.4917,-0.04
96.599,5.0934,3.6469,3.651,0.078,0,0.25,0.25,0.25,11.76,-0.4528,-4.4934,-0.03,11.708,-5.5459,-4.4986,0.08,9.1209,-2.9698,-4.4926,-0.04
96.699,5.0921,3.6476,3.6505,0.0783,0,0.25,0.25,0.25,11.7888,-0.453,-4.4938,-0.05,11.7369,-5.5448,-4.4988,0.09,9.1489,-2.9702,-4.4935,-0.06
96.799,5.0913,3.6486,3.6499,0.0786,0,0.25,0.25,0.25,11.8174,-0.4531,-4.4941,-0.06,11.7658,-5.5441,-4.499,0.1,9.177,-2.9711,-4.4944,-0.07
96.899,5.0911,3.6496,3.6488,0.0783,0,0.25,0.25,0.25,11.8459,-0.4529,-4.4944,-0.07,11.7943,-5.5438,-4.4992,0.1,9.2055,-2.9724,-4.4951,-0.08
96.999,5.091,3.6502,3.6472,0.0777,0,0.25,0.25,0.25,11.8738,-0.4526,-4.4946,-0.07,11.8226,-5.5433,-4.4993,0.1,9.2343,-2.9738,-4.496,-0.09
97.099,5.0906,3.6509,3.645,0.0769,0,0.25,0.25,0.25,11.9017,-0.4524,-4.4946,-0.07,11.8506,-5.5427,-4.4993,0.11,9.2629,-2.9755,-4.4966,-0.11
97.199,5.0897,3.652,3.6433,0.0766,0,0.25,0.25,0.25,11.9294,-0.4523,-4.4945,-0.07,11.8787,-5.5417,-4.4992,0.12,9.2909,-2.9772,-4.4969,-0.12
97.299,5.0886,3.6524,3.6423,0.0765,0,0.25,0.25,0.25,11.9569,-0.4523,-4.4944,-0.07,11.9072,-5.5407,-4.499,0.12,9.3187,-2.9782,-4.4969,-0.12
97.399,5.0874,3.6525,3.6414,0.0764,0,0.25,0.25,0.25,11.9845,-0.4526,-4.494,-0.06,11.9354,-5.5398,-4.4988,0.12,9.3466,-2.9789,-4.4969,-0.11
97.499,5.0863,3.653,3.6405,0.0765,0,0.25,0.25,0.25,12.0125,-0.4528,-4.494,-0.06,11.9632,-5.5389,-4.4983,0.11,9.3743,-2.9794,-4.4972,-0.1
97.599,5.0857,3.6538,3.6393,0.0764,0,0.25,0.25,0.25,12.0405,-0.4525,-4.4937,-0.05,11.9907,-5.5379,-4.4978,0.1,9.402,-2.98,-4.4976,-0.11
97.699,5.0849,3.6545,3.6387,0.0767,0,0.25,0.25,0.25,12.0688,-0.4525,-4.4934,-0.05,12.0183,-5.5372,-4.4973,0.1,9.4295,-2.9802,-4.4981,-0.12
97.799,5.0844,3.6552,3.6385,0.0771,0,0.25,0.25,0.25,12.0973,-0.4523,-4.4935,-0.06,12.0459,-5.5365,-4.4968,0.09,9.457,-2.98,-4.4989,-0.13
97.899,5.0836,3.6525,3.6382,0.076,0,0.25,0.25,0.25,12.1212,-0.4521,-4.4937,-0.07,12.0737,-5.5355,-4.4963,0.1,9.4844,-2.9796,-4.4996,-0.15
97.999,5.0828,3.6451,3.6381,0.0728,0,0.25,0.25,0.25,12.1387,-0.4518,-4.4935,-0.08,12.1015,-5.5345,-4.4958,0.11,9.512,-2.9791,-4.5002,-0.16
98.099,5.0825,3.634,3.6384,0.068,0,0.25,0.25,0.25,12.1511,-0.4514,-4.4929,-0.1,12.1294,-5.5338,-4.4952,0.12,9.5395,-2.9784,-4.5007,-0.16
98.199,5.0829,3.6202,3.6393,0.062,0,0.25,0.25,0.25,12.1594,-0.4507,-4.4922,-0.1,12.1573,-5.5336,-4.4947,0.12,9.5669,-2.9775,-4.5009,-0.16
98.299,5.0839,3.6048,3.6403,0.0599,0,0.25,0.25,0.25,12.1646,-0.4498,-4.4917,-0.1,12.1851,-5.5337,-4.4946,0.12,9.5939,-2.9769,-4.5007,-0.16
98.399,5.0851,3.5914,3.6413,0.0649,0,0.25,0.25,0.25,12.1673,-0.449,-4.4914,-0.11,12.2082,-5.5339,-4.4948,0.13,9.6161,-2.9766,-4.5001,-0.16
98.499,5.0861,3.5804,3.642,0.0691,0,0.25,0.25,0.25,12.1681,-0.4482,-4.4912,-0.11,12.2247,-5.5341,-4.4952,0.14,9.6323,-2.9759,-4.4994,-0.17
98.599,5.0874,3.5718,3.6428,0.0725,0,0.25,0.25,0.25,12.1672,-0.4474,-4.4912,-0.11,12.2359,-5.5343,-4.4955,0.14,9.6436,-2.975,-4.4988,-0.16
98.699,5.0887,3.5654,3.6435,0.0752,0,0.25,0.25,0.25,12.1651,-0.4463,-4.4914,-0.1,12.2429,-5.5344,-4.4954,0.14,9.6506,-2.9741,-4.4982,-0.15
98.799,5.0902,3.5607,3.6444,0.0775,0,0.25,0.25,0.25,12.1623,-0.4453,-4.4918,-0.1,12.2468,-5.5348,-4.4952,0.13,9.6546,-2.9732,-4.4974,-0.14
98.899,5.0922,3.5576,3.6456,0.0795,0,0.25,0.25,0.25,12.1593,-0.4442,-4.4921,-0.08,12.2486,-5.5356,-4.4951,0.13,9.6563,-2.9723,-4.4963,-0.13
98.999,5.0943,3.5553,3.6466,0.081,0,0.25,0.25,0.25,12.1561,-0.443,-4.4922,-0.08,12.2484,-5.5365,-4.4952,0.11,9.6565,-2.9714,-4.4955,-0.14
99.099,5.0962,3.5539,3.6472,0.0822,0,0.25,0.25,0.25,12.1523,-0.4416,-4.4926,-0.07,12.247,-5.5369,-4.4952,0.1,9.6555,-2.9707,-4.4951,-0.14
99.199,5.0984,3.5531,3.6481,0.0835,0,0.25,0.25,0.25,12.1483,-0.4397,-4.4933,-0.06,12.2452,-5.5373,-4.4952,0.09,9.6536,-2.9697,-4.4948,-0.14
99.299,5.1006,3.5525,3.6491,0.0847,0,0.25,0.25,0.25,12.1442,-0.4379,-4.494,-0.05,12.2428,-5.5375,-4.4954,0.08,9.6511,-2.9686,-4.4945,-0.14
99.399,5.1026,3.5522,3.65,0.0857,0,0.25,0.25,0.25,12.14,-0.436,-4.4944,-0.05,12.2399,-5.5376,-4.4957,0.08,9.6482,-2.9675,-4.4941,-0.14
99.499,5.1046,3.5519,3.6504,0.0865,0,0.25,0.25,0.25,12.1356,-0.4342,-4.4947,-0.04,12.2363,-5.5378,-4.4962,0.08,9.645,-2.9666,-4.4939,-0.14
99.599,5.1067,3.5518,3.651,0.0873,0,0.25,0.25,0.25,12.1312,-0.4327,-4.4949,-0.02,12.2325,-5.5384,-4.4966,0.09,9.6417,-2.9659,-4.4939,-0.15
99.699,5.1095,3.5522,3.6516,0.0883,0,0.25,0.25,0.25,12.1269,-0.4308,-4.4952,0.0,12.2287,-5.5393,-4.4968,0.08,9.6384,-2.9655,-4.4937,-0.14
99.799,5.1126,3.5532,3.6523,0.0894,0,0.25,0.25,0.25,12.123,-0.4285,-4.4957,0.02,12.2255,-5.54,-4.4973,0.08,9.6351,-2.9652,-4.4933,-0.14
99.899,5.1152,3.5542,3.6531,0.0904,0,0.25,0.25,0.25,12.1192,-0.4264,-4.4963,0.03,12.2224,-5.5406,-4.4977,0.07,9.6317,-2.965,-4.4928,-0.14
99.999,5.1168,3.5551,3.6537,0.0912,0,0.25,0.25,0.25,12.1157,-0.4251,-4.4972,0.03,12.2195,-5.5409,-4.4982,0.05,9.6283,-2.9651,-4.492,-0.12
100.099,5.118,3.5561,3.6536,0.0916,0,0.25,0.25,0.25,12.1123,-0.4238,-4.4983,0.03,12.2168,-5.5408,-4.4991,0.03,9.6251,-2.9655,-4.4913,-0.1
100.199,5.1189,3.5571,3.6532,0.0919,0,0.25,0.25,0.25,12.1089,-0.4228,-4.4994,0.02,12.2143,-5.5406,-4.5,-0.01,9.6223,-2.9663,-4.4907,-0.08
100.299,5.1197,3.5583,3.6528,0.0921,0,0.25,0.25,0.25,12.1061,-0.4218,-4.5001,0.02,12.2119,-5.5404,-4.5007,-0.04,9.6195,-2.9671,-4.4904,-0.07
100.399,5.1208,3.5594,3.653,0.0924,0,0.25,0.25,0.25,12.1036,-0.421,-4.5006,0.03,12.2095,-5.5407,-4.5011,-0.05,9.6167,-2.9674,-4.4901,-0.05
100.499,5.1222,3.5606,3.6535,0.0929,0,0.25,0.25,0.25,12.1011,-0.42,-4.5006,0.04,12.2071,-5.5411,-4.5014,-0.05,9.6137,-2.9677,-4.4896,-0.04
100.599,5.123,3.5617,3.6538,0.0932,0,0.25,0.25,0.25,12.0988,-0.4191,-4.5003,0.05,12.2047,-5.541,-4.5017,-0.05,9.6108,-2.9677,-4.4891,-0.04
100.699,5.1235,3.5629,3.654,0.0933,0,0.25,0.25,0.25,12.097,-0.4182,-4.5,0.07,12.2024,-5.5406,-4.502,-0.05,9.6081,-2.9675,-4.489,-0.05
100.799,5.1239,3.5635,3.6546,0.0935,0,0.25,0.25,0.25,12.0952,-0.4176,-4.4992,0.07,12.2001,-5.5405,-4.5019,-0.04,9.6053,-2.9669,-4.4893,-0.06
100.899,5.1245,3.564,3.6555,0.0938,0,0.25,0.25,0.25,12.0936,-0.4171,-4.4984,0.07,12.1979,-5.5406,-4.5015,-0.04,9.6028,-2.9662,-4.4895,-0.07
100.999,5.1255,3.5647,3.6565,0.0942,0,0.25,0.25,0.25,12.0922,-0.4165,-4.4975,0.07,12.1959,-5.5409,-4.5009,-0.03,9.6003,-2.9656,-4.4895,-0.07
101.099,5.126,3.5647,3.6573,0.0945,0,0.25,0.25,0.25,12.0908,-0.4162,-4.4969,0.07,12.1942,-5.5412,-4.5003,-0.03,9.5984,-2.9648,-4.4892,-0.08
101.199,5.126,3.5648,3.6577,0.0945,0,0.25,0.25,0.25,12.0897,-0.4161,-4.4962,0.07,12.1925,-5.5411,-4.4996,-0.03,9.5968,-2.9641,-4.489,-0.09
101.299,5.1255,3.5651,3.6574,0.094,0,0.25,0.25,0.25,12.0892,-0.4159,-4.4956,0.06,12.1907,-5.5404,-4.4989,-0.03,9.5953,-2.9635,-4.4888,-0.1
101.399,5.1241,3.5655,3.6567,0.0931,0,0.25,0.25,0.25,12.0888,-0.4158,-4.4952,0.05,12.1891,-5.539,-4.4984,-0.03,9.5939,-2.9629,-4.4888,-0.09
101.499,5.1222,3.5657,3.6561,0.0923,0,0.25,0.25,0.25,12.0885,-0.416,-4.495,0.04,12.1878,-5.5372,-4.4981,-0.03,9.5923,-2.9622,-4.4887,-0.08
101.599,5.1206,3.5665,3.6561,0.0917,0,0.25,0.25,0.25,12.0884,-0.4161,-4.495,0.03,12.1867,-5.5357,-4.4977,-0.04,9.5904,-2.9617,-4.4885,-0.07
101.699,5.1197,3.5679,3.6565,0.0913,0,0.25,0.25,0.25,12.0885,-0.4159,-4.4948,0.02,12.1859,-5.5347,-4.4977,-0.04,9.5883,-2.9613,-4.4882,-0.07
101.799,5.1192,3.5692,3.657,0.0911,0,0.25,0.25,0.25,12.0886,-0.4157,-4.4947,0.0,12.1849,-5.534,-4.4978,-0.04,9.5864,-2.9608,-4.4883,-0.07
101.899,5.1186,3.5703,3.6574,0.0909,0,0.25,0.25,0.25,12.0887,-0.4157,-4.4947,-0.02,12.1837,-5.5334,-4.498,-0.05,9.5845,-2.9603,-4.4887,-0.07
101.999,5.1175,3.5708,3.6574,0.0903,0,0.25,0.25,0.25,12.0887,-0.416,-4.4946,-0.03,12.1824,-5.5326,-4.4979,-0.05,9.5828,-2.9598,-4.4892,-0.07
102.099,5.1163,3.5708,3.6574,0.0896,0,0.25,0.25,0.25,12.0887,-0.4164,-4.4947,-0.04,12.181,-5.5319,-4.4975,-0.06,9.5815,-2.959,-4.4897,-0.08
102.199,5.115,3.5709,3.6573,0.0889,0,0.25,0.25,0.25,12.0887,-0.4171,-4.4945,-0.04,12.1794,-5.5313,-4.4969,-0.08,9.5801,-2.9584,-4.4902,-0.08
102.299,5.1138,3.5709,3.657,0.0881,0,0.25,0.25,0.25,12.0888,-0.418,-4.4942,-0.04,12.1776,-5.5311,-4.496,-0.1,9.5789,-2.9581,-4.4904,-0.08
102.399,5.1122,3.5703,3.6567,0.0872,0,0.25,0.25,0.25,12.0888,-0.4194,-4.4942,-0.04,12.1757,-5.5309,-4.4953,-0.11,9.5778,-2.9575,-4.4903,-0.09
102.499,5.1102,3.5661,3.6533,0.0852,0,0.25,0.25,0.25,12.0887,-0.4209,-4.4945,-0.03,12.1741,-5.5303,-4.4949,-0.12,9.5813,-2.9566,-4.4901,-0.09
102.599,5.1081,3.5607,3.6487,0.0829,0,0.25,0.25,0.25,12.0884,-0.4222,-4.495,-0.03,12.1726,-5.5296,-4.4943,-0.13,9.5864,-2.9557,-4.4901,-0.1
102.699,5.1062,3.5561,3.6452,0.0811,0,0.25,0.25,0.25,12.0882,-0.4235,-4.4957,-0.03,12.1713,-5.529,-4.4936,-0.12,9.5905,-2.9547,-4.4904,-0.1
102.799,5.1052,3.5523,3.6429,0.0798,0,0.25,0.25,0.25,12.0881,-0.4245,-4.4965,-0.02,12.1698,-5.529,-4.4932,-0.1,9.5935,-2.9535,-4.4911,-0.1
102.899,5.1042,3.549,3.6413,0.0788,0,0.25,0.25,0.25,12.088,-0.4255,-4.4974,-0.01,12.1681,-5.5291,-4.4931,-0.09,9.5957,-2.952,-4.4917,-0.1
102.999,5.1029,3.5459,3.64,0.0779,0,0.25,0.25,0.25,12.0878,-0.4265,-4.4981,-0.01,12.1667,-5.5288,-4.493,-0.08,9.5972,-2.9505,-4.4923,-0.1
103.099,5.1016,3.547,3.6389,0.0761,0,0.25,0.25,0.25,12.0925,-0.4274,-4.4987,-0.0,12.1654,-5.5284,-4.4924,-0.06,9.5984,-2.9493,-4.4929,-0.1
103.199,5.1003,3.5495,3.6381,0.0741,0,0.25,0.25,0.25,12.0987,-0.4284,-4.4992,-0.01,12.1643,-5.5282,-4.4919,-0.07,9.599,-2.9484,-4.4933,-0.09
103.299,5.0995,3.552,3.6381,0.0729,0,0.25,0.25,0.25,12.1034,-0.4291,-4.4998,-0.02,12.1633,-5.5283,-4.4916,-0.07,9.5987,-2.9478,-4.4934,-0.09
103.399,5.0993,3.5542,3.6383,0.0722,0,0.25,0.25,0.25,12.1067,-0.4295,-4.5,-0.03,12.1623,-5.5285,-4.4915,-0.07,9.5982,-2.9473,-4.4933,-0.08
103.499,5.0994,3.5556,3.6385,0.0717,0,0.25,0.25,0.25,12.1091,-0.4298,-4.4997,-0.05,12.1613,-5.5289,-4.4914,-0.07,9.5978,-2.9469,-4.4931,-0.07
103.599,5.0994,3.5559,3.6389,0.0716,0,0.25,0.25,0.25,12.1104,-0.4305,-4.4996,-0.06,12.1605,-5.5296,-4.4908,-0.06,9.5975,-2.9464,-4.4931,-0.06
103.699,5.1,3.556,3.6396,0.0719,0,0.25,0.25,0.25,12.1111,-0.4308,-4.4997,-0.06,12.16,-5.5306,-4.4905,-0.04,9.5974,-2.9461,-4.4932,-0.05
103.799,5.1013,3.5562,3.6405,0.0726,0,0.25,0.25,0.25,12.1114,-0.4308,-4.4995,-0.07,12.1597,-5.5319,-4.4903,-0.03,9.5972,-2.946,-4.493,-0.04
103.899,5.1025,3.5565,3.6414,0.0732,0,0.25,0.25,0.25,12.1113,-0.4307,-4.4991,-0.09,12.1595,-5.533,-4.4902,-0.01,9.5969,-2.946,-4.4926,-0.05
103.999,5.1034,3.5566,3.642,0.0737,0,0.25,0.25,0.25,12.1112,-0.4307,-4.4988,-0.11,12.1592,-5.5339,-4.4904,0.02,9.5966,-2.946,-4.4923,-0.05
104.099,5.1043,3.5569,3.6428,0.0742,0,0.25,0.25,0.25,12.1111,-0.4308,-4.4984,-0.13,12.1589,-5.5348,-4.4908,0.04,9.5961,-2.9461,-4.4924,-0.05
104.199,5.1054,3.5575,3.6437,0.0747,0,0.25,0.25,0.25,12.1112,-0.4307,-4.4979,-0.14,12.1585,-5.5359,-4.4914,0.06,9.5955,-2.946,-4.4927,-0.05
104.299,5.1065,3.5581,3.644,0.0751,0,0.25,0.25,0.25,12.1113,-0.4303,-4.4975,-0.15,12.1577,-5.5367,-4.492,0.07,9.595,-2.946,-4.4933,-0.04
104.399,5.1079,3.559,3.6438,0.0753,0,0.25,0.25,0.25,12.1112,-0.4299,-4.4972,-0.14,12.1566,-5.5376,-4.4923,0.07,9.5946,-2.9465,-4.4939,-0.04
104.499,5.1089,3.5602,3.643,0.0752,0,0.25,0.25,0.25,12.1112,-0.4296,-4.497,-0.13,12.1554,-5.5383,-4.4929,0.07,9.5943,-2.9475,-4.4946,-0.03
104.599,5.1099,3.5613,3.6426,0.0753,0,0.25,0.25,0.25,12.1112,-0.4294,-4.4971,-0.12,12.1542,-5.5392,-4.4937,0.06,9.5937,-2.9483,-4.4953,-0.04
104.699,5.1116,3.5628,3.6431,0.0758,0,0.25,0.25,0.25,12.1111,-0.4289,-4.4971,-0.11,12.1535,-5.5403,-4.4942,0.05,9.5927,-2.9491,-4.496,-0.05
104.799,5.1136,3.5645,3.6475,0.0782,0,0.25,0.25,0.25,12.111,-0.4281,-4.4967,-0.1,12.1581,-5.5415,-4.4946,0.04,9.5916,-2.9497,-4.4963,-0.07
104.899,5.1153,3.5656,3.6534,0.0812,0,0.25,0.25,0.25,12.1109,-0.4278,-4.4962,-0.1,12.1645,-5.5428,-4.4948,0.03,9.5907,-2.95,-4.4965,-0.08
104.999,5.117,3.5664,3.6588,0.0842,0,0.25,0.25,0.25,12.1109,-0.4277,-4.4956,-0.1,12.1701,-5.5443,-4.4953,0.03,9.5899,-2.9502,-4.4966,-0.07
105.099,5.1185,3.5669,3.6636,0.0869,0,0.25,0.25,0.25,12.111,-0.4276,-4.4953,-0.1,12.175,-5.5457,-4.496,0.02,9.5893,-2.9503,-4.4967,-0.07
105.199,5.1197,3.568,3.6671,0.0889,0,0.25,0.25,0.25,12.1113,-0.4275,-4.4952,-0.09,12.179,-5.5467,-4.4968,0.02,9.5888,-2.9508,-4.497,-0.05
105.299,5.1208,3.5693,3.67,0.0906,0,0.25,0.25,0.25,12.1116,-0.4273,-4.495,-0.09,12.1823,-5.5476,-4.4976,0.02,9.5881,-2.9515,-4.4973,-0.02
105.399,5.1216,3.5705,3.6724,0.0921,0,0.25,0.25,0.25,12.1116,-0.4271,-4.4947,-0.09,12.1848,-5.5481,-4.498,0.02,9.5873,-2.9521,-4.4976,-0.0
105.499,5.1222,3.5712,3.6741,0.0932,0,0.25,0.25,0.25,12.1113,-0.4268,-4.4943,-0.1,12.1867,-5.5485,-4.4978,0.01,9.5866,-2.9526,-4.498,0.01
105.599,5.1226,3.572,3.6751,0.0939,0,0.25,0.25,0.25,12.1109,-0.4265,-4.4942,-0.12,12.1881,-5.5485,-4.4972,0.0,9.586,-2.9532,-4.4986,0.03
105.699,5.1226,3.5726,3.6759,0.0944,0,0.25,0.25,0.25,12.1104,-0.4264,-4.4943,-0.14,12.1891,-5.5484,-4.4962,-0.02,9.5853,-2.9538,-4.4993,0.04
105.799,5.1222,3.5729,3.6762,0.0946,0,0.25,0.25,0.25,12.1101,-0.4267,-4.4946,-0.16,12.1896,-5.5483,-4.4952,-0.03,9.5848,-2.9542,-4.4998,0.05
105.899,5.1219,3.573,3.6758,0.0944,0,0.25,0.25,0.25,12.1099,-0.4268,-4.4946,-0.17,12.1895,-5.5481,-4.4948,-0.04,9.5847,-2.9546,-4.5002,0.05
105.999,5.122,3.5732,3.6756,0.0943,0,0.25,0.25,0.25,12.1098,-0.4266,-4.4944,-0.18,12.1892,-5.548,-4.4943,-0.05,9.5845,-2.9546,-4.5006,0.06
106.099,5.1223,3.5733,3.6756,0.0943,0,0.25,0.25,0.25,12.1098,-0.4263,-4.4943,-0.19,12.1888,-5.548,-4.4937,-0.06,9.5843,-2.9544,-4.501,0.06
106.199,5.1227,3.5731,3.676,0.0946,0,0.25,0.25,0.25,12.1095,-0.4258,-4.4941,-0.18,12.1883,-5.5479,-4.4932,-0.08,9.584,-2.9535,-4.5015,0.07
106.299,5.1232,3.5726,3.6765,0.0949,0,0.25,0.25,0.25,12.109,-0.4252,-4.4938,-0.16,12.1879,-5.5478,-4.4928,-0.08,9.5839,-2.9525,-4.5016,0.09
106.399,5.1234,3.5723,3.6767,0.095,0,0.25,0.25,0.25,12.1088,-0.4248,-4.4936,-0.15,12.1876,-5.5477,-4.4925,-0.09,9.5838,-2.9518,-4.5017,0.1
106.499,5.1239,3.5721,3.6769,0.0952,0,0.25,0.25,0.25,12.1088,-0.4246,-4.4934,-0.14,12.1873,-5.5478,-4.4925,-0.1,9.5838,-2.9513,-4.5019,0.11
