t,d_01,d_02,d_12,form_err,perturbation,drift_0,drift_1,drift_2,x_0,y_0,z_0,yaw_0,x_1,y_1,z_1,yaw_1,x_2,y_2,z_2,yaw_2
0.1,5.0117,3.5367,3.536,0.0062,0,0.25,0.25,0.25,-13.8896,-0.492,-4.4352,0.01,-13.8905,-5.5037,-4.4356,-0.0,-16.3853,-2.9979,-4.4357,-0.0
0.2,5.0276,3.5388,3.5367,0.0144,0,0.25,0.25,0.25,-13.8842,-0.479,-4.4358,0.01,-13.8863,-5.5066,-4.4369,0.0,-16.3745,-2.9932,-4.4369,-0.01
0.3,5.041,3.5412,3.5381,0.0213,0,0.25,0.25,0.25,-13.8721,-0.4651,-4.4371,0.02,-13.875,-5.5061,-4.4388,0.01,-16.3587,-2.9863,-4.4386,-0.02
0.4,5.0518,3.5433,3.5403,0.0268,0,0.25,0.25,0.25,-13.8547,-0.4515,-4.4388,0.03,-13.858,-5.5033,-4.4411,0.01,-16.3391,-2.9779,-4.4406,-0.03
0.5,5.0598,3.5445,3.543,0.0312,0,0.25,0.25,0.25,-13.8331,-0.4394,-4.4407,0.03,-13.8368,-5.4991,-4.4437,0.0,-16.3165,-2.9685,-4.4431,-0.05
0.6,5.0655,3.545,3.5463,0.0348,0,0.25,0.25,0.25,-13.8086,-0.4285,-4.4427,0.02,-13.8127,-5.494,-4.4463,-0.01,-16.2918,-2.9584,-4.4459,-0.06
0.7,5.0697,3.545,3.5496,0.0375,0,0.25,0.25,0.25,-13.782,-0.4183,-4.4448,0.02,-13.786,-5.4881,-4.4489,-0.02,-16.2655,-2.9481,-4.449,-0.07
0.8,5.0726,3.545,3.5526,0.0394,0,0.25,0.25,0.25,-13.7541,-0.4088,-4.4469,0.02,-13.7576,-5.4814,-4.4515,-0.02,-16.238,-2.9381,-4.4519,-0.07
0.9,5.0746,3.545,3.556,0.0409,0,0.25,0.25,0.25,-13.7249,-0.4,-4.4492,0.03,-13.7277,-5.4745,-4.4539,-0.02,-16.2099,-2.9282,-4.4543,-0.07
1.0,5.0759,3.5452,3.5596,0.042,0,0.25,0.25,0.25,-13.6949,-0.3921,-4.4514,0.04,-13.6967,-5.468,-4.4565,-0.03,-16.1814,-2.9191,-4.4566,-0.08
1.1,5.0764,3.5454,3.5628,0.0426,0,0.25,0.25,0.25,-13.6645,-0.3854,-4.4533,0.05,-13.6651,-5.4618,-4.459,-0.03,-16.1526,-2.9112,-4.4588,-0.08
1.2,5.0759,3.5455,3.5654,0.0426,0,0.25,0.25,0.25,-13.6338,-0.3797,-4.455,0.06,-13.6331,-5.4556,-4.4615,-0.03,-16.1234,-2.9041,-4.4611,-0.08
1.3,5.0746,3.5455,3.5671,0.0421,0,0.25,0.25,0.25,-13.6031,-0.3747,-4.4569,0.07,-13.601,-5.4493,-4.4636,-0.04,-16.0938,-2.8979,-4.4635,-0.08
1.4,5.0727,3.546,3.5685,0.0411,0,0.25,0.25,0.25,-13.5719,-0.3706,-4.4589,0.09,-13.5686,-5.4433,-4.4658,-0.04,-16.0644,-2.8928,-4.4658,-0.08
1.5,5.0701,3.5468,3.5702,0.0398,0,0.25,0.25,0.25,-13.5405,-0.3675,-4.461,0.11,-13.5355,-5.4376,-4.4675,-0.04,-16.0353,-2.8886,-4.4684,-0.1
1.6,5.0672,3.5481,3.5713,0.0382,0,0.25,0.25,0.25,-13.5086,-0.3651,-4.4632,0.11,-13.5025,-5.4323,-4.469,-0.04,-16.006,-2.8855,-4.4706,-0.12
1.7,5.0642,3.5494,3.5718,0.0365,0,0.25,0.25,0.25,-13.4765,-0.3635,-4.4656,0.11,-13.4697,-5.4278,-4.4705,-0.04,-15.9763,-2.8832,-4.4728,-0.14
1.8,5.0606,3.5498,3.5721,0.0348,0,0.25,0.25,0.25,-13.4444,-0.3632,-4.4678,0.11,-13.4371,-5.4238,-4.4719,-0.03,-15.9463,-2.8814,-4.4751,-0.15
1.9,5.0569,3.5499,3.572,0.033,0,0.25,0.25,0.25,-13.4127,-0.3633,-4.4697,0.12,-13.4048,-5.4202,-4.4729,-0.02,-15.9162,-2.8801,-4.477,-0.14
2.0,5.0539,3.5505,3.5718,0.0314,0,0.25,0.25,0.25,-13.3814,-0.3636,-4.4714,0.12,-13.3728,-5.4175,-4.4738,0.0,-15.8863,-2.8798,-4.4787,-0.14
2.1,5.0517,3.5515,3.5716,0.0302,0,0.25,0.25,0.25,-13.3499,-0.3639,-4.4728,0.12,-13.3412,-5.4156,-4.475,0.02,-15.8565,-2.88,-4.4803,-0.12
2.2,5.0501,3.5528,3.572,0.0295,0,0.25,0.25,0.25,-13.3184,-0.3646,-4.4742,0.12,-13.3096,-5.4147,-4.4763,0.03,-15.8269,-2.8804,-4.4817,-0.12
2.3,5.0484,3.554,3.5733,0.0289,0,0.25,0.25,0.25,-13.287,-0.3657,-4.4761,0.12,-13.2779,-5.4141,-4.4776,0.05,-15.798,-2.8808,-4.4828,-0.13
2.4,5.0463,3.5553,3.5751,0.0285,0,0.25,0.25,0.25,-13.2558,-0.3673,-4.4781,0.11,-13.2463,-5.4136,-4.4788,0.07,-15.7698,-2.8812,-4.4838,-0.14
2.5,5.0443,3.5568,3.5768,0.0281,0,0.25,0.25,0.25,-13.225,-0.3688,-4.4799,0.1,-13.215,-5.4132,-4.4801,0.08,-15.742,-2.8818,-4.485,-0.15
2.6,5.0424,3.5582,3.5783,0.0278,0,0.25,0.25,0.25,-13.1944,-0.3707,-4.4815,0.09,-13.1839,-5.4131,-4.4814,0.09,-15.7142,-2.8829,-4.486,-0.16
2.7,5.0412,3.5598,3.5797,0.0277,0,0.25,0.25,0.25,-13.1639,-0.3726,-4.4828,0.07,-13.1533,-5.4139,-4.4825,0.08,-15.6863,-2.8845,-4.4869,-0.17
2.8,5.0402,3.5613,3.5808,0.0276,0,0.25,0.25,0.25,-13.1335,-0.3748,-4.4837,0.05,-13.123,-5.415,-4.4837,0.08,-15.6584,-2.8863,-4.4877,-0.17
2.9,5.0399,3.5627,3.5826,0.028,0,0.25,0.25,0.25,-13.1032,-0.377,-4.4847,0.03,-13.0926,-5.4168,-4.4849,0.08,-15.6304,-2.8881,-4.4883,-0.17
3.0,5.0397,3.5638,3.5845,0.0286,0,0.25,0.25,0.25,-13.0732,-0.3792,-4.4857,0.01,-13.0622,-5.4189,-4.486,0.07,-15.6025,-2.8899,-4.4883,-0.18
3.1,5.0391,3.5648,3.5865,0.0291,0,0.25,0.25,0.25,-13.0432,-0.3818,-4.4868,0.01,-13.0319,-5.4209,-4.4868,0.07,-15.5747,-2.8917,-4.488,-0.17
3.2,5.0381,3.5656,3.5887,0.0296,0,0.25,0.25,0.25,-13.0133,-0.3849,-4.4878,0.0,-13.0016,-5.4229,-4.4876,0.06,-15.5472,-2.8933,-4.4881,-0.15
3.3,5.0371,3.5666,3.591,0.0301,0,0.25,0.25,0.25,-12.9834,-0.3878,-4.4887,-0.01,-12.9713,-5.4249,-4.4887,0.06,-15.5199,-2.895,-4.4884,-0.13
3.4,5.0361,3.5681,3.5932,0.0315,0,0.25,0.25,0.25,-12.9532,-0.3904,-4.4895,-0.02,-12.9409,-5.4265,-4.4895,0.06,-15.4928,-2.8968,-4.4888,-0.12
3.5,5.0349,3.57,3.5951,0.0335,0,0.25,0.25,0.25,-12.9232,-0.393,-4.4906,-0.02,-12.9107,-5.4278,-4.4897,0.06,-15.4659,-2.8989,-4.4893,-0.1
3.6,5.0338,3.5719,3.5962,0.0352,0,0.25,0.25,0.25,-12.8937,-0.3953,-4.4917,-0.03,-12.8808,-5.429,-4.4899,0.06,-15.4389,-2.9014,-4.4895,-0.08
3.7,5.0327,3.5733,3.5967,0.0363,0,0.25,0.25,0.25,-12.8644,-0.3975,-4.4925,-0.05,-12.8512,-5.4302,-4.4905,0.06,-15.4113,-2.9038,-4.4898,-0.07
3.8,5.0316,3.5743,3.597,0.0371,0,0.25,0.25,0.25,-12.8352,-0.3999,-4.4933,-0.06,-12.8217,-5.4315,-4.4911,0.05,-15.3833,-2.9064,-4.4902,-0.06
3.9,5.0308,3.5747,3.5977,0.0379,0,0.25,0.25,0.25,-12.8062,-0.4027,-4.4938,-0.07,-12.7922,-5.4335,-4.4917,0.05,-15.3553,-2.9089,-4.4908,-0.04
4.0,5.0298,3.5747,3.5989,0.0389,0,0.25,0.25,0.25,-12.7774,-0.4059,-4.494,-0.09,-12.7625,-5.4357,-4.492,0.05,-15.3274,-2.9111,-4.4916,-0.03
4.1,5.0292,3.5752,3.6008,0.0402,0,0.25,0.25,0.25,-12.7485,-0.409,-4.4942,-0.12,-12.7329,-5.4381,-4.4921,0.05,-15.3001,-2.9132,-4.4926,-0.02
4.2,5.0283,3.5757,3.6025,0.0416,0,0.25,0.25,0.25,-12.7199,-0.4123,-4.4946,-0.14,-12.7034,-5.4406,-4.4924,0.04,-15.2731,-2.9157,-4.4934,-0.01
4.3,5.0271,3.5759,3.604,0.0427,0,0.25,0.25,0.25,-12.6916,-0.4157,-4.4952,-0.16,-12.6739,-5.4428,-4.4925,0.04,-15.2459,-2.9182,-4.4939,0.0
4.4,5.026,3.5763,3.6055,0.044,0,0.25,0.25,0.25,-12.663,-0.4189,-4.4957,-0.17,-12.6443,-5.4449,-4.4928,0.05,-15.2187,-2.9205,-4.4943,0.02
4.5,5.0252,3.5768,3.607,0.0453,0,0.25,0.25,0.25,-12.634,-0.422,-4.4962,-0.17,-12.6151,-5.4471,-4.4932,0.06,-15.1914,-2.9226,-4.4943,0.03
4.6,5.0243,3.5778,3.6082,0.0466,0,0.25,0.25,0.25,-12.6049,-0.4251,-4.4967,-0.18,-12.5859,-5.4493,-4.4937,0.07,-15.1642,-2.9251,-4.4941,0.04
4.7,5.0233,3.5789,3.6095,0.0481,0,0.25,0.25,0.25,-12.5755,-0.4284,-4.4969,-0.2,-12.5569,-5.4516,-4.4942,0.08,-15.1372,-2.9276,-4.494,0.03
4.8,5.0226,3.5801,3.611,0.0496,0,0.25,0.25,0.25,-12.5462,-0.4314,-4.4968,-0.22,-12.5275,-5.4539,-4.495,0.07,-15.1101,-2.9301,-4.4937,0.03
4.9,5.0218,3.5808,3.6123,0.0507,0,0.25,0.25,0.25,-12.5174,-0.4342,-4.4969,-0.22,-12.4979,-5.456,-4.4959,0.08,-15.0827,-2.9325,-4.4934,0.04
5.0,5.0209,3.581,3.6133,0.0516,0,0.25,0.25,0.25,-12.489,-0.4371,-4.4968,-0.22,-12.4684,-5.458,-4.4969,0.08,-15.055,-2.935,-4.4935,0.03
5.1,5.0196,3.581,3.6144,0.0526,0,0.25,0.25,0.25,-12.4604,-0.4405,-4.4963,-0.23,-12.439,-5.46,-4.4973,0.09,-15.0274,-2.9374,-4.4937,0.03
5.2,5.0181,3.5808,3.6152,0.0534,0,0.25,0.25,0.25,-12.4314,-0.444,-4.496,-0.22,-12.4099,-5.462,-4.4972,0.1,-14.9996,-2.9393,-4.494,0.04
5.3,5.0167,3.5808,3.6159,0.0542,0,0.25,0.25,0.25,-12.4025,-0.4472,-4.4958,-0.22,-12.3814,-5.4638,-4.497,0.11,-14.9719,-2.9411,-4.4941,0.05
5.4,5.0151,3.581,3.6165,0.0552,0,0.25,0.25,0.25,-12.3733,-0.4503,-4.4961,-0.21,-12.3531,-5.4654,-4.497,0.13,-14.9445,-2.9428,-4.494,0.06
5.5,5.0133,3.5816,3.6171,0.0563,0,0.25,0.25,0.25,-12.3444,-0.4533,-4.4962,-0.2,-12.3246,-5.4666,-4.4973,0.14,-14.9176,-2.9447,-4.4939,0.06
5.6,5.0117,3.5825,3.6174,0.0573,0,0.25,0.25,0.25,-12.316,-0.456,-4.4967,-0.19,-12.296,-5.4677,-4.4978,0.16,-14.8906,-2.9471,-4.4939,0.05
5.7,5.0105,3.5831,3.6175,0.058,0,0.25,0.25,0.25,-12.2878,-0.4583,-4.4973,-0.19,-12.2675,-5.4688,-4.498,0.17,-14.8634,-2.9493,-4.494,0.04
5.8,5.0092,3.584,3.6176,0.0588,0,0.25,0.25,0.25,-12.2596,-0.4605,-4.4979,-0.19,-12.239,-5.4696,-4.4979,0.19,-14.8364,-2.9514,-4.4941,0.02
5.9,5.0084,3.5849,3.6181,0.0597,0,0.25,0.25,0.25,-12.2317,-0.4623,-4.4986,-0.2,-12.2107,-5.4706,-4.4976,0.18,-14.8096,-2.9534,-4.4943,0.01
6.0,5.0075,3.5856,3.6189,0.0606,0,0.25,0.25,0.25,-12.2038,-0.4641,-4.4991,-0.19,-12.1821,-5.4715,-4.4971,0.17,-14.7828,-2.9551,-4.4942,0.0
6.1,5.0065,3.5862,3.6196,0.0615,0,0.25,0.25,0.25,-12.176,-0.4661,-4.4993,-0.19,-12.1534,-5.4725,-4.4966,0.16,-14.756,-2.9569,-4.4938,-0.0
6.2,5.0062,3.587,3.6205,0.0623,0,0.25,0.25,0.25,-12.1484,-0.4676,-4.4996,-0.2,-12.1247,-5.4737,-4.4961,0.15,-14.7291,-2.9588,-4.4933,0.0
6.3,5.0064,3.5882,3.6217,0.0633,0,0.25,0.25,0.25,-12.1207,-0.4686,-4.4999,-0.2,-12.096,-5.475,-4.4961,0.14,-14.7025,-2.9605,-4.4931,0.0
6.4,5.007,3.5899,3.6234,0.0647,0,0.25,0.25,0.25,-12.0927,-0.4692,-4.4999,-0.2,-12.0673,-5.4761,-4.4965,0.13,-14.6763,-2.9617,-4.4933,-0.01
6.5,5.0079,3.5919,3.6249,0.0659,0,0.25,0.25,0.25,-12.0647,-0.4692,-4.4999,-0.2,-12.0387,-5.4771,-4.4971,0.12,-14.6499,-2.9629,-4.4936,-0.02
6.6,5.009,3.5938,3.626,0.0669,0,0.25,0.25,0.25,-12.0368,-0.4692,-4.4998,-0.2,-12.0103,-5.4781,-4.4974,0.11,-14.6234,-2.9641,-4.494,-0.03
6.7,5.0095,3.5959,3.6271,0.0682,0,0.25,0.25,0.25,-12.0085,-0.4695,-4.4999,-0.2,-11.9818,-5.4789,-4.4974,0.1,-14.5969,-2.9656,-4.494,-0.02
6.8,5.0097,3.5981,3.6285,0.0697,0,0.25,0.25,0.25,-11.9802,-0.4703,-4.4995,-0.2,-11.9531,-5.4799,-4.4972,0.1,-14.5708,-2.9672,-4.4938,-0.0
6.9,5.0096,3.6003,3.6299,0.0714,0,0.25,0.25,0.25,-11.9521,-0.4715,-4.4992,-0.21,-11.9246,-5.481,-4.4972,0.09,-14.5451,-2.9692,-4.4938,0.01
7.0,5.0096,3.6031,3.631,0.0731,0,0.25,0.25,0.25,-11.9237,-0.4728,-4.499,-0.2,-11.8965,-5.4823,-4.4975,0.08,-14.5196,-2.9716,-4.494,0.01
7.1,5.009,3.6054,3.632,0.0748,0,0.25,0.25,0.25,-11.8955,-0.4743,-4.4987,-0.2,-11.8682,-5.4833,-4.4981,0.07,-14.4939,-2.9738,-4.4945,-0.0
7.2,5.0081,3.6071,3.6331,0.0763,0,0.25,0.25,0.25,-11.8672,-0.4761,-4.4983,-0.2,-11.8397,-5.4842,-4.4987,0.06,-14.4678,-2.9757,-4.495,-0.01
7.3,5.0077,3.6079,3.6345,0.0775,0,0.25,0.25,0.25,-11.8391,-0.4779,-4.4981,-0.2,-11.8107,-5.4854,-4.4992,0.04,-14.441,-2.9772,-4.4954,-0.01
7.4,5.0075,3.608,3.636,0.0783,0,0.25,0.25,0.25,-11.8111,-0.4792,-4.498,-0.2,-11.7816,-5.4866,-4.4997,0.02,-14.4137,-2.9781,-4.4957,-0.01
7.5,5.0074,3.6075,3.638,0.0791,0,0.25,0.25,0.25,-11.7831,-0.4803,-4.4982,-0.19,-11.7524,-5.4876,-4.5002,0.01,-14.3861,-2.9779,-4.4957,-0.01
7.6,5.0072,3.6063,3.6401,0.0796,0,0.25,0.25,0.25,-11.7552,-0.4812,-4.4982,-0.18,-11.7229,-5.4883,-4.5006,0.02,-14.3582,-2.9772,-4.4954,-0.01
7.7,5.0074,3.6051,3.6421,0.08,0,0.25,0.25,0.25,-11.7271,-0.4818,-4.4979,-0.17,-11.6932,-5.489,-4.5009,0.03,-14.3297,-2.9764,-4.4952,-0.01
7.8,5.0076,3.6037,3.6441,0.0803,0,0.25,0.25,0.25,-11.6989,-0.4823,-4.4976,-0.16,-11.6635,-5.4898,-4.5011,0.03,-14.3011,-2.9753,-4.4947,-0.01
7.9,5.0073,3.6024,3.6456,0.0806,0,0.25,0.25,0.25,-11.6706,-0.4829,-4.4975,-0.16,-11.6338,-5.4901,-4.501,0.04,-14.2723,-2.9745,-4.4941,-0.0
8.0,5.0071,3.6017,3.6466,0.0809,0,0.25,0.25,0.25,-11.6422,-0.4833,-4.4973,-0.16,-11.6041,-5.4903,-4.5006,0.05,-14.2437,-2.9743,-4.4939,0.0
8.1,5.0069,3.6015,3.647,0.081,0,0.25,0.25,0.25,-11.6137,-0.4835,-4.4972,-0.16,-11.5748,-5.4902,-4.5003,0.06,-14.215,-2.9742,-4.4937,0.0
8.2,5.0061,3.6011,3.6469,0.081,0,0.25,0.25,0.25,-11.5852,-0.4838,-4.4971,-0.15,-11.5459,-5.4897,-4.5001,0.06,-14.1863,-2.9742,-4.4936,-0.01
8.3,5.005,3.6002,3.6464,0.0807,0,0.25,0.25,0.25,-11.5566,-0.4843,-4.4972,-0.14,-11.5169,-5.4892,-4.4996,0.05,-14.1571,-2.9741,-4.4939,-0.02
8.4,5.0041,3.5991,3.6457,0.0802,0,0.25,0.25,0.25,-11.5282,-0.4849,-4.4974,-0.13,-11.4878,-5.4889,-4.4991,0.05,-14.1275,-2.9743,-4.4944,-0.02
8.5,5.004,3.5983,3.6456,0.0798,0,0.25,0.25,0.25,-11.4997,-0.4853,-4.4978,-0.13,-11.4584,-5.4891,-4.4988,0.04,-14.098,-2.9745,-4.4949,-0.03
8.6,5.0043,3.5982,3.6457,0.0797,0,0.25,0.25,0.25,-11.4708,-0.4854,-4.4981,-0.13,-11.4292,-5.4895,-4.4986,0.04,-14.0688,-2.9749,-4.4953,-0.05
8.7,5.0048,3.5979,3.6463,0.0797,0,0.25,0.25,0.25,-11.4419,-0.4854,-4.4984,-0.13,-11.4001,-5.4901,-4.4983,0.04,-14.0397,-2.9746,-4.4955,-0.07
8.8,5.0051,3.5971,3.6473,0.0797,0,0.25,0.25,0.25,-11.4129,-0.4857,-4.4986,-0.13,-11.3707,-5.4906,-4.4981,0.02,-14.0105,-2.9739,-4.4954,-0.08
8.9,5.0052,3.5965,3.6483,0.08,0,0.25,0.25,0.25,-11.384,-0.486,-4.4987,-0.12,-11.3414,-5.491,-4.4979,0.01,-13.9817,-2.9733,-4.4952,-0.09
9.0,5.0052,3.5963,3.6489,0.0802,0,0.25,0.25,0.25,-11.3551,-0.486,-4.4988,-0.11,-11.3126,-5.491,-4.4975,0.0,-13.9531,-2.9726,-4.495,-0.09
9.1,5.0057,3.5964,3.6493,0.0803,0,0.25,0.25,0.25,-11.3261,-0.4857,-4.4985,-0.11,-11.2841,-5.4912,-4.4971,-0.01,-13.9245,-2.9721,-4.4949,-0.1
9.2,5.0058,3.5961,3.6496,0.0804,0,0.25,0.25,0.25,-11.2971,-0.4856,-4.4981,-0.11,-11.2557,-5.4913,-4.497,-0.01,-13.8957,-2.9714,-4.4948,-0.1
9.3,5.0053,3.5953,3.6497,0.0803,0,0.25,0.25,0.25,-11.2684,-0.4858,-4.498,-0.09,-11.2274,-5.491,-4.4967,-0.01,-13.8669,-2.9705,-4.4944,-0.1
9.4,5.0047,3.5946,3.6503,0.0806,0,0.25,0.25,0.25,-11.2397,-0.4861,-4.4984,-0.06,-11.199,-5.4906,-4.4966,0.0,-13.8387,-2.9693,-4.494,-0.1
9.5,5.0041,3.5945,3.6509,0.0811,0,0.25,0.25,0.25,-11.2112,-0.486,-4.4985,-0.02,-11.1703,-5.4899,-4.4967,0.01,-13.8108,-2.9686,-4.4937,-0.1
9.6,5.0039,3.5948,3.6514,0.0815,0,0.25,0.25,0.25,-11.1826,-0.4858,-4.4983,0.0,-11.1419,-5.4895,-4.4967,0.02,-13.7829,-2.968,-4.4936,-0.11
9.7,5.0037,3.5954,3.6513,0.0817,0,0.25,0.25,0.25,-11.154,-0.4854,-4.498,0.02,-11.1137,-5.489,-4.4968,0.03,-13.7549,-2.9678,-4.4936,-0.11
9.8,5.0033,3.5958,3.6505,0.0816,0,0.25,0.25,0.25,-11.1254,-0.4851,-4.4975,0.03,-11.0854,-5.4882,-4.4968,0.04,-13.7264,-2.968,-4.4934,-0.12
9.9,5.0028,3.5963,3.6497,0.0816,0,0.25,0.25,0.25,-11.0969,-0.4849,-4.497,0.03,-11.0571,-5.4875,-4.4967,0.03,-13.6979,-2.9684,-4.4931,-0.13
10.0,5.0025,3.5968,3.6489,0.0815,0,0.25,0.25,0.25,-11.0683,-0.4847,-4.4964,0.02,-11.0286,-5.487,-4.4967,0.03,-13.6694,-2.9689,-4.493,-0.13
10.1,5.0021,3.597,3.6485,0.0814,0,0.25,0.25,0.25,-11.0396,-0.4846,-4.4957,0.02,-11.0,-5.4866,-4.4968,0.03,-13.6407,-2.969,-4.4925,-0.14
10.2,5.0022,3.5972,3.6483,0.0814,0,0.25,0.25,0.25,-11.0108,-0.4843,-4.4952,0.01,-10.9715,-5.4863,-4.4969,0.03,-13.612,-2.9689,-4.4919,-0.15
10.3,5.0023,3.5976,3.6481,0.0815,0,0.25,0.25,0.25,-10.9817,-0.4839,-4.4948,-0.01,-10.9433,-5.4861,-4.4966,0.03,-13.5835,-2.9685,-4.4911,-0.17
10.4,5.0023,3.598,3.6483,0.0818,0,0.25,0.25,0.25,-10.9523,-0.4837,-4.4945,-0.03,-10.9148,-5.4859,-4.4961,0.04,-13.555,-2.9679,-4.4903,-0.18
10.5,5.0021,3.5979,3.6481,0.0817,0,0.25,0.25,0.25,-10.9232,-0.4835,-4.4941,-0.04,-10.8864,-5.4855,-4.4953,0.04,-13.5261,-2.9675,-4.4893,-0.18
10.6,5.0015,3.5975,3.6477,0.0816,0,0.25,0.25,0.25,-10.8947,-0.4836,-4.4941,-0.05,-10.8579,-5.4849,-4.4945,0.04,-13.4973,-2.9671,-4.4885,-0.18
10.7,5.0012,3.5972,3.6477,0.0815,0,0.25,0.25,0.25,-10.8665,-0.4835,-4.494,-0.05,-10.8292,-5.4846,-4.4938,0.04,-13.4688,-2.9671,-4.4879,-0.18
10.8,5.0012,3.5966,3.6486,0.0818,0,0.25,0.25,0.25,-10.8384,-0.4837,-4.4937,-0.05,-10.8002,-5.4848,-4.4933,0.04,-13.4406,-2.9666,-4.4873,-0.18
10.9,5.001,3.5964,3.6493,0.0821,0,0.25,0.25,0.25,-10.8101,-0.484,-4.4933,-0.06,-10.7714,-5.4849,-4.4931,0.04,-13.4124,-2.9663,-4.4869,-0.17
11.0,5.0005,3.5961,3.6497,0.0823,0,0.25,0.25,0.25,-10.7816,-0.4844,-4.4929,-0.06,-10.7429,-5.4847,-4.493,0.03,-13.3842,-2.9661,-4.4868,-0.17
11.1,4.9998,3.5957,3.6497,0.0824,0,0.25,0.25,0.25,-10.753,-0.4851,-4.4927,-0.07,-10.7147,-5.4847,-4.4933,0.03,-13.3559,-2.9659,-4.4869,-0.15
11.2,4.9991,3.5951,3.6495,0.0823,0,0.25,0.25,0.25,-10.7246,-0.4858,-4.4928,-0.08,-10.6866,-5.4847,-4.4935,0.03,-13.3274,-2.9657,-4.4872,-0.14
11.3,4.9981,3.594,3.6491,0.082,0,0.25,0.25,0.25,-10.6966,-0.4864,-4.4932,-0.08,-10.6585,-5.4844,-4.4938,0.03,-13.2987,-2.9655,-4.4879,-0.12
11.4,4.9971,3.5928,3.6482,0.0813,0,0.25,0.25,0.25,-10.6688,-0.4872,-4.4936,-0.08,-10.6303,-5.4842,-4.4941,0.02,-13.2698,-2.9657,-4.4886,-0.11
11.5,4.9959,3.5916,3.6467,0.0804,0,0.25,0.25,0.25,-10.6412,-0.4881,-4.4941,-0.08,-10.6021,-5.4838,-4.4947,0.03,-13.2406,-2.9665,-4.4891,-0.11
11.6,4.9949,3.5904,3.645,0.0793,0,0.25,0.25,0.25,-10.6135,-0.4889,-4.4948,-0.08,-10.5738,-5.4837,-4.4955,0.01,-13.211,-2.9675,-4.4896,-0.1
11.7,4.9945,3.5891,3.6438,0.0783,0,0.25,0.25,0.25,-10.5857,-0.4896,-4.4955,-0.08,-10.5451,-5.4839,-4.4965,-0.01,-13.1813,-2.9685,-4.4901,-0.1
11.8,4.9948,3.5882,3.6434,0.0776,0,0.25,0.25,0.25,-10.5577,-0.4899,-4.4958,-0.08,-10.5158,-5.4846,-4.4973,-0.03,-13.1516,-2.9692,-4.4905,-0.1
11.9,4.9954,3.587,3.6437,0.077,0,0.25,0.25,0.25,-10.5298,-0.4904,-4.4956,-0.08,-10.4864,-5.4857,-4.4981,-0.04,-13.122,-2.9697,-4.4912,-0.09
12.0,4.996,3.5855,3.6446,0.0766,0,0.25,0.25,0.25,-10.5019,-0.4912,-4.4951,-0.08,-10.4569,-5.487,-4.4989,-0.04,-13.0927,-2.9699,-4.4921,-0.07
12.1,4.9967,3.5846,3.6458,0.0766,0,0.25,0.25,0.25,-10.4738,-0.4919,-4.4945,-0.08,-10.4274,-5.4884,-4.4994,-0.03,-13.0637,-2.9701,-4.493,-0.06
12.2,4.9972,3.5842,3.6466,0.0767,0,0.25,0.25,0.25,-10.4454,-0.4926,-4.4937,-0.08,-10.3981,-5.4895,-4.4997,-0.03,-13.0349,-2.9707,-4.4937,-0.05
12.3,4.9978,3.5841,3.6468,0.0765,0,0.25,0.25,0.25,-10.4169,-0.493,-4.4928,-0.09,-10.3689,-5.4905,-4.5001,-0.03,-13.0059,-2.9715,-4.4941,-0.04
12.4,4.9982,3.584,3.6463,0.0761,0,0.25,0.25,0.25,-10.3885,-0.4932,-4.4922,-0.09,-10.3401,-5.4912,-4.5004,-0.03,-12.9767,-2.9724,-4.4943,-0.04
12.5,4.9978,3.5841,3.6454,0.0758,0,0.25,0.25,0.25,-10.3596,-0.4936,-4.4917,-0.1,-10.3117,-5.4912,-4.5007,-0.02,-12.9476,-2.973,-4.4943,-0.05
12.6,4.997,3.5839,3.6445,0.0755,0,0.25,0.25,0.25,-10.3308,-0.4939,-4.4911,-0.12,-10.2834,-5.4906,-4.5008,-0.01,-12.9187,-2.9731,-4.4944,-0.06
12.7,4.9959,3.5836,3.6435,0.0752,0,0.25,0.25,0.25,-10.3023,-0.4939,-4.4909,-0.12,-10.2552,-5.4896,-4.5008,0.01,-12.89,-2.973,-4.4943,-0.07
12.8,4.995,3.5834,3.6428,0.075,0,0.25,0.25,0.25,-10.274,-0.4939,-4.4906,-0.12,-10.2271,-5.4887,-4.5005,0.02,-12.8616,-2.9729,-4.4943,-0.08
12.9,4.9948,3.5836,3.6422,0.0748,0,0.25,0.25,0.25,-10.2458,-0.4935,-4.4904,-0.13,-10.1991,-5.4881,-4.5,0.03,-12.8332,-2.9728,-4.4943,-0.08
13.0,4.9947,3.5838,3.6417,0.0747,0,0.25,0.25,0.25,-10.2174,-0.493,-4.4902,-0.13,-10.1709,-5.4875,-4.4991,0.04,-12.8049,-2.9726,-4.4944,-0.09
13.1,4.9941,3.5841,3.6413,0.0748,0,0.25,0.25,0.25,-10.189,-0.4927,-4.49,-0.14,-10.1427,-5.4867,-4.4982,0.06,-12.7768,-2.9726,-4.4946,-0.09
13.2,4.993,3.5844,3.6407,0.075,0,0.25,0.25,0.25,-10.1608,-0.4929,-4.4899,-0.14,-10.1146,-5.4856,-4.4973,0.08,-12.7489,-2.9726,-4.4948,-0.09
13.3,4.992,3.5843,3.6402,0.075,0,0.25,0.25,0.25,-10.1328,-0.4929,-4.4896,-0.14,-10.0863,-5.4846,-4.4966,0.1,-12.7209,-2.9727,-4.4949,-0.08
13.4,4.9916,3.5844,3.6398,0.075,0,0.25,0.25,0.25,-10.1049,-0.4926,-4.4891,-0.13,-10.0579,-5.4839,-4.4957,0.1,-12.6927,-2.9728,-4.4951,-0.06
13.5,4.9916,3.5841,3.6399,0.0749,0,0.25,0.25,0.25,-10.0772,-0.4922,-4.4886,-0.13,-10.0296,-5.4836,-4.4949,0.1,-12.6645,-2.9725,-4.4952,-0.04
13.6,4.9914,3.5831,3.64,0.0746,0,0.25,0.25,0.25,-10.0494,-0.4922,-4.4879,-0.13,-10.0011,-5.4834,-4.4944,0.09,-12.6359,-2.9719,-4.4951,-0.02
13.7,4.9909,3.582,3.64,0.0743,0,0.25,0.25,0.25,-10.0215,-0.4925,-4.4871,-0.13,-9.973,-5.4832,-4.4943,0.08,-12.6073,-2.9713,-4.4948,-0.02
13.8,4.9902,3.5808,3.6402,0.0741,0,0.25,0.25,0.25,-9.9934,-0.4929,-4.4862,-0.12,-9.9449,-5.4829,-4.4943,0.06,-12.5789,-2.9704,-4.4945,-0.04
13.9,4.9891,3.5798,3.64,0.074,0,0.25,0.25,0.25,-9.9653,-0.4936,-4.4854,-0.12,-9.9169,-5.4825,-4.4943,0.05,-12.5505,-2.9697,-4.4945,-0.05
14.0,4.9883,3.5785,3.6396,0.0736,0,0.25,0.25,0.25,-9.9374,-0.4941,-4.4849,-0.1,-9.8891,-5.4821,-4.4943,0.04,-12.5219,-2.9691,-4.4946,-0.05
14.1,4.9878,3.5774,3.6396,0.0734,0,0.25,0.25,0.25,-9.9097,-0.4941,-4.4844,-0.09,-9.861,-5.4816,-4.4942,0.03,-12.4935,-2.9683,-4.4951,-0.04
14.2,4.987,3.5766,3.6396,0.0733,0,0.25,0.25,0.25,-9.8818,-0.4942,-4.4837,-0.08,-9.8325,-5.4809,-4.4942,0.03,-12.4651,-2.9677,-4.4956,-0.03
14.3,4.9863,3.5759,3.6388,0.0729,0,0.25,0.25,0.25,-9.8538,-0.4943,-4.4833,-0.08,-9.8041,-5.4803,-4.4939,0.03,-12.4362,-2.9677,-4.4959,-0.02
14.4,4.9859,3.5751,3.6373,0.0718,0,0.25,0.25,0.25,-9.8259,-0.4943,-4.4834,-0.07,-9.776,-5.48,-4.4935,0.01,-12.4068,-2.9683,-4.4962,-0.01
14.5,4.9857,3.5744,3.6354,0.0707,0,0.25,0.25,0.25,-9.7982,-0.4944,-4.4839,-0.06,-9.7477,-5.4798,-4.4929,0.01,-12.3771,-2.9693,-4.4965,-0.0
14.6,4.9853,3.5742,3.6339,0.0699,0,0.25,0.25,0.25,-9.77,-0.4945,-4.4842,-0.05,-9.7189,-5.4795,-4.4923,0.01,-12.3476,-2.9705,-4.4967,0.0
14.7,4.9852,3.5738,3.6328,0.0691,0,0.25,0.25,0.25,-9.7422,-0.4942,-4.4842,-0.04,-9.6901,-5.4791,-4.4919,0.02,-12.3183,-2.9712,-4.4965,-0.01
14.8,4.9857,3.5735,3.6324,0.0685,0,0.25,0.25,0.25,-9.7147,-0.4936,-4.4843,-0.03,-9.6614,-5.479,-4.4915,0.03,-12.2895,-2.9715,-4.4962,-0.01
14.9,4.9862,3.5728,3.6322,0.068,0,0.25,0.25,0.25,-9.6871,-0.4932,-4.484,-0.03,-9.6331,-5.479,-4.4914,0.04,-12.2607,-2.9714,-4.4963,-0.0
15.0,4.9861,3.5719,3.6316,0.0674,0,0.25,0.25,0.25,-9.6594,-0.4929,-4.4835,-0.03,-9.6051,-5.4787,-4.4913,0.05,-12.2319,-2.971,-4.4968,0.0
15.1,4.9855,3.5713,3.631,0.0671,0,0.25,0.25,0.25,-9.6316,-0.493,-4.4838,-0.05,-9.577,-5.4782,-4.4911,0.05,-12.2033,-2.9709,-4.4972,-0.0
15.2,4.9842,3.57,3.6309,0.0669,0,0.25,0.25,0.25,-9.604,-0.4937,-4.4844,-0.05,-9.5486,-5.4776,-4.4908,0.05,-12.175,-2.9705,-4.4973,-0.01
15.3,4.9828,3.5679,3.6307,0.0664,0,0.25,0.25,0.25,-9.5769,-0.4944,-4.4848,-0.05,-9.5202,-5.4769,-4.4904,0.04,-12.1464,-2.9698,-4.4972,-0.0
15.4,4.9815,3.5657,3.6304,0.0657,0,0.25,0.25,0.25,-9.5498,-0.4948,-4.4854,-0.06,-9.492,-5.476,-4.4901,0.04,-12.1176,-2.9689,-4.4967,0.0
15.5,4.9804,3.5636,3.6304,0.0652,0,0.25,0.25,0.25,-9.5225,-0.4954,-4.4862,-0.06,-9.464,-5.4755,-4.4901,0.02,-12.089,-2.9677,-4.4964,-0.0
15.6,4.979,3.5622,3.6303,0.065,0,0.25,0.25,0.25,-9.4948,-0.4962,-4.4872,-0.07,-9.436,-5.4748,-4.4905,-0.0,-12.0608,-2.9669,-4.4962,-0.01
15.7,4.9773,3.5611,3.6299,0.0648,0,0.25,0.25,0.25,-9.467,-0.4969,-4.4886,-0.08,-9.4081,-5.4739,-4.491,-0.02,-12.0327,-2.9665,-4.4963,-0.0
15.8,4.9755,3.5602,3.6295,0.0648,0,0.25,0.25,0.25,-9.4391,-0.4975,-4.4901,-0.09,-9.38,-5.4726,-4.4918,-0.03,-12.0047,-2.9658,-4.496,0.0
15.9,4.974,3.5589,3.6295,0.0648,0,0.25,0.25,0.25,-9.4113,-0.498,-4.4913,-0.1,-9.3519,-5.4716,-4.4924,-0.06,-11.9766,-2.9648,-4.4953,0.01
16.0,4.9728,3.5577,3.6297,0.0648,0,0.25,0.25,0.25,-9.3841,-0.4983,-4.492,-0.11,-9.3237,-5.4707,-4.4928,-0.08,-11.9488,-2.964,-4.4945,-0.0
16.1,4.9718,3.5565,3.6299,0.0646,0,0.25,0.25,0.25,-9.357,-0.4985,-4.4923,-0.1,-9.2957,-5.4699,-4.4931,-0.11,-11.921,-2.9631,-4.4939,-0.02
16.2,4.9709,3.5551,3.63,0.0644,0,0.25,0.25,0.25,-9.33,-0.4985,-4.4926,-0.09,-9.2677,-5.469,-4.4931,-0.12,-11.893,-2.9622,-4.4937,-0.04
16.3,4.9702,3.5535,3.6302,0.0642,0,0.25,0.25,0.25,-9.3029,-0.4984,-4.493,-0.08,-9.24,-5.4682,-4.4931,-0.12,-11.865,-2.9607,-4.4937,-0.05
16.4,4.9694,3.5521,3.6299,0.0638,0,0.25,0.25,0.25,-9.2755,-0.4982,-4.4931,-0.07,-9.2128,-5.4672,-4.4934,-0.12,-11.8369,-2.9592,-4.4935,-0.05
16.5,4.9684,3.5505,3.6293,0.0633,0,0.25,0.25,0.25,-9.2485,-0.498,-4.493,-0.06,-9.186,-5.466,-4.4937,-0.12,-11.809,-2.9577,-4.4933,-0.05
16.6,4.9676,3.5488,3.6289,0.0628,0,0.25,0.25,0.25,-9.2215,-0.4978,-4.4927,-0.06,-9.1594,-5.4649,-4.4939,-0.13,-11.7811,-2.9559,-4.4934,-0.04
16.7,4.9671,3.5472,3.6289,0.0625,0,0.25,0.25,0.25,-9.1944,-0.4974,-4.4927,-0.05,-9.1327,-5.4642,-4.4938,-0.13,-11.7534,-2.954,-4.4936,-0.03
16.8,4.9668,3.5454,3.629,0.0621,0,0.25,0.25,0.25,-9.1674,-0.4972,-4.4928,-0.05,-9.1059,-5.4637,-4.4935,-0.12,-11.7253,-2.9521,-4.4937,-0.02
16.9,4.9665,3.5437,3.629,0.0618,0,0.25,0.25,0.25,-9.1401,-0.4972,-4.4932,-0.06,-9.0791,-5.4633,-4.4933,-0.12,-11.6973,-2.9504,-4.4938,-0.0
17.0,4.9657,3.5427,3.6281,0.0613,0,0.25,0.25,0.25,-9.1127,-0.4974,-4.4936,-0.06,-9.0525,-5.4628,-4.4932,-0.14,-11.6694,-2.9497,-4.4941,0.01
17.1,4.9647,3.5421,3.6262,0.0604,0,0.25,0.25,0.25,-9.0858,-0.4978,-4.4937,-0.05,-9.0261,-5.4622,-4.4929,-0.15,-11.6415,-2.9504,-4.4946,0.01
17.2,4.9644,3.5424,3.6237,0.0591,0,0.25,0.25,0.25,-9.0592,-0.498,-4.4939,-0.04,-8.9996,-5.462,-4.4924,-0.15,-11.6135,-2.9523,-4.4952,0.01
17.3,4.964,3.5434,3.6208,0.0582,0,0.25,0.25,0.25,-9.0322,-0.4981,-4.4942,-0.04,-8.973,-5.4617,-4.4923,-0.15,-11.5856,-2.9549,-4.4961,0.01
17.4,4.9635,3.5451,3.6177,0.0578,0,0.25,0.25,0.25,-9.0051,-0.4981,-4.4945,-0.04,-8.9465,-5.4613,-4.4923,-0.15,-11.5581,-2.9578,-4.497,0.01
17.5,4.963,3.5474,3.6148,0.0575,0,0.25,0.25,0.25,-8.9776,-0.4981,-4.495,-0.05,-8.9201,-5.4608,-4.4922,-0.15,-11.5309,-2.9607,-4.4977,0.02
17.6,4.963,3.5503,3.6121,0.0568,0,0.25,0.25,0.25,-8.9493,-0.4979,-4.4951,-0.06,-8.894,-5.4606,-4.4919,-0.14,-11.5039,-2.9634,-4.4982,0.02
17.7,4.9631,3.5535,3.6098,0.056,0,0.25,0.25,0.25,-8.9204,-0.4977,-4.495,-0.06,-8.8681,-5.4605,-4.4919,-0.14,-11.477,-2.9658,-4.4984,0.01
17.8,4.9633,3.5567,3.6081,0.0564,0,0.25,0.25,0.25,-8.8915,-0.4974,-4.4952,-0.07,-8.8418,-5.4605,-4.4918,-0.13,-11.4503,-2.9678,-4.4986,0.01
17.9,4.9646,3.5599,3.6073,0.0569,0,0.25,0.25,0.25,-8.8626,-0.4965,-4.4958,-0.07,-8.8149,-5.4609,-4.4914,-0.11,-11.4235,-2.9693,-4.4986,0.02
18.0,4.9666,3.563,3.6074,0.0576,0,0.25,0.25,0.25,-8.8338,-0.4952,-4.4965,-0.07,-8.7873,-5.4617,-4.4906,-0.09,-11.3965,-2.9706,-4.4985,0.04
18.1,4.9682,3.566,3.6078,0.0586,0,0.25,0.25,0.25,-8.8051,-0.4943,-4.497,-0.07,-8.7591,-5.4623,-4.4901,-0.07,-11.3696,-2.9721,-4.4984,0.05
18.2,4.9694,3.5682,3.6085,0.0595,0,0.25,0.25,0.25,-8.7767,-0.4937,-4.4973,-0.06,-8.7307,-5.4629,-4.4896,-0.06,-11.3427,-2.9732,-4.4984,0.05
18.3,4.9705,3.5692,3.6092,0.06,0,0.25,0.25,0.25,-8.7486,-0.4933,-4.4973,-0.05,-8.7023,-5.4635,-4.4893,-0.04,-11.3151,-2.9736,-4.4986,0.05
18.4,4.9714,3.5692,3.6098,0.06,0,0.25,0.25,0.25,-8.7205,-0.493,-4.4971,-0.04,-8.6742,-5.4641,-4.489,-0.03,-11.287,-2.9733,-4.4988,0.06
18.5,4.9721,3.5688,3.6104,0.0599,0,0.25,0.25,0.25,-8.6922,-0.4927,-4.4965,-0.04,-8.6463,-5.4646,-4.4888,-0.03,-11.2587,-2.9725,-4.499,0.06
18.6,4.9729,3.5685,3.6114,0.0601,0,0.25,0.25,0.25,-8.664,-0.4924,-4.4956,-0.04,-8.6182,-5.465,-4.4886,-0.02,-11.2307,-2.9715,-4.4998,0.06
18.7,4.9734,3.5681,3.6127,0.0605,0,0.25,0.25,0.25,-8.636,-0.4922,-4.4947,-0.04,-8.59,-5.4653,-4.4884,-0.01,-11.2029,-2.9705,-4.5004,0.07
18.8,4.9736,3.5679,3.6136,0.0609,0,0.25,0.25,0.25,-8.6079,-0.492,-4.4937,-0.04,-8.5618,-5.4654,-4.4883,0.0,-11.1752,-2.9697,-4.5007,0.08
18.9,4.9738,3.5682,3.6152,0.0618,0,0.25,0.25,0.25,-8.5796,-0.492,-4.4929,-0.03,-8.5336,-5.4656,-4.4882,0.02,-11.1481,-2.9689,-4.501,0.07
19.0,4.9741,3.5683,3.6175,0.063,0,0.25,0.25,0.25,-8.5513,-0.4922,-4.4922,-0.02,-8.5052,-5.4661,-4.4879,0.03,-11.1213,-2.9676,-4.5015,0.08
19.1,4.9748,3.5687,3.6202,0.0644,0,0.25,0.25,0.25,-8.5224,-0.4924,-4.4917,-0.01,-8.4768,-5.467,-4.4878,0.04,-11.0944,-2.9662,-4.502,0.09
19.2,4.9758,3.5696,3.6227,0.0658,0,0.25,0.25,0.25,-8.4933,-0.4923,-4.4914,-0.0,-8.4482,-5.4679,-4.4878,0.05,-11.0675,-2.9653,-4.5024,0.11
19.3,4.9764,3.5707,3.6245,0.067,0,0.25,0.25,0.25,-8.4643,-0.4926,-4.4911,0.01,-8.4199,-5.4689,-4.4882,0.05,-11.0405,-2.965,-4.5024,0.13
19.4,4.9773,3.5718,3.626,0.068,0,0.25,0.25,0.25,-8.4352,-0.4932,-4.491,0.01,-8.3917,-5.4703,-4.4887,0.04,-11.0132,-2.9653,-4.5025,0.15
19.5,4.9781,3.5734,3.6262,0.0685,0,0.25,0.25,0.25,-8.4062,-0.4935,-4.4911,0.02,-8.3638,-5.4715,-4.4892,0.03,-10.9857,-2.9665,-4.5026,0.16
19.6,4.9791,3.576,3.6256,0.0689,0,0.25,0.25,0.25,-8.3772,-0.4936,-4.4915,0.03,-8.3362,-5.4725,-4.4896,0.03,-10.9583,-2.9686,-4.5027,0.16
19.7,4.9795,3.5784,3.6243,0.0691,0,0.25,0.25,0.25,-8.348,-0.494,-4.4917,0.03,-8.3086,-5.4733,-4.4898,0.02,-10.9305,-2.9711,-4.5026,0.16
19.8,4.9797,3.5805,3.6225,0.069,0,0.25,0.25,0.25,-8.3188,-0.4946,-4.4921,0.03,-8.281,-5.4741,-4.4898,-0.0,-10.9022,-2.9737,-4.5024,0.16
19.9,4.9793,3.5827,3.6202,0.0689,0,0.25,0.25,0.25,-8.2897,-0.4951,-4.4923,0.03,-8.2531,-5.4743,-4.4897,-0.01,-10.8738,-2.9766,-4.5024,0.16
20.0,4.9792,3.585,3.6178,0.0687,0,0.25,0.25,0.25,-8.261,-0.4954,-4.4924,0.04,-8.2251,-5.4744,-4.4897,-0.02,-10.8454,-2.9799,-4.5024,0.16
20.1,4.9797,3.5876,3.6162,0.0689,0,0.25,0.25,0.25,-8.2323,-0.4953,-4.4928,0.04,-8.1966,-5.4749,-4.4899,-0.01,-10.8172,-2.983,-4.5023,0.15
20.2,4.9807,3.5901,3.6151,0.0692,0,0.25,0.25,0.25,-8.2036,-0.4948,-4.4934,0.05,-8.168,-5.4754,-4.4903,-0.01,-10.789,-2.9857,-4.5023,0.15
20.3,4.9818,3.5919,3.6146,0.0694,0,0.25,0.25,0.25,-8.1749,-0.4943,-4.4938,0.06,-8.139,-5.476,-4.4906,-0.01,-10.7606,-2.9875,-4.5022,0.14
20.4,4.9827,3.593,3.6143,0.0695,0,0.25,0.25,0.25,-8.1466,-0.4939,-4.4944,0.08,-8.1101,-5.4764,-4.4906,-0.02,-10.7321,-2.9888,-4.502,0.13
20.5,4.9832,3.5931,3.6146,0.0695,0,0.25,0.25,0.25,-8.1181,-0.4938,-4.495,0.1,-8.0814,-5.4769,-4.491,-0.04,-10.7035,-2.9889,-4.5017,0.12
20.6,4.9835,3.5919,3.6154,0.0692,0,0.25,0.25,0.25,-8.0898,-0.4939,-4.4952,0.12,-8.0526,-5.4772,-4.4917,-0.05,-10.6746,-2.988,-4.5013,0.1
20.7,4.9835,3.5899,3.6166,0.0687,0,0.25,0.25,0.25,-8.0615,-0.4942,-4.4951,0.13,-8.0234,-5.4775,-4.4924,-0.06,-10.6453,-2.9864,-4.5007,0.09
20.8,4.9837,3.5874,3.6187,0.0685,0,0.25,0.25,0.25,-8.0331,-0.4947,-4.4949,0.13,-7.9942,-5.4782,-4.493,-0.06,-10.6162,-2.9841,-4.5002,0.1
20.9,4.9834,3.5848,3.6213,0.0687,0,0.25,0.25,0.25,-8.0047,-0.4958,-4.4947,0.11,-7.9652,-5.479,-4.4934,-0.05,-10.5876,-2.9817,-4.4995,0.11
21.0,4.9826,3.5818,3.624,0.0689,0,0.25,0.25,0.25,-7.9763,-0.4973,-4.4944,0.09,-7.9362,-5.4797,-4.4939,-0.04,-10.5591,-2.979,-4.4984,0.11
21.1,4.9809,3.5782,3.626,0.069,0,0.25,0.25,0.25,-7.9479,-0.4989,-4.4943,0.08,-7.9071,-5.4796,-4.4944,-0.02,-10.5301,-2.976,-4.4974,0.11
21.2,4.9795,3.5753,3.6273,0.0689,0,0.25,0.25,0.25,-7.9195,-0.5,-4.4944,0.07,-7.8781,-5.4793,-4.4949,0.0,-10.501,-2.9737,-4.4968,0.1
21.3,4.9785,3.5736,3.6283,0.0691,0,0.25,0.25,0.25,-7.8912,-0.5006,-4.4949,0.07,-7.8493,-5.479,-4.4954,0.02,-10.4724,-2.9721,-4.4965,0.1
21.4,4.9778,3.5731,3.6292,0.0695,0,0.25,0.25,0.25,-7.8628,-0.5009,-4.4953,0.06,-7.8206,-5.4785,-4.4961,0.04,-10.4444,-2.9712,-4.4966,0.09
21.5,4.9774,3.5731,3.6299,0.0701,0,0.25,0.25,0.25,-7.8342,-0.5012,-4.4955,0.06,-7.792,-5.4784,-4.4971,0.05,-10.4165,-2.9707,-4.497,0.09
21.6,4.9769,3.5736,3.63,0.0705,0,0.25,0.25,0.25,-7.8052,-0.5015,-4.4961,0.06,-7.7636,-5.4782,-4.4978,0.04,-10.3884,-2.9708,-4.4975,0.1
21.7,4.9767,3.5749,3.6296,0.0709,0,0.25,0.25,0.25,-7.7759,-0.5016,-4.4969,0.08,-7.7352,-5.4782,-4.4982,0.05,-10.3603,-2.9716,-4.4979,0.1
21.8,4.9767,3.5767,3.6286,0.0711,0,0.25,0.25,0.25,-7.7465,-0.5015,-4.4976,0.08,-7.7071,-5.478,-4.4982,0.04,-10.3322,-2.9729,-4.4982,0.09
21.9,4.9772,3.5787,3.627,0.0709,0,0.25,0.25,0.25,-7.7175,-0.5011,-4.4981,0.08,-7.6792,-5.4782,-4.4981,0.04,-10.3037,-2.9748,-4.4984,0.08
22.0,4.9779,3.5802,3.6257,0.0706,0,0.25,0.25,0.25,-7.6887,-0.501,-4.4982,0.06,-7.651,-5.4788,-4.4982,0.03,-10.275,-2.9767,-4.4988,0.08
22.1,4.9791,3.5812,3.6255,0.0705,0,0.25,0.25,0.25,-7.66,-0.5008,-4.4978,0.05,-7.6222,-5.4798,-4.4986,0.03,-10.2462,-2.978,-4.4992,0.08
22.2,4.9802,3.5814,3.626,0.0705,0,0.25,0.25,0.25,-7.6315,-0.5007,-4.4973,0.03,-7.5933,-5.4808,-4.4987,0.03,-10.2174,-2.9784,-4.4996,0.08
22.3,4.9809,3.5805,3.6265,0.0702,0,0.25,0.25,0.25,-7.6033,-0.5008,-4.497,0.01,-7.5644,-5.4816,-4.4986,0.02,-10.1884,-2.9782,-4.5003,0.07
22.4,4.981,3.5786,3.6273,0.0697,0,0.25,0.25,0.25,-7.5757,-0.5012,-4.4969,-0.01,-7.5355,-5.4821,-4.4984,0.02,-10.1592,-2.9774,-4.5007,0.06
22.5,4.9809,3.5766,3.6278,0.0693,0,0.25,0.25,0.25,-7.548,-0.5017,-4.4971,-0.02,-7.5067,-5.4825,-4.4981,0.03,-10.13,-2.9767,-4.5008,0.04
22.6,4.9807,3.5754,3.6282,0.069,0,0.25,0.25,0.25,-7.52,-0.502,-4.4975,-0.02,-7.4778,-5.4825,-4.4978,0.03,-10.1011,-2.9761,-4.5003,0.03
22.7,4.9804,3.5745,3.6286,0.0689,0,0.25,0.25,0.25,-7.4919,-0.5019,-4.4981,-0.02,-7.4487,-5.4821,-4.4971,0.03,-10.0724,-2.9754,-4.4997,0.02
22.8,4.98,3.5738,3.629,0.0689,0,0.25,0.25,0.25,-7.4636,-0.5019,-4.4987,-0.02,-7.4198,-5.4817,-4.4963,0.04,-10.0437,-2.9748,-4.4993,0.01
22.9,4.9797,3.5731,3.6292,0.0689,0,0.25,0.25,0.25,-7.4352,-0.5019,-4.4988,-0.01,-7.3912,-5.4813,-4.4956,0.04,-10.015,-2.9741,-4.4991,0.01
23.0,4.9795,3.572,3.629,0.0684,0,0.25,0.25,0.25,-7.4069,-0.5019,-4.4987,-0.02,-7.3628,-5.4812,-4.4952,0.03,-9.9858,-2.9734,-4.4988,0.0
23.1,4.9798,3.5707,3.6286,0.0676,0,0.25,0.25,0.25,-7.3788,-0.5017,-4.4986,-0.01,-7.3344,-5.4813,-4.495,0.01,-9.9563,-2.9729,-4.4987,0.0
23.2,4.9802,3.5698,3.6281,0.0669,0,0.25,0.25,0.25,-7.3506,-0.5015,-4.4985,0.0,-7.3062,-5.4815,-4.4944,0.01,-9.927,-2.9725,-4.4987,-0.01
23.3,4.9805,3.569,3.628,0.0665,0,0.25,0.25,0.25,-7.3222,-0.5014,-4.4985,0.02,-7.2781,-5.4817,-4.4937,-0.0,-9.8979,-2.972,-4.4985,-0.01
23.4,4.9808,3.5684,3.6281,0.0662,0,0.25,0.25,0.25,-7.2939,-0.5013,-4.4983,0.03,-7.2498,-5.4819,-4.4931,-0.0,-9.8691,-2.9714,-4.4983,-0.02
23.5,4.9811,3.5684,3.6285,0.0664,0,0.25,0.25,0.25,-7.2657,-0.5012,-4.498,0.04,-7.2215,-5.482,-4.4927,0.0,-9.841,-2.9712,-4.4979,-0.03
23.6,4.9811,3.5691,3.6288,0.0668,0,0.25,0.25,0.25,-7.2374,-0.501,-4.4975,0.05,-7.1935,-5.482,-4.4924,0.01,-9.8135,-2.9713,-4.4972,-0.03
23.7,4.9812,3.5703,3.6291,0.0674,0,0.25,0.25,0.25,-7.2089,-0.5009,-4.4967,0.07,-7.1656,-5.4819,-4.4922,0.03,-9.7864,-2.9715,-4.4965,-0.04
23.8,4.9814,3.5716,3.6301,0.0684,0,0.25,0.25,0.25,-7.1805,-0.501,-4.4963,0.08,-7.138,-5.4823,-4.4923,0.03,-9.7598,-2.9715,-4.4959,-0.05
23.9,4.9819,3.5724,3.6317,0.0694,0,0.25,0.25,0.25,-7.152,-0.5011,-4.4958,0.09,-7.1101,-5.4828,-4.4923,0.03,-9.733,-2.971,-4.4953,-0.06
24.0,4.9822,3.5729,3.6335,0.0705,0,0.25,0.25,0.25,-7.1237,-0.5011,-4.4953,0.09,-7.0818,-5.4831,-4.4926,0.02,-9.7062,-2.9702,-4.495,-0.07
24.1,4.9819,3.5734,3.635,0.0716,0,0.25,0.25,0.25,-7.0954,-0.5012,-4.4951,0.1,-7.053,-5.4829,-4.493,0.02,-9.6792,-2.9697,-4.4944,-0.07
24.2,4.9808,3.5735,3.6357,0.0723,0,0.25,0.25,0.25,-7.0672,-0.5017,-4.4953,0.09,-7.0242,-5.4823,-4.4934,0.03,-9.6518,-2.9694,-4.4937,-0.07
24.3,4.9792,3.5731,3.6354,0.0724,0,0.25,0.25,0.25,-7.0393,-0.5025,-4.4953,0.09,-6.9959,-5.4815,-4.4938,0.03,-9.6239,-2.9696,-4.4931,-0.06
24.4,4.9779,3.573,3.6351,0.0726,0,0.25,0.25,0.25,-7.0112,-0.5031,-4.4952,0.09,-6.9675,-5.4808,-4.4942,0.03,-9.596,-2.9699,-4.4929,-0.07
24.5,4.9771,3.5732,3.6344,0.0726,0,0.25,0.25,0.25,-6.9828,-0.5032,-4.4952,0.1,-6.9391,-5.4801,-4.4945,0.02,-9.5677,-2.9703,-4.4928,-0.08
24.6,4.9763,3.5731,3.6333,0.0722,0,0.25,0.25,0.25,-6.9545,-0.5033,-4.4947,0.11,-6.9109,-5.4794,-4.4948,0.0,-9.539,-2.9706,-4.4927,-0.1
24.7,4.9759,3.573,3.6321,0.0717,0,0.25,0.25,0.25,-6.926,-0.5035,-4.4946,0.11,-6.8829,-5.4792,-4.495,-0.01,-9.51,-2.9711,-4.4927,-0.11
24.8,4.9756,3.5729,3.6308,0.0711,0,0.25,0.25,0.25,-6.8973,-0.5036,-4.4947,0.11,-6.8549,-5.4791,-4.4949,-0.02,-9.4809,-2.9716,-4.4928,-0.12
24.9,4.9757,3.5729,3.6295,0.0704,0,0.25,0.25,0.25,-6.8686,-0.5034,-4.4947,0.09,-6.8267,-5.4789,-4.4945,-0.02,-9.4515,-2.9721,-4.4927,-0.12
25.0,4.9762,3.5729,3.6287,0.0698,0,0.25,0.25,0.25,-6.8398,-0.5025,-4.4946,0.08,-6.7979,-5.4786,-4.4941,-0.01,-9.4219,-2.9721,-4.4927,-0.11
25.1,4.9766,3.5731,3.6277,0.0691,0,0.25,0.25,0.25,-6.8109,-0.5015,-4.4944,0.07,-6.7693,-5.478,-4.4938,-0.01,-9.3923,-2.972,-4.4926,-0.1
25.2,4.9767,3.5735,3.6269,0.069,0,0.25,0.25,0.25,-6.7816,-0.5008,-4.4942,0.07,-6.741,-5.4774,-4.494,-0.01,-9.3633,-2.9717,-4.4927,-0.08
25.3,4.9768,3.5741,3.6266,0.069,0,0.25,0.25,0.25,-6.7525,-0.5002,-4.4941,0.07,-6.7126,-5.4769,-4.4942,-0.01,-9.3346,-2.9714,-4.4925,-0.07
25.4,4.9765,3.5743,3.6266,0.0692,0,0.25,0.25,0.25,-6.7234,-0.4999,-4.4941,0.06,-6.6838,-5.4762,-4.4942,0.0,-9.306,-2.9709,-4.492,-0.05
25.5,4.9758,3.5747,3.6262,0.0694,0,0.25,0.25,0.25,-6.6942,-0.4997,-4.4943,0.05,-6.6551,-5.4754,-4.4942,0.01,-9.2773,-2.9707,-4.4913,-0.03
25.6,4.9756,3.5756,3.6256,0.0695,0,0.25,0.25,0.25,-6.6647,-0.4994,-4.4949,0.03,-6.6264,-5.4749,-4.4944,0.01,-9.2485,-2.971,-4.4906,-0.01
25.7,4.9759,3.5764,3.625,0.0695,0,0.25,0.25,0.25,-6.6356,-0.4992,-4.4954,0.01,-6.5978,-5.4749,-4.4947,-0.0,-9.2197,-2.9716,-4.4901,0.01
25.8,4.9762,3.5766,3.6244,0.0692,0,0.25,0.25,0.25,-6.6067,-0.4988,-4.4956,-0.0,-6.5694,-5.4749,-4.495,-0.02,-9.1905,-2.9717,-4.4899,0.03
25.9,4.9765,3.5764,3.6237,0.0687,0,0.25,0.25,0.25,-6.578,-0.4984,-4.4959,-0.01,-6.541,-5.4748,-4.4951,-0.03,-9.1613,-2.9717,-4.4898,0.04
26.0,4.977,3.5759,3.6234,0.0682,0,0.25,0.25,0.25,-6.5494,-0.4979,-4.496,-0.02,-6.5125,-5.4748,-4.4952,-0.04,-9.1319,-2.9713,-4.4899,0.04
26.1,4.9774,3.5758,3.6231,0.0679,0,0.25,0.25,0.25,-6.5208,-0.4973,-4.4959,-0.01,-6.4837,-5.4746,-4.4953,-0.04,-9.1028,-2.9712,-4.4898,0.04
26.2,4.9781,3.5765,3.6221,0.0674,0,0.25,0.25,0.25,-6.4922,-0.4964,-4.4959,0.0,-6.4552,-5.4743,-4.4954,-0.04,-9.0737,-2.9717,-4.4896,0.03
26.3,4.9784,3.577,3.6204,0.0666,0,0.25,0.25,0.25,-6.4638,-0.4959,-4.4956,0.0,-6.4271,-5.4741,-4.4953,-0.04,-9.0444,-2.9728,-4.4895,0.01
26.4,4.9784,3.5776,3.6185,0.0659,0,0.25,0.25,0.25,-6.4356,-0.4959,-4.495,-0.0,-6.3992,-5.4741,-4.4952,-0.04,-9.0155,-2.9744,-4.4897,-0.01
26.5,4.9781,3.5782,3.617,0.0654,0,0.25,0.25,0.25,-6.4073,-0.4962,-4.494,-0.01,-6.3716,-5.4742,-4.495,-0.04,-8.9871,-2.9758,-4.4901,-0.02
26.6,4.9774,3.5782,3.6161,0.0653,0,0.25,0.25,0.25,-6.3789,-0.4969,-4.4932,-0.01,-6.344,-5.4741,-4.4947,-0.04,-8.9588,-2.9763,-4.4905,-0.02
26.7,4.9768,3.5778,3.6157,0.065,0,0.25,0.25,0.25,-6.3504,-0.4975,-4.4926,-0.0,-6.3165,-5.4742,-4.4945,-0.03,-8.9305,-2.9762,-4.4911,-0.01
26.8,4.9762,3.5768,3.6156,0.0648,0,0.25,0.25,0.25,-6.3221,-0.498,-4.4923,0.01,-6.2886,-5.4741,-4.4946,-0.02,-8.9019,-2.9755,-4.4919,-0.01
26.9,4.9756,3.576,3.6159,0.0648,0,0.25,0.25,0.25,-6.2938,-0.4984,-4.492,0.02,-6.2606,-5.4739,-4.4948,-0.01,-8.8737,-2.9747,-4.493,-0.01
27.0,4.9753,3.5756,3.6163,0.065,0,0.25,0.25,0.25,-6.2652,-0.4988,-4.492,0.01,-6.233,-5.4739,-4.495,0.0,-8.8458,-2.9737,-4.494,-0.01
27.1,4.975,3.5751,3.6171,0.0653,0,0.25,0.25,0.25,-6.2364,-0.4992,-4.4919,0.0,-6.2055,-5.4742,-4.4953,0.01,-8.8179,-2.9724,-4.4947,-0.01
27.2,4.9747,3.5752,3.6178,0.066,0,0.25,0.25,0.25,-6.2073,-0.4998,-4.492,-0.01,-6.178,-5.4744,-4.4954,0.01,-8.7904,-2.9716,-4.4952,-0.01
27.3,4.9752,3.5762,3.6189,0.0668,0,0.25,0.25,0.25,-6.1784,-0.5001,-4.4922,-0.0,-6.1502,-5.4752,-4.4954,0.02,-8.7632,-2.9715,-4.4956,-0.02
27.4,4.9759,3.5774,3.6198,0.0676,0,0.25,0.25,0.25,-6.1499,-0.5002,-4.4924,0.01,-6.1222,-5.476,-4.4953,0.03,-8.7361,-2.9719,-4.4955,-0.02
27.5,4.9758,3.5786,3.6199,0.0682,0,0.25,0.25,0.25,-6.1213,-0.5005,-4.4925,0.01,-6.0945,-5.4763,-4.4952,0.03,-8.7089,-2.9725,-4.495,-0.03
27.6,4.9759,3.5806,3.6198,0.0689,0,0.25,0.25,0.25,-6.0924,-0.5006,-4.4929,0.01,-6.0667,-5.4765,-4.4947,0.02,-8.6818,-2.9736,-4.4946,-0.04
27.7,4.9764,3.5829,3.6195,0.0695,0,0.25,0.25,0.25,-6.0636,-0.5007,-4.4933,0.01,-6.0389,-5.477,-4.4942,0.01,-8.6547,-2.9753,-4.4946,-0.05
27.8,4.9769,3.5846,3.619,0.0698,0,0.25,0.25,0.25,-6.0349,-0.5009,-4.4936,0.01,-6.0111,-5.4778,-4.4944,0.01,-8.6269,-2.9769,-4.4942,-0.06
27.9,4.9773,3.5853,3.6187,0.0699,0,0.25,0.25,0.25,-6.0063,-0.5013,-4.4941,0.02,-5.9831,-5.4785,-4.4946,-0.01,-8.5988,-2.9779,-4.4937,-0.06
28.0,4.9773,3.5856,3.6186,0.0699,0,0.25,0.25,0.25,-5.9774,-0.5019,-4.4944,0.02,-5.955,-5.4791,-4.4949,-0.02,-8.5704,-2.9784,-4.4933,-0.05
28.1,4.977,3.5849,3.6181,0.0695,0,0.25,0.25,0.25,-5.9484,-0.5027,-4.4943,0.02,-5.927,-5.4797,-4.4952,-0.02,-8.5412,-2.9784,-4.493,-0.06
28.2,4.9771,3.5847,3.6175,0.0692,0,0.25,0.25,0.25,-5.9194,-0.5031,-4.4941,0.02,-5.8991,-5.4802,-4.4951,-0.04,-8.5121,-2.9785,-4.4929,-0.06
28.3,4.9777,3.5851,3.6166,0.0688,0,0.25,0.25,0.25,-5.8904,-0.5032,-4.4939,0.02,-5.8711,-5.4808,-4.4947,-0.04,-8.4831,-2.9793,-4.4925,-0.07
28.4,4.9782,3.5856,3.6155,0.0682,0,0.25,0.25,0.25,-5.8617,-0.5032,-4.4939,0.02,-5.8431,-5.4813,-4.4943,-0.05,-8.454,-2.9803,-4.4922,-0.08
28.5,4.9783,3.5861,3.6139,0.0676,0,0.25,0.25,0.25,-5.8331,-0.503,-4.4941,0.02,-5.8151,-5.4813,-4.494,-0.08,-8.4249,-2.9814,-4.4919,-0.08
28.6,4.978,3.5864,3.6121,0.0669,0,0.25,0.25,0.25,-5.8046,-0.503,-4.4945,0.02,-5.787,-5.481,-4.494,-0.09,-8.3957,-2.9825,-4.4913,-0.08
28.7,4.9778,3.5865,3.6106,0.0663,0,0.25,0.25,0.25,-5.7761,-0.5029,-4.495,0.02,-5.7586,-5.4807,-4.4942,-0.1,-8.3664,-2.9835,-4.4908,-0.09
28.8,4.9779,3.5864,3.6098,0.0659,0,0.25,0.25,0.25,-5.7475,-0.5028,-4.4951,0.02,-5.7299,-5.4807,-4.4945,-0.11,-8.3371,-2.9841,-4.4904,-0.09
28.9,4.9784,3.586,3.6101,0.0656,0,0.25,0.25,0.25,-5.7192,-0.5027,-4.4952,0.03,-5.7007,-5.4811,-4.4949,-0.12,-8.308,-2.9841,-4.4901,-0.09
29.0,4.9792,3.585,3.611,0.0654,0,0.25,0.25,0.25,-5.6915,-0.5024,-4.4955,0.05,-5.6716,-5.4816,-4.4954,-0.13,-8.2792,-2.9837,-4.49,-0.09
29.1,4.9797,3.5835,3.6121,0.0651,0,0.25,0.25,0.25,-5.6637,-0.5027,-4.4955,0.06,-5.6426,-5.4823,-4.4957,-0.13,-8.2502,-2.9829,-4.49,-0.08
29.2,4.9805,3.5816,3.6135,0.0648,0,0.25,0.25,0.25,-5.636,-0.5028,-4.4957,0.06,-5.6135,-5.4833,-4.4959,-0.14,-8.2211,-2.9817,-4.4899,-0.08
29.3,4.9812,3.5798,3.6153,0.0648,0,0.25,0.25,0.25,-5.6081,-0.5032,-4.4959,0.06,-5.5844,-5.4844,-4.4961,-0.14,-8.1923,-2.9806,-4.4898,-0.08
29.4,4.9817,3.5792,3.6168,0.0651,0,0.25,0.25,0.25,-5.5799,-0.5038,-4.4962,0.05,-5.5556,-5.4855,-4.4961,-0.13,-8.1641,-2.9801,-4.4898,-0.08
29.5,4.9827,3.5792,3.6183,0.0656,0,0.25,0.25,0.25,-5.5515,-0.5038,-4.4966,0.03,-5.5268,-5.4865,-4.4962,-0.13,-8.1362,-2.9798,-4.4901,-0.08
29.6,4.9836,3.58,3.6197,0.0663,0,0.25,0.25,0.25,-5.5232,-0.5036,-4.4966,0.02,-5.4979,-5.4871,-4.4962,-0.12,-8.1086,-2.9798,-4.4905,-0.08
29.7,4.9839,3.5809,3.6212,0.0673,0,0.25,0.25,0.25,-5.4949,-0.5038,-4.4963,0.02,-5.469,-5.4876,-4.4963,-0.11,-8.0816,-2.9801,-4.491,-0.08
29.8,4.984,3.5814,3.6231,0.0684,0,0.25,0.25,0.25,-5.4673,-0.5043,-4.496,0.02,-5.4399,-5.4882,-4.4963,-0.1,-8.0548,-2.9805,-4.4914,-0.09
29.9,4.9842,3.5821,3.6248,0.0693,0,0.25,0.25,0.25,-5.44,-0.5048,-4.4957,0.02,-5.4106,-5.489,-4.4961,-0.08,-8.0281,-2.9813,-4.4918,-0.09
30.0,4.9846,3.5828,3.6262,0.0701,0,0.25,0.25,0.25,-5.4125,-0.5051,-4.4955,0.03,-5.3816,-5.4896,-4.4955,-0.06,-8.0011,-2.9821,-4.4923,-0.1
30.1,4.9848,3.5835,3.6272,0.0708,0,0.25,0.25,0.25,-5.3842,-0.5054,-4.4951,0.05,-5.3526,-5.49,-4.4947,-0.05,-7.9736,-2.9826,-4.4933,-0.11
30.2,4.9849,3.584,3.6281,0.0715,0,0.25,0.25,0.25,-5.3555,-0.5058,-4.4947,0.05,-5.3241,-5.4906,-4.494,-0.04,-7.9458,-2.9827,-4.4941,-0.12
30.3,4.9853,3.5843,3.6291,0.072,0,0.25,0.25,0.25,-5.3265,-0.5059,-4.4942,0.06,-5.296,-5.4911,-4.4932,-0.04,-7.918,-2.9821,-4.4951,-0.12
30.4,4.9857,3.5841,3.6298,0.0723,0,0.25,0.25,0.25,-5.2978,-0.5059,-4.4937,0.04,-5.2681,-5.4916,-4.4925,-0.02,-7.8899,-2.9812,-4.4961,-0.12
30.5,4.9861,3.5834,3.6299,0.072,0,0.25,0.25,0.25,-5.2692,-0.5061,-4.4932,0.03,-5.2407,-5.4921,-4.4921,-0.01,-7.8613,-2.9804,-4.4972,-0.11
30.6,4.9861,3.5823,3.6302,0.0719,0,0.25,0.25,0.25,-5.2405,-0.5066,-4.4928,0.03,-5.2132,-5.4925,-4.4916,-0.01,-7.8326,-2.9792,-4.4981,-0.1
30.7,4.9855,3.5813,3.6305,0.072,0,0.25,0.25,0.25,-5.2115,-0.5071,-4.4926,0.02,-5.1853,-5.4925,-4.4915,-0.01,-7.804,-2.9779,-4.4987,-0.08
30.8,4.9851,3.5803,3.6306,0.0719,0,0.25,0.25,0.25,-5.1825,-0.5074,-4.4925,0.01,-5.1573,-5.4924,-4.4914,0.0,-7.775,-2.9767,-4.499,-0.06
30.9,4.985,3.58,3.6305,0.0719,0,0.25,0.25,0.25,-5.1533,-0.5076,-4.4922,-0.0,-5.1289,-5.4925,-4.4914,0.01,-7.746,-2.9762,-4.4993,-0.05
31.0,4.9852,3.5805,3.6299,0.0717,0,0.25,0.25,0.25,-5.1244,-0.5076,-4.4917,-0.01,-5.1004,-5.4927,-4.4914,0.0,-7.7171,-2.9769,-4.4996,-0.04
31.1,4.9857,3.582,3.6288,0.0715,0,0.25,0.25,0.25,-5.0956,-0.5074,-4.4915,-0.02,-5.0719,-5.493,-4.4911,-0.01,-7.6884,-2.9787,-4.5,-0.04
31.2,4.9862,3.5842,3.6272,0.0714,0,0.25,0.25,0.25,-5.0667,-0.5071,-4.4915,-0.03,-5.0434,-5.4932,-4.4905,-0.03,-7.66,-2.9812,-4.5001,-0.03
31.3,4.9864,3.5867,3.6252,0.0711,0,0.25,0.25,0.25,-5.0377,-0.5067,-4.4911,-0.03,-5.0151,-5.493,-4.4902,-0.05,-7.6315,-2.9838,-4.4998,-0.02
31.4,4.9861,3.5891,3.6228,0.071,0,0.25,0.25,0.25,-5.0088,-0.5064,-4.4905,-0.03,-4.9866,-5.4925,-4.4903,-0.06,-7.603,-2.9867,-4.4997,-0.02
31.5,4.9861,3.5916,3.6211,0.0712,0,0.25,0.25,0.25,-4.9801,-0.5062,-4.4898,-0.04,-4.958,-5.4923,-4.4906,-0.07,-7.5749,-2.9895,-4.4997,-0.02
31.6,4.9857,3.5939,3.6197,0.0715,0,0.25,0.25,0.25,-4.9517,-0.5063,-4.4891,-0.05,-4.9295,-5.492,-4.491,-0.07,-7.5472,-2.992,-4.4994,-0.02
31.7,4.985,3.5957,3.6185,0.072,0,0.25,0.25,0.25,-4.9233,-0.5064,-4.4886,-0.06,-4.9008,-5.4914,-4.4912,-0.07,-7.5194,-2.9941,-4.4994,-0.02
31.8,4.9843,3.5968,3.6177,0.0723,0,0.25,0.25,0.25,-4.8949,-0.5065,-4.4883,-0.07,-4.8718,-5.4908,-4.4914,-0.06,-7.4913,-2.9955,-4.4996,-0.02
31.9,4.9833,3.5968,3.6172,0.0723,0,0.25,0.25,0.25,-4.8665,-0.5068,-4.4881,-0.06,-4.8428,-5.4901,-4.4916,-0.05,-7.4627,-2.9961,-4.4998,-0.01
32.0,4.982,3.5965,3.6169,0.0725,0,0.25,0.25,0.25,-4.838,-0.5073,-4.4879,-0.06,-4.814,-5.4892,-4.4917,-0.05,-7.4343,-2.9961,-4.4997,-0.0
32.1,4.9806,3.5962,3.6172,0.0729,0,0.25,0.25,0.25,-4.8094,-0.5077,-4.4879,-0.06,-4.7849,-5.4883,-4.4917,-0.04,-7.4061,-2.9955,-4.4995,0.03
32.2,4.9795,3.5958,3.6182,0.0735,0,0.25,0.25,0.25,-4.7806,-0.508,-4.488,-0.08,-4.7555,-5.4874,-4.4919,-0.03,-7.3779,-2.9946,-4.4995,0.05
32.3,4.9786,3.595,3.6196,0.0741,0,0.25,0.25,0.25,-4.7521,-0.5081,-4.4881,-0.09,-4.7259,-5.4866,-4.4926,-0.01,-7.3497,-2.9932,-4.4996,0.07
32.4,4.9782,3.5938,3.6209,0.0744,0,0.25,0.25,0.25,-4.7241,-0.508,-4.4885,-0.1,-4.6965,-5.486,-4.4932,-0.01,-7.3213,-2.9918,-4.5,0.07
32.5,4.9779,3.5925,3.6215,0.0742,0,0.25,0.25,0.25,-4.6961,-0.5083,-4.489,-0.11,-4.6673,-5.4861,-4.4935,-0.0,-7.2924,-2.9912,-4.5005,0.07
32.6,4.9778,3.5909,3.6217,0.0736,0,0.25,0.25,0.25,-4.6683,-0.5087,-4.4894,-0.1,-4.6383,-5.4864,-4.4939,0.0,-7.2631,-2.9909,-4.5011,0.07
32.7,4.9774,3.5891,3.6216,0.0729,0,0.25,0.25,0.25,-4.6403,-0.5094,-4.4898,-0.09,-4.6091,-5.4867,-4.4941,0.01,-7.2334,-2.9909,-4.5018,0.06
32.8,4.9773,3.5879,3.6209,0.0721,0,0.25,0.25,0.25,-4.612,-0.5098,-4.4901,-0.08,-4.5801,-5.487,-4.4943,0.01,-7.2034,-2.9912,-4.5022,0.06
32.9,4.9774,3.5873,3.62,0.0713,0,0.25,0.25,0.25,-4.5833,-0.5101,-4.4906,-0.06,-4.5511,-5.4873,-4.4945,0.02,-7.1736,-2.9918,-4.5025,0.07
33.0,4.9777,3.5868,3.6194,0.0708,0,0.25,0.25,0.25,-4.5548,-0.5102,-4.4909,-0.05,-4.5223,-5.4878,-4.4946,0.03,-7.144,-2.9924,-4.5027,0.07
33.1,4.9784,3.5862,3.6192,0.0701,0,0.25,0.25,0.25,-4.5265,-0.5102,-4.4915,-0.04,-4.4935,-5.4885,-4.4942,0.02,-7.1145,-2.9928,-4.5027,0.07
33.2,4.9787,3.5856,3.619,0.0697,0,0.25,0.25,0.25,-4.4982,-0.5102,-4.4922,-0.04,-4.4645,-5.4887,-4.4935,0.02,-7.0852,-2.9929,-4.5024,0.07
33.3,4.9782,3.5845,3.6187,0.0691,0,0.25,0.25,0.25,-4.4697,-0.5105,-4.493,-0.04,-4.4353,-5.4886,-4.4929,0.03,-7.0555,-2.9928,-4.502,0.08
33.4,4.9777,3.583,3.6183,0.0684,0,0.25,0.25,0.25,-4.4414,-0.511,-4.4937,-0.05,-4.4063,-5.4886,-4.4926,0.03,-7.0259,-2.9926,-4.5015,0.07
33.5,4.9778,3.5818,3.6178,0.0676,0,0.25,0.25,0.25,-4.413,-0.5111,-4.4942,-0.04,-4.3773,-5.4887,-4.4924,0.03,-6.9959,-2.9925,-4.5012,0.07
33.6,4.978,3.5802,3.617,0.0664,0,0.25,0.25,0.25,-4.3847,-0.511,-4.4946,-0.04,-4.3484,-5.4889,-4.4926,0.03,-6.9656,-2.9923,-4.5008,0.06
33.7,4.9781,3.5785,3.6165,0.0653,0,0.25,0.25,0.25,-4.3564,-0.5113,-4.4949,-0.04,-4.3195,-5.4893,-4.493,0.03,-6.9355,-2.9921,-4.5002,0.06
33.8,4.9781,3.5773,3.6162,0.0646,0,0.25,0.25,0.25,-4.3283,-0.5119,-4.4945,-0.05,-4.2906,-5.4898,-4.4935,0.04,-6.9059,-2.9924,-4.4994,0.05
33.9,4.9779,3.5763,3.6159,0.0641,0,0.25,0.25,0.25,-4.3002,-0.5122,-4.4939,-0.05,-4.2617,-5.49,-4.4941,0.05,-6.8766,-2.9926,-4.4987,0.06
34.0,4.9775,3.5756,3.6159,0.0639,0,0.25,0.25,0.25,-4.2721,-0.5126,-4.4932,-0.04,-4.2324,-5.4899,-4.4943,0.06,-6.8476,-2.9929,-4.4976,0.06
34.1,4.9774,3.5754,3.616,0.0638,0,0.25,0.25,0.25,-4.2442,-0.5128,-4.4927,-0.04,-4.2032,-5.4899,-4.4944,0.08,-6.819,-2.9934,-4.4965,0.05
34.2,4.9771,3.5754,3.6156,0.0637,0,0.25,0.25,0.25,-4.2161,-0.5129,-4.4925,-0.03,-4.1746,-5.4898,-4.4941,0.1,-6.7906,-2.994,-4.4956,0.05
34.3,4.976,3.5758,3.6152,0.064,0,0.25,0.25,0.25,-4.1874,-0.5133,-4.4924,-0.02,-4.1462,-5.4892,-4.4936,0.11,-6.7625,-2.9944,-4.4945,0.07
34.4,4.9744,3.5759,3.6151,0.0645,0,0.25,0.25,0.25,-4.1588,-0.5141,-4.4928,-0.02,-4.1174,-5.4883,-4.4931,0.11,-6.7346,-2.9945,-4.4934,0.08
34.5,4.9727,3.5758,3.6151,0.065,0,0.25,0.25,0.25,-4.1302,-0.5148,-4.4931,-0.02,-4.0885,-5.4873,-4.4929,0.11,-6.7066,-2.9944,-4.4926,0.09
34.6,4.9712,3.5758,3.6154,0.0656,0,0.25,0.25,0.25,-4.1013,-0.5155,-4.4929,-0.03,-4.0597,-5.4866,-4.4926,0.11,-6.6787,-2.9942,-4.4918,0.1
34.7,4.9697,3.5758,3.6156,0.0662,0,0.25,0.25,0.25,-4.0725,-0.5164,-4.4925,-0.03,-4.0309,-5.486,-4.4925,0.11,-6.6507,-2.9942,-4.4916,0.1
34.8,4.9689,3.5763,3.6151,0.0664,0,0.25,0.25,0.25,-4.0436,-0.5169,-4.4921,-0.04,-4.0024,-5.4856,-4.4927,0.11,-6.6224,-2.9947,-4.4915,0.1
34.9,4.9694,3.5776,3.6146,0.0666,0,0.25,0.25,0.25,-4.0148,-0.5164,-4.4917,-0.04,-3.9742,-5.4856,-4.4929,0.11,-6.5943,-2.9955,-4.4915,0.11
35.0,4.9708,3.5794,3.6141,0.0667,0,0.25,0.25,0.25,-3.9859,-0.5152,-4.4916,-0.03,-3.9459,-5.4859,-4.4932,0.09,-6.5659,-2.9964,-4.4918,0.12
35.1,4.9723,3.5806,3.6134,0.0664,0,0.25,0.25,0.25,-3.9571,-0.5143,-4.4914,-0.02,-3.9175,-5.4865,-4.4934,0.08,-6.5368,-2.9974,-4.492,0.13
35.2,4.9732,3.581,3.6124,0.0658,0,0.25,0.25,0.25,-3.9286,-0.5139,-4.4912,-0.02,-3.889,-5.4869,-4.4936,0.07,-6.5075,-2.9983,-4.4922,0.13
35.3,4.9736,3.5808,3.6117,0.0652,0,0.25,0.25,0.25,-3.9002,-0.5139,-4.491,-0.03,-3.8606,-5.4874,-4.4939,0.06,-6.4783,-2.999,-4.4919,0.14
35.4,4.9739,3.5803,3.6112,0.0647,0,0.25,0.25,0.25,-3.8725,-0.5141,-4.4906,-0.03,-3.8321,-5.4879,-4.494,0.05,-6.4493,-2.9997,-4.4916,0.14
35.5,4.9745,3.5798,3.611,0.0642,0,0.25,0.25,0.25,-3.8448,-0.514,-4.4903,-0.04,-3.8033,-5.4883,-4.494,0.04,-6.4203,-3.0002,-4.4912,0.12
35.6,4.9754,3.5796,3.6112,0.0639,0,0.25,0.25,0.25,-3.817,-0.5136,-4.4902,-0.05,-3.7746,-5.4888,-4.4942,0.04,-6.3917,-3.0004,-4.491,0.1
35.7,4.9769,3.5797,3.612,0.0638,0,0.25,0.25,0.25,-3.7892,-0.5128,-4.4903,-0.05,-3.7461,-5.4895,-4.4941,0.04,-6.3634,-3.0002,-4.4908,0.08
35.8,4.9787,3.5796,3.6131,0.0637,0,0.25,0.25,0.25,-3.7614,-0.512,-4.4908,-0.05,-3.7177,-5.4904,-4.494,0.04,-6.3351,-2.9998,-4.4906,0.06
35.9,4.98,3.5789,3.6141,0.0635,0,0.25,0.25,0.25,-3.7338,-0.5115,-4.4918,-0.05,-3.6893,-5.4913,-4.494,0.04,-6.3067,-2.9992,-4.4908,0.06
36.0,4.9811,3.578,3.6156,0.0634,0,0.25,0.25,0.25,-3.7062,-0.5113,-4.4925,-0.04,-3.6605,-5.4922,-4.4939,0.05,-6.2784,-2.9984,-4.4908,0.05
36.1,4.9817,3.5771,3.6169,0.0635,0,0.25,0.25,0.25,-3.6786,-0.5112,-4.4931,-0.04,-3.6317,-5.4927,-4.4939,0.06,-6.2502,-2.9977,-4.4906,0.04
36.2,4.9818,3.5763,3.6177,0.0635,0,0.25,0.25,0.25,-3.6509,-0.5111,-4.4936,-0.02,-3.6028,-5.4927,-4.4939,0.07,-6.2219,-2.9971,-4.4904,0.02
36.3,4.9821,3.5757,3.6184,0.0635,0,0.25,0.25,0.25,-3.6229,-0.5109,-4.4941,-0.0,-3.5737,-5.4928,-4.4936,0.08,-6.1933,-2.9966,-4.4901,0.01
36.4,4.9824,3.5752,3.6187,0.0633,0,0.25,0.25,0.25,-3.5949,-0.5106,-4.4942,0.03,-3.5448,-5.4927,-4.4936,0.08,-6.1646,-2.9963,-4.4899,-0.0
36.5,4.9827,3.5745,3.6187,0.0629,0,0.25,0.25,0.25,-3.567,-0.5101,-4.4941,0.06,-3.5158,-5.4925,-4.4937,0.09,-6.1355,-2.9961,-4.4899,-0.0
36.6,4.9827,3.5743,3.6188,0.0628,0,0.25,0.25,0.25,-3.5391,-0.5096,-4.494,0.08,-3.4869,-5.492,-4.494,0.1,-6.107,-2.9959,-4.4899,-0.01
36.7,4.9827,3.5745,3.6189,0.0629,0,0.25,0.25,0.25,-3.5111,-0.5092,-4.4936,0.08,-3.4585,-5.4917,-4.4943,0.11,-6.079,-2.9958,-4.49,-0.01
36.8,4.9827,3.5746,3.6194,0.0632,0,0.25,0.25,0.25,-3.4827,-0.5093,-4.4931,0.06,-3.43,-5.4918,-4.4947,0.11,-6.051,-2.9957,-4.4901,-0.02
36.9,4.983,3.5745,3.6202,0.0635,0,0.25,0.25,0.25,-3.4544,-0.5096,-4.4927,0.04,-3.4016,-5.4923,-4.4954,0.11,-6.023,-2.9955,-4.4899,-0.03
37.0,4.9829,3.5745,3.6206,0.0637,0,0.25,0.25,0.25,-3.4259,-0.5099,-4.4925,0.03,-3.3735,-5.4924,-4.4962,0.1,-5.995,-2.9952,-4.49,-0.04
37.1,4.9829,3.5741,3.6209,0.0637,0,0.25,0.25,0.25,-3.3975,-0.51,-4.4923,0.03,-3.3455,-5.4926,-4.497,0.1,-5.9667,-2.9947,-4.49,-0.04
37.2,4.9832,3.5731,3.6214,0.0634,0,0.25,0.25,0.25,-3.3696,-0.51,-4.4921,0.03,-3.3171,-5.4929,-4.4976,0.1,-5.938,-2.9939,-4.4898,-0.05
37.3,4.9835,3.5718,3.6214,0.0629,0,0.25,0.25,0.25,-3.3415,-0.5098,-4.4918,0.03,-3.289,-5.4931,-4.4981,0.11,-5.909,-2.993,-4.4894,-0.07
37.4,4.984,3.5712,3.6218,0.0626,0,0.25,0.25,0.25,-3.3129,-0.5095,-4.4918,0.03,-3.2608,-5.4932,-4.4986,0.12,-5.8801,-2.9919,-4.4887,-0.08
37.5,4.9851,3.5711,3.6227,0.0628,0,0.25,0.25,0.25,-3.2842,-0.5087,-4.4919,0.04,-3.2327,-5.4935,-4.4988,0.12,-5.8517,-2.9907,-4.488,-0.08
37.6,4.9863,3.5713,3.6235,0.063,0,0.25,0.25,0.25,-3.2553,-0.5077,-4.492,0.04,-3.2046,-5.4937,-4.4986,0.13,-5.8234,-2.9894,-4.4877,-0.08
37.7,4.9875,3.572,3.6241,0.0632,0,0.25,0.25,0.25,-3.2262,-0.5067,-4.4921,0.05,-3.1768,-5.494,-4.4981,0.12,-5.7952,-2.9885,-4.4874,-0.08
37.8,4.9889,3.573,3.6243,0.0633,0,0.25,0.25,0.25,-3.1972,-0.5059,-4.4921,0.04,-3.1493,-5.4945,-4.4974,0.12,-5.7671,-2.9881,-4.487,-0.08
37.9,4.9911,3.5741,3.6246,0.0633,0,0.25,0.25,0.25,-3.1681,-0.5048,-4.4921,0.02,-3.122,-5.4957,-4.4966,0.11,-5.7389,-2.9879,-4.487,-0.08
38.0,4.9929,3.5749,3.6251,0.0633,0,0.25,0.25,0.25,-3.1392,-0.5042,-4.4919,0.01,-3.0945,-5.4969,-4.4957,0.1,-5.7107,-2.9876,-4.4873,-0.1
38.1,4.9939,3.5757,3.6257,0.0637,0,0.25,0.25,0.25,-3.1103,-0.5041,-4.4919,0.0,-3.0669,-5.4977,-4.495,0.09,-5.683,-2.9873,-4.4877,-0.11
38.2,4.9942,3.5767,3.6265,0.0644,0,0.25,0.25,0.25,-3.0811,-0.5039,-4.4924,-0.01,-3.039,-5.4979,-4.4942,0.08,-5.6555,-2.9869,-4.488,-0.13
38.3,4.9942,3.578,3.6268,0.0651,0,0.25,0.25,0.25,-3.0519,-0.5036,-4.493,-0.02,-3.0111,-5.4977,-4.4935,0.07,-5.6281,-2.9867,-4.4883,-0.14
38.4,4.9939,3.5791,3.6264,0.0655,0,0.25,0.25,0.25,-3.0229,-0.5034,-4.4936,-0.02,-2.9834,-5.4972,-4.4932,0.05,-5.6003,-2.9867,-4.4886,-0.15
38.5,4.9932,3.5801,3.6254,0.0656,0,0.25,0.25,0.25,-2.994,-0.5034,-4.4941,-0.02,-2.9558,-5.4965,-4.4929,0.05,-5.5724,-2.987,-4.4887,-0.14
38.6,4.9923,3.5813,3.6246,0.066,0,0.25,0.25,0.25,-2.9651,-0.5035,-4.4946,-0.03,-2.928,-5.4956,-4.4929,0.05,-5.5447,-2.9876,-4.4886,-0.14
38.7,4.9917,3.5827,3.6237,0.0664,0,0.25,0.25,0.25,-2.9366,-0.5033,-4.4949,-0.03,-2.9,-5.4949,-4.4929,0.06,-5.5171,-2.9885,-4.4882,-0.14
38.8,4.991,3.5839,3.6222,0.0664,0,0.25,0.25,0.25,-2.9082,-0.503,-4.4949,-0.02,-2.8724,-5.4939,-4.493,0.07,-5.4892,-2.9895,-4.4878,-0.13
38.9,4.9899,3.5848,3.6204,0.0663,0,0.25,0.25,0.25,-2.8795,-0.5031,-4.4949,-0.01,-2.8448,-5.4929,-4.4933,0.08,-5.4611,-2.9904,-4.4877,-0.13
39.0,4.9891,3.5857,3.6188,0.0662,0,0.25,0.25,0.25,-2.8507,-0.5033,-4.495,-0.01,-2.8174,-5.4923,-4.4937,0.08,-5.4328,-2.9913,-4.4876,-0.14
39.1,4.9886,3.5865,3.6176,0.0661,0,0.25,0.25,0.25,-2.8219,-0.5037,-4.4949,-0.01,-2.7901,-5.4922,-4.4942,0.07,-5.4048,-2.992,-4.4874,-0.14
39.2,4.9881,3.5875,3.6165,0.0662,0,0.25,0.25,0.25,-2.793,-0.5039,-4.4952,-0.02,-2.7627,-5.4919,-4.4943,0.08,-5.3766,-2.9928,-4.4873,-0.14
39.3,4.9875,3.5877,3.6156,0.0661,0,0.25,0.25,0.25,-2.7641,-0.5043,-4.4956,-0.02,-2.7346,-5.4917,-4.4941,0.09,-5.3481,-2.9932,-4.4876,-0.14
39.4,4.9864,3.5873,3.6148,0.0658,0,0.25,0.25,0.25,-2.7353,-0.5048,-4.4958,-0.02,-2.7064,-5.4912,-4.494,0.09,-5.3193,-2.9932,-4.488,-0.14
39.5,4.985,3.5862,3.6143,0.0655,0,0.25,0.25,0.25,-2.7066,-0.5059,-4.4961,-0.02,-2.6781,-5.4908,-4.4939,0.08,-5.2903,-2.9929,-4.4886,-0.14
39.6,4.9832,3.5846,3.6137,0.0652,0,0.25,0.25,0.25,-2.6781,-0.5075,-4.4963,-0.02,-2.6498,-5.4906,-4.494,0.07,-5.2613,-2.9928,-4.4889,-0.14
39.7,4.9818,3.5826,3.6132,0.0645,0,0.25,0.25,0.25,-2.6502,-0.5091,-4.4961,-0.03,-2.6218,-5.4908,-4.4939,0.06,-5.2322,-2.9927,-4.4893,-0.15
39.8,4.9809,3.5814,3.6129,0.064,0,0.25,0.25,0.25,-2.6224,-0.5101,-4.496,-0.04,-2.5936,-5.4909,-4.4939,0.06,-5.2036,-2.9928,-4.4897,-0.15
39.9,4.98,3.5805,3.6127,0.0638,0,0.25,0.25,0.25,-2.5949,-0.511,-4.4962,-0.05,-2.5653,-5.491,-4.4938,0.07,-5.1754,-2.9931,-4.4901,-0.17
40.0,4.9793,3.5796,3.6126,0.0636,0,0.25,0.25,0.25,-2.5673,-0.5117,-4.4966,-0.04,-2.537,-5.491,-4.4936,0.08,-5.1471,-2.9933,-4.4909,-0.18
40.1,4.9791,3.5791,3.6124,0.0633,0,0.25,0.25,0.25,-2.5402,-0.5117,-4.4971,-0.02,-2.5083,-5.4907,-4.4935,0.08,-5.1189,-2.9937,-4.4917,-0.19
40.2,4.9793,3.5791,3.6122,0.0631,0,0.25,0.25,0.25,-2.5132,-0.5112,-4.4972,0.0,-2.4799,-5.4903,-4.4933,0.08,-5.0909,-2.9942,-4.4924,-0.2
40.3,4.9796,3.5791,3.6119,0.0628,0,0.25,0.25,0.25,-2.4861,-0.5104,-4.4976,0.02,-2.4516,-5.4899,-4.493,0.08,-5.0628,-2.9945,-4.4927,-0.2
40.4,4.98,3.5792,3.6112,0.0623,0,0.25,0.25,0.25,-2.4588,-0.5097,-4.4981,0.05,-2.4234,-5.4896,-4.493,0.06,-5.0345,-2.995,-4.4927,-0.2
40.5,4.9807,3.5795,3.6102,0.0618,0,0.25,0.25,0.25,-2.4315,-0.5089,-4.4986,0.08,-2.3957,-5.4895,-4.4933,0.05,-5.0062,-2.9957,-4.4928,-0.21
40.6,4.9814,3.58,3.6093,0.0613,0,0.25,0.25,0.25,-2.4039,-0.5082,-4.4992,0.1,-2.368,-5.4895,-4.4935,0.03,-4.9779,-2.9963,-4.493,-0.22
40.7,4.9821,3.5808,3.6082,0.061,0,0.25,0.25,0.25,-2.3759,-0.5074,-4.5001,0.11,-2.3403,-5.4894,-4.4939,0.02,-4.9495,-2.9972,-4.4931,-0.23
40.8,4.9825,3.5815,3.6075,0.0608,0,0.25,0.25,0.25,-2.3477,-0.507,-4.501,0.12,-2.3124,-5.4894,-4.4944,0.01,-4.9212,-2.9977,-4.4932,-0.24
40.9,4.9824,3.5821,3.6065,0.0607,0,0.25,0.25,0.25,-2.3196,-0.5069,-4.5015,0.12,-2.2845,-5.4892,-4.4947,-0.0,-4.893,-2.9987,-4.4936,-0.24
41.0,4.9817,3.5826,3.6053,0.0607,0,0.25,0.25,0.25,-2.2917,-0.507,-4.5015,0.13,-2.2564,-5.4886,-4.4951,-0.0,-4.8649,-2.9997,-4.4939,-0.24
41.1,4.9808,3.5831,3.6041,0.0606,0,0.25,0.25,0.25,-2.2635,-0.5073,-4.5011,0.13,-2.2281,-5.4879,-4.4954,0.01,-4.8365,-3.0008,-4.4939,-0.24
41.2,4.98,3.584,3.6026,0.0606,0,0.25,0.25,0.25,-2.2352,-0.5073,-4.5003,0.14,-2.1997,-5.4872,-4.4955,0.01,-4.8081,-3.0023,-4.4941,-0.22
41.3,4.979,3.5849,3.6011,0.0607,0,0.25,0.25,0.25,-2.2067,-0.5074,-4.4992,0.14,-2.1711,-5.4863,-4.4955,0.02,-4.7797,-3.0037,-4.4945,-0.21
41.4,4.9779,3.5857,3.5996,0.0608,0,0.25,0.25,0.25,-2.1781,-0.5074,-4.498,0.14,-2.1425,-5.4852,-4.4954,0.04,-4.7512,-3.0048,-4.4948,-0.18
41.5,4.9773,3.5864,3.5985,0.0609,0,0.25,0.25,0.25,-2.1499,-0.507,-4.4968,0.13,-2.1139,-5.4841,-4.4955,0.05,-4.7228,-3.0055,-4.4947,-0.15
41.6,4.9766,3.5869,3.5978,0.0611,0,0.25,0.25,0.25,-2.1216,-0.5068,-4.4959,0.12,-2.0853,-5.4833,-4.4954,0.06,-4.6945,-3.0061,-4.4947,-0.12
41.7,4.9759,3.5873,3.5976,0.0615,0,0.25,0.25,0.25,-2.0933,-0.5072,-4.4952,0.11,-2.0567,-5.4829,-4.4952,0.06,-4.6664,-3.0067,-4.4943,-0.1
41.8,4.9758,3.5881,3.5976,0.0619,0,0.25,0.25,0.25,-2.0648,-0.5074,-4.4949,0.1,-2.0283,-5.4831,-4.4949,0.06,-4.6386,-3.0074,-4.4938,-0.08
41.9,4.9768,3.5898,3.5975,0.0624,0,0.25,0.25,0.25,-2.0361,-0.507,-4.4946,0.11,-2.0003,-5.4836,-4.4943,0.06,-4.6109,-3.0083,-4.4932,-0.07
42.0,4.9777,3.591,3.5976,0.0627,0,0.25,0.25,0.25,-2.0076,-0.5067,-4.4945,0.11,-1.9723,-5.4843,-4.4936,0.05,-4.5831,-3.0091,-4.4926,-0.07
42.1,4.9782,3.5918,3.5979,0.0631,0,0.25,0.25,0.25,-1.9793,-0.5067,-4.4944,0.11,-1.9443,-5.4848,-4.4929,0.05,-4.5555,-3.0096,-4.4922,-0.06
42.2,4.9789,3.5923,3.5984,0.0634,0,0.25,0.25,0.25,-1.951,-0.5068,-4.4942,0.12,-1.9162,-5.4857,-4.4921,0.05,-4.5276,-3.0099,-4.4917,-0.05
42.3,4.98,3.5925,3.5993,0.0635,0,0.25,0.25,0.25,-1.9225,-0.5071,-4.494,0.12,-1.8878,-5.487,-4.4916,0.05,-4.4995,-3.0102,-4.4912,-0.03
42.4,4.9809,3.5927,3.6001,0.0636,0,0.25,0.25,0.25,-1.894,-0.5076,-4.4937,0.12,-1.8595,-5.4884,-4.4911,0.06,-4.4712,-3.0106,-4.4906,-0.03
42.5,4.9823,3.5932,3.6014,0.0639,0,0.25,0.25,0.25,-1.8651,-0.5077,-4.4935,0.12,-1.8308,-5.4899,-4.4907,0.07,-4.4431,-3.0107,-4.4898,-0.03
42.6,4.9842,3.5936,3.6035,0.0644,0,0.25,0.25,0.25,-1.8363,-0.5074,-4.4934,0.12,-1.8017,-5.4915,-4.49,0.07,-4.415,-3.0103,-4.4891,-0.03
42.7,4.9862,3.594,3.6059,0.065,0,0.25,0.25,0.25,-1.807,-0.5071,-4.4936,0.12,-1.7724,-5.4932,-4.4895,0.07,-4.3866,-3.0096,-4.4888,-0.03
42.8,4.988,3.5943,3.6085,0.0656,0,0.25,0.25,0.25,-1.7777,-0.5069,-4.4938,0.12,-1.743,-5.4948,-4.4893,0.06,-4.3585,-3.0086,-4.489,-0.02
42.9,4.9896,3.5943,3.6116,0.0665,0,0.25,0.25,0.25,-1.7487,-0.5068,-4.494,0.11,-1.7136,-5.4962,-4.4894,0.06,-4.3306,-3.0072,-4.4893,-0.01
43.0,4.9905,3.5942,3.6147,0.0675,0,0.25,0.25,0.25,-1.7198,-0.5067,-4.4943,0.1,-1.6842,-5.497,-4.4898,0.05,-4.3031,-3.0056,-4.4896,0.01
43.1,4.9911,3.5943,3.6172,0.0685,0,0.25,0.25,0.25,-1.6908,-0.5066,-4.4942,0.09,-1.655,-5.4975,-4.4899,0.05,-4.2756,-3.0043,-4.4898,0.01
43.2,4.9912,3.5948,3.6188,0.0694,0,0.25,0.25,0.25,-1.6618,-0.5064,-4.494,0.1,-1.626,-5.4975,-4.4898,0.04,-4.2479,-3.0032,-4.49,0.03
43.3,4.9907,3.5949,3.6198,0.07,0,0.25,0.25,0.25,-1.633,-0.5064,-4.4935,0.12,-1.5973,-5.4969,-4.4898,0.04,-4.2202,-3.0023,-4.4901,0.05
43.4,4.9898,3.5947,3.6203,0.0705,0,0.25,0.25,0.25,-1.6044,-0.5062,-4.493,0.13,-1.5688,-5.4959,-4.4897,0.02,-4.1923,-3.0012,-4.4903,0.05
43.5,4.9893,3.5941,3.6211,0.0707,0,0.25,0.25,0.25,-1.576,-0.506,-4.4925,0.11,-1.5403,-5.4952,-4.4893,0.02,-4.1642,-2.9998,-4.4901,0.04
43.6,4.9891,3.5943,3.6218,0.0712,0,0.25,0.25,0.25,-1.5472,-0.5056,-4.4921,0.1,-1.5117,-5.4946,-4.489,0.03,-4.1362,-2.9987,-4.4899,0.02
43.7,4.9888,3.5955,3.6221,0.072,0,0.25,0.25,0.25,-1.518,-0.5049,-4.4917,0.09,-1.4831,-5.4937,-4.4889,0.03,-4.1085,-2.9983,-4.4894,0.02
43.8,4.9888,3.597,3.6221,0.0727,0,0.25,0.25,0.25,-1.4888,-0.5041,-4.4914,0.09,-1.4546,-5.4928,-4.489,0.03,-4.0808,-2.9982,-4.489,0.02
43.9,4.9889,3.5983,3.6221,0.0733,0,0.25,0.25,0.25,-1.4597,-0.5033,-4.4913,0.08,-1.4261,-5.4921,-4.4893,0.04,-4.0528,-2.9981,-4.4888,0.0
44.0,4.9894,3.5997,3.6224,0.0739,0,0.25,0.25,0.25,-1.4305,-0.5024,-4.4915,0.07,-1.3975,-5.4917,-4.4897,0.05,-4.0248,-2.9979,-4.4888,-0.0
44.1,4.9898,3.6006,3.6225,0.0742,0,0.25,0.25,0.25,-1.4015,-0.5015,-4.4919,0.05,-1.3693,-5.4912,-4.4902,0.06,-3.9967,-2.9974,-4.489,-0.01
44.2,4.9909,3.6016,3.6221,0.0742,0,0.25,0.25,0.25,-1.3725,-0.5001,-4.4923,0.06,-1.3416,-5.4909,-4.4906,0.05,-3.9682,-2.9968,-4.4892,-0.01
44.3,4.992,3.6032,3.6213,0.0742,0,0.25,0.25,0.25,-1.3435,-0.4987,-4.4926,0.04,-1.314,-5.4906,-4.4911,0.04,-3.94,-2.997,-4.4896,-0.01
44.4,4.9932,3.6054,3.6203,0.0743,0,0.25,0.25,0.25,-1.3146,-0.4974,-4.4927,0.02,-1.2866,-5.4905,-4.4914,0.03,-3.912,-2.9978,-4.4897,-0.01
44.5,4.9938,3.6077,3.6191,0.0748,0,0.25,0.25,0.25,-1.2855,-0.4965,-4.4929,-0.01,-1.2593,-5.4902,-4.4916,0.02,-3.8844,-2.9987,-4.4895,-0.01
44.6,4.994,3.6097,3.6183,0.0753,0,0.25,0.25,0.25,-1.2563,-0.4959,-4.4931,-0.03,-1.2314,-5.4899,-4.4919,0.03,-3.8565,-2.9996,-4.4894,-0.01
44.7,4.994,3.611,3.6178,0.0757,0,0.25,0.25,0.25,-1.227,-0.4956,-4.4932,-0.06,-1.203,-5.4896,-4.4928,0.04,-3.8282,-3.0003,-4.4894,-0.0
44.8,4.9936,3.6118,3.6177,0.0762,0,0.25,0.25,0.25,-1.1979,-0.4957,-4.4931,-0.08,-1.1741,-5.4892,-4.4932,0.06,-3.7999,-3.0006,-4.4893,0.01
44.9,4.9928,3.6124,3.6182,0.0769,0,0.25,0.25,0.25,-1.1689,-0.4962,-4.4932,-0.11,-1.1449,-5.4889,-4.4931,0.08,-3.7719,-3.0009,-4.4888,0.0
45.0,4.9923,3.6128,3.6188,0.0775,0,0.25,0.25,0.25,-1.1398,-0.4968,-4.4931,-0.14,-1.1159,-5.489,-4.493,0.12,-3.7438,-3.001,-4.4882,-0.02
45.1,4.9919,3.6128,3.6192,0.0779,0,0.25,0.25,0.25,-1.1109,-0.4971,-4.4932,-0.16,-1.0871,-5.489,-4.4931,0.14,-3.7154,-3.0009,-4.4876,-0.02
45.2,4.9918,3.6129,3.6197,0.0782,0,0.25,0.25,0.25,-1.0823,-0.4972,-4.4934,-0.17,-1.0584,-5.4889,-4.4931,0.15,-3.6872,-3.0007,-4.4872,-0.02
45.3,4.9916,3.6126,3.6201,0.0783,0,0.25,0.25,0.25,-1.054,-0.4974,-4.4937,-0.19,-1.0297,-5.4889,-4.4931,0.16,-3.6589,-3.0004,-4.4867,-0.01
45.4,4.9914,3.6125,3.6202,0.0784,0,0.25,0.25,0.25,-1.0255,-0.4972,-4.4941,-0.21,-1.0012,-5.4886,-4.4932,0.16,-3.6305,-3.0001,-4.4861,-0.01
45.5,4.9914,3.6124,3.6203,0.0784,0,0.25,0.25,0.25,-0.9969,-0.4969,-4.4949,-0.21,-0.9727,-5.4882,-4.4931,0.15,-3.602,-2.9995,-4.4856,-0.01
45.6,4.9907,3.6118,3.6199,0.0782,0,0.25,0.25,0.25,-0.9683,-0.4969,-4.496,-0.22,-0.9444,-5.4876,-4.4929,0.14,-3.5731,-2.9989,-4.4851,-0.01
45.7,4.9905,3.6106,3.6191,0.0774,0,0.25,0.25,0.25,-0.9403,-0.4968,-4.4971,-0.22,-0.9163,-5.4872,-4.4928,0.14,-3.5438,-2.9984,-4.4848,-0.01
45.8,4.9905,3.6097,3.6186,0.0768,0,0.25,0.25,0.25,-0.9122,-0.496,-4.4977,-0.22,-0.8883,-5.4864,-4.4926,0.14,-3.5148,-2.9974,-4.4846,-0.02
45.9,4.9901,3.6088,3.6185,0.0764,0,0.25,0.25,0.25,-0.884,-0.4955,-4.4978,-0.21,-0.86,-5.4855,-4.4923,0.13,-3.486,-2.996,-4.4846,-0.03
46.0,4.9893,3.6073,3.6189,0.0761,0,0.25,0.25,0.25,-0.8559,-0.4954,-4.4977,-0.21,-0.8315,-5.4846,-4.4923,0.12,-3.4573,-2.9944,-4.4848,-0.01
46.1,4.9884,3.6059,3.6195,0.076,0,0.25,0.25,0.25,-0.8277,-0.4955,-4.4973,-0.2,-0.8029,-5.4838,-4.4923,0.11,-3.4288,-2.9928,-4.485,-0.0
46.2,4.9882,3.6046,3.6202,0.0758,0,0.25,0.25,0.25,-0.7997,-0.4954,-4.4965,-0.19,-0.7745,-5.4836,-4.4923,0.09,-3.4004,-2.9914,-4.4853,0.01
46.3,4.9876,3.6033,3.6204,0.0754,0,0.25,0.25,0.25,-0.7719,-0.4957,-4.496,-0.18,-0.746,-5.4832,-4.4926,0.08,-3.3717,-2.9906,-4.4857,0.03
46.4,4.9869,3.6019,3.6207,0.0751,0,0.25,0.25,0.25,-0.744,-0.4962,-4.4955,-0.16,-0.7176,-5.4831,-4.4929,0.07,-3.3431,-2.9899,-4.4862,0.04
46.5,4.9861,3.6005,3.6206,0.0746,0,0.25,0.25,0.25,-0.7161,-0.4971,-4.4949,-0.15,-0.6897,-5.4831,-4.493,0.06,-3.3146,-2.9894,-4.487,0.06
46.6,4.9847,3.5991,3.6201,0.0741,0,0.25,0.25,0.25,-0.6882,-0.4983,-4.4944,-0.15,-0.6619,-5.483,-4.493,0.05,-3.2861,-2.9892,-4.4877,0.07
46.7,4.9838,3.5981,3.6198,0.0738,0,0.25,0.25,0.25,-0.6601,-0.4994,-4.4939,-0.15,-0.6341,-5.4832,-4.4934,0.05,-3.2577,-2.9893,-4.4881,0.08
46.8,4.9836,3.5974,3.6195,0.0735,0,0.25,0.25,0.25,-0.6319,-0.5002,-4.4936,-0.13,-0.6062,-5.4837,-4.4941,0.04,-3.229,-2.9894,-4.4886,0.08
46.9,4.9837,3.597,3.6191,0.073,0,0.25,0.25,0.25,-0.6038,-0.5005,-4.4936,-0.1,-0.578,-5.4841,-4.4952,0.04,-3.2003,-2.9898,-4.4888,0.08
47.0,4.9839,3.5966,3.6185,0.0725,0,0.25,0.25,0.25,-0.5759,-0.5007,-4.4937,-0.08,-0.5497,-5.4846,-4.4962,0.05,-3.1714,-2.9906,-4.489,0.1
47.1,4.9842,3.5962,3.6171,0.0716,0,0.25,0.25,0.25,-0.5484,-0.5009,-4.4938,-0.06,-0.5215,-5.485,-4.497,0.06,-3.1422,-2.9919,-4.4892,0.11
47.2,4.9843,3.596,3.6152,0.0706,0,0.25,0.25,0.25,-0.5207,-0.5007,-4.4942,-0.04,-0.4933,-5.485,-4.4974,0.07,-3.1127,-2.9933,-4.4894,0.1
47.3,4.9842,3.5956,3.6137,0.0698,0,0.25,0.25,0.25,-0.4925,-0.5006,-4.4945,-0.03,-0.4649,-5.4847,-4.4979,0.08,-3.0831,-2.9941,-4.4896,0.08
47.4,4.9838,3.5952,3.6121,0.069,0,0.25,0.25,0.25,-0.4642,-0.5005,-4.4948,-0.01,-0.4363,-5.4842,-4.4981,0.1,-3.0534,-2.9947,-4.49,0.07
47.5,4.9834,3.5946,3.6111,0.0683,0,0.25,0.25,0.25,-0.4362,-0.5005,-4.4951,0.0,-0.4077,-5.4838,-4.4979,0.11,-3.0243,-2.9952,-4.4907,0.05
47.6,4.9827,3.5941,3.6105,0.068,0,0.25,0.25,0.25,-0.4082,-0.5006,-4.4956,0.01,-0.3793,-5.4833,-4.4974,0.11,-2.9956,-2.9952,-4.4913,0.04
47.7,4.9821,3.5938,3.6096,0.0676,0,0.25,0.25,0.25,-0.3797,-0.5005,-4.4959,0.01,-0.3509,-5.4826,-4.4969,0.1,-2.9666,-2.9952,-4.4919,0.02
47.8,4.9808,3.5936,3.6076,0.0671,0,0.25,0.25,0.25,-0.3508,-0.5007,-4.496,0.01,-0.3228,-5.4815,-4.4963,0.09,-2.9373,-2.9956,-4.4923,0.01
47.9,4.9786,3.5936,3.605,0.0666,0,0.25,0.25,0.25,-0.3214,-0.5014,-4.4963,0.01,-0.295,-5.4799,-4.4961,0.09,-2.9079,-2.9962,-4.4927,0.01
48.0,4.9769,3.5939,3.6028,0.0663,0,0.25,0.25,0.25,-0.2918,-0.502,-4.4965,0.01,-0.2672,-5.4788,-4.4963,0.08,-2.8787,-2.9969,-4.4932,0.01
48.1,4.9754,3.5945,3.6008,0.0661,0,0.25,0.25,0.25,-0.2624,-0.5027,-4.4966,0.0,-0.2393,-5.4781,-4.4968,0.09,-2.8498,-2.9979,-4.4939,0.0
48.2,4.9745,3.5956,3.5991,0.0663,0,0.25,0.25,0.25,-0.2331,-0.5032,-4.4967,0.01,-0.211,-5.4776,-4.4975,0.11,-2.821,-2.9994,-4.4947,-0.01
48.3,4.9739,3.5966,3.5975,0.0662,0,0.25,0.25,0.25,-0.2038,-0.5036,-4.4968,0.02,-0.1831,-5.4775,-4.4979,0.11,-2.7922,-3.0007,-4.4955,-0.02
48.4,4.9734,3.5972,3.5957,0.0659,0,0.25,0.25,0.25,-0.1745,-0.5041,-4.4971,0.03,-0.1557,-5.4775,-4.4983,0.11,-2.7633,-3.0017,-4.496,-0.04
48.5,4.9729,3.5974,3.5945,0.0656,0,0.25,0.25,0.25,-0.1457,-0.5044,-4.4976,0.04,-0.1279,-5.4773,-4.4985,0.1,-2.7345,-3.0023,-4.4963,-0.04
48.6,4.9723,3.5973,3.5933,0.0653,0,0.25,0.25,0.25,-0.1172,-0.5047,-4.4981,0.04,-0.0998,-5.4769,-4.4985,0.09,-2.7057,-3.0027,-4.4964,-0.04
48.7,4.9713,3.5975,3.5921,0.0652,0,0.25,0.25,0.25,-0.0886,-0.5048,-4.4984,0.06,-0.0718,-5.4761,-4.4981,0.09,-2.677,-3.0031,-4.4962,-0.03
48.8,4.9702,3.5982,3.5907,0.0653,0,0.25,0.25,0.25,-0.0595,-0.5047,-4.4984,0.07,-0.0437,-5.4749,-4.4975,0.09,-2.6486,-3.0035,-4.496,-0.03
48.9,4.9689,3.5987,3.5895,0.0654,0,0.25,0.25,0.25,-0.0306,-0.5048,-4.4982,0.06,-0.0156,-5.4738,-4.497,0.09,-2.6201,-3.0037,-4.4958,-0.03
49.0,4.9681,3.599,3.5889,0.0656,0,0.25,0.25,0.25,-0.0015,-0.505,-4.4978,0.05,0.0124,-5.4731,-4.4967,0.09,-2.5918,-3.0037,-4.4957,-0.04
49.1,4.9678,3.5993,3.5884,0.0656,0,0.25,0.25,0.25,0.0273,-0.5052,-4.4976,0.03,0.0401,-5.473,-4.4963,0.08,-2.5636,-3.0036,-4.4955,-0.05
49.2,4.967,3.5995,3.5876,0.0655,0,0.25,0.25,0.25,0.056,-0.5058,-4.4977,0.01,0.0673,-5.4728,-4.4961,0.08,-2.5355,-3.0038,-4.4949,-0.06
49.3,4.9659,3.5989,3.587,0.0653,0,0.25,0.25,0.25,0.0844,-0.5068,-4.4978,-0.0,0.0946,-5.4727,-4.4959,0.07,-2.5074,-3.0037,-4.4944,-0.08
49.4,4.9646,3.5981,3.5869,0.0652,0,0.25,0.25,0.25,0.1128,-0.5079,-4.4979,-0.01,0.1221,-5.4725,-4.4955,0.07,-2.4795,-3.0032,-4.494,-0.09
49.5,4.963,3.5974,3.5867,0.0652,0,0.25,0.25,0.25,0.1415,-0.5088,-4.4978,-0.03,0.15,-5.4718,-4.4954,0.05,-2.4513,-3.0025,-4.4935,-0.1
49.6,4.9612,3.5965,3.5864,0.0652,0,0.25,0.25,0.25,0.1703,-0.5096,-4.4978,-0.04,0.178,-5.4709,-4.4959,0.03,-2.4229,-3.0016,-4.4928,-0.11
49.7,4.9595,3.5956,3.5868,0.0654,0,0.25,0.25,0.25,0.1992,-0.5104,-4.4978,-0.06,0.2063,-5.4699,-4.4966,0.02,-2.3948,-3.0003,-4.4921,-0.13
49.8,4.9576,3.5944,3.5873,0.0657,0,0.25,0.25,0.25,0.2278,-0.5112,-4.4978,-0.07,0.2345,-5.4688,-4.4972,0.02,-2.3668,-2.9986,-4.4918,-0.15
49.9,4.9557,3.5931,3.5877,0.0659,0,0.25,0.25,0.25,0.2563,-0.512,-4.4979,-0.08,0.2629,-5.4677,-4.4973,0.02,-2.3387,-2.9973,-4.4918,-0.18
49.999,4.9546,3.5926,3.5885,0.0663,0,0.25,0.25,0.25,0.2849,-0.5124,-4.4978,-0.08,0.2918,-5.467,-4.4973,0.01,-2.3107,-2.9963,-4.492,-0.19
50.099,4.9538,3.5923,3.5893,0.0667,0,0.25,0.25,0.25,0.3137,-0.5129,-4.4979,-0.07,0.3205,-5.4667,-4.4973,-0.0,-2.2827,-2.9956,-4.4925,-0.2
50.199,4.9533,3.5925,3.5897,0.0671,0,0.25,0.25,0.25,0.3425,-0.5132,-4.4979,-0.06,0.3492,-5.4664,-4.4976,-0.01,-2.2546,-2.9954,-4.4929,-0.2
50.299,4.9531,3.593,3.5899,0.0675,0,0.25,0.25,0.25,0.3716,-0.513,-4.4979,-0.07,0.3781,-5.4661,-4.4981,-0.01,-2.2262,-2.9952,-4.4929,-0.19
50.399,4.9533,3.5936,3.5909,0.0682,0,0.25,0.25,0.25,0.4006,-0.5126,-4.4982,-0.08,0.4074,-5.4659,-4.4988,0.0,-2.198,-2.9947,-4.4924,-0.18
50.499,4.9537,3.5942,3.5921,0.0689,0,0.25,0.25,0.25,0.4297,-0.5122,-4.4984,-0.08,0.4367,-5.4659,-4.4996,0.01,-2.1698,-2.9942,-4.492,-0.17
50.599,4.9543,3.5949,3.5934,0.0697,0,0.25,0.25,0.25,0.4591,-0.5117,-4.4982,-0.08,0.4659,-5.4659,-4.5005,0.03,-2.1416,-2.9934,-4.4918,-0.16
50.699,4.9552,3.5957,3.5944,0.0702,0,0.25,0.25,0.25,0.4884,-0.5108,-4.4979,-0.07,0.4951,-5.4659,-4.5012,0.03,-2.1132,-2.9927,-4.4918,-0.16
50.799,4.9564,3.5968,3.5952,0.0707,0,0.25,0.25,0.25,0.5177,-0.5092,-4.4974,-0.06,0.5244,-5.4656,-4.5017,0.03,-2.0846,-2.9922,-4.4918,-0.16
50.899,4.9575,3.5979,3.5956,0.0711,0,0.25,0.25,0.25,0.5469,-0.5078,-4.4972,-0.04,0.5533,-5.4652,-4.5016,0.02,-2.0561,-2.9915,-4.4915,-0.15
50.999,4.9582,3.5989,3.5958,0.0714,0,0.25,0.25,0.25,0.5759,-0.5065,-4.4971,-0.03,0.5817,-5.4648,-4.5013,0.01,-2.0278,-2.9909,-4.491,-0.15
51.099,4.9587,3.5997,3.5956,0.0716,0,0.25,0.25,0.25,0.605,-0.5056,-4.4967,-0.01,0.6101,-5.4642,-4.5009,0.0,-1.9994,-2.9906,-4.4906,-0.15
51.199,4.9594,3.601,3.5955,0.0719,0,0.25,0.25,0.25,0.634,-0.5045,-4.4962,-0.02,0.6388,-5.4639,-4.5006,0.0,-1.9709,-2.9907,-4.4903,-0.16
51.299,4.9592,3.602,3.5955,0.0725,0,0.25,0.25,0.25,0.6629,-0.5039,-4.4959,-0.02,0.668,-5.4631,-4.5004,0.0,-1.9427,-2.9909,-4.4899,-0.16
51.399,4.9581,3.602,3.5955,0.0728,0,0.25,0.25,0.25,0.6918,-0.5041,-4.496,-0.03,0.6971,-5.4623,-4.5006,-0.01,-1.9142,-2.9908,-4.4894,-0.16
51.499,4.9572,3.6021,3.5952,0.0731,0,0.25,0.25,0.25,0.7208,-0.5044,-4.4963,-0.02,0.7259,-5.4616,-4.501,-0.02,-1.8856,-2.9907,-4.4888,-0.13
51.599,4.9569,3.6021,3.595,0.0731,0,0.25,0.25,0.25,0.7498,-0.5046,-4.4961,-0.02,0.7545,-5.4615,-4.5015,-0.04,-1.8568,-2.9907,-4.4885,-0.11
51.699,4.9576,3.602,3.5952,0.073,0,0.25,0.25,0.25,0.7787,-0.5045,-4.4956,-0.02,0.7833,-5.4621,-4.5018,-0.05,-1.8278,-2.9907,-4.4883,-0.09
51.799,4.9582,3.602,3.5956,0.0729,0,0.25,0.25,0.25,0.8079,-0.5047,-4.4949,-0.03,0.8123,-5.4629,-4.5019,-0.05,-1.7986,-2.9907,-4.4883,-0.08
51.899,4.9586,3.6023,3.5957,0.073,0,0.25,0.25,0.25,0.8377,-0.5049,-4.4943,-0.03,0.8415,-5.4635,-4.5019,-0.05,-1.7693,-2.991,-4.4887,-0.08
51.999,4.9581,3.6024,3.595,0.0728,0,0.25,0.25,0.25,0.8672,-0.5052,-4.4939,-0.03,0.8705,-5.4633,-4.5017,-0.04,-1.7398,-2.9913,-4.4893,-0.07
52.099,4.9569,3.6023,3.5936,0.0724,0,0.25,0.25,0.25,0.8967,-0.5058,-4.4936,-0.02,0.8993,-5.4627,-4.5014,-0.03,-1.7101,-2.992,-4.4899,-0.06
52.199,4.9562,3.6021,3.5921,0.0719,0,0.25,0.25,0.25,0.9259,-0.5063,-4.4931,-0.01,0.9281,-5.4624,-4.5013,-0.03,-1.6803,-2.9928,-4.4906,-0.05
52.299,4.9561,3.6021,3.5907,0.0713,0,0.25,0.25,0.25,0.9553,-0.5065,-4.4924,0.01,0.9567,-5.4626,-4.5013,-0.03,-1.6505,-2.9936,-4.4913,-0.05
52.399,4.9563,3.6023,3.5894,0.0707,0,0.25,0.25,0.25,0.9846,-0.5064,-4.492,0.02,0.9857,-5.4627,-4.501,-0.02,-1.6204,-2.9945,-4.4917,-0.05
52.499,4.9571,3.6027,3.5881,0.0702,0,0.25,0.25,0.25,1.0139,-0.5059,-4.492,0.03,1.0148,-5.4629,-4.5007,-0.01,-1.5902,-2.9955,-4.4916,-0.06
52.599,4.9576,3.6029,3.5864,0.0694,0,0.25,0.25,0.25,1.043,-0.5056,-4.4924,0.03,1.0436,-5.4632,-4.5003,0.01,-1.56,-2.9967,-4.4915,-0.07
52.699,4.9583,3.6033,3.5847,0.0687,0,0.25,0.25,0.25,1.072,-0.5054,-4.4929,0.03,1.0722,-5.4637,-4.4996,0.02,-1.53,-2.9981,-4.4915,-0.07
52.799,4.9591,3.604,3.583,0.0681,0,0.25,0.25,0.25,1.1009,-0.5049,-4.4932,0.02,1.1007,-5.464,-4.4992,0.02,-1.5002,-2.9995,-4.4914,-0.06
52.899,4.9599,3.6047,3.5816,0.0677,0,0.25,0.25,0.25,1.13,-0.5044,-4.4935,0.0,1.129,-5.4643,-4.4991,0.03,-1.4705,-3.0006,-4.4914,-0.05
52.999,4.9606,3.6052,3.5804,0.0672,0,0.25,0.25,0.25,1.1589,-0.5039,-4.4941,-0.01,1.1573,-5.4645,-4.4992,0.03,-1.4412,-3.0014,-4.4917,-0.05
53.099,4.961,3.6056,3.5794,0.0669,0,0.25,0.25,0.25,1.1879,-0.5037,-4.4945,-0.02,1.1855,-5.4647,-4.4991,0.04,-1.412,-3.0018,-4.4918,-0.05
53.199,4.9614,3.6059,3.5786,0.0666,0,0.25,0.25,0.25,1.2171,-0.5034,-4.4948,-0.04,1.2136,-5.4648,-4.4987,0.04,-1.3828,-3.002,-4.4916,-0.05
53.299,4.9614,3.606,3.5778,0.0663,0,0.25,0.25,0.25,1.246,-0.5031,-4.4947,-0.05,1.2418,-5.4646,-4.4983,0.03,-1.3537,-3.0021,-4.4916,-0.05
53.399,4.9617,3.6058,3.5771,0.0658,0,0.25,0.25,0.25,1.2747,-0.5028,-4.4945,-0.05,1.2698,-5.4644,-4.4982,0.02,-1.3247,-3.0018,-4.4919,-0.04
53.499,4.962,3.6054,3.5766,0.0653,0,0.25,0.25,0.25,1.3034,-0.5021,-4.4945,-0.05,1.2977,-5.4641,-4.498,0.03,-1.2956,-3.001,-4.492,-0.01
53.599,4.9621,3.605,3.5762,0.0648,0,0.25,0.25,0.25,1.3323,-0.502,-4.4947,-0.06,1.3252,-5.4641,-4.4978,0.02,-1.2668,-3.0002,-4.4918,0.01
53.699,4.9616,3.6044,3.5756,0.0643,0,0.25,0.25,0.25,1.361,-0.5023,-4.4947,-0.07,1.3526,-5.4639,-4.4979,0.01,-1.2381,-2.9995,-4.4918,0.03
53.799,4.9613,3.6036,3.5752,0.0638,0,0.25,0.25,0.25,1.3895,-0.5024,-4.4944,-0.07,1.3802,-5.4637,-4.4981,0.0,-1.2094,-2.9988,-4.4915,0.04
53.899,4.9607,3.6027,3.5742,0.0631,0,0.25,0.25,0.25,1.4179,-0.5024,-4.4942,-0.08,1.4079,-5.463,-4.4984,0.0,-1.1804,-2.9981,-4.491,0.06
53.999,4.9599,3.6015,3.5735,0.0625,0,0.25,0.25,0.25,1.446,-0.5022,-4.4941,-0.08,1.4358,-5.4621,-4.4989,-0.0,-1.1514,-2.9971,-4.4903,0.07
54.099,4.9586,3.6004,3.573,0.0622,0,0.25,0.25,0.25,1.4739,-0.5021,-4.494,-0.09,1.464,-5.4607,-4.4993,-0.01,-1.1228,-2.9961,-4.4898,0.08
54.199,4.9569,3.5994,3.5722,0.0619,0,0.25,0.25,0.25,1.5019,-0.5023,-4.4939,-0.09,1.4926,-5.4592,-4.4993,-0.02,-1.0941,-2.9955,-4.4897,0.09
54.299,4.9555,3.5987,3.5712,0.0615,0,0.25,0.25,0.25,1.5306,-0.5025,-4.4939,-0.11,1.5211,-5.458,-4.4992,-0.01,-1.065,-2.9952,-4.4899,0.1
54.399,4.9539,3.5981,3.5697,0.0612,0,0.25,0.25,0.25,1.5595,-0.5029,-4.4941,-0.12,1.5496,-5.4567,-4.4993,-0.01,-1.0356,-2.9952,-4.49,0.1
54.499,4.9516,3.5979,3.5681,0.0612,0,0.25,0.25,0.25,1.5884,-0.5037,-4.4944,-0.12,1.5784,-5.4553,-4.4995,-0.02,-1.0066,-2.9958,-4.4904,0.11
54.599,4.949,3.5983,3.5668,0.0617,0,0.25,0.25,0.25,1.6176,-0.5046,-4.4942,-0.11,1.6076,-5.4536,-4.4996,-0.03,-0.978,-2.9967,-4.4908,0.12
54.699,4.9466,3.599,3.5655,0.0623,0,0.25,0.25,0.25,1.6469,-0.5053,-4.4936,-0.11,1.6373,-5.4519,-4.4998,-0.03,-0.9492,-2.9978,-4.4912,0.12
54.799,4.9444,3.5998,3.564,0.063,0,0.25,0.25,0.25,1.6759,-0.5057,-4.4929,-0.1,1.6669,-5.4502,-4.4996,-0.03,-0.9205,-2.9992,-4.4919,0.12
54.899,4.9428,3.6008,3.5624,0.0634,0,0.25,0.25,0.25,1.705,-0.5061,-4.4925,-0.09,1.6959,-5.4489,-4.4994,-0.03,-0.8918,-3.0005,-4.4929,0.11
54.999,4.9416,3.6014,3.561,0.0636,0,0.25,0.25,0.25,1.7341,-0.5064,-4.4922,-0.09,1.7248,-5.448,-4.4989,-0.01,-0.8628,-3.0016,-4.4938,0.1
55.099,4.9408,3.6019,3.5599,0.0638,0,0.25,0.25,0.25,1.7631,-0.5067,-4.4921,-0.09,1.7536,-5.4475,-4.498,-0.01,-0.8339,-3.0025,-4.4947,0.09
55.199,4.9398,3.6017,3.5591,0.0637,0,0.25,0.25,0.25,1.7919,-0.5075,-4.4923,-0.09,1.7822,-5.4472,-4.497,-0.01,-0.805,-3.0031,-4.4953,0.08
55.299,4.9391,3.6011,3.5586,0.0635,0,0.25,0.25,0.25,1.8201,-0.5081,-4.4927,-0.08,1.8112,-5.4471,-4.496,-0.02,-0.776,-3.0038,-4.4953,0.07
55.399,4.9384,3.6003,3.5585,0.0633,0,0.25,0.25,0.25,1.8482,-0.5086,-4.4931,-0.07,1.8403,-5.447,-4.4951,-0.02,-0.747,-3.0039,-4.4953,0.06
55.499,4.9377,3.5991,3.5586,0.0629,0,0.25,0.25,0.25,1.8766,-0.5093,-4.4935,-0.08,1.8691,-5.447,-4.4943,-0.01,-0.7181,-3.0036,-4.4955,0.07
55.599,4.9368,3.5978,3.5592,0.0627,0,0.25,0.25,0.25,1.905,-0.5104,-4.4938,-0.1,1.8977,-5.4473,-4.4937,-0.0,-0.6894,-3.003,-4.4954,0.07
55.699,4.9358,3.5961,3.5602,0.0624,0,0.25,0.25,0.25,1.9336,-0.5117,-4.4941,-0.11,1.9265,-5.4475,-4.4931,0.01,-0.6608,-3.0018,-4.4952,0.07
55.799,4.935,3.594,3.5611,0.0617,0,0.25,0.25,0.25,1.9624,-0.5128,-4.4943,-0.12,1.955,-5.4478,-4.4928,0.02,-0.6317,-3.0003,-4.4948,0.08
55.899,4.9342,3.5918,3.5618,0.0611,0,0.25,0.25,0.25,1.9908,-0.5139,-4.4945,-0.12,1.9838,-5.4481,-4.4928,0.04,-0.6025,-2.9991,-4.4946,0.08
55.999,4.9334,3.5894,3.5628,0.0605,0,0.25,0.25,0.25,2.0187,-0.5149,-4.4945,-0.13,2.0133,-5.4483,-4.4928,0.05,-0.5732,-2.9981,-4.4947,0.08
56.099,4.9326,3.587,3.5635,0.0598,0,0.25,0.25,0.25,2.0463,-0.5157,-4.4943,-0.13,2.0427,-5.4483,-4.4925,0.06,-0.5438,-2.9972,-4.4944,0.07
56.199,4.9319,3.5849,3.5639,0.0591,0,0.25,0.25,0.25,2.074,-0.5161,-4.4942,-0.13,2.0723,-5.4481,-4.4922,0.08,-0.5144,-2.9964,-4.4941,0.06
56.299,4.9311,3.5834,3.5641,0.0588,0,0.25,0.25,0.25,2.1018,-0.5161,-4.494,-0.13,2.1019,-5.4472,-4.4921,0.1,-0.4852,-2.9958,-4.4937,0.05
56.399,4.9302,3.5823,3.5638,0.0585,0,0.25,0.25,0.25,2.1294,-0.5159,-4.4938,-0.13,2.1315,-5.4461,-4.4921,0.12,-0.456,-2.9955,-4.4939,0.06
56.499,4.9294,3.5812,3.5633,0.0581,0,0.25,0.25,0.25,2.157,-0.5156,-4.4938,-0.12,2.1611,-5.445,-4.4922,0.13,-0.4267,-2.9954,-4.4943,0.06
56.599,4.9288,3.5806,3.5624,0.0577,0,0.25,0.25,0.25,2.1846,-0.5154,-4.4937,-0.1,2.1905,-5.4441,-4.492,0.13,-0.3975,-2.996,-4.4948,0.07
56.699,4.9286,3.5801,3.5618,0.0574,0,0.25,0.25,0.25,2.2123,-0.5154,-4.4938,-0.09,2.2198,-5.444,-4.492,0.12,-0.3683,-2.9969,-4.4952,0.07
56.799,4.9283,3.5795,3.5612,0.057,0,0.25,0.25,0.25,2.2402,-0.5156,-4.4938,-0.09,2.2489,-5.4439,-4.4922,0.1,-0.3391,-2.9976,-4.4955,0.08
56.899,4.9281,3.5795,3.5606,0.0569,0,0.25,0.25,0.25,2.2688,-0.5155,-4.4936,-0.09,2.278,-5.4436,-4.4923,0.08,-0.3099,-2.9981,-4.4958,0.09
56.999,4.9278,3.5794,3.5603,0.0568,0,0.25,0.25,0.25,2.2977,-0.5157,-4.4934,-0.09,2.3069,-5.4435,-4.4925,0.07,-0.2809,-2.9983,-4.4961,0.1
57.099,4.9279,3.5793,3.5606,0.0568,0,0.25,0.25,0.25,2.3268,-0.5158,-4.4931,-0.1,2.3357,-5.4436,-4.4926,0.05,-0.252,-2.9979,-4.4962,0.09
57.199,4.9289,3.5796,3.5615,0.057,0,0.25,0.25,0.25,2.3559,-0.5153,-4.4927,-0.1,2.3645,-5.4442,-4.4928,0.03,-0.2234,-2.9974,-4.4963,0.08
57.299,4.9305,3.58,3.5629,0.0572,0,0.25,0.25,0.25,2.3847,-0.5145,-4.4921,-0.08,2.3932,-5.445,-4.493,0.02,-0.1951,-2.9966,-4.4961,0.07
57.399,4.9324,3.5799,3.5646,0.0572,0,0.25,0.25,0.25,2.4133,-0.5138,-4.4913,-0.05,2.4217,-5.4462,-4.4936,0.01,-0.1668,-2.9955,-4.4958,0.07
57.499,4.9349,3.58,3.5666,0.0572,0,0.25,0.25,0.25,2.4419,-0.5129,-4.4906,-0.04,2.45,-5.4477,-4.4943,-0.0,-0.1386,-2.9943,-4.4956,0.06
57.599,4.9367,3.5801,3.568,0.0572,0,0.25,0.25,0.25,2.4706,-0.5121,-4.4904,-0.03,2.4786,-5.4488,-4.4952,-0.01,-0.1102,-2.9933,-4.4951,0.06
57.699,4.9379,3.5796,3.5688,0.0569,0,0.25,0.25,0.25,2.4987,-0.5115,-4.4903,-0.03,2.5071,-5.4494,-4.4962,-0.01,-0.0815,-2.9927,-4.4946,0.07
57.799,4.9389,3.5785,3.5695,0.0563,0,0.25,0.25,0.25,2.5265,-0.511,-4.4904,-0.03,2.5356,-5.4499,-4.4973,-0.0,-0.0526,-2.9918,-4.4942,0.07
57.899,4.9395,3.5776,3.5704,0.056,0,0.25,0.25,0.25,2.5548,-0.5109,-4.4907,-0.04,2.5643,-5.4504,-4.4979,0.0,-0.0238,-2.9909,-4.4938,0.06
57.999,4.9397,3.577,3.5713,0.056,0,0.25,0.25,0.25,2.5834,-0.5109,-4.4911,-0.04,2.5932,-5.4506,-4.4978,0.02,0.0048,-2.99,-4.4935,0.04
58.099,4.9394,3.5766,3.5725,0.0563,0,0.25,0.25,0.25,2.612,-0.5109,-4.4914,-0.04,2.6222,-5.4503,-4.4979,0.04,0.033,-2.9889,-4.4933,0.02
58.199,4.939,3.5758,3.574,0.0568,0,0.25,0.25,0.25,2.6404,-0.5111,-4.4919,-0.04,2.6512,-5.45,-4.4982,0.06,0.061,-2.9875,-4.4933,0.01
58.299,4.9383,3.574,3.5756,0.0568,0,0.25,0.25,0.25,2.6687,-0.5114,-4.4924,-0.04,2.6801,-5.4496,-4.4982,0.08,0.0893,-2.9853,-4.4932,0.02
58.399,4.9378,3.5726,3.5766,0.0567,0,0.25,0.25,0.25,2.6973,-0.5113,-4.4927,-0.02,2.7091,-5.449,-4.498,0.1,0.1182,-2.9834,-4.4931,0.03
58.499,4.9375,3.5717,3.577,0.0566,0,0.25,0.25,0.25,2.7262,-0.5112,-4.493,0.01,2.7378,-5.4487,-4.4983,0.12,0.1472,-2.9821,-4.4928,0.02
58.599,4.9373,3.5708,3.5773,0.0564,0,0.25,0.25,0.25,2.7552,-0.5112,-4.4929,0.04,2.7665,-5.4484,-4.4985,0.13,0.1764,-2.981,-4.4925,0.01
58.699,4.9366,3.5699,3.5769,0.056,0,0.25,0.25,0.25,2.784,-0.5115,-4.4929,0.07,2.7952,-5.4481,-4.4985,0.13,0.2057,-2.9806,-4.4923,0.0
58.799,4.9351,3.5692,3.5753,0.0554,0,0.25,0.25,0.25,2.8129,-0.5122,-4.4929,0.08,2.8236,-5.4473,-4.498,0.13,0.2352,-2.981,-4.4921,-0.02
58.899,4.9335,3.5684,3.573,0.0545,0,0.25,0.25,0.25,2.8416,-0.5132,-4.4928,0.09,2.8518,-5.4467,-4.4969,0.13,0.265,-2.9819,-4.4919,-0.04
58.999,4.9323,3.5678,3.5707,0.0536,0,0.25,0.25,0.25,2.87,-0.5139,-4.4925,0.08,2.8799,-5.4463,-4.496,0.14,0.2947,-2.9832,-4.492,-0.06
59.099,4.9323,3.5679,3.5686,0.0527,0,0.25,0.25,0.25,2.8985,-0.5141,-4.492,0.07,2.9079,-5.4464,-4.4954,0.15,0.3243,-2.9846,-4.4925,-0.08
59.199,4.9328,3.5684,3.567,0.052,0,0.25,0.25,0.25,2.9274,-0.5138,-4.4916,0.06,2.9359,-5.4466,-4.4951,0.14,0.3538,-2.9857,-4.4932,-0.08
59.299,4.9335,3.5687,3.5656,0.0514,0,0.25,0.25,0.25,2.956,-0.5132,-4.4915,0.06,2.9638,-5.4467,-4.4948,0.14,0.3831,-2.9863,-4.4939,-0.08
59.399,4.9341,3.5687,3.5647,0.0508,0,0.25,0.25,0.25,2.9843,-0.5128,-4.4916,0.05,2.9917,-5.447,-4.4945,0.14,0.4122,-2.9866,-4.4944,-0.08
59.499,4.9347,3.5685,3.5645,0.0504,0,0.25,0.25,0.25,3.0124,-0.5124,-4.4922,0.05,3.0198,-5.4471,-4.4945,0.14,0.4408,-2.9865,-4.4946,-0.08
59.599,4.9347,3.5678,3.5649,0.0502,0,0.25,0.25,0.25,3.0405,-0.5124,-4.4929,0.04,3.0482,-5.447,-4.4945,0.14,0.4693,-2.9858,-4.4947,-0.07
59.699,4.9341,3.5671,3.5659,0.0505,0,0.25,0.25,0.25,3.0688,-0.5127,-4.4935,0.03,3.077,-5.4468,-4.4946,0.13,0.4974,-2.9849,-4.4947,-0.07
59.799,4.934,3.5667,3.5673,0.0509,0,0.25,0.25,0.25,3.0974,-0.5129,-4.4938,0.02,3.1058,-5.4469,-4.4945,0.13,0.5253,-2.9839,-4.4947,-0.06
59.899,4.9339,3.5662,3.5684,0.0512,0,0.25,0.25,0.25,3.126,-0.5131,-4.4939,0.03,3.1348,-5.447,-4.4944,0.13,0.5536,-2.9831,-4.4945,-0.06
59.999,4.9336,3.5657,3.5693,0.0514,0,0.25,0.25,0.25,3.1547,-0.5132,-4.4943,0.02,3.1637,-5.4468,-4.4945,0.15,0.5821,-2.9821,-4.494,-0.06
60.099,4.9328,3.565,3.5698,0.0517,0,0.25,0.25,0.25,3.1833,-0.5136,-4.4949,0.03,3.1927,-5.4464,-4.4948,0.16,0.6105,-2.9814,-4.4937,-0.07
60.199,4.9321,3.5643,3.5707,0.052,0,0.25,0.25,0.25,3.2115,-0.514,-4.4954,0.03,3.2218,-5.4461,-4.4949,0.17,0.6387,-2.9808,-4.4934,-0.07
60.299,4.9318,3.5639,3.5721,0.0525,0,0.25,0.25,0.25,3.2401,-0.5143,-4.4959,0.03,3.2509,-5.4461,-4.4947,0.17,0.6668,-2.9799,-4.493,-0.06
60.399,4.9316,3.5636,3.5742,0.0534,0,0.25,0.25,0.25,3.2689,-0.5144,-4.4964,0.02,3.28,-5.4461,-4.4942,0.17,0.6944,-2.9784,-4.4925,-0.05
60.499,4.9316,3.5631,3.5762,0.0542,0,0.25,0.25,0.25,3.2976,-0.5145,-4.4969,0.01,3.3089,-5.446,-4.4936,0.16,0.7221,-2.9767,-4.4922,-0.04
60.599,4.9312,3.5626,3.5781,0.055,0,0.25,0.25,0.25,3.3263,-0.5148,-4.4976,-0.0,3.3382,-5.446,-4.4931,0.14,0.75,-2.9754,-4.492,-0.02
60.699,4.9309,3.5624,3.58,0.0559,0,0.25,0.25,0.25,3.3552,-0.515,-4.4981,-0.01,3.368,-5.4459,-4.4928,0.14,0.778,-2.9744,-4.4917,0.0
60.799,4.9308,3.5627,3.5813,0.0567,0,0.25,0.25,0.25,3.3839,-0.5149,-4.4985,-0.01,3.3979,-5.4457,-4.4927,0.15,0.8062,-2.9741,-4.4915,0.03
60.899,4.9312,3.5635,3.5821,0.0573,0,0.25,0.25,0.25,3.4129,-0.5148,-4.4989,-0.0,3.4276,-5.446,-4.4929,0.16,0.8346,-2.9747,-4.4914,0.04
60.999,4.9318,3.5649,3.5822,0.0578,0,0.25,0.25,0.25,3.4422,-0.5146,-4.4992,-0.0,3.457,-5.4464,-4.4931,0.16,0.8632,-2.9757,-4.4914,0.04
61.099,4.9321,3.5668,3.5819,0.0584,0,0.25,0.25,0.25,3.4716,-0.5143,-4.4994,-0.0,3.4866,-5.4464,-4.4932,0.16,0.8917,-2.9773,-4.4913,0.04
61.199,4.9321,3.5687,3.5807,0.0587,0,0.25,0.25,0.25,3.5009,-0.5139,-4.4993,0.0,3.516,-5.446,-4.4933,0.15,0.9205,-2.9792,-4.4915,0.03
61.299,4.9317,3.5698,3.5795,0.0587,0,0.25,0.25,0.25,3.5297,-0.5141,-4.4989,0.01,3.5451,-5.4457,-4.4937,0.15,0.9495,-2.9809,-4.4917,0.01
61.399,4.9308,3.5695,3.5784,0.0584,0,0.25,0.25,0.25,3.5579,-0.5144,-4.4985,0.04,3.5742,-5.4452,-4.494,0.15,0.9786,-2.9819,-4.4921,-0.0
61.499,4.9304,3.569,3.5773,0.0578,0,0.25,0.25,0.25,3.5861,-0.5146,-4.4981,0.06,3.6029,-5.4449,-4.4946,0.15,1.0079,-2.9826,-4.4926,-0.02
61.599,4.9308,3.5686,3.5769,0.0572,0,0.25,0.25,0.25,3.6141,-0.5143,-4.4972,0.07,3.6316,-5.4451,-4.4951,0.14,1.0371,-2.9829,-4.4929,-0.03
61.699,4.9314,3.5682,3.577,0.0569,0,0.25,0.25,0.25,3.642,-0.5139,-4.4961,0.07,3.6607,-5.4453,-4.4954,0.14,1.066,-2.9829,-4.4932,-0.03
61.799,4.9319,3.5681,3.5774,0.0569,0,0.25,0.25,0.25,3.6698,-0.5135,-4.4953,0.08,3.6897,-5.4454,-4.4953,0.13,1.0945,-2.9832,-4.4935,-0.02
61.899,4.9324,3.5683,3.5781,0.0571,0,0.25,0.25,0.25,3.6975,-0.5133,-4.4947,0.08,3.7186,-5.4457,-4.4951,0.12,1.1225,-2.9835,-4.4938,-0.0
61.999,4.9328,3.5684,3.5784,0.0573,0,0.25,0.25,0.25,3.7255,-0.5132,-4.4944,0.08,3.7472,-5.4459,-4.4947,0.11,1.1506,-2.9837,-4.4936,0.01
62.099,4.9333,3.5689,3.5786,0.0574,0,0.25,0.25,0.25,3.7537,-0.513,-4.4945,0.08,3.7758,-5.4463,-4.4942,0.11,1.1788,-2.9842,-4.4935,0.01
62.199,4.9346,3.57,3.5789,0.0576,0,0.25,0.25,0.25,3.7817,-0.5125,-4.4947,0.08,3.8045,-5.447,-4.4938,0.1,1.2068,-2.9853,-4.4933,0.01
62.299,4.9356,3.5702,3.5792,0.0576,0,0.25,0.25,0.25,3.8095,-0.5123,-4.4953,0.08,3.8333,-5.4479,-4.4934,0.09,1.2352,-2.9861,-4.4932,0.01
62.399,4.9357,3.5696,3.579,0.0572,0,0.25,0.25,0.25,3.8371,-0.5127,-4.4958,0.07,3.8618,-5.4484,-4.493,0.08,1.2639,-2.9867,-4.493,0.01
62.499,4.935,3.5687,3.5785,0.0568,0,0.25,0.25,0.25,3.8649,-0.5135,-4.4958,0.08,3.89,-5.4484,-4.4924,0.06,1.2925,-2.987,-4.4932,-0.0
62.599,4.934,3.5679,3.5786,0.0567,0,0.25,0.25,0.25,3.8929,-0.5145,-4.4955,0.08,3.9185,-5.4484,-4.4917,0.06,1.3208,-2.9871,-4.4937,-0.01
62.699,4.9329,3.5672,3.5787,0.0568,0,0.25,0.25,0.25,3.9211,-0.5155,-4.4954,0.09,3.9469,-5.4483,-4.4913,0.05,1.3489,-2.9871,-4.4944,0.0
62.799,4.9315,3.5666,3.5785,0.0569,0,0.25,0.25,0.25,3.9495,-0.5165,-4.4952,0.1,3.975,-5.4479,-4.491,0.04,1.377,-2.9869,-4.4952,0.01
62.899,4.9302,3.5663,3.5785,0.0572,0,0.25,0.25,0.25,3.9781,-0.5173,-4.4952,0.09,4.0032,-5.4474,-4.4907,0.03,1.405,-2.9867,-4.4958,0.01
62.999,4.9287,3.5662,3.5784,0.0576,0,0.25,0.25,0.25,4.0071,-0.5182,-4.4952,0.09,4.0316,-5.4468,-4.4903,0.02,1.4331,-2.9866,-4.4959,0.01
63.099,4.927,3.5659,3.578,0.0578,0,0.25,0.25,0.25,4.0361,-0.5193,-4.4954,0.09,4.0602,-5.4462,-4.49,0.0,1.4616,-2.9866,-4.4962,0.01
63.199,4.9258,3.5657,3.5774,0.0578,0,0.25,0.25,0.25,4.0651,-0.5201,-4.4954,0.08,4.0889,-5.4458,-4.4903,-0.01,1.4905,-2.987,-4.4966,0.01
63.299,4.9249,3.5659,3.5764,0.0578,0,0.25,0.25,0.25,4.0941,-0.5203,-4.4953,0.06,4.1177,-5.4452,-4.4906,-0.02,1.5195,-2.9875,-4.4969,0.01
63.399,4.9242,3.5662,3.5753,0.0577,0,0.25,0.25,0.25,4.1231,-0.5203,-4.4952,0.05,4.1467,-5.4444,-4.4906,-0.04,1.5487,-2.9881,-4.4973,0.0
63.499,4.9237,3.5668,3.5741,0.0576,0,0.25,0.25,0.25,4.1523,-0.5201,-4.4952,0.04,4.1759,-5.4437,-4.4907,-0.04,1.5781,-2.9891,-4.4979,-0.0
63.599,4.9239,3.5679,3.5726,0.0574,0,0.25,0.25,0.25,4.1817,-0.5194,-4.4953,0.04,4.2046,-5.4433,-4.491,-0.05,1.6076,-2.99,-4.4986,-0.01
63.699,4.9246,3.5691,3.571,0.0572,0,0.25,0.25,0.25,4.2111,-0.5183,-4.4953,0.03,4.2333,-5.4429,-4.4916,-0.05,1.6372,-2.9909,-4.4991,-0.02
63.799,4.9254,3.5703,3.5698,0.0571,0,0.25,0.25,0.25,4.2403,-0.5171,-4.4955,0.03,4.2623,-5.4424,-4.4919,-0.05,1.6667,-2.9916,-4.4997,-0.01
63.899,4.9262,3.5713,3.5694,0.0572,0,0.25,0.25,0.25,4.2692,-0.5161,-4.4961,0.03,4.2916,-5.4422,-4.492,-0.05,1.6958,-2.9922,-4.5003,-0.01
63.999,4.9273,3.5723,3.5692,0.0574,0,0.25,0.25,0.25,4.2981,-0.5149,-4.4968,0.03,4.3208,-5.4421,-4.492,-0.05,1.7248,-2.9926,-4.5005,0.0
64.099,4.9282,3.5731,3.5692,0.0575,0,0.25,0.25,0.25,4.3272,-0.5142,-4.4976,0.03,4.3496,-5.4423,-4.492,-0.05,1.7536,-2.9929,-4.5007,0.01
64.199,4.9292,3.5737,3.5698,0.0577,0,0.25,0.25,0.25,4.356,-0.5135,-4.4983,0.03,4.3786,-5.4426,-4.4919,-0.05,1.7822,-2.9928,-4.5008,0.01
64.299,4.93,3.5739,3.5707,0.0579,0,0.25,0.25,0.25,4.3847,-0.513,-4.4985,0.03,4.4076,-5.4429,-4.4919,-0.05,1.8106,-2.9923,-4.5008,0.01
64.399,4.9304,3.5738,3.5718,0.0582,0,0.25,0.25,0.25,4.4136,-0.5127,-4.4983,0.03,4.4367,-5.443,-4.4923,-0.04,1.8391,-2.9915,-4.5008,0.01
64.499,4.9307,3.5733,3.5729,0.0582,0,0.25,0.25,0.25,4.4426,-0.5124,-4.4979,0.02,4.4655,-5.443,-4.4929,-0.06,1.8678,-2.9901,-4.5006,0.01
64.599,4.9308,3.5726,3.5742,0.0583,0,0.25,0.25,0.25,4.4718,-0.5123,-4.4976,0.02,4.4943,-5.443,-4.4934,-0.07,1.8964,-2.9883,-4.5,-0.0
64.699,4.9307,3.572,3.5756,0.0585,0,0.25,0.25,0.25,4.5015,-0.5122,-4.4978,0.02,4.5232,-5.4429,-4.4937,-0.08,1.9251,-2.9864,-4.4996,-0.01
64.799,4.9304,3.5716,3.577,0.059,0,0.25,0.25,0.25,4.5312,-0.512,-4.4981,0.02,4.552,-5.4424,-4.4936,-0.09,1.9535,-2.9843,-4.4993,-0.01
64.899,4.9299,3.5714,3.5783,0.0595,0,0.25,0.25,0.25,4.5608,-0.5121,-4.4983,0.02,4.5806,-5.442,-4.4935,-0.11,1.9816,-2.9825,-4.4988,-0.02
64.999,4.9296,3.5715,3.5792,0.06,0,0.25,0.25,0.25,4.5903,-0.5123,-4.4985,0.03,4.6091,-5.4419,-4.4935,-0.13,2.0097,-2.9815,-4.4979,-0.02
65.099,4.9293,3.5719,3.5792,0.0604,0,0.25,0.25,0.25,4.6197,-0.5123,-4.4987,0.03,4.6375,-5.4416,-4.4935,-0.14,2.0382,-2.981,-4.4969,-0.03
65.199,4.9292,3.5729,3.5786,0.0606,0,0.25,0.25,0.25,4.6494,-0.5121,-4.4988,0.03,4.6659,-5.4413,-4.4934,-0.14,2.067,-2.9813,-4.4964,-0.03
65.299,4.9295,3.5744,3.5774,0.0606,0,0.25,0.25,0.25,4.6792,-0.5116,-4.4987,0.03,4.6942,-5.4411,-4.4931,-0.16,2.096,-2.9821,-4.4961,-0.03
65.399,4.93,3.5761,3.5755,0.0604,0,0.25,0.25,0.25,4.7088,-0.5107,-4.4982,0.04,4.7223,-5.4408,-4.4926,-0.16,2.1252,-2.9833,-4.496,-0.04
65.499,4.9307,3.5773,3.5735,0.06,0,0.25,0.25,0.25,4.7381,-0.5099,-4.4975,0.05,4.7506,-5.4406,-4.4923,-0.17,2.1549,-2.9845,-4.496,-0.04
65.599,4.931,3.5783,3.572,0.0598,0,0.25,0.25,0.25,4.7673,-0.5091,-4.4967,0.06,4.7791,-5.4401,-4.4921,-0.17,2.1843,-2.9854,-4.4962,-0.03
65.699,4.9317,3.5793,3.5713,0.0598,0,0.25,0.25,0.25,4.7965,-0.508,-4.496,0.06,4.8077,-5.4397,-4.4924,-0.17,2.2132,-2.9855,-4.4966,-0.03
65.799,4.9325,3.58,3.5708,0.0597,0,0.25,0.25,0.25,4.8256,-0.507,-4.4955,0.07,4.8358,-5.4394,-4.4926,-0.18,2.2421,-2.9852,-4.4968,-0.03
65.899,4.9331,3.5804,3.571,0.0597,0,0.25,0.25,0.25,4.8545,-0.5061,-4.4955,0.08,4.8643,-5.4392,-4.4927,-0.17,2.2707,-2.9846,-4.4972,-0.02
65.999,4.9337,3.5814,3.5714,0.0602,0,0.25,0.25,0.25,4.8836,-0.5051,-4.4956,0.1,4.8932,-5.4387,-4.4929,-0.17,2.299,-2.9842,-4.4973,-0.02
66.099,4.9342,3.5822,3.5725,0.0609,0,0.25,0.25,0.25,4.9129,-0.5042,-4.4957,0.11,4.9223,-5.4385,-4.493,-0.16,2.3271,-2.9833,-4.497,-0.01
66.199,4.9343,3.5827,3.5734,0.0615,0,0.25,0.25,0.25,4.942,-0.5037,-4.4958,0.13,4.9513,-5.438,-4.493,-0.15,2.3552,-2.9825,-4.4966,-0.01
66.299,4.9347,3.5835,3.5741,0.062,0,0.25,0.25,0.25,4.9713,-0.5032,-4.4959,0.13,4.9798,-5.4379,-4.4929,-0.15,2.3833,-2.9818,-4.4963,-0.01
66.399,4.9356,3.584,3.5747,0.0622,0,0.25,0.25,0.25,5.0008,-0.5028,-4.496,0.13,5.0081,-5.4384,-4.4929,-0.16,2.4118,-2.9812,-4.496,-0.01
66.499,4.9361,3.5841,3.5748,0.062,0,0.25,0.25,0.25,5.0305,-0.5027,-4.4962,0.13,5.0363,-5.4388,-4.493,-0.16,2.4409,-2.9805,-4.4956,-0.0
66.599,4.9364,3.5837,3.5744,0.0615,0,0.25,0.25,0.25,5.0604,-0.5027,-4.4963,0.14,5.0646,-5.4391,-4.493,-0.14,2.4707,-2.9798,-4.4947,0.0
66.699,4.937,3.5836,3.5738,0.0609,0,0.25,0.25,0.25,5.0904,-0.5024,-4.4965,0.15,5.093,-5.4394,-4.493,-0.13,2.5007,-2.9793,-4.494,0.01
66.799,4.9377,3.584,3.5728,0.0605,0,0.25,0.25,0.25,5.1205,-0.5017,-4.4965,0.15,5.1216,-5.4394,-4.4931,-0.11,2.5307,-2.9792,-4.4935,0.01
66.899,4.9385,3.5846,3.5722,0.0603,0,0.25,0.25,0.25,5.1507,-0.5012,-4.4965,0.14,5.1502,-5.4397,-4.4934,-0.1,2.5605,-2.9792,-4.4929,0.01
66.999,4.9397,3.5853,3.5715,0.0599,0,0.25,0.25,0.25,5.1808,-0.5005,-4.4965,0.11,5.1786,-5.4402,-4.4939,-0.08,2.5903,-2.9792,-4.4929,0.02
67.099,4.9409,3.5861,3.5706,0.0595,0,0.25,0.25,0.25,5.2108,-0.4994,-4.4967,0.09,5.207,-5.4404,-4.4947,-0.06,2.6202,-2.9792,-4.4929,0.03
67.199,4.942,3.5871,3.5698,0.0592,0,0.25,0.25,0.25,5.2407,-0.4982,-4.4966,0.07,5.2356,-5.4402,-4.4953,-0.04,2.6499,-2.9791,-4.4926,0.03
67.299,4.9428,3.5879,3.569,0.0591,0,0.25,0.25,0.25,5.2705,-0.4968,-4.4963,0.06,5.2645,-5.4396,-4.4956,-0.03,2.6795,-2.9788,-4.4925,0.04
67.399,4.9433,3.5887,3.5681,0.059,0,0.25,0.25,0.25,5.3001,-0.4958,-4.4958,0.06,5.2933,-5.439,-4.4953,-0.02,2.709,-2.9788,-4.4924,0.06
67.499,4.9438,3.5901,3.5678,0.0593,0,0.25,0.25,0.25,5.3299,-0.4948,-4.4952,0.06,5.3226,-5.4386,-4.4949,0.0,2.7381,-2.979,-4.4921,0.06
67.599,4.9439,3.5917,3.5675,0.0601,0,0.25,0.25,0.25,5.3592,-0.4939,-4.4949,0.05,5.3524,-5.4377,-4.4947,0.03,2.7668,-2.9798,-4.4921,0.06
67.699,4.9442,3.5934,3.5677,0.061,0,0.25,0.25,0.25,5.3883,-0.4931,-4.4949,0.05,5.3821,-5.4373,-4.4946,0.06,2.7951,-2.9806,-4.4924,0.07
67.799,4.9447,3.5946,3.5681,0.0617,0,0.25,0.25,0.25,5.4173,-0.4927,-4.495,0.04,5.4115,-5.4373,-4.4946,0.09,2.8233,-2.9812,-4.4925,0.08
67.899,4.9445,3.5954,3.568,0.0621,0,0.25,0.25,0.25,5.4463,-0.4925,-4.4954,0.04,5.4403,-5.437,-4.4946,0.11,2.8516,-2.9815,-4.4928,0.09
67.999,4.9441,3.5958,3.5678,0.0623,0,0.25,0.25,0.25,5.4752,-0.4925,-4.4955,0.04,5.4688,-5.4366,-4.4947,0.12,2.8801,-2.9815,-4.4932,0.09
68.099,4.9433,3.5956,3.5673,0.0623,0,0.25,0.25,0.25,5.5042,-0.4924,-4.4954,0.05,5.4977,-5.4357,-4.4949,0.14,2.9091,-2.9812,-4.4937,0.1
68.199,4.9422,3.5959,3.5663,0.0624,0,0.25,0.25,0.25,5.5332,-0.4923,-4.4951,0.05,5.5265,-5.4345,-4.4952,0.15,2.938,-2.9812,-4.494,0.11
68.299,4.9411,3.5959,3.5653,0.0624,0,0.25,0.25,0.25,5.5621,-0.4922,-4.4948,0.05,5.5552,-5.4333,-4.4955,0.16,2.9669,-2.9813,-4.4943,0.12
68.399,4.9402,3.5954,3.5645,0.0621,0,0.25,0.25,0.25,5.5908,-0.4924,-4.4944,0.04,5.5837,-5.4326,-4.4959,0.16,2.996,-2.9811,-4.4947,0.12
68.499,4.9392,3.5944,3.5636,0.0615,0,0.25,0.25,0.25,5.6192,-0.4928,-4.494,0.02,5.6118,-5.432,-4.4963,0.16,3.0251,-2.9808,-4.4951,0.13
68.599,4.938,3.5937,3.562,0.0609,0,0.25,0.25,0.25,5.6477,-0.4932,-4.4938,0.01,5.6397,-5.4312,-4.4965,0.16,3.0544,-2.9809,-4.4955,0.15
68.699,4.9366,3.593,3.5596,0.0601,0,0.25,0.25,0.25,5.6762,-0.4934,-4.494,-0.0,5.6677,-5.43,-4.4964,0.15,3.0841,-2.9815,-4.4962,0.17
68.799,4.935,3.5923,3.5569,0.0592,0,0.25,0.25,0.25,5.7047,-0.4939,-4.4943,-0.01,5.6957,-5.4289,-4.4959,0.14,3.1138,-2.9823,-4.4966,0.18
68.899,4.9336,3.5917,3.5539,0.0583,0,0.25,0.25,0.25,5.7326,-0.4943,-4.4943,0.0,5.7235,-5.4279,-4.4954,0.13,3.1435,-2.9837,-4.4969,0.2
68.999,4.9325,3.5914,3.5505,0.0575,0,0.25,0.25,0.25,5.76,-0.4944,-4.4941,0.02,5.7513,-5.427,-4.4951,0.13,3.1732,-2.9858,-4.4972,0.21
69.099,4.9318,3.5911,3.5476,0.0567,0,0.25,0.25,0.25,5.7874,-0.4946,-4.4935,0.02,5.779,-5.4264,-4.4946,0.13,3.2026,-2.9876,-4.4976,0.22
69.199,4.9315,3.5911,3.5455,0.0562,0,0.25,0.25,0.25,5.8151,-0.4946,-4.493,0.03,5.8068,-5.4262,-4.4944,0.14,3.2317,-2.9891,-4.4977,0.22
69.299,4.9311,3.5914,3.5435,0.056,0,0.25,0.25,0.25,5.8429,-0.4945,-4.4929,0.04,5.8347,-5.4256,-4.4946,0.16,3.2605,-2.9904,-4.4974,0.21
69.399,4.9309,3.5925,3.5421,0.0563,0,0.25,0.25,0.25,5.8709,-0.4939,-4.493,0.04,5.8624,-5.4248,-4.495,0.17,3.2885,-2.9913,-4.497,0.2
69.499,4.9313,3.5943,3.5412,0.057,0,0.25,0.25,0.25,5.8994,-0.4928,-4.4933,0.03,5.89,-5.424,-4.4955,0.17,3.3161,-2.9919,-4.4967,0.17
69.599,4.9312,3.5961,3.541,0.058,0,0.25,0.25,0.25,5.9281,-0.4918,-4.4938,0.03,5.9184,-5.4231,-4.4963,0.16,3.3435,-2.9923,-4.4967,0.14
69.699,4.931,3.5974,3.5412,0.0589,0,0.25,0.25,0.25,5.9566,-0.4909,-4.4943,0.03,5.9468,-5.4219,-4.4972,0.16,3.3708,-2.992,-4.497,0.12
69.799,4.9314,3.5984,3.5415,0.0595,0,0.25,0.25,0.25,5.9847,-0.4896,-4.4943,0.03,5.9751,-5.421,-4.4981,0.15,3.3984,-2.9914,-4.4975,0.09
69.899,4.9321,3.5988,3.5423,0.0598,0,0.25,0.25,0.25,6.0126,-0.4883,-4.4942,0.03,6.0036,-5.4204,-4.4986,0.14,3.426,-2.9905,-4.4985,0.07
69.999,4.9331,3.5994,3.5431,0.0601,0,0.25,0.25,0.25,6.0407,-0.4866,-4.4944,0.03,6.0321,-5.4197,-4.4991,0.13,3.4539,-2.9894,-4.4993,0.04
70.099,4.9343,3.6,3.5439,0.0604,0,0.25,0.25,0.25,6.0689,-0.4847,-4.4944,0.04,6.0609,-5.4189,-4.4997,0.14,3.4819,-2.9882,-4.4999,0.01
70.199,4.9353,3.6002,3.545,0.0606,0,0.25,0.25,0.25,6.097,-0.483,-4.4945,0.05,6.0898,-5.4183,-4.5001,0.13,3.51,-2.9868,-4.5004,-0.0
70.299,4.9355,3.5998,3.5458,0.0606,0,0.25,0.25,0.25,6.1253,-0.482,-4.4948,0.06,6.1187,-5.4176,-4.5003,0.12,3.5385,-2.9855,-4.5009,-0.02
70.399,4.9356,3.5994,3.5467,0.0606,0,0.25,0.25,0.25,6.1537,-0.4814,-4.495,0.07,6.1476,-5.417,-4.5003,0.1,3.5669,-2.9842,-4.5012,-0.03
70.499,4.9358,3.5991,3.5477,0.0607,0,0.25,0.25,0.25,6.1823,-0.4808,-4.4951,0.06,6.1766,-5.4165,-4.5,0.07,3.5953,-2.9829,-4.5012,-0.03
70.599,4.9361,3.599,3.5489,0.0608,0,0.25,0.25,0.25,6.2111,-0.48,-4.4951,0.05,6.2057,-5.4161,-4.4996,0.04,3.6236,-2.9815,-4.5008,-0.04
70.699,4.9367,3.5994,3.5503,0.0612,0,0.25,0.25,0.25,6.2402,-0.4791,-4.4951,0.06,6.2348,-5.4159,-4.4995,0.02,3.6518,-2.9802,-4.4999,-0.04
70.799,4.9382,3.6004,3.5519,0.0618,0,0.25,0.25,0.25,6.2693,-0.4781,-4.4953,0.06,6.2639,-5.4163,-4.4994,-0.01,3.6797,-2.9794,-4.4988,-0.04
70.899,4.9395,3.6011,3.5537,0.0623,0,0.25,0.25,0.25,6.2982,-0.4773,-4.4956,0.05,6.2931,-5.4168,-4.4989,-0.01,3.7076,-2.9787,-4.4977,-0.05
70.999,4.9402,3.601,3.5557,0.0627,0,0.25,0.25,0.25,6.3268,-0.4771,-4.4962,0.04,6.3223,-5.4173,-4.4986,-0.01,3.7356,-2.9776,-4.4969,-0.06
71.099,4.9407,3.6006,3.5574,0.0629,0,0.25,0.25,0.25,6.3554,-0.4771,-4.4969,0.02,6.3515,-5.4177,-4.4982,-0.02,3.7638,-2.9766,-4.4963,-0.07
71.199,4.9416,3.6008,3.5588,0.0632,0,0.25,0.25,0.25,6.3841,-0.4769,-4.4974,0.01,6.3805,-5.4184,-4.4976,-0.02,3.792,-2.9762,-4.496,-0.08
71.299,4.9425,3.601,3.5603,0.0635,0,0.25,0.25,0.25,6.4129,-0.4768,-4.4975,-0.0,6.4095,-5.4193,-4.4969,-0.02,3.8202,-2.9757,-4.4955,-0.1
71.399,4.9434,3.6014,3.5615,0.0638,0,0.25,0.25,0.25,6.4419,-0.4767,-4.4974,-0.01,6.4387,-5.4201,-4.4962,-0.02,3.8485,-2.9756,-4.4951,-0.12
71.499,4.9442,3.6016,3.5628,0.0641,0,0.25,0.25,0.25,6.4705,-0.4768,-4.4972,-0.01,6.4679,-5.421,-4.4958,-0.02,3.8768,-2.9756,-4.495,-0.12
71.599,4.9445,3.6013,3.5642,0.0643,0,0.25,0.25,0.25,6.4988,-0.4773,-4.4967,-0.02,6.4969,-5.4217,-4.4953,-0.01,3.9048,-2.9753,-4.4949,-0.12
71.699,4.9444,3.6002,3.5657,0.0643,0,0.25,0.25,0.25,6.527,-0.4782,-4.4966,-0.02,6.5254,-5.4226,-4.4948,-0.01,3.9329,-2.9746,-4.4945,-0.13
71.799,4.9446,3.599,3.5672,0.0641,0,0.25,0.25,0.25,6.5551,-0.4789,-4.4969,-0.01,6.5537,-5.4235,-4.4947,-0.02,3.9609,-2.9735,-4.4941,-0.13
71.899,4.9461,3.5982,3.5695,0.064,0,0.25,0.25,0.25,6.5831,-0.4789,-4.4969,-0.01,6.5821,-5.425,-4.4945,-0.04,3.9887,-2.9722,-4.4939,-0.14
71.999,4.9476,3.5976,3.572,0.0641,0,0.25,0.25,0.25,6.6111,-0.4788,-4.4967,-0.01,6.6105,-5.4264,-4.4941,-0.06,4.0164,-2.9709,-4.494,-0.15
72.099,4.9486,3.5969,3.5741,0.0642,0,0.25,0.25,0.25,6.6391,-0.4786,-4.4966,-0.01,6.639,-5.4272,-4.4936,-0.08,4.0441,-2.9694,-4.4944,-0.16
72.199,4.949,3.5967,3.5757,0.0646,0,0.25,0.25,0.25,6.6674,-0.4783,-4.4966,0.0,6.6675,-5.4273,-4.4931,-0.09,4.0718,-2.968,-4.4947,-0.16
72.299,4.9487,3.597,3.5765,0.0651,0,0.25,0.25,0.25,6.6961,-0.478,-4.4967,0.01,6.6959,-5.4267,-4.4928,-0.08,4.0994,-2.9672,-4.4946,-0.17
72.399,4.9485,3.5976,3.5767,0.0656,0,0.25,0.25,0.25,6.7246,-0.4777,-4.4967,0.01,6.7241,-5.4262,-4.4929,-0.07,4.1271,-2.9669,-4.4944,-0.17
72.499,4.949,3.5986,3.5772,0.0661,0,0.25,0.25,0.25,6.753,-0.477,-4.4966,0.01,6.7528,-5.426,-4.4926,-0.05,4.1549,-2.9669,-4.4941,-0.16
72.599,4.9499,3.5995,3.5784,0.0668,0,0.25,0.25,0.25,6.7815,-0.476,-4.4965,0.02,6.7819,-5.4259,-4.4921,-0.03,4.1827,-2.9665,-4.4936,-0.15
72.699,4.951,3.6003,3.5802,0.0676,0,0.25,0.25,0.25,6.8099,-0.475,-4.4966,0.04,6.8111,-5.426,-4.4916,-0.02,4.2102,-2.9657,-4.4931,-0.15
72.799,4.9519,3.601,3.5821,0.0685,0,0.25,0.25,0.25,6.8381,-0.4742,-4.4966,0.05,6.8405,-5.4261,-4.491,0.0,4.2376,-2.9651,-4.4927,-0.14
72.899,4.9521,3.6017,3.5835,0.0694,0,0.25,0.25,0.25,6.8665,-0.4738,-4.4964,0.05,6.8698,-5.4259,-4.4905,0.02,4.2651,-2.9649,-4.4922,-0.14
72.999,4.9523,3.6027,3.5845,0.0703,0,0.25,0.25,0.25,6.8952,-0.4736,-4.4962,0.04,6.8988,-5.4258,-4.4902,0.04,4.2926,-2.9648,-4.4917,-0.15
73.099,4.9522,3.6037,3.5854,0.0712,0,0.25,0.25,0.25,6.9238,-0.4733,-4.4962,0.04,6.9275,-5.4255,-4.4898,0.06,4.32,-2.9646,-4.4913,-0.16
73.199,4.952,3.6049,3.5864,0.0723,0,0.25,0.25,0.25,6.9524,-0.4732,-4.496,0.04,6.9564,-5.4251,-4.4897,0.07,4.3471,-2.9647,-4.4908,-0.16
73.299,4.9515,3.6063,3.5868,0.0734,0,0.25,0.25,0.25,6.9811,-0.473,-4.4958,0.02,6.9853,-5.4246,-4.4898,0.09,4.3744,-2.9652,-4.4904,-0.15
73.399,4.9517,3.6081,3.5875,0.0745,0,0.25,0.25,0.25,7.0099,-0.4728,-4.4958,0.01,7.0144,-5.4245,-4.49,0.11,4.4018,-2.966,-4.4902,-0.14
73.499,4.9523,3.6103,3.5884,0.0759,0,0.25,0.25,0.25,7.0386,-0.4723,-4.4962,-0.01,7.0434,-5.4247,-4.4903,0.12,4.4288,-2.967,-4.4899,-0.13
73.599,4.9534,3.6126,3.5894,0.0772,0,0.25,0.25,0.25,7.0672,-0.4716,-4.4968,-0.02,7.0725,-5.425,-4.4907,0.13,4.4559,-2.968,-4.4899,-0.11
73.699,4.9534,3.6142,3.5899,0.0782,0,0.25,0.25,0.25,7.0958,-0.4714,-4.4971,-0.04,7.1017,-5.4248,-4.4916,0.14,4.4833,-2.9689,-4.4902,-0.1
73.799,4.9533,3.6157,3.5905,0.0793,0,0.25,0.25,0.25,7.1246,-0.4714,-4.4972,-0.07,7.1311,-5.4248,-4.4924,0.13,4.5109,-2.9699,-4.4907,-0.09
73.899,4.9544,3.6171,3.5914,0.0801,0,0.25,0.25,0.25,7.1528,-0.4707,-4.4975,-0.08,7.1602,-5.4251,-4.4931,0.12,4.5386,-2.9705,-4.4914,-0.09
73.999,4.9559,3.6181,3.5922,0.0805,0,0.25,0.25,0.25,7.1807,-0.4695,-4.4979,-0.09,7.1891,-5.4254,-4.494,0.12,4.5665,-2.9707,-4.492,-0.1
74.099,4.9575,3.6188,3.5933,0.0809,0,0.25,0.25,0.25,7.2089,-0.4685,-4.4985,-0.1,7.2183,-5.426,-4.4947,0.12,4.5946,-2.9708,-4.4923,-0.1
74.199,4.9588,3.6193,3.5943,0.0813,0,0.25,0.25,0.25,7.2367,-0.4677,-4.4993,-0.11,7.2475,-5.4265,-4.4955,0.12,4.6227,-2.9709,-4.492,-0.1
74.299,4.9592,3.6194,3.5951,0.0816,0,0.25,0.25,0.25,7.2646,-0.4672,-4.5,-0.13,7.2765,-5.4265,-4.4965,0.11,4.6507,-2.9708,-4.4915,-0.1
74.399,4.9594,3.6192,3.5956,0.0817,0,0.25,0.25,0.25,7.2924,-0.4669,-4.5005,-0.14,7.3052,-5.4263,-4.497,0.11,4.6789,-2.9705,-4.4911,-0.09
74.499,4.9593,3.6191,3.5958,0.0818,0,0.25,0.25,0.25,7.3202,-0.4666,-4.5007,-0.14,7.3337,-5.4258,-4.4972,0.11,4.7069,-2.9703,-4.491,-0.09
74.599,4.9601,3.6199,3.5961,0.0821,0,0.25,0.25,0.25,7.3484,-0.4657,-4.5009,-0.14,7.3619,-5.4258,-4.4973,0.1,4.7347,-2.9702,-4.4911,-0.08
74.699,4.9622,3.6209,3.5967,0.0822,0,0.25,0.25,0.25,7.3765,-0.4645,-4.5014,-0.15,7.3899,-5.4267,-4.4972,0.09,4.7627,-2.9702,-4.4914,-0.07
74.799,4.9649,3.6217,3.5975,0.0821,0,0.25,0.25,0.25,7.4044,-0.4634,-4.5019,-0.15,7.4178,-5.4282,-4.4969,0.07,4.7907,-2.9705,-4.4916,-0.06
74.899,4.9676,3.6233,3.5978,0.0821,0,0.25,0.25,0.25,7.4323,-0.4623,-4.5019,-0.16,7.4455,-5.4299,-4.4966,0.06,4.8186,-2.9716,-4.4916,-0.05
74.999,4.9695,3.6248,3.5971,0.0822,0,0.25,0.25,0.25,7.4603,-0.4616,-4.5019,-0.17,7.4733,-5.431,-4.4964,0.06,4.8467,-2.9733,-4.4915,-0.03
75.099,4.9707,3.6261,3.5966,0.0823,0,0.25,0.25,0.25,7.4882,-0.4611,-4.5019,-0.19,7.5014,-5.4317,-4.496,0.06,4.8748,-2.9748,-4.4913,-0.02
75.199,4.9719,3.6269,3.5965,0.0824,0,0.25,0.25,0.25,7.5162,-0.4605,-4.5018,-0.2,7.5301,-5.4324,-4.4953,0.05,4.9032,-2.9758,-4.4912,-0.02
75.299,4.9727,3.6271,3.5961,0.0822,0,0.25,0.25,0.25,7.5441,-0.4601,-4.5016,-0.21,7.5588,-5.4327,-4.4947,0.04,4.9321,-2.9766,-4.4911,-0.0
75.399,4.973,3.6266,3.5957,0.0818,0,0.25,0.25,0.25,7.5722,-0.46,-4.5017,-0.22,7.5877,-5.433,-4.4941,0.03,4.9613,-2.9771,-4.4914,-0.01
75.499,4.9732,3.6253,3.5955,0.081,0,0.25,0.25,0.25,7.5997,-0.4602,-4.502,-0.21,7.6165,-5.4334,-4.4935,0.01,4.9907,-2.9773,-4.4918,-0.0
75.599,4.9733,3.6235,3.5956,0.0802,0,0.25,0.25,0.25,7.6271,-0.4605,-4.5019,-0.2,7.6456,-5.4337,-4.4932,0.01,5.02,-2.9771,-4.4916,-0.0
75.699,4.9733,3.6217,3.5958,0.0793,0,0.25,0.25,0.25,7.6542,-0.4609,-4.5017,-0.19,7.6746,-5.4342,-4.493,0.01,5.0493,-2.977,-4.4913,-0.0
75.799,4.9727,3.6196,3.5961,0.0786,0,0.25,0.25,0.25,7.6812,-0.4614,-4.5014,-0.18,7.7039,-5.4341,-4.4932,0.01,5.0784,-2.9768,-4.4911,-0.0
75.899,4.9712,3.6178,3.5963,0.0783,0,0.25,0.25,0.25,7.7085,-0.4622,-4.5008,-0.18,7.7332,-5.4334,-4.4935,0.02,5.1071,-2.9763,-4.4909,-0.01
75.999,4.9694,3.6159,3.5964,0.078,0,0.25,0.25,0.25,7.736,-0.463,-4.5001,-0.17,7.7627,-5.4323,-4.4939,0.02,5.136,-2.9758,-4.4906,-0.01
76.099,4.9675,3.6139,3.5964,0.0777,0,0.25,0.25,0.25,7.7637,-0.4636,-4.4995,-0.15,7.7923,-5.431,-4.4941,0.03,5.165,-2.975,-4.4906,-0.0
76.199,4.9656,3.6123,3.5963,0.0774,0,0.25,0.25,0.25,7.7916,-0.4639,-4.4991,-0.15,7.8219,-5.4294,-4.4944,0.02,5.1941,-2.9742,-4.4906,0.01
76.299,4.9639,3.6105,3.5962,0.077,0,0.25,0.25,0.25,7.8195,-0.4641,-4.4983,-0.15,7.8513,-5.4279,-4.4948,0.03,5.2233,-2.9731,-4.4905,0.02
76.399,4.9627,3.609,3.597,0.077,0,0.25,0.25,0.25,7.8474,-0.4642,-4.4975,-0.15,7.881,-5.4268,-4.4955,0.04,5.252,-2.972,-4.4904,0.03
76.499,4.9612,3.6076,3.5983,0.0773,0,0.25,0.25,0.25,7.8753,-0.4644,-4.4967,-0.15,7.911,-5.4255,-4.4962,0.05,5.2803,-2.9706,-4.4901,0.03
76.599,4.9597,3.606,3.5998,0.0776,0,0.25,0.25,0.25,7.9031,-0.4648,-4.4957,-0.13,7.9413,-5.4244,-4.4971,0.06,5.3087,-2.9692,-4.4899,0.03
76.699,4.9585,3.6048,3.6013,0.078,0,0.25,0.25,0.25,7.9307,-0.465,-4.4947,-0.1,7.9715,-5.4233,-4.4977,0.06,5.3368,-2.9682,-4.49,0.02
76.799,4.9574,3.6039,3.6027,0.0785,0,0.25,0.25,0.25,7.9582,-0.4651,-4.4935,-0.08,8.0018,-5.4223,-4.4978,0.08,5.3649,-2.9676,-4.4904,0.0
76.899,4.9564,3.6034,3.6038,0.0791,0,0.25,0.25,0.25,7.9855,-0.4654,-4.4921,-0.06,8.0319,-5.4215,-4.4979,0.1,5.3926,-2.9676,-4.4911,-0.01
76.999,4.9556,3.6029,3.605,0.0797,0,0.25,0.25,0.25,8.013,-0.4657,-4.4911,-0.05,8.0619,-5.421,-4.4982,0.11,5.4205,-2.9677,-4.4919,-0.02
77.099,4.9549,3.6026,3.6059,0.0802,0,0.25,0.25,0.25,8.0406,-0.4659,-4.4906,-0.05,8.0921,-5.4205,-4.4986,0.13,5.4487,-2.968,-4.4926,-0.03
77.199,4.9541,3.6024,3.6067,0.0808,0,0.25,0.25,0.25,8.0685,-0.4661,-4.4902,-0.04,8.1223,-5.4199,-4.4987,0.13,5.4769,-2.9684,-4.4932,-0.03
77.299,4.9536,3.6024,3.608,0.0815,0,0.25,0.25,0.25,8.0967,-0.4663,-4.4898,-0.03,8.1527,-5.4196,-4.4985,0.14,5.5051,-2.9685,-4.4938,-0.04
77.399,4.9532,3.6027,3.6088,0.0822,0,0.25,0.25,0.25,8.1251,-0.4664,-4.4895,-0.02,8.1824,-5.4192,-4.4982,0.14,5.5332,-2.9686,-4.4944,-0.04
77.499,4.9531,3.6038,3.6094,0.0831,0,0.25,0.25,0.25,8.1536,-0.4659,-4.4894,-0.0,8.2119,-5.4187,-4.4982,0.15,5.5609,-2.969,-4.4949,-0.05
77.599,4.9528,3.6052,3.61,0.0842,0,0.25,0.25,0.25,8.182,-0.4653,-4.4898,0.01,8.2412,-5.4177,-4.4985,0.15,5.5884,-2.9694,-4.4952,-0.05
77.699,4.9522,3.6067,3.6103,0.0854,0,0.25,0.25,0.25,8.2105,-0.4647,-4.4904,0.02,8.2705,-5.4166,-4.4987,0.14,5.6158,-2.9698,-4.4955,-0.05
77.799,4.9514,3.608,3.6102,0.0864,0,0.25,0.25,0.25,8.239,-0.4641,-4.4913,0.03,8.2998,-5.4152,-4.4987,0.13,5.6434,-2.9703,-4.4959,-0.04
77.899,4.9509,3.6092,3.6102,0.0873,0,0.25,0.25,0.25,8.2674,-0.4635,-4.492,0.04,8.3287,-5.414,-4.4986,0.11,5.671,-2.9706,-4.4965,-0.04
77.999,4.9501,3.6102,3.6096,0.0879,0,0.25,0.25,0.25,8.2958,-0.4633,-4.4926,0.04,8.3571,-5.4129,-4.4985,0.1,5.6988,-2.9711,-4.4973,-0.04
78.099,4.9491,3.6104,3.6087,0.088,0,0.25,0.25,0.25,8.3238,-0.4632,-4.4932,0.04,8.3853,-5.412,-4.4985,0.09,5.7269,-2.9714,-4.4982,-0.04
78.199,4.948,3.6102,3.6079,0.088,0,0.25,0.25,0.25,8.3516,-0.4632,-4.4939,0.04,8.4134,-5.4108,-4.4988,0.08,5.7551,-2.9715,-4.499,-0.04
78.299,4.9472,3.6102,3.607,0.088,0,0.25,0.25,0.25,8.3799,-0.4631,-4.4945,0.04,8.4414,-5.4099,-4.4991,0.08,5.7834,-2.9715,-4.4997,-0.04
78.399,4.9468,3.6105,3.6062,0.088,0,0.25,0.25,0.25,8.4083,-0.4627,-4.4951,0.05,8.4695,-5.4091,-4.499,0.06,5.8119,-2.9715,-4.5,-0.04
78.499,4.9463,3.6111,3.605,0.088,0,0.25,0.25,0.25,8.437,-0.4622,-4.4958,0.06,8.4972,-5.4082,-4.4988,0.05,5.8403,-2.9717,-4.5001,-0.03
78.599,4.9465,3.6124,3.6039,0.0882,0,0.25,0.25,0.25,8.4659,-0.4616,-4.4964,0.08,8.525,-5.4077,-4.499,0.04,5.8686,-2.9723,-4.5001,-0.03
78.699,4.9465,3.6134,3.6033,0.0885,0,0.25,0.25,0.25,8.4948,-0.4613,-4.4969,0.08,8.5532,-5.4075,-4.4992,0.05,5.8969,-2.9728,-4.5,-0.03
78.799,4.9468,3.6141,3.603,0.0887,0,0.25,0.25,0.25,8.5235,-0.4612,-4.4971,0.08,8.5814,-5.4076,-4.4993,0.05,5.9252,-2.9732,-4.5,-0.03
78.899,4.9475,3.615,3.6028,0.0889,0,0.25,0.25,0.25,8.5523,-0.4611,-4.497,0.07,8.6092,-5.4083,-4.4994,0.04,5.9534,-2.9739,-4.4999,-0.03
78.999,4.9482,3.6155,3.6025,0.0887,0,0.25,0.25,0.25,8.5809,-0.4612,-4.4971,0.08,8.6369,-5.4092,-4.4995,0.04,5.9817,-2.9744,-4.5001,-0.04
79.099,4.9487,3.6155,3.6021,0.0884,0,0.25,0.25,0.25,8.6096,-0.4616,-4.4974,0.08,8.6644,-5.41,-4.4998,0.03,6.0102,-2.9747,-4.5001,-0.05
79.199,4.949,3.6155,3.6022,0.0881,0,0.25,0.25,0.25,8.6387,-0.4623,-4.4978,0.07,8.6922,-5.411,-4.4998,0.03,6.0388,-2.9747,-4.4999,-0.05
79.299,4.9489,3.6151,3.6022,0.0879,0,0.25,0.25,0.25,8.668,-0.4633,-4.498,0.06,8.7204,-5.4119,-4.4993,0.03,6.0678,-2.9748,-4.4998,-0.04
79.399,4.9492,3.6144,3.6023,0.0873,0,0.25,0.25,0.25,8.6973,-0.4641,-4.498,0.05,8.7485,-5.4131,-4.4988,0.02,6.097,-2.9746,-4.4995,-0.05
79.499,4.95,3.6138,3.6021,0.0865,0,0.25,0.25,0.25,8.7262,-0.4645,-4.4976,0.05,8.7761,-5.4142,-4.4982,0.02,6.1262,-2.9744,-4.4993,-0.06
79.599,4.9508,3.6139,3.6013,0.0859,0,0.25,0.25,0.25,8.7552,-0.4644,-4.4973,0.05,8.8034,-5.415,-4.4978,0.03,6.1552,-2.9744,-4.4991,-0.07
79.699,4.9516,3.6137,3.6007,0.0853,0,0.25,0.25,0.25,8.7842,-0.4643,-4.4968,0.06,8.8307,-5.4157,-4.4976,0.03,6.1842,-2.9741,-4.4993,-0.09
79.799,4.9523,3.6132,3.6008,0.0847,0,0.25,0.25,0.25,8.8126,-0.4641,-4.4964,0.07,8.8588,-5.4161,-4.4978,0.03,6.2131,-2.9736,-4.4996,-0.11
79.899,4.9528,3.6125,3.601,0.0843,0,0.25,0.25,0.25,8.841,-0.4637,-4.4964,0.09,8.8872,-5.4163,-4.4979,0.04,6.242,-2.9728,-4.4994,-0.14
79.999,4.9533,3.6126,3.6012,0.0842,0,0.25,0.25,0.25,8.8698,-0.4631,-4.4967,0.1,8.9159,-5.4162,-4.4974,0.05,6.2709,-2.9723,-4.4991,-0.14
80.099,4.9536,3.6126,3.6008,0.084,0,0.25,0.25,0.25,8.8985,-0.4626,-4.4968,0.11,8.9446,-5.416,-4.4969,0.05,6.3,-2.9722,-4.4989,-0.14
80.199,4.953,3.6118,3.6001,0.0835,0,0.25,0.25,0.25,8.9269,-0.4626,-4.4964,0.13,8.9735,-5.4155,-4.4966,0.05,6.3294,-2.9722,-4.4982,-0.13
80.299,4.952,3.6112,3.5996,0.0834,0,0.25,0.25,0.25,8.9552,-0.4631,-4.4965,0.16,9.0026,-5.4149,-4.4961,0.05,6.3584,-2.9725,-4.4977,-0.12
80.399,4.9506,3.6108,3.5993,0.0836,0,0.25,0.25,0.25,8.9834,-0.4637,-4.4966,0.19,9.0319,-5.4141,-4.4951,0.05,6.387,-2.973,-4.4972,-0.1
80.499,4.9491,3.6104,3.5991,0.0839,0,0.25,0.25,0.25,9.0115,-0.4643,-4.4962,0.2,9.0611,-5.4132,-4.4945,0.05,6.4153,-2.9733,-4.4967,-0.09
80.599,4.9477,3.6098,3.5991,0.084,0,0.25,0.25,0.25,9.0396,-0.4652,-4.4954,0.21,9.0901,-5.4126,-4.4941,0.06,6.4436,-2.9735,-4.4964,-0.09
80.699,4.9468,3.609,3.5995,0.084,0,0.25,0.25,0.25,9.0678,-0.4662,-4.4943,0.21,9.1188,-5.4128,-4.4938,0.05,6.472,-2.9734,-4.4963,-0.07
80.799,4.946,3.6081,3.5997,0.0839,0,0.25,0.25,0.25,9.0962,-0.4674,-4.4936,0.21,9.1473,-5.4132,-4.4935,0.04,6.5004,-2.9735,-4.496,-0.05
80.899,4.946,3.6075,3.6,0.0836,0,0.25,0.25,0.25,9.1244,-0.4682,-4.4931,0.21,9.1754,-5.4139,-4.4933,0.03,6.5288,-2.9736,-4.4957,-0.02
80.999,4.9457,3.6067,3.6006,0.0835,0,0.25,0.25,0.25,9.1526,-0.4691,-4.4928,0.2,9.2038,-5.4146,-4.493,0.03,6.557,-2.9734,-4.4954,-0.01
81.099,4.9453,3.6061,3.6015,0.0836,0,0.25,0.25,0.25,9.1811,-0.47,-4.4928,0.2,9.2325,-5.4149,-4.4927,0.03,6.5852,-2.9731,-4.4953,-0.0
81.199,4.9454,3.6059,3.6025,0.0838,0,0.25,0.25,0.25,9.2095,-0.4705,-4.4932,0.2,9.2614,-5.4156,-4.4922,0.03,6.6135,-2.9731,-4.4953,0.0
81.299,4.9465,3.6057,3.6037,0.0838,0,0.25,0.25,0.25,9.2384,-0.4707,-4.4937,0.18,9.2903,-5.417,-4.4919,0.02,6.6421,-2.9729,-4.4952,0.01
81.399,4.948,3.606,3.605,0.0838,0,0.25,0.25,0.25,9.2676,-0.4707,-4.4942,0.16,9.319,-5.4185,-4.4916,0.0,6.6707,-2.9726,-4.4953,0.02
81.499,4.9495,3.6057,3.6062,0.0836,0,0.25,0.25,0.25,9.2967,-0.4708,-4.4951,0.15,9.3475,-5.42,-4.4915,-0.01,6.6995,-2.972,-4.4956,0.03
81.599,4.9507,3.6057,3.6073,0.0836,0,0.25,0.25,0.25,9.3259,-0.4706,-4.4962,0.14,9.3763,-5.421,-4.4916,-0.01,6.7283,-2.9713,-4.4956,0.04
81.699,4.9522,3.6066,3.6077,0.0837,0,0.25,0.25,0.25,9.3552,-0.4697,-4.4974,0.13,9.405,-5.4216,-4.4917,-0.01,6.7571,-2.9712,-4.4955,0.05
81.799,4.9535,3.6076,3.6075,0.0837,0,0.25,0.25,0.25,9.3846,-0.4688,-4.4983,0.13,9.4333,-5.4221,-4.4919,-0.01,6.7861,-2.9713,-4.4954,0.07
81.899,4.955,3.6086,3.6072,0.0836,0,0.25,0.25,0.25,9.4141,-0.4678,-4.4993,0.14,9.4613,-5.4226,-4.4922,0.0,6.8151,-2.9712,-4.4955,0.08
81.999,4.9566,3.6096,3.607,0.0835,0,0.25,0.25,0.25,9.4435,-0.4666,-4.5001,0.14,9.4895,-5.4229,-4.4926,0.01,6.8441,-2.971,-4.4958,0.09
82.099,4.9579,3.6103,3.6068,0.0833,0,0.25,0.25,0.25,9.4729,-0.4654,-4.5004,0.13,9.518,-5.4231,-4.4932,0.02,6.8732,-2.9707,-4.4962,0.09
82.199,4.9593,3.6107,3.6072,0.0833,0,0.25,0.25,0.25,9.5019,-0.4645,-4.5006,0.12,9.5467,-5.4236,-4.4935,0.01,6.9022,-2.9703,-4.4964,0.1
82.299,4.9601,3.6111,3.6077,0.0833,0,0.25,0.25,0.25,9.5309,-0.4637,-4.5008,0.11,9.5754,-5.4237,-4.4936,0.0,6.9309,-2.9697,-4.4962,0.12
82.399,4.9605,3.6115,3.6078,0.0834,0,0.25,0.25,0.25,9.5602,-0.4632,-4.501,0.09,9.604,-5.4235,-4.4941,-0.01,6.9597,-2.9691,-4.496,0.12
82.499,4.9608,3.612,3.6076,0.0835,0,0.25,0.25,0.25,9.5898,-0.4626,-4.5011,0.08,9.6326,-5.4232,-4.4945,-0.01,6.9887,-2.9687,-4.496,0.13
82.599,4.9613,3.6125,3.6072,0.0834,0,0.25,0.25,0.25,9.6192,-0.4619,-4.501,0.08,9.6608,-5.423,-4.495,-0.01,7.0176,-2.9683,-4.4963,0.13
82.699,4.9616,3.6123,3.6068,0.083,0,0.25,0.25,0.25,9.6482,-0.4618,-4.5008,0.08,9.6888,-5.4232,-4.4953,-0.0,7.0467,-2.9679,-4.4966,0.12
82.799,4.9617,3.6124,3.6063,0.0827,0,0.25,0.25,0.25,9.6771,-0.4617,-4.5009,0.09,9.7169,-5.4232,-4.4957,0.01,7.0755,-2.9679,-4.497,0.12
82.899,4.9617,3.6126,3.6056,0.0825,0,0.25,0.25,0.25,9.7059,-0.4614,-4.5009,0.09,9.745,-5.423,-4.496,0.02,7.1044,-2.9679,-4.4976,0.12
82.999,4.9621,3.6126,3.6052,0.0823,0,0.25,0.25,0.25,9.7347,-0.4608,-4.5009,0.09,9.7735,-5.4227,-4.4956,0.04,7.1334,-2.9677,-4.4982,0.11
83.099,4.9622,3.6128,3.6044,0.082,0,0.25,0.25,0.25,9.7636,-0.4602,-4.5009,0.07,9.802,-5.4222,-4.4952,0.06,7.1626,-2.9675,-4.4987,0.1
83.199,4.9627,3.6129,3.6037,0.0816,0,0.25,0.25,0.25,9.7924,-0.4594,-4.5008,0.06,9.83,-5.4219,-4.495,0.07,7.1917,-2.9671,-4.4989,0.1
83.299,4.9636,3.6128,3.6033,0.0811,0,0.25,0.25,0.25,9.8212,-0.4589,-4.5004,0.06,9.8578,-5.4224,-4.4952,0.07,7.2208,-2.9669,-4.4992,0.11
83.399,4.9646,3.6122,3.6035,0.0805,0,0.25,0.25,0.25,9.8495,-0.4587,-4.5,0.06,9.886,-5.4232,-4.4954,0.06,7.2497,-2.9665,-4.4991,0.12
83.499,4.9655,3.6113,3.6037,0.0799,0,0.25,0.25,0.25,9.8772,-0.4586,-4.5002,0.06,9.9145,-5.4239,-4.4954,0.06,7.2787,-2.9665,-4.4989,0.12
83.599,4.9662,3.6103,3.6039,0.0792,0,0.25,0.25,0.25,9.9048,-0.4588,-4.5005,0.05,9.9429,-5.4248,-4.4953,0.06,7.3076,-2.9665,-4.4987,0.12
83.699,4.9668,3.6101,3.6045,0.0792,0,0.25,0.25,0.25,9.9329,-0.459,-4.5005,0.06,9.9715,-5.4256,-4.4953,0.08,7.336,-2.9668,-4.4984,0.12
83.799,4.9673,3.6103,3.6051,0.0794,0,0.25,0.25,0.25,9.961,-0.4592,-4.5,0.07,10.0001,-5.4264,-4.4957,0.08,7.364,-2.9672,-4.4982,0.12
83.899,4.9678,3.6107,3.6051,0.0794,0,0.25,0.25,0.25,9.9894,-0.4593,-4.4995,0.07,10.0285,-5.427,-4.4963,0.07,7.3924,-2.9678,-4.4983,0.13
83.999,4.9686,3.6108,3.6049,0.0792,0,0.25,0.25,0.25,10.0177,-0.4597,-4.4993,0.07,10.0565,-5.4281,-4.4966,0.05,7.4209,-2.9686,-4.4984,0.13
84.099,4.9699,3.611,3.6049,0.0788,0,0.25,0.25,0.25,10.0459,-0.4599,-4.4991,0.08,10.0838,-5.4296,-4.4965,0.04,7.4492,-2.9691,-4.4982,0.11
84.199,4.9717,3.6116,3.6051,0.0786,0,0.25,0.25,0.25,10.0738,-0.4595,-4.4993,0.08,10.1111,-5.431,-4.4964,0.02,7.4771,-2.9696,-4.4977,0.09
84.299,4.9729,3.6119,3.6054,0.0785,0,0.25,0.25,0.25,10.1016,-0.4597,-4.4996,0.08,10.1385,-5.4325,-4.4967,0.01,7.5048,-2.9701,-4.4972,0.08
84.399,4.9731,3.6117,3.6053,0.0782,0,0.25,0.25,0.25,10.1298,-0.4605,-4.4998,0.08,10.1657,-5.4335,-4.4971,-0.0,7.5328,-2.9706,-4.4967,0.06
84.499,4.9727,3.6114,3.6049,0.0779,0,0.25,0.25,0.25,10.1582,-0.4614,-4.4998,0.08,10.1927,-5.434,-4.4974,-0.01,7.5609,-2.9706,-4.4961,0.04
84.599,4.9727,3.6115,3.6048,0.0779,0,0.25,0.25,0.25,10.1869,-0.462,-4.4999,0.09,10.2198,-5.4346,-4.4976,-0.01,7.5887,-2.9705,-4.4955,0.01
84.699,4.973,3.6117,3.605,0.0779,0,0.25,0.25,0.25,10.2154,-0.4627,-4.5,0.08,10.2472,-5.4356,-4.498,-0.0,7.6165,-2.9707,-4.4947,-0.02
84.799,4.9732,3.612,3.6055,0.0782,0,0.25,0.25,0.25,10.244,-0.4633,-4.4998,0.07,10.2752,-5.4364,-4.4985,0.0,7.6443,-2.971,-4.4942,-0.05
84.899,4.9734,3.6125,3.6058,0.0785,0,0.25,0.25,0.25,10.2728,-0.464,-4.4994,0.07,10.3031,-5.4373,-4.4989,-0.0,7.6723,-2.9715,-4.4942,-0.08
84.999,4.9736,3.6128,3.6063,0.0787,0,0.25,0.25,0.25,10.3014,-0.4646,-4.4991,0.06,10.3309,-5.4382,-4.4992,-0.01,7.7,-2.9716,-4.4944,-0.09
85.099,4.9737,3.6126,3.6068,0.0787,0,0.25,0.25,0.25,10.3297,-0.4653,-4.499,0.05,10.3585,-5.4389,-4.4996,-0.02,7.7278,-2.9715,-4.4946,-0.09
85.199,4.9741,3.6123,3.6072,0.0785,0,0.25,0.25,0.25,10.358,-0.4659,-4.4991,0.06,10.3862,-5.4399,-4.5,-0.04,7.7559,-2.9714,-4.4948,-0.09
85.299,4.9742,3.6119,3.6074,0.0784,0,0.25,0.25,0.25,10.3864,-0.4666,-4.499,0.07,10.4141,-5.4407,-4.5002,-0.05,7.7842,-2.9715,-4.4948,-0.09
85.399,4.9743,3.6121,3.6075,0.0784,0,0.25,0.25,0.25,10.4153,-0.4674,-4.4988,0.08,10.4425,-5.4416,-4.5003,-0.05,7.8127,-2.9721,-4.4946,-0.09
85.499,4.9743,3.6122,3.6075,0.0784,0,0.25,0.25,0.25,10.4438,-0.4682,-4.4986,0.09,10.4712,-5.4424,-4.5002,-0.06,7.8413,-2.9731,-4.4943,-0.09
85.599,4.9744,3.6127,3.6071,0.0785,0,0.25,0.25,0.25,10.4725,-0.4689,-4.4984,0.1,10.4998,-5.4433,-4.5,-0.05,7.8699,-2.9744,-4.4941,-0.09
85.699,4.9744,3.6128,3.606,0.0781,0,0.25,0.25,0.25,10.5012,-0.4695,-4.4984,0.1,10.5279,-5.4438,-4.4992,-0.04,7.899,-2.9756,-4.494,-0.09
85.799,4.975,3.6127,3.605,0.0775,0,0.25,0.25,0.25,10.5295,-0.4696,-4.4984,0.1,10.5559,-5.4445,-4.4985,-0.03,7.9282,-2.9766,-4.4939,-0.09
85.899,4.9759,3.6126,3.604,0.0768,0,0.25,0.25,0.25,10.5579,-0.4693,-4.4986,0.1,10.5836,-5.4451,-4.4981,-0.03,7.9574,-2.9769,-4.4938,-0.1
85.999,4.9771,3.6125,3.6035,0.0761,0,0.25,0.25,0.25,10.5863,-0.4687,-4.4991,0.09,10.6113,-5.4457,-4.4978,-0.03,7.9864,-2.9768,-4.4933,-0.1
86.099,4.9786,3.6127,3.6035,0.0757,0,0.25,0.25,0.25,10.6149,-0.4681,-4.4995,0.08,10.6391,-5.4467,-4.4975,-0.04,8.0153,-2.9768,-4.4927,-0.11
86.199,4.9806,3.6129,3.6035,0.0752,0,0.25,0.25,0.25,10.6437,-0.4674,-4.4997,0.08,10.6669,-5.448,-4.4972,-0.04,8.0443,-2.9767,-4.4922,-0.12
86.299,4.9822,3.6136,3.6038,0.0751,0,0.25,0.25,0.25,10.6731,-0.4668,-4.4998,0.08,10.6952,-5.449,-4.4966,-0.03,8.0732,-2.9766,-4.4918,-0.12
86.399,4.983,3.6145,3.604,0.0754,0,0.25,0.25,0.25,10.7026,-0.4664,-4.4999,0.09,10.724,-5.4493,-4.4961,-0.02,8.102,-2.9767,-4.4914,-0.12
86.499,4.9836,3.6155,3.604,0.0757,0,0.25,0.25,0.25,10.7321,-0.466,-4.4998,0.1,10.753,-5.4495,-4.4959,-0.02,8.1309,-2.9771,-4.491,-0.12
86.599,4.9847,3.6163,3.6043,0.0758,0,0.25,0.25,0.25,10.7613,-0.4654,-4.4996,0.11,10.7819,-5.4501,-4.4957,-0.02,8.1598,-2.9772,-4.4906,-0.11
86.699,4.9857,3.6172,3.6047,0.0761,0,0.25,0.25,0.25,10.7903,-0.4649,-4.4993,0.11,10.8107,-5.4506,-4.4954,-0.02,8.1882,-2.9775,-4.4906,-0.13
86.799,4.9862,3.6179,3.605,0.0765,0,0.25,0.25,0.25,10.8191,-0.4648,-4.4991,0.1,10.8393,-5.4509,-4.495,-0.0,8.2164,-2.9777,-4.4908,-0.14
86.899,4.986,3.6178,3.6054,0.0766,0,0.25,0.25,0.25,10.8478,-0.4654,-4.4987,0.09,10.8678,-5.4514,-4.4946,0.01,8.2447,-2.9778,-4.4908,-0.14
86.999,4.9855,3.6172,3.6054,0.0764,0,0.25,0.25,0.25,10.8763,-0.4663,-4.4981,0.09,10.8962,-5.4517,-4.4942,0.01,8.2733,-2.978,-4.4907,-0.13
87.099,4.985,3.6171,3.6051,0.0764,0,0.25,0.25,0.25,10.905,-0.4671,-4.4977,0.09,10.9248,-5.452,-4.494,-0.0,8.3019,-2.9786,-4.4909,-0.12
87.199,4.984,3.6171,3.6048,0.0766,0,0.25,0.25,0.25,10.9336,-0.4681,-4.4974,0.08,10.9537,-5.4521,-4.4939,-0.01,8.3305,-2.9796,-4.4911,-0.12
87.299,4.9825,3.6168,3.6048,0.077,0,0.25,0.25,0.25,10.9622,-0.4694,-4.4974,0.07,10.9831,-5.4519,-4.4938,-0.0,8.3589,-2.9803,-4.4911,-0.12
87.399,4.9806,3.6167,3.6048,0.0775,0,0.25,0.25,0.25,10.9907,-0.4707,-4.4974,0.07,11.0127,-5.4513,-4.4936,0.0,8.3873,-2.9812,-4.4912,-0.11
87.499,4.979,3.6166,3.6044,0.0779,0,0.25,0.25,0.25,11.0189,-0.4715,-4.4974,0.07,11.0426,-5.4504,-4.4934,0.01,8.4159,-2.9822,-4.4919,-0.11
87.599,4.9775,3.617,3.6039,0.0785,0,0.25,0.25,0.25,11.0472,-0.472,-4.4976,0.07,11.0724,-5.4494,-4.4934,0.01,8.4443,-2.9834,-4.493,-0.1
87.699,4.9763,3.6176,3.6035,0.0791,0,0.25,0.25,0.25,11.0758,-0.4721,-4.4977,0.05,11.1021,-5.4483,-4.4937,0.01,8.4727,-2.9843,-4.4942,-0.09
87.799,4.9757,3.6186,3.6029,0.0797,0,0.25,0.25,0.25,11.1044,-0.4716,-4.4974,0.03,11.1316,-5.4473,-4.4939,0.01,8.5012,-2.9851,-4.4952,-0.08
87.899,4.9751,3.6194,3.6021,0.0801,0,0.25,0.25,0.25,11.1332,-0.4711,-4.4975,0.01,11.1607,-5.4461,-4.4941,0.01,8.5299,-2.9856,-4.4963,-0.07
87.999,4.9743,3.6203,3.6015,0.0806,0,0.25,0.25,0.25,11.162,-0.4708,-4.4978,-0.01,11.1895,-5.4451,-4.4943,0.0,8.5582,-2.9861,-4.4974,-0.07
88.099,4.9736,3.6214,3.6009,0.0813,0,0.25,0.25,0.25,11.1907,-0.4709,-4.498,-0.03,11.2182,-5.4444,-4.4945,-0.0,8.5862,-2.9869,-4.4985,-0.07
88.199,4.9727,3.6222,3.6002,0.0818,0,0.25,0.25,0.25,11.2193,-0.471,-4.4977,-0.04,11.2468,-5.4436,-4.495,-0.01,8.6143,-2.9877,-4.4994,-0.06
88.299,4.9718,3.6223,3.5997,0.082,0,0.25,0.25,0.25,11.2476,-0.4711,-4.4973,-0.04,11.2752,-5.4428,-4.4956,-0.02,8.6424,-2.9879,-4.4997,-0.06
88.399,4.9705,3.6223,3.5997,0.0824,0,0.25,0.25,0.25,11.2756,-0.4713,-4.4971,-0.04,11.3039,-5.4417,-4.4963,-0.02,8.6702,-2.9879,-4.4997,-0.06
88.499,4.9694,3.6219,3.5998,0.0827,0,0.25,0.25,0.25,11.3032,-0.4714,-4.4969,-0.03,11.333,-5.4407,-4.4971,-0.02,8.6982,-2.9878,-4.4995,-0.08
88.599,4.9687,3.6209,3.6003,0.0827,0,0.25,0.25,0.25,11.3306,-0.4715,-4.4968,-0.03,11.3623,-5.4401,-4.4977,-0.0,8.7265,-2.9875,-4.4993,-0.08
88.699,4.9681,3.6194,3.6013,0.0825,0,0.25,0.25,0.25,11.3578,-0.4718,-4.4969,-0.03,11.3918,-5.4398,-4.4981,0.02,8.755,-2.9868,-4.4991,-0.08
88.799,4.967,3.6173,3.6025,0.0822,0,0.25,0.25,0.25,11.3852,-0.4725,-4.4971,-0.03,11.4212,-5.4394,-4.4986,0.03,8.7835,-2.9857,-4.4992,-0.07
88.899,4.9663,3.6155,3.6035,0.0819,0,0.25,0.25,0.25,11.4124,-0.4732,-4.4971,-0.04,11.4505,-5.4393,-4.4989,0.04,8.812,-2.985,-4.4992,-0.06
88.999,4.9653,3.614,3.604,0.0817,0,0.25,0.25,0.25,11.4395,-0.4741,-4.497,-0.03,11.4795,-5.4392,-4.4993,0.04,8.8402,-2.9849,-4.4989,-0.05
89.099,4.964,3.613,3.6043,0.0818,0,0.25,0.25,0.25,11.467,-0.4748,-4.497,-0.02,11.5084,-5.4386,-4.4998,0.03,8.8683,-2.9849,-4.4982,-0.04
89.199,4.9636,3.6126,3.6044,0.0818,0,0.25,0.25,0.25,11.4945,-0.4748,-4.4971,-0.02,11.5369,-5.4381,-4.5005,0.04,8.8963,-2.9848,-4.4976,-0.04
89.299,4.9634,3.6123,3.605,0.082,0,0.25,0.25,0.25,11.522,-0.4749,-4.4975,-0.02,11.5653,-5.4381,-4.5012,0.03,8.924,-2.9847,-4.4972,-0.04
89.399,4.9635,3.6123,3.606,0.0823,0,0.25,0.25,0.25,11.5495,-0.475,-4.4981,-0.02,11.5936,-5.4384,-4.5015,0.02,8.9513,-2.9845,-4.4967,-0.04
89.499,4.9642,3.6129,3.6072,0.0829,0,0.25,0.25,0.25,11.5772,-0.4747,-4.4986,-0.01,11.6221,-5.4386,-4.5011,0.0,8.9785,-2.9845,-4.4962,-0.03
89.599,4.9652,3.6144,3.6083,0.0839,0,0.25,0.25,0.25,11.6051,-0.4738,-4.4991,-0.01,11.6509,-5.4388,-4.5005,-0.01,9.0055,-2.9849,-4.4959,-0.03
89.699,4.9661,3.6157,3.6094,0.0848,0,0.25,0.25,0.25,11.6331,-0.473,-4.4997,-0.01,11.6795,-5.4389,-4.5002,-0.02,9.0325,-2.985,-4.4955,-0.03
89.799,4.9662,3.6169,3.6102,0.0858,0,0.25,0.25,0.25,11.6612,-0.4726,-4.5004,0.01,11.7081,-5.4386,-4.4999,-0.01,9.0595,-2.9852,-4.4949,-0.02
89.899,4.9653,3.6181,3.6103,0.0868,0,0.25,0.25,0.25,11.6896,-0.4727,-4.5008,0.02,11.7365,-5.4377,-4.4996,-0.0,9.0867,-2.9857,-4.4943,-0.02
89.999,4.964,3.6186,3.6102,0.0875,0,0.25,0.25,0.25,11.7177,-0.4729,-4.501,0.02,11.7652,-5.4367,-4.4993,0.01,9.1142,-2.986,-4.4939,-0.02
90.099,4.9631,3.618,3.6107,0.0877,0,0.25,0.25,0.25,11.7455,-0.4733,-4.5012,0.02,11.7941,-5.4362,-4.4987,0.03,9.1421,-2.9858,-4.494,-0.01
90.199,4.9626,3.6169,3.6115,0.0876,0,0.25,0.25,0.25,11.7733,-0.4739,-4.5014,0.01,11.8231,-5.4362,-4.4981,0.05,9.1706,-2.9853,-4.4941,0.02
90.299,4.9623,3.6161,3.6127,0.0876,0,0.25,0.25,0.25,11.8018,-0.4744,-4.5016,0.02,11.8524,-5.4364,-4.4974,0.06,9.199,-2.9847,-4.4943,0.05
90.399,4.9622,3.6157,3.6136,0.0878,0,0.25,0.25,0.25,11.8306,-0.4748,-4.5014,0.02,11.8817,-5.4367,-4.4968,0.07,9.2276,-2.9844,-4.4947,0.06
90.499,4.9617,3.6152,3.6139,0.0878,0,0.25,0.25,0.25,11.859,-0.4753,-4.5011,0.02,11.9108,-5.4366,-4.4964,0.09,9.2563,-2.9844,-4.4948,0.07
90.599,4.9614,3.6148,3.6142,0.0879,0,0.25,0.25,0.25,11.8873,-0.4756,-4.5011,0.03,11.9399,-5.4367,-4.4965,0.09,9.2849,-2.9845,-4.4946,0.08
90.699,4.9608,3.614,3.614,0.0876,0,0.25,0.25,0.25,11.9155,-0.4758,-4.5013,0.04,11.9689,-5.4363,-4.4966,0.1,9.3139,-2.9843,-4.4946,0.1
90.799,4.9599,3.613,3.6137,0.0873,0,0.25,0.25,0.25,11.9438,-0.4759,-4.5011,0.04,11.9977,-5.4356,-4.4964,0.11,9.3429,-2.9838,-4.4947,0.11
90.899,4.9594,3.6125,3.6138,0.0872,0,0.25,0.25,0.25,11.9721,-0.4757,-4.5007,0.04,12.0267,-5.4348,-4.4963,0.12,9.3717,-2.9831,-4.4949,0.1
90.999,4.9593,3.6122,3.614,0.0872,0,0.25,0.25,0.25,12.0007,-0.475,-4.5004,0.04,12.0556,-5.434,-4.4962,0.13,9.4004,-2.9823,-4.4952,0.1
91.099,4.9596,3.6119,3.6145,0.0871,0,0.25,0.25,0.25,12.0292,-0.4742,-4.5001,0.04,12.0844,-5.4335,-4.4963,0.12,9.429,-2.9812,-4.4955,0.1
91.199,4.9599,3.6112,3.6153,0.0869,0,0.25,0.25,0.25,12.0579,-0.474,-4.4995,0.03,12.1132,-5.4336,-4.4964,0.11,9.4578,-2.9801,-4.496,0.1
91.299,4.9603,3.6099,3.6168,0.0867,0,0.25,0.25,0.25,12.0865,-0.4741,-4.499,0.04,12.1422,-5.4341,-4.4962,0.1,9.4867,-2.9787,-4.4965,0.1
91.399,4.9602,3.6079,3.615,0.0847,0,0.25,0.25,0.25,12.1147,-0.4749,-4.499,0.04,12.1665,-5.4348,-4.496,0.09,9.5155,-2.9771,-4.4968,0.09
91.499,4.9596,3.602,3.6082,0.0788,0,0.25,0.25,0.25,12.1383,-0.4763,-4.4993,0.03,12.1841,-5.4357,-4.4962,0.09,9.5446,-2.9756,-4.4974,0.09
91.599,4.9585,3.5914,3.597,0.0691,0,0.25,0.25,0.25,12.1557,-0.4781,-4.4997,0.03,12.1962,-5.4364,-4.4964,0.09,9.5738,-2.9745,-4.4981,0.08
91.699,4.9574,3.5781,3.5823,0.0565,0,0.25,0.25,0.25,12.168,-0.4796,-4.5003,0.02,12.2042,-5.4369,-4.4968,0.07,9.6028,-2.9741,-4.4988,0.08
91.799,4.9572,3.566,3.569,0.0466,0,0.25,0.25,0.25,12.1762,-0.4805,-4.501,0.02,12.2091,-5.4376,-4.4971,0.06,9.6268,-2.9739,-4.4995,0.07
91.899,4.9576,3.5564,3.5592,0.0416,0,0.25,0.25,0.25,12.1812,-0.4809,-4.5013,0.02,12.2116,-5.4385,-4.4971,0.05,9.6443,-2.9733,-4.4998,0.06
91.999,4.9584,3.549,3.5523,0.0378,0,0.25,0.25,0.25,12.1837,-0.481,-4.5013,0.03,12.2123,-5.4393,-4.4969,0.04,9.6562,-2.9725,-4.4995,0.06
92.099,4.9588,3.5439,3.5467,0.0353,0,0.25,0.25,0.25,12.1843,-0.4809,-4.5011,0.05,12.2118,-5.4396,-4.4966,0.03,9.664,-2.9723,-4.4991,0.07
92.199,4.9595,3.5408,3.5419,0.0335,0,0.25,0.25,0.25,12.1839,-0.48,-4.5009,0.07,12.2103,-5.4395,-4.4961,0.02,9.6688,-2.9725,-4.4987,0.08
92.299,4.9609,3.5395,3.5382,0.0321,0,0.25,0.25,0.25,12.1824,-0.4786,-4.5008,0.09,12.2082,-5.4394,-4.4957,0.01,9.6713,-2.973,-4.4983,0.1
92.399,4.9629,3.5392,3.5357,0.0311,0,0.25,0.25,0.25,12.1801,-0.4772,-4.5004,0.1,12.2058,-5.4401,-4.4953,0.02,9.6719,-2.9742,-4.4976,0.11
92.499,4.9653,3.5397,3.5338,0.0303,0,0.25,0.25,0.25,12.1771,-0.4757,-4.4998,0.11,12.2031,-5.441,-4.495,0.01,9.6712,-2.9758,-4.497,0.12
92.599,4.9673,3.5408,3.5321,0.03,0,0.25,0.25,0.25,12.1736,-0.4743,-4.4989,0.12,12.2003,-5.4415,-4.4946,0.0,9.6695,-2.9776,-4.4964,0.11
92.699,4.9686,3.5419,3.5304,0.0302,0,0.25,0.25,0.25,12.1697,-0.4731,-4.4979,0.14,12.1976,-5.4416,-4.4942,0.01,9.6673,-2.9796,-4.496,0.09
92.799,4.9693,3.5428,3.5285,0.0309,0,0.25,0.25,0.25,12.1658,-0.4722,-4.497,0.15,12.1949,-5.4413,-4.4941,0.0,9.665,-2.9817,-4.4958,0.07
92.899,4.9699,3.5438,3.5269,0.0314,0,0.25,0.25,0.25,12.1617,-0.4711,-4.4962,0.16,12.192,-5.4409,-4.494,-0.01,9.6622,-2.9833,-4.4958,0.06
92.999,4.971,3.5449,3.5262,0.0319,0,0.25,0.25,0.25,12.1573,-0.4696,-4.4956,0.17,12.189,-5.4406,-4.4938,-0.03,9.6589,-2.9844,-4.4959,0.06
93.099,4.972,3.5464,3.5255,0.0323,0,0.25,0.25,0.25,12.1533,-0.4682,-4.495,0.17,12.1859,-5.4402,-4.4934,-0.04,9.6552,-2.9855,-4.4962,0.07
93.199,4.9725,3.5481,3.5242,0.033,0,0.25,0.25,0.25,12.1494,-0.4669,-4.4943,0.16,12.1827,-5.4394,-4.4931,-0.05,9.6518,-2.987,-4.4966,0.06
93.299,4.9728,3.5498,3.5225,0.0339,0,0.25,0.25,0.25,12.1455,-0.4658,-4.4939,0.14,12.1797,-5.4384,-4.4929,-0.05,9.6485,-2.9888,-4.4969,0.06
93.399,4.9735,3.5515,3.521,0.0345,0,0.25,0.25,0.25,12.1418,-0.4647,-4.4939,0.12,12.1768,-5.4381,-4.4928,-0.05,9.6454,-2.9908,-4.4973,0.04
93.499,4.9744,3.5533,3.5194,0.0348,0,0.25,0.25,0.25,12.1384,-0.464,-4.494,0.11,12.1737,-5.4382,-4.4927,-0.04,9.6425,-2.993,-4.4973,0.01
93.599,4.9753,3.5547,3.5186,0.0352,0,0.25,0.25,0.25,12.1351,-0.4636,-4.4941,0.09,12.1711,-5.4387,-4.4925,-0.02,9.6395,-2.995,-4.4972,-0.01
93.699,4.976,3.5562,3.5179,0.0357,0,0.25,0.25,0.25,12.132,-0.4633,-4.4944,0.07,12.1687,-5.4392,-4.4923,0.0,9.6367,-2.9971,-4.4968,-0.02
93.799,4.9773,3.5578,3.5169,0.036,0,0.25,0.25,0.25,12.1289,-0.4628,-4.4949,0.05,12.1663,-5.4399,-4.4921,0.01,9.6341,-2.9993,-4.4963,-0.02
93.899,4.979,3.5596,3.5163,0.036,0,0.25,0.25,0.25,12.126,-0.4619,-4.4956,0.03,12.1639,-5.4407,-4.4918,0.02,9.6315,-3.0012,-4.4958,-0.02
93.999,4.9808,3.5609,3.5159,0.0358,0,0.25,0.25,0.25,12.1232,-0.461,-4.496,0.0,12.1617,-5.4417,-4.4917,0.03,9.6292,-3.0028,-4.4954,-0.03
94.099,4.9831,3.5622,3.5159,0.036,0,0.25,0.25,0.25,12.1207,-0.4602,-4.4961,-0.01,12.1595,-5.4431,-4.4919,0.04,9.6272,-3.0041,-4.4951,-0.04
94.199,4.9848,3.5633,3.5158,0.0366,0,0.25,0.25,0.25,12.1183,-0.4597,-4.4963,-0.02,12.1575,-5.4444,-4.4919,0.04,9.6251,-3.0055,-4.4947,-0.06
94.299,4.9857,3.5643,3.5154,0.0374,0,0.25,0.25,0.25,12.1159,-0.4594,-4.4965,-0.03,12.1555,-5.445,-4.4919,0.03,9.623,-3.0069,-4.4943,-0.07
94.399,4.986,3.565,3.5146,0.0381,0,0.25,0.25,0.25,12.1137,-0.4593,-4.4967,-0.04,12.1534,-5.4452,-4.4918,0.02,9.6211,-3.008,-4.4939,-0.07
94.499,4.9859,3.5649,3.5138,0.0385,0,0.25,0.25,0.25,12.1112,-0.4592,-4.4967,-0.04,12.1513,-5.4449,-4.4919,0.02,9.6193,-3.0085,-4.4934,-0.09
94.599,4.9858,3.5644,3.5131,0.0386,0,0.25,0.25,0.25,12.1086,-0.4591,-4.4967,-0.05,12.1491,-5.4447,-4.492,0.02,9.6177,-3.0087,-4.4931,-0.1
94.699,4.9855,3.5637,3.5131,0.0383,0,0.25,0.25,0.25,12.1063,-0.4591,-4.4968,-0.06,12.1472,-5.4445,-4.4922,0.03,9.616,-3.0082,-4.4927,-0.1
94.799,4.9855,3.5631,3.5139,0.038,0,0.25,0.25,0.25,12.1042,-0.4591,-4.4967,-0.09,12.1457,-5.4443,-4.4923,0.04,9.614,-3.0076,-4.4922,-0.1
94.899,4.986,3.5629,3.5148,0.0377,0,0.25,0.25,0.25,12.1022,-0.4588,-4.4963,-0.09,12.1443,-5.4446,-4.4923,0.05,9.6121,-3.0071,-4.4916,-0.1
94.999,4.9865,3.5628,3.5156,0.0373,0,0.25,0.25,0.25,12.1005,-0.4585,-4.496,-0.09,12.1427,-5.4449,-4.4924,0.06,9.6102,-3.0065,-4.4911,-0.11
95.099,4.9876,3.5627,3.5168,0.0369,0,0.25,0.25,0.25,12.0987,-0.4581,-4.4957,-0.1,12.1411,-5.4455,-4.4928,0.07,9.6082,-3.0058,-4.491,-0.12
95.199,4.989,3.5626,3.518,0.0364,0,0.25,0.25,0.25,12.0971,-0.4576,-4.4954,-0.12,12.14,-5.4464,-4.4934,0.07,9.6068,-3.0052,-4.4911,-0.12
95.299,4.9907,3.5626,3.5193,0.0359,0,0.25,0.25,0.25,12.0958,-0.4568,-4.4951,-0.13,12.1389,-5.4473,-4.4942,0.08,9.6055,-3.0045,-4.4913,-0.13
95.399,4.9923,3.5632,3.5202,0.0358,0,0.25,0.25,0.25,12.0947,-0.4558,-4.4948,-0.14,12.1379,-5.4479,-4.4948,0.09,9.6042,-3.0041,-4.4917,-0.14
95.499,4.9934,3.5641,3.5208,0.036,0,0.25,0.25,0.25,12.0938,-0.4549,-4.4946,-0.16,12.137,-5.4481,-4.4954,0.11,9.6028,-3.0039,-4.4922,-0.14
95.599,4.9938,3.565,3.5209,0.0364,0,0.25,0.25,0.25,12.0931,-0.4539,-4.4944,-0.16,12.1362,-5.4475,-4.496,0.12,9.6016,-3.0037,-4.4933,-0.14
95.699,4.9941,3.5655,3.5208,0.0367,0,0.25,0.25,0.25,12.0923,-0.453,-4.4944,-0.15,12.1355,-5.4469,-4.4964,0.13,9.6007,-3.0034,-4.4948,-0.14
95.799,4.9944,3.5659,3.5207,0.037,0,0.25,0.25,0.25,12.0914,-0.4522,-4.4943,-0.13,12.1348,-5.4464,-4.4968,0.12,9.5998,-3.0032,-4.4963,-0.13
95.899,4.9948,3.5661,3.5208,0.0371,0,0.25,0.25,0.25,12.0902,-0.4512,-4.494,-0.11,12.1339,-5.4459,-4.4971,0.12,9.5988,-3.0026,-4.4977,-0.11
95.999,4.9952,3.5665,3.521,0.0374,0,0.25,0.25,0.25,12.089,-0.4503,-4.4937,-0.09,12.1327,-5.4453,-4.497,0.11,9.5974,-3.0021,-4.4985,-0.1
96.099,4.9957,3.5672,3.5212,0.0377,0,0.25,0.25,0.25,12.0878,-0.4494,-4.4935,-0.08,12.1315,-5.4449,-4.497,0.12,9.5958,-3.0018,-4.4987,-0.09
96.199,4.9961,3.5675,3.5214,0.0377,0,0.25,0.25,0.25,12.0865,-0.4487,-4.4936,-0.08,12.1303,-5.4446,-4.4971,0.13,9.5943,-3.0014,-4.4986,-0.08
96.299,4.9965,3.5671,3.5222,0.0375,0,0.25,0.25,0.25,12.0851,-0.4482,-4.4938,-0.09,12.1296,-5.4446,-4.4974,0.14,9.5932,-3.0007,-4.4987,-0.07
96.399,4.9969,3.5667,3.5229,0.0373,0,0.25,0.25,0.25,12.0836,-0.4476,-4.4938,-0.08,12.1293,-5.4443,-4.4977,0.16,9.5923,-3.0,-4.499,-0.06
96.499,4.9975,3.5669,3.5263,0.0382,0,0.25,0.25,0.25,12.0823,-0.4465,-4.4939,-0.06,12.1338,-5.4438,-4.4977,0.16,9.5917,-2.9999,-4.4993,-0.05
96.599,4.9981,3.5682,3.5305,0.0412,0,0.25,0.25,0.25,12.0814,-0.4454,-4.494,-0.06,12.1402,-5.4432,-4.4979,0.16,9.5909,-3.0008,-4.4995,-0.06
96.699,4.9982,3.5697,3.5333,0.0449,0,0.25,0.25,0.25,12.0806,-0.4446,-4.494,-0.05,12.1453,-5.4424,-4.4983,0.17,9.5901,-3.002,-4.4995,-0.07
96.799,4.9982,3.571,3.5352,0.048,0,0.25,0.25,0.25,12.0799,-0.4439,-4.4941,-0.05,12.1492,-5.4416,-4.4982,0.17,9.5895,-3.0032,-4.4993,-0.07
96.899,4.9978,3.5716,3.5364,0.0502,0,0.25,0.25,0.25,12.0793,-0.4436,-4.4939,-0.06,12.1519,-5.4409,-4.4978,0.17,9.5892,-3.004,-4.4988,-0.07
96.999,4.9975,3.5719,3.5373,0.0518,0,0.25,0.25,0.25,12.0789,-0.4435,-4.4936,-0.06,12.154,-5.4404,-4.4974,0.16,9.589,-3.0046,-4.4983,-0.08
97.099,4.9972,3.5755,3.5382,0.0515,0,0.25,0.25,0.25,12.0837,-0.4436,-4.4932,-0.05,12.1558,-5.4402,-4.4968,0.15,9.5891,-3.0049,-4.4977,-0.08
97.199,4.9969,3.5802,3.539,0.0505,0,0.25,0.25,0.25,12.0903,-0.4437,-4.4927,-0.05,12.1572,-5.4401,-4.4961,0.14,9.589,-3.0052,-4.4973,-0.08
97.299,4.9973,3.5845,3.5399,0.0498,0,0.25,0.25,0.25,12.0954,-0.443,-4.4922,-0.04,12.1585,-5.4398,-4.4958,0.13,9.5887,-3.0052,-4.497,-0.08
97.399,4.9978,3.5879,3.5413,0.0508,0,0.25,0.25,0.25,12.0992,-0.4425,-4.4919,-0.01,12.1596,-5.4399,-4.4961,0.13,9.5881,-3.0051,-4.4968,-0.08
97.499,4.9984,3.5908,3.5429,0.0518,0,0.25,0.25,0.25,12.1021,-0.4422,-4.4918,0.0,12.1605,-5.4403,-4.4968,0.11,9.5871,-3.005,-4.4965,-0.07
97.599,4.9987,3.5931,3.5443,0.0527,0,0.25,0.25,0.25,12.1042,-0.442,-4.4919,0.02,12.1612,-5.4403,-4.4975,0.1,9.586,-3.005,-4.4963,-0.06
97.699,4.9987,3.5948,3.5457,0.0536,0,0.25,0.25,0.25,12.1056,-0.4419,-4.4917,0.02,12.1621,-5.4402,-4.4979,0.09,9.585,-3.0049,-4.4959,-0.05
97.799,4.9988,3.5959,3.5472,0.0541,0,0.25,0.25,0.25,12.1068,-0.442,-4.4915,0.02,12.163,-5.4405,-4.4982,0.08,9.5843,-3.0047,-4.4955,-0.04
97.899,4.9986,3.5963,3.5483,0.0542,0,0.25,0.25,0.25,12.108,-0.4424,-4.4915,0.02,12.1637,-5.4406,-4.4979,0.07,9.5841,-3.0043,-4.4949,-0.04
97.999,4.9977,3.596,3.5488,0.0541,0,0.25,0.25,0.25,12.1088,-0.4431,-4.4918,0.02,12.1642,-5.4405,-4.4977,0.06,9.5842,-3.0037,-4.4943,-0.03
98.099,4.9965,3.5952,3.5494,0.0538,0,0.25,0.25,0.25,12.1092,-0.4441,-4.492,0.0,12.1646,-5.4403,-4.4975,0.05,9.584,-3.0032,-4.4942,-0.03
98.199,4.9958,3.5944,3.5502,0.0534,0,0.25,0.25,0.25,12.1093,-0.4449,-4.4922,-0.02,12.1646,-5.4403,-4.4973,0.04,9.5837,-3.0025,-4.4944,-0.04
98.299,4.9958,3.594,3.5509,0.0531,0,0.25,0.25,0.25,12.1095,-0.4452,-4.4923,-0.03,12.1648,-5.4406,-4.4975,0.03,9.5837,-3.002,-4.4945,-0.05
98.399,4.9959,3.5934,3.5517,0.0526,0,0.25,0.25,0.25,12.11,-0.4455,-4.4924,-0.05,12.165,-5.4411,-4.4976,0.03,9.5839,-3.0013,-4.4945,-0.07
98.499,4.9965,3.5926,3.5532,0.0518,0,0.25,0.25,0.25,12.1107,-0.4459,-4.493,-0.06,12.1652,-5.4421,-4.4973,0.02,9.5842,-3.0001,-4.4947,-0.08
98.599,4.9974,3.5916,3.5546,0.0507,0,0.25,0.25,0.25,12.1114,-0.4463,-4.4935,-0.06,12.1651,-5.4434,-4.4966,0.01,9.5846,-2.9988,-4.4948,-0.1
98.699,4.9985,3.5908,3.556,0.0498,0,0.25,0.25,0.25,12.1119,-0.4464,-4.4938,-0.06,12.1651,-5.4446,-4.4957,0.01,9.585,-2.9976,-4.495,-0.11
98.799,4.9991,3.5899,3.5577,0.049,0,0.25,0.25,0.25,12.1123,-0.4468,-4.494,-0.07,12.1654,-5.4456,-4.4951,0.01,9.585,-2.9963,-4.495,-0.12
98.899,4.9992,3.5891,3.5594,0.0486,0,0.25,0.25,0.25,12.1125,-0.4474,-4.4942,-0.07,12.1657,-5.4463,-4.4946,-0.0,9.5847,-2.9953,-4.4949,-0.13
98.999,4.9988,3.5882,3.5602,0.0481,0,0.25,0.25,0.25,12.1125,-0.448,-4.4946,-0.06,12.1658,-5.4465,-4.494,-0.01,9.5846,-2.9945,-4.495,-0.13
99.099,4.9978,3.5871,3.56,0.0476,0,0.25,0.25,0.25,12.1124,-0.4489,-4.4949,-0.04,12.1655,-5.4463,-4.4937,-0.02,9.5847,-2.9941,-4.4953,-0.12
99.199,4.9968,3.5859,3.5597,0.0475,0,0.25,0.25,0.25,12.1122,-0.4498,-4.4953,-0.03,12.1652,-5.4463,-4.4934,-0.02,9.585,-2.9939,-4.4956,-0.11
99.299,4.9958,3.5848,3.5596,0.0477,0,0.25,0.25,0.25,12.1118,-0.4509,-4.4955,-0.03,12.165,-5.4464,-4.4934,-0.03,9.5851,-2.9939,-4.4957,-0.1
99.399,4.9946,3.5839,3.5595,0.0479,0,0.25,0.25,0.25,12.1115,-0.4518,-4.4956,-0.03,12.165,-5.4461,-4.4938,-0.04,9.5851,-2.9937,-4.4958,-0.09
99.499,4.9938,3.5833,3.5597,0.0482,0,0.25,0.25,0.25,12.1111,-0.4522,-4.4955,-0.02,12.165,-5.4458,-4.4944,-0.04,9.5848,-2.9935,-4.4961,-0.09
99.599,4.993,3.5834,3.5598,0.0487,0,0.25,0.25,0.25,12.1107,-0.4524,-4.4955,-0.02,12.1649,-5.4451,-4.495,-0.03,9.584,-2.9934,-4.4963,-0.08
99.699,4.9918,3.5842,3.56,0.0492,0,0.25,0.25,0.25,12.1107,-0.4527,-4.4958,-0.02,12.1647,-5.4442,-4.4955,-0.01,9.5827,-2.9934,-4.4966,-0.09
99.799,4.9907,3.5852,3.5603,0.0498,0,0.25,0.25,0.25,12.1111,-0.4531,-4.4957,-0.03,12.1647,-5.4435,-4.4957,-0.0,9.5813,-2.9936,-4.4971,-0.09
99.899,4.9896,3.5858,3.5606,0.0501,0,0.25,0.25,0.25,12.1115,-0.4538,-4.4953,-0.03,12.1645,-5.4432,-4.4957,0.01,9.5803,-2.9937,-4.4975,-0.09
