cur_x,cur_y,cur_z,d_0_1,d_0_2,d_1_2,episodes,form_err,formation_state,max_drift,modes,occ_G06,p1_ok,p2_ok,t,x0,x1,x2,y0,y1,y2,z0,z1,z2
0.0,-0.05,0.0,6.9998,4.6078,4.6075,0,0.0021,OK,0.05,GATE_APPROACH|GATE_APPROACH|GATE_APPROACH,0,1,1,0.1,-14.22,-13.184,-10.738,18.159,11.236,15.141,-4.3,-4.301,-4.3
0.0,-0.05,0.0,6.9995,4.6024,4.602,0,0.0076,OK,0.05,GATE_APPROACH|GATE_APPROACH|GATE_APPROACH,0,1,1,0.2,-14.203,-13.167,-10.729,18.161,11.238,15.142,-4.302,-4.302,-4.302
0.0,-0.05,0.0,6.9995,4.5944,4.5937,0,0.0159,OK,0.05,GATE_APPROACH|GATE_APPROACH|GATE_APPROACH,0,1,1,0.3,-14.177,-13.141,-10.716,18.164,11.241,15.143,-4.303,-4.304,-4.304
0.0,-0.05,0.0,6.9996,4.5841,4.5833,0,0.0267,OK,0.05,GATE_APPROACH|GATE_APPROACH|GATE_APPROACH,0,1,1,0.4,-14.144,-13.109,-10.699,18.168,11.245,15.143,-4.305,-4.306,-4.306
0.0,-0.05,0.0,6.9994,4.5718,4.5707,0,0.0395,OK,0.05,GATE_APPROACH|GATE_APPROACH|GATE_APPROACH,0,1,1,0.5,-14.107,-13.072,-10.681,18.172,11.249,15.144,-4.307,-4.309,-4.309
0.0,-0.05,0.0,6.999,4.5576,4.5564,0,0.054,OK,0.05,GATE_APPROACH|GATE_APPROACH|GATE_YIELD,0,1,1,0.6,-14.065,-13.032,-10.661,18.176,11.254,15.145,-4.31,-4.312,-4.311
0.0,-0.05,0.0,6.9984,4.5418,4.5409,0,0.0702,OK,0.05,GATE_APPROACH|GATE_APPROACH|GATE_YIELD,0,1,1,0.7,-14.02,-12.987,-10.64,18.181,11.259,15.147,-4.312,-4.315,-4.314
0.0,-0.05,0.0,6.998,4.5244,4.5243,0,0.0879,OK,0.05,GATE_APPROACH|GATE_APPROACH|GATE_YIELD,0,1,1,0.8,-13.972,-12.94,-10.619,18.187,11.265,15.149,-4.315,-4.318,-4.318
0.0,-0.05,0.0,6.9978,4.5059,4.5064,0,0.107,OK,0.05,GATE_APPROACH|GATE_APPROACH|GATE_YIELD,0,1,1,0.9,-13.923,-12.891,-10.599,18.192,11.271,15.151,-4.319,-4.322,-4.321
0.0,-0.05,0.0,6.9973,4.4864,4.4871,0,0.1273,OK,0.05,GATE_APPROACH|GATE_APPROACH|GATE_YIELD,0,1,1,1.0,-13.872,-12.841,-10.578,18.198,11.277,15.152,-4.323,-4.325,-4.324
0.0,-0.05,0.0,6.9966,4.4661,4.4671,0,0.1486,OK,0.05,GATE_APPROACH|GATE_APPROACH|GATE_YIELD,0,1,1,1.1,-13.821,-12.79,-10.559,18.204,11.284,15.154,-4.326,-4.328,-4.328
0.0,-0.05,0.0,6.9958,4.445,4.4463,0,0.1708,OK,0.05,GATE_APPROACH|GATE_APPROACH|GATE_YIELD,0,1,1,1.2,-13.768,-12.738,-10.54,18.21,11.291,15.155,-4.329,-4.331,-4.332
0.0,-0.05,0.0,6.9951,4.423,4.4248,0,0.1941,OK,0.05,GATE_APPROACH|GATE_APPROACH|GATE_YIELD,0,1,1,1.3,-13.716,-12.685,-10.521,18.216,11.297,15.157,-4.332,-4.334,-4.335
0.0,-0.05,0.0,6.9945,4.4003,4.4027,0,0.2183,OK,0.05,GATE_APPROACH|GATE_APPROACH|GATE_YIELD,0,1,1,1.4,-13.663,-12.632,-10.504,18.223,11.304,15.159,-4.335,-4.336,-4.339
0.0,-0.05,0.0,6.9941,4.3771,4.38,0,0.2435,OK,0.05,GATE_APPROACH|GATE_APPROACH|GATE_YIELD,0,1,1,1.5,-13.609,-12.578,-10.488,18.229,11.311,15.161,-4.338,-4.338,-4.343
0.0,-0.05,0.0,6.9941,4.3532,4.3568,0,0.2697,OK,0.05,GATE_APPROACH|GATE_APPROACH|GATE_YIELD,0,1,1,1.6,-13.556,-12.525,-10.473,18.236,11.318,15.162,-4.34,-4.34,-4.346
0.0,-0.05,0.0,6.9943,4.329,4.3329,0,0.2969,OK,0.05,GATE_APPROACH|GATE_APPROACH|GATE_YIELD,0,1,1,1.7,-13.502,-12.471,-10.46,18.244,11.326,15.164,-4.342,-4.342,-4.35
0.0,-0.05,0.0,6.9947,4.3041,4.3087,0,0.3249,OK,0.05,GATE_APPROACH|GATE_APPROACH|GATE_YIELD,0,1,1,1.8,-13.449,-12.418,-10.448,18.251,11.333,15.165,-4.344,-4.343,-4.352
0.0,-0.05,0.0,6.9955,4.2791,4.2845,0,0.3536,OK,0.05,GATE_APPROACH|GATE_APPROACH|GATE_YIELD,0,1,1,1.9,-13.395,-12.364,-10.437,18.259,11.34,15.166,-4.345,-4.344,-4.354
0.0,-0.05,0.0,6.9964,4.254,4.2601,0,0.3828,OK,0.05,GATE_APPROACH|GATE_APPROACH|GATE_YIELD,0,1,1,2.0,-13.342,-12.31,-10.427,18.266,11.346,15.168,-4.346,-4.344,-4.356
0.0,-0.05,0.0,6.9976,4.2287,4.2357,0,0.4127,OK,0.05,GATE_APPROACH|GATE_APPROACH|GATE_YIELD,0,1,1,2.1,-13.288,-12.256,-10.418,18.274,11.353,15.169,-4.347,-4.345,-4.357
0.0,-0.05,0.0,6.9987,4.203,4.2111,0,0.4432,OK,0.05,GATE_APPROACH|GATE_APPROACH|GATE_YIELD,0,1,1,2.2,-13.235,-12.202,-10.41,18.282,11.36,15.17,-4.348,-4.345,-4.358
0.0,-0.05,0.0,6.9999,4.1773,4.1868,0,0.4741,OK,0.05,GATE_APPROACH|GATE_APPROACH|GATE_YIELD,0,1,1,2.3,-13.182,-12.149,-10.402,18.29,11.366,15.172,-4.348,-4.346,-4.359
0.0,-0.05,0.0,7.0011,4.1515,4.163,0,0.5051,OK,0.05,GATE_APPROACH|GATE_APPROACH|GATE_YIELD,0,1,1,2.4,-13.13,-12.096,-10.396,18.297,11.373,15.173,-4.349,-4.347,-4.359
0.0,-0.05,0.0,7.002,4.1257,4.1389,0,0.5366,OK,0.05,GATE_APPROACH|GATE_APPROACH|GATE_YIELD,0,1,1,2.5,-13.078,-12.043,-10.39,18.305,11.38,15.174,-4.35,-4.347,-4.359
0.0,-0.05,0.0,7.0025,4.0996,4.1145,0,0.5688,OK,0.05,GATE_APPROACH|GATE_APPROACH|GATE_YIELD,0,1,1,2.6,-13.025,-11.99,-10.386,18.312,11.387,15.176,-4.351,-4.348,-4.359
0.0,-0.05,0.0,7.0028,4.0735,4.0898,0,0.6017,OK,0.05,GATE_APPROACH|GATE_APPROACH|GATE_YIELD,0,1,1,2.7,-12.974,-11.937,-10.382,18.32,11.394,15.177,-4.352,-4.348,-4.359
0.0,-0.05,0.0,7.003,4.0478,4.0646,0,0.635,OK,0.05,GATE_APPROACH|GATE_APPROACH|GATE_YIELD,0,1,1,2.8,-12.922,-11.885,-10.38,18.327,11.402,15.177,-4.352,-4.348,-4.359
0.0,-0.05,0.0,7.0029,4.0223,4.0393,0,0.6689,OK,0.05,GATE_APPROACH|GATE_APPROACH|GATE_YIELD,0,1,1,2.9,-12.87,-11.832,-10.378,18.335,11.41,15.178,-4.352,-4.349,-4.358
0.0,-0.05,0.0,7.0024,3.9968,4.0139,0,0.7031,OK,0.05,GATE_APPROACH|GATE_APPROACH|GATE_YIELD,0,1,1,3.0,-12.817,-11.78,-10.376,18.344,11.418,15.179,-4.352,-4.35,-4.357
0.0,-0.05,0.0,7.0013,3.9716,3.9886,0,0.7374,OK,0.05,GATE_APPROACH|GATE_APPROACH|GATE_YIELD,0,1,1,3.1,-12.765,-11.729,-10.375,18.351,11.427,15.179,-4.352,-4.351,-4.357
0.0,-0.05,0.0,6.9999,3.9464,3.9639,0,0.772,OK,0.05,GATE_APPROACH|GATE_APPROACH|GATE_YIELD,0,1,1,3.2,-12.712,-11.677,-10.374,18.359,11.436,15.18,-4.352,-4.352,-4.357
0.0,-0.05,0.0,6.9986,3.9214,3.9401,0,0.8064,OK,0.05,GATE_APPROACH|GATE_APPROACH|GATE_YIELD,0,1,1,3.3,-12.659,-11.626,-10.373,18.366,11.444,15.18,-4.352,-4.352,-4.357
0.0,-0.05,0.0,6.9974,3.8972,3.9168,0,0.8407,OK,0.05,GATE_APPROACH|GATE_APPROACH|GATE_YIELD,0,1,1,3.4,-12.607,-11.575,-10.372,18.374,11.453,15.181,-4.352,-4.353,-4.357
0.0,-0.05,0.0,6.9961,3.8736,3.8938,0,0.8752,OK,0.05,GATE_APPROACH|GATE_APPROACH|GATE_YIELD,0,1,1,3.5,-12.554,-11.524,-10.372,18.381,11.462,15.181,-4.351,-4.353,-4.357
0.0,-0.05,0.0,6.9949,3.8507,3.8715,0,0.9095,OK,0.05,GATE_APPROACH|GATE_APPROACH|GATE_YIELD,0,1,1,3.6,-12.502,-11.473,-10.371,18.389,11.47,15.182,-4.351,-4.353,-4.357
0.0,-0.05,0.0,6.9937,3.8283,3.8495,0,0.944,OK,0.05,GATE_APPROACH|GATE_APPROACH|GATE_YIELD,0,1,1,3.7,-12.45,-11.422,-10.371,18.397,11.479,15.182,-4.35,-4.354,-4.357
0.0,-0.05,0.0,6.9925,3.8063,3.828,0,0.9787,OK,0.05,GATE_APPROACH|GATE_APPROACH|GATE_YIELD,0,1,1,3.8,-12.399,-11.371,-10.371,18.404,11.487,15.183,-4.35,-4.354,-4.358
0.0,-0.05,0.0,6.9911,3.7847,3.8073,0,1.0133,OK,0.05,GATE_APPROACH|GATE_APPROACH|GATE_YIELD,0,1,1,3.9,-12.347,-11.32,-10.371,18.411,11.496,15.183,-4.349,-4.355,-4.358
0.0,-0.05,0.0,6.9898,3.7636,3.7873,0,1.0479,OK,0.05,GATE_APPROACH|GATE_APPROACH|GATE_YIELD,0,1,1,4.0,-12.295,-11.269,-10.371,18.419,11.505,15.184,-4.349,-4.356,-4.357
0.0,-0.05,0.0,6.9886,3.7438,3.7677,0,1.0822,OK,0.05,GATE_APPROACH|GATE_APPROACH|GATE_YIELD,0,1,1,4.1,-12.243,-11.218,-10.371,18.427,11.514,15.185,-4.349,-4.357,-4.357
0.0,-0.05,0.0,6.9877,3.7248,3.7488,0,1.1165,OK,0.05,GATE_APPROACH|GATE_APPROACH|GATE_YIELD,0,1,1,4.2,-12.192,-11.168,-10.371,18.436,11.523,15.186,-4.35,-4.357,-4.356
0.0,-0.05,0.0,6.9876,3.7075,3.7303,0,1.1506,OK,0.05,GATE_APPROACH|GATE_APPROACH|GATE_YIELD,0,1,1,4.3,-12.14,-11.117,-10.37,18.444,11.532,15.187,-4.35,-4.358,-4.356
0.0,-0.05,0.0,6.9881,3.6916,3.712,0,1.1849,OK,0.05,GATE_APPROACH|GATE_APPROACH|GATE_YIELD,0,1,1,4.4,-12.089,-11.065,-10.369,18.454,11.541,15.187,-4.35,-4.358,-4.356
0.0,-0.05,0.0,6.9889,3.6765,3.6945,1,1.2192,LOST,0.05,GATE_APPROACH|GATE_APPROACH|GATE_YIELD,0,1,1,4.5,-12.038,-11.014,-10.369,18.463,11.549,15.187,-4.35,-4.358,-4.355
0.0,-0.05,0.0,6.9893,3.6615,3.6779,1,1.2535,LOST,0.05,GATE_APPROACH|GATE_APPROACH|GATE_YIELD,0,1,1,4.6,-11.988,-10.963,-10.369,18.472,11.558,15.187,-4.35,-4.357,-4.355
0.0,-0.05,0.0,6.9895,3.6471,3.6617,1,1.2877,LOST,0.05,GATE_APPROACH|GATE_APPROACH|GATE_YIELD,0,1,1,4.7,-11.937,-10.912,-10.369,18.48,11.566,15.188,-4.351,-4.358,-4.354
0.0,-0.05,0.0,6.9897,3.634,3.6459,1,1.3217,LOST,0.05,GATE_APPROACH|GATE_APPROACH|GATE_YIELD,0,1,1,4.8,-11.887,-10.861,-10.368,18.489,11.575,15.188,-4.351,-4.358,-4.354
0.0,-0.05,0.0,6.99,3.6214,3.631,1,1.3556,LOST,0.05,GATE_APPROACH|GATE_APPROACH|GATE_YIELD,0,1,1,4.9,-11.836,-10.81,-10.368,18.498,11.584,15.188,-4.351,-4.358,-4.354
0.0,-0.05,0.0,6.9904,3.6095,3.6168,1,1.3896,LOST,0.05,GATE_APPROACH|GATE_APPROACH|GATE_YIELD,0,1,1,5.0,-11.786,-10.758,-10.367,18.507,11.593,15.188,-4.351,-4.359,-4.353
0.0,-0.05,0.0,6.9907,3.5983,3.6031,1,1.4235,LOST,0.05,GATE_APPROACH|GATE_APPROACH|GATE_YIELD,0,1,1,5.1,-11.736,-10.707,-10.367,18.516,11.602,15.189,-4.352,-4.359,-4.353
0.0,-0.05,0.0,6.9909,3.5883,3.5897,1,1.4574,LOST,0.05,GATE_APPROACH|GATE_APPROACH|GATE_YIELD,0,1,1,5.2,-11.686,-10.656,-10.366,18.525,11.61,15.188,-4.352,-4.359,-4.353
0.0,-0.05,0.0,6.9914,3.5793,3.5767,1,1.4913,LOST,0.05,GATE_APPROACH|GATE_APPROACH|GATE_YIELD,0,1,1,5.3,-11.636,-10.606,-10.366,18.534,11.619,15.188,-4.352,-4.36,-4.353
0.0,-0.05,0.0,6.992,3.5712,3.5644,1,1.5253,LOST,0.05,GATE_APPROACH|GATE_APPROACH|GATE_YIELD,0,1,1,5.4,-11.586,-10.555,-10.366,18.543,11.627,15.187,-4.352,-4.36,-4.352
0.0,-0.05,0.0,6.9925,3.5639,3.553,1,1.5584,LOST,0.05,GATE_APPROACH|GATE_APPROACH|GATE_YIELD,0,1,1,5.5,-11.537,-10.507,-10.366,18.552,11.636,15.186,-4.352,-4.36,-4.352
0.0,-0.05,0.0,6.9925,3.5576,3.542,1,1.5904,LOST,0.05,GATE_APPROACH|GATE_APPROACH|GATE_YIELD,0,1,1,5.6,-11.489,-10.46,-10.366,18.56,11.644,15.185,-4.352,-4.36,-4.351
0.0,-0.05,0.0,6.9921,3.5523,3.5316,1,1.6211,LOST,0.05,GATE_APPROACH|GATE_APPROACH|GATE_YIELD,0,1,1,5.7,-11.444,-10.415,-10.366,18.568,11.652,15.184,-4.351,-4.36,-4.351
0.0,-0.05,0.0,6.9923,3.5487,3.522,1,1.65,LOST,0.05,GATE_APPROACH|GATE_APPROACH|GATE_YIELD,0,1,1,5.8,-11.401,-10.372,-10.365,18.577,11.66,15.182,-4.352,-4.36,-4.352
0.0,-0.05,0.0,6.9925,3.5458,3.5135,1,1.6772,LOST,0.05,GATE_APPROACH|GATE_APPROACH|GATE_YIELD,0,1,1,5.9,-11.361,-10.332,-10.365,18.584,11.668,15.181,-4.352,-4.361,-4.352
0.0,-0.05,0.0,6.9931,3.5434,3.5064,1,1.7025,LOST,0.05,GATE_APPROACH|GATE_APPROACH|GATE_YIELD,0,1,1,6.0,-11.324,-10.295,-10.365,18.592,11.675,15.181,-4.352,-4.361,-4.353
0.0,-0.05,0.0,6.9934,3.5414,3.5001,1,1.7262,LOST,0.05,GATE_APPROACH|GATE_APPROACH|GATE_YIELD,0,1,1,6.1,-11.289,-10.26,-10.365,18.598,11.681,15.18,-4.352,-4.361,-4.353
0.0,-0.05,0.0,6.9935,3.5398,3.4945,1,1.7481,LOST,0.05,GATE_APPROACH|GATE_APPROACH|GATE_YIELD,0,1,1,6.2,-11.257,-10.228,-10.365,18.604,11.687,15.179,-4.352,-4.361,-4.354
0.0,-0.05,0.0,6.9939,3.5388,3.4896,1,1.7681,LOST,0.05,GATE_APPROACH|GATE_APPROACH|GATE_YIELD,0,1,1,6.3,-11.228,-10.198,-10.365,18.61,11.692,15.178,-4.352,-4.361,-4.354
0.0,-0.05,0.0,6.9945,3.5385,3.4852,1,1.7866,LOST,0.05,GATE_APPROACH|GATE_APPROACH|GATE_YIELD,0,1,1,6.4,-11.201,-10.171,-10.365,18.616,11.697,15.177,-4.352,-4.36,-4.355
0.0,-0.05,0.0,6.9949,3.538,3.4817,1,1.8035,LOST,0.05,GATE_APPROACH|GATE_APPROACH|GATE_YIELD,0,1,1,6.5,-11.176,-10.145,-10.365,18.62,11.702,15.176,-4.351,-4.359,-4.354
0.0,-0.05,0.0,6.9953,3.5375,3.4789,1,1.8188,LOST,0.05,GATE_YIELD|GATE_YIELD|GATE_YIELD,0,1,1,6.6,-11.152,-10.122,-10.364,18.625,11.705,15.176,-4.351,-4.359,-4.354
0.0,-0.05,0.0,6.9956,3.5371,3.4765,1,1.8325,LOST,0.05,GATE_YIELD|GATE_YIELD|GATE_YIELD,0,1,1,6.7,-11.132,-10.101,-10.363,18.628,11.709,15.176,-4.35,-4.358,-4.355
0.0,-0.05,0.0,6.9957,3.5368,3.4744,1,1.8448,LOST,0.05,GATE_YIELD|GATE_YIELD|GATE_YIELD,0,1,1,6.8,-11.112,-10.082,-10.362,18.632,11.712,15.175,-4.35,-4.357,-4.355
0.0,-0.05,0.0,6.9961,3.5371,3.4724,1,1.8559,LOST,0.05,GATE_YIELD|GATE_YIELD|GATE_YIELD,0,1,1,6.9,-11.095,-10.064,-10.361,18.635,11.715,15.175,-4.351,-4.357,-4.356
0.0,-0.05,0.0,6.9967,3.5374,3.4708,1,1.8659,LOST,0.05,GATE_YIELD|GATE_YIELD|GATE_YIELD,0,1,1,7.0,-11.079,-10.048,-10.36,18.638,11.718,15.174,-4.352,-4.357,-4.356
0.0,-0.05,0.0,6.9973,3.5376,3.4697,1,1.8751,LOST,0.05,GATE_YIELD|GATE_YIELD|GATE_YIELD,0,1,1,7.1,-11.065,-10.034,-10.359,18.641,11.72,15.174,-4.353,-4.357,-4.357
0.0,-0.05,0.0,6.9975,3.5376,3.4687,1,1.8834,LOST,0.05,GATE_YIELD|GATE_YIELD|GATE_YIELD,0,1,1,7.2,-11.052,-10.02,-10.358,18.643,11.722,15.174,-4.353,-4.357,-4.357
0.0,-0.05,0.0,6.9975,3.5377,3.4675,1,1.8911,LOST,0.05,GATE_YIELD|GATE_YIELD|GATE_YIELD,0,1,1,7.3,-11.04,-10.008,-10.357,18.646,11.725,15.175,-4.354,-4.357,-4.358
0.0,-0.05,0.0,6.9977,3.5381,3.4664,1,1.8979,LOST,0.05,GATE_YIELD|GATE_YIELD|GATE_YIELD,0,1,1,7.4,-11.029,-9.997,-10.356,18.648,11.727,15.174,-4.354,-4.356,-4.359
0.0,-0.05,0.0,6.9975,3.5383,3.4652,1,1.9038,LOST,0.05,GATE_YIELD|GATE_YIELD|GATE_YIELD,0,1,1,7.5,-11.019,-9.987,-10.355,18.65,11.729,15.174,-4.355,-4.356,-4.36
0.0,-0.05,0.0,6.9971,3.5386,3.4638,1,1.9091,LOST,0.05,GATE_YIELD|GATE_YIELD|GATE_YIELD,0,1,1,7.6,-11.011,-9.978,-10.354,18.651,11.731,15.174,-4.356,-4.356,-4.36
0.0,-0.05,0.0,6.9965,3.5389,3.4621,1,1.9161,LOST,0.05,GATE_PASS|GATE_YIELD|GATE_YIELD,0,1,1,7.7,-10.997,-9.97,-10.353,18.654,11.733,15.174,-4.357,-4.356,-4.36
0.0,-0.05,0.0,6.9958,3.5392,3.4602,1,1.9258,LOST,0.05,GATE_PASS|GATE_YIELD|GATE_YIELD,0,1,1,7.8,-10.975,-9.963,-10.352,18.658,11.735,15.173,-4.358,-4.356,-4.361
0.0,-0.05,0.0,6.9951,3.5395,3.4581,1,1.9373,LOST,0.05,GATE_PASS|GATE_YIELD|GATE_YIELD,0,1,1,7.9,-10.947,-9.956,-10.352,18.662,11.737,15.173,-4.359,-4.356,-4.362
0.0,-0.05,0.0,6.9946,3.5404,3.4558,1,1.9504,LOST,0.05,GATE_PASS|GATE_YIELD|GATE_YIELD,0,1,1,8.0,-10.913,-9.949,-10.351,18.667,11.739,15.172,-4.359,-4.356,-4.362
0.0,-0.05,0.0,6.9944,3.542,3.4533,1,1.9649,LOST,0.05,GATE_PASS|GATE_YIELD|GATE_YIELD,0,1,1,8.1,-10.876,-9.943,-10.35,18.673,11.741,15.171,-4.36,-4.356,-4.362
0.0,-0.05,0.0,6.9947,3.5441,3.4509,1,1.9805,LOST,0.05,GATE_PASS|GATE_YIELD|GATE_YIELD,0,1,1,8.2,-10.835,-9.937,-10.35,18.68,11.743,15.169,-4.36,-4.356,-4.361
0.0,-0.05,0.0,6.9958,3.5462,3.4496,1,1.997,LOST,0.05,GATE_PASS|GATE_YIELD|GATE_YIELD,0,1,1,8.3,-10.791,-9.931,-10.349,18.687,11.744,15.169,-4.361,-4.356,-4.361
0.0,-0.05,0.0,6.9978,3.5484,3.4495,1,2.0139,LOST,0.05,GATE_PASS|GATE_YIELD|GATE_YIELD,0,1,1,8.4,-10.745,-9.926,-10.349,18.695,11.745,15.168,-4.361,-4.356,-4.361
0.0,-0.05,0.0,7.0001,3.5508,3.4498,1,2.031,LOST,0.05,GATE_PASS|GATE_YIELD|GATE_YIELD,0,1,1,8.5,-10.698,-9.921,-10.348,18.702,11.745,15.169,-4.361,-4.356,-4.361
0.0,-0.05,0.0,7.0024,3.5534,3.4504,1,2.0487,LOST,0.05,GATE_PASS|GATE_YIELD|GATE_YIELD,0,1,1,8.6,-10.649,-9.917,-10.347,18.709,11.745,15.169,-4.36,-4.357,-4.361
0.0,-0.05,0.0,7.0047,3.5562,3.4512,1,2.0667,LOST,0.05,GATE_PASS|GATE_YIELD|GATE_YIELD,0,1,1,8.7,-10.599,-9.912,-10.347,18.716,11.745,15.169,-4.36,-4.357,-4.361
0.0,-0.05,0.0,7.0068,3.5598,3.4514,1,2.0851,LOST,0.05,GATE_PASS|GATE_YIELD|GATE_YIELD,0,1,1,8.8,-10.549,-9.908,-10.348,18.723,11.746,15.169,-4.359,-4.358,-4.361
0.0,-0.05,0.0,7.0093,3.5642,3.4517,1,2.1037,LOST,0.05,GATE_PASS|GATE_YIELD|GATE_YIELD,0,1,1,8.9,-10.499,-9.905,-10.348,18.73,11.746,15.169,-4.359,-4.358,-4.361
0.0,-0.05,0.0,7.0122,3.5692,3.4522,1,2.1223,LOST,0.05,GATE_PASS|GATE_YIELD|GATE_YIELD,0,1,1,9.0,-10.448,-9.902,-10.349,18.737,11.746,15.169,-4.358,-4.358,-4.361
0.0,-0.05,0.0,7.0155,3.5749,3.4528,1,2.1411,LOST,0.05,GATE_PASS|GATE_YIELD|GATE_YIELD,0,1,1,9.1,-10.397,-9.898,-10.35,18.744,11.746,15.17,-4.357,-4.359,-4.361
0.0,-0.05,0.0,7.0192,3.5814,3.4535,1,2.1601,LOST,0.05,GATE_PASS|GATE_YIELD|GATE_YIELD,0,1,1,9.2,-10.345,-9.895,-10.351,18.751,11.747,15.17,-4.356,-4.36,-4.36
0.0,-0.05,0.0,7.0229,3.5885,3.4542,1,2.1792,LOST,0.05,GATE_PASS|GATE_YIELD|GATE_YIELD,0,1,1,9.3,-10.293,-9.892,-10.352,18.759,11.747,15.171,-4.356,-4.36,-4.359
0.0,-0.05,0.0,7.0258,3.5952,3.4548,1,2.1983,LOST,0.05,GATE_PASS|GATE_YIELD|GATE_YIELD,0,1,1,9.4,-10.241,-9.889,-10.353,18.764,11.748,15.171,-4.355,-4.36,-4.359
0.0,-0.05,0.0,7.0276,3.6011,3.4555,1,2.2173,LOST,0.05,GATE_PASS|GATE_YIELD|GATE_YIELD,0,1,1,9.5,-10.189,-9.885,-10.354,18.769,11.748,15.172,-4.355,-4.361,-4.359
0.0,-0.05,0.0,7.0283,3.6064,3.4563,1,2.2363,LOST,0.05,GATE_PASS|GATE_YIELD|GATE_YIELD,0,1,1,9.6,-10.137,-9.882,-10.355,18.772,11.749,15.172,-4.354,-4.361,-4.359
0.0,-0.05,0.0,7.0276,3.6102,3.4573,1,2.2547,LOST,0.05,GATE_PASS|GATE_YIELD|GATE_YIELD,0,1,1,9.7,-10.085,-9.88,-10.355,18.773,11.749,15.173,-4.353,-4.361,-4.359
0.0,-0.05,0.0,7.0256,3.6127,3.4589,1,2.2728,LOST,0.05,GATE_PASS|GATE_YIELD|GATE_YIELD,0,1,1,9.8,-10.033,-9.877,-10.356,18.773,11.749,15.174,-4.352,-4.361,-4.359
0.0,-0.05,0.0,7.0222,3.6137,3.4609,1,2.2907,LOST,0.05,GATE_PASS|GATE_YIELD|GATE_YIELD,0,1,1,9.9,-9.981,-9.875,-10.356,18.77,11.748,15.176,-4.351,-4.36,-4.359
0.0,-0.05,0.0,7.0174,3.6137,3.4628,1,2.3082,LOST,0.05,GATE_PASS|GATE_YIELD|GATE_YIELD,0,1,1,10.0,-9.93,-9.873,-10.357,18.765,11.748,15.177,-4.35,-4.36,-4.359
0.0,-0.05,0.0,7.0106,3.6124,3.4644,1,2.3256,LOST,0.05,GATE_PASS|GATE_YIELD|GATE_YIELD,0,1,1,10.1,-9.878,-9.87,-10.357,18.758,11.748,15.178,-4.349,-4.36,-4.359
0.0,-0.05,0.0,7.0017,3.6097,3.4656,1,2.3426,LOST,0.05,GATE_PASS|GATE_YIELD|GATE_YIELD,0,1,1,10.2,-9.827,-9.868,-10.357,18.749,11.748,15.179,-4.349,-4.36,-4.358
0.0,-0.05,0.0,6.9907,3.6052,3.4668,1,2.3592,LOST,0.05,GATE_PASS|GATE_YIELD|GATE_YIELD,0,1,1,10.3,-9.776,-9.866,-10.357,18.738,11.748,15.18,-4.349,-4.36,-4.358
0.0,-0.05,0.0,6.9777,3.5994,3.4677,1,2.3759,LOST,0.05,GATE_PASS|GATE_YIELD|GATE_YIELD,0,1,1,10.4,-9.726,-9.864,-10.357,18.724,11.748,15.18,-4.349,-4.36,-4.358
0.0,-0.05,0.0,6.9632,3.5924,3.4688,1,2.3921,LOST,0.05,GATE_PASS|GATE_YIELD|GATE_YIELD,0,1,1,10.5,-9.676,-9.862,-10.357,18.709,11.748,15.181,-4.35,-4.36,-4.357
0.0,-0.05,0.0,6.9469,3.5842,3.4697,1,2.4083,LOST,0.05,GATE_PASS|GATE_YIELD|GATE_YIELD,0,1,1,10.6,-9.627,-9.861,-10.357,18.691,11.748,15.182,-4.351,-4.36,-4.357
0.0,-0.05,0.0,6.9293,3.5748,3.4705,1,2.424,LOST,0.05,GATE_PASS|GATE_YIELD|GATE_YIELD,0,1,1,10.7,-9.578,-9.859,-10.357,18.672,11.749,15.183,-4.351,-4.36,-4.356
0.0,-0.05,0.0,6.9101,3.5643,3.4713,1,2.4393,LOST,0.05,GATE_PASS|GATE_YIELD|GATE_YIELD,0,1,1,10.8,-9.53,-9.858,-10.357,18.651,11.749,15.184,-4.352,-4.361,-4.356
0.0,-0.05,0.0,6.8895,3.5524,3.4723,1,2.4542,LOST,0.05,GATE_PASS|GATE_YIELD|GATE_YIELD,0,1,1,10.9,-9.483,-9.856,-10.357,18.629,11.749,15.186,-4.352,-4.361,-4.356
0.0,-0.05,0.0,6.8677,3.5393,3.4734,1,2.4685,LOST,0.05,GATE_PASS|GATE_YIELD|GATE_YIELD,0,1,1,11.0,-9.437,-9.855,-10.356,18.605,11.75,15.187,-4.353,-4.362,-4.356
0.0,-0.05,0.0,6.8442,3.5248,3.4747,1,2.4826,LOST,0.05,GATE_PASS|GATE_YIELD|GATE_YIELD,0,1,1,11.1,-9.391,-9.853,-10.356,18.578,11.75,15.188,-4.353,-4.362,-4.356
0.0,-0.05,0.0,6.8189,3.509,3.4757,1,2.4964,LOST,0.05,GATE_PASS|GATE_YIELD|GATE_YIELD,0,1,1,11.2,-9.347,-9.852,-10.355,18.55,11.75,15.189,-4.353,-4.363,-4.356
0.0,-0.05,0.0,6.7917,3.4921,3.4762,1,2.5098,LOST,0.05,GATE_PASS|GATE_YIELD|GATE_YIELD,0,1,1,11.3,-9.304,-9.851,-10.355,18.52,11.751,15.19,-4.353,-4.363,-4.356
0.0,-0.05,0.0,6.763,3.4741,3.4763,1,2.5226,LOST,0.05,GATE_PASS|GATE_YIELD|GATE_YIELD,0,1,1,11.4,-9.262,-9.85,-10.354,18.489,11.751,15.191,-4.354,-4.364,-4.356
0.0,-0.05,0.0,6.7332,3.4555,3.4764,1,2.5353,LOST,0.05,GATE_PASS|GATE_YIELD|GATE_YIELD,0,1,1,11.5,-9.22,-9.849,-10.354,18.456,11.752,15.192,-4.354,-4.364,-4.357
0.0,-0.05,0.0,6.7031,3.4369,3.4764,1,2.5478,LOST,0.05,GATE_PASS|GATE_YIELD|GATE_YIELD,0,1,1,11.6,-9.179,-9.848,-10.353,18.423,11.753,15.192,-4.355,-4.364,-4.358
0.0,-0.05,0.0,6.6729,3.4182,3.4768,1,2.5602,LOST,0.05,GATE_PASS|GATE_YIELD|GATE_YIELD,0,1,1,11.7,-9.139,-9.846,-10.352,18.389,11.753,15.193,-4.355,-4.365,-4.358
0.0,-0.05,0.0,6.6426,3.3994,3.4774,1,2.5724,LOST,0.05,GATE_PASS|GATE_YIELD|GATE_YIELD,0,1,1,11.8,-9.099,-9.845,-10.352,18.354,11.754,15.194,-4.356,-4.365,-4.358
0.0,-0.05,0.0,6.6126,3.381,3.4783,1,2.5843,LOST,0.05,GATE_PASS|GATE_YIELD|GATE_YIELD,0,1,1,11.9,-9.059,-9.844,-10.351,18.32,11.754,15.195,-4.357,-4.366,-4.358
0.0,-0.05,0.0,6.5824,3.3625,3.4793,1,2.596,LOST,0.05,GATE_PASS|GATE_YIELD|GATE_YIELD,0,1,1,12.0,-9.02,-9.843,-10.349,18.284,11.754,15.196,-4.358,-4.367,-4.359
0.0,-0.05,0.0,6.5521,3.3444,3.4802,1,2.6078,LOST,0.05,GATE_PASS|GATE_YIELD|GATE_YIELD,0,1,1,12.1,-8.981,-9.841,-10.348,18.249,11.754,15.197,-4.358,-4.368,-4.359
0.0,-0.05,0.0,6.5215,3.3269,3.4808,1,2.6197,LOST,0.05,GATE_PASS|GATE_YIELD|GATE_YIELD,0,1,1,12.2,-8.942,-9.84,-10.347,18.213,11.754,15.197,-4.36,-4.369,-4.359
0.0,-0.05,0.0,6.491,3.3099,3.4814,1,2.6316,LOST,0.05,GATE_PASS|GATE_YIELD|GATE_YIELD,0,1,1,12.3,-8.903,-9.839,-10.346,18.177,11.753,15.198,-4.36,-4.369,-4.36
0.0,-0.05,0.0,6.4707,3.3082,3.4772,1,2.6454,LOST,0.05,SEPARATION_WARNING|GATE_YIELD|SEPARATION_WARNING,0,1,1,12.4,-8.863,-9.838,-10.347,18.15,11.753,15.193,-4.361,-4.369,-4.361
0.0,-0.05,0.0,6.4628,3.3259,3.4664,1,2.6616,LOST,0.05,SEPARATION_WARNING|GATE_YIELD|SEPARATION_WARNING,0,1,1,12.5,-8.823,-9.837,-10.35,18.135,11.752,15.18,-4.361,-4.369,-4.362
0.0,-0.05,0.0,6.4602,3.3507,3.4534,1,2.6783,LOST,0.05,SEPARATION_WARNING|GATE_YIELD|SEPARATION_WARNING,0,1,1,12.6,-8.784,-9.836,-10.354,18.125,11.751,15.166,-4.36,-4.369,-4.362
0.0,-0.05,0.0,6.4599,3.3776,3.4401,1,2.6946,LOST,0.05,SEPARATION_WARNING|GATE_YIELD|SEPARATION_WARNING,0,1,1,12.7,-8.746,-9.835,-10.359,18.118,11.75,15.15,-4.358,-4.369,-4.363
0.0,-0.05,0.0,6.4617,3.4062,3.4265,1,2.7105,LOST,0.05,SEPARATION_WARNING|GATE_YIELD|SEPARATION_WARNING,0,1,1,12.8,-8.709,-9.834,-10.364,18.112,11.749,15.135,-4.356,-4.368,-4.363
0.0,-0.05,0.0,6.4649,3.4363,3.4128,1,2.7263,LOST,0.05,SEPARATION_WARNING|GATE_YIELD|SEPARATION_WARNING,0,1,1,12.9,-8.673,-9.833,-10.368,18.108,11.748,15.119,-4.353,-4.368,-4.364
0.0,-0.05,0.0,6.469,3.4654,3.4015,1,2.7425,LOST,0.05,SEPARATION_WARNING|GATE_YIELD|SEPARATION_WARNING,0,1,1,13.0,-8.639,-9.833,-10.374,18.105,11.747,15.105,-4.349,-4.368,-4.363
0.0,-0.05,0.0,6.4738,3.4937,3.3931,1,2.7595,LOST,0.05,SEPARATION_WARNING|GATE_YIELD|SEPARATION_WARNING,0,1,1,13.1,-8.605,-9.832,-10.382,18.103,11.746,15.095,-4.344,-4.367,-4.361
0.0,-0.05,0.0,6.4789,3.5215,3.3865,1,2.7772,LOST,0.05,SEPARATION_WARNING|GATE_YIELD|SEPARATION_WARNING,0,1,1,13.2,-8.571,-9.831,-10.39,18.101,11.746,15.086,-4.34,-4.367,-4.356
0.0,-0.05,0.0,6.4845,3.5486,3.3824,1,2.7954,LOST,0.05,SEPARATION_WARNING|GATE_YIELD|SEPARATION_WARNING,0,1,1,13.3,-8.537,-9.831,-10.4,18.1,11.746,15.08,-4.335,-4.366,-4.351
0.0,-0.05,0.0,6.4908,3.5747,3.3805,1,2.8139,LOST,0.05,SEPARATION_WARNING|GATE_YIELD|SEPARATION_WARNING,0,1,1,13.4,-8.504,-9.83,-10.411,18.099,11.745,15.075,-4.329,-4.366,-4.344
0.0,-0.05,0.0,6.4977,3.6009,3.3802,1,2.8328,LOST,0.05,SEPARATION_WARNING|GATE_YIELD|SEPARATION_WARNING,0,1,1,13.5,-8.471,-9.829,-10.422,18.099,11.744,15.072,-4.324,-4.365,-4.337
0.0,-0.05,0.0,6.5045,3.626,3.381,1,2.8514,LOST,0.05,SEPARATION_WARNING|GATE_YIELD|SEPARATION_WARNING,0,1,1,13.6,-8.44,-9.829,-10.435,18.098,11.744,15.07,-4.318,-4.365,-4.329
0.0,-0.05,0.0,6.5045,3.6447,3.3823,1,2.8695,LOST,0.05,GATE_PASS|GATE_YIELD|SEPARATION_WARNING,0,1,1,13.7,-8.41,-9.829,-10.447,18.091,11.744,15.069,-4.314,-4.365,-4.32
0.0,-0.05,0.0,6.4958,3.6555,3.3844,1,2.887,LOST,0.05,GATE_PASS|GATE_YIELD|SEPARATION_WARNING,0,1,1,13.8,-8.381,-9.83,-10.46,18.076,11.744,15.068,-4.311,-4.364,-4.311
0.0,-0.05,0.0,6.48,3.6601,3.3868,1,2.9041,LOST,0.05,GATE_PASS|GATE_YIELD|SEPARATION_WARNING,0,1,1,13.9,-8.354,-9.83,-10.472,18.053,11.744,15.068,-4.309,-4.364,-4.301
0.0,-0.05,0.0,6.4579,3.6598,3.3894,1,2.9211,LOST,0.05,GATE_PASS|GATE_YIELD|SEPARATION_WARNING,0,1,1,14.0,-8.328,-9.829,-10.485,18.025,11.744,15.069,-4.309,-4.364,-4.291
0.0,-0.05,0.0,6.4314,3.656,3.3924,1,2.9379,LOST,0.05,GATE_PASS|GATE_YIELD|SEPARATION_WARNING,0,1,1,14.1,-8.302,-9.829,-10.498,17.992,11.745,15.07,-4.309,-4.364,-4.28
0.0,-0.05,0.0,6.4012,3.6497,3.3955,1,2.9546,LOST,0.05,GATE_PASS|GATE_YIELD|SEPARATION_WARNING,0,1,1,14.2,-8.276,-9.828,-10.511,17.956,11.746,15.071,-4.311,-4.364,-4.27
0.0,-0.05,0.0,6.3681,3.6414,3.3992,1,2.9714,LOST,0.05,GATE_PASS|GATE_YIELD|SEPARATION_WARNING,0,1,1,14.3,-8.251,-9.827,-10.524,17.917,11.747,15.072,-4.313,-4.365,-4.259
0.0,-0.05,0.0,6.3327,3.6318,3.403,1,2.9881,LOST,0.05,GATE_PASS|GATE_YIELD|SEPARATION_WARNING,0,1,1,14.4,-8.226,-9.827,-10.537,17.875,11.748,15.074,-4.315,-4.365,-4.248
0.0,-0.05,0.0,6.2954,3.6217,3.4064,1,3.0048,LOST,0.05,GATE_PASS|GATE_YIELD|SEPARATION_WARNING,0,1,1,14.5,-8.201,-9.826,-10.55,17.831,11.749,15.076,-4.317,-4.365,-4.237
0.0,-0.05,0.0,6.2576,3.6115,3.4102,1,3.0213,LOST,0.05,GATE_PASS|GATE_YIELD|SEPARATION_WARNING,0,1,1,14.6,-8.176,-9.826,-10.562,17.787,11.751,15.077,-4.32,-4.365,-4.226
0.0,-0.05,0.0,6.2203,3.6022,3.4143,1,3.0377,LOST,0.05,GATE_PASS|GATE_YIELD|SEPARATION_WARNING,0,1,1,14.7,-8.151,-9.825,-10.575,17.742,11.751,15.079,-4.323,-4.365,-4.215
0.0,-0.05,0.0,6.1832,3.5945,3.4183,1,3.0546,LOST,0.05,GATE_PASS|GATE_YIELD|SEPARATION_WARNING,0,1,1,14.8,-8.125,-9.824,-10.587,17.697,11.752,15.081,-4.325,-4.365,-4.204
0.0,-0.05,0.0,6.1465,3.5881,3.422,1,3.0714,LOST,0.05,GATE_PASS|GATE_YIELD|SEPARATION_WARNING,0,1,1,14.9,-8.099,-9.824,-10.598,17.652,11.753,15.082,-4.328,-4.365,-4.193
0.0,-0.05,0.0,6.11,3.5829,3.4259,1,3.0885,LOST,0.05,GATE_PASS|GATE_YIELD|SEPARATION_WARNING,0,1,1,15.0,-8.072,-9.823,-10.61,17.608,11.754,15.083,-4.331,-4.365,-4.182
0.0,-0.05,0.0,6.0739,3.5795,3.4297,1,3.1061,LOST,0.05,GATE_PASS|GATE_YIELD|SEPARATION_WARNING,0,1,1,15.1,-8.044,-9.822,-10.622,17.563,11.755,15.084,-4.333,-4.365,-4.171
0.0,-0.05,0.0,6.0392,3.5785,3.4338,1,3.1242,LOST,0.05,GATE_PASS|GATE_YIELD|SEPARATION_WARNING,0,1,1,15.2,-8.016,-9.821,-10.634,17.519,11.756,15.086,-4.336,-4.365,-4.161
0.0,-0.05,0.0,6.0058,3.5796,3.4383,1,3.1428,LOST,0.05,GATE_PASS|GATE_YIELD|SEPARATION_WARNING,0,1,1,15.3,-7.987,-9.821,-10.646,17.475,11.756,15.087,-4.339,-4.366,-4.15
0.0,-0.05,0.0,5.9729,3.5822,3.443,1,3.1616,LOST,0.05,GATE_PASS|GATE_YIELD|SEPARATION_WARNING,0,1,1,15.4,-7.957,-9.82,-10.659,17.431,11.756,15.088,-4.342,-4.366,-4.14
0.0,-0.05,0.0,5.9404,3.5863,3.4477,1,3.1807,LOST,0.05,GATE_PASS|GATE_YIELD|SEPARATION_WARNING,0,1,1,15.5,-7.927,-9.82,-10.671,17.388,11.757,15.089,-4.344,-4.367,-4.129
0.0,-0.05,0.0,5.9086,3.5917,3.4525,1,3.1999,LOST,0.05,GATE_PASS|GATE_YIELD|SEPARATION_WARNING,0,1,1,15.6,-7.896,-9.819,-10.684,17.344,11.757,15.091,-4.346,-4.367,-4.119
0.0,-0.05,0.0,5.8777,3.5987,3.4573,1,3.2191,LOST,0.05,GATE_PASS|GATE_YIELD|SEPARATION_WARNING,0,1,1,15.7,-7.865,-9.82,-10.696,17.301,11.758,15.092,-4.348,-4.367,-4.109
0.0,-0.05,0.0,5.8479,3.6076,3.4623,1,3.2386,LOST,0.05,GATE_PASS|GATE_YIELD|SEPARATION_WARNING,0,1,1,15.8,-7.834,-9.82,-10.709,17.259,11.758,15.093,-4.349,-4.367,-4.098
0.0,-0.05,0.0,5.8193,3.6185,3.4674,1,3.2585,LOST,0.05,GATE_PASS|GATE_YIELD|SEPARATION_WARNING,0,1,1,15.9,-7.803,-9.819,-10.722,17.217,11.758,15.094,-4.351,-4.367,-4.088
0.0,-0.05,0.0,5.7919,3.631,3.4729,1,3.2817,LOST,0.05,GATE_PASS|GATE_YIELD|SEPARATION_WARNING,0,1,1,16.0,-7.771,-9.819,-10.734,17.175,11.758,15.096,-4.352,-4.367,-4.078
0.0,-0.05,0.0,5.7653,3.6452,3.4781,1,3.3137,LOST,0.05,GATE_PASS|GATE_YIELD|SEPARATION_WARNING,0,1,1,16.1,-7.738,-9.82,-10.747,17.134,11.758,15.097,-4.354,-4.367,-4.068
0.0,-0.05,0.0,5.7398,3.6607,3.4835,1,3.346,LOST,0.05,GATE_PASS|GATE_YIELD|SEPARATION_WARNING,0,1,1,16.2,-7.706,-9.82,-10.76,17.094,11.758,15.098,-4.355,-4.367,-4.058
0.0,-0.05,0.0,5.7154,3.6777,3.4893,1,3.3787,LOST,0.05,GATE_PASS|GATE_YIELD|SEPARATION_WARNING,0,1,1,16.3,-7.672,-9.82,-10.772,17.053,11.757,15.099,-4.356,-4.368,-4.048
0.0,-0.05,0.0,5.6912,3.6962,3.4953,1,3.4116,LOST,0.05,GATE_PASS|GATE_YIELD|SEPARATION_WARNING,0,1,1,16.4,-7.639,-9.82,-10.785,17.013,11.756,15.099,-4.357,-4.368,-4.038
0.0,-0.05,0.0,5.6674,3.7158,3.5017,1,3.4444,LOST,0.05,GATE_PASS|GATE_YIELD|SEPARATION_WARNING,0,1,1,16.5,-7.605,-9.819,-10.798,16.973,11.756,15.101,-4.357,-4.368,-4.029
0.0,-0.05,0.0,5.6446,3.7368,3.5077,1,3.4773,LOST,0.05,GATE_PASS|GATE_YIELD|SEPARATION_WARNING,0,1,1,16.6,-7.571,-9.818,-10.811,16.933,11.755,15.101,-4.358,-4.367,-4.019
0.0,-0.05,0.0,5.6232,3.7591,3.5135,1,3.5101,LOST,0.05,GATE_PASS|GATE_YIELD|SEPARATION_WARNING,0,1,1,16.7,-7.538,-9.817,-10.823,16.895,11.755,15.102,-4.358,-4.367,-4.01
0.0,-0.05,0.0,5.6021,3.7825,3.5188,1,3.5431,LOST,0.05,GATE_PASS|GATE_YIELD|SEPARATION_WARNING,0,1,1,16.8,-7.503,-9.816,-10.835,16.857,11.755,15.103,-4.358,-4.367,-4.0
0.0,-0.05,0.0,5.5812,3.8065,3.524,1,3.5763,LOST,0.05,GATE_PASS|GATE_YIELD|SEPARATION_WARNING,0,1,1,16.9,-7.469,-9.816,-10.847,16.819,11.755,15.104,-4.358,-4.367,-3.991
0.0,-0.05,0.0,5.5608,3.8311,3.5291,1,3.6094,LOST,0.05,GATE_PASS|GATE_YIELD|SEPARATION_WARNING,0,1,1,17.0,-7.434,-9.815,-10.859,16.781,11.756,15.105,-4.358,-4.367,-3.982
0.0,-0.05,0.0,5.5411,3.8569,3.5338,1,3.6428,LOST,0.05,GATE_PASS|GATE_YIELD|SEPARATION_WARNING,0,1,1,17.1,-7.4,-9.815,-10.87,16.743,11.756,15.106,-4.358,-4.367,-3.972
0.0,-0.05,0.0,5.5221,3.8837,3.5385,1,3.6764,LOST,0.05,GATE_PASS|GATE_YIELD|SEPARATION_WARNING,0,1,1,17.2,-7.365,-9.815,-10.882,16.706,11.757,15.106,-4.358,-4.367,-3.963
0.0,-0.05,0.0,5.5037,3.9109,3.5434,1,3.71,LOST,0.05,GATE_PASS|GATE_YIELD|SEPARATION_WARNING,0,1,1,17.3,-7.33,-9.815,-10.893,16.669,11.758,15.108,-4.358,-4.366,-3.954
0.0,-0.05,0.0,5.4857,3.9387,3.5485,1,3.7436,LOST,0.05,GATE_PASS|GATE_YIELD|SEPARATION_WARNING,0,1,1,17.4,-7.296,-9.815,-10.905,16.632,11.758,15.109,-4.358,-4.366,-3.945
0.0,-0.05,0.0,5.4687,3.9675,3.5539,1,3.7774,LOST,0.05,GATE_PASS|GATE_YIELD|SEPARATION_WARNING,0,1,1,17.5,-7.261,-9.815,-10.916,16.595,11.759,15.11,-4.358,-4.365,-3.936
0.0,-0.05,0.0,5.4526,3.9976,3.5595,1,3.8114,LOST,0.05,GATE_PASS|GATE_YIELD|SEPARATION_WARNING,0,1,1,17.6,-7.226,-9.815,-10.928,16.558,11.759,15.112,-4.357,-4.364,-3.926
0.0,-0.05,0.0,5.4367,4.0283,3.5652,1,3.8454,LOST,0.05,GATE_PASS|GATE_YIELD|SEPARATION_WARNING,0,1,1,17.7,-7.191,-9.815,-10.94,16.521,11.76,15.114,-4.357,-4.362,-3.917
0.0,-0.05,0.0,5.4212,4.0598,3.5708,1,3.8797,LOST,0.05,GATE_PASS|GATE_YIELD|SEPARATION_WARNING,0,1,1,17.8,-7.156,-9.815,-10.951,16.484,11.76,15.115,-4.356,-4.361,-3.908
0.0,-0.05,0.0,5.4065,4.0924,3.5766,1,3.9142,LOST,0.05,GATE_PASS|GATE_YIELD|SEPARATION_WARNING,0,1,1,17.9,-7.12,-9.815,-10.963,16.448,11.761,15.117,-4.355,-4.359,-3.899
0.0,-0.05,0.0,5.3931,4.1179,3.5797,1,3.9464,LOST,0.05,GATE_PASS|GATE_YIELD|GATE_APPROACH,0,1,1,18.0,-7.084,-9.815,-10.966,16.411,11.761,15.118,-4.355,-4.359,-3.894
0.0,-0.05,0.0,5.3813,4.1342,3.5792,1,3.9758,LOST,0.05,GATE_PASS|GATE_YIELD|GATE_APPROACH,0,1,1,18.1,-7.046,-9.815,-10.959,16.376,11.761,15.121,-4.355,-4.358,-3.896
0.0,-0.05,0.0,5.3715,4.1435,3.5758,1,4.0032,LOST,0.05,GATE_PASS|GATE_YIELD|GATE_APPROACH,0,1,1,18.2,-7.008,-9.815,-10.943,16.341,11.762,15.124,-4.355,-4.357,-3.904
0.0,-0.05,0.0,5.3635,4.1478,3.57,1,4.029,LOST,0.05,GATE_PASS|GATE_YIELD|GATE_APPROACH,0,1,1,18.3,-6.969,-9.815,-10.921,16.308,11.762,15.128,-4.356,-4.357,-3.916
0.0,-0.05,0.0,5.3574,4.1487,3.5626,1,4.0533,LOST,0.05,GATE_PASS|GATE_YIELD|GATE_APPROACH,0,1,1,18.4,-6.928,-9.815,-10.893,16.276,11.763,15.132,-4.356,-4.357,-3.932
0.0,-0.05,0.0,5.3538,4.1479,3.5545,1,4.0769,LOST,0.05,GATE_PASS|GATE_YIELD|GATE_APPROACH,0,1,1,18.5,-6.887,-9.815,-10.863,16.246,11.763,15.136,-4.357,-4.357,-3.952
0.0,-0.05,0.0,5.3526,4.1464,3.5457,1,4.1001,LOST,0.05,GATE_PASS|GATE_YIELD|GATE_APPROACH,0,1,1,18.6,-6.845,-9.815,-10.83,16.217,11.764,15.139,-4.358,-4.357,-3.974
0.0,-0.05,0.0,5.3538,4.1453,3.5367,1,4.1234,LOST,0.05,GATE_PASS|GATE_YIELD|GATE_APPROACH,0,1,1,18.7,-6.801,-9.815,-10.796,16.19,11.765,15.143,-4.359,-4.357,-3.997
0.0,-0.05,0.0,5.3575,4.1453,3.5273,1,4.1464,LOST,0.05,GATE_PASS|GATE_YIELD|GATE_APPROACH,0,1,1,18.8,-6.757,-9.815,-10.762,16.165,11.765,15.147,-4.36,-4.357,-4.023
0.0,-0.05,0.0,5.3635,4.147,3.5181,1,4.1693,LOST,0.05,GATE_PASS|GATE_YIELD|GATE_APPROACH,0,1,1,18.9,-6.713,-9.815,-10.727,16.142,11.766,15.15,-4.36,-4.358,-4.048
0.0,-0.05,0.0,5.3722,4.1511,3.5093,1,4.1925,LOST,0.05,GATE_PASS|GATE_YIELD|GATE_APPROACH,0,1,1,19.0,-6.667,-9.815,-10.693,16.12,11.767,15.153,-4.36,-4.359,-4.074
0.0,-0.05,0.0,5.3833,4.1584,3.5011,1,4.2164,LOST,0.05,GATE_PASS|GATE_YIELD|GATE_APPROACH,0,1,1,19.1,-6.62,-9.815,-10.661,16.101,11.768,15.155,-4.361,-4.359,-4.1
0.0,-0.05,0.0,5.3967,4.1685,3.4938,1,4.2407,LOST,0.05,GATE_PASS|GATE_YIELD|GATE_YIELD,0,1,1,19.2,-6.573,-9.815,-10.631,16.083,11.768,15.157,-4.362,-4.359,-4.125
0.0,-0.05,0.0,5.4121,4.1812,3.4879,1,4.2654,LOST,0.05,GATE_PASS|GATE_YIELD|GATE_YIELD,0,1,1,19.3,-6.525,-9.814,-10.601,16.067,11.769,15.16,-4.362,-4.36,-4.149
0.0,-0.05,0.0,5.43,4.1972,3.4829,1,4.2903,LOST,0.05,GATE_PASS|GATE_YIELD|GATE_YIELD,0,1,1,19.4,-6.477,-9.813,-10.574,16.053,11.769,15.163,-4.363,-4.36,-4.172
0.0,-0.05,0.0,5.4502,4.216,3.4786,1,4.3157,LOST,0.05,GATE_PASS|GATE_YIELD|GATE_YIELD,0,1,1,19.5,-6.428,-9.813,-10.549,16.041,11.769,15.165,-4.363,-4.36,-4.194
0.0,-0.05,0.0,5.4722,4.2378,3.4749,1,4.3414,LOST,0.05,GATE_PASS|GATE_YIELD|GATE_YIELD,0,1,1,19.6,-6.379,-9.812,-10.525,16.031,11.769,15.167,-4.363,-4.36,-4.214
0.0,-0.05,0.0,5.4962,4.2628,3.4717,1,4.3676,LOST,0.05,GATE_PASS|GATE_YIELD|GATE_YIELD,0,1,1,19.7,-6.329,-9.811,-10.504,16.022,11.77,15.169,-4.363,-4.36,-4.233
0.0,-0.05,0.0,5.5229,4.2912,3.4694,1,4.3943,LOST,0.05,GATE_PASS|GATE_YIELD|GATE_YIELD,0,1,1,19.8,-6.279,-9.811,-10.485,16.016,11.77,15.171,-4.362,-4.361,-4.249
0.0,-0.05,0.0,5.5516,4.3221,3.4674,1,4.4213,LOST,0.05,GATE_PASS|GATE_YIELD|GATE_YIELD,0,1,1,19.9,-6.228,-9.81,-10.467,16.012,11.77,15.173,-4.362,-4.361,-4.264
0.0,-0.05,0.0,5.5821,4.3557,3.4659,1,4.4488,LOST,0.05,GATE_PASS|GATE_YIELD|GATE_YIELD,0,1,1,20.0,-6.177,-9.809,-10.451,16.009,11.77,15.175,-4.361,-4.36,-4.278
0.0,-0.05,0.0,5.6146,4.3922,3.4649,1,4.477,LOST,0.05,GATE_PASS|GATE_YIELD|GATE_YIELD,0,1,1,20.1,-6.125,-9.809,-10.438,16.008,11.77,15.177,-4.36,-4.36,-4.289
0.0,-0.05,0.0,5.6483,4.4308,3.4642,1,4.5055,LOST,0.05,GATE_PASS|GATE_YIELD|GATE_YIELD,0,1,1,20.2,-6.073,-9.808,-10.425,16.008,11.77,15.178,-4.36,-4.36,-4.299
0.0,-0.05,0.0,5.683,4.4713,3.4637,1,4.5344,LOST,0.05,GATE_PASS|GATE_YIELD|GATE_YIELD,0,1,1,20.3,-6.021,-9.807,-10.415,16.009,11.77,15.18,-4.359,-4.36,-4.308
0.0,-0.05,0.0,5.7189,4.5131,3.4636,1,4.5635,LOST,0.05,GATE_PASS|GATE_YIELD|GATE_YIELD,0,1,1,20.4,-5.969,-9.807,-10.405,16.01,11.77,15.181,-4.357,-4.361,-4.316
0.0,-0.05,0.0,5.7556,4.5565,3.4635,1,4.5933,LOST,0.05,GATE_PASS|GATE_YIELD|GATE_YIELD,0,1,1,20.5,-5.917,-9.807,-10.397,16.012,11.77,15.183,-4.356,-4.361,-4.322
0.0,-0.05,0.0,5.7926,4.6007,3.4633,1,4.6234,LOST,0.05,GATE_PASS|GATE_YIELD|GATE_YIELD,0,1,1,20.6,-5.865,-9.808,-10.39,16.015,11.771,15.184,-4.355,-4.362,-4.327
0.0,-0.05,0.0,5.8302,4.6457,3.4631,1,4.6533,LOST,0.05,GATE_PASS|GATE_YIELD|GATE_YIELD,0,1,1,20.7,-5.814,-9.808,-10.384,16.018,11.771,15.186,-4.354,-4.362,-4.33
0.0,-0.05,0.0,5.868,4.6916,3.4629,1,4.6832,LOST,0.05,GATE_PASS|GATE_YIELD|GATE_YIELD,1,1,1,20.8,-5.762,-9.809,-10.379,16.022,11.772,15.187,-4.353,-4.362,-4.333
0.0,-0.05,0.0,5.9058,4.7386,3.4631,1,4.7134,LOST,0.05,GATE_PASS|GATE_YIELD|GATE_YIELD,1,1,1,20.9,-5.711,-9.809,-10.375,16.025,11.772,15.188,-4.353,-4.362,-4.335
0.0,-0.05,0.0,5.944,4.786,3.4639,1,4.7437,LOST,0.05,GATE_PASS|GATE_YIELD|GATE_YIELD,1,1,1,21.0,-5.66,-9.809,-10.372,16.029,11.772,15.19,-4.353,-4.362,-4.337
0.0,-0.05,0.0,5.9824,4.8336,3.4645,1,4.7741,LOST,0.05,GATE_PASS|GATE_YIELD|GATE_YIELD,1,1,1,21.1,-5.609,-9.809,-10.369,16.032,11.772,15.191,-4.353,-4.362,-4.338
0.0,-0.05,0.0,6.0208,4.8818,3.4645,1,4.8046,LOST,0.05,GATE_PASS|GATE_YIELD|GATE_YIELD,1,1,1,21.2,-5.558,-9.808,-10.366,16.036,11.772,15.191,-4.353,-4.362,-4.339
0.0,-0.05,0.0,6.0596,4.9306,3.4644,1,4.8355,LOST,0.05,GATE_PASS|GATE_YIELD|GATE_YIELD,1,1,1,21.3,-5.506,-9.809,-10.363,16.039,11.772,15.192,-4.353,-4.362,-4.34
0.0,-0.05,0.0,6.0992,4.9799,3.4643,1,4.8665,LOST,0.05,GATE_PASS|GATE_YIELD|GATE_YIELD,1,1,1,21.4,-5.455,-9.809,-10.362,16.043,11.772,15.192,-4.353,-4.362,-4.34
0.0,-0.05,0.0,6.1389,5.029,3.4634,1,4.8974,LOST,0.05,GATE_PASS|GATE_YIELD|GATE_YIELD,1,1,1,21.5,-5.404,-9.81,-10.36,16.047,11.772,15.192,-4.354,-4.362,-4.341
0.0,-0.05,0.0,6.1767,5.0769,3.4625,1,4.9284,LOST,0.05,GATE_PASS|GATE_YIELD|GATE_YIELD,1,1,1,21.6,-5.353,-9.81,-10.357,16.049,11.773,15.192,-4.354,-4.361,-4.341
0.0,-0.05,0.0,6.212,5.1237,3.4614,1,4.9597,LOST,0.05,GATE_PASS|GATE_YIELD|GATE_YIELD,1,1,1,21.7,-5.303,-9.811,-10.355,16.048,11.774,15.192,-4.354,-4.361,-4.341
0.0,-0.05,0.0,6.2462,5.17,3.46,1,4.991,LOST,0.05,GATE_PASS|GATE_YIELD|GATE_YIELD,1,1,1,21.8,-5.253,-9.811,-10.352,16.046,11.775,15.192,-4.355,-4.361,-4.34
0.0,-0.05,0.0,6.2807,5.2162,3.4585,1,5.0224,LOST,0.05,GATE_PASS|GATE_YIELD|GATE_YIELD,1,1,1,21.9,-5.204,-9.812,-10.35,16.043,11.775,15.192,-4.355,-4.36,-4.34
0.0,-0.05,0.0,6.3163,5.2628,3.457,1,5.054,LOST,0.05,GATE_PASS|GATE_YIELD|GATE_YIELD,1,1,1,22.0,-5.154,-9.812,-10.347,16.041,11.776,15.192,-4.355,-4.36,-4.341
0.0,-0.05,0.0,6.3532,5.31,3.4561,1,5.0855,LOST,0.05,GATE_PASS|GATE_YIELD|GATE_YIELD,1,1,1,22.1,-5.103,-9.813,-10.345,16.041,11.777,15.192,-4.356,-4.36,-4.34
0.0,-0.05,0.0,6.3915,5.3581,3.4554,1,5.1169,LOST,0.05,GATE_PASS|GATE_YIELD|GATE_YIELD,1,1,1,22.2,-5.053,-9.814,-10.343,16.041,11.777,15.192,-4.356,-4.36,-4.34
0.0,-0.05,0.0,6.4309,5.4067,3.4548,1,5.1483,LOST,0.05,GATE_PASS|GATE_YIELD|GATE_YIELD,1,1,1,22.3,-5.002,-9.814,-10.341,16.044,11.778,15.192,-4.357,-4.361,-4.34
0.0,-0.05,0.0,6.4715,5.4554,3.4545,1,5.1792,LOST,0.05,GATE_PASS|GATE_YIELD|GATE_YIELD,1,1,1,22.4,-4.951,-9.814,-10.339,16.047,11.778,15.192,-4.357,-4.361,-4.34
0.0,-0.05,0.0,6.5127,5.5041,3.4541,1,5.2095,LOST,0.05,GATE_PASS|GATE_YIELD|GATE_YIELD,1,1,1,22.5,-4.9,-9.814,-10.336,16.052,11.778,15.192,-4.357,-4.362,-4.339
0.0,-0.05,0.0,6.5546,5.5523,3.4541,1,5.2391,LOST,0.05,GATE_PASS|GATE_YIELD|GATE_YIELD,1,1,1,22.6,-4.85,-9.813,-10.334,16.058,11.777,15.192,-4.357,-4.363,-4.339
0.0,-0.05,0.0,6.5972,5.6003,3.4541,1,5.2683,LOST,0.05,GATE_PASS|GATE_YIELD|GATE_YIELD,1,1,1,22.7,-4.8,-9.813,-10.332,16.065,11.777,15.191,-4.357,-4.363,-4.339
0.0,-0.05,0.0,6.6405,5.6487,3.454,1,5.2973,LOST,0.05,GATE_PASS|GATE_YIELD|GATE_YIELD,1,1,1,22.8,-4.75,-9.812,-10.33,16.074,11.776,15.191,-4.357,-4.364,-4.34
0.0,-0.05,0.0,6.6847,5.6975,3.454,1,5.3262,LOST,0.05,GATE_PASS|GATE_YIELD|GATE_YIELD,1,1,1,22.9,-4.701,-9.812,-10.328,16.083,11.775,15.191,-4.358,-4.364,-4.34
0.0,-0.05,0.0,6.7303,5.7462,3.4545,1,5.3548,LOST,0.05,GATE_PASS|GATE_YIELD|GATE_YIELD,1,1,1,23.0,-4.651,-9.812,-10.325,16.094,11.775,15.19,-4.358,-4.364,-4.341
0.0,-0.05,0.0,6.7762,5.7947,3.4546,1,5.3829,LOST,0.05,GATE_PASS|GATE_YIELD|GATE_YIELD,1,1,1,23.1,-4.601,-9.811,-10.323,16.107,11.774,15.19,-4.358,-4.364,-4.342
0.0,-0.05,0.0,6.8223,5.8428,3.4546,1,5.4105,LOST,0.05,GATE_PASS|GATE_YIELD|GATE_YIELD,1,1,1,23.2,-4.552,-9.81,-10.32,16.12,11.773,15.189,-4.358,-4.365,-4.343
0.0,-0.05,0.0,6.8689,5.8906,3.4547,1,5.4377,LOST,0.05,GATE_PASS|GATE_YIELD|GATE_YIELD,1,1,1,23.3,-4.503,-9.809,-10.318,16.134,11.772,15.189,-4.358,-4.365,-4.344
0.0,-0.05,0.0,6.916,5.9382,3.4553,1,5.4642,LOST,0.05,GATE_PASS|GATE_YIELD|GATE_YIELD,1,1,1,23.4,-4.455,-9.808,-10.315,16.15,11.771,15.188,-4.359,-4.364,-4.345
0.0,-0.05,0.0,6.9636,5.9858,3.4565,1,5.4904,LOST,0.05,GATE_PASS|GATE_YIELD|GATE_YIELD,1,1,1,23.5,-4.407,-9.807,-10.313,16.166,11.769,15.188,-4.36,-4.364,-4.346
0.0,-0.05,0.0,7.0121,6.0336,3.4579,1,5.5165,LOST,0.05,GATE_PASS|GATE_YIELD|GATE_YIELD,1,1,1,23.6,-4.36,-9.806,-10.311,16.184,11.767,15.188,-4.361,-4.364,-4.346
0.0,-0.05,0.0,7.0612,6.0812,3.4589,1,5.5423,LOST,0.05,GATE_PASS|GATE_YIELD|GATE_YIELD,1,1,1,23.7,-4.313,-9.806,-10.309,16.203,11.766,15.188,-4.362,-4.364,-4.347
0.0,-0.05,0.0,7.1107,6.1283,3.4598,1,5.5678,LOST,0.05,GATE_PASS|GATE_YIELD|GATE_YIELD,1,1,1,23.8,-4.266,-9.806,-10.307,16.222,11.764,15.187,-4.363,-4.364,-4.347
0.0,-0.05,0.0,7.1608,6.1755,3.4607,1,5.5933,LOST,0.05,GATE_PASS|GATE_YIELD|GATE_YIELD,0,1,1,23.9,-4.22,-9.806,-10.305,16.243,11.763,15.187,-4.364,-4.364,-4.348
0.0,-0.05,0.0,7.211,6.2228,3.4618,1,5.6184,LOST,0.05,GATE_PASS|GATE_YIELD|GATE_YIELD,0,1,1,24.0,-4.175,-9.807,-10.304,16.265,11.761,15.187,-4.365,-4.363,-4.348
0.0,-0.05,0.0,7.2615,6.2704,3.4635,1,5.6432,LOST,0.05,GATE_PASS|GATE_YIELD|GATE_YIELD,0,1,1,24.1,-4.13,-9.807,-10.303,16.287,11.759,15.187,-4.366,-4.363,-4.348
0.0,-0.05,0.0,7.3121,6.3182,3.4654,1,5.6678,LOST,0.05,GATE_PASS|GATE_YIELD|GATE_YIELD,0,1,1,24.2,-4.085,-9.807,-10.303,16.311,11.758,15.187,-4.367,-4.363,-4.349
0.0,-0.05,0.0,7.3633,6.3665,3.4673,1,5.6924,LOST,0.05,GATE_PASS|GATE_YIELD|GATE_YIELD,0,1,1,24.3,-4.041,-9.807,-10.303,16.335,11.756,15.188,-4.368,-4.363,-4.349
0.0,-0.05,0.0,7.4142,6.4148,3.4687,1,5.7168,LOST,0.05,GATE_PASS|GATE_YIELD|GATE_YIELD,0,1,1,24.4,-3.997,-9.807,-10.303,16.361,11.755,15.188,-4.368,-4.363,-4.349
0.0,-0.05,0.0,7.4645,6.4628,3.4697,1,5.7407,LOST,0.05,GATE_PASS|GATE_YIELD|GATE_YIELD,0,1,1,24.5,-3.954,-9.807,-10.304,16.387,11.754,15.188,-4.368,-4.363,-4.349
0.0,-0.05,0.0,7.5141,6.5103,3.47,1,5.7639,LOST,0.05,GATE_PASS|GATE_YIELD|GATE_YIELD,0,1,1,24.6,-3.911,-9.806,-10.305,16.413,11.753,15.187,-4.368,-4.363,-4.348
0.0,-0.05,0.0,7.5637,6.5578,3.4702,1,5.7871,LOST,0.05,GATE_PASS|GATE_YIELD|GATE_YIELD,0,1,1,24.7,-3.869,-9.805,-10.306,16.44,11.753,15.187,-4.368,-4.363,-4.347
0.0,-0.05,0.0,7.6134,6.6054,3.4703,1,5.8103,LOST,0.05,GATE_PASS|GATE_YIELD|GATE_YIELD,0,1,1,24.8,-3.827,-9.805,-10.307,16.468,11.753,15.186,-4.367,-4.363,-4.346
0.0,-0.05,0.0,7.6635,6.6528,3.4703,1,5.8333,LOST,0.05,GATE_PASS|GATE_YIELD|GATE_YIELD,0,1,1,24.9,-3.785,-9.804,-10.308,16.496,11.752,15.186,-4.367,-4.363,-4.346
0.0,-0.05,0.0,7.7139,6.7001,3.4705,1,5.8564,LOST,0.05,GATE_PASS|GATE_YIELD|GATE_YIELD,0,1,1,25.0,-3.744,-9.804,-10.309,16.524,11.752,15.186,-4.366,-4.362,-4.345
0.0,-0.05,0.0,7.7644,6.7471,3.4706,1,5.8792,LOST,0.05,GATE_PASS|GATE_YIELD|GATE_YIELD,0,1,1,25.1,-3.703,-9.804,-10.31,16.553,11.752,15.186,-4.365,-4.362,-4.345
0.0,-0.05,0.0,7.8146,6.7936,3.4705,1,5.9018,LOST,0.05,GATE_PASS|GATE_YIELD|GATE_YIELD,0,1,1,25.2,-3.662,-9.804,-10.31,16.583,11.752,15.185,-4.364,-4.363,-4.344
0.0,-0.05,0.0,7.8647,6.8397,3.4708,1,5.9243,LOST,0.05,GATE_PASS|GATE_YIELD|GATE_YIELD,0,1,1,25.3,-3.621,-9.804,-10.31,16.612,11.752,15.185,-4.363,-4.363,-4.344
0.0,-0.05,0.0,7.915,6.8857,3.4714,1,5.9469,LOST,0.05,GATE_PASS|GATE_YIELD|GATE_YIELD,0,1,1,25.4,-3.581,-9.804,-10.311,16.641,11.752,15.186,-4.362,-4.362,-4.344
0.0,-0.05,0.0,7.9652,6.9314,3.4719,1,5.9695,LOST,0.05,GATE_PASS|GATE_YIELD|GATE_YIELD,0,1,1,25.5,-3.54,-9.804,-10.311,16.671,11.751,15.186,-4.361,-4.362,-4.344
0.0,-0.05,0.0,8.0155,6.9776,3.4718,1,5.992,LOST,0.05,GATE_PASS|GATE_YIELD|GATE_YIELD,0,1,1,25.6,-3.499,-9.804,-10.311,16.701,11.751,15.186,-4.36,-4.362,-4.345
0.0,-0.05,0.0,8.0652,7.0235,3.4709,1,6.0144,LOST,0.05,GATE_PASS|GATE_YIELD|GATE_YIELD,0,1,1,25.7,-3.459,-9.804,-10.311,16.731,11.752,15.185,-4.36,-4.362,-4.346
0.0,-0.05,0.0,8.1148,7.0617,3.4701,1,6.0343,LOST,0.05,GATE_PASS|GATE_YIELD|GATE_PASS,0,1,1,25.8,-3.42,-9.804,-10.304,16.761,11.752,15.186,-4.359,-4.361,-4.347
0.0,-0.05,0.0,8.1642,7.0896,3.4691,1,6.0512,LOST,0.05,GATE_PASS|GATE_YIELD|GATE_PASS,0,1,1,25.9,-3.38,-9.804,-10.286,16.791,11.753,15.188,-4.358,-4.36,-4.347
0.0,-0.05,0.0,8.2135,7.1094,3.4679,1,6.0656,LOST,0.05,GATE_PASS|GATE_YIELD|GATE_PASS,0,1,1,26.0,-3.341,-9.805,-10.261,16.821,11.753,15.191,-4.358,-4.36,-4.348
0.0,-0.05,0.0,8.2631,7.1229,3.4677,1,6.0781,LOST,0.05,GATE_PASS|GATE_YIELD|GATE_PASS,0,1,1,26.1,-3.301,-9.806,-10.229,16.85,11.754,15.196,-4.358,-4.359,-4.348
0.0,-0.05,0.0,8.3128,7.1317,3.4682,1,6.0892,LOST,0.05,GATE_PASS|GATE_YIELD|GATE_PASS,0,1,1,26.2,-3.262,-9.806,-10.193,16.88,11.754,15.201,-4.358,-4.359,-4.349
0.0,-0.05,0.0,8.3627,7.1368,3.4692,1,6.0993,LOST,0.05,GATE_PASS|GATE_YIELD|GATE_PASS,0,1,1,26.3,-3.222,-9.807,-10.152,16.91,11.755,15.207,-4.358,-4.359,-4.35
0.0,-0.05,0.0,8.4126,7.1386,3.4711,1,6.1082,LOST,0.05,GATE_PASS|GATE_YIELD|GATE_PASS,0,1,1,26.4,-3.182,-9.807,-10.109,16.94,11.755,15.213,-4.358,-4.358,-4.351
0.0,-0.05,0.0,8.4628,7.1381,3.4739,1,6.1165,LOST,0.05,GATE_PASS|GATE_YIELD|GATE_PASS,0,1,1,26.5,-3.142,-9.808,-10.063,16.97,11.756,15.22,-4.358,-4.357,-4.352
0.0,-0.05,0.0,8.5131,7.1357,3.477,1,6.124,LOST,0.05,GATE_PASS|GATE_YIELD|GATE_PASS,0,1,1,26.6,-3.103,-9.808,-10.014,17.001,11.756,15.227,-4.358,-4.357,-4.354
0.0,-0.05,0.0,8.5634,7.1319,3.4806,1,6.131,LOST,0.05,GATE_PASS|GATE_YIELD|GATE_PASS,0,1,1,26.7,-3.063,-9.809,-9.965,17.031,11.756,15.233,-4.358,-4.356,-4.355
0.0,-0.05,0.0,8.6139,7.1271,3.485,1,6.1375,LOST,0.05,GATE_PASS|GATE_YIELD|GATE_PASS,0,1,1,26.8,-3.024,-9.809,-9.914,17.062,11.756,15.24,-4.358,-4.355,-4.356
0.0,-0.05,0.0,8.6639,7.1215,3.4903,1,6.1439,LOST,0.05,GATE_PASS|GATE_YIELD|GATE_PASS,0,1,1,26.9,-2.984,-9.809,-9.862,17.093,11.756,15.246,-4.357,-4.354,-4.357
0.0,-0.05,0.0,8.7139,7.1153,3.4967,1,6.15,LOST,0.05,GATE_PASS|GATE_YIELD|GATE_PASS,0,1,1,27.0,-2.944,-9.809,-9.809,17.123,11.757,15.253,-4.357,-4.354,-4.358
0.0,-0.05,0.0,8.764,7.1088,3.5041,1,6.1561,LOST,0.05,GATE_PASS|GATE_YIELD|GATE_PASS,0,1,1,27.1,-2.905,-9.809,-9.757,17.154,11.757,15.26,-4.356,-4.353,-4.359
0.0,-0.05,0.0,8.8146,7.1021,3.5128,1,6.162,LOST,0.05,GATE_PASS|GATE_YIELD|GATE_PASS,0,1,1,27.2,-2.865,-9.809,-9.704,17.185,11.756,15.267,-4.356,-4.354,-4.36
0.0,-0.05,0.0,8.8656,7.0951,3.5228,1,6.1679,LOST,0.05,GATE_PASS|GATE_YIELD|GATE_PASS,0,1,1,27.3,-2.826,-9.81,-9.65,17.217,11.756,15.275,-4.356,-4.354,-4.361
0.0,-0.05,0.0,8.9162,7.0881,3.5334,1,6.1738,LOST,0.05,GATE_PASS|GATE_YIELD|GATE_PASS,0,1,1,27.4,-2.786,-9.81,-9.596,17.248,11.755,15.282,-4.357,-4.354,-4.361
0.0,-0.05,0.0,8.967,7.0816,3.5448,1,6.1798,LOST,0.05,GATE_PASS|GATE_YIELD|GATE_PASS,0,1,1,27.5,-2.746,-9.809,-9.543,17.28,11.755,15.29,-4.357,-4.354,-4.362
0.0,-0.05,0.0,9.0179,7.0752,3.5567,1,6.1859,LOST,0.05,GATE_PASS|GATE_YIELD|GATE_PASS,0,1,1,27.6,-2.707,-9.809,-9.489,17.311,11.755,15.297,-4.359,-4.355,-4.362
0.0,-0.05,0.0,9.0686,7.0688,3.5692,1,6.1919,LOST,0.05,GATE_PASS|GATE_YIELD|GATE_PASS,0,1,1,27.7,-2.667,-9.809,-9.435,17.343,11.754,15.304,-4.36,-4.356,-4.362
0.0,-0.05,0.0,9.1192,7.0626,3.5823,1,6.198,LOST,0.05,GATE_PASS|GATE_YIELD|GATE_PASS,0,1,1,27.8,-2.628,-9.809,-9.382,17.375,11.754,15.311,-4.36,-4.356,-4.361
0.0,-0.05,0.0,9.1696,7.0563,3.5962,1,6.2043,LOST,0.05,GATE_PASS|GATE_YIELD|GATE_PASS,0,1,1,27.9,-2.588,-9.809,-9.329,17.406,11.754,15.318,-4.361,-4.357,-4.361
0.0,-0.05,0.0,9.22,7.0503,3.6109,1,6.2108,LOST,0.05,GATE_PASS|GATE_YIELD|GATE_PASS,0,1,1,28.0,-2.549,-9.81,-9.276,17.437,11.754,15.326,-4.361,-4.357,-4.36
0.0,-0.05,0.0,9.2702,7.0444,3.6266,1,6.2172,LOST,0.05,GATE_PASS|GATE_YIELD|GATE_PASS,0,1,1,28.1,-2.51,-9.81,-9.223,17.468,11.754,15.333,-4.362,-4.358,-4.36
0.0,-0.05,0.0,9.3201,7.0392,3.6427,1,6.2237,LOST,0.05,GATE_PASS|GATE_YIELD|GATE_PASS,0,1,1,28.2,-2.471,-9.809,-9.171,17.5,11.755,15.341,-4.362,-4.359,-4.359
0.0,-0.05,0.0,9.3696,7.034,3.6595,1,6.2301,LOST,0.05,GATE_PASS|GATE_YIELD|GATE_PASS,0,1,1,28.3,-2.432,-9.809,-9.119,17.531,11.755,15.349,-4.363,-4.359,-4.358
0.0,-0.05,0.0,9.4188,7.0285,3.6768,1,6.2364,LOST,0.05,GATE_PASS|GATE_YIELD|GATE_PASS,0,1,1,28.4,-2.393,-9.809,-9.066,17.563,11.755,15.356,-4.363,-4.359,-4.358
0.0,-0.05,0.0,9.4678,7.0228,3.6948,1,6.2427,LOST,0.05,GATE_PASS|GATE_YIELD|GATE_PASS,0,1,1,28.5,-2.354,-9.808,-9.014,17.594,11.756,15.364,-4.363,-4.359,-4.358
0.0,-0.05,0.0,9.5168,7.0175,3.7136,1,6.2491,LOST,0.05,GATE_PASS|GATE_YIELD|GATE_PASS,0,1,1,28.6,-2.316,-9.807,-8.962,17.625,11.756,15.372,-4.363,-4.359,-4.357
0.0,-0.05,0.0,9.5656,7.0122,3.7327,1,6.2557,LOST,0.05,GATE_PASS|GATE_YIELD|GATE_PASS,0,1,1,28.7,-2.277,-9.807,-8.91,17.656,11.757,15.38,-4.363,-4.359,-4.357
0.0,-0.05,0.0,9.6142,7.0069,3.7526,1,6.2623,LOST,0.05,GATE_PASS|GATE_YIELD|GATE_PASS,0,1,1,28.8,-2.238,-9.807,-8.857,17.687,11.758,15.388,-4.364,-4.359,-4.356
0.0,-0.05,0.0,9.6625,7.0018,3.7733,1,6.2689,LOST,0.05,GATE_PASS|GATE_YIELD|GATE_PASS,0,1,1,28.9,-2.2,-9.806,-8.806,17.718,11.759,15.397,-4.364,-4.359,-4.355
0.0,-0.05,0.0,9.7107,6.9968,3.794,1,6.2755,LOST,0.05,GATE_PASS|GATE_YIELD|GATE_PASS,0,1,1,29.0,-2.162,-9.806,-8.754,17.748,11.759,15.405,-4.365,-4.359,-4.354
0.0,-0.05,0.0,9.7591,6.9924,3.8149,1,6.2822,LOST,0.05,GATE_PASS|GATE_YIELD|GATE_PASS,0,1,1,29.1,-2.123,-9.805,-8.703,17.779,11.76,15.413,-4.365,-4.359,-4.353
0.0,-0.05,0.0,9.8076,6.988,3.8362,1,6.2888,LOST,0.05,GATE_PASS|GATE_YIELD|GATE_PASS,0,1,1,29.2,-2.085,-9.805,-8.652,17.811,11.761,15.42,-4.365,-4.359,-4.353
0.0,-0.05,0.0,9.8563,6.9836,3.8581,1,6.2952,LOST,0.05,GATE_PASS|GATE_YIELD|GATE_PASS,0,1,1,29.3,-2.048,-9.805,-8.6,17.842,11.762,15.427,-4.364,-4.359,-4.354
0.0,-0.05,0.0,9.9053,6.9792,3.8808,1,6.3016,LOST,0.05,GATE_PASS|GATE_YIELD|GATE_PASS,0,1,1,29.4,-2.01,-9.804,-8.549,17.874,11.762,15.434,-4.363,-4.359,-4.354
0.0,-0.05,0.0,9.9544,6.9749,3.9042,1,6.3079,LOST,0.05,GATE_PASS|GATE_YIELD|GATE_PASS,0,1,1,29.5,-1.972,-9.804,-8.497,17.906,11.761,15.44,-4.361,-4.359,-4.354
0.0,-0.05,0.0,10.0031,6.9709,3.9277,1,6.3142,LOST,0.05,GATE_PASS|GATE_YIELD|GATE_PASS,0,1,1,29.6,-1.935,-9.803,-8.446,17.938,11.761,15.447,-4.36,-4.36,-4.355
0.0,-0.05,0.0,10.052,6.9669,3.9519,1,6.3205,LOST,0.05,GATE_PASS|GATE_YIELD|GATE_PASS,0,1,1,29.7,-1.897,-9.803,-8.394,17.97,11.761,15.453,-4.359,-4.361,-4.355
0.0,-0.05,0.0,10.1011,6.9628,3.9772,1,6.3268,LOST,0.05,GATE_PASS|GATE_YIELD|GATE_PASS,0,1,1,29.8,-1.86,-9.802,-8.342,18.002,11.76,15.46,-4.358,-4.361,-4.356
0.0,-0.05,0.0,10.1506,6.9593,4.003,1,6.3335,LOST,0.05,GATE_PASS|GATE_YIELD|GATE_PASS,0,1,1,29.9,-1.822,-9.802,-8.291,18.034,11.76,15.467,-4.357,-4.362,-4.356
0.0,-0.05,0.0,10.2007,6.957,4.0295,1,6.3409,LOST,0.05,GATE_PASS|GATE_YIELD|GATE_PASS,0,1,1,30.0,-1.784,-9.801,-8.24,18.066,11.759,15.474,-4.357,-4.363,-4.356
0.0,-0.05,0.0,10.2513,6.9554,4.0564,1,6.3486,LOST,0.05,GATE_PASS|GATE_YIELD|GATE_PASS,0,1,1,30.1,-1.746,-9.801,-8.19,18.099,11.759,15.481,-4.356,-4.364,-4.356
0.0,-0.05,0.0,10.3018,6.9534,4.0838,1,6.3559,LOST,0.05,FORMATION_RECOVERY|GATE_YIELD|GATE_PASS,0,1,1,30.2,-1.708,-9.801,-8.14,18.133,11.759,15.489,-4.355,-4.365,-4.356
0.0,-0.05,0.0,10.3525,6.9508,4.1121,1,6.3627,LOST,0.05,FORMATION_RECOVERY|GATE_YIELD|GATE_PASS,0,1,1,30.3,-1.671,-9.802,-8.089,18.167,11.758,15.497,-4.355,-4.366,-4.356
0.0,-0.05,0.0,10.4035,6.9485,4.141,1,6.3693,LOST,0.05,FORMATION_RECOVERY|GATE_YIELD|GATE_PASS,0,1,1,30.4,-1.635,-9.802,-8.038,18.203,11.758,15.505,-4.354,-4.367,-4.355
0.0,-0.05,0.0,10.4548,6.946,4.1706,1,6.3757,LOST,0.05,FORMATION_RECOVERY|GATE_YIELD|GATE_PASS,0,1,1,30.5,-1.599,-9.802,-7.987,18.239,11.758,15.513,-4.354,-4.367,-4.355
0.0,-0.05,0.0,10.506,6.9433,4.2009,1,6.382,LOST,0.05,FORMATION_RECOVERY|GATE_YIELD|GATE_PASS,0,1,1,30.6,-1.563,-9.802,-7.937,18.276,11.757,15.521,-4.353,-4.368,-4.355
0.0,-0.05,0.0,10.5572,6.9412,4.2312,1,6.3883,LOST,0.05,FORMATION_RECOVERY|GATE_YIELD|GATE_PASS,0,1,1,30.7,-1.527,-9.803,-7.886,18.312,11.757,15.529,-4.352,-4.368,-4.355
0.0,-0.05,0.0,10.6086,6.9392,4.2621,1,6.395,LOST,0.05,FORMATION_RECOVERY|GATE_YIELD|GATE_PASS,0,1,1,30.8,-1.492,-9.804,-7.836,18.349,11.757,15.538,-4.352,-4.369,-4.356
0.0,-0.05,0.0,10.66,6.9372,4.2936,1,6.4017,LOST,0.05,FORMATION_RECOVERY|GATE_YIELD|GATE_PASS,0,1,1,30.9,-1.456,-9.805,-7.786,18.385,11.757,15.546,-4.351,-4.369,-4.356
0.0,-0.05,0.0,10.711,6.9348,4.3258,1,6.4081,LOST,0.05,FORMATION_RECOVERY|GATE_YIELD|GATE_PASS,0,1,1,31.0,-1.421,-9.805,-7.735,18.422,11.757,15.555,-4.352,-4.369,-4.357
0.0,-0.05,0.0,10.7617,6.9323,4.3582,1,6.4144,LOST,0.05,FORMATION_RECOVERY|GATE_YIELD|GATE_PASS,0,1,1,31.1,-1.386,-9.806,-7.685,18.459,11.757,15.564,-4.351,-4.369,-4.358
0.0,-0.05,0.0,10.8122,6.9298,4.3907,1,6.4205,LOST,0.05,FORMATION_RECOVERY|GATE_YIELD|GATE_PASS,0,1,1,31.2,-1.352,-9.807,-7.635,18.496,11.757,15.573,-4.351,-4.369,-4.359
0.0,-0.05,0.0,10.8622,6.9271,4.4234,1,6.4264,LOST,0.05,FORMATION_RECOVERY|GATE_YIELD|GATE_PASS,0,1,1,31.3,-1.318,-9.808,-7.585,18.533,11.758,15.582,-4.351,-4.369,-4.359
0.0,-0.05,0.0,10.9122,6.9245,4.4564,1,6.4323,LOST,0.05,FORMATION_RECOVERY|GATE_YIELD|GATE_PASS,0,1,1,31.4,-1.284,-9.808,-7.534,18.571,11.758,15.591,-4.351,-4.369,-4.36
0.0,-0.05,0.0,10.9622,6.9224,4.4893,1,6.4383,LOST,0.05,FORMATION_RECOVERY|GATE_YIELD|GATE_PASS,0,1,1,31.5,-1.249,-9.809,-7.484,18.608,11.759,15.599,-4.351,-4.369,-4.361
0.0,-0.05,0.0,11.0123,6.9207,4.5225,1,6.4445,LOST,0.05,FORMATION_RECOVERY|GATE_YIELD|GATE_PASS,0,1,1,31.6,-1.215,-9.809,-7.434,18.645,11.759,15.607,-4.351,-4.368,-4.361
0.0,-0.05,0.0,11.0631,6.9199,4.5563,1,6.4513,LOST,0.05,FORMATION_RECOVERY|GATE_YIELD|GATE_PASS,0,1,1,31.7,-1.18,-9.81,-7.384,18.681,11.758,15.615,-4.351,-4.367,-4.362
0.0,-0.05,0.0,11.1138,6.9193,4.5902,1,6.458,LOST,0.05,FORMATION_RECOVERY|GATE_YIELD|GATE_PASS,0,1,1,31.8,-1.145,-9.81,-7.334,18.718,11.757,15.623,-4.35,-4.367,-4.362
0.0,-0.05,0.0,11.1639,6.9182,4.6244,1,6.4645,LOST,0.05,FORMATION_RECOVERY|GATE_YIELD|GATE_PASS,0,1,1,31.9,-1.111,-9.81,-7.284,18.754,11.757,15.63,-4.35,-4.367,-4.362
0.0,-0.05,0.0,11.2137,6.9172,4.6587,1,6.4708,LOST,0.05,FORMATION_RECOVERY|GATE_YIELD|GATE_PASS,0,1,1,32.0,-1.077,-9.809,-7.234,18.79,11.756,15.638,-4.35,-4.367,-4.363
0.0,-0.05,0.0,11.2634,6.9165,4.6933,1,6.4772,LOST,0.05,FORMATION_RECOVERY|GATE_YIELD|GATE_PASS,0,1,1,32.1,-1.042,-9.809,-7.184,18.827,11.756,15.646,-4.35,-4.367,-4.363
0.0,-0.05,0.0,11.3128,6.9157,4.7278,1,6.4836,LOST,0.05,FORMATION_RECOVERY|GATE_YIELD|GATE_PASS,0,1,1,32.2,-1.008,-9.809,-7.134,18.863,11.755,15.653,-4.35,-4.367,-4.363
0.0,-0.05,0.0,11.3621,6.9152,4.7625,1,6.49,LOST,0.05,FORMATION_RECOVERY|GATE_YIELD|GATE_PASS,0,1,1,32.3,-0.974,-9.808,-7.084,18.9,11.755,15.661,-4.351,-4.366,-4.364
0.0,-0.05,0.0,11.4115,6.9148,4.7974,1,6.4966,LOST,0.05,FORMATION_RECOVERY|GATE_YIELD|GATE_PASS,0,1,1,32.4,-0.94,-9.808,-7.034,18.936,11.754,15.668,-4.351,-4.366,-4.364
0.0,-0.05,0.0,11.4614,6.9149,4.833,1,6.5036,LOST,0.05,FORMATION_RECOVERY|GATE_YIELD|GATE_PASS,0,1,1,32.5,-0.906,-9.808,-6.984,18.972,11.754,15.676,-4.351,-4.366,-4.364
0.0,-0.05,0.0,11.5111,6.9146,4.8691,1,6.5105,LOST,0.05,FORMATION_RECOVERY|GATE_YIELD|GATE_PASS,0,1,1,32.6,-0.871,-9.809,-6.934,19.008,11.753,15.684,-4.35,-4.365,-4.364
0.0,-0.05,0.0,11.5601,6.9141,4.905,1,6.5171,LOST,0.05,FORMATION_RECOVERY|GATE_YIELD|GATE_PASS,0,1,1,32.7,-0.837,-9.808,-6.884,19.044,11.753,15.691,-4.35,-4.365,-4.363
0.0,-0.05,0.0,11.6085,6.9137,4.9407,1,6.5236,LOST,0.05,FORMATION_RECOVERY|GATE_YIELD|GATE_PASS,0,1,1,32.8,-0.803,-9.808,-6.834,19.08,11.753,15.699,-4.35,-4.364,-4.363
0.0,-0.05,0.0,11.657,6.9135,4.9764,1,6.53,LOST,0.05,FORMATION_RECOVERY|GATE_YIELD|GATE_PASS,0,1,1,32.9,-0.769,-9.807,-6.783,19.116,11.753,15.706,-4.35,-4.363,-4.363
0.0,-0.05,0.0,11.7056,6.9138,5.0122,1,6.5367,LOST,0.05,FORMATION_RECOVERY|GATE_YIELD|GATE_PASS,0,1,1,33.0,-0.736,-9.806,-6.733,19.152,11.753,15.713,-4.35,-4.362,-4.362
0.0,-0.05,0.0,11.7544,6.9145,5.0483,1,6.5434,LOST,0.05,FORMATION_RECOVERY|GATE_YIELD|GATE_PASS,0,1,1,33.1,-0.702,-9.806,-6.683,19.189,11.753,15.72,-4.35,-4.361,-4.362
0.0,-0.05,0.0,11.8036,6.9155,5.0847,1,6.5505,LOST,0.05,FORMATION_RECOVERY|GATE_YIELD|GATE_PASS,0,1,1,33.2,-0.667,-9.805,-6.633,19.225,11.754,15.728,-4.35,-4.36,-4.362
0.0,-0.05,0.0,11.8527,6.9169,5.121,1,6.5578,LOST,0.05,FORMATION_RECOVERY|GATE_YIELD|GATE_PASS,0,1,1,33.3,-0.633,-9.805,-6.583,19.262,11.754,15.735,-4.35,-4.359,-4.362
0.0,-0.05,0.0,11.902,6.9189,5.1575,1,6.5655,LOST,0.05,FORMATION_RECOVERY|GATE_YIELD|GATE_PASS,0,1,1,33.4,-0.598,-9.804,-6.533,19.298,11.755,15.742,-4.35,-4.359,-4.362
0.0,-0.05,0.0,11.9517,6.9213,5.1943,1,6.5735,LOST,0.05,FORMATION_RECOVERY|GATE_YIELD|GATE_PASS,0,1,1,33.5,-0.563,-9.804,-6.483,19.334,11.755,15.749,-4.35,-4.359,-4.362
0.0,-0.05,0.0,12.002,6.9243,5.2314,1,6.5819,LOST,0.05,FORMATION_RECOVERY|GATE_YIELD|GATE_PASS,0,1,1,33.6,-0.527,-9.804,-6.434,19.371,11.755,15.756,-4.35,-4.359,-4.362
0.0,-0.05,0.0,12.0524,6.9277,5.2686,1,6.5903,LOST,0.05,FORMATION_RECOVERY|GATE_YIELD|GATE_PASS,0,1,1,33.7,-0.492,-9.804,-6.384,19.407,11.755,15.763,-4.35,-4.359,-4.361
0.0,-0.05,0.0,12.1021,6.9313,5.3053,1,6.5986,LOST,0.05,FORMATION_RECOVERY|GATE_YIELD|GATE_PASS,0,1,1,33.8,-0.457,-9.803,-6.334,19.443,11.755,15.769,-4.35,-4.36,-4.361
0.0,-0.05,0.0,12.1515,6.935,5.342,1,6.6069,LOST,0.05,FORMATION_RECOVERY|GATE_YIELD|GATE_PASS,0,1,1,33.9,-0.422,-9.803,-6.285,19.479,11.755,15.776,-4.35,-4.361,-4.36
0.0,-0.05,0.0,12.201,6.9389,5.3791,1,6.6156,LOST,0.05,FORMATION_RECOVERY|GATE_YIELD|GATE_PASS,0,1,1,34.0,-0.386,-9.802,-6.236,19.515,11.755,15.783,-4.35,-4.361,-4.36
0.0,-0.05,0.0,12.2505,6.9431,5.4162,1,6.6244,LOST,0.05,FORMATION_RECOVERY|GATE_YIELD|GATE_PASS,0,1,1,34.1,-0.351,-9.801,-6.187,19.551,11.756,15.79,-4.35,-4.362,-4.359
0.0,-0.05,0.0,12.2996,6.9471,5.4533,1,6.6329,LOST,0.05,FORMATION_RECOVERY|GATE_YIELD|GATE_PASS,0,1,1,34.2,-0.315,-9.8,-6.137,19.587,11.756,15.796,-4.349,-4.362,-4.358
0.0,-0.05,0.0,12.3476,6.9503,5.4904,1,6.6409,LOST,0.05,FORMATION_RECOVERY|GATE_YIELD|GATE_PASS,0,1,1,34.3,-0.281,-9.799,-6.087,19.622,11.757,15.803,-4.35,-4.363,-4.357
0.0,-0.05,0.0,12.395,6.9529,5.5279,1,6.6486,LOST,0.05,FORMATION_RECOVERY|GATE_YIELD|GATE_PASS,0,1,1,34.4,-0.247,-9.798,-6.038,19.657,11.757,15.809,-4.35,-4.363,-4.357
0.0,-0.05,0.0,12.4413,6.9547,5.5655,1,6.6559,LOST,0.05,FORMATION_RECOVERY|GATE_YIELD|GATE_PASS,0,1,1,34.5,-0.213,-9.797,-5.988,19.691,11.758,15.815,-4.35,-4.363,-4.356
0.0,-0.05,0.0,12.4863,6.9551,5.6034,1,6.6627,LOST,0.05,FORMATION_RECOVERY|GATE_YIELD|GATE_PASS,0,1,1,34.6,-0.181,-9.797,-5.939,19.723,11.758,15.822,-4.351,-4.364,-4.356
0.0,-0.05,0.0,12.5296,6.9541,5.6415,1,6.6689,LOST,0.05,FORMATION_RECOVERY|GATE_YIELD|GATE_PASS,0,1,1,34.7,-0.149,-9.797,-5.89,19.754,11.759,15.829,-4.351,-4.364,-4.356
0.0,-0.05,0.0,12.571,6.9514,5.6798,1,6.6741,LOST,0.05,FORMATION_RECOVERY|GATE_YIELD|GATE_PASS,0,1,1,34.8,-0.119,-9.796,-5.84,19.784,11.759,15.835,-4.351,-4.364,-4.356
0.0,-0.05,0.0,12.61,6.9465,5.7182,1,6.6782,LOST,0.05,FORMATION_RECOVERY|GATE_YIELD|GATE_PASS,0,1,1,34.9,-0.091,-9.795,-5.791,19.811,11.76,15.842,-4.352,-4.364,-4.356
0.0,-0.05,0.0,12.6467,6.9395,5.7567,1,6.6813,LOST,0.05,FORMATION_RECOVERY|GATE_YIELD|GATE_PASS,1,1,1,35.0,-0.063,-9.795,-5.742,19.838,11.76,15.849,-4.352,-4.363,-4.357
0.0,-0.05,0.0,12.6815,6.9304,5.7958,1,6.6835,LOST,0.05,FORMATION_RECOVERY|GATE_YIELD|GATE_PASS,1,1,1,35.1,-0.037,-9.794,-5.693,19.862,11.761,15.857,-4.352,-4.363,-4.357
0.0,-0.05,0.0,12.7143,6.9191,5.8355,1,6.6845,LOST,0.05,FORMATION_RECOVERY|GATE_YIELD|GATE_PASS,1,1,1,35.2,-0.013,-9.794,-5.644,19.886,11.762,15.864,-4.353,-4.362,-4.357
0.0,-0.05,0.0,12.7449,6.9053,5.8755,1,6.6842,LOST,0.05,FORMATION_RECOVERY|GATE_YIELD|GATE_PASS,1,1,1,35.3,0.009,-9.793,-5.594,19.908,11.763,15.872,-4.353,-4.362,-4.358
0.0,-0.05,0.0,12.7732,6.8895,5.9156,1,6.6827,LOST,0.05,FORMATION_RECOVERY|GATE_YIELD|GATE_PASS,1,1,1,35.4,0.03,-9.793,-5.544,19.928,11.764,15.88,-4.354,-4.361,-4.359
0.0,-0.05,0.0,12.7996,6.8718,5.9558,1,6.68,LOST,0.05,FORMATION_RECOVERY|GATE_YIELD|GATE_PASS,1,1,1,35.5,0.05,-9.793,-5.494,19.948,11.765,15.887,-4.355,-4.361,-4.359
0.0,-0.05,0.0,12.8244,6.8526,5.9962,1,6.6765,LOST,0.05,FORMATION_RECOVERY|GATE_YIELD|GATE_PASS,1,1,1,35.6,0.068,-9.793,-5.445,19.966,11.766,15.895,-4.355,-4.361,-4.36
0.0,-0.05,0.0,12.8476,6.8319,6.0367,1,6.6721,LOST,0.05,FORMATION_RECOVERY|GATE_YIELD|GATE_PASS,1,1,1,35.7,0.084,-9.793,-5.395,19.983,11.766,15.902,-4.356,-4.361,-4.361
0.0,-0.05,0.0,12.8694,6.8099,6.0775,1,6.667,LOST,0.05,FORMATION_RECOVERY|GATE_YIELD|GATE_PASS,1,1,1,35.8,0.1,-9.793,-5.345,19.998,11.767,15.909,-4.357,-4.361,-4.362
0.0,-0.05,0.0,12.8904,6.787,6.1184,1,6.6614,LOST,0.05,FORMATION_RECOVERY|GATE_YIELD|GATE_PASS,1,1,1,35.9,0.115,-9.793,-5.296,20.013,11.767,15.916,-4.357,-4.361,-4.363
0.0,-0.05,0.0,12.9104,6.7631,6.1597,1,6.6553,LOST,0.05,FORMATION_RECOVERY|GATE_YIELD|GATE_PASS,1,1,1,36.0,0.128,-9.794,-5.246,20.028,11.768,15.922,-4.358,-4.361,-4.363
0.0,-0.05,0.0,12.9292,6.738,6.2014,1,6.6486,LOST,0.05,FORMATION_RECOVERY|GATE_YIELD|GATE_PASS,1,1,1,36.1,0.141,-9.795,-5.197,20.041,11.769,15.929,-4.358,-4.36,-4.364
0.0,-0.05,0.0,12.9472,6.712,6.2432,1,6.6412,LOST,0.05,FORMATION_RECOVERY|GATE_YIELD|GATE_PASS,1,1,1,36.2,0.153,-9.796,-5.147,20.054,11.769,15.936,-4.358,-4.36,-4.365
0.0,-0.05,0.0,12.9639,6.685,6.285,1,6.6331,LOST,0.05,FORMATION_RECOVERY|GATE_YIELD|GATE_PASS,1,1,1,36.3,0.164,-9.797,-5.097,20.066,11.769,15.942,-4.358,-4.36,-4.366
0.0,-0.05,0.0,12.9793,6.657,6.3269,1,6.6246,LOST,0.05,FORMATION_RECOVERY|GATE_YIELD|GATE_PASS,1,1,1,36.4,0.175,-9.798,-5.048,20.077,11.77,15.949,-4.358,-4.359,-4.367
0.0,-0.05,0.0,12.994,6.6279,6.3694,1,6.6156,LOST,0.05,FORMATION_RECOVERY|GATE_YIELD|GATE_PASS,1,1,1,36.5,0.185,-9.799,-4.999,20.087,11.77,15.956,-4.358,-4.359,-4.367
0.0,-0.05,0.0,13.0078,6.5978,6.4121,1,6.6061,LOST,0.05,FORMATION_RECOVERY|GATE_YIELD|GATE_PASS,1,1,1,36.6,0.194,-9.8,-4.949,20.097,11.77,15.964,-4.358,-4.359,-4.367
0.0,-0.05,0.0,13.02,6.5668,6.4545,1,6.5959,LOST,0.05,FORMATION_RECOVERY|GATE_YIELD|GATE_PASS,1,1,1,36.7,0.203,-9.8,-4.899,20.105,11.771,15.971,-4.358,-4.359,-4.368
0.0,-0.05,0.0,13.0316,6.5353,6.497,1,6.5855,LOST,0.05,FORMATION_RECOVERY|GATE_YIELD|GATE_PASS,1,1,1,36.8,0.211,-9.801,-4.85,20.113,11.771,15.978,-4.358,-4.36,-4.367
0.0,-0.05,0.0,13.0434,6.5035,6.5401,1,6.5749,LOST,0.05,FORMATION_RECOVERY|GATE_YIELD|GATE_PASS,1,1,1,36.9,0.218,-9.802,-4.8,20.122,11.772,15.985,-4.358,-4.362,-4.366
0.0,-0.05,0.0,13.055,6.4715,6.5834,1,6.5641,LOST,0.05,FORMATION_RECOVERY|GATE_YIELD|GATE_PASS,1,1,1,37.0,0.226,-9.803,-4.75,20.129,11.772,15.992,-4.358,-4.363,-4.365
0.0,-0.05,0.0,13.0664,6.4397,6.6268,1,6.553,LOST,0.05,FORMATION_RECOVERY|GATE_YIELD|GATE_PASS,1,1,1,37.1,0.233,-9.804,-4.7,20.138,11.772,15.998,-4.358,-4.364,-4.364
0.0,-0.05,0.0,13.0776,6.4082,6.6698,1,6.5415,LOST,0.05,FORMATION_RECOVERY|GATE_YIELD|GATE_PASS,1,1,1,37.2,0.239,-9.805,-4.65,20.147,11.772,16.005,-4.358,-4.365,-4.363
0.0,-0.05,0.0,13.0887,6.3771,6.7126,1,6.5298,LOST,0.05,FORMATION_RECOVERY|GATE_YIELD|GATE_PASS,1,1,1,37.3,0.245,-9.805,-4.601,20.158,11.773,16.012,-4.358,-4.366,-4.362
0.0,-0.05,0.0,13.0998,6.3466,6.755,1,6.5177,LOST,0.05,FORMATION_RECOVERY|GATE_YIELD|GATE_PASS,1,1,1,37.4,0.25,-9.806,-4.551,20.169,11.774,16.019,-4.357,-4.367,-4.361
0.0,-0.05,0.0,13.1114,6.3163,6.7979,1,6.5056,LOST,0.05,FORMATION_RECOVERY|GATE_YIELD|GATE_PASS,1,1,1,37.5,0.255,-9.806,-4.502,20.181,11.774,16.026,-4.357,-4.368,-4.359
0.0,-0.05,0.0,13.1234,6.2863,6.8414,1,6.4932,LOST,0.05,FORMATION_RECOVERY|GATE_YIELD|GATE_PASS,1,1,1,37.6,0.26,-9.807,-4.453,20.194,11.773,16.034,-4.357,-4.369,-4.358
0.0,-0.05,0.0,13.1357,6.2565,6.8851,1,6.4807,LOST,0.05,FORMATION_RECOVERY|GATE_YIELD|GATE_PASS,1,1,1,37.7,0.264,-9.807,-4.404,20.207,11.773,16.041,-4.357,-4.368,-4.358
0.0,-0.05,0.0,13.148,6.2272,6.9286,1,6.4681,LOST,0.05,FORMATION_RECOVERY|GATE_YIELD|GATE_PASS,1,1,1,37.8,0.268,-9.807,-4.355,20.221,11.773,16.049,-4.357,-4.368,-4.357
0.0,-0.05,0.0,13.1599,6.1978,6.9722,1,6.4553,LOST,0.05,FORMATION_RECOVERY|GATE_YIELD|GATE_PASS,1,1,1,37.9,0.271,-9.807,-4.306,20.235,11.773,16.056,-4.357,-4.367,-4.357
0.0,-0.05,0.0,13.1708,6.168,7.0154,1,6.4421,LOST,0.05,FORMATION_RECOVERY|GATE_YIELD|GATE_PASS,1,1,1,38.0,0.275,-9.807,-4.257,20.248,11.773,16.064,-4.357,-4.366,-4.356
0.0,-0.05,0.0,13.1809,6.1378,7.0584,1,6.4287,LOST,0.05,FORMATION_RECOVERY|GATE_YIELD|GATE_PASS,1,1,1,38.1,0.278,-9.807,-4.207,20.261,11.773,16.071,-4.357,-4.366,-4.355
0.0,-0.05,0.0,13.1904,6.1073,7.1014,1,6.4151,LOST,0.05,FORMATION_RECOVERY|GATE_YIELD|GATE_PASS,0,1,1,38.2,0.281,-9.806,-4.158,20.273,11.774,16.079,-4.357,-4.364,-4.355
0.0,-0.05,0.0,13.1996,6.0768,7.1443,1,6.4016,LOST,0.05,FORMATION_RECOVERY|GATE_YIELD|GATE_PASS,0,1,1,38.3,0.284,-9.805,-4.109,20.285,11.774,16.086,-4.357,-4.364,-4.355
0.0,-0.05,0.0,13.2084,6.0465,7.187,1,6.388,LOST,0.05,FORMATION_RECOVERY|GATE_YIELD|GATE_PASS,0,1,1,38.4,0.288,-9.805,-4.06,20.296,11.775,16.094,-4.357,-4.363,-4.355
0.0,-0.05,0.0,13.2174,6.0163,7.2299,1,6.3745,LOST,0.05,FORMATION_RECOVERY|GATE_YIELD|GATE_PASS,0,1,1,38.5,0.291,-9.804,-4.011,20.307,11.775,16.101,-4.357,-4.362,-4.356
0.0,-0.05,0.0,13.2267,5.9858,7.2738,1,6.3609,LOST,0.05,FORMATION_RECOVERY|GATE_YIELD|GATE_PASS,0,1,1,38.6,0.293,-9.804,-3.963,20.318,11.775,16.109,-4.356,-4.361,-4.356
0.0,-0.05,0.0,13.2357,5.9545,7.3183,1,6.3472,LOST,0.05,FORMATION_RECOVERY|GATE_YIELD|GATE_PASS,0,1,1,38.7,0.296,-9.804,-3.913,20.328,11.774,16.116,-4.356,-4.36,-4.357
0.0,-0.05,0.0,13.2442,5.9224,7.3635,1,6.3332,LOST,0.05,FORMATION_RECOVERY|GATE_YIELD|GATE_PASS,0,1,1,38.8,0.299,-9.804,-3.864,20.337,11.774,16.125,-4.357,-4.36,-4.357
0.0,-0.05,0.0,13.2521,5.8896,7.4088,1,6.3191,LOST,0.05,FORMATION_RECOVERY|GATE_YIELD|GATE_PASS,0,1,1,38.9,0.301,-9.805,-3.814,20.346,11.774,16.133,-4.356,-4.359,-4.358
0.0,-0.05,0.0,13.2596,5.8568,7.4541,1,6.3048,LOST,0.05,FORMATION_RECOVERY|GATE_YIELD|GATE_PASS,0,1,1,39.0,0.303,-9.805,-3.765,20.355,11.774,16.141,-4.356,-4.359,-4.358
0.0,-0.05,0.0,13.2664,5.824,7.499,1,6.29,LOST,0.05,FORMATION_RECOVERY|GATE_YIELD|GATE_PASS,0,1,1,39.1,0.305,-9.805,-3.715,20.363,11.774,16.15,-4.356,-4.359,-4.359
0.0,-0.05,0.0,13.2725,5.7909,7.5436,1,6.2751,LOST,0.05,FORMATION_RECOVERY|GATE_YIELD|GATE_PASS,0,1,1,39.2,0.307,-9.805,-3.666,20.371,11.774,16.157,-4.356,-4.359,-4.359
0.0,-0.05,0.0,13.2783,5.7579,7.5882,1,6.2603,LOST,0.05,FORMATION_RECOVERY|GATE_YIELD|GATE_PASS,0,1,1,39.3,0.309,-9.805,-3.616,20.378,11.774,16.165,-4.355,-4.359,-4.359
0.0,-0.05,0.0,13.2834,5.7244,7.6328,1,6.2454,LOST,0.05,FORMATION_RECOVERY|GATE_YIELD|GATE_PASS,0,1,1,39.4,0.31,-9.805,-3.567,20.384,11.774,16.173,-4.355,-4.36,-4.359
0.0,-0.05,0.0,13.2887,5.691,7.6776,1,6.2309,LOST,0.05,FORMATION_RECOVERY|GATE_YIELD|GATE_PASS,0,1,1,39.5,0.313,-9.805,-3.517,20.389,11.774,16.18,-4.355,-4.36,-4.36
0.0,-0.05,0.0,13.2938,5.6571,7.7229,1,6.2167,LOST,0.05,FORMATION_RECOVERY|GATE_YIELD|GATE_PASS,0,1,1,39.6,0.315,-9.806,-3.468,20.393,11.774,16.187,-4.355,-4.361,-4.36
0.0,-0.05,0.0,13.2977,5.6218,7.7684,1,6.2027,LOST,0.05,FORMATION_RECOVERY|GATE_YIELD|GATE_PASS,0,1,1,39.7,0.319,-9.807,-3.419,20.394,11.774,16.195,-4.355,-4.362,-4.36
0.0,-0.05,0.0,13.3001,5.5857,7.8133,1,6.1885,LOST,0.05,FORMATION_RECOVERY|GATE_YIELD|GATE_PASS,0,1,1,39.8,0.322,-9.808,-3.369,20.394,11.775,16.202,-4.355,-4.363,-4.361
0.0,-0.05,0.0,13.3015,5.5485,7.8583,1,6.1741,LOST,0.05,FORMATION_RECOVERY|GATE_YIELD|GATE_PASS,0,1,1,39.9,0.326,-9.809,-3.32,20.392,11.776,16.209,-4.356,-4.364,-4.362
0.0,-0.05,0.0,13.3022,5.5103,7.9035,1,6.1596,LOST,0.05,FORMATION_RECOVERY|GATE_YIELD|GATE_PASS,0,1,1,40.0,0.329,-9.809,-3.27,20.388,11.777,16.216,-4.356,-4.365,-4.362
0.0,-0.05,0.0,13.3019,5.4718,7.9484,1,6.1448,LOST,0.05,FORMATION_RECOVERY|GATE_YIELD|GATE_PASS,0,1,1,40.1,0.333,-9.809,-3.221,20.385,11.778,16.224,-4.356,-4.366,-4.362
0.0,-0.05,0.0,13.3013,5.4329,7.9934,1,6.1299,LOST,0.05,FORMATION_RECOVERY|GATE_YIELD|GATE_PASS,0,1,1,40.2,0.336,-9.809,-3.171,20.38,11.778,16.231,-4.356,-4.366,-4.363
0.0,-0.05,0.0,13.3003,5.3938,8.0384,1,6.1148,LOST,0.05,FORMATION_RECOVERY|GATE_YIELD|GATE_PASS,0,1,1,40.3,0.34,-9.809,-3.121,20.375,11.779,16.238,-4.357,-4.366,-4.363
0.0,-0.05,0.0,13.2999,5.3558,8.0833,1,6.0996,LOST,0.05,FORMATION_RECOVERY|GATE_YIELD|GATE_PASS,0,1,1,40.4,0.344,-9.808,-3.071,20.372,11.78,16.246,-4.357,-4.366,-4.362
0.0,-0.05,0.0,13.3005,5.319,8.1284,1,6.0843,LOST,0.05,FORMATION_RECOVERY|GATE_YIELD|GATE_PASS,0,1,1,40.5,0.346,-9.808,-3.021,20.371,11.78,16.253,-4.358,-4.365,-4.362
0.0,-0.05,0.0,13.3008,5.282,8.1736,1,6.0688,LOST,0.05,FORMATION_RECOVERY|GATE_YIELD|GATE_PASS,0,1,1,40.6,0.349,-9.807,-2.971,20.37,11.781,16.261,-4.358,-4.365,-4.362
0.0,-0.05,0.0,13.3015,5.2463,8.2183,1,6.0534,LOST,0.05,FORMATION_RECOVERY|GATE_YIELD|GATE_PASS,0,1,1,40.7,0.351,-9.806,-2.921,20.369,11.781,16.268,-4.359,-4.365,-4.363
0.0,-0.05,0.0,13.3023,5.2109,8.263,1,6.038,LOST,0.05,FORMATION_RECOVERY|GATE_YIELD|GATE_PASS,0,1,1,40.8,0.354,-9.806,-2.872,20.368,11.781,16.275,-4.359,-4.364,-4.363
0.0,-0.05,0.0,13.303,5.1755,8.3079,1,6.0226,LOST,0.05,FORMATION_RECOVERY|GATE_YIELD|GATE_PASS,0,1,1,40.9,0.356,-9.805,-2.823,20.367,11.78,16.282,-4.36,-4.363,-4.363
0.0,-0.05,0.0,13.3036,5.1396,8.3532,1,6.0073,LOST,0.05,FORMATION_RECOVERY|GATE_YIELD|GATE_PASS,0,1,1,41.0,0.358,-9.805,-2.774,20.365,11.78,16.289,-4.36,-4.362,-4.364
0.0,-0.05,0.0,13.3042,5.1033,8.3991,1,5.9921,LOST,0.05,FORMATION_RECOVERY|GATE_YIELD|GATE_PASS,0,1,1,41.1,0.36,-9.806,-2.725,20.362,11.779,16.296,-4.36,-4.361,-4.364
0.0,-0.05,0.0,13.3043,5.0669,8.4447,1,5.9769,LOST,0.05,FORMATION_RECOVERY|GATE_YIELD|GATE_PASS,0,1,1,41.2,0.362,-9.806,-2.676,20.358,11.779,16.303,-4.36,-4.361,-4.365
0.0,-0.05,0.0,13.3043,5.0304,8.4905,1,5.9616,LOST,0.05,FORMATION_RECOVERY|GATE_YIELD|GATE_PASS,0,1,1,41.3,0.365,-9.806,-2.626,20.355,11.778,16.31,-4.361,-4.36,-4.365
0.0,-0.05,0.0,13.298,4.9943,8.5296,1,5.9439,LOST,0.05,FORMATION_RECOVERY|GATE_PASS|GATE_PASS,0,1,1,41.4,0.367,-9.799,-2.577,20.351,11.779,16.317,-4.361,-4.36,-4.365
0.0,-0.05,0.0,13.283,4.9587,8.5592,1,5.9229,LOST,0.05,FORMATION_RECOVERY|GATE_PASS|GATE_PASS,0,1,1,41.5,0.37,-9.782,-2.527,20.348,11.782,16.323,-4.361,-4.359,-4.365
0.0,-0.05,0.0,13.2613,4.9232,8.5817,1,5.899,LOST,0.05,FORMATION_RECOVERY|GATE_PASS|GATE_PASS,0,1,1,41.6,0.372,-9.757,-2.477,20.345,11.785,16.33,-4.361,-4.358,-4.364
0.0,-0.05,0.0,13.2343,4.888,8.5982,1,5.8731,LOST,0.05,FORMATION_RECOVERY|GATE_PASS|GATE_PASS,0,1,1,41.7,0.375,-9.725,-2.427,20.341,11.79,16.337,-4.36,-4.357,-4.364
0.0,-0.05,0.0,13.2028,4.8531,8.61,1,5.8455,LOST,0.05,FORMATION_RECOVERY|GATE_PASS|GATE_PASS,0,1,1,41.8,0.378,-9.688,-2.377,20.338,11.795,16.343,-4.36,-4.356,-4.363
0.0,-0.05,0.0,13.168,4.8184,8.618,1,5.8165,LOST,0.05,FORMATION_RECOVERY|GATE_PASS|GATE_PASS,0,1,1,41.9,0.381,-9.647,-2.328,20.335,11.801,16.35,-4.36,-4.355,-4.363
0.0,-0.05,0.0,13.1303,4.7839,8.623,1,5.7863,LOST,0.05,FORMATION_RECOVERY|GATE_PASS|GATE_PASS,0,1,1,42.0,0.384,-9.603,-2.278,20.332,11.807,16.357,-4.359,-4.354,-4.362
0.0,-0.05,0.0,13.0906,4.7498,8.6258,1,5.755,LOST,0.05,FORMATION_RECOVERY|GATE_PASS|GATE_PASS,0,1,1,42.1,0.386,-9.556,-2.228,20.329,11.813,16.363,-4.358,-4.353,-4.361
0.0,-0.05,0.0,13.0495,4.7159,8.6271,1,5.7231,LOST,0.05,FORMATION_RECOVERY|GATE_PASS|GATE_PASS,0,1,1,42.2,0.388,-9.508,-2.178,20.327,11.82,16.37,-4.358,-4.353,-4.36
0.0,-0.05,0.0,13.0077,4.6826,8.6272,1,5.6908,LOST,0.05,FORMATION_RECOVERY|GATE_PASS|GATE_PASS,0,1,1,42.3,0.39,-9.459,-2.129,20.324,11.827,16.377,-4.358,-4.353,-4.36
0.0,-0.05,0.0,12.965,4.6491,8.6268,1,5.658,LOST,0.05,FORMATION_RECOVERY|GATE_PASS|GATE_PASS,0,1,1,42.4,0.392,-9.408,-2.079,20.323,11.834,16.384,-4.358,-4.353,-4.36
0.0,-0.05,0.0,12.9217,4.6155,8.6259,1,5.6248,LOST,0.05,FORMATION_RECOVERY|GATE_PASS|GATE_PASS,0,1,1,42.5,0.393,-9.357,-2.029,20.321,11.841,16.392,-4.357,-4.352,-4.36
0.0,-0.05,0.0,12.878,4.5825,8.6243,1,5.5915,LOST,0.05,FORMATION_RECOVERY|GATE_PASS|GATE_PASS,0,1,1,42.6,0.395,-9.305,-1.979,20.319,11.848,16.4,-4.357,-4.352,-4.36
0.0,-0.05,0.0,12.8332,4.5499,8.6216,1,5.5577,LOST,0.05,FORMATION_RECOVERY|GATE_PASS|GATE_PASS,0,1,1,42.7,0.396,-9.252,-1.93,20.318,11.856,16.407,-4.357,-4.352,-4.359
0.0,-0.05,0.0,12.7872,4.5176,8.6178,1,5.5236,LOST,0.05,FORMATION_RECOVERY|GATE_PASS|GATE_PASS,0,1,1,42.8,0.397,-9.199,-1.88,20.317,11.865,16.415,-4.357,-4.352,-4.359
0.0,-0.05,0.0,12.7405,4.4859,8.6132,1,5.4893,LOST,0.05,FORMATION_RECOVERY|GATE_PASS|GATE_PASS,0,1,1,42.9,0.398,-9.146,-1.831,20.316,11.876,16.423,-4.357,-4.352,-4.359
0.0,-0.05,0.0,12.693,4.4546,8.608,1,5.4551,LOST,0.05,FORMATION_RECOVERY|GATE_PASS|GATE_PASS,0,1,1,43.0,0.398,-9.094,-1.782,20.315,11.888,16.43,-4.357,-4.352,-4.358
0.0,-0.05,0.0,12.6451,4.4238,8.6023,1,5.4211,LOST,0.05,FORMATION_RECOVERY|GATE_PASS|GATE_PASS,0,1,1,43.1,0.399,-9.042,-1.733,20.314,11.902,16.438,-4.357,-4.352,-4.358
0.0,-0.05,0.0,12.5965,4.3935,8.5962,1,5.3873,LOST,0.05,FORMATION_RECOVERY|GATE_PASS|GATE_PASS,0,1,1,43.2,0.4,-8.99,-1.683,20.314,11.917,16.446,-4.358,-4.352,-4.358
0.0,-0.05,0.0,12.5476,4.3639,8.5897,1,5.3539,LOST,0.05,FORMATION_RECOVERY|GATE_PASS|GATE_PASS,0,1,1,43.3,0.401,-8.94,-1.634,20.314,11.935,16.453,-4.358,-4.352,-4.359
0.0,-0.05,0.0,12.4984,4.335,8.5829,1,5.3209,LOST,0.05,FORMATION_RECOVERY|GATE_PASS|GATE_PASS,0,1,1,43.4,0.402,-8.89,-1.585,20.314,11.955,16.461,-4.358,-4.352,-4.36
0.0,-0.05,0.0,12.4488,4.3064,8.576,1,5.2882,LOST,0.05,FORMATION_RECOVERY|GATE_PASS|GATE_PASS,0,1,1,43.5,0.404,-8.841,-1.536,20.314,11.977,16.469,-4.357,-4.352,-4.36
0.0,-0.05,0.0,12.3986,4.278,8.5696,1,5.2557,LOST,0.05,FORMATION_RECOVERY|GATE_PASS|GATE_PASS,0,1,1,43.6,0.405,-8.794,-1.486,20.314,12.001,16.477,-4.357,-4.352,-4.361
0.0,-0.05,0.0,12.3481,4.2498,8.5635,1,5.2233,LOST,0.05,FORMATION_RECOVERY|GATE_PASS|FORMATION_RECOVERY,0,1,1,43.7,0.407,-8.748,-1.436,20.314,12.028,16.484,-4.357,-4.353,-4.361
0.0,-0.05,0.0,12.2973,4.2221,8.5575,1,5.1914,LOST,0.05,FORMATION_RECOVERY|GATE_PASS|FORMATION_RECOVERY,0,1,1,43.8,0.408,-8.704,-1.386,20.314,12.056,16.492,-4.357,-4.353,-4.362
0.0,-0.05,0.0,12.2463,4.195,8.5515,1,5.16,LOST,0.05,FORMATION_RECOVERY|GATE_PASS|FORMATION_RECOVERY,0,1,1,43.9,0.41,-8.66,-1.336,20.315,12.086,16.5,-4.356,-4.353,-4.362
0.0,-0.05,0.0,12.1949,4.1683,8.5456,1,5.1289,LOST,0.05,FORMATION_RECOVERY|GATE_PASS|FORMATION_RECOVERY,0,1,1,44.0,0.411,-8.618,-1.286,20.315,12.118,16.508,-4.356,-4.354,-4.362
0.0,-0.05,0.0,12.1434,4.1418,8.5401,1,5.0982,LOST,0.05,FORMATION_RECOVERY|GATE_PASS|FORMATION_RECOVERY,0,1,1,44.1,0.413,-8.578,-1.237,20.315,12.152,16.516,-4.357,-4.354,-4.362
0.0,-0.05,0.0,12.0917,4.1155,8.5351,1,5.0677,LOST,0.05,FORMATION_RECOVERY|GATE_PASS|FORMATION_RECOVERY,0,1,1,44.2,0.414,-8.538,-1.187,20.316,12.187,16.524,-4.357,-4.354,-4.361
0.0,-0.05,0.0,12.0402,4.0896,8.5309,1,5.0374,LOST,0.05,FORMATION_RECOVERY|GATE_PASS|FORMATION_RECOVERY,0,1,1,44.3,0.415,-8.499,-1.137,20.316,12.223,16.532,-4.358,-4.355,-4.361
0.0,-0.05,0.0,11.9888,4.0644,8.5272,1,5.0075,LOST,0.05,FORMATION_RECOVERY|GATE_PASS|FORMATION_RECOVERY,0,1,1,44.4,0.416,-8.463,-1.087,20.316,12.26,16.54,-4.358,-4.355,-4.361
0.0,-0.05,0.0,11.9375,4.0399,8.5238,1,4.9782,LOST,0.05,FORMATION_RECOVERY|GATE_PASS|FORMATION_RECOVERY,0,1,1,44.5,0.417,-8.427,-1.038,20.317,12.299,16.548,-4.358,-4.355,-4.361
0.0,-0.05,0.0,11.8866,4.0157,8.521,1,4.9551,LOST,0.05,FORMATION_RECOVERY|GATE_PASS|FORMATION_RECOVERY,0,1,1,44.6,0.418,-8.393,-0.989,20.317,12.338,16.555,-4.359,-4.355,-4.361
0.0,-0.05,0.0,11.8359,3.9918,8.5191,1,4.9478,LOST,0.05,FORMATION_RECOVERY|GATE_PASS|FORMATION_RECOVERY,0,1,1,44.7,0.419,-8.36,-0.939,20.317,12.379,16.563,-4.359,-4.355,-4.361
0.0,-0.05,0.0,11.7853,3.9681,8.5176,1,4.9411,LOST,0.05,FORMATION_RECOVERY|GATE_PASS|FORMATION_RECOVERY,0,1,1,44.8,0.421,-8.328,-0.89,20.317,12.42,16.571,-4.359,-4.355,-4.361
0.0,-0.05,0.0,11.7356,3.9466,8.5169,1,4.9351,LOST,0.05,FORMATION_RECOVERY|GATE_PASS|FORMATION_RECOVERY,0,1,1,44.9,0.421,-8.297,-0.841,20.318,12.462,16.579,-4.36,-4.355,-4.361
0.0,-0.05,0.0,11.6871,3.9273,8.5172,1,4.9299,LOST,0.05,FORMATION_RECOVERY|GATE_PASS|FORMATION_RECOVERY,0,1,1,45.0,0.422,-8.267,-0.791,20.321,12.504,16.586,-4.36,-4.356,-4.361
0.0,-0.05,0.0,11.6394,3.9105,8.5177,1,4.925,LOST,0.05,FORMATION_RECOVERY|GATE_PASS|FORMATION_RECOVERY,0,1,1,45.1,0.422,-8.237,-0.741,20.326,12.547,16.592,-4.361,-4.356,-4.361
0.0,-0.05,0.0,11.5925,3.8958,8.5189,1,4.9206,LOST,0.05,FORMATION_RECOVERY|GATE_PASS|FORMATION_RECOVERY,0,1,1,45.2,0.421,-8.208,-0.69,20.332,12.59,16.598,-4.361,-4.356,-4.361
0.0,-0.05,0.0,11.5465,3.8833,8.5204,1,4.9165,LOST,0.05,FORMATION_RECOVERY|GATE_PASS|FORMATION_RECOVERY,0,1,1,45.3,0.42,-8.179,-0.64,20.339,12.634,16.603,-4.362,-4.356,-4.36
0.0,-0.05,0.0,11.5008,3.8724,8.5219,1,4.9128,LOST,0.05,FORMATION_RECOVERY|GATE_PASS|FORMATION_RECOVERY,0,1,1,45.4,0.419,-8.151,-0.59,20.347,12.677,16.608,-4.363,-4.356,-4.36
0.0,-0.05,0.0,11.4554,3.8624,8.5241,1,4.9094,LOST,0.05,FORMATION_RECOVERY|GATE_PASS|FORMATION_RECOVERY,0,1,1,45.5,0.418,-8.123,-0.539,20.355,12.721,16.613,-4.363,-4.356,-4.36
0.0,-0.05,0.0,11.4104,3.8534,8.5267,1,4.9062,LOST,0.05,FORMATION_RECOVERY|GATE_PASS|FORMATION_RECOVERY,0,1,1,45.6,0.416,-8.096,-0.489,20.363,12.765,16.618,-4.364,-4.356,-4.36
0.0,-0.05,0.0,11.3657,3.8454,8.5297,1,4.9035,LOST,0.05,FORMATION_RECOVERY|GATE_PASS|FORMATION_RECOVERY,0,1,1,45.7,0.415,-8.069,-0.439,20.372,12.808,16.622,-4.364,-4.356,-4.359
0.0,-0.05,0.0,11.321,3.8377,8.5337,1,4.9012,LOST,0.05,FORMATION_RECOVERY|GATE_PASS|FORMATION_RECOVERY,0,1,1,45.8,0.413,-8.042,-0.389,20.38,12.852,16.627,-4.364,-4.356,-4.359
0.0,-0.05,0.0,11.2764,3.8305,8.5384,1,4.8993,LOST,0.05,FORMATION_RECOVERY|GATE_PASS|FORMATION_RECOVERY,0,1,1,45.9,0.411,-8.016,-0.338,20.388,12.896,16.632,-4.364,-4.356,-4.359
0.0,-0.05,0.0,11.2319,3.824,8.5435,1,4.8977,LOST,0.05,FORMATION_RECOVERY|GATE_PASS|FORMATION_RECOVERY,0,1,1,46.0,0.409,-7.99,-0.288,20.396,12.939,16.636,-4.364,-4.357,-4.358
0.0,-0.05,0.0,11.187,3.818,8.549,1,4.8964,LOST,0.05,FORMATION_RECOVERY|GATE_PASS|FORMATION_RECOVERY,0,1,1,46.1,0.407,-7.965,-0.237,20.403,12.983,16.64,-4.364,-4.357,-4.358
0.0,-0.05,0.0,11.142,3.812,8.555,1,4.8955,LOST,0.05,FORMATION_RECOVERY|GATE_PASS|FORMATION_RECOVERY,0,1,1,46.2,0.406,-7.94,-0.187,20.409,13.027,16.644,-4.364,-4.357,-4.358
0.0,-0.05,0.0,11.0967,3.8063,8.5613,1,4.8948,LOST,0.05,FORMATION_RECOVERY|GATE_PASS|FORMATION_RECOVERY,0,1,1,46.3,0.404,-7.915,-0.136,20.416,13.071,16.648,-4.363,-4.357,-4.358
0.0,-0.05,0.0,11.0513,3.8012,8.5677,1,4.8942,LOST,0.05,FORMATION_RECOVERY|GATE_PASS|FORMATION_RECOVERY,0,1,1,46.4,0.402,-7.89,-0.086,20.422,13.115,16.652,-4.363,-4.357,-4.358
0.0,-0.05,0.0,11.0056,3.7964,8.574,1,4.8935,LOST,0.05,FORMATION_RECOVERY|GATE_PASS|FORMATION_RECOVERY,0,1,1,46.5,0.4,-7.865,-0.036,20.427,13.16,16.656,-4.362,-4.356,-4.357
0.0,-0.05,0.0,10.9594,3.7917,8.5804,1,4.893,LOST,0.05,FORMATION_RECOVERY|GATE_PASS|FORMATION_RECOVERY,0,1,1,46.6,0.398,-7.84,0.014,20.433,13.204,16.66,-4.362,-4.356,-4.357
0.0,-0.05,0.0,10.9129,3.7872,8.5875,1,4.8927,LOST,0.05,FORMATION_RECOVERY|GATE_PASS|FORMATION_RECOVERY,0,1,1,46.7,0.396,-7.815,0.064,20.437,13.249,16.665,-4.361,-4.356,-4.356
0.0,-0.05,0.0,10.8663,3.7829,8.5952,1,4.8927,LOST,0.05,FORMATION_RECOVERY|GATE_PASS|FORMATION_RECOVERY,0,1,1,46.8,0.394,-7.79,0.114,20.442,13.293,16.669,-4.361,-4.356,-4.356
0.0,-0.05,0.0,10.8198,3.7788,8.6038,1,4.8932,LOST,0.05,FORMATION_RECOVERY|GATE_PASS|FORMATION_RECOVERY,0,1,1,46.9,0.391,-7.766,0.165,20.446,13.337,16.674,-4.361,-4.356,-4.355
0.0,-0.05,0.0,10.7729,3.7749,8.613,1,4.894,LOST,0.05,FORMATION_RECOVERY|GATE_PASS|FORMATION_RECOVERY,0,1,1,47.0,0.388,-7.742,0.215,20.449,13.382,16.678,-4.361,-4.357,-4.355
0.0,-0.05,0.0,10.7257,3.7714,8.6224,1,4.8945,LOST,0.05,FORMATION_RECOVERY|GATE_PASS|FORMATION_RECOVERY,0,1,1,47.1,0.385,-7.718,0.265,20.453,13.425,16.683,-4.36,-4.358,-4.355
0.0,-0.05,0.0,10.6782,3.7685,8.6317,1,4.8951,LOST,0.05,FORMATION_RECOVERY|GATE_PASS|FORMATION_RECOVERY,0,1,1,47.2,0.382,-7.694,0.315,20.455,13.469,16.688,-4.36,-4.358,-4.355
0.0,-0.05,0.0,10.6303,3.7656,8.6411,1,4.8957,LOST,0.05,FORMATION_RECOVERY|GATE_PASS|FORMATION_RECOVERY,0,1,1,47.3,0.379,-7.67,0.365,20.458,13.513,16.693,-4.36,-4.359,-4.356
0.0,-0.05,0.0,10.582,3.763,8.6511,1,4.8965,LOST,0.05,FORMATION_RECOVERY|GATE_PASS|FORMATION_RECOVERY,0,1,1,47.4,0.375,-7.646,0.415,20.46,13.557,16.698,-4.359,-4.36,-4.356
0.0,-0.05,0.0,10.5333,3.7609,8.6615,1,4.8977,LOST,0.05,FORMATION_RECOVERY|GATE_PASS|FORMATION_RECOVERY,0,1,1,47.5,0.371,-7.622,0.465,20.462,13.602,16.703,-4.359,-4.36,-4.356
0.0,-0.05,0.0,10.4844,3.7595,8.6724,1,4.8993,LOST,0.05,FORMATION_RECOVERY|GATE_PASS|FORMATION_RECOVERY,0,1,1,47.6,0.367,-7.599,0.516,20.464,13.647,16.708,-4.358,-4.361,-4.357
0.0,-0.05,0.0,10.4355,3.7589,8.6832,1,4.9009,LOST,0.05,FORMATION_RECOVERY|GATE_PASS|FORMATION_RECOVERY,0,1,1,47.7,0.363,-7.575,0.566,20.466,13.692,16.713,-4.358,-4.361,-4.357
0.0,-0.05,0.0,10.3868,3.7587,8.694,1,4.9026,LOST,0.05,FORMATION_RECOVERY|GATE_PASS|FORMATION_RECOVERY,0,1,1,47.8,0.359,-7.552,0.615,20.468,13.737,16.718,-4.357,-4.361,-4.358
0.0,-0.05,0.0,10.338,3.7591,8.7052,1,4.9045,LOST,0.05,FORMATION_RECOVERY|GATE_PASS|FORMATION_RECOVERY,0,1,1,47.9,0.356,-7.528,0.665,20.47,13.782,16.723,-4.357,-4.361,-4.359
0.0,-0.05,0.0,10.2891,3.7601,8.7166,1,4.9064,LOST,0.05,FORMATION_RECOVERY|GATE_PASS|FORMATION_RECOVERY,0,1,1,48.0,0.352,-7.505,0.715,20.471,13.828,16.729,-4.356,-4.361,-4.359
0.0,-0.05,0.0,10.24,3.7614,8.7281,1,4.9085,LOST,0.05,FORMATION_RECOVERY|GATE_PASS|FORMATION_RECOVERY,0,1,1,48.1,0.348,-7.481,0.765,20.473,13.873,16.734,-4.356,-4.361,-4.359
0.0,-0.05,0.0,10.1913,3.763,8.7403,1,4.9109,LOST,0.05,FORMATION_RECOVERY|GATE_PASS|FORMATION_RECOVERY,0,1,1,48.2,0.345,-7.457,0.814,20.474,13.917,16.74,-4.355,-4.361,-4.36
0.0,-0.05,0.0,10.1426,3.7653,8.7528,1,4.9133,LOST,0.05,FORMATION_RECOVERY|GATE_PASS|FORMATION_RECOVERY,0,1,1,48.3,0.341,-7.434,0.864,20.475,13.962,16.746,-4.354,-4.361,-4.36
0.0,-0.05,0.0,10.0942,3.7684,8.7652,1,4.9159,LOST,0.05,FORMATION_RECOVERY|GATE_PASS|FORMATION_RECOVERY,0,1,1,48.4,0.338,-7.41,0.914,20.476,14.006,16.751,-4.354,-4.361,-4.361
0.0,-0.05,0.0,10.0454,3.7722,8.7779,1,4.9187,LOST,0.05,FORMATION_RECOVERY|GATE_PASS|FORMATION_RECOVERY,0,1,1,48.5,0.334,-7.387,0.963,20.476,14.05,16.757,-4.353,-4.361,-4.361
0.0,-0.05,0.0,9.996,3.7765,8.7906,1,4.9214,LOST,0.05,FORMATION_RECOVERY|GATE_PASS|FORMATION_RECOVERY,0,1,1,48.6,0.33,-7.364,1.012,20.477,14.095,16.762,-4.353,-4.361,-4.361
0.0,-0.05,0.0,9.9464,3.7814,8.8035,1,4.9242,LOST,0.05,FORMATION_RECOVERY|GATE_PASS|FORMATION_RECOVERY,0,1,1,48.7,0.326,-7.34,1.062,20.477,14.139,16.767,-4.353,-4.361,-4.361
0.0,-0.05,0.0,9.8971,3.7875,8.8169,1,4.9272,LOST,0.05,FORMATION_RECOVERY|GATE_PASS|FORMATION_RECOVERY,0,1,1,48.8,0.321,-7.317,1.111,20.477,14.183,16.773,-4.353,-4.361,-4.361
0.0,-0.05,0.0,9.8483,3.7946,8.8309,1,4.9305,LOST,0.05,FORMATION_RECOVERY|GATE_PASS|FORMATION_RECOVERY,0,1,1,48.9,0.317,-7.294,1.16,20.478,14.227,16.778,-4.353,-4.361,-4.361
0.0,-0.05,0.0,9.799,3.8026,8.8448,1,4.9338,LOST,0.05,FORMATION_RECOVERY|GATE_PASS|FORMATION_RECOVERY,0,1,1,49.0,0.312,-7.271,1.21,20.478,14.272,16.783,-4.353,-4.362,-4.361
0.0,-0.05,0.0,9.7498,3.812,8.859,1,4.9372,LOST,0.05,FORMATION_RECOVERY|GATE_PASS|FORMATION_RECOVERY,0,1,1,49.1,0.307,-7.248,1.259,20.479,14.316,16.788,-4.354,-4.362,-4.361
0.0,-0.05,0.0,9.701,3.8218,8.8734,1,4.9408,LOST,0.05,FORMATION_RECOVERY|GATE_PASS|FORMATION_RECOVERY,0,1,1,49.2,0.302,-7.225,1.309,20.48,14.36,16.794,-4.354,-4.363,-4.361
0.0,-0.05,0.0,9.6521,3.8322,8.888,1,4.9446,LOST,0.05,FORMATION_RECOVERY|GATE_PASS|FORMATION_RECOVERY,0,1,1,49.3,0.297,-7.201,1.358,20.481,14.404,16.799,-4.354,-4.363,-4.361
0.0,-0.05,0.0,9.6035,3.843,8.9036,1,4.9489,LOST,0.05,FORMATION_RECOVERY|GATE_PASS|FORMATION_RECOVERY,0,1,1,49.4,0.293,-7.179,1.408,20.482,14.448,16.804,-4.354,-4.363,-4.36
0.0,-0.05,0.0,9.5553,3.8546,8.9194,1,4.9532,LOST,0.05,FORMATION_RECOVERY|GATE_PASS|FORMATION_RECOVERY,0,1,1,49.5,0.288,-7.156,1.457,20.483,14.492,16.81,-4.354,-4.364,-4.36
0.0,-0.05,0.0,9.5076,3.8673,8.9357,1,4.9579,LOST,0.05,FORMATION_RECOVERY|GATE_PASS|FORMATION_RECOVERY,0,1,1,49.6,0.284,-7.133,1.507,20.484,14.536,16.815,-4.353,-4.364,-4.36
0.0,-0.05,0.0,9.46,3.8811,8.9524,1,4.9628,LOST,0.05,FORMATION_RECOVERY|GATE_PASS|FORMATION_RECOVERY,0,1,1,49.7,0.28,-7.11,1.557,20.485,14.58,16.82,-4.353,-4.365,-4.36
0.0,-0.05,0.0,9.4128,3.8954,8.9697,1,4.9682,LOST,0.05,FORMATION_RECOVERY|GATE_PASS|FORMATION_RECOVERY,0,1,1,49.8,0.276,-7.088,1.607,20.486,14.623,16.825,-4.353,-4.365,-4.359
0.0,-0.05,0.0,9.3652,3.9103,8.9869,1,4.9736,LOST,0.05,FORMATION_RECOVERY|GATE_PASS|FORMATION_RECOVERY,0,1,1,49.9,0.272,-7.066,1.657,20.487,14.668,16.831,-4.353,-4.365,-4.359
0.0,-0.05,0.0,9.3174,3.9255,9.0038,1,4.979,LOST,0.05,FORMATION_RECOVERY|GATE_PASS|FORMATION_RECOVERY,0,1,1,49.999,0.268,-7.043,1.707,20.488,14.712,16.836,-4.353,-4.364,-4.359
0.0,-0.05,0.0,9.2697,3.941,9.0209,1,4.9846,LOST,0.05,FORMATION_RECOVERY|GATE_PASS|FORMATION_RECOVERY,0,1,1,50.099,0.264,-7.02,1.757,20.489,14.756,16.842,-4.352,-4.364,-4.359
0.0,-0.05,0.0,9.2221,3.9568,9.0381,1,4.9905,LOST,0.05,FORMATION_RECOVERY|GATE_PASS|FORMATION_RECOVERY,0,1,1,50.199,0.261,-6.997,1.806,20.49,14.801,16.847,-4.352,-4.364,-4.359
0.0,-0.05,0.0,9.1745,3.9731,9.0555,1,4.9965,LOST,0.05,FORMATION_RECOVERY|GATE_PASS|FORMATION_RECOVERY,0,1,1,50.299,0.258,-6.975,1.856,20.49,14.845,16.853,-4.352,-4.364,-4.359
0.0,-0.05,0.0,9.127,3.9903,9.0732,1,5.0025,LOST,0.05,FORMATION_RECOVERY|GATE_PASS|FORMATION_RECOVERY,0,1,1,50.399,0.254,-6.952,1.905,20.491,14.89,16.859,-4.352,-4.364,-4.36
0.0,-0.05,0.0,9.0798,4.0085,9.0912,1,5.0088,LOST,0.05,FORMATION_RECOVERY|GATE_PASS|FORMATION_RECOVERY,0,1,1,50.499,0.25,-6.929,1.955,20.492,14.934,16.864,-4.352,-4.364,-4.36
0.0,-0.05,0.0,9.0326,4.0277,9.1089,1,5.0151,LOST,0.05,FORMATION_RECOVERY|GATE_PASS|FORMATION_RECOVERY,0,1,1,50.599,0.247,-6.906,2.004,20.493,14.978,16.869,-4.352,-4.365,-4.361
0.0,-0.05,0.0,8.9849,4.0468,9.1261,1,5.0209,LOST,0.05,FORMATION_RECOVERY|GATE_PASS|FORMATION_RECOVERY,0,1,1,50.699,0.244,-6.882,2.054,20.494,15.022,16.875,-4.352,-4.365,-4.361
0.0,-0.05,0.0,8.9368,4.0663,9.1427,1,5.0261,LOST,0.05,FORMATION_RECOVERY|GATE_PASS|FORMATION_RECOVERY,0,1,1,50.799,0.241,-6.857,2.104,20.495,15.065,16.88,-4.352,-4.365,-4.362
0.0,-0.05,0.0,8.8879,4.0857,9.1585,1,5.0306,LOST,0.05,FORMATION_RECOVERY|GATE_PASS|FORMATION_RECOVERY,0,1,1,50.899,0.238,-6.831,2.153,20.495,15.108,16.886,-4.352,-4.366,-4.362
0.0,-0.05,0.0,8.8374,4.1042,9.1731,1,5.0341,LOST,0.05,FORMATION_RECOVERY|GATE_PASS|FORMATION_RECOVERY,0,1,1,50.999,0.236,-6.803,2.203,20.493,15.149,16.891,-4.352,-4.366,-4.362
0.0,-0.05,0.0,8.7864,4.1233,9.1863,1,5.0364,LOST,0.05,FORMATION_RECOVERY|GATE_PASS|FORMATION_RECOVERY,0,1,1,51.099,0.233,-6.773,2.253,20.491,15.189,16.897,-4.353,-4.366,-4.362
0.0,-0.05,0.0,8.735,4.1433,9.1983,1,5.0375,LOST,0.05,FORMATION_RECOVERY|GATE_PASS|FORMATION_RECOVERY,0,1,1,51.199,0.229,-6.742,2.302,20.49,15.227,16.902,-4.353,-4.366,-4.363
0.0,-0.05,0.0,8.683,4.1639,9.2093,1,5.0378,LOST,0.05,FORMATION_RECOVERY|GATE_PASS|FORMATION_RECOVERY,0,1,1,51.299,0.226,-6.71,2.352,20.488,15.265,16.908,-4.353,-4.367,-4.363
0.0,-0.05,0.0,8.6307,4.1853,9.2192,1,5.037,LOST,0.05,FORMATION_RECOVERY|GATE_PASS|FORMATION_RECOVERY,0,1,1,51.399,0.223,-6.676,2.401,20.487,15.301,16.913,-4.353,-4.367,-4.363
0.0,-0.05,0.0,8.5783,4.2073,9.2285,1,5.0356,LOST,0.05,FORMATION_RECOVERY|GATE_PASS|FORMATION_RECOVERY,0,1,1,51.499,0.221,-6.641,2.451,20.486,15.337,16.918,-4.353,-4.367,-4.364
0.0,-0.05,0.0,8.5256,4.23,9.2367,1,5.0332,LOST,0.05,FORMATION_RECOVERY|GATE_PASS|FORMATION_RECOVERY,0,1,1,51.599,0.218,-6.604,2.501,20.484,15.371,16.923,-4.353,-4.367,-4.364
0.0,-0.05,0.0,8.4727,4.253,9.244,1,5.0299,LOST,0.05,FORMATION_RECOVERY|GATE_PASS|FORMATION_RECOVERY,0,1,1,51.699,0.216,-6.566,2.551,20.482,15.404,16.928,-4.353,-4.366,-4.364
0.0,-0.05,0.0,8.4195,4.2759,9.2499,1,5.0255,LOST,0.05,FORMATION_RECOVERY|GATE_PASS|FORMATION_RECOVERY,0,1,1,51.799,0.213,-6.527,2.601,20.481,15.435,16.933,-4.353,-4.366,-4.365
0.0,-0.05,0.0,8.3658,4.299,9.2545,1,5.0198,LOST,0.05,FORMATION_RECOVERY|GATE_PASS|FORMATION_RECOVERY,0,1,1,51.899,0.211,-6.486,2.65,20.479,15.465,16.939,-4.354,-4.365,-4.365
0.0,-0.05,0.0,8.3116,4.3222,9.2582,1,5.0129,LOST,0.05,FORMATION_RECOVERY|GATE_PASS|FORMATION_RECOVERY,0,1,1,51.999,0.208,-6.444,2.7,20.477,15.493,16.945,-4.354,-4.364,-4.365
0.0,-0.05,0.0,8.257,4.3454,9.2612,1,5.0053,LOST,0.05,FORMATION_RECOVERY|GATE_PASS|FORMATION_RECOVERY,0,1,1,52.099,0.205,-6.401,2.749,20.474,15.521,16.951,-4.354,-4.363,-4.365
0.0,-0.05,0.0,8.2023,4.3685,9.2634,1,4.9968,LOST,0.05,FORMATION_RECOVERY|GATE_PASS|FORMATION_RECOVERY,0,1,1,52.199,0.202,-6.357,2.798,20.472,15.547,16.958,-4.355,-4.363,-4.366
0.0,-0.05,0.0,8.1475,4.3912,9.2648,1,4.9878,LOST,0.05,FORMATION_RECOVERY|GATE_PASS|FORMATION_RECOVERY,0,1,1,52.299,0.2,-6.312,2.847,20.468,15.572,16.965,-4.355,-4.362,-4.366
0.0,-0.05,0.0,8.0929,4.4139,9.2659,1,4.978,LOST,0.05,FORMATION_RECOVERY|GATE_PASS|FORMATION_RECOVERY,0,1,1,52.399,0.197,-6.267,2.896,20.465,15.595,16.972,-4.356,-4.362,-4.366
0.0,-0.05,0.0,8.0386,4.436,9.2668,1,4.9676,LOST,0.05,FORMATION_RECOVERY|GATE_PASS|FORMATION_RECOVERY,0,1,1,52.499,0.195,-6.22,2.946,20.46,15.617,16.98,-4.356,-4.361,-4.365
0.0,-0.05,0.0,7.9845,4.4566,9.2671,1,4.9565,LOST,0.05,FORMATION_RECOVERY|GATE_PASS|FORMATION_RECOVERY,0,1,1,52.599,0.193,-6.173,2.995,20.455,15.636,16.989,-4.357,-4.361,-4.365
0.0,-0.05,0.0,7.9307,4.4762,9.2668,1,4.9448,LOST,0.05,FORMATION_RECOVERY|GATE_PASS|FORMATION_RECOVERY,0,1,1,52.699,0.192,-6.125,3.044,20.449,15.655,16.998,-4.357,-4.361,-4.364
0.0,-0.05,0.0,7.8767,4.4951,9.2661,1,4.9328,LOST,0.05,FORMATION_RECOVERY|GATE_PASS|FORMATION_RECOVERY,0,1,1,52.799,0.192,-6.077,3.093,20.442,15.673,17.008,-4.357,-4.361,-4.364
0.0,-0.05,0.0,7.8223,4.5143,9.2651,1,4.9204,LOST,0.05,FORMATION_RECOVERY|GATE_PASS|FORMATION_RECOVERY,0,1,1,52.899,0.191,-6.028,3.142,20.435,15.69,17.019,-4.357,-4.362,-4.364
0.0,-0.05,0.0,7.7682,4.5342,9.2639,1,4.9076,LOST,0.05,FORMATION_RECOVERY|GATE_PASS|FORMATION_RECOVERY,0,1,1,52.999,0.19,-5.978,3.191,20.429,15.707,17.03,-4.358,-4.362,-4.364
0.0,-0.05,0.0,7.7146,4.5548,9.2625,1,4.8947,LOST,0.05,FORMATION_RECOVERY|GATE_PASS|FORMATION_RECOVERY,0,1,1,53.099,0.189,-5.929,3.239,20.422,15.723,17.04,-4.358,-4.361,-4.363
0.0,-0.05,0.0,7.6612,4.5757,9.2603,1,4.8812,LOST,0.05,FORMATION_RECOVERY|GATE_PASS|FORMATION_RECOVERY,0,1,1,53.199,0.188,-5.879,3.288,20.416,15.738,17.05,-4.358,-4.361,-4.363
0.0,-0.05,0.0,7.6079,4.5964,9.2568,1,4.867,LOST,0.05,FORMATION_RECOVERY|GATE_PASS|FORMATION_RECOVERY,0,1,1,53.299,0.187,-5.829,3.335,20.409,15.753,17.06,-4.358,-4.361,-4.364
0.0,-0.05,0.0,7.555,4.6165,9.2521,1,4.8523,LOST,0.05,FORMATION_RECOVERY|GATE_PASS|FORMATION_RECOVERY,0,1,1,53.399,0.186,-5.779,3.38,20.403,15.766,17.07,-4.358,-4.361,-4.363
0.0,-0.05,0.0,7.5029,4.6358,9.2462,1,4.8371,LOST,0.05,FORMATION_RECOVERY|GATE_PASS|FORMATION_RECOVERY,1,1,1,53.499,0.185,-5.73,3.425,20.397,15.78,17.081,-4.358,-4.36,-4.363
0.0,-0.05,0.0,7.4516,4.6539,9.2384,1,4.8213,LOST,0.05,FORMATION_RECOVERY|GATE_PASS|FORMATION_RECOVERY,1,1,1,53.599,0.184,-5.68,3.467,20.391,15.793,17.092,-4.359,-4.359,-4.363
0.0,-0.05,0.0,7.4009,4.6711,9.2287,1,4.8048,LOST,0.05,FORMATION_RECOVERY|GATE_PASS|FORMATION_RECOVERY,1,1,1,53.699,0.184,-5.63,3.507,20.385,15.805,17.103,-4.359,-4.359,-4.363
0.0,-0.05,0.0,7.3505,4.687,9.217,1,4.7877,LOST,0.05,FORMATION_RECOVERY|GATE_PASS|FORMATION_RECOVERY,1,1,1,53.799,0.183,-5.58,3.545,20.379,15.817,17.113,-4.36,-4.358,-4.363
0.0,-0.05,0.0,7.3004,4.7021,9.2035,1,4.77,LOST,0.05,FORMATION_RECOVERY|GATE_PASS|FORMATION_RECOVERY,1,1,1,53.899,0.183,-5.53,3.582,20.374,15.829,17.124,-4.36,-4.358,-4.363
0.0,-0.05,0.0,7.2508,4.7165,9.1882,1,4.7517,LOST,0.05,FORMATION_FOLLOW|GATE_PASS|FORMATION_RECOVERY,1,1,1,53.999,0.183,-5.48,3.616,20.369,15.841,17.135,-4.361,-4.358,-4.362
0.0,-0.05,0.0,7.2015,4.7299,9.1709,1,4.7329,LOST,0.05,FORMATION_FOLLOW|GATE_PASS|FORMATION_RECOVERY,1,1,1,54.099,0.183,-5.43,3.649,20.364,15.852,17.145,-4.361,-4.357,-4.362
0.0,-0.05,0.0,7.1522,4.7429,9.1518,1,4.7135,LOST,0.05,FORMATION_FOLLOW|GATE_PASS|FORMATION_RECOVERY,1,1,1,54.199,0.183,-5.38,3.68,20.359,15.864,17.155,-4.361,-4.358,-4.362
0.0,-0.05,0.0,7.1028,4.7552,9.1319,1,4.695,LOST,0.05,FORMATION_FOLLOW|GATE_PASS|FORMATION_RECOVERY,1,1,1,54.299,0.184,-5.331,3.71,20.354,15.878,17.164,-4.361,-4.358,-4.361
0.0,-0.05,0.0,7.0532,4.7663,9.1115,1,4.6776,LOST,0.05,FORMATION_FOLLOW|GATE_PASS|FORMATION_RECOVERY,1,1,1,54.399,0.184,-5.283,3.738,20.349,15.894,17.173,-4.361,-4.358,-4.361
0.0,-0.05,0.0,7.0034,4.7766,9.0897,1,4.6602,LOST,0.05,FORMATION_FOLLOW|GATE_PASS|FORMATION_RECOVERY,1,1,1,54.499,0.185,-5.236,3.764,20.345,15.91,17.182,-4.361,-4.358,-4.361
0.0,-0.05,0.0,6.9537,4.786,9.0664,1,4.6422,LOST,0.05,FORMATION_FOLLOW|GATE_PASS|FORMATION_RECOVERY,1,1,1,54.599,0.185,-5.189,3.788,20.34,15.927,17.191,-4.361,-4.358,-4.361
0.0,-0.05,0.0,6.9043,4.7946,9.0406,1,4.6231,LOST,0.05,FORMATION_FOLLOW|GATE_PASS|FORMATION_RECOVERY,1,1,1,54.699,0.185,-5.142,3.811,20.336,15.943,17.199,-4.361,-4.358,-4.361
0.0,-0.05,0.0,6.8557,4.8028,9.0129,1,4.6029,LOST,0.05,FORMATION_FOLLOW|GATE_PASS|FORMATION_RECOVERY,1,1,1,54.799,0.184,-5.094,3.832,20.332,15.957,17.207,-4.361,-4.358,-4.362
0.0,-0.05,0.0,6.8082,4.81,8.9838,1,4.5818,LOST,0.05,FORMATION_FOLLOW|GATE_PASS|FORMATION_RECOVERY,1,1,1,54.899,0.185,-5.046,3.851,20.328,15.969,17.215,-4.362,-4.358,-4.362
0.0,-0.05,0.0,6.7619,4.8162,8.953,1,4.5599,LOST,0.05,FORMATION_FOLLOW|GATE_PASS|FORMATION_RECOVERY,1,1,1,54.999,0.185,-4.997,3.869,20.324,15.98,17.222,-4.362,-4.358,-4.362
0.0,-0.05,0.0,6.716,4.8217,8.9206,1,4.5371,LOST,0.05,FORMATION_FOLLOW|GATE_PASS|FORMATION_RECOVERY,1,1,1,55.099,0.185,-4.948,3.886,20.32,15.99,17.229,-4.362,-4.358,-4.363
0.0,-0.05,0.0,6.6706,4.8264,8.8865,1,4.5132,LOST,0.05,FORMATION_FOLLOW|GATE_PASS|FORMATION_RECOVERY,1,1,1,55.199,0.186,-4.899,3.901,20.317,15.999,17.237,-4.362,-4.358,-4.363
0.0,-0.05,0.0,6.6261,4.8306,8.8507,1,4.4886,LOST,0.05,FORMATION_FOLLOW|GATE_PASS|FORMATION_RECOVERY,1,1,1,55.299,0.186,-4.849,3.915,20.314,16.006,17.243,-4.362,-4.357,-4.363
0.0,-0.05,0.0,6.5823,4.8343,8.8139,1,4.4634,LOST,0.05,FORMATION_FOLLOW|GATE_PASS|FORMATION_RECOVERY,1,1,1,55.399,0.187,-4.799,3.928,20.311,16.013,17.249,-4.362,-4.357,-4.363
0.0,-0.05,0.0,6.5392,4.8374,8.7759,1,4.4374,LOST,0.05,FORMATION_FOLLOW|GATE_PASS|FORMATION_RECOVERY,1,1,1,55.499,0.187,-4.748,3.94,20.308,16.018,17.255,-4.362,-4.357,-4.363
0.0,-0.05,0.0,6.4968,4.8402,8.7368,1,4.4108,LOST,0.05,FORMATION_FOLLOW|GATE_PASS|FORMATION_RECOVERY,1,1,1,55.599,0.188,-4.698,3.951,20.305,16.022,17.261,-4.362,-4.357,-4.363
0.0,-0.05,0.0,6.4554,4.8425,8.6973,1,4.3837,LOST,0.05,FORMATION_FOLLOW|GATE_PASS|FORMATION_RECOVERY,1,1,1,55.699,0.189,-4.647,3.962,20.302,16.025,17.266,-4.362,-4.357,-4.363
0.0,-0.05,0.0,6.4147,4.8442,8.6567,1,4.3558,LOST,0.05,FORMATION_FOLLOW|GATE_PASS|FORMATION_RECOVERY,1,1,1,55.799,0.19,-4.596,3.971,20.299,16.027,17.272,-4.362,-4.357,-4.363
0.0,-0.05,0.0,6.3757,4.8461,8.6152,1,4.3272,LOST,0.05,FORMATION_FOLLOW|GATE_PASS|FORMATION_RECOVERY,1,1,1,55.899,0.191,-4.544,3.98,20.297,16.028,17.277,-4.361,-4.357,-4.363
0.0,-0.05,0.0,6.3386,4.849,8.5736,1,4.2979,LOST,0.05,FORMATION_FOLLOW|GATE_PASS|FORMATION_RECOVERY,1,1,1,55.999,0.191,-4.493,3.988,20.297,16.026,17.281,-4.361,-4.357,-4.362
0.0,-0.05,0.0,6.3035,4.8526,8.5321,1,4.2682,LOST,0.05,FORMATION_FOLLOW|GATE_PASS|FORMATION_RECOVERY,1,1,1,56.099,0.192,-4.442,3.996,20.298,16.024,17.285,-4.36,-4.357,-4.362
0.0,-0.05,0.0,6.2705,4.8568,8.491,1,4.238,LOST,0.05,FORMATION_FOLLOW|GATE_PASS|FORMATION_RECOVERY,1,1,1,56.199,0.192,-4.392,4.004,20.299,16.02,17.29,-4.36,-4.358,-4.362
0.0,-0.05,0.0,6.2389,4.8614,8.4499,1,4.2074,LOST,0.05,FORMATION_FOLLOW|GATE_PASS|FORMATION_RECOVERY,1,1,1,56.299,0.192,-4.341,4.011,20.302,16.015,17.294,-4.359,-4.358,-4.362
0.0,-0.05,0.0,6.2087,4.8663,8.4087,1,4.1763,LOST,0.05,FORMATION_FOLLOW|GATE_PASS|FORMATION_RECOVERY,1,1,1,56.399,0.192,-4.291,4.018,20.305,16.009,17.299,-4.359,-4.359,-4.362
0.0,-0.05,0.0,6.1801,4.8712,8.3668,1,4.1446,LOST,0.05,FORMATION_FOLLOW|GATE_PASS|FORMATION_RECOVERY,1,1,1,56.499,0.192,-4.241,4.025,20.309,16.002,17.302,-4.359,-4.36,-4.362
0.0,-0.05,0.0,6.153,4.8766,8.3247,1,4.1126,LOST,0.05,FORMATION_FOLLOW|GATE_PASS|FORMATION_RECOVERY,1,1,1,56.599,0.192,-4.19,4.03,20.313,15.994,17.306,-4.359,-4.361,-4.362
0.0,-0.05,0.0,6.1267,4.8824,8.2826,1,4.0804,LOST,0.05,FORMATION_FOLLOW|GATE_PASS|FORMATION_RECOVERY,0,1,1,56.699,0.191,-4.14,4.036,20.318,15.985,17.309,-4.359,-4.362,-4.362
0.0,-0.05,0.0,6.1014,4.8886,8.2406,1,4.0478,LOST,0.05,FORMATION_FOLLOW|GATE_PASS|FORMATION_RECOVERY,0,1,1,56.799,0.19,-4.091,4.041,20.323,15.976,17.311,-4.359,-4.363,-4.361
0.0,-0.05,0.0,6.077,4.8949,8.1982,1,4.0149,LOST,0.05,FORMATION_FOLLOW|GATE_PASS|FORMATION_RECOVERY,0,1,1,56.899,0.19,-4.04,4.046,20.328,15.965,17.314,-4.359,-4.364,-4.361
0.0,-0.05,0.0,6.0532,4.9013,8.1561,1,3.9817,LOST,0.05,FORMATION_FOLLOW|GATE_PASS|FORMATION_RECOVERY,0,1,1,56.999,0.189,-3.99,4.051,20.333,15.954,17.316,-4.359,-4.364,-4.361
0.0,-0.05,0.0,6.0309,4.9076,8.1141,1,3.9483,LOST,0.05,FORMATION_FOLLOW|GATE_PASS|FORMATION_RECOVERY,0,1,1,57.099,0.188,-3.94,4.056,20.339,15.942,17.319,-4.359,-4.365,-4.361
0.0,-0.05,0.0,6.01,4.9136,8.0724,1,3.9147,LOST,0.05,FORMATION_FOLLOW|GATE_PASS|FORMATION_RECOVERY,0,1,1,57.199,0.187,-3.891,4.061,20.344,15.93,17.322,-4.359,-4.365,-4.361
0.0,-0.05,0.0,5.9904,4.9193,8.0311,1,3.8812,LOST,0.05,FORMATION_FOLLOW|GATE_PASS|FORMATION_RECOVERY,0,1,1,57.299,0.187,-3.841,4.066,20.35,15.916,17.324,-4.359,-4.365,-4.361
0.0,-0.05,0.0,5.9719,4.925,7.9896,1,3.8475,LOST,0.05,FORMATION_FOLLOW|GATE_PASS|FORMATION_RECOVERY,0,1,1,57.399,0.187,-3.792,4.07,20.356,15.902,17.327,-4.359,-4.365,-4.36
0.0,-0.05,0.0,5.9538,4.9304,7.9481,1,3.8138,LOST,0.05,FORMATION_FOLLOW|GATE_PASS|FORMATION_RECOVERY,0,1,1,57.499,0.186,-3.743,4.074,20.361,15.888,17.329,-4.359,-4.365,-4.359
0.0,-0.05,0.0,5.9367,4.9355,7.9072,1,3.7803,LOST,0.05,FORMATION_FOLLOW|GATE_PASS|FORMATION_RECOVERY,0,1,1,57.599,0.186,-3.694,4.078,20.366,15.873,17.331,-4.359,-4.364,-4.359
0.0,-0.05,0.0,5.9204,4.9409,7.8672,1,3.7471,LOST,0.05,FORMATION_FOLLOW|GATE_PASS|FORMATION_RECOVERY,0,1,1,57.699,0.186,-3.646,4.082,20.372,15.858,17.333,-4.359,-4.364,-4.358
0.0,-0.05,0.0,5.9048,4.9461,7.8277,1,3.7138,LOST,0.05,FORMATION_FOLLOW|GATE_PASS|FORMATION_RECOVERY,0,1,1,57.799,0.185,-3.598,4.086,20.377,15.843,17.336,-4.359,-4.364,-4.357
0.0,-0.05,0.0,5.8902,4.9514,7.7887,1,3.6806,LOST,0.05,FORMATION_FOLLOW|GATE_PASS|FORMATION_RECOVERY,0,1,1,57.899,0.185,-3.55,4.091,20.382,15.827,17.339,-4.358,-4.364,-4.357
0.0,-0.05,0.0,5.8762,4.9564,7.7498,1,3.6473,LOST,0.05,FORMATION_FOLLOW|GATE_PASS|FORMATION_RECOVERY,0,1,1,57.999,0.185,-3.502,4.095,20.387,15.811,17.342,-4.358,-4.364,-4.357
0.0,-0.05,0.0,5.8627,4.9612,7.7106,1,3.6139,LOST,0.05,FORMATION_FOLLOW|GATE_PASS|FORMATION_RECOVERY,0,1,1,58.099,0.184,-3.454,4.099,20.393,15.796,17.345,-4.357,-4.364,-4.357
0.0,-0.05,0.0,5.8497,4.9652,7.671,1,3.5805,LOST,0.05,FORMATION_FOLLOW|GATE_PASS|FORMATION_RECOVERY,0,1,1,58.199,0.184,-3.406,4.103,20.398,15.78,17.349,-4.358,-4.363,-4.357
0.0,-0.05,0.0,5.837,4.9687,7.6316,1,3.5471,LOST,0.05,FORMATION_FOLLOW|GATE_PASS|FORMATION_RECOVERY,0,1,1,58.299,0.184,-3.359,4.106,20.403,15.764,17.352,-4.358,-4.363,-4.356
0.0,-0.05,0.0,5.8248,4.9715,7.5919,1,3.5137,LOST,0.05,FORMATION_FOLLOW|GATE_PASS|FORMATION_RECOVERY,0,1,1,58.399,0.185,-3.311,4.109,20.408,15.749,17.355,-4.358,-4.362,-4.356
0.0,-0.05,0.0,5.813,4.974,7.5519,1,3.4802,LOST,0.05,FORMATION_FOLLOW|GATE_PASS|FORMATION_RECOVERY,0,1,1,58.499,0.185,-3.263,4.112,20.412,15.733,17.359,-4.358,-4.362,-4.356
0.0,-0.05,0.0,5.8018,4.9771,7.5124,1,3.4469,LOST,0.05,FORMATION_FOLLOW|GATE_PASS|FORMATION_RECOVERY,0,1,1,58.599,0.186,-3.215,4.115,20.417,15.716,17.361,-4.359,-4.361,-4.356
0.0,-0.05,0.0,5.7918,4.9801,7.4736,1,3.4135,LOST,0.05,FORMATION_FOLLOW|GATE_PASS|FORMATION_RECOVERY,0,1,1,58.699,0.187,-3.168,4.118,20.421,15.699,17.364,-4.359,-4.361,-4.357
0.0,-0.05,0.0,5.781,4.9807,7.4344,1,3.3804,LOST,0.05,FORMATION_FOLLOW|GATE_PASS|FORMATION_RECOVERY,0,1,1,58.799,0.188,-3.12,4.121,20.423,15.681,17.367,-4.359,-4.36,-4.357
0.0,-0.05,0.0,5.7686,4.9788,7.395,1,3.3476,LOST,0.05,FORMATION_FOLLOW|GATE_PASS|FORMATION_RECOVERY,0,1,1,58.899,0.19,-3.072,4.123,20.421,15.664,17.369,-4.36,-4.359,-4.358
0.0,-0.05,0.0,5.7548,4.9755,7.3556,1,3.3152,LOST,0.05,FORMATION_FOLLOW|GATE_PASS|FORMATION_RECOVERY,0,1,1,58.999,0.192,-3.025,4.126,20.418,15.646,17.372,-4.36,-4.359,-4.358
0.0,-0.05,0.0,5.7408,4.9717,7.316,1,3.2829,LOST,0.05,FORMATION_FOLLOW|GATE_PASS|FORMATION_RECOVERY,0,1,1,59.099,0.194,-2.977,4.128,20.414,15.628,17.374,-4.36,-4.358,-4.359
0.0,-0.05,0.0,5.7264,4.9671,7.2762,1,3.2507,LOST,0.05,FORMATION_FOLLOW|GATE_PASS|FORMATION_RECOVERY,0,1,1,59.199,0.196,-2.929,4.129,20.409,15.61,17.376,-4.36,-4.357,-4.36
0.0,-0.05,0.0,5.7118,4.9616,7.2363,1,3.2184,LOST,0.05,FORMATION_FOLLOW|GATE_PASS|FORMATION_RECOVERY,0,1,1,59.299,0.198,-2.882,4.131,20.402,15.592,17.378,-4.36,-4.357,-4.36
0.0,-0.05,0.0,5.6972,4.9548,7.1963,1,3.1862,LOST,0.05,FORMATION_FOLLOW|GATE_PASS|FORMATION_RECOVERY,0,1,1,59.399,0.2,-2.834,4.132,20.395,15.573,17.38,-4.361,-4.358,-4.361
0.0,-0.05,0.0,5.6824,4.9473,7.1561,1,3.1543,LOST,0.05,FORMATION_FOLLOW|GATE_PASS|FORMATION_RECOVERY,0,1,1,59.499,0.203,-2.786,4.133,20.387,15.555,17.382,-4.361,-4.358,-4.361
0.0,-0.05,0.0,5.6677,4.939,7.116,1,3.1226,LOST,0.05,FORMATION_FOLLOW|GATE_PASS|FORMATION_RECOVERY,0,1,1,59.599,0.206,-2.739,4.133,20.379,15.537,17.384,-4.361,-4.358,-4.362
0.0,-0.05,0.0,5.6535,4.9301,7.0756,1,3.091,LOST,0.05,FORMATION_FOLLOW|GATE_PASS|FORMATION_RECOVERY,0,1,1,59.699,0.21,-2.691,4.134,20.371,15.518,17.386,-4.361,-4.358,-4.362
0.0,-0.05,0.0,5.6403,4.9215,7.0353,1,3.0593,LOST,0.05,FORMATION_FOLLOW|GATE_PASS|FORMATION_RECOVERY,0,1,1,59.799,0.214,-2.643,4.134,20.363,15.5,17.387,-4.361,-4.358,-4.362
0.0,-0.05,0.0,5.6279,4.9135,6.9953,1,3.0279,LOST,0.05,FORMATION_FOLLOW|GATE_PASS|FORMATION_RECOVERY,0,1,1,59.899,0.218,-2.596,4.135,20.355,15.481,17.388,-4.362,-4.358,-4.362
0.0,-0.05,0.0,5.6161,4.9061,6.9559,1,2.9966,LOST,0.05,FORMATION_FOLLOW|GATE_PASS|FORMATION_RECOVERY,0,1,1,59.999,0.222,-2.549,4.135,20.348,15.463,17.388,-4.362,-4.357,-4.362
0.0,-0.05,0.0,5.605,4.899,6.9168,1,2.9652,LOST,0.05,FORMATION_FOLLOW|GATE_PASS|FORMATION_RECOVERY,0,1,1,60.099,0.226,-2.502,4.136,20.34,15.444,17.389,-4.362,-4.357,-4.362
0.0,-0.05,0.0,5.5943,4.8923,6.8779,1,2.9339,LOST,0.05,FORMATION_FOLLOW|GATE_PASS|FORMATION_RECOVERY,0,1,1,60.199,0.229,-2.455,4.136,20.333,15.425,17.389,-4.362,-4.356,-4.362
0.0,-0.05,0.0,5.5839,4.8863,6.8393,1,2.9027,LOST,0.05,FORMATION_FOLLOW|GATE_PASS|FORMATION_RECOVERY,0,1,1,60.299,0.232,-2.409,4.137,20.326,15.406,17.389,-4.362,-4.355,-4.363
0.0,-0.05,0.0,5.5743,4.8808,6.801,1,2.8715,LOST,0.05,FORMATION_FOLLOW|GATE_PASS|FORMATION_RECOVERY,0,1,1,60.399,0.235,-2.362,4.138,20.32,15.387,17.389,-4.362,-4.355,-4.363
0.0,-0.05,0.0,5.5653,4.8763,6.7633,1,2.8405,LOST,0.05,FORMATION_FOLLOW|GATE_PASS|FORMATION_RECOVERY,0,1,1,60.499,0.237,-2.316,4.139,20.313,15.369,17.388,-4.363,-4.355,-4.363
0.0,-0.05,0.0,5.5569,4.8728,6.7262,1,2.8096,LOST,0.05,FORMATION_FOLLOW|GATE_PASS|FORMATION_RECOVERY,0,1,1,60.599,0.239,-2.27,4.14,20.308,15.35,17.387,-4.363,-4.355,-4.363
0.0,-0.05,0.0,5.5489,4.8696,6.6893,1,2.7787,LOST,0.05,FORMATION_FOLLOW|GATE_PASS|FORMATION_RECOVERY,0,1,1,60.699,0.241,-2.225,4.141,20.302,15.331,17.386,-4.363,-4.355,-4.363
0.0,-0.05,0.0,5.5413,4.8665,6.6527,1,2.7479,LOST,0.05,FORMATION_FOLLOW|GATE_PASS|FORMATION_RECOVERY,0,1,1,60.799,0.243,-2.179,4.142,20.297,15.313,17.385,-4.363,-4.356,-4.363
0.0,-0.05,0.0,5.5344,4.8634,6.616,1,2.7168,LOST,0.05,FORMATION_FOLLOW|GATE_PASS|FORMATION_RECOVERY,0,1,1,60.899,0.244,-2.134,4.143,20.291,15.294,17.385,-4.363,-4.357,-4.363
0.0,-0.05,0.0,5.5284,4.8604,6.5788,1,2.6851,LOST,0.05,FORMATION_FOLLOW|GATE_PASS|FORMATION_RECOVERY,0,1,1,60.999,0.246,-2.087,4.144,20.287,15.275,17.384,-4.363,-4.358,-4.363
0.0,-0.05,0.0,5.5232,4.8578,6.5417,1,2.6532,LOST,0.05,FORMATION_FOLLOW|GATE_PASS|FORMATION_RECOVERY,0,1,1,61.099,0.247,-2.041,4.145,20.283,15.256,17.384,-4.363,-4.359,-4.363
0.0,-0.05,0.0,5.5189,4.8558,6.5052,1,2.6213,LOST,0.05,FORMATION_FOLLOW|GATE_PASS|FORMATION_RECOVERY,0,1,1,61.199,0.248,-1.995,4.146,20.279,15.237,17.383,-4.362,-4.36,-4.363
0.0,-0.05,0.0,5.5155,4.8538,6.4685,1,2.5892,LOST,0.05,FORMATION_FOLLOW|GATE_PASS|FORMATION_RECOVERY,0,1,1,61.299,0.249,-1.949,4.146,20.276,15.218,17.383,-4.362,-4.362,-4.363
0.0,-0.05,0.0,5.5123,4.8518,6.4313,1,2.557,LOST,0.05,FORMATION_FOLLOW|GATE_PASS|FORMATION_RECOVERY,0,1,1,61.399,0.25,-1.903,4.147,20.273,15.199,17.382,-4.362,-4.363,-4.363
0.0,-0.05,0.0,5.5095,4.8503,6.394,1,2.5245,LOST,0.05,FORMATION_FOLLOW|GATE_PASS|FORMATION_RECOVERY,0,1,1,61.499,0.251,-1.856,4.147,20.271,15.18,17.382,-4.362,-4.363,-4.363
0.0,-0.05,0.0,5.5078,4.8488,6.357,1,2.4917,LOST,0.05,FORMATION_FOLLOW|GATE_PASS|FORMATION_RECOVERY,0,1,1,61.599,0.252,-1.809,4.147,20.269,15.161,17.382,-4.362,-4.364,-4.363
0.0,-0.05,0.0,5.5066,4.8476,6.32,1,2.4589,LOST,0.05,FORMATION_FOLLOW|GATE_PASS|FORMATION_RECOVERY,0,1,1,61.699,0.253,-1.762,4.148,20.267,15.142,17.381,-4.363,-4.365,-4.362
0.0,-0.05,0.0,5.5057,4.8463,6.2832,1,2.4263,LOST,0.05,FORMATION_FOLLOW|GATE_PASS|FORMATION_RECOVERY,0,1,1,61.799,0.253,-1.716,4.148,20.265,15.124,17.381,-4.363,-4.365,-4.362
0.0,-0.05,0.0,5.5055,4.8452,6.2468,1,2.3938,LOST,0.05,FORMATION_FOLLOW|GATE_PASS|FORMATION_RECOVERY,0,1,1,61.899,0.254,-1.67,4.148,20.264,15.105,17.38,-4.363,-4.366,-4.362
0.0,-0.05,0.0,5.5056,4.8439,6.2101,1,2.3614,LOST,0.05,FORMATION_FOLLOW|GATE_PASS|FORMATION_RECOVERY,0,1,1,61.999,0.255,-1.624,4.148,20.262,15.087,17.38,-4.364,-4.366,-4.362
0.0,-0.05,0.0,5.5066,4.8426,6.174,1,2.329,LOST,0.05,FORMATION_FOLLOW|GATE_PASS|FORMATION_RECOVERY,0,1,1,62.099,0.256,-1.578,4.148,20.261,15.068,17.379,-4.364,-4.366,-4.363
0.0,-0.05,0.0,5.5082,4.8414,6.1383,1,2.2969,LOST,0.05,FORMATION_FOLLOW|GATE_PASS|FORMATION_RECOVERY,0,1,1,62.199,0.257,-1.532,4.148,20.26,15.05,17.379,-4.364,-4.366,-4.363
0.0,-0.05,0.0,5.5103,4.8398,6.1027,1,2.2646,LOST,0.05,FORMATION_FOLLOW|GATE_PASS|FORMATION_RECOVERY,0,1,1,62.299,0.258,-1.486,4.148,20.259,15.031,17.379,-4.365,-4.366,-4.363
0.0,-0.05,0.0,5.5134,4.8384,6.0672,1,2.2317,LOST,0.05,FORMATION_FOLLOW|GATE_PASS|FORMATION_RECOVERY,0,1,1,62.399,0.259,-1.439,4.148,20.258,15.012,17.379,-4.365,-4.365,-4.362
0.0,-0.05,0.0,5.517,4.8372,6.0319,1,2.1989,LOST,0.05,FORMATION_FOLLOW|GATE_PASS|FORMATION_RECOVERY,0,1,1,62.499,0.26,-1.393,4.148,20.257,14.993,17.378,-4.366,-4.365,-4.362
0.0,-0.05,0.0,5.521,4.8363,5.9968,1,2.1661,LOST,0.05,FORMATION_FOLLOW|GATE_PASS|FORMATION_RECOVERY,0,1,1,62.599,0.261,-1.346,4.148,20.256,14.974,17.378,-4.366,-4.364,-4.362
0.0,-0.05,0.0,5.526,4.8361,5.9624,1,2.1333,LOST,0.05,FORMATION_FOLLOW|GATE_PASS|FORMATION_RECOVERY,0,1,1,62.699,0.262,-1.3,4.148,20.255,14.955,17.377,-4.366,-4.364,-4.361
0.0,-0.05,0.0,5.5317,4.836,5.9284,1,2.1008,LOST,0.05,FORMATION_FOLLOW|FORMATION_RECOVERY|FORMATION_RECOVERY,0,1,1,62.799,0.262,-1.254,4.149,20.255,14.935,17.377,-4.367,-4.363,-4.36
0.0,-0.05,0.0,5.5381,4.8358,5.8947,1,2.0683,LOST,0.05,FORMATION_FOLLOW|FORMATION_RECOVERY|FORMATION_RECOVERY,0,1,1,62.899,0.264,-1.208,4.149,20.255,14.916,17.376,-4.367,-4.363,-4.36
0.0,-0.05,0.0,5.5452,4.8367,5.8611,1,2.0363,LOST,0.05,FORMATION_FOLLOW|FORMATION_RECOVERY|FORMATION_RECOVERY,0,1,1,62.999,0.265,-1.162,4.15,20.254,14.896,17.373,-4.366,-4.362,-4.359
0.0,-0.05,0.0,5.5532,4.839,5.8274,1,2.0045,LOST,0.05,FORMATION_FOLLOW|FORMATION_RECOVERY|FORMATION_RECOVERY,0,1,1,63.099,0.266,-1.116,4.151,20.254,14.875,17.368,-4.366,-4.362,-4.358
0.0,-0.05,0.0,5.5621,4.8421,5.7934,1,1.9727,LOST,0.05,FORMATION_FOLLOW|FORMATION_RECOVERY|FORMATION_RECOVERY,0,1,1,63.199,0.267,-1.07,4.152,20.253,14.854,17.363,-4.366,-4.362,-4.358
0.0,-0.05,0.0,5.5717,4.8451,5.7591,1,1.9409,LOST,0.05,FORMATION_FOLLOW|FORMATION_RECOVERY|FORMATION_RECOVERY,0,1,1,63.299,0.269,-1.024,4.153,20.252,14.833,17.356,-4.365,-4.362,-4.357
0.0,-0.05,0.0,5.5818,4.8483,5.725,1,1.9094,LOST,0.05,FORMATION_FOLLOW|FORMATION_RECOVERY|FORMATION_RECOVERY,0,1,1,63.399,0.27,-0.979,4.153,20.252,14.811,17.348,-4.364,-4.361,-4.357
0.0,-0.05,0.0,5.5924,4.8513,5.6905,1,1.8778,LOST,0.05,FORMATION_FOLLOW|FORMATION_RECOVERY|FORMATION_RECOVERY,0,1,1,63.499,0.272,-0.933,4.154,20.251,14.79,17.341,-4.363,-4.362,-4.358
0.0,-0.05,0.0,5.6036,4.8543,5.6559,1,1.8463,LOST,0.05,FORMATION_FOLLOW|FORMATION_RECOVERY|FORMATION_RECOVERY,0,1,1,63.599,0.274,-0.887,4.154,20.25,14.768,17.332,-4.362,-4.362,-4.358
0.0,-0.05,0.0,5.6152,4.8577,5.6217,1,1.8149,LOST,0.05,FORMATION_FOLLOW|FORMATION_RECOVERY|FORMATION_RECOVERY,0,1,1,63.699,0.276,-0.842,4.154,20.249,14.746,17.324,-4.361,-4.362,-4.358
0.0,-0.05,0.0,5.6276,4.861,5.5882,1,1.7835,LOST,0.05,FORMATION_FOLLOW|FORMATION_RECOVERY|FORMATION_RECOVERY,0,1,1,63.799,0.278,-0.796,4.154,20.249,14.725,17.316,-4.361,-4.363,-4.358
0.0,-0.05,0.0,5.6422,4.8645,5.5561,1,1.7515,LOST,0.05,FORMATION_FOLLOW|FORMATION_RECOVERY|FORMATION_RECOVERY,0,1,1,63.899,0.279,-0.751,4.155,20.25,14.703,17.31,-4.36,-4.363,-4.358
0.0,-0.05,0.0,5.6578,4.8671,5.5246,1,1.7191,LOST,0.05,FORMATION_FOLLOW|FORMATION_RECOVERY|FORMATION_RECOVERY,0,1,1,63.999,0.281,-0.706,4.156,20.252,14.681,17.306,-4.36,-4.362,-4.358
0.0,-0.05,0.0,5.6736,4.8682,5.4936,1,1.6861,LOST,0.05,FORMATION_FOLLOW|FORMATION_RECOVERY|FORMATION_RECOVERY,0,1,1,64.099,0.283,-0.66,4.155,20.253,14.659,17.303,-4.359,-4.362,-4.359
0.0,-0.05,0.0,5.6889,4.8679,5.4632,1,1.6531,LOST,0.05,FORMATION_FOLLOW|FORMATION_RECOVERY|FORMATION_RECOVERY,0,1,1,64.199,0.285,-0.615,4.155,20.254,14.637,17.302,-4.359,-4.361,-4.359
0.0,-0.05,0.0,5.704,4.8663,5.4332,1,1.6197,LOST,0.05,FORMATION_FOLLOW|FORMATION_RECOVERY|FORMATION_RECOVERY,0,1,1,64.299,0.286,-0.569,4.154,20.255,14.615,17.301,-4.359,-4.361,-4.359
0.0,-0.05,0.0,5.7193,4.8637,5.4038,1,1.5859,LOST,0.05,FORMATION_FOLLOW|FORMATION_RECOVERY|FORMATION_RECOVERY,0,1,1,64.399,0.288,-0.523,4.152,20.255,14.593,17.302,-4.359,-4.36,-4.359
0.0,-0.05,0.0,5.7343,4.8608,5.3751,1,1.5522,LOST,0.05,FORMATION_FOLLOW|FORMATION_RECOVERY|FORMATION_RECOVERY,0,1,1,64.499,0.289,-0.478,4.151,20.255,14.572,17.304,-4.359,-4.36,-4.359
0.0,-0.05,0.0,5.7496,4.8579,5.3472,1,1.5188,LOST,0.05,FORMATION_FOLLOW|FORMATION_RECOVERY|FORMATION_RECOVERY,0,1,1,64.599,0.29,-0.432,4.151,20.255,14.551,17.306,-4.359,-4.361,-4.359
0.0,-0.05,0.0,5.765,4.8559,5.3192,1,1.486,LOST,0.05,FORMATION_FOLLOW|FORMATION_RECOVERY|FORMATION_RECOVERY,0,1,1,64.699,0.291,-0.387,4.15,20.254,14.529,17.306,-4.36,-4.361,-4.359
0.0,-0.05,0.0,5.7798,4.8535,5.2912,1,1.4532,LOST,0.05,FORMATION_FOLLOW|FORMATION_RECOVERY|FORMATION_RECOVERY,0,1,1,64.799,0.293,-0.342,4.149,20.254,14.509,17.306,-4.36,-4.361,-4.359
0.0,-0.05,0.0,5.7947,4.8501,5.2636,1,1.4202,LOST,0.05,FORMATION_FOLLOW|FORMATION_RECOVERY|FORMATION_RECOVERY,0,1,1,64.899,0.293,-0.297,4.148,20.252,14.488,17.308,-4.36,-4.362,-4.358
0.0,-0.05,0.0,5.81,4.8464,5.2366,1,1.3869,LOST,0.05,FORMATION_FOLLOW|FORMATION_RECOVERY|FORMATION_RECOVERY,0,1,1,64.999,0.295,-0.252,4.146,20.251,14.467,17.31,-4.36,-4.363,-4.359
0.0,-0.05,0.0,5.8261,4.8424,5.2097,1,1.3535,LOST,0.05,FORMATION_FOLLOW|FORMATION_RECOVERY|FORMATION_RECOVERY,0,1,1,65.099,0.296,-0.206,4.145,20.251,14.446,17.312,-4.359,-4.363,-4.359
0.0,-0.05,0.0,5.8429,4.8383,5.1831,1,1.3201,LOST,0.05,FORMATION_FOLLOW|FORMATION_RECOVERY|FORMATION_RECOVERY,0,1,1,65.199,0.298,-0.16,4.143,20.25,14.425,17.314,-4.359,-4.363,-4.359
0.0,-0.05,0.0,5.8603,4.8337,5.1572,1,1.2866,LOST,0.05,FORMATION_FOLLOW|FORMATION_RECOVERY|FORMATION_RECOVERY,0,1,1,65.299,0.299,-0.115,4.141,20.25,14.404,17.316,-4.359,-4.363,-4.36
0.0,-0.05,0.0,5.8784,4.8288,5.1318,1,1.2529,LOST,0.05,FORMATION_FOLLOW|FORMATION_RECOVERY|FORMATION_RECOVERY,0,1,1,65.399,0.301,-0.069,4.139,20.249,14.382,17.319,-4.359,-4.363,-4.36
0.0,-0.05,0.0,5.8969,4.824,5.1066,1,1.2189,LOST,0.05,FORMATION_FOLLOW|FORMATION_RECOVERY|FORMATION_RECOVERY,0,1,1,65.499,0.303,-0.024,4.137,20.248,14.36,17.321,-4.359,-4.363,-4.36
0.0,-0.05,0.0,5.9178,4.8211,5.0815,1,1.1844,LOST,0.05,FORMATION_FOLLOW|FORMATION_RECOVERY|FORMATION_RECOVERY,0,1,1,65.599,0.304,0.022,4.135,20.249,14.338,17.322,-4.358,-4.362,-4.361
0.0,-0.05,0.0,5.9419,4.8201,5.0569,1,1.1494,LOST,0.05,FORMATION_FOLLOW|FORMATION_RECOVERY|FORMATION_RECOVERY,0,1,1,65.699,0.305,0.068,4.133,20.253,14.316,17.324,-4.358,-4.363,-4.361
0.0,-0.05,0.0,5.9682,4.8203,5.0325,1,1.1144,LOST,0.05,FORMATION_FOLLOW|FORMATION_RECOVERY|FORMATION_RECOVERY,0,1,1,65.799,0.306,0.113,4.13,20.259,14.294,17.325,-4.358,-4.363,-4.362
0.0,-0.05,0.0,5.9964,4.8216,5.0091,1,1.079,LOST,0.05,FORMATION_FOLLOW|FORMATION_RECOVERY|FORMATION_RECOVERY,0,1,1,65.899,0.306,0.158,4.128,20.266,14.271,17.326,-4.357,-4.363,-4.362
0.0,-0.05,0.0,6.0263,4.8236,4.9863,1,1.0431,LOST,0.05,FORMATION_FOLLOW|FORMATION_RECOVERY|FORMATION_RECOVERY,0,1,1,65.999,0.307,0.204,4.126,20.274,14.249,17.328,-4.357,-4.363,-4.362
0.0,-0.05,0.0,6.0573,4.8262,4.964,1,1.0071,LOST,0.05,FORMATION_FOLLOW|FORMATION_RECOVERY|FORMATION_RECOVERY,0,1,1,66.099,0.307,0.249,4.124,20.283,14.226,17.329,-4.356,-4.363,-4.362
0.0,-0.05,0.0,6.089,4.8299,4.9416,1,0.9714,LOST,0.05,FORMATION_FOLLOW|FORMATION_RECOVERY|FORMATION_RECOVERY,0,1,1,66.199,0.307,0.294,4.122,20.293,14.204,17.33,-4.355,-4.363,-4.361
0.0,-0.05,0.0,6.1214,4.8349,4.9195,1,0.9358,LOST,0.05,FORMATION_FOLLOW|FORMATION_RECOVERY|FORMATION_RECOVERY,0,1,1,66.299,0.307,0.339,4.12,20.303,14.182,17.33,-4.355,-4.362,-4.361
0.0,-0.05,0.0,6.1545,4.8409,4.8982,1,0.9005,LOST,0.05,FORMATION_FOLLOW|FORMATION_RECOVERY|FORMATION_RECOVERY,0,1,1,66.399,0.306,0.384,4.118,20.313,14.159,17.329,-4.354,-4.362,-4.361
0.0,-0.05,0.0,6.188,4.8472,4.8775,1,0.8653,LOST,0.05,FORMATION_FOLLOW|FORMATION_RECOVERY|FORMATION_RECOVERY,0,1,1,66.499,0.306,0.428,4.117,20.323,14.137,17.328,-4.354,-4.363,-4.361
0.0,-0.05,0.0,6.2218,4.8531,4.8578,1,0.8305,LOST,0.05,FORMATION_FOLLOW|FORMATION_RECOVERY|FORMATION_RECOVERY,0,1,1,66.599,0.306,0.472,4.116,20.333,14.114,17.327,-4.353,-4.363,-4.361
0.0,-0.05,0.0,6.2556,4.8586,4.8386,1,0.7956,LOST,0.05,FORMATION_FOLLOW|FORMATION_RECOVERY|FORMATION_RECOVERY,0,1,1,66.699,0.306,0.517,4.115,20.342,14.09,17.326,-4.353,-4.363,-4.362
0.0,-0.05,0.0,6.2891,4.8634,4.8198,1,0.7609,LOST,0.05,FORMATION_FOLLOW|FORMATION_RECOVERY|FORMATION_RECOVERY,0,1,1,66.799,0.307,0.561,4.113,20.351,14.067,17.324,-4.353,-4.363,-4.362
0.0,-0.05,0.0,6.3219,4.8677,4.8017,1,0.7266,LOST,0.05,FORMATION_FOLLOW|FORMATION_RECOVERY|FORMATION_RECOVERY,0,1,1,66.899,0.307,0.605,4.112,20.358,14.043,17.323,-4.353,-4.362,-4.361
0.0,-0.05,0.0,6.3536,4.8711,4.7841,1,0.6926,LOST,0.05,FORMATION_FOLLOW|FORMATION_RECOVERY|FORMATION_RECOVERY,0,1,1,66.999,0.308,0.649,4.111,20.364,14.02,17.321,-4.353,-4.362,-4.361
0.0,-0.05,0.0,6.3842,4.8736,4.7674,1,0.6593,LOST,0.05,FORMATION_FOLLOW|FORMATION_RECOVERY|FORMATION_RECOVERY,0,1,1,67.099,0.309,0.692,4.11,20.369,13.997,17.32,-4.352,-4.362,-4.361
0.0,-0.05,0.0,6.4141,4.875,4.752,1,0.6267,LOST,0.05,FORMATION_FOLLOW|FORMATION_RECOVERY|FORMATION_RECOVERY,0,1,1,67.199,0.31,0.734,4.109,20.374,13.974,17.319,-4.353,-4.361,-4.361
0.0,-0.05,0.0,6.4429,4.8755,4.7377,1,0.595,LOST,0.05,FORMATION_FOLLOW|FORMATION_RECOVERY|FORMATION_RECOVERY,0,1,1,67.299,0.311,0.775,4.108,20.377,13.951,17.319,-4.353,-4.361,-4.361
0.0,-0.05,0.0,6.4707,4.8752,4.7248,1,0.5641,LOST,0.05,FORMATION_FOLLOW|FORMATION_RECOVERY|FORMATION_RECOVERY,0,1,1,67.399,0.311,0.815,4.106,20.38,13.929,17.319,-4.353,-4.362,-4.361
0.0,-0.05,0.0,6.4974,4.8746,4.7131,1,0.5344,LOST,0.05,FORMATION_FOLLOW|FORMATION_RECOVERY|FORMATION_RECOVERY,0,1,1,67.499,0.312,0.853,4.105,20.383,13.908,17.32,-4.354,-4.362,-4.361
0.0,-0.05,0.0,6.5226,4.8734,4.7028,1,0.5062,LOST,0.05,FORMATION_FOLLOW|FORMATION_RECOVERY|FORMATION_RECOVERY,0,1,1,67.599,0.313,0.89,4.103,20.385,13.888,17.321,-4.356,-4.362,-4.361
0.0,-0.05,0.0,6.5465,4.8716,4.6938,1,0.4794,RECOVERING,0.05,FORMATION_FOLLOW|FORMATION_RECOVERY|FORMATION_RECOVERY,0,1,1,67.699,0.315,0.924,4.102,20.387,13.869,17.323,-4.357,-4.362,-4.361
0.0,-0.05,0.0,6.5692,4.8695,4.6857,1,0.4538,RECOVERING,0.05,FORMATION_FOLLOW|FORMATION_RECOVERY|FORMATION_RECOVERY,0,1,1,67.799,0.316,0.957,4.101,20.388,13.85,17.325,-4.358,-4.362,-4.36
0.0,-0.05,0.0,6.5902,4.8671,4.6781,1,0.4297,RECOVERING,0.05,FORMATION_FOLLOW|FORMATION_RECOVERY|FORMATION_RECOVERY,0,1,1,67.899,0.317,0.989,4.1,20.389,13.833,17.326,-4.359,-4.362,-4.36
0.0,-0.05,0.0,6.6099,4.8647,4.6713,1,0.4071,RECOVERING,0.05,FORMATION_FOLLOW|FORMATION_RECOVERY|FORMATION_RECOVERY,0,1,1,67.999,0.318,1.018,4.099,20.39,13.817,17.328,-4.359,-4.362,-4.36
0.0,-0.05,0.0,6.6283,4.8619,4.6652,1,0.3859,RECOVERING,0.05,FORMATION_FOLLOW|FORMATION_RECOVERY|FORMATION_RECOVERY,0,1,1,68.099,0.32,1.045,4.098,20.39,13.801,17.33,-4.36,-4.362,-4.359
0.0,-0.05,0.0,6.6457,4.8591,4.6598,1,0.3659,RECOVERING,0.05,FORMATION_FOLLOW|FORMATION_RECOVERY|FORMATION_RECOVERY,0,1,1,68.199,0.321,1.071,4.096,20.39,13.787,17.331,-4.361,-4.362,-4.359
0.0,-0.05,0.0,6.6626,4.8564,4.6556,1,0.3469,RECOVERING,0.05,FORMATION_FOLLOW|FORMATION_RECOVERY|FORMATION_RECOVERY,0,1,1,68.299,0.322,1.096,4.095,20.39,13.772,17.333,-4.362,-4.362,-4.359
0.0,-0.05,0.0,6.679,4.8532,4.6528,1,0.3286,RECOVERING,0.05,FORMATION_FOLLOW|FORMATION_RECOVERY|FORMATION_RECOVERY,0,1,1,68.399,0.323,1.119,4.094,20.389,13.758,17.335,-4.363,-4.362,-4.359
0.0,-0.05,0.0,6.6955,4.8497,4.6513,1,0.311,RECOVERING,0.05,FORMATION_FOLLOW|FORMATION_RECOVERY|FORMATION_FOLLOW,0,1,1,68.499,0.324,1.14,4.093,20.388,13.743,17.336,-4.363,-4.362,-4.36
0.0,-0.05,0.0,6.7115,4.8461,4.6504,1,0.2939,RECOVERING,0.05,FORMATION_FOLLOW|FORMATION_RECOVERY|FORMATION_FOLLOW,0,1,1,68.599,0.325,1.161,4.092,20.387,13.728,17.338,-4.364,-4.363,-4.36
0.0,-0.05,0.0,6.7266,4.8423,4.6497,1,0.2777,RECOVERING,0.05,FORMATION_FOLLOW|FORMATION_RECOVERY|FORMATION_FOLLOW,0,1,1,68.699,0.326,1.18,4.091,20.385,13.713,17.34,-4.364,-4.363,-4.36
0.0,-0.05,0.0,6.7408,4.8381,4.6501,1,0.2626,RECOVERING,0.05,FORMATION_FOLLOW|FORMATION_RECOVERY|FORMATION_FOLLOW,0,1,1,68.799,0.327,1.198,4.089,20.384,13.699,17.341,-4.365,-4.364,-4.36
0.0,-0.05,0.0,6.7539,4.8336,4.6515,1,0.2497,RECOVERING,0.05,FORMATION_FOLLOW|FORMATION_RECOVERY|FORMATION_FOLLOW,0,1,1,68.899,0.329,1.215,4.088,20.382,13.686,17.344,-4.365,-4.365,-4.36
0.0,-0.05,0.0,6.7656,4.8293,4.6524,1,0.2417,RECOVERING,0.05,FORMATION_FOLLOW|FORMATION_RECOVERY|FORMATION_FOLLOW,0,1,1,68.999,0.33,1.23,4.087,20.38,13.674,17.346,-4.366,-4.365,-4.36
0.0,-0.05,0.0,6.7765,4.8249,4.6535,1,0.2343,RECOVERING,0.05,FORMATION_FOLLOW|FORMATION_RECOVERY|FORMATION_FOLLOW,0,1,1,69.099,0.331,1.244,4.086,20.377,13.663,17.348,-4.366,-4.366,-4.359
0.0,-0.05,0.0,6.7865,4.8203,4.6549,1,0.2271,RECOVERING,0.05,FORMATION_FOLLOW|FORMATION_RECOVERY|FORMATION_FOLLOW,0,1,1,69.199,0.332,1.258,4.085,20.375,13.652,17.35,-4.366,-4.366,-4.359
0.0,-0.05,0.0,6.7963,4.8158,4.6561,1,0.2202,RECOVERING,0.05,FORMATION_FOLLOW|FORMATION_RECOVERY|FORMATION_FOLLOW,0,1,1,69.299,0.334,1.27,4.084,20.373,13.642,17.352,-4.367,-4.366,-4.359
0.0,-0.05,0.0,6.8056,4.8115,4.6573,1,0.2136,RECOVERING,0.05,FORMATION_FOLLOW|FORMATION_RECOVERY|FORMATION_FOLLOW,0,1,1,69.399,0.336,1.283,4.083,20.371,13.632,17.353,-4.367,-4.366,-4.359
0.0,-0.05,0.0,6.8141,4.8073,4.6586,1,0.2077,RECOVERING,0.05,FORMATION_FOLLOW|FORMATION_RECOVERY|FORMATION_FOLLOW,0,1,1,69.499,0.337,1.294,4.082,20.369,13.623,17.355,-4.367,-4.366,-4.359
0.0,-0.05,0.0,6.8217,4.8036,4.66,1,0.2024,RECOVERING,0.05,FORMATION_FOLLOW|FORMATION_RECOVERY|FORMATION_FOLLOW,0,1,1,69.599,0.339,1.304,4.082,20.367,13.614,17.356,-4.367,-4.366,-4.359
0.0,-0.05,0.0,6.8291,4.8004,4.6613,1,0.1975,RECOVERING,0.05,FORMATION_FOLLOW|FORMATION_RECOVERY|FORMATION_FOLLOW,0,1,1,69.699,0.341,1.314,4.081,20.365,13.606,17.357,-4.366,-4.365,-4.358
0.0,-0.05,0.0,6.8356,4.7969,4.6621,1,0.1926,OK,0.05,FORMATION_FOLLOW|FORMATION_RECOVERY|FORMATION_FOLLOW,0,1,1,69.799,0.342,1.324,4.081,20.363,13.599,17.358,-4.366,-4.365,-4.358
0.0,-0.05,0.0,6.8413,4.7933,4.6625,1,0.1878,OK,0.05,FORMATION_FOLLOW|FORMATION_RECOVERY|FORMATION_FOLLOW,0,1,1,69.899,0.343,1.333,4.08,20.361,13.591,17.359,-4.366,-4.364,-4.357
0.0,-0.05,0.0,6.8459,4.7893,4.6627,1,0.1832,OK,0.05,FORMATION_FOLLOW|FORMATION_RECOVERY|FORMATION_FOLLOW,0,1,1,69.999,0.345,1.342,4.079,20.358,13.585,17.36,-4.365,-4.364,-4.356
0.0,-0.05,0.0,6.85,4.7855,4.6629,1,0.179,OK,0.05,FORMATION_FOLLOW|FORMATION_RECOVERY|FORMATION_FOLLOW,0,1,1,70.099,0.346,1.35,4.079,20.355,13.579,17.36,-4.365,-4.364,-4.356
0.0,-0.05,0.0,6.8542,4.7823,4.6626,1,0.1751,OK,0.05,FORMATION_FOLLOW|FORMATION_RECOVERY|FORMATION_FOLLOW,0,1,1,70.199,0.347,1.358,4.078,20.353,13.573,17.36,-4.364,-4.364,-4.355
0.0,-0.05,0.0,6.8585,4.7794,4.6623,1,0.1713,OK,0.05,FORMATION_FOLLOW|FORMATION_RECOVERY|FORMATION_FOLLOW,0,1,1,70.299,0.349,1.366,4.078,20.351,13.568,17.361,-4.364,-4.364,-4.355
0.0,-0.05,0.0,6.8625,4.7764,4.6619,1,0.1675,OK,0.05,FORMATION_FOLLOW|FORMATION_RECOVERY|FORMATION_FOLLOW,0,1,1,70.399,0.351,1.373,4.077,20.349,13.563,17.361,-4.364,-4.363,-4.355
0.0,-0.05,0.0,6.8669,4.7742,4.6612,1,0.1642,OK,0.05,FORMATION_FOLLOW|FORMATION_RECOVERY|FORMATION_FOLLOW,0,1,1,70.499,0.353,1.38,4.077,20.348,13.558,17.36,-4.363,-4.362,-4.354
0.0,-0.05,0.0,6.8709,4.7722,4.6608,1,0.1611,OK,0.05,FORMATION_FOLLOW|FORMATION_RECOVERY|FORMATION_FOLLOW,0,1,1,70.599,0.355,1.387,4.077,20.346,13.554,17.36,-4.363,-4.362,-4.354
0.0,-0.05,0.0,6.8747,4.7699,4.6604,1,0.1579,OK,0.05,FORMATION_FOLLOW|FORMATION_FOLLOW|FORMATION_FOLLOW,0,1,1,70.699,0.357,1.394,4.077,20.345,13.549,17.36,-4.362,-4.362,-4.353
0.0,-0.05,0.0,6.8773,4.7672,4.6596,1,0.1549,OK,0.05,FORMATION_FOLLOW|FORMATION_FOLLOW|FORMATION_FOLLOW,0,1,1,70.799,0.358,1.4,4.076,20.343,13.545,17.359,-4.361,-4.362,-4.353
0.0,-0.05,0.0,6.8785,4.7644,4.6587,1,0.1522,OK,0.05,FORMATION_FOLLOW|FORMATION_FOLLOW|FORMATION_FOLLOW,0,1,1,70.899,0.36,1.406,4.076,20.34,13.542,17.359,-4.361,-4.363,-4.353
0.0,-0.05,0.0,6.8785,4.7615,4.6575,1,0.1497,OK,0.05,FORMATION_FOLLOW|FORMATION_FOLLOW|FORMATION_FOLLOW,0,1,1,70.999,0.362,1.411,4.076,20.337,13.539,17.358,-4.36,-4.363,-4.353
0.0,-0.05,0.0,6.8788,4.7589,4.6561,1,0.1474,OK,0.05,FORMATION_FOLLOW|FORMATION_FOLLOW|FORMATION_FOLLOW,0,1,1,71.099,0.364,1.416,4.076,20.334,13.536,17.357,-4.36,-4.364,-4.353
0.0,-0.05,0.0,6.8794,4.7564,4.6549,1,0.1451,OK,0.05,FORMATION_FOLLOW|FORMATION_FOLLOW|FORMATION_FOLLOW,0,1,1,71.199,0.366,1.42,4.076,20.331,13.533,17.356,-4.359,-4.364,-4.354
0.0,-0.05,0.0,6.8804,4.754,4.6538,1,0.1428,OK,0.05,FORMATION_FOLLOW|FORMATION_FOLLOW|FORMATION_FOLLOW,0,1,1,71.299,0.368,1.425,4.077,20.329,13.53,17.354,-4.359,-4.365,-4.354
0.0,-0.05,0.0,6.8816,4.7523,4.6521,1,0.1406,OK,0.05,FORMATION_FOLLOW|FORMATION_FOLLOW|FORMATION_FOLLOW,0,1,1,71.399,0.37,1.429,4.077,20.327,13.527,17.353,-4.359,-4.365,-4.355
0.0,-0.05,0.0,6.8821,4.751,4.6504,1,0.1388,OK,0.05,FORMATION_FOLLOW|FORMATION_FOLLOW|FORMATION_FOLLOW,0,1,1,71.499,0.371,1.433,4.077,20.324,13.525,17.351,-4.359,-4.366,-4.355
0.0,-0.05,0.0,6.8821,4.7496,4.6487,1,0.1372,OK,0.05,FORMATION_FOLLOW|FORMATION_FOLLOW|FORMATION_FOLLOW,0,1,1,71.599,0.372,1.437,4.077,20.322,13.523,17.35,-4.359,-4.366,-4.355
0.0,-0.05,0.0,6.8826,4.748,4.647,1,0.1353,OK,0.05,FORMATION_FOLLOW|FORMATION_FOLLOW|FORMATION_FOLLOW,0,1,1,71.699,0.373,1.441,4.076,20.32,13.521,17.349,-4.359,-4.366,-4.356
0.0,-0.05,0.0,6.8833,4.7464,4.6455,1,0.1333,OK,0.05,FORMATION_FOLLOW|FORMATION_FOLLOW|FORMATION_FOLLOW,0,1,1,71.799,0.374,1.445,4.076,20.318,13.519,17.348,-4.359,-4.366,-4.356
0.0,-0.05,0.0,6.8844,4.7449,4.6442,1,0.1313,OK,0.05,FORMATION_FOLLOW|FORMATION_FOLLOW|FORMATION_FOLLOW,0,1,1,71.899,0.375,1.449,4.076,20.317,13.517,17.347,-4.358,-4.366,-4.357
0.0,-0.05,0.0,6.8856,4.7437,4.6431,1,0.1296,OK,0.05,FORMATION_FOLLOW|FORMATION_FOLLOW|FORMATION_FOLLOW,0,1,1,71.999,0.376,1.453,4.076,20.316,13.515,17.347,-4.358,-4.366,-4.357
0.0,-0.05,0.0,6.8864,4.7424,4.6417,1,0.1279,OK,0.05,FORMATION_FOLLOW|FORMATION_FOLLOW|FORMATION_FOLLOW,0,1,1,72.099,0.377,1.457,4.076,20.315,13.513,17.346,-4.359,-4.366,-4.357
0.0,-0.05,0.0,6.8872,4.7413,4.6403,1,0.1263,OK,0.05,FORMATION_FOLLOW|FORMATION_FOLLOW|FORMATION_FOLLOW,0,1,1,72.199,0.379,1.461,4.076,20.313,13.512,17.345,-4.359,-4.365,-4.358
0.0,-0.05,0.0,6.888,4.7405,4.6391,1,0.1249,OK,0.05,FORMATION_FOLLOW|FORMATION_FOLLOW|FORMATION_FOLLOW,0,1,1,72.299,0.379,1.464,4.076,20.312,13.51,17.345,-4.358,-4.365,-4.358
0.0,-0.05,0.0,6.8891,4.7397,4.6378,1,0.1234,OK,0.05,FORMATION_FOLLOW|FORMATION_FOLLOW|FORMATION_FOLLOW,0,1,1,72.399,0.38,1.468,4.075,20.311,13.509,17.344,-4.358,-4.364,-4.358
0.0,-0.05,0.0,6.8902,4.739,4.6363,1,0.122,OK,0.05,FORMATION_FOLLOW|FORMATION_FOLLOW|FORMATION_FOLLOW,0,1,1,72.499,0.38,1.471,4.075,20.311,13.507,17.343,-4.359,-4.364,-4.358
0.0,-0.05,0.0,6.8918,4.7387,4.6354,1,0.1207,OK,0.05,FORMATION_FOLLOW|FORMATION_FOLLOW|FORMATION_FOLLOW,0,1,1,72.599,0.381,1.474,4.075,20.31,13.506,17.342,-4.359,-4.364,-4.358
0.0,-0.05,0.0,6.8936,4.7384,4.6352,1,0.1197,OK,0.05,FORMATION_FOLLOW|FORMATION_FOLLOW|FORMATION_FOLLOW,0,1,1,72.699,0.381,1.476,4.075,20.31,13.504,17.342,-4.359,-4.363,-4.358
0.0,-0.05,0.0,6.8953,4.7383,4.6347,1,0.1187,OK,0.05,FORMATION_FOLLOW|FORMATION_FOLLOW|FORMATION_FOLLOW,0,1,1,72.799,0.382,1.479,4.075,20.31,13.503,17.342,-4.359,-4.363,-4.358
0.0,-0.05,0.0,6.897,4.7387,4.6341,1,0.1179,OK,0.05,FORMATION_FOLLOW|FORMATION_FOLLOW|FORMATION_FOLLOW,0,1,1,72.899,0.382,1.482,4.076,20.31,13.501,17.342,-4.36,-4.363,-4.358
0.0,-0.05,0.0,6.8988,4.7393,4.6337,1,0.1173,OK,0.05,FORMATION_FOLLOW|FORMATION_FOLLOW|FORMATION_FOLLOW,0,1,1,72.999,0.382,1.485,4.076,20.309,13.499,17.341,-4.36,-4.363,-4.358
0.0,-0.05,0.0,6.9007,4.7397,4.6337,1,0.1168,OK,0.05,FORMATION_FOLLOW|FORMATION_FOLLOW|FORMATION_FOLLOW,0,1,1,73.099,0.382,1.488,4.077,20.309,13.498,17.341,-4.36,-4.363,-4.358
0.0,-0.05,0.0,6.9026,4.7398,4.6344,1,0.1163,OK,0.05,FORMATION_FOLLOW|FORMATION_FOLLOW|FORMATION_FOLLOW,0,1,1,73.199,0.382,1.491,4.078,20.309,13.496,17.341,-4.36,-4.363,-4.358
0.0,-0.05,0.0,6.9045,4.7398,4.6351,1,0.1158,OK,0.05,FORMATION_FOLLOW|FORMATION_FOLLOW|FORMATION_FOLLOW,0,1,1,73.299,0.382,1.493,4.078,20.309,13.494,17.341,-4.36,-4.362,-4.357
0.0,-0.05,0.0,6.9067,4.7395,4.6357,1,0.1151,OK,0.05,FORMATION_FOLLOW|FORMATION_FOLLOW|FORMATION_FOLLOW,0,1,1,73.399,0.383,1.495,4.078,20.309,13.493,17.342,-4.361,-4.362,-4.357
0.0,-0.05,0.0,6.9088,4.7391,4.6364,1,0.1143,OK,0.05,FORMATION_FOLLOW|FORMATION_FOLLOW|FORMATION_FOLLOW,0,1,1,73.499,0.383,1.497,4.078,20.309,13.491,17.342,-4.361,-4.362,-4.357
0.0,-0.05,0.0,6.9103,4.7388,4.6365,1,0.1135,OK,0.05,FORMATION_FOLLOW|FORMATION_FOLLOW|FORMATION_FOLLOW,0,1,1,73.599,0.383,1.499,4.078,20.309,13.49,17.343,-4.362,-4.362,-4.357
0.0,-0.05,0.0,6.912,4.7387,4.6363,1,0.1128,OK,0.05,FORMATION_FOLLOW|FORMATION_FOLLOW|FORMATION_FOLLOW,0,1,1,73.699,0.383,1.5,4.078,20.31,13.489,17.343,-4.362,-4.362,-4.357
0.0,-0.05,0.0,6.9137,4.7389,4.6361,1,0.1121,OK,0.05,FORMATION_FOLLOW|FORMATION_FOLLOW|FORMATION_FOLLOW,0,1,1,73.799,0.383,1.502,4.077,20.31,13.487,17.342,-4.362,-4.362,-4.357
0.0,-0.05,0.0,6.9147,4.7386,4.6361,1,0.1115,OK,0.05,FORMATION_FOLLOW|FORMATION_FOLLOW|FORMATION_FOLLOW,0,1,1,73.899,0.382,1.503,4.077,20.309,13.486,17.343,-4.362,-4.363,-4.357
0.0,-0.05,0.0,6.9156,4.7375,4.6361,1,0.1106,OK,0.05,FORMATION_FOLLOW|FORMATION_FOLLOW|FORMATION_FOLLOW,0,1,1,73.999,0.382,1.505,4.076,20.309,13.485,17.343,-4.363,-4.363,-4.357
0.0,-0.05,0.0,6.9169,4.7359,4.6363,1,0.1105,OK,0.05,FORMATION_FOLLOW|FORMATION_FOLLOW|FORMATION_FOLLOW,0,1,1,74.099,0.383,1.507,4.075,20.309,13.484,17.343,-4.363,-4.363,-4.358
0.0,-0.05,0.0,6.9184,4.7342,4.6364,1,0.1105,OK,0.05,FORMATION_FOLLOW|FORMATION_FOLLOW|FORMATION_FOLLOW,0,1,1,74.199,0.383,1.509,4.074,20.308,13.482,17.344,-4.363,-4.363,-4.358
0.0,-0.05,0.0,6.9198,4.7324,4.6364,1,0.1105,OK,0.05,FORMATION_FOLLOW|FORMATION_FOLLOW|FORMATION_FOLLOW,0,1,1,74.299,0.384,1.511,4.073,20.308,13.481,17.344,-4.364,-4.363,-4.358
0.0,-0.05,0.0,6.9211,4.7304,4.6366,1,0.1102,OK,0.05,FORMATION_FOLLOW|FORMATION_FOLLOW|FORMATION_FOLLOW,0,1,1,74.399,0.384,1.512,4.072,20.308,13.479,17.345,-4.364,-4.364,-4.358
0.0,-0.05,0.0,6.9221,4.7283,4.6367,1,0.1097,OK,0.05,FORMATION_FOLLOW|FORMATION_FOLLOW|FORMATION_FOLLOW,0,1,1,74.499,0.386,1.514,4.071,20.307,13.478,17.345,-4.364,-4.364,-4.358
0.0,-0.05,0.0,6.9225,4.726,4.6368,1,0.1094,OK,0.05,FORMATION_FOLLOW|FORMATION_FOLLOW|FORMATION_FOLLOW,0,1,1,74.599,0.387,1.516,4.071,20.306,13.476,17.346,-4.364,-4.363,-4.357
0.0,-0.05,0.0,6.9226,4.7238,4.6373,1,0.1092,OK,0.05,FORMATION_FOLLOW|FORMATION_FOLLOW|FORMATION_FOLLOW,0,1,1,74.699,0.388,1.517,4.071,20.305,13.475,17.346,-4.363,-4.363,-4.357
0.0,-0.05,0.0,6.9228,4.7217,4.6379,1,0.109,OK,0.05,FORMATION_FOLLOW|FORMATION_FOLLOW|FORMATION_FOLLOW,0,1,1,74.799,0.39,1.519,4.071,20.304,13.474,17.347,-4.363,-4.363,-4.357
0.0,-0.05,0.0,6.9234,4.7199,4.6383,1,0.1089,OK,0.05,FORMATION_FOLLOW|FORMATION_FOLLOW|FORMATION_FOLLOW,0,1,1,74.899,0.391,1.52,4.07,20.303,13.473,17.347,-4.363,-4.362,-4.356
0.0,-0.05,0.0,6.9238,4.7186,4.6384,1,0.109,OK,0.05,FORMATION_FOLLOW|FORMATION_FOLLOW|FORMATION_FOLLOW,0,1,1,74.999,0.391,1.522,4.07,20.303,13.472,17.348,-4.362,-4.361,-4.356
0.0,-0.05,0.0,6.9238,4.7177,4.6381,1,0.109,OK,0.05,FORMATION_FOLLOW|FORMATION_FOLLOW|FORMATION_FOLLOW,0,1,1,75.099,0.392,1.523,4.07,20.302,13.471,17.348,-4.362,-4.36,-4.355
0.0,-0.05,0.0,6.9238,4.717,4.6378,1,0.109,OK,0.05,FORMATION_FOLLOW|FORMATION_FOLLOW|FORMATION_FOLLOW,0,1,1,75.199,0.393,1.524,4.07,20.302,13.471,17.347,-4.361,-4.36,-4.355
0.0,-0.05,0.0,6.9241,4.7166,4.6373,1,0.1088,OK,0.05,FORMATION_FOLLOW|FORMATION_FOLLOW|FORMATION_FOLLOW,0,1,1,75.299,0.393,1.525,4.07,20.301,13.47,17.347,-4.361,-4.359,-4.354
0.0,-0.05,0.0,6.9242,4.7163,4.6368,1,0.1087,OK,0.05,FORMATION_FOLLOW|FORMATION_FOLLOW|FORMATION_FOLLOW,0,1,1,75.399,0.394,1.526,4.07,20.301,13.47,17.346,-4.36,-4.359,-4.354
0.0,-0.05,0.0,6.9244,4.7161,4.6366,1,0.1089,OK,0.05,FORMATION_FOLLOW|FORMATION_FOLLOW|FORMATION_FOLLOW,0,1,1,75.499,0.394,1.526,4.07,20.3,13.469,17.346,-4.36,-4.359,-4.354
0.0,-0.05,0.0,6.9249,4.7161,4.6366,1,0.1092,OK,0.05,FORMATION_FOLLOW|FORMATION_FOLLOW|FORMATION_FOLLOW,0,1,1,75.599,0.394,1.527,4.07,20.3,13.468,17.346,-4.36,-4.359,-4.353
0.0,-0.05,0.0,6.9254,4.7165,4.6366,1,0.1096,OK,0.05,FORMATION_FOLLOW|FORMATION_FOLLOW|FORMATION_FOLLOW,0,1,1,75.699,0.393,1.528,4.07,20.3,13.468,17.345,-4.36,-4.358,-4.353
0.0,-0.05,0.0,6.9256,4.7166,4.6367,1,0.1101,OK,0.05,FORMATION_FOLLOW|FORMATION_FOLLOW|FORMATION_FOLLOW,0,1,1,75.799,0.393,1.529,4.07,20.299,13.467,17.345,-4.36,-4.358,-4.352
0.0,-0.05,0.0,6.9258,4.7169,4.6364,1,0.1104,OK,0.05,FORMATION_FOLLOW|FORMATION_FOLLOW|FORMATION_FOLLOW,0,1,1,75.899,0.393,1.529,4.07,20.299,13.467,17.345,-4.36,-4.358,-4.352
0.0,-0.05,0.0,6.9259,4.7176,4.6358,1,0.111,OK,0.05,FORMATION_FOLLOW|FORMATION_FOLLOW|FORMATION_FOLLOW,0,1,1,75.999,0.392,1.53,4.071,20.299,13.467,17.345,-4.36,-4.359,-4.352
0.0,-0.05,0.0,6.9259,4.7176,4.6353,1,0.1114,OK,0.05,FORMATION_FOLLOW|FORMATION_FOLLOW|FORMATION_FOLLOW,0,1,1,76.099,0.392,1.531,4.07,20.299,13.468,17.345,-4.36,-4.359,-4.352
0.0,-0.05,0.0,6.9256,4.717,4.6347,1,0.1117,OK,0.05,FORMATION_FOLLOW|FORMATION_FOLLOW|FORMATION_FOLLOW,0,1,1,76.199,0.392,1.532,4.07,20.299,13.468,17.346,-4.36,-4.359,-4.352
0.0,-0.05,0.0,6.9252,4.7161,4.6339,1,0.1121,OK,0.05,FORMATION_FOLLOW|FORMATION_FOLLOW|FORMATION_FOLLOW,0,1,1,76.299,0.392,1.532,4.069,20.299,13.468,17.346,-4.361,-4.359,-4.352
0.0,-0.05,0.0,6.925,4.7151,4.6331,1,0.1125,OK,0.05,FORMATION_FOLLOW|FORMATION_FOLLOW|FORMATION_FOLLOW,0,1,1,76.399,0.392,1.534,4.068,20.299,13.469,17.347,-4.362,-4.359,-4.353
0.0,-0.05,0.0,6.9247,4.714,4.6316,1,0.1129,OK,0.05,FORMATION_FOLLOW|FORMATION_FOLLOW|FORMATION_FOLLOW,0,1,1,76.499,0.392,1.535,4.067,20.298,13.469,17.347,-4.362,-4.359,-4.354
0.0,-0.05,0.0,6.9248,4.713,4.63,1,0.1131,OK,0.05,FORMATION_FOLLOW|FORMATION_FOLLOW|FORMATION_FOLLOW,0,1,1,76.599,0.392,1.537,4.066,20.298,13.469,17.347,-4.363,-4.359,-4.354
0.0,-0.05,0.0,6.925,4.7123,4.6284,1,0.1133,OK,0.05,FORMATION_FOLLOW|FORMATION_FOLLOW|FORMATION_FOLLOW,0,1,1,76.699,0.392,1.539,4.066,20.298,13.469,17.347,-4.364,-4.36,-4.354
0.0,-0.05,0.0,6.9252,4.7116,4.627,1,0.1135,OK,0.05,FORMATION_FOLLOW|FORMATION_FOLLOW|FORMATION_FOLLOW,0,1,1,76.799,0.392,1.541,4.065,20.299,13.469,17.347,-4.364,-4.36,-4.355
0.0,-0.05,0.0,6.9252,4.7111,4.6261,1,0.1139,OK,0.05,FORMATION_FOLLOW|FORMATION_FOLLOW|FORMATION_FOLLOW,0,1,1,76.899,0.393,1.543,4.065,20.299,13.47,17.348,-4.365,-4.361,-4.355
0.0,-0.05,0.0,6.925,4.7108,4.6249,1,0.1142,OK,0.05,FORMATION_FOLLOW|FORMATION_FOLLOW|FORMATION_FOLLOW,0,1,1,76.999,0.393,1.544,4.065,20.299,13.47,17.348,-4.365,-4.361,-4.355
0.0,-0.05,0.0,6.9247,4.7103,4.6239,1,0.1144,OK,0.05,FORMATION_FOLLOW|FORMATION_FOLLOW|FORMATION_FOLLOW,0,1,1,77.099,0.394,1.546,4.065,20.3,13.471,17.349,-4.365,-4.362,-4.354
0.0,-0.05,0.0,6.9243,4.7099,4.6231,1,0.1145,OK,0.05,FORMATION_FOLLOW|FORMATION_FOLLOW|FORMATION_FOLLOW,0,1,1,77.199,0.395,1.547,4.066,20.3,13.472,17.349,-4.365,-4.362,-4.354
0.0,-0.05,0.0,6.9241,4.7098,4.6229,1,0.1147,OK,0.05,FORMATION_FOLLOW|FORMATION_FOLLOW|FORMATION_FOLLOW,0,1,1,77.299,0.396,1.548,4.067,20.301,13.473,17.35,-4.366,-4.362,-4.354
0.0,-0.05,0.0,6.9239,4.7096,4.6227,1,0.1147,OK,0.05,FORMATION_FOLLOW|FORMATION_FOLLOW|FORMATION_FOLLOW,0,1,1,77.399,0.396,1.549,4.067,20.301,13.474,17.351,-4.366,-4.361,-4.354
0.0,-0.05,0.0,6.9233,4.709,4.6225,1,0.1147,OK,0.05,FORMATION_FOLLOW|FORMATION_FOLLOW|FORMATION_FOLLOW,0,1,1,77.499,0.397,1.55,4.068,20.301,13.474,17.351,-4.366,-4.361,-4.353
0.0,-0.05,0.0,6.9234,4.709,4.6228,1,0.1144,OK,0.05,FORMATION_FOLLOW|FORMATION_FOLLOW|FORMATION_FOLLOW,0,1,1,77.599,0.398,1.55,4.068,20.302,13.475,17.352,-4.366,-4.362,-4.353
0.0,-0.05,0.0,6.9236,4.709,4.6231,1,0.1142,OK,0.05,FORMATION_FOLLOW|FORMATION_FOLLOW|FORMATION_FOLLOW,0,1,1,77.699,0.398,1.55,4.068,20.302,13.475,17.352,-4.366,-4.362,-4.353
0.0,-0.05,0.0,6.9231,4.7089,4.6233,1,0.1143,OK,0.05,FORMATION_FOLLOW|FORMATION_FOLLOW|FORMATION_FOLLOW,0,1,1,77.799,0.398,1.55,4.069,20.302,13.476,17.353,-4.366,-4.363,-4.353
0.0,-0.05,0.0,6.9228,4.7092,4.6235,1,0.1144,OK,0.05,FORMATION_FOLLOW|FORMATION_FOLLOW|FORMATION_FOLLOW,0,1,1,77.899,0.398,1.55,4.069,20.303,13.476,17.353,-4.367,-4.363,-4.353
0.0,-0.05,0.0,6.9228,4.7096,4.6233,1,0.1146,OK,0.05,FORMATION_FOLLOW|FORMATION_FOLLOW|FORMATION_FOLLOW,0,1,1,77.999,0.398,1.55,4.07,20.303,13.477,17.353,-4.367,-4.364,-4.353
0.0,-0.05,0.0,6.9228,4.7097,4.6232,1,0.1145,OK,0.05,FORMATION_FOLLOW|FORMATION_FOLLOW|FORMATION_FOLLOW,0,1,1,78.099,0.399,1.55,4.07,20.304,13.477,17.353,-4.366,-4.364,-4.353
0.0,-0.05,0.0,6.9231,4.71,4.623,1,0.1143,OK,0.05,FORMATION_FOLLOW|FORMATION_FOLLOW|FORMATION_FOLLOW,0,1,1,78.199,0.399,1.55,4.07,20.304,13.478,17.353,-4.366,-4.365,-4.354
0.0,-0.05,0.0,6.9235,4.7106,4.6227,1,0.1141,OK,0.05,FORMATION_FOLLOW|FORMATION_FOLLOW|FORMATION_FOLLOW,0,1,1,78.299,0.399,1.55,4.07,20.305,13.478,17.353,-4.366,-4.365,-4.354
0.0,-0.05,0.0,6.9242,4.7111,4.6225,1,0.1138,OK,0.05,FORMATION_FOLLOW|FORMATION_FOLLOW|FORMATION_FOLLOW,0,1,1,78.399,0.4,1.551,4.071,20.306,13.478,17.353,-4.366,-4.365,-4.354
0.0,-0.05,0.0,6.9253,4.7116,4.6227,1,0.1135,OK,0.05,FORMATION_FOLLOW|FORMATION_FOLLOW|FORMATION_FOLLOW,0,1,1,78.499,0.4,1.551,4.071,20.306,13.478,17.353,-4.366,-4.366,-4.354
0.0,-0.05,0.0,6.9262,4.7123,4.6232,1,0.1134,OK,0.05,FORMATION_FOLLOW|FORMATION_FOLLOW|FORMATION_FOLLOW,0,1,1,78.599,0.4,1.552,4.072,20.307,13.477,17.353,-4.365,-4.366,-4.354
0.0,-0.05,0.0,6.927,4.7132,4.6232,1,0.1133,OK,0.05,FORMATION_FOLLOW|FORMATION_FOLLOW|FORMATION_FOLLOW,0,1,1,78.699,0.4,1.552,4.072,20.308,13.477,17.353,-4.365,-4.366,-4.355
0.0,-0.05,0.0,6.928,4.7142,4.6231,1,0.113,OK,0.05,FORMATION_FOLLOW|FORMATION_FOLLOW|FORMATION_FOLLOW,0,1,1,78.799,0.401,1.552,4.073,20.309,13.477,17.353,-4.365,-4.367,-4.355
0.0,-0.05,0.0,6.929,4.7148,4.6228,1,0.1123,OK,0.05,FORMATION_FOLLOW|FORMATION_FOLLOW|FORMATION_FOLLOW,0,1,1,78.899,0.401,1.552,4.073,20.31,13.477,17.352,-4.365,-4.368,-4.355
0.0,-0.05,0.0,6.9299,4.7153,4.6221,1,0.1115,OK,0.05,FORMATION_FOLLOW|FORMATION_FOLLOW|FORMATION_FOLLOW,0,1,1,78.999,0.402,1.552,4.073,20.311,13.477,17.351,-4.365,-4.368,-4.355
0.0,-0.05,0.0,6.9304,4.7154,4.6212,1,0.1107,OK,0.05,FORMATION_FOLLOW|FORMATION_FOLLOW|FORMATION_FOLLOW,0,1,1,79.099,0.402,1.552,4.072,20.311,13.477,17.35,-4.366,-4.368,-4.355
0.0,-0.05,0.0,6.9307,4.7153,4.6203,1,0.11,OK,0.05,FORMATION_FOLLOW|FORMATION_FOLLOW|FORMATION_FOLLOW,0,1,1,79.199,0.403,1.552,4.071,20.311,13.476,17.349,-4.366,-4.368,-4.356
0.0,-0.05,0.0,6.9312,4.7153,4.6198,1,0.1096,OK,0.05,FORMATION_FOLLOW|FORMATION_FOLLOW|FORMATION_FOLLOW,0,1,1,79.299,0.403,1.552,4.071,20.311,13.476,17.348,-4.366,-4.368,-4.356
0.0,-0.05,0.0,6.9317,4.7153,4.6193,1,0.1095,OK,0.05,FORMATION_FOLLOW|FORMATION_FOLLOW|FORMATION_FOLLOW,0,1,1,79.399,0.403,1.553,4.071,20.311,13.475,17.347,-4.366,-4.368,-4.357
0.0,-0.05,0.0,6.9324,4.7149,4.6193,1,0.1093,OK,0.05,FORMATION_FOLLOW|FORMATION_FOLLOW|FORMATION_FOLLOW,0,1,1,79.499,0.403,1.553,4.071,20.31,13.474,17.347,-4.367,-4.368,-4.357
0.0,-0.05,0.0,6.9328,4.7143,4.6192,1,0.1089,OK,0.05,FORMATION_FOLLOW|FORMATION_FOLLOW|FORMATION_FOLLOW,0,1,1,79.599,0.404,1.554,4.07,20.31,13.473,17.347,-4.367,-4.368,-4.358
0.0,-0.05,0.0,6.9327,4.7137,4.6189,1,0.1086,OK,0.05,FORMATION_FOLLOW|FORMATION_FOLLOW|FORMATION_FOLLOW,0,1,1,79.699,0.404,1.554,4.07,20.31,13.473,17.346,-4.367,-4.368,-4.358
0.0,-0.05,0.0,6.9326,4.7131,4.619,1,0.1084,OK,0.05,FORMATION_FOLLOW|FORMATION_FOLLOW|FORMATION_FOLLOW,0,1,1,79.799,0.404,1.554,4.07,20.309,13.472,17.346,-4.367,-4.368,-4.358
0.0,-0.05,0.0,6.9328,4.7127,4.619,1,0.1083,OK,0.05,FORMATION_FOLLOW|FORMATION_FOLLOW|FORMATION_FOLLOW,0,1,1,79.899,0.404,1.553,4.069,20.308,13.471,17.345,-4.367,-4.368,-4.359
0.0,-0.05,0.0,6.9336,4.7125,4.6189,1,0.1081,OK,0.05,FORMATION_FOLLOW|FORMATION_FOLLOW|FORMATION_FOLLOW,0,1,1,79.999,0.404,1.554,4.068,20.308,13.47,17.345,-4.367,-4.368,-4.359
