absent,cur_x,cur_y,cur_z,d_0_1,d_0_2,d_1_2,episodes,form_err,form_err_present,formation_state,max_drift,modes,occ_G06,p1_ok,p2_ok,t,x0,x1,x2,y0,y1,y2,z0,z1,z2
,0.0,0.0,0.0,3.5002,3.925,3.9248,0,0.0088,0.0088,OK,0.0,MUTEX_APPROACH|MUTEX_APPROACH|MUTEX_APPROACH,0,1,1,0.1,-10.507,-10.508,-9.987,16.952,16.952,13.478,-2.55,-6.05,-4.301
,0.0,0.0,0.0,3.5007,3.9533,3.9526,0,0.0296,0.0296,OK,0.0,MUTEX_APPROACH|MUTEX_APPROACH|MUTEX_APPROACH,0,1,1,0.2,-10.501,-10.502,-9.977,16.969,16.969,13.463,-2.551,-6.052,-4.302
,0.0,0.0,0.0,3.5015,3.9949,3.9935,0,0.06,0.06,OK,0.0,MUTEX_APPROACH|MUTEX_APPROACH|MUTEX_APPROACH,0,1,1,0.3,-10.492,-10.493,-9.961,16.993,16.993,13.443,-2.552,-6.053,-4.304
,0.0,0.0,0.0,3.5022,4.0462,4.0443,0,0.0977,0.0977,OK,0.0,MUTEX_APPROACH|MUTEX_APPROACH|MUTEX_APPROACH,0,1,1,0.4,-10.481,-10.482,-9.942,17.024,17.023,13.417,-2.554,-6.056,-4.307
,0.0,0.0,0.0,3.5028,4.1041,4.102,0,0.1403,0.1403,OK,0.0,MUTEX_APPROACH|MUTEX_APPROACH|MUTEX_APPROACH,0,1,1,0.5,-10.468,-10.47,-9.92,17.058,17.057,13.388,-2.556,-6.059,-4.31
,0.0,0.0,0.0,3.5037,4.1673,4.165,0,0.1866,0.1866,OK,0.0,MUTEX_APPROACH|MUTEX_APPROACH|MUTEX_APPROACH,0,1,1,0.6,-10.455,-10.457,-9.896,17.095,17.095,13.357,-2.558,-6.062,-4.313
,0.0,0.0,0.0,3.5045,4.2331,4.2314,0,0.235,0.235,OK,0.0,MUTEX_APPROACH|MUTEX_APPROACH|MUTEX_APPROACH,0,1,1,0.7,-10.442,-10.443,-9.871,17.133,17.134,13.324,-2.56,-6.065,-4.316
,0.0,0.0,0.0,3.5048,4.2992,4.299,0,0.2838,0.2838,OK,0.0,MUTEX_APPROACH|MUTEX_APPROACH|MUTEX_APPROACH,0,1,1,0.8,-10.428,-10.429,-9.845,17.172,17.175,13.291,-2.563,-6.068,-4.318
,0.0,0.0,0.0,3.505,4.3651,4.3666,0,0.3324,0.3324,OK,0.0,MUTEX_APPROACH|MUTEX_APPROACH|MUTEX_APPROACH,0,1,1,0.9,-10.413,-10.415,-9.819,17.211,17.215,13.259,-2.566,-6.071,-4.321
,0.0,0.0,0.0,3.5055,4.43,4.4329,0,0.3801,0.3801,OK,0.0,MUTEX_APPROACH|MUTEX_APPROACH|MUTEX_APPROACH,0,1,1,1.0,-10.4,-10.4,-9.794,17.249,17.254,13.227,-2.568,-6.074,-4.324
,0.0,0.0,0.0,3.5067,4.4932,4.4972,0,0.4261,0.4261,OK,0.0,MUTEX_APPROACH|MUTEX_APPROACH|MUTEX_APPROACH,0,1,1,1.1,-10.386,-10.385,-9.769,17.285,17.292,13.196,-2.571,-6.077,-4.327
,0.0,0.0,0.0,3.5079,4.5537,4.5585,0,0.47,0.47,OK,0.0,MUTEX_APPROACH|MUTEX_APPROACH|MUTEX_APPROACH,0,1,1,1.2,-10.373,-10.371,-9.745,17.32,17.328,13.166,-2.573,-6.081,-4.33
,0.0,0.0,0.0,3.5088,4.6108,4.6166,0,0.5114,0.5114,OK,0.0,MUTEX_APPROACH|MUTEX_APPROACH|MUTEX_APPROACH,0,1,1,1.3,-10.361,-10.358,-9.722,17.353,17.362,13.138,-2.575,-6.084,-4.332
,0.0,0.0,0.0,3.5098,4.6648,4.6713,0,0.5504,0.5504,OK,0.0,MUTEX_YIELD|MUTEX_YIELD|MUTEX_APPROACH,0,1,1,1.4,-10.349,-10.346,-9.701,17.383,17.393,13.111,-2.578,-6.088,-4.335
,0.0,0.0,0.0,3.5104,4.7155,4.7224,0,0.587,0.587,OK,0.0,MUTEX_YIELD|MUTEX_YIELD|MUTEX_YIELD,0,1,1,1.5,-10.338,-10.335,-9.681,17.412,17.422,13.086,-2.58,-6.091,-4.338
,0.0,0.0,0.0,3.5106,4.7625,4.7695,0,0.6207,0.6207,OK,0.0,MUTEX_YIELD|MUTEX_YIELD|MUTEX_YIELD,0,1,1,1.6,-10.329,-10.325,-9.663,17.439,17.449,13.063,-2.583,-6.093,-4.34
,0.0,0.0,0.0,3.5107,4.806,4.8128,0,0.6518,0.6518,OK,0.0,MUTEX_YIELD|MUTEX_YIELD|MUTEX_YIELD,0,1,1,1.7,-10.32,-10.315,-9.646,17.464,17.474,13.042,-2.585,-6.096,-4.343
,0.0,0.0,0.0,3.5111,4.8465,4.8531,0,0.6806,0.6806,OK,0.0,MUTEX_YIELD|MUTEX_YIELD|MUTEX_YIELD,0,1,1,1.8,-10.313,-10.307,-9.631,17.487,17.496,13.022,-2.588,-6.099,-4.345
,0.0,0.0,0.0,3.5118,4.8835,4.8901,0,0.707,0.707,OK,0.0,MUTEX_YIELD|MUTEX_YIELD|MUTEX_YIELD,0,1,1,1.9,-10.306,-10.3,-9.619,17.508,17.517,13.004,-2.589,-6.101,-4.347
,0.0,0.0,0.0,3.5125,4.917,4.9234,0,0.7307,0.7307,OK,0.0,MUTEX_YIELD|MUTEX_YIELD|MUTEX_YIELD,0,1,1,2.0,-10.3,-10.294,-9.607,17.526,17.536,12.987,-2.591,-6.103,-4.349
,0.0,0.0,0.0,3.5132,4.9475,4.9528,0,0.752,0.752,OK,0.0,MUTEX_YIELD|MUTEX_YIELD|MUTEX_YIELD,0,1,1,2.1,-10.295,-10.288,-9.596,17.543,17.552,12.972,-2.592,-6.105,-4.351
,0.0,0.0,0.0,3.514,4.9754,4.9791,0,0.7712,0.7712,OK,0.0,MUTEX_YIELD|MUTEX_YIELD|MUTEX_YIELD,0,1,1,2.2,-10.29,-10.282,-9.587,17.559,17.567,12.959,-2.592,-6.106,-4.353
,0.0,0.0,0.0,3.5142,5.0007,5.0028,0,0.7886,0.7886,OK,0.0,MUTEX_YIELD|MUTEX_YIELD|MUTEX_YIELD,0,1,1,2.3,-10.286,-10.278,-9.579,17.573,17.58,12.947,-2.593,-6.107,-4.355
,0.0,0.0,0.0,3.5141,5.0239,5.0242,0,0.8045,0.8045,OK,0.0,MUTEX_YIELD|MUTEX_YIELD|MUTEX_YIELD,0,1,1,2.4,-10.282,-10.273,-9.571,17.586,17.592,12.935,-2.594,-6.108,-4.357
,0.0,0.0,0.0,3.5138,5.0445,5.0431,0,0.8186,0.8186,OK,0.0,MUTEX_PASS|MUTEX_YIELD|MUTEX_YIELD,0,1,1,2.5,-10.272,-10.27,-9.564,17.598,17.602,12.925,-2.595,-6.109,-4.359
,0.0,0.0,0.0,3.5131,5.0627,5.06,0,0.8312,0.8312,OK,0.0,MUTEX_PASS|MUTEX_YIELD|MUTEX_YIELD,0,1,1,2.6,-10.251,-10.267,-9.558,17.61,17.611,12.916,-2.596,-6.109,-4.36
,0.0,0.0,0.0,3.5123,5.0783,5.0747,0,0.8421,0.8421,OK,0.0,MUTEX_PASS|MUTEX_YIELD|MUTEX_YIELD,0,1,1,2.7,-10.224,-10.265,-9.553,17.622,17.619,12.908,-2.597,-6.109,-4.362
,0.0,0.0,0.0,3.5119,5.0918,5.0878,0,0.8517,0.8517,OK,0.0,MUTEX_PASS|MUTEX_YIELD|MUTEX_YIELD,0,1,1,2.8,-10.191,-10.263,-9.549,17.633,17.626,12.9,-2.598,-6.109,-4.363
,0.0,0.0,0.0,3.5122,5.1042,5.0996,0,0.8605,0.8605,OK,0.0,MUTEX_PASS|MUTEX_YIELD|MUTEX_YIELD,0,1,1,2.9,-10.153,-10.261,-9.545,17.644,17.632,12.894,-2.598,-6.109,-4.364
,0.0,0.0,0.0,3.513,5.1153,5.1101,0,0.8685,0.8685,OK,0.0,MUTEX_PASS|MUTEX_YIELD|MUTEX_YIELD,0,1,1,3.0,-10.112,-10.26,-9.541,17.655,17.637,12.888,-2.599,-6.109,-4.364
,0.0,0.0,0.0,3.5149,5.1251,5.1194,0,0.8757,0.8757,OK,0.0,MUTEX_PASS|MUTEX_YIELD|MUTEX_YIELD,0,1,1,3.1,-10.067,-10.259,-9.538,17.666,17.642,12.883,-2.6,-6.109,-4.364
,0.0,0.0,0.0,3.5179,5.1344,5.1279,0,0.8824,0.8824,OK,0.0,MUTEX_PASS|MUTEX_YIELD|MUTEX_YIELD,0,1,1,3.2,-10.02,-10.258,-9.536,17.676,17.646,12.879,-2.6,-6.109,-4.364
,0.0,0.0,0.0,3.5219,5.1433,5.1358,0,0.889,0.889,OK,0.0,MUTEX_PASS|MUTEX_YIELD|MUTEX_YIELD,0,1,1,3.3,-9.971,-10.257,-9.533,17.686,17.65,12.875,-2.6,-6.11,-4.364
,0.0,0.0,0.0,3.5266,5.1515,5.1425,0,0.8949,0.8949,OK,0.0,MUTEX_PASS|MUTEX_YIELD|MUTEX_YIELD,0,1,1,3.4,-9.921,-10.256,-9.531,17.695,17.654,12.871,-2.599,-6.11,-4.364
,0.0,0.0,0.0,3.5318,5.1597,5.1482,0,0.9007,0.9007,OK,0.0,MUTEX_PASS|MUTEX_YIELD|MUTEX_YIELD,0,1,1,3.5,-9.869,-10.256,-9.529,17.705,17.657,12.869,-2.6,-6.11,-4.364
,0.0,0.0,0.0,3.5378,5.1682,5.1536,0,0.9067,0.9067,OK,0.0,MUTEX_PASS|MUTEX_YIELD|MUTEX_YIELD,0,1,1,3.6,-9.817,-10.255,-9.527,17.715,17.66,12.866,-2.6,-6.11,-4.365
,0.0,0.0,0.0,3.5446,5.1773,5.1588,0,0.913,0.913,OK,0.0,MUTEX_PASS|MUTEX_YIELD|MUTEX_YIELD,0,1,1,3.7,-9.764,-10.254,-9.526,17.725,17.663,12.864,-2.6,-6.11,-4.365
,0.0,0.0,0.0,3.552,5.1864,5.1631,0,0.9192,0.9192,OK,0.0,MUTEX_PASS|MUTEX_YIELD|MUTEX_YIELD,0,1,1,3.8,-9.712,-10.253,-9.525,17.735,17.666,12.862,-2.6,-6.11,-4.365
,0.0,0.0,0.0,3.5603,5.196,5.167,0,0.9255,0.9255,OK,0.0,MUTEX_PASS|MUTEX_YIELD|MUTEX_YIELD,0,1,1,3.9,-9.659,-10.253,-9.525,17.745,17.669,12.86,-2.601,-6.11,-4.365
,0.0,0.0,0.0,3.569,5.2058,5.1702,0,0.9319,0.9319,OK,0.0,MUTEX_PASS|MUTEX_YIELD|MUTEX_YIELD,0,1,1,4.0,-9.605,-10.252,-9.524,17.756,17.671,12.859,-2.601,-6.11,-4.365
,0.0,0.0,0.0,3.5787,5.2158,5.1731,0,0.9382,0.9382,OK,0.0,MUTEX_PASS|MUTEX_YIELD|MUTEX_YIELD,0,1,1,4.1,-9.552,-10.252,-9.523,17.767,17.674,12.858,-2.601,-6.109,-4.365
,0.0,0.0,0.0,3.5892,5.2264,5.1765,0,0.945,0.945,OK,0.0,MUTEX_PASS|MUTEX_YIELD|MUTEX_YIELD,0,1,1,4.2,-9.499,-10.252,-9.522,17.777,17.676,12.857,-2.601,-6.109,-4.364
,0.0,0.0,0.0,3.6005,5.2365,5.1801,0,0.9518,0.9518,OK,0.0,MUTEX_PASS|MUTEX_YIELD|MUTEX_YIELD,0,1,1,4.3,-9.446,-10.252,-9.521,17.786,17.678,12.856,-2.602,-6.109,-4.364
,0.0,0.0,0.0,3.6113,5.2459,5.1833,0,0.9585,0.9585,OK,0.0,MUTEX_PASS|MUTEX_YIELD|MUTEX_YIELD,0,1,1,4.4,-9.393,-10.253,-9.521,17.795,17.68,12.854,-2.603,-6.109,-4.363
,0.0,0.0,0.0,3.6214,5.2543,5.1861,0,0.965,0.965,OK,0.0,MUTEX_PASS|MUTEX_YIELD|MUTEX_YIELD,0,1,1,4.5,-9.339,-10.253,-9.52,17.802,17.682,12.853,-2.606,-6.108,-4.362
,0.0,0.0,0.0,3.6315,5.261,5.1884,0,0.971,0.971,OK,0.0,MUTEX_PASS|MUTEX_YIELD|MUTEX_YIELD,0,1,1,4.6,-9.285,-10.253,-9.52,17.808,17.683,12.853,-2.609,-6.107,-4.362
,0.0,0.0,0.0,3.6413,5.2658,5.1903,0,0.9764,0.9764,OK,0.0,MUTEX_PASS|MUTEX_YIELD|MUTEX_YIELD,0,1,1,4.7,-9.232,-10.253,-9.52,17.812,17.685,12.852,-2.614,-6.107,-4.361
,0.0,0.0,0.0,3.6504,5.2686,5.1918,0,0.9813,0.9813,OK,0.0,MUTEX_PASS|MUTEX_YIELD|MUTEX_YIELD,0,1,1,4.8,-9.178,-10.253,-9.52,17.814,17.686,12.852,-2.62,-6.106,-4.36
,0.0,0.0,0.0,3.6588,5.2694,5.1931,0,0.9857,0.9857,OK,0.0,MUTEX_PASS|MUTEX_YIELD|MUTEX_YIELD,0,1,1,4.9,-9.124,-10.253,-9.52,17.813,17.687,12.852,-2.628,-6.106,-4.359
,0.0,0.0,0.0,3.6665,5.2676,5.1938,0,0.9894,0.9894,OK,0.0,MUTEX_PASS|MUTEX_YIELD|MUTEX_YIELD,0,1,1,5.0,-9.071,-10.252,-9.52,17.81,17.688,12.852,-2.637,-6.106,-4.359
,0.0,0.0,0.0,3.6735,5.2637,5.194,0,0.9924,0.9924,OK,0.0,MUTEX_PASS|MUTEX_YIELD|MUTEX_YIELD,0,1,1,5.1,-9.017,-10.252,-9.52,17.805,17.688,12.852,-2.648,-6.106,-4.358
,0.0,0.0,0.0,3.6799,5.2575,5.1941,0,0.9949,0.9949,OK,0.0,MUTEX_PASS|MUTEX_YIELD|MUTEX_YIELD,0,1,1,5.2,-8.965,-10.251,-9.519,17.797,17.689,12.853,-2.66,-6.106,-4.358
,0.0,0.0,0.0,3.6859,5.2491,5.1942,0,0.9969,0.9969,OK,0.0,MUTEX_PASS|MUTEX_YIELD|MUTEX_YIELD,0,1,1,5.3,-8.912,-10.25,-9.519,17.787,17.689,12.853,-2.673,-6.106,-4.358
,0.0,0.0,0.0,3.6916,5.2388,5.1946,0,0.9995,0.9995,OK,0.0,MUTEX_PASS|MUTEX_YIELD|MUTEX_YIELD,0,1,1,5.4,-8.86,-10.249,-9.519,17.774,17.69,12.853,-2.687,-6.106,-4.358
,0.0,0.0,0.0,3.6966,5.2271,5.1956,0,1.0242,1.0242,OK,0.0,MUTEX_PASS|MUTEX_YIELD|MUTEX_YIELD,0,1,1,5.5,-8.809,-10.248,-9.519,17.76,17.691,12.853,-2.702,-6.107,-4.358
,0.0,0.0,0.0,3.701,5.2141,5.1969,0,1.0489,1.0489,OK,0.0,MUTEX_PASS|MUTEX_YIELD|MUTEX_YIELD,0,1,1,5.6,-8.758,-10.247,-9.519,17.743,17.692,12.852,-2.719,-6.107,-4.358
,0.0,0.0,0.0,3.7049,5.2001,5.1986,0,1.0735,1.0735,OK,0.0,MUTEX_PASS|MUTEX_YIELD|MUTEX_YIELD,0,1,1,5.7,-8.708,-10.246,-9.518,17.726,17.693,12.852,-2.737,-6.108,-4.358
,0.0,0.0,0.0,3.7076,5.1839,5.1998,0,1.0977,1.0977,OK,0.0,MUTEX_PASS|MUTEX_YIELD|MUTEX_YIELD,0,1,1,5.8,-8.659,-10.244,-9.518,17.706,17.694,12.851,-2.757,-6.108,-4.358
,0.0,0.0,0.0,3.7085,5.1651,5.2009,0,1.1214,1.1214,OK,0.0,MUTEX_PASS|MUTEX_YIELD|MUTEX_YIELD,0,1,1,5.9,-8.61,-10.243,-9.518,17.684,17.695,12.851,-2.779,-6.108,-4.359
,0.0,0.0,0.0,3.7083,5.1442,5.2021,0,1.1447,1.1447,OK,0.0,MUTEX_PASS|MUTEX_YIELD|MUTEX_YIELD,0,1,1,6.0,-8.564,-10.242,-9.517,17.659,17.695,12.85,-2.802,-6.109,-4.36
,0.0,0.0,0.0,3.7074,5.1216,5.2028,0,1.168,1.168,OK,0.0,MUTEX_PASS|MUTEX_YIELD|MUTEX_YIELD,0,1,1,6.1,-8.518,-10.242,-9.517,17.633,17.695,12.849,-2.827,-6.109,-4.36
,0.0,0.0,0.0,3.7063,5.0973,5.2033,0,1.1913,1.1913,OK,0.0,MUTEX_PASS|MUTEX_YIELD|MUTEX_YIELD,0,1,1,6.2,-8.473,-10.241,-9.516,17.605,17.695,12.848,-2.853,-6.109,-4.36
,0.0,0.0,0.0,3.705,5.0718,5.2036,1,1.2151,1.2151,LOST,0.0,MUTEX_PASS|MUTEX_YIELD|MUTEX_YIELD,0,1,1,6.3,-8.429,-10.241,-9.516,17.576,17.695,12.848,-2.88,-6.109,-4.36
,0.0,0.0,0.0,3.7039,5.0451,5.2041,1,1.2392,1.2392,LOST,0.0,MUTEX_PASS|MUTEX_YIELD|MUTEX_YIELD,0,1,1,6.4,-8.385,-10.241,-9.516,17.545,17.695,12.848,-2.907,-6.109,-4.359
,0.0,0.0,0.0,3.7034,5.0175,5.2049,1,1.2636,1.2636,LOST,0.0,MUTEX_PASS|MUTEX_YIELD|MUTEX_YIELD,0,1,1,6.5,-8.342,-10.242,-9.515,17.513,17.695,12.847,-2.935,-6.109,-4.359
,0.0,0.0,0.0,3.7034,4.9898,5.2064,1,1.2882,1.2882,LOST,0.0,MUTEX_PASS|MUTEX_YIELD|MUTEX_YIELD,0,1,1,6.6,-8.299,-10.242,-9.514,17.481,17.695,12.846,-2.964,-6.109,-4.358
,0.0,0.0,0.0,3.704,4.9622,5.2081,1,1.3131,1.3131,LOST,0.0,MUTEX_PASS|MUTEX_YIELD|MUTEX_YIELD,0,1,1,6.7,-8.257,-10.242,-9.513,17.447,17.696,12.845,-2.992,-6.11,-4.358
,0.0,0.0,0.0,3.7052,4.9343,5.2096,1,1.3382,1.3382,LOST,0.0,MUTEX_PASS|MUTEX_YIELD|MUTEX_YIELD,0,1,1,6.8,-8.216,-10.242,-9.513,17.414,17.696,12.844,-3.021,-6.11,-4.358
,0.0,0.0,0.0,3.7067,4.9058,5.2105,1,1.3636,1.3636,LOST,0.0,MUTEX_PASS|MUTEX_YIELD|MUTEX_YIELD,0,1,1,6.9,-8.175,-10.242,-9.512,17.379,17.696,12.844,-3.05,-6.111,-4.357
,0.0,0.0,0.0,3.7085,4.8772,5.2113,1,1.3891,1.3891,LOST,0.0,MUTEX_PASS|MUTEX_YIELD|MUTEX_YIELD,0,1,1,7.0,-8.136,-10.242,-9.512,17.345,17.696,12.843,-3.079,-6.111,-4.356
,0.0,0.0,0.0,3.711,4.8492,5.2121,1,1.4151,1.4151,LOST,0.0,MUTEX_PASS|MUTEX_YIELD|MUTEX_YIELD,0,1,1,7.1,-8.096,-10.242,-9.512,17.31,17.696,12.843,-3.108,-6.111,-4.356
,0.0,0.0,0.0,3.7141,4.8217,5.2132,1,1.4412,1.4412,LOST,0.0,MUTEX_PASS|MUTEX_YIELD|MUTEX_YIELD,0,1,1,7.2,-8.058,-10.242,-9.512,17.275,17.697,12.843,-3.137,-6.111,-4.356
,0.0,0.0,0.0,3.7182,4.7946,5.2148,1,1.4681,1.4681,LOST,0.0,MUTEX_PASS|MUTEX_YIELD|MUTEX_YIELD,0,1,1,7.3,-8.019,-10.243,-9.512,17.24,17.698,12.842,-3.165,-6.11,-4.355
,0.0,0.0,0.0,3.7234,4.7683,5.2167,1,1.4954,1.4954,LOST,0.0,MUTEX_PASS|MUTEX_YIELD|MUTEX_YIELD,0,1,1,7.4,-7.981,-10.243,-9.511,17.205,17.699,12.841,-3.194,-6.11,-4.355
,0.0,0.0,0.0,3.7296,4.7424,5.2186,1,1.523,1.523,LOST,0.0,MUTEX_PASS|MUTEX_YIELD|MUTEX_YIELD,0,1,1,7.5,-7.943,-10.244,-9.511,17.17,17.7,12.84,-3.223,-6.11,-4.355
,0.0,0.0,0.0,3.7367,4.7168,5.2206,1,1.5509,1.5509,LOST,0.0,MUTEX_PASS|MUTEX_YIELD|MUTEX_YIELD,0,1,1,7.6,-7.905,-10.244,-9.51,17.135,17.701,12.839,-3.252,-6.11,-4.356
,0.0,0.0,0.0,3.7448,4.6917,5.223,1,1.5789,1.5789,LOST,0.0,MUTEX_PASS|MUTEX_YIELD|MUTEX_YIELD,0,1,1,7.7,-7.867,-10.244,-9.51,17.099,17.703,12.838,-3.28,-6.11,-4.356
,0.0,0.0,0.0,3.754,4.6671,5.2253,1,1.6072,1.6072,LOST,0.0,MUTEX_PASS|MUTEX_YIELD|MUTEX_YIELD,0,1,1,7.8,-7.829,-10.244,-9.509,17.063,17.705,12.837,-3.308,-6.11,-4.357
,0.0,0.0,0.0,3.7642,4.643,5.2279,1,1.636,1.636,LOST,0.0,MUTEX_PASS|MUTEX_YIELD|MUTEX_YIELD,0,1,1,7.9,-7.792,-10.244,-9.509,17.027,17.707,12.837,-3.336,-6.11,-4.357
,0.0,0.0,0.0,3.7751,4.6193,5.2305,1,1.6651,1.6651,LOST,0.0,MUTEX_PASS|MUTEX_YIELD|MUTEX_YIELD,0,1,1,8.0,-7.754,-10.243,-9.509,16.992,17.709,12.836,-3.364,-6.11,-4.357
,0.0,0.0,0.0,3.7867,4.596,5.2326,1,1.6945,1.6945,LOST,0.0,MUTEX_PASS|MUTEX_YIELD|MUTEX_YIELD,0,1,1,8.1,-7.717,-10.243,-9.508,16.956,17.711,12.835,-3.391,-6.11,-4.358
,0.0,0.0,0.0,3.7994,4.5728,5.2344,1,1.7241,1.7241,LOST,0.0,MUTEX_PASS|MUTEX_YIELD|MUTEX_YIELD,0,1,1,8.2,-7.68,-10.242,-9.508,16.92,17.712,12.835,-3.419,-6.109,-4.358
,0.0,0.0,0.0,3.8132,4.55,5.2363,1,1.7541,1.7541,LOST,0.0,MUTEX_PASS|MUTEX_YIELD|MUTEX_YIELD,0,1,1,8.3,-7.642,-10.242,-9.507,16.883,17.714,12.834,-3.446,-6.109,-4.358
,0.0,0.0,0.0,3.828,4.5278,5.2384,1,1.7843,1.7843,LOST,0.0,MUTEX_PASS|MUTEX_YIELD|MUTEX_YIELD,0,1,1,8.4,-7.605,-10.241,-9.507,16.846,17.716,12.834,-3.473,-6.109,-4.358
,0.0,0.0,0.0,3.8433,4.5066,5.2403,1,1.8146,1.8146,LOST,0.0,MUTEX_PASS|MUTEX_YIELD|MUTEX_YIELD,0,1,1,8.5,-7.568,-10.24,-9.506,16.81,17.717,12.833,-3.5,-6.109,-4.358
,0.0,0.0,0.0,3.8597,4.4861,5.242,1,1.8452,1.8452,LOST,0.0,MUTEX_PASS|MUTEX_YIELD|MUTEX_YIELD,0,1,1,8.6,-7.531,-10.24,-9.506,16.774,17.719,12.833,-3.527,-6.109,-4.358
,0.0,0.0,0.0,3.8771,4.466,5.2431,1,1.8763,1.8763,LOST,0.0,MUTEX_PASS|MUTEX_YIELD|MUTEX_YIELD,0,1,1,8.7,-7.495,-10.239,-9.506,16.737,17.72,12.832,-3.553,-6.109,-4.358
,0.0,0.0,0.0,3.8956,4.4462,5.2439,1,1.9075,1.9075,LOST,0.0,MUTEX_PASS|MUTEX_YIELD|MUTEX_YIELD,0,1,1,8.8,-7.458,-10.24,-9.506,16.701,17.72,12.832,-3.58,-6.109,-4.359
,0.0,0.0,0.0,3.9151,4.4274,5.2449,1,1.9389,1.9389,LOST,0.0,MUTEX_PASS|MUTEX_YIELD|MUTEX_YIELD,0,1,1,8.9,-7.422,-10.24,-9.506,16.664,17.721,12.832,-3.606,-6.11,-4.359
,0.0,0.0,0.0,3.9352,4.4098,5.246,1,1.9705,1.9705,LOST,0.0,MUTEX_PASS|MUTEX_YIELD|MUTEX_YIELD,0,1,1,9.0,-7.385,-10.24,-9.506,16.628,17.722,12.831,-3.633,-6.11,-4.36
,0.0,0.0,0.0,3.956,4.393,5.2471,1,2.0021,2.0021,LOST,0.0,MUTEX_PASS|MUTEX_YIELD|MUTEX_YIELD,0,1,1,9.1,-7.349,-10.24,-9.507,16.592,17.723,12.831,-3.659,-6.11,-4.361
,0.0,0.0,0.0,3.9777,4.3762,5.2481,1,2.0339,2.0339,LOST,0.0,MUTEX_PASS|MUTEX_YIELD|MUTEX_YIELD,0,1,1,9.2,-7.313,-10.24,-9.507,16.556,17.724,12.831,-3.685,-6.111,-4.362
,0.0,0.0,0.0,3.9999,4.3595,5.2487,1,2.0656,2.0656,LOST,0.0,MUTEX_PASS|MUTEX_YIELD|MUTEX_YIELD,0,1,1,9.3,-7.277,-10.24,-9.506,16.52,17.725,12.831,-3.711,-6.111,-4.362
,0.0,0.0,0.0,4.0226,4.3433,5.2494,1,2.0973,2.0973,LOST,0.0,MUTEX_PASS|MUTEX_YIELD|MUTEX_YIELD,0,1,1,9.4,-7.24,-10.24,-9.505,16.484,17.726,12.831,-3.736,-6.112,-4.363
,0.0,0.0,0.0,4.0455,4.3277,5.25,1,2.129,2.129,LOST,0.0,MUTEX_PASS|MUTEX_YIELD|MUTEX_YIELD,0,1,1,9.5,-7.204,-10.239,-9.504,16.448,17.727,12.832,-3.762,-6.112,-4.363
,0.0,0.0,0.0,4.069,4.3129,5.2502,1,2.1611,2.1611,LOST,0.0,MUTEX_PASS|MUTEX_YIELD|MUTEX_YIELD,0,1,1,9.6,-7.168,-10.239,-9.503,16.413,17.728,12.832,-3.788,-6.112,-4.363
,0.0,0.0,0.0,4.0932,4.299,5.2504,1,2.1935,2.1935,LOST,0.0,MUTEX_PASS|MUTEX_YIELD|MUTEX_YIELD,0,1,1,9.7,-7.132,-10.238,-9.502,16.378,17.729,12.833,-3.814,-6.111,-4.364
,0.0,0.0,0.0,4.1184,4.2858,5.2504,1,2.2261,2.2261,LOST,0.0,MUTEX_PASS|MUTEX_YIELD|MUTEX_YIELD,0,1,1,9.8,-7.096,-10.238,-9.501,16.342,17.73,12.834,-3.839,-6.111,-4.364
,0.0,0.0,0.0,4.1448,4.2738,5.2504,1,2.2593,2.2593,LOST,0.0,MUTEX_PASS|MUTEX_YIELD|MUTEX_YIELD,0,1,1,9.9,-7.059,-10.238,-9.5,16.307,17.73,12.834,-3.865,-6.111,-4.364
,0.0,0.0,0.0,4.1718,4.2635,5.2505,1,2.2928,2.2928,LOST,0.0,MUTEX_PASS|MUTEX_YIELD|MUTEX_YIELD,0,1,1,10.0,-7.022,-10.238,-9.499,16.272,17.73,12.834,-3.89,-6.111,-4.364
,0.0,0.0,0.0,4.2001,4.2559,5.2513,1,2.327,2.327,LOST,0.0,MUTEX_PASS|MUTEX_YIELD|MUTEX_YIELD,0,1,1,10.1,-6.983,-10.238,-9.498,16.238,17.731,12.834,-3.916,-6.111,-4.364
,0.0,0.0,0.0,4.2293,4.251,5.2526,1,2.3617,2.3617,LOST,0.0,MUTEX_PASS|MUTEX_YIELD|MUTEX_YIELD,0,1,1,10.2,-6.944,-10.238,-9.498,16.206,17.732,12.834,-3.941,-6.111,-4.364
,0.0,0.0,0.0,4.2591,4.2491,5.2538,1,2.3967,2.3967,LOST,0.0,MUTEX_PASS|MUTEX_YIELD|MUTEX_YIELD,0,1,1,10.3,-6.903,-10.238,-9.497,16.176,17.733,12.834,-3.966,-6.11,-4.364
,0.0,0.0,0.0,4.2899,4.2503,5.2551,1,2.4323,2.4323,LOST,0.0,MUTEX_PASS|MUTEX_YIELD|MUTEX_YIELD,0,1,1,10.4,-6.861,-10.237,-9.496,16.148,17.734,12.834,-3.991,-6.11,-4.363
,0.0,0.0,0.0,4.3223,4.2548,5.2561,1,2.4685,2.4685,LOST,0.0,MUTEX_PASS|MUTEX_YIELD|MUTEX_YIELD,0,1,1,10.5,-6.818,-10.238,-9.496,16.122,17.735,12.834,-4.016,-6.11,-4.362
,0.0,0.0,0.0,4.3559,4.2629,5.2574,1,2.5052,2.5052,LOST,0.0,MUTEX_PASS|MUTEX_YIELD|MUTEX_YIELD,0,1,1,10.6,-6.773,-10.238,-9.495,16.099,17.736,12.834,-4.039,-6.11,-4.362
,0.0,0.0,0.0,4.3906,4.2747,5.2591,1,2.5422,2.5422,LOST,0.0,MUTEX_PASS|MUTEX_YIELD|MUTEX_YIELD,0,1,1,10.7,-6.727,-10.238,-9.495,16.078,17.738,12.834,-4.062,-6.109,-4.361
,0.0,0.0,0.0,4.4264,4.2897,5.2606,1,2.5791,2.5791,LOST,0.0,MUTEX_PASS|MUTEX_YIELD|MUTEX_YIELD,0,1,1,10.8,-6.68,-10.239,-9.495,16.059,17.739,12.834,-4.083,-6.108,-4.36
,0.0,0.0,0.0,4.4632,4.3077,5.2622,1,2.616,2.616,LOST,0.0,MUTEX_PASS|MUTEX_YIELD|MUTEX_YIELD,0,1,1,10.9,-6.632,-10.239,-9.495,16.042,17.741,12.834,-4.103,-6.108,-4.359
,0.0,0.0,0.0,4.5002,4.3284,5.2637,1,2.6527,2.6527,LOST,0.0,MUTEX_PASS|MUTEX_YIELD|MUTEX_YIELD,0,1,1,11.0,-6.583,-10.24,-9.495,16.027,17.743,12.834,-4.122,-6.107,-4.359
,0.0,0.0,0.0,4.5376,4.3516,5.2651,1,2.6888,2.6888,LOST,0.0,MUTEX_PASS|MUTEX_YIELD|MUTEX_YIELD,0,1,1,11.1,-6.534,-10.24,-9.495,16.015,17.744,12.834,-4.14,-6.106,-4.358
,0.0,0.0,0.0,4.5752,4.3771,5.2665,1,2.7243,2.7243,LOST,0.0,MUTEX_PASS|MUTEX_YIELD|MUTEX_YIELD,0,1,1,11.2,-6.484,-10.239,-9.495,16.004,17.745,12.833,-4.157,-6.106,-4.358
,0.0,0.0,0.0,4.6134,4.4048,5.2678,1,2.7594,2.7594,LOST,0.0,MUTEX_PASS|MUTEX_YIELD|MUTEX_YIELD,0,1,1,11.3,-6.434,-10.239,-9.495,15.994,17.746,12.832,-4.172,-6.105,-4.359
,0.0,0.0,0.0,4.6524,4.4345,5.2691,1,2.7943,2.7943,LOST,0.0,MUTEX_PASS|MUTEX_YIELD|MUTEX_YIELD,0,1,1,11.4,-6.383,-10.239,-9.495,15.986,17.747,12.831,-4.186,-6.105,-4.359
,0.0,0.0,0.0,4.692,4.4667,5.2709,1,2.8287,2.8287,LOST,0.0,MUTEX_PASS|MUTEX_YIELD|MUTEX_YIELD,0,1,1,11.5,-6.333,-10.239,-9.495,15.98,17.748,12.83,-4.199,-6.105,-4.359
,0.0,0.0,0.0,4.732,4.5015,5.2736,1,2.8627,2.8627,LOST,0.0,MUTEX_PASS|MUTEX_YIELD|MUTEX_YIELD,0,1,1,11.6,-6.281,-10.238,-9.495,15.977,17.749,12.829,-4.21,-6.105,-4.359
,0.0,0.0,0.0,4.7725,4.5377,5.2762,1,2.8967,2.8967,LOST,0.0,MUTEX_PASS|MUTEX_YIELD|MUTEX_YIELD,0,1,1,11.7,-6.23,-10.239,-9.496,15.975,17.75,12.828,-4.221,-6.106,-4.359
,0.0,0.0,0.0,4.8134,4.5755,5.2789,1,2.9303,2.9303,LOST,0.0,MUTEX_PASS|MUTEX_YIELD|MUTEX_YIELD,0,1,1,11.8,-6.178,-10.239,-9.496,15.974,17.752,12.827,-4.231,-6.106,-4.359
,0.0,0.0,0.0,4.8547,4.6145,5.2815,1,2.9637,2.9637,LOST,0.0,MUTEX_PASS|MUTEX_YIELD|MUTEX_YIELD,0,1,1,11.9,-6.126,-10.239,-9.497,15.975,17.754,12.826,-4.239,-6.107,-4.358
,0.0,0.0,0.0,4.8963,4.6541,5.284,1,2.9967,2.9967,LOST,0.0,MUTEX_PASS|MUTEX_YIELD|MUTEX_YIELD,0,1,1,12.0,-6.074,-10.239,-9.497,15.977,17.756,12.825,-4.247,-6.107,-4.358
,0.0,0.0,0.0,4.9375,4.6945,5.2865,1,3.0293,3.0293,LOST,0.0,MUTEX_PASS|MUTEX_YIELD|MUTEX_YIELD,0,1,1,12.1,-6.022,-10.239,-9.497,15.979,17.757,12.824,-4.254,-6.108,-4.358
,0.0,0.0,0.0,4.9789,4.7353,5.2895,1,3.0613,3.0613,LOST,0.0,MUTEX_PASS|MUTEX_YIELD|MUTEX_YIELD,0,1,1,12.2,-5.971,-10.239,-9.497,15.982,17.759,12.823,-4.26,-6.108,-4.357
,0.0,0.0,0.0,5.0201,4.7765,5.2927,1,3.0929,3.0929,LOST,0.0,MUTEX_PASS|MUTEX_YIELD|MUTEX_YIELD,0,1,1,12.3,-5.92,-10.238,-9.497,15.986,17.761,12.822,-4.266,-6.109,-4.357
,0.0,0.0,0.0,5.0612,4.8182,5.296,1,3.1241,3.1241,LOST,0.0,MUTEX_PASS|MUTEX_YIELD|MUTEX_YIELD,0,1,1,12.4,-5.869,-10.238,-9.497,15.99,17.763,12.821,-4.271,-6.11,-4.356
,0.0,0.0,0.0,5.1023,4.8609,5.299,1,3.1551,3.1551,LOST,0.0,MUTEX_PASS|MUTEX_YIELD|MUTEX_YIELD,0,1,1,12.5,-5.818,-10.237,-9.498,15.995,17.765,12.819,-4.275,-6.11,-4.356
,0.0,0.0,0.0,5.1433,4.9043,5.3015,1,3.1858,3.1858,LOST,0.0,MUTEX_PASS|MUTEX_YIELD|MUTEX_YIELD,1,1,1,12.6,-5.767,-10.237,-9.498,16.0,17.766,12.818,-4.278,-6.11,-4.356
,0.0,0.0,0.0,5.1844,4.9486,5.3036,1,3.2165,3.2165,LOST,0.0,MUTEX_PASS|MUTEX_YIELD|MUTEX_YIELD,1,1,1,12.7,-5.716,-10.236,-9.499,16.006,17.768,12.817,-4.28,-6.11,-4.356
,0.0,0.0,0.0,5.226,4.9935,5.3059,1,3.2475,3.2475,LOST,0.0,MUTEX_PASS|MUTEX_YIELD|MUTEX_YIELD,1,1,1,12.8,-5.665,-10.235,-9.499,16.013,17.769,12.815,-4.282,-6.11,-4.356
,0.0,0.0,0.0,5.2679,5.0384,5.3081,1,3.2784,3.2784,LOST,0.0,MUTEX_PASS|MUTEX_YIELD|MUTEX_YIELD,1,1,1,12.9,-5.613,-10.234,-9.5,16.019,17.77,12.814,-4.284,-6.11,-4.356
,0.0,0.0,0.0,5.3103,5.0832,5.3099,1,3.3093,3.3093,LOST,0.0,MUTEX_PASS|MUTEX_YIELD|MUTEX_YIELD,1,1,1,13.0,-5.562,-10.234,-9.501,16.026,17.771,12.813,-4.286,-6.11,-4.357
,0.0,0.0,0.0,5.353,5.1273,5.3111,1,3.3402,3.3402,LOST,0.0,MUTEX_PASS|MUTEX_YIELD|MUTEX_YIELD,1,1,1,13.1,-5.511,-10.234,-9.501,16.032,17.772,12.812,-4.288,-6.111,-4.357
,0.0,0.0,0.0,5.3961,5.1711,5.3121,1,3.3713,3.3713,LOST,0.0,MUTEX_PASS|MUTEX_YIELD|MUTEX_YIELD,1,1,1,13.2,-5.46,-10.234,-9.501,16.037,17.772,12.812,-4.289,-6.111,-4.357
,0.0,0.0,0.0,5.4394,5.2149,5.3134,1,3.4022,3.4022,LOST,0.0,MUTEX_PASS|MUTEX_YIELD|MUTEX_YIELD,1,1,1,13.3,-5.409,-10.233,-9.502,16.043,17.773,12.812,-4.291,-6.112,-4.357
,0.0,0.0,0.0,5.4827,5.2588,5.3146,1,3.4332,3.4332,LOST,0.0,MUTEX_PASS|MUTEX_YIELD|MUTEX_YIELD,1,1,1,13.4,-5.358,-10.233,-9.501,16.048,17.774,12.811,-4.292,-6.112,-4.357
,0.0,0.0,0.0,5.5258,5.3013,5.3161,1,3.4643,3.4643,LOST,0.0,MUTEX_PASS|MUTEX_YIELD|MUTEX_YIELD,1,1,1,13.5,-5.307,-10.233,-9.501,16.052,17.775,12.81,-4.294,-6.112,-4.357
,0.0,0.0,0.0,5.5691,5.3423,5.3175,1,3.4956,3.4956,LOST,0.0,MUTEX_PASS|MUTEX_YIELD|MUTEX_YIELD,1,1,1,13.6,-5.258,-10.234,-9.501,16.054,17.775,12.809,-4.298,-6.112,-4.357
,0.0,0.0,0.0,5.6124,5.3824,5.3187,1,3.5269,3.5269,LOST,0.0,MUTEX_PASS|MUTEX_YIELD|MUTEX_YIELD,1,1,1,13.7,-5.208,-10.234,-9.501,16.055,17.776,12.809,-4.301,-6.112,-4.357
,0.0,0.0,0.0,5.6553,5.4229,5.3199,1,3.5583,3.5583,LOST,0.0,MUTEX_PASS|MUTEX_YIELD|MUTEX_YIELD,1,1,1,13.8,-5.158,-10.234,-9.5,16.056,17.776,12.808,-4.305,-6.112,-4.357
,0.0,0.0,0.0,5.6984,5.4645,5.321,1,3.59,3.59,LOST,0.0,MUTEX_PASS|MUTEX_YIELD|MUTEX_YIELD,1,1,1,13.9,-5.108,-10.234,-9.5,16.059,17.777,12.807,-4.309,-6.112,-4.356
,0.0,0.0,0.0,5.7415,5.5069,5.3218,1,3.6216,3.6216,LOST,0.0,MUTEX_PASS|MUTEX_YIELD|MUTEX_YIELD,1,1,1,14.0,-5.058,-10.234,-9.5,16.062,17.777,12.807,-4.313,-6.111,-4.356
,0.0,0.0,0.0,5.7849,5.5497,5.3223,1,3.6531,3.6531,LOST,0.0,MUTEX_PASS|MUTEX_YIELD|MUTEX_YIELD,1,1,1,14.1,-5.008,-10.234,-9.5,16.065,17.777,12.807,-4.315,-6.111,-4.355
,0.0,0.0,0.0,5.8283,5.5927,5.3227,1,3.6845,3.6845,LOST,0.0,MUTEX_PASS|MUTEX_YIELD|MUTEX_YIELD,1,1,1,14.2,-4.958,-10.234,-9.5,16.069,17.777,12.806,-4.318,-6.11,-4.354
,0.0,0.0,0.0,5.8715,5.6358,5.3229,1,3.7156,3.7156,LOST,0.0,MUTEX_PASS|MUTEX_YIELD|MUTEX_YIELD,1,1,1,14.3,-4.908,-10.234,-9.499,16.074,17.777,12.806,-4.319,-6.108,-4.353
,0.0,0.0,0.0,5.9145,5.6793,5.3226,1,3.7462,3.7462,LOST,0.0,MUTEX_PASS|MUTEX_YIELD|MUTEX_YIELD,1,1,1,14.4,-4.857,-10.234,-9.498,16.08,17.776,12.806,-4.32,-6.107,-4.353
,0.0,0.0,0.0,5.9576,5.7231,5.3229,1,3.7764,3.7764,LOST,0.0,MUTEX_PASS|MUTEX_YIELD|MUTEX_YIELD,1,1,1,14.5,-4.807,-10.234,-9.497,16.086,17.776,12.805,-4.32,-6.107,-4.352
,0.0,0.0,0.0,6.0005,5.7675,5.3233,1,3.8064,3.8064,LOST,0.0,MUTEX_PASS|MUTEX_YIELD|MUTEX_YIELD,1,1,1,14.6,-4.758,-10.234,-9.496,16.094,17.777,12.805,-4.32,-6.105,-4.351
,0.0,0.0,0.0,6.0436,5.8127,5.3243,1,3.8365,3.8365,LOST,0.0,MUTEX_PASS|MUTEX_YIELD|MUTEX_YIELD,1,1,1,14.7,-4.708,-10.234,-9.495,16.102,17.777,12.805,-4.319,-6.104,-4.35
,0.0,0.0,0.0,6.0869,5.8587,5.3252,1,3.8665,3.8665,LOST,0.0,MUTEX_PASS|MUTEX_YIELD|MUTEX_YIELD,1,1,1,14.8,-4.659,-10.234,-9.495,16.111,17.778,12.805,-4.318,-6.103,-4.35
,0.0,0.0,0.0,6.1305,5.9054,5.326,1,3.8963,3.8963,LOST,0.0,MUTEX_PASS|MUTEX_YIELD|MUTEX_YIELD,1,1,1,14.9,-4.609,-10.234,-9.495,16.121,17.779,12.804,-4.315,-6.102,-4.35
,0.0,0.0,0.0,6.1733,5.9522,5.326,1,3.9256,3.9256,LOST,0.0,MUTEX_PASS|MUTEX_YIELD|MUTEX_YIELD,1,1,1,15.0,-4.56,-10.234,-9.495,16.132,17.779,12.804,-4.312,-6.101,-4.35
,0.0,0.0,0.0,6.2159,5.9996,5.3256,1,3.9546,3.9546,LOST,0.0,MUTEX_PASS|MUTEX_YIELD|MUTEX_YIELD,1,1,1,15.1,-4.512,-10.234,-9.496,16.143,17.779,12.803,-4.308,-6.1,-4.35
,0.0,0.0,0.0,6.2589,6.0478,5.3262,1,3.9835,3.9835,LOST,0.0,MUTEX_PASS|MUTEX_YIELD|MUTEX_YIELD,1,1,1,15.2,-4.463,-10.234,-9.496,16.155,17.779,12.802,-4.303,-6.1,-4.351
,0.0,0.0,0.0,6.3019,6.0962,5.3266,1,4.012,4.012,LOST,0.0,MUTEX_PASS|MUTEX_YIELD|MUTEX_YIELD,1,1,1,15.3,-4.414,-10.234,-9.496,16.168,17.779,12.801,-4.298,-6.099,-4.352
,0.0,0.0,0.0,6.3446,6.145,5.3265,1,4.0403,4.0403,LOST,0.0,MUTEX_PASS|MUTEX_YIELD|MUTEX_YIELD,1,1,1,15.4,-4.365,-10.233,-9.496,16.181,17.778,12.801,-4.292,-6.099,-4.352
,0.0,0.0,0.0,6.3879,6.1945,5.326,1,4.0687,4.0687,LOST,0.0,MUTEX_PASS|MUTEX_YIELD|MUTEX_YIELD,1,1,1,15.5,-4.316,-10.233,-9.497,16.195,17.778,12.8,-4.285,-6.099,-4.353
,0.0,0.0,0.0,6.4317,6.2441,5.3251,1,4.0969,4.0969,LOST,0.0,MUTEX_PASS|MUTEX_YIELD|MUTEX_YIELD,1,1,1,15.6,-4.267,-10.232,-9.498,16.209,17.776,12.8,-4.277,-6.1,-4.354
,0.0,0.0,0.0,6.4757,6.2935,5.3241,1,4.1248,4.1248,LOST,0.0,MUTEX_PASS|MUTEX_YIELD|MUTEX_YIELD,0,1,1,15.7,-4.219,-10.233,-9.498,16.223,17.775,12.799,-4.268,-6.1,-4.355
,0.0,0.0,0.0,6.5196,6.3431,5.3229,1,4.1525,4.1525,LOST,0.0,MUTEX_PASS|MUTEX_YIELD|MUTEX_YIELD,0,1,1,15.8,-4.17,-10.233,-9.499,16.239,17.774,12.799,-4.257,-6.1,-4.355
,0.0,0.0,0.0,6.5638,6.3928,5.3218,1,4.18,4.18,LOST,0.0,MUTEX_PASS|MUTEX_YIELD|MUTEX_YIELD,0,1,1,15.9,-4.122,-10.233,-9.499,16.255,17.772,12.798,-4.247,-6.101,-4.356
,0.0,0.0,0.0,6.6081,6.4425,5.3208,1,4.2073,4.2073,LOST,0.0,MUTEX_PASS|MUTEX_YIELD|MUTEX_YIELD,0,1,1,16.0,-4.074,-10.233,-9.499,16.271,17.77,12.798,-4.235,-6.102,-4.356
,0.0,0.0,0.0,6.6523,6.4921,5.3201,1,4.2342,4.2342,LOST,0.0,MUTEX_PASS|MUTEX_YIELD|MUTEX_YIELD,0,1,1,16.1,-4.027,-10.234,-9.499,16.288,17.769,12.797,-4.224,-6.103,-4.357
,0.0,0.0,0.0,6.6965,6.5419,5.3194,1,4.261,4.261,LOST,0.0,MUTEX_PASS|MUTEX_YIELD|MUTEX_YIELD,0,1,1,16.2,-3.979,-10.234,-9.499,16.305,17.768,12.797,-4.211,-6.105,-4.358
,0.0,0.0,0.0,6.741,6.5919,5.3188,1,4.2878,4.2878,LOST,0.0,MUTEX_PASS|MUTEX_YIELD|MUTEX_YIELD,0,1,1,16.3,-3.932,-10.234,-9.499,16.323,17.767,12.797,-4.198,-6.106,-4.359
,0.0,0.0,0.0,6.7852,6.642,5.3181,1,4.3145,4.3145,LOST,0.0,MUTEX_PASS|MUTEX_YIELD|MUTEX_YIELD,0,1,1,16.4,-3.885,-10.234,-9.5,16.341,17.766,12.797,-4.185,-6.107,-4.361
,0.0,0.0,0.0,6.8291,6.6921,5.3173,1,4.341,4.341,LOST,0.0,MUTEX_PASS|MUTEX_YIELD|MUTEX_YIELD,0,1,1,16.5,-3.838,-10.234,-9.5,16.36,17.765,12.796,-4.171,-6.108,-4.362
,0.0,0.0,0.0,6.8731,6.7429,5.3168,1,4.3676,4.3676,LOST,0.0,MUTEX_PASS|MUTEX_YIELD|MUTEX_YIELD,0,1,1,16.6,-3.791,-10.234,-9.5,16.379,17.764,12.796,-4.157,-6.109,-4.363
,0.0,0.0,0.0,6.9171,6.7943,5.3175,1,4.3942,4.3942,LOST,0.0,MUTEX_PASS|MUTEX_YIELD|MUTEX_YIELD,0,1,1,16.7,-3.744,-10.234,-9.501,16.398,17.764,12.795,-4.143,-6.11,-4.364
,0.0,0.0,0.0,6.961,6.8455,5.3181,1,4.4208,4.4208,LOST,0.0,MUTEX_PASS|MUTEX_YIELD|MUTEX_YIELD,0,1,1,16.8,-3.698,-10.233,-9.501,16.417,17.764,12.794,-4.129,-6.112,-4.364
,0.0,0.0,0.0,7.005,6.8965,5.3182,1,4.4473,4.4473,LOST,0.0,MUTEX_PASS|MUTEX_YIELD|MUTEX_YIELD,0,1,1,16.9,-3.651,-10.233,-9.501,16.437,17.763,12.794,-4.114,-6.113,-4.365
,0.0,0.0,0.0,7.0492,6.9474,5.3182,1,4.4738,4.4738,LOST,0.0,MUTEX_PASS|MUTEX_YIELD|MUTEX_YIELD,0,1,1,17.0,-3.605,-10.232,-9.502,16.457,17.763,12.794,-4.099,-6.114,-4.365
,0.0,0.0,0.0,7.0935,6.9977,5.3181,1,4.5002,4.5002,LOST,0.0,MUTEX_PASS|MUTEX_YIELD|MUTEX_YIELD,0,1,1,17.1,-3.558,-10.232,-9.501,16.478,17.762,12.794,-4.084,-6.115,-4.366
,0.0,0.0,0.0,7.1373,7.0479,5.3172,1,4.5265,4.5265,LOST,0.0,MUTEX_PASS|MUTEX_YIELD|MUTEX_YIELD,0,1,1,17.2,-3.512,-10.231,-9.5,16.498,17.762,12.794,-4.068,-6.116,-4.366
,0.0,0.0,0.0,7.181,7.0979,5.3159,1,4.5531,4.5531,LOST,0.0,MUTEX_PASS|MUTEX_YIELD|MUTEX_YIELD,0,1,1,17.3,-3.466,-10.231,-9.5,16.52,17.761,12.795,-4.054,-6.116,-4.367
,0.0,0.0,0.0,7.2246,7.1481,5.3145,1,4.5798,4.5798,LOST,0.0,MUTEX_PASS|MUTEX_YIELD|MUTEX_YIELD,0,1,1,17.4,-3.42,-10.231,-9.499,16.541,17.76,12.796,-4.039,-6.116,-4.367
,0.0,0.0,0.0,7.2685,7.1985,5.3132,1,4.6068,4.6068,LOST,0.0,MUTEX_PASS|MUTEX_YIELD|MUTEX_YIELD,0,1,1,17.5,-3.374,-10.231,-9.499,16.562,17.76,12.796,-4.025,-6.116,-4.367
,0.0,0.0,0.0,7.3123,7.2484,5.3123,1,4.6338,4.6338,LOST,0.0,MUTEX_PASS|MUTEX_YIELD|MUTEX_YIELD,0,1,1,17.6,-3.328,-10.231,-9.499,16.582,17.759,12.797,-4.01,-6.116,-4.367
,0.0,0.0,0.0,7.3563,7.2982,5.3111,1,4.661,4.661,LOST,0.0,MUTEX_PASS|MUTEX_YIELD|MUTEX_YIELD,0,1,1,17.7,-3.282,-10.231,-9.499,16.603,17.759,12.798,-3.997,-6.116,-4.367
,0.0,0.0,0.0,7.4,7.348,5.3102,1,4.688,4.688,LOST,0.0,MUTEX_PASS|MUTEX_YIELD|MUTEX_YIELD,0,1,1,17.8,-3.236,-10.231,-9.498,16.623,17.758,12.798,-3.983,-6.116,-4.367
,0.0,0.0,0.0,7.4439,7.3976,5.3099,1,4.7151,4.7151,LOST,0.0,MUTEX_PASS|MUTEX_YIELD|MUTEX_YIELD,0,1,1,17.9,-3.191,-10.231,-9.498,16.643,17.758,12.798,-3.968,-6.115,-4.368
,0.0,0.0,0.0,7.4883,7.4471,5.31,1,4.7423,4.7423,LOST,0.0,MUTEX_PASS|MUTEX_YIELD|MUTEX_YIELD,0,1,1,18.0,-3.145,-10.231,-9.497,16.663,17.758,12.798,-3.954,-6.115,-4.367
,0.0,0.0,0.0,7.5328,7.4962,5.3103,1,4.7694,4.7694,LOST,0.0,MUTEX_PASS|MUTEX_YIELD|MUTEX_YIELD,0,1,1,18.1,-3.1,-10.231,-9.496,16.683,17.759,12.798,-3.94,-6.114,-4.367
,0.0,0.0,0.0,7.5773,7.5452,5.3111,1,4.7965,4.7965,LOST,0.0,MUTEX_PASS|MUTEX_YIELD|MUTEX_YIELD,0,1,1,18.2,-3.054,-10.231,-9.495,16.703,17.759,12.798,-3.925,-6.114,-4.367
,0.0,0.0,0.0,7.622,7.5944,5.3123,1,4.8238,4.8238,LOST,0.0,MUTEX_PASS|MUTEX_YIELD|MUTEX_YIELD,0,1,1,18.3,-3.009,-10.232,-9.494,16.724,17.76,12.798,-3.91,-6.113,-4.366
,0.0,0.0,0.0,7.667,7.6437,5.314,1,4.8511,4.8511,LOST,0.0,MUTEX_PASS|MUTEX_YIELD|MUTEX_YIELD,0,1,1,18.4,-2.964,-10.233,-9.493,16.744,17.761,12.797,-3.896,-6.112,-4.365
,0.0,0.0,0.0,7.7115,7.6933,5.3154,1,4.8786,4.8786,LOST,0.0,MUTEX_PASS|MUTEX_YIELD|MUTEX_YIELD,0,1,1,18.5,-2.919,-10.233,-9.492,16.765,17.762,12.797,-3.881,-6.112,-4.364
,0.0,0.0,0.0,7.7555,7.7434,5.3172,1,4.906,4.906,LOST,0.0,MUTEX_PASS|MUTEX_YIELD|MUTEX_YIELD,0,1,1,18.6,-2.873,-10.233,-9.492,16.786,17.763,12.797,-3.867,-6.111,-4.362
,0.0,0.0,0.0,7.7995,7.794,5.3187,1,4.9337,4.9337,LOST,0.0,MUTEX_PASS|MUTEX_YIELD|MUTEX_YIELD,0,1,1,18.7,-2.828,-10.232,-9.491,16.807,17.764,12.796,-3.852,-6.11,-4.361
,0.0,0.0,0.0,7.8435,7.8446,5.3197,1,4.9616,4.9616,LOST,0.0,MUTEX_PASS|MUTEX_YIELD|MUTEX_YIELD,0,1,1,18.8,-2.783,-10.232,-9.491,16.829,17.765,12.796,-3.838,-6.109,-4.359
,0.0,0.0,0.0,7.8872,7.8952,5.3208,1,4.9895,4.9895,LOST,0.0,MUTEX_PASS|MUTEX_YIELD|MUTEX_YIELD,0,1,1,18.9,-2.738,-10.231,-9.492,16.85,17.767,12.796,-3.825,-6.108,-4.358
,0.0,0.0,0.0,7.9309,7.9459,5.3221,1,5.0174,5.0174,LOST,0.0,MUTEX_PASS|MUTEX_YIELD|MUTEX_YIELD,0,1,1,19.0,-2.692,-10.23,-9.492,16.871,17.768,12.797,-3.811,-6.108,-4.357
,0.0,0.0,0.0,7.9746,7.9963,5.3233,1,5.0455,5.0455,LOST,0.0,MUTEX_PASS|MUTEX_YIELD|MUTEX_YIELD,0,1,1,19.1,-2.647,-10.229,-9.493,16.892,17.77,12.797,-3.797,-6.107,-4.356
,0.0,0.0,0.0,8.0188,8.0469,5.3243,1,5.0739,5.0739,LOST,0.0,MUTEX_PASS|MUTEX_YIELD|MUTEX_YIELD,0,1,1,19.2,-2.602,-10.229,-9.493,16.913,17.772,12.798,-3.784,-6.106,-4.355
,0.0,0.0,0.0,8.0633,8.0976,5.3248,1,5.1025,5.1025,LOST,0.0,MUTEX_PASS|MUTEX_YIELD|MUTEX_YIELD,0,1,1,19.3,-2.557,-10.229,-9.494,16.934,17.774,12.799,-3.771,-6.105,-4.354
,0.0,0.0,0.0,8.1078,8.1486,5.3253,1,5.1312,5.1312,LOST,0.0,MUTEX_PASS|MUTEX_YIELD|MUTEX_YIELD,0,1,1,19.4,-2.511,-10.228,-9.495,16.955,17.775,12.799,-3.758,-6.105,-4.354
,0.0,0.0,0.0,8.1523,8.1999,5.3259,1,5.16,5.16,LOST,0.0,MUTEX_PASS|MUTEX_YIELD|MUTEX_YIELD,0,1,1,19.5,-2.466,-10.228,-9.496,16.976,17.776,12.8,-3.744,-6.104,-4.353
,0.0,0.0,0.0,8.1971,8.2513,5.3262,1,5.1889,5.1889,LOST,0.0,MUTEX_PASS|MUTEX_YIELD|MUTEX_YIELD,0,1,1,19.6,-2.421,-10.228,-9.498,16.997,17.777,12.8,-3.731,-6.104,-4.352
,0.0,0.0,0.0,8.2354,8.3028,5.3263,1,5.2155,5.2155,LOST,0.0,MUTEX_PASS|MUTEX_PASS|MUTEX_YIELD,0,1,1,19.7,-2.375,-10.22,-9.499,17.018,17.778,12.8,-3.717,-6.104,-4.352
,0.0,0.0,0.0,8.2642,8.3543,5.3264,1,5.2388,5.2388,LOST,0.0,MUTEX_PASS|MUTEX_PASS|MUTEX_YIELD,0,1,1,19.8,-2.329,-10.202,-9.499,17.039,17.781,12.801,-3.704,-6.104,-4.352
,0.0,0.0,0.0,8.2852,8.4061,5.3266,1,5.2594,5.2594,LOST,0.0,MUTEX_PASS|MUTEX_PASS|MUTEX_YIELD,0,1,1,19.9,-2.284,-10.176,-9.5,17.06,17.785,12.801,-3.691,-6.104,-4.351
,0.0,0.0,0.0,8.3003,8.4581,5.3269,1,5.2779,5.2779,LOST,0.0,MUTEX_PASS|MUTEX_PASS|MUTEX_YIELD,0,1,1,20.0,-2.238,-10.144,-9.501,17.082,17.79,12.801,-3.677,-6.105,-4.351
,0.0,0.0,0.0,8.3108,8.5102,5.3274,1,5.295,5.295,LOST,0.0,MUTEX_PASS|MUTEX_PASS|MUTEX_YIELD,0,1,1,20.1,-2.192,-10.106,-9.502,17.104,17.795,12.801,-3.664,-6.105,-4.351
,0.0,0.0,0.0,8.3177,8.5623,5.3285,1,5.3107,5.3107,LOST,0.0,MUTEX_PASS|MUTEX_PASS|MUTEX_YIELD,0,1,1,20.2,-2.146,-10.064,-9.503,17.126,17.801,12.802,-3.65,-6.106,-4.351
,0.0,0.0,0.0,8.3218,8.6146,5.3305,1,5.3254,5.3254,LOST,0.0,MUTEX_PASS|MUTEX_PASS|MUTEX_YIELD,0,1,1,20.3,-2.1,-10.019,-9.504,17.148,17.808,12.802,-3.636,-6.107,-4.351
,0.0,0.0,0.0,8.3235,8.6669,5.3334,1,5.3393,5.3393,LOST,0.0,MUTEX_PASS|MUTEX_PASS|MUTEX_YIELD,0,1,1,20.4,-2.055,-9.972,-9.505,17.169,17.816,12.802,-3.623,-6.108,-4.352
,0.0,0.0,0.0,8.3233,8.7188,5.3373,1,5.3523,5.3523,LOST,0.0,MUTEX_PASS|MUTEX_PASS|MUTEX_YIELD,0,1,1,20.5,-2.009,-9.923,-9.506,17.191,17.824,12.802,-3.609,-6.109,-4.352
,0.0,0.0,0.0,8.3217,8.7708,5.3422,1,5.3648,5.3648,LOST,0.0,MUTEX_PASS|MUTEX_PASS|MUTEX_YIELD,0,1,1,20.6,-1.964,-9.872,-9.507,17.212,17.833,12.801,-3.595,-6.11,-4.353
,0.0,0.0,0.0,8.3194,8.8231,5.3476,1,5.3771,5.3771,LOST,0.0,MUTEX_PASS|MUTEX_PASS|MUTEX_YIELD,0,1,1,20.7,-1.918,-9.82,-9.507,17.233,17.841,12.8,-3.581,-6.111,-4.354
,0.0,0.0,0.0,8.3164,8.8755,5.3535,1,5.3893,5.3893,LOST,0.0,MUTEX_PASS|MUTEX_PASS|MUTEX_YIELD,0,1,1,20.8,-1.872,-9.767,-9.508,17.255,17.85,12.799,-3.566,-6.111,-4.354
,0.0,0.0,0.0,8.3127,8.9277,5.3602,1,5.4011,5.4011,LOST,0.0,MUTEX_PASS|MUTEX_PASS|MUTEX_YIELD,0,1,1,20.9,-1.827,-9.714,-9.508,17.276,17.859,12.798,-3.552,-6.111,-4.355
,0.0,0.0,0.0,8.3087,8.9798,5.3674,1,5.4128,5.4128,LOST,0.0,MUTEX_PASS|MUTEX_PASS|MUTEX_YIELD,0,1,1,21.0,-1.781,-9.661,-9.509,17.297,17.867,12.797,-3.537,-6.111,-4.356
,0.0,0.0,0.0,8.3046,9.0321,5.3755,1,5.4246,5.4246,LOST,0.0,MUTEX_PASS|MUTEX_PASS|MUTEX_YIELD,0,1,1,21.1,-1.736,-9.607,-9.51,17.319,17.876,12.796,-3.523,-6.111,-4.356
,0.0,0.0,0.0,8.3004,9.0842,5.3843,1,5.4363,5.4363,LOST,0.0,MUTEX_PASS|MUTEX_PASS|MUTEX_YIELD,0,1,1,21.2,-1.691,-9.553,-9.51,17.34,17.886,12.796,-3.508,-6.112,-4.357
,0.0,0.0,0.0,8.2961,9.1361,5.393,1,5.4473,5.4473,LOST,0.0,FORMATION_RECOVERY|MUTEX_PASS|MUTEX_YIELD,0,1,1,21.3,-1.646,-9.499,-9.511,17.362,17.895,12.795,-3.492,-6.112,-4.358
,0.0,0.0,0.0,8.2922,9.1884,5.4008,1,5.458,5.458,LOST,0.0,FORMATION_RECOVERY|MUTEX_PASS|MUTEX_YIELD,0,1,1,21.4,-1.602,-9.445,-9.511,17.385,17.903,12.794,-3.472,-6.111,-4.359
,0.0,0.0,0.0,8.2881,9.2406,5.4076,1,5.4683,5.4683,LOST,0.0,FORMATION_RECOVERY|MUTEX_PASS|MUTEX_YIELD,0,1,1,21.5,-1.557,-9.391,-9.511,17.409,17.909,12.794,-3.449,-6.109,-4.359
,0.0,0.0,0.0,8.2842,9.2936,5.4133,1,5.4786,5.4786,LOST,0.0,FORMATION_RECOVERY|MUTEX_PASS|MUTEX_YIELD,0,1,1,21.6,-1.513,-9.337,-9.512,17.432,17.913,12.793,-3.425,-6.107,-4.359
,0.0,0.0,0.0,8.2805,9.3468,5.4178,1,5.4889,5.4889,LOST,0.0,FORMATION_RECOVERY|MUTEX_PASS|MUTEX_YIELD,0,1,1,21.7,-1.469,-9.282,-9.512,17.456,17.916,12.791,-3.398,-6.103,-4.359
,0.0,0.0,0.0,8.2769,9.4003,5.4203,1,5.4993,5.4993,LOST,0.0,FORMATION_RECOVERY|MUTEX_PASS|MUTEX_YIELD,0,1,1,21.8,-1.425,-9.228,-9.512,17.48,17.917,12.79,-3.371,-6.097,-4.36
,0.0,0.0,0.0,8.2738,9.4542,5.4207,1,5.5101,5.5101,LOST,0.0,FORMATION_RECOVERY|MUTEX_PASS|MUTEX_YIELD,0,1,1,21.9,-1.381,-9.174,-9.512,17.505,17.916,12.789,-3.342,-6.09,-4.36
,0.0,0.0,0.0,8.2706,9.508,5.4189,1,5.5209,5.5209,LOST,0.0,FORMATION_RECOVERY|MUTEX_PASS|MUTEX_YIELD,0,1,1,22.0,-1.337,-9.121,-9.512,17.53,17.913,12.789,-3.312,-6.081,-4.361
,0.0,0.0,0.0,8.2673,9.5616,5.4153,1,5.5317,5.5317,LOST,0.0,FORMATION_RECOVERY|MUTEX_PASS|MUTEX_YIELD,0,1,1,22.1,-1.293,-9.067,-9.511,17.555,17.907,12.789,-3.281,-6.071,-4.361
,0.0,0.0,0.0,8.2643,9.615,5.41,1,5.5428,5.5428,LOST,0.0,FORMATION_RECOVERY|MUTEX_PASS|MUTEX_YIELD,0,1,1,22.2,-1.249,-9.014,-9.511,17.58,17.9,12.788,-3.25,-6.06,-4.361
,0.0,0.0,0.0,8.2612,9.6678,5.4025,1,5.5538,5.5538,LOST,0.0,FORMATION_RECOVERY|MUTEX_PASS|MUTEX_YIELD,0,1,1,22.3,-1.206,-8.962,-9.51,17.605,17.891,12.787,-3.218,-6.048,-4.361
,0.0,0.0,0.0,8.2583,9.7207,5.3926,1,5.5652,5.5652,LOST,0.0,FORMATION_RECOVERY|MUTEX_PASS|MUTEX_YIELD,0,1,1,22.4,-1.163,-8.911,-9.509,17.63,17.879,12.787,-3.186,-6.034,-4.361
,0.0,0.0,0.0,8.2559,9.7738,5.381,1,5.5771,5.5771,LOST,0.0,FORMATION_RECOVERY|MUTEX_PASS|MUTEX_YIELD,0,1,1,22.5,-1.12,-8.86,-9.508,17.656,17.865,12.787,-3.154,-6.019,-4.361
,0.0,0.0,0.0,8.2542,9.8273,5.3677,1,5.5897,5.5897,LOST,0.0,FORMATION_RECOVERY|MUTEX_PASS|MUTEX_YIELD,0,1,1,22.6,-1.076,-8.81,-9.507,17.681,17.849,12.786,-3.123,-6.003,-4.361
,0.0,0.0,0.0,8.2526,9.8808,5.3532,1,5.6028,5.6028,LOST,0.0,FORMATION_RECOVERY|MUTEX_PASS|MUTEX_YIELD,0,1,1,22.7,-1.032,-8.76,-9.506,17.707,17.831,12.786,-3.093,-5.986,-4.361
,0.0,0.0,0.0,8.2508,9.934,5.3368,1,5.6162,5.6162,LOST,0.0,FORMATION_RECOVERY|MUTEX_PASS|MUTEX_YIELD,0,1,1,22.8,-0.989,-8.711,-9.505,17.732,17.812,12.786,-3.064,-5.968,-4.361
,0.0,0.0,0.0,8.2492,9.9864,5.3174,1,5.6301,5.6301,LOST,0.0,FORMATION_RECOVERY|MUTEX_PASS|MUTEX_YIELD,0,1,1,22.9,-0.945,-8.663,-9.504,17.757,17.79,12.786,-3.036,-5.949,-4.361
,0.0,0.0,0.0,8.2481,10.0385,5.2947,1,5.6449,5.6449,LOST,0.0,FORMATION_RECOVERY|MUTEX_PASS|MUTEX_YIELD,0,1,1,23.0,-0.901,-8.616,-9.503,17.782,17.766,12.787,-3.01,-5.927,-4.36
,0.0,0.0,0.0,8.2471,10.0906,5.27,1,5.6604,5.6604,LOST,0.0,FORMATION_RECOVERY|MUTEX_PASS|MUTEX_YIELD,0,1,1,23.1,-0.857,-8.57,-9.502,17.806,17.739,12.787,-2.985,-5.904,-4.36
,0.0,0.0,0.0,8.2459,10.1426,5.2435,1,5.6763,5.6763,LOST,0.0,FORMATION_RECOVERY|MUTEX_PASS|MUTEX_YIELD,0,1,1,23.2,-0.813,-8.525,-9.501,17.832,17.711,12.788,-2.961,-5.879,-4.36
,0.0,0.0,0.0,8.2448,10.194,5.2153,1,5.6925,5.6925,LOST,0.0,FORMATION_RECOVERY|MUTEX_PASS|MUTEX_YIELD,0,1,1,23.3,-0.769,-8.48,-9.5,17.857,17.681,12.789,-2.94,-5.853,-4.359
,0.0,0.0,0.0,8.244,10.2453,5.1865,1,5.7093,5.7093,LOST,0.0,FORMATION_RECOVERY|MUTEX_PASS|MUTEX_YIELD,0,1,1,23.4,-0.725,-8.436,-9.499,17.882,17.65,12.79,-2.919,-5.826,-4.359
,0.0,0.0,0.0,8.2436,10.2965,5.157,1,5.7266,5.7266,LOST,0.0,FORMATION_RECOVERY|MUTEX_PASS|MUTEX_YIELD,0,1,1,23.5,-0.681,-8.393,-9.498,17.907,17.619,12.791,-2.9,-5.798,-4.359
,0.0,0.0,0.0,8.2434,10.3475,5.127,1,5.7443,5.7443,LOST,0.0,FORMATION_RECOVERY|MUTEX_PASS|MUTEX_YIELD,0,1,1,23.6,-0.637,-8.351,-9.497,17.931,17.586,12.792,-2.883,-5.77,-4.358
,0.0,0.0,0.0,8.2434,10.3985,5.0968,1,5.7624,5.7624,LOST,0.0,FORMATION_RECOVERY|MUTEX_PASS|MUTEX_YIELD,0,1,1,23.7,-0.594,-8.309,-9.496,17.956,17.553,12.793,-2.867,-5.742,-4.358
,0.0,0.0,0.0,8.2438,10.4492,5.0666,1,5.7808,5.7808,LOST,0.0,FORMATION_RECOVERY|MUTEX_PASS|MUTEX_YIELD,0,1,1,23.8,-0.55,-8.268,-9.495,17.98,17.519,12.793,-2.853,-5.713,-4.357
,0.0,0.0,0.0,8.2445,10.5,5.0367,1,5.7996,5.7996,LOST,0.0,FORMATION_RECOVERY|MUTEX_PASS|MUTEX_YIELD,0,1,1,23.9,-0.506,-8.227,-9.495,18.005,17.484,12.794,-2.84,-5.684,-4.357
,0.0,0.0,0.0,8.2457,10.5505,5.0067,1,5.8188,5.8188,LOST,0.0,FORMATION_RECOVERY|MUTEX_PASS|MUTEX_YIELD,0,1,1,24.0,-0.462,-8.187,-9.494,18.029,17.45,12.794,-2.828,-5.655,-4.357
,0.0,0.0,0.0,8.2476,10.6007,4.9766,1,5.8384,5.8384,LOST,0.0,FORMATION_RECOVERY|MUTEX_PASS|MUTEX_YIELD,0,1,1,24.1,-0.418,-8.147,-9.493,18.054,17.415,12.795,-2.818,-5.626,-4.356
,0.0,0.0,0.0,8.2499,10.6508,4.9471,1,5.8581,5.8581,LOST,0.0,FORMATION_RECOVERY|MUTEX_PASS|MUTEX_YIELD,0,1,1,24.2,-0.375,-8.107,-9.493,18.078,17.379,12.795,-2.808,-5.597,-4.355
,0.0,0.0,0.0,8.2525,10.7007,4.9179,1,5.8779,5.8779,LOST,0.0,FORMATION_RECOVERY|MUTEX_PASS|MUTEX_YIELD,0,1,1,24.3,-0.331,-8.068,-9.492,18.102,17.344,12.796,-2.799,-5.568,-4.354
,0.0,0.0,0.0,8.2553,10.7503,4.8894,1,5.8977,5.8977,LOST,0.0,FORMATION_RECOVERY|MUTEX_PASS|MUTEX_YIELD,0,1,1,24.4,-0.288,-8.029,-9.491,18.127,17.308,12.796,-2.791,-5.539,-4.353
,0.0,0.0,0.0,8.2582,10.7996,4.8613,1,5.9177,5.9177,LOST,0.0,FORMATION_RECOVERY|MUTEX_PASS|MUTEX_YIELD,0,1,1,24.5,-0.245,-7.99,-9.491,18.151,17.273,12.796,-2.783,-5.511,-4.353
,0.0,0.0,0.0,8.2608,10.8481,4.8339,1,5.9374,5.9374,LOST,0.0,FORMATION_RECOVERY|MUTEX_PASS|MUTEX_YIELD,0,1,1,24.6,-0.202,-7.951,-9.491,18.175,17.237,12.797,-2.777,-5.482,-4.352
,0.0,0.0,0.0,8.2627,10.8956,4.8073,1,5.9564,5.9564,LOST,0.0,FORMATION_RECOVERY|MUTEX_PASS|MUTEX_YIELD,0,1,1,24.7,-0.161,-7.912,-9.491,18.198,17.202,12.797,-2.77,-5.454,-4.352
,0.0,0.0,0.0,8.2635,10.9414,4.7812,1,5.9745,5.9745,LOST,0.0,FORMATION_RECOVERY|MUTEX_PASS|MUTEX_YIELD,0,1,1,24.8,-0.122,-7.874,-9.491,18.22,17.166,12.797,-2.765,-5.426,-4.351
,0.0,0.0,0.0,8.2631,10.9853,4.7559,1,5.9915,5.9915,LOST,0.0,FORMATION_RECOVERY|MUTEX_PASS|MUTEX_YIELD,0,1,1,24.9,-0.083,-7.835,-9.491,18.242,17.131,12.797,-2.759,-5.398,-4.351
,0.0,0.0,0.0,8.2615,11.0275,4.7312,1,6.0076,6.0076,LOST,0.0,FORMATION_RECOVERY|MUTEX_PASS|MUTEX_YIELD,0,1,1,25.0,-0.047,-7.796,-9.491,18.262,17.095,12.797,-2.754,-5.37,-4.351
,0.0,0.0,0.0,8.2595,11.0683,4.7072,1,6.0229,6.0229,LOST,0.0,FORMATION_RECOVERY|MUTEX_PASS|MUTEX_YIELD,0,1,1,25.1,-0.012,-7.758,-9.491,18.282,17.059,12.797,-2.75,-5.342,-4.351
,0.0,0.0,0.0,8.2564,11.1072,4.6834,1,6.0374,6.0374,LOST,0.0,FORMATION_RECOVERY|MUTEX_PASS|MUTEX_YIELD,0,1,1,25.2,0.022,-7.72,-9.492,18.3,17.024,12.797,-2.746,-5.315,-4.351
,0.0,0.0,0.0,8.2522,11.1443,4.6601,1,6.0509,6.0509,LOST,0.0,FORMATION_RECOVERY|MUTEX_PASS|MUTEX_YIELD,0,1,1,25.3,0.053,-7.683,-9.493,18.318,16.988,12.797,-2.741,-5.288,-4.351
,0.0,0.0,0.0,8.2469,11.1799,4.6375,1,6.0636,6.0636,LOST,0.0,FORMATION_RECOVERY|MUTEX_PASS|MUTEX_YIELD,0,1,1,25.4,0.084,-7.645,-9.494,18.334,16.952,12.797,-2.738,-5.26,-4.351
,0.0,0.0,0.0,8.2401,11.2133,4.6158,1,6.0749,6.0749,LOST,0.0,FORMATION_RECOVERY|MUTEX_PASS|MUTEX_YIELD,0,1,1,25.5,0.112,-7.608,-9.495,18.349,16.916,12.797,-2.734,-5.234,-4.352
,0.0,0.0,0.0,8.232,11.2444,4.5948,1,6.085,6.085,LOST,0.0,FORMATION_RECOVERY|MUTEX_PASS|MUTEX_YIELD,0,1,1,25.6,0.138,-7.571,-9.496,18.364,16.88,12.797,-2.731,-5.207,-4.352
,0.0,0.0,0.0,8.2225,11.2734,4.5747,1,6.0938,6.0938,LOST,0.0,FORMATION_RECOVERY|MUTEX_PASS|MUTEX_YIELD,0,1,1,25.7,0.163,-7.534,-9.497,18.377,16.845,12.796,-2.727,-5.18,-4.352
,0.0,0.0,0.0,8.2115,11.3002,4.5552,1,6.1013,6.1013,LOST,0.0,FORMATION_RECOVERY|MUTEX_PASS|MUTEX_YIELD,0,1,1,25.8,0.185,-7.498,-9.497,18.389,16.81,12.796,-2.724,-5.154,-4.352
,0.0,0.0,0.0,8.1991,11.325,4.5361,1,6.1076,6.1076,LOST,0.0,FORMATION_RECOVERY|MUTEX_PASS|MUTEX_YIELD,0,1,1,25.9,0.207,-7.461,-9.498,18.401,16.775,12.796,-2.72,-5.127,-4.353
,0.0,0.0,0.0,8.1859,11.3484,4.5176,1,6.1131,6.1131,LOST,0.0,FORMATION_RECOVERY|MUTEX_PASS|MUTEX_YIELD,0,1,1,26.0,0.226,-7.424,-9.499,18.412,16.739,12.797,-2.717,-5.101,-4.353
,0.0,0.0,0.0,8.1723,11.3705,4.4992,1,6.1179,6.1179,LOST,0.0,FORMATION_RECOVERY|MUTEX_PASS|MUTEX_YIELD,0,1,1,26.1,0.245,-7.388,-9.5,18.422,16.703,12.797,-2.713,-5.075,-4.353
,0.0,0.0,0.0,8.1581,11.3914,4.4813,1,6.122,6.122,LOST,0.0,FORMATION_RECOVERY|MUTEX_PASS|MUTEX_YIELD,0,1,1,26.2,0.262,-7.351,-9.5,18.432,16.668,12.797,-2.709,-5.049,-4.354
,0.0,0.0,0.0,8.1432,11.4111,4.464,1,6.1255,6.1255,LOST,0.0,FORMATION_RECOVERY|MUTEX_PASS|MUTEX_YIELD,0,1,1,26.3,0.279,-7.315,-9.5,18.442,16.632,12.797,-2.706,-5.023,-4.355
,0.0,0.0,0.0,8.1274,11.4292,4.4475,1,6.128,6.128,LOST,0.0,FORMATION_RECOVERY|MUTEX_PASS|MUTEX_YIELD,0,1,1,26.4,0.294,-7.279,-9.501,18.45,16.597,12.798,-2.702,-4.997,-4.356
,0.0,0.0,0.0,8.1113,11.4463,4.4315,1,6.1301,6.1301,LOST,0.0,FORMATION_RECOVERY|MUTEX_PASS|MUTEX_YIELD,0,1,1,26.5,0.309,-7.243,-9.5,18.459,16.562,12.798,-2.699,-4.971,-4.357
,0.0,0.0,0.0,8.0952,11.4625,4.4159,1,6.1319,6.1319,LOST,0.0,FORMATION_RECOVERY|MUTEX_PASS|MUTEX_YIELD,0,1,1,26.6,0.323,-7.207,-9.5,18.466,16.526,12.798,-2.696,-4.945,-4.358
,0.0,0.0,0.0,8.0785,11.4779,4.4014,1,6.1332,6.1332,LOST,0.0,FORMATION_RECOVERY|MUTEX_PASS|MUTEX_YIELD,0,1,1,26.7,0.336,-7.172,-9.5,18.474,16.491,12.798,-2.693,-4.919,-4.359
,0.0,0.0,0.0,8.0611,11.4926,4.3878,1,6.134,6.134,LOST,0.0,FORMATION_RECOVERY|MUTEX_PASS|MUTEX_YIELD,0,1,1,26.8,0.349,-7.136,-9.5,18.481,16.456,12.798,-2.691,-4.894,-4.359
,0.0,0.0,0.0,8.0434,11.5071,4.3749,1,6.1346,6.1346,LOST,0.0,FORMATION_RECOVERY|MUTEX_PASS|MUTEX_YIELD,0,1,1,26.9,0.361,-7.101,-9.501,18.488,16.42,12.798,-2.688,-4.868,-4.36
,0.0,0.0,0.0,8.0253,11.5211,4.3628,1,6.135,6.135,LOST,0.0,FORMATION_RECOVERY|MUTEX_PASS|MUTEX_YIELD,0,1,1,27.0,0.372,-7.065,-9.502,18.494,16.385,12.798,-2.686,-4.843,-4.36
,0.0,0.0,0.0,8.0061,11.534,4.3518,1,6.1346,6.1346,LOST,0.0,FORMATION_RECOVERY|MUTEX_PASS|MUTEX_YIELD,0,1,1,27.1,0.382,-7.029,-9.503,18.5,16.349,12.798,-2.685,-4.817,-4.36
,0.0,0.0,0.0,7.9854,11.5467,4.3432,1,6.1336,6.1336,LOST,0.0,FORMATION_RECOVERY|MUTEX_PASS|MUTEX_YIELD,0,1,1,27.2,0.391,-6.992,-9.505,18.506,16.314,12.798,-2.683,-4.792,-4.36
,0.0,0.0,0.0,7.9636,11.559,4.3369,1,6.1321,6.1321,LOST,0.0,FORMATION_RECOVERY|MUTEX_PASS|MUTEX_YIELD,0,1,1,27.3,0.401,-6.954,-9.506,18.512,16.281,12.798,-2.681,-4.767,-4.359
,0.0,0.0,0.0,7.9403,11.5709,4.3334,1,6.13,6.13,LOST,0.0,FORMATION_RECOVERY|MUTEX_PASS|MUTEX_YIELD,0,1,1,27.4,0.41,-6.915,-9.508,18.517,16.249,12.798,-2.679,-4.741,-4.359
,0.0,0.0,0.0,7.9153,11.5823,4.3329,1,6.127,6.127,LOST,0.0,FORMATION_RECOVERY|MUTEX_PASS|MUTEX_YIELD,0,1,1,27.5,0.418,-6.875,-9.509,18.521,16.219,12.798,-2.677,-4.716,-4.359
,0.0,0.0,0.0,7.8883,11.5932,4.3356,1,6.123,6.123,LOST,0.0,FORMATION_RECOVERY|MUTEX_PASS|MUTEX_YIELD,0,1,1,27.6,0.426,-6.834,-9.511,18.526,16.191,12.798,-2.675,-4.692,-4.359
,0.0,0.0,0.0,7.8594,11.6037,4.3414,1,6.118,6.118,LOST,0.0,FORMATION_RECOVERY|MUTEX_PASS|MUTEX_YIELD,0,1,1,27.7,0.434,-6.791,-9.513,18.531,16.166,12.798,-2.673,-4.669,-4.359
,0.0,0.0,0.0,7.8285,11.6136,4.3506,1,6.1122,6.1122,LOST,0.0,FORMATION_RECOVERY|MUTEX_PASS|MUTEX_YIELD,0,1,1,27.8,0.441,-6.746,-9.515,18.535,16.142,12.798,-2.671,-4.647,-4.359
,0.0,0.0,0.0,7.7958,11.6227,4.3626,1,6.1053,6.1053,LOST,0.0,FORMATION_RECOVERY|MUTEX_PASS|MUTEX_YIELD,0,1,1,27.9,0.448,-6.701,-9.516,18.539,16.12,12.799,-2.67,-4.626,-4.359
,0.0,0.0,0.0,7.7609,11.631,4.3778,1,6.0973,6.0973,LOST,0.0,FORMATION_RECOVERY|MUTEX_PASS|MUTEX_YIELD,0,1,1,28.0,0.454,-6.653,-9.518,18.542,16.101,12.799,-2.668,-4.606,-4.36
,0.0,0.0,0.0,7.7247,11.6383,4.3955,1,6.0883,6.0883,LOST,0.0,FORMATION_RECOVERY|MUTEX_PASS|MUTEX_YIELD,0,1,1,28.1,0.46,-6.605,-9.518,18.545,16.083,12.8,-2.666,-4.588,-4.36
,0.0,0.0,0.0,7.6876,11.645,4.4153,1,6.0788,6.0788,LOST,0.0,FORMATION_WAIT_REJOIN|MUTEX_PASS|MUTEX_YIELD,0,1,1,28.2,0.466,-6.556,-9.519,18.548,16.068,12.801,-2.664,-4.571,-4.36
,0.0,0.0,0.0,7.6497,11.6512,4.4373,1,6.0688,6.0688,LOST,0.0,FORMATION_WAIT_REJOIN|MUTEX_PASS|MUTEX_YIELD,0,1,1,28.3,0.472,-6.507,-9.519,18.55,16.054,12.802,-2.663,-4.555,-4.361
,0.0,0.0,0.0,7.6109,11.6573,4.462,1,6.0584,6.0584,LOST,0.0,FORMATION_WAIT_REJOIN|MUTEX_PASS|MUTEX_YIELD,0,1,1,28.4,0.478,-6.457,-9.519,18.552,16.043,12.802,-2.661,-4.54,-4.36
,0.0,0.0,0.0,7.5714,11.6632,4.4887,1,6.0475,6.0475,LOST,0.0,FORMATION_WAIT_REJOIN|MUTEX_PASS|MUTEX_YIELD,0,1,1,28.5,0.484,-6.407,-9.52,18.554,16.033,12.803,-2.659,-4.527,-4.359
,0.0,0.0,0.0,7.531,11.6684,4.517,1,6.0359,6.0359,LOST,0.0,FORMATION_WAIT_REJOIN|MUTEX_PASS|MUTEX_YIELD,0,1,1,28.6,0.489,-6.356,-9.519,18.556,16.025,12.804,-2.658,-4.515,-4.359
,0.0,0.0,0.0,7.4903,11.674,4.5477,1,6.0243,6.0243,LOST,0.0,FORMATION_WAIT_REJOIN|MUTEX_PASS|MUTEX_YIELD,0,1,1,28.7,0.495,-6.305,-9.519,18.559,16.019,12.805,-2.656,-4.505,-4.359
,0.0,0.0,0.0,7.4483,11.679,4.5807,1,6.0119,6.0119,LOST,0.0,FORMATION_WAIT_REJOIN|MUTEX_PASS|MUTEX_YIELD,0,1,1,28.8,0.5,-6.254,-9.519,18.561,16.016,12.806,-2.655,-4.496,-4.358
,0.0,0.0,0.0,7.4054,11.6836,4.6155,1,5.999,5.999,LOST,0.0,FORMATION_WAIT_REJOIN|MUTEX_PASS|MUTEX_YIELD,0,1,1,28.9,0.505,-6.202,-9.518,18.563,16.014,12.807,-2.654,-4.487,-4.358
,0.0,0.0,0.0,7.362,11.6886,4.6522,1,5.986,5.986,LOST,0.0,FORMATION_WAIT_REJOIN|MUTEX_PASS|MUTEX_YIELD,0,1,1,29.0,0.51,-6.15,-9.518,18.566,16.014,12.807,-2.653,-4.48,-4.358
,0.0,0.0,0.0,7.3181,11.694,4.6906,1,5.9729,5.9729,LOST,0.0,FORMATION_WAIT_REJOIN|MUTEX_PASS|MUTEX_YIELD,0,1,1,29.1,0.514,-6.098,-9.519,18.568,16.015,12.807,-2.652,-4.473,-4.359
,0.0,0.0,0.0,7.2738,11.6998,4.7304,1,5.9596,5.9596,LOST,0.0,FORMATION_WAIT_REJOIN|MUTEX_PASS|MUTEX_YIELD,0,1,1,29.2,0.519,-6.046,-9.519,18.57,16.017,12.807,-2.652,-4.467,-4.359
,0.0,0.0,0.0,7.2293,11.7054,4.7713,1,5.9463,5.9463,LOST,0.0,FORMATION_WAIT_REJOIN|MUTEX_PASS|MUTEX_YIELD,0,1,1,29.3,0.523,-5.994,-9.52,18.573,16.02,12.808,-2.651,-4.462,-4.359
,0.0,0.0,0.0,7.1845,11.7105,4.8123,1,5.9325,5.9325,LOST,0.0,FORMATION_WAIT_REJOIN|MUTEX_PASS|MUTEX_YIELD,0,1,1,29.4,0.527,-5.941,-9.521,18.575,16.024,12.808,-2.65,-4.457,-4.36
,0.0,0.0,0.0,7.1396,11.7151,4.8537,1,5.9185,5.9185,LOST,0.0,FORMATION_WAIT_REJOIN|MUTEX_PASS|MUTEX_YIELD,0,1,1,29.5,0.531,-5.889,-9.521,18.577,16.028,12.809,-2.648,-4.452,-4.36
,0.0,0.0,0.0,7.0947,11.7198,4.8956,1,5.9044,5.9044,LOST,0.0,FORMATION_WAIT_REJOIN|MUTEX_PASS|MUTEX_YIELD,0,1,1,29.6,0.535,-5.837,-9.521,18.58,16.032,12.809,-2.647,-4.449,-4.36
,0.0,0.0,0.0,7.0498,11.7248,4.9382,1,5.8903,5.8903,LOST,0.0,FORMATION_WAIT_REJOIN|MUTEX_PASS|MUTEX_YIELD,1,1,1,29.7,0.538,-5.785,-9.522,18.582,16.036,12.809,-2.646,-4.445,-4.361
,0.0,0.0,0.0,7.0051,11.7296,4.9808,1,5.8762,5.8762,LOST,0.0,FORMATION_WAIT_REJOIN|MUTEX_PASS|MUTEX_YIELD,1,1,1,29.8,0.542,-5.733,-9.523,18.584,16.04,12.81,-2.645,-4.442,-4.361
,0.0,0.0,0.0,6.9604,11.7343,5.0237,1,5.862,5.862,LOST,0.0,FORMATION_WAIT_REJOIN|MUTEX_PASS|MUTEX_YIELD,1,1,1,29.9,0.546,-5.681,-9.523,18.586,16.045,12.81,-2.643,-4.439,-4.361
,0.0,0.0,0.0,6.9159,11.7394,5.0671,1,5.848,5.848,LOST,0.0,FORMATION_WAIT_REJOIN|MUTEX_PASS|MUTEX_YIELD,1,1,1,30.0,0.55,-5.628,-9.524,18.587,16.049,12.81,-2.642,-4.437,-4.361
,0.0,0.0,0.0,6.8711,11.7441,5.1108,1,5.8337,5.8337,LOST,0.0,FORMATION_WAIT_REJOIN|MUTEX_PASS|MUTEX_YIELD,1,1,1,30.1,0.554,-5.575,-9.525,18.589,16.054,12.81,-2.64,-4.435,-4.361
,0.0,0.0,0.0,6.8261,11.7483,5.1545,1,5.8192,5.8192,LOST,0.0,FORMATION_WAIT_REJOIN|MUTEX_PASS|MUTEX_YIELD,1,1,1,30.2,0.557,-5.523,-9.525,18.59,16.058,12.81,-2.639,-4.432,-4.361
,0.0,0.0,0.0,6.7817,11.7523,5.1979,1,5.805,5.805,LOST,0.0,FORMATION_WAIT_REJOIN|MUTEX_PASS|MUTEX_YIELD,1,1,1,30.3,0.561,-5.471,-9.525,18.591,16.062,12.81,-2.638,-4.43,-4.36
,0.0,0.0,0.0,6.7373,11.7564,5.2416,1,5.7907,5.7907,LOST,0.0,FORMATION_WAIT_REJOIN|MUTEX_PASS|MUTEX_YIELD,1,1,1,30.4,0.565,-5.419,-9.526,18.593,16.068,12.811,-2.637,-4.428,-4.36
,0.0,0.0,0.0,6.6926,11.7599,5.2854,1,5.7761,5.7761,LOST,0.0,FORMATION_WAIT_REJOIN|MUTEX_PASS|MUTEX_YIELD,1,1,1,30.5,0.568,-5.367,-9.525,18.594,16.073,12.811,-2.635,-4.426,-4.36
,0.0,0.0,0.0,6.6478,11.7634,5.3296,1,5.7613,5.7613,LOST,0.0,FORMATION_WAIT_REJOIN|MUTEX_PASS|MUTEX_YIELD,1,1,1,30.6,0.572,-5.316,-9.525,18.594,16.078,12.811,-2.634,-4.424,-4.36
,0.0,0.0,0.0,6.6041,11.7669,5.3724,1,5.747,5.747,LOST,0.0,FORMATION_WAIT_REJOIN|MUTEX_PASS|MUTEX_YIELD,1,1,1,30.7,0.575,-5.265,-9.525,18.595,16.083,12.811,-2.633,-4.422,-4.36
,0.0,0.0,0.0,6.5613,11.7705,5.4141,1,5.733,5.733,LOST,0.0,FORMATION_WAIT_REJOIN|MUTEX_PASS|MUTEX_YIELD,1,1,1,30.8,0.578,-5.214,-9.526,18.596,16.085,12.811,-2.632,-4.419,-4.36
,0.0,0.0,0.0,6.5189,11.7741,5.4551,1,5.7193,5.7193,LOST,0.0,FORMATION_WAIT_REJOIN|MUTEX_PASS|MUTEX_YIELD,1,1,1,30.9,0.582,-5.164,-9.526,18.597,16.087,12.812,-2.631,-4.415,-4.361
,0.0,0.0,0.0,6.4765,11.7777,5.4963,1,5.7055,5.7055,LOST,0.0,FORMATION_WAIT_REJOIN|MUTEX_PASS|MUTEX_YIELD,1,1,1,31.0,0.585,-5.114,-9.526,18.598,16.089,12.812,-2.63,-4.411,-4.362
,0.0,0.0,0.0,6.4336,11.7813,5.5386,1,5.6916,5.6916,LOST,0.0,FORMATION_WAIT_REJOIN|MUTEX_PASS|MUTEX_YIELD,1,1,1,31.1,0.588,-5.063,-9.527,18.6,16.092,12.813,-2.629,-4.408,-4.363
,0.0,0.0,0.0,6.3904,11.7849,5.5815,1,5.6775,5.6775,LOST,0.0,FORMATION_WAIT_REJOIN|MUTEX_PASS|MUTEX_YIELD,1,1,1,31.2,0.591,-5.013,-9.527,18.601,16.095,12.813,-2.629,-4.406,-4.364
,0.0,0.0,0.0,6.3469,11.788,5.6246,1,5.6631,5.6631,LOST,0.0,FORMATION_WAIT_REJOIN|MUTEX_PASS|MUTEX_YIELD,1,1,1,31.3,0.593,-4.963,-9.528,18.602,16.099,12.814,-2.628,-4.403,-4.364
,0.0,0.0,0.0,6.3032,11.7906,5.6679,1,5.6484,5.6484,LOST,0.0,FORMATION_WAIT_REJOIN|MUTEX_PASS|MUTEX_YIELD,1,1,1,31.4,0.596,-4.912,-9.528,18.604,16.104,12.815,-2.628,-4.401,-4.365
,0.0,0.0,0.0,6.2592,11.7927,5.7114,1,5.6334,5.6334,LOST,0.0,FORMATION_WAIT_REJOIN|MUTEX_PASS|MUTEX_YIELD,1,1,1,31.5,0.598,-4.862,-9.528,18.605,16.11,12.816,-2.627,-4.399,-4.366
,0.0,0.0,0.0,6.2152,11.7942,5.7549,1,5.6183,5.6183,LOST,0.0,FORMATION_WAIT_REJOIN|MUTEX_PASS|MUTEX_YIELD,1,1,1,31.6,0.601,-4.812,-9.527,18.605,16.116,12.817,-2.626,-4.397,-4.366
,0.0,0.0,0.0,6.1717,11.7958,5.7987,1,5.6033,5.6033,LOST,0.0,FORMATION_WAIT_REJOIN|MUTEX_PASS|MUTEX_YIELD,1,1,1,31.7,0.603,-4.763,-9.527,18.605,16.123,12.817,-2.625,-4.397,-4.366
,0.0,0.0,0.0,6.128,11.7976,5.8434,1,5.5882,5.5882,LOST,0.0,FORMATION_WAIT_REJOIN|MUTEX_PASS|MUTEX_YIELD,1,1,1,31.8,0.605,-4.713,-9.527,18.605,16.13,12.818,-2.625,-4.397,-4.366
,0.0,0.0,0.0,6.084,11.7993,5.8888,1,5.5728,5.5728,LOST,0.0,FORMATION_WAIT_REJOIN|MUTEX_PASS|MUTEX_YIELD,1,1,1,31.9,0.607,-4.664,-9.527,18.605,16.139,12.818,-2.624,-4.398,-4.366
,0.0,0.0,0.0,6.0399,11.8007,5.9345,1,5.5572,5.5572,LOST,0.0,FORMATION_WAIT_REJOIN|MUTEX_PASS|MUTEX_YIELD,1,1,1,32.0,0.609,-4.615,-9.527,18.606,16.148,12.818,-2.623,-4.401,-4.366
,0.0,0.0,0.0,5.9953,11.8013,5.9806,1,5.541,5.541,LOST,0.0,FORMATION_WAIT_REJOIN|MUTEX_PASS|MUTEX_YIELD,1,1,1,32.1,0.61,-4.565,-9.526,18.606,16.158,12.818,-2.623,-4.404,-4.366
,0.0,0.0,0.0,5.9505,11.8014,6.0269,1,5.5246,5.5246,LOST,0.0,FORMATION_WAIT_REJOIN|MUTEX_PASS|MUTEX_YIELD,1,1,1,32.2,0.611,-4.516,-9.525,18.605,16.169,12.818,-2.622,-4.407,-4.365
,0.0,0.0,0.0,5.9057,11.8017,6.0739,1,5.5082,5.5082,LOST,0.0,FORMATION_WAIT_REJOIN|MUTEX_PASS|MUTEX_YIELD,1,1,1,32.3,0.612,-4.467,-9.524,18.605,16.182,12.818,-2.622,-4.412,-4.365
,0.0,0.0,0.0,5.8614,11.8025,6.1214,1,5.5065,5.5065,LOST,0.0,FORMATION_WAIT_REJOIN|MUTEX_PASS|MUTEX_YIELD,1,1,1,32.4,0.613,-4.419,-9.524,18.605,16.195,12.818,-2.621,-4.417,-4.365
,0.0,0.0,0.0,5.8173,11.8039,6.1699,1,5.5234,5.5234,LOST,0.0,FORMATION_WAIT_REJOIN|MUTEX_PASS|MUTEX_YIELD,1,1,1,32.5,0.615,-4.37,-9.525,18.605,16.209,12.817,-2.621,-4.424,-4.365
,0.0,0.0,0.0,5.7734,11.8057,6.2191,1,5.5403,5.5403,LOST,0.0,FORMATION_WAIT_REJOIN|MUTEX_PASS|MUTEX_YIELD,1,1,1,32.6,0.615,-4.322,-9.525,18.605,16.223,12.817,-2.621,-4.431,-4.365
,0.0,0.0,0.0,5.7296,11.8069,6.2682,1,5.557,5.557,LOST,0.0,FORMATION_WAIT_REJOIN|MUTEX_PASS|MUTEX_YIELD,1,1,1,32.7,0.616,-4.274,-9.525,18.606,16.239,12.817,-2.62,-4.439,-4.364
,0.0,0.0,0.0,5.6859,11.8077,6.3173,1,5.5734,5.5734,LOST,0.0,FORMATION_WAIT_REJOIN|MUTEX_PASS|MUTEX_YIELD,0,1,1,32.8,0.617,-4.226,-9.525,18.606,16.254,12.817,-2.62,-4.449,-4.363
,0.0,0.0,0.0,5.6418,11.8082,6.3669,1,5.5898,5.5898,LOST,0.0,FORMATION_WAIT_REJOIN|MUTEX_PASS|MUTEX_YIELD,0,1,1,32.9,0.618,-4.177,-9.525,18.607,16.271,12.817,-2.619,-4.458,-4.362
,0.0,0.0,0.0,5.5979,11.8087,6.4165,1,5.6062,5.6062,LOST,0.0,FORMATION_WAIT_REJOIN|MUTEX_PASS|MUTEX_YIELD,0,1,1,33.0,0.618,-4.13,-9.525,18.607,16.288,12.817,-2.619,-4.468,-4.361
,0.0,0.0,0.0,5.5541,11.8089,6.466,1,5.6224,5.6224,LOST,0.0,FORMATION_WAIT_REJOIN|MUTEX_PASS|MUTEX_YIELD,0,1,1,33.1,0.618,-4.082,-9.525,18.608,16.305,12.817,-2.619,-4.478,-4.36
,0.0,0.0,0.0,5.5107,11.8095,6.5159,1,5.6389,5.6389,LOST,0.0,FORMATION_WAIT_REJOIN|MUTEX_PASS|MUTEX_YIELD,0,1,1,33.2,0.618,-4.034,-9.526,18.609,16.322,12.818,-2.619,-4.488,-4.359
,0.0,0.0,0.0,5.4678,11.8102,6.5658,1,5.6553,5.6553,LOST,0.0,FORMATION_WAIT_REJOIN|MUTEX_PASS|MUTEX_YIELD,0,1,1,33.3,0.619,-3.986,-9.526,18.61,16.34,12.818,-2.619,-4.5,-4.357
,0.0,0.0,0.0,5.4253,11.8104,6.6154,1,5.6714,5.6714,LOST,0.0,FORMATION_WAIT_REJOIN|MUTEX_PASS|MUTEX_YIELD,0,1,1,33.4,0.619,-3.939,-9.527,18.61,16.357,12.819,-2.619,-4.512,-4.356
,0.0,0.0,0.0,5.3836,11.8107,6.6648,1,5.6874,5.6874,LOST,0.0,FORMATION_WAIT_REJOIN|MUTEX_PASS|MUTEX_YIELD,0,1,1,33.5,0.619,-3.892,-9.527,18.611,16.376,12.82,-2.619,-4.525,-4.356
,0.0,0.0,0.0,5.3423,11.8109,6.714,1,5.7033,5.7033,LOST,0.0,FORMATION_WAIT_REJOIN|MUTEX_PASS|MUTEX_YIELD,0,1,1,33.6,0.62,-3.846,-9.527,18.611,16.394,12.82,-2.619,-4.539,-4.356
,0.0,0.0,0.0,5.3012,11.8116,6.7638,1,5.7194,5.7194,LOST,0.0,FORMATION_WAIT_REJOIN|MUTEX_PASS|MUTEX_YIELD,0,1,1,33.7,0.621,-3.799,-9.527,18.611,16.413,12.821,-2.62,-4.552,-4.356
,0.0,0.0,0.0,5.2604,11.8126,6.8139,1,5.7357,5.7357,LOST,0.0,FORMATION_WAIT_REJOIN|MUTEX_PASS|MUTEX_YIELD,0,1,1,33.8,0.622,-3.753,-9.527,18.611,16.432,12.821,-2.62,-4.566,-4.356
,0.0,0.0,0.0,5.22,11.8136,6.8641,1,5.752,5.752,LOST,0.0,FORMATION_WAIT_REJOIN|MUTEX_PASS|MUTEX_YIELD,0,1,1,33.9,0.622,-3.706,-9.528,18.612,16.452,12.822,-2.62,-4.581,-4.356
,0.0,0.0,0.0,5.1797,11.8146,6.9143,1,5.7683,5.7683,LOST,0.0,FORMATION_WAIT_REJOIN|MUTEX_PASS|MUTEX_YIELD,0,1,1,34.0,0.623,-3.66,-9.528,18.612,16.471,12.822,-2.621,-4.595,-4.356
,0.0,0.0,0.0,5.1394,11.8157,6.9648,1,5.7847,5.7847,LOST,0.0,FORMATION_WAIT_REJOIN|MUTEX_PASS|MUTEX_YIELD,0,1,1,34.1,0.624,-3.614,-9.529,18.612,16.492,12.823,-2.621,-4.609,-4.357
,0.0,0.0,0.0,5.099,11.8166,7.0154,1,5.801,5.801,LOST,0.0,FORMATION_WAIT_REJOIN|MUTEX_PASS|MUTEX_YIELD,0,1,1,34.2,0.625,-3.567,-9.529,18.612,16.512,12.823,-2.621,-4.623,-4.357
,0.0,0.0,0.0,5.0583,11.8169,7.0656,1,5.8169,5.8169,LOST,0.0,FORMATION_WAIT_REJOIN|MUTEX_PASS|MUTEX_YIELD,0,1,1,34.3,0.626,-3.521,-9.529,18.612,16.532,12.823,-2.621,-4.637,-4.358
,0.0,0.0,0.0,5.0174,11.8164,7.1156,1,5.8324,5.8324,LOST,0.0,FORMATION_WAIT_REJOIN|MUTEX_PASS|MUTEX_YIELD,0,1,1,34.4,0.626,-3.474,-9.528,18.612,16.552,12.823,-2.621,-4.65,-4.358
,0.0,0.0,0.0,4.9769,11.8159,7.1657,1,5.8479,5.8479,LOST,0.0,FORMATION_WAIT_REJOIN|MUTEX_PASS|MUTEX_YIELD,0,1,1,34.5,0.626,-3.428,-9.528,18.611,16.572,12.823,-2.621,-4.664,-4.358
,0.0,0.0,0.0,4.9369,11.8157,7.2158,1,5.8633,5.8633,LOST,0.0,FORMATION_WAIT_REJOIN|MUTEX_PASS|MUTEX_YIELD,0,1,1,34.6,0.626,-3.382,-9.527,18.611,16.592,12.822,-2.622,-4.678,-4.358
,0.0,0.0,0.0,4.8971,11.8153,7.266,1,5.8786,5.8786,LOST,0.0,FORMATION_WAIT_REJOIN|MUTEX_PASS|MUTEX_YIELD,0,1,1,34.7,0.626,-3.336,-9.526,18.612,16.612,12.822,-2.622,-4.692,-4.357
,0.0,0.0,0.0,4.8579,11.8148,7.316,1,5.8937,5.8937,LOST,0.0,FORMATION_WAIT_REJOIN|MUTEX_PASS|MUTEX_YIELD,0,1,1,34.8,0.626,-3.29,-9.525,18.612,16.632,12.82,-2.622,-4.706,-4.357
,0.0,0.0,0.0,4.8192,11.8146,7.3661,1,5.909,5.909,LOST,0.0,FORMATION_WAIT_REJOIN|MUTEX_PASS|MUTEX_YIELD,0,1,1,34.9,0.626,-3.244,-9.524,18.612,16.651,12.819,-2.622,-4.721,-4.355
,0.0,0.0,0.0,4.7811,11.8145,7.4161,1,5.9241,5.9241,LOST,0.0,FORMATION_WAIT_REJOIN|MUTEX_PASS|MUTEX_YIELD,0,1,1,35.0,0.626,-3.198,-9.523,18.612,16.671,12.818,-2.621,-4.735,-4.354
,0.0,0.0,0.0,4.7435,11.8144,7.4657,1,5.9391,5.9391,LOST,0.0,FORMATION_WAIT_REJOIN|MUTEX_PASS|MUTEX_YIELD,0,1,1,35.1,0.627,-3.152,-9.521,18.612,16.691,12.816,-2.621,-4.749,-4.353
,0.0,0.0,0.0,4.7062,11.8142,7.5152,1,5.954,5.954,LOST,0.0,FORMATION_WAIT_REJOIN|MUTEX_PASS|MUTEX_YIELD,0,1,1,35.2,0.628,-3.106,-9.519,18.612,16.712,12.815,-2.62,-4.763,-4.352
,0.0,0.0,0.0,4.6694,11.8134,7.5643,1,5.9686,5.9686,LOST,0.0,FORMATION_WAIT_REJOIN|MUTEX_PASS|MUTEX_YIELD,0,1,1,35.3,0.629,-3.061,-9.517,18.612,16.732,12.814,-2.619,-4.777,-4.352
,0.0,0.0,0.0,4.6331,11.8129,7.6134,1,5.9833,5.9833,LOST,0.0,FORMATION_WAIT_REJOIN|MUTEX_PASS|MUTEX_YIELD,0,1,1,35.4,0.63,-3.015,-9.515,18.612,16.753,12.814,-2.618,-4.792,-4.352
,0.0,0.0,0.0,4.597,11.8125,7.6627,1,5.9983,5.9983,LOST,0.0,FORMATION_WAIT_REJOIN|MUTEX_PASS|MUTEX_YIELD,0,1,1,35.5,0.631,-2.97,-9.514,18.612,16.774,12.813,-2.618,-4.807,-4.351
,0.0,0.0,0.0,4.5608,11.8127,7.7126,1,6.0138,6.0138,LOST,0.0,FORMATION_WAIT_REJOIN|MUTEX_PASS|MUTEX_YIELD,0,1,1,35.6,0.632,-2.924,-9.512,18.612,16.794,12.813,-2.618,-4.821,-4.352
,0.0,0.0,0.0,4.5249,11.8134,7.7628,1,6.0296,6.0296,LOST,0.0,FORMATION_WAIT_REJOIN|MUTEX_PASS|MUTEX_YIELD,0,1,1,35.7,0.633,-2.878,-9.512,18.611,16.814,12.812,-2.617,-4.835,-4.352
,0.0,0.0,0.0,4.4893,11.8138,7.8129,1,6.0454,6.0454,LOST,0.0,FORMATION_WAIT_REJOIN|MUTEX_PASS|MUTEX_YIELD,0,1,1,35.8,0.634,-2.832,-9.511,18.611,16.834,12.811,-2.617,-4.85,-4.351
,0.0,0.0,0.0,4.4538,11.8144,7.8633,1,6.0613,6.0613,LOST,0.0,FORMATION_WAIT_REJOIN|MUTEX_PASS|MUTEX_YIELD,0,1,1,35.9,0.635,-2.786,-9.51,18.611,16.854,12.811,-2.617,-4.864,-4.351
,0.0,0.0,0.0,4.4185,11.8152,7.9141,1,6.0773,6.0773,LOST,0.0,FORMATION_WAIT_REJOIN|MUTEX_PASS|MUTEX_YIELD,0,1,1,36.0,0.636,-2.74,-9.51,18.611,16.874,12.81,-2.618,-4.878,-4.351
,0.0,0.0,0.0,4.3834,11.8159,7.9649,1,6.0934,6.0934,LOST,0.0,FORMATION_WAIT_REJOIN|MUTEX_PASS|MUTEX_YIELD,0,1,1,36.1,0.637,-2.694,-9.51,18.611,16.894,12.809,-2.618,-4.893,-4.351
,0.0,0.0,0.0,4.3484,11.8163,8.0155,1,6.1093,6.1093,LOST,0.0,FORMATION_WAIT_REJOIN|MUTEX_PASS|MUTEX_YIELD,0,1,1,36.2,0.637,-2.648,-9.51,18.61,16.915,12.809,-2.618,-4.907,-4.351
,0.0,0.0,0.0,4.3134,11.8165,8.0663,1,6.1252,6.1252,LOST,0.0,FORMATION_WAIT_REJOIN|MUTEX_PASS|MUTEX_YIELD,0,1,1,36.3,0.638,-2.603,-9.51,18.61,16.937,12.81,-2.618,-4.921,-4.351
,0.0,0.0,0.0,4.2783,11.8168,8.1174,1,6.1412,6.1412,LOST,0.0,FORMATION_WAIT_REJOIN|MUTEX_PASS|MUTEX_YIELD,0,1,1,36.4,0.638,-2.558,-9.511,18.61,16.958,12.809,-2.619,-4.935,-4.352
,0.0,0.0,0.0,4.2432,11.817,8.1687,1,6.1573,6.1573,LOST,0.0,FORMATION_WAIT_REJOIN|MUTEX_PASS|MUTEX_YIELD,0,1,1,36.5,0.638,-2.513,-9.511,18.609,16.98,12.809,-2.619,-4.948,-4.352
,0.0,0.0,0.0,4.2085,11.8178,8.2205,1,6.1738,6.1738,LOST,0.0,FORMATION_WAIT_REJOIN|MUTEX_PASS|MUTEX_YIELD,0,1,1,36.6,0.638,-2.467,-9.512,18.609,17.002,12.809,-2.619,-4.961,-4.353
,0.0,0.0,0.0,4.1745,11.8187,8.2722,1,6.1903,6.1903,LOST,0.0,FORMATION_WAIT_REJOIN|MUTEX_PASS|MUTEX_YIELD,0,1,1,36.7,0.638,-2.422,-9.513,18.609,17.024,12.809,-2.619,-4.975,-4.354
,0.0,0.0,0.0,4.1411,11.8196,8.3236,1,6.2068,6.2068,LOST,0.0,FORMATION_WAIT_REJOIN|MUTEX_PASS|MUTEX_YIELD,0,1,1,36.8,0.639,-2.376,-9.513,18.608,17.045,12.81,-2.619,-4.989,-4.355
,0.0,0.0,0.0,4.1081,11.8207,8.3751,1,6.2233,6.2233,LOST,0.0,FORMATION_WAIT_REJOIN|MUTEX_PASS|MUTEX_YIELD,0,1,1,36.9,0.639,-2.331,-9.514,18.608,17.066,12.81,-2.62,-5.003,-4.356
,0.0,0.0,0.0,4.0759,11.8219,8.4264,1,6.2398,6.2398,LOST,0.0,FORMATION_WAIT_REJOIN|MUTEX_PASS|MUTEX_YIELD,0,1,1,37.0,0.64,-2.285,-9.515,18.609,17.087,12.81,-2.621,-5.018,-4.357
,0.0,0.0,0.0,4.0441,11.8234,8.4781,1,6.2565,6.2565,LOST,0.0,FORMATION_WAIT_REJOIN|MUTEX_PASS|MUTEX_YIELD,0,1,1,37.1,0.64,-2.24,-9.516,18.609,17.108,12.81,-2.621,-5.032,-4.358
,0.0,0.0,0.0,4.0127,11.8251,8.5304,1,6.2736,6.2736,LOST,0.0,FORMATION_WAIT_REJOIN|MUTEX_PASS|MUTEX_YIELD,0,1,1,37.2,0.639,-2.194,-9.518,18.61,17.128,12.81,-2.622,-5.046,-4.359
,0.0,0.0,0.0,3.9817,11.8267,8.583,1,6.2906,6.2906,LOST,0.0,FORMATION_WAIT_REJOIN|MUTEX_PASS|MUTEX_YIELD,0,1,1,37.3,0.639,-2.149,-9.52,18.61,17.149,12.809,-2.621,-5.061,-4.359
,0.0,0.0,0.0,3.9508,11.8284,8.636,1,6.3079,6.3079,LOST,0.0,FORMATION_WAIT_REJOIN|MUTEX_PASS|MUTEX_YIELD,0,1,1,37.4,0.638,-2.103,-9.523,18.61,17.17,12.809,-2.621,-5.075,-4.36
,0.0,0.0,0.0,3.92,11.8302,8.6893,1,6.3251,6.3251,LOST,0.0,FORMATION_WAIT_REJOIN|MUTEX_PASS|MUTEX_YIELD,0,1,1,37.5,0.638,-2.057,-9.525,18.609,17.191,12.808,-2.621,-5.089,-4.36
,0.0,0.0,0.0,3.8895,11.8317,8.7423,1,6.3422,6.3422,LOST,0.0,FORMATION_WAIT_REJOIN|MUTEX_PASS|MUTEX_YIELD,0,1,1,37.6,0.637,-2.012,-9.526,18.609,17.212,12.807,-2.621,-5.103,-4.361
,0.0,0.0,0.0,3.8597,11.8332,8.7951,1,6.359,6.359,LOST,0.0,FORMATION_WAIT_REJOIN|MUTEX_PASS|MUTEX_YIELD,0,1,1,37.7,0.637,-1.966,-9.528,18.608,17.233,12.805,-2.621,-5.117,-4.361
,0.0,0.0,0.0,3.8306,11.8338,8.8471,1,6.3753,6.3753,LOST,0.0,FORMATION_WAIT_REJOIN|MUTEX_PASS|MUTEX_YIELD,0,1,1,37.8,0.636,-1.921,-9.528,18.608,17.254,12.805,-2.621,-5.131,-4.362
,0.0,0.0,0.0,3.8022,11.8338,8.8985,1,6.3913,6.3913,LOST,0.0,FORMATION_WAIT_REJOIN|MUTEX_PASS|MUTEX_YIELD,0,1,1,37.9,0.636,-1.875,-9.529,18.608,17.275,12.804,-2.621,-5.145,-4.362
,0.0,0.0,0.0,3.7744,11.8339,8.9502,1,6.4074,6.4074,LOST,0.0,FORMATION_WAIT_REJOIN|MUTEX_PASS|MUTEX_YIELD,0,1,1,38.0,0.636,-1.83,-9.529,18.608,17.297,12.804,-2.62,-5.16,-4.361
,0.0,0.0,0.0,3.7473,11.8341,9.0023,1,6.4237,6.4237,LOST,0.0,FORMATION_WAIT_REJOIN|MUTEX_PASS|MUTEX_YIELD,0,1,1,38.1,0.635,-1.784,-9.53,18.608,17.318,12.804,-2.619,-5.174,-4.361
,0.0,0.0,0.0,3.721,11.8338,9.0543,1,6.4398,6.4398,LOST,0.0,FORMATION_WAIT_REJOIN|MUTEX_PASS|MUTEX_YIELD,0,1,1,38.2,0.634,-1.738,-9.531,18.608,17.34,12.804,-2.619,-5.189,-4.36
,0.0,0.0,0.0,3.6956,11.8333,9.1062,1,6.4558,6.4558,LOST,0.0,FORMATION_WAIT_REJOIN|MUTEX_PASS|MUTEX_YIELD,0,1,1,38.3,0.633,-1.693,-9.531,18.607,17.362,12.805,-2.618,-5.205,-4.36
,0.0,0.0,0.0,3.6707,11.8329,9.1582,1,6.4719,6.4719,LOST,0.0,FORMATION_WAIT_REJOIN|MUTEX_PASS|MUTEX_YIELD,0,1,1,38.4,0.633,-1.647,-9.532,18.607,17.384,12.805,-2.617,-5.221,-4.359
,0.0,0.0,0.0,3.6477,11.8323,9.2102,1,6.4877,6.4877,LOST,0.0,FORMATION_WAIT_REJOIN|FORMATION_RECOVERY|MUTEX_YIELD,0,1,1,38.5,0.632,-1.602,-9.532,18.607,17.406,12.805,-2.617,-5.238,-4.359
,0.0,0.0,0.0,3.6273,11.8314,9.2621,1,6.5032,6.5032,LOST,0.0,FORMATION_WAIT_REJOIN|FORMATION_RECOVERY|MUTEX_YIELD,0,1,1,38.6,0.631,-1.557,-9.532,18.607,17.429,12.805,-2.616,-5.259,-4.359
,0.0,0.0,0.0,3.6097,11.8309,9.3144,1,6.5189,6.5189,LOST,0.0,FORMATION_WAIT_REJOIN|FORMATION_RECOVERY|MUTEX_YIELD,0,1,1,38.7,0.631,-1.512,-9.532,18.606,17.452,12.806,-2.616,-5.282,-4.359
,0.0,0.0,0.0,3.5946,11.8309,9.3673,1,6.5346,6.5346,LOST,0.0,FORMATION_WAIT_REJOIN|FORMATION_RECOVERY|MUTEX_YIELD,0,1,1,38.8,0.631,-1.468,-9.532,18.605,17.476,12.806,-2.616,-5.307,-4.359
,0.0,0.0,0.0,3.5817,11.8307,9.4201,1,6.5502,6.5502,LOST,0.0,FORMATION_WAIT_REJOIN|FORMATION_RECOVERY|MUTEX_YIELD,0,1,1,38.9,0.631,-1.424,-9.532,18.605,17.501,12.806,-2.615,-5.333,-4.359
,0.0,0.0,0.0,3.5711,11.8303,9.4722,1,6.5655,6.5655,LOST,0.0,FORMATION_WAIT_REJOIN|FORMATION_RECOVERY|MUTEX_YIELD,0,1,1,39.0,0.632,-1.38,-9.532,18.604,17.525,12.807,-2.615,-5.361,-4.359
,0.0,0.0,0.0,3.5624,11.8294,9.524,1,6.5804,6.5804,LOST,0.0,FORMATION_WAIT_REJOIN|FORMATION_RECOVERY|MUTEX_YIELD,0,1,1,39.1,0.633,-1.336,-9.531,18.603,17.55,12.807,-2.615,-5.39,-4.359
,0.0,0.0,0.0,3.5554,11.8283,9.5754,1,6.5951,6.5951,LOST,0.0,FORMATION_WAIT_REJOIN|FORMATION_RECOVERY|MUTEX_YIELD,0,1,1,39.2,0.634,-1.293,-9.53,18.602,17.574,12.808,-2.615,-5.42,-4.358
,0.0,0.0,0.0,3.5502,11.8275,9.6271,1,6.61,6.61,LOST,0.0,FORMATION_WAIT_REJOIN|FORMATION_RECOVERY|MUTEX_YIELD,0,1,1,39.3,0.635,-1.249,-9.529,18.602,17.598,12.809,-2.614,-5.451,-4.358
,0.0,0.0,0.0,3.5466,11.8272,9.6792,1,6.6251,6.6251,LOST,0.0,FORMATION_WAIT_REJOIN|FORMATION_RECOVERY|MUTEX_YIELD,0,1,1,39.4,0.637,-1.205,-9.527,18.601,17.623,12.81,-2.614,-5.483,-4.357
,0.0,0.0,0.0,3.5443,11.8273,9.7314,1,6.6403,6.6403,LOST,0.0,FORMATION_WAIT_REJOIN|FORMATION_RECOVERY|MUTEX_YIELD,0,1,1,39.5,0.638,-1.161,-9.526,18.601,17.647,12.81,-2.614,-5.514,-4.357
,0.0,0.0,0.0,3.543,11.8271,9.7836,1,6.6553,6.6553,LOST,0.0,FORMATION_WAIT_REJOIN|FORMATION_RECOVERY|MUTEX_YIELD,0,1,1,39.6,0.64,-1.117,-9.524,18.601,17.671,12.81,-2.614,-5.546,-4.356
,0.0,0.0,0.0,3.5425,11.8267,9.8355,1,6.67,6.67,LOST,0.0,FORMATION_WAIT_REJOIN|FORMATION_RECOVERY|MUTEX_YIELD,0,1,1,39.7,0.642,-1.073,-9.522,18.602,17.696,12.81,-2.613,-5.578,-4.356
,0.0,0.0,0.0,3.5421,11.8266,9.8878,1,6.6849,6.6849,LOST,0.0,FORMATION_WAIT_REJOIN|FORMATION_RECOVERY|MUTEX_YIELD,0,1,1,39.8,0.643,-1.03,-9.52,18.602,17.721,12.81,-2.613,-5.608,-4.356
,0.0,0.0,0.0,3.5418,11.8265,9.9405,1,6.6999,6.6999,LOST,0.0,FORMATION_WAIT_REJOIN|FORMATION_RECOVERY|MUTEX_YIELD,0,1,1,39.9,0.644,-0.986,-9.518,18.602,17.745,12.809,-2.612,-5.638,-4.355
,0.0,0.0,0.0,3.5409,11.8262,9.9933,1,6.715,6.715,LOST,0.0,FORMATION_WAIT_REJOIN|FORMATION_RECOVERY|MUTEX_YIELD,0,1,1,40.0,0.645,-0.942,-9.516,18.603,17.77,12.809,-2.612,-5.666,-4.354
,0.0,0.0,0.0,3.5398,11.8262,10.0463,1,6.7303,6.7303,LOST,0.0,FORMATION_WAIT_REJOIN|FORMATION_RECOVERY|MUTEX_YIELD,0,1,1,40.1,0.646,-0.897,-9.515,18.603,17.795,12.809,-2.611,-5.693,-4.353
,0.0,0.0,0.0,3.5383,11.8263,10.0991,1,6.7457,6.7457,LOST,0.0,FORMATION_WAIT_REJOIN|FORMATION_RECOVERY|MUTEX_YIELD,0,1,1,40.2,0.647,-0.853,-9.514,18.603,17.821,12.808,-2.611,-5.718,-4.353
,0.0,0.0,0.0,3.5361,11.8264,10.1515,1,6.761,6.761,LOST,0.0,FORMATION_WAIT_REJOIN|FORMATION_RECOVERY|MUTEX_YIELD,0,1,1,40.3,0.648,-0.81,-9.513,18.603,17.846,12.807,-2.611,-5.742,-4.353
,0.0,0.0,0.0,3.5333,11.8265,10.2036,1,6.7762,6.7762,LOST,0.0,FORMATION_WAIT_REJOIN|FORMATION_RECOVERY|MUTEX_YIELD,0,1,1,40.4,0.648,-0.767,-9.512,18.603,17.871,12.806,-2.611,-5.765,-4.354
,0.0,0.0,0.0,3.5299,11.826,10.2553,1,6.7912,6.7912,LOST,0.0,FORMATION_WAIT_REJOIN|FORMATION_RECOVERY|MUTEX_YIELD,0,1,1,40.5,0.649,-0.724,-9.51,18.602,17.896,12.805,-2.611,-5.786,-4.354
,0.0,0.0,0.0,3.5259,11.8258,10.3071,1,6.8066,6.8066,LOST,0.0,FORMATION_WAIT_REJOIN|FORMATION_RECOVERY|MUTEX_YIELD,0,1,1,40.6,0.649,-0.681,-9.509,18.601,17.921,12.804,-2.611,-5.805,-4.355
,0.0,0.0,0.0,3.5212,11.8257,10.3586,1,6.8219,6.8219,LOST,0.0,FORMATION_WAIT_REJOIN|FORMATION_RECOVERY|MUTEX_YIELD,0,1,1,40.7,0.65,-0.638,-9.509,18.6,17.946,12.803,-2.611,-5.823,-4.355
,0.0,0.0,0.0,3.5157,11.8253,10.4102,1,6.8373,6.8373,LOST,0.0,FORMATION_WAIT_REJOIN|FORMATION_RECOVERY|MUTEX_YIELD,0,1,1,40.8,0.65,-0.595,-9.508,18.599,17.971,12.802,-2.612,-5.839,-4.356
,0.0,0.0,0.0,3.5096,11.8244,10.4616,1,6.8526,6.8526,LOST,0.0,FORMATION_WAIT_REJOIN|FORMATION_RECOVERY|MUTEX_YIELD,0,1,1,40.9,0.65,-0.552,-9.508,18.598,17.997,12.802,-2.612,-5.854,-4.357
,0.0,0.0,0.0,3.5034,11.8231,10.5126,1,6.8678,6.8678,LOST,0.0,FORMATION_WAIT_REJOIN|FORMATION_RECOVERY|MUTEX_YIELD,0,1,1,41.0,0.65,-0.508,-9.507,18.596,18.022,12.802,-2.612,-5.869,-4.357
,0.0,0.0,0.0,3.4974,11.8222,10.5638,1,6.8834,6.8834,LOST,0.0,FORMATION_WAIT_REJOIN|FORMATION_RECOVERY|MUTEX_YIELD,0,1,1,41.1,0.65,-0.465,-9.507,18.595,18.047,12.802,-2.612,-5.882,-4.357
,0.0,0.0,0.0,3.4911,11.8216,10.6153,1,6.8993,6.8993,LOST,0.0,FORMATION_WAIT_REJOIN|FORMATION_RECOVERY|MUTEX_YIELD,0,1,1,41.2,0.65,-0.421,-9.507,18.594,18.072,12.803,-2.612,-5.894,-4.357
,0.0,0.0,0.0,3.4848,11.8206,10.6665,1,6.9151,6.9151,LOST,0.0,FORMATION_WAIT_REJOIN|FORMATION_RECOVERY|MUTEX_YIELD,0,1,1,41.3,0.65,-0.377,-9.507,18.593,18.096,12.803,-2.612,-5.905,-4.356
,0.0,0.0,0.0,3.4783,11.8197,10.7171,1,6.9306,6.9306,LOST,0.0,FORMATION_WAIT_REJOIN|FORMATION_RECOVERY|MUTEX_YIELD,0,1,1,41.4,0.649,-0.333,-9.507,18.593,18.121,12.804,-2.612,-5.915,-4.356
,0.0,0.0,0.0,3.4719,11.8192,10.7678,1,6.9464,6.9464,LOST,0.0,FORMATION_WAIT_REJOIN|FORMATION_RECOVERY|MUTEX_YIELD,0,1,1,41.5,0.649,-0.29,-9.507,18.592,18.145,12.804,-2.612,-5.924,-4.356
,0.0,0.0,0.0,3.4654,11.819,10.8184,1,6.9624,6.9624,LOST,0.0,FORMATION_WAIT_REJOIN|FORMATION_RECOVERY|MUTEX_YIELD,0,1,1,41.6,0.649,-0.246,-9.508,18.592,18.169,12.805,-2.611,-5.932,-4.356
,0.0,0.0,0.0,3.4592,11.8184,10.8683,1,6.9779,6.9779,LOST,0.0,FORMATION_WAIT_REJOIN|FORMATION_RECOVERY|MUTEX_YIELD,0,1,1,41.7,0.648,-0.203,-9.508,18.591,18.193,12.805,-2.611,-5.94,-4.356
,0.0,0.0,0.0,3.4537,11.8176,10.9167,1,6.9929,6.9929,LOST,0.0,FORMATION_WAIT_REJOIN|FORMATION_RECOVERY|MUTEX_YIELD,0,1,1,41.8,0.647,-0.162,-9.509,18.591,18.216,12.805,-2.61,-5.947,-4.356
,0.0,0.0,0.0,3.4487,11.8168,10.9633,1,7.0074,7.0074,LOST,0.0,FORMATION_WAIT_REJOIN|FORMATION_RECOVERY|MUTEX_YIELD,0,1,1,41.9,0.646,-0.121,-9.508,18.59,18.239,12.806,-2.609,-5.953,-4.357
,0.0,0.0,0.0,3.4439,11.8157,11.0079,1,7.0212,7.0212,LOST,0.0,FORMATION_WAIT_REJOIN|FORMATION_RECOVERY|MUTEX_YIELD,0,1,1,42.0,0.646,-0.082,-9.508,18.59,18.261,12.806,-2.609,-5.959,-4.357
,0.0,0.0,0.0,3.4396,11.8148,11.0507,1,7.0343,7.0343,LOST,0.0,FORMATION_WAIT_REJOIN|FORMATION_RECOVERY|MUTEX_YIELD,0,1,1,42.1,0.645,-0.044,-9.507,18.589,18.281,12.806,-2.608,-5.964,-4.358
,0.0,0.0,0.0,3.436,11.8141,11.0913,1,7.0469,7.0469,LOST,0.0,FORMATION_WAIT_REJOIN|FORMATION_RECOVERY|MUTEX_YIELD,0,1,1,42.2,0.645,-0.008,-9.507,18.589,18.301,12.805,-2.608,-5.969,-4.359
,0.0,0.0,0.0,3.4333,11.8139,11.1303,1,7.0591,7.0591,LOST,0.0,FORMATION_WAIT_REJOIN|FORMATION_RECOVERY|MUTEX_YIELD,0,1,1,42.3,0.645,0.026,-9.506,18.589,18.319,12.805,-2.607,-5.973,-4.359
,0.0,0.0,0.0,3.4311,11.8144,11.1677,1,7.071,7.071,LOST,0.0,FORMATION_WAIT_REJOIN|FORMATION_RECOVERY|MUTEX_YIELD,0,1,1,42.4,0.645,0.059,-9.507,18.588,18.337,12.805,-2.606,-5.977,-4.359
,0.0,0.0,0.0,3.4289,11.8083,11.1965,1,7.0775,7.0775,LOST,0.0,FORMATION_WAIT_REJOIN|FORMATION_RECOVERY|MUTEX_PASS,0,1,1,42.5,0.645,0.089,-9.499,18.588,18.354,12.805,-2.605,-5.981,-4.359
,0.0,0.0,0.0,3.4271,11.7927,11.2138,1,7.0765,7.0765,LOST,0.0,FORMATION_WAIT_REJOIN|FORMATION_RECOVERY|MUTEX_PASS,0,1,1,42.6,0.646,0.118,-9.482,18.588,18.37,12.807,-2.605,-5.984,-4.359
,0.0,0.0,0.0,3.4259,11.7694,11.2219,1,7.0696,7.0696,LOST,0.0,FORMATION_WAIT_REJOIN|FORMATION_RECOVERY|MUTEX_PASS,0,1,1,42.7,0.646,0.145,-9.457,18.588,18.386,12.811,-2.605,-5.988,-4.358
,0.0,0.0,0.0,3.4251,11.7401,11.2219,1,7.0576,7.0576,LOST,0.0,FORMATION_WAIT_REJOIN|FORMATION_RECOVERY|MUTEX_PASS,0,1,1,42.8,0.646,0.171,-9.425,18.588,18.399,12.815,-2.605,-5.991,-4.358
,0.0,0.0,0.0,3.4247,11.7059,11.2152,1,7.0415,7.0415,LOST,0.0,FORMATION_WAIT_REJOIN|FORMATION_RECOVERY|MUTEX_PASS,0,1,1,42.9,0.647,0.196,-9.387,18.589,18.412,12.821,-2.604,-5.995,-4.357
,0.0,0.0,0.0,3.4245,11.6677,11.203,1,7.0221,7.0221,LOST,0.0,FORMATION_WAIT_REJOIN|FORMATION_RECOVERY|MUTEX_PASS,0,1,1,43.0,0.647,0.219,-9.346,18.589,18.424,12.827,-2.604,-5.998,-4.357
,0.0,0.0,0.0,3.4242,11.6267,11.1863,1,7.0,7.0,LOST,0.0,FORMATION_WAIT_REJOIN|FORMATION_RECOVERY|MUTEX_PASS,0,1,1,43.1,0.647,0.241,-9.301,18.59,18.435,12.833,-2.605,-6.001,-4.356
,0.0,0.0,0.0,3.4242,11.5834,11.1659,1,6.9758,6.9758,LOST,0.0,FORMATION_WAIT_REJOIN|FORMATION_RECOVERY|MUTEX_PASS,0,1,1,43.2,0.647,0.261,-9.254,18.59,18.446,12.839,-2.605,-6.004,-4.356
,0.0,0.0,0.0,3.4244,11.5379,11.1422,1,6.9497,6.9497,LOST,0.0,FORMATION_WAIT_REJOIN|FORMATION_RECOVERY|MUTEX_PASS,0,1,1,43.3,0.647,0.28,-9.205,18.59,18.456,12.846,-2.605,-6.007,-4.356
,0.0,0.0,0.0,3.4247,11.4909,11.1158,1,6.9221,6.9221,LOST,0.0,FORMATION_WAIT_REJOIN|FORMATION_RECOVERY|MUTEX_PASS,0,1,1,43.4,0.648,0.298,-9.154,18.59,18.465,12.853,-2.605,-6.009,-4.356
,0.0,0.0,0.0,3.4254,11.4428,11.0866,1,6.8932,6.8932,LOST,0.0,FORMATION_WAIT_REJOIN|FORMATION_RECOVERY|MUTEX_PASS,0,1,1,43.5,0.648,0.315,-9.102,18.59,18.473,12.861,-2.605,-6.012,-4.355
,0.0,0.0,0.0,3.4264,11.3944,11.0556,1,6.8635,6.8635,LOST,0.0,FORMATION_WAIT_REJOIN|FORMATION_RECOVERY|MUTEX_PASS,0,1,1,43.6,0.649,0.33,-9.049,18.59,18.481,12.868,-2.605,-6.015,-4.355
,0.0,0.0,0.0,3.4274,11.3457,11.0232,1,6.8332,6.8332,LOST,0.0,FORMATION_WAIT_REJOIN|FORMATION_RECOVERY|MUTEX_PASS,0,1,1,43.7,0.649,0.345,-8.995,18.59,18.488,12.876,-2.606,-6.018,-4.355
,0.0,0.0,0.0,3.4286,11.2961,10.9894,1,6.8022,6.8022,LOST,0.0,FORMATION_WAIT_REJOIN|FORMATION_RECOVERY|MUTEX_PASS,0,1,1,43.8,0.65,0.359,-8.941,18.59,18.495,12.884,-2.606,-6.021,-4.354
,0.0,0.0,0.0,3.4295,11.2463,10.9546,1,6.7707,6.7707,LOST,0.0,FORMATION_WAIT_REJOIN|FORMATION_RECOVERY|MUTEX_PASS,0,1,1,43.9,0.651,0.372,-8.887,18.589,18.502,12.892,-2.607,-6.024,-4.353
,0.0,0.0,0.0,3.4303,11.1966,10.9193,1,6.739,6.739,LOST,0.0,FORMATION_WAIT_REJOIN|FORMATION_RECOVERY|MUTEX_PASS,0,1,1,44.0,0.651,0.384,-8.833,18.589,18.509,12.9,-2.607,-6.026,-4.352
,0.0,0.0,0.0,3.431,11.1462,10.8825,1,6.7067,6.7067,LOST,0.0,FORMATION_WAIT_REJOIN|FORMATION_RECOVERY|MUTEX_PASS,0,1,1,44.1,0.652,0.396,-8.779,18.588,18.515,12.907,-2.607,-6.028,-4.351
,0.0,0.0,0.0,3.4319,11.0953,10.8439,1,6.6737,6.6737,LOST,0.0,FORMATION_WAIT_REJOIN|FORMATION_RECOVERY|MUTEX_PASS,0,1,1,44.2,0.652,0.407,-8.724,18.588,18.52,12.916,-2.607,-6.03,-4.35
,0.0,0.0,0.0,3.4332,11.0444,10.8041,1,6.6405,6.6405,LOST,0.0,FORMATION_WAIT_REJOIN|FORMATION_RECOVERY|MUTEX_PASS,0,1,1,44.3,0.652,0.416,-8.67,18.587,18.525,12.926,-2.607,-6.032,-4.35
,0.0,0.0,0.0,3.4346,10.9933,10.7634,1,6.6073,6.6073,LOST,0.0,FORMATION_WAIT_REJOIN|FORMATION_RECOVERY|MUTEX_PASS,0,1,1,44.4,0.652,0.425,-8.617,18.586,18.53,12.938,-2.607,-6.034,-4.35
,0.0,0.0,0.0,3.4358,10.9416,10.7218,1,6.5741,6.5741,LOST,0.0,FORMATION_WAIT_REJOIN|FORMATION_RECOVERY|MUTEX_PASS,0,1,1,44.5,0.652,0.433,-8.564,18.586,18.534,12.951,-2.607,-6.036,-4.35
,0.0,0.0,0.0,3.4369,10.8893,10.6795,1,6.5408,6.5408,LOST,0.0,FORMATION_WAIT_REJOIN|FORMATION_RECOVERY|MUTEX_PASS,0,1,1,44.6,0.651,0.441,-8.512,18.586,18.538,12.967,-2.607,-6.038,-4.35
,0.0,0.0,0.0,3.4378,10.8368,10.6365,1,6.5076,6.5076,LOST,0.0,FORMATION_WAIT_REJOIN|FORMATION_RECOVERY|MUTEX_PASS,0,1,1,44.7,0.65,0.449,-8.461,18.586,18.543,12.984,-2.608,-6.039,-4.35
,0.0,0.0,0.0,3.4386,10.7838,10.5928,1,6.4747,6.4747,LOST,0.0,FORMATION_WAIT_REJOIN|FORMATION_RECOVERY|MUTEX_PASS,0,1,1,44.8,0.65,0.456,-8.411,18.586,18.547,13.005,-2.608,-6.041,-4.35
,0.0,0.0,0.0,3.4395,10.731,10.5489,1,6.4425,6.4425,LOST,0.0,FORMATION_WAIT_REJOIN|FORMATION_RECOVERY|MUTEX_PASS,0,1,1,44.9,0.65,0.464,-8.363,18.586,18.551,13.027,-2.609,-6.043,-4.35
,0.0,0.0,0.0,3.4407,10.6785,10.5046,1,6.4106,6.4106,LOST,0.0,FORMATION_WAIT_REJOIN|FORMATION_RECOVERY|MUTEX_PASS,0,1,1,45.0,0.65,0.471,-8.315,18.586,18.555,13.052,-2.609,-6.045,-4.351
,0.0,0.0,0.0,3.4418,10.6263,10.4602,1,6.3794,6.3794,LOST,0.0,FORMATION_WAIT_REJOIN|FORMATION_RECOVERY|MUTEX_PASS,0,1,1,45.1,0.65,0.477,-8.269,18.587,18.559,13.078,-2.61,-6.047,-4.351
,0.0,0.0,0.0,3.4427,10.5741,10.4153,1,6.3486,6.3486,LOST,0.0,FORMATION_WAIT_REJOIN|FORMATION_RECOVERY|MUTEX_PASS,0,1,1,45.2,0.65,0.484,-8.224,18.586,18.563,13.107,-2.61,-6.049,-4.351
,0.0,0.0,0.0,3.4438,10.5221,10.37,1,6.3184,6.3184,LOST,0.0,FORMATION_WAIT_REJOIN|FORMATION_WAIT_REJOIN|MUTEX_PASS,0,1,1,45.3,0.65,0.49,-8.181,18.586,18.566,13.137,-2.611,-6.051,-4.352
,0.0,0.0,0.0,3.4449,10.4708,10.3252,1,6.2891,6.2891,LOST,0.0,FORMATION_WAIT_REJOIN|FORMATION_WAIT_REJOIN|MUTEX_PASS,0,1,1,45.4,0.65,0.496,-8.14,18.586,18.569,13.169,-2.611,-6.052,-4.353
,0.0,0.0,0.0,3.4459,10.4196,10.2806,1,6.2601,6.2601,LOST,0.0,FORMATION_WAIT_REJOIN|FORMATION_WAIT_REJOIN|MUTEX_PASS,0,1,1,45.5,0.65,0.501,-8.099,18.586,18.572,13.202,-2.611,-6.054,-4.353
,0.0,0.0,0.0,3.447,10.3684,10.2359,1,6.2318,6.2318,LOST,0.0,FORMATION_WAIT_REJOIN|FORMATION_WAIT_REJOIN|MUTEX_PASS,0,1,1,45.6,0.65,0.506,-8.06,18.586,18.575,13.237,-2.612,-6.056,-4.353
,0.0,0.0,0.0,3.4484,10.3174,10.191,1,6.2037,6.2037,LOST,0.0,FORMATION_WAIT_REJOIN|FORMATION_WAIT_REJOIN|MUTEX_PASS,0,1,1,45.7,0.65,0.512,-8.021,18.586,18.578,13.273,-2.612,-6.058,-4.353
,0.0,0.0,0.0,3.4498,10.2666,10.1458,1,6.1761,6.1761,LOST,0.0,FORMATION_WAIT_REJOIN|FORMATION_WAIT_REJOIN|MUTEX_PASS,0,1,1,45.8,0.65,0.517,-7.984,18.585,18.58,13.311,-2.612,-6.059,-4.354
,0.0,0.0,0.0,3.4512,10.216,10.1006,1,6.1492,6.1492,LOST,0.0,FORMATION_WAIT_REJOIN|FORMATION_WAIT_REJOIN|MUTEX_PASS,0,1,1,45.9,0.65,0.522,-7.948,18.585,18.582,13.351,-2.613,-6.061,-4.354
,0.0,0.0,0.0,3.4526,10.1657,10.0557,1,6.123,6.123,LOST,0.0,FORMATION_WAIT_REJOIN|FORMATION_WAIT_REJOIN|MUTEX_PASS,0,1,1,46.0,0.65,0.526,-7.913,18.586,18.584,13.392,-2.613,-6.064,-4.354
,0.0,0.0,0.0,3.4533,10.1158,10.011,1,6.0974,6.0974,LOST,0.0,FORMATION_WAIT_REJOIN|FORMATION_WAIT_REJOIN|MUTEX_PASS,0,1,1,46.1,0.65,0.531,-7.88,18.586,18.586,13.434,-2.614,-6.065,-4.354
,0.0,0.0,0.0,3.4539,10.0667,9.9674,1,6.0728,6.0728,LOST,0.0,FORMATION_WAIT_REJOIN|FORMATION_WAIT_REJOIN|MUTEX_PASS,0,1,1,46.2,0.649,0.535,-7.849,18.586,18.589,13.477,-2.615,-6.067,-4.354
,0.0,0.0,0.0,3.455,10.0181,9.9244,1,6.049,6.049,LOST,0.0,FORMATION_WAIT_REJOIN|FORMATION_WAIT_REJOIN|MUTEX_PASS,0,1,1,46.3,0.649,0.539,-7.818,18.586,18.591,13.521,-2.615,-6.069,-4.354
,0.0,0.0,0.0,3.4563,9.97,9.8819,1,6.0257,6.0257,LOST,0.0,FORMATION_WAIT_REJOIN|FORMATION_WAIT_REJOIN|MUTEX_PASS,0,1,1,46.4,0.648,0.544,-7.788,18.586,18.593,13.565,-2.616,-6.071,-4.354
,0.0,0.0,0.0,3.4575,9.9227,9.8401,1,6.0032,6.0032,LOST,0.0,FORMATION_WAIT_REJOIN|FORMATION_WAIT_REJOIN|MUTEX_PASS,0,1,1,46.5,0.648,0.548,-7.76,18.586,18.596,13.61,-2.616,-6.072,-4.355
,0.0,0.0,0.0,3.459,9.8761,9.7989,1,5.9813,5.9813,LOST,0.0,FORMATION_WAIT_REJOIN|FORMATION_WAIT_REJOIN|MUTEX_PASS,0,1,1,46.6,0.647,0.553,-7.732,18.585,18.598,13.655,-2.616,-6.074,-4.355
,0.0,0.0,0.0,3.4604,9.8303,9.758,1,5.9599,5.9599,LOST,0.0,FORMATION_WAIT_REJOIN|FORMATION_WAIT_REJOIN|MUTEX_PASS,0,1,1,46.7,0.648,0.558,-7.704,18.585,18.6,13.7,-2.616,-6.076,-4.356
,0.0,0.0,0.0,3.4614,9.7846,9.7169,1,5.9386,5.9386,LOST,0.0,FORMATION_WAIT_REJOIN|FORMATION_WAIT_REJOIN|MUTEX_PASS,0,1,1,46.8,0.648,0.562,-7.676,18.585,18.601,13.745,-2.617,-6.077,-4.356
,0.0,0.0,0.0,3.4624,9.7386,9.6755,1,5.9174,5.9174,LOST,0.0,FORMATION_WAIT_REJOIN|FORMATION_WAIT_REJOIN|MUTEX_PASS,0,1,1,46.9,0.648,0.567,-7.649,18.585,18.603,13.791,-2.617,-6.079,-4.357
,0.0,0.0,0.0,3.4635,9.6932,9.6342,1,5.8964,5.8964,LOST,0.0,FORMATION_WAIT_REJOIN|FORMATION_WAIT_REJOIN|MUTEX_PASS,0,1,1,47.0,0.648,0.571,-7.622,18.585,18.604,13.836,-2.617,-6.08,-4.358
,0.0,0.0,0.0,3.4645,9.6485,9.593,1,5.8757,5.8757,LOST,0.0,FORMATION_WAIT_REJOIN|FORMATION_WAIT_REJOIN|MUTEX_PASS,0,1,1,47.1,0.648,0.575,-7.595,18.585,18.606,13.882,-2.618,-6.081,-4.359
,0.0,0.0,0.0,3.4651,9.604,9.5519,1,5.8553,5.8553,LOST,0.0,FORMATION_WAIT_REJOIN|FORMATION_WAIT_REJOIN|MUTEX_PASS,0,1,1,47.2,0.648,0.578,-7.568,18.584,18.607,13.927,-2.618,-6.082,-4.359
,0.0,0.0,0.0,3.4658,9.5601,9.5109,1,5.8352,5.8352,LOST,0.0,FORMATION_WAIT_REJOIN|FORMATION_WAIT_REJOIN|MUTEX_PASS,0,1,1,47.3,0.649,0.581,-7.542,18.584,18.608,13.972,-2.618,-6.083,-4.36
,0.0,0.0,0.0,3.4665,9.5168,9.47,1,5.8155,5.8155,LOST,0.0,FORMATION_WAIT_REJOIN|FORMATION_WAIT_REJOIN|MUTEX_PASS,0,1,1,47.4,0.649,0.584,-7.517,18.584,18.609,14.017,-2.618,-6.084,-4.361
,0.0,0.0,0.0,3.4672,9.4737,9.4288,1,5.7958,5.7958,LOST,0.0,FORMATION_WAIT_REJOIN|FORMATION_WAIT_REJOIN|MUTEX_PASS,0,1,1,47.5,0.65,0.587,-7.491,18.583,18.61,14.062,-2.618,-6.085,-4.362
,0.0,0.0,0.0,3.4681,9.4304,9.387,1,5.776,5.776,LOST,0.0,FORMATION_WAIT_REJOIN|FORMATION_WAIT_REJOIN|MUTEX_PASS,0,1,1,47.6,0.65,0.589,-7.465,18.583,18.61,14.107,-2.618,-6.085,-4.362
,0.0,0.0,0.0,3.4691,9.3877,9.3454,1,5.7564,5.7564,LOST,0.0,FORMATION_WAIT_REJOIN|FORMATION_WAIT_REJOIN|MUTEX_PASS,0,1,1,47.7,0.651,0.591,-7.439,18.583,18.61,14.152,-2.617,-6.086,-4.363
,0.0,0.0,0.0,3.4702,9.3452,9.3041,1,5.7371,5.7371,LOST,0.0,FORMATION_WAIT_REJOIN|FORMATION_WAIT_REJOIN|MUTEX_PASS,0,1,1,47.8,0.652,0.594,-7.414,18.582,18.61,14.197,-2.617,-6.086,-4.363
,0.0,0.0,0.0,3.4708,9.3029,9.2631,1,5.7179,5.7179,LOST,0.0,FORMATION_WAIT_REJOIN|FORMATION_WAIT_REJOIN|MUTEX_PASS,0,1,1,47.9,0.653,0.596,-7.388,18.582,18.611,14.241,-2.617,-6.087,-4.362
,0.0,0.0,0.0,3.4714,9.2604,9.2222,1,5.6988,5.6988,LOST,0.0,FORMATION_WAIT_REJOIN|FORMATION_WAIT_REJOIN|MUTEX_PASS,0,1,1,48.0,0.654,0.598,-7.362,18.582,18.611,14.286,-2.616,-6.087,-4.362
,0.0,0.0,0.0,3.4719,9.2177,9.1814,1,5.6797,5.6797,LOST,0.0,FORMATION_WAIT_REJOIN|FORMATION_WAIT_REJOIN|MUTEX_PASS,0,1,1,48.1,0.654,0.6,-7.336,18.582,18.611,14.33,-2.616,-6.087,-4.361
,0.0,0.0,0.0,3.4722,9.175,9.141,1,5.6608,5.6608,LOST,0.0,FORMATION_WAIT_REJOIN|FORMATION_WAIT_REJOIN|MUTEX_PASS,0,1,1,48.2,0.654,0.603,-7.311,18.581,18.612,14.374,-2.616,-6.088,-4.36
,0.0,0.0,0.0,3.4727,9.1322,9.1001,1,5.6418,5.6418,LOST,0.0,FORMATION_WAIT_REJOIN|FORMATION_WAIT_REJOIN|MUTEX_PASS,0,1,1,48.3,0.655,0.604,-7.285,18.581,18.612,14.419,-2.616,-6.088,-4.359
,0.0,0.0,0.0,3.4735,9.0895,9.0587,1,5.6227,5.6227,LOST,0.0,FORMATION_WAIT_REJOIN|FORMATION_WAIT_REJOIN|MUTEX_PASS,0,1,1,48.4,0.655,0.606,-7.259,18.581,18.612,14.463,-2.616,-6.089,-4.358
,0.0,0.0,0.0,3.4742,9.0467,9.0175,1,5.6037,5.6037,LOST,0.0,FORMATION_WAIT_REJOIN|FORMATION_WAIT_REJOIN|MUTEX_PASS,0,1,1,48.5,0.654,0.607,-7.233,18.581,18.612,14.508,-2.615,-6.089,-4.358
,0.0,0.0,0.0,3.4752,9.0043,8.9768,1,5.5849,5.5849,LOST,0.0,FORMATION_WAIT_REJOIN|FORMATION_WAIT_REJOIN|MUTEX_PASS,0,1,1,48.6,0.654,0.608,-7.208,18.581,18.613,14.553,-2.615,-6.09,-4.357
,0.0,0.0,0.0,3.4763,8.9616,8.9363,1,5.5663,5.5663,LOST,0.0,FORMATION_WAIT_REJOIN|FORMATION_WAIT_REJOIN|MUTEX_PASS,0,1,1,48.7,0.654,0.61,-7.182,18.581,18.614,14.597,-2.615,-6.091,-4.356
,0.0,0.0,0.0,3.4776,8.9191,8.8964,1,5.5479,5.5479,LOST,0.0,FORMATION_WAIT_REJOIN|FORMATION_WAIT_REJOIN|MUTEX_PASS,0,1,1,48.8,0.654,0.612,-7.156,18.58,18.616,14.641,-2.614,-6.091,-4.356
,0.0,0.0,0.0,3.4789,8.8771,8.8566,1,5.5296,5.5296,LOST,0.0,FORMATION_WAIT_REJOIN|FORMATION_WAIT_REJOIN|MUTEX_PASS,0,1,1,48.9,0.654,0.613,-7.131,18.58,18.617,14.685,-2.613,-6.092,-4.355
,0.0,0.0,0.0,3.48,8.8352,8.8166,1,5.5114,5.5114,LOST,0.0,FORMATION_WAIT_REJOIN|FORMATION_WAIT_REJOIN|MUTEX_PASS,0,1,1,49.0,0.654,0.615,-7.105,18.58,18.618,14.729,-2.612,-6.092,-4.355
,0.0,0.0,0.0,3.4809,8.7933,8.7763,1,5.4932,5.4932,LOST,0.0,FORMATION_WAIT_REJOIN|FORMATION_WAIT_REJOIN|MUTEX_PASS,0,1,1,49.1,0.654,0.616,-7.079,18.579,18.619,14.772,-2.612,-6.092,-4.355
,0.0,0.0,0.0,3.4817,8.7516,8.7359,1,5.4755,5.4755,LOST,0.0,FORMATION_WAIT_REJOIN|FORMATION_WAIT_REJOIN|MUTEX_PASS,0,1,1,49.2,0.654,0.617,-7.054,18.578,18.619,14.817,-2.611,-6.092,-4.355
,0.0,0.0,0.0,3.4822,8.7104,8.696,1,5.4582,5.4582,LOST,0.0,FORMATION_WAIT_REJOIN|FORMATION_WAIT_REJOIN|MUTEX_PASS,0,1,1,49.3,0.654,0.618,-7.029,18.577,18.62,14.861,-2.611,-6.093,-4.355
,0.0,0.0,0.0,3.4824,8.669,8.6564,1,5.4411,5.4411,LOST,0.0,FORMATION_WAIT_REJOIN|FORMATION_WAIT_REJOIN|MUTEX_PASS,0,1,1,49.4,0.654,0.62,-7.004,18.576,18.621,14.906,-2.61,-6.092,-4.355
,0.0,0.0,0.0,3.483,8.6276,8.6172,1,5.4242,5.4242,LOST,0.0,FORMATION_WAIT_REJOIN|FORMATION_WAIT_REJOIN|MUTEX_PASS,0,1,1,49.5,0.654,0.621,-6.979,18.575,18.622,14.951,-2.61,-6.092,-4.355
,0.0,0.0,0.0,3.484,8.5861,8.5777,1,5.407,5.407,LOST,0.0,FORMATION_WAIT_REJOIN|FORMATION_WAIT_REJOIN|MUTEX_PASS,0,1,1,49.6,0.653,0.622,-6.954,18.574,18.623,14.995,-2.609,-6.093,-4.355
,0.0,0.0,0.0,3.4852,8.544,8.5376,1,5.3893,5.3893,LOST,0.0,FORMATION_WAIT_REJOIN|FORMATION_WAIT_REJOIN|MUTEX_PASS,0,1,1,49.7,0.652,0.623,-6.928,18.573,18.624,15.038,-2.609,-6.093,-4.355
,0.0,0.0,0.0,3.4861,8.5016,8.4971,1,5.371,5.371,LOST,0.0,FORMATION_WAIT_REJOIN|FORMATION_WAIT_REJOIN|MUTEX_PASS,0,1,1,49.8,0.651,0.624,-6.901,18.573,18.624,15.081,-2.608,-6.094,-4.355
,0.0,0.0,0.0,3.4873,8.4585,8.4558,1,5.352,5.352,LOST,0.0,FORMATION_WAIT_REJOIN|FORMATION_WAIT_REJOIN|MUTEX_PASS,0,1,1,49.9,0.651,0.625,-6.872,18.572,18.624,15.122,-2.608,-6.094,-4.355
,0.0,0.0,0.0,3.4886,8.4154,8.4136,1,5.3325,5.3325,LOST,0.0,FORMATION_WAIT_REJOIN|FORMATION_WAIT_REJOIN|MUTEX_PASS,0,1,1,49.999,0.65,0.626,-6.842,18.572,18.624,15.163,-2.607,-6.095,-4.355
,0.0,0.0,0.0,3.4899,8.3717,8.3706,1,5.3121,5.3121,LOST,0.0,FORMATION_WAIT_REJOIN|FORMATION_WAIT_REJOIN|MUTEX_PASS,0,1,1,50.099,0.65,0.627,-6.811,18.571,18.624,15.202,-2.606,-6.096,-4.355
,0.0,0.0,0.0,3.4913,8.3275,8.3268,1,5.2908,5.2908,LOST,0.0,FORMATION_WAIT_REJOIN|FORMATION_WAIT_REJOIN|MUTEX_PASS,0,1,1,50.199,0.651,0.628,-6.778,18.571,18.624,15.24,-2.606,-6.096,-4.355
,0.0,0.0,0.0,3.4927,8.2828,8.282,1,5.2685,5.2685,LOST,0.0,FORMATION_WAIT_REJOIN|FORMATION_WAIT_REJOIN|MUTEX_PASS,0,1,1,50.299,0.651,0.628,-6.744,18.571,18.624,15.276,-2.605,-6.097,-4.356
,0.0,0.0,0.0,3.4939,8.237,8.2365,1,5.2453,5.2453,LOST,0.0,FORMATION_WAIT_REJOIN|FORMATION_WAIT_REJOIN|MUTEX_PASS,0,1,1,50.399,0.652,0.629,-6.708,18.57,18.624,15.311,-2.605,-6.098,-4.356
,0.0,0.0,0.0,3.4948,8.1903,8.1905,1,5.221,5.221,LOST,0.0,FORMATION_WAIT_REJOIN|FORMATION_WAIT_REJOIN|MUTEX_PASS,0,1,1,50.499,0.652,0.63,-6.67,18.57,18.625,15.345,-2.605,-6.099,-4.356
,0.0,0.0,0.0,3.4953,8.1431,8.144,1,5.1958,5.1958,LOST,0.0,FORMATION_WAIT_REJOIN|FORMATION_WAIT_REJOIN|MUTEX_PASS,0,1,1,50.599,0.653,0.631,-6.63,18.57,18.626,15.376,-2.605,-6.1,-4.357
,0.0,0.0,0.0,3.4955,8.0952,8.0971,1,5.1699,5.1699,LOST,0.0,FORMATION_WAIT_REJOIN|FORMATION_WAIT_REJOIN|MUTEX_PASS,0,1,1,50.699,0.653,0.632,-6.59,18.571,18.627,15.407,-2.605,-6.1,-4.357
,0.0,0.0,0.0,3.4955,8.0468,8.0497,1,5.1433,5.1433,LOST,0.0,FORMATION_WAIT_REJOIN|FORMATION_WAIT_REJOIN|MUTEX_PASS,0,1,1,50.799,0.654,0.634,-6.548,18.571,18.627,15.436,-2.606,-6.101,-4.357
,0.0,0.0,0.0,3.4956,7.998,8.002,1,5.1162,5.1162,LOST,0.0,FORMATION_WAIT_REJOIN|FORMATION_WAIT_REJOIN|MUTEX_PASS,0,1,1,50.899,0.654,0.635,-6.505,18.572,18.628,15.464,-2.607,-6.102,-4.357
,0.0,0.0,0.0,3.495,7.9486,7.9536,1,5.0882,5.0882,LOST,0.0,FORMATION_WAIT_REJOIN|FORMATION_WAIT_REJOIN|MUTEX_PASS,0,1,1,50.999,0.654,0.636,-6.461,18.573,18.628,15.491,-2.608,-6.103,-4.357
,0.0,0.0,0.0,3.4941,7.8987,7.9048,1,5.0596,5.0596,LOST,0.0,FORMATION_WAIT_REJOIN|FORMATION_WAIT_REJOIN|MUTEX_PASS,0,1,1,51.099,0.654,0.638,-6.416,18.573,18.628,15.517,-2.609,-6.103,-4.357
,0.0,0.0,0.0,3.4931,7.8485,7.8556,1,5.0306,5.0306,LOST,0.0,FORMATION_WAIT_REJOIN|FORMATION_WAIT_REJOIN|MUTEX_PASS,0,1,1,51.199,0.654,0.639,-6.371,18.574,18.628,15.541,-2.611,-6.104,-4.358
,0.0,0.0,0.0,3.4922,7.7988,7.8059,1,5.0013,5.0013,LOST,0.0,FORMATION_WAIT_REJOIN|FORMATION_WAIT_REJOIN|MUTEX_PASS,0,1,1,51.299,0.654,0.639,-6.325,18.574,18.628,15.564,-2.612,-6.104,-4.358
,0.0,0.0,0.0,3.4914,7.7493,7.7556,1,4.9713,4.9713,LOST,0.0,FORMATION_WAIT_REJOIN|FORMATION_WAIT_REJOIN|MUTEX_PASS,0,1,1,51.399,0.655,0.639,-6.279,18.574,18.627,15.586,-2.613,-6.104,-4.359
,0.0,0.0,0.0,3.4905,7.6993,7.705,1,4.9404,4.9404,LOST,0.0,FORMATION_WAIT_REJOIN|FORMATION_WAIT_REJOIN|MUTEX_PASS,0,1,1,51.499,0.656,0.639,-6.231,18.575,18.627,15.606,-2.615,-6.105,-4.359
,0.0,0.0,0.0,3.4898,7.6494,7.6545,1,4.9092,4.9092,LOST,0.0,FORMATION_WAIT_REJOIN|FORMATION_WAIT_REJOIN|MUTEX_PASS,0,1,1,51.599,0.656,0.638,-6.183,18.575,18.627,15.624,-2.616,-6.105,-4.359
,0.0,0.0,0.0,3.4892,7.5997,7.6042,1,4.8777,4.8777,LOST,0.0,FORMATION_WAIT_REJOIN|FORMATION_WAIT_REJOIN|MUTEX_PASS,0,1,1,51.699,0.656,0.638,-6.134,18.575,18.626,15.641,-2.617,-6.106,-4.359
,0.0,0.0,0.0,3.4889,7.5497,7.5538,1,4.8455,4.8455,LOST,0.0,FORMATION_WAIT_REJOIN|FORMATION_WAIT_REJOIN|MUTEX_PASS,0,1,1,51.799,0.657,0.638,-6.085,18.576,18.625,15.657,-2.618,-6.106,-4.359
,0.0,0.0,0.0,3.4884,7.4999,7.5036,1,4.8132,4.8132,LOST,0.0,FORMATION_WAIT_REJOIN|FORMATION_WAIT_REJOIN|MUTEX_PASS,0,1,1,51.899,0.657,0.638,-6.035,18.576,18.625,15.671,-2.618,-6.106,-4.359
,0.0,0.0,0.0,3.4881,7.4503,7.4535,1,4.7808,4.7808,LOST,0.0,FORMATION_WAIT_REJOIN|FORMATION_WAIT_REJOIN|MUTEX_PASS,0,1,1,51.999,0.658,0.638,-5.985,18.576,18.624,15.685,-2.619,-6.107,-4.359
,0.0,0.0,0.0,3.4879,7.4011,7.404,1,4.7485,4.7485,LOST,0.0,FORMATION_WAIT_REJOIN|FORMATION_WAIT_REJOIN|MUTEX_PASS,0,1,1,52.099,0.658,0.638,-5.934,18.576,18.624,15.697,-2.62,-6.107,-4.359
,0.0,0.0,0.0,3.4878,7.352,7.3549,1,4.7162,4.7162,LOST,0.0,FORMATION_WAIT_REJOIN|FORMATION_WAIT_REJOIN|MUTEX_PASS,0,1,1,52.199,0.659,0.639,-5.884,18.575,18.623,15.71,-2.62,-6.107,-4.359
,0.0,0.0,0.0,3.4882,7.3033,7.3055,1,4.6839,4.6839,LOST,0.0,FORMATION_WAIT_REJOIN|FORMATION_WAIT_REJOIN|MUTEX_PASS,0,1,1,52.299,0.66,0.639,-5.834,18.575,18.622,15.722,-2.62,-6.107,-4.36
,0.0,0.0,0.0,3.4887,7.2545,7.2559,1,4.6514,4.6514,LOST,0.0,FORMATION_WAIT_REJOIN|FORMATION_WAIT_REJOIN|MUTEX_PASS,0,1,1,52.399,0.66,0.64,-5.784,18.575,18.622,15.734,-2.619,-6.107,-4.361
,0.0,0.0,0.0,3.489,7.2057,7.2068,1,4.6191,4.6191,LOST,0.0,FORMATION_WAIT_REJOIN|FORMATION_WAIT_REJOIN|MUTEX_PASS,1,1,1,52.499,0.661,0.64,-5.733,18.575,18.621,15.746,-2.619,-6.108,-4.361
,0.0,0.0,0.0,3.4893,7.1572,7.1581,1,4.5869,4.5869,LOST,0.0,FORMATION_WAIT_REJOIN|FORMATION_WAIT_REJOIN|MUTEX_PASS,1,1,1,52.599,0.661,0.641,-5.683,18.575,18.62,15.758,-2.619,-6.108,-4.361
,0.0,0.0,0.0,3.4897,7.109,7.1096,1,4.5544,4.5544,LOST,0.0,FORMATION_WAIT_REJOIN|FORMATION_WAIT_REJOIN|MUTEX_PASS,1,1,1,52.699,0.662,0.642,-5.632,18.576,18.62,15.769,-2.618,-6.107,-4.362
,0.0,0.0,0.0,3.4899,7.0607,7.0612,1,4.5217,4.5217,LOST,0.0,FORMATION_WAIT_REJOIN|FORMATION_WAIT_REJOIN|MUTEX_PASS,1,1,1,52.799,0.662,0.643,-5.582,18.577,18.62,15.779,-2.618,-6.107,-4.362
,0.0,0.0,0.0,3.4902,7.0127,7.0131,1,4.4891,4.4891,LOST,0.0,FORMATION_WAIT_REJOIN|FORMATION_WAIT_REJOIN|MUTEX_PASS,1,1,1,52.899,0.662,0.644,-5.531,18.578,18.62,15.789,-2.617,-6.107,-4.363
,0.0,0.0,0.0,3.4906,6.9646,6.9656,1,4.4565,4.4565,LOST,0.0,FORMATION_WAIT_REJOIN|FORMATION_WAIT_REJOIN|MUTEX_PASS,1,1,1,52.999,0.662,0.645,-5.48,18.579,18.62,15.799,-2.617,-6.107,-4.363
,0.0,0.0,0.0,3.4911,6.9165,6.9184,1,4.424,4.424,LOST,0.0,FORMATION_WAIT_REJOIN|FORMATION_WAIT_REJOIN|MUTEX_PASS,1,1,1,53.099,0.662,0.647,-5.43,18.579,18.62,15.809,-2.616,-6.107,-4.363
,0.0,0.0,0.0,3.4914,6.8682,6.871,1,4.3914,4.3914,LOST,0.0,FORMATION_WAIT_REJOIN|FORMATION_WAIT_REJOIN|MUTEX_PASS,1,1,1,53.199,0.661,0.648,-5.379,18.58,18.62,15.819,-2.615,-6.107,-4.363
,0.0,0.0,0.0,3.4917,6.8199,6.8239,1,4.3598,4.3598,LOST,0.0,FORMATION_WAIT_REJOIN|FORMATION_WAIT_REJOIN|MUTEX_PASS,1,1,1,53.299,0.661,0.649,-5.33,18.58,18.62,15.83,-2.615,-6.106,-4.363
,0.0,0.0,0.0,3.4921,6.7716,6.7772,1,4.329,4.329,LOST,0.0,FORMATION_WAIT_REJOIN|FORMATION_WAIT_REJOIN|MUTEX_PASS,1,1,1,53.399,0.661,0.65,-5.282,18.58,18.62,15.844,-2.614,-6.106,-4.363
,0.0,0.0,0.0,3.4927,6.7233,6.7308,1,4.2987,4.2987,LOST,0.0,FORMATION_WAIT_REJOIN|FORMATION_WAIT_REJOIN|MUTEX_PASS,1,1,1,53.499,0.66,0.651,-5.234,18.58,18.621,15.859,-2.614,-6.106,-4.363
,0.0,0.0,0.0,3.4937,6.6755,6.6843,1,4.2686,4.2686,LOST,0.0,FORMATION_WAIT_REJOIN|FORMATION_WAIT_REJOIN|MUTEX_PASS,1,1,1,53.599,0.66,0.652,-5.187,18.58,18.621,15.874,-2.613,-6.107,-4.363
,0.0,0.0,0.0,3.4949,6.6279,6.6377,1,4.2381,4.2381,LOST,0.0,FORMATION_WAIT_REJOIN|FORMATION_WAIT_REJOIN|MUTEX_PASS,1,1,1,53.699,0.659,0.653,-5.139,18.581,18.621,15.888,-2.613,-6.107,-4.363
,0.0,0.0,0.0,3.4963,6.5804,6.5914,1,4.2073,4.2073,LOST,0.0,FORMATION_WAIT_REJOIN|FORMATION_WAIT_REJOIN|MUTEX_PASS,1,1,1,53.799,0.659,0.655,-5.09,18.582,18.622,15.901,-2.612,-6.108,-4.363
,0.0,0.0,0.0,3.4975,6.5332,6.5451,1,4.176,4.176,LOST,0.0,FORMATION_WAIT_REJOIN|FORMATION_WAIT_REJOIN|MUTEX_PASS,1,1,1,53.899,0.658,0.655,-5.042,18.583,18.622,15.913,-2.611,-6.108,-4.363
,0.0,0.0,0.0,3.4986,6.486,6.4985,1,4.1444,4.1444,LOST,0.0,FORMATION_WAIT_REJOIN|FORMATION_WAIT_REJOIN|MUTEX_PASS,1,1,1,53.999,0.658,0.656,-4.992,18.584,18.623,15.924,-2.61,-6.109,-4.364
,0.0,0.0,0.0,3.4997,6.4394,6.4524,1,4.1126,4.1126,LOST,0.0,FORMATION_WAIT_REJOIN|FORMATION_WAIT_REJOIN|MUTEX_PASS,1,1,1,54.099,0.657,0.656,-4.943,18.585,18.624,15.935,-2.61,-6.11,-4.364
,0.0,0.0,0.0,3.5009,6.3931,6.4064,1,4.0807,4.0807,LOST,0.0,FORMATION_WAIT_REJOIN|FORMATION_WAIT_REJOIN|MUTEX_PASS,1,1,1,54.199,0.657,0.656,-4.894,18.586,18.625,15.944,-2.61,-6.11,-4.363
,0.0,0.0,0.0,3.502,6.3469,6.3603,1,4.0485,4.0485,LOST,0.0,FORMATION_WAIT_REJOIN|FORMATION_WAIT_REJOIN|MUTEX_PASS,1,1,1,54.299,0.656,0.655,-4.845,18.587,18.625,15.952,-2.609,-6.111,-4.363
,0.0,0.0,0.0,3.5031,6.3008,6.3148,1,4.0162,4.0162,LOST,0.0,FORMATION_WAIT_REJOIN|FORMATION_WAIT_REJOIN|MUTEX_PASS,1,1,1,54.399,0.656,0.655,-4.796,18.588,18.626,15.96,-2.609,-6.112,-4.362
,0.0,0.0,0.0,3.504,6.2548,6.2694,1,3.9837,3.9837,LOST,0.0,FORMATION_WAIT_REJOIN|FORMATION_WAIT_REJOIN|MUTEX_PASS,1,1,1,54.499,0.655,0.654,-4.746,18.588,18.626,15.967,-2.609,-6.113,-4.361
,0.0,0.0,0.0,3.5049,6.2089,6.2245,1,3.951,3.951,LOST,0.0,FORMATION_WAIT_REJOIN|FORMATION_WAIT_REJOIN|MUTEX_PASS,1,1,1,54.599,0.654,0.654,-4.697,18.59,18.627,15.973,-2.609,-6.114,-4.361
,0.0,0.0,0.0,3.5058,6.1632,6.1801,1,3.9182,3.9182,LOST,0.0,FORMATION_WAIT_REJOIN|FORMATION_WAIT_REJOIN|MUTEX_PASS,1,1,1,54.699,0.653,0.653,-4.647,18.59,18.628,15.978,-2.61,-6.115,-4.361
,0.0,0.0,0.0,3.5066,6.1176,6.1362,1,3.8851,3.8851,LOST,0.0,FORMATION_WAIT_REJOIN|FORMATION_WAIT_REJOIN|MUTEX_PASS,1,1,1,54.799,0.652,0.653,-4.597,18.591,18.629,15.982,-2.61,-6.116,-4.36
,0.0,0.0,0.0,3.5069,6.0721,6.0926,1,3.8518,3.8518,LOST,0.0,FORMATION_WAIT_REJOIN|FORMATION_WAIT_REJOIN|MUTEX_PASS,1,1,1,54.899,0.651,0.653,-4.547,18.592,18.63,15.986,-2.61,-6.117,-4.359
,0.0,0.0,0.0,3.507,6.027,6.0493,1,3.8185,3.8185,LOST,0.0,FORMATION_WAIT_REJOIN|FORMATION_WAIT_REJOIN|MUTEX_PASS,1,1,1,54.999,0.649,0.653,-4.497,18.592,18.631,15.988,-2.61,-6.117,-4.359
,0.0,0.0,0.0,3.5066,5.9823,6.0055,1,3.7848,3.7848,LOST,0.0,FORMATION_WAIT_REJOIN|FORMATION_WAIT_REJOIN|MUTEX_PASS,1,1,1,55.099,0.649,0.652,-4.446,18.593,18.631,15.99,-2.611,-6.117,-4.359
,0.0,0.0,0.0,3.5062,5.9378,5.9618,1,3.751,3.751,LOST,0.0,FORMATION_WAIT_REJOIN|FORMATION_WAIT_REJOIN|MUTEX_PASS,1,1,1,55.199,0.648,0.652,-4.396,18.592,18.632,15.991,-2.611,-6.117,-4.359
,0.0,0.0,0.0,3.5057,5.8937,5.9186,1,3.7173,3.7173,LOST,0.0,FORMATION_WAIT_REJOIN|FORMATION_WAIT_REJOIN|MUTEX_PASS,1,1,1,55.299,0.647,0.652,-4.345,18.592,18.633,15.992,-2.611,-6.117,-4.359
,0.0,0.0,0.0,3.5051,5.8496,5.8755,1,3.6835,3.6835,LOST,0.0,FORMATION_WAIT_REJOIN|FORMATION_WAIT_REJOIN|MUTEX_PASS,1,1,1,55.399,0.647,0.652,-4.294,18.592,18.633,15.992,-2.611,-6.116,-4.359
,0.0,0.0,0.0,3.5045,5.8052,5.8327,1,3.6496,3.6496,LOST,0.0,FORMATION_WAIT_REJOIN|FORMATION_WAIT_REJOIN|MUTEX_PASS,1,1,1,55.499,0.646,0.652,-4.242,18.591,18.633,15.992,-2.612,-6.116,-4.358
,0.0,0.0,0.0,3.504,5.7618,5.7901,1,3.616,3.616,LOST,0.0,FORMATION_WAIT_REJOIN|FORMATION_WAIT_REJOIN|MUTEX_PASS,1,1,1,55.599,0.646,0.652,-4.191,18.59,18.633,15.992,-2.611,-6.115,-4.358
,0.0,0.0,0.0,3.5037,5.7192,5.7479,1,3.5827,3.5827,LOST,0.0,FORMATION_WAIT_REJOIN|FORMATION_WAIT_REJOIN|MUTEX_PASS,0,1,1,55.699,0.646,0.653,-4.141,18.589,18.633,15.991,-2.611,-6.115,-4.358
,0.0,0.0,0.0,3.5032,5.677,5.7063,1,3.5494,3.5494,LOST,0.0,FORMATION_WAIT_REJOIN|FORMATION_WAIT_REJOIN|MUTEX_PASS,0,1,1,55.799,0.646,0.653,-4.09,18.589,18.632,15.99,-2.611,-6.114,-4.357
,0.0,0.0,0.0,3.5027,5.6356,5.6653,1,3.5162,3.5162,LOST,0.0,FORMATION_WAIT_REJOIN|FORMATION_WAIT_REJOIN|MUTEX_PASS,0,1,1,55.899,0.646,0.654,-4.039,18.589,18.632,15.989,-2.611,-6.113,-4.357
,0.0,0.0,0.0,3.5021,5.5947,5.6247,1,3.483,3.483,LOST,0.0,FORMATION_WAIT_REJOIN|FORMATION_WAIT_REJOIN|MUTEX_PASS,0,1,1,55.999,0.646,0.654,-3.989,18.589,18.632,15.987,-2.611,-6.113,-4.357
,0.0,0.0,0.0,3.5016,5.5538,5.5843,1,3.4497,3.4497,LOST,0.0,FORMATION_WAIT_REJOIN|FORMATION_WAIT_REJOIN|MUTEX_PASS,0,1,1,56.099,0.647,0.654,-3.938,18.588,18.632,15.984,-2.611,-6.113,-4.357
,0.0,0.0,0.0,3.501,5.5132,5.5442,1,3.4161,3.4161,LOST,0.0,FORMATION_WAIT_REJOIN|FORMATION_WAIT_REJOIN|MUTEX_PASS,0,1,1,56.199,0.647,0.654,-3.887,18.587,18.632,15.981,-2.612,-6.113,-4.357
,0.0,0.0,0.0,3.5007,5.4728,5.5047,1,3.3823,3.3823,LOST,0.0,FORMATION_WAIT_REJOIN|FORMATION_WAIT_REJOIN|MUTEX_PASS,0,1,1,56.299,0.647,0.655,-3.837,18.586,18.632,15.977,-2.612,-6.112,-4.357
,0.0,0.0,0.0,3.5007,5.4329,5.4655,1,3.3485,3.3485,LOST,0.0,FORMATION_WAIT_REJOIN|FORMATION_WAIT_REJOIN|MUTEX_PASS,0,1,1,56.399,0.646,0.655,-3.786,18.586,18.632,15.973,-2.612,-6.112,-4.357
,0.0,0.0,0.0,3.5007,5.3931,5.4266,1,3.3147,3.3147,LOST,0.0,FORMATION_WAIT_REJOIN|FORMATION_WAIT_REJOIN|MUTEX_PASS,0,1,1,56.499,0.645,0.655,-3.735,18.586,18.632,15.969,-2.611,-6.112,-4.357
,0.0,0.0,0.0,3.5007,5.3539,5.3884,1,3.2809,3.2809,LOST,0.0,FORMATION_WAIT_REJOIN|FORMATION_WAIT_REJOIN|MUTEX_PASS,0,1,1,56.599,0.645,0.656,-3.685,18.585,18.632,15.964,-2.611,-6.111,-4.357
,0.0,0.0,0.0,3.5005,5.315,5.3501,1,3.2472,3.2472,LOST,0.0,FORMATION_WAIT_REJOIN|FORMATION_WAIT_REJOIN|MUTEX_PASS,0,1,1,56.699,0.644,0.656,-3.634,18.585,18.632,15.96,-2.61,-6.11,-4.357
,0.0,0.0,0.0,3.4999,5.2767,5.3119,1,3.2135,3.2135,LOST,0.0,FORMATION_WAIT_REJOIN|FORMATION_WAIT_REJOIN|MUTEX_PASS,0,1,1,56.799,0.644,0.656,-3.584,18.585,18.632,15.955,-2.61,-6.11,-4.357
,0.0,0.0,0.0,3.4994,5.2388,5.2737,1,3.1797,3.1797,LOST,0.0,FORMATION_WAIT_REJOIN|FORMATION_WAIT_REJOIN|MUTEX_PASS,0,1,1,56.899,0.644,0.656,-3.534,18.585,18.632,15.95,-2.61,-6.109,-4.357
,0.0,0.0,0.0,3.499,5.2008,5.2355,1,3.1456,3.1456,LOST,0.0,FORMATION_WAIT_REJOIN|FORMATION_WAIT_REJOIN|MUTEX_PASS,0,1,1,56.999,0.643,0.656,-3.483,18.586,18.632,15.946,-2.61,-6.108,-4.357
,0.0,0.0,0.0,3.4988,5.1634,5.1977,1,3.1114,3.1114,LOST,0.0,FORMATION_WAIT_REJOIN|FORMATION_WAIT_REJOIN|MUTEX_PASS,0,1,1,57.099,0.643,0.655,-3.432,18.586,18.632,15.94,-2.61,-6.108,-4.357
,0.0,0.0,0.0,3.4987,5.1264,5.1599,1,3.0773,3.0773,LOST,0.0,FORMATION_WAIT_REJOIN|FORMATION_WAIT_REJOIN|MUTEX_PASS,0,1,1,57.199,0.643,0.655,-3.382,18.587,18.631,15.935,-2.61,-6.108,-4.357
,0.0,0.0,0.0,3.4987,5.0897,5.1221,1,3.0433,3.0433,LOST,0.0,FORMATION_WAIT_REJOIN|FORMATION_WAIT_REJOIN|MUTEX_PASS,0,1,1,57.299,0.642,0.654,-3.331,18.588,18.63,15.93,-2.61,-6.108,-4.357
,0.0,0.0,0.0,3.4986,5.0533,5.0849,1,3.0094,3.0094,LOST,0.0,FORMATION_WAIT_REJOIN|FORMATION_WAIT_REJOIN|MUTEX_PASS,0,1,1,57.399,0.642,0.653,-3.281,18.588,18.63,15.925,-2.61,-6.108,-4.357
,0.0,0.0,0.0,3.4986,5.0171,5.0479,1,2.9755,2.9755,LOST,0.0,FORMATION_WAIT_REJOIN|FORMATION_WAIT_REJOIN|MUTEX_PASS,0,1,1,57.499,0.643,0.653,-3.23,18.588,18.629,15.92,-2.61,-6.108,-4.357
,0.0,0.0,0.0,3.4988,4.9813,5.0113,1,2.9415,2.9415,LOST,0.0,FORMATION_WAIT_REJOIN|FORMATION_WAIT_REJOIN|MUTEX_PASS,0,1,1,57.599,0.643,0.652,-3.18,18.588,18.628,15.914,-2.61,-6.109,-4.357
,0.0,0.0,0.0,3.4994,4.946,4.9751,1,2.9073,2.9073,LOST,0.0,FORMATION_WAIT_REJOIN|FORMATION_WAIT_REJOIN|MUTEX_PASS,0,1,1,57.699,0.643,0.651,-3.129,18.589,18.628,15.909,-2.61,-6.109,-4.357
,0.0,0.0,0.0,3.4999,4.9108,4.9395,1,2.8731,2.8731,LOST,0.0,FORMATION_WAIT_REJOIN|FORMATION_WAIT_REJOIN|MUTEX_PASS,0,1,1,57.799,0.642,0.65,-3.079,18.589,18.628,15.903,-2.61,-6.11,-4.357
,0.0,0.0,0.0,3.5004,4.8759,4.9047,1,2.839,2.839,LOST,0.0,FORMATION_WAIT_REJOIN|FORMATION_WAIT_REJOIN|MUTEX_PASS,0,1,1,57.899,0.642,0.649,-3.028,18.589,18.628,15.897,-2.61,-6.11,-4.357
,0.0,0.0,0.0,3.5008,4.8416,4.8703,1,2.805,2.805,LOST,0.0,FORMATION_WAIT_REJOIN|FORMATION_WAIT_REJOIN|MUTEX_PASS,0,1,1,57.999,0.642,0.648,-2.978,18.59,18.628,15.891,-2.61,-6.111,-4.357
,0.0,0.0,0.0,3.5013,4.8079,4.8365,1,2.7713,2.7713,LOST,0.0,FORMATION_WAIT_REJOIN|FORMATION_WAIT_REJOIN|MUTEX_PASS,0,1,1,58.099,0.642,0.648,-2.928,18.59,18.628,15.885,-2.611,-6.112,-4.357
,0.0,0.0,0.0,3.502,4.7745,4.8035,1,2.7379,2.7379,LOST,0.0,FORMATION_WAIT_REJOIN|FORMATION_WAIT_REJOIN|MUTEX_PASS,0,1,1,58.199,0.642,0.647,-2.879,18.591,18.628,15.879,-2.611,-6.113,-4.357
,0.0,0.0,0.0,3.5027,4.7412,4.7711,1,2.7045,2.7045,LOST,0.0,FORMATION_WAIT_REJOIN|FORMATION_WAIT_REJOIN|MUTEX_PASS,0,1,1,58.299,0.642,0.647,-2.829,18.591,18.628,15.873,-2.612,-6.114,-4.357
,0.0,0.0,0.0,3.503,4.7081,4.7388,1,2.6712,2.6712,LOST,0.0,FORMATION_WAIT_REJOIN|FORMATION_WAIT_REJOIN|MUTEX_PASS,0,1,1,58.399,0.642,0.647,-2.78,18.591,18.628,15.867,-2.612,-6.115,-4.356
,0.0,0.0,0.0,3.503,4.6754,4.7068,1,2.6382,2.6382,LOST,0.0,FORMATION_WAIT_REJOIN|FORMATION_WAIT_REJOIN|MUTEX_PASS,0,1,1,58.499,0.642,0.647,-2.73,18.591,18.628,15.862,-2.613,-6.116,-4.356
,0.0,0.0,0.0,3.5028,4.6432,4.6754,1,2.6055,2.6055,LOST,0.0,FORMATION_WAIT_REJOIN|FORMATION_WAIT_REJOIN|MUTEX_PASS,0,1,1,58.599,0.642,0.647,-2.681,18.592,18.628,15.856,-2.613,-6.116,-4.356
,0.0,0.0,0.0,3.5024,4.6115,4.6442,1,2.573,2.573,LOST,0.0,FORMATION_WAIT_REJOIN|FORMATION_WAIT_REJOIN|MUTEX_PASS,0,1,1,58.699,0.642,0.648,-2.632,18.592,18.627,15.851,-2.614,-6.116,-4.355
,0.0,0.0,0.0,3.5019,4.5802,4.6131,1,2.5406,2.5406,LOST,0.0,FORMATION_WAIT_REJOIN|FORMATION_WAIT_REJOIN|MUTEX_PASS,0,1,1,58.799,0.642,0.648,-2.584,18.592,18.627,15.845,-2.614,-6.116,-4.355
,0.0,0.0,0.0,3.5013,4.5483,4.5823,1,2.5078,2.5078,LOST,0.0,FORMATION_WAIT_REJOIN|FORMATION_WAIT_REJOIN|MUTEX_PASS,0,1,1,58.899,0.642,0.648,-2.534,18.59,18.627,15.839,-2.615,-6.116,-4.355
,0.0,0.0,0.0,3.5008,4.5157,4.5518,1,2.4749,2.4749,LOST,0.0,FORMATION_WAIT_REJOIN|FORMATION_WAIT_REJOIN|MUTEX_PASS,0,1,1,58.999,0.642,0.648,-2.485,18.587,18.627,15.833,-2.615,-6.116,-4.355
,0.0,0.0,0.0,3.5006,4.4833,4.521,1,2.4423,2.4423,LOST,0.0,FORMATION_WAIT_REJOIN|FORMATION_WAIT_REJOIN|MUTEX_PASS,0,1,1,59.099,0.643,0.648,-2.436,18.583,18.625,15.827,-2.615,-6.116,-4.356
,0.0,0.0,0.0,3.5003,4.4513,4.4894,1,2.4099,2.4099,LOST,0.0,FORMATION_WAIT_REJOIN|FORMATION_WAIT_REJOIN|MUTEX_PASS,0,1,1,59.199,0.643,0.648,-2.387,18.578,18.622,15.82,-2.615,-6.115,-4.356
,0.0,0.0,0.0,3.5,4.4193,4.4577,1,2.3776,2.3776,LOST,0.0,FORMATION_WAIT_REJOIN|FORMATION_WAIT_REJOIN|MUTEX_PASS,0,1,1,59.299,0.644,0.647,-2.337,18.571,18.618,15.813,-2.615,-6.115,-4.356
,0.0,0.0,0.0,3.4998,4.3875,4.4256,1,2.3455,2.3455,LOST,0.0,FORMATION_WAIT_REJOIN|FORMATION_WAIT_REJOIN|MUTEX_PASS,0,1,1,59.399,0.645,0.647,-2.288,18.565,18.613,15.806,-2.615,-6.115,-4.357
,0.0,0.0,0.0,3.4994,4.3557,4.3931,1,2.3132,2.3132,LOST,0.0,FORMATION_WAIT_REJOIN|FORMATION_WAIT_REJOIN|MUTEX_PASS,0,1,1,59.499,0.647,0.647,-2.238,18.559,18.608,15.799,-2.615,-6.114,-4.357
,0.0,0.0,0.0,3.4993,4.3243,4.3607,1,2.2808,2.2808,LOST,0.0,FORMATION_WAIT_REJOIN|FORMATION_WAIT_REJOIN|MUTEX_PASS,0,1,1,59.599,0.648,0.648,-2.188,18.553,18.602,15.793,-2.615,-6.114,-4.358
,0.0,0.0,0.0,3.4996,4.2934,4.329,1,2.2486,2.2486,LOST,0.0,FORMATION_WAIT_REJOIN|FORMATION_WAIT_REJOIN|MUTEX_PASS,0,1,1,59.699,0.65,0.648,-2.138,18.547,18.597,15.786,-2.615,-6.114,-4.358
,0.0,0.0,0.0,3.5002,4.2626,4.298,1,2.2161,2.2161,LOST,0.0,FORMATION_WAIT_REJOIN|FORMATION_WAIT_REJOIN|MUTEX_PASS,0,1,1,59.799,0.652,0.648,-2.087,18.541,18.591,15.779,-2.615,-6.115,-4.358
,0.0,0.0,0.0,3.5008,4.232,4.2674,1,2.1832,2.1832,LOST,0.0,FORMATION_WAIT_REJOIN|FORMATION_WAIT_REJOIN|MUTEX_PASS,0,1,1,59.899,0.653,0.647,-2.037,18.536,18.586,15.772,-2.614,-6.115,-4.358
,0.0,0.0,0.0,3.5011,4.2021,4.2374,1,2.1504,2.1504,LOST,0.0,FORMATION_FOLLOW|FORMATION_FOLLOW|MUTEX_PASS,0,1,1,59.999,0.654,0.647,-1.987,18.531,18.582,15.766,-2.614,-6.115,-4.358
,0.0,0.0,0.0,3.5012,4.173,4.2086,1,2.1175,2.1175,LOST,0.0,FORMATION_FOLLOW|FORMATION_FOLLOW|MUTEX_PASS,0,1,1,60.099,0.655,0.646,-1.937,18.527,18.578,15.759,-2.614,-6.115,-4.357
,0.0,0.0,0.0,3.5009,4.1447,4.1811,1,2.0846,2.0846,LOST,0.0,FORMATION_FOLLOW|FORMATION_FOLLOW|MUTEX_PASS,0,1,1,60.199,0.656,0.646,-1.887,18.524,18.576,15.752,-2.615,-6.115,-4.356
,0.0,0.0,0.0,3.5006,4.1178,4.1543,1,2.0516,2.0516,LOST,0.0,FORMATION_FOLLOW|FORMATION_FOLLOW|MUTEX_PASS,0,1,1,60.299,0.657,0.646,-1.837,18.521,18.574,15.745,-2.615,-6.115,-4.356
,0.0,0.0,0.0,3.5003,4.092,4.1283,1,2.0184,2.0184,LOST,0.0,FORMATION_FOLLOW|FORMATION_FOLLOW|MUTEX_PASS,0,1,1,60.399,0.658,0.645,-1.787,18.519,18.572,15.738,-2.615,-6.115,-4.356
,0.0,0.0,0.0,3.4997,4.0671,4.1031,1,1.9852,1.9852,LOST,0.0,FORMATION_FOLLOW|FORMATION_FOLLOW|MUTEX_PASS,0,1,1,60.499,0.658,0.645,-1.737,18.519,18.572,15.731,-2.615,-6.114,-4.356
,0.0,0.0,0.0,3.499,4.0428,4.0787,1,1.9518,1.9518,LOST,0.0,FORMATION_FOLLOW|FORMATION_FOLLOW|MUTEX_PASS,0,1,1,60.599,0.659,0.644,-1.687,18.518,18.571,15.723,-2.615,-6.114,-4.356
,0.0,0.0,0.0,3.4983,4.0192,4.0552,1,1.9181,1.9181,LOST,0.0,FORMATION_FOLLOW|FORMATION_FOLLOW|MUTEX_PASS,0,1,1,60.699,0.659,0.644,-1.637,18.519,18.571,15.716,-2.616,-6.114,-4.356
,0.0,0.0,0.0,3.4975,3.9969,4.0325,1,1.8844,1.8844,LOST,0.0,FORMATION_FOLLOW|FORMATION_FOLLOW|MUTEX_PASS,0,1,1,60.799,0.659,0.644,-1.588,18.52,18.571,15.709,-2.616,-6.114,-4.356
,0.0,0.0,0.0,3.4969,3.9754,4.0106,1,1.8506,1.8506,LOST,0.0,FORMATION_FOLLOW|FORMATION_FOLLOW|MUTEX_PASS,0,1,1,60.899,0.659,0.643,-1.538,18.521,18.572,15.701,-2.617,-6.114,-4.356
,0.0,0.0,0.0,3.4964,3.9543,3.9894,1,1.8167,1.8167,LOST,0.0,FORMATION_FOLLOW|FORMATION_FOLLOW|MUTEX_PASS,0,1,1,60.999,0.659,0.643,-1.487,18.523,18.572,15.693,-2.618,-6.114,-4.357
,0.0,0.0,0.0,3.4959,3.9337,3.9688,1,1.7823,1.7823,LOST,0.0,FORMATION_FOLLOW|FORMATION_FOLLOW|MUTEX_PASS,0,1,1,61.099,0.658,0.643,-1.437,18.525,18.574,15.686,-2.618,-6.114,-4.357
,0.0,0.0,0.0,3.4954,3.9135,3.9488,1,1.7478,1.7478,LOST,0.0,FORMATION_FOLLOW|FORMATION_FOLLOW|MUTEX_PASS,0,1,1,61.199,0.658,0.642,-1.387,18.527,18.576,15.679,-2.619,-6.114,-4.358
,0.0,0.0,0.0,3.4952,3.8948,3.9299,1,1.713,1.713,LOST,0.0,FORMATION_FOLLOW|FORMATION_FOLLOW|FORMATION_RECOVERY,0,1,1,61.299,0.657,0.642,-1.336,18.529,18.578,15.671,-2.619,-6.114,-4.358
,0.0,0.0,0.0,3.4953,3.878,3.9125,1,1.6779,1.6779,LOST,0.0,FORMATION_FOLLOW|FORMATION_FOLLOW|FORMATION_RECOVERY,0,1,1,61.399,0.656,0.642,-1.285,18.533,18.58,15.662,-2.619,-6.114,-4.358
,0.0,0.0,0.0,3.4955,3.8624,3.8967,1,1.6428,1.6428,LOST,0.0,FORMATION_FOLLOW|FORMATION_FOLLOW|FORMATION_RECOVERY,0,1,1,61.499,0.655,0.641,-1.235,18.536,18.582,15.652,-2.618,-6.114,-4.359
,0.0,0.0,0.0,3.4957,3.8481,3.8822,1,1.6079,1.6079,LOST,0.0,FORMATION_FOLLOW|FORMATION_FOLLOW|FORMATION_RECOVERY,0,1,1,61.599,0.655,0.641,-1.185,18.539,18.584,15.641,-2.618,-6.113,-4.359
,0.0,0.0,0.0,3.4955,3.8353,3.8689,1,1.5732,1.5732,LOST,0.0,FORMATION_FOLLOW|FORMATION_FOLLOW|FORMATION_RECOVERY,0,1,1,61.699,0.653,0.641,-1.135,18.542,18.586,15.63,-2.618,-6.113,-4.359
,0.0,0.0,0.0,3.4953,3.8234,3.8566,1,1.5382,1.5382,LOST,0.0,FORMATION_FOLLOW|FORMATION_FOLLOW|FORMATION_RECOVERY,0,1,1,61.799,0.652,0.641,-1.085,18.546,18.589,15.619,-2.617,-6.113,-4.359
,0.0,0.0,0.0,3.4952,3.8125,3.8455,1,1.5033,1.5033,LOST,0.0,FORMATION_FOLLOW|FORMATION_FOLLOW|FORMATION_RECOVERY,0,1,1,61.899,0.651,0.64,-1.035,18.549,18.592,15.607,-2.617,-6.112,-4.359
,0.0,0.0,0.0,3.4951,3.8026,3.8353,1,1.4683,1.4683,LOST,0.0,FORMATION_FOLLOW|FORMATION_FOLLOW|FORMATION_RECOVERY,0,1,1,61.999,0.65,0.639,-0.986,18.553,18.595,15.595,-2.617,-6.112,-4.36
,0.0,0.0,0.0,3.4953,3.7932,3.8255,1,1.4333,1.4333,LOST,0.0,FORMATION_FOLLOW|FORMATION_FOLLOW|FORMATION_RECOVERY,0,1,1,62.099,0.649,0.638,-0.937,18.556,18.598,15.584,-2.616,-6.111,-4.359
,0.0,0.0,0.0,3.4957,3.785,3.8167,1,1.3986,1.3986,LOST,0.0,FORMATION_FOLLOW|FORMATION_FOLLOW|FORMATION_RECOVERY,0,1,1,62.199,0.648,0.638,-0.887,18.559,18.6,15.572,-2.615,-6.111,-4.359
,0.0,0.0,0.0,3.4964,3.7776,3.8087,1,1.364,1.364,LOST,0.0,FORMATION_FOLLOW|FORMATION_FOLLOW|FORMATION_RECOVERY,0,1,1,62.299,0.647,0.637,-0.838,18.563,18.603,15.56,-2.614,-6.111,-4.359
,0.0,0.0,0.0,3.4972,3.7704,3.8019,1,1.3293,1.3293,LOST,0.0,FORMATION_FOLLOW|FORMATION_FOLLOW|FORMATION_RECOVERY,0,1,1,62.399,0.646,0.637,-0.789,18.566,18.605,15.547,-2.613,-6.11,-4.358
,0.0,0.0,0.0,3.498,3.7642,3.796,1,1.2947,1.2947,LOST,0.0,FORMATION_FOLLOW|FORMATION_FOLLOW|FORMATION_RECOVERY,0,1,1,62.499,0.644,0.637,-0.74,18.569,18.608,15.535,-2.612,-6.11,-4.357
,0.0,0.0,0.0,3.4987,3.7587,3.7909,1,1.2599,1.2599,LOST,0.0,FORMATION_FOLLOW|FORMATION_FOLLOW|FORMATION_RECOVERY,0,1,1,62.599,0.643,0.636,-0.691,18.573,18.61,15.522,-2.611,-6.11,-4.357
,0.0,0.0,0.0,3.4993,3.7542,3.7868,1,1.2254,1.2254,LOST,0.0,FORMATION_FOLLOW|FORMATION_FOLLOW|FORMATION_RECOVERY,0,1,1,62.699,0.641,0.636,-0.642,18.576,18.613,15.51,-2.611,-6.11,-4.356
,0.0,0.0,0.0,3.5002,3.7506,3.7833,1,1.1911,1.1911,LOST,0.0,FORMATION_FOLLOW|FORMATION_FOLLOW|FORMATION_RECOVERY,0,1,1,62.799,0.64,0.636,-0.593,18.579,18.616,15.497,-2.61,-6.11,-4.356
,0.0,0.0,0.0,3.5014,3.7475,3.7804,1,1.157,1.157,LOST,0.0,FORMATION_FOLLOW|FORMATION_FOLLOW|FORMATION_RECOVERY,0,1,1,62.899,0.64,0.637,-0.545,18.581,18.619,15.485,-2.608,-6.11,-4.356
,0.0,0.0,0.0,3.5026,3.7454,3.7779,1,1.1229,1.1229,LOST,0.0,FORMATION_FOLLOW|FORMATION_FOLLOW|FORMATION_RECOVERY,0,1,1,62.999,0.639,0.637,-0.496,18.584,18.621,15.472,-2.607,-6.11,-4.356
,0.0,0.0,0.0,3.5035,3.7443,3.7758,1,1.0888,1.0888,LOST,0.0,FORMATION_FOLLOW|FORMATION_FOLLOW|FORMATION_RECOVERY,0,1,1,63.099,0.638,0.637,-0.447,18.587,18.623,15.46,-2.606,-6.11,-4.356
,0.0,0.0,0.0,3.5041,3.7442,3.7748,1,1.0548,1.0548,LOST,0.0,FORMATION_FOLLOW|FORMATION_FOLLOW|FORMATION_RECOVERY,0,1,1,63.199,0.638,0.637,-0.398,18.591,18.625,15.447,-2.606,-6.11,-4.356
,0.0,0.0,0.0,3.5045,3.7447,3.7744,1,1.021,1.021,LOST,0.0,FORMATION_FOLLOW|FORMATION_FOLLOW|FORMATION_RECOVERY,0,1,1,63.299,0.638,0.637,-0.349,18.594,18.628,15.434,-2.605,-6.11,-4.356
,0.0,0.0,0.0,3.5048,3.7457,3.7742,1,0.9872,0.9872,LOST,0.0,FORMATION_FOLLOW|FORMATION_FOLLOW|FORMATION_RECOVERY,0,1,1,63.399,0.639,0.638,-0.3,18.597,18.63,15.422,-2.605,-6.109,-4.356
,0.0,0.0,0.0,3.5048,3.7466,3.7747,1,0.9535,0.9535,LOST,0.0,FORMATION_FOLLOW|FORMATION_FOLLOW|FORMATION_RECOVERY,0,1,1,63.499,0.639,0.638,-0.251,18.599,18.631,15.409,-2.604,-6.109,-4.356
,0.0,0.0,0.0,3.5046,3.7476,3.7758,1,0.9199,0.9199,LOST,0.0,FORMATION_FOLLOW|FORMATION_FOLLOW|FORMATION_RECOVERY,0,1,1,63.599,0.639,0.638,-0.202,18.601,18.633,15.396,-2.605,-6.109,-4.355
,0.0,0.0,0.0,3.5041,3.7489,3.7778,1,0.8862,0.8862,LOST,0.0,FORMATION_FOLLOW|FORMATION_FOLLOW|FORMATION_RECOVERY,0,1,1,63.699,0.639,0.639,-0.153,18.603,18.634,15.384,-2.605,-6.109,-4.355
,0.0,0.0,0.0,3.5036,3.7503,3.7802,1,0.8524,0.8524,LOST,0.0,FORMATION_FOLLOW|FORMATION_FOLLOW|FORMATION_RECOVERY,0,1,1,63.799,0.639,0.64,-0.104,18.604,18.636,15.371,-2.606,-6.109,-4.354
,0.0,0.0,0.0,3.5031,3.7518,3.7827,1,0.8185,0.8185,LOST,0.0,FORMATION_FOLLOW|FORMATION_FOLLOW|FORMATION_RECOVERY,0,1,1,63.899,0.638,0.64,-0.054,18.605,18.637,15.358,-2.606,-6.109,-4.354
,0.0,0.0,0.0,3.5025,3.7538,3.7853,1,0.7846,0.7846,LOST,0.0,FORMATION_FOLLOW|FORMATION_FOLLOW|FORMATION_RECOVERY,0,1,1,63.999,0.638,0.64,-0.005,18.606,18.637,15.346,-2.607,-6.109,-4.354
,0.0,0.0,0.0,3.5014,3.7565,3.7882,1,0.7508,0.7508,LOST,0.0,FORMATION_FOLLOW|FORMATION_FOLLOW|FORMATION_RECOVERY,0,1,1,64.099,0.637,0.639,0.044,18.606,18.638,15.334,-2.607,-6.109,-4.354
,0.0,0.0,0.0,3.5005,3.7598,3.7912,1,0.717,0.717,LOST,0.0,FORMATION_FOLLOW|FORMATION_FOLLOW|FORMATION_RECOVERY,0,1,1,64.199,0.637,0.639,0.093,18.607,18.638,15.322,-2.608,-6.108,-4.354
,0.0,0.0,0.0,3.4998,3.7639,3.7948,1,0.6836,0.6836,LOST,0.0,FORMATION_FOLLOW|FORMATION_FOLLOW|FORMATION_RECOVERY,0,1,1,64.299,0.636,0.639,0.141,18.608,18.638,15.31,-2.609,-6.108,-4.354
,0.0,0.0,0.0,3.4992,3.769,3.7988,1,0.6501,0.6501,LOST,0.0,FORMATION_FOLLOW|FORMATION_FOLLOW|FORMATION_RECOVERY,0,1,1,64.399,0.636,0.639,0.19,18.608,18.638,15.298,-2.609,-6.108,-4.355
,0.0,0.0,0.0,3.4982,3.7743,3.8034,1,0.6168,0.6168,LOST,0.0,FORMATION_FOLLOW|FORMATION_FOLLOW|FORMATION_RECOVERY,0,1,1,64.499,0.636,0.639,0.239,18.609,18.638,15.286,-2.61,-6.108,-4.356
,0.0,0.0,0.0,3.4969,3.78,3.8082,1,0.5841,0.5841,LOST,0.0,FORMATION_FOLLOW|FORMATION_FOLLOW|FORMATION_RECOVERY,0,1,1,64.599,0.635,0.639,0.286,18.609,18.639,15.275,-2.61,-6.107,-4.357
,0.0,0.0,0.0,3.4959,3.7862,3.8131,1,0.5524,0.5524,LOST,0.0,FORMATION_FOLLOW|FORMATION_FOLLOW|FORMATION_RECOVERY,0,1,1,64.699,0.634,0.638,0.332,18.609,18.639,15.264,-2.611,-6.106,-4.358
,0.0,0.0,0.0,3.4955,3.7932,3.8185,1,0.5215,0.5215,LOST,0.0,FORMATION_FOLLOW|FORMATION_FOLLOW|FORMATION_RECOVERY,0,1,1,64.799,0.633,0.638,0.377,18.61,18.639,15.253,-2.61,-6.106,-4.359
,0.0,0.0,0.0,3.4955,3.8009,3.8246,1,0.4917,0.4917,RECOVERING,0.0,FORMATION_FOLLOW|FORMATION_FOLLOW|FORMATION_RECOVERY,0,1,1,64.899,0.632,0.637,0.419,18.611,18.639,15.243,-2.61,-6.105,-4.359
,0.0,0.0,0.0,3.496,3.8086,3.8311,1,0.4632,0.4632,RECOVERING,0.0,FORMATION_FOLLOW|FORMATION_FOLLOW|FORMATION_RECOVERY,0,1,1,64.999,0.631,0.636,0.46,18.612,18.639,15.233,-2.609,-6.105,-4.36
,0.0,0.0,0.0,3.4963,3.816,3.8373,1,0.436,0.436,RECOVERING,0.0,FORMATION_FOLLOW|FORMATION_FOLLOW|FORMATION_RECOVERY,0,1,1,65.099,0.63,0.636,0.499,18.612,18.64,15.225,-2.609,-6.105,-4.36
,0.0,0.0,0.0,3.4964,3.823,3.8436,1,0.41,0.41,RECOVERING,0.0,FORMATION_FOLLOW|FORMATION_FOLLOW|FORMATION_RECOVERY,0,1,1,65.199,0.629,0.635,0.537,18.613,18.64,15.216,-2.609,-6.105,-4.361
,0.0,0.0,0.0,3.4965,3.83,3.8498,1,0.3853,0.3853,RECOVERING,0.0,FORMATION_FOLLOW|FORMATION_FOLLOW|FORMATION_RECOVERY,0,1,1,65.299,0.628,0.634,0.572,18.614,18.64,15.208,-2.609,-6.105,-4.361
,0.0,0.0,0.0,3.4969,3.8368,3.8559,1,0.3622,0.3622,RECOVERING,0.0,FORMATION_FOLLOW|FORMATION_FOLLOW|FORMATION_RECOVERY,0,1,1,65.399,0.627,0.633,0.606,18.614,18.64,15.201,-2.609,-6.105,-4.361
,0.0,0.0,0.0,3.4973,3.8438,3.8616,1,0.3405,0.3405,RECOVERING,0.0,FORMATION_FOLLOW|FORMATION_FOLLOW|FORMATION_RECOVERY,0,1,1,65.499,0.626,0.632,0.637,18.615,18.639,15.194,-2.608,-6.106,-4.361
,0.0,0.0,0.0,3.498,3.8505,3.867,1,0.3202,0.3202,RECOVERING,0.0,FORMATION_FOLLOW|FORMATION_FOLLOW|FORMATION_RECOVERY,0,1,1,65.599,0.625,0.632,0.667,18.616,18.639,15.189,-2.608,-6.106,-4.362
,0.0,0.0,0.0,3.4987,3.8562,3.8721,1,0.3013,0.3013,RECOVERING,0.0,FORMATION_FOLLOW|FORMATION_FOLLOW|FORMATION_RECOVERY,0,1,1,65.699,0.625,0.631,0.695,18.617,18.64,15.184,-2.608,-6.106,-4.362
,0.0,0.0,0.0,3.4993,3.8616,3.8772,1,0.2838,0.2838,RECOVERING,0.0,FORMATION_FOLLOW|FORMATION_FOLLOW|FORMATION_RECOVERY,0,1,1,65.799,0.625,0.631,0.72,18.618,18.64,15.179,-2.607,-6.107,-4.361
,0.0,0.0,0.0,3.4996,3.8666,3.8819,1,0.2675,0.2675,RECOVERING,0.0,FORMATION_FOLLOW|FORMATION_FOLLOW|FORMATION_RECOVERY,0,1,1,65.899,0.625,0.63,0.744,18.619,18.64,15.175,-2.608,-6.107,-4.361
,0.0,0.0,0.0,3.4995,3.871,3.8865,1,0.2523,0.2523,RECOVERING,0.0,FORMATION_FOLLOW|FORMATION_FOLLOW|FORMATION_RECOVERY,0,1,1,65.999,0.625,0.629,0.767,18.62,18.64,15.171,-2.608,-6.108,-4.361
,0.0,0.0,0.0,3.4992,3.8752,3.891,1,0.238,0.238,RECOVERING,0.0,FORMATION_FOLLOW|FORMATION_FOLLOW|FORMATION_RECOVERY,0,1,1,66.099,0.624,0.629,0.787,18.621,18.641,15.168,-2.609,-6.108,-4.36
,0.0,0.0,0.0,3.4988,3.8793,3.8954,1,0.2248,0.2248,RECOVERING,0.0,FORMATION_FOLLOW|FORMATION_FOLLOW|FORMATION_RECOVERY,0,1,1,66.199,0.624,0.628,0.807,18.622,18.641,15.165,-2.609,-6.108,-4.359
,0.0,0.0,0.0,3.4982,3.883,3.8997,1,0.2125,0.2125,RECOVERING,0.0,FORMATION_FOLLOW|FORMATION_FOLLOW|FORMATION_RECOVERY,0,1,1,66.299,0.624,0.628,0.825,18.623,18.642,15.162,-2.61,-6.108,-4.358
,0.0,0.0,0.0,3.4976,3.8862,3.9035,1,0.2011,0.2011,RECOVERING,0.0,FORMATION_FOLLOW|FORMATION_FOLLOW|FORMATION_RECOVERY,0,1,1,66.399,0.624,0.627,0.842,18.624,18.642,15.16,-2.61,-6.108,-4.358
,0.0,0.0,0.0,3.4971,3.8884,3.9066,1,0.1906,0.1906,RECOVERING,0.0,FORMATION_FOLLOW|FORMATION_FOLLOW|FORMATION_RECOVERY,0,1,1,66.499,0.624,0.626,0.857,18.624,18.643,15.158,-2.61,-6.107,-4.358
,0.0,0.0,0.0,3.4965,3.8901,3.9092,1,0.181,0.181,RECOVERING,0.0,FORMATION_FOLLOW|FORMATION_FOLLOW|FORMATION_RECOVERY,0,1,1,66.599,0.624,0.625,0.871,18.623,18.643,15.156,-2.611,-6.107,-4.357
,0.0,0.0,0.0,3.4959,3.8917,3.9118,1,0.1718,0.1718,RECOVERING,0.0,FORMATION_FOLLOW|FORMATION_FOLLOW|FORMATION_RECOVERY,0,1,1,66.699,0.624,0.624,0.885,18.622,18.643,15.154,-2.611,-6.107,-4.357
,0.0,0.0,0.0,3.4954,3.8936,3.9141,1,0.1629,0.1629,RECOVERING,0.0,FORMATION_FOLLOW|FORMATION_FOLLOW|FORMATION_RECOVERY,0,1,1,66.799,0.624,0.623,0.897,18.621,18.643,15.152,-2.611,-6.106,-4.357
,0.0,0.0,0.0,3.4952,3.895,3.9157,1,0.1544,0.1544,RECOVERING,0.0,FORMATION_FOLLOW|FORMATION_FOLLOW|FORMATION_RECOVERY,0,1,1,66.899,0.623,0.622,0.91,18.621,18.642,15.151,-2.611,-6.106,-4.357
,0.0,0.0,0.0,3.4948,3.8963,3.9171,1,0.1464,0.1464,OK,0.0,FORMATION_FOLLOW|FORMATION_FOLLOW|FORMATION_RECOVERY,0,1,1,66.999,0.623,0.621,0.921,18.62,18.642,15.149,-2.611,-6.106,-4.358
,0.0,0.0,0.0,3.4942,3.8972,3.9183,1,0.1388,0.1388,OK,0.0,FORMATION_FOLLOW|FORMATION_FOLLOW|FORMATION_RECOVERY,0,1,1,67.099,0.623,0.621,0.932,18.618,18.642,15.148,-2.611,-6.105,-4.358
,0.0,0.0,0.0,3.4937,3.8968,3.9179,1,0.1319,0.1319,OK,0.0,FORMATION_FOLLOW|FORMATION_FOLLOW|FORMATION_RECOVERY,0,1,1,67.199,0.622,0.62,0.942,18.617,18.641,15.149,-2.611,-6.105,-4.359
,0.0,0.0,0.0,3.4933,3.896,3.9171,1,0.1255,0.1255,OK,0.0,FORMATION_FOLLOW|FORMATION_FOLLOW|FORMATION_RECOVERY,0,1,1,67.299,0.622,0.62,0.952,18.616,18.641,15.15,-2.611,-6.104,-4.359
,0.0,0.0,0.0,3.4931,3.8955,3.9171,1,0.1196,0.1196,OK,0.0,FORMATION_FOLLOW|FORMATION_FOLLOW|FORMATION_RECOVERY,0,1,1,67.399,0.622,0.62,0.96,18.616,18.641,15.151,-2.611,-6.104,-4.359
,0.0,0.0,0.0,3.4933,3.8951,3.9173,1,0.1139,0.1139,OK,0.0,FORMATION_FOLLOW|FORMATION_FOLLOW|FORMATION_RECOVERY,0,1,1,67.499,0.622,0.619,0.969,18.615,18.641,15.151,-2.611,-6.104,-4.358
,0.0,0.0,0.0,3.4939,3.8949,3.9176,1,0.1084,0.1084,OK,0.0,FORMATION_FOLLOW|FORMATION_FOLLOW|FORMATION_RECOVERY,0,1,1,67.599,0.622,0.619,0.977,18.614,18.64,15.152,-2.61,-6.104,-4.358
,0.0,0.0,0.0,3.4943,3.8947,3.9177,1,0.1032,0.1032,OK,0.0,FORMATION_FOLLOW|FORMATION_FOLLOW|FORMATION_RECOVERY,0,1,1,67.699,0.623,0.618,0.984,18.614,18.64,15.152,-2.609,-6.104,-4.358
,0.0,0.0,0.0,3.4943,3.8946,3.9184,1,0.0984,0.0984,OK,0.0,FORMATION_FOLLOW|FORMATION_FOLLOW|FORMATION_RECOVERY,0,1,1,67.799,0.624,0.618,0.992,18.613,18.64,15.152,-2.609,-6.103,-4.358
,0.0,0.0,0.0,3.4943,3.8946,3.9194,1,0.0939,0.0939,OK,0.0,FORMATION_FOLLOW|FORMATION_FOLLOW|FORMATION_RECOVERY,0,1,1,67.899,0.625,0.617,0.999,18.612,18.64,15.152,-2.609,-6.103,-4.358
,0.0,0.0,0.0,3.4949,3.8946,3.9205,1,0.0894,0.0894,OK,0.0,FORMATION_FOLLOW|FORMATION_FOLLOW|FORMATION_RECOVERY,0,1,1,67.999,0.626,0.617,1.006,18.611,18.641,15.152,-2.609,-6.104,-4.358
,0.0,0.0,0.0,3.4955,3.8944,3.9215,1,0.0854,0.0854,OK,0.0,FORMATION_FOLLOW|FORMATION_FOLLOW|FORMATION_RECOVERY,0,1,1,68.099,0.627,0.617,1.013,18.61,18.641,15.152,-2.609,-6.104,-4.358
,0.0,0.0,0.0,3.4959,3.8939,3.9224,1,0.0817,0.0817,OK,0.0,FORMATION_FOLLOW|FORMATION_FOLLOW|FORMATION_RECOVERY,0,1,1,68.199,0.628,0.617,1.019,18.609,18.641,15.152,-2.609,-6.105,-4.358
,0.0,0.0,0.0,3.4964,3.8935,3.923,1,0.0783,0.0783,OK,0.0,FORMATION_FOLLOW|FORMATION_FOLLOW|FORMATION_RECOVERY,0,1,1,68.299,0.629,0.617,1.024,18.608,18.641,15.152,-2.609,-6.105,-4.358
,0.0,0.0,0.0,3.4967,3.8937,3.9233,1,0.075,0.075,OK,0.0,FORMATION_FOLLOW|FORMATION_FOLLOW|FORMATION_RECOVERY,0,1,1,68.399,0.63,0.616,1.029,18.608,18.641,15.152,-2.608,-6.105,-4.358
,0.0,0.0,0.0,3.4971,3.894,3.9235,1,0.0714,0.0714,OK,0.0,FORMATION_FOLLOW|FORMATION_FOLLOW|FORMATION_RECOVERY,0,1,1,68.499,0.63,0.616,1.034,18.607,18.64,15.152,-2.608,-6.105,-4.358
,0.0,0.0,0.0,3.4977,3.8939,3.9235,1,0.068,0.068,OK,0.0,FORMATION_FOLLOW|FORMATION_FOLLOW|FORMATION_RECOVERY,0,1,1,68.599,0.63,0.616,1.04,18.606,18.64,15.152,-2.608,-6.105,-4.358
,0.0,0.0,0.0,3.4979,3.894,3.9238,1,0.0647,0.0647,OK,0.0,FORMATION_FOLLOW|FORMATION_FOLLOW|FORMATION_RECOVERY,0,1,1,68.699,0.631,0.616,1.045,18.606,18.64,15.152,-2.607,-6.105,-4.358
,0.0,0.0,0.0,3.4981,3.8939,3.9245,1,0.0616,0.0616,OK,0.0,FORMATION_FOLLOW|FORMATION_FOLLOW|FORMATION_RECOVERY,0,1,1,68.799,0.631,0.616,1.05,18.605,18.64,15.152,-2.607,-6.105,-4.358
,0.0,0.0,0.0,3.4983,3.8936,3.9253,1,0.0587,0.0587,OK,0.0,FORMATION_FOLLOW|FORMATION_FOLLOW|FORMATION_RECOVERY,0,1,1,68.899,0.632,0.617,1.055,18.604,18.64,15.152,-2.607,-6.105,-4.358
,0.0,0.0,0.0,3.4983,3.8934,3.9265,1,0.0557,0.0557,OK,0.0,FORMATION_FOLLOW|FORMATION_FOLLOW|FORMATION_RECOVERY,0,1,1,68.999,0.632,0.617,1.059,18.603,18.64,15.152,-2.607,-6.105,-4.357
,0.0,0.0,0.0,3.4984,3.8937,3.9283,1,0.0524,0.0524,OK,0.0,FORMATION_FOLLOW|FORMATION_FOLLOW|FORMATION_RECOVERY,0,1,1,69.099,0.631,0.617,1.064,18.602,18.64,15.151,-2.607,-6.106,-4.357
,0.0,0.0,0.0,3.4986,3.8945,3.9304,1,0.0492,0.0492,OK,0.0,FORMATION_FOLLOW|FORMATION_FOLLOW|FORMATION_RECOVERY,0,1,1,69.199,0.631,0.617,1.069,18.602,18.641,15.15,-2.607,-6.106,-4.357
,0.0,0.0,0.0,3.4992,3.8956,3.9326,1,0.0461,0.0461,OK,0.0,FORMATION_FOLLOW|FORMATION_FOLLOW|FORMATION_RECOVERY,0,1,1,69.299,0.63,0.616,1.073,18.601,18.641,15.149,-2.607,-6.106,-4.357
,0.0,0.0,0.0,3.5002,3.8965,3.9346,1,0.0431,0.0431,OK,0.0,FORMATION_FOLLOW|FORMATION_FOLLOW|FORMATION_FOLLOW,0,1,1,69.399,0.63,0.615,1.077,18.6,18.641,15.148,-2.607,-6.107,-4.357
,0.0,0.0,0.0,3.5013,3.8968,3.9367,1,0.0402,0.0402,OK,0.0,FORMATION_FOLLOW|FORMATION_FOLLOW|FORMATION_FOLLOW,0,1,1,69.499,0.629,0.614,1.081,18.6,18.642,15.147,-2.606,-6.107,-4.356
,0.0,0.0,0.0,3.5023,3.8968,3.9384,1,0.0375,0.0375,OK,0.0,FORMATION_FOLLOW|FORMATION_FOLLOW|FORMATION_FOLLOW,0,1,1,69.599,0.629,0.613,1.084,18.599,18.642,15.147,-2.606,-6.108,-4.355
,0.0,0.0,0.0,3.5032,3.8968,3.9397,1,0.035,0.035,OK,0.0,FORMATION_FOLLOW|FORMATION_FOLLOW|FORMATION_FOLLOW,0,1,1,69.699,0.628,0.612,1.087,18.598,18.642,15.146,-2.606,-6.109,-4.355
,0.0,0.0,0.0,3.504,3.8973,3.9409,1,0.0325,0.0325,OK,0.0,FORMATION_FOLLOW|FORMATION_FOLLOW|FORMATION_FOLLOW,0,1,1,69.799,0.628,0.611,1.09,18.598,18.642,15.146,-2.606,-6.109,-4.354
,0.0,0.0,0.0,3.5045,3.8977,3.9415,1,0.0301,0.0301,OK,0.0,FORMATION_FOLLOW|FORMATION_FOLLOW|FORMATION_FOLLOW,0,1,1,69.899,0.627,0.61,1.093,18.598,18.641,15.146,-2.605,-6.109,-4.354
,0.0,0.0,0.0,3.5045,3.8981,3.9417,1,0.028,0.028,OK,0.0,FORMATION_FOLLOW|FORMATION_FOLLOW|FORMATION_FOLLOW,0,1,1,69.999,0.626,0.609,1.096,18.597,18.641,15.145,-2.605,-6.109,-4.354
,0.0,0.0,0.0,3.5043,3.8984,3.9418,1,0.0271,0.0271,OK,0.0,FORMATION_FOLLOW|FORMATION_FOLLOW|FORMATION_FOLLOW,0,1,1,70.099,0.625,0.608,1.098,18.597,18.64,15.145,-2.605,-6.109,-4.354
,0.0,0.0,0.0,3.504,3.8986,3.9416,1,0.0264,0.0264,OK,0.0,FORMATION_FOLLOW|FORMATION_FOLLOW|FORMATION_FOLLOW,0,1,1,70.199,0.625,0.607,1.1,18.596,18.639,15.144,-2.605,-6.109,-4.354
,0.0,0.0,0.0,3.5036,3.8992,3.9413,1,0.0255,0.0255,OK,0.0,FORMATION_FOLLOW|FORMATION_FOLLOW|FORMATION_FOLLOW,0,1,1,70.299,0.624,0.606,1.102,18.596,18.638,15.144,-2.605,-6.109,-4.354
,0.0,0.0,0.0,3.5034,3.9001,3.9412,1,0.0245,0.0245,OK,0.0,FORMATION_FOLLOW|FORMATION_FOLLOW|FORMATION_FOLLOW,0,1,1,70.399,0.623,0.605,1.104,18.596,18.636,15.143,-2.606,-6.109,-4.354
,0.0,0.0,0.0,3.5027,3.9003,3.9408,1,0.024,0.024,OK,0.0,FORMATION_FOLLOW|FORMATION_FOLLOW|FORMATION_FOLLOW,0,1,1,70.499,0.622,0.604,1.106,18.595,18.635,15.142,-2.606,-6.108,-4.354
,0.0,0.0,0.0,3.5016,3.8998,3.94,1,0.0235,0.0235,OK,0.0,FORMATION_FOLLOW|FORMATION_FOLLOW|FORMATION_FOLLOW,0,1,1,70.599,0.621,0.603,1.108,18.594,18.634,15.142,-2.607,-6.108,-4.354
,0.0,0.0,0.0,3.5007,3.8994,3.9387,1,0.0226,0.0226,OK,0.0,FORMATION_FOLLOW|FORMATION_FOLLOW|FORMATION_FOLLOW,0,1,1,70.699,0.62,0.602,1.109,18.594,18.632,15.142,-2.607,-6.108,-4.354
,0.0,0.0,0.0,3.4999,3.8991,3.9368,1,0.0219,0.0219,OK,0.0,FORMATION_FOLLOW|FORMATION_FOLLOW|FORMATION_FOLLOW,0,1,1,70.799,0.62,0.601,1.111,18.594,18.63,15.143,-2.608,-6.107,-4.354
,0.0,0.0,0.0,3.4991,3.8988,3.9347,1,0.0211,0.0211,OK,0.0,FORMATION_FOLLOW|FORMATION_FOLLOW|FORMATION_FOLLOW,0,1,1,70.899,0.62,0.601,1.114,18.594,18.629,15.143,-2.608,-6.107,-4.355
,0.0,0.0,0.0,3.4981,3.899,3.9326,1,0.0204,0.0204,OK,0.0,FORMATION_FOLLOW|FORMATION_FOLLOW|FORMATION_FOLLOW,0,1,1,70.999,0.62,0.6,1.116,18.594,18.627,15.143,-2.608,-6.106,-4.356
,0.0,0.0,0.0,3.4974,3.8989,3.931,1,0.0203,0.0203,OK,0.0,FORMATION_FOLLOW|FORMATION_FOLLOW|FORMATION_FOLLOW,0,1,1,71.099,0.62,0.599,1.118,18.593,18.625,15.144,-2.609,-6.106,-4.356
,0.0,0.0,0.0,3.4968,3.8992,3.9299,1,0.0202,0.0202,OK,0.0,FORMATION_FOLLOW|FORMATION_FOLLOW|FORMATION_FOLLOW,0,1,1,71.199,0.621,0.597,1.12,18.593,18.624,15.144,-2.609,-6.105,-4.357
,0.0,0.0,0.0,3.4964,3.8995,3.9292,1,0.0201,0.0201,OK,0.0,FORMATION_FOLLOW|FORMATION_FOLLOW|FORMATION_FOLLOW,0,1,1,71.299,0.621,0.596,1.122,18.593,18.623,15.144,-2.609,-6.105,-4.357
,0.0,0.0,0.0,3.4962,3.8999,3.9287,1,0.02,0.02,OK,0.0,FORMATION_FOLLOW|FORMATION_FOLLOW|FORMATION_FOLLOW,0,1,1,71.399,0.622,0.595,1.124,18.593,18.623,15.144,-2.609,-6.105,-4.358
,0.0,0.0,0.0,3.4964,3.9004,3.9281,1,0.0203,0.0203,OK,0.0,FORMATION_FOLLOW|FORMATION_FOLLOW|FORMATION_FOLLOW,0,1,1,71.499,0.622,0.595,1.125,18.593,18.622,15.144,-2.609,-6.105,-4.359
,0.0,0.0,0.0,3.497,3.901,3.9274,1,0.0205,0.0205,OK,0.0,FORMATION_FOLLOW|FORMATION_FOLLOW|FORMATION_FOLLOW,0,1,1,71.599,0.622,0.595,1.127,18.593,18.621,15.144,-2.609,-6.106,-4.36
,0.0,0.0,0.0,3.4975,3.9016,3.9266,1,0.0208,0.0208,OK,0.0,FORMATION_FOLLOW|FORMATION_FOLLOW|FORMATION_FOLLOW,0,1,1,71.699,0.623,0.595,1.129,18.593,18.62,15.144,-2.609,-6.106,-4.361
,0.0,0.0,0.0,3.4982,3.902,3.926,1,0.0212,0.0212,OK,0.0,FORMATION_FOLLOW|FORMATION_FOLLOW|FORMATION_FOLLOW,0,1,1,71.799,0.624,0.594,1.131,18.593,18.62,15.144,-2.609,-6.107,-4.362
,0.0,0.0,0.0,3.4987,3.9023,3.9255,1,0.0214,0.0214,OK,0.0,FORMATION_FOLLOW|FORMATION_FOLLOW|FORMATION_FOLLOW,0,1,1,71.899,0.625,0.594,1.132,18.593,18.619,15.144,-2.609,-6.107,-4.362
,0.0,0.0,0.0,3.4988,3.9022,3.9253,1,0.0218,0.0218,OK,0.0,FORMATION_FOLLOW|FORMATION_FOLLOW|FORMATION_FOLLOW,0,1,1,71.999,0.626,0.594,1.134,18.593,18.619,15.145,-2.609,-6.108,-4.363
,0.0,0.0,0.0,3.4987,3.9022,3.9256,1,0.0226,0.0226,OK,0.0,FORMATION_FOLLOW|FORMATION_FOLLOW|FORMATION_FOLLOW,0,1,1,72.099,0.626,0.594,1.135,18.593,18.619,15.145,-2.61,-6.108,-4.363
,0.0,0.0,0.0,3.4984,3.9022,3.9262,1,0.0237,0.0237,OK,0.0,FORMATION_FOLLOW|FORMATION_FOLLOW|FORMATION_FOLLOW,0,1,1,72.199,0.627,0.594,1.137,18.593,18.619,15.145,-2.61,-6.108,-4.363
,0.0,0.0,0.0,3.4984,3.9023,3.9271,1,0.0252,0.0252,OK,0.0,FORMATION_FOLLOW|FORMATION_FOLLOW|FORMATION_FOLLOW,0,1,1,72.299,0.627,0.593,1.139,18.593,18.62,15.144,-2.61,-6.109,-4.363
,0.0,0.0,0.0,3.4986,3.9028,3.9282,1,0.0265,0.0265,OK,0.0,FORMATION_FOLLOW|FORMATION_FOLLOW|FORMATION_FOLLOW,0,1,1,72.399,0.628,0.592,1.141,18.593,18.62,15.144,-2.611,-6.109,-4.363
,0.0,0.0,0.0,3.499,3.9032,3.9293,1,0.0278,0.0278,OK,0.0,FORMATION_FOLLOW|FORMATION_FOLLOW|FORMATION_FOLLOW,0,1,1,72.499,0.629,0.591,1.143,18.593,18.619,15.143,-2.611,-6.109,-4.363
,0.0,0.0,0.0,3.4993,3.9033,3.9301,1,0.0292,0.0292,OK,0.0,FORMATION_FOLLOW|FORMATION_FOLLOW|FORMATION_FOLLOW,0,1,1,72.599,0.63,0.59,1.145,18.592,18.619,15.143,-2.611,-6.11,-4.363
,0.0,0.0,0.0,3.4999,3.9035,3.9308,1,0.0301,0.0301,OK,0.0,FORMATION_FOLLOW|FORMATION_FOLLOW|FORMATION_FOLLOW,0,1,1,72.699,0.631,0.59,1.147,18.592,18.619,15.142,-2.61,-6.11,-4.363
,0.0,0.0,0.0,3.5006,3.9036,3.9315,1,0.0307,0.0307,OK,0.0,FORMATION_FOLLOW|FORMATION_FOLLOW|FORMATION_FOLLOW,0,1,1,72.799,0.632,0.59,1.148,18.591,18.618,15.141,-2.61,-6.11,-4.362
,0.0,0.0,0.0,3.5014,3.9034,3.9321,1,0.0312,0.0312,OK,0.0,FORMATION_FOLLOW|FORMATION_FOLLOW|FORMATION_FOLLOW,0,1,1,72.899,0.632,0.59,1.149,18.591,18.618,15.141,-2.61,-6.111,-4.362
,0.0,0.0,0.0,3.5021,3.9029,3.9326,1,0.032,0.032,OK,0.0,FORMATION_FOLLOW|FORMATION_FOLLOW|FORMATION_FOLLOW,0,1,1,72.999,0.633,0.59,1.15,18.59,18.618,15.141,-2.61,-6.112,-4.362
,0.0,0.0,0.0,3.5025,3.9025,3.9332,1,0.0327,0.0327,OK,0.0,FORMATION_FOLLOW|FORMATION_FOLLOW|FORMATION_FOLLOW,0,1,1,73.099,0.635,0.59,1.151,18.59,18.618,15.141,-2.61,-6.112,-4.361
,0.0,0.0,0.0,3.5031,3.9023,3.9339,1,0.0335,0.0335,OK,0.0,FORMATION_FOLLOW|FORMATION_FOLLOW|FORMATION_FOLLOW,0,1,1,73.199,0.636,0.59,1.152,18.59,18.618,15.141,-2.61,-6.113,-4.361
,0.0,0.0,0.0,3.5038,3.9019,3.9346,1,0.0342,0.0342,OK,0.0,FORMATION_FOLLOW|FORMATION_FOLLOW|FORMATION_FOLLOW,0,1,1,73.299,0.637,0.59,1.153,18.589,18.618,15.141,-2.61,-6.113,-4.361
,0.0,0.0,0.0,3.5043,3.9015,3.9349,1,0.035,0.035,OK,0.0,FORMATION_FOLLOW|FORMATION_FOLLOW|FORMATION_FOLLOW,0,1,1,73.399,0.638,0.589,1.154,18.589,18.618,15.14,-2.609,-6.113,-4.36
,0.0,0.0,0.0,3.5049,3.9013,3.9353,1,0.0357,0.0357,OK,0.0,FORMATION_FOLLOW|FORMATION_FOLLOW|FORMATION_FOLLOW,0,1,1,73.499,0.638,0.589,1.155,18.588,18.618,15.14,-2.609,-6.113,-4.36
,0.0,0.0,0.0,3.5052,3.9011,3.9357,1,0.0363,0.0363,OK,0.0,FORMATION_FOLLOW|FORMATION_FOLLOW|FORMATION_FOLLOW,0,1,1,73.599,0.639,0.589,1.156,18.587,18.618,15.14,-2.609,-6.114,-4.36
,0.0,0.0,0.0,3.5049,3.901,3.9363,1,0.0369,0.0369,OK,0.0,FORMATION_FOLLOW|FORMATION_FOLLOW|FORMATION_FOLLOW,0,1,1,73.699,0.639,0.589,1.157,18.586,18.618,15.139,-2.609,-6.113,-4.361
,0.0,0.0,0.0,3.5045,3.901,3.9371,1,0.0374,0.0374,OK,0.0,FORMATION_FOLLOW|FORMATION_FOLLOW|FORMATION_FOLLOW,0,1,1,73.799,0.639,0.59,1.158,18.585,18.618,15.139,-2.609,-6.113,-4.361
,0.0,0.0,0.0,3.5043,3.9012,3.9379,1,0.0377,0.0377,OK,0.0,FORMATION_FOLLOW|FORMATION_FOLLOW|FORMATION_FOLLOW,0,1,1,73.899,0.639,0.59,1.158,18.585,18.619,15.138,-2.609,-6.113,-4.361
,0.0,0.0,0.0,3.5044,3.9012,3.9383,1,0.0378,0.0378,OK,0.0,FORMATION_FOLLOW|FORMATION_FOLLOW|FORMATION_FOLLOW,0,1,1,73.999,0.639,0.59,1.159,18.584,18.619,15.137,-2.609,-6.113,-4.362
,0.0,0.0,0.0,3.5045,3.9011,3.9383,1,0.0376,0.0376,OK,0.0,FORMATION_FOLLOW|FORMATION_FOLLOW|FORMATION_FOLLOW,0,1,1,74.099,0.638,0.59,1.158,18.583,18.618,15.137,-2.609,-6.113,-4.362
,0.0,0.0,0.0,3.5046,3.901,3.9386,1,0.0374,0.0374,OK,0.0,FORMATION_FOLLOW|FORMATION_FOLLOW|FORMATION_FOLLOW,0,1,1,74.199,0.638,0.59,1.158,18.582,18.618,15.136,-2.609,-6.113,-4.362
,0.0,0.0,0.0,3.5047,3.9006,3.9392,1,0.0374,0.0374,OK,0.0,FORMATION_FOLLOW|FORMATION_FOLLOW|FORMATION_FOLLOW,0,1,1,74.299,0.637,0.591,1.157,18.581,18.618,15.135,-2.609,-6.113,-4.363
,0.0,0.0,0.0,3.5047,3.9,3.9399,1,0.0376,0.0376,OK,0.0,FORMATION_FOLLOW|FORMATION_FOLLOW|FORMATION_FOLLOW,0,1,1,74.399,0.636,0.591,1.157,18.579,18.619,15.135,-2.609,-6.113,-4.363
,0.0,0.0,0.0,3.5047,3.8993,3.9401,1,0.0378,0.0378,OK,0.0,FORMATION_FOLLOW|FORMATION_FOLLOW|FORMATION_FOLLOW,0,1,1,74.499,0.636,0.591,1.156,18.578,18.619,15.135,-2.608,-6.113,-4.363
,0.0,0.0,0.0,3.5047,3.8992,3.94,1,0.0379,0.0379,OK,0.0,FORMATION_FOLLOW|FORMATION_FOLLOW|FORMATION_FOLLOW,0,1,1,74.599,0.635,0.59,1.156,18.577,18.619,15.134,-2.608,-6.112,-4.364
,0.0,0.0,0.0,3.5045,3.8993,3.9396,1,0.0379,0.0379,OK,0.0,FORMATION_FOLLOW|FORMATION_FOLLOW|FORMATION_FOLLOW,0,1,1,74.699,0.635,0.59,1.156,18.577,18.619,15.134,-2.608,-6.112,-4.364
,0.0,0.0,0.0,3.504,3.8994,3.9391,1,0.0379,0.0379,OK,0.0,FORMATION_FOLLOW|FORMATION_FOLLOW|FORMATION_FOLLOW,0,1,1,74.799,0.635,0.59,1.156,18.576,18.618,15.134,-2.608,-6.112,-4.364
,0.0,0.0,0.0,3.5037,3.8992,3.9386,1,0.0382,0.0382,OK,0.0,FORMATION_FOLLOW|FORMATION_FOLLOW|FORMATION_FOLLOW,0,1,1,74.899,0.634,0.589,1.156,18.576,18.618,15.134,-2.608,-6.111,-4.364
,0.0,0.0,0.0,3.5034,3.8989,3.9384,1,0.0386,0.0386,OK,0.0,FORMATION_FOLLOW|FORMATION_FOLLOW|FORMATION_FOLLOW,0,1,1,74.999,0.634,0.588,1.157,18.575,18.617,15.134,-2.608,-6.111,-4.364
