absent,cur_x,cur_y,cur_z,d_0_1,d_0_2,d_0_3,d_1_2,d_1_3,d_2_3,episodes,form_err,form_err_present,formation_state,max_drift,modes,p1_ok,p2_ok,t,x0,x1,x2,x3,y0,y1,y2,y3,z0,z1,z2,z3
,0.0,0.35,0.0,3.5001,3.5002,4.9498,4.95,3.4998,3.5004,0,0.0003,0.0003,OK,0.35,FORMATION_FOLLOW|FORMATION_FOLLOW|FORMATION_FOLLOW|FORMATION_FOLLOW,1,1,0.1,-14.25,-14.25,-17.75,-17.75,-32.247,-35.747,-32.246,-35.747,-5.0,-5.0,-5.0,-5.0
,0.0,0.35,0.0,3.5003,3.5004,4.95,4.9505,3.4999,3.5009,0,0.0007,0.0007,OK,0.35,FORMATION_FOLLOW|FORMATION_FOLLOW|FORMATION_FOLLOW|FORMATION_FOLLOW,1,1,0.2,-14.25,-14.25,-17.75,-17.75,-32.239,-35.74,-32.239,-35.739,-5.001,-5.001,-5.001,-5.002
,0.0,0.35,0.0,3.501,3.5006,4.9507,4.9509,3.4997,3.5016,0,0.0012,0.0012,OK,0.35,FORMATION_FOLLOW|FORMATION_FOLLOW|FORMATION_FOLLOW|FORMATION_FOLLOW,1,1,0.3,-14.249,-14.25,-17.749,-17.75,-32.229,-35.73,-32.228,-35.73,-5.003,-5.003,-5.003,-5.004
,0.0,0.35,0.0,3.5017,3.5009,4.9516,4.9516,3.4999,3.5027,0,0.0019,0.0019,OK,0.35,FORMATION_FOLLOW|FORMATION_FOLLOW|FORMATION_FOLLOW|FORMATION_FOLLOW,1,1,0.4,-14.248,-14.25,-17.749,-17.75,-32.217,-35.719,-32.216,-35.718,-5.004,-5.004,-5.005,-5.006
,0.0,0.35,0.0,3.5028,3.5013,4.9528,4.9525,3.5001,3.504,0,0.0027,0.0027,OK,0.35,FORMATION_FOLLOW|FORMATION_FOLLOW|FORMATION_FOLLOW|FORMATION_FOLLOW,1,1,0.5,-14.247,-14.249,-17.748,-17.749,-32.204,-35.707,-32.202,-35.706,-5.006,-5.006,-5.006,-5.008
,0.0,0.35,0.0,3.5042,3.5017,4.9539,4.9534,3.4999,3.5053,0,0.0033,0.0033,OK,0.35,FORMATION_FOLLOW|FORMATION_FOLLOW|FORMATION_FOLLOW|FORMATION_FOLLOW,1,1,0.6,-14.246,-14.249,-17.748,-17.749,-32.19,-35.694,-32.189,-35.694,-5.008,-5.009,-5.008,-5.011
,0.0,0.35,0.0,3.5056,3.5022,4.9552,4.9542,3.4995,3.5067,0,0.0039,0.0039,OK,0.35,FORMATION_FOLLOW|FORMATION_FOLLOW|FORMATION_FOLLOW|FORMATION_FOLLOW,1,1,0.7,-14.246,-14.248,-17.748,-17.748,-32.176,-35.682,-32.175,-35.682,-5.011,-5.011,-5.01,-5.013
,0.0,0.35,0.0,3.5066,3.5031,4.9564,4.955,3.4992,3.5081,0,0.0045,0.0045,OK,0.35,FORMATION_FOLLOW|FORMATION_FOLLOW|FORMATION_FOLLOW|FORMATION_FOLLOW,1,1,0.8,-14.245,-14.248,-17.748,-17.747,-32.163,-35.669,-32.162,-35.67,-5.013,-5.013,-5.012,-5.016
,0.0,0.35,0.0,3.5077,3.5043,4.9574,4.956,3.4988,3.5088,0,0.005,0.005,OK,0.35,FORMATION_FOLLOW|FORMATION_FOLLOW|FORMATION_FOLLOW|FORMATION_FOLLOW,1,1,0.9,-14.244,-14.248,-17.748,-17.747,-32.15,-35.657,-32.149,-35.658,-5.015,-5.015,-5.014,-5.018
,0.0,0.35,0.0,3.5089,3.5054,4.9585,4.9571,3.4986,3.51,0,0.0056,0.0056,OK,0.35,FORMATION_FOLLOW|FORMATION_FOLLOW|FORMATION_FOLLOW|FORMATION_FOLLOW,1,1,1.0,-14.243,-14.248,-17.749,-17.746,-32.138,-35.646,-32.137,-35.647,-5.017,-5.017,-5.016,-5.02
,0.0,0.35,0.0,3.5099,3.5061,4.9596,4.9584,3.4984,3.5117,0,0.0065,0.0065,OK,0.35,FORMATION_FOLLOW|FORMATION_FOLLOW|FORMATION_FOLLOW|FORMATION_FOLLOW,1,1,1.1,-14.243,-14.248,-17.749,-17.746,-32.126,-35.636,-32.125,-35.637,-5.019,-5.019,-5.018,-5.022
,0.0,0.35,0.0,3.5107,3.5073,4.9608,4.9598,3.4986,3.5133,0,0.0075,0.0075,OK,0.35,FORMATION_FOLLOW|FORMATION_FOLLOW|FORMATION_FOLLOW|FORMATION_FOLLOW,1,1,1.2,-14.243,-14.247,-17.75,-17.746,-32.116,-35.626,-32.115,-35.628,-5.022,-5.021,-5.02,-5.025
,0.0,0.35,0.0,3.5113,3.5084,4.9618,4.9612,3.4986,3.5151,0,0.0085,0.0085,OK,0.35,FORMATION_FOLLOW|FORMATION_FOLLOW|FORMATION_FOLLOW|FORMATION_FOLLOW,1,1,1.3,-14.243,-14.247,-17.751,-17.746,-32.106,-35.617,-32.105,-35.62,-5.024,-5.023,-5.022,-5.027
,0.0,0.35,0.0,3.5119,3.5095,4.9629,4.9625,3.4983,3.5171,0,0.0096,0.0096,OK,0.35,FORMATION_FOLLOW|FORMATION_FOLLOW|FORMATION_FOLLOW|FORMATION_FOLLOW,1,1,1.4,-14.243,-14.247,-17.752,-17.746,-32.097,-35.609,-32.096,-35.613,-5.026,-5.026,-5.024,-5.028
,0.0,0.35,0.0,3.5128,3.5105,4.9641,4.9635,3.4975,3.5189,0,0.0108,0.0108,OK,0.35,FORMATION_FOLLOW|FORMATION_FOLLOW|FORMATION_FOLLOW|FORMATION_FOLLOW,1,1,1.5,-14.243,-14.248,-17.753,-17.745,-32.089,-35.602,-32.088,-35.607,-5.028,-5.028,-5.026,-5.03
,0.0,0.35,0.0,3.5134,3.5112,4.9649,4.9644,3.4966,3.521,0,0.0123,0.0123,OK,0.35,FORMATION_FOLLOW|FORMATION_FOLLOW|FORMATION_FOLLOW|FORMATION_FOLLOW,1,1,1.6,-14.243,-14.248,-17.754,-17.744,-32.082,-35.596,-32.081,-35.602,-5.031,-5.03,-5.028,-5.032
,0.0,0.35,0.0,3.5138,3.512,4.9655,4.9655,3.4961,3.5226,0,0.0135,0.0135,OK,0.35,FORMATION_FOLLOW|FORMATION_FOLLOW|FORMATION_FOLLOW|FORMATION_FOLLOW,1,1,1.7,-14.243,-14.248,-17.755,-17.744,-32.076,-35.59,-32.075,-35.598,-5.033,-5.032,-5.03,-5.034
,0.0,0.35,0.0,3.5141,3.5124,4.9659,4.9664,3.4961,3.5236,0,0.0144,0.0144,OK,0.35,FORMATION_FOLLOW|FORMATION_FOLLOW|FORMATION_FOLLOW|FORMATION_FOLLOW,1,1,1.8,-14.243,-14.247,-17.756,-17.743,-32.072,-35.586,-32.071,-35.594,-5.035,-5.034,-5.031,-5.036
,0.0,0.35,0.0,3.5144,3.513,4.9661,4.9673,3.4965,3.5241,0,0.0148,0.0148,OK,0.35,FORMATION_FOLLOW|FORMATION_FOLLOW|FORMATION_FOLLOW|FORMATION_FOLLOW,1,1,1.9,-14.243,-14.247,-17.756,-17.743,-32.068,-35.582,-32.067,-35.591,-5.037,-5.036,-5.032,-5.037
,0.0,0.35,0.0,3.5144,3.5134,4.9662,4.9679,3.4968,3.5242,0,0.0149,0.0149,OK,0.35,FORMATION_FOLLOW|FORMATION_FOLLOW|FORMATION_FOLLOW|FORMATION_FOLLOW,1,1,2.0,-14.243,-14.246,-17.757,-17.743,-32.065,-35.579,-32.064,-35.588,-5.039,-5.039,-5.032,-5.039
,0.0,0.35,0.0,3.5141,3.5139,4.9659,4.9682,3.4971,3.5239,0,0.015,0.015,OK,0.35,FORMATION_FOLLOW|FORMATION_FOLLOW|FORMATION_FOLLOW|FORMATION_FOLLOW,1,1,2.1,-14.238,-14.241,-17.752,-17.738,-32.062,-35.577,-32.062,-35.585,-5.04,-5.041,-5.033,-5.04
,0.0,0.35,0.0,3.5138,3.5147,4.9654,4.969,3.4974,3.5235,0,0.0157,0.0157,OK,0.35,FORMATION_FOLLOW|FORMATION_FOLLOW|FORMATION_FOLLOW|FORMATION_FOLLOW,1,1,2.2,-14.226,-14.229,-17.741,-17.726,-32.061,-35.575,-32.06,-35.583,-5.042,-5.044,-5.034,-5.042
,0.0,0.35,0.0,3.5138,3.5157,4.9653,4.9702,3.4981,3.5234,0,0.0166,0.0166,OK,0.35,FORMATION_FOLLOW|FORMATION_FOLLOW|FORMATION_FOLLOW|FORMATION_FOLLOW,1,1,2.3,-14.209,-14.211,-17.725,-17.709,-32.06,-35.574,-32.058,-35.582,-5.043,-5.046,-5.035,-5.044
,0.0,0.35,0.0,3.5137,3.5164,4.9655,4.971,3.4987,3.5236,0,0.0172,0.0172,OK,0.35,FORMATION_FOLLOW|FORMATION_FOLLOW|FORMATION_FOLLOW|FORMATION_FOLLOW,1,1,2.4,-14.187,-14.189,-17.704,-17.688,-32.06,-35.574,-32.058,-35.581,-5.044,-5.047,-5.036,-5.045
,0.0,0.35,0.0,3.5138,3.5166,4.9657,4.971,3.4987,3.5236,0,0.0173,0.0173,OK,0.35,FORMATION_FOLLOW|FORMATION_FOLLOW|FORMATION_FOLLOW|FORMATION_FOLLOW,1,1,2.5,-14.162,-14.164,-17.679,-17.663,-32.06,-35.573,-32.058,-35.582,-5.046,-5.048,-5.037,-5.046
,0.0,0.35,0.0,3.5137,3.5163,4.9655,4.9707,3.4987,3.5232,0,0.017,0.017,OK,0.35,FORMATION_FOLLOW|FORMATION_FOLLOW|FORMATION_FOLLOW|FORMATION_FOLLOW,1,1,2.6,-14.135,-14.137,-17.651,-17.635,-32.06,-35.574,-32.059,-35.582,-5.046,-5.049,-5.038,-5.047
,0.0,0.35,0.0,3.5138,3.5155,4.9648,4.9705,3.4992,3.5222,0,0.0167,0.0167,OK,0.35,FORMATION_FOLLOW|FORMATION_FOLLOW|FORMATION_FOLLOW|FORMATION_FOLLOW,1,1,2.7,-14.106,-14.106,-17.621,-17.605,-32.06,-35.574,-32.06,-35.582,-5.047,-5.05,-5.038,-5.048
,0.0,0.35,0.0,3.5135,3.5146,4.9639,4.9704,3.4999,3.5213,0,0.0165,0.0165,OK,0.35,FORMATION_FOLLOW|FORMATION_FOLLOW|FORMATION_FOLLOW|FORMATION_FOLLOW,1,1,2.8,-14.075,-14.074,-17.589,-17.574,-32.061,-35.575,-32.061,-35.582,-5.048,-5.051,-5.039,-5.049
,0.0,0.35,0.0,3.5131,3.5142,4.9634,4.9704,3.5005,3.5207,0,0.0166,0.0166,OK,0.35,FORMATION_FOLLOW|FORMATION_FOLLOW|FORMATION_FOLLOW|FORMATION_FOLLOW,1,1,2.9,-14.042,-14.04,-17.556,-17.541,-32.062,-35.575,-32.063,-35.583,-5.049,-5.052,-5.039,-5.05
,0.0,0.35,0.0,3.513,3.514,4.9635,4.9705,3.5014,3.5205,0,0.0167,0.0167,OK,0.35,FORMATION_FOLLOW|FORMATION_FOLLOW|FORMATION_FOLLOW|FORMATION_FOLLOW,1,1,3.0,-14.009,-14.005,-17.522,-17.507,-32.064,-35.577,-32.065,-35.585,-5.05,-5.053,-5.04,-5.051
,0.0,0.35,0.0,3.5126,3.5138,4.9639,4.9708,3.503,3.5204,0,0.0169,0.0169,OK,0.35,FORMATION_FOLLOW|FORMATION_FOLLOW|FORMATION_FOLLOW|FORMATION_FOLLOW,1,1,3.1,-13.974,-13.97,-17.488,-17.473,-32.066,-35.578,-32.067,-35.587,-5.051,-5.054,-5.04,-5.052
,0.0,0.35,0.0,3.5122,3.5136,4.964,4.9711,3.5046,3.5198,0,0.017,0.017,OK,0.35,FORMATION_FOLLOW|FORMATION_FOLLOW|FORMATION_FOLLOW|FORMATION_FOLLOW,1,1,3.2,-13.94,-13.934,-17.454,-17.439,-32.068,-35.58,-32.069,-35.589,-5.052,-5.054,-5.04,-5.053
,0.0,0.35,0.0,3.5119,3.5134,4.9638,4.9713,3.5057,3.5193,0,0.0168,0.0168,OK,0.35,FORMATION_FOLLOW|FORMATION_FOLLOW|FORMATION_FOLLOW|FORMATION_FOLLOW,1,1,3.3,-13.905,-13.898,-17.419,-17.404,-32.07,-35.582,-32.072,-35.591,-5.052,-5.054,-5.04,-5.053
,0.0,0.35,0.0,3.5121,3.5132,4.9639,4.9713,3.5065,3.5186,0,0.0164,0.0164,OK,0.35,FORMATION_FOLLOW|FORMATION_FOLLOW|FORMATION_FOLLOW|FORMATION_FOLLOW,1,1,3.4,-13.871,-13.863,-17.384,-17.37,-32.072,-35.584,-32.075,-35.593,-5.053,-5.054,-5.041,-5.052
,0.0,0.35,0.0,3.5128,3.5126,4.9641,4.9708,3.5073,3.5174,0,0.0155,0.0155,OK,0.35,FORMATION_FOLLOW|FORMATION_FOLLOW|FORMATION_FOLLOW|FORMATION_FOLLOW,1,1,3.5,-13.837,-13.828,-17.35,-17.336,-32.074,-35.587,-32.078,-35.596,-5.053,-5.053,-5.042,-5.052
,0.0,0.35,0.0,3.5136,3.5121,4.9645,4.9704,3.5081,3.5164,0,0.0145,0.0145,OK,0.35,FORMATION_FOLLOW|FORMATION_FOLLOW|FORMATION_FOLLOW|FORMATION_FOLLOW,1,1,3.6,-13.803,-13.794,-17.315,-17.302,-32.076,-35.59,-32.082,-35.598,-5.054,-5.053,-5.043,-5.052
,0.0,0.35,0.0,3.5144,3.5115,4.9646,4.9698,3.5087,3.5149,0,0.0135,0.0135,OK,0.35,FORMATION_FOLLOW|FORMATION_FOLLOW|FORMATION_FOLLOW|FORMATION_FOLLOW,1,1,3.7,-13.769,-13.76,-17.28,-17.268,-32.078,-35.593,-32.085,-35.6,-5.055,-5.053,-5.045,-5.052
,0.0,0.35,0.0,3.5153,3.5108,4.9646,4.9692,3.5095,3.5129,0,0.0124,0.0124,OK,0.35,FORMATION_FOLLOW|FORMATION_FOLLOW|FORMATION_FOLLOW|FORMATION_FOLLOW,1,1,3.8,-13.735,-13.726,-17.246,-17.235,-32.081,-35.596,-32.089,-35.602,-5.055,-5.053,-5.046,-5.052
,0.0,0.35,0.0,3.516,3.5099,4.9648,4.9686,3.5106,3.5114,0,0.0122,0.0122,OK,0.35,FORMATION_FOLLOW|FORMATION_FOLLOW|FORMATION_FOLLOW|FORMATION_FOLLOW,1,1,3.9,-13.702,-13.692,-17.212,-17.202,-32.083,-35.599,-32.093,-35.604,-5.056,-5.053,-5.047,-5.053
,0.0,0.35,0.0,3.5164,3.5092,4.9654,4.9678,3.5117,3.5104,0,0.0127,0.0127,OK,0.35,FORMATION_FOLLOW|FORMATION_FOLLOW|FORMATION_FOLLOW|FORMATION_FOLLOW,1,1,4.0,-13.669,-13.658,-17.178,-17.169,-32.086,-35.602,-32.097,-35.607,-5.056,-5.052,-5.048,-5.053
,0.0,0.35,0.0,3.5169,3.5089,4.966,4.9674,3.5126,3.5095,0,0.013,0.013,OK,0.35,FORMATION_FOLLOW|FORMATION_FOLLOW|FORMATION_FOLLOW|FORMATION_FOLLOW,1,1,4.1,-13.635,-13.624,-17.144,-17.137,-32.089,-35.605,-32.101,-35.61,-5.056,-5.052,-5.049,-5.053
,0.0,0.35,0.0,3.5174,3.5085,4.9665,4.9671,3.5134,3.5089,0,0.0133,0.0133,OK,0.35,FORMATION_FOLLOW|FORMATION_FOLLOW|FORMATION_FOLLOW|FORMATION_FOLLOW,1,1,4.2,-13.603,-13.591,-17.111,-17.104,-32.091,-35.609,-32.104,-35.613,-5.056,-5.053,-5.05,-5.053
,0.0,0.35,0.0,3.5173,3.5082,4.9665,4.9668,3.514,3.5083,0,0.0133,0.0133,OK,0.35,FORMATION_FOLLOW|FORMATION_FOLLOW|FORMATION_FOLLOW|FORMATION_FOLLOW,1,1,4.3,-13.57,-13.558,-17.078,-17.072,-32.095,-35.612,-32.108,-35.616,-5.055,-5.053,-5.05,-5.054
,0.0,0.35,0.0,3.5169,3.5082,4.9666,4.9667,3.5147,3.508,0,0.0132,0.0132,OK,0.35,FORMATION_FOLLOW|FORMATION_FOLLOW|FORMATION_FOLLOW|FORMATION_FOLLOW,1,1,4.4,-13.538,-13.526,-17.046,-17.04,-32.098,-35.615,-32.112,-35.62,-5.055,-5.053,-5.051,-5.054
,0.0,0.35,0.0,3.5164,3.5084,4.9666,4.9664,3.5151,3.5075,0,0.013,0.013,OK,0.35,FORMATION_FOLLOW|FORMATION_FOLLOW|FORMATION_FOLLOW|FORMATION_FOLLOW,1,1,4.5,-13.506,-13.493,-17.014,-17.008,-32.101,-35.618,-32.115,-35.623,-5.054,-5.053,-5.052,-5.054
,0.0,0.35,0.0,3.5155,3.509,4.9667,4.9661,3.5152,3.5075,0,0.0127,0.0127,OK,0.35,FORMATION_FOLLOW|FORMATION_FOLLOW|FORMATION_FOLLOW|FORMATION_FOLLOW,1,1,4.6,-13.474,-13.461,-16.983,-16.977,-32.105,-35.62,-32.119,-35.626,-5.054,-5.053,-5.053,-5.054
,0.0,0.35,0.0,3.5148,3.5094,4.9671,4.9659,3.5155,3.5077,0,0.0126,0.0126,OK,0.35,FORMATION_FOLLOW|FORMATION_FOLLOW|FORMATION_FOLLOW|FORMATION_FOLLOW,1,1,4.7,-13.442,-13.43,-16.952,-16.945,-32.108,-35.623,-32.122,-35.629,-5.054,-5.053,-5.053,-5.055
,0.0,0.35,0.0,3.5143,3.5099,4.9676,4.9661,3.5161,3.5081,0,0.0128,0.0128,OK,0.35,FORMATION_FOLLOW|FORMATION_FOLLOW|FORMATION_FOLLOW|FORMATION_FOLLOW,1,1,4.8,-13.411,-13.398,-16.92,-16.914,-32.111,-35.625,-32.125,-35.633,-5.053,-5.053,-5.054,-5.055
,0.0,0.35,0.0,3.5143,3.5103,4.9682,4.9663,3.5163,3.5086,0,0.0128,0.0128,OK,0.35,FORMATION_FOLLOW|FORMATION_FOLLOW|FORMATION_FOLLOW|FORMATION_FOLLOW,1,1,4.9,-13.379,-13.367,-16.889,-16.884,-32.114,-35.628,-32.127,-35.636,-5.053,-5.054,-5.054,-5.056
,0.0,0.35,0.0,3.5139,3.5104,4.9686,4.9661,3.5163,3.5092,0,0.0125,0.0125,OK,0.35,FORMATION_FOLLOW|FORMATION_FOLLOW|FORMATION_FOLLOW|FORMATION_FOLLOW,1,1,5.0,-13.348,-13.336,-16.858,-16.853,-32.117,-35.631,-32.13,-35.639,-5.053,-5.054,-5.054,-5.056
,0.0,0.35,0.0,3.5132,3.5101,4.9685,4.9657,3.5162,3.5095,0,0.0122,0.0122,OK,0.35,FORMATION_FOLLOW|FORMATION_FOLLOW|FORMATION_FOLLOW|FORMATION_FOLLOW,1,1,5.1,-13.317,-13.306,-16.827,-16.822,-32.121,-35.634,-32.132,-35.642,-5.053,-5.054,-5.054,-5.056
,0.0,0.35,0.0,3.5122,3.5098,4.9684,4.9652,3.5164,3.5098,0,0.012,0.012,OK,0.35,FORMATION_FOLLOW|FORMATION_FOLLOW|FORMATION_FOLLOW|FORMATION_FOLLOW,1,1,5.2,-13.285,-13.275,-16.795,-16.791,-32.124,-35.636,-32.135,-35.645,-5.054,-5.055,-5.054,-5.057
,0.0,0.35,0.0,3.5111,3.51,4.9685,4.9653,3.517,3.5105,0,0.0119,0.0119,OK,0.35,FORMATION_FOLLOW|FORMATION_FOLLOW|FORMATION_FOLLOW|FORMATION_FOLLOW,1,1,5.3,-13.254,-13.244,-16.764,-16.761,-32.128,-35.639,-32.138,-35.648,-5.054,-5.055,-5.054,-5.057
,0.0,0.35,0.0,3.5097,3.5102,4.9683,4.9662,3.5178,3.5117,0,0.0122,0.0122,OK,0.35,FORMATION_FOLLOW|FORMATION_FOLLOW|FORMATION_FOLLOW|FORMATION_FOLLOW,1,1,5.4,-13.223,-13.213,-16.733,-16.731,-32.133,-35.642,-32.14,-35.651,-5.054,-5.055,-5.053,-5.057
,0.0,0.35,0.0,3.5082,3.5103,4.968,4.9672,3.5188,3.5133,0,0.0127,0.0127,OK,0.35,FORMATION_FOLLOW|FORMATION_FOLLOW|FORMATION_FOLLOW|FORMATION_FOLLOW,1,1,5.5,-13.193,-13.182,-16.703,-16.701,-32.137,-35.645,-32.141,-35.655,-5.055,-5.056,-5.053,-5.057
,0.0,0.35,0.0,3.5064,3.5106,4.9677,4.9685,3.5201,3.5148,0,0.0134,0.0134,OK,0.35,FORMATION_FOLLOW|FORMATION_FOLLOW|FORMATION_FOLLOW|FORMATION_FOLLOW,1,1,5.6,-13.162,-13.151,-16.673,-16.671,-32.141,-35.647,-32.143,-35.658,-5.055,-5.056,-5.053,-5.057
,0.0,0.35,0.0,3.5052,3.5109,4.9675,4.97,3.5217,3.5159,0,0.0143,0.0143,OK,0.35,FORMATION_FOLLOW|FORMATION_FOLLOW|FORMATION_FOLLOW|FORMATION_FOLLOW,1,1,5.7,-13.132,-13.12,-16.643,-16.642,-32.145,-35.65,-32.145,-35.661,-5.056,-5.056,-5.053,-5.057
,0.0,0.35,0.0,3.5041,3.5114,4.9674,4.9713,3.5232,3.5167,0,0.0151,0.0151,OK,0.35,FORMATION_FOLLOW|FORMATION_FOLLOW|FORMATION_FOLLOW|FORMATION_FOLLOW,1,1,5.8,-13.102,-13.089,-16.613,-16.612,-32.149,-35.653,-32.147,-35.664,-5.057,-5.057,-5.053,-5.056
,0.0,0.35,0.0,3.503,3.5118,4.9674,4.9719,3.5247,3.5167,0,0.0159,0.0159,OK,0.35,FORMATION_FOLLOW|FORMATION_FOLLOW|FORMATION_FOLLOW|FORMATION_FOLLOW,1,1,5.9,-13.072,-13.059,-16.584,-16.583,-32.153,-35.656,-32.15,-35.667,-5.058,-5.057,-5.053,-5.056
,0.0,0.35,0.0,3.5024,3.5122,4.9673,4.9724,3.5255,3.5168,0,0.0164,0.0164,OK,0.35,FORMATION_FOLLOW|FORMATION_FOLLOW|FORMATION_FOLLOW|FORMATION_FOLLOW,1,1,6.0,-13.042,-13.029,-16.555,-16.554,-32.156,-35.659,-32.153,-35.67,-5.058,-5.057,-5.053,-5.055
,0.0,0.35,0.0,3.5017,3.5131,4.9671,4.973,3.5257,3.5169,0,0.0168,0.0168,OK,0.35,FORMATION_FOLLOW|FORMATION_FOLLOW|FORMATION_FOLLOW|FORMATION_FOLLOW,1,1,6.1,-13.012,-12.998,-16.526,-16.524,-32.16,-35.662,-32.156,-35.673,-5.059,-5.058,-5.054,-5.055
,0.0,0.35,0.0,3.501,3.514,4.9671,4.9737,3.5264,3.517,0,0.0174,0.0174,OK,0.35,FORMATION_FOLLOW|FORMATION_FOLLOW|FORMATION_FOLLOW|FORMATION_FOLLOW,1,1,6.2,-12.982,-12.968,-16.497,-16.494,-32.163,-35.664,-32.159,-35.676,-5.059,-5.058,-5.054,-5.055
,0.0,0.35,0.0,3.5,3.5149,4.967,4.9742,3.527,3.5172,0,0.018,0.018,OK,0.35,FORMATION_FOLLOW|FORMATION_FOLLOW|FORMATION_FOLLOW|FORMATION_FOLLOW,1,1,6.3,-12.953,-12.938,-16.468,-16.465,-32.167,-35.667,-32.162,-35.679,-5.06,-5.058,-5.054,-5.055
,0.0,0.35,0.0,3.499,3.5157,4.9672,4.9748,3.528,3.5174,0,0.0187,0.0187,OK,0.35,FORMATION_FOLLOW|FORMATION_FOLLOW|FORMATION_FOLLOW|FORMATION_FOLLOW,1,1,6.4,-12.923,-12.908,-16.439,-16.436,-32.17,-35.669,-32.165,-35.682,-5.06,-5.058,-5.055,-5.056
,0.0,0.35,0.0,3.4986,3.5163,4.9675,4.9752,3.5287,3.5175,0,0.019,0.019,OK,0.35,FORMATION_FOLLOW|FORMATION_FOLLOW|FORMATION_FOLLOW|FORMATION_FOLLOW,1,1,6.5,-12.893,-12.878,-16.409,-16.407,-32.173,-35.672,-32.167,-35.685,-5.06,-5.057,-5.055,-5.056
,0.0,0.35,0.0,3.4989,3.5171,4.9682,4.9754,3.529,3.5174,0,0.0189,0.0189,OK,0.35,FORMATION_FOLLOW|FORMATION_FOLLOW|FORMATION_FOLLOW|FORMATION_FOLLOW,1,1,6.6,-12.863,-12.848,-16.38,-16.377,-32.176,-35.675,-32.17,-35.688,-5.06,-5.057,-5.055,-5.057
,0.0,0.35,0.0,3.4996,3.5182,4.9693,4.9762,3.5294,3.5179,0,0.0191,0.0191,OK,0.35,FORMATION_FOLLOW|FORMATION_FOLLOW|FORMATION_FOLLOW|FORMATION_FOLLOW,1,1,6.7,-12.833,-12.819,-16.351,-16.348,-32.178,-35.678,-32.173,-35.691,-5.06,-5.057,-5.056,-5.058
,0.0,0.35,0.0,3.5003,3.5189,4.9701,4.977,3.5295,3.5186,0,0.0192,0.0192,OK,0.35,FORMATION_FOLLOW|FORMATION_FOLLOW|FORMATION_FOLLOW|FORMATION_FOLLOW,1,1,6.8,-12.803,-12.789,-16.322,-16.318,-32.181,-35.681,-32.175,-35.694,-5.06,-5.058,-5.056,-5.058
,0.0,0.35,0.0,3.5009,3.5198,4.9711,4.9775,3.5296,3.5192,0,0.0191,0.0191,OK,0.35,FORMATION_FOLLOW|FORMATION_FOLLOW|FORMATION_FOLLOW|FORMATION_FOLLOW,1,1,6.9,-12.773,-12.759,-16.293,-16.289,-32.183,-35.683,-32.178,-35.697,-5.06,-5.058,-5.056,-5.059
,0.0,0.35,0.0,3.5013,3.5205,4.9721,4.9777,3.5298,3.5197,0,0.0191,0.0191,OK,0.35,FORMATION_FOLLOW|FORMATION_FOLLOW|FORMATION_FOLLOW|FORMATION_FOLLOW,1,1,7.0,-12.743,-12.73,-16.263,-16.259,-32.185,-35.686,-32.18,-35.699,-5.06,-5.058,-5.056,-5.059
,0.0,0.35,0.0,3.5014,3.5212,4.9733,4.9777,3.5302,3.5201,0,0.0191,0.0191,OK,0.35,FORMATION_FOLLOW|FORMATION_FOLLOW|FORMATION_FOLLOW|FORMATION_FOLLOW,1,1,7.1,-12.712,-12.7,-16.234,-16.23,-32.187,-35.688,-32.182,-35.702,-5.06,-5.058,-5.056,-5.06
,0.0,0.35,0.0,3.5012,3.5221,4.9746,4.9777,3.531,3.5202,0,0.0193,0.0193,OK,0.35,FORMATION_FOLLOW|FORMATION_FOLLOW|FORMATION_FOLLOW|FORMATION_FOLLOW,1,1,7.2,-12.682,-12.67,-16.204,-16.201,-32.189,-35.69,-32.185,-35.705,-5.061,-5.058,-5.056,-5.06
,0.0,0.35,0.0,3.5011,3.5234,4.9762,4.9775,3.532,3.5202,0,0.0196,0.0196,OK,0.35,FORMATION_FOLLOW|FORMATION_FOLLOW|FORMATION_FOLLOW|FORMATION_FOLLOW,1,1,7.3,-12.652,-12.64,-16.175,-16.172,-32.191,-35.692,-32.187,-35.707,-5.061,-5.058,-5.057,-5.061
,0.0,0.35,0.0,3.5017,3.5251,4.9782,4.9778,3.5334,3.5197,0,0.0201,0.0201,OK,0.35,FORMATION_FOLLOW|FORMATION_FOLLOW|FORMATION_FOLLOW|FORMATION_FOLLOW,1,1,7.4,-12.621,-12.61,-16.146,-16.144,-32.192,-35.694,-32.19,-35.71,-5.061,-5.058,-5.057,-5.061
,0.0,0.35,0.0,3.5025,3.527,4.98,4.9785,3.535,3.519,0,0.0208,0.0208,OK,0.35,FORMATION_FOLLOW|FORMATION_FOLLOW|FORMATION_FOLLOW|FORMATION_FOLLOW,1,1,7.5,-12.59,-12.58,-16.118,-16.115,-32.194,-35.696,-32.193,-35.712,-5.062,-5.059,-5.057,-5.062
,0.0,0.35,0.0,3.5031,3.5288,4.9818,4.979,3.5364,3.5183,0,0.0214,0.0214,OK,0.35,FORMATION_FOLLOW|FORMATION_FOLLOW|FORMATION_FOLLOW|FORMATION_FOLLOW,1,1,7.6,-12.56,-12.55,-16.089,-16.087,-32.195,-35.698,-32.196,-35.714,-5.063,-5.059,-5.057,-5.063
,0.0,0.35,0.0,3.5041,3.5296,4.983,4.9794,3.5377,3.5176,0,0.0219,0.0219,OK,0.35,FORMATION_FOLLOW|FORMATION_FOLLOW|FORMATION_FOLLOW|FORMATION_FOLLOW,1,1,7.7,-12.53,-12.52,-16.06,-16.058,-32.196,-35.7,-32.198,-35.716,-5.064,-5.059,-5.057,-5.063
,0.0,0.35,0.0,3.5046,3.53,4.9837,4.98,3.5391,3.5171,0,0.0226,0.0226,OK,0.35,FORMATION_FOLLOW|FORMATION_FOLLOW|FORMATION_FOLLOW|FORMATION_FOLLOW,1,1,7.8,-12.5,-12.49,-16.03,-16.029,-32.198,-35.702,-32.2,-35.717,-5.064,-5.059,-5.057,-5.064
,0.0,0.35,0.0,3.5044,3.5306,4.984,4.9805,3.5403,3.5166,0,0.0232,0.0232,OK,0.35,FORMATION_FOLLOW|FORMATION_FOLLOW|FORMATION_FOLLOW|FORMATION_FOLLOW,1,1,7.9,-12.471,-12.46,-16.001,-16.0,-32.2,-35.704,-32.202,-35.718,-5.064,-5.06,-5.058,-5.065
,0.0,0.35,0.0,3.5042,3.5314,4.9843,4.9812,3.5413,3.5163,0,0.0236,0.0236,OK,0.35,FORMATION_FOLLOW|FORMATION_FOLLOW|FORMATION_FOLLOW|FORMATION_FOLLOW,1,1,8.0,-12.441,-12.43,-15.972,-15.971,-32.201,-35.706,-32.203,-35.719,-5.064,-5.06,-5.058,-5.065
,0.0,0.35,0.0,3.5037,3.5326,4.9843,4.9822,3.5418,3.5166,0,0.0237,0.0237,OK,0.35,FORMATION_FOLLOW|FORMATION_FOLLOW|FORMATION_FOLLOW|FORMATION_FOLLOW,1,1,8.1,-12.41,-12.4,-15.943,-15.942,-32.204,-35.707,-32.204,-35.721,-5.065,-5.06,-5.059,-5.066
,0.0,0.35,0.0,3.5029,3.536,4.9839,4.9875,3.5423,3.5204,0,0.0246,0.0246,OK,0.35,FORMATION_FOLLOW|FORMATION_FOLLOW|FORMATION_FOLLOW|FORMATION_FOLLOW,1,1,8.2,-12.38,-12.37,-15.916,-15.912,-32.206,-35.709,-32.201,-35.722,-5.065,-5.06,-5.059,-5.066
,0.0,0.35,0.0,3.5018,3.5427,4.9835,4.9982,3.5426,3.529,0,0.0303,0.0303,OK,0.35,FORMATION_FOLLOW|FORMATION_FOLLOW|FORMATION_FOLLOW|FORMATION_FOLLOW,1,1,8.3,-12.35,-12.34,-15.893,-15.883,-32.208,-35.71,-32.194,-35.723,-5.065,-5.06,-5.059,-5.067
,0.0,0.35,0.0,3.5005,3.5522,4.9832,5.0133,3.5428,3.5419,0,0.0413,0.0413,OK,0.35,FORMATION_FOLLOW|FORMATION_FOLLOW|FORMATION_FOLLOW|FORMATION_FOLLOW,1,1,8.4,-12.32,-12.311,-15.872,-15.853,-32.211,-35.711,-32.183,-35.725,-5.065,-5.061,-5.059,-5.067
,0.0,0.35,0.0,3.4994,3.5643,4.9827,5.0325,3.5424,3.558,0,0.0557,0.0557,OK,0.35,FORMATION_FOLLOW|FORMATION_FOLLOW|FORMATION_FOLLOW|FORMATION_FOLLOW,1,1,8.5,-12.29,-12.281,-15.854,-15.824,-32.214,-35.713,-32.168,-35.726,-5.064,-5.061,-5.059,-5.067
,0.0,0.35,0.0,3.4987,3.579,4.9826,5.0553,3.542,3.5769,0,0.0731,0.0731,OK,0.35,FORMATION_FOLLOW|FORMATION_FOLLOW|FORMATION_FOLLOW|FORMATION_FOLLOW,1,1,8.6,-12.259,-12.252,-15.838,-15.794,-32.216,-35.715,-32.151,-35.728,-5.064,-5.061,-5.06,-5.066
,0.0,0.35,0.0,3.4981,3.5957,4.9824,5.0811,3.5417,3.598,0,0.0927,0.0927,OK,0.35,FORMATION_FOLLOW|FORMATION_FOLLOW|FORMATION_FOLLOW|FORMATION_FOLLOW,1,1,8.7,-12.229,-12.223,-15.824,-15.765,-32.218,-35.716,-32.131,-35.729,-5.064,-5.061,-5.06,-5.066
,0.0,0.35,0.0,3.4975,3.6137,4.9816,5.1094,3.541,3.6211,0,0.1143,0.1143,OK,0.35,FORMATION_FOLLOW|FORMATION_FOLLOW|FORMATION_FOLLOW|FORMATION_FOLLOW,1,1,8.8,-12.199,-12.194,-15.811,-15.735,-32.221,-35.718,-32.11,-35.73,-5.063,-5.061,-5.06,-5.066
,0.0,0.35,0.0,3.4963,3.6332,4.9803,5.1397,3.5402,3.6458,0,0.1375,0.1375,OK,0.35,FORMATION_FOLLOW|FORMATION_FOLLOW|FORMATION_FOLLOW|FORMATION_FOLLOW,1,1,8.9,-12.17,-12.165,-15.801,-15.705,-32.223,-35.719,-32.086,-35.731,-5.063,-5.061,-5.06,-5.066
,0.0,0.35,0.0,3.4954,3.654,4.9788,5.1721,3.5397,3.6719,0,0.1621,0.1621,OK,0.35,FORMATION_FOLLOW|FORMATION_FOLLOW|FORMATION_FOLLOW|FORMATION_FOLLOW,1,1,9.0,-12.141,-12.136,-15.791,-15.675,-32.225,-35.72,-32.061,-35.731,-5.063,-5.06,-5.06,-5.066
,0.0,0.35,0.0,3.4947,3.6761,4.9773,5.2062,3.5391,3.6993,0,0.188,0.188,OK,0.35,FORMATION_FOLLOW|FORMATION_FOLLOW|FORMATION_FOLLOW|FORMATION_FOLLOW,1,1,9.1,-12.111,-12.106,-15.782,-15.645,-32.227,-35.721,-32.035,-35.732,-5.063,-5.06,-5.06,-5.065
,0.0,0.35,0.0,3.4939,3.6993,4.9757,5.2416,3.5382,3.728,0,0.2149,0.2149,OK,0.35,FORMATION_FOLLOW|FORMATION_FOLLOW|FORMATION_FOLLOW|FORMATION_FOLLOW,1,1,9.2,-12.082,-12.077,-15.775,-15.615,-32.228,-35.722,-32.007,-35.732,-5.063,-5.06,-5.06,-5.065
,0.0,0.35,0.0,3.4929,3.7239,4.9744,5.2777,3.537,3.7576,0,0.2425,0.2425,OK,0.35,FORMATION_FOLLOW|FORMATION_FOLLOW|FORMATION_FOLLOW|FORMATION_FOLLOW,1,1,9.3,-12.053,-12.048,-15.768,-15.585,-32.229,-35.722,-31.979,-35.732,-5.063,-5.059,-5.06,-5.065
,0.0,0.35,0.0,3.4914,3.7497,4.9727,5.3144,3.5355,3.7877,0,0.2709,0.2709,OK,0.35,FORMATION_FOLLOW|FORMATION_FOLLOW|FORMATION_FOLLOW|FORMATION_FOLLOW,1,1,9.4,-12.024,-12.019,-15.763,-15.555,-32.231,-35.722,-31.95,-35.732,-5.063,-5.059,-5.06,-5.065
,0.0,0.35,0.0,3.4898,3.7761,4.9703,5.352,3.5338,3.8182,0,0.2998,0.2998,OK,0.35,FORMATION_FOLLOW|FORMATION_FOLLOW|FORMATION_FOLLOW|FORMATION_FOLLOW,1,1,9.5,-11.994,-11.991,-15.758,-15.524,-32.232,-35.722,-31.92,-35.731,-5.063,-5.059,-5.06,-5.065
,0.0,0.35,0.0,3.4889,3.8033,4.9682,5.3905,3.5319,3.8494,0,0.3293,0.3293,OK,0.35,FORMATION_FOLLOW|FORMATION_FOLLOW|FORMATION_FOLLOW|FORMATION_FOLLOW,1,1,9.6,-11.965,-11.962,-15.753,-15.494,-32.233,-35.721,-31.889,-35.73,-5.062,-5.058,-5.06,-5.065
,0.0,0.35,0.0,3.4886,3.8313,4.9665,5.4299,3.5301,3.8814,0,0.3593,0.3593,OK,0.35,FORMATION_FOLLOW|FORMATION_FOLLOW|FORMATION_FOLLOW|FORMATION_FOLLOW,1,1,9.7,-11.936,-11.934,-15.749,-15.464,-32.233,-35.721,-31.858,-35.729,-5.063,-5.058,-5.06,-5.065
,0.0,0.35,0.0,3.4878,3.8602,4.965,5.4694,3.5282,3.9141,0,0.3896,0.3896,OK,0.35,FORMATION_FOLLOW|FORMATION_FOLLOW|FORMATION_FOLLOW|FORMATION_FOLLOW,1,1,9.8,-11.907,-11.905,-15.746,-15.433,-32.233,-35.721,-31.827,-35.728,-5.063,-5.058,-5.061,-5.064
,0.0,0.35,0.0,3.4866,3.8899,4.9632,5.5091,3.5258,3.947,0,0.4203,0.4203,OK,0.35,FORMATION_FOLLOW|FORMATION_FOLLOW|FORMATION_FOLLOW|FORMATION_FOLLOW,1,1,9.9,-11.878,-11.877,-15.743,-15.403,-32.234,-35.72,-31.795,-35.727,-5.064,-5.058,-5.061,-5.064
,0.0,0.35,0.0,3.4849,3.9203,4.9613,5.5492,3.5238,3.9802,0,0.4512,0.4512,OK,0.35,FORMATION_FOLLOW|FORMATION_FOLLOW|FORMATION_FOLLOW|FORMATION_FOLLOW,1,1,10.0,-11.848,-11.849,-15.74,-15.372,-32.234,-35.719,-31.763,-35.726,-5.064,-5.058,-5.061,-5.063
,0.0,0.35,0.0,3.483,3.9513,4.9591,5.5895,3.5217,4.0135,0,0.4824,0.4824,OK,0.35,FORMATION_FOLLOW|FORMATION_FOLLOW|FORMATION_FOLLOW|FORMATION_FOLLOW,1,1,10.1,-11.818,-11.82,-15.737,-15.342,-32.234,-35.717,-31.73,-35.724,-5.065,-5.058,-5.061,-5.063
,0.0,0.35,0.0,3.4804,3.9833,4.957,5.6299,3.5196,4.0471,0,0.5139,0.5139,OK,0.35,FORMATION_FOLLOW|FORMATION_FOLLOW|FORMATION_FOLLOW|FORMATION_FOLLOW,1,1,10.2,-11.789,-11.792,-15.735,-15.312,-32.235,-35.716,-31.697,-35.722,-5.065,-5.058,-5.061,-5.062
,0.0,0.35,0.0,3.4775,4.0156,4.9548,5.6704,3.5174,4.0812,0,0.5456,0.5456,OK,0.35,FORMATION_FOLLOW|FORMATION_FOLLOW|FORMATION_FOLLOW|FORMATION_FOLLOW,1,1,10.3,-11.759,-11.764,-15.733,-15.281,-32.236,-35.713,-31.664,-35.72,-5.066,-5.058,-5.061,-5.061
,0.0,0.35,0.0,3.4749,4.0485,4.9527,5.7112,3.5151,4.1156,0,0.5774,0.5774,OK,0.35,FORMATION_FOLLOW|FORMATION_FOLLOW|FORMATION_FOLLOW|FORMATION_FOLLOW,1,1,10.4,-11.729,-11.736,-15.732,-15.251,-32.236,-35.711,-31.631,-35.719,-5.066,-5.058,-5.061,-5.06
,0.0,0.35,0.0,3.4725,4.0818,4.9506,5.7521,3.5124,4.1504,0,0.6094,0.6094,OK,0.35,FORMATION_FOLLOW|FORMATION_FOLLOW|FORMATION_FOLLOW|FORMATION_FOLLOW,1,1,10.5,-11.699,-11.708,-15.73,-15.22,-32.237,-35.709,-31.598,-35.717,-5.066,-5.058,-5.061,-5.06
,0.0,0.35,0.0,3.4701,4.1155,4.9485,5.7932,3.5097,4.1854,0,0.6415,0.6415,OK,0.35,FORMATION_FOLLOW|FORMATION_FOLLOW|FORMATION_FOLLOW|FORMATION_FOLLOW,1,1,10.6,-11.669,-11.68,-15.729,-15.189,-32.237,-35.707,-31.564,-35.715,-5.066,-5.058,-5.061,-5.06
,0.0,0.35,0.0,3.4671,4.1494,4.9464,5.8344,3.5076,4.2207,0,0.6738,0.6738,OK,0.35,FORMATION_FOLLOW|FORMATION_FOLLOW|FORMATION_FOLLOW|FORMATION_FOLLOW,1,1,10.7,-11.639,-11.651,-15.728,-15.159,-32.238,-35.705,-31.531,-35.713,-5.066,-5.058,-5.061,-5.059
,0.0,0.35,0.0,3.4639,4.1834,4.9442,5.8758,3.5061,4.2562,0,0.706,0.706,OK,0.35,FORMATION_FOLLOW|FORMATION_FOLLOW|FORMATION_FOLLOW|FORMATION_FOLLOW,1,1,10.8,-11.61,-11.622,-15.727,-15.129,-32.238,-35.702,-31.497,-35.711,-5.066,-5.058,-5.061,-5.059
,0.0,0.35,0.0,3.4612,4.2175,4.9422,5.9177,3.5048,4.2918,0,0.7383,0.7383,OK,0.35,FORMATION_FOLLOW|FORMATION_FOLLOW|FORMATION_FOLLOW|FORMATION_FOLLOW,1,1,10.9,-11.58,-11.593,-15.726,-15.098,-32.238,-35.699,-31.463,-35.709,-5.065,-5.059,-5.061,-5.059
,0.0,0.35,0.0,3.4589,4.2517,4.9398,5.96,3.5038,4.3273,0,0.7707,0.7707,OK,0.35,FORMATION_FOLLOW|FORMATION_FOLLOW|FORMATION_FOLLOW|FORMATION_FOLLOW,1,1,11.0,-11.551,-11.564,-15.725,-15.068,-32.238,-35.697,-31.43,-35.707,-5.065,-5.059,-5.061,-5.059
,0.0,0.35,0.0,3.4565,4.2859,4.9374,6.0024,3.5029,4.3629,0,0.803,0.803,OK,0.35,FORMATION_FOLLOW|FORMATION_FOLLOW|FORMATION_FOLLOW|FORMATION_FOLLOW,1,1,11.1,-11.522,-11.535,-15.725,-15.038,-32.237,-35.694,-31.396,-35.704,-5.064,-5.059,-5.061,-5.059
,0.0,0.35,0.0,3.4539,4.3204,4.9354,6.0448,3.5027,4.3987,0,0.8353,0.8353,OK,0.35,FORMATION_FOLLOW|FORMATION_FOLLOW|FORMATION_FOLLOW|FORMATION_FOLLOW,1,1,11.2,-11.493,-11.506,-15.724,-15.008,-32.237,-35.691,-31.362,-35.702,-5.063,-5.059,-5.061,-5.059
,0.0,0.35,0.0,3.4511,4.3552,4.9332,6.0872,3.5027,4.4344,0,0.8676,0.8676,OK,0.35,FORMATION_FOLLOW|FORMATION_FOLLOW|FORMATION_FOLLOW|FORMATION_FOLLOW,1,1,11.3,-11.464,-11.476,-15.724,-14.979,-32.237,-35.688,-31.328,-35.699,-5.062,-5.06,-5.061,-5.059
,0.0,0.35,0.0,3.4484,4.3901,4.931,6.1297,3.5027,4.4701,0,0.8999,0.8999,OK,0.35,FORMATION_FOLLOW|FORMATION_FOLLOW|FORMATION_RECOVERY|FORMATION_FOLLOW,1,1,11.4,-11.436,-11.447,-15.723,-14.95,-32.237,-35.686,-31.294,-35.696,-5.061,-5.06,-5.061,-5.059
,0.0,0.35,0.0,3.4454,4.4253,4.9285,6.172,3.5023,4.5058,0,0.9323,0.9323,OK,0.35,FORMATION_FOLLOW|FORMATION_FOLLOW|FORMATION_RECOVERY|FORMATION_FOLLOW,1,1,11.5,-11.407,-11.418,-15.723,-14.92,-32.237,-35.683,-31.26,-35.694,-5.061,-5.06,-5.061,-5.059
,0.0,0.35,0.0,3.442,4.4607,4.9256,6.2141,3.5018,4.5414,0,0.9645,0.9645,OK,0.35,FORMATION_FOLLOW|FORMATION_FOLLOW|FORMATION_RECOVERY|FORMATION_FOLLOW,1,1,11.6,-11.378,-11.389,-15.722,-14.891,-32.238,-35.68,-31.226,-35.69,-5.06,-5.06,-5.061,-5.059
,0.0,0.35,0.0,3.4385,4.4962,4.9226,6.2559,3.5009,4.5771,0,0.9967,0.9967,OK,0.35,FORMATION_FOLLOW|FORMATION_FOLLOW|FORMATION_RECOVERY|FORMATION_FOLLOW,1,1,11.7,-11.349,-11.361,-15.722,-14.862,-32.238,-35.677,-31.191,-35.687,-5.059,-5.06,-5.061,-5.059
,0.0,0.35,0.0,3.4361,4.532,4.9201,6.2985,3.5003,4.6132,0,1.0291,1.0291,OK,0.35,FORMATION_FOLLOW|FORMATION_FOLLOW|FORMATION_RECOVERY|FORMATION_FOLLOW,1,1,11.8,-11.32,-11.332,-15.722,-14.833,-32.238,-35.674,-31.157,-35.684,-5.059,-5.06,-5.061,-5.059
,0.0,0.35,0.0,3.4351,4.568,4.9176,6.3421,3.4997,4.6493,0,1.0618,1.0618,OK,0.35,FORMATION_FOLLOW|FORMATION_FOLLOW|FORMATION_RECOVERY|FORMATION_FOLLOW,1,1,11.9,-11.292,-11.304,-15.721,-14.803,-32.238,-35.674,-31.123,-35.681,-5.058,-5.06,-5.061,-5.06
,0.0,0.35,0.0,3.4353,4.6044,4.9152,6.3866,3.4992,4.6854,0,1.0947,1.0947,OK,0.35,FORMATION_FOLLOW|FORMATION_FOLLOW|FORMATION_RECOVERY|FORMATION_FOLLOW,1,1,12.0,-11.263,-11.275,-15.721,-14.774,-32.239,-35.674,-31.089,-35.678,-5.058,-5.06,-5.061,-5.06
,0.0,0.35,0.0,3.4359,4.6411,4.9128,6.4315,3.4985,4.7216,0,1.1278,1.1278,OK,0.35,FORMATION_FOLLOW|FORMATION_FOLLOW|FORMATION_RECOVERY|FORMATION_FOLLOW,1,1,12.1,-11.233,-11.247,-15.721,-14.745,-32.239,-35.675,-31.055,-35.674,-5.057,-5.06,-5.061,-5.06
,0.0,0.35,0.0,3.4368,4.6779,4.9108,6.4767,3.4977,4.759,0,1.1613,1.1613,OK,0.35,FORMATION_FOLLOW|FORMATION_FOLLOW|FORMATION_RECOVERY|FORMATION_FOLLOW,1,1,12.2,-11.204,-11.218,-15.721,-14.716,-32.239,-35.676,-31.021,-35.672,-5.057,-5.06,-5.061,-5.06
,0.0,0.35,0.0,3.438,4.7149,4.9099,6.5225,3.4973,4.7983,0,1.1952,1.1952,OK,0.35,FORMATION_FOLLOW|FORMATION_FOLLOW|FORMATION_RECOVERY|FORMATION_FOLLOW,1,1,12.3,-11.175,-11.189,-15.721,-14.687,-32.24,-35.678,-30.986,-35.672,-5.056,-5.059,-5.061,-5.06
,0.0,0.35,0.0,3.4396,4.7518,4.9101,6.5687,3.4971,4.8391,1,1.2295,1.2295,LOST,0.35,FORMATION_FOLLOW|FORMATION_FOLLOW|FORMATION_RECOVERY|FORMATION_FOLLOW,1,1,12.4,-11.147,-11.16,-15.721,-14.658,-32.24,-35.68,-30.952,-35.673,-5.056,-5.059,-5.061,-5.06
,0.0,0.35,0.0,3.4422,4.7884,4.9111,6.6151,3.4968,4.881,1,1.2639,1.2639,LOST,0.35,FORMATION_FOLLOW|FORMATION_FOLLOW|FORMATION_RECOVERY|FORMATION_FOLLOW,1,1,12.5,-11.118,-11.132,-15.72,-14.628,-32.24,-35.683,-30.918,-35.675,-5.056,-5.058,-5.061,-5.061
,0.0,0.35,0.0,3.4454,4.8248,4.9121,6.6617,3.4961,4.9234,1,1.2983,1.2983,LOST,0.35,FORMATION_FOLLOW|FORMATION_FOLLOW|FORMATION_RECOVERY|FORMATION_FOLLOW,1,1,12.6,-11.09,-11.103,-15.72,-14.599,-32.24,-35.685,-30.884,-35.678,-5.056,-5.058,-5.061,-5.061
,0.0,0.35,0.0,3.4487,4.8615,4.9132,6.7082,3.495,4.966,1,1.3328,1.3328,LOST,0.35,FORMATION_FOLLOW|FORMATION_FOLLOW|FORMATION_RECOVERY|FORMATION_FOLLOW,1,1,12.7,-11.062,-11.074,-15.72,-14.569,-32.24,-35.688,-30.849,-35.68,-5.056,-5.057,-5.061,-5.061
,0.0,0.35,0.0,3.4519,4.8985,4.9146,6.7546,3.4939,5.0087,1,1.3673,1.3673,LOST,0.35,FORMATION_FOLLOW|FORMATION_WAIT_REJOIN|FORMATION_RECOVERY|FORMATION_FOLLOW,1,1,12.8,-11.033,-11.046,-15.72,-14.54,-32.239,-35.691,-30.815,-35.683,-5.056,-5.056,-5.061,-5.061
,0.0,0.35,0.0,3.4552,4.9355,4.9165,6.8012,3.4933,5.052,1,1.4019,1.4019,LOST,0.35,FORMATION_FOLLOW|FORMATION_WAIT_REJOIN|FORMATION_RECOVERY|FORMATION_FOLLOW,1,1,12.9,-11.005,-11.017,-15.72,-14.51,-32.239,-35.694,-30.781,-35.686,-5.056,-5.056,-5.061,-5.061
,0.0,0.35,0.0,3.4582,4.9726,4.9182,6.8481,3.4929,5.0956,1,1.4367,1.4367,LOST,0.35,FORMATION_FOLLOW|FORMATION_WAIT_REJOIN|FORMATION_RECOVERY|FORMATION_FOLLOW,1,1,13.0,-10.977,-10.988,-15.72,-14.481,-32.239,-35.697,-30.747,-35.689,-5.056,-5.056,-5.061,-5.061
,0.0,0.35,0.0,3.4611,5.0098,4.9196,6.895,3.4927,5.1391,1,1.4714,1.4714,LOST,0.35,FORMATION_FOLLOW|FORMATION_WAIT_REJOIN|FORMATION_RECOVERY|FORMATION_FOLLOW,1,1,13.1,-10.948,-10.959,-15.72,-14.451,-32.239,-35.7,-30.712,-35.693,-5.056,-5.056,-5.061,-5.061
,0.0,0.35,0.0,3.4639,5.0473,4.9213,6.942,3.4927,5.1828,1,1.5062,1.5062,LOST,0.35,FORMATION_FOLLOW|FORMATION_WAIT_REJOIN|FORMATION_RECOVERY|FORMATION_WAIT_REJOIN,1,1,13.2,-10.92,-10.929,-15.72,-14.422,-32.239,-35.702,-30.678,-35.696,-5.055,-5.056,-5.061,-5.06
,0.0,0.35,0.0,3.4667,5.085,4.9234,6.9889,3.4927,5.2267,1,1.541,1.541,LOST,0.35,FORMATION_FOLLOW|FORMATION_WAIT_REJOIN|FORMATION_RECOVERY|FORMATION_WAIT_REJOIN,1,1,13.3,-10.891,-10.9,-15.72,-14.393,-32.238,-35.705,-30.644,-35.699,-5.055,-5.055,-5.061,-5.06
,0.0,0.35,0.0,3.4693,5.123,4.9256,7.0357,3.4925,5.2711,1,1.576,1.576,LOST,0.35,FORMATION_WAIT_REJOIN|FORMATION_WAIT_REJOIN|FORMATION_RECOVERY|FORMATION_WAIT_REJOIN,1,1,13.4,-10.863,-10.871,-15.72,-14.364,-32.238,-35.708,-30.61,-35.703,-5.055,-5.055,-5.061,-5.06
,0.0,0.35,0.0,3.4713,5.1613,4.9279,7.0822,3.4925,5.3154,1,1.6108,1.6108,LOST,0.35,FORMATION_WAIT_REJOIN|FORMATION_WAIT_REJOIN|FAILSAFE_HOLD_OR_RETREAT|FORMATION_WAIT_REJOIN,1,1,13.5,-10.834,-10.842,-15.72,-14.335,-32.239,-35.71,-30.575,-35.707,-5.055,-5.055,-5.061,-5.059
,0.0,0.35,0.0,3.4725,5.1998,4.9297,7.1285,3.4927,5.3595,1,1.6456,1.6456,LOST,0.35,FORMATION_WAIT_REJOIN|FORMATION_WAIT_REJOIN|FAILSAFE_HOLD_OR_RETREAT|FORMATION_WAIT_REJOIN,1,1,13.6,-10.805,-10.812,-15.72,-14.305,-32.239,-35.712,-30.541,-35.711,-5.056,-5.055,-5.061,-5.059
,0.0,0.35,0.0,3.4736,5.2386,4.9318,7.1748,3.4931,5.4036,1,1.6805,1.6805,LOST,0.35,FORMATION_WAIT_REJOIN|FORMATION_WAIT_REJOIN|FAILSAFE_HOLD_OR_RETREAT|FORMATION_WAIT_REJOIN,1,1,13.7,-10.776,-10.783,-15.72,-14.276,-32.239,-35.713,-30.507,-35.714,-5.056,-5.055,-5.061,-5.059
,0.0,0.35,0.0,3.4746,5.2777,4.9336,7.2209,3.4934,5.4473,1,1.7151,1.7151,LOST,0.35,FORMATION_WAIT_REJOIN|FORMATION_WAIT_REJOIN|FAILSAFE_HOLD_OR_RETREAT|FORMATION_WAIT_REJOIN,1,1,13.8,-10.747,-10.753,-15.72,-14.246,-32.24,-35.714,-30.473,-35.717,-5.056,-5.056,-5.061,-5.059
,0.0,0.35,0.0,3.4761,5.3167,4.9354,7.2668,3.493,5.491,1,1.7497,1.7497,LOST,0.35,FORMATION_WAIT_REJOIN|FORMATION_WAIT_REJOIN|FAILSAFE_HOLD_OR_RETREAT|FORMATION_WAIT_REJOIN,1,1,13.9,-10.717,-10.724,-15.72,-14.217,-32.239,-35.715,-30.438,-35.719,-5.057,-5.056,-5.061,-5.058
,0.0,0.35,0.0,3.4777,5.3558,4.937,7.3127,3.4923,5.5345,1,1.7842,1.7842,LOST,0.35,FORMATION_WAIT_REJOIN|FORMATION_WAIT_REJOIN|FAILSAFE_HOLD_OR_RETREAT|FORMATION_WAIT_REJOIN,1,1,14.0,-10.688,-10.694,-15.72,-14.187,-32.239,-35.716,-30.404,-35.722,-5.057,-5.057,-5.061,-5.058
,0.0,0.35,0.0,3.4789,5.3952,4.9386,7.3586,3.4919,5.578,1,1.8188,1.8188,LOST,0.35,FORMATION_WAIT_REJOIN|FORMATION_WAIT_REJOIN|FAILSAFE_HOLD_OR_RETREAT|FORMATION_WAIT_REJOIN,1,1,14.1,-10.658,-10.665,-15.72,-14.157,-32.238,-35.717,-30.37,-35.724,-5.058,-5.057,-5.061,-5.057
,0.0,0.35,0.0,3.4804,5.4348,4.9406,7.4045,3.4919,5.6215,1,1.8533,1.8533,LOST,0.35,FORMATION_WAIT_REJOIN|FORMATION_WAIT_REJOIN|FAILSAFE_HOLD_OR_RETREAT|FORMATION_WAIT_REJOIN,1,1,14.2,-10.629,-10.635,-15.72,-14.127,-32.238,-35.718,-30.335,-35.727,-5.058,-5.057,-5.061,-5.057
,0.0,0.35,0.0,3.4817,5.4745,4.9427,7.4506,3.492,5.6651,1,1.8879,1.8879,LOST,0.35,FORMATION_WAIT_REJOIN|FORMATION_WAIT_REJOIN|FAILSAFE_HOLD_OR_RETREAT|FORMATION_WAIT_REJOIN,1,1,14.3,-10.599,-10.605,-15.72,-14.097,-32.237,-35.719,-30.301,-35.729,-5.058,-5.058,-5.061,-5.057
,0.0,0.35,0.0,3.483,5.5143,4.9447,7.4963,3.4917,5.7089,1,1.9224,1.9224,LOST,0.35,FORMATION_WAIT_REJOIN|FORMATION_WAIT_REJOIN|FAILSAFE_HOLD_OR_RETREAT|FORMATION_WAIT_REJOIN,1,1,14.4,-10.569,-10.575,-15.72,-14.067,-32.236,-35.719,-30.267,-35.731,-5.059,-5.059,-5.061,-5.056
,0.0,0.35,0.0,3.4846,5.5539,4.9465,7.542,3.4915,5.7522,1,1.9567,1.9567,LOST,0.35,FORMATION_WAIT_REJOIN|FORMATION_WAIT_REJOIN|FAILSAFE_HOLD_OR_RETREAT|FORMATION_WAIT_REJOIN,1,1,14.5,-10.539,-10.545,-15.72,-14.037,-32.235,-35.72,-30.233,-35.733,-5.059,-5.059,-5.061,-5.056
,0.0,0.35,0.0,3.4856,5.5939,4.9483,7.5879,3.4918,5.7954,1,1.9911,1.9911,LOST,0.35,FORMATION_WAIT_REJOIN|FORMATION_WAIT_REJOIN|FAILSAFE_HOLD_OR_RETREAT|FORMATION_WAIT_REJOIN,1,1,14.6,-10.509,-10.515,-15.72,-14.007,-32.235,-35.72,-30.198,-35.735,-5.059,-5.059,-5.061,-5.057
,0.0,0.35,0.0,3.4864,5.6345,4.9496,7.6339,3.4919,5.8385,1,2.0257,2.0257,LOST,0.35,FORMATION_WAIT_REJOIN|FORMATION_WAIT_REJOIN|FAILSAFE_HOLD_OR_RETREAT|FORMATION_WAIT_REJOIN,1,1,14.7,-10.479,-10.485,-15.72,-13.977,-32.234,-35.72,-30.164,-35.736,-5.059,-5.06,-5.061,-5.057
,0.0,0.35,0.0,3.4869,5.675,4.9508,7.6798,3.492,5.8817,1,2.0602,2.0602,LOST,0.35,FORMATION_WAIT_REJOIN|FORMATION_WAIT_REJOIN|FAILSAFE_HOLD_OR_RETREAT|FORMATION_WAIT_REJOIN,1,1,14.8,-10.449,-10.455,-15.72,-13.947,-32.234,-35.721,-30.13,-35.738,-5.06,-5.06,-5.061,-5.057
,0.0,0.35,0.0,3.487,5.7153,4.9516,7.7254,3.492,5.9249,1,2.0946,2.0946,LOST,0.35,FORMATION_WAIT_REJOIN|FORMATION_WAIT_REJOIN|FAILSAFE_HOLD_OR_RETREAT|FORMATION_WAIT_REJOIN,1,1,14.9,-10.419,-10.424,-15.72,-13.916,-32.234,-35.721,-30.095,-35.739,-5.06,-5.06,-5.061,-5.057
,0.0,0.35,0.0,3.4866,5.7556,4.9518,7.7707,3.4916,5.9679,1,2.129,2.129,LOST,0.35,FORMATION_WAIT_REJOIN|FORMATION_WAIT_REJOIN|FAILSAFE_HOLD_OR_RETREAT|FORMATION_WAIT_REJOIN,1,1,15.0,-10.39,-10.395,-15.72,-13.886,-32.234,-35.72,-30.061,-35.74,-5.061,-5.06,-5.061,-5.058
,0.0,0.35,0.0,3.4865,5.7962,4.9525,7.8158,3.491,6.011,1,2.1632,2.1632,LOST,0.35,FORMATION_WAIT_REJOIN|FORMATION_WAIT_REJOIN|FAILSAFE_HOLD_OR_RETREAT|FORMATION_WAIT_REJOIN,1,1,15.1,-10.36,-10.365,-15.72,-13.856,-32.234,-35.72,-30.027,-35.742,-5.061,-5.06,-5.061,-5.058
,0.0,0.35,0.0,3.4863,5.8332,4.9534,7.8537,3.4901,6.0454,1,2.1921,2.1921,LOST,0.35,FORMATION_WAIT_REJOIN|FORMATION_WAIT_REJOIN|FAILSAFE_HOLD_OR_RETREAT|FORMATION_WAIT_REJOIN,1,1,15.2,-10.33,-10.336,-15.719,-13.826,-32.234,-35.72,-30.002,-35.743,-5.061,-5.06,-5.055,-5.058
,0.0,0.35,0.0,3.4859,5.8656,4.9539,7.8827,3.4892,6.0681,1,2.214,2.214,LOST,0.35,FORMATION_WAIT_REJOIN|FORMATION_WAIT_REJOIN|FAILSAFE_HOLD_OR_RETREAT|FORMATION_WAIT_REJOIN,1,1,15.3,-10.3,-10.306,-15.719,-13.796,-32.234,-35.72,-29.989,-35.744,-5.062,-5.059,-5.042,-5.058
,0.0,0.35,0.0,3.4849,5.8941,4.9541,7.9043,3.4885,6.081,1,2.2301,2.2301,LOST,0.35,FORMATION_WAIT_REJOIN|FORMATION_WAIT_REJOIN|FAILSAFE_HOLD_OR_RETREAT|FORMATION_WAIT_REJOIN,1,1,15.4,-10.27,-10.277,-15.718,-13.765,-32.235,-35.72,-29.987,-35.745,-5.062,-5.058,-5.024,-5.058
,0.0,0.35,0.0,3.4836,5.919,4.9536,7.9192,3.4877,6.0853,1,2.2413,2.2413,LOST,0.35,FORMATION_WAIT_REJOIN|FORMATION_WAIT_REJOIN|FAILSAFE_HOLD_OR_RETREAT|FORMATION_WAIT_REJOIN,1,1,15.5,-10.239,-10.247,-15.717,-13.735,-32.236,-35.72,-29.993,-35.746,-5.063,-5.058,-5.001,-5.059
,0.0,0.35,0.0,3.4827,5.9413,4.9531,7.9292,3.4868,6.083,1,2.2489,2.2489,LOST,0.35,FORMATION_WAIT_REJOIN|FORMATION_WAIT_REJOIN|FAILSAFE_HOLD_OR_RETREAT|FORMATION_WAIT_REJOIN,1,1,15.6,-10.209,-10.217,-15.715,-13.704,-32.237,-35.72,-30.007,-35.747,-5.063,-5.057,-4.974,-5.059
,0.0,0.35,0.0,3.482,5.9617,4.953,7.9357,3.486,6.0763,1,2.254,2.254,LOST,0.35,FORMATION_WAIT_REJOIN|FORMATION_WAIT_REJOIN|FAILSAFE_HOLD_OR_RETREAT|FORMATION_WAIT_REJOIN,1,1,15.7,-10.179,-10.188,-15.714,-13.674,-32.238,-35.72,-30.026,-35.748,-5.064,-5.057,-4.945,-5.059
,0.0,0.35,0.0,3.4817,5.9804,4.9532,7.9393,3.4853,6.0659,1,2.2571,2.2571,LOST,0.35,FORMATION_WAIT_REJOIN|FORMATION_WAIT_REJOIN|FAILSAFE_HOLD_OR_RETREAT|FORMATION_WAIT_REJOIN,1,1,15.8,-10.149,-10.158,-15.712,-13.643,-32.239,-35.72,-30.049,-35.749,-5.065,-5.057,-4.913,-5.06
,0.0,0.35,0.0,3.482,5.9981,4.9535,7.9415,3.4849,6.0534,1,2.2593,2.2593,LOST,0.35,FORMATION_WAIT_REJOIN|FORMATION_WAIT_REJOIN|FAILSAFE_HOLD_OR_RETREAT|FORMATION_WAIT_REJOIN,1,1,15.9,-10.119,-10.128,-15.71,-13.612,-32.239,-35.721,-30.075,-35.75,-5.066,-5.057,-4.88,-5.06
,0.0,0.35,0.0,3.4822,6.0153,4.9538,7.9427,3.4845,6.0395,1,2.2612,2.2612,LOST,0.35,FORMATION_WAIT_REJOIN|FORMATION_WAIT_REJOIN|FAILSAFE_HOLD_OR_RETREAT|FORMATION_WAIT_REJOIN,1,1,16.0,-10.089,-10.098,-15.708,-13.582,-32.239,-35.721,-30.102,-35.751,-5.067,-5.057,-4.846,-5.06
,0.0,0.35,0.0,3.4825,6.0324,4.9538,7.9435,3.4844,6.0246,1,2.2631,2.2631,LOST,0.35,FORMATION_WAIT_REJOIN|FORMATION_WAIT_REJOIN|FAILSAFE_HOLD_OR_RETREAT|FORMATION_WAIT_REJOIN,1,1,16.1,-10.059,-10.068,-15.706,-13.552,-32.239,-35.721,-30.131,-35.752,-5.067,-5.057,-4.812,-5.061
,0.0,0.35,0.0,3.4819,6.0497,4.9532,7.9441,3.4843,6.0096,1,2.2653,2.2653,LOST,0.35,FORMATION_WAIT_REJOIN|FORMATION_WAIT_REJOIN|FAILSAFE_HOLD_OR_RETREAT|FORMATION_WAIT_REJOIN,1,1,16.2,-10.03,-10.038,-15.704,-13.522,-32.239,-35.721,-30.16,-35.752,-5.068,-5.057,-4.777,-5.061
,0.0,0.35,0.0,3.4804,6.0674,4.9527,7.9445,3.4843,5.9952,1,2.2682,2.2682,LOST,0.35,FORMATION_WAIT_REJOIN|FORMATION_WAIT_REJOIN|FAILSAFE_HOLD_OR_RETREAT|FORMATION_WAIT_REJOIN,1,1,16.3,-10.001,-10.008,-15.702,-13.492,-32.24,-35.72,-30.189,-35.753,-5.068,-5.057,-4.743,-5.061
,0.0,0.35,0.0,3.4788,6.0857,4.9521,7.9459,3.4846,5.9816,1,2.2721,2.2721,LOST,0.35,FORMATION_WAIT_REJOIN|FORMATION_WAIT_REJOIN|FAILSAFE_HOLD_OR_RETREAT|FORMATION_WAIT_REJOIN,1,1,16.4,-9.972,-9.978,-15.7,-13.463,-32.241,-35.72,-30.217,-35.754,-5.068,-5.057,-4.708,-5.061
,0.0,0.35,0.0,3.4776,6.105,4.9516,7.9485,3.4849,5.9691,1,2.2772,2.2772,LOST,0.35,FORMATION_WAIT_REJOIN|FORMATION_WAIT_REJOIN|FAILSAFE_HOLD_OR_RETREAT|FORMATION_WAIT_REJOIN,1,1,16.5,-9.943,-9.948,-15.698,-13.433,-32.242,-35.719,-30.245,-35.754,-5.068,-5.057,-4.674,-5.061
,0.0,0.35,0.0,3.4765,6.1249,4.9509,7.9523,3.4855,5.9576,1,2.2833,2.2833,LOST,0.35,FORMATION_WAIT_REJOIN|FORMATION_WAIT_REJOIN|FAILSAFE_HOLD_OR_RETREAT|FORMATION_WAIT_REJOIN,1,1,16.6,-9.913,-9.918,-15.697,-13.403,-32.243,-35.719,-30.272,-35.754,-5.068,-5.057,-4.64,-5.06
,0.0,0.35,0.0,3.4752,6.1457,4.9505,7.9571,3.4862,5.9476,1,2.2905,2.2905,LOST,0.35,FORMATION_WAIT_REJOIN|FORMATION_WAIT_REJOIN|FAILSAFE_HOLD_OR_RETREAT|FORMATION_WAIT_REJOIN,1,1,16.7,-9.884,-9.888,-15.695,-13.374,-32.244,-35.719,-30.297,-35.755,-5.068,-5.057,-4.606,-5.06
,0.0,0.35,0.0,3.4749,6.1675,4.9505,7.9639,3.487,5.9393,1,2.2992,2.2992,LOST,0.35,FORMATION_WAIT_REJOIN|FORMATION_WAIT_REJOIN|FAILSAFE_HOLD_OR_RETREAT|FORMATION_WAIT_REJOIN,1,1,16.8,-9.854,-9.858,-15.693,-13.344,-32.244,-35.719,-30.322,-35.755,-5.068,-5.057,-4.573,-5.06
,0.0,0.35,0.0,3.4753,6.1901,4.9506,7.9722,3.4875,5.9328,1,2.3092,2.3092,LOST,0.35,FORMATION_WAIT_REJOIN|FORMATION_WAIT_REJOIN|FAILSAFE_HOLD_OR_RETREAT|FORMATION_WAIT_REJOIN,1,1,16.9,-9.824,-9.827,-15.692,-13.315,-32.245,-35.72,-30.344,-35.756,-5.067,-5.058,-4.541,-5.06
,0.0,0.35,0.0,3.476,6.2134,4.9511,7.9819,3.4885,5.9278,1,2.3203,2.3203,LOST,0.35,FORMATION_WAIT_REJOIN|FORMATION_WAIT_REJOIN|FAILSAFE_HOLD_OR_RETREAT|FORMATION_WAIT_REJOIN,1,1,17.0,-9.794,-9.797,-15.69,-13.286,-32.245,-35.721,-30.366,-35.756,-5.067,-5.058,-4.509,-5.059
,0.0,0.35,0.0,3.4763,6.2378,4.9521,7.9928,3.4902,5.9239,1,2.3323,2.3323,LOST,0.35,FORMATION_WAIT_REJOIN|FORMATION_WAIT_REJOIN|FAILSAFE_HOLD_OR_RETREAT|FORMATION_WAIT_REJOIN,1,1,17.1,-9.764,-9.767,-15.689,-13.257,-32.246,-35.722,-30.387,-35.757,-5.066,-5.059,-4.478,-5.058
,0.0,0.35,0.0,3.4767,6.2626,4.953,8.0047,3.4922,5.921,1,2.3452,2.3452,LOST,0.35,FORMATION_WAIT_REJOIN|FORMATION_WAIT_REJOIN|FAILSAFE_HOLD_OR_RETREAT|FORMATION_WAIT_REJOIN,1,1,17.2,-9.734,-9.736,-15.688,-13.228,-32.246,-35.723,-30.406,-35.757,-5.066,-5.06,-4.447,-5.057
,0.0,0.35,0.0,3.478,6.2884,4.9541,8.0186,3.4941,5.92,1,2.3594,2.3594,LOST,0.35,FORMATION_WAIT_REJOIN|FORMATION_WAIT_REJOIN|FAILSAFE_HOLD_OR_RETREAT|FORMATION_WAIT_REJOIN,1,1,17.3,-9.704,-9.705,-15.688,-13.199,-32.246,-35.724,-30.424,-35.757,-5.065,-5.061,-4.417,-5.057
,0.0,0.35,0.0,3.4794,6.3155,4.9553,8.0338,3.4957,5.9207,1,2.3749,2.3749,LOST,0.35,FORMATION_WAIT_REJOIN|FORMATION_WAIT_REJOIN|FAILSAFE_HOLD_OR_RETREAT|FORMATION_WAIT_REJOIN,1,1,17.4,-9.674,-9.674,-15.688,-13.17,-32.246,-35.725,-30.441,-35.758,-5.064,-5.061,-4.387,-5.056
,0.0,0.35,0.0,3.4807,6.3428,4.9565,8.0496,3.4972,5.9226,1,2.3909,2.3909,LOST,0.35,FORMATION_WAIT_REJOIN|FORMATION_WAIT_REJOIN|FAILSAFE_HOLD_OR_RETREAT|FORMATION_WAIT_REJOIN,1,1,17.5,-9.644,-9.644,-15.688,-13.141,-32.245,-35.726,-30.457,-35.758,-5.064,-5.062,-4.358,-5.055
,0.0,0.35,0.0,3.4826,6.3711,4.958,8.0667,3.4988,5.9257,1,2.408,2.408,LOST,0.35,FORMATION_WAIT_REJOIN|FORMATION_WAIT_REJOIN|FAILSAFE_HOLD_OR_RETREAT|FORMATION_WAIT_REJOIN,1,1,17.6,-9.614,-9.613,-15.689,-13.112,-32.245,-35.728,-30.471,-35.758,-5.064,-5.062,-4.33,-5.055
,0.0,0.35,0.0,3.4843,6.4002,4.9592,8.085,3.4998,5.9308,1,2.426,2.426,LOST,0.35,FORMATION_WAIT_REJOIN|FORMATION_WAIT_REJOIN|FAILSAFE_HOLD_OR_RETREAT|FORMATION_WAIT_REJOIN,1,1,17.7,-9.583,-9.583,-15.689,-13.083,-32.245,-35.729,-30.485,-35.759,-5.063,-5.062,-4.302,-5.055
,0.0,0.35,0.0,3.4856,6.4292,4.96,8.1035,3.5001,5.9372,1,2.4445,2.4445,LOST,0.35,FORMATION_WAIT_REJOIN|FORMATION_WAIT_REJOIN|FAILSAFE_HOLD_OR_RETREAT|FORMATION_WAIT_REJOIN,1,1,17.8,-9.553,-9.553,-15.69,-13.053,-32.245,-35.731,-30.498,-35.76,-5.062,-5.062,-4.274,-5.054
,0.0,0.35,0.0,3.4867,6.4587,4.9603,8.1227,3.4997,5.9451,1,2.4637,2.4637,LOST,0.35,FORMATION_WAIT_REJOIN|FORMATION_WAIT_REJOIN|FAILSAFE_HOLD_OR_RETREAT|FORMATION_WAIT_REJOIN,1,1,17.9,-9.523,-9.524,-15.691,-13.023,-32.245,-35.732,-30.509,-35.76,-5.061,-5.062,-4.247,-5.054
,0.0,0.35,0.0,3.4878,6.4889,4.9608,8.1428,3.4996,5.954,1,2.4836,2.4836,LOST,0.35,FORMATION_WAIT_REJOIN|FORMATION_WAIT_REJOIN|FAILSAFE_HOLD_OR_RETREAT|FORMATION_WAIT_REJOIN,1,1,18.0,-9.493,-9.494,-15.692,-12.994,-32.246,-35.733,-30.519,-35.761,-5.061,-5.062,-4.221,-5.054
,0.0,0.35,0.0,3.4882,6.5196,4.9613,8.1635,3.4997,5.9639,1,2.5041,2.5041,LOST,0.35,FORMATION_WAIT_REJOIN|FORMATION_WAIT_REJOIN|FAILSAFE_HOLD_OR_RETREAT|FORMATION_WAIT_REJOIN,1,1,18.1,-9.463,-9.464,-15.693,-12.964,-32.246,-35.734,-30.529,-35.761,-5.06,-5.063,-4.195,-5.054
,0.0,0.35,0.0,3.4885,6.5508,4.962,8.1845,3.4998,5.9743,1,2.5248,2.5248,LOST,0.35,FORMATION_WAIT_REJOIN|FORMATION_WAIT_REJOIN|FAILSAFE_HOLD_OR_RETREAT|FORMATION_WAIT_REJOIN,1,1,18.2,-9.433,-9.435,-15.694,-12.934,-32.246,-35.735,-30.537,-35.762,-5.059,-5.063,-4.169,-5.055
,0.0,0.35,0.0,3.4888,6.5822,4.9627,8.2057,3.4994,5.9856,1,2.5459,2.5459,LOST,0.35,FORMATION_WAIT_REJOIN|FORMATION_WAIT_REJOIN|FAILSAFE_HOLD_OR_RETREAT|FORMATION_WAIT_REJOIN,1,1,18.3,-9.402,-9.405,-15.694,-12.905,-32.246,-35.735,-30.545,-35.762,-5.058,-5.063,-4.144,-5.055
,0.0,0.35,0.0,3.4889,6.614,4.9634,8.2275,3.4992,5.9978,1,2.5674,2.5674,LOST,0.35,FORMATION_WAIT_REJOIN|FORMATION_WAIT_REJOIN|FAILSAFE_HOLD_OR_RETREAT|FORMATION_WAIT_REJOIN,1,1,18.4,-9.371,-9.376,-15.695,-12.875,-32.246,-35.735,-30.552,-35.762,-5.058,-5.063,-4.119,-5.055
,0.0,0.35,0.0,3.4894,6.6465,4.9647,8.2504,3.4994,6.011,1,2.5895,2.5895,LOST,0.35,FORMATION_WAIT_REJOIN|FORMATION_WAIT_REJOIN|FAILSAFE_HOLD_OR_RETREAT|FORMATION_WAIT_REJOIN,1,1,18.5,-9.341,-9.346,-15.697,-12.846,-32.246,-35.736,-30.558,-35.762,-5.058,-5.063,-4.094,-5.055
,0.0,0.35,0.0,3.4903,6.6787,4.9663,8.2733,3.4996,6.0247,1,2.6117,2.6117,LOST,0.35,FORMATION_WAIT_REJOIN|FORMATION_WAIT_REJOIN|FAILSAFE_HOLD_OR_RETREAT|FORMATION_WAIT_REJOIN,1,1,18.6,-9.31,-9.317,-15.698,-12.817,-32.246,-35.737,-30.564,-35.763,-5.058,-5.063,-4.07,-5.055
,0.0,0.35,0.0,3.4913,6.7106,4.9679,8.2963,3.4995,6.0391,1,2.6339,2.6339,LOST,0.35,FORMATION_WAIT_REJOIN|FORMATION_WAIT_REJOIN|FAILSAFE_HOLD_OR_RETREAT|FORMATION_WAIT_REJOIN,1,1,18.7,-9.28,-9.288,-15.698,-12.787,-32.246,-35.737,-30.57,-35.764,-5.059,-5.063,-4.046,-5.055
,0.0,0.35,0.0,3.4926,6.7423,4.9697,8.32,3.4995,6.0547,1,2.6563,2.6563,LOST,0.35,FORMATION_WAIT_REJOIN|FORMATION_WAIT_REJOIN|FAILSAFE_HOLD_OR_RETREAT|FORMATION_WAIT_REJOIN,1,1,18.8,-9.249,-9.259,-15.699,-12.758,-32.245,-35.738,-30.574,-35.765,-5.059,-5.063,-4.022,-5.056
,0.0,0.35,0.0,3.4937,6.7743,4.9711,8.3443,3.4999,6.0707,1,2.6792,2.6792,LOST,0.35,FORMATION_WAIT_REJOIN|FORMATION_WAIT_REJOIN|FAILSAFE_HOLD_OR_RETREAT|FORMATION_WAIT_REJOIN,1,1,18.9,-9.219,-9.229,-15.699,-12.729,-32.245,-35.739,-30.578,-35.766,-5.059,-5.063,-3.999,-5.056
,0.0,0.35,0.0,3.4953,6.8061,4.9724,8.3693,3.5,6.0871,1,2.7022,2.7022,LOST,0.35,FORMATION_WAIT_REJOIN|FORMATION_WAIT_REJOIN|FAILSAFE_HOLD_OR_RETREAT|FORMATION_WAIT_REJOIN,1,1,19.0,-9.189,-9.199,-15.7,-12.699,-32.245,-35.74,-30.582,-35.767,-5.059,-5.063,-3.976,-5.056
,0.0,0.35,0.0,3.4972,6.8378,4.9733,8.3947,3.5002,6.104,1,2.7253,2.7253,LOST,0.35,FORMATION_WAIT_REJOIN|FORMATION_WAIT_REJOIN|FAILSAFE_HOLD_OR_RETREAT|FORMATION_WAIT_REJOIN,1,1,19.1,-9.16,-9.17,-15.7,-12.67,-32.245,-35.742,-30.586,-35.768,-5.058,-5.064,-3.954,-5.056
,0.0,0.35,0.0,3.499,6.8694,4.9741,8.4201,3.5003,6.1208,1,2.7483,2.7483,LOST,0.35,FORMATION_WAIT_REJOIN|FORMATION_WAIT_REJOIN|FAILSAFE_HOLD_OR_RETREAT|FORMATION_WAIT_REJOIN,1,1,19.2,-9.13,-9.14,-15.701,-12.64,-32.245,-35.744,-30.589,-35.769,-5.058,-5.064,-3.933,-5.057
,0.0,0.35,0.0,3.5008,6.9011,4.9752,8.4454,3.5002,6.1378,1,2.7711,2.7711,LOST,0.35,FORMATION_WAIT_REJOIN|FORMATION_WAIT_REJOIN|FAILSAFE_HOLD_OR_RETREAT|FORMATION_WAIT_REJOIN,1,1,19.3,-9.1,-9.111,-15.702,-12.611,-32.245,-35.746,-30.592,-35.77,-5.058,-5.065,-3.913,-5.057
,0.0,0.35,0.0,3.5021,6.9335,4.977,8.4707,3.5004,6.1553,1,2.794,2.794,LOST,0.35,FORMATION_WAIT_REJOIN|FORMATION_WAIT_REJOIN|FAILSAFE_HOLD_OR_RETREAT|FORMATION_WAIT_REJOIN,1,1,19.4,-9.07,-9.082,-15.703,-12.582,-32.245,-35.747,-30.595,-35.772,-5.059,-5.065,-3.895,-5.058
,0.0,0.35,0.0,3.5026,6.9658,4.9786,8.4954,3.5004,6.1724,1,2.8165,2.8165,LOST,0.35,FORMATION_WAIT_REJOIN|FORMATION_WAIT_REJOIN|FAILSAFE_HOLD_OR_RETREAT|FORMATION_WAIT_REJOIN,1,1,19.5,-9.04,-9.053,-15.704,-12.553,-32.245,-35.748,-30.598,-35.773,-5.059,-5.065,-3.879,-5.059
,0.0,0.35,0.0,3.5027,6.9979,4.9798,8.5196,3.5002,6.1893,1,2.8386,2.8386,LOST,0.35,FORMATION_WAIT_REJOIN|FORMATION_WAIT_REJOIN|FAILSAFE_HOLD_OR_RETREAT|FORMATION_WAIT_REJOIN,1,1,19.6,-9.009,-9.024,-15.705,-12.524,-32.246,-35.748,-30.601,-35.774,-5.059,-5.066,-3.864,-5.059
,0.0,0.35,0.0,3.5023,7.0301,4.9807,8.5442,3.5001,6.2063,1,2.8606,2.8606,LOST,0.35,FORMATION_WAIT_REJOIN|FORMATION_WAIT_REJOIN|FAILSAFE_HOLD_OR_RETREAT|FORMATION_WAIT_REJOIN,1,1,19.7,-8.978,-8.994,-15.706,-12.494,-32.246,-35.749,-30.603,-35.774,-5.059,-5.066,-3.852,-5.06
,0.0,0.35,0.0,3.502,7.0619,4.9815,8.5684,3.5,6.2229,1,2.8821,2.8821,LOST,0.35,FORMATION_WAIT_REJOIN|FORMATION_WAIT_REJOIN|FAILSAFE_HOLD_OR_RETREAT|FORMATION_WAIT_REJOIN,1,1,19.8,-8.947,-8.965,-15.707,-12.464,-32.247,-35.749,-30.605,-35.774,-5.059,-5.066,-3.842,-5.06
,0.0,0.35,0.0,3.5017,7.0934,4.9816,8.5927,3.4994,6.2395,1,2.9034,2.9034,LOST,0.35,FORMATION_WAIT_REJOIN|FORMATION_WAIT_REJOIN|FAILSAFE_HOLD_OR_RETREAT|FORMATION_WAIT_REJOIN,1,1,19.9,-8.917,-8.935,-15.708,-12.434,-32.247,-35.749,-30.607,-35.774,-5.059,-5.065,-3.833,-5.06
,0.0,0.35,0.0,3.5015,7.124,4.9808,8.6169,3.4982,6.256,1,2.9243,2.9243,LOST,0.35,FORMATION_WAIT_REJOIN|FORMATION_WAIT_REJOIN|FAILSAFE_HOLD_OR_RETREAT|FORMATION_WAIT_REJOIN,1,1,20.0,-8.887,-8.906,-15.71,-12.404,-32.247,-35.749,-30.608,-35.774,-5.059,-5.065,-3.827,-5.06
,0.0,0.35,0.0,3.5012,7.154,4.9797,8.6406,3.4969,6.272,1,2.9445,2.9445,LOST,0.35,FORMATION_WAIT_REJOIN|FORMATION_WAIT_REJOIN|FAILSAFE_HOLD_OR_RETREAT|FORMATION_WAIT_REJOIN,1,1,20.1,-8.857,-8.876,-15.71,-12.373,-32.248,-35.749,-30.61,-35.774,-5.059,-5.065,-3.823,-5.06
,0.0,0.35,0.0,3.5006,7.1839,4.9786,8.6641,3.4955,6.288,1,2.9645,2.9645,LOST,0.35,FORMATION_WAIT_REJOIN|FORMATION_WAIT_REJOIN|FAILSAFE_HOLD_OR_RETREAT|FORMATION_WAIT_REJOIN,1,1,20.2,-8.827,-8.847,-15.711,-12.342,-32.248,-35.749,-30.611,-35.773,-5.058,-5.066,-3.82,-5.06
,0.0,0.35,0.0,3.4999,7.2137,4.9773,8.6875,3.4938,6.3043,1,2.9842,2.9842,LOST,0.35,FORMATION_WAIT_REJOIN|FORMATION_WAIT_REJOIN|FAILSAFE_HOLD_OR_RETREAT|FORMATION_WAIT_REJOIN,1,1,20.3,-8.796,-8.817,-15.711,-12.311,-32.249,-35.749,-30.612,-35.773,-5.058,-5.066,-3.819,-5.061
,0.0,0.35,0.0,3.4992,7.2433,4.9761,8.711,3.4919,6.3206,1,3.0038,3.0038,LOST,0.35,FORMATION_WAIT_REJOIN|FORMATION_WAIT_REJOIN|FAILSAFE_HOLD_OR_RETREAT|FORMATION_WAIT_REJOIN,1,1,20.4,-8.765,-8.788,-15.712,-12.279,-32.25,-35.749,-30.612,-35.773,-5.057,-5.066,-3.821,-5.061
,0.0,0.35,0.0,3.4984,7.2727,4.9745,8.7346,3.4902,6.3368,1,3.0231,3.0231,LOST,0.35,FORMATION_WAIT_REJOIN|FORMATION_WAIT_REJOIN|FAILSAFE_HOLD_OR_RETREAT|FORMATION_WAIT_REJOIN,1,1,20.5,-8.735,-8.758,-15.713,-12.248,-32.251,-35.749,-30.613,-35.773,-5.057,-5.066,-3.823,-5.06
,0.0,0.35,0.0,3.4976,7.3018,4.973,8.758,3.489,6.3523,1,3.042,3.042,LOST,0.35,FORMATION_WAIT_REJOIN|FORMATION_WAIT_REJOIN|FAILSAFE_HOLD_OR_RETREAT|FORMATION_WAIT_REJOIN,1,1,20.6,-8.704,-8.728,-15.713,-12.217,-32.252,-35.749,-30.614,-35.772,-5.056,-5.067,-3.828,-5.06
,0.0,0.35,0.0,3.4975,7.3305,4.972,8.7811,3.4879,6.3672,1,3.0604,3.0604,LOST,0.35,FORMATION_WAIT_REJOIN|FORMATION_WAIT_REJOIN|FAILSAFE_HOLD_OR_RETREAT|FORMATION_WAIT_REJOIN,1,1,20.7,-8.674,-8.698,-15.714,-12.186,-32.252,-35.749,-30.615,-35.772,-5.056,-5.067,-3.834,-5.059
,0.0,0.35,0.0,3.4974,7.3588,4.971,8.8042,3.4872,6.3816,1,3.0785,3.0785,LOST,0.35,FORMATION_WAIT_REJOIN|FORMATION_WAIT_REJOIN|FAILSAFE_HOLD_OR_RETREAT|FORMATION_WAIT_REJOIN,1,1,20.8,-8.643,-8.668,-15.715,-12.155,-32.252,-35.75,-30.616,-35.771,-5.055,-5.067,-3.842,-5.059
,0.0,0.35,0.0,3.4972,7.3872,4.9699,8.8275,3.4869,6.3962,1,3.0966,3.0966,LOST,0.35,FORMATION_WAIT_REJOIN|FORMATION_WAIT_REJOIN|FAILSAFE_HOLD_OR_RETREAT|FORMATION_WAIT_REJOIN,1,1,20.9,-8.613,-8.637,-15.715,-12.124,-32.253,-35.75,-30.617,-35.77,-5.055,-5.067,-3.851,-5.059
,0.0,0.35,0.0,3.4968,7.4154,4.9686,8.8506,3.4863,6.4108,1,3.1146,3.1146,LOST,0.35,FORMATION_WAIT_REJOIN|FORMATION_WAIT_REJOIN|FAILSAFE_HOLD_OR_RETREAT|FORMATION_WAIT_REJOIN,1,1,21.0,-8.583,-8.607,-15.716,-12.093,-32.254,-35.75,-30.618,-35.77,-5.055,-5.067,-3.86,-5.059
,0.0,0.35,0.0,3.4962,7.4439,4.9674,8.8735,3.4857,6.4253,1,3.1325,3.1325,LOST,0.35,FORMATION_WAIT_REJOIN|FORMATION_WAIT_REJOIN|FAILSAFE_HOLD_OR_RETREAT|FORMATION_WAIT_REJOIN,1,1,21.1,-8.552,-8.577,-15.717,-12.063,-32.254,-35.75,-30.619,-35.769,-5.055,-5.066,-3.871,-5.059
,0.0,0.35,0.0,3.4955,7.4722,4.9663,8.896,3.4851,6.4394,1,3.1501,3.1501,LOST,0.35,FORMATION_WAIT_REJOIN|FORMATION_WAIT_REJOIN|FAILSAFE_HOLD_OR_RETREAT|FORMATION_WAIT_REJOIN,1,1,21.2,-8.522,-8.547,-15.718,-12.032,-32.255,-35.75,-30.62,-35.768,-5.055,-5.066,-3.883,-5.058
,0.0,0.35,0.0,3.4946,7.5002,4.9652,8.9185,3.485,6.4532,1,3.1676,3.1676,LOST,0.35,FORMATION_WAIT_REJOIN|FORMATION_WAIT_REJOIN|FAILSAFE_HOLD_OR_RETREAT|FORMATION_WAIT_REJOIN,1,1,21.3,-8.492,-8.517,-15.719,-12.002,-32.255,-35.75,-30.622,-35.767,-5.056,-5.065,-3.895,-5.057
,0.0,0.35,0.0,3.4935,7.5286,4.9646,8.9412,3.4853,6.4673,1,3.1853,3.1853,LOST,0.35,FORMATION_WAIT_REJOIN|FORMATION_WAIT_REJOIN|FAILSAFE_HOLD_OR_RETREAT|FORMATION_WAIT_REJOIN,1,1,21.4,-8.461,-8.486,-15.72,-11.972,-32.256,-35.749,-30.623,-35.766,-5.057,-5.065,-3.908,-5.057
,0.0,0.35,0.0,3.4924,7.5574,4.9641,8.964,3.4855,6.4816,1,3.2032,3.2032,LOST,0.35,FORMATION_WAIT_REJOIN|FORMATION_WAIT_REJOIN|FAILSAFE_HOLD_OR_RETREAT|FORMATION_WAIT_REJOIN,1,1,21.5,-8.43,-8.456,-15.721,-11.942,-32.257,-35.749,-30.624,-35.765,-5.058,-5.065,-3.921,-5.057
,0.0,0.35,0.0,3.491,7.5859,4.9635,8.9868,3.4857,6.4962,1,3.2211,3.2211,LOST,0.35,FORMATION_WAIT_REJOIN|FORMATION_WAIT_REJOIN|FAILSAFE_HOLD_OR_RETREAT|FORMATION_WAIT_REJOIN,1,1,21.6,-8.399,-8.426,-15.722,-11.911,-32.257,-35.748,-30.624,-35.765,-5.059,-5.065,-3.934,-5.057
,0.0,0.35,0.0,3.4895,7.6088,4.9626,9.0041,3.486,6.5058,1,3.2345,3.2345,LOST,0.35,FORMATION_WAIT_REJOIN|FORMATION_WAIT_REJOIN|FORMATION_RECOVERY|FORMATION_WAIT_REJOIN,1,1,21.7,-8.369,-8.395,-15.717,-11.881,-32.258,-35.747,-30.627,-35.764,-5.06,-5.065,-3.951,-5.057
,0.0,0.35,0.0,3.4884,7.624,4.9618,9.0139,3.4864,6.5083,1,3.2419,3.2419,LOST,0.35,FORMATION_WAIT_REJOIN|FORMATION_WAIT_REJOIN|FORMATION_RECOVERY|FORMATION_WAIT_REJOIN,1,1,21.8,-8.338,-8.365,-15.706,-11.851,-32.259,-35.747,-30.632,-35.762,-5.06,-5.065,-3.971,-5.058
,0.0,0.35,0.0,3.4873,7.6328,4.9614,9.0173,3.4868,6.5051,1,3.2444,3.2444,LOST,0.35,FORMATION_WAIT_REJOIN|FORMATION_WAIT_REJOIN|FORMATION_RECOVERY|FORMATION_WAIT_REJOIN,1,1,21.9,-8.307,-8.335,-15.689,-11.821,-32.259,-35.746,-30.64,-35.761,-5.061,-5.066,-3.994,-5.058
,0.0,0.35,0.0,3.4859,7.6362,4.961,9.0151,3.4871,6.4971,1,3.2426,3.2426,LOST,0.35,FORMATION_WAIT_REJOIN|FORMATION_WAIT_REJOIN|FORMATION_RECOVERY|FORMATION_WAIT_REJOIN,1,1,22.0,-8.276,-8.305,-15.668,-11.792,-32.26,-35.746,-30.651,-35.76,-5.061,-5.066,-4.019,-5.058
,0.0,0.35,0.0,3.4844,7.6351,4.9607,9.008,3.4873,6.4848,1,3.2372,3.2372,LOST,0.35,FORMATION_WAIT_REJOIN|FORMATION_WAIT_REJOIN|FORMATION_RECOVERY|FORMATION_WAIT_REJOIN,1,1,22.1,-8.245,-8.275,-15.642,-11.762,-32.26,-35.745,-30.663,-35.759,-5.061,-5.066,-4.047,-5.058
,0.0,0.35,0.0,3.4835,7.6298,4.9604,8.997,3.4875,6.4687,1,3.2288,3.2288,LOST,0.35,FORMATION_WAIT_REJOIN|FORMATION_WAIT_REJOIN|FORMATION_RECOVERY|FORMATION_WAIT_REJOIN,1,1,22.2,-8.215,-8.245,-15.613,-11.733,-32.261,-35.744,-30.677,-35.758,-5.061,-5.066,-4.076,-5.058
,0.0,0.35,0.0,3.4823,7.6215,4.9605,8.9827,3.4877,6.4499,1,3.218,3.218,LOST,0.35,FORMATION_WAIT_REJOIN|FORMATION_WAIT_REJOIN|FORMATION_RECOVERY|FORMATION_WAIT_REJOIN,1,1,22.3,-8.185,-8.215,-15.582,-11.703,-32.261,-35.743,-30.693,-35.757,-5.061,-5.066,-4.106,-5.058
,0.0,0.35,0.0,3.4813,7.6109,4.9607,8.9652,3.4873,6.4288,1,3.2052,3.2052,LOST,0.35,FORMATION_WAIT_REJOIN|FORMATION_WAIT_REJOIN|FORMATION_RECOVERY|FORMATION_WAIT_REJOIN,1,1,22.4,-8.154,-8.186,-15.548,-11.673,-32.26,-35.741,-30.71,-35.756,-5.061,-5.066,-4.138,-5.059
,0.0,0.35,0.0,3.4801,7.5981,4.9607,8.9455,3.4864,6.4059,1,3.1909,3.1909,LOST,0.35,FORMATION_WAIT_REJOIN|FORMATION_WAIT_REJOIN|FORMATION_RECOVERY|FORMATION_WAIT_REJOIN,1,1,22.5,-8.124,-8.157,-15.512,-11.644,-32.26,-35.74,-30.728,-35.756,-5.061,-5.066,-4.17,-5.059
,0.0,0.35,0.0,3.4794,7.5832,4.9609,8.924,3.4858,6.3814,1,3.1752,3.1752,LOST,0.35,FORMATION_WAIT_REJOIN|FORMATION_WAIT_REJOIN|FORMATION_RECOVERY|FORMATION_WAIT_REJOIN,1,1,22.6,-8.094,-8.128,-15.475,-11.614,-32.26,-35.739,-30.748,-35.756,-5.061,-5.066,-4.202,-5.06
,0.0,0.35,0.0,3.4789,7.5666,4.9612,8.9009,3.4854,6.3554,1,3.1583,3.1583,LOST,0.35,FORMATION_WAIT_REJOIN|FORMATION_WAIT_REJOIN|FORMATION_RECOVERY|FORMATION_WAIT_REJOIN,1,1,22.7,-8.064,-8.099,-15.436,-11.585,-32.26,-35.738,-30.768,-35.755,-5.061,-5.065,-4.235,-5.06
,0.0,0.35,0.0,3.478,7.5496,4.9617,8.8772,3.485,6.3292,1,3.1411,3.1411,LOST,0.35,FORMATION_WAIT_REJOIN|FORMATION_WAIT_REJOIN|FORMATION_RECOVERY|FORMATION_WAIT_REJOIN,1,1,22.8,-8.034,-8.07,-15.396,-11.555,-32.26,-35.737,-30.788,-35.756,-5.061,-5.065,-4.269,-5.061
,0.0,0.35,0.0,3.4774,7.5313,4.9625,8.8526,3.4847,6.3024,1,3.1231,3.1231,LOST,0.35,FORMATION_WAIT_REJOIN|FORMATION_WAIT_REJOIN|FORMATION_RECOVERY|FORMATION_WAIT_REJOIN,1,1,22.9,-8.004,-8.04,-15.355,-11.525,-32.259,-35.736,-30.809,-35.756,-5.061,-5.065,-4.302,-5.061
,0.0,0.35,0.0,3.4772,7.5123,4.9629,8.8274,3.4844,6.2746,1,3.1048,3.1048,LOST,0.35,FORMATION_WAIT_REJOIN|FORMATION_WAIT_REJOIN|FORMATION_RECOVERY|FORMATION_WAIT_REJOIN,1,1,23.0,-7.974,-8.011,-15.313,-11.495,-32.258,-35.735,-30.83,-35.756,-5.061,-5.064,-4.336,-5.062
,0.0,0.35,0.0,3.4769,7.4928,4.9631,8.802,3.4842,6.2464,1,3.0862,3.0862,LOST,0.35,FORMATION_WAIT_REJOIN|FORMATION_WAIT_REJOIN|FORMATION_RECOVERY|FORMATION_WAIT_REJOIN,1,1,23.1,-7.944,-7.981,-15.271,-11.465,-32.258,-35.734,-30.851,-35.755,-5.061,-5.064,-4.37,-5.062
,0.0,0.35,0.0,3.4767,7.4735,4.9633,8.7768,3.484,6.2184,1,3.0678,3.0678,LOST,0.35,FORMATION_WAIT_REJOIN|FORMATION_WAIT_REJOIN|FORMATION_RECOVERY|FORMATION_WAIT_REJOIN,1,1,23.2,-7.914,-7.951,-15.229,-11.435,-32.257,-35.733,-30.872,-35.755,-5.061,-5.065,-4.404,-5.063
,0.0,0.35,0.0,3.4769,7.4545,4.9636,8.7524,3.4843,6.1907,1,3.0499,3.0499,LOST,0.35,FORMATION_WAIT_REJOIN|FORMATION_WAIT_REJOIN|FORMATION_RECOVERY|FORMATION_WAIT_REJOIN,1,1,23.3,-7.884,-7.921,-15.186,-11.405,-32.256,-35.733,-30.893,-35.755,-5.06,-5.065,-4.437,-5.063
,0.0,0.35,0.0,3.4774,7.4357,4.9635,8.7286,3.4841,6.1636,1,3.0323,3.0323,LOST,0.35,FORMATION_WAIT_REJOIN|FORMATION_WAIT_REJOIN|FORMATION_RECOVERY|FORMATION_WAIT_REJOIN,1,1,23.4,-7.854,-7.891,-15.144,-11.375,-32.256,-35.733,-30.913,-35.754,-5.06,-5.066,-4.471,-5.063
,0.0,0.35,0.0,3.478,7.4168,4.9632,8.7048,3.4838,6.1369,1,3.0148,3.0148,LOST,0.35,FORMATION_WAIT_REJOIN|FORMATION_WAIT_REJOIN|FORMATION_RECOVERY|FORMATION_WAIT_REJOIN,1,1,23.5,-7.824,-7.862,-15.101,-11.346,-32.256,-35.734,-30.932,-35.754,-5.06,-5.066,-4.504,-5.063
,0.0,0.35,0.0,3.4789,7.3978,4.9634,8.6807,3.4833,6.1102,1,2.9971,2.9971,LOST,0.35,FORMATION_WAIT_REJOIN|FORMATION_WAIT_REJOIN|FORMATION_RECOVERY|FORMATION_WAIT_REJOIN,1,1,23.6,-7.794,-7.833,-15.057,-11.316,-32.256,-35.735,-30.952,-35.754,-5.06,-5.066,-4.536,-5.063
,0.0,0.35,0.0,3.4796,7.3793,4.9641,8.6565,3.483,6.0837,1,2.9797,2.9797,LOST,0.35,FORMATION_WAIT_REJOIN|FORMATION_WAIT_REJOIN|FORMATION_RECOVERY|FORMATION_WAIT_REJOIN,1,1,23.7,-7.764,-7.803,-15.014,-11.286,-32.256,-35.735,-30.971,-35.754,-5.06,-5.066,-4.568,-5.064
,0.0,0.35,0.0,3.48,7.361,4.9648,8.6324,3.4829,6.0574,1,2.9625,2.9625,LOST,0.35,FORMATION_WAIT_REJOIN|FORMATION_WAIT_REJOIN|FORMATION_RECOVERY|FORMATION_WAIT_REJOIN,1,1,23.8,-7.734,-7.774,-14.97,-11.257,-32.256,-35.736,-30.991,-35.754,-5.06,-5.066,-4.599,-5.064
,0.0,0.35,0.0,3.4806,7.3428,4.9654,8.6089,3.4832,6.0313,1,2.9456,2.9456,LOST,0.35,FORMATION_WAIT_REJOIN|FORMATION_WAIT_REJOIN|FORMATION_RECOVERY|FORMATION_WAIT_REJOIN,1,1,23.9,-7.703,-7.745,-14.927,-11.228,-32.256,-35.737,-31.01,-35.754,-5.061,-5.066,-4.627,-5.065
,0.0,0.35,0.0,3.4815,7.3246,4.9658,8.5855,3.4833,6.0051,1,2.929,2.929,LOST,0.35,FORMATION_WAIT_REJOIN|FORMATION_WAIT_REJOIN|FORMATION_RECOVERY|FORMATION_WAIT_REJOIN,1,1,24.0,-7.673,-7.715,-14.883,-11.198,-32.257,-35.738,-31.03,-35.754,-5.061,-5.066,-4.654,-5.065
,0.0,0.35,0.0,3.4824,7.3062,4.9662,8.5619,3.4833,5.9792,1,2.9124,2.9124,LOST,0.35,FORMATION_WAIT_REJOIN|FORMATION_WAIT_REJOIN|FORMATION_RECOVERY|FORMATION_WAIT_REJOIN,1,1,24.1,-7.642,-7.685,-14.838,-11.168,-32.257,-35.739,-31.05,-35.754,-5.061,-5.066,-4.68,-5.065
,0.0,0.35,0.0,3.4836,7.2878,4.9671,8.5386,3.4835,5.9536,1,2.8959,2.8959,LOST,0.35,FORMATION_WAIT_REJOIN|FORMATION_WAIT_REJOIN|FORMATION_RECOVERY|FORMATION_WAIT_REJOIN,1,1,24.2,-7.612,-7.655,-14.793,-11.138,-32.256,-35.74,-31.069,-35.755,-5.061,-5.066,-4.704,-5.065
,0.0,0.35,0.0,3.4851,7.2693,4.9682,8.5152,3.4837,5.9282,1,2.8795,2.8795,LOST,0.35,FORMATION_WAIT_REJOIN|FORMATION_WAIT_REJOIN|FORMATION_RECOVERY|FORMATION_WAIT_REJOIN,1,1,24.3,-7.581,-7.625,-14.748,-11.108,-32.256,-35.741,-31.088,-35.755,-5.061,-5.066,-4.726,-5.065
,0.0,0.35,0.0,3.4865,7.2506,4.969,8.4916,3.4836,5.9027,1,2.8632,2.8632,LOST,0.35,FORMATION_WAIT_REJOIN|FORMATION_WAIT_REJOIN|FORMATION_RECOVERY|FORMATION_WAIT_REJOIN,1,1,24.4,-7.551,-7.595,-14.703,-11.078,-32.255,-35.742,-31.108,-35.755,-5.06,-5.065,-4.748,-5.065
,0.0,0.35,0.0,3.4873,7.2314,4.9689,8.4672,3.4828,5.877,1,2.8466,2.8466,LOST,0.35,FORMATION_WAIT_REJOIN|FORMATION_WAIT_REJOIN|FORMATION_RECOVERY|FORMATION_WAIT_REJOIN,1,1,24.5,-7.521,-7.565,-14.658,-11.048,-32.255,-35.742,-31.127,-35.755,-5.06,-5.065,-4.767,-5.065
,0.0,0.35,0.0,3.4873,7.2123,4.9684,8.4423,3.4813,5.8517,1,2.8301,2.8301,LOST,0.35,FORMATION_WAIT_REJOIN|FORMATION_WAIT_REJOIN|FORMATION_RECOVERY|FORMATION_WAIT_REJOIN,1,1,24.6,-7.491,-7.536,-14.612,-11.017,-32.255,-35.742,-31.147,-35.755,-5.06,-5.064,-4.785,-5.064
,0.0,0.35,0.0,3.4871,7.1933,4.9682,8.4174,3.4798,5.827,1,2.8137,2.8137,LOST,0.35,FORMATION_WAIT_REJOIN|FORMATION_WAIT_REJOIN|FORMATION_RECOVERY|FORMATION_WAIT_REJOIN,1,1,24.7,-7.46,-7.507,-14.566,-10.986,-32.256,-35.743,-31.166,-35.756,-5.059,-5.063,-4.802,-5.064
,0.0,0.35,0.0,3.4869,7.1748,4.9683,8.393,3.4783,5.8031,1,2.7977,2.7977,LOST,0.35,FORMATION_WAIT_REJOIN|FORMATION_WAIT_REJOIN|FORMATION_RECOVERY|FORMATION_WAIT_REJOIN,1,1,24.8,-7.43,-7.477,-14.52,-10.956,-32.256,-35.743,-31.184,-35.757,-5.059,-5.062,-4.818,-5.063
,0.0,0.35,0.0,3.4867,7.1566,4.9688,8.3687,3.4769,5.7795,1,2.782,2.782,LOST,0.35,FORMATION_WAIT_REJOIN|FORMATION_WAIT_REJOIN|FORMATION_RECOVERY|FORMATION_WAIT_REJOIN,1,1,24.9,-7.399,-7.448,-14.475,-10.925,-32.256,-35.742,-31.203,-35.758,-5.058,-5.061,-4.832,-5.062
,0.0,0.35,0.0,3.4867,7.1383,4.9692,8.3448,3.476,5.7557,1,2.7664,2.7664,LOST,0.35,FORMATION_WAIT_REJOIN|FORMATION_WAIT_REJOIN|FORMATION_RECOVERY|FORMATION_WAIT_REJOIN,1,1,25.0,-7.369,-7.418,-14.429,-10.894,-32.256,-35.742,-31.221,-35.758,-5.058,-5.06,-4.846,-5.062
,0.0,0.35,0.0,3.4867,7.1206,4.9701,8.3211,3.4752,5.7321,1,2.7511,2.7511,LOST,0.35,FORMATION_WAIT_REJOIN|FORMATION_WAIT_REJOIN|FORMATION_RECOVERY|FORMATION_WAIT_REJOIN,1,1,25.1,-7.338,-7.388,-14.383,-10.864,-32.256,-35.742,-31.239,-35.759,-5.057,-5.059,-4.858,-5.061
,0.0,0.35,0.0,3.4865,7.1031,4.971,8.2976,3.4745,5.7088,1,2.736,2.736,LOST,0.35,FORMATION_WAIT_REJOIN|FORMATION_WAIT_REJOIN|FORMATION_RECOVERY|FORMATION_WAIT_REJOIN,1,1,25.2,-7.308,-7.359,-14.338,-10.833,-32.255,-35.741,-31.257,-35.76,-5.057,-5.058,-4.869,-5.06
,0.0,0.35,0.0,3.4868,7.0853,4.9723,8.2746,3.4743,5.6861,1,2.7208,2.7208,LOST,0.35,FORMATION_WAIT_REJOIN|FORMATION_WAIT_REJOIN|FORMATION_RECOVERY|FORMATION_WAIT_REJOIN,1,1,25.3,-7.277,-7.329,-14.292,-10.803,-32.255,-35.741,-31.274,-35.76,-5.057,-5.057,-4.879,-5.06
,0.0,0.35,0.0,3.4877,7.067,4.9741,8.252,3.4744,5.6639,1,2.7054,2.7054,LOST,0.35,FORMATION_WAIT_REJOIN|FORMATION_WAIT_REJOIN|FORMATION_RECOVERY|FORMATION_WAIT_REJOIN,1,1,25.4,-7.246,-7.299,-14.245,-10.773,-32.254,-35.741,-31.289,-35.761,-5.057,-5.056,-4.889,-5.059
,0.0,0.35,0.0,3.4883,7.0486,4.9758,8.2298,3.475,5.6419,1,2.69,2.69,LOST,0.35,FORMATION_WAIT_REJOIN|FORMATION_WAIT_REJOIN|FORMATION_RECOVERY|FORMATION_WAIT_REJOIN,1,1,25.5,-7.215,-7.269,-14.198,-10.744,-32.253,-35.741,-31.303,-35.762,-5.057,-5.056,-4.897,-5.059
,0.0,0.35,0.0,3.4889,7.0301,4.9773,8.2077,3.4757,5.6201,1,2.6745,2.6745,LOST,0.35,FORMATION_WAIT_REJOIN|FORMATION_WAIT_REJOIN|FORMATION_RECOVERY|FORMATION_WAIT_REJOIN,1,1,25.6,-7.184,-7.238,-14.15,-10.714,-32.253,-35.741,-31.317,-35.762,-5.057,-5.055,-4.905,-5.059
,0.0,0.35,0.0,3.4894,7.0108,4.9788,8.1853,3.4764,5.5984,1,2.6587,2.6587,LOST,0.35,FORMATION_WAIT_REJOIN|FORMATION_WAIT_REJOIN|FORMATION_RECOVERY|FORMATION_WAIT_REJOIN,1,1,25.7,-7.154,-7.208,-14.102,-10.684,-32.252,-35.741,-31.331,-35.763,-5.057,-5.055,-4.913,-5.059
,0.0,0.35,0.0,3.4898,6.9909,4.9805,8.1627,3.4772,5.5769,1,2.6426,2.6426,LOST,0.35,FORMATION_WAIT_REJOIN|FORMATION_WAIT_REJOIN|FORMATION_RECOVERY|FORMATION_WAIT_REJOIN,1,1,25.8,-7.123,-7.178,-14.054,-10.655,-32.252,-35.741,-31.344,-35.763,-5.058,-5.055,-4.92,-5.059
,0.0,0.35,0.0,3.4902,6.971,4.9821,8.1399,3.4777,5.5557,1,2.6264,2.6264,LOST,0.35,FORMATION_WAIT_REJOIN|FORMATION_WAIT_REJOIN|FORMATION_RECOVERY|FORMATION_WAIT_REJOIN,1,1,25.9,-7.093,-7.148,-14.005,-10.625,-32.251,-35.741,-31.356,-35.764,-5.058,-5.055,-4.927,-5.059
,0.0,0.35,0.0,3.4904,6.9511,4.9836,8.1172,3.4781,5.5347,1,2.6102,2.6102,LOST,0.35,FORMATION_WAIT_REJOIN|FORMATION_WAIT_REJOIN|FORMATION_RECOVERY|FORMATION_WAIT_REJOIN,1,1,26.0,-7.062,-7.118,-13.956,-10.596,-32.251,-35.741,-31.369,-35.765,-5.059,-5.055,-4.933,-5.058
,0.0,0.35,0.0,3.4906,6.9313,4.9852,8.095,3.479,5.5139,1,2.5941,2.5941,LOST,0.35,FORMATION_WAIT_REJOIN|FORMATION_WAIT_REJOIN|FORMATION_RECOVERY|FORMATION_WAIT_REJOIN,1,1,26.1,-7.031,-7.088,-13.907,-10.567,-32.251,-35.741,-31.38,-35.766,-5.059,-5.055,-4.94,-5.058
,0.0,0.35,0.0,3.4904,6.9114,4.9867,8.0726,3.48,5.493,1,2.578,2.578,LOST,0.35,FORMATION_WAIT_REJOIN|FORMATION_WAIT_REJOIN|FORMATION_RECOVERY|FORMATION_WAIT_REJOIN,1,1,26.2,-7.001,-7.058,-13.858,-10.537,-32.251,-35.741,-31.392,-35.767,-5.059,-5.055,-4.945,-5.058
,0.0,0.35,0.0,3.49,6.8912,4.9878,8.0503,3.4811,5.4722,1,2.5618,2.5618,LOST,0.35,FORMATION_WAIT_REJOIN|FORMATION_WAIT_REJOIN|FORMATION_RECOVERY|FORMATION_WAIT_REJOIN,1,1,26.3,-6.971,-7.027,-13.809,-10.508,-32.251,-35.741,-31.404,-35.767,-5.06,-5.055,-4.951,-5.058
,0.0,0.35,0.0,3.49,6.8706,4.9885,8.0284,3.4823,5.4515,1,2.5455,2.5455,LOST,0.35,FORMATION_WAIT_REJOIN|FORMATION_WAIT_REJOIN|FORMATION_RECOVERY|FORMATION_WAIT_REJOIN,1,1,26.4,-6.941,-6.997,-13.76,-10.479,-32.251,-35.741,-31.415,-35.768,-5.06,-5.055,-4.956,-5.058
,0.0,0.35,0.0,3.4901,6.8498,4.9889,8.0067,3.4831,5.4312,1,2.5293,2.5293,LOST,0.35,FORMATION_WAIT_REJOIN|FORMATION_WAIT_REJOIN|FORMATION_RECOVERY|FORMATION_WAIT_REJOIN,1,1,26.5,-6.911,-6.966,-13.71,-10.45,-32.251,-35.741,-31.426,-35.768,-5.061,-5.054,-4.961,-5.059
,0.0,0.35,0.0,3.4906,6.8287,4.9892,7.9848,3.4839,5.4108,1,2.5129,2.5129,LOST,0.35,FORMATION_WAIT_REJOIN|FORMATION_WAIT_REJOIN|FORMATION_RECOVERY|FORMATION_WAIT_REJOIN,1,1,26.6,-6.881,-6.936,-13.66,-10.42,-32.251,-35.742,-31.436,-35.768,-5.061,-5.054,-4.966,-5.059
,0.0,0.35,0.0,3.4915,6.8073,4.9892,7.9635,3.4845,5.3907,1,2.4966,2.4966,LOST,0.35,FORMATION_WAIT_REJOIN|FORMATION_WAIT_REJOIN|FORMATION_RECOVERY|FORMATION_WAIT_REJOIN,1,1,26.7,-6.852,-6.906,-13.61,-10.39,-32.251,-35.742,-31.446,-35.768,-5.061,-5.053,-4.97,-5.059
,0.0,0.35,0.0,3.4926,6.786,4.9889,7.9424,3.4849,5.3709,1,2.4804,2.4804,LOST,0.35,FORMATION_WAIT_REJOIN|FORMATION_WAIT_REJOIN|FORMATION_RECOVERY|FORMATION_WAIT_REJOIN,1,1,26.8,-6.822,-6.875,-13.561,-10.36,-32.251,-35.743,-31.456,-35.768,-5.061,-5.053,-4.973,-5.059
,0.0,0.35,0.0,3.4933,6.7647,4.9885,7.9214,3.4855,5.3513,1,2.4644,2.4644,LOST,0.35,FORMATION_WAIT_REJOIN|FORMATION_WAIT_REJOIN|FORMATION_RECOVERY|FORMATION_WAIT_REJOIN,1,1,26.9,-6.792,-6.844,-13.511,-10.329,-32.251,-35.744,-31.466,-35.768,-5.061,-5.053,-4.977,-5.06
,0.0,0.35,0.0,3.4934,6.7432,4.988,7.9004,3.4864,5.3319,1,2.4482,2.4482,LOST,0.35,FORMATION_WAIT_REJOIN|FORMATION_WAIT_REJOIN|FORMATION_RECOVERY|FORMATION_WAIT_REJOIN,1,1,27.0,-6.763,-6.813,-13.461,-10.299,-32.251,-35.744,-31.476,-35.769,-5.061,-5.053,-4.98,-5.06
,0.0,0.35,0.0,3.4934,6.7217,4.9875,7.8795,3.4874,5.3127,1,2.4321,2.4321,LOST,0.35,FORMATION_WAIT_REJOIN|FORMATION_WAIT_REJOIN|FORMATION_RECOVERY|FORMATION_WAIT_REJOIN,1,1,27.1,-6.734,-6.782,-13.411,-10.27,-32.251,-35.744,-31.485,-35.769,-5.061,-5.052,-4.982,-5.061
,0.0,0.35,0.0,3.4935,6.7002,4.9873,7.8587,3.4886,5.2934,1,2.416,2.416,LOST,0.35,FORMATION_WAIT_REJOIN|FORMATION_WAIT_REJOIN|FORMATION_RECOVERY|FORMATION_WAIT_REJOIN,1,1,27.2,-6.704,-6.751,-13.361,-10.24,-32.252,-35.745,-31.494,-35.769,-5.06,-5.052,-4.984,-5.061
,0.0,0.35,0.0,3.4939,6.6788,4.9873,7.8382,3.4902,5.2741,1,2.3998,2.3998,LOST,0.35,FORMATION_WAIT_REJOIN|FORMATION_WAIT_REJOIN|FORMATION_RECOVERY|FORMATION_WAIT_REJOIN,1,1,27.3,-6.675,-6.72,-13.311,-10.21,-32.252,-35.745,-31.504,-35.769,-5.06,-5.052,-4.986,-5.061
,0.0,0.35,0.0,3.494,6.6577,4.9876,7.8179,3.4922,5.255,1,2.3839,2.3839,LOST,0.35,FORMATION_WAIT_REJOIN|FORMATION_WAIT_REJOIN|FORMATION_RECOVERY|FORMATION_WAIT_REJOIN,1,1,27.4,-6.645,-6.689,-13.261,-10.181,-32.252,-35.745,-31.512,-35.769,-5.059,-5.052,-4.988,-5.062
,0.0,0.35,0.0,3.4938,6.637,4.9878,7.7973,3.494,5.2358,1,2.3679,2.3679,LOST,0.35,FORMATION_WAIT_REJOIN|FORMATION_WAIT_REJOIN|FORMATION_RECOVERY|FORMATION_WAIT_REJOIN,1,1,27.5,-6.615,-6.658,-13.212,-10.152,-32.252,-35.745,-31.521,-35.769,-5.059,-5.052,-4.99,-5.062
,0.0,0.35,0.0,3.4932,6.6163,4.9878,7.7763,3.4953,5.2163,1,2.3517,2.3517,LOST,0.35,FORMATION_WAIT_REJOIN|FORMATION_WAIT_REJOIN|FORMATION_RECOVERY|FORMATION_WAIT_REJOIN,1,1,27.6,-6.585,-6.628,-13.162,-10.123,-32.252,-35.745,-31.53,-35.769,-5.058,-5.052,-4.992,-5.062
,0.0,0.35,0.0,3.4926,6.5958,4.9875,7.7551,3.4961,5.197,1,2.3357,2.3357,LOST,0.35,FORMATION_WAIT_REJOIN|FORMATION_WAIT_REJOIN|FORMATION_RECOVERY|FORMATION_WAIT_REJOIN,1,1,27.7,-6.555,-6.597,-13.112,-10.093,-32.253,-35.745,-31.538,-35.768,-5.058,-5.052,-4.994,-5.063
,0.0,0.35,0.0,3.492,6.5753,4.9875,7.7336,3.4965,5.1781,1,2.3196,2.3196,LOST,0.35,FORMATION_WAIT_REJOIN|FORMATION_WAIT_REJOIN|FORMATION_RECOVERY|FORMATION_WAIT_REJOIN,1,1,27.8,-6.525,-6.568,-13.062,-10.064,-32.253,-35.745,-31.546,-35.768,-5.058,-5.052,-4.995,-5.063
,0.0,0.35,0.0,3.4919,6.5548,4.9879,7.7126,3.4972,5.1595,1,2.3035,2.3035,LOST,0.35,FORMATION_WAIT_REJOIN|FORMATION_WAIT_REJOIN|FORMATION_RECOVERY|FORMATION_WAIT_REJOIN,1,1,27.9,-6.495,-6.538,-13.012,-10.035,-32.253,-35.745,-31.554,-35.768,-5.058,-5.052,-4.997,-5.063
,0.0,0.35,0.0,3.4925,6.5345,4.9886,7.6921,3.4983,5.1409,1,2.2877,2.2877,LOST,0.35,FORMATION_WAIT_REJOIN|FORMATION_WAIT_REJOIN|FORMATION_RECOVERY|FORMATION_WAIT_REJOIN,1,1,28.0,-6.465,-6.508,-12.963,-10.006,-32.253,-35.745,-31.562,-35.767,-5.057,-5.052,-4.999,-5.063
,0.0,0.35,0.0,3.493,6.5141,4.9894,7.672,3.4998,5.1225,1,2.2718,2.2718,LOST,0.35,FORMATION_WAIT_REJOIN|FORMATION_WAIT_REJOIN|FORMATION_RECOVERY|FORMATION_WAIT_REJOIN,1,1,28.1,-6.435,-6.477,-12.913,-9.977,-32.253,-35.746,-31.57,-35.767,-5.057,-5.052,-5.001,-5.063
,0.0,0.35,0.0,3.4945,6.494,4.9899,7.6529,3.5012,5.1047,1,2.2563,2.2563,LOST,0.35,FORMATION_WAIT_REJOIN|FORMATION_WAIT_REJOIN|FORMATION_RECOVERY|FORMATION_WAIT_REJOIN,1,1,28.2,-6.405,-6.447,-12.864,-9.948,-32.253,-35.747,-31.578,-35.767,-5.057,-5.052,-5.002,-5.062
,0.0,0.35,0.0,3.4961,6.4741,4.9903,7.6343,3.5029,5.0869,1,2.2411,2.2411,LOST,0.35,FORMATION_WAIT_REJOIN|FORMATION_WAIT_REJOIN|FORMATION_RECOVERY|FORMATION_WAIT_REJOIN,1,1,28.3,-6.375,-6.416,-12.814,-9.918,-32.253,-35.749,-31.585,-35.767,-5.056,-5.053,-5.004,-5.062
,0.0,0.35,0.0,3.4969,6.4539,4.9905,7.6153,3.5045,5.0692,1,2.2257,2.2257,LOST,0.35,FORMATION_WAIT_REJOIN|FORMATION_WAIT_REJOIN|FORMATION_RECOVERY|FORMATION_WAIT_REJOIN,1,1,28.4,-6.345,-6.385,-12.765,-9.889,-32.254,-35.75,-31.593,-35.767,-5.056,-5.053,-5.005,-5.062
,0.0,0.35,0.0,3.4974,6.4336,4.9905,7.5962,3.5061,5.0515,1,2.2103,2.2103,LOST,0.35,FORMATION_WAIT_REJOIN|FORMATION_WAIT_REJOIN|FORMATION_RECOVERY|FORMATION_WAIT_REJOIN,1,1,28.5,-6.315,-6.353,-12.715,-9.859,-32.254,-35.751,-31.601,-35.767,-5.056,-5.053,-5.006,-5.061
,0.0,0.35,0.0,3.4976,6.4136,4.9902,7.5771,3.5077,5.0337,1,2.1951,2.1951,LOST,0.35,FORMATION_WAIT_REJOIN|FORMATION_WAIT_REJOIN|FORMATION_RECOVERY|FORMATION_WAIT_REJOIN,1,1,28.6,-6.285,-6.322,-12.666,-9.83,-32.255,-35.752,-31.608,-35.767,-5.055,-5.054,-5.007,-5.061
,0.0,0.35,0.0,3.4977,6.3936,4.9895,7.558,3.5091,5.0157,1,2.1799,2.1799,LOST,0.35,FORMATION_WAIT_REJOIN|FORMATION_WAIT_REJOIN|FORMATION_RECOVERY|FORMATION_WAIT_REJOIN,1,1,28.7,-6.255,-6.291,-12.616,-9.8,-32.255,-35.753,-31.616,-35.766,-5.055,-5.054,-5.008,-5.061
,0.0,0.35,0.0,3.4978,6.3742,4.9888,7.539,3.5101,4.998,1,2.1649,2.1649,LOST,0.35,FORMATION_WAIT_REJOIN|FORMATION_WAIT_REJOIN|FORMATION_RECOVERY|FORMATION_WAIT_REJOIN,1,1,28.8,-6.224,-6.259,-12.566,-9.769,-32.256,-35.753,-31.624,-35.766,-5.055,-5.055,-5.009,-5.061
,0.0,0.35,0.0,3.4979,6.3547,4.9886,7.5199,3.5112,4.9806,1,2.15,2.15,LOST,0.35,FORMATION_WAIT_REJOIN|FORMATION_WAIT_REJOIN|FORMATION_RECOVERY|FORMATION_WAIT_REJOIN,1,1,28.9,-6.193,-6.228,-12.517,-9.739,-32.256,-35.754,-31.631,-35.765,-5.055,-5.055,-5.011,-5.061
,0.0,0.35,0.0,3.4976,6.3356,4.9886,7.5007,3.5123,4.9635,1,2.1351,2.1351,LOST,0.35,FORMATION_WAIT_REJOIN|FORMATION_WAIT_REJOIN|FORMATION_RECOVERY|FORMATION_WAIT_REJOIN,1,1,29.0,-6.162,-6.197,-12.467,-9.709,-32.257,-35.754,-31.639,-35.765,-5.055,-5.055,-5.012,-5.061
,0.0,0.35,0.0,3.4965,6.3163,4.9881,7.4812,3.5131,4.9464,1,2.1202,2.1202,LOST,0.35,FORMATION_WAIT_REJOIN|FORMATION_WAIT_REJOIN|FORMATION_RECOVERY|FORMATION_WAIT_REJOIN,1,1,29.1,-6.131,-6.165,-12.418,-9.678,-32.258,-35.754,-31.646,-35.765,-5.055,-5.056,-5.014,-5.061
,0.0,0.35,0.0,3.4949,6.2966,4.9872,7.4615,3.5141,4.9292,1,2.105,2.105,LOST,0.35,FORMATION_WAIT_REJOIN|FORMATION_WAIT_REJOIN|FORMATION_RECOVERY|FORMATION_WAIT_REJOIN,1,1,29.2,-6.101,-6.134,-12.368,-9.648,-32.259,-35.754,-31.654,-35.764,-5.055,-5.056,-5.015,-5.062
,0.0,0.35,0.0,3.494,6.2773,4.9863,7.4421,3.5148,4.912,1,2.0901,2.0901,LOST,0.35,FORMATION_WAIT_REJOIN|FORMATION_WAIT_REJOIN|FORMATION_RECOVERY|FORMATION_WAIT_REJOIN,1,1,29.3,-6.07,-6.103,-12.318,-9.618,-32.26,-35.754,-31.661,-35.764,-5.055,-5.056,-5.017,-5.062
,0.0,0.35,0.0,3.4934,6.2584,4.9864,7.4227,3.5155,4.8953,1,2.0752,2.0752,LOST,0.35,FORMATION_WAIT_REJOIN|FORMATION_WAIT_REJOIN|FORMATION_RECOVERY|FORMATION_WAIT_REJOIN,1,1,29.4,-6.038,-6.072,-12.269,-9.587,-32.261,-35.754,-31.668,-35.763,-5.055,-5.056,-5.018,-5.062
,0.0,0.35,0.0,3.4928,6.2394,4.9866,7.4037,3.5165,4.879,1,2.0604,2.0604,LOST,0.35,FORMATION_WAIT_REJOIN|FORMATION_WAIT_REJOIN|FORMATION_RECOVERY|FORMATION_WAIT_REJOIN,1,1,29.5,-6.007,-6.04,-12.219,-9.557,-32.261,-35.754,-31.674,-35.763,-5.055,-5.056,-5.02,-5.062
,0.0,0.35,0.0,3.492,6.2203,4.9864,7.3847,3.5176,4.8628,1,2.0457,2.0457,LOST,0.35,FORMATION_WAIT_REJOIN|FORMATION_WAIT_REJOIN|FORMATION_RECOVERY|FORMATION_WAIT_REJOIN,1,1,29.6,-5.976,-6.009,-12.169,-9.526,-32.262,-35.754,-31.681,-35.763,-5.055,-5.057,-5.021,-5.062
,0.0,0.35,0.0,3.4908,6.2013,4.9861,7.366,3.5187,4.8469,1,2.0311,2.0311,LOST,0.35,FORMATION_WAIT_REJOIN|FORMATION_WAIT_REJOIN|FORMATION_RECOVERY|FORMATION_WAIT_REJOIN,1,1,29.7,-5.945,-5.977,-12.119,-9.496,-32.263,-35.753,-31.688,-35.763,-5.054,-5.057,-5.023,-5.062
,0.0,0.35,0.0,3.4893,6.1826,4.9862,7.3472,3.5199,4.8314,1,2.0166,2.0166,LOST,0.35,FORMATION_WAIT_REJOIN|FORMATION_WAIT_REJOIN|FORMATION_RECOVERY|FORMATION_WAIT_REJOIN,1,1,29.8,-5.914,-5.945,-12.07,-9.465,-32.264,-35.753,-31.694,-35.763,-5.054,-5.058,-5.024,-5.063
,0.0,0.35,0.0,3.4876,6.1639,4.9862,7.3283,3.521,4.8158,1,2.0021,2.0021,LOST,0.35,FORMATION_WAIT_REJOIN|FORMATION_WAIT_REJOIN|FORMATION_RECOVERY|FORMATION_WAIT_REJOIN,1,1,29.9,-5.882,-5.914,-12.021,-9.435,-32.264,-35.752,-31.701,-35.763,-5.054,-5.058,-5.026,-5.063
,0.0,0.35,0.0,3.4859,6.1451,4.9859,7.309,3.5217,4.8002,1,1.9874,1.9874,LOST,0.35,FORMATION_WAIT_REJOIN|FORMATION_WAIT_REJOIN|FORMATION_RECOVERY|FORMATION_WAIT_REJOIN,1,1,30.0,-5.851,-5.883,-11.971,-9.405,-32.265,-35.751,-31.707,-35.763,-5.054,-5.058,-5.027,-5.064
,0.0,0.35,0.0,3.4848,6.126,4.986,7.2898,3.5222,4.785,1,1.9725,1.9725,LOST,0.35,FORMATION_WAIT_REJOIN|FORMATION_WAIT_REJOIN|FORMATION_RECOVERY|FORMATION_WAIT_REJOIN,1,1,30.1,-5.82,-5.852,-11.921,-9.374,-32.266,-35.751,-31.713,-35.763,-5.054,-5.058,-5.028,-5.064
,0.0,0.35,0.0,3.4841,6.1068,4.9866,7.2705,3.5228,4.7698,1,1.9576,1.9576,LOST,0.35,FORMATION_WAIT_REJOIN|FORMATION_WAIT_REJOIN|FORMATION_RECOVERY|FORMATION_WAIT_REJOIN,1,1,30.2,-5.79,-5.822,-11.872,-9.344,-32.267,-35.751,-31.719,-35.764,-5.054,-5.059,-5.03,-5.064
,0.0,0.35,0.0,3.4837,6.0872,4.987,7.2512,3.5231,4.7548,1,1.9426,1.9426,LOST,0.35,FORMATION_WAIT_REJOIN|FORMATION_WAIT_REJOIN|FORMATION_RECOVERY|FORMATION_WAIT_REJOIN,1,1,30.3,-5.759,-5.791,-11.822,-9.314,-32.267,-35.751,-31.725,-35.764,-5.054,-5.059,-5.031,-5.064
,0.0,0.35,0.0,3.483,6.0674,4.9871,7.2312,3.523,4.7396,1,1.9274,1.9274,LOST,0.35,FORMATION_WAIT_REJOIN|FORMATION_WAIT_REJOIN|FORMATION_RECOVERY|FORMATION_WAIT_REJOIN,1,1,30.4,-5.729,-5.761,-11.772,-9.284,-32.267,-35.75,-31.731,-35.765,-5.055,-5.06,-5.031,-5.064
,0.0,0.35,0.0,3.4825,6.0478,4.9876,7.2106,3.5225,4.7239,1,1.9122,1.9122,LOST,0.35,FORMATION_WAIT_REJOIN|FORMATION_WAIT_REJOIN|FORMATION_RECOVERY|FORMATION_WAIT_REJOIN,1,1,30.5,-5.698,-5.731,-11.723,-9.253,-32.267,-35.749,-31.738,-35.765,-5.055,-5.06,-5.032,-5.063
,0.0,0.35,0.0,3.4819,6.0283,4.9883,7.1897,3.522,4.708,1,1.8969,1.8969,LOST,0.35,FORMATION_WAIT_REJOIN|FORMATION_WAIT_REJOIN|FORMATION_RECOVERY|FORMATION_WAIT_REJOIN,1,1,30.6,-5.668,-5.701,-11.673,-9.223,-32.267,-35.749,-31.746,-35.766,-5.056,-5.061,-5.033,-5.063
,0.0,0.35,0.0,3.4812,6.0083,4.9879,7.168,3.5217,4.69,1,1.8813,1.8813,LOST,0.35,FORMATION_WAIT_REJOIN|FORMATION_WAIT_REJOIN|FORMATION_RECOVERY|FORMATION_WAIT_REJOIN,1,1,30.7,-5.638,-5.671,-11.624,-9.193,-32.266,-35.747,-31.755,-35.765,-5.056,-5.062,-5.034,-5.063
,0.0,0.35,0.0,3.4807,5.9883,4.9869,7.1461,3.5215,4.6702,1,1.8654,1.8654,LOST,0.35,FORMATION_WAIT_REJOIN|FORMATION_WAIT_REJOIN|FORMATION_RECOVERY|FORMATION_WAIT_REJOIN,1,1,30.8,-5.607,-5.641,-11.574,-9.163,-32.266,-35.747,-31.764,-35.763,-5.057,-5.062,-5.035,-5.062
,0.0,0.35,0.0,3.4816,5.9684,4.9857,7.1245,3.5216,4.6491,1,1.8493,1.8493,LOST,0.35,FORMATION_WAIT_REJOIN|FORMATION_WAIT_REJOIN|FORMATION_RECOVERY|FORMATION_WAIT_REJOIN,1,1,30.9,-5.576,-5.611,-11.524,-9.133,-32.265,-35.747,-31.773,-35.759,-5.057,-5.062,-5.036,-5.062
,0.0,0.35,0.0,3.4821,5.9488,4.9836,7.1027,3.5213,4.6272,1,1.8335,1.8335,LOST,0.35,FORMATION_WAIT_REJOIN|FORMATION_WAIT_REJOIN|FORMATION_RECOVERY|FORMATION_WAIT_REJOIN,1,1,31.0,-5.546,-5.582,-11.475,-9.103,-32.265,-35.747,-31.782,-35.755,-5.058,-5.062,-5.036,-5.061
,0.0,0.35,0.0,3.4825,5.9294,4.9808,7.0812,3.5206,4.6055,1,1.8179,1.8179,LOST,0.35,FORMATION_WAIT_REJOIN|FORMATION_WAIT_REJOIN|FORMATION_RECOVERY|FORMATION_WAIT_REJOIN,1,1,31.1,-5.516,-5.552,-11.426,-9.073,-32.264,-35.746,-31.792,-35.751,-5.059,-5.062,-5.037,-5.061
,0.0,0.35,0.0,3.4826,5.9099,4.9775,7.0596,3.5195,4.584,1,1.8025,1.8025,LOST,0.35,FORMATION_WAIT_REJOIN|FORMATION_WAIT_REJOIN|FORMATION_RECOVERY|FORMATION_WAIT_REJOIN,1,1,31.2,-5.486,-5.523,-11.377,-9.042,-32.264,-35.746,-31.802,-35.746,-5.059,-5.062,-5.037,-5.061
,0.0,0.35,0.0,3.4823,5.8904,4.9742,7.0376,3.5182,4.5625,1,1.7869,1.7869,LOST,0.35,FORMATION_WAIT_REJOIN|FORMATION_WAIT_REJOIN|FORMATION_RECOVERY|FORMATION_WAIT_REJOIN,1,1,31.3,-5.455,-5.493,-11.328,-9.011,-32.263,-35.745,-31.811,-35.741,-5.059,-5.062,-5.037,-5.062
,0.0,0.35,0.0,3.4818,5.8709,4.9712,7.0155,3.517,4.5412,1,1.7714,1.7714,LOST,0.35,FORMATION_WAIT_REJOIN|FORMATION_WAIT_REJOIN|FORMATION_RECOVERY|FORMATION_WAIT_REJOIN,1,1,31.4,-5.425,-5.464,-11.279,-8.981,-32.263,-35.744,-31.82,-35.737,-5.06,-5.062,-5.037,-5.062
,0.0,0.35,0.0,3.4812,5.8516,4.9681,6.994,3.5162,4.5201,1,1.756,1.756,LOST,0.35,FORMATION_WAIT_REJOIN|FORMATION_WAIT_REJOIN|FORMATION_RECOVERY|FORMATION_WAIT_REJOIN,1,1,31.5,-5.394,-5.434,-11.23,-8.95,-32.262,-35.743,-31.829,-35.732,-5.06,-5.062,-5.037,-5.063
,0.0,0.35,0.0,3.481,5.8322,4.965,6.9728,3.5158,4.4989,1,1.7407,1.7407,LOST,0.35,FORMATION_WAIT_REJOIN|FORMATION_WAIT_REJOIN|FORMATION_RECOVERY|FORMATION_WAIT_REJOIN,1,1,31.6,-5.364,-5.404,-11.181,-8.92,-32.262,-35.743,-31.838,-35.728,-5.06,-5.062,-5.037,-5.063
,0.0,0.35,0.0,3.4807,5.813,4.962,6.9519,3.5156,4.478,1,1.7253,1.7253,LOST,0.35,FORMATION_WAIT_REJOIN|FORMATION_WAIT_REJOIN|FORMATION_RECOVERY|FORMATION_WAIT_REJOIN,1,1,31.7,-5.334,-5.374,-11.132,-8.89,-32.262,-35.743,-31.847,-35.723,-5.06,-5.062,-5.037,-5.063
,0.0,0.35,0.0,3.4805,5.7935,4.9593,6.9307,3.5153,4.4572,1,1.7097,1.7097,LOST,0.35,FORMATION_WAIT_REJOIN|FORMATION_WAIT_REJOIN|FORMATION_RECOVERY|FORMATION_WAIT_REJOIN,1,1,31.8,-5.303,-5.344,-11.082,-8.86,-32.262,-35.742,-31.855,-35.719,-5.059,-5.062,-5.038,-5.063
,0.0,0.35,0.0,3.4804,5.7735,4.9567,6.9091,3.5148,4.4364,1,1.6938,1.6938,LOST,0.35,FORMATION_WAIT_REJOIN|FORMATION_WAIT_REJOIN|FORMATION_RECOVERY|FORMATION_WAIT_REJOIN,1,1,31.9,-5.273,-5.315,-11.033,-8.83,-32.262,-35.742,-31.863,-35.714,-5.059,-5.063,-5.039,-5.064
,0.0,0.35,0.0,3.4808,5.7536,4.9544,6.8878,3.5144,4.416,1,1.678,1.678,LOST,0.35,FORMATION_WAIT_REJOIN|FORMATION_WAIT_REJOIN|FORMATION_RECOVERY|FORMATION_WAIT_REJOIN,1,1,32.0,-5.243,-5.286,-10.983,-8.8,-32.261,-35.742,-31.872,-35.71,-5.058,-5.063,-5.04,-5.064
,0.0,0.35,0.0,3.4814,5.7338,4.9522,6.8667,3.5137,4.3961,1,1.6623,1.6623,LOST,0.35,FORMATION_WAIT_REJOIN|FORMATION_WAIT_REJOIN|FORMATION_RECOVERY|FORMATION_WAIT_REJOIN,1,1,32.1,-5.213,-5.257,-10.934,-8.77,-32.261,-35.742,-31.879,-35.706,-5.057,-5.063,-5.041,-5.064
,0.0,0.35,0.0,3.4815,5.7136,4.9496,6.8451,3.5126,4.3764,1,1.6463,1.6463,LOST,0.35,FORMATION_WAIT_REJOIN|FORMATION_WAIT_REJOIN|FORMATION_RECOVERY|FORMATION_WAIT_REJOIN,1,1,32.2,-5.183,-5.228,-10.884,-8.74,-32.26,-35.742,-31.887,-35.702,-5.056,-5.063,-5.042,-5.064
,0.0,0.35,0.0,3.4813,5.6927,4.9471,6.8232,3.5116,4.357,1,1.6299,1.6299,LOST,0.35,FORMATION_WAIT_REJOIN|FORMATION_WAIT_REJOIN|FORMATION_RECOVERY|FORMATION_WAIT_REJOIN,1,1,32.3,-5.153,-5.199,-10.834,-8.711,-32.26,-35.741,-31.894,-35.698,-5.056,-5.063,-5.044,-5.065
,0.0,0.35,0.0,3.4808,5.6719,4.9446,6.8018,3.5112,4.3379,1,1.6137,1.6137,LOST,0.35,FORMATION_WAIT_REJOIN|FORMATION_WAIT_REJOIN|FORMATION_RECOVERY|FORMATION_WAIT_REJOIN,1,1,32.4,-5.124,-5.17,-10.784,-8.681,-32.261,-35.741,-31.901,-35.695,-5.055,-5.063,-5.045,-5.065
,0.0,0.35,0.0,3.4803,5.6511,4.9429,6.7806,3.5113,4.3194,1,1.5976,1.5976,LOST,0.35,FORMATION_WAIT_REJOIN|FORMATION_WAIT_REJOIN|FORMATION_RECOVERY|FORMATION_WAIT_REJOIN,1,1,32.5,-5.094,-5.141,-10.734,-8.652,-32.26,-35.74,-31.908,-35.692,-5.055,-5.063,-5.047,-5.066
,0.0,0.35,0.0,3.4799,5.6305,4.9417,6.7595,3.5117,4.3013,1,1.5815,1.5815,LOST,0.35,FORMATION_WAIT_REJOIN|FORMATION_WAIT_REJOIN|FORMATION_RECOVERY|FORMATION_WAIT_REJOIN,1,1,32.6,-5.064,-5.111,-10.684,-8.623,-32.26,-35.74,-31.915,-35.69,-5.055,-5.063,-5.048,-5.066
,0.0,0.35,0.0,3.4793,5.6102,4.9408,6.7388,3.5123,4.2838,1,1.5656,1.5656,LOST,0.35,FORMATION_WAIT_REJOIN|FORMATION_WAIT_REJOIN|FORMATION_RECOVERY|FORMATION_WAIT_REJOIN,1,1,32.7,-5.035,-5.082,-10.635,-8.594,-32.26,-35.739,-31.922,-35.688,-5.055,-5.063,-5.048,-5.065
,0.0,0.35,0.0,3.4788,5.5898,4.9404,6.718,3.5129,4.2666,1,1.5497,1.5497,LOST,0.35,FORMATION_WAIT_REJOIN|FORMATION_WAIT_REJOIN|FORMATION_RECOVERY|FORMATION_WAIT_REJOIN,1,1,32.8,-5.005,-5.052,-10.585,-8.565,-32.26,-35.739,-31.928,-35.686,-5.055,-5.063,-5.048,-5.065
,0.0,0.35,0.0,3.4784,5.569,4.9403,6.6967,3.5137,4.249,1,1.5335,1.5335,LOST,0.35,FORMATION_WAIT_REJOIN|FORMATION_WAIT_REJOIN|FORMATION_RECOVERY|FORMATION_WAIT_REJOIN,1,1,32.9,-4.975,-5.023,-10.535,-8.536,-32.26,-35.738,-31.935,-35.685,-5.055,-5.063,-5.049,-5.065
,0.0,0.35,0.0,3.4777,5.5485,4.9403,6.6753,3.5144,4.2316,1,1.5175,1.5175,LOST,0.35,FORMATION_WAIT_REJOIN|FORMATION_WAIT_REJOIN|FORMATION_RECOVERY|FORMATION_WAIT_REJOIN,1,1,33.0,-4.946,-4.993,-10.485,-8.507,-32.259,-35.737,-31.943,-35.683,-5.054,-5.064,-5.049,-5.065
,0.0,0.35,0.0,3.477,5.5284,4.94,6.6546,3.5154,4.2143,1,1.502,1.502,LOST,0.35,FORMATION_WAIT_REJOIN|FORMATION_WAIT_REJOIN|FORMATION_RECOVERY|FORMATION_WAIT_REJOIN,1,1,33.1,-4.916,-4.962,-10.435,-8.477,-32.259,-35.736,-31.951,-35.682,-5.054,-5.064,-5.049,-5.065
,0.0,0.35,0.0,3.4762,5.5085,4.9396,6.6341,3.5167,4.1968,1,1.4866,1.4866,LOST,0.35,FORMATION_WAIT_REJOIN|FORMATION_WAIT_REJOIN|FORMATION_RECOVERY|FORMATION_WAIT_REJOIN,1,1,33.2,-4.886,-4.932,-10.386,-8.448,-32.259,-35.735,-31.959,-35.681,-5.053,-5.064,-5.05,-5.065
,0.0,0.35,0.0,3.4754,5.4883,4.9391,6.6136,3.5182,4.1792,1,1.4712,1.4712,LOST,0.35,FORMATION_WAIT_REJOIN|FORMATION_WAIT_REJOIN|FORMATION_RECOVERY|FORMATION_WAIT_REJOIN,1,1,33.3,-4.856,-4.901,-10.336,-8.419,-32.26,-35.735,-31.967,-35.68,-5.053,-5.064,-5.05,-5.065
,0.0,0.35,0.0,3.4745,5.4681,4.9384,6.5932,3.5192,4.1622,1,1.4559,1.4559,LOST,0.35,FORMATION_WAIT_REJOIN|FORMATION_WAIT_REJOIN|FORMATION_RECOVERY|FORMATION_WAIT_REJOIN,1,1,33.4,-4.826,-4.87,-10.287,-8.389,-32.26,-35.734,-31.975,-35.68,-5.053,-5.064,-5.051,-5.065
,0.0,0.35,0.0,3.4734,5.448,4.9375,6.5725,3.5196,4.1457,1,1.4409,1.4409,LOST,0.35,FORMATION_WAIT_REJOIN|FORMATION_WAIT_REJOIN|FORMATION_RECOVERY|FORMATION_WAIT_REJOIN,1,1,33.5,-4.797,-4.839,-10.238,-8.359,-32.26,-35.733,-31.984,-35.679,-5.052,-5.064,-5.051,-5.065
,0.0,0.35,0.0,3.4726,5.4279,4.9369,6.5518,3.5201,4.129,1,1.4257,1.4257,LOST,0.35,FORMATION_WAIT_REJOIN|FORMATION_WAIT_REJOIN|FORMATION_RECOVERY|FORMATION_WAIT_REJOIN,1,1,33.6,-4.767,-4.809,-10.188,-8.328,-32.26,-35.733,-31.993,-35.679,-5.052,-5.064,-5.051,-5.065
,0.0,0.35,0.0,3.4723,5.4082,4.9366,6.5311,3.5204,4.1124,1,1.4106,1.4106,LOST,0.35,FORMATION_WAIT_REJOIN|FORMATION_WAIT_REJOIN|FORMATION_RECOVERY|FORMATION_WAIT_REJOIN,1,1,33.7,-4.737,-4.778,-10.139,-8.298,-32.261,-35.733,-32.001,-35.679,-5.052,-5.063,-5.051,-5.065
,0.0,0.35,0.0,3.4723,5.3885,4.9366,6.5109,3.5205,4.0967,1,1.3957,1.3957,LOST,0.35,FORMATION_WAIT_REJOIN|FORMATION_WAIT_REJOIN|FORMATION_RECOVERY|FORMATION_WAIT_REJOIN,1,1,33.8,-4.707,-4.748,-10.09,-8.269,-32.261,-35.733,-32.01,-35.679,-5.052,-5.063,-5.052,-5.065
,0.0,0.35,0.0,3.472,5.3687,4.9363,6.4908,3.5204,4.0816,1,1.3807,1.3807,LOST,0.35,FORMATION_WAIT_REJOIN|FORMATION_WAIT_REJOIN|FORMATION_RECOVERY|FORMATION_WAIT_REJOIN,1,1,33.9,-4.678,-4.719,-10.041,-8.239,-32.261,-35.733,-32.018,-35.68,-5.053,-5.063,-5.052,-5.065
,0.0,0.35,0.0,3.4717,5.3489,4.936,6.4709,3.5204,4.0668,1,1.3657,1.3657,LOST,0.35,FORMATION_WAIT_REJOIN|FORMATION_WAIT_REJOIN|FORMATION_RECOVERY|FORMATION_FOLLOW,1,1,34.0,-4.648,-4.689,-9.992,-8.209,-32.262,-35.733,-32.025,-35.68,-5.053,-5.063,-5.053,-5.064
,0.0,0.35,0.0,3.4715,5.3292,4.9361,6.451,3.5204,4.0523,1,1.3509,1.3509,LOST,0.35,FORMATION_WAIT_REJOIN|FORMATION_WAIT_REJOIN|FORMATION_RECOVERY|FORMATION_FOLLOW,1,1,34.1,-4.619,-4.659,-9.943,-8.179,-32.262,-35.734,-32.033,-35.681,-5.054,-5.063,-5.053,-5.064
,0.0,0.35,0.0,3.4725,5.3095,4.9365,6.4316,3.5207,4.0378,1,1.3359,1.3359,LOST,0.35,FORMATION_WAIT_REJOIN|FORMATION_WAIT_REJOIN|FORMATION_RECOVERY|FORMATION_FOLLOW,1,1,34.2,-4.589,-4.629,-9.894,-8.149,-32.263,-35.735,-32.041,-35.682,-5.055,-5.064,-5.054,-5.064
,0.0,0.35,0.0,3.4744,5.2896,4.9372,6.4127,3.5211,4.0236,1,1.3208,1.3208,LOST,0.35,FORMATION_WAIT_REJOIN|FORMATION_WAIT_REJOIN|FORMATION_RECOVERY|FORMATION_FOLLOW,1,1,34.3,-4.559,-4.599,-9.844,-8.119,-32.262,-35.737,-32.048,-35.683,-5.056,-5.064,-5.054,-5.064
,0.0,0.35,0.0,3.476,5.2695,4.9384,6.3935,3.5215,4.0099,1,1.3056,1.3056,LOST,0.35,FORMATION_WAIT_REJOIN|FORMATION_WAIT_REJOIN|FORMATION_RECOVERY|FORMATION_FOLLOW,1,1,34.4,-4.529,-4.569,-9.795,-8.09,-32.262,-35.738,-32.055,-35.684,-5.056,-5.065,-5.055,-5.064
,0.0,0.35,0.0,3.4774,5.249,4.9397,6.3737,3.5217,3.9965,1,1.2899,1.2899,LOST,0.35,FORMATION_WAIT_REJOIN|FORMATION_WAIT_REJOIN|FORMATION_RECOVERY|FORMATION_FOLLOW,1,1,34.5,-4.5,-4.539,-9.745,-8.061,-32.262,-35.739,-32.061,-35.685,-5.057,-5.066,-5.056,-5.064
,0.0,0.35,0.0,3.4788,5.2286,4.9408,6.3544,3.5216,3.9838,1,1.2742,1.2742,LOST,0.35,FORMATION_WAIT_REJOIN|FORMATION_WAIT_REJOIN|FORMATION_RECOVERY|FORMATION_FOLLOW,1,1,34.6,-4.47,-4.51,-9.695,-8.031,-32.262,-35.74,-32.067,-35.687,-5.058,-5.067,-5.057,-5.063
,0.0,0.35,0.0,3.4806,5.2082,4.9425,6.3352,3.5215,3.9718,1,1.2587,1.2587,LOST,0.35,FORMATION_WAIT_REJOIN|FORMATION_WAIT_REJOIN|FORMATION_RECOVERY|FORMATION_FOLLOW,1,1,34.7,-4.44,-4.481,-9.645,-8.002,-32.261,-35.742,-32.072,-35.688,-5.059,-5.067,-5.057,-5.063
,0.0,0.35,0.0,3.4828,5.188,4.9444,6.3159,3.5212,3.9596,1,1.243,1.243,LOST,0.35,FORMATION_WAIT_REJOIN|FORMATION_WAIT_REJOIN|FORMATION_RECOVERY|FORMATION_FOLLOW,1,1,34.8,-4.41,-4.451,-9.595,-7.972,-32.26,-35.743,-32.077,-35.689,-5.06,-5.068,-5.058,-5.063
,0.0,0.35,0.0,3.4849,5.1682,4.9463,6.2965,3.521,3.9471,1,1.2276,1.2276,LOST,0.35,FORMATION_WAIT_REJOIN|FORMATION_WAIT_REJOIN|FORMATION_RECOVERY|FORMATION_FOLLOW,1,1,34.9,-4.38,-4.422,-9.545,-7.943,-32.259,-35.744,-32.083,-35.69,-5.06,-5.069,-5.058,-5.063
,0.0,0.35,0.0,3.4863,5.1485,4.9479,6.2773,3.521,3.9347,1,1.2123,1.2123,LOST,0.35,FORMATION_WAIT_REJOIN|FORMATION_WAIT_REJOIN|FORMATION_RECOVERY|FORMATION_FOLLOW,1,1,35.0,-4.349,-4.392,-9.495,-7.913,-32.258,-35.745,-32.088,-35.691,-5.06,-5.069,-5.057,-5.063
,0.0,0.35,0.0,3.4877,5.129,4.9494,6.2583,3.5208,3.9227,1,1.1971,1.1971,LOST,0.35,FORMATION_WAIT_REJOIN|FORMATION_WAIT_REJOIN|FORMATION_RECOVERY|FORMATION_FOLLOW,1,1,35.1,-4.319,-4.363,-9.445,-7.883,-32.258,-35.745,-32.093,-35.691,-5.061,-5.07,-5.057,-5.063
,0.0,0.35,0.0,3.4882,5.1094,4.9505,6.2392,3.5204,3.9113,1,1.182,1.182,LOST,0.35,FORMATION_WAIT_REJOIN|FORMATION_WAIT_REJOIN|FORMATION_RECOVERY|FORMATION_FOLLOW,1,1,35.2,-4.288,-4.333,-9.395,-7.853,-32.257,-35.745,-32.098,-35.692,-5.061,-5.07,-5.057,-5.063
,0.0,0.35,0.0,3.4875,5.0895,4.9516,6.2196,3.5201,3.9004,1,1.1668,1.1668,LOST,0.35,FORMATION_WAIT_REJOIN|FORMATION_WAIT_REJOIN|FORMATION_RECOVERY|FORMATION_FOLLOW,1,1,35.3,-4.258,-4.303,-9.345,-7.823,-32.257,-35.744,-32.102,-35.693,-5.062,-5.07,-5.057,-5.064
,0.0,0.35,0.0,3.4858,5.0693,4.9526,6.1991,3.5195,3.8894,1,1.1514,1.1514,LOST,0.35,FORMATION_WAIT_REJOIN|FORMATION_WAIT_REJOIN|FORMATION_RECOVERY|FORMATION_FOLLOW,1,1,35.4,-4.228,-4.274,-9.295,-7.793,-32.257,-35.742,-32.107,-35.695,-5.062,-5.07,-5.057,-5.064
,0.0,0.35,0.0,3.4827,5.0491,4.9536,6.1776,3.5189,3.8785,1,1.1359,1.1359,LOST,0.35,FORMATION_WAIT_REJOIN|FORMATION_WAIT_REJOIN|FORMATION_RECOVERY|FORMATION_FOLLOW,1,1,35.5,-4.198,-4.244,-9.245,-7.763,-32.257,-35.739,-32.111,-35.696,-5.062,-5.07,-5.058,-5.064
,0.0,0.35,0.0,3.4789,5.0289,4.9549,6.1557,3.5182,3.868,1,1.1203,1.1203,LOST,0.35,FORMATION_WAIT_REJOIN|FORMATION_WAIT_REJOIN|FORMATION_RECOVERY|FORMATION_FOLLOW,1,1,35.6,-4.168,-4.215,-9.195,-7.733,-32.256,-35.735,-32.116,-35.697,-5.062,-5.07,-5.058,-5.064
,0.0,0.35,0.0,3.4742,5.0087,4.9559,6.1339,3.5176,3.858,1,1.1048,1.1048,LOST,0.35,FORMATION_WAIT_REJOIN|FORMATION_WAIT_REJOIN|FORMATION_RECOVERY|FORMATION_FOLLOW,1,1,35.7,-4.138,-4.186,-9.144,-7.703,-32.257,-35.731,-32.12,-35.699,-5.062,-5.07,-5.059,-5.064
,0.0,0.35,0.0,3.4688,4.9883,4.9563,6.1123,3.5171,3.8484,1,1.0893,1.0893,LOST,0.35,FORMATION_WAIT_REJOIN|FORMATION_WAIT_REJOIN|FORMATION_RECOVERY|FORMATION_FOLLOW,1,1,35.8,-4.108,-4.156,-9.094,-7.673,-32.258,-35.726,-32.125,-35.701,-5.062,-5.071,-5.059,-5.064
,0.0,0.35,0.0,3.463,4.9675,4.9563,6.0905,3.5168,3.8386,1,1.0737,1.0737,LOST,0.35,FORMATION_WAIT_REJOIN|FORMATION_WAIT_REJOIN|FORMATION_RECOVERY|FORMATION_FOLLOW,1,1,35.9,-4.078,-4.127,-9.044,-7.643,-32.259,-35.722,-32.129,-35.702,-5.062,-5.071,-5.059,-5.064
,0.0,0.35,0.0,3.4574,4.9469,4.9559,6.0693,3.5163,3.8291,1,1.0583,1.0583,LOST,0.35,FORMATION_WAIT_REJOIN|FORMATION_WAIT_REJOIN|FORMATION_RECOVERY|FORMATION_FOLLOW,1,1,36.0,-4.049,-4.097,-8.994,-7.613,-32.26,-35.717,-32.132,-35.704,-5.062,-5.071,-5.059,-5.064
,0.0,0.35,0.0,3.4517,4.9263,4.9553,6.0481,3.5155,3.8199,1,1.0429,1.0429,LOST,0.35,FORMATION_WAIT_REJOIN|FORMATION_WAIT_REJOIN|FORMATION_RECOVERY|FORMATION_FOLLOW,1,1,36.1,-4.02,-4.068,-8.944,-7.583,-32.261,-35.713,-32.136,-35.705,-5.062,-5.072,-5.06,-5.064
,0.0,0.35,0.0,3.4467,4.9058,4.9549,6.0273,3.5149,3.8109,1,1.0275,1.0275,LOST,0.35,FORMATION_WAIT_REJOIN|FORMATION_WAIT_REJOIN|FORMATION_RECOVERY|FORMATION_FOLLOW,1,1,36.2,-3.99,-4.038,-8.895,-7.553,-32.262,-35.709,-32.139,-35.706,-5.061,-5.072,-5.06,-5.064
,0.0,0.35,0.0,3.4423,4.8855,4.9547,6.0069,3.5144,3.8019,1,1.0123,1.0123,LOST,0.35,FORMATION_WAIT_REJOIN|FORMATION_WAIT_REJOIN|FORMATION_RECOVERY|FORMATION_FOLLOW,1,1,36.3,-3.961,-4.009,-8.845,-7.523,-32.263,-35.705,-32.142,-35.707,-5.061,-5.072,-5.06,-5.063
,0.0,0.35,0.0,3.4385,4.8655,4.9548,5.987,3.5142,3.7929,1,0.9973,0.9973,LOST,0.35,FORMATION_WAIT_REJOIN|FORMATION_WAIT_REJOIN|FORMATION_RECOVERY|FORMATION_FOLLOW,1,1,36.4,-3.931,-3.979,-8.795,-7.493,-32.264,-35.702,-32.145,-35.708,-5.061,-5.072,-5.06,-5.063
,0.0,0.35,0.0,3.4354,4.8456,4.9556,5.9671,3.5139,3.7843,1,0.9821,0.9821,LOST,0.35,FORMATION_WAIT_REJOIN|FORMATION_WAIT_REJOIN|FORMATION_RECOVERY|FORMATION_FOLLOW,1,1,36.5,-3.901,-3.949,-8.745,-7.463,-32.264,-35.699,-32.148,-35.709,-5.062,-5.072,-5.06,-5.063
,0.0,0.35,0.0,3.4329,4.8256,4.9563,5.9477,3.5132,3.7764,1,0.967,0.967,LOST,0.35,FORMATION_WAIT_REJOIN|FORMATION_WAIT_REJOIN|FORMATION_RECOVERY|FORMATION_FOLLOW,1,1,36.6,-3.871,-3.92,-8.695,-7.433,-32.264,-35.696,-32.151,-35.71,-5.062,-5.072,-5.06,-5.063
,0.0,0.35,0.0,3.4309,4.8056,4.957,5.9289,3.5124,3.7694,1,0.9518,0.9518,LOST,0.35,FORMATION_WAIT_REJOIN|FORMATION_WAIT_REJOIN|FORMATION_RECOVERY|FORMATION_FOLLOW,1,1,36.7,-3.841,-3.891,-8.645,-7.403,-32.264,-35.695,-32.153,-35.711,-5.062,-5.072,-5.06,-5.063
,0.0,0.35,0.0,3.4288,4.7861,4.9581,5.9101,3.5114,3.7626,1,0.9368,0.9368,LOST,0.35,FORMATION_WAIT_REJOIN|FORMATION_WAIT_REJOIN|FORMATION_RECOVERY|FORMATION_FOLLOW,1,1,36.8,-3.811,-3.862,-8.596,-7.373,-32.264,-35.693,-32.155,-35.713,-5.062,-5.072,-5.061,-5.064
,0.0,0.35,0.0,3.4268,4.7668,4.9592,5.8912,3.5102,3.7559,1,0.922,0.922,LOST,0.35,FORMATION_WAIT_REJOIN|FORMATION_WAIT_REJOIN|FORMATION_RECOVERY|FORMATION_FOLLOW,1,1,36.9,-3.781,-3.833,-8.546,-7.343,-32.264,-35.691,-32.157,-35.715,-5.062,-5.073,-5.061,-5.064
,0.0,0.35,0.0,3.4247,4.7475,4.9602,5.8722,3.5089,3.749,1,0.9071,0.9071,LOST,0.35,FORMATION_WAIT_REJOIN|FORMATION_WAIT_REJOIN|FORMATION_RECOVERY|FORMATION_FOLLOW,1,1,37.0,-3.75,-3.804,-8.497,-7.313,-32.265,-35.689,-32.159,-35.716,-5.062,-5.073,-5.062,-5.064
,0.0,0.35,0.0,3.4226,4.7282,4.9608,5.8528,3.507,3.742,1,0.8922,0.8922,LOST,0.35,FORMATION_WAIT_REJOIN|FORMATION_WAIT_REJOIN|FORMATION_RECOVERY|FORMATION_FOLLOW,1,1,37.1,-3.72,-3.775,-8.447,-7.282,-32.265,-35.687,-32.162,-35.718,-5.062,-5.073,-5.062,-5.064
,0.0,0.35,0.0,3.4205,4.709,4.9611,5.8336,3.5046,3.7354,1,0.8773,0.8773,LOST,0.35,FORMATION_WAIT_REJOIN|FORMATION_WAIT_REJOIN|FORMATION_RECOVERY|FORMATION_FOLLOW,1,1,37.2,-3.69,-3.747,-8.398,-7.252,-32.265,-35.685,-32.164,-35.719,-5.062,-5.073,-5.063,-5.065
,0.0,0.35,0.0,3.4189,4.6897,4.9613,5.8149,3.5017,3.7298,1,0.8625,0.8625,LOST,0.35,FORMATION_WAIT_REJOIN|FORMATION_WAIT_REJOIN|FORMATION_RECOVERY|FORMATION_FOLLOW,1,1,37.3,-3.659,-3.719,-8.348,-7.22,-32.266,-35.684,-32.165,-35.72,-5.062,-5.073,-5.062,-5.065
,0.0,0.35,0.0,3.4174,4.6706,4.9612,5.7964,3.4983,3.7246,1,0.8477,0.8477,LOST,0.35,FORMATION_WAIT_REJOIN|FORMATION_WAIT_REJOIN|FORMATION_RECOVERY|FORMATION_FOLLOW,1,1,37.4,-3.629,-3.691,-8.299,-7.189,-32.267,-35.683,-32.166,-35.722,-5.061,-5.073,-5.062,-5.065
,0.0,0.35,0.0,3.4156,4.6517,4.961,5.7778,3.4949,3.7191,1,0.8328,0.8328,LOST,0.35,FORMATION_WAIT_REJOIN|FORMATION_WAIT_REJOIN|FORMATION_RECOVERY|FORMATION_FOLLOW,1,1,37.5,-3.598,-3.664,-8.249,-7.158,-32.268,-35.683,-32.168,-35.723,-5.061,-5.073,-5.062,-5.065
,0.0,0.35,0.0,3.4144,4.6325,4.9607,5.7594,3.4914,3.7139,1,0.8178,0.8178,LOST,0.35,FORMATION_WAIT_REJOIN|FORMATION_WAIT_REJOIN|FORMATION_RECOVERY|FORMATION_FOLLOW,1,1,37.6,-3.568,-3.636,-8.199,-7.127,-32.269,-35.682,-32.169,-35.724,-5.062,-5.073,-5.061,-5.064
,0.0,0.35,0.0,3.4134,4.6135,4.9607,5.7411,3.4879,3.7085,1,0.8029,0.8029,LOST,0.35,FORMATION_WAIT_REJOIN|FORMATION_WAIT_REJOIN|FORMATION_RECOVERY|FORMATION_FOLLOW,1,1,37.7,-3.537,-3.609,-8.15,-7.096,-32.27,-35.682,-32.17,-35.725,-5.062,-5.072,-5.061,-5.063
,0.0,0.35,0.0,3.4125,4.595,4.9608,5.7229,3.4847,3.7028,1,0.7881,0.7881,LOST,0.35,FORMATION_WAIT_REJOIN|FORMATION_WAIT_REJOIN|FORMATION_RECOVERY|FORMATION_FOLLOW,1,1,37.8,-3.506,-3.581,-8.1,-7.065,-32.27,-35.682,-32.171,-35.726,-5.062,-5.072,-5.061,-5.063
,0.0,0.35,0.0,3.4116,4.5763,4.9607,5.7049,3.4817,3.6972,1,0.7733,0.7733,LOST,0.35,FORMATION_WAIT_REJOIN|FORMATION_WAIT_REJOIN|FORMATION_RECOVERY|FORMATION_FOLLOW,1,1,37.9,-3.476,-3.553,-8.051,-7.035,-32.271,-35.681,-32.172,-35.726,-5.061,-5.072,-5.061,-5.062
,0.0,0.35,0.0,3.4106,4.5575,4.961,5.687,3.4786,3.6924,1,0.7585,0.7585,LOST,0.35,FORMATION_WAIT_REJOIN|FORMATION_WAIT_REJOIN|FORMATION_RECOVERY|FORMATION_FOLLOW,1,1,38.0,-3.445,-3.526,-8.002,-7.004,-32.271,-35.68,-32.172,-35.727,-5.061,-5.071,-5.061,-5.063
,0.0,0.35,0.0,3.41,4.5382,4.9615,5.6693,3.4757,3.6881,1,0.7433,0.7433,LOST,0.35,FORMATION_WAIT_REJOIN|FORMATION_WAIT_REJOIN|FORMATION_RECOVERY|FORMATION_FOLLOW,1,1,38.1,-3.415,-3.499,-7.952,-6.974,-32.271,-35.68,-32.172,-35.728,-5.061,-5.071,-5.061,-5.063
,0.0,0.35,0.0,3.4093,4.5182,4.9621,5.6515,3.4732,3.6843,1,0.7277,0.7277,LOST,0.35,FORMATION_WAIT_REJOIN|FORMATION_WAIT_REJOIN|FORMATION_RECOVERY|FORMATION_FOLLOW,1,1,38.2,-3.385,-3.471,-7.902,-6.944,-32.271,-35.679,-32.171,-35.728,-5.06,-5.071,-5.06,-5.062
,0.0,0.35,0.0,3.4087,4.4981,4.9627,5.6339,3.4708,3.6807,1,0.712,0.712,LOST,0.35,FORMATION_WAIT_REJOIN|FORMATION_WAIT_REJOIN|FORMATION_RECOVERY|FORMATION_FOLLOW,1,1,38.3,-3.355,-3.444,-7.852,-6.914,-32.271,-35.678,-32.17,-35.729,-5.059,-5.07,-5.06,-5.062
,0.0,0.35,0.0,3.4082,4.478,4.9635,5.6169,3.4693,3.6771,1,0.6963,0.6963,LOST,0.35,FORMATION_WAIT_REJOIN|FORMATION_WAIT_REJOIN|FORMATION_RECOVERY|FORMATION_FOLLOW,1,1,38.4,-3.325,-3.416,-7.802,-6.885,-32.271,-35.678,-32.169,-35.73,-5.059,-5.07,-5.06,-5.062
,0.0,0.35,0.0,3.408,4.4576,4.9643,5.6002,3.4686,3.6731,1,0.6806,0.6806,LOST,0.35,FORMATION_WAIT_REJOIN|FORMATION_WAIT_REJOIN|FORMATION_RECOVERY|FORMATION_FOLLOW,1,1,38.5,-3.295,-3.387,-7.752,-6.856,-32.271,-35.678,-32.168,-35.73,-5.058,-5.07,-5.06,-5.062
,0.0,0.35,0.0,3.4082,4.4373,4.9655,5.5833,3.4683,3.6684,1,0.6648,0.6648,LOST,0.35,FORMATION_WAIT_REJOIN|FORMATION_FOLLOW|FORMATION_RECOVERY|FORMATION_FOLLOW,1,1,38.6,-3.265,-3.359,-7.701,-6.826,-32.271,-35.678,-32.169,-35.731,-5.058,-5.07,-5.06,-5.063
,0.0,0.35,0.0,3.4091,4.4169,4.967,5.5667,3.4685,3.6633,1,0.6491,0.6491,LOST,0.35,FORMATION_WAIT_REJOIN|FORMATION_FOLLOW|FORMATION_RECOVERY|FORMATION_FOLLOW,1,1,38.7,-3.235,-3.33,-7.651,-6.798,-32.271,-35.679,-32.17,-35.732,-5.058,-5.069,-5.06,-5.063
,0.0,0.35,0.0,3.4097,4.3963,4.9683,5.55,3.4688,3.6583,1,0.6334,0.6334,LOST,0.35,FORMATION_WAIT_REJOIN|FORMATION_FOLLOW|FORMATION_RECOVERY|FORMATION_FOLLOW,1,1,38.8,-3.206,-3.301,-7.601,-6.769,-32.271,-35.679,-32.171,-35.733,-5.058,-5.069,-5.06,-5.063
,0.0,0.35,0.0,3.4098,4.3756,4.9691,5.5334,3.4693,3.6532,1,0.6178,0.6178,LOST,0.35,FORMATION_WAIT_REJOIN|FORMATION_FOLLOW|FORMATION_RECOVERY|FORMATION_FOLLOW,1,1,38.9,-3.177,-3.271,-7.551,-6.74,-32.271,-35.68,-32.173,-35.735,-5.058,-5.068,-5.059,-5.063
,0.0,0.35,0.0,3.4101,4.3545,4.9698,5.5167,3.4701,3.6477,1,0.6021,0.6021,LOST,0.35,FORMATION_WAIT_REJOIN|FORMATION_FOLLOW|FORMATION_RECOVERY|FORMATION_FOLLOW,1,1,39.0,-3.148,-3.242,-7.501,-6.711,-32.272,-35.68,-32.175,-35.736,-5.058,-5.067,-5.059,-5.063
,0.0,0.35,0.0,3.4109,4.3336,4.9705,5.5003,3.4706,3.6422,1,0.5865,0.5865,LOST,0.35,FORMATION_WAIT_REJOIN|FORMATION_FOLLOW|FORMATION_RECOVERY|FORMATION_FOLLOW,1,1,39.1,-3.119,-3.213,-7.452,-6.683,-32.272,-35.681,-32.177,-35.737,-5.058,-5.067,-5.059,-5.063
,0.0,0.35,0.0,3.4124,4.3127,4.9715,5.484,3.4712,3.6366,1,0.5709,0.5709,LOST,0.35,FORMATION_WAIT_REJOIN|FORMATION_FOLLOW|FORMATION_RECOVERY|FORMATION_FOLLOW,1,1,39.2,-3.09,-3.184,-7.402,-6.654,-32.272,-35.683,-32.179,-35.738,-5.059,-5.067,-5.059,-5.063
,0.0,0.35,0.0,3.414,4.292,4.9724,5.4678,3.4717,3.6311,1,0.5553,0.5553,LOST,0.35,FORMATION_WAIT_REJOIN|FORMATION_FOLLOW|FORMATION_RECOVERY|FORMATION_FOLLOW,1,1,39.3,-3.062,-3.155,-7.353,-6.626,-32.272,-35.685,-32.181,-35.739,-5.059,-5.067,-5.06,-5.064
,0.0,0.35,0.0,3.4152,4.2713,4.9728,5.4516,3.4719,3.6256,1,0.5397,0.5397,LOST,0.35,FORMATION_WAIT_REJOIN|FORMATION_FOLLOW|FORMATION_RECOVERY|FORMATION_FOLLOW,1,1,39.4,-3.033,-3.126,-7.303,-6.597,-32.272,-35.686,-32.184,-35.74,-5.06,-5.067,-5.06,-5.063
,0.0,0.35,0.0,3.4163,4.2501,4.9729,5.4352,3.4718,3.6204,1,0.5239,0.5239,LOST,0.35,FORMATION_WAIT_REJOIN|FORMATION_FOLLOW|FORMATION_RECOVERY|FORMATION_FOLLOW,1,1,39.5,-3.004,-3.097,-7.254,-6.569,-32.273,-35.688,-32.186,-35.741,-5.06,-5.067,-5.06,-5.063
,0.0,0.35,0.0,3.4168,4.2285,4.9721,5.4187,3.4714,3.6153,1,0.508,0.508,LOST,0.35,FORMATION_WAIT_REJOIN|FORMATION_FOLLOW|FORMATION_RECOVERY|FORMATION_FOLLOW,1,1,39.6,-2.976,-3.068,-7.204,-6.539,-32.274,-35.69,-32.188,-35.742,-5.061,-5.067,-5.061,-5.063
,0.0,0.35,0.0,3.4174,4.2067,4.9708,5.4026,3.4709,3.6103,1,0.4923,0.4923,RECOVERING,0.35,FORMATION_WAIT_REJOIN|FORMATION_FOLLOW|FORMATION_RECOVERY|FORMATION_FOLLOW,1,1,39.7,-2.948,-3.039,-7.154,-6.51,-32.275,-35.692,-32.19,-35.743,-5.061,-5.066,-5.06,-5.063
,0.0,0.35,0.0,3.4181,4.1848,4.9691,5.3864,3.4699,3.6052,1,0.4767,0.4767,RECOVERING,0.35,FORMATION_WAIT_REJOIN|FORMATION_FOLLOW|FORMATION_RECOVERY|FORMATION_FOLLOW,1,1,39.8,-2.92,-3.01,-7.104,-6.479,-32.277,-35.693,-32.193,-35.743,-5.062,-5.066,-5.06,-5.062
,0.0,0.35,0.0,3.4186,4.1632,4.9673,5.3701,3.4685,3.6002,1,0.4611,0.4611,RECOVERING,0.35,FORMATION_WAIT_REJOIN|FORMATION_FOLLOW|FORMATION_RECOVERY|FORMATION_FOLLOW,1,1,39.9,-2.891,-2.981,-7.054,-6.449,-32.278,-35.695,-32.195,-35.744,-5.062,-5.066,-5.06,-5.062
,0.0,0.35,0.0,3.4192,4.1416,4.9655,5.354,3.4672,3.5956,1,0.4456,0.4456,RECOVERING,0.35,FORMATION_WAIT_REJOIN|FORMATION_FOLLOW|FORMATION_RECOVERY|FORMATION_FOLLOW,1,1,40.0,-2.863,-2.952,-7.004,-6.419,-32.278,-35.696,-32.197,-35.744,-5.062,-5.065,-5.06,-5.062
,0.0,0.35,0.0,3.4201,4.1197,4.964,5.3382,3.4662,3.5911,1,0.4301,0.4301,RECOVERING,0.35,FORMATION_WAIT_REJOIN|FORMATION_FOLLOW|FORMATION_RECOVERY|FORMATION_FOLLOW,1,1,40.1,-2.834,-2.922,-6.953,-6.388,-32.279,-35.698,-32.199,-35.745,-5.062,-5.065,-5.06,-5.062
,0.0,0.35,0.0,3.4213,4.0978,4.9629,5.3222,3.4654,3.5869,1,0.4144,0.4144,RECOVERING,0.35,FORMATION_WAIT_REJOIN|FORMATION_FOLLOW|FORMATION_RECOVERY|FORMATION_FOLLOW,1,1,40.2,-2.806,-2.893,-6.903,-6.358,-32.279,-35.699,-32.2,-35.746,-5.062,-5.064,-5.06,-5.061
,0.0,0.35,0.0,3.4227,4.0757,4.9618,5.3064,3.4646,3.5827,1,0.3988,0.3988,RECOVERING,0.35,FORMATION_WAIT_REJOIN|FORMATION_FOLLOW|FORMATION_RECOVERY|FORMATION_FOLLOW,1,1,40.3,-2.778,-2.863,-6.853,-6.327,-32.279,-35.701,-32.203,-35.747,-5.062,-5.064,-5.059,-5.061
,0.0,0.35,0.0,3.424,4.0534,4.9604,5.2908,3.4639,3.5786,1,0.3832,0.3832,RECOVERING,0.35,FORMATION_WAIT_REJOIN|FORMATION_FOLLOW|FORMATION_RECOVERY|FORMATION_FOLLOW,1,1,40.4,-2.75,-2.833,-6.803,-6.297,-32.279,-35.703,-32.205,-35.747,-5.063,-5.063,-5.059,-5.061
,0.0,0.35,0.0,3.4252,4.0308,4.9591,5.275,3.4633,3.5749,1,0.3674,0.3674,RECOVERING,0.35,FORMATION_WAIT_REJOIN|FORMATION_FOLLOW|FORMATION_RECOVERY|FORMATION_FOLLOW,1,1,40.5,-2.723,-2.804,-6.753,-6.267,-32.28,-35.704,-32.207,-35.748,-5.062,-5.063,-5.059,-5.06
,0.0,0.35,0.0,3.4266,4.0084,4.9577,5.2595,3.4623,3.5715,1,0.3517,0.3517,RECOVERING,0.35,FORMATION_WAIT_REJOIN|FORMATION_FOLLOW|FORMATION_RECOVERY|FORMATION_FOLLOW,1,1,40.6,-2.696,-2.775,-6.703,-6.237,-32.28,-35.706,-32.208,-35.749,-5.062,-5.062,-5.059,-5.06
,0.0,0.35,0.0,3.428,3.9858,4.9559,5.2446,3.4614,3.5686,1,0.3361,0.3361,RECOVERING,0.35,FORMATION_WAIT_REJOIN|FORMATION_FOLLOW|FORMATION_RECOVERY|FORMATION_FOLLOW,1,1,40.7,-2.668,-2.746,-6.654,-6.207,-32.28,-35.707,-32.209,-35.75,-5.062,-5.062,-5.059,-5.059
,0.0,0.35,0.0,3.4296,3.963,4.9541,5.2306,3.4614,3.5661,1,0.3204,0.3204,RECOVERING,0.35,FORMATION_WAIT_REJOIN|FORMATION_FOLLOW|FORMATION_RECOVERY|FORMATION_FOLLOW,1,1,40.8,-2.641,-2.716,-6.604,-6.177,-32.28,-35.709,-32.21,-35.75,-5.062,-5.062,-5.059,-5.059
,0.0,0.35,0.0,3.431,3.9403,4.9522,5.2166,3.4615,3.5635,1,0.3049,0.3049,RECOVERING,0.35,FORMATION_FOLLOW|FORMATION_FOLLOW|FORMATION_RECOVERY|FORMATION_FOLLOW,1,1,40.9,-2.614,-2.686,-6.554,-6.147,-32.281,-35.711,-32.211,-35.751,-5.063,-5.061,-5.059,-5.059
,0.0,0.35,0.0,3.4324,3.9173,4.9502,5.2023,3.4611,3.5612,1,0.2891,0.2891,RECOVERING,0.35,FORMATION_FOLLOW|FORMATION_FOLLOW|FORMATION_RECOVERY|FORMATION_FOLLOW,1,1,41.0,-2.587,-2.656,-6.504,-6.117,-32.281,-35.713,-32.212,-35.752,-5.063,-5.061,-5.059,-5.059
,0.0,0.35,0.0,3.4338,3.894,4.9482,5.1878,3.4605,3.5591,1,0.2731,0.2731,RECOVERING,0.35,FORMATION_FOLLOW|FORMATION_FOLLOW|FORMATION_RECOVERY|FORMATION_FOLLOW,1,1,41.1,-2.56,-2.627,-6.454,-6.087,-32.282,-35.715,-32.212,-35.752,-5.063,-5.061,-5.058,-5.059
,0.0,0.35,0.0,3.4351,3.8707,4.9463,5.1733,3.46,3.5574,1,0.2573,0.2573,RECOVERING,0.35,FORMATION_FOLLOW|FORMATION_FOLLOW|FORMATION_RECOVERY|FORMATION_FOLLOW,1,1,41.2,-2.534,-2.597,-6.404,-6.057,-32.282,-35.717,-32.213,-35.754,-5.064,-5.061,-5.058,-5.059
,0.0,0.35,0.0,3.4362,3.8473,4.9443,5.1589,3.4595,3.5558,1,0.2413,0.2413,RECOVERING,0.35,FORMATION_FOLLOW|FORMATION_FOLLOW|FORMATION_RECOVERY|FORMATION_FOLLOW,1,1,41.3,-2.507,-2.568,-6.353,-6.027,-32.283,-35.719,-32.214,-35.755,-5.064,-5.061,-5.057,-5.058
,0.0,0.35,0.0,3.4376,3.8244,4.9425,5.1447,3.459,3.5541,1,0.2256,0.2256,RECOVERING,0.35,FORMATION_FOLLOW|FORMATION_FOLLOW|FORMATION_RECOVERY|FORMATION_FOLLOW,1,1,41.4,-2.479,-2.538,-6.303,-5.997,-32.284,-35.721,-32.215,-35.756,-5.064,-5.061,-5.057,-5.058
,0.0,0.35,0.0,3.4396,3.8021,4.9414,5.1307,3.4587,3.5524,1,0.21,0.21,RECOVERING,0.35,FORMATION_FOLLOW|FORMATION_FOLLOW|FORMATION_RECOVERY|FORMATION_FOLLOW,1,1,41.5,-2.452,-2.509,-6.253,-5.967,-32.284,-35.723,-32.216,-35.757,-5.064,-5.061,-5.057,-5.058
,0.0,0.35,0.0,3.4414,3.7799,4.9401,5.1165,3.4578,3.5509,1,0.1947,0.1947,RECOVERING,0.35,FORMATION_FOLLOW|FORMATION_FOLLOW|FORMATION_RECOVERY|FORMATION_FOLLOW,1,1,41.6,-2.424,-2.479,-6.203,-5.937,-32.284,-35.725,-32.217,-35.758,-5.064,-5.061,-5.057,-5.059
,0.0,0.35,0.0,3.443,3.758,4.9389,5.1023,3.4566,3.5498,1,0.1797,0.1797,RECOVERING,0.35,FORMATION_FOLLOW|FORMATION_FOLLOW|FORMATION_RECOVERY|FORMATION_FOLLOW,1,1,41.7,-2.397,-2.45,-6.154,-5.906,-32.284,-35.727,-32.218,-35.759,-5.064,-5.061,-5.057,-5.059
,0.0,0.35,0.0,3.4448,3.7361,4.9384,5.0881,3.4557,3.5492,1,0.1646,0.1646,OK,0.35,FORMATION_FOLLOW|FORMATION_FOLLOW|FORMATION_RECOVERY|FORMATION_FOLLOW,1,1,41.8,-2.369,-2.421,-6.105,-5.876,-32.284,-35.728,-32.219,-35.76,-5.064,-5.061,-5.057,-5.059
,0.0,0.35,0.0,3.4463,3.7146,4.9379,5.0743,3.4554,3.5486,1,0.1498,0.1498,OK,0.35,FORMATION_FOLLOW|FORMATION_FOLLOW|FORMATION_RECOVERY|FORMATION_FOLLOW,1,1,41.9,-2.341,-2.391,-6.055,-5.846,-32.283,-35.729,-32.219,-35.762,-5.063,-5.061,-5.058,-5.058
,0.0,0.35,0.0,3.4476,3.6935,4.9376,5.061,3.4557,3.5482,1,0.1352,0.1352,OK,0.35,FORMATION_FOLLOW|FORMATION_FOLLOW|FORMATION_RECOVERY|FORMATION_FOLLOW,1,1,42.0,-2.313,-2.361,-6.006,-5.816,-32.283,-35.73,-32.219,-35.763,-5.063,-5.062,-5.058,-5.058
,0.0,0.35,0.0,3.4487,3.6728,4.9373,5.048,3.456,3.548,1,0.1211,0.1211,OK,0.35,FORMATION_FOLLOW|FORMATION_FOLLOW|FORMATION_RECOVERY|FORMATION_FOLLOW,1,1,42.1,-2.285,-2.331,-5.957,-5.786,-32.283,-35.731,-32.22,-35.764,-5.062,-5.062,-5.059,-5.057
,0.0,0.35,0.0,3.4495,3.6522,4.9366,5.0351,3.4563,3.5476,1,0.107,0.107,OK,0.35,FORMATION_FOLLOW|FORMATION_FOLLOW|FORMATION_RECOVERY|FORMATION_FOLLOW,1,1,42.2,-2.256,-2.3,-5.908,-5.756,-32.283,-35.732,-32.22,-35.764,-5.062,-5.062,-5.059,-5.057
,0.0,0.35,0.0,3.4504,3.6314,4.936,5.0223,3.4574,3.5469,1,0.0928,0.0928,OK,0.35,FORMATION_FOLLOW|FORMATION_FOLLOW|FORMATION_RECOVERY|FORMATION_FOLLOW,1,1,42.3,-2.227,-2.27,-5.858,-5.727,-32.283,-35.733,-32.219,-35.764,-5.062,-5.062,-5.059,-5.057
,0.0,0.35,0.0,3.4512,3.6111,4.9357,5.0095,3.4585,3.5463,1,0.0789,0.0789,OK,0.35,FORMATION_FOLLOW|FORMATION_FOLLOW|FORMATION_RECOVERY|FORMATION_FOLLOW,1,1,42.4,-2.198,-2.239,-5.808,-5.697,-32.283,-35.734,-32.219,-35.764,-5.062,-5.062,-5.06,-5.056
,0.0,0.35,0.0,3.4521,3.5914,4.9357,4.9965,3.4591,3.5459,1,0.0658,0.0658,OK,0.35,FORMATION_FOLLOW|FORMATION_FOLLOW|FORMATION_RECOVERY|FORMATION_FOLLOW,1,1,42.5,-2.168,-2.209,-5.759,-5.668,-32.284,-35.736,-32.219,-35.764,-5.062,-5.062,-5.06,-5.056
,0.0,0.35,0.0,3.453,3.5719,4.9364,4.9833,3.4595,3.5459,1,0.0535,0.0535,OK,0.35,FORMATION_FOLLOW|FORMATION_FOLLOW|FORMATION_RECOVERY|FORMATION_FOLLOW,1,1,42.6,-2.138,-2.179,-5.709,-5.639,-32.284,-35.737,-32.219,-35.764,-5.062,-5.062,-5.06,-5.055
,0.0,0.35,0.0,3.4538,3.5527,4.9376,4.9703,3.46,3.5466,1,0.0431,0.0431,OK,0.35,FORMATION_FOLLOW|FORMATION_FOLLOW|FORMATION_RECOVERY|FORMATION_FOLLOW,1,1,42.7,-2.107,-2.149,-5.659,-5.609,-32.285,-35.738,-32.219,-35.765,-5.062,-5.063,-5.06,-5.055
,0.0,0.35,0.0,3.4546,3.5337,4.9387,4.9578,3.4607,3.5479,1,0.0382,0.0382,OK,0.35,FORMATION_FOLLOW|FORMATION_FOLLOW|FORMATION_RECOVERY|FORMATION_FOLLOW,1,1,42.8,-2.077,-2.12,-5.61,-5.58,-32.285,-35.739,-32.219,-35.766,-5.062,-5.063,-5.06,-5.055
,0.0,0.35,0.0,3.4554,3.5153,4.94,4.9455,3.4614,3.549,1,0.0358,0.0358,OK,0.35,FORMATION_FOLLOW|FORMATION_FOLLOW|FORMATION_RECOVERY|FORMATION_FOLLOW,1,1,42.9,-2.047,-2.09,-5.562,-5.551,-32.285,-35.74,-32.218,-35.767,-5.062,-5.063,-5.06,-5.055
,0.0,0.35,0.0,3.4561,3.4973,4.9413,4.9335,3.4624,3.5501,1,0.0379,0.0379,OK,0.35,FORMATION_FOLLOW|FORMATION_FOLLOW|FORMATION_RECOVERY|FORMATION_FOLLOW,1,1,43.0,-2.016,-2.059,-5.513,-5.522,-32.285,-35.741,-32.218,-35.768,-5.062,-5.064,-5.06,-5.055
,0.0,0.35,0.0,3.4567,3.4795,4.9427,4.9218,3.4636,3.5514,1,0.0455,0.0455,OK,0.35,FORMATION_FOLLOW|FORMATION_FOLLOW|FORMATION_RECOVERY|FORMATION_FOLLOW,1,1,43.1,-1.986,-2.029,-5.465,-5.493,-32.284,-35.741,-32.217,-35.768,-5.062,-5.064,-5.061,-5.055
,0.0,0.35,0.0,3.4572,3.4627,4.9444,4.9109,3.4651,3.5529,1,0.0551,0.0551,OK,0.35,FORMATION_FOLLOW|FORMATION_FOLLOW|FORMATION_RECOVERY|FORMATION_FOLLOW,1,1,43.2,-1.956,-1.999,-5.418,-5.464,-32.284,-35.741,-32.216,-35.768,-5.062,-5.064,-5.061,-5.055
,0.0,0.35,0.0,3.458,3.4464,4.9458,4.9007,3.4667,3.5546,1,0.0656,0.0656,OK,0.35,FORMATION_FOLLOW|FORMATION_FOLLOW|FORMATION_RECOVERY|FORMATION_FOLLOW,1,1,43.3,-1.926,-1.969,-5.371,-5.435,-32.284,-35.741,-32.215,-35.769,-5.062,-5.064,-5.061,-5.056
,0.0,0.35,0.0,3.4587,3.4306,4.9465,4.8912,3.4679,3.5559,1,0.0762,0.0762,OK,0.35,FORMATION_FOLLOW|FORMATION_FOLLOW|FORMATION_RECOVERY|FORMATION_FOLLOW,1,1,43.4,-1.896,-1.938,-5.326,-5.406,-32.283,-35.742,-32.213,-35.768,-5.062,-5.064,-5.062,-5.056
,0.0,0.35,0.0,3.4591,3.4157,4.9465,4.8825,3.4689,3.5572,1,0.0865,0.0865,OK,0.35,FORMATION_FOLLOW|FORMATION_FOLLOW|FORMATION_RECOVERY|FORMATION_FOLLOW,1,1,43.5,-1.866,-1.908,-5.281,-5.377,-32.283,-35.742,-32.212,-35.768,-5.062,-5.064,-5.062,-5.057
,0.0,0.35,0.0,3.4597,3.4018,4.9469,4.8745,3.4701,3.5587,1,0.0965,0.0965,OK,0.35,FORMATION_FOLLOW|FORMATION_FOLLOW|FORMATION_RECOVERY|FORMATION_FOLLOW,1,1,43.6,-1.836,-1.878,-5.237,-5.347,-32.283,-35.743,-32.21,-35.767,-5.061,-5.064,-5.062,-5.057
,0.0,0.35,0.0,3.4605,3.3889,4.9475,4.8675,3.4715,3.5603,1,0.1059,0.1059,OK,0.35,FORMATION_FOLLOW|FORMATION_FOLLOW|FORMATION_RECOVERY|FORMATION_FOLLOW,1,1,43.7,-1.806,-1.847,-5.194,-5.318,-32.283,-35.743,-32.209,-35.767,-5.061,-5.064,-5.062,-5.057
,0.0,0.35,0.0,3.4613,3.3768,4.9476,4.8614,3.4731,3.5616,1,0.1146,0.1146,OK,0.35,FORMATION_FOLLOW|FORMATION_FOLLOW|FORMATION_RECOVERY|FORMATION_FOLLOW,1,1,43.8,-1.776,-1.816,-5.152,-5.289,-32.282,-35.743,-32.207,-35.766,-5.061,-5.064,-5.062,-5.057
,0.0,0.35,0.0,3.4627,3.3651,4.9475,4.8556,3.474,3.5628,1,0.1229,0.1229,OK,0.35,FORMATION_FOLLOW|FORMATION_FOLLOW|FORMATION_RECOVERY|FORMATION_FOLLOW,1,1,43.9,-1.746,-1.785,-5.11,-5.259,-32.282,-35.744,-32.205,-35.765,-5.061,-5.064,-5.061,-5.057
,0.0,0.35,0.0,3.4642,3.3538,4.9474,4.8504,3.4752,3.564,1,0.1309,0.1309,OK,0.35,FORMATION_FOLLOW|FORMATION_FOLLOW|FORMATION_RECOVERY|FORMATION_FOLLOW,1,1,44.0,-1.716,-1.755,-5.069,-5.23,-32.281,-35.745,-32.204,-35.764,-5.062,-5.064,-5.061,-5.056
,0.0,0.35,0.0,3.4657,3.3434,4.9474,4.8462,3.4768,3.5654,1,0.1384,0.1384,OK,0.35,FORMATION_FOLLOW|FORMATION_FOLLOW|FORMATION_RECOVERY|FORMATION_FOLLOW,1,1,44.1,-1.687,-1.724,-5.029,-5.2,-32.28,-35.746,-32.202,-35.764,-5.062,-5.063,-5.061,-5.056
,0.0,0.35,0.0,3.4671,3.3332,4.9475,4.8423,3.4786,3.5672,1,0.1458,0.1458,OK,0.35,FORMATION_FOLLOW|FORMATION_FOLLOW|FORMATION_RECOVERY|FORMATION_FOLLOW,1,1,44.2,-1.657,-1.692,-4.989,-5.171,-32.28,-35.747,-32.2,-35.763,-5.063,-5.063,-5.06,-5.055
,0.0,0.35,0.0,3.4683,3.3235,4.9477,4.8386,3.4801,3.5693,1,0.153,0.153,OK,0.35,FORMATION_FOLLOW|FORMATION_FOLLOW|FORMATION_RECOVERY|FORMATION_FOLLOW,1,1,44.3,-1.627,-1.661,-4.95,-5.141,-32.28,-35.748,-32.199,-35.763,-5.063,-5.062,-5.06,-5.055
,0.0,0.35,0.0,3.4694,3.3147,4.9476,4.8353,3.4811,3.5714,1,0.1598,0.1598,OK,0.35,FORMATION_FOLLOW|FORMATION_FOLLOW|FORMATION_RECOVERY|FORMATION_FOLLOW,1,1,44.4,-1.597,-1.63,-4.911,-5.111,-32.28,-35.749,-32.197,-35.762,-5.063,-5.062,-5.061,-5.055
,0.0,0.35,0.0,3.4704,3.3065,4.9475,4.8322,3.482,3.5732,1,0.1661,0.1661,OK,0.35,FORMATION_FOLLOW|FORMATION_FOLLOW|FORMATION_FOLLOW|FORMATION_FOLLOW,1,1,44.5,-1.567,-1.599,-4.872,-5.081,-32.28,-35.75,-32.195,-35.762,-5.063,-5.062,-5.061,-5.055
,0.0,0.35,0.0,3.471,3.2985,4.947,4.8288,3.4827,3.5746,1,0.1722,0.1722,OK,0.35,FORMATION_FOLLOW|FORMATION_FOLLOW|FORMATION_FOLLOW|FORMATION_FOLLOW,1,1,44.6,-1.536,-1.568,-4.833,-5.051,-32.28,-35.751,-32.193,-35.761,-5.063,-5.062,-5.061,-5.056
,0.0,0.35,0.0,3.4716,3.2911,4.9461,4.8257,3.4831,3.5753,1,0.1776,0.1776,OK,0.35,FORMATION_FOLLOW|FORMATION_FOLLOW|FORMATION_FOLLOW|FORMATION_FOLLOW,1,1,44.7,-1.506,-1.537,-4.795,-5.02,-32.281,-35.752,-32.192,-35.76,-5.063,-5.063,-5.062,-5.056
,0.0,0.35,0.0,3.4722,3.2841,4.9446,4.8228,3.483,3.5757,1,0.1826,0.1826,OK,0.35,FORMATION_FOLLOW|FORMATION_FOLLOW|FORMATION_FOLLOW|FORMATION_FOLLOW,1,1,44.8,-1.475,-1.506,-4.758,-4.989,-32.281,-35.753,-32.191,-35.759,-5.063,-5.063,-5.062,-5.056
,0.0,0.35,0.0,3.4727,3.2781,4.9438,4.8207,3.4834,3.5766,1,0.187,0.187,OK,0.35,FORMATION_FOLLOW|FORMATION_FOLLOW|FORMATION_FOLLOW|FORMATION_FOLLOW,1,1,44.9,-1.445,-1.475,-4.722,-4.959,-32.281,-35.753,-32.19,-35.758,-5.063,-5.063,-5.063,-5.056
,0.0,0.35,0.0,3.4732,3.273,4.9431,4.8196,3.4847,3.5775,1,0.1908,0.1908,OK,0.35,FORMATION_FOLLOW|FORMATION_FOLLOW|FORMATION_FOLLOW|FORMATION_FOLLOW,1,1,45.0,-1.414,-1.444,-4.686,-4.928,-32.281,-35.754,-32.188,-35.757,-5.063,-5.063,-5.063,-5.056
,0.0,0.35,0.0,3.4734,3.2683,4.9422,4.8179,3.4856,3.5776,1,0.1943,0.1943,OK,0.35,FORMATION_FOLLOW|FORMATION_FOLLOW|FORMATION_FOLLOW|FORMATION_FOLLOW,1,1,45.1,-1.384,-1.413,-4.651,-4.898,-32.281,-35.754,-32.187,-35.756,-5.063,-5.063,-5.063,-5.056
,0.0,0.35,0.0,3.4735,3.2735,4.9416,4.8257,3.4863,3.5816,1,0.192,0.192,OK,0.35,FORMATION_FOLLOW|FORMATION_FOLLOW|SEPARATION_WARNING|FORMATION_FOLLOW,1,1,45.2,-1.354,-1.382,-4.626,-4.868,-32.282,-35.755,-32.182,-35.755,-5.063,-5.063,-5.063,-5.056
,0.0,0.35,0.0,3.4738,3.2893,4.9413,4.8426,3.487,3.5879,1,0.1834,0.1834,OK,0.35,FORMATION_FOLLOW|FORMATION_FOLLOW|SEPARATION_WARNING|FORMATION_FOLLOW,1,1,45.3,-1.323,-1.352,-4.61,-4.839,-32.282,-35.756,-32.173,-35.754,-5.062,-5.063,-5.062,-5.056
,0.0,0.35,0.0,3.4742,3.3121,4.9411,4.8645,3.4872,3.5947,1,0.171,0.171,OK,0.35,FORMATION_FOLLOW|FORMATION_FOLLOW|SEPARATION_WARNING|FORMATION_FOLLOW,1,1,45.4,-1.292,-1.322,-4.602,-4.809,-32.282,-35.756,-32.165,-35.753,-5.062,-5.062,-5.06,-5.055
,0.0,0.35,0.0,3.4747,3.3403,4.9408,4.8905,3.487,3.602,1,0.1562,0.1562,OK,0.35,FORMATION_FOLLOW|FORMATION_FOLLOW|SEPARATION_WARNING|FORMATION_FOLLOW,1,1,45.5,-1.262,-1.292,-4.6,-4.779,-32.282,-35.756,-32.155,-35.752,-5.062,-5.061,-5.058,-5.055
,0.0,0.35,0.0,3.4754,3.3734,4.9408,4.9198,3.4865,3.6102,1,0.1409,0.1409,OK,0.35,FORMATION_FOLLOW|FORMATION_FOLLOW|SEPARATION_WARNING|FORMATION_FOLLOW,1,1,45.6,-1.231,-1.262,-4.602,-4.748,-32.281,-35.757,-32.144,-35.751,-5.062,-5.061,-5.056,-5.054
,0.0,0.35,0.0,3.476,3.4098,4.9414,4.9516,3.4864,3.619,1,0.1274,0.1274,OK,0.35,FORMATION_FOLLOW|FORMATION_FOLLOW|SEPARATION_WARNING|FORMATION_FOLLOW,1,1,45.7,-1.2,-1.232,-4.607,-4.718,-32.281,-35.757,-32.134,-35.751,-5.061,-5.06,-5.054,-5.054
,0.0,0.35,0.0,3.4764,3.4489,4.9423,4.9852,3.4867,3.6283,1,0.1183,0.1183,OK,0.35,FORMATION_FOLLOW|FORMATION_FOLLOW|SEPARATION_WARNING|FORMATION_FOLLOW,1,1,45.8,-1.169,-1.202,-4.614,-4.689,-32.281,-35.757,-32.123,-35.75,-5.061,-5.059,-5.052,-5.053
,0.0,0.35,0.0,3.4764,3.4895,4.9428,5.0203,3.4874,3.6384,1,0.1161,0.1161,OK,0.35,FORMATION_FOLLOW|FORMATION_FOLLOW|SEPARATION_WARNING|FORMATION_FOLLOW,1,1,45.9,-1.138,-1.172,-4.623,-4.659,-32.28,-35.757,-32.111,-35.749,-5.06,-5.059,-5.049,-5.053
,0.0,0.35,0.0,3.4766,3.5312,4.9436,5.0569,3.4884,3.6493,1,0.1221,0.1221,OK,0.35,FORMATION_FOLLOW|FORMATION_FOLLOW|SEPARATION_WARNING|FORMATION_FOLLOW,1,1,46.0,-1.107,-1.141,-4.634,-4.63,-32.28,-35.756,-32.099,-35.748,-5.06,-5.058,-5.047,-5.053
,0.0,0.35,0.0,3.4767,3.5742,4.9447,5.0944,3.4896,3.661,1,0.1359,0.1359,OK,0.35,FORMATION_FOLLOW|FORMATION_FOLLOW|SEPARATION_WARNING|FORMATION_FOLLOW,1,1,46.1,-1.076,-1.111,-4.645,-4.6,-32.279,-35.756,-32.087,-35.748,-5.059,-5.058,-5.044,-5.054
,0.0,0.35,0.0,3.4761,3.6105,4.9457,5.1252,3.4906,3.671,1,0.1516,0.1516,OK,0.35,FORMATION_FOLLOW|FORMATION_FOLLOW|FORMATION_FOLLOW|FORMATION_FOLLOW,1,1,46.2,-1.046,-1.08,-4.651,-4.571,-32.279,-35.755,-32.078,-35.748,-5.058,-5.057,-5.042,-5.054
,0.0,0.35,0.0,3.4752,3.637,4.946,5.1472,3.4913,3.6774,1,0.1644,0.1644,OK,0.35,FORMATION_FOLLOW|FORMATION_FOLLOW|FORMATION_FOLLOW|FORMATION_FOLLOW,1,1,46.3,-1.016,-1.05,-4.647,-4.542,-32.279,-35.754,-32.071,-35.747,-5.058,-5.057,-5.04,-5.054
,0.0,0.35,0.0,3.474,3.6555,4.9459,5.1621,3.4919,3.6813,1,0.1739,0.1739,OK,0.35,FORMATION_FOLLOW|FORMATION_FOLLOW|FORMATION_FOLLOW|FORMATION_FOLLOW,1,1,46.4,-0.986,-1.02,-4.636,-4.512,-32.278,-35.752,-32.068,-35.747,-5.058,-5.057,-5.039,-5.054
,0.0,0.35,0.0,3.4724,3.6685,4.9457,5.1718,3.4924,3.6834,1,0.1804,0.1804,OK,0.35,FORMATION_FOLLOW|FORMATION_FOLLOW|FORMATION_FOLLOW|FORMATION_FOLLOW,1,1,46.5,-0.956,-0.99,-4.619,-4.483,-32.279,-35.751,-32.065,-35.746,-5.058,-5.056,-5.038,-5.054
,0.0,0.35,0.0,3.4708,3.6775,4.9453,5.1775,3.493,3.6832,1,0.1843,0.1843,OK,0.35,FORMATION_FOLLOW|FORMATION_FOLLOW|FORMATION_FOLLOW|FORMATION_FOLLOW,1,1,46.6,-0.926,-0.96,-4.597,-4.453,-32.279,-35.75,-32.065,-35.745,-5.058,-5.056,-5.038,-5.054
,0.0,0.35,0.0,3.4691,3.6826,4.9446,5.1796,3.4934,3.6816,1,0.1858,0.1858,OK,0.35,FORMATION_FOLLOW|FORMATION_FOLLOW|FORMATION_FOLLOW|FORMATION_FOLLOW,1,1,46.7,-0.896,-0.93,-4.572,-4.424,-32.28,-35.749,-32.065,-35.744,-5.058,-5.056,-5.038,-5.054
,0.0,0.35,0.0,3.4671,3.6847,4.9438,5.1787,3.494,3.6785,1,0.1852,0.1852,OK,0.35,FORMATION_FOLLOW|FORMATION_FOLLOW|FORMATION_FOLLOW|FORMATION_FOLLOW,1,1,46.8,-0.865,-0.9,-4.544,-4.394,-32.28,-35.747,-32.067,-35.742,-5.058,-5.056,-5.038,-5.054
,0.0,0.35,0.0,3.465,3.6846,4.9428,5.176,3.4948,3.6747,1,0.1833,0.1833,OK,0.35,FORMATION_FOLLOW|FORMATION_FOLLOW|FORMATION_FOLLOW|FORMATION_FOLLOW,1,1,46.9,-0.835,-0.87,-4.513,-4.365,-32.281,-35.746,-32.07,-35.741,-5.057,-5.056,-5.039,-5.054
,0.0,0.35,0.0,3.4631,3.683,4.9422,5.172,3.4957,3.6705,1,0.1804,0.1804,OK,0.35,FORMATION_FOLLOW|FORMATION_FOLLOW|FORMATION_FOLLOW|FORMATION_FOLLOW,1,1,47.0,-0.804,-0.839,-4.481,-4.335,-32.282,-35.745,-32.073,-35.74,-5.057,-5.055,-5.039,-5.054
,0.0,0.35,0.0,3.4614,3.6797,4.9419,5.1665,3.4967,3.666,1,0.1764,0.1764,OK,0.35,FORMATION_FOLLOW|FORMATION_FOLLOW|FORMATION_FOLLOW|FORMATION_FOLLOW,1,1,47.1,-0.774,-0.809,-4.448,-4.306,-32.283,-35.744,-32.077,-35.74,-5.057,-5.055,-5.039,-5.054
,0.0,0.35,0.0,3.4599,3.6748,4.9411,5.1601,3.4974,3.6612,1,0.1717,0.1717,OK,0.35,FORMATION_FOLLOW|FORMATION_FOLLOW|FORMATION_FOLLOW|FORMATION_FOLLOW,1,1,47.2,-0.744,-0.779,-4.413,-4.276,-32.284,-35.744,-32.081,-35.739,-5.057,-5.055,-5.04,-5.054
,0.0,0.35,0.0,3.4585,3.6693,4.9406,5.1531,3.4979,3.6564,1,0.1667,0.1667,OK,0.35,FORMATION_FOLLOW|FORMATION_FOLLOW|FORMATION_FOLLOW|FORMATION_FOLLOW,1,1,47.3,-0.714,-0.749,-4.378,-4.247,-32.285,-35.743,-32.084,-35.738,-5.057,-5.055,-5.041,-5.054
,0.0,0.35,0.0,3.4576,3.6632,4.9402,5.1456,3.4982,3.6517,1,0.1613,0.1613,OK,0.35,FORMATION_FOLLOW|FORMATION_FOLLOW|FORMATION_FOLLOW|FORMATION_FOLLOW,1,1,47.4,-0.684,-0.719,-4.342,-4.217,-32.285,-35.743,-32.088,-35.738,-5.057,-5.055,-5.042,-5.055
,0.0,0.35,0.0,3.4569,3.6565,4.9407,5.1378,3.4985,3.6479,1,0.1559,0.1559,OK,0.35,FORMATION_FOLLOW|FORMATION_FOLLOW|FORMATION_FOLLOW|FORMATION_FOLLOW,1,1,47.5,-0.654,-0.69,-4.306,-4.188,-32.285,-35.742,-32.092,-35.738,-5.057,-5.056,-5.043,-5.055
,0.0,0.35,0.0,3.4561,3.6492,4.9418,5.1291,3.4988,3.6445,1,0.1501,0.1501,OK,0.35,FORMATION_FOLLOW|FORMATION_FOLLOW|FORMATION_FOLLOW|FORMATION_FOLLOW,1,1,47.6,-0.624,-0.66,-4.268,-4.159,-32.285,-35.741,-32.096,-35.739,-5.057,-5.056,-5.044,-5.055
,0.0,0.35,0.0,3.4551,3.6413,4.9428,5.1197,3.4988,3.641,1,0.1441,0.1441,OK,0.35,FORMATION_FOLLOW|FORMATION_FOLLOW|FORMATION_FOLLOW|FORMATION_FOLLOW,1,1,47.7,-0.594,-0.631,-4.23,-4.13,-32.286,-35.741,-32.099,-35.739,-5.058,-5.056,-5.045,-5.055
,0.0,0.35,0.0,3.4543,3.6332,4.9433,5.1102,3.4984,3.6373,1,0.1381,0.1381,OK,0.35,FORMATION_FOLLOW|FORMATION_FOLLOW|FORMATION_FOLLOW|FORMATION_FOLLOW,1,1,47.8,-0.563,-0.602,-4.192,-4.101,-32.286,-35.74,-32.103,-35.739,-5.058,-5.056,-5.045,-5.055
,0.0,0.35,0.0,3.4537,3.6244,4.9439,5.1009,3.4984,3.6338,1,0.1323,0.1323,OK,0.35,FORMATION_FOLLOW|FORMATION_FOLLOW|FORMATION_FOLLOW|FORMATION_FOLLOW,1,1,47.9,-0.533,-0.573,-4.152,-4.071,-32.287,-35.74,-32.106,-35.739,-5.059,-5.057,-5.046,-5.055
,0.0,0.35,0.0,3.4536,3.6152,4.9443,5.092,3.4983,3.6309,1,0.1268,0.1268,OK,0.35,FORMATION_FOLLOW|FORMATION_FOLLOW|FORMATION_FOLLOW|FORMATION_FOLLOW,1,1,48.0,-0.502,-0.543,-4.113,-4.042,-32.287,-35.74,-32.109,-35.739,-5.059,-5.057,-5.047,-5.056
,0.0,0.35,0.0,3.4535,3.6058,4.9446,5.083,3.498,3.6281,1,0.1215,0.1215,OK,0.35,FORMATION_FOLLOW|FORMATION_FOLLOW|FORMATION_FOLLOW|FORMATION_FOLLOW,1,1,48.1,-0.472,-0.514,-4.074,-4.012,-32.287,-35.74,-32.112,-35.739,-5.06,-5.057,-5.048,-5.057
,0.0,0.35,0.0,3.4537,3.5965,4.9453,5.0741,3.4978,3.6255,1,0.1165,0.1165,OK,0.35,FORMATION_FOLLOW|FORMATION_FOLLOW|FORMATION_FOLLOW|FORMATION_FOLLOW,1,1,48.2,-0.442,-0.484,-4.034,-3.982,-32.287,-35.74,-32.115,-35.74,-5.06,-5.057,-5.049,-5.057
,0.0,0.35,0.0,3.4541,3.5869,4.9458,5.0653,3.4973,3.6231,1,0.1119,0.1119,OK,0.35,FORMATION_FOLLOW|FORMATION_FOLLOW|FORMATION_FOLLOW|FORMATION_FOLLOW,1,1,48.3,-0.412,-0.455,-3.995,-3.952,-32.286,-35.74,-32.117,-35.74,-5.06,-5.057,-5.05,-5.058
,0.0,0.35,0.0,3.4549,3.5777,4.946,5.0571,3.4964,3.6208,1,0.1078,0.1078,OK,0.35,FORMATION_FOLLOW|FORMATION_FOLLOW|FORMATION_FOLLOW|FORMATION_FOLLOW,1,1,48.4,-0.382,-0.426,-3.956,-3.922,-32.286,-35.741,-32.12,-35.74,-5.059,-5.057,-5.05,-5.059
,0.0,0.35,0.0,3.456,3.5685,4.9463,5.0489,3.4956,3.6181,1,0.104,0.104,OK,0.35,FORMATION_FOLLOW|FORMATION_FOLLOW|FORMATION_FOLLOW|FORMATION_FOLLOW,1,1,48.5,-0.352,-0.397,-3.917,-3.892,-32.286,-35.742,-32.122,-35.74,-5.059,-5.057,-5.051,-5.06
,0.0,0.35,0.0,3.4571,3.5592,4.9463,5.0406,3.4945,3.6155,1,0.1006,0.1006,OK,0.35,FORMATION_FOLLOW|FORMATION_FOLLOW|FORMATION_FOLLOW|FORMATION_FOLLOW,1,1,48.6,-0.322,-0.367,-3.878,-3.862,-32.286,-35.742,-32.125,-35.74,-5.059,-5.057,-5.052,-5.061
,0.0,0.35,0.0,3.4585,3.5503,4.9465,5.0323,3.4925,3.6133,1,0.0975,0.0975,OK,0.35,FORMATION_FOLLOW|FORMATION_FOLLOW|FORMATION_FOLLOW|FORMATION_FOLLOW,1,1,48.7,-0.292,-0.338,-3.839,-3.831,-32.285,-35.743,-32.128,-35.741,-5.059,-5.057,-5.053,-5.062
,0.0,0.35,0.0,3.4604,3.5419,4.9472,5.0246,3.4905,3.6116,1,0.0953,0.0953,OK,0.35,FORMATION_FOLLOW|FORMATION_FOLLOW|FORMATION_FOLLOW|FORMATION_FOLLOW,1,1,48.8,-0.262,-0.31,-3.801,-3.8,-32.284,-35.744,-32.13,-35.742,-5.058,-5.057,-5.053,-5.063
,0.0,0.35,0.0,3.4625,3.5335,4.9478,5.0171,3.4883,3.6102,1,0.0936,0.0936,OK,0.35,FORMATION_FOLLOW|FORMATION_FOLLOW|FORMATION_FOLLOW|FORMATION_FOLLOW,1,1,48.9,-0.232,-0.281,-3.762,-3.769,-32.283,-35.745,-32.132,-35.742,-5.058,-5.057,-5.053,-5.063
,0.0,0.35,0.0,3.465,3.5252,4.9487,5.0099,3.4865,3.6086,1,0.0923,0.0923,OK,0.35,FORMATION_FOLLOW|FORMATION_FOLLOW|FORMATION_FOLLOW|FORMATION_FOLLOW,1,1,49.0,-0.202,-0.252,-3.724,-3.739,-32.282,-35.746,-32.134,-35.743,-5.058,-5.058,-5.053,-5.063
,0.0,0.35,0.0,3.4677,3.5164,4.9491,5.0029,3.4846,3.607,1,0.0915,0.0915,OK,0.35,FORMATION_FOLLOW|FORMATION_FOLLOW|FORMATION_FOLLOW|FORMATION_FOLLOW,1,1,49.1,-0.172,-0.223,-3.685,-3.707,-32.28,-35.748,-32.136,-35.743,-5.058,-5.058,-5.053,-5.063
,0.0,0.35,0.0,3.4703,3.5072,4.9491,4.9956,3.4827,3.6049,1,0.0909,0.0909,OK,0.35,FORMATION_FOLLOW|FORMATION_FOLLOW|FORMATION_FOLLOW|FORMATION_FOLLOW,1,1,49.2,-0.142,-0.193,-3.646,-3.676,-32.279,-35.749,-32.138,-35.743,-5.059,-5.058,-5.053,-5.063
,0.0,0.35,0.0,3.4725,3.4973,4.9492,4.9878,3.4813,3.6029,1,0.091,0.091,OK,0.35,FORMATION_FOLLOW|FORMATION_FOLLOW|FORMATION_FOLLOW|FORMATION_FOLLOW,1,1,49.3,-0.112,-0.164,-3.606,-3.645,-32.277,-35.749,-32.14,-35.743,-5.059,-5.059,-5.053,-5.063
,0.0,0.35,0.0,3.4746,3.4874,4.9497,4.98,3.4803,3.6013,1,0.0918,0.0918,OK,0.35,FORMATION_FOLLOW|FORMATION_FOLLOW|FORMATION_FOLLOW|FORMATION_FOLLOW,1,1,49.4,-0.082,-0.134,-3.567,-3.614,-32.276,-35.75,-32.142,-35.743,-5.06,-5.059,-5.053,-5.064
,0.0,0.35,0.0,3.4763,3.478,4.9502,4.9725,3.4798,3.5994,1,0.093,0.093,OK,0.35,FORMATION_FOLLOW|FORMATION_FOLLOW|FORMATION_FOLLOW|FORMATION_FOLLOW,1,1,49.5,-0.052,-0.104,-3.527,-3.584,-32.275,-35.751,-32.144,-35.743,-5.06,-5.06,-5.052,-5.064
,0.0,0.35,0.0,3.477,3.4685,4.9506,4.9647,3.4796,3.5977,1,0.0949,0.0949,OK,0.35,FORMATION_FOLLOW|FORMATION_FOLLOW|FORMATION_FOLLOW|FORMATION_FOLLOW,1,1,49.6,-0.022,-0.074,-3.488,-3.554,-32.274,-35.75,-32.146,-35.743,-5.06,-5.06,-5.052,-5.064
,0.0,0.35,0.0,3.4775,3.459,4.9512,4.9566,3.4794,3.5963,1,0.0974,0.0974,OK,0.35,FORMATION_FOLLOW|FORMATION_FOLLOW|FORMATION_FOLLOW|FORMATION_FOLLOW,1,1,49.7,0.008,-0.044,-3.448,-3.524,-32.273,-35.75,-32.148,-35.743,-5.061,-5.06,-5.051,-5.065
,0.0,0.35,0.0,3.4783,3.4492,4.9518,4.9482,3.4787,3.5949,1,0.1006,0.1006,OK,0.35,FORMATION_FOLLOW|FORMATION_FOLLOW|FORMATION_FOLLOW|FORMATION_FOLLOW,1,1,49.8,0.038,-0.015,-3.409,-3.494,-32.273,-35.75,-32.149,-35.743,-5.061,-5.06,-5.051,-5.065
,0.0,0.35,0.0,3.4792,3.4395,4.9522,4.9399,3.4775,3.5936,1,0.1043,0.1043,OK,0.35,FORMATION_FOLLOW|FORMATION_FOLLOW|FORMATION_FOLLOW|FORMATION_FOLLOW,1,1,49.9,0.068,0.014,-3.37,-3.464,-32.272,-35.751,-32.151,-35.743,-5.062,-5.06,-5.05,-5.065
,0.0,0.35,0.0,3.4798,3.43,4.9524,4.932,3.4765,3.5925,1,0.1084,0.1084,OK,0.35,FORMATION_FOLLOW|FORMATION_FOLLOW|FORMATION_FOLLOW|FORMATION_FOLLOW,1,1,49.999,0.098,0.043,-3.33,-3.434,-32.272,-35.751,-32.153,-35.744,-5.062,-5.06,-5.05,-5.065
,0.0,0.35,0.0,3.4805,3.421,4.9527,4.9241,3.4752,3.5912,1,0.1125,0.1125,OK,0.35,FORMATION_FOLLOW|FORMATION_FOLLOW|FORMATION_FOLLOW|FORMATION_FOLLOW,1,1,50.099,0.128,0.072,-3.291,-3.404,-32.271,-35.751,-32.154,-35.744,-5.063,-5.06,-5.049,-5.065
,0.0,0.35,0.0,3.4808,3.4125,4.9523,4.9161,3.4733,3.5896,1,0.1164,0.1164,OK,0.35,FORMATION_FOLLOW|FORMATION_FOLLOW|FORMATION_FOLLOW|FORMATION_FOLLOW,1,1,50.199,0.158,0.1,-3.253,-3.373,-32.271,-35.751,-32.156,-35.744,-5.063,-5.06,-5.049,-5.065
,0.0,0.35,0.0,3.4807,3.4043,4.9516,4.9082,3.4709,3.588,1,0.1202,0.1202,OK,0.35,FORMATION_FOLLOW|FORMATION_FOLLOW|FORMATION_FOLLOW|FORMATION_FOLLOW,1,1,50.299,0.187,0.129,-3.215,-3.342,-32.271,-35.751,-32.158,-35.744,-5.063,-5.06,-5.05,-5.065
,0.0,0.35,0.0,3.4806,3.3962,4.9507,4.9006,3.4688,3.5861,1,0.1241,0.1241,OK,0.35,FORMATION_FOLLOW|FORMATION_FOLLOW|FORMATION_FOLLOW|FORMATION_FOLLOW,1,1,50.399,0.217,0.158,-3.177,-3.311,-32.271,-35.751,-32.16,-35.744,-5.063,-5.06,-5.05,-5.065
,0.0,0.35,0.0,3.4809,3.3881,4.9497,4.8932,3.4667,3.5842,1,0.1283,0.1283,OK,0.35,FORMATION_FOLLOW|FORMATION_FOLLOW|FORMATION_FOLLOW|FORMATION_FOLLOW,1,1,50.499,0.248,0.187,-3.139,-3.28,-32.271,-35.751,-32.162,-35.743,-5.063,-5.06,-5.05,-5.064
,0.0,0.35,0.0,3.4814,3.3808,4.9486,4.8865,3.4643,3.5823,1,0.1324,0.1324,OK,0.35,FORMATION_FOLLOW|FORMATION_FOLLOW|FORMATION_FOLLOW|FORMATION_FOLLOW,1,1,50.599,0.278,0.216,-3.101,-3.249,-32.271,-35.752,-32.163,-35.742,-5.063,-5.06,-5.051,-5.064
,0.0,0.35,0.0,3.482,3.3739,4.9477,4.8802,3.4623,3.5803,1,0.1362,0.1362,OK,0.35,FORMATION_FOLLOW|FORMATION_FOLLOW|FORMATION_FOLLOW|FORMATION_FOLLOW,1,1,50.699,0.308,0.245,-3.064,-3.217,-32.27,-35.752,-32.164,-35.741,-5.063,-5.06,-5.052,-5.063
,0.0,0.35,0.0,3.4825,3.3676,4.947,4.8742,3.4607,3.5783,1,0.1399,0.1399,OK,0.35,FORMATION_FOLLOW|FORMATION_FOLLOW|FORMATION_FOLLOW|FORMATION_FOLLOW,1,1,50.799,0.339,0.274,-3.027,-3.187,-32.27,-35.752,-32.166,-35.741,-5.064,-5.06,-5.053,-5.063
,0.0,0.35,0.0,3.4827,3.3618,4.9465,4.8687,3.4592,3.5767,1,0.1435,0.1435,OK,0.35,FORMATION_FOLLOW|FORMATION_FOLLOW|FORMATION_FOLLOW|FORMATION_FOLLOW,1,1,50.899,0.37,0.303,-2.991,-3.156,-32.27,-35.752,-32.167,-35.74,-5.064,-5.059,-5.053,-5.063
,0.0,0.35,0.0,3.4832,3.3563,4.9461,4.864,3.4581,3.5757,1,0.1472,0.1472,OK,0.35,FORMATION_FOLLOW|FORMATION_FOLLOW|FORMATION_FOLLOW|FORMATION_FOLLOW,1,1,50.999,0.4,0.333,-2.955,-3.125,-32.27,-35.752,-32.168,-35.739,-5.065,-5.06,-5.054,-5.063
,0.0,0.35,0.0,3.4838,3.3508,4.9454,4.8603,3.4572,3.5752,1,0.1511,0.1511,OK,0.35,FORMATION_FOLLOW|FORMATION_FOLLOW|FORMATION_FOLLOW|FORMATION_FOLLOW,1,1,51.099,0.431,0.362,-2.919,-3.095,-32.27,-35.753,-32.167,-35.738,-5.065,-5.06,-5.054,-5.063
,0.0,0.35,0.0,3.485,3.3452,4.9446,4.8572,3.4565,3.5747,1,0.1552,0.1552,OK,0.35,FORMATION_FOLLOW|FORMATION_FOLLOW|FORMATION_FOLLOW|FORMATION_FOLLOW,1,1,51.199,0.461,0.392,-2.883,-3.064,-32.27,-35.754,-32.167,-35.737,-5.065,-5.06,-5.055,-5.062
,0.0,0.35,0.0,3.4861,3.3395,4.9437,4.8541,3.4562,3.574,1,0.1592,0.1592,OK,0.35,FORMATION_FOLLOW|FORMATION_FOLLOW|FORMATION_FOLLOW|FORMATION_FOLLOW,1,1,51.299,0.491,0.422,-2.847,-3.034,-32.27,-35.756,-32.167,-35.736,-5.065,-5.06,-5.055,-5.062
,0.0,0.35,0.0,3.4869,3.3341,4.9435,4.8511,3.4564,3.5738,1,0.1631,0.1631,OK,0.35,FORMATION_FOLLOW|FORMATION_FOLLOW|FORMATION_FOLLOW|FORMATION_FOLLOW,1,1,51.399,0.522,0.452,-2.811,-3.004,-32.27,-35.757,-32.167,-35.736,-5.065,-5.061,-5.055,-5.063
,0.0,0.35,0.0,3.4878,3.3295,4.9437,4.8489,3.4573,3.574,1,0.1666,0.1666,OK,0.35,FORMATION_FOLLOW|FORMATION_FOLLOW|FORMATION_FOLLOW|FORMATION_FOLLOW,1,1,51.499,0.552,0.483,-2.775,-2.974,-32.27,-35.757,-32.167,-35.735,-5.065,-5.061,-5.055,-5.063
,0.0,0.35,0.0,3.4887,3.3254,4.944,4.8473,3.4584,3.5741,1,0.1698,0.1698,OK,0.35,FORMATION_FOLLOW|FORMATION_FOLLOW|FORMATION_FOLLOW|FORMATION_FOLLOW,1,1,51.599,0.583,0.514,-2.74,-2.944,-32.27,-35.758,-32.166,-35.735,-5.065,-5.061,-5.055,-5.063
,0.0,0.35,0.0,3.4892,3.3215,4.9437,4.8457,3.4597,3.5736,1,0.1728,0.1728,OK,0.35,FORMATION_FOLLOW|FORMATION_FOLLOW|FORMATION_FOLLOW|FORMATION_FOLLOW,1,1,51.699,0.614,0.545,-2.706,-2.914,-32.271,-35.759,-32.166,-35.734,-5.064,-5.061,-5.055,-5.063
,0.0,0.35,0.0,3.4891,3.3177,4.9431,4.8443,3.4612,3.5731,1,0.1756,0.1756,OK,0.35,FORMATION_FOLLOW|FORMATION_FOLLOW|FORMATION_FOLLOW|FORMATION_FOLLOW,1,1,51.799,0.645,0.576,-2.671,-2.885,-32.272,-35.76,-32.166,-35.733,-5.063,-5.061,-5.056,-5.063
,0.0,0.35,0.0,3.4885,3.3145,4.943,4.8428,3.463,3.573,1,0.1782,0.1782,OK,0.35,FORMATION_FOLLOW|FORMATION_FOLLOW|FORMATION_FOLLOW|FORMATION_FOLLOW,1,1,51.899,0.675,0.607,-2.638,-2.856,-32.272,-35.76,-32.166,-35.732,-5.063,-5.061,-5.056,-5.063
,0.0,0.35,0.0,3.4879,3.3116,4.9431,4.8416,3.4648,3.5734,1,0.1806,0.1806,OK,0.35,FORMATION_FOLLOW|FORMATION_FOLLOW|FORMATION_FOLLOW|FORMATION_FOLLOW,1,1,51.999,0.706,0.638,-2.604,-2.827,-32.273,-35.761,-32.165,-35.732,-5.063,-5.061,-5.057,-5.063
,0.0,0.35,0.0,3.4876,3.3091,4.9432,4.841,3.4665,3.5737,1,0.1827,0.1827,OK,0.35,FORMATION_FOLLOW|FORMATION_FOLLOW|FORMATION_FOLLOW|FORMATION_FOLLOW,1,1,52.099,0.736,0.669,-2.572,-2.797,-32.274,-35.761,-32.165,-35.731,-5.062,-5.06,-5.057,-5.062
,0.0,0.35,0.0,3.4877,3.3069,4.9433,4.8405,3.4678,3.5741,1,0.1843,0.1843,OK,0.35,FORMATION_FOLLOW|FORMATION_FOLLOW|FORMATION_FOLLOW|FORMATION_FOLLOW,1,1,52.199,0.766,0.7,-2.54,-2.768,-32.274,-35.761,-32.164,-35.731,-5.061,-5.06,-5.057,-5.062
,0.0,0.35,0.0,3.4879,3.3051,4.9438,4.8401,3.4689,3.5747,1,0.1859,0.1859,OK,0.35,FORMATION_FOLLOW|FORMATION_FOLLOW|FORMATION_FOLLOW|FORMATION_FOLLOW,1,1,52.299,0.796,0.73,-2.508,-2.739,-32.275,-35.762,-32.164,-35.731,-5.061,-5.06,-5.058,-5.062
,0.0,0.35,0.0,3.4879,3.3038,4.9443,4.8395,3.4695,3.5755,1,0.1874,0.1874,OK,0.35,FORMATION_FOLLOW|FORMATION_FOLLOW|FORMATION_FOLLOW|FORMATION_FOLLOW,1,1,52.399,0.826,0.76,-2.476,-2.71,-32.276,-35.763,-32.164,-35.732,-5.06,-5.06,-5.057,-5.062
,0.0,0.35,0.0,3.4879,3.3026,4.9449,4.8389,3.4699,3.5761,1,0.1888,0.1888,OK,0.35,FORMATION_FOLLOW|FORMATION_FOLLOW|FORMATION_FOLLOW|FORMATION_FOLLOW,1,1,52.499,0.856,0.79,-2.444,-2.68,-32.276,-35.763,-32.164,-35.732,-5.06,-5.06,-5.057,-5.062
,0.0,0.35,0.0,3.4882,3.3012,4.9454,4.8382,3.4704,3.5765,1,0.1902,0.1902,OK,0.35,FORMATION_FOLLOW|FORMATION_FOLLOW|FORMATION_FOLLOW|FORMATION_FOLLOW,1,1,52.599,0.886,0.819,-2.413,-2.651,-32.276,-35.764,-32.164,-35.732,-5.06,-5.06,-5.057,-5.061
,0.0,0.35,0.0,3.4885,3.3,4.9462,4.8373,3.4709,3.5767,1,0.1913,0.1913,OK,0.35,FORMATION_FOLLOW|FORMATION_FOLLOW|FORMATION_FOLLOW|FORMATION_FOLLOW,1,1,52.699,0.917,0.849,-2.381,-2.622,-32.276,-35.764,-32.164,-35.733,-5.059,-5.06,-5.057,-5.061
,0.0,0.35,0.0,3.4888,3.2989,4.947,4.8362,3.4716,3.5766,1,0.1922,0.1922,OK,0.35,FORMATION_FOLLOW|FORMATION_FOLLOW|FORMATION_FOLLOW|FORMATION_FOLLOW,1,1,52.799,0.947,0.879,-2.35,-2.592,-32.276,-35.764,-32.164,-35.733,-5.059,-5.06,-5.057,-5.061
,0.0,0.35,0.0,3.4891,3.2977,4.9478,4.8354,3.4726,3.5766,1,0.1929,0.1929,OK,0.35,FORMATION_FOLLOW|FORMATION_FOLLOW|FORMATION_FOLLOW|FORMATION_FOLLOW,1,1,52.899,0.977,0.91,-2.319,-2.563,-32.276,-35.765,-32.165,-35.733,-5.059,-5.059,-5.057,-5.06
,0.0,0.35,0.0,3.4894,3.2964,4.9489,4.8345,3.4738,3.5768,1,0.1935,0.1935,OK,0.35,FORMATION_FOLLOW|FORMATION_FOLLOW|FORMATION_FOLLOW|FORMATION_FOLLOW,1,1,52.999,1.007,0.94,-2.288,-2.533,-32.276,-35.765,-32.166,-35.734,-5.058,-5.059,-5.057,-5.059
,0.0,0.35,0.0,3.4893,3.2958,4.9499,4.8341,3.4753,3.5768,1,0.1936,0.1936,OK,0.35,FORMATION_FOLLOW|FORMATION_FOLLOW|FORMATION_FOLLOW|FORMATION_FOLLOW,1,1,53.099,1.037,0.971,-2.257,-2.504,-32.276,-35.764,-32.167,-35.735,-5.058,-5.059,-5.057,-5.059
,0.0,0.35,0.0,3.4892,3.2954,4.9503,4.8339,3.4765,3.5765,1,0.1935,0.1935,OK,0.35,FORMATION_FOLLOW|FORMATION_FOLLOW|FORMATION_FOLLOW|FORMATION_FOLLOW,1,1,53.199,1.067,1.002,-2.227,-2.474,-32.276,-35.764,-32.167,-35.735,-5.058,-5.058,-5.057,-5.058
,0.0,0.35,0.0,3.4893,3.2953,4.9505,4.8341,3.4776,3.5761,1,0.1931,0.1931,OK,0.35,FORMATION_FOLLOW|FORMATION_FOLLOW|FORMATION_FOLLOW|FORMATION_FOLLOW,1,1,53.299,1.097,1.034,-2.197,-2.444,-32.276,-35.764,-32.168,-35.736,-5.058,-5.058,-5.057,-5.058
,0.0,0.35,0.0,3.4891,3.295,4.9508,4.8345,3.4791,3.576,1,0.1927,0.1927,OK,0.35,FORMATION_FOLLOW|FORMATION_FOLLOW|FORMATION_FOLLOW|FORMATION_FOLLOW,1,1,53.399,1.126,1.065,-2.167,-2.414,-32.276,-35.764,-32.169,-35.736,-5.057,-5.057,-5.057,-5.058
,0.0,0.35,0.0,3.4886,3.2943,4.9512,4.8345,3.4809,3.576,1,0.1926,0.1926,OK,0.35,FORMATION_FOLLOW|FORMATION_FOLLOW|FORMATION_FOLLOW|FORMATION_FOLLOW,1,1,53.499,1.156,1.097,-2.136,-2.384,-32.275,-35.763,-32.169,-35.736,-5.056,-5.057,-5.057,-5.057
,0.0,0.35,0.0,3.488,3.2941,4.9513,4.8347,3.4823,3.576,1,0.1925,0.1925,OK,0.35,FORMATION_FOLLOW|FORMATION_FOLLOW|FORMATION_FOLLOW|FORMATION_FOLLOW,1,1,53.599,1.186,1.128,-2.106,-2.354,-32.275,-35.763,-32.169,-35.736,-5.056,-5.057,-5.057,-5.057
,0.0,0.35,0.0,3.4874,3.2938,4.9511,4.8348,3.4832,3.5761,1,0.1926,0.1926,OK,0.35,FORMATION_FOLLOW|FORMATION_FOLLOW|FORMATION_FOLLOW|FORMATION_FOLLOW,1,1,53.699,1.216,1.159,-2.076,-2.324,-32.275,-35.762,-32.169,-35.736,-5.055,-5.057,-5.057,-5.057
,0.0,0.35,0.0,3.487,3.293,4.9506,4.8346,3.4836,3.5759,1,0.1928,0.1928,OK,0.35,FORMATION_FOLLOW|FORMATION_FOLLOW|FORMATION_FOLLOW|FORMATION_FOLLOW,1,1,53.799,1.246,1.189,-2.045,-2.294,-32.276,-35.762,-32.169,-35.736,-5.054,-5.057,-5.056,-5.057
,0.0,0.35,0.0,3.4868,3.2924,4.9503,4.8348,3.4843,3.5758,1,0.1928,0.1928,OK,0.35,FORMATION_FOLLOW|FORMATION_FOLLOW|FORMATION_FOLLOW|FORMATION_FOLLOW,1,1,53.899,1.276,1.22,-2.015,-2.264,-32.275,-35.762,-32.169,-35.736,-5.053,-5.056,-5.056,-5.058
,0.0,0.35,0.0,3.4866,3.2915,4.95,4.8348,3.4851,3.5758,1,0.1928,0.1928,OK,0.35,FORMATION_FOLLOW|FORMATION_FOLLOW|FORMATION_FOLLOW|FORMATION_FOLLOW,1,1,53.999,1.305,1.251,-1.985,-2.234,-32.275,-35.761,-32.169,-35.736,-5.053,-5.056,-5.055,-5.058
,0.0,0.35,0.0,3.4859,3.2901,4.949,4.8346,3.4857,3.5757,1,0.1931,0.1931,OK,0.35,FORMATION_FOLLOW|FORMATION_FOLLOW|FORMATION_FOLLOW|FORMATION_FOLLOW,1,1,54.099,1.334,1.282,-1.954,-2.204,-32.275,-35.761,-32.169,-35.736,-5.052,-5.055,-5.055,-5.058
,0.0,0.35,0.0,3.4847,3.2886,4.9476,4.8342,3.4863,3.5752,1,0.1933,0.1933,OK,0.35,FORMATION_FOLLOW|FORMATION_FOLLOW|FORMATION_FOLLOW|FORMATION_FOLLOW,1,1,54.199,1.363,1.313,-1.923,-2.173,-32.276,-35.76,-32.169,-35.736,-5.051,-5.055,-5.056,-5.058
,0.0,0.35,0.0,3.4833,3.2875,4.9464,4.8339,3.4868,3.5751,1,0.1933,0.1933,OK,0.35,FORMATION_FOLLOW|FORMATION_FOLLOW|FORMATION_FOLLOW|FORMATION_FOLLOW,1,1,54.299,1.393,1.344,-1.893,-2.143,-32.277,-35.76,-32.17,-35.736,-5.051,-5.055,-5.056,-5.058
,0.0,0.35,0.0,3.4821,3.2866,4.9452,4.8338,3.4872,3.5752,1,0.1932,0.1932,OK,0.35,FORMATION_FOLLOW|FORMATION_FOLLOW|FORMATION_FOLLOW|FORMATION_FOLLOW,1,1,54.399,1.422,1.375,-1.863,-2.112,-32.277,-35.759,-32.17,-35.736,-5.051,-5.055,-5.057,-5.058
,0.0,0.35,0.0,3.4811,3.2856,4.9443,4.8337,3.4875,3.5755,1,0.1933,0.1933,OK,0.35,FORMATION_FOLLOW|FORMATION_FOLLOW|FORMATION_FOLLOW|FORMATION_FOLLOW,1,1,54.499,1.451,1.405,-1.833,-2.082,-32.277,-35.758,-32.169,-35.736,-5.051,-5.055,-5.057,-5.058
,0.0,0.35,0.0,3.4802,3.2846,4.943,4.8335,3.4875,3.5753,1,0.1933,0.1933,OK,0.35,FORMATION_FOLLOW|FORMATION_FOLLOW|FORMATION_FOLLOW|FORMATION_FOLLOW,1,1,54.599,1.48,1.436,-1.803,-2.052,-32.277,-35.757,-32.169,-35.736,-5.051,-5.055,-5.058,-5.058
,0.0,0.35,0.0,3.4796,3.2839,4.9418,4.8336,3.4879,3.5746,1,0.193,0.193,OK,0.35,FORMATION_FOLLOW|FORMATION_FOLLOW|FORMATION_FOLLOW|FORMATION_FOLLOW,1,1,54.699,1.509,1.466,-1.773,-2.022,-32.277,-35.757,-32.169,-35.735,-5.052,-5.055,-5.058,-5.058
,0.0,0.35,0.0,3.4793,3.284,4.9406,4.8342,3.4883,3.5736,1,0.1924,0.1924,OK,0.35,FORMATION_FOLLOW|FORMATION_FOLLOW|FORMATION_FOLLOW|FORMATION_FOLLOW,1,1,54.799,1.538,1.497,-1.744,-1.992,-32.277,-35.756,-32.169,-35.734,-5.052,-5.055,-5.058,-5.058
,0.0,0.35,0.0,3.4793,3.2846,4.9394,4.835,3.4882,3.5727,1,0.1915,0.1915,OK,0.35,FORMATION_FOLLOW|FORMATION_FOLLOW|FORMATION_FOLLOW|FORMATION_FOLLOW,1,1,54.899,1.567,1.527,-1.715,-1.961,-32.277,-35.756,-32.169,-35.733,-5.053,-5.054,-5.058,-5.058
,0.0,0.35,0.0,3.4789,3.2853,4.9384,4.8358,3.4881,3.572,1,0.1905,0.1905,OK,0.35,FORMATION_FOLLOW|FORMATION_FOLLOW|FORMATION_FOLLOW|FORMATION_FOLLOW,1,1,54.999,1.597,1.557,-1.687,-1.931,-32.277,-35.756,-32.169,-35.733,-5.053,-5.054,-5.058,-5.058
,0.0,0.35,0.0,3.4785,3.2862,4.9381,4.8362,3.4885,3.5712,1,0.1896,0.1896,OK,0.35,FORMATION_FOLLOW|FORMATION_FOLLOW|FORMATION_FOLLOW|FORMATION_FOLLOW,1,1,55.099,1.627,1.587,-1.658,-1.901,-32.277,-35.755,-32.169,-35.732,-5.054,-5.054,-5.058,-5.058
,0.0,0.35,0.0,3.4784,3.2877,4.9385,4.837,3.4892,3.5709,1,0.1885,0.1885,OK,0.35,FORMATION_FOLLOW|FORMATION_FOLLOW|FORMATION_FOLLOW|FORMATION_FOLLOW,1,1,55.199,1.657,1.618,-1.629,-1.872,-32.276,-35.754,-32.169,-35.732,-5.055,-5.054,-5.058,-5.058
,0.0,0.35,0.0,3.4783,3.2895,4.939,4.838,3.4897,3.5708,1,0.1875,0.1875,OK,0.35,FORMATION_FOLLOW|FORMATION_FOLLOW|FORMATION_FOLLOW|FORMATION_FOLLOW,1,1,55.299,1.687,1.647,-1.601,-1.842,-32.276,-35.754,-32.169,-35.731,-5.056,-5.055,-5.059,-5.058
,0.0,0.35,0.0,3.4782,3.2913,4.9392,4.8392,3.4899,3.5709,1,0.1865,0.1865,OK,0.35,FORMATION_FOLLOW|FORMATION_FOLLOW|FORMATION_FOLLOW|FORMATION_FOLLOW,1,1,55.399,1.717,1.677,-1.573,-1.813,-32.276,-35.754,-32.168,-35.731,-5.056,-5.055,-5.059,-5.058
,0.0,0.35,0.0,3.478,3.2933,4.9396,4.8402,3.4896,3.5712,1,0.1856,0.1856,OK,0.35,FORMATION_FOLLOW|FORMATION_FOLLOW|FORMATION_FOLLOW|FORMATION_FOLLOW,1,1,55.499,1.748,1.707,-1.544,-1.783,-32.276,-35.753,-32.167,-35.731,-5.057,-5.055,-5.06,-5.058
,0.0,0.35,0.0,3.4774,3.2953,4.9401,4.8408,3.4894,3.5716,1,0.1849,0.1849,OK,0.35,FORMATION_FOLLOW|FORMATION_FOLLOW|FORMATION_FOLLOW|FORMATION_FOLLOW,1,1,55.599,1.778,1.737,-1.515,-1.753,-32.276,-35.753,-32.167,-35.73,-5.057,-5.055,-5.06,-5.057
,0.0,0.35,0.0,3.4768,3.2972,4.9406,4.8413,3.4888,3.5723,1,0.1841,0.1841,OK,0.35,FORMATION_FOLLOW|FORMATION_FOLLOW|FORMATION_FOLLOW|FORMATION_FOLLOW,1,1,55.699,1.809,1.766,-1.486,-1.723,-32.276,-35.752,-32.166,-35.73,-5.057,-5.055,-5.06,-5.057
,0.0,0.35,0.0,3.4762,3.2991,4.9409,4.8415,3.4877,3.5729,1,0.1834,0.1834,OK,0.35,FORMATION_FOLLOW|FORMATION_FOLLOW|FORMATION_FOLLOW|FORMATION_FOLLOW,1,1,55.799,1.84,1.795,-1.457,-1.692,-32.276,-35.752,-32.165,-35.73,-5.057,-5.056,-5.06,-5.057
,0.0,0.35,0.0,3.4757,3.3005,4.9412,4.8413,3.4863,3.5734,1,0.1829,0.1829,OK,0.35,FORMATION_FOLLOW|FORMATION_FOLLOW|FORMATION_FOLLOW|FORMATION_FOLLOW,1,1,55.899,1.871,1.824,-1.428,-1.662,-32.275,-35.751,-32.165,-35.73,-5.058,-5.056,-5.06,-5.056
,0.0,0.35,0.0,3.4751,3.3016,4.9412,4.8408,3.4853,3.5733,1,0.1823,0.1823,OK,0.35,FORMATION_FOLLOW|FORMATION_FOLLOW|FORMATION_FOLLOW|FORMATION_FOLLOW,1,1,55.999,1.901,1.854,-1.399,-1.632,-32.275,-35.75,-32.165,-35.73,-5.058,-5.055,-5.06,-5.056
,0.0,0.35,0.0,3.4745,3.3023,4.9408,4.8401,3.4841,3.5727,1,0.1817,0.1817,OK,0.35,FORMATION_FOLLOW|FORMATION_FOLLOW|FORMATION_FOLLOW|FORMATION_FOLLOW,1,1,56.099,1.931,1.883,-1.37,-1.601,-32.275,-35.749,-32.165,-35.73,-5.058,-5.055,-5.061,-5.056
,0.0,0.35,0.0,3.4738,3.3032,4.9405,4.8393,3.483,3.572,1,0.1811,0.1811,OK,0.35,FORMATION_FOLLOW|FORMATION_FOLLOW|FORMATION_FOLLOW|FORMATION_FOLLOW,1,1,56.199,1.961,1.912,-1.34,-1.571,-32.275,-35.749,-32.165,-35.73,-5.058,-5.054,-5.061,-5.055
,0.0,0.35,0.0,3.4732,3.3037,4.9404,4.8384,3.482,3.5716,1,0.1809,0.1809,OK,0.35,FORMATION_FOLLOW|FORMATION_FOLLOW|FORMATION_FOLLOW|FORMATION_FOLLOW,1,1,56.299,1.991,1.941,-1.311,-1.541,-32.276,-35.748,-32.166,-35.73,-5.058,-5.054,-5.061,-5.055
,0.0,0.35,0.0,3.4727,3.3036,4.9399,4.8373,3.4808,3.5712,1,0.1808,0.1808,OK,0.35,FORMATION_FOLLOW|FORMATION_FOLLOW|FORMATION_FOLLOW|FORMATION_FOLLOW,1,1,56.399,2.021,1.971,-1.281,-1.51,-32.276,-35.748,-32.166,-35.73,-5.058,-5.054,-5.061,-5.055
,0.0,0.35,0.0,3.4725,3.3038,4.9399,4.8366,3.4799,3.571,1,0.1804,0.1804,OK,0.35,FORMATION_FOLLOW|FORMATION_FOLLOW|FORMATION_FOLLOW|FORMATION_FOLLOW,1,1,56.499,2.051,2.0,-1.251,-1.48,-32.276,-35.748,-32.167,-35.73,-5.058,-5.054,-5.061,-5.054
,0.0,0.35,0.0,3.4727,3.3044,4.9404,4.836,3.4791,3.5708,1,0.1798,0.1798,OK,0.35,FORMATION_FOLLOW|FORMATION_FOLLOW|FORMATION_FOLLOW|FORMATION_FOLLOW,1,1,56.599,2.081,2.03,-1.222,-1.45,-32.275,-35.747,-32.167,-35.731,-5.058,-5.054,-5.061,-5.054
,0.0,0.35,0.0,3.4729,3.3051,4.9408,4.8352,3.4781,3.5704,1,0.1791,0.1791,OK,0.35,FORMATION_FOLLOW|FORMATION_FOLLOW|FORMATION_FOLLOW|FORMATION_FOLLOW,1,1,56.699,2.111,2.059,-1.193,-1.419,-32.275,-35.747,-32.168,-35.732,-5.057,-5.054,-5.062,-5.055
,0.0,0.35,0.0,3.4734,3.3054,4.9412,4.8343,3.477,3.5698,1,0.1784,0.1784,OK,0.35,FORMATION_FOLLOW|FORMATION_FOLLOW|FORMATION_FOLLOW|FORMATION_FOLLOW,1,1,56.799,2.14,2.088,-1.163,-1.389,-32.274,-35.747,-32.17,-35.732,-5.057,-5.054,-5.062,-5.055
,0.0,0.35,0.0,3.4736,3.3061,4.941,4.834,3.4761,3.5692,1,0.1774,0.1774,OK,0.35,FORMATION_FOLLOW|FORMATION_FOLLOW|FORMATION_FOLLOW|FORMATION_FOLLOW,1,1,56.899,2.17,2.118,-1.134,-1.358,-32.274,-35.747,-32.17,-35.733,-5.057,-5.054,-5.063,-5.055
,0.0,0.35,0.0,3.4735,3.3074,4.9409,4.834,3.4754,3.5686,1,0.1763,0.1763,OK,0.35,FORMATION_FOLLOW|FORMATION_FOLLOW|FORMATION_FOLLOW|FORMATION_FOLLOW,1,1,56.999,2.201,2.148,-1.105,-1.327,-32.273,-35.746,-32.171,-35.733,-5.056,-5.055,-5.063,-5.055
,0.0,0.35,0.0,3.4731,3.3092,4.9409,4.8343,3.4745,3.5684,1,0.1749,0.1749,OK,0.35,FORMATION_FOLLOW|FORMATION_FOLLOW|FORMATION_FOLLOW|FORMATION_FOLLOW,1,1,57.099,2.231,2.178,-1.076,-1.296,-32.273,-35.746,-32.171,-35.733,-5.056,-5.055,-5.063,-5.055
,0.0,0.35,0.0,3.4725,3.3114,4.9407,4.8347,3.4731,3.5685,1,0.1734,0.1734,OK,0.35,FORMATION_FOLLOW|FORMATION_FOLLOW|FORMATION_FOLLOW|FORMATION_FOLLOW,1,1,57.199,2.262,2.208,-1.048,-1.265,-32.273,-35.745,-32.171,-35.733,-5.055,-5.055,-5.063,-5.056
,0.0,0.35,0.0,3.4718,3.3139,4.9403,4.8357,3.4717,3.5689,1,0.1719,0.1719,OK,0.35,FORMATION_FOLLOW|FORMATION_FOLLOW|FORMATION_FOLLOW|FORMATION_FOLLOW,1,1,57.299,2.292,2.238,-1.02,-1.234,-32.273,-35.745,-32.171,-35.733,-5.055,-5.055,-5.063,-5.056
,0.0,0.35,0.0,3.4708,3.3164,4.94,4.8369,3.4707,3.5695,1,0.1703,0.1703,OK,0.35,FORMATION_FOLLOW|FORMATION_FOLLOW|FORMATION_FOLLOW|FORMATION_FOLLOW,1,1,57.399,2.323,2.267,-0.992,-1.203,-32.274,-35.744,-32.17,-35.733,-5.055,-5.056,-5.062,-5.056
,0.0,0.35,0.0,3.4696,3.3192,4.9399,4.8381,3.4702,3.5699,1,0.1687,0.1687,OK,0.35,FORMATION_FOLLOW|FORMATION_FOLLOW|FORMATION_FOLLOW|FORMATION_FOLLOW,1,1,57.499,2.353,2.297,-0.964,-1.173,-32.275,-35.744,-32.17,-35.734,-5.055,-5.056,-5.062,-5.056
,0.0,0.35,0.0,3.4689,3.3219,4.9395,4.8393,3.4696,3.5697,1,0.1671,0.1671,OK,0.35,FORMATION_FOLLOW|FORMATION_FOLLOW|FORMATION_FOLLOW|FORMATION_FOLLOW,1,1,57.599,2.384,2.327,-0.936,-1.143,-32.275,-35.744,-32.17,-35.734,-5.056,-5.056,-5.061,-5.056
,0.0,0.35,0.0,3.4685,3.324,4.9391,4.8407,3.4692,3.5696,1,0.1656,0.1656,OK,0.35,FORMATION_FOLLOW|FORMATION_FOLLOW|FORMATION_FOLLOW|FORMATION_FOLLOW,1,1,57.699,2.414,2.357,-0.908,-1.112,-32.276,-35.744,-32.171,-35.734,-5.057,-5.057,-5.061,-5.056
,0.0,0.35,0.0,3.468,3.326,4.9388,4.8421,3.4695,3.5696,1,0.1643,0.1643,OK,0.35,FORMATION_FOLLOW|FORMATION_FOLLOW|FORMATION_FOLLOW|FORMATION_FOLLOW,1,1,57.799,2.445,2.388,-0.88,-1.082,-32.277,-35.744,-32.171,-35.734,-5.058,-5.057,-5.061,-5.056
,0.0,0.35,0.0,3.4677,3.3282,4.9388,4.8439,3.4697,3.5699,1,0.1629,0.1629,OK,0.35,FORMATION_FOLLOW|FORMATION_FOLLOW|FORMATION_FOLLOW|FORMATION_FOLLOW,1,1,57.899,2.475,2.418,-0.852,-1.052,-32.277,-35.744,-32.17,-35.735,-5.058,-5.058,-5.061,-5.056
,0.0,0.35,0.0,3.4675,3.3305,4.9393,4.8458,3.4704,3.5705,1,0.1615,0.1615,OK,0.35,FORMATION_FOLLOW|FORMATION_FOLLOW|FORMATION_FOLLOW|FORMATION_FOLLOW,1,1,57.999,2.505,2.449,-0.823,-1.021,-32.277,-35.744,-32.17,-35.735,-5.059,-5.058,-5.061,-5.056
,0.0,0.35,0.0,3.4677,3.3325,4.9401,4.8474,3.4712,3.5707,1,0.1601,0.1601,OK,0.35,FORMATION_FOLLOW|FORMATION_FOLLOW|FORMATION_FOLLOW|FORMATION_FOLLOW,1,1,58.099,2.536,2.48,-0.795,-0.991,-32.277,-35.745,-32.17,-35.736,-5.059,-5.058,-5.061,-5.057
,0.0,0.35,0.0,3.4684,3.3338,4.9407,4.8483,3.4716,3.5707,1,0.1592,0.1592,OK,0.35,FORMATION_FOLLOW|FORMATION_FOLLOW|FORMATION_FOLLOW|FORMATION_FOLLOW,1,1,58.199,2.566,2.51,-0.766,-0.961,-32.277,-35.745,-32.171,-35.736,-5.06,-5.058,-5.061,-5.057
,0.0,0.35,0.0,3.4687,3.335,4.9408,4.8492,3.4719,3.5702,1,0.1583,0.1583,OK,0.35,FORMATION_FOLLOW|FORMATION_FOLLOW|FORMATION_FOLLOW|FORMATION_FOLLOW,1,1,58.299,2.597,2.541,-0.737,-0.931,-32.277,-35.745,-32.171,-35.736,-5.06,-5.058,-5.061,-5.057
,0.0,0.35,0.0,3.4682,3.3363,4.9404,4.8499,3.4721,3.5696,1,0.1574,0.1574,OK,0.35,FORMATION_FOLLOW|FORMATION_FOLLOW|FORMATION_FOLLOW|FORMATION_FOLLOW,1,1,58.399,2.627,2.571,-0.707,-0.901,-32.278,-35.745,-32.172,-35.736,-5.06,-5.058,-5.061,-5.057
,0.0,0.35,0.0,3.4675,3.3373,4.9399,4.8503,3.4723,3.5691,1,0.1565,0.1565,OK,0.35,FORMATION_FOLLOW|FORMATION_FOLLOW|FORMATION_FOLLOW|FORMATION_FOLLOW,1,1,58.499,2.657,2.602,-0.678,-0.871,-32.278,-35.745,-32.172,-35.736,-5.06,-5.058,-5.061,-5.058
,0.0,0.35,0.0,3.4671,3.3379,4.9391,4.8505,3.472,3.5684,1,0.1559,0.1559,OK,0.35,FORMATION_FOLLOW|FORMATION_FOLLOW|FORMATION_FOLLOW|FORMATION_FOLLOW,1,1,58.599,2.688,2.632,-0.649,-0.84,-32.279,-35.745,-32.172,-35.736,-5.06,-5.059,-5.061,-5.058
,0.0,0.35,0.0,3.467,3.3386,4.9384,4.8512,3.4716,3.568,1,0.1552,0.1552,OK,0.35,FORMATION_FOLLOW|FORMATION_FOLLOW|FORMATION_FOLLOW|FORMATION_FOLLOW,1,1,58.699,2.718,2.662,-0.619,-0.809,-32.279,-35.746,-32.173,-35.736,-5.06,-5.059,-5.061,-5.058
,0.0,0.35,0.0,3.4672,3.3395,4.938,4.8523,3.4719,3.5677,1,0.1546,0.1546,OK,0.35,FORMATION_FOLLOW|FORMATION_FOLLOW|FORMATION_FOLLOW|FORMATION_FOLLOW,1,1,58.799,2.748,2.693,-0.59,-0.779,-32.279,-35.746,-32.173,-35.735,-5.06,-5.059,-5.061,-5.058
,0.0,0.35,0.0,3.4674,3.3406,4.9375,4.854,3.4726,3.5674,1,0.1538,0.1538,OK,0.35,FORMATION_FOLLOW|FORMATION_FOLLOW|FORMATION_FOLLOW|FORMATION_FOLLOW,1,1,58.899,2.778,2.724,-0.561,-0.749,-32.28,-35.747,-32.172,-35.735,-5.06,-5.059,-5.062,-5.058
,0.0,0.35,0.0,3.4671,3.3416,4.9368,4.856,3.4736,3.5674,1,0.1531,0.1531,OK,0.35,FORMATION_FOLLOW|FORMATION_FOLLOW|FORMATION_FOLLOW|FORMATION_FOLLOW,1,1,58.999,2.808,2.755,-0.531,-0.719,-32.28,-35.747,-32.172,-35.734,-5.06,-5.059,-5.061,-5.058
,0.0,0.35,0.0,3.4666,3.3425,4.9362,4.8579,3.4746,3.5679,1,0.1527,0.1527,OK,0.35,FORMATION_FOLLOW|FORMATION_FOLLOW|FORMATION_FOLLOW|FORMATION_FOLLOW,1,1,59.099,2.839,2.786,-0.502,-0.688,-32.281,-35.747,-32.171,-35.734,-5.06,-5.058,-5.061,-5.059
,0.0,0.35,0.0,3.4665,3.3432,4.9358,4.8597,3.4756,3.5682,1,0.1523,0.1523,OK,0.35,FORMATION_FOLLOW|FORMATION_FOLLOW|FORMATION_FOLLOW|FORMATION_FOLLOW,1,1,59.199,2.869,2.817,-0.472,-0.658,-32.282,-35.748,-32.171,-35.734,-5.06,-5.058,-5.061,-5.059
,0.0,0.35,0.0,3.4669,3.3436,4.9355,4.8616,3.4769,3.5684,1,0.1519,0.1519,OK,0.35,FORMATION_FOLLOW|FORMATION_FOLLOW|FORMATION_FOLLOW|FORMATION_FOLLOW,1,1,59.299,2.899,2.849,-0.443,-0.628,-32.282,-35.748,-32.17,-35.734,-5.06,-5.058,-5.061,-5.059
,0.0,0.35,0.0,3.4674,3.344,4.9352,4.8635,3.4778,3.569,1,0.1517,0.1517,OK,0.35,FORMATION_FOLLOW|FORMATION_FOLLOW|FORMATION_FOLLOW|FORMATION_FOLLOW,1,1,59.399,2.929,2.879,-0.413,-0.598,-32.282,-35.749,-32.17,-35.734,-5.06,-5.058,-5.06,-5.06
,0.0,0.35,0.0,3.4674,3.3447,4.9352,4.8655,3.4788,3.57,1,0.1517,0.1517,OK,0.35,FORMATION_FOLLOW|FORMATION_FOLLOW|FORMATION_FOLLOW|FORMATION_FOLLOW,1,1,59.499,2.959,2.91,-0.384,-0.569,-32.282,-35.75,-32.169,-35.734,-5.06,-5.058,-5.06,-5.06
,0.0,0.35,0.0,3.4674,3.3458,4.9356,4.8672,3.4799,3.571,1,0.1515,0.1515,OK,0.35,FORMATION_FOLLOW|FORMATION_FOLLOW|FORMATION_FOLLOW|FORMATION_FOLLOW,1,1,59.599,2.989,2.941,-0.355,-0.539,-32.283,-35.75,-32.168,-35.734,-5.06,-5.058,-5.059,-5.06
,0.0,0.35,0.0,3.4671,3.3468,4.9362,4.8686,3.4811,3.5719,1,0.1513,0.1513,OK,0.35,FORMATION_FOLLOW|FORMATION_FOLLOW|FORMATION_FOLLOW|FORMATION_FOLLOW,1,1,59.699,3.019,2.971,-0.326,-0.51,-32.283,-35.75,-32.167,-35.734,-5.06,-5.058,-5.058,-5.061
,0.0,0.35,0.0,3.4667,3.3478,4.9365,4.8699,3.4824,3.5723,1,0.1508,0.1508,OK,0.35,FORMATION_FOLLOW|FORMATION_FOLLOW|FORMATION_FOLLOW|FORMATION_FOLLOW,1,1,59.799,3.049,3.001,-0.297,-0.481,-32.283,-35.75,-32.166,-35.734,-5.06,-5.059,-5.057,-5.061
,0.0,0.35,0.0,3.4662,3.3489,4.9364,4.8712,3.4836,3.5723,1,0.1501,0.1501,OK,0.35,FORMATION_FOLLOW|FORMATION_FOLLOW|FORMATION_FOLLOW|FORMATION_FOLLOW,1,1,59.899,3.079,3.032,-0.268,-0.451,-32.284,-35.749,-32.166,-35.734,-5.06,-5.059,-5.056,-5.062
,0.0,0.35,0.0,3.4656,3.3502,4.9366,4.8727,3.4848,3.5727,1,0.1497,0.1497,OK,0.35,FORMATION_FOLLOW|FORMATION_FOLLOW|FORMATION_FOLLOW|FORMATION_FOLLOW,1,1,59.999,3.109,3.063,-0.239,-0.422,-32.284,-35.749,-32.165,-35.733,-5.06,-5.059,-5.056,-5.062
