absent,cur_x,cur_y,cur_z,d_0_1,d_0_2,d_1_2,episodes,form_err,form_err_present,formation_state,max_drift,modes,occ_G06,p1_ok,p2_ok,t,x0,x1,x2,y0,y1,y2,z0,z1,z2
,0.0,0.0,0.0,3.4997,7.0,3.5002,0,0.0002,0.0002,OK,0.0,FORMATION_FOLLOW|FORMATION_FOLLOW|FORMATION_FOLLOW,0,1,1,0.1,-20.156,-19.638,-19.12,17.271,13.809,10.348,-4.301,-4.3,-4.3
,0.0,0.0,0.0,3.4994,7.0005,3.5011,0,0.0008,0.0008,OK,0.0,FORMATION_FOLLOW|FORMATION_FOLLOW|FORMATION_FOLLOW,0,1,1,0.2,-20.145,-19.626,-19.108,17.272,13.811,10.349,-4.302,-4.301,-4.301
,0.0,0.0,0.0,3.4996,7.0018,3.5022,0,0.0016,0.0016,OK,0.0,FORMATION_FOLLOW|FORMATION_FOLLOW|FORMATION_FOLLOW,0,1,1,0.3,-20.128,-19.609,-19.091,17.275,13.814,10.35,-4.303,-4.303,-4.302
,0.0,0.0,0.0,3.5002,7.0034,3.5032,0,0.0024,0.0024,OK,0.0,FORMATION_FOLLOW|FORMATION_FOLLOW|FORMATION_FOLLOW,0,1,1,0.4,-20.107,-19.586,-19.069,17.279,13.817,10.353,-4.305,-4.304,-4.303
,0.0,0.0,0.0,3.5008,7.0051,3.5043,0,0.0034,0.0034,OK,0.0,FORMATION_FOLLOW|FORMATION_FOLLOW|FORMATION_FOLLOW,0,1,1,0.5,-20.082,-19.56,-19.043,17.283,13.821,10.355,-4.308,-4.306,-4.305
,0.0,0.0,0.0,3.5009,7.0067,3.5058,0,0.0045,0.0045,OK,0.0,FORMATION_FOLLOW|FORMATION_FOLLOW|FORMATION_FOLLOW,0,1,1,0.6,-20.053,-19.531,-19.015,17.287,13.825,10.358,-4.31,-4.308,-4.306
,0.0,0.0,0.0,3.5007,7.0083,3.5076,0,0.0058,0.0058,OK,0.0,FORMATION_FOLLOW|FORMATION_FOLLOW|FORMATION_FOLLOW,0,1,1,0.7,-20.023,-19.5,-18.984,17.292,13.83,10.361,-4.313,-4.31,-4.308
,0.0,0.0,0.0,3.5002,7.0096,3.5094,0,0.0068,0.0068,OK,0.0,FORMATION_FOLLOW|FORMATION_FOLLOW|FORMATION_FOLLOW,0,1,1,0.8,-19.99,-19.467,-18.951,17.297,13.836,10.365,-4.316,-4.312,-4.31
,0.0,0.0,0.0,3.4992,7.0103,3.5111,0,0.0078,0.0078,OK,0.0,FORMATION_FOLLOW|FORMATION_FOLLOW|FORMATION_FOLLOW,0,1,1,0.9,-19.955,-19.433,-18.917,17.301,13.842,10.368,-4.318,-4.314,-4.312
,0.0,0.0,0.0,3.498,7.0111,3.5131,0,0.0088,0.0088,OK,0.0,FORMATION_FOLLOW|FORMATION_FOLLOW|FORMATION_FOLLOW,0,1,1,1.0,-19.92,-19.397,-18.882,17.306,13.848,10.373,-4.321,-4.316,-4.314
,0.0,0.0,0.0,3.4967,7.0117,3.515,0,0.0098,0.0098,OK,0.0,FORMATION_FOLLOW|FORMATION_FOLLOW|FORMATION_FOLLOW,0,1,1,1.1,-19.883,-19.361,-18.846,17.311,13.854,10.377,-4.324,-4.319,-4.316
,0.0,0.0,0.0,3.4955,7.012,3.5165,0,0.0103,0.0103,OK,0.0,FORMATION_FOLLOW|FORMATION_FOLLOW|FORMATION_FOLLOW,0,1,1,1.2,-19.849,-19.324,-18.81,17.316,13.86,10.382,-4.327,-4.321,-4.318
,0.0,0.0,0.0,3.4945,7.0117,3.5172,0,0.0104,0.0104,OK,0.0,FORMATION_FOLLOW|FORMATION_FOLLOW|FORMATION_FOLLOW,0,1,1,1.3,-19.819,-19.288,-18.773,17.32,13.867,10.387,-4.329,-4.324,-4.321
,0.0,0.0,0.0,3.4937,7.011,3.5173,0,0.0144,0.0144,OK,0.0,FORMATION_FOLLOW|FORMATION_FOLLOW|FORMATION_FOLLOW,0,1,1,1.4,-19.791,-19.251,-18.737,17.324,13.873,10.393,-4.332,-4.326,-4.323
,0.0,0.0,0.0,3.493,7.0105,3.5176,0,0.0219,0.0219,OK,0.0,FORMATION_FOLLOW|FORMATION_FOLLOW|FORMATION_FOLLOW,0,1,1,1.5,-19.767,-19.215,-18.7,17.328,13.879,10.399,-4.333,-4.328,-4.325
,0.0,0.0,0.0,3.4925,7.0102,3.518,0,0.031,0.031,OK,0.0,FORMATION_FOLLOW|FORMATION_FOLLOW|FORMATION_FOLLOW,0,1,1,1.6,-19.744,-19.179,-18.664,17.331,13.885,10.404,-4.335,-4.33,-4.327
,0.0,0.0,0.0,3.4923,7.0101,3.5182,0,0.0414,0.0414,OK,0.0,FORMATION_FOLLOW|FORMATION_FOLLOW|FORMATION_FOLLOW,0,1,1,1.7,-19.724,-19.143,-18.629,17.334,13.89,10.41,-4.337,-4.332,-4.329
,0.0,0.0,0.0,3.4922,7.0101,3.5185,0,0.0528,0.0528,OK,0.0,FORMATION_FOLLOW|FORMATION_FOLLOW|FORMATION_FOLLOW,0,1,1,1.8,-19.706,-19.108,-18.595,17.336,13.896,10.415,-4.338,-4.334,-4.331
,0.0,0.0,0.0,3.4923,7.0101,3.5187,0,0.065,0.065,OK,0.0,FORMATION_FOLLOW|FORMATION_FOLLOW|FORMATION_FOLLOW,0,1,1,1.9,-19.69,-19.073,-18.561,17.339,13.901,10.42,-4.339,-4.336,-4.333
,0.0,0.0,0.0,3.4929,7.0103,3.5186,0,0.0779,0.0779,OK,0.0,FORMATION_FOLLOW|FORMATION_FOLLOW|FORMATION_FOLLOW,0,1,1,2.0,-19.675,-19.038,-18.528,17.341,13.906,10.425,-4.341,-4.337,-4.335
,0.0,0.0,0.0,3.494,7.0102,3.518,0,0.0916,0.0916,OK,0.0,FORMATION_FOLLOW|FORMATION_FOLLOW|FORMATION_FOLLOW,0,1,1,2.1,-19.662,-19.004,-18.495,17.342,13.911,10.43,-4.342,-4.338,-4.336
,0.0,0.0,0.0,3.4952,7.0097,3.5168,0,0.1058,0.1058,OK,0.0,FORMATION_FOLLOW|FORMATION_FOLLOW|FORMATION_FOLLOW,0,1,1,2.2,-19.65,-18.97,-18.462,17.344,13.916,10.436,-4.343,-4.34,-4.338
,0.0,0.0,0.0,3.4966,7.0093,3.5157,0,0.1204,0.1204,OK,0.0,FORMATION_FOLLOW|FORMATION_FOLLOW|FORMATION_FOLLOW,0,1,1,2.3,-19.64,-18.937,-18.431,17.346,13.92,10.441,-4.343,-4.342,-4.34
,0.0,0.0,0.0,3.498,7.0093,3.5149,0,0.1355,0.1355,OK,0.0,FORMATION_FOLLOW|FORMATION_FOLLOW|FORMATION_FOLLOW,0,1,1,2.4,-19.63,-18.905,-18.399,17.347,13.925,10.447,-4.344,-4.343,-4.342
,0.0,0.0,0.0,3.4993,7.0094,3.5145,0,0.1511,0.1511,OK,0.0,FORMATION_FOLLOW|FORMATION_FOLLOW|FORMATION_FOLLOW,0,1,1,2.5,-19.621,-18.873,-18.367,17.348,13.93,10.452,-4.345,-4.344,-4.343
,0.0,0.0,0.0,3.5008,7.0097,3.5143,0,0.167,0.167,OK,0.0,FORMATION_FOLLOW|FORMATION_FOLLOW|FORMATION_FOLLOW,0,1,1,2.6,-19.613,-18.842,-18.336,17.349,13.935,10.457,-4.345,-4.345,-4.345
,0.0,0.0,0.0,3.5027,7.0104,3.514,0,0.183,0.183,OK,0.0,FORMATION_FOLLOW|FORMATION_FOLLOW|FORMATION_FOLLOW,0,1,1,2.7,-19.606,-18.811,-18.305,17.35,13.939,10.462,-4.346,-4.346,-4.347
,0.0,0.0,0.0,3.5047,7.0112,3.5138,0,0.1992,0.1992,OK,0.0,FORMATION_FOLLOW|FORMATION_FOLLOW|FORMATION_FOLLOW,0,1,1,2.8,-19.6,-18.781,-18.274,17.351,13.943,10.466,-4.346,-4.347,-4.348
,0.0,0.0,0.0,3.5071,7.0122,3.5136,0,0.2158,0.2158,OK,0.0,FORMATION_FOLLOW|FORMATION_FOLLOW|FORMATION_FOLLOW,0,1,1,2.9,-19.594,-18.75,-18.244,17.352,13.948,10.471,-4.347,-4.348,-4.35
,0.0,0.0,0.0,3.5098,7.0132,3.5132,0,0.2326,0.2326,OK,0.0,FORMATION_FOLLOW|FORMATION_FOLLOW|FORMATION_FOLLOW,0,1,1,3.0,-19.589,-18.72,-18.214,17.353,13.952,10.476,-4.347,-4.349,-4.351
,0.0,0.0,0.0,3.5129,7.0143,3.5125,0,0.2496,0.2496,OK,0.0,FORMATION_FOLLOW|FORMATION_FOLLOW|FORMATION_FOLLOW,0,1,1,3.1,-19.584,-18.69,-18.184,17.353,13.956,10.48,-4.348,-4.35,-4.351
,0.0,0.0,0.0,3.5163,7.0157,3.5119,0,0.2667,0.2667,OK,0.0,FORMATION_FOLLOW|FORMATION_FOLLOW|FORMATION_FOLLOW,0,1,1,3.2,-19.58,-18.661,-18.154,17.354,13.96,10.485,-4.348,-4.351,-4.352
,0.0,0.0,0.0,3.5197,7.0174,3.5117,0,0.2839,0.2839,OK,0.0,FORMATION_FOLLOW|FORMATION_FOLLOW|FORMATION_FOLLOW,0,1,1,3.3,-19.576,-18.632,-18.124,17.355,13.964,10.489,-4.348,-4.351,-4.353
,0.0,0.0,0.0,3.5232,7.0199,3.5124,0,0.3011,0.3011,OK,0.0,FORMATION_FOLLOW|FORMATION_FOLLOW|FORMATION_FOLLOW,0,1,1,3.4,-19.573,-18.603,-18.095,17.355,13.968,10.492,-4.349,-4.351,-4.354
,0.0,0.0,0.0,3.5272,7.0225,3.5127,0,0.3184,0.3184,OK,0.0,FORMATION_FOLLOW|FORMATION_FOLLOW|FORMATION_FOLLOW,0,1,1,3.5,-19.569,-18.574,-18.066,17.355,13.972,10.496,-4.349,-4.351,-4.355
,0.0,0.0,0.0,3.5316,7.0252,3.513,0,0.3357,0.3357,OK,0.0,FORMATION_FOLLOW|FORMATION_FOLLOW|FORMATION_FOLLOW,0,1,1,3.6,-19.567,-18.545,-18.038,17.356,13.975,10.499,-4.349,-4.352,-4.355
,0.0,0.0,0.0,3.5361,7.028,3.5134,0,0.3531,0.3531,OK,0.0,FORMATION_FOLLOW|FORMATION_FOLLOW|FORMATION_FOLLOW,0,1,1,3.7,-19.564,-18.516,-18.009,17.356,13.979,10.502,-4.349,-4.352,-4.357
,0.0,0.0,0.0,3.5405,7.0308,3.5139,0,0.3707,0.3707,OK,0.0,FORMATION_WAIT_REJOIN|FORMATION_FOLLOW|FORMATION_FOLLOW,0,1,1,3.8,-19.562,-18.487,-17.982,17.357,13.983,10.506,-4.349,-4.352,-4.357
,0.0,0.0,0.0,3.545,7.0337,3.5148,0,0.3885,0.3885,OK,0.0,FORMATION_WAIT_REJOIN|FORMATION_FOLLOW|FORMATION_WAIT_REJOIN,0,1,1,3.9,-19.56,-18.458,-17.954,17.357,13.987,10.509,-4.35,-4.352,-4.358
,0.0,0.0,0.0,3.5499,7.0366,3.5153,0,0.4065,0.4065,OK,0.0,FORMATION_WAIT_REJOIN|FORMATION_FOLLOW|FORMATION_WAIT_REJOIN,0,1,1,4.0,-19.558,-18.429,-17.926,17.357,13.991,10.512,-4.35,-4.352,-4.358
,0.0,0.0,0.0,3.5552,7.0394,3.5154,0,0.4249,0.4249,OK,0.0,FORMATION_WAIT_REJOIN|FORMATION_FOLLOW|FORMATION_WAIT_REJOIN,0,1,1,4.1,-19.556,-18.399,-17.897,17.357,13.996,10.516,-4.35,-4.352,-4.358
,0.0,0.0,0.0,3.5609,7.0424,3.5154,0,0.4435,0.4435,OK,0.0,FORMATION_WAIT_REJOIN|FORMATION_FOLLOW|FORMATION_WAIT_REJOIN,0,1,1,4.2,-19.555,-18.37,-17.868,17.358,13.999,10.52,-4.35,-4.353,-4.358
,0.0,0.0,0.0,3.5669,7.0459,3.5158,0,0.4622,0.4622,OK,0.0,FORMATION_WAIT_REJOIN|FORMATION_FOLLOW|FORMATION_WAIT_REJOIN,0,1,1,4.3,-19.553,-18.34,-17.839,17.358,14.003,10.523,-4.35,-4.352,-4.358
,0.0,0.0,0.0,3.5731,7.05,3.5166,0,0.4811,0.4811,OK,0.0,FORMATION_WAIT_REJOIN|FORMATION_FOLLOW|FORMATION_WAIT_REJOIN,0,1,1,4.4,-19.552,-18.311,-17.81,17.358,14.007,10.527,-4.35,-4.352,-4.358
,0.0,0.0,0.0,3.5795,7.0539,3.5171,0,0.5002,0.5002,OK,0.0,FORMATION_WAIT_REJOIN|FORMATION_FOLLOW|FORMATION_WAIT_REJOIN,0,1,1,4.5,-19.551,-18.281,-17.78,17.358,14.011,10.53,-4.35,-4.352,-4.358
,0.0,0.0,0.0,3.5861,7.0576,3.5175,0,0.5193,0.5193,OK,0.0,FORMATION_WAIT_REJOIN|FORMATION_FOLLOW|FORMATION_WAIT_REJOIN,0,1,1,4.6,-19.55,-18.252,-17.751,17.358,14.015,10.534,-4.35,-4.352,-4.358
,0.0,0.0,0.0,3.5929,7.0612,3.5176,0,0.5384,0.5384,OK,0.0,FORMATION_WAIT_REJOIN|FORMATION_FOLLOW|FORMATION_WAIT_REJOIN,0,1,1,4.7,-19.549,-18.222,-17.722,17.358,14.019,10.537,-4.35,-4.352,-4.358
,0.0,0.0,0.0,3.6,7.0649,3.5176,0,0.5577,0.5577,OK,0.0,FORMATION_WAIT_REJOIN|FORMATION_FOLLOW|FORMATION_WAIT_REJOIN,0,1,1,4.8,-19.548,-18.192,-17.693,17.358,14.023,10.541,-4.35,-4.352,-4.358
,0.0,0.0,0.0,3.6073,7.0684,3.5174,0,0.5769,0.5769,OK,0.0,FORMATION_WAIT_REJOIN|FORMATION_FOLLOW|FORMATION_WAIT_REJOIN,0,1,1,4.9,-19.547,-18.163,-17.664,17.359,14.028,10.546,-4.351,-4.352,-4.357
,0.0,0.0,0.0,3.6146,7.0718,3.5172,0,0.5962,0.5962,OK,0.0,FORMATION_WAIT_REJOIN|FORMATION_FOLLOW|FORMATION_WAIT_REJOIN,0,1,1,5.0,-19.547,-18.133,-17.635,17.359,14.032,10.55,-4.351,-4.352,-4.357
,0.0,0.0,0.0,3.622,7.075,3.5167,0,0.6156,0.6156,OK,0.0,FORMATION_WAIT_REJOIN|FORMATION_FOLLOW|FORMATION_WAIT_REJOIN,0,1,1,5.1,-19.546,-18.104,-17.606,17.359,14.036,10.555,-4.351,-4.353,-4.357
,0.0,0.0,0.0,3.6296,7.0781,3.5158,0,0.6348,0.6348,OK,0.0,FORMATION_WAIT_REJOIN|FORMATION_FOLLOW|FORMATION_WAIT_REJOIN,0,1,1,5.2,-19.545,-18.075,-17.576,17.359,14.04,10.56,-4.351,-4.353,-4.357
,0.0,0.0,0.0,3.6371,7.0809,3.5148,0,0.6538,0.6538,OK,0.0,FORMATION_WAIT_REJOIN|FORMATION_FOLLOW|FORMATION_WAIT_REJOIN,0,1,1,5.3,-19.545,-18.047,-17.547,17.359,14.045,10.566,-4.351,-4.354,-4.357
,0.0,0.0,0.0,3.6444,7.0838,3.514,0,0.6726,0.6726,OK,0.0,FORMATION_WAIT_REJOIN|FORMATION_FOLLOW|FORMATION_WAIT_REJOIN,0,1,1,5.4,-19.544,-18.019,-17.519,17.359,14.049,10.571,-4.351,-4.355,-4.357
,0.0,0.0,0.0,3.6518,7.0868,3.5133,0,0.6914,0.6914,OK,0.0,FORMATION_WAIT_REJOIN|FORMATION_FOLLOW|FORMATION_WAIT_REJOIN,0,1,1,5.5,-19.544,-17.991,-17.49,17.359,14.054,10.576,-4.351,-4.356,-4.357
,0.0,0.0,0.0,3.6594,7.0901,3.5128,0,0.7101,0.7101,OK,0.0,FORMATION_WAIT_REJOIN|FORMATION_FOLLOW|FORMATION_WAIT_REJOIN,0,1,1,5.6,-19.544,-17.964,-17.461,17.359,14.058,10.582,-4.351,-4.356,-4.357
,0.0,0.0,0.0,3.6671,7.0935,3.5122,0,0.7289,0.7289,OK,0.0,FORMATION_WAIT_REJOIN|FORMATION_FOLLOW|FORMATION_WAIT_REJOIN,0,1,1,5.7,-19.543,-17.937,-17.433,17.359,14.063,10.587,-4.351,-4.356,-4.356
,0.0,0.0,0.0,3.6751,7.0972,3.5117,0,0.7477,0.7477,OK,0.0,FORMATION_FOLLOW|FORMATION_FOLLOW|FORMATION_WAIT_REJOIN,0,1,1,5.8,-19.543,-17.909,-17.404,17.359,14.067,10.592,-4.351,-4.357,-4.356
,0.0,0.0,0.0,3.6832,7.1009,3.5115,0,0.7665,0.7665,OK,0.0,FORMATION_FOLLOW|FORMATION_FOLLOW|FORMATION_WAIT_REJOIN,0,1,1,5.9,-19.543,-17.881,-17.375,17.359,14.072,10.597,-4.351,-4.356,-4.356
,0.0,0.0,0.0,3.6917,7.1047,3.5111,0,0.7855,0.7855,OK,0.0,FORMATION_FOLLOW|FORMATION_FOLLOW|FORMATION_WAIT_REJOIN,0,1,1,6.0,-19.543,-17.853,-17.347,17.359,14.077,10.602,-4.351,-4.356,-4.356
,0.0,0.0,0.0,3.7001,7.1086,3.5111,0,0.8049,0.8049,OK,0.0,FORMATION_FOLLOW|FORMATION_FOLLOW|FORMATION_WAIT_REJOIN,0,1,1,6.1,-19.542,-17.825,-17.318,17.359,14.082,10.608,-4.351,-4.356,-4.356
,0.0,0.0,0.0,3.7088,7.1124,3.5111,0,0.8244,0.8244,OK,0.0,FORMATION_RECOVERY|FORMATION_FOLLOW|FORMATION_WAIT_REJOIN,0,1,1,6.2,-19.542,-17.795,-17.289,17.359,14.087,10.613,-4.351,-4.356,-4.356
,0.0,0.0,0.0,3.7175,7.1159,3.5109,0,0.8439,0.8439,OK,0.0,FORMATION_RECOVERY|FORMATION_FOLLOW|FORMATION_WAIT_REJOIN,0,1,1,6.3,-19.542,-17.766,-17.26,17.359,14.093,10.619,-4.351,-4.356,-4.357
,0.0,0.0,0.0,3.7262,7.119,3.5103,0,0.8636,0.8636,OK,0.0,FORMATION_RECOVERY|FORMATION_FOLLOW|FORMATION_FOLLOW,0,1,1,6.4,-19.542,-17.737,-17.231,17.359,14.099,10.626,-4.351,-4.356,-4.357
,0.0,0.0,0.0,3.7348,7.1224,3.5103,0,0.8835,0.8835,OK,0.0,FORMATION_RECOVERY|FORMATION_FOLLOW|FORMATION_FOLLOW,0,1,1,6.5,-19.542,-17.708,-17.202,17.359,14.106,10.632,-4.351,-4.356,-4.357
,0.0,0.0,0.0,3.7434,7.1264,3.5107,0,0.9033,0.9033,OK,0.0,FAILSAFE_HOLD_OR_RETREAT|FORMATION_FOLLOW|FORMATION_FOLLOW,0,1,1,6.6,-19.542,-17.679,-17.173,17.359,14.112,10.638,-4.351,-4.356,-4.357
,0.0,0.0,0.0,3.7523,7.1306,3.5112,0,0.9231,0.9231,OK,0.0,FAILSAFE_HOLD_OR_RETREAT|FORMATION_FOLLOW|FORMATION_FOLLOW,0,1,1,6.7,-19.541,-17.65,-17.143,17.359,14.119,10.644,-4.351,-4.357,-4.357
,0.0,0.0,0.0,3.7613,7.1351,3.5119,0,0.9428,0.9428,OK,0.0,FAILSAFE_HOLD_OR_RETREAT|FORMATION_FOLLOW|FORMATION_FOLLOW,0,1,1,6.8,-19.541,-17.621,-17.114,17.359,14.125,10.65,-4.351,-4.357,-4.357
,0.0,0.0,0.0,3.7709,7.14,3.5126,0,0.9626,0.9626,OK,0.0,FAILSAFE_HOLD_OR_RETREAT|FORMATION_FOLLOW|FORMATION_FOLLOW,0,1,1,6.9,-19.541,-17.592,-17.084,17.359,14.131,10.656,-4.351,-4.357,-4.357
,0.0,0.0,0.0,3.7807,7.1451,3.5134,0,0.9825,0.9825,OK,0.0,FAILSAFE_HOLD_OR_RETREAT|FORMATION_FOLLOW|FORMATION_FOLLOW,0,1,1,7.0,-19.541,-17.563,-17.054,17.359,14.137,10.661,-4.351,-4.358,-4.358
,0.0,0.0,0.0,3.7906,7.1503,3.5142,0,1.0023,1.0023,OK,0.0,FAILSAFE_HOLD_OR_RETREAT|FORMATION_FOLLOW|FORMATION_FOLLOW,0,1,1,7.1,-19.541,-17.534,-17.025,17.359,14.144,10.666,-4.351,-4.357,-4.358
,0.0,0.0,0.0,3.8009,7.1554,3.5144,0,1.0219,1.0219,OK,0.0,FAILSAFE_HOLD_OR_RETREAT|FORMATION_FOLLOW|FORMATION_FOLLOW,0,1,1,7.2,-19.541,-17.506,-16.995,17.359,14.149,10.672,-4.351,-4.357,-4.358
,0.0,0.0,0.0,3.8112,7.1607,3.5148,0,1.0417,1.0417,OK,0.0,FAILSAFE_HOLD_OR_RETREAT|FORMATION_FOLLOW|FORMATION_FOLLOW,0,1,1,7.3,-19.541,-17.477,-16.965,17.359,14.155,10.678,-4.351,-4.357,-4.358
,0.0,0.0,0.0,3.8216,7.166,3.5153,0,1.0613,1.0613,OK,0.0,FAILSAFE_HOLD_OR_RETREAT|FORMATION_FOLLOW|FORMATION_FOLLOW,0,1,1,7.4,-19.541,-17.449,-16.936,17.359,14.161,10.684,-4.351,-4.357,-4.358
,0.0,0.0,0.0,3.8321,7.1718,3.5163,0,1.0809,1.0809,OK,0.0,FAILSAFE_HOLD_OR_RETREAT|FORMATION_FOLLOW|FORMATION_FOLLOW,0,1,1,7.5,-19.541,-17.42,-16.907,17.359,14.167,10.689,-4.351,-4.357,-4.358
,0.0,0.0,0.0,3.8424,7.1774,3.5177,0,1.1005,1.1005,OK,0.0,FAILSAFE_HOLD_OR_RETREAT|FORMATION_FOLLOW|FORMATION_FOLLOW,0,1,1,7.6,-19.541,-17.392,-16.878,17.359,14.174,10.694,-4.351,-4.357,-4.358
,0.0,0.0,0.0,3.8524,7.1833,3.5196,0,1.12,1.12,OK,0.0,FAILSAFE_HOLD_OR_RETREAT|FORMATION_FOLLOW|FORMATION_FOLLOW,0,1,1,7.7,-19.541,-17.363,-16.849,17.359,14.181,10.7,-4.351,-4.357,-4.358
,0.0,0.0,0.0,3.8627,7.1893,3.5215,0,1.1396,1.1396,OK,0.0,FAILSAFE_HOLD_OR_RETREAT|FORMATION_FOLLOW|FORMATION_FOLLOW,0,1,1,7.8,-19.541,-17.335,-16.82,17.359,14.189,10.705,-4.351,-4.357,-4.358
,0.0,0.0,0.0,3.8732,7.1952,3.5235,0,1.1591,1.1591,OK,0.0,FAILSAFE_HOLD_OR_RETREAT|FORMATION_FOLLOW|FORMATION_FOLLOW,0,1,1,7.9,-19.541,-17.306,-16.791,17.359,14.196,10.71,-4.351,-4.357,-4.358
,0.0,0.0,0.0,3.8837,7.2011,3.5256,0,1.1786,1.1786,OK,0.0,FAILSAFE_HOLD_OR_RETREAT|FORMATION_FOLLOW|FORMATION_FOLLOW,0,1,1,8.0,-19.541,-17.277,-16.763,17.359,14.204,10.716,-4.351,-4.358,-4.357
,0.0,0.0,0.0,3.8967,7.2083,3.5272,1,1.2004,1.2004,LOST,0.0,FAILSAFE_HOLD_OR_RETREAT|MUTEX_APPROACH|MUTEX_APPROACH,0,1,1,8.1,-19.541,-17.245,-16.731,17.359,14.211,10.721,-4.351,-4.358,-4.357
,0.0,0.0,0.0,3.9125,7.2172,3.5285,1,1.2253,1.2253,LOST,0.0,FAILSAFE_HOLD_OR_RETREAT|MUTEX_APPROACH|MUTEX_APPROACH,0,1,1,8.2,-19.541,-17.208,-16.694,17.359,14.218,10.727,-4.351,-4.359,-4.356
,0.0,0.0,0.0,3.9307,7.2272,3.5294,1,1.2526,1.2526,LOST,0.0,FAILSAFE_HOLD_OR_RETREAT|MUTEX_APPROACH|MUTEX_APPROACH,0,1,1,8.3,-19.54,-17.168,-16.654,17.359,14.226,10.734,-4.351,-4.359,-4.355
,0.0,0.0,0.0,3.951,7.2384,3.5302,1,1.2819,1.2819,LOST,0.0,FAILSAFE_HOLD_OR_RETREAT|MUTEX_APPROACH|MUTEX_APPROACH,0,1,1,8.4,-19.54,-17.125,-16.61,17.359,14.233,10.741,-4.351,-4.36,-4.354
,0.0,0.0,0.0,3.9732,7.2507,3.5307,1,1.3129,1.3129,LOST,0.0,FAILSAFE_HOLD_OR_RETREAT|MUTEX_APPROACH|MUTEX_APPROACH,0,1,1,8.5,-19.54,-17.079,-16.564,17.359,14.241,10.748,-4.351,-4.361,-4.352
,0.0,0.0,0.0,3.9971,7.2636,3.5309,1,1.3451,1.3451,LOST,0.0,FAILSAFE_HOLD_OR_RETREAT|MUTEX_APPROACH|MUTEX_APPROACH,0,1,1,8.6,-19.54,-17.031,-16.517,17.36,14.248,10.755,-4.351,-4.362,-4.351
,0.0,0.0,0.0,4.022,7.277,3.5309,1,1.3782,1.3782,LOST,0.0,FAILSAFE_HOLD_OR_RETREAT|MUTEX_APPROACH|MUTEX_APPROACH,0,1,1,8.7,-19.54,-16.982,-16.468,17.36,14.256,10.763,-4.351,-4.363,-4.35
,0.0,0.0,0.0,4.048,7.2913,3.531,1,1.4122,1.4122,LOST,0.0,FAILSAFE_HOLD_OR_RETREAT|MUTEX_APPROACH|MUTEX_APPROACH,0,1,1,8.8,-19.54,-16.932,-16.417,17.36,14.264,10.771,-4.351,-4.363,-4.349
,0.0,0.0,0.0,4.075,7.3064,3.5313,1,1.4467,1.4467,LOST,0.0,FAILSAFE_HOLD_OR_RETREAT|MUTEX_APPROACH|MUTEX_APPROACH,0,1,1,8.9,-19.54,-16.88,-16.366,17.36,14.272,10.779,-4.351,-4.364,-4.348
,0.0,0.0,0.0,4.1025,7.3221,3.5317,1,1.4813,1.4813,LOST,0.0,FAILSAFE_HOLD_OR_RETREAT|MUTEX_APPROACH|MUTEX_APPROACH,0,1,1,9.0,-19.54,-16.829,-16.314,17.36,14.28,10.786,-4.351,-4.364,-4.348
,0.0,0.0,0.0,4.1308,7.3383,3.5322,1,1.516,1.516,LOST,0.0,FAILSAFE_HOLD_OR_RETREAT|MUTEX_APPROACH|MUTEX_APPROACH,0,1,1,9.1,-19.54,-16.778,-16.263,17.36,14.288,10.794,-4.351,-4.365,-4.348
,0.0,0.0,0.0,4.1599,7.355,3.5327,1,1.5509,1.5509,LOST,0.0,FAILSAFE_HOLD_OR_RETREAT|MUTEX_APPROACH|MUTEX_APPROACH,0,1,1,9.2,-19.54,-16.726,-16.211,17.36,14.296,10.801,-4.351,-4.365,-4.348
,0.0,0.0,0.0,4.1895,7.3721,3.5331,1,1.5861,1.5861,LOST,0.0,FAILSAFE_HOLD_OR_RETREAT|MUTEX_APPROACH|MUTEX_APPROACH,0,1,1,9.3,-19.54,-16.674,-16.159,17.36,14.304,10.809,-4.351,-4.364,-4.348
,0.0,0.0,0.0,4.2194,7.3893,3.5334,1,1.6215,1.6215,LOST,0.0,FAILSAFE_HOLD_OR_RETREAT|MUTEX_APPROACH|MUTEX_APPROACH,0,1,1,9.4,-19.54,-16.622,-16.106,17.36,14.312,10.817,-4.351,-4.364,-4.348
,0.0,0.0,0.0,4.25,7.407,3.5337,1,1.6568,1.6568,LOST,0.0,FAILSAFE_HOLD_OR_RETREAT|MUTEX_APPROACH|MUTEX_APPROACH,0,1,1,9.5,-19.54,-16.569,-16.053,17.36,14.32,10.825,-4.351,-4.364,-4.349
,0.0,0.0,0.0,4.2811,7.4253,3.5341,1,1.6922,1.6922,LOST,0.0,FAILSAFE_HOLD_OR_RETREAT|MUTEX_APPROACH|MUTEX_APPROACH,0,1,1,9.6,-19.54,-16.517,-16.001,17.36,14.328,10.832,-4.351,-4.364,-4.35
,0.0,0.0,0.0,4.3125,7.4439,3.5343,1,1.7276,1.7276,LOST,0.0,FAILSAFE_HOLD_OR_RETREAT|MUTEX_APPROACH|MUTEX_APPROACH,0,1,1,9.7,-19.54,-16.465,-15.948,17.36,14.336,10.84,-4.351,-4.365,-4.35
,0.0,0.0,0.0,4.3446,7.4624,3.5341,1,1.7629,1.7629,LOST,0.0,FAILSAFE_HOLD_OR_RETREAT|MUTEX_APPROACH|MUTEX_APPROACH,0,1,1,9.8,-19.54,-16.413,-15.895,17.36,14.344,10.848,-4.351,-4.365,-4.352
,0.0,0.0,0.0,4.3772,7.4811,3.5335,1,1.798,1.798,LOST,0.0,FAILSAFE_HOLD_OR_RETREAT|MUTEX_APPROACH|MUTEX_APPROACH,0,1,1,9.9,-19.54,-16.361,-15.843,17.36,14.351,10.856,-4.351,-4.365,-4.353
,0.0,0.0,0.0,4.41,7.5001,3.5332,1,1.833,1.833,LOST,0.0,FAILSAFE_HOLD_OR_RETREAT|MUTEX_APPROACH|MUTEX_APPROACH,0,1,1,10.0,-19.54,-16.309,-15.791,17.36,14.359,10.864,-4.351,-4.365,-4.354
,0.0,0.0,0.0,4.4427,7.5195,3.5333,1,1.8679,1.8679,LOST,0.0,FAILSAFE_HOLD_OR_RETREAT|MUTEX_APPROACH|MUTEX_APPROACH,0,1,1,10.1,-19.54,-16.257,-15.739,17.36,14.367,10.872,-4.351,-4.365,-4.355
,0.0,0.0,0.0,4.4754,7.5388,3.5336,1,1.9028,1.9028,LOST,0.0,FAILSAFE_HOLD_OR_RETREAT|MUTEX_APPROACH|MUTEX_APPROACH,0,1,1,10.2,-19.54,-16.205,-15.687,17.36,14.375,10.88,-4.351,-4.365,-4.356
,0.0,0.0,0.0,4.5081,7.5586,3.5342,1,1.9375,1.9375,LOST,0.0,FAILSAFE_HOLD_OR_RETREAT|MUTEX_APPROACH|MUTEX_APPROACH,0,1,1,10.3,-19.54,-16.154,-15.636,17.36,14.383,10.887,-4.351,-4.365,-4.356
,0.0,0.0,0.0,4.5416,7.5786,3.5345,1,1.9723,1.9723,LOST,0.0,FAILSAFE_HOLD_OR_RETREAT|MUTEX_APPROACH|MUTEX_APPROACH,0,1,1,10.4,-19.54,-16.103,-15.584,17.36,14.392,10.895,-4.351,-4.365,-4.357
,0.0,0.0,0.0,4.5756,7.5988,3.5344,1,2.007,2.007,LOST,0.0,FAILSAFE_HOLD_OR_RETREAT|MUTEX_APPROACH|MUTEX_APPROACH,0,1,1,10.5,-19.54,-16.051,-15.533,17.36,14.4,10.903,-4.351,-4.364,-4.357
,0.0,0.0,0.0,4.6104,7.6196,3.5343,1,2.042,2.042,LOST,0.0,FAILSAFE_HOLD_OR_RETREAT|MUTEX_APPROACH|MUTEX_APPROACH,0,1,1,10.6,-19.54,-15.999,-15.481,17.36,14.407,10.911,-4.351,-4.364,-4.358
,0.0,0.0,0.0,4.6454,7.6409,3.5345,1,2.0769,2.0769,LOST,0.0,FAILSAFE_HOLD_OR_RETREAT|MUTEX_APPROACH|MUTEX_APPROACH,0,1,1,10.7,-19.54,-15.947,-15.429,17.36,14.415,10.919,-4.351,-4.363,-4.358
,0.0,0.0,0.0,4.6807,7.6627,3.5346,1,2.1117,2.1117,LOST,0.0,FAILSAFE_HOLD_OR_RETREAT|MUTEX_APPROACH|MUTEX_APPROACH,0,1,1,10.8,-19.54,-15.896,-15.377,17.36,14.423,10.926,-4.351,-4.363,-4.358
,0.0,0.0,0.0,4.7159,7.6846,3.5348,1,2.1462,2.1462,LOST,0.0,FAILSAFE_HOLD_OR_RETREAT|MUTEX_APPROACH|MUTEX_APPROACH,0,1,1,10.9,-19.54,-15.845,-15.326,17.36,14.43,10.933,-4.351,-4.363,-4.359
,0.0,0.0,0.0,4.751,7.7067,3.5353,1,2.1804,2.1804,LOST,0.0,FAILSAFE_HOLD_OR_RETREAT|MUTEX_APPROACH|MUTEX_APPROACH,0,1,1,11.0,-19.54,-15.794,-15.275,17.36,14.438,10.941,-4.351,-4.363,-4.359
,0.0,0.0,0.0,4.7865,7.7288,3.5354,1,2.2147,2.2147,LOST,0.0,FAILSAFE_HOLD_OR_RETREAT|MUTEX_APPROACH|MUTEX_APPROACH,0,1,1,11.1,-19.54,-15.743,-15.224,17.36,14.445,10.948,-4.351,-4.363,-4.36
,0.0,0.0,0.0,4.822,7.7513,3.5354,1,2.2489,2.2489,LOST,0.0,FAILSAFE_HOLD_OR_RETREAT|MUTEX_APPROACH|MUTEX_APPROACH,0,1,1,11.2,-19.54,-15.693,-15.173,17.36,14.453,10.956,-4.351,-4.363,-4.36
,0.0,0.0,0.0,4.8576,7.774,3.5352,1,2.283,2.283,LOST,0.0,FAILSAFE_HOLD_OR_RETREAT|MUTEX_APPROACH|MUTEX_APPROACH,0,1,1,11.3,-19.54,-15.643,-15.122,17.36,14.46,10.963,-4.351,-4.363,-4.361
,0.0,0.0,0.0,4.8936,7.797,3.5351,1,2.3172,2.3172,LOST,0.0,FAILSAFE_HOLD_OR_RETREAT|MUTEX_APPROACH|MUTEX_APPROACH,0,1,1,11.4,-19.54,-15.593,-15.07,17.36,14.467,10.971,-4.351,-4.363,-4.361
,0.0,0.0,0.0,4.93,7.8209,3.5356,1,2.3515,2.3515,LOST,0.0,FAILSAFE_HOLD_OR_RETREAT|MUTEX_APPROACH|MUTEX_APPROACH,0,1,1,11.5,-19.54,-15.542,-15.019,17.36,14.475,10.978,-4.351,-4.363,-4.362
,0.0,0.0,0.0,4.9664,7.8452,3.5362,1,2.3858,2.3858,LOST,0.0,FAILSAFE_HOLD_OR_RETREAT|MUTEX_APPROACH|MUTEX_APPROACH,0,1,1,11.6,-19.54,-15.492,-14.967,17.36,14.482,10.985,-4.351,-4.363,-4.362
,0.0,0.0,0.0,5.0028,7.8696,3.5366,1,2.4199,2.4199,LOST,0.0,FAILSAFE_HOLD_OR_RETREAT|MUTEX_APPROACH|MUTEX_APPROACH,0,1,1,11.7,-19.54,-15.443,-14.915,17.36,14.489,10.992,-4.351,-4.362,-4.362
,0.0,0.0,0.0,5.0393,7.8941,3.5369,1,2.4538,2.4538,LOST,0.0,FAILSAFE_HOLD_OR_RETREAT|MUTEX_APPROACH|MUTEX_APPROACH,0,1,1,11.8,-19.54,-15.393,-14.864,17.36,14.497,11.0,-4.351,-4.362,-4.361
,0.0,0.0,0.0,5.076,7.9184,3.537,1,2.4878,2.4878,LOST,0.0,FAILSAFE_HOLD_OR_RETREAT|MUTEX_APPROACH|MUTEX_APPROACH,0,1,1,11.9,-19.54,-15.344,-14.813,17.36,14.504,11.007,-4.351,-4.361,-4.361
,0.0,0.0,0.0,5.1132,7.9432,3.5374,1,2.5219,2.5219,LOST,0.0,FAILSAFE_HOLD_OR_RETREAT|MUTEX_APPROACH|MUTEX_APPROACH,0,1,1,12.0,-19.54,-15.294,-14.762,17.36,14.512,11.015,-4.351,-4.361,-4.36
,0.0,0.0,0.0,5.1508,7.968,3.5375,1,2.5561,2.5561,LOST,0.0,FAILSAFE_HOLD_OR_RETREAT|MUTEX_APPROACH|MUTEX_APPROACH,0,1,1,12.1,-19.54,-15.243,-14.71,17.36,14.519,11.022,-4.351,-4.36,-4.36
,0.0,0.0,0.0,5.1888,7.9929,3.5375,1,2.5904,2.5904,LOST,0.0,FAILSAFE_HOLD_OR_RETREAT|MUTEX_APPROACH|MUTEX_APPROACH,0,1,1,12.2,-19.54,-15.193,-14.659,17.36,14.527,11.03,-4.351,-4.359,-4.359
,0.0,0.0,0.0,5.2271,8.0177,3.5371,1,2.6246,2.6246,LOST,0.0,FAILSAFE_HOLD_OR_RETREAT|MUTEX_APPROACH|MUTEX_APPROACH,0,1,1,12.3,-19.54,-15.142,-14.609,17.36,14.535,11.038,-4.351,-4.359,-4.358
,0.0,0.0,0.0,5.2655,8.0423,3.5365,1,2.6587,2.6587,LOST,0.0,FAILSAFE_HOLD_OR_RETREAT|MUTEX_APPROACH|MUTEX_APPROACH,0,1,1,12.4,-19.54,-15.092,-14.558,17.36,14.542,11.046,-4.351,-4.358,-4.357
,0.0,0.0,0.0,5.304,8.0673,3.5358,1,2.6926,2.6926,LOST,0.0,FAILSAFE_HOLD_OR_RETREAT|MUTEX_APPROACH|MUTEX_APPROACH,0,1,1,12.5,-19.54,-15.042,-14.508,17.36,14.55,11.055,-4.351,-4.358,-4.356
,0.0,0.0,0.0,5.3429,8.0925,3.5346,1,2.7263,2.7263,LOST,0.0,FAILSAFE_HOLD_OR_RETREAT|MUTEX_APPROACH|MUTEX_APPROACH,0,1,1,12.6,-19.54,-14.992,-14.457,17.36,14.556,11.063,-4.351,-4.357,-4.355
,0.0,0.0,0.0,5.3821,8.1181,3.5336,1,2.7601,2.7601,LOST,0.0,FAILSAFE_HOLD_OR_RETREAT|MUTEX_APPROACH|MUTEX_APPROACH,0,1,1,12.7,-19.54,-14.942,-14.407,17.36,14.563,11.07,-4.351,-4.357,-4.354
,0.0,0.0,0.0,5.4214,8.1441,3.5332,1,2.7938,2.7938,LOST,0.0,FAILSAFE_HOLD_OR_RETREAT|MUTEX_APPROACH|MUTEX_APPROACH,0,1,1,12.8,-19.54,-14.891,-14.357,17.36,14.57,11.078,-4.351,-4.357,-4.354
,0.0,0.0,0.0,5.4609,8.1706,3.5331,1,2.8276,2.8276,LOST,0.0,FAILSAFE_HOLD_OR_RETREAT|MUTEX_APPROACH|MUTEX_APPROACH,0,1,1,12.9,-19.54,-14.841,-14.307,17.36,14.577,11.085,-4.351,-4.358,-4.353
,0.0,0.0,0.0,5.5006,8.1974,3.5331,1,2.8616,2.8616,LOST,0.0,FAILSAFE_HOLD_OR_RETREAT|MUTEX_APPROACH|MUTEX_APPROACH,0,1,1,13.0,-19.54,-14.791,-14.256,17.36,14.585,11.092,-4.351,-4.358,-4.353
,0.0,0.0,0.0,5.5408,8.2244,3.5328,1,2.8958,2.8958,LOST,0.0,FAILSAFE_HOLD_OR_RETREAT|MUTEX_APPROACH|MUTEX_APPROACH,0,1,1,13.1,-19.54,-14.74,-14.206,17.36,14.592,11.1,-4.351,-4.359,-4.353
,0.0,0.0,0.0,5.5813,8.2517,3.5325,1,2.9298,2.9298,LOST,0.0,FAILSAFE_HOLD_OR_RETREAT|MUTEX_APPROACH|MUTEX_APPROACH,0,1,1,13.2,-19.54,-14.689,-14.155,17.36,14.599,11.107,-4.351,-4.359,-4.353
,0.0,0.0,0.0,5.6217,8.2791,3.5324,1,2.9638,2.9638,LOST,0.0,FAILSAFE_HOLD_OR_RETREAT|MUTEX_APPROACH|MUTEX_APPROACH,0,1,1,13.3,-19.54,-14.639,-14.105,17.36,14.606,11.114,-4.351,-4.359,-4.353
,0.0,0.0,0.0,5.6618,8.3061,3.532,1,2.9975,2.9975,LOST,0.0,FAILSAFE_HOLD_OR_RETREAT|MUTEX_APPROACH|MUTEX_APPROACH,0,1,1,13.4,-19.54,-14.589,-14.055,17.36,14.614,11.122,-4.351,-4.359,-4.354
,0.0,0.0,0.0,5.7023,8.3331,3.5309,1,3.0311,3.0311,LOST,0.0,FAILSAFE_HOLD_OR_RETREAT|MUTEX_APPROACH|MUTEX_APPROACH,0,1,1,13.5,-19.54,-14.539,-14.005,17.36,14.621,11.13,-4.351,-4.359,-4.354
,0.0,0.0,0.0,5.743,8.3606,3.5295,1,3.0648,3.0648,LOST,0.0,FAILSAFE_HOLD_OR_RETREAT|MUTEX_APPROACH|MUTEX_APPROACH,0,1,1,13.6,-19.54,-14.489,-13.955,17.36,14.627,11.138,-4.351,-4.359,-4.355
,0.0,0.0,0.0,5.7839,8.3881,3.528,1,3.0983,3.0983,LOST,0.0,FAILSAFE_HOLD_OR_RETREAT|MUTEX_APPROACH|MUTEX_APPROACH,0,1,1,13.7,-19.54,-14.439,-13.905,17.36,14.633,11.146,-4.351,-4.359,-4.356
,0.0,0.0,0.0,5.825,8.4158,3.5263,1,3.1318,3.1318,LOST,0.0,FAILSAFE_HOLD_OR_RETREAT|MUTEX_APPROACH|MUTEX_APPROACH,0,1,1,13.8,-19.54,-14.389,-13.856,17.36,14.639,11.154,-4.351,-4.359,-4.357
,0.0,0.0,0.0,5.8662,8.4438,3.5249,1,3.1653,3.1653,LOST,0.0,FAILSAFE_HOLD_OR_RETREAT|MUTEX_APPROACH|MUTEX_APPROACH,0,1,1,13.9,-19.54,-14.34,-13.806,17.36,14.646,11.161,-4.351,-4.359,-4.357
,0.0,0.0,0.0,5.9074,8.472,3.5234,1,3.1987,3.1987,LOST,0.0,FAILSAFE_HOLD_OR_RETREAT|MUTEX_APPROACH|MUTEX_APPROACH,0,1,1,14.0,-19.54,-14.29,-13.756,17.36,14.652,11.169,-4.351,-4.359,-4.358
,0.0,0.0,0.0,5.949,8.5005,3.5222,1,3.2322,3.2322,LOST,0.0,FAILSAFE_HOLD_OR_RETREAT|MUTEX_APPROACH|MUTEX_APPROACH,0,1,1,14.1,-19.54,-14.24,-13.707,17.36,14.658,11.177,-4.351,-4.359,-4.358
,0.0,0.0,0.0,5.9906,8.529,3.5212,1,3.2657,3.2657,LOST,0.0,FAILSAFE_HOLD_OR_RETREAT|MUTEX_APPROACH|MUTEX_APPROACH,0,1,1,14.2,-19.54,-14.19,-13.657,17.36,14.665,11.184,-4.351,-4.359,-4.358
,0.0,0.0,0.0,6.0324,8.5572,3.5195,1,3.299,3.299,LOST,0.0,FAILSAFE_HOLD_OR_RETREAT|MUTEX_APPROACH|MUTEX_APPROACH,0,1,1,14.3,-19.54,-14.14,-13.608,17.36,14.671,11.192,-4.351,-4.359,-4.358
,0.0,0.0,0.0,6.074,8.5855,3.5174,1,3.3322,3.3322,LOST,0.0,FAILSAFE_HOLD_OR_RETREAT|MUTEX_APPROACH|MUTEX_APPROACH,0,1,1,14.4,-19.54,-14.091,-13.559,17.36,14.677,11.2,-4.351,-4.359,-4.358
,0.0,0.0,0.0,6.1156,8.6138,3.5154,1,3.3654,3.3654,LOST,0.0,FAILSAFE_HOLD_OR_RETREAT|MUTEX_APPROACH|MUTEX_APPROACH,0,1,1,14.5,-19.54,-14.041,-13.51,17.36,14.684,11.209,-4.351,-4.359,-4.359
,0.0,0.0,0.0,6.1574,8.6421,3.5134,1,3.3986,3.3986,LOST,0.0,FAILSAFE_HOLD_OR_RETREAT|MUTEX_APPROACH|MUTEX_APPROACH,0,1,1,14.6,-19.54,-13.992,-13.461,17.36,14.69,11.217,-4.351,-4.36,-4.359
,0.0,0.0,0.0,6.1991,8.6707,3.5121,1,3.4318,3.4318,LOST,0.0,FAILSAFE_HOLD_OR_RETREAT|MUTEX_APPROACH|MUTEX_APPROACH,0,1,1,14.7,-19.54,-13.942,-13.412,17.36,14.697,11.225,-4.351,-4.36,-4.359
,0.0,0.0,0.0,6.2406,8.6999,3.5114,1,3.4649,3.4649,LOST,0.0,FAILSAFE_HOLD_OR_RETREAT|MUTEX_APPROACH|MUTEX_APPROACH,0,1,1,14.8,-19.54,-13.893,-13.363,17.36,14.704,11.233,-4.351,-4.361,-4.36
,0.0,0.0,0.0,6.2823,8.7297,3.5107,1,3.4981,3.4981,LOST,0.0,FAILSAFE_HOLD_OR_RETREAT|MUTEX_APPROACH|MUTEX_APPROACH,0,1,1,14.9,-19.54,-13.844,-13.314,17.36,14.711,11.241,-4.351,-4.36,-4.361
,0.0,0.0,0.0,6.3245,8.7591,3.5093,1,3.5315,3.5315,LOST,0.0,FAILSAFE_HOLD_OR_RETREAT|MUTEX_APPROACH|MUTEX_APPROACH,0,1,1,15.0,-19.54,-13.794,-13.265,17.36,14.718,11.249,-4.351,-4.36,-4.362
,0.0,0.0,0.0,6.3671,8.7884,3.5076,1,3.565,3.565,LOST,0.0,FAILSAFE_HOLD_OR_RETREAT|MUTEX_APPROACH|MUTEX_APPROACH,0,1,1,15.1,-19.54,-13.744,-13.216,17.36,14.725,11.257,-4.351,-4.36,-4.363
,0.0,0.0,0.0,6.4098,8.818,3.5064,1,3.5985,3.5985,LOST,0.0,FAILSAFE_HOLD_OR_RETREAT|MUTEX_APPROACH|MUTEX_APPROACH,0,1,1,15.2,-19.54,-13.694,-13.167,17.36,14.732,11.266,-4.351,-4.359,-4.364
,0.0,0.0,0.0,6.4525,8.8479,3.5049,1,3.6318,3.6318,LOST,0.0,FAILSAFE_HOLD_OR_RETREAT|MUTEX_APPROACH|MUTEX_APPROACH,0,1,1,15.3,-19.54,-13.644,-13.117,17.36,14.739,11.274,-4.351,-4.358,-4.365
,0.0,0.0,0.0,6.4954,8.8778,3.5031,1,3.6653,3.6653,LOST,0.0,FAILSAFE_HOLD_OR_RETREAT|MUTEX_APPROACH|MUTEX_APPROACH,0,1,1,15.4,-19.54,-13.594,-13.068,17.36,14.746,11.283,-4.351,-4.358,-4.366
,0.0,0.0,0.0,6.5388,8.9083,3.5014,1,3.699,3.699,LOST,0.0,FAILSAFE_HOLD_OR_RETREAT|MUTEX_APPROACH|MUTEX_APPROACH,0,1,1,15.5,-19.54,-13.543,-13.019,17.36,14.753,11.291,-4.351,-4.357,-4.366
,0.0,0.0,0.0,6.582,8.9391,3.4996,1,3.7325,3.7325,LOST,0.0,FAILSAFE_HOLD_OR_RETREAT|MUTEX_APPROACH|MUTEX_APPROACH,0,1,1,15.6,-19.54,-13.494,-12.969,17.36,14.759,11.299,-4.351,-4.357,-4.367
,0.0,0.0,0.0,6.625,8.9701,3.4979,1,3.7658,3.7658,LOST,0.0,FAILSAFE_HOLD_OR_RETREAT|MUTEX_APPROACH|MUTEX_APPROACH,0,1,1,15.7,-19.54,-13.444,-12.92,17.36,14.766,11.307,-4.351,-4.356,-4.367
,0.0,0.0,0.0,6.6675,9.0011,3.4964,1,3.799,3.799,LOST,0.0,FAILSAFE_HOLD_OR_RETREAT|MUTEX_APPROACH|MUTEX_APPROACH,0,1,1,15.8,-19.54,-13.395,-12.87,17.36,14.772,11.316,-4.351,-4.356,-4.368
,0.0,0.0,0.0,6.7104,9.0324,3.495,1,3.8323,3.8323,LOST,0.0,FAILSAFE_HOLD_OR_RETREAT|MUTEX_APPROACH|MUTEX_APPROACH,0,1,1,15.9,-19.54,-13.346,-12.821,17.36,14.779,11.324,-4.351,-4.356,-4.368
,0.0,0.0,0.0,6.7534,9.0643,3.494,1,3.8658,3.8658,LOST,0.0,FAILSAFE_HOLD_OR_RETREAT|MUTEX_APPROACH|MUTEX_APPROACH,0,1,1,16.0,-19.54,-13.296,-12.771,17.36,14.786,11.332,-4.351,-4.355,-4.368
,0.0,0.0,0.0,6.7964,9.0966,3.4936,1,3.8992,3.8992,LOST,0.0,FAILSAFE_HOLD_OR_RETREAT|MUTEX_APPROACH|MUTEX_APPROACH,0,1,1,16.1,-19.54,-13.247,-12.721,17.36,14.793,11.339,-4.351,-4.354,-4.367
,0.0,0.0,0.0,6.8393,9.1293,3.4934,1,3.9326,3.9326,LOST,0.0,FAILSAFE_HOLD_OR_RETREAT|MUTEX_APPROACH|MUTEX_APPROACH,0,1,1,16.2,-19.54,-13.198,-12.671,17.36,14.8,11.347,-4.351,-4.354,-4.366
,0.0,0.0,0.0,6.8825,9.1619,3.4926,1,3.9659,3.9659,LOST,0.0,FAILSAFE_HOLD_OR_RETREAT|MUTEX_APPROACH|MUTEX_APPROACH,0,1,1,16.3,-19.54,-13.149,-12.621,17.36,14.807,11.354,-4.351,-4.353,-4.366
,0.0,0.0,0.0,6.9258,9.1946,3.4914,1,3.999,3.999,LOST,0.0,FAILSAFE_HOLD_OR_RETREAT|MUTEX_APPROACH|MUTEX_APPROACH,0,1,1,16.4,-19.54,-13.1,-12.572,17.36,14.813,11.361,-4.351,-4.352,-4.365
,0.0,0.0,0.0,6.9692,9.2273,3.4898,1,4.0322,4.0322,LOST,0.0,FAILSAFE_HOLD_OR_RETREAT|MUTEX_APPROACH|MUTEX_APPROACH,0,1,1,16.5,-19.54,-13.051,-12.522,17.36,14.819,11.369,-4.351,-4.351,-4.364
,0.0,0.0,0.0,7.0125,9.2603,3.4885,1,4.0654,4.0654,LOST,0.0,FAILSAFE_HOLD_OR_RETREAT|MUTEX_APPROACH|MUTEX_APPROACH,0,1,1,16.6,-19.54,-13.002,-12.472,17.36,14.825,11.377,-4.351,-4.35,-4.363
,0.0,0.0,0.0,7.0557,9.2936,3.4875,1,4.0985,4.0985,LOST,0.0,FAILSAFE_HOLD_OR_RETREAT|MUTEX_APPROACH|MUTEX_APPROACH,0,1,1,16.7,-19.54,-12.953,-12.422,17.36,14.831,11.384,-4.351,-4.35,-4.363
,0.0,0.0,0.0,7.0989,9.327,3.4871,1,4.1317,4.1317,LOST,0.0,FAILSAFE_HOLD_OR_RETREAT|MUTEX_APPROACH|MUTEX_APPROACH,0,1,1,16.8,-19.54,-12.904,-12.373,17.36,14.838,11.391,-4.351,-4.349,-4.362
,0.0,0.0,0.0,7.1422,9.3603,3.4867,1,4.1648,4.1648,LOST,0.0,FAILSAFE_HOLD_OR_RETREAT|MUTEX_APPROACH|MUTEX_APPROACH,0,1,1,16.9,-19.54,-12.856,-12.323,17.36,14.844,11.399,-4.351,-4.349,-4.362
,0.0,0.0,0.0,7.1855,9.3939,3.4868,1,4.1979,4.1979,LOST,0.0,FAILSAFE_HOLD_OR_RETREAT|MUTEX_APPROACH|MUTEX_APPROACH,0,1,1,17.0,-19.54,-12.807,-12.274,17.36,14.852,11.406,-4.351,-4.349,-4.362
,0.0,0.0,0.0,7.2287,9.428,3.487,1,4.2312,4.2312,LOST,0.0,FAILSAFE_HOLD_OR_RETREAT|MUTEX_APPROACH|MUTEX_APPROACH,0,1,1,17.1,-19.54,-12.758,-12.224,17.36,14.859,11.413,-4.351,-4.35,-4.362
,0.0,0.0,0.0,7.272,9.4621,3.4869,1,4.2644,4.2644,LOST,0.0,FAILSAFE_HOLD_OR_RETREAT|MUTEX_APPROACH|MUTEX_APPROACH,0,1,1,17.2,-19.54,-12.709,-12.174,17.36,14.866,11.421,-4.351,-4.35,-4.362
,0.0,0.0,0.0,7.3156,9.4964,3.4862,1,4.2977,4.2977,LOST,0.0,FAILSAFE_HOLD_OR_RETREAT|MUTEX_APPROACH|MUTEX_APPROACH,0,1,1,17.3,-19.54,-12.66,-12.124,17.36,14.873,11.428,-4.351,-4.35,-4.362
,0.0,0.0,0.0,7.3591,9.5308,3.4859,1,4.3309,4.3309,LOST,0.0,FAILSAFE_HOLD_OR_RETREAT|MUTEX_APPROACH|MUTEX_APPROACH,0,1,1,17.4,-19.54,-12.612,-12.074,17.36,14.88,11.436,-4.351,-4.351,-4.362
,0.0,0.0,0.0,7.4027,9.5652,3.4859,1,4.3641,4.3641,LOST,0.0,FAILSAFE_HOLD_OR_RETREAT|MUTEX_APPROACH|MUTEX_APPROACH,0,1,1,17.5,-19.54,-12.563,-12.024,17.36,14.887,11.443,-4.351,-4.352,-4.362
,0.0,0.0,0.0,7.4462,9.5993,3.4854,1,4.3973,4.3973,LOST,0.0,FAILSAFE_HOLD_OR_RETREAT|MUTEX_APPROACH|MUTEX_APPROACH,0,1,1,17.6,-19.54,-12.514,-11.975,17.36,14.894,11.451,-4.351,-4.353,-4.362
,0.0,0.0,0.0,7.4902,9.6333,3.4846,1,4.4306,4.4306,LOST,0.0,FAILSAFE_HOLD_OR_RETREAT|MUTEX_APPROACH|MUTEX_APPROACH,0,1,1,17.7,-19.54,-12.465,-11.925,17.36,14.902,11.459,-4.351,-4.354,-4.362
,0.0,0.0,0.0,7.5341,9.6677,3.4841,1,4.4638,4.4638,LOST,0.0,FAILSAFE_HOLD_OR_RETREAT|MUTEX_APPROACH|MUTEX_APPROACH,0,1,1,17.8,-19.54,-12.416,-11.876,17.36,14.909,11.467,-4.351,-4.355,-4.361
,0.0,0.0,0.0,7.5781,9.7025,3.4841,1,4.4971,4.4971,LOST,0.0,FAILSAFE_HOLD_OR_RETREAT|MUTEX_APPROACH|MUTEX_APPROACH,0,1,1,17.9,-19.54,-12.367,-11.826,17.36,14.917,11.475,-4.351,-4.356,-4.361
,0.0,0.0,0.0,7.6223,9.7374,3.4835,1,4.5305,4.5305,LOST,0.0,FAILSAFE_HOLD_OR_RETREAT|MUTEX_APPROACH|MUTEX_APPROACH,0,1,1,18.0,-19.54,-12.318,-11.776,17.36,14.924,11.483,-4.351,-4.357,-4.361
,0.0,0.0,0.0,7.6665,9.7719,3.4825,1,4.5638,4.5638,LOST,0.0,FAILSAFE_HOLD_OR_RETREAT|MUTEX_APPROACH|MUTEX_APPROACH,0,1,1,18.1,-19.54,-12.269,-11.727,17.36,14.931,11.491,-4.351,-4.358,-4.361
,0.0,0.0,0.0,7.7109,9.8066,3.4814,1,4.597,4.597,LOST,0.0,FAILSAFE_HOLD_OR_RETREAT|MUTEX_APPROACH|MUTEX_APPROACH,0,1,1,18.2,-19.54,-12.219,-11.677,17.36,14.938,11.499,-4.351,-4.358,-4.361
,0.0,0.0,0.0,7.7556,9.8417,3.4804,1,4.6304,4.6304,LOST,0.0,FAILSAFE_HOLD_OR_RETREAT|MUTEX_APPROACH|MUTEX_APPROACH,0,1,1,18.3,-19.54,-12.17,-11.628,17.36,14.945,11.507,-4.351,-4.358,-4.361
,0.0,0.0,0.0,7.8002,9.877,3.4794,1,4.6637,4.6637,LOST,0.0,FAILSAFE_HOLD_OR_RETREAT|MUTEX_APPROACH|MUTEX_APPROACH,0,1,1,18.4,-19.54,-12.121,-11.578,17.36,14.952,11.515,-4.351,-4.359,-4.362
,0.0,0.0,0.0,7.8448,9.9124,3.4783,1,4.6969,4.6969,LOST,0.0,FAILSAFE_HOLD_OR_RETREAT|MUTEX_APPROACH|MUTEX_APPROACH,0,1,1,18.5,-19.54,-12.072,-11.528,17.36,14.958,11.523,-4.351,-4.359,-4.361
,0.0,0.0,0.0,7.8896,9.9481,3.4773,1,4.7301,4.7301,LOST,0.0,FAILSAFE_HOLD_OR_RETREAT|MUTEX_APPROACH|MUTEX_APPROACH,0,1,1,18.6,-19.54,-12.023,-11.479,17.36,14.965,11.531,-4.351,-4.36,-4.361
,0.0,0.0,0.0,7.9342,9.9841,3.4769,1,4.7633,4.7633,LOST,0.0,FAILSAFE_HOLD_OR_RETREAT|MUTEX_APPROACH|MUTEX_APPROACH,0,1,1,18.7,-19.54,-11.974,-11.429,17.36,14.972,11.538,-4.351,-4.36,-4.361
,0.0,0.0,0.0,7.979,10.0204,3.4765,1,4.7966,4.7966,LOST,0.0,FAILSAFE_HOLD_OR_RETREAT|MUTEX_APPROACH|MUTEX_APPROACH,0,1,1,18.8,-19.54,-11.925,-11.379,17.36,14.978,11.545,-4.351,-4.36,-4.361
,0.0,0.0,0.0,8.0242,10.0567,3.4759,1,4.8299,4.8299,LOST,0.0,FAILSAFE_HOLD_OR_RETREAT|MUTEX_APPROACH|MUTEX_APPROACH,0,1,1,18.9,-19.54,-11.876,-11.33,17.36,14.985,11.552,-4.351,-4.359,-4.361
,0.0,0.0,0.0,8.0694,10.0936,3.4757,1,4.8633,4.8633,LOST,0.0,FAILSAFE_HOLD_OR_RETREAT|MUTEX_APPROACH|MUTEX_APPROACH,0,1,1,19.0,-19.54,-11.826,-11.28,17.36,14.992,11.559,-4.351,-4.359,-4.361
,0.0,0.0,0.0,8.1145,10.1311,3.4754,1,4.8969,4.8969,LOST,0.0,FAILSAFE_HOLD_OR_RETREAT|MUTEX_APPROACH|MUTEX_APPROACH,0,1,1,19.1,-19.54,-11.777,-11.229,17.36,14.998,11.566,-4.351,-4.359,-4.36
,0.0,0.0,0.0,8.1597,10.1685,3.4753,1,4.9304,4.9304,LOST,0.0,FAILSAFE_HOLD_OR_RETREAT|MUTEX_APPROACH|MUTEX_APPROACH,0,1,1,19.2,-19.54,-11.728,-11.179,17.36,15.005,11.573,-4.351,-4.359,-4.36
,0.0,0.0,0.0,8.2049,10.206,3.4758,1,4.9638,4.9638,LOST,0.0,FAILSAFE_HOLD_OR_RETREAT|MUTEX_APPROACH|MUTEX_APPROACH,0,1,1,19.3,-19.54,-11.678,-11.129,17.36,15.012,11.58,-4.351,-4.359,-4.359
,0.0,0.0,0.0,8.2503,10.2433,3.4762,1,4.9971,4.9971,LOST,0.0,FAILSAFE_HOLD_OR_RETREAT|MUTEX_APPROACH|MUTEX_APPROACH,0,1,1,19.4,-19.54,-11.629,-11.079,17.36,15.018,11.586,-4.351,-4.359,-4.359
,0.0,0.0,0.0,8.2957,10.2809,3.4768,1,5.0304,5.0304,LOST,0.0,FAILSAFE_HOLD_OR_RETREAT|MUTEX_APPROACH|MUTEX_APPROACH,0,1,1,19.5,-19.54,-11.58,-11.029,17.36,15.025,11.592,-4.351,-4.359,-4.359
,0.0,0.0,0.0,8.3413,10.3187,3.4773,1,5.0638,5.0638,LOST,0.0,FAILSAFE_HOLD_OR_RETREAT|MUTEX_APPROACH|MUTEX_APPROACH,0,1,1,19.6,-19.54,-11.53,-10.979,17.36,15.032,11.599,-4.351,-4.36,-4.359
,0.0,0.0,0.0,8.3868,10.3563,3.4775,1,5.0973,5.0973,LOST,0.0,FAILSAFE_HOLD_OR_RETREAT|MUTEX_APPROACH|MUTEX_APPROACH,0,1,1,19.7,-19.54,-11.481,-10.929,17.36,15.039,11.606,-4.351,-4.36,-4.358
,0.0,0.0,0.0,8.4323,10.3935,3.4776,1,5.1304,5.1304,LOST,0.0,FAILSAFE_HOLD_OR_RETREAT|MUTEX_APPROACH|MUTEX_APPROACH,0,1,1,19.8,-19.54,-11.431,-10.88,17.36,15.046,11.613,-4.351,-4.36,-4.358
,0.0,0.0,0.0,8.4778,10.4304,3.4773,1,5.1635,5.1635,LOST,0.0,FAILSAFE_HOLD_OR_RETREAT|MUTEX_APPROACH|MUTEX_APPROACH,0,1,1,19.9,-19.54,-11.382,-10.831,17.36,15.053,11.62,-4.351,-4.361,-4.357
,0.0,0.0,0.0,8.5234,10.4676,3.4775,1,5.1968,5.1968,LOST,0.0,FAILSAFE_HOLD_OR_RETREAT|MUTEX_APPROACH|MUTEX_APPROACH,0,1,1,20.0,-19.54,-11.333,-10.782,17.36,15.061,11.627,-4.351,-4.362,-4.357
,0.0,0.0,0.0,8.5693,10.5055,3.4779,1,5.2303,5.2303,LOST,0.0,FAILSAFE_HOLD_OR_RETREAT|MUTEX_APPROACH|MUTEX_APPROACH,0,1,1,20.1,-19.54,-11.283,-10.732,17.36,15.068,11.634,-4.351,-4.362,-4.356
,0.0,0.0,0.0,8.615,10.5436,3.4785,1,5.2638,5.2638,LOST,0.0,FAILSAFE_HOLD_OR_RETREAT|MUTEX_APPROACH|MUTEX_APPROACH,0,1,1,20.2,-19.54,-11.234,-10.682,17.36,15.075,11.641,-4.351,-4.362,-4.356
,0.0,0.0,0.0,8.6607,10.582,3.4797,1,5.2973,5.2973,LOST,0.0,FAILSAFE_HOLD_OR_RETREAT|MUTEX_APPROACH|MUTEX_APPROACH,0,1,1,20.3,-19.54,-11.184,-10.632,17.36,15.083,11.648,-4.351,-4.362,-4.355
,0.0,0.0,0.0,8.7065,10.62,3.4805,1,5.3306,5.3306,LOST,0.0,FAILSAFE_HOLD_OR_RETREAT|MUTEX_APPROACH|MUTEX_APPROACH,0,1,1,20.4,-19.54,-11.135,-10.583,17.36,15.091,11.654,-4.351,-4.362,-4.354
,0.0,0.0,0.0,8.7516,10.6574,3.481,1,5.3634,5.3634,LOST,0.0,FAILSAFE_HOLD_OR_RETREAT|MUTEX_APPROACH|MUTEX_APPROACH,0,1,1,20.5,-19.54,-11.086,-10.534,17.36,15.098,11.661,-4.351,-4.362,-4.354
,0.0,0.0,0.0,8.7954,10.694,3.4814,1,5.3952,5.3952,LOST,0.0,FAILSAFE_HOLD_OR_RETREAT|MUTEX_APPROACH|MUTEX_APPROACH,0,1,1,20.6,-19.54,-11.039,-10.487,17.36,15.105,11.667,-4.351,-4.361,-4.353
,0.0,0.0,0.0,8.8376,10.729,3.4819,1,5.4257,5.4257,LOST,0.0,FAILSAFE_HOLD_OR_RETREAT|MUTEX_APPROACH|MUTEX_APPROACH,0,1,1,20.7,-19.54,-10.993,-10.442,17.36,15.112,11.674,-4.351,-4.36,-4.353
,0.0,0.0,0.0,8.8776,10.7623,3.4822,1,5.4547,5.4547,LOST,0.0,FAILSAFE_HOLD_OR_RETREAT|MUTEX_APPROACH|MUTEX_APPROACH,0,1,1,20.8,-19.54,-10.95,-10.399,17.36,15.118,11.68,-4.351,-4.36,-4.353
,0.0,0.0,0.0,8.9151,10.794,3.483,1,5.482,5.482,LOST,0.0,FAILSAFE_HOLD_OR_RETREAT|MUTEX_APPROACH|MUTEX_APPROACH,0,1,1,20.9,-19.54,-10.91,-10.358,17.36,15.124,11.685,-4.351,-4.36,-4.353
,0.0,0.0,0.0,8.9502,10.8237,3.4833,1,5.5076,5.5076,LOST,0.0,FAILSAFE_HOLD_OR_RETREAT|MUTEX_APPROACH|MUTEX_APPROACH,0,1,1,21.0,-19.54,-10.872,-10.32,17.36,15.13,11.691,-4.351,-4.36,-4.353
,0.0,0.0,0.0,8.9829,10.8514,3.4836,1,5.5313,5.5313,LOST,0.0,FAILSAFE_HOLD_OR_RETREAT|MUTEX_APPROACH|MUTEX_APPROACH,0,1,1,21.1,-19.54,-10.837,-10.284,17.36,15.135,11.696,-4.351,-4.36,-4.353
,0.0,0.0,0.0,9.0133,10.8772,3.4842,1,5.5533,5.5533,LOST,0.0,FAILSAFE_HOLD_OR_RETREAT|MUTEX_APPROACH|MUTEX_APPROACH,0,1,1,21.2,-19.54,-10.805,-10.252,17.36,15.14,11.7,-4.351,-4.36,-4.353
,0.0,0.0,0.0,9.0415,10.9008,3.4839,1,5.5735,5.5735,LOST,0.0,FAILSAFE_HOLD_OR_RETREAT|MUTEX_APPROACH|MUTEX_APPROACH,0,1,1,21.3,-19.54,-10.775,-10.221,17.36,15.143,11.704,-4.351,-4.36,-4.353
,0.0,0.0,0.0,9.0674,10.9224,3.4833,1,5.592,5.592,LOST,0.0,FAILSAFE_HOLD_OR_RETREAT|MUTEX_APPROACH|MUTEX_APPROACH,0,1,1,21.4,-19.54,-10.747,-10.194,17.36,15.147,11.708,-4.351,-4.36,-4.353
,0.0,0.0,0.0,9.091,10.9425,3.483,1,5.6091,5.6091,LOST,0.0,FAILSAFE_HOLD_OR_RETREAT|MUTEX_APPROACH|MUTEX_APPROACH,0,1,1,21.5,-19.54,-10.722,-10.168,17.36,15.15,11.711,-4.351,-4.361,-4.353
,0.0,0.0,0.0,9.1127,10.9611,3.4826,1,5.6248,5.6248,LOST,0.0,FAILSAFE_HOLD_OR_RETREAT|MUTEX_YIELD|MUTEX_YIELD,0,1,1,21.6,-19.54,-10.699,-10.145,17.36,15.153,11.715,-4.351,-4.361,-4.353
,0.0,0.0,0.0,9.1323,10.9783,3.4821,1,5.6392,5.6392,LOST,0.0,FAILSAFE_HOLD_OR_RETREAT|MUTEX_YIELD|MUTEX_YIELD,0,1,1,21.7,-19.54,-10.678,-10.123,17.36,15.155,11.718,-4.351,-4.361,-4.354
,0.0,0.0,0.0,9.1498,10.9935,3.4813,1,5.6522,5.6522,LOST,0.0,FAILSAFE_HOLD_OR_RETREAT|MUTEX_YIELD|MUTEX_YIELD,0,1,1,21.8,-19.54,-10.659,-10.103,17.36,15.158,11.721,-4.351,-4.362,-4.355
,0.0,0.0,0.0,9.1655,11.0071,3.4805,1,5.664,5.664,LOST,0.0,FAILSAFE_HOLD_OR_RETREAT|MUTEX_YIELD|MUTEX_YIELD,0,1,1,21.9,-19.54,-10.642,-10.085,17.36,15.16,11.725,-4.351,-4.362,-4.355
,0.0,0.0,0.0,9.1797,11.0195,3.4803,1,5.6745,5.6745,LOST,0.0,FAILSAFE_HOLD_OR_RETREAT|MUTEX_YIELD|MUTEX_YIELD,0,1,1,22.0,-19.54,-10.627,-10.069,17.36,15.163,11.728,-4.351,-4.362,-4.356
,0.0,0.0,0.0,9.1924,11.0304,3.4805,1,5.6838,5.6838,LOST,0.0,FAILSAFE_HOLD_OR_RETREAT|MUTEX_YIELD|MUTEX_YIELD,0,1,1,22.1,-19.54,-10.614,-10.055,17.36,15.165,11.73,-4.351,-4.361,-4.357
,0.0,0.0,0.0,9.2036,11.0401,3.4809,1,5.6922,5.6922,LOST,0.0,FAILSAFE_HOLD_OR_RETREAT|MUTEX_YIELD|MUTEX_YIELD,0,1,1,22.2,-19.54,-10.601,-10.042,17.36,15.167,11.732,-4.351,-4.361,-4.358
,0.0,0.0,0.0,9.2137,11.0487,3.4808,1,5.6997,5.6997,LOST,0.0,FAILSAFE_HOLD_OR_RETREAT|MUTEX_YIELD|MUTEX_YIELD,0,1,1,22.3,-19.54,-10.591,-10.031,17.36,15.17,11.734,-4.351,-4.36,-4.359
,0.0,0.0,0.0,9.2228,11.0563,3.4807,1,5.7064,5.7064,LOST,0.0,FAILSAFE_HOLD_OR_RETREAT|MUTEX_YIELD|MUTEX_YIELD,0,1,1,22.4,-19.54,-10.581,-10.021,17.36,15.171,11.736,-4.351,-4.359,-4.36
,0.0,0.0,0.0,9.2309,11.0629,3.4804,1,5.7124,5.7124,LOST,0.0,FAILSAFE_HOLD_OR_RETREAT|MUTEX_YIELD|MUTEX_YIELD,0,1,1,22.5,-19.54,-10.572,-10.012,17.36,15.173,11.738,-4.351,-4.359,-4.36
,0.0,0.0,0.0,9.2381,11.0688,3.4801,1,5.7178,5.7178,LOST,0.0,FAILSAFE_HOLD_OR_RETREAT|MUTEX_YIELD|MUTEX_YIELD,0,1,1,22.6,-19.54,-10.564,-10.004,17.36,15.175,11.74,-4.351,-4.358,-4.36
,0.0,0.0,0.0,9.2509,11.0744,3.4797,1,5.7251,5.7251,LOST,0.0,FAILSAFE_HOLD_OR_RETREAT|MUTEX_PASS|MUTEX_YIELD,0,1,1,22.7,-19.54,-10.55,-9.996,17.36,15.177,11.742,-4.351,-4.357,-4.36
,0.0,0.0,0.0,9.2713,11.0795,3.4791,1,5.735,5.735,LOST,0.0,FAILSAFE_HOLD_OR_RETREAT|MUTEX_PASS|MUTEX_YIELD,0,1,1,22.8,-19.54,-10.529,-9.989,17.36,15.181,11.744,-4.351,-4.356,-4.36
,0.0,0.0,0.0,9.2976,11.0837,3.4785,1,5.7465,5.7465,LOST,0.0,FAILSAFE_HOLD_OR_RETREAT|MUTEX_PASS|MUTEX_YIELD,0,1,1,22.9,-19.54,-10.5,-9.983,17.36,15.186,11.746,-4.351,-4.355,-4.36
,0.0,0.0,0.0,9.3287,11.0869,3.4772,1,5.7595,5.7595,LOST,0.0,FAILSAFE_HOLD_OR_RETREAT|MUTEX_PASS|MUTEX_YIELD,0,1,1,23.0,-19.54,-10.467,-9.978,17.36,15.191,11.748,-4.351,-4.355,-4.361
,0.0,0.0,0.0,9.3636,11.0895,3.4761,1,5.7737,5.7737,LOST,0.0,FAILSAFE_HOLD_OR_RETREAT|MUTEX_PASS|MUTEX_YIELD,0,1,1,23.1,-19.54,-10.43,-9.974,17.36,15.197,11.751,-4.351,-4.354,-4.361
,0.0,0.0,0.0,9.4017,11.0916,3.4756,1,5.7888,5.7888,LOST,0.0,FAILSAFE_HOLD_OR_RETREAT|MUTEX_PASS|MUTEX_YIELD,0,1,1,23.2,-19.54,-10.389,-9.97,17.36,15.203,11.753,-4.351,-4.354,-4.361
,0.0,0.0,0.0,9.4421,11.0933,3.4757,1,5.8045,5.8045,LOST,0.0,FAILSAFE_HOLD_OR_RETREAT|MUTEX_PASS|MUTEX_YIELD,0,1,1,23.3,-19.54,-10.346,-9.967,17.36,15.21,11.755,-4.351,-4.354,-4.361
,0.0,0.0,0.0,9.4845,11.0946,3.4763,1,5.8209,5.8209,LOST,0.0,FAILSAFE_HOLD_OR_RETREAT|MUTEX_PASS|MUTEX_YIELD,0,1,1,23.4,-19.54,-10.301,-9.964,17.36,15.217,11.757,-4.351,-4.354,-4.362
,0.0,0.0,0.0,9.5285,11.096,3.4773,1,5.8377,5.8377,LOST,0.0,FAILSAFE_HOLD_OR_RETREAT|MUTEX_PASS|MUTEX_YIELD,0,1,1,23.5,-19.54,-10.254,-9.961,17.36,15.225,11.76,-4.351,-4.354,-4.362
,0.0,0.0,0.0,9.5735,11.0972,3.4788,1,5.8549,5.8549,LOST,0.0,FAILSAFE_HOLD_OR_RETREAT|MUTEX_PASS|MUTEX_YIELD,0,1,1,23.6,-19.54,-10.206,-9.958,17.36,15.232,11.762,-4.351,-4.355,-4.362
,0.0,0.0,0.0,9.6192,11.0982,3.4809,1,5.8724,5.8724,LOST,0.0,FAILSAFE_HOLD_OR_RETREAT|MUTEX_PASS|MUTEX_YIELD,0,1,1,23.7,-19.54,-10.158,-9.955,17.36,15.24,11.765,-4.351,-4.355,-4.362
,0.0,0.0,0.0,9.6656,11.0992,3.4832,1,5.89,5.89,LOST,0.0,FAILSAFE_HOLD_OR_RETREAT|MUTEX_PASS|MUTEX_YIELD,0,1,1,23.8,-19.54,-10.108,-9.953,17.36,15.247,11.767,-4.351,-4.356,-4.362
,0.0,0.0,0.0,9.7126,11.1,3.4857,1,5.9076,5.9076,LOST,0.0,FAILSAFE_HOLD_OR_RETREAT|MUTEX_PASS|MUTEX_YIELD,0,1,1,23.9,-19.54,-10.059,-9.95,17.36,15.254,11.77,-4.351,-4.356,-4.362
,0.0,0.0,0.0,9.7604,11.1005,3.4886,1,5.9255,5.9255,LOST,0.0,FAILSAFE_HOLD_OR_RETREAT|MUTEX_PASS|MUTEX_YIELD,0,1,1,24.0,-19.54,-10.008,-9.948,17.36,15.261,11.773,-4.351,-4.356,-4.362
,0.0,0.0,0.0,9.8086,11.1009,3.4919,1,5.9434,5.9434,LOST,0.0,FAILSAFE_HOLD_OR_RETREAT|MUTEX_PASS|MUTEX_YIELD,0,1,1,24.1,-19.54,-9.957,-9.946,17.36,15.268,11.776,-4.351,-4.356,-4.363
,0.0,0.0,0.0,9.8568,11.1011,3.496,1,5.9613,5.9613,LOST,0.0,FAILSAFE_HOLD_OR_RETREAT|MUTEX_PASS|MUTEX_YIELD,0,1,1,24.2,-19.54,-9.907,-9.944,17.36,15.274,11.779,-4.351,-4.356,-4.363
,0.0,0.0,0.0,9.905,11.1012,3.5016,1,5.9791,5.9791,LOST,0.0,FAILSAFE_HOLD_OR_RETREAT|MUTEX_PASS|MUTEX_YIELD,0,1,1,24.3,-19.54,-9.856,-9.942,17.36,15.282,11.781,-4.351,-4.356,-4.363
,0.0,0.0,0.0,9.9535,11.1014,3.5083,1,5.997,5.997,LOST,0.0,FAILSAFE_HOLD_OR_RETREAT|MUTEX_PASS|MUTEX_YIELD,0,1,1,24.4,-19.54,-9.804,-9.941,17.36,15.289,11.784,-4.351,-4.356,-4.363
,0.0,0.0,0.0,10.0022,11.102,3.5156,1,6.0151,6.0151,LOST,0.0,FAILSAFE_HOLD_OR_RETREAT|MUTEX_PASS|MUTEX_YIELD,0,1,1,24.5,-19.54,-9.753,-9.939,17.36,15.297,11.786,-4.351,-4.356,-4.364
,0.0,0.0,0.0,10.051,11.1025,3.5241,1,6.033,6.033,LOST,0.0,FAILSAFE_HOLD_OR_RETREAT|MUTEX_PASS|MUTEX_YIELD,0,1,1,24.6,-19.54,-9.702,-9.937,17.36,15.304,11.788,-4.351,-4.357,-4.364
,0.0,0.0,0.0,10.0998,11.103,3.5333,1,6.0509,6.0509,LOST,0.0,FAILSAFE_HOLD_OR_RETREAT|MUTEX_PASS|MUTEX_YIELD,0,1,1,24.7,-19.54,-9.65,-9.936,17.36,15.311,11.789,-4.351,-4.357,-4.364
,0.0,0.0,0.0,10.1487,11.1035,3.5431,1,6.0687,6.0687,LOST,0.0,FAILSAFE_HOLD_OR_RETREAT|MUTEX_PASS|MUTEX_YIELD,0,1,1,24.8,-19.54,-9.599,-9.934,17.36,15.318,11.791,-4.351,-4.357,-4.364
,0.0,0.0,0.0,10.1978,11.1044,3.5539,1,6.0867,6.0867,LOST,0.0,FAILSAFE_HOLD_OR_RETREAT|MUTEX_PASS|MUTEX_YIELD,0,1,1,24.9,-19.54,-9.547,-9.932,17.36,15.325,11.792,-4.351,-4.357,-4.364
,0.0,0.0,0.0,10.247,11.1055,3.5653,1,6.1049,6.1049,LOST,0.0,FAILSAFE_HOLD_OR_RETREAT|MUTEX_PASS|MUTEX_YIELD,0,1,1,25.0,-19.54,-9.496,-9.93,17.36,15.332,11.794,-4.351,-4.358,-4.364
,0.0,0.0,0.0,10.2962,11.1067,3.5771,1,6.123,6.123,LOST,0.0,FAILSAFE_HOLD_OR_RETREAT|MUTEX_PASS|MUTEX_YIELD,0,1,1,25.1,-19.54,-9.444,-9.928,17.36,15.339,11.795,-4.351,-4.358,-4.364
,0.0,0.0,0.0,10.3451,11.1084,3.5894,1,6.141,6.141,LOST,0.0,FAILSAFE_HOLD_OR_RETREAT|MUTEX_PASS|MUTEX_YIELD,0,1,1,25.2,-19.54,-9.393,-9.926,17.36,15.346,11.796,-4.351,-4.358,-4.364
,0.0,0.0,0.0,10.3937,11.1097,3.6022,1,6.1589,6.1589,LOST,0.0,FAILSAFE_HOLD_OR_RETREAT|MUTEX_PASS|MUTEX_YIELD,0,1,1,25.3,-19.54,-9.342,-9.923,17.36,15.352,11.797,-4.351,-4.358,-4.364
,0.0,0.0,0.0,10.4425,11.1108,3.6156,1,6.1768,6.1768,LOST,0.0,FAILSAFE_HOLD_OR_RETREAT|MUTEX_PASS|MUTEX_YIELD,0,1,1,25.4,-19.54,-9.291,-9.921,17.36,15.359,11.799,-4.351,-4.358,-4.365
,0.0,0.0,0.0,10.4916,11.1118,3.6301,1,6.1947,6.1947,LOST,0.0,FAILSAFE_HOLD_OR_RETREAT|MUTEX_PASS|MUTEX_YIELD,0,1,1,25.5,-19.54,-9.24,-9.919,17.36,15.366,11.8,-4.351,-4.358,-4.365
,0.0,0.0,0.0,10.5409,11.1129,3.6457,1,6.2127,6.2127,LOST,0.0,FAILSAFE_HOLD_OR_RETREAT|MUTEX_PASS|MUTEX_YIELD,0,1,1,25.6,-19.54,-9.188,-9.918,17.36,15.372,11.801,-4.351,-4.357,-4.365
,0.0,0.0,0.0,10.5903,11.1143,3.6621,1,6.2307,6.2307,LOST,0.0,FAILSAFE_HOLD_OR_RETREAT|MUTEX_PASS|MUTEX_YIELD,0,1,1,25.7,-19.54,-9.137,-9.916,17.36,15.379,11.801,-4.351,-4.357,-4.364
,0.0,0.0,0.0,10.6397,11.116,3.6791,1,6.2488,6.2488,LOST,0.0,FAILSAFE_HOLD_OR_RETREAT|MUTEX_PASS|MUTEX_YIELD,0,1,1,25.8,-19.54,-9.085,-9.913,17.36,15.386,11.802,-4.351,-4.356,-4.364
,0.0,0.0,0.0,10.6888,11.1178,3.6975,1,6.2668,6.2668,LOST,0.0,FAILSAFE_HOLD_OR_RETREAT|MUTEX_PASS|MUTEX_YIELD,0,1,1,25.9,-19.54,-9.034,-9.911,17.36,15.394,11.802,-4.351,-4.355,-4.363
,0.0,0.0,0.0,10.7374,11.1201,3.7171,1,6.2847,6.2847,LOST,0.0,FAILSAFE_HOLD_OR_RETREAT|MUTEX_PASS|MUTEX_YIELD,0,1,1,26.0,-19.54,-8.983,-9.909,17.36,15.401,11.801,-4.351,-4.355,-4.362
,0.0,0.0,0.0,10.7859,11.1225,3.7373,1,6.3025,6.3025,LOST,0.0,FAILSAFE_HOLD_OR_RETREAT|MUTEX_PASS|MUTEX_YIELD,0,1,1,26.1,-19.54,-8.932,-9.907,17.36,15.409,11.8,-4.351,-4.354,-4.361
,0.0,0.0,0.0,10.8345,11.1247,3.7579,1,6.3202,6.3202,LOST,0.0,FAILSAFE_HOLD_OR_RETREAT|MUTEX_PASS|MUTEX_YIELD,0,1,1,26.2,-19.54,-8.882,-9.905,17.36,15.416,11.8,-4.351,-4.354,-4.36
,0.0,0.0,0.0,10.8828,11.127,3.7791,1,6.338,6.338,LOST,0.0,FAILSAFE_HOLD_OR_RETREAT|MUTEX_PASS|MUTEX_YIELD,0,1,1,26.3,-19.54,-8.831,-9.902,17.36,15.423,11.799,-4.351,-4.353,-4.359
,0.0,0.0,0.0,10.9308,11.1292,3.8004,1,6.3557,6.3557,LOST,0.0,FAILSAFE_HOLD_OR_RETREAT|MUTEX_PASS|MUTEX_YIELD,0,1,1,26.4,-19.54,-8.781,-9.9,17.36,15.431,11.799,-4.351,-4.352,-4.358
,0.0,0.0,0.0,10.9789,11.1309,3.8216,1,6.3733,6.3733,LOST,0.0,FAILSAFE_HOLD_OR_RETREAT|MUTEX_PASS|MUTEX_YIELD,0,1,1,26.5,-19.54,-8.731,-9.898,17.36,15.438,11.799,-4.351,-4.351,-4.357
,0.0,0.0,0.0,11.0274,11.1324,3.8434,1,6.391,6.391,LOST,0.0,FAILSAFE_HOLD_OR_RETREAT|MUTEX_PASS|MUTEX_YIELD,0,1,1,26.6,-19.54,-8.68,-9.896,17.36,15.446,11.8,-4.351,-4.351,-4.356
,0.0,0.0,0.0,11.0758,11.1337,3.8661,1,6.4086,6.4086,LOST,0.0,FAILSAFE_HOLD_OR_RETREAT|MUTEX_PASS|MUTEX_YIELD,0,1,1,26.7,-19.54,-8.63,-9.894,17.36,15.454,11.8,-4.351,-4.351,-4.355
,0.0,0.0,0.0,11.1239,11.1354,3.8891,1,6.4262,6.4262,LOST,0.0,FAILSAFE_HOLD_OR_RETREAT|MUTEX_PASS|MUTEX_YIELD,0,1,1,26.8,-19.54,-8.58,-9.892,17.36,15.461,11.8,-4.351,-4.352,-4.355
,0.0,0.0,0.0,11.1718,11.1372,3.9121,1,6.4438,6.4438,LOST,0.0,FAILSAFE_HOLD_OR_RETREAT|MUTEX_PASS|MUTEX_YIELD,0,1,1,26.9,-19.54,-8.53,-9.89,17.36,15.469,11.801,-4.351,-4.353,-4.354
,0.0,0.0,0.0,11.2199,11.1389,3.9357,1,6.4615,6.4615,LOST,0.0,FAILSAFE_HOLD_OR_RETREAT|MUTEX_PASS|MUTEX_YIELD,0,1,1,27.0,-19.54,-8.48,-9.887,17.36,15.477,11.801,-4.351,-4.354,-4.353
,0.0,0.0,0.0,11.268,11.1403,3.9598,1,6.4793,6.4793,LOST,0.0,FAILSAFE_HOLD_OR_RETREAT|MUTEX_PASS|MUTEX_YIELD,0,1,1,27.1,-19.54,-8.429,-9.885,17.36,15.485,11.802,-4.351,-4.355,-4.353
,0.0,0.0,0.0,11.3162,11.1418,3.9845,1,6.497,6.497,LOST,0.0,FAILSAFE_HOLD_OR_RETREAT|MUTEX_PASS|MUTEX_YIELD,0,1,1,27.2,-19.54,-8.379,-9.883,17.36,15.493,11.803,-4.351,-4.356,-4.353
,0.0,0.0,0.0,11.3643,11.1434,4.0099,1,6.5148,6.5148,LOST,0.0,FAILSAFE_HOLD_OR_RETREAT|MUTEX_PASS|MUTEX_YIELD,0,1,1,27.3,-19.54,-8.329,-9.88,17.36,15.502,11.804,-4.351,-4.357,-4.352
,0.0,0.0,0.0,11.4124,11.145,4.0359,1,6.5325,6.5325,LOST,0.0,FAILSAFE_HOLD_OR_RETREAT|MUTEX_PASS|MUTEX_YIELD,0,1,1,27.4,-19.54,-8.279,-9.878,17.36,15.51,11.805,-4.351,-4.359,-4.352
,0.0,0.0,0.0,11.4607,11.1467,4.0625,1,6.5502,6.5502,LOST,0.0,FAILSAFE_HOLD_OR_RETREAT|MUTEX_PASS|MUTEX_YIELD,0,1,1,27.5,-19.54,-8.228,-9.876,17.36,15.518,11.805,-4.351,-4.36,-4.352
,0.0,0.0,0.0,11.509,11.1488,4.0899,1,6.5679,6.5679,LOST,0.0,FAILSAFE_HOLD_OR_RETREAT|MUTEX_PASS|MUTEX_YIELD,0,1,1,27.6,-19.54,-8.178,-9.874,17.36,15.527,11.805,-4.351,-4.361,-4.352
,0.0,0.0,0.0,11.5571,11.1514,4.118,1,6.5856,6.5856,LOST,0.0,FAILSAFE_HOLD_OR_RETREAT|MUTEX_PASS|MUTEX_YIELD,0,1,1,27.7,-19.54,-8.128,-9.871,17.36,15.535,11.804,-4.351,-4.362,-4.352
,0.0,0.0,0.0,11.6054,11.1541,4.1464,1,6.6033,6.6033,LOST,0.0,FAILSAFE_HOLD_OR_RETREAT|MUTEX_PASS|MUTEX_YIELD,0,1,1,27.8,-19.54,-8.078,-9.869,17.36,15.543,11.803,-4.351,-4.363,-4.352
,0.0,0.0,0.0,11.654,11.1568,4.1754,1,6.6211,6.6211,LOST,0.0,FAILSAFE_HOLD_OR_RETREAT|MUTEX_PASS|MUTEX_YIELD,0,1,1,27.9,-19.54,-8.028,-9.866,17.36,15.551,11.802,-4.351,-4.364,-4.352
,0.0,0.0,0.0,11.7025,11.1599,4.2048,1,6.639,6.639,LOST,0.0,FAILSAFE_HOLD_OR_RETREAT|MUTEX_PASS|MUTEX_YIELD,0,1,1,28.0,-19.54,-7.977,-9.863,17.36,15.559,11.801,-4.351,-4.364,-4.352
,0.0,0.0,0.0,11.7509,11.163,4.2345,1,6.6569,6.6569,LOST,0.0,FAILSAFE_HOLD_OR_RETREAT|MUTEX_PASS|MUTEX_YIELD,0,1,1,28.1,-19.54,-7.927,-9.86,17.36,15.567,11.8,-4.351,-4.365,-4.352
,0.0,0.0,0.0,11.7991,11.1659,4.2647,1,6.6746,6.6746,LOST,0.0,FAILSAFE_HOLD_OR_RETREAT|MUTEX_PASS|MUTEX_YIELD,0,1,1,28.2,-19.54,-7.877,-9.858,17.36,15.575,11.798,-4.351,-4.366,-4.351
,0.0,0.0,0.0,11.8472,11.1687,4.2944,1,6.6924,6.6924,LOST,0.0,FAILSAFE_HOLD_OR_RETREAT|MUTEX_PASS|MUTEX_YIELD,0,1,1,28.3,-19.54,-7.827,-9.855,17.36,15.583,11.798,-4.351,-4.366,-4.351
,0.0,0.0,0.0,11.8953,11.1713,4.3241,1,6.71,6.71,LOST,0.0,FAILSAFE_HOLD_OR_RETREAT|MUTEX_PASS|MUTEX_YIELD,0,1,1,28.4,-19.54,-7.777,-9.852,17.36,15.591,11.797,-4.351,-4.366,-4.352
,0.0,0.0,0.0,11.9435,11.1734,4.3543,1,6.7276,6.7276,LOST,0.0,FAILSAFE_HOLD_OR_RETREAT|MUTEX_PASS|MUTEX_YIELD,0,1,1,28.5,-19.54,-7.727,-9.85,17.36,15.599,11.797,-4.351,-4.365,-4.351
,0.0,0.0,0.0,11.9916,11.1752,4.385,1,6.745,6.745,LOST,0.0,FAILSAFE_HOLD_OR_RETREAT|MUTEX_PASS|MUTEX_YIELD,0,1,1,28.6,-19.54,-7.677,-9.848,17.36,15.606,11.796,-4.351,-4.364,-4.351
,0.0,0.0,0.0,12.0399,11.1768,4.4158,1,6.7624,6.7624,LOST,0.0,FAILSAFE_HOLD_OR_RETREAT|MUTEX_PASS|MUTEX_YIELD,0,1,1,28.7,-19.54,-7.628,-9.846,17.36,15.614,11.796,-4.351,-4.363,-4.351
,0.0,0.0,0.0,12.0884,11.1786,4.4467,1,6.7799,6.7799,LOST,0.0,FAILSAFE_HOLD_OR_RETREAT|MUTEX_PASS|MUTEX_YIELD,0,1,1,28.8,-19.54,-7.577,-9.844,17.36,15.621,11.796,-4.351,-4.362,-4.351
,0.0,0.0,0.0,12.137,11.1804,4.4781,1,6.7972,6.7972,LOST,0.0,FAILSAFE_HOLD_OR_RETREAT|MUTEX_PASS|MUTEX_YIELD,0,1,1,28.9,-19.54,-7.527,-9.843,17.36,15.628,11.795,-4.351,-4.361,-4.351
,0.0,0.0,0.0,12.1852,11.1818,4.5098,1,6.8144,6.8144,LOST,0.0,FAILSAFE_HOLD_OR_RETREAT|MUTEX_PASS|MUTEX_YIELD,0,1,1,29.0,-19.54,-7.478,-9.842,17.36,15.635,11.795,-4.351,-4.361,-4.351
,0.0,0.0,0.0,12.2333,11.1828,4.5416,1,6.8313,6.8313,LOST,0.0,FAILSAFE_HOLD_OR_RETREAT|MUTEX_PASS|MUTEX_YIELD,0,1,1,29.1,-19.54,-7.428,-9.841,17.36,15.642,11.794,-4.351,-4.361,-4.352
,0.0,0.0,0.0,12.2816,11.1836,4.5736,1,6.8483,6.8483,LOST,0.0,FAILSAFE_HOLD_OR_RETREAT|MUTEX_PASS|MUTEX_YIELD,0,1,1,29.2,-19.54,-7.378,-9.84,17.36,15.649,11.794,-4.351,-4.36,-4.353
,0.0,0.0,0.0,12.33,11.1842,4.6063,1,6.8652,6.8652,LOST,0.0,FAILSAFE_HOLD_OR_RETREAT|MUTEX_PASS|MUTEX_YIELD,0,1,1,29.3,-19.54,-7.329,-9.839,17.36,15.656,11.794,-4.351,-4.36,-4.354
,0.0,0.0,0.0,12.378,11.1846,4.6394,1,6.882,6.882,LOST,0.0,FAILSAFE_HOLD_OR_RETREAT|MUTEX_PASS|MUTEX_YIELD,0,1,1,29.4,-19.54,-7.279,-9.839,17.36,15.663,11.794,-4.351,-4.361,-4.355
,0.0,0.0,0.0,12.426,11.1848,4.6726,1,6.8986,6.8986,LOST,0.0,FAILSAFE_HOLD_OR_RETREAT|MUTEX_PASS|MUTEX_YIELD,0,1,1,29.5,-19.54,-7.23,-9.839,17.36,15.67,11.793,-4.351,-4.361,-4.356
,0.0,0.0,0.0,12.4742,11.1848,4.7063,1,6.9151,6.9151,LOST,0.0,FAILSAFE_HOLD_OR_RETREAT|MUTEX_PASS|MUTEX_YIELD,0,1,1,29.6,-19.54,-7.18,-9.839,17.36,15.676,11.793,-4.351,-4.361,-4.357
,0.0,0.0,0.0,12.5225,11.185,4.7406,1,6.9317,6.9317,LOST,0.0,FAILSAFE_HOLD_OR_RETREAT|MUTEX_PASS|MUTEX_YIELD,0,1,1,29.7,-19.54,-7.131,-9.839,17.36,15.683,11.792,-4.351,-4.362,-4.358
,0.0,0.0,0.0,12.571,11.1852,4.775,1,6.9484,6.9484,LOST,0.0,FAILSAFE_HOLD_OR_RETREAT|MUTEX_PASS|MUTEX_YIELD,0,1,1,29.8,-19.54,-7.081,-9.839,17.36,15.689,11.792,-4.351,-4.362,-4.359
,0.0,0.0,0.0,12.6196,11.1858,4.8097,1,6.9653,6.9653,LOST,0.0,FAILSAFE_HOLD_OR_RETREAT|MUTEX_PASS|MUTEX_YIELD,0,1,1,29.9,-19.54,-7.031,-9.839,17.36,15.696,11.791,-4.351,-4.362,-4.36
,0.0,0.0,0.0,12.6681,11.1861,4.845,1,6.982,6.982,LOST,0.0,FAILSAFE_HOLD_OR_RETREAT|MUTEX_PASS|MUTEX_YIELD,0,1,1,30.0,-19.54,-6.981,-9.839,17.36,15.703,11.79,-4.351,-4.362,-4.361
,0.0,0.0,0.0,12.7163,11.1863,4.8809,1,6.9987,6.9987,LOST,0.0,FAILSAFE_HOLD_OR_RETREAT|MUTEX_PASS|MUTEX_YIELD,0,1,1,30.1,-19.54,-6.931,-9.839,17.36,15.71,11.79,-4.351,-4.362,-4.361
,0.0,0.0,0.0,12.7646,11.1865,4.9176,1,7.0153,7.0153,LOST,0.0,FAILSAFE_HOLD_OR_RETREAT|MUTEX_PASS|MUTEX_YIELD,0,1,1,30.2,-19.54,-6.882,-9.839,17.36,15.718,11.789,-4.351,-4.361,-4.362
,0.0,0.0,0.0,12.8128,11.1866,4.9548,1,7.0319,7.0319,LOST,0.0,FAILSAFE_HOLD_OR_RETREAT|MUTEX_PASS|MUTEX_YIELD,0,1,1,30.3,-19.54,-6.832,-9.84,17.36,15.726,11.788,-4.351,-4.361,-4.362
,0.0,0.0,0.0,12.8611,11.1867,4.9921,1,7.0485,7.0485,LOST,0.0,FAILSAFE_HOLD_OR_RETREAT|MUTEX_PASS|MUTEX_YIELD,0,1,1,30.4,-19.54,-6.782,-9.84,17.36,15.734,11.787,-4.351,-4.36,-4.362
,0.0,0.0,0.0,12.9094,11.1869,5.0292,1,7.0652,7.0652,LOST,0.0,FAILSAFE_HOLD_OR_RETREAT|MUTEX_PASS|MUTEX_YIELD,0,1,1,30.5,-19.54,-6.733,-9.84,17.36,15.741,11.787,-4.351,-4.36,-4.362
,0.0,0.0,0.0,12.9574,11.1867,5.0664,1,7.0816,7.0816,LOST,0.0,FAILSAFE_HOLD_OR_RETREAT|MUTEX_PASS|MUTEX_YIELD,0,1,1,30.6,-19.54,-6.683,-9.841,17.36,15.749,11.786,-4.351,-4.359,-4.363
,0.0,0.0,0.0,13.0058,11.1862,5.104,1,7.098,7.098,LOST,0.0,FAILSAFE_HOLD_OR_RETREAT|MUTEX_PASS|MUTEX_YIELD,0,1,1,30.7,-19.54,-6.634,-9.842,17.36,15.756,11.786,-4.351,-4.359,-4.363
,0.0,0.0,0.0,13.0541,11.1855,5.1416,1,7.1144,7.1144,LOST,0.0,FAILSAFE_HOLD_OR_RETREAT|MUTEX_PASS|MUTEX_YIELD,0,1,1,30.8,-19.54,-6.584,-9.843,17.36,15.763,11.785,-4.351,-4.359,-4.363
,0.0,0.0,0.0,13.1021,11.1849,5.179,1,7.1306,7.1306,LOST,0.0,FAILSAFE_HOLD_OR_RETREAT|MUTEX_PASS|MUTEX_YIELD,0,1,1,30.9,-19.54,-6.535,-9.843,17.36,15.77,11.785,-4.351,-4.358,-4.363
,0.0,0.0,0.0,13.1497,11.1842,5.216,1,7.1469,7.1469,LOST,0.0,FAILSAFE_HOLD_OR_RETREAT|MUTEX_PASS|MUTEX_YIELD,0,1,1,31.0,-19.54,-6.486,-9.844,17.36,15.777,11.785,-4.351,-4.358,-4.363
,0.0,0.0,0.0,13.1977,11.1834,5.253,1,7.1633,7.1633,LOST,0.0,FAILSAFE_HOLD_OR_RETREAT|MUTEX_PASS|MUTEX_YIELD,0,1,1,31.1,-19.54,-6.437,-9.845,17.36,15.784,11.786,-4.351,-4.359,-4.363
,0.0,0.0,0.0,13.2458,11.1827,5.2904,1,7.1798,7.1798,LOST,0.0,FAILSAFE_HOLD_OR_RETREAT|MUTEX_PASS|MUTEX_YIELD,0,1,1,31.2,-19.54,-6.388,-9.845,17.36,15.791,11.787,-4.351,-4.36,-4.362
,0.0,0.0,0.0,13.2938,11.1823,5.3281,1,7.1964,7.1964,LOST,0.0,FAILSAFE_HOLD_OR_RETREAT|MUTEX_PASS|MUTEX_YIELD,0,1,1,31.3,-19.54,-6.338,-9.845,17.36,15.799,11.787,-4.351,-4.36,-4.362
,0.0,0.0,0.0,13.342,11.1818,5.3662,1,7.2129,7.2129,LOST,0.0,FAILSAFE_HOLD_OR_RETREAT|MUTEX_PASS|MUTEX_YIELD,0,1,1,31.4,-19.54,-6.289,-9.846,17.36,15.806,11.788,-4.351,-4.36,-4.362
,0.0,0.0,0.0,13.3901,11.1814,5.4045,1,7.2295,7.2295,LOST,0.0,FAILSAFE_HOLD_OR_RETREAT|MUTEX_PASS|MUTEX_YIELD,0,1,1,31.5,-19.54,-6.24,-9.846,17.36,15.814,11.788,-4.351,-4.36,-4.362
,0.0,0.0,0.0,13.4382,11.1814,5.4431,1,7.2462,7.2462,LOST,0.0,FAILSAFE_HOLD_OR_RETREAT|MUTEX_PASS|MUTEX_YIELD,0,1,1,31.6,-19.54,-6.19,-9.846,17.36,15.822,11.788,-4.351,-4.361,-4.362
,0.0,0.0,0.0,13.4864,11.1812,5.482,1,7.2629,7.2629,LOST,0.0,FAILSAFE_HOLD_OR_RETREAT|MUTEX_PASS|MUTEX_YIELD,0,1,1,31.7,-19.54,-6.141,-9.846,17.36,15.829,11.789,-4.351,-4.361,-4.361
,0.0,0.0,0.0,13.5344,11.1808,5.5208,1,7.2794,7.2794,LOST,0.0,FAILSAFE_HOLD_OR_RETREAT|MUTEX_PASS|MUTEX_YIELD,0,1,1,31.8,-19.54,-6.092,-9.846,17.36,15.837,11.789,-4.351,-4.361,-4.36
,0.0,0.0,0.0,13.5822,11.1808,5.56,1,7.2959,7.2959,LOST,0.0,FAILSAFE_HOLD_OR_RETREAT|MUTEX_PASS|MUTEX_YIELD,0,1,1,31.9,-19.54,-6.043,-9.846,17.36,15.844,11.789,-4.351,-4.361,-4.359
,0.0,0.0,0.0,13.6304,11.1811,5.5997,1,7.3125,7.3125,LOST,0.0,FAILSAFE_HOLD_OR_RETREAT|MUTEX_PASS|MUTEX_YIELD,0,1,1,32.0,-19.54,-5.993,-9.846,17.36,15.852,11.788,-4.351,-4.362,-4.359
,0.0,0.0,0.0,13.6792,11.1814,5.6398,1,7.3293,7.3293,LOST,0.0,FAILSAFE_HOLD_OR_RETREAT|MUTEX_PASS|MUTEX_YIELD,0,1,1,32.1,-19.54,-5.944,-9.846,17.36,15.859,11.788,-4.351,-4.362,-4.358
,0.0,0.0,0.0,13.7282,11.1817,5.6799,1,7.3464,7.3464,LOST,0.0,FAILSAFE_HOLD_OR_RETREAT|MUTEX_PASS|MUTEX_YIELD,0,1,1,32.2,-19.54,-5.893,-9.846,17.36,15.867,11.788,-4.351,-4.362,-4.358
,0.0,0.0,0.0,13.7768,11.1819,5.7197,1,7.3633,7.3633,LOST,0.0,FAILSAFE_HOLD_OR_RETREAT|MUTEX_PASS|MUTEX_YIELD,0,1,1,32.3,-19.54,-5.844,-9.845,17.36,15.875,11.788,-4.351,-4.361,-4.358
,0.0,0.0,0.0,13.8252,11.182,5.7593,1,7.3802,7.3802,LOST,0.0,FAILSAFE_HOLD_OR_RETREAT|MUTEX_PASS|MUTEX_YIELD,0,1,1,32.4,-19.54,-5.794,-9.845,17.36,15.883,11.789,-4.351,-4.361,-4.358
,0.0,0.0,0.0,13.8738,11.1822,5.7989,1,7.3972,7.3972,LOST,0.0,FAILSAFE_HOLD_OR_RETREAT|MUTEX_PASS|MUTEX_YIELD,1,1,1,32.5,-19.54,-5.745,-9.844,17.36,15.891,11.789,-4.351,-4.361,-4.358
,0.0,0.0,0.0,13.9223,11.1826,5.8381,1,7.4142,7.4142,LOST,0.0,FAILSAFE_HOLD_OR_RETREAT|MUTEX_PASS|MUTEX_YIELD,1,1,1,32.6,-19.54,-5.695,-9.843,17.36,15.898,11.79,-4.351,-4.361,-4.357
,0.0,0.0,0.0,13.9704,11.1827,5.8771,1,7.431,7.431,LOST,0.0,FAILSAFE_HOLD_OR_RETREAT|MUTEX_PASS|MUTEX_YIELD,1,1,1,32.7,-19.54,-5.646,-9.843,17.36,15.905,11.791,-4.351,-4.361,-4.357
,0.0,0.0,0.0,14.0184,11.1828,5.9156,1,7.4477,7.4477,LOST,0.0,FAILSAFE_HOLD_OR_RETREAT|MUTEX_PASS|MUTEX_YIELD,1,1,1,32.8,-19.54,-5.597,-9.842,17.36,15.911,11.792,-4.351,-4.361,-4.356
,0.0,0.0,0.0,14.0665,11.1829,5.9541,1,7.4643,7.4643,LOST,0.0,FAILSAFE_HOLD_OR_RETREAT|MUTEX_PASS|MUTEX_YIELD,1,1,1,32.9,-19.54,-5.548,-9.842,17.36,15.917,11.792,-4.351,-4.361,-4.356
,0.0,0.0,0.0,14.1146,11.1829,5.9926,1,7.4809,7.4809,LOST,0.0,FAILSAFE_HOLD_OR_RETREAT|MUTEX_PASS|MUTEX_YIELD,1,1,1,33.0,-19.54,-5.499,-9.841,17.36,15.923,11.793,-4.351,-4.361,-4.355
,0.0,0.0,0.0,14.1629,11.1832,6.0316,1,7.4976,7.4976,LOST,0.0,FAILSAFE_HOLD_OR_RETREAT|MUTEX_PASS|MUTEX_YIELD,1,1,1,33.1,-19.54,-5.45,-9.841,17.36,15.929,11.794,-4.351,-4.361,-4.355
,0.0,0.0,0.0,14.2113,11.1837,6.0712,1,7.5144,7.5144,LOST,0.0,FAILSAFE_HOLD_OR_RETREAT|MUTEX_PASS|MUTEX_YIELD,1,1,1,33.2,-19.54,-5.401,-9.84,17.36,15.935,11.794,-4.351,-4.361,-4.354
,0.0,0.0,0.0,14.2595,11.1845,6.1109,1,7.5312,7.5312,LOST,0.0,FAILSAFE_HOLD_OR_RETREAT|MUTEX_PASS|MUTEX_YIELD,1,1,1,33.3,-19.54,-5.351,-9.839,17.36,15.942,11.794,-4.351,-4.361,-4.354
,0.0,0.0,0.0,14.3075,11.1852,6.1505,1,7.5479,7.5479,LOST,0.0,FAILSAFE_HOLD_OR_RETREAT|MUTEX_PASS|MUTEX_YIELD,1,1,1,33.4,-19.54,-5.303,-9.838,17.36,15.948,11.794,-4.351,-4.36,-4.354
,0.0,0.0,0.0,14.3554,11.1861,6.1899,1,7.5645,7.5645,LOST,0.0,FAILSAFE_HOLD_OR_RETREAT|MUTEX_PASS|MUTEX_YIELD,1,1,1,33.5,-19.54,-5.254,-9.837,17.36,15.954,11.793,-4.351,-4.36,-4.354
,0.0,0.0,0.0,14.403,11.1872,6.2294,1,7.581,7.581,LOST,0.0,FAILSAFE_HOLD_OR_RETREAT|MUTEX_PASS|MUTEX_YIELD,1,1,1,33.6,-19.54,-5.205,-9.836,17.36,15.96,11.793,-4.351,-4.36,-4.355
,0.0,0.0,0.0,14.4505,11.188,6.2694,1,7.5975,7.5975,LOST,0.0,FAILSAFE_HOLD_OR_RETREAT|MUTEX_PASS|MUTEX_YIELD,1,1,1,33.7,-19.54,-5.157,-9.836,17.36,15.966,11.793,-4.351,-4.36,-4.355
,0.0,0.0,0.0,14.4981,11.1888,6.3095,1,7.6141,7.6141,LOST,0.0,FAILSAFE_HOLD_OR_RETREAT|MUTEX_PASS|MUTEX_YIELD,1,1,1,33.8,-19.54,-5.109,-9.835,17.36,15.973,11.792,-4.351,-4.36,-4.355
,0.0,0.0,0.0,14.5458,11.189,6.3501,1,7.6305,7.6305,LOST,0.0,FAILSAFE_HOLD_OR_RETREAT|MUTEX_PASS|MUTEX_YIELD,1,1,1,33.9,-19.54,-5.06,-9.834,17.36,15.979,11.793,-4.351,-4.36,-4.355
,0.0,0.0,0.0,14.5934,11.1888,6.3912,1,7.6467,7.6467,LOST,0.0,FAILSAFE_HOLD_OR_RETREAT|MUTEX_PASS|MUTEX_YIELD,1,1,1,34.0,-19.54,-5.012,-9.835,17.36,15.986,11.793,-4.351,-4.36,-4.355
,0.0,0.0,0.0,14.6411,11.1886,6.4332,1,7.663,7.663,LOST,0.0,FAILSAFE_HOLD_OR_RETREAT|MUTEX_PASS|MUTEX_YIELD,1,1,1,34.1,-19.54,-4.963,-9.835,17.36,15.993,11.792,-4.351,-4.36,-4.355
,0.0,0.0,0.0,14.6892,11.1881,6.4762,1,7.6793,7.6793,LOST,0.0,FAILSAFE_HOLD_OR_RETREAT|MUTEX_PASS|MUTEX_YIELD,1,1,1,34.2,-19.54,-4.914,-9.836,17.36,16.001,11.792,-4.351,-4.36,-4.355
,0.0,0.0,0.0,14.7374,11.1873,6.5199,1,7.6955,7.6955,LOST,0.0,FAILSAFE_HOLD_OR_RETREAT|MUTEX_PASS|MUTEX_YIELD,1,1,1,34.3,-19.54,-4.865,-9.837,17.36,16.009,11.792,-4.351,-4.359,-4.356
,0.0,0.0,0.0,14.7855,11.1865,6.5633,1,7.7118,7.7118,LOST,0.0,FAILSAFE_HOLD_OR_RETREAT|MUTEX_PASS|MUTEX_YIELD,1,1,1,34.4,-19.54,-4.816,-9.838,17.36,16.018,11.792,-4.351,-4.359,-4.356
,0.0,0.0,0.0,14.8335,11.1861,6.6065,1,7.7281,7.7281,LOST,0.0,FAILSAFE_HOLD_OR_RETREAT|MUTEX_PASS|MUTEX_YIELD,1,1,1,34.5,-19.54,-4.767,-9.838,17.36,16.026,11.792,-4.351,-4.358,-4.356
,0.0,0.0,0.0,14.8817,11.1858,6.6495,1,7.7446,7.7446,LOST,0.0,FAILSAFE_HOLD_OR_RETREAT|MUTEX_PASS|MUTEX_YIELD,1,1,1,34.6,-19.54,-4.718,-9.839,17.36,16.033,11.792,-4.351,-4.358,-4.356
,0.0,0.0,0.0,14.9298,11.1857,6.6926,1,7.761,7.761,LOST,0.0,FAILSAFE_HOLD_OR_RETREAT|MUTEX_PASS|MUTEX_YIELD,1,1,1,34.7,-19.54,-4.669,-9.839,17.36,16.041,11.791,-4.351,-4.358,-4.356
,0.0,0.0,0.0,14.9778,11.1855,6.7354,1,7.7774,7.7774,LOST,0.0,FAILSAFE_HOLD_OR_RETREAT|MUTEX_PASS|MUTEX_YIELD,1,1,1,34.8,-19.54,-4.62,-9.839,17.36,16.049,11.791,-4.351,-4.358,-4.356
,0.0,0.0,0.0,15.0259,11.1854,6.7779,1,7.794,7.794,LOST,0.0,FAILSAFE_HOLD_OR_RETREAT|MUTEX_PASS|MUTEX_YIELD,1,1,1,34.9,-19.54,-4.571,-9.839,17.36,16.056,11.792,-4.351,-4.359,-4.357
,0.0,0.0,0.0,15.0739,11.1854,6.8204,1,7.8104,7.8104,LOST,0.0,FAILSAFE_HOLD_OR_RETREAT|MUTEX_PASS|MUTEX_YIELD,1,1,1,35.0,-19.54,-4.522,-9.839,17.36,16.064,11.792,-4.351,-4.359,-4.357
,0.0,0.0,0.0,15.1219,11.1856,6.8628,1,7.827,7.827,LOST,0.0,FAILSAFE_HOLD_OR_RETREAT|MUTEX_PASS|MUTEX_YIELD,1,1,1,35.1,-19.54,-4.473,-9.839,17.36,16.071,11.792,-4.351,-4.359,-4.358
,0.0,0.0,0.0,15.1699,11.1856,6.9053,1,7.8434,7.8434,LOST,0.0,FAILSAFE_HOLD_OR_RETREAT|MUTEX_PASS|MUTEX_YIELD,1,1,1,35.2,-19.54,-4.425,-9.839,17.36,16.078,11.792,-4.351,-4.359,-4.359
,0.0,0.0,0.0,15.2178,11.1852,6.9484,1,7.8598,7.8598,LOST,0.0,FAILSAFE_HOLD_OR_RETREAT|MUTEX_PASS|MUTEX_YIELD,1,1,1,35.3,-19.54,-4.376,-9.839,17.36,16.086,11.792,-4.351,-4.359,-4.359
,0.0,0.0,0.0,15.2659,11.1847,6.9919,1,7.8761,7.8761,LOST,0.0,FAILSAFE_HOLD_OR_RETREAT|MUTEX_PASS|MUTEX_YIELD,1,1,1,35.4,-19.54,-4.327,-9.84,17.36,16.093,11.792,-4.351,-4.36,-4.359
,0.0,0.0,0.0,15.3141,11.1842,7.0356,1,7.8924,7.8924,LOST,0.0,FAILSAFE_HOLD_OR_RETREAT|MUTEX_PASS|MUTEX_YIELD,1,1,1,35.5,-19.54,-4.278,-9.84,17.36,16.101,11.792,-4.351,-4.36,-4.359
,0.0,0.0,0.0,15.3627,11.1839,7.0796,1,7.909,7.909,LOST,0.0,FAILSAFE_HOLD_OR_RETREAT|MUTEX_PASS|MUTEX_YIELD,1,1,1,35.6,-19.54,-4.229,-9.84,17.36,16.108,11.792,-4.351,-4.36,-4.358
,0.0,0.0,0.0,15.4115,11.1834,7.1236,1,7.9257,7.9257,LOST,0.0,FAILSAFE_HOLD_OR_RETREAT|MUTEX_PASS|MUTEX_YIELD,0,1,1,35.7,-19.54,-4.179,-9.841,17.36,16.116,11.793,-4.351,-4.36,-4.359
,0.0,0.0,0.0,15.4605,11.1827,7.1676,1,7.9423,7.9423,LOST,0.0,FAILSAFE_HOLD_OR_RETREAT|MUTEX_PASS|MUTEX_YIELD,0,1,1,35.8,-19.54,-4.129,-9.841,17.36,16.123,11.793,-4.351,-4.361,-4.359
,0.0,0.0,0.0,15.5094,11.1818,7.2115,1,7.9589,7.9589,LOST,0.0,FAILSAFE_HOLD_OR_RETREAT|MUTEX_PASS|MUTEX_YIELD,0,1,1,35.9,-19.54,-4.08,-9.842,17.36,16.13,11.794,-4.351,-4.361,-4.359
,0.0,0.0,0.0,15.5582,11.1813,7.2551,1,7.9754,7.9754,LOST,0.0,FAILSAFE_HOLD_OR_RETREAT|MUTEX_PASS|MUTEX_YIELD,0,1,1,36.0,-19.54,-4.03,-9.842,17.36,16.137,11.795,-4.351,-4.362,-4.359
,0.0,0.0,0.0,15.6069,11.181,7.2987,1,7.992,7.992,LOST,0.0,FAILSAFE_HOLD_OR_RETREAT|MUTEX_PASS|MUTEX_YIELD,0,1,1,36.1,-19.54,-3.981,-9.842,17.36,16.144,11.795,-4.351,-4.362,-4.359
,0.0,0.0,0.0,15.6555,11.1806,7.3423,1,8.0085,8.0085,LOST,0.0,FAILSAFE_HOLD_OR_RETREAT|MUTEX_PASS|MUTEX_YIELD,0,1,1,36.2,-19.54,-3.931,-9.843,17.36,16.151,11.795,-4.351,-4.362,-4.359
,0.0,0.0,0.0,15.7045,11.1806,7.3861,1,8.0252,8.0252,LOST,0.0,FAILSAFE_HOLD_OR_RETREAT|MUTEX_PASS|MUTEX_YIELD,0,1,1,36.3,-19.54,-3.882,-9.842,17.36,16.157,11.795,-4.351,-4.362,-4.359
,0.0,0.0,0.0,15.7536,11.1809,7.4299,1,8.042,8.042,LOST,0.0,FAILSAFE_HOLD_OR_RETREAT|MUTEX_PASS|MUTEX_YIELD,0,1,1,36.4,-19.54,-3.832,-9.842,17.36,16.164,11.795,-4.351,-4.361,-4.359
,0.0,0.0,0.0,15.803,11.1811,7.4742,1,8.0589,8.0589,LOST,0.0,FAILSAFE_HOLD_OR_RETREAT|MUTEX_PASS|MUTEX_YIELD,0,1,1,36.5,-19.54,-3.782,-9.842,17.36,16.17,11.795,-4.351,-4.361,-4.359
,0.0,0.0,0.0,15.852,11.1811,7.5185,1,8.0756,8.0756,LOST,0.0,FAILSAFE_HOLD_OR_RETREAT|MUTEX_PASS|MUTEX_YIELD,0,1,1,36.6,-19.54,-3.732,-9.842,17.36,16.177,11.795,-4.351,-4.361,-4.359
,0.0,0.0,0.0,15.9012,11.181,7.5628,1,8.0923,8.0923,LOST,0.0,FAILSAFE_HOLD_OR_RETREAT|MUTEX_PASS|MUTEX_YIELD,0,1,1,36.7,-19.54,-3.683,-9.842,17.36,16.184,11.795,-4.351,-4.36,-4.359
,0.0,0.0,0.0,15.9505,11.1808,7.6074,1,8.109,8.109,LOST,0.0,FAILSAFE_HOLD_OR_RETREAT|MUTEX_PASS|MUTEX_YIELD,0,1,1,36.8,-19.54,-3.633,-9.842,17.36,16.19,11.795,-4.351,-4.36,-4.359
,0.0,0.0,0.0,15.9999,11.1809,7.6523,1,8.1258,8.1258,LOST,0.0,FAILSAFE_HOLD_OR_RETREAT|MUTEX_PASS|MUTEX_YIELD,0,1,1,36.9,-19.54,-3.583,-9.842,17.36,16.196,11.795,-4.351,-4.36,-4.36
,0.0,0.0,0.0,16.0497,11.1812,7.6979,1,8.1427,8.1427,LOST,0.0,FAILSAFE_HOLD_OR_RETREAT|MUTEX_PASS|MUTEX_YIELD,0,1,1,37.0,-19.54,-3.532,-9.842,17.36,16.203,11.794,-4.351,-4.36,-4.361
,0.0,0.0,0.0,16.0994,11.1813,7.7439,1,8.1595,8.1595,LOST,0.0,FAILSAFE_HOLD_OR_RETREAT|MUTEX_PASS|MUTEX_YIELD,0,1,1,37.1,-19.54,-3.482,-9.843,17.36,16.21,11.794,-4.351,-4.359,-4.362
,0.0,0.0,0.0,16.1489,11.1819,7.7904,1,8.1761,8.1761,LOST,0.0,FAILSAFE_HOLD_OR_RETREAT|MUTEX_PASS|MUTEX_YIELD,0,1,1,37.2,-19.54,-3.432,-9.843,17.36,16.217,11.792,-4.351,-4.36,-4.364
,0.0,0.0,0.0,16.1982,11.1828,7.837,1,8.1929,8.1929,LOST,0.0,FAILSAFE_HOLD_OR_RETREAT|MUTEX_PASS|MUTEX_YIELD,0,1,1,37.3,-19.54,-3.382,-9.843,17.36,16.225,11.79,-4.351,-4.36,-4.365
,0.0,0.0,0.0,16.2477,11.1835,7.8836,1,8.2097,8.2097,LOST,0.0,FAILSAFE_HOLD_OR_RETREAT|MUTEX_PASS|MUTEX_YIELD,0,1,1,37.4,-19.54,-3.332,-9.843,17.36,16.232,11.788,-4.351,-4.36,-4.366
,0.0,0.0,0.0,16.2974,11.1838,7.9302,1,8.2265,8.2265,LOST,0.0,FAILSAFE_HOLD_OR_RETREAT|MUTEX_PASS|MUTEX_YIELD,0,1,1,37.5,-19.54,-3.281,-9.844,17.36,16.24,11.787,-4.351,-4.36,-4.367
,0.0,0.0,0.0,16.3471,11.1837,7.9768,1,8.2432,8.2432,LOST,0.0,FAILSAFE_HOLD_OR_RETREAT|MUTEX_PASS|MUTEX_YIELD,0,1,1,37.6,-19.54,-3.231,-9.844,17.36,16.247,11.786,-4.351,-4.361,-4.367
,0.0,0.0,0.0,16.3967,11.1833,8.0234,1,8.2599,8.2599,LOST,0.0,FAILSAFE_HOLD_OR_RETREAT|MUTEX_PASS|MUTEX_YIELD,0,1,1,37.7,-19.54,-3.181,-9.845,17.36,16.254,11.786,-4.351,-4.361,-4.368
,0.0,0.0,0.0,16.4468,11.1832,8.0703,1,8.2768,8.2768,LOST,0.0,FAILSAFE_HOLD_OR_RETREAT|MUTEX_PASS|MUTEX_YIELD,0,1,1,37.8,-19.54,-3.13,-9.845,17.36,16.262,11.786,-4.351,-4.362,-4.368
,0.0,0.0,0.0,16.4966,11.1831,8.1168,1,8.2937,8.2937,LOST,0.0,FAILSAFE_HOLD_OR_RETREAT|MUTEX_PASS|MUTEX_YIELD,0,1,1,37.9,-19.54,-3.08,-9.845,17.36,16.269,11.785,-4.351,-4.362,-4.369
,0.0,0.0,0.0,16.5464,11.1836,8.1627,1,8.3107,8.3107,LOST,0.0,FAILSAFE_HOLD_OR_RETREAT|MUTEX_PASS|MUTEX_YIELD,0,1,1,38.0,-19.54,-3.029,-9.845,17.36,16.277,11.785,-4.351,-4.362,-4.369
,0.0,0.0,0.0,16.5963,11.1842,8.2086,1,8.3278,8.3278,LOST,0.0,FAILSAFE_HOLD_OR_RETREAT|MUTEX_PASS|MUTEX_YIELD,0,1,1,38.1,-19.54,-2.979,-9.845,17.36,16.283,11.784,-4.351,-4.362,-4.37
,0.0,0.0,0.0,16.646,11.1846,8.2545,1,8.3448,8.3448,LOST,0.0,FAILSAFE_HOLD_OR_RETREAT|MUTEX_PASS|MUTEX_YIELD,0,1,1,38.2,-19.54,-2.929,-9.845,17.36,16.29,11.784,-4.351,-4.362,-4.37
,0.0,0.0,0.0,16.6956,11.185,8.3003,1,8.3616,8.3616,LOST,0.0,FAILSAFE_HOLD_OR_RETREAT|MUTEX_PASS|MUTEX_YIELD,0,1,1,38.3,-19.54,-2.878,-9.844,17.36,16.297,11.783,-4.351,-4.363,-4.371
,0.0,0.0,0.0,16.7448,11.1855,8.3455,1,8.3784,8.3784,LOST,0.0,FAILSAFE_HOLD_OR_RETREAT|MUTEX_PASS|MUTEX_YIELD,0,1,1,38.4,-19.54,-2.829,-9.844,17.36,16.303,11.783,-4.351,-4.363,-4.371
,0.0,0.0,0.0,16.794,11.186,8.3906,1,8.3952,8.3952,LOST,0.0,FAILSAFE_HOLD_OR_RETREAT|MUTEX_PASS|MUTEX_YIELD,0,1,1,38.5,-19.54,-2.779,-9.844,17.36,16.309,11.783,-4.351,-4.363,-4.371
,0.0,0.0,0.0,16.8434,11.1864,8.4358,1,8.4121,8.4121,LOST,0.0,FAILSAFE_HOLD_OR_RETREAT|MUTEX_PASS|MUTEX_YIELD,0,1,1,38.6,-19.54,-2.729,-9.843,17.36,16.316,11.782,-4.351,-4.363,-4.371
,0.0,0.0,0.0,16.8927,11.1869,8.4814,1,8.429,8.429,LOST,0.0,FAILSAFE_HOLD_OR_RETREAT|MUTEX_PASS|MUTEX_YIELD,0,1,1,38.7,-19.54,-2.679,-9.843,17.36,16.323,11.782,-4.351,-4.364,-4.37
,0.0,0.0,0.0,16.9419,11.187,8.5272,1,8.4457,8.4457,LOST,0.0,FAILSAFE_HOLD_OR_RETREAT|MUTEX_PASS|MUTEX_YIELD,0,1,1,38.8,-19.54,-2.63,-9.843,17.36,16.33,11.782,-4.351,-4.364,-4.37
,0.0,0.0,0.0,16.9912,11.1871,8.5732,1,8.4625,8.4625,LOST,0.0,FAILSAFE_HOLD_OR_RETREAT|MUTEX_PASS|MUTEX_YIELD,0,1,1,38.9,-19.54,-2.58,-9.843,17.36,16.337,11.782,-4.351,-4.364,-4.369
,0.0,0.0,0.0,17.0408,11.1873,8.6193,1,8.4793,8.4793,LOST,0.0,FAILSAFE_HOLD_OR_RETREAT|MUTEX_PASS|MUTEX_YIELD,0,1,1,39.0,-19.54,-2.53,-9.843,17.36,16.344,11.781,-4.351,-4.364,-4.368
,0.0,0.0,0.0,17.0903,11.1934,8.6585,1,8.4987,8.4987,LOST,0.0,FAILSAFE_HOLD_OR_RETREAT|MUTEX_PASS|MUTEX_PASS,0,1,1,39.1,-19.54,-2.48,-9.835,17.36,16.35,11.782,-4.351,-4.364,-4.367
,0.0,0.0,0.0,17.1398,11.2074,8.6888,1,8.5213,8.5213,LOST,0.0,FAILSAFE_HOLD_OR_RETREAT|MUTEX_PASS|MUTEX_PASS,0,1,1,39.2,-19.54,-2.43,-9.818,17.36,16.357,11.784,-4.351,-4.364,-4.367
,0.0,0.0,0.0,17.1893,11.2283,8.7116,1,8.5468,8.5468,LOST,0.0,FAILSAFE_HOLD_OR_RETREAT|MUTEX_PASS|MUTEX_PASS,0,1,1,39.3,-19.54,-2.38,-9.792,17.36,16.365,11.787,-4.351,-4.363,-4.366
,0.0,0.0,0.0,17.2388,11.2548,8.7276,1,8.5748,8.5748,LOST,0.0,FAILSAFE_HOLD_OR_RETREAT|MUTEX_PASS|MUTEX_PASS,0,1,1,39.4,-19.54,-2.33,-9.759,17.36,16.372,11.792,-4.351,-4.363,-4.366
,0.0,0.0,0.0,17.2885,11.2859,8.7383,1,8.6048,8.6048,LOST,0.0,FAILSAFE_HOLD_OR_RETREAT|MUTEX_PASS|MUTEX_PASS,0,1,1,39.5,-19.54,-2.28,-9.72,17.36,16.379,11.797,-4.351,-4.363,-4.366
,0.0,0.0,0.0,17.3383,11.3205,8.7448,1,8.6363,8.6363,LOST,0.0,FAILSAFE_HOLD_OR_RETREAT|MUTEX_PASS|MUTEX_PASS,0,1,1,39.6,-19.54,-2.229,-9.677,17.36,16.387,11.804,-4.351,-4.363,-4.365
,0.0,0.0,0.0,17.3882,11.3578,8.7478,1,8.669,8.669,LOST,0.0,FAILSAFE_HOLD_OR_RETREAT|MUTEX_PASS|MUTEX_PASS,0,1,1,39.7,-19.54,-2.179,-9.63,17.36,16.394,11.811,-4.351,-4.363,-4.365
,0.0,0.0,0.0,17.4379,11.3969,8.7484,1,8.7025,8.7025,LOST,0.0,FAILSAFE_HOLD_OR_RETREAT|MUTEX_PASS|MUTEX_PASS,0,1,1,39.8,-19.54,-2.129,-9.581,17.36,16.401,11.819,-4.351,-4.363,-4.364
,0.0,0.0,0.0,17.4873,11.4376,8.7472,1,8.7365,8.7365,LOST,0.0,FAILSAFE_HOLD_OR_RETREAT|MUTEX_PASS|MUTEX_PASS,0,1,1,39.9,-19.54,-2.079,-9.53,17.36,16.409,11.827,-4.351,-4.363,-4.363
,0.0,0.0,0.0,17.5364,11.4793,8.7447,1,8.7709,8.7709,LOST,0.0,FAILSAFE_HOLD_OR_RETREAT|MUTEX_PASS|MUTEX_PASS,0,1,1,40.0,-19.54,-2.029,-9.478,17.36,16.416,11.835,-4.351,-4.363,-4.362
,0.0,0.0,0.0,17.5858,11.522,8.7412,1,8.8057,8.8057,LOST,0.0,FAILSAFE_HOLD_OR_RETREAT|MUTEX_PASS|MUTEX_PASS,0,1,1,40.1,-19.54,-1.979,-9.424,17.36,16.424,11.843,-4.351,-4.363,-4.361
,0.0,0.0,0.0,17.635,11.5656,8.7366,1,8.8408,8.8408,LOST,0.0,FAILSAFE_HOLD_OR_RETREAT|MUTEX_PASS|MUTEX_PASS,0,1,1,40.2,-19.54,-1.93,-9.37,17.36,16.431,11.852,-4.351,-4.364,-4.361
,0.0,0.0,0.0,17.6839,11.6097,8.731,1,8.8759,8.8759,LOST,0.0,FAILSAFE_HOLD_OR_RETREAT|MUTEX_PASS|MUTEX_PASS,0,1,1,40.3,-19.54,-1.88,-9.315,17.36,16.439,11.861,-4.351,-4.363,-4.361
,0.0,0.0,0.0,17.7327,11.6539,8.7249,1,8.9111,8.9111,LOST,0.0,FAILSAFE_HOLD_OR_RETREAT|MUTEX_PASS|MUTEX_PASS,0,1,1,40.4,-19.54,-1.831,-9.26,17.36,16.445,11.87,-4.351,-4.363,-4.361
,0.0,0.0,0.0,17.7817,11.6978,8.7183,1,8.9464,8.9464,LOST,0.0,FAILSAFE_HOLD_OR_RETREAT|MUTEX_PASS|MUTEX_PASS,0,1,1,40.5,-19.54,-1.782,-9.205,17.36,16.452,11.88,-4.351,-4.364,-4.362
,0.0,0.0,0.0,17.8311,11.741,8.7112,1,8.9819,8.9819,LOST,0.0,FAILSAFE_HOLD_OR_RETREAT|MUTEX_PASS|MUTEX_PASS,0,1,1,40.6,-19.54,-1.732,-9.15,17.36,16.459,11.892,-4.351,-4.364,-4.363
,0.0,0.0,0.0,17.8804,11.783,8.7036,1,9.0173,9.0173,LOST,0.0,FAILSAFE_HOLD_OR_RETREAT|MUTEX_PASS|MUTEX_PASS,0,1,1,40.7,-19.54,-1.682,-9.095,17.36,16.466,11.906,-4.351,-4.364,-4.363
,0.0,0.0,0.0,17.9297,11.8239,8.6955,1,9.0526,9.0526,LOST,0.0,FAILSAFE_HOLD_OR_RETREAT|MUTEX_PASS|MUTEX_PASS,0,1,1,40.8,-19.54,-1.632,-9.041,17.36,16.473,11.921,-4.351,-4.363,-4.363
,0.0,0.0,0.0,17.9788,11.8632,8.6871,1,9.0877,9.0877,LOST,0.0,FAILSAFE_HOLD_OR_RETREAT|MUTEX_PASS|MUTEX_PASS,0,1,1,40.9,-19.54,-1.583,-8.988,17.36,16.48,11.938,-4.351,-4.362,-4.364
,0.0,0.0,0.0,18.0274,11.9007,8.678,1,9.1224,9.1224,LOST,0.0,FAILSAFE_HOLD_OR_RETREAT|FORMATION_RECOVERY|MUTEX_PASS,0,1,1,41.0,-19.54,-1.534,-8.936,17.36,16.488,11.958,-4.351,-4.361,-4.364
,0.0,0.0,0.0,18.0761,11.9364,8.6685,1,9.1569,9.1569,LOST,0.0,FAILSAFE_HOLD_OR_RETREAT|FORMATION_RECOVERY|MUTEX_PASS,0,1,1,41.1,-19.54,-1.485,-8.885,17.36,16.495,11.98,-4.351,-4.361,-4.364
,0.0,0.0,0.0,18.1253,11.9703,8.6594,1,9.1913,9.1913,LOST,0.0,FAILSAFE_HOLD_OR_RETREAT|FORMATION_RECOVERY|MUTEX_PASS,0,1,1,41.2,-19.54,-1.435,-8.835,17.36,16.502,12.004,-4.351,-4.36,-4.364
,0.0,0.0,0.0,18.1748,12.0023,8.6509,1,9.2256,9.2256,LOST,0.0,FAILSAFE_HOLD_OR_RETREAT|FORMATION_RECOVERY|MUTEX_PASS,0,1,1,41.3,-19.54,-1.385,-8.786,17.36,16.51,12.03,-4.351,-4.359,-4.365
,0.0,0.0,0.0,18.2243,12.0323,8.6429,1,9.2595,9.2595,LOST,0.0,FAILSAFE_HOLD_OR_RETREAT|FORMATION_RECOVERY|MUTEX_PASS,0,1,1,41.4,-19.54,-1.335,-8.739,17.36,16.519,12.059,-4.351,-4.359,-4.364
,0.0,0.0,0.0,18.2736,12.0604,8.6347,1,9.2929,9.2929,LOST,0.0,FAILSAFE_HOLD_OR_RETREAT|FORMATION_RECOVERY|MUTEX_PASS,0,1,1,41.5,-19.54,-1.286,-8.693,17.36,16.526,12.089,-4.351,-4.359,-4.364
,0.0,0.0,0.0,18.3225,12.0865,8.6263,1,9.3259,9.3259,LOST,0.0,FAILSAFE_HOLD_OR_RETREAT|FORMATION_RECOVERY|MUTEX_PASS,0,1,1,41.6,-19.54,-1.236,-8.648,17.36,16.534,12.121,-4.351,-4.359,-4.363
,0.0,0.0,0.0,18.3713,12.1106,8.6179,1,9.3584,9.3584,LOST,0.0,FAILSAFE_HOLD_OR_RETREAT|FORMATION_RECOVERY|MUTEX_PASS,0,1,1,41.7,-19.54,-1.187,-8.605,17.36,16.542,12.155,-4.351,-4.359,-4.362
,0.0,0.0,0.0,18.4203,12.133,8.6101,1,9.3907,9.3907,LOST,0.0,FAILSAFE_HOLD_OR_RETREAT|FORMATION_RECOVERY|MUTEX_PASS,0,1,1,41.8,-19.54,-1.138,-8.563,17.36,16.549,12.191,-4.351,-4.359,-4.362
,0.0,0.0,0.0,18.4695,12.1537,8.6028,1,9.4228,9.4228,LOST,0.0,FAILSAFE_HOLD_OR_RETREAT|FORMATION_RECOVERY|MUTEX_PASS,0,1,1,41.9,-19.54,-1.088,-8.523,17.36,16.557,12.229,-4.351,-4.36,-4.361
,0.0,0.0,0.0,18.5189,12.1725,8.5965,1,9.4544,9.4544,LOST,0.0,FAILSAFE_HOLD_OR_RETREAT|FORMATION_RECOVERY|MUTEX_PASS,0,1,1,42.0,-19.54,-1.038,-8.484,17.36,16.565,12.268,-4.351,-4.36,-4.36
,0.0,0.0,0.0,18.5683,12.1892,8.5914,1,9.4856,9.4856,LOST,0.0,FAILSAFE_HOLD_OR_RETREAT|FORMATION_RECOVERY|MUTEX_PASS,0,1,1,42.1,-19.54,-0.989,-8.447,17.36,16.573,12.308,-4.351,-4.36,-4.36
,0.0,0.0,0.0,18.6176,12.2043,8.5874,1,9.5161,9.5161,LOST,0.0,FAILSAFE_HOLD_OR_RETREAT|FORMATION_RECOVERY|MUTEX_PASS,0,1,1,42.2,-19.54,-0.939,-8.412,17.36,16.581,12.35,-4.351,-4.361,-4.359
,0.0,0.0,0.0,18.667,12.2183,8.5844,1,9.5462,9.5462,LOST,0.0,FAILSAFE_HOLD_OR_RETREAT|FORMATION_RECOVERY|MUTEX_PASS,0,1,1,42.3,-19.54,-0.889,-8.378,17.36,16.588,12.391,-4.351,-4.362,-4.359
,0.0,0.0,0.0,18.7166,12.2313,8.5826,1,9.5761,9.5761,LOST,0.0,FAILSAFE_HOLD_OR_RETREAT|FORMATION_RECOVERY|MUTEX_PASS,0,1,1,42.4,-19.54,-0.839,-8.345,17.36,16.595,12.433,-4.351,-4.363,-4.359
,0.0,0.0,0.0,18.766,12.2435,8.5808,1,9.6058,9.6058,LOST,0.0,FAILSAFE_HOLD_OR_RETREAT|FORMATION_RECOVERY|MUTEX_PASS,0,1,1,42.5,-19.54,-0.79,-8.313,17.36,16.603,12.476,-4.351,-4.363,-4.359
,0.0,0.0,0.0,18.8148,12.2551,8.5788,1,9.6351,9.6351,LOST,0.0,FAILSAFE_HOLD_OR_RETREAT|FORMATION_RECOVERY|MUTEX_PASS,0,1,1,42.6,-19.54,-0.74,-8.281,17.36,16.61,12.52,-4.351,-4.364,-4.359
,0.0,0.0,0.0,18.8633,12.2663,8.577,1,9.6641,9.6641,LOST,0.0,FAILSAFE_HOLD_OR_RETREAT|FORMATION_RECOVERY|MUTEX_PASS,0,1,1,42.7,-19.54,-0.692,-8.25,17.36,16.617,12.564,-4.351,-4.365,-4.359
,0.0,0.0,0.0,18.9116,12.2771,8.5757,1,9.693,9.693,LOST,0.0,FAILSAFE_HOLD_OR_RETREAT|FORMATION_RECOVERY|MUTEX_PASS,0,1,1,42.8,-19.54,-0.643,-8.22,17.36,16.624,12.608,-4.351,-4.365,-4.36
,0.0,0.0,0.0,18.9601,12.2872,8.575,1,9.7217,9.7217,LOST,0.0,FAILSAFE_HOLD_OR_RETREAT|FORMATION_RECOVERY|MUTEX_PASS,0,1,1,42.9,-19.54,-0.594,-8.19,17.36,16.631,12.653,-4.351,-4.365,-4.361
,0.0,0.0,0.0,19.0088,12.2969,8.5754,1,9.7503,9.7503,LOST,0.0,FAILSAFE_HOLD_OR_RETREAT|FORMATION_RECOVERY|MUTEX_PASS,0,1,1,43.0,-19.54,-0.545,-8.161,17.36,16.639,12.698,-4.351,-4.365,-4.362
,0.0,0.0,0.0,19.0578,12.3059,8.5769,1,9.7787,9.7787,LOST,0.0,FAILSAFE_HOLD_OR_RETREAT|FORMATION_RECOVERY|MUTEX_PASS,0,1,1,43.1,-19.54,-0.496,-8.133,17.36,16.646,12.743,-4.351,-4.365,-4.362
,0.0,0.0,0.0,19.1072,12.3146,8.5793,1,9.8071,9.8071,LOST,0.0,FAILSAFE_HOLD_OR_RETREAT|FORMATION_RECOVERY|MUTEX_PASS,0,1,1,43.2,-19.54,-0.446,-8.106,17.36,16.653,12.788,-4.351,-4.365,-4.363
,0.0,0.0,0.0,19.1564,12.3232,8.5821,1,9.8354,9.8354,LOST,0.0,FAILSAFE_HOLD_OR_RETREAT|FORMATION_RECOVERY|MUTEX_PASS,0,1,1,43.3,-19.54,-0.397,-8.078,17.36,16.66,12.833,-4.351,-4.365,-4.364
,0.0,0.0,0.0,19.2055,12.3318,8.5853,1,9.8635,9.8635,LOST,0.0,FAILSAFE_HOLD_OR_RETREAT|FORMATION_RECOVERY|MUTEX_PASS,0,1,1,43.4,-19.54,-0.347,-8.051,17.36,16.667,12.879,-4.351,-4.364,-4.365
,0.0,0.0,0.0,19.255,12.3405,8.5891,1,9.8917,9.8917,LOST,0.0,FAILSAFE_HOLD_OR_RETREAT|FORMATION_RECOVERY|MUTEX_PASS,0,1,1,43.5,-19.54,-0.298,-8.025,17.36,16.674,12.924,-4.351,-4.364,-4.366
,0.0,0.0,0.0,19.3044,12.3492,8.5933,1,9.9198,9.9198,LOST,0.0,FAILSAFE_HOLD_OR_RETREAT|FORMATION_RECOVERY|MUTEX_PASS,0,1,1,43.6,-19.54,-0.248,-7.998,17.36,16.681,12.969,-4.351,-4.363,-4.366
,0.0,0.0,0.0,19.3539,12.358,8.5981,1,9.9479,9.9479,LOST,0.0,FAILSAFE_HOLD_OR_RETREAT|FORMATION_RECOVERY|MUTEX_PASS,0,1,1,43.7,-19.54,-0.198,-7.971,17.36,16.688,13.014,-4.351,-4.363,-4.366
,0.0,0.0,0.0,19.4032,12.3669,8.6034,1,9.9759,9.9759,LOST,0.0,FAILSAFE_HOLD_OR_RETREAT|FORMATION_RECOVERY|MUTEX_PASS,0,1,1,43.8,-19.54,-0.148,-7.945,17.36,16.695,13.059,-4.351,-4.363,-4.366
,0.0,0.0,0.0,19.452,12.3761,8.6082,1,10.0036,10.0036,LOST,0.0,FAILSAFE_HOLD_OR_RETREAT|FORMATION_RECOVERY|MUTEX_PASS,0,1,1,43.9,-19.54,-0.099,-7.919,17.36,16.702,13.103,-4.351,-4.363,-4.366
,0.0,0.0,0.0,19.5,12.3854,8.6126,1,10.0311,10.0311,LOST,0.0,FAILSAFE_HOLD_OR_RETREAT|FORMATION_RECOVERY|MUTEX_PASS,0,1,1,44.0,-19.54,-0.051,-7.893,17.36,16.708,13.147,-4.351,-4.363,-4.366
,0.0,0.0,0.0,19.5465,12.3952,8.6157,1,10.058,10.058,LOST,0.0,FAILSAFE_HOLD_OR_RETREAT|FORMATION_RECOVERY|MUTEX_PASS,0,1,1,44.1,-19.54,-0.004,-7.867,17.36,16.715,13.191,-4.351,-4.363,-4.366
,0.0,0.0,0.0,19.5911,12.4053,8.6173,1,10.0844,10.0844,LOST,0.0,FAILSAFE_HOLD_OR_RETREAT|FORMATION_RECOVERY|MUTEX_PASS,0,1,1,44.2,-19.54,0.04,-7.841,17.36,16.721,13.235,-4.351,-4.363,-4.366
,0.0,0.0,0.0,19.6338,12.4155,8.6176,1,10.1101,10.1101,LOST,0.0,FAILSAFE_HOLD_OR_RETREAT|FORMATION_RECOVERY|MUTEX_PASS,0,1,1,44.3,-19.54,0.083,-7.815,17.36,16.727,13.279,-4.351,-4.362,-4.365
,0.0,0.0,0.0,19.6748,12.4255,8.6163,1,10.1351,10.1351,LOST,0.0,FAILSAFE_HOLD_OR_RETREAT|FORMATION_RECOVERY|MUTEX_PASS,0,1,1,44.4,-19.54,0.125,-7.789,17.36,16.732,13.323,-4.351,-4.362,-4.365
,0.0,0.0,0.0,19.714,12.4354,8.6134,1,10.1594,10.1594,LOST,0.0,FAILSAFE_HOLD_OR_RETREAT|FORMATION_RECOVERY|MUTEX_PASS,0,1,1,44.5,-19.54,0.164,-7.763,17.36,16.737,13.367,-4.351,-4.361,-4.364
,0.0,0.0,0.0,19.7513,12.4451,8.6091,1,10.1831,10.1831,LOST,0.0,FAILSAFE_HOLD_OR_RETREAT|FORMATION_RECOVERY|MUTEX_PASS,0,1,1,44.6,-19.54,0.201,-7.738,17.36,16.741,13.412,-4.351,-4.361,-4.363
,0.0,0.0,0.0,19.7863,12.4548,8.6029,1,10.2058,10.2058,LOST,0.0,FAILSAFE_HOLD_OR_RETREAT|FORMATION_RECOVERY|MUTEX_PASS,0,1,1,44.7,-19.54,0.236,-7.713,17.36,16.745,13.456,-4.351,-4.361,-4.363
,0.0,0.0,0.0,19.8194,12.4647,8.5952,1,10.228,10.228,LOST,0.0,FAILSAFE_HOLD_OR_RETREAT|FORMATION_RECOVERY|MUTEX_PASS,0,1,1,44.8,-19.54,0.27,-7.688,17.36,16.749,13.501,-4.351,-4.361,-4.362
,0.0,0.0,0.0,19.8507,12.4747,8.5859,1,10.2495,10.2495,LOST,0.0,FAILSAFE_HOLD_OR_RETREAT|FORMATION_RECOVERY|MUTEX_PASS,0,1,1,44.9,-19.54,0.301,-7.663,17.36,16.753,13.545,-4.351,-4.361,-4.362
,0.0,0.0,0.0,19.88,12.4847,8.5748,1,10.2703,10.2703,LOST,0.0,FAILSAFE_HOLD_OR_RETREAT|FORMATION_RECOVERY|MUTEX_PASS,0,1,1,45.0,-19.54,0.331,-7.638,17.36,16.756,13.59,-4.351,-4.36,-4.361
,0.0,0.0,0.0,19.9079,12.495,8.5623,1,10.2906,10.2906,LOST,0.0,FAILSAFE_HOLD_OR_RETREAT|FORMATION_RECOVERY|MUTEX_PASS,0,1,1,45.1,-19.54,0.359,-7.613,17.36,16.758,13.634,-4.351,-4.36,-4.361
,0.0,0.0,0.0,19.9344,12.5057,8.5483,1,10.3106,10.3106,LOST,0.0,FAILSAFE_HOLD_OR_RETREAT|FORMATION_RECOVERY|MUTEX_PASS,0,1,1,45.2,-19.54,0.385,-7.588,17.36,16.761,13.679,-4.351,-4.36,-4.36
,0.0,0.0,0.0,19.9589,12.5163,8.5331,1,10.33,10.33,LOST,0.0,FAILSAFE_HOLD_OR_RETREAT|FORMATION_RECOVERY|MUTEX_PASS,0,1,1,45.3,-19.54,0.41,-7.564,17.36,16.764,13.724,-4.351,-4.36,-4.359
,0.0,0.0,0.0,19.9812,12.5269,8.5163,1,10.3484,10.3484,LOST,0.0,FAILSAFE_HOLD_OR_RETREAT|FORMATION_RECOVERY|MUTEX_PASS,0,1,1,45.4,-19.54,0.432,-7.539,17.36,16.767,13.769,-4.351,-4.36,-4.359
,0.0,0.0,0.0,20.002,12.537,8.4984,1,10.3663,10.3663,LOST,0.0,FAILSAFE_HOLD_OR_RETREAT|FORMATION_RECOVERY|MUTEX_PASS,0,1,1,45.5,-19.54,0.453,-7.515,17.36,16.77,13.814,-4.351,-4.36,-4.358
,0.0,0.0,0.0,20.0216,12.5472,8.4797,1,10.3838,10.3838,LOST,0.0,FAILSAFE_HOLD_OR_RETREAT|FORMATION_RECOVERY|MUTEX_PASS,0,1,1,45.6,-19.54,0.473,-7.491,17.36,16.772,13.86,-4.351,-4.36,-4.358
,0.0,0.0,0.0,20.0397,12.5577,8.4595,1,10.4007,10.4007,LOST,0.0,FAILSAFE_HOLD_OR_RETREAT|FORMATION_RECOVERY|MUTEX_PASS,0,1,1,45.7,-19.54,0.491,-7.467,17.36,16.774,13.905,-4.351,-4.36,-4.357
,0.0,0.0,0.0,20.0561,12.5684,8.438,1,10.4172,10.4172,LOST,0.0,FAILSAFE_HOLD_OR_RETREAT|FORMATION_RECOVERY|MUTEX_PASS,0,1,1,45.8,-19.54,0.507,-7.443,17.36,16.777,13.95,-4.351,-4.36,-4.357
,0.0,0.0,0.0,20.0717,12.5791,8.416,1,10.4334,10.4334,LOST,0.0,FAILSAFE_HOLD_OR_RETREAT|FORMATION_RECOVERY|MUTEX_PASS,0,1,1,45.9,-19.54,0.523,-7.419,17.36,16.779,13.996,-4.351,-4.36,-4.357
,0.0,0.0,0.0,20.0867,12.59,8.3935,1,10.4493,10.4493,LOST,0.0,FAILSAFE_HOLD_OR_RETREAT|FORMATION_RECOVERY|MUTEX_PASS,0,1,1,46.0,-19.54,0.538,-7.395,17.36,16.782,14.041,-4.351,-4.359,-4.357
,0.0,0.0,0.0,20.1006,12.6011,8.3703,1,10.4649,10.4649,LOST,0.0,FAILSAFE_HOLD_OR_RETREAT|FORMATION_RECOVERY|MUTEX_PASS,0,1,1,46.1,-19.54,0.552,-7.372,17.36,16.784,14.086,-4.351,-4.359,-4.357
,0.0,0.0,0.0,20.1134,12.6122,8.3464,1,10.48,10.48,LOST,0.0,FAILSAFE_HOLD_OR_RETREAT|FORMATION_RECOVERY|MUTEX_PASS,0,1,1,46.2,-19.54,0.565,-7.348,17.36,16.786,14.131,-4.351,-4.358,-4.357
,0.0,0.0,0.0,20.1256,12.6236,8.322,1,10.4949,10.4949,LOST,0.0,FAILSAFE_HOLD_OR_RETREAT|FORMATION_RECOVERY|MUTEX_PASS,0,1,1,46.3,-19.54,0.577,-7.325,17.36,16.787,14.176,-4.351,-4.358,-4.356
,0.0,0.0,0.0,20.137,12.6351,8.2972,1,10.5096,10.5096,LOST,0.0,FAILSAFE_HOLD_OR_RETREAT|FORMATION_RECOVERY|MUTEX_PASS,0,1,1,46.4,-19.54,0.589,-7.301,17.36,16.789,14.221,-4.351,-4.358,-4.356
,0.0,0.0,0.0,20.1481,12.647,8.272,1,10.5242,10.5242,LOST,0.0,FAILSAFE_HOLD_OR_RETREAT|FORMATION_RECOVERY|MUTEX_PASS,0,1,1,46.5,-19.54,0.6,-7.278,17.36,16.79,14.266,-4.351,-4.357,-4.356
,0.0,0.0,0.0,20.1588,12.6593,8.2463,1,10.5387,10.5387,LOST,0.0,FAILSAFE_HOLD_OR_RETREAT|FORMATION_RECOVERY|MUTEX_PASS,0,1,1,46.6,-19.54,0.61,-7.254,17.36,16.792,14.31,-4.351,-4.356,-4.356
,0.0,0.0,0.0,20.1687,12.6719,8.2199,1,10.553,10.553,LOST,0.0,FAILSAFE_HOLD_OR_RETREAT|FORMATION_RECOVERY|MUTEX_PASS,0,1,1,46.7,-19.54,0.62,-7.23,17.36,16.793,14.355,-4.351,-4.356,-4.357
,0.0,0.0,0.0,20.178,12.6845,8.1933,1,10.5671,10.5671,LOST,0.0,FAILSAFE_HOLD_OR_RETREAT|FORMATION_RECOVERY|MUTEX_PASS,0,1,1,46.8,-19.54,0.63,-7.206,17.36,16.794,14.4,-4.351,-4.356,-4.358
,0.0,0.0,0.0,20.1868,12.6973,8.1666,1,10.581,10.581,LOST,0.0,FAILSAFE_HOLD_OR_RETREAT|FORMATION_RECOVERY|MUTEX_PASS,0,1,1,46.9,-19.54,0.639,-7.182,17.36,16.795,14.444,-4.351,-4.355,-4.358
,0.0,0.0,0.0,20.1953,12.7102,8.1397,1,10.5946,10.5946,LOST,0.0,FAILSAFE_HOLD_OR_RETREAT|FORMATION_RECOVERY|MUTEX_PASS,0,1,1,47.0,-19.54,0.647,-7.159,17.36,16.795,14.488,-4.351,-4.355,-4.358
,0.0,0.0,0.0,20.2033,12.7233,8.1123,1,10.6081,10.6081,LOST,0.0,FAILSAFE_HOLD_OR_RETREAT|FORMATION_RECOVERY|MUTEX_PASS,0,1,1,47.1,-19.54,0.655,-7.135,17.36,16.795,14.532,-4.351,-4.355,-4.357
,0.0,0.0,0.0,20.211,12.7367,8.0844,1,10.6214,10.6214,LOST,0.0,FAILSAFE_HOLD_OR_RETREAT|FORMATION_RECOVERY|MUTEX_PASS,0,1,1,47.2,-19.54,0.663,-7.111,17.36,16.794,14.576,-4.351,-4.355,-4.357
,0.0,0.0,0.0,20.2182,12.7504,8.0561,1,10.6347,10.6347,LOST,0.0,FAILSAFE_HOLD_OR_RETREAT|FORMATION_RECOVERY|MUTEX_PASS,0,1,1,47.3,-19.54,0.67,-7.088,17.36,16.793,14.62,-4.351,-4.355,-4.356
,0.0,0.0,0.0,20.225,12.7642,8.0277,1,10.6478,10.6478,LOST,0.0,FAILSAFE_HOLD_OR_RETREAT|FORMATION_RECOVERY|MUTEX_PASS,0,1,1,47.4,-19.54,0.677,-7.064,17.36,16.792,14.664,-4.351,-4.355,-4.356
,0.0,0.0,0.0,20.2313,12.7782,7.9991,1,10.6607,10.6607,LOST,0.0,FAILSAFE_HOLD_OR_RETREAT|FORMATION_WAIT_REJOIN|MUTEX_PASS,0,1,1,47.5,-19.54,0.683,-7.04,17.36,16.791,14.708,-4.351,-4.355,-4.356
,0.0,0.0,0.0,20.2372,12.7925,7.9703,1,10.6736,10.6736,LOST,0.0,FAILSAFE_HOLD_OR_RETREAT|FORMATION_WAIT_REJOIN|MUTEX_PASS,0,1,1,47.6,-19.54,0.689,-7.016,17.36,16.79,14.752,-4.351,-4.355,-4.355
,0.0,0.0,0.0,20.2429,12.807,7.9412,1,10.6866,10.6866,LOST,0.0,FAILSAFE_HOLD_OR_RETREAT|FORMATION_WAIT_REJOIN|MUTEX_PASS,0,1,1,47.7,-19.54,0.695,-6.992,17.36,16.79,14.796,-4.351,-4.355,-4.355
,0.0,0.0,0.0,20.2482,12.8218,7.9119,1,10.6995,10.6995,LOST,0.0,FAILSAFE_HOLD_OR_RETREAT|FORMATION_WAIT_REJOIN|MUTEX_PASS,0,1,1,47.8,-19.54,0.7,-6.968,17.36,16.79,14.841,-4.351,-4.355,-4.354
,0.0,0.0,0.0,20.2533,12.8367,7.8826,1,10.7124,10.7124,LOST,0.0,FAILSAFE_HOLD_OR_RETREAT|FORMATION_WAIT_REJOIN|MUTEX_PASS,0,1,1,47.9,-19.54,0.705,-6.944,17.36,16.79,14.886,-4.351,-4.356,-4.354
,0.0,0.0,0.0,20.2582,12.8515,7.8537,1,10.7251,10.7251,LOST,0.0,FAILSAFE_HOLD_OR_RETREAT|FORMATION_WAIT_REJOIN|MUTEX_PASS,0,1,1,48.0,-19.54,0.71,-6.92,17.36,16.79,14.93,-4.351,-4.356,-4.354
,0.0,0.0,0.0,20.2631,12.8665,7.825,1,10.7378,10.7378,LOST,0.0,FAILSAFE_HOLD_OR_RETREAT|FORMATION_WAIT_REJOIN|MUTEX_PASS,0,1,1,48.1,-19.54,0.715,-6.897,17.36,16.79,14.975,-4.351,-4.356,-4.354
,0.0,0.0,0.0,20.2678,12.8822,7.7962,1,10.7506,10.7506,LOST,0.0,FAILSAFE_HOLD_OR_RETREAT|FORMATION_WAIT_REJOIN|MUTEX_PASS,0,1,1,48.2,-19.54,0.72,-6.873,17.36,16.791,15.019,-4.351,-4.356,-4.354
,0.0,0.0,0.0,20.2723,12.8993,7.7664,1,10.7635,10.7635,LOST,0.0,FAILSAFE_HOLD_OR_RETREAT|FORMATION_WAIT_REJOIN|MUTEX_PASS,0,1,1,48.3,-19.54,0.724,-6.847,17.36,16.791,15.062,-4.351,-4.356,-4.354
,0.0,0.0,0.0,20.2768,12.9179,7.7359,1,10.7769,10.7769,LOST,0.0,FAILSAFE_HOLD_OR_RETREAT|FORMATION_WAIT_REJOIN|MUTEX_PASS,0,1,1,48.4,-19.54,0.729,-6.821,17.36,16.792,15.104,-4.351,-4.356,-4.354
,0.0,0.0,0.0,20.2813,12.9382,7.7044,1,10.7907,10.7907,LOST,0.0,FAILSAFE_HOLD_OR_RETREAT|FORMATION_WAIT_REJOIN|MUTEX_PASS,0,1,1,48.5,-19.54,0.733,-6.793,17.36,16.792,15.145,-4.351,-4.356,-4.354
,0.0,0.0,0.0,20.2853,12.9603,7.6713,1,10.8047,10.8047,LOST,0.0,FAILSAFE_HOLD_OR_RETREAT|FORMATION_WAIT_REJOIN|MUTEX_PASS,0,1,1,48.6,-19.54,0.737,-6.764,17.36,16.793,15.185,-4.351,-4.356,-4.355
,0.0,0.0,0.0,20.2892,12.9842,7.637,1,10.8191,10.8191,LOST,0.0,FAILSAFE_HOLD_OR_RETREAT|FORMATION_WAIT_REJOIN|MUTEX_PASS,0,1,1,48.7,-19.54,0.741,-6.733,17.36,16.794,15.224,-4.351,-4.355,-4.355
,0.0,0.0,0.0,20.2933,13.01,7.6016,1,10.834,10.834,LOST,0.0,FAILSAFE_HOLD_OR_RETREAT|FORMATION_WAIT_REJOIN|MUTEX_PASS,0,1,1,48.8,-19.54,0.745,-6.7,17.36,16.794,15.262,-4.351,-4.355,-4.356
,0.0,0.0,0.0,20.2974,13.0377,7.5648,1,10.8492,10.8492,LOST,0.0,FAILSAFE_HOLD_OR_RETREAT|FORMATION_WAIT_REJOIN|MUTEX_PASS,0,1,1,48.9,-19.54,0.749,-6.666,17.36,16.794,15.299,-4.351,-4.355,-4.356
,0.0,0.0,0.0,20.3011,13.0669,7.527,1,10.8647,10.8647,LOST,0.0,FAILSAFE_HOLD_OR_RETREAT|FORMATION_WAIT_REJOIN|MUTEX_PASS,0,1,1,49.0,-19.54,0.753,-6.631,17.36,16.795,15.335,-4.351,-4.354,-4.357
,0.0,0.0,0.0,20.3044,13.0978,7.4879,1,10.8804,10.8804,LOST,0.0,FAILSAFE_HOLD_OR_RETREAT|FORMATION_WAIT_REJOIN|MUTEX_PASS,0,1,1,49.1,-19.54,0.756,-6.595,17.36,16.795,15.369,-4.351,-4.354,-4.358
,0.0,0.0,0.0,20.3077,13.131,7.4473,1,10.8965,10.8965,LOST,0.0,FAILSAFE_HOLD_OR_RETREAT|FORMATION_WAIT_REJOIN|MUTEX_PASS,0,1,1,49.2,-19.54,0.76,-6.556,17.36,16.795,15.401,-4.351,-4.353,-4.358
,0.0,0.0,0.0,20.311,13.1658,7.4058,1,10.913,10.913,LOST,0.0,FAILSAFE_HOLD_OR_RETREAT|FORMATION_WAIT_REJOIN|MUTEX_PASS,0,1,1,49.3,-19.54,0.763,-6.516,17.36,16.796,15.432,-4.351,-4.353,-4.359
,0.0,0.0,0.0,20.314,13.2023,7.3629,1,10.9297,10.9297,LOST,0.0,FAILSAFE_HOLD_OR_RETREAT|FORMATION_WAIT_REJOIN|MUTEX_PASS,0,1,1,49.4,-19.54,0.766,-6.475,17.36,16.796,15.462,-4.351,-4.353,-4.36
,0.0,0.0,0.0,20.3173,13.2403,7.3194,1,10.9468,10.9468,LOST,0.0,FAILSAFE_HOLD_OR_RETREAT|FORMATION_WAIT_REJOIN|MUTEX_PASS,0,1,1,49.5,-19.54,0.769,-6.433,17.36,16.796,15.49,-4.351,-4.353,-4.36
,0.0,0.0,0.0,20.3211,13.2797,7.2754,1,10.9642,10.9642,LOST,0.0,FAILSAFE_HOLD_OR_RETREAT|FORMATION_WAIT_REJOIN|MUTEX_PASS,0,1,1,49.6,-19.54,0.773,-6.389,17.36,16.796,15.516,-4.351,-4.353,-4.361
,0.0,0.0,0.0,20.3249,13.3201,7.2309,1,10.9817,10.9817,LOST,0.0,FAILSAFE_HOLD_OR_RETREAT|FORMATION_WAIT_REJOIN|MUTEX_PASS,0,1,1,49.7,-19.54,0.777,-6.345,17.36,16.795,15.542,-4.351,-4.354,-4.362
,0.0,0.0,0.0,20.329,13.3614,7.1863,1,10.9995,10.9995,LOST,0.0,FAILSAFE_HOLD_OR_RETREAT|FORMATION_WAIT_REJOIN|MUTEX_PASS,0,1,1,49.8,-19.54,0.781,-6.3,17.36,16.794,15.566,-4.351,-4.354,-4.363
,0.0,0.0,0.0,20.3329,13.4038,7.1411,1,11.0174,11.0174,LOST,0.0,FAILSAFE_HOLD_OR_RETREAT|FORMATION_WAIT_REJOIN|MUTEX_PASS,0,1,1,49.9,-19.54,0.785,-6.254,17.36,16.794,15.589,-4.351,-4.354,-4.363
,0.0,0.0,0.0,20.3364,13.4476,7.0946,1,11.0354,11.0354,LOST,0.0,FAILSAFE_HOLD_OR_RETREAT|FORMATION_WAIT_REJOIN|MUTEX_PASS,0,1,1,49.999,-19.54,0.788,-6.207,17.36,16.793,15.61,-4.351,-4.354,-4.363
,0.0,0.0,0.0,20.3397,13.4928,7.047,1,11.0536,11.0536,LOST,0.0,FAILSAFE_HOLD_OR_RETREAT|FORMATION_WAIT_REJOIN|MUTEX_PASS,0,1,1,50.099,-19.54,0.791,-6.159,17.36,16.793,15.63,-4.351,-4.354,-4.363
,0.0,0.0,0.0,20.3428,13.5387,6.9991,1,11.0718,11.0718,LOST,0.0,FAILSAFE_HOLD_OR_RETREAT|FORMATION_WAIT_REJOIN|MUTEX_PASS,0,1,1,50.199,-19.54,0.795,-6.11,17.36,16.793,15.648,-4.351,-4.353,-4.363
,0.0,0.0,0.0,20.3461,13.585,6.9514,1,11.09,11.09,LOST,0.0,FAILSAFE_HOLD_OR_RETREAT|FORMATION_WAIT_REJOIN|MUTEX_PASS,0,1,1,50.299,-19.54,0.798,-6.061,17.36,16.793,15.665,-4.351,-4.353,-4.363
,0.0,0.0,0.0,20.3495,13.6319,6.9034,1,11.1083,11.1083,LOST,0.0,FAILSAFE_HOLD_OR_RETREAT|FORMATION_WAIT_REJOIN|MUTEX_PASS,0,1,1,50.399,-19.54,0.801,-6.012,17.36,16.793,15.681,-4.351,-4.353,-4.362
,0.0,0.0,0.0,20.3526,13.6796,6.8549,1,11.1268,11.1268,LOST,0.0,FAILSAFE_HOLD_OR_RETREAT|FORMATION_WAIT_REJOIN|MUTEX_PASS,0,1,1,50.499,-19.54,0.804,-5.962,17.36,16.793,15.696,-4.351,-4.352,-4.362
,0.0,0.0,0.0,20.3556,13.7277,6.8059,1,11.1452,11.1452,LOST,0.0,FAILSAFE_HOLD_OR_RETREAT|FORMATION_WAIT_REJOIN|MUTEX_PASS,0,1,1,50.599,-19.54,0.807,-5.912,17.36,16.793,15.711,-4.351,-4.352,-4.362
,0.0,0.0,0.0,20.3586,13.7756,6.7572,1,11.1634,11.1634,LOST,0.0,FAILSAFE_HOLD_OR_RETREAT|FORMATION_WAIT_REJOIN|MUTEX_PASS,0,1,1,50.699,-19.54,0.81,-5.862,17.36,16.793,15.725,-4.351,-4.352,-4.362
,0.0,0.0,0.0,20.3617,13.8235,6.7087,1,11.1816,11.1816,LOST,0.0,FAILSAFE_HOLD_OR_RETREAT|FORMATION_WAIT_REJOIN|MUTEX_PASS,0,1,1,50.799,-19.54,0.814,-5.812,17.36,16.792,15.739,-4.351,-4.352,-4.362
,0.0,0.0,0.0,20.3646,13.8715,6.66,1,11.1997,11.1997,LOST,0.0,FAILSAFE_HOLD_OR_RETREAT|FORMATION_WAIT_REJOIN|MUTEX_PASS,1,1,1,50.899,-19.54,0.816,-5.762,17.36,16.792,15.753,-4.351,-4.352,-4.362
,0.0,0.0,0.0,20.3671,13.9197,6.6112,1,11.2177,11.2177,LOST,0.0,FAILSAFE_HOLD_OR_RETREAT|FORMATION_WAIT_REJOIN|MUTEX_PASS,1,1,1,50.999,-19.54,0.819,-5.712,17.36,16.791,15.765,-4.351,-4.353,-4.361
,0.0,0.0,0.0,20.3696,13.9681,6.5621,1,11.2357,11.2357,LOST,0.0,FAILSAFE_HOLD_OR_RETREAT|FORMATION_WAIT_REJOIN|MUTEX_PASS,1,1,1,51.099,-19.54,0.821,-5.662,17.36,16.791,15.778,-4.351,-4.353,-4.361
,0.0,0.0,0.0,20.3717,14.0165,6.5128,1,11.2535,11.2535,LOST,0.0,FAILSAFE_HOLD_OR_RETREAT|FORMATION_WAIT_REJOIN|MUTEX_PASS,1,1,1,51.199,-19.54,0.824,-5.612,17.36,16.79,15.79,-4.351,-4.354,-4.36
,0.0,0.0,0.0,20.3737,14.0648,6.4635,1,11.2711,11.2711,LOST,0.0,FAILSAFE_HOLD_OR_RETREAT|FORMATION_WAIT_REJOIN|MUTEX_PASS,1,1,1,51.299,-19.54,0.825,-5.562,17.36,16.789,15.801,-4.351,-4.355,-4.36
,0.0,0.0,0.0,20.3758,14.1129,6.4146,1,11.2887,11.2887,LOST,0.0,FAILSAFE_HOLD_OR_RETREAT|FORMATION_WAIT_REJOIN|MUTEX_PASS,1,1,1,51.399,-19.54,0.828,-5.512,17.36,16.789,15.813,-4.351,-4.356,-4.36
,0.0,0.0,0.0,20.3775,14.1608,6.3656,1,11.3061,11.3061,LOST,0.0,FAILSAFE_HOLD_OR_RETREAT|FORMATION_WAIT_REJOIN|MUTEX_PASS,1,1,1,51.499,-19.54,0.829,-5.463,17.36,16.788,15.824,-4.351,-4.356,-4.36
,0.0,0.0,0.0,20.3789,14.2086,6.3163,1,11.3233,11.3233,LOST,0.0,FAILSAFE_HOLD_OR_RETREAT|FORMATION_WAIT_REJOIN|MUTEX_PASS,1,1,1,51.599,-19.54,0.831,-5.414,17.36,16.787,15.835,-4.351,-4.357,-4.36
,0.0,0.0,0.0,20.3799,14.2562,6.2671,1,11.3403,11.3403,LOST,0.0,FAILSAFE_HOLD_OR_RETREAT|FORMATION_WAIT_REJOIN|MUTEX_PASS,1,1,1,51.699,-19.54,0.832,-5.365,17.36,16.786,15.846,-4.351,-4.357,-4.361
,0.0,0.0,0.0,20.3807,14.3022,6.2186,1,11.357,11.357,LOST,0.0,FAILSAFE_HOLD_OR_RETREAT|FORMATION_WAIT_REJOIN|MUTEX_PASS,1,1,1,51.799,-19.54,0.832,-5.317,17.36,16.786,15.859,-4.351,-4.358,-4.361
,0.0,0.0,0.0,20.3813,14.3469,6.171,1,11.3735,11.3735,LOST,0.0,FAILSAFE_HOLD_OR_RETREAT|FORMATION_WAIT_REJOIN|MUTEX_PASS,1,1,1,51.899,-19.54,0.833,-5.27,17.36,16.786,15.874,-4.351,-4.359,-4.362
,0.0,0.0,0.0,20.3821,14.3912,6.1238,1,11.39,11.39,LOST,0.0,FAILSAFE_HOLD_OR_RETREAT|FORMATION_WAIT_REJOIN|MUTEX_PASS,1,1,1,51.999,-19.54,0.834,-5.224,17.36,16.786,15.891,-4.351,-4.359,-4.362
,0.0,0.0,0.0,20.383,14.4355,6.0766,1,11.4066,11.4066,LOST,0.0,FAILSAFE_HOLD_OR_RETREAT|FORMATION_WAIT_REJOIN|MUTEX_PASS,1,1,1,52.099,-19.54,0.835,-5.178,17.36,16.786,15.907,-4.351,-4.36,-4.362
,0.0,0.0,0.0,20.3838,14.4804,6.0289,1,11.4233,11.4233,LOST,0.0,FAILSAFE_HOLD_OR_RETREAT|FORMATION_WAIT_REJOIN|MUTEX_PASS,1,1,1,52.199,-19.54,0.835,-5.131,17.36,16.787,15.923,-4.351,-4.36,-4.362
,0.0,0.0,0.0,20.3843,14.5266,5.9801,1,11.4401,11.4401,LOST,0.0,FAILSAFE_HOLD_OR_RETREAT|FORMATION_WAIT_REJOIN|MUTEX_PASS,1,1,1,52.299,-19.54,0.836,-5.083,17.36,16.787,15.937,-4.351,-4.361,-4.362
,0.0,0.0,0.0,20.3844,14.5735,5.9305,1,11.457,11.457,LOST,0.0,FAILSAFE_HOLD_OR_RETREAT|FORMATION_WAIT_REJOIN|MUTEX_PASS,1,1,1,52.399,-19.54,0.836,-5.035,17.36,16.788,15.951,-4.351,-4.361,-4.361
,0.0,0.0,0.0,20.384,14.6208,5.8802,1,11.4737,11.4737,LOST,0.0,FAILSAFE_HOLD_OR_RETREAT|FORMATION_WAIT_REJOIN|MUTEX_PASS,1,1,1,52.499,-19.54,0.836,-4.986,17.36,16.788,15.963,-4.351,-4.361,-4.361
,0.0,0.0,0.0,20.3836,14.6686,5.8297,1,11.4904,11.4904,LOST,0.0,FAILSAFE_HOLD_OR_RETREAT|FORMATION_WAIT_REJOIN|MUTEX_PASS,1,1,1,52.599,-19.54,0.835,-4.937,17.36,16.789,15.975,-4.351,-4.362,-4.361
,0.0,0.0,0.0,20.3832,14.7168,5.7792,1,11.5071,11.5071,LOST,0.0,FAILSAFE_HOLD_OR_RETREAT|FORMATION_WAIT_REJOIN|MUTEX_PASS,1,1,1,52.699,-19.54,0.835,-4.888,17.36,16.79,15.985,-4.351,-4.362,-4.36
,0.0,0.0,0.0,20.3829,14.765,5.7291,1,11.5237,11.5237,LOST,0.0,FAILSAFE_HOLD_OR_RETREAT|FORMATION_WAIT_REJOIN|MUTEX_PASS,1,1,1,52.799,-19.54,0.835,-4.839,17.36,16.79,15.993,-4.351,-4.363,-4.36
,0.0,0.0,0.0,20.3826,14.8135,5.679,1,11.5402,11.5402,LOST,0.0,FAILSAFE_HOLD_OR_RETREAT|FORMATION_WAIT_REJOIN|MUTEX_PASS,1,1,1,52.899,-19.54,0.834,-4.789,17.36,16.791,16.001,-4.351,-4.363,-4.359
,0.0,0.0,0.0,20.3824,14.8625,5.6288,1,11.5568,11.5568,LOST,0.0,FAILSAFE_HOLD_OR_RETREAT|FORMATION_WAIT_REJOIN|MUTEX_PASS,1,1,1,52.999,-19.54,0.834,-4.739,17.36,16.792,16.007,-4.351,-4.363,-4.359
,0.0,0.0,0.0,20.3823,14.9122,5.5783,1,11.5734,11.5734,LOST,0.0,FAILSAFE_HOLD_OR_RETREAT|FORMATION_WAIT_REJOIN|MUTEX_PASS,1,1,1,53.099,-19.54,0.834,-4.689,17.36,16.793,16.011,-4.351,-4.363,-4.359
,0.0,0.0,0.0,20.3821,14.9622,5.5279,1,11.59,11.59,LOST,0.0,FAILSAFE_HOLD_OR_RETREAT|FORMATION_WAIT_REJOIN|MUTEX_PASS,1,1,1,53.199,-19.54,0.834,-4.639,17.36,16.793,16.014,-4.351,-4.363,-4.359
,0.0,0.0,0.0,20.382,15.0125,5.4778,1,11.6065,11.6065,LOST,0.0,FAILSAFE_HOLD_OR_RETREAT|FORMATION_WAIT_REJOIN|MUTEX_PASS,1,1,1,53.299,-19.54,0.834,-4.588,17.36,16.794,16.015,-4.351,-4.363,-4.358
,0.0,0.0,0.0,20.3818,15.0629,5.4277,1,11.6228,11.6228,LOST,0.0,FAILSAFE_HOLD_OR_RETREAT|FORMATION_WAIT_REJOIN|MUTEX_PASS,1,1,1,53.399,-19.54,0.834,-4.538,17.36,16.796,16.015,-4.351,-4.362,-4.357
,0.0,0.0,0.0,20.3817,15.1133,5.3781,1,11.639,11.639,LOST,0.0,FAILSAFE_HOLD_OR_RETREAT|FORMATION_WAIT_REJOIN|MUTEX_PASS,1,1,1,53.499,-19.54,0.834,-4.487,17.36,16.796,16.013,-4.351,-4.362,-4.357
,0.0,0.0,0.0,20.3819,15.1638,5.329,1,11.6552,11.6552,LOST,0.0,FAILSAFE_HOLD_OR_RETREAT|FORMATION_WAIT_REJOIN|MUTEX_PASS,1,1,1,53.599,-19.54,0.834,-4.437,17.36,16.797,16.01,-4.351,-4.362,-4.356
,0.0,0.0,0.0,20.3826,15.2145,5.2805,1,11.6716,11.6716,LOST,0.0,FAILSAFE_HOLD_OR_RETREAT|FORMATION_WAIT_REJOIN|MUTEX_PASS,1,1,1,53.699,-19.54,0.835,-4.386,17.36,16.798,16.006,-4.351,-4.363,-4.356
,0.0,0.0,0.0,20.3834,15.2651,5.2324,1,11.6878,11.6878,LOST,0.0,FAILSAFE_HOLD_OR_RETREAT|FORMATION_WAIT_REJOIN|MUTEX_PASS,1,1,1,53.799,-19.54,0.835,-4.336,17.36,16.799,16.001,-4.351,-4.363,-4.356
,0.0,0.0,0.0,20.3842,15.3152,5.185,1,11.7037,11.7037,LOST,0.0,FAILSAFE_HOLD_OR_RETREAT|FORMATION_WAIT_REJOIN|MUTEX_PASS,1,1,1,53.899,-19.54,0.836,-4.286,17.36,16.799,15.995,-4.351,-4.363,-4.356
,0.0,0.0,0.0,20.385,15.3651,5.1379,1,11.7194,11.7194,LOST,0.0,FAILSAFE_HOLD_OR_RETREAT|FORMATION_WAIT_REJOIN|MUTEX_PASS,1,1,1,53.999,-19.54,0.837,-4.236,17.36,16.799,15.988,-4.351,-4.362,-4.356
,0.0,0.0,0.0,20.3858,15.4152,5.0909,1,11.7352,11.7352,LOST,0.0,FAILSAFE_HOLD_OR_RETREAT|FORMATION_WAIT_REJOIN|MUTEX_PASS,0,1,1,54.099,-19.54,0.838,-4.187,17.36,16.799,15.981,-4.351,-4.362,-4.356
,0.0,0.0,0.0,20.3869,15.4656,5.0441,1,11.7511,11.7511,LOST,0.0,FAILSAFE_HOLD_OR_RETREAT|FORMATION_WAIT_REJOIN|MUTEX_PASS,0,1,1,54.199,-19.54,0.839,-4.137,17.36,16.8,15.973,-4.351,-4.362,-4.357
,0.0,0.0,0.0,20.388,15.5155,4.9982,1,11.7668,11.7668,LOST,0.0,FAILSAFE_HOLD_OR_RETREAT|FORMATION_WAIT_REJOIN|MUTEX_PASS,0,1,1,54.299,-19.54,0.84,-4.088,17.36,16.8,15.964,-4.351,-4.363,-4.357
,0.0,0.0,0.0,20.389,15.5654,4.9526,1,11.7823,11.7823,LOST,0.0,FAILSAFE_HOLD_OR_RETREAT|FORMATION_WAIT_REJOIN|MUTEX_PASS,0,1,1,54.399,-19.54,0.841,-4.038,17.36,16.801,15.954,-4.351,-4.363,-4.356
,0.0,0.0,0.0,20.39,15.6154,4.9071,1,11.7978,11.7978,LOST,0.0,FAILSAFE_HOLD_OR_RETREAT|FORMATION_WAIT_REJOIN|MUTEX_PASS,0,1,1,54.499,-19.54,0.842,-3.989,17.36,16.802,15.943,-4.351,-4.363,-4.356
,0.0,0.0,0.0,20.3912,15.6657,4.8617,1,11.8134,11.8134,LOST,0.0,FAILSAFE_HOLD_OR_RETREAT|FORMATION_WAIT_REJOIN|MUTEX_PASS,0,1,1,54.599,-19.54,0.843,-3.94,17.36,16.803,15.932,-4.351,-4.363,-4.356
,0.0,0.0,0.0,20.3924,15.7161,4.8167,1,11.8289,11.8289,LOST,0.0,FAILSAFE_HOLD_OR_RETREAT|FORMATION_WAIT_REJOIN|MUTEX_PASS,0,1,1,54.699,-19.54,0.845,-3.89,17.36,16.804,15.92,-4.351,-4.363,-4.356
,0.0,0.0,0.0,20.3937,15.7662,4.7721,1,11.8443,11.8443,LOST,0.0,FAILSAFE_HOLD_OR_RETREAT|FORMATION_WAIT_REJOIN|MUTEX_PASS,0,1,1,54.799,-19.54,0.846,-3.841,17.36,16.804,15.907,-4.351,-4.363,-4.356
,0.0,0.0,0.0,20.3951,15.8166,4.7278,1,11.8597,11.8597,LOST,0.0,FAILSAFE_HOLD_OR_RETREAT|FORMATION_WAIT_REJOIN|MUTEX_PASS,0,1,1,54.899,-19.54,0.847,-3.792,17.36,16.805,15.893,-4.351,-4.363,-4.355
,0.0,0.0,0.0,20.3964,15.867,4.6836,1,11.875,11.875,LOST,0.0,FAILSAFE_HOLD_OR_RETREAT|FORMATION_WAIT_REJOIN|MUTEX_PASS,0,1,1,54.999,-19.54,0.849,-3.742,17.36,16.805,15.879,-4.351,-4.363,-4.355
,0.0,0.0,0.0,20.3975,15.9174,4.6395,1,11.8902,11.8902,LOST,0.0,FAILSAFE_HOLD_OR_RETREAT|FORMATION_WAIT_REJOIN|MUTEX_PASS,0,1,1,55.099,-19.54,0.85,-3.693,17.36,16.806,15.864,-4.351,-4.363,-4.355
,0.0,0.0,0.0,20.3986,15.9677,4.5958,1,11.9053,11.9053,LOST,0.0,FAILSAFE_HOLD_OR_RETREAT|FORMATION_WAIT_REJOIN|MUTEX_PASS,0,1,1,55.199,-19.54,0.851,-3.644,17.36,16.807,15.849,-4.351,-4.363,-4.355
,0.0,0.0,0.0,20.3995,16.018,4.5523,1,11.9204,11.9204,LOST,0.0,FAILSAFE_HOLD_OR_RETREAT|FORMATION_WAIT_REJOIN|MUTEX_PASS,0,1,1,55.299,-19.54,0.852,-3.595,17.36,16.807,15.833,-4.351,-4.363,-4.355
,0.0,0.0,0.0,20.4006,16.068,4.5093,1,11.9353,11.9353,LOST,0.0,FAILSAFE_HOLD_OR_RETREAT|FORMATION_WAIT_REJOIN|MUTEX_PASS,0,1,1,55.399,-19.54,0.853,-3.546,17.36,16.807,15.818,-4.351,-4.362,-4.355
,0.0,0.0,0.0,20.4016,16.1176,4.4667,1,11.9502,11.9502,LOST,0.0,FAILSAFE_HOLD_OR_RETREAT|FORMATION_WAIT_REJOIN|MUTEX_PASS,0,1,1,55.499,-19.54,0.854,-3.498,17.36,16.808,15.802,-4.351,-4.362,-4.355
,0.0,0.0,0.0,20.4024,16.1673,4.4241,1,11.9649,11.9649,LOST,0.0,FAILSAFE_HOLD_OR_RETREAT|FORMATION_WAIT_REJOIN|MUTEX_PASS,0,1,1,55.599,-19.54,0.855,-3.45,17.36,16.808,15.786,-4.351,-4.361,-4.355
,0.0,0.0,0.0,20.4037,16.2169,4.3823,1,11.9798,11.9798,LOST,0.0,FAILSAFE_HOLD_OR_RETREAT|FORMATION_WAIT_REJOIN|MUTEX_PASS,0,1,1,55.699,-19.54,0.856,-3.401,17.36,16.809,15.77,-4.351,-4.361,-4.354
,0.0,0.0,0.0,20.4053,16.2666,4.3407,1,11.9947,11.9947,LOST,0.0,FAILSAFE_HOLD_OR_RETREAT|FORMATION_WAIT_REJOIN|MUTEX_PASS,0,1,1,55.799,-19.54,0.858,-3.353,17.36,16.808,15.754,-4.351,-4.36,-4.354
,0.0,0.0,0.0,20.4067,16.3163,4.2991,1,12.0095,12.0095,LOST,0.0,FAILSAFE_HOLD_OR_RETREAT|FORMATION_WAIT_REJOIN|MUTEX_PASS,0,1,1,55.899,-19.54,0.859,-3.305,17.36,16.807,15.737,-4.351,-4.36,-4.354
,0.0,0.0,0.0,20.4079,16.3661,4.2572,1,12.0244,12.0244,LOST,0.0,FAILSAFE_HOLD_OR_RETREAT|FORMATION_WAIT_REJOIN|MUTEX_PASS,0,1,1,55.999,-19.54,0.86,-3.256,17.36,16.806,15.721,-4.351,-4.36,-4.354
,0.0,0.0,0.0,20.4093,16.416,4.2157,1,12.0392,12.0392,LOST,0.0,FAILSAFE_HOLD_OR_RETREAT|FORMATION_WAIT_REJOIN|MUTEX_PASS,0,1,1,56.099,-19.54,0.861,-3.208,17.36,16.806,15.705,-4.351,-4.36,-4.353
,0.0,0.0,0.0,20.4104,16.4659,4.1745,1,12.054,12.054,LOST,0.0,FAILSAFE_HOLD_OR_RETREAT|FORMATION_WAIT_REJOIN|MUTEX_PASS,0,1,1,56.199,-19.54,0.863,-3.16,17.36,16.805,15.688,-4.351,-4.359,-4.353
,0.0,0.0,0.0,20.4115,16.5157,4.1335,1,12.0687,12.0687,LOST,0.0,FAILSAFE_HOLD_OR_RETREAT|FORMATION_WAIT_REJOIN|MUTEX_PASS,0,1,1,56.299,-19.54,0.864,-3.111,17.36,16.805,15.671,-4.351,-4.359,-4.353
,0.0,0.0,0.0,20.4125,16.5656,4.0927,1,12.0834,12.0834,LOST,0.0,FAILSAFE_HOLD_OR_RETREAT|FORMATION_WAIT_REJOIN|MUTEX_PASS,0,1,1,56.399,-19.54,0.865,-3.063,17.36,16.804,15.653,-4.351,-4.359,-4.353
,0.0,0.0,0.0,20.4134,16.6154,4.052,1,12.098,12.098,LOST,0.0,FAILSAFE_HOLD_OR_RETREAT|FORMATION_WAIT_REJOIN|MUTEX_PASS,0,1,1,56.499,-19.54,0.866,-3.015,17.36,16.804,15.636,-4.351,-4.359,-4.353
,0.0,0.0,0.0,20.4147,16.6653,4.0121,1,12.1128,12.1128,LOST,0.0,FAILSAFE_HOLD_OR_RETREAT|FORMATION_WAIT_REJOIN|MUTEX_PASS,0,1,1,56.599,-19.54,0.867,-2.966,17.36,16.803,15.618,-4.351,-4.359,-4.352
,0.0,0.0,0.0,20.4161,16.7153,3.9724,1,12.1276,12.1276,LOST,0.0,FAILSAFE_HOLD_OR_RETREAT|FORMATION_WAIT_REJOIN|MUTEX_PASS,0,1,1,56.699,-19.54,0.868,-2.918,17.36,16.803,15.6,-4.351,-4.359,-4.352
,0.0,0.0,0.0,20.4175,16.7654,3.933,1,12.1424,12.1424,LOST,0.0,FAILSAFE_HOLD_OR_RETREAT|FORMATION_WAIT_REJOIN|MUTEX_PASS,0,1,1,56.799,-19.54,0.87,-2.869,17.36,16.802,15.582,-4.351,-4.358,-4.352
,0.0,0.0,0.0,20.419,16.8152,3.894,1,12.1572,12.1572,LOST,0.0,FAILSAFE_HOLD_OR_RETREAT|FORMATION_WAIT_REJOIN|MUTEX_PASS,0,1,1,56.899,-19.54,0.871,-2.821,17.36,16.801,15.564,-4.351,-4.358,-4.352
,0.0,0.0,0.0,20.4201,16.8649,3.8551,1,12.1718,12.1718,LOST,0.0,FAILSAFE_HOLD_OR_RETREAT|FORMATION_WAIT_REJOIN|MUTEX_PASS,0,1,1,56.999,-19.54,0.872,-2.773,17.36,16.801,15.546,-4.351,-4.358,-4.352
,0.0,0.0,0.0,20.4209,16.9144,3.8165,1,12.1863,12.1863,LOST,0.0,FAILSAFE_HOLD_OR_RETREAT|FORMATION_WAIT_REJOIN|MUTEX_PASS,0,1,1,57.099,-19.54,0.873,-2.725,17.36,16.8,15.528,-4.351,-4.358,-4.352
,0.0,0.0,0.0,20.4218,16.9638,3.7783,1,12.2007,12.2007,LOST,0.0,FAILSAFE_HOLD_OR_RETREAT|FORMATION_WAIT_REJOIN|MUTEX_PASS,0,1,1,57.199,-19.54,0.874,-2.678,17.36,16.8,15.51,-4.351,-4.358,-4.352
,0.0,0.0,0.0,20.4227,17.0131,3.7407,1,12.2151,12.2151,LOST,0.0,FAILSAFE_HOLD_OR_RETREAT|FORMATION_WAIT_REJOIN|MUTEX_PASS,0,1,1,57.299,-19.54,0.875,-2.63,17.36,16.799,15.492,-4.351,-4.357,-4.352
,0.0,0.0,0.0,20.4232,17.0619,3.7032,1,12.2293,12.2293,LOST,0.0,FAILSAFE_HOLD_OR_RETREAT|FORMATION_WAIT_REJOIN|MUTEX_PASS,0,1,1,57.399,-19.54,0.875,-2.583,17.36,16.798,15.474,-4.351,-4.357,-4.352
,0.0,0.0,0.0,20.424,17.1105,3.6662,1,12.2435,12.2435,LOST,0.0,FAILSAFE_HOLD_OR_RETREAT|FORMATION_WAIT_REJOIN|MUTEX_PASS,0,1,1,57.499,-19.54,0.876,-2.536,17.36,16.798,15.456,-4.351,-4.357,-4.352
,0.0,0.0,0.0,20.4251,17.1589,3.6301,1,12.2578,12.2578,LOST,0.0,FAILSAFE_HOLD_OR_RETREAT|FORMATION_WAIT_REJOIN|MUTEX_PASS,0,1,1,57.599,-19.54,0.877,-2.489,17.36,16.797,15.439,-4.351,-4.357,-4.352
,0.0,0.0,0.0,20.4263,17.2075,3.5941,1,12.2722,12.2722,LOST,0.0,FAILSAFE_HOLD_OR_RETREAT|FORMATION_WAIT_REJOIN|MUTEX_PASS,0,1,1,57.699,-19.54,0.878,-2.442,17.36,16.797,15.422,-4.351,-4.356,-4.352
,0.0,0.0,0.0,20.4272,17.2563,3.5579,1,12.2865,12.2865,LOST,0.0,FAILSAFE_HOLD_OR_RETREAT|FORMATION_WAIT_REJOIN|MUTEX_PASS,0,1,1,57.799,-19.54,0.879,-2.395,17.36,16.796,15.404,-4.351,-4.356,-4.352
,0.0,0.0,0.0,20.4279,17.3049,3.5224,1,12.3007,12.3007,LOST,0.0,FAILSAFE_HOLD_OR_RETREAT|FORMATION_WAIT_REJOIN|MUTEX_PASS,0,1,1,57.899,-19.54,0.88,-2.348,17.36,16.796,15.386,-4.351,-4.356,-4.352
,0.0,0.0,0.0,20.4286,17.3534,3.4871,1,12.3149,12.3149,LOST,0.0,FAILSAFE_HOLD_OR_RETREAT|FORMATION_WAIT_REJOIN|MUTEX_PASS,0,1,1,57.999,-19.54,0.881,-2.301,17.36,16.795,15.368,-4.351,-4.355,-4.352
,0.0,0.0,0.0,20.4292,17.4016,3.4525,1,12.3289,12.3289,LOST,0.0,FAILSAFE_HOLD_OR_RETREAT|FORMATION_WAIT_REJOIN|MUTEX_PASS,0,1,1,58.099,-19.54,0.881,-2.255,17.36,16.794,15.351,-4.351,-4.355,-4.353
,0.0,0.0,0.0,20.4301,17.4496,3.4189,1,12.343,12.343,LOST,0.0,FAILSAFE_HOLD_OR_RETREAT|FORMATION_WAIT_REJOIN|MUTEX_PASS,0,1,1,58.199,-19.54,0.882,-2.209,17.36,16.794,15.333,-4.351,-4.355,-4.353
,0.0,0.0,0.0,20.4309,17.4979,3.3856,1,12.357,12.357,LOST,0.0,FAILSAFE_HOLD_OR_RETREAT|FORMATION_WAIT_REJOIN|MUTEX_PASS,0,1,1,58.299,-19.54,0.883,-2.162,17.36,16.794,15.314,-4.351,-4.356,-4.354
,0.0,0.0,0.0,20.4315,17.546,3.3527,1,12.371,12.371,LOST,0.0,FAILSAFE_HOLD_OR_RETREAT|FORMATION_WAIT_REJOIN|MUTEX_PASS,0,1,1,58.399,-19.54,0.883,-2.116,17.36,16.794,15.296,-4.351,-4.356,-4.354
,0.0,0.0,0.0,20.4317,17.5941,3.32,1,12.3849,12.3849,LOST,0.0,FAILSAFE_HOLD_OR_RETREAT|FORMATION_WAIT_REJOIN|MUTEX_PASS,0,1,1,58.499,-19.54,0.884,-2.07,17.36,16.794,15.277,-4.351,-4.356,-4.355
,0.0,0.0,0.0,20.4318,17.6423,3.2876,1,12.3988,12.3988,LOST,0.0,FAILSAFE_HOLD_OR_RETREAT|FORMATION_WAIT_REJOIN|MUTEX_PASS,0,1,1,58.599,-19.54,0.884,-2.023,17.36,16.794,15.259,-4.351,-4.357,-4.356
,0.0,0.0,0.0,20.4318,17.6906,3.2556,1,12.4126,12.4126,LOST,0.0,FAILSAFE_HOLD_OR_RETREAT|FORMATION_WAIT_REJOIN|MUTEX_PASS,0,1,1,58.699,-19.54,0.884,-1.977,17.36,16.794,15.24,-4.351,-4.357,-4.357
,0.0,0.0,0.0,20.4319,17.739,3.224,1,12.4265,12.4265,LOST,0.0,FAILSAFE_HOLD_OR_RETREAT|FORMATION_WAIT_REJOIN|MUTEX_PASS,0,1,1,58.799,-19.54,0.884,-1.931,17.36,16.794,15.221,-4.351,-4.357,-4.357
,0.0,0.0,0.0,20.4319,17.7872,3.1928,1,12.4402,12.4402,LOST,0.0,FAILSAFE_HOLD_OR_RETREAT|FORMATION_WAIT_REJOIN|MUTEX_PASS,0,1,1,58.899,-19.54,0.884,-1.884,17.36,16.793,15.202,-4.351,-4.357,-4.358
,0.0,0.0,0.0,20.4317,17.8353,3.1617,1,12.4539,12.4539,LOST,0.0,FAILSAFE_HOLD_OR_RETREAT|FORMATION_WAIT_REJOIN|MUTEX_PASS,0,1,1,58.999,-19.54,0.884,-1.838,17.36,16.792,15.183,-4.351,-4.357,-4.358
,0.0,0.0,0.0,20.4314,17.8832,3.1315,1,12.4674,12.4674,LOST,0.0,FAILSAFE_HOLD_OR_RETREAT|FORMATION_WAIT_REJOIN|MUTEX_PASS,0,1,1,59.099,-19.54,0.883,-1.792,17.36,16.791,15.164,-4.351,-4.357,-4.359
,0.0,0.0,0.0,20.4309,17.9307,3.1021,1,12.4807,12.4807,LOST,0.0,FAILSAFE_HOLD_OR_RETREAT|FORMATION_WAIT_REJOIN|MUTEX_PASS,0,1,1,59.199,-19.54,0.883,-1.747,17.36,16.791,15.145,-4.351,-4.357,-4.36
,0.0,0.0,0.0,20.4306,17.9781,3.0735,1,12.4941,12.4941,LOST,0.0,FAILSAFE_HOLD_OR_RETREAT|FORMATION_WAIT_REJOIN|MUTEX_PASS,0,1,1,59.299,-19.54,0.882,-1.701,17.36,16.79,15.126,-4.351,-4.356,-4.361
,0.0,0.0,0.0,20.4304,18.0257,3.0458,1,12.5076,12.5076,LOST,0.0,FAILSAFE_HOLD_OR_RETREAT|FORMATION_WAIT_REJOIN|MUTEX_PASS,0,1,1,59.399,-19.54,0.882,-1.656,17.36,16.79,15.107,-4.351,-4.356,-4.361
,0.0,0.0,0.0,20.4303,18.0733,3.0185,1,12.5212,12.5212,LOST,0.0,FAILSAFE_HOLD_OR_RETREAT|FORMATION_WAIT_REJOIN|MUTEX_PASS,0,1,1,59.499,-19.54,0.882,-1.61,17.36,16.79,15.087,-4.351,-4.356,-4.362
,0.0,0.0,0.0,20.43,18.1215,2.9913,1,12.5349,12.5349,LOST,0.0,FAILSAFE_HOLD_OR_RETREAT|FORMATION_WAIT_REJOIN|MUTEX_PASS,0,1,1,59.599,-19.54,0.882,-1.564,17.36,16.79,15.068,-4.351,-4.356,-4.363
,0.0,0.0,0.0,20.4298,18.1698,2.9644,1,12.5487,12.5487,LOST,0.0,FAILSAFE_HOLD_OR_RETREAT|FORMATION_WAIT_REJOIN|MUTEX_PASS,0,1,1,59.699,-19.54,0.882,-1.518,17.36,16.79,15.049,-4.351,-4.356,-4.363
,0.0,0.0,0.0,20.4297,18.2184,2.9382,1,12.5626,12.5626,LOST,0.0,FAILSAFE_HOLD_OR_RETREAT|FORMATION_WAIT_REJOIN|MUTEX_PASS,0,1,1,59.799,-19.54,0.881,-1.471,17.36,16.791,15.031,-4.351,-4.356,-4.363
,0.0,0.0,0.0,20.4297,18.2672,2.9128,1,12.5766,12.5766,LOST,0.0,FAILSAFE_HOLD_OR_RETREAT|FORMATION_WAIT_REJOIN|MUTEX_PASS,0,1,1,59.899,-19.54,0.882,-1.425,17.36,16.791,15.011,-4.351,-4.356,-4.363
,0.0,0.0,0.0,20.4296,18.3068,2.8968,1,12.5873,12.5873,LOST,0.0,FAILSAFE_HOLD_OR_RETREAT|FORMATION_WAIT_REJOIN|SEPARATION_WARNING,0,1,1,59.999,-19.54,0.881,-1.388,17.36,16.791,14.99,-4.351,-4.356,-4.363
,0.0,0.0,0.0,20.4328,18.3343,2.8986,1,12.5951,12.5951,LOST,0.0,FAILSAFE_HOLD_OR_RETREAT|SEPARATION_WARNING|SEPARATION_WARNING,0,1,1,60.099,-19.54,0.885,-1.363,17.36,16.795,14.965,-4.351,-4.355,-4.363
,0.0,0.0,0.0,20.4407,18.3525,2.9172,1,12.6014,12.6014,LOST,0.0,FAILSAFE_HOLD_OR_RETREAT|SEPARATION_WARNING|SEPARATION_WARNING,0,1,1,60.199,-19.54,0.893,-1.348,17.36,16.805,14.938,-4.351,-4.353,-4.363
,0.0,0.0,0.0,20.4526,18.3625,2.9502,1,12.6065,12.6065,LOST,0.0,FAILSAFE_HOLD_OR_RETREAT|SEPARATION_WARNING|SEPARATION_WARNING,0,1,1,60.299,-19.54,0.905,-1.342,17.36,16.82,14.909,-4.351,-4.349,-4.363
,0.0,0.0,0.0,20.4678,18.366,2.9947,1,12.6106,12.6106,LOST,0.0,FAILSAFE_HOLD_OR_RETREAT|SEPARATION_WARNING|SEPARATION_WARNING,0,1,1,60.399,-19.54,0.921,-1.343,17.36,16.838,14.878,-4.351,-4.343,-4.363
,0.0,0.0,0.0,20.4853,18.3648,3.0478,1,12.6139,12.6139,LOST,0.0,FAILSAFE_HOLD_OR_RETREAT|SEPARATION_WARNING|SEPARATION_WARNING,0,1,1,60.499,-19.54,0.939,-1.348,17.36,16.859,14.845,-4.351,-4.337,-4.364
,0.0,0.0,0.0,20.5044,18.36,3.108,1,12.6166,12.6166,LOST,0.0,FAILSAFE_HOLD_OR_RETREAT|SEPARATION_WARNING|SEPARATION_WARNING,0,1,1,60.599,-19.54,0.959,-1.358,17.36,16.883,14.811,-4.351,-4.33,-4.364
,0.0,0.0,0.0,20.5251,18.3523,3.1736,1,12.6187,12.6187,LOST,0.0,FAILSAFE_HOLD_OR_RETREAT|SEPARATION_WARNING|SEPARATION_WARNING,0,1,1,60.699,-19.54,0.98,-1.371,17.36,16.909,14.777,-4.351,-4.323,-4.364
,0.0,0.0,0.0,20.547,18.3426,3.2431,1,12.6206,12.6206,LOST,0.0,FAILSAFE_HOLD_OR_RETREAT|SEPARATION_WARNING|SEPARATION_WARNING,0,1,1,60.799,-19.54,1.002,-1.386,17.36,16.935,14.741,-4.351,-4.315,-4.365
,0.0,0.0,0.0,20.57,18.3313,3.316,1,12.6223,12.6223,LOST,0.0,FAILSAFE_HOLD_OR_RETREAT|SEPARATION_WARNING|SEPARATION_WARNING,0,1,1,60.899,-19.54,1.026,-1.402,17.36,16.963,14.705,-4.351,-4.306,-4.365
,0.0,0.0,0.0,20.594,18.319,3.3918,1,12.624,12.624,LOST,0.0,FAILSAFE_HOLD_OR_RETREAT|SEPARATION_WARNING|SEPARATION_WARNING,0,1,1,60.999,-19.54,1.05,-1.42,17.36,16.991,14.668,-4.351,-4.297,-4.365
,0.0,0.0,0.0,20.6163,18.3067,3.463,1,12.6253,12.6253,LOST,0.0,FAILSAFE_HOLD_OR_RETREAT|SEPARATION_WARNING|SEPARATION_WARNING,0,1,1,61.099,-19.54,1.073,-1.438,17.36,17.018,14.634,-4.351,-4.289,-4.366
,0.0,0.0,0.0,20.6363,18.2948,3.5269,1,12.6262,12.6262,LOST,0.0,FAILSAFE_HOLD_OR_RETREAT|SEPARATION_WARNING|SEPARATION_WARNING,0,1,1,61.199,-19.54,1.093,-1.454,17.36,17.042,14.605,-4.351,-4.281,-4.366
,0.0,0.0,0.0,20.654,18.2833,3.5843,1,12.6266,12.6266,LOST,0.0,FAILSAFE_HOLD_OR_RETREAT|SEPARATION_WARNING|SEPARATION_WARNING,0,1,1,61.299,-19.54,1.111,-1.47,17.36,17.064,14.578,-4.351,-4.273,-4.367
,0.0,0.0,0.0,20.6701,18.2717,3.637,1,12.6267,12.6267,LOST,0.0,FAILSAFE_HOLD_OR_RETREAT|SEPARATION_WARNING|SEPARATION_WARNING,0,1,1,61.399,-19.54,1.128,-1.485,17.36,17.083,14.555,-4.351,-4.267,-4.367
,0.0,0.0,0.0,20.6818,18.2677,3.6729,1,12.6278,12.6278,LOST,0.0,FAILSAFE_HOLD_OR_RETREAT|FORMATION_WAIT_REJOIN|MUTEX_PASS,0,1,1,61.499,-19.54,1.14,-1.492,17.36,17.095,14.536,-4.351,-4.262,-4.367
,0.0,0.0,0.0,20.6881,18.2742,3.6882,1,12.6307,12.6307,LOST,0.0,FAILSAFE_HOLD_OR_RETREAT|FORMATION_WAIT_REJOIN|MUTEX_PASS,0,1,1,61.599,-19.54,1.146,-1.488,17.36,17.101,14.521,-4.351,-4.258,-4.367
,0.0,0.0,0.0,20.69,18.2892,3.6865,1,12.635,12.635,LOST,0.0,FAILSAFE_HOLD_OR_RETREAT|FORMATION_WAIT_REJOIN|MUTEX_PASS,0,1,1,61.699,-19.54,1.148,-1.474,17.36,17.1,14.511,-4.351,-4.257,-4.367
,0.0,0.0,0.0,20.688,18.3113,3.6705,1,12.6405,12.6405,LOST,0.0,FAILSAFE_HOLD_OR_RETREAT|FORMATION_WAIT_REJOIN|MUTEX_PASS,0,1,1,61.799,-19.54,1.146,-1.453,17.36,17.094,14.504,-4.351,-4.256,-4.367
,0.0,0.0,0.0,20.6828,18.3392,3.6429,1,12.6469,12.6469,LOST,0.0,FAILSAFE_HOLD_OR_RETREAT|FORMATION_WAIT_REJOIN|MUTEX_PASS,0,1,1,61.899,-19.54,1.14,-1.425,17.36,17.084,14.5,-4.351,-4.257,-4.366
,0.0,0.0,0.0,20.6754,18.3719,3.6063,1,12.6541,12.6541,LOST,0.0,FAILSAFE_HOLD_OR_RETREAT|FORMATION_WAIT_REJOIN|MUTEX_PASS,0,1,1,61.999,-19.54,1.133,-1.393,17.36,17.07,14.498,-4.351,-4.259,-4.366
,0.0,0.0,0.0,20.6661,18.4083,3.5625,1,12.6621,12.6621,LOST,0.0,FAILSAFE_HOLD_OR_RETREAT|FORMATION_WAIT_REJOIN|MUTEX_PASS,0,1,1,62.099,-19.54,1.123,-1.356,17.36,17.054,14.498,-4.351,-4.261,-4.365
,0.0,0.0,0.0,20.6555,18.4477,3.5136,1,12.6706,12.6706,LOST,0.0,FAILSAFE_HOLD_OR_RETREAT|FORMATION_WAIT_REJOIN|MUTEX_PASS,0,1,1,62.199,-19.54,1.113,-1.316,17.36,17.036,14.499,-4.351,-4.265,-4.365
,0.0,0.0,0.0,20.6443,18.4894,3.4616,1,12.6797,12.6797,LOST,0.0,FAILSAFE_HOLD_OR_RETREAT|FORMATION_WAIT_REJOIN|MUTEX_PASS,0,1,1,62.299,-19.54,1.101,-1.273,17.36,17.018,14.501,-4.351,-4.269,-4.365
,0.0,0.0,0.0,20.6324,18.5329,3.4078,1,12.6893,12.6893,LOST,0.0,FAILSAFE_HOLD_OR_RETREAT|FORMATION_WAIT_REJOIN|MUTEX_PASS,0,1,1,62.399,-19.54,1.089,-1.229,17.36,17.0,14.503,-4.351,-4.273,-4.364
,0.0,0.0,0.0,20.62,18.5747,3.3623,1,12.6974,12.6974,LOST,0.0,FAILSAFE_HOLD_OR_RETREAT|FORMATION_WAIT_REJOIN|FORMATION_RECOVERY,0,1,1,62.499,-19.54,1.076,-1.187,17.36,16.984,14.499,-4.351,-4.278,-4.364
,0.0,0.0,0.0,20.6074,18.6136,3.3276,1,12.7034,12.7034,LOST,0.0,FAILSAFE_HOLD_OR_RETREAT|FORMATION_WAIT_REJOIN|FORMATION_RECOVERY,0,1,1,62.599,-19.54,1.063,-1.15,17.36,16.967,14.484,-4.351,-4.283,-4.363
,0.0,0.0,0.0,20.5948,18.65,3.3025,1,12.7077,12.7077,LOST,0.0,FAILSAFE_HOLD_OR_RETREAT|FORMATION_WAIT_REJOIN|FORMATION_RECOVERY,0,1,1,62.699,-19.54,1.05,-1.117,17.36,16.952,14.462,-4.351,-4.288,-4.362
,0.0,0.0,0.0,20.5872,18.6783,3.2954,1,12.7111,12.7111,LOST,0.0,FAILSAFE_HOLD_OR_RETREAT|SEPARATION_WARNING|SEPARATION_WARNING,0,1,1,62.799,-19.54,1.043,-1.092,17.36,16.944,14.435,-4.351,-4.291,-4.362
,0.0,0.0,0.0,20.5865,18.6973,3.3076,1,12.7138,12.7138,LOST,0.0,FAILSAFE_HOLD_OR_RETREAT|SEPARATION_WARNING|SEPARATION_WARNING,0,1,1,62.899,-19.54,1.042,-1.078,17.36,16.944,14.406,-4.351,-4.293,-4.361
,0.0,0.0,0.0,20.5913,18.7088,3.3352,1,12.7161,12.7161,LOST,0.0,FAILSAFE_HOLD_OR_RETREAT|SEPARATION_WARNING|SEPARATION_WARNING,0,1,1,62.999,-19.54,1.047,-1.071,17.36,16.951,14.375,-4.351,-4.292,-4.361
,0.0,0.0,0.0,20.5987,18.7153,3.3687,1,12.718,12.718,LOST,0.0,FAILSAFE_HOLD_OR_RETREAT|SEPARATION_WARNING|SEPARATION_WARNING,0,1,1,63.099,-19.54,1.054,-1.069,17.36,16.96,14.346,-4.351,-4.29,-4.36
,0.0,0.0,0.0,20.6071,18.7182,3.4035,1,12.7194,12.7194,LOST,0.0,FAILSAFE_HOLD_OR_RETREAT|SEPARATION_WARNING|SEPARATION_WARNING,0,1,1,63.199,-19.54,1.063,-1.071,17.36,16.97,14.319,-4.351,-4.288,-4.36
,0.0,0.0,0.0,20.6163,18.7182,3.4394,1,12.7203,12.7203,LOST,0.0,FAILSAFE_HOLD_OR_RETREAT|SEPARATION_WARNING|SEPARATION_WARNING,0,1,1,63.299,-19.54,1.072,-1.075,17.36,16.981,14.295,-4.351,-4.286,-4.36
,0.0,0.0,0.0,20.6261,18.7156,3.4763,1,12.7208,12.7208,LOST,0.0,FAILSAFE_HOLD_OR_RETREAT|SEPARATION_WARNING|SEPARATION_WARNING,0,1,1,63.399,-19.54,1.082,-1.081,17.36,16.992,14.272,-4.351,-4.283,-4.36
,0.0,0.0,0.0,20.6364,18.711,3.5135,1,12.7211,12.7211,LOST,0.0,FAILSAFE_HOLD_OR_RETREAT|SEPARATION_WARNING|SEPARATION_WARNING,0,1,1,63.499,-19.54,1.093,-1.089,17.36,17.004,14.252,-4.351,-4.28,-4.36
,0.0,0.0,0.0,20.6469,18.7051,3.5511,1,12.7211,12.7211,LOST,0.0,FAILSAFE_HOLD_OR_RETREAT|SEPARATION_WARNING|SEPARATION_WARNING,0,1,1,63.599,-19.54,1.104,-1.098,17.36,17.017,14.232,-4.351,-4.277,-4.36
,0.0,0.0,0.0,20.6578,18.6981,3.5892,1,12.721,12.721,LOST,0.0,FAILSAFE_HOLD_OR_RETREAT|SEPARATION_WARNING|SEPARATION_WARNING,0,1,1,63.699,-19.54,1.115,-1.109,17.36,17.029,14.213,-4.351,-4.274,-4.36
,0.0,0.0,0.0,20.6689,18.6901,3.6279,1,12.7207,12.7207,LOST,0.0,FAILSAFE_HOLD_OR_RETREAT|SEPARATION_WARNING|SEPARATION_WARNING,0,1,1,63.799,-19.54,1.126,-1.12,17.36,17.043,14.195,-4.351,-4.27,-4.361
,0.0,0.0,0.0,20.6766,18.6878,3.6614,1,12.7204,12.7204,LOST,0.0,FAILSAFE_HOLD_OR_RETREAT|FORMATION_WAIT_REJOIN|FORMATION_RECOVERY,0,1,1,63.899,-19.54,1.134,-1.126,17.36,17.052,14.173,-4.351,-4.267,-4.36
,0.0,0.0,0.0,20.6797,18.6933,3.6874,1,12.7202,12.7202,LOST,0.0,FAILSAFE_HOLD_OR_RETREAT|FORMATION_WAIT_REJOIN|FORMATION_RECOVERY,0,1,1,63.999,-19.54,1.137,-1.126,17.36,17.055,14.145,-4.351,-4.265,-4.36
,0.0,0.0,0.0,20.6796,18.7048,3.7078,1,12.7201,12.7201,LOST,0.0,FAILSAFE_HOLD_OR_RETREAT|FORMATION_WAIT_REJOIN|FORMATION_RECOVERY,0,1,1,64.099,-19.54,1.137,-1.12,17.36,17.053,14.112,-4.351,-4.265,-4.36
,0.0,0.0,0.0,20.6771,18.7209,3.7237,1,12.7201,12.7201,LOST,0.0,FAILSAFE_HOLD_OR_RETREAT|FORMATION_WAIT_REJOIN|FORMATION_RECOVERY,0,1,1,64.199,-19.54,1.134,-1.109,17.36,17.047,14.077,-4.351,-4.266,-4.36
,0.0,0.0,0.0,20.6727,18.7435,3.729,1,12.7217,12.7217,LOST,0.0,FAILSAFE_HOLD_OR_RETREAT|FORMATION_WAIT_REJOIN|FORMATION_RECOVERY,0,1,1,64.299,-19.54,1.13,-1.092,17.36,17.037,14.044,-4.351,-4.268,-4.36
,0.0,0.0,0.0,20.6663,18.7728,3.7231,1,12.7253,12.7253,LOST,0.0,FAILSAFE_HOLD_OR_RETREAT|FORMATION_WAIT_REJOIN|FORMATION_RECOVERY,0,1,1,64.399,-19.54,1.123,-1.068,17.36,17.025,14.016,-4.351,-4.27,-4.361
,0.0,0.0,0.0,20.6584,18.8076,3.7084,1,12.7306,12.7306,LOST,0.0,FAILSAFE_HOLD_OR_RETREAT|FORMATION_WAIT_REJOIN|FORMATION_RECOVERY,0,1,1,64.499,-19.54,1.115,-1.037,17.36,17.011,13.992,-4.351,-4.273,-4.361
,0.0,0.0,0.0,20.6495,18.847,3.6865,1,12.7375,12.7375,LOST,0.0,FAILSAFE_HOLD_OR_RETREAT|FORMATION_WAIT_REJOIN|FORMATION_RECOVERY,0,1,1,64.599,-19.54,1.106,-1.0,17.36,16.997,13.972,-4.351,-4.277,-4.361
,0.0,0.0,0.0,20.6402,18.8902,3.6596,1,12.7459,12.7459,LOST,0.0,FAILSAFE_HOLD_OR_RETREAT|FORMATION_WAIT_REJOIN|FORMATION_RECOVERY,0,1,1,64.699,-19.54,1.096,-0.959,17.36,16.982,13.955,-4.351,-4.28,-4.361
,0.0,0.0,0.0,20.6303,18.9361,3.6291,1,12.7553,12.7553,LOST,0.0,FAILSAFE_HOLD_OR_RETREAT|FORMATION_WAIT_REJOIN|FORMATION_RECOVERY,0,1,1,64.799,-19.54,1.086,-0.915,17.36,16.966,13.94,-4.351,-4.285,-4.361
,0.0,0.0,0.0,20.6205,18.9842,3.5963,1,12.7656,12.7656,LOST,0.0,FAILSAFE_HOLD_OR_RETREAT|FORMATION_WAIT_REJOIN|FORMATION_RECOVERY,0,1,1,64.899,-19.54,1.076,-0.869,17.36,16.951,13.927,-4.351,-4.289,-4.361
,0.0,0.0,0.0,20.6105,19.0338,3.5623,1,12.7765,12.7765,LOST,0.0,FAILSAFE_HOLD_OR_RETREAT|FORMATION_WAIT_REJOIN|FORMATION_RECOVERY,0,1,1,64.999,-19.54,1.066,-0.821,17.36,16.936,13.915,-4.351,-4.293,-4.361
,0.0,0.0,0.0,20.6006,19.0844,3.5279,1,12.788,12.788,LOST,0.0,FAILSAFE_HOLD_OR_RETREAT|FORMATION_WAIT_REJOIN|FORMATION_RECOVERY,0,1,1,65.099,-19.54,1.056,-0.771,17.36,16.922,13.904,-4.351,-4.298,-4.361
,0.0,0.0,0.0,20.5912,19.1358,3.4936,1,12.8001,12.8001,LOST,0.0,FAILSAFE_HOLD_OR_RETREAT|FORMATION_WAIT_REJOIN|FORMATION_RECOVERY,0,1,1,65.199,-19.54,1.046,-0.721,17.36,16.908,13.895,-4.351,-4.303,-4.361
,0.0,0.0,0.0,20.5823,19.1881,3.4601,1,12.8129,12.8129,LOST,0.0,FAILSAFE_HOLD_OR_RETREAT|FORMATION_WAIT_REJOIN|FORMATION_RECOVERY,0,1,1,65.299,-19.54,1.037,-0.669,17.36,16.896,13.886,-4.351,-4.307,-4.361
,0.0,0.0,0.0,20.5738,19.241,3.428,1,12.8261,12.8261,LOST,0.0,FAILSAFE_HOLD_OR_RETREAT|FORMATION_WAIT_REJOIN|FORMATION_RECOVERY,0,1,1,65.399,-19.54,1.028,-0.617,17.36,16.885,13.878,-4.351,-4.312,-4.361
,0.0,0.0,0.0,20.5657,19.2944,3.3975,1,12.8397,12.8397,LOST,0.0,FAILSAFE_HOLD_OR_RETREAT|FORMATION_WAIT_REJOIN|FORMATION_RECOVERY,0,1,1,65.499,-19.54,1.02,-0.564,17.36,16.875,13.87,-4.351,-4.316,-4.36
,0.0,0.0,0.0,20.5579,19.3481,3.369,1,12.8537,12.8537,LOST,0.0,FAILSAFE_HOLD_OR_RETREAT|FORMATION_WAIT_REJOIN|FORMATION_RECOVERY,0,1,1,65.599,-19.54,1.012,-0.511,17.36,16.867,13.862,-4.351,-4.32,-4.36
,0.0,0.0,0.0,20.5507,19.4019,3.343,1,12.8679,12.8679,LOST,0.0,FAILSAFE_HOLD_OR_RETREAT|FORMATION_WAIT_REJOIN|FORMATION_RECOVERY,0,1,1,65.699,-19.54,1.004,-0.458,17.36,16.86,13.853,-4.351,-4.323,-4.36
,0.0,0.0,0.0,20.5436,19.4559,3.3198,1,12.8823,12.8823,LOST,0.0,FAILSAFE_HOLD_OR_RETREAT|FORMATION_WAIT_REJOIN|FORMATION_RECOVERY,0,1,1,65.799,-19.54,0.997,-0.404,17.36,16.854,13.845,-4.351,-4.326,-4.359
,0.0,0.0,0.0,20.5411,19.5007,3.3132,1,12.895,12.895,LOST,0.0,FAILSAFE_HOLD_OR_RETREAT|SEPARATION_WARNING|SEPARATION_WARNING,0,1,1,65.899,-19.54,0.995,-0.361,17.36,16.855,13.832,-4.351,-4.328,-4.359
,0.0,0.0,0.0,20.5449,19.5335,3.3261,1,12.9056,12.9056,LOST,0.0,FAILSAFE_HOLD_OR_RETREAT|SEPARATION_WARNING|SEPARATION_WARNING,0,1,1,65.999,-19.54,0.999,-0.331,17.36,16.862,13.814,-4.351,-4.327,-4.359
,0.0,0.0,0.0,20.5537,19.5567,3.3546,1,12.9145,12.9145,LOST,0.0,FAILSAFE_HOLD_OR_RETREAT|SEPARATION_WARNING|SEPARATION_WARNING,0,1,1,66.099,-19.54,1.008,-0.312,17.36,16.875,13.791,-4.351,-4.325,-4.359
,0.0,0.0,0.0,20.5665,19.5722,3.3915,1,12.9224,12.9224,LOST,0.0,FAILSAFE_HOLD_OR_RETREAT|SEPARATION_WARNING|SEPARATION_WARNING,0,1,1,66.199,-19.54,1.021,-0.3,17.36,16.893,13.769,-4.351,-4.321,-4.359
,0.0,0.0,0.0,20.5806,19.5823,3.43,1,12.9292,12.9292,LOST,0.0,FAILSAFE_HOLD_OR_RETREAT|SEPARATION_WARNING|SEPARATION_WARNING,0,1,1,66.299,-19.54,1.035,-0.294,17.36,16.911,13.749,-4.351,-4.317,-4.359
,0.0,0.0,0.0,20.5943,19.588,3.4682,1,12.9345,12.9345,LOST,0.0,FAILSAFE_HOLD_OR_RETREAT|SEPARATION_WARNING|SEPARATION_WARNING,0,1,1,66.399,-19.54,1.05,-0.291,17.36,16.929,13.731,-4.351,-4.312,-4.359
,0.0,0.0,0.0,20.6077,19.5904,3.5062,1,12.9387,12.9387,LOST,0.0,FAILSAFE_HOLD_OR_RETREAT|SEPARATION_WARNING|SEPARATION_WARNING,0,1,1,66.499,-19.54,1.063,-0.292,17.36,16.946,13.713,-4.351,-4.307,-4.36
,0.0,0.0,0.0,20.6206,19.5896,3.5442,1,12.9417,12.9417,LOST,0.0,FAILSAFE_HOLD_OR_RETREAT|SEPARATION_WARNING|SEPARATION_WARNING,0,1,1,66.599,-19.54,1.076,-0.296,17.36,16.963,13.696,-4.351,-4.303,-4.36
,0.0,0.0,0.0,20.633,19.587,3.582,1,12.9441,12.9441,LOST,0.0,FAILSAFE_HOLD_OR_RETREAT|SEPARATION_WARNING|SEPARATION_WARNING,0,1,1,66.699,-19.54,1.089,-0.302,17.36,16.98,13.68,-4.351,-4.297,-4.36
,0.0,0.0,0.0,20.6454,19.583,3.62,1,12.9459,12.9459,LOST,0.0,FAILSAFE_HOLD_OR_RETREAT|SEPARATION_WARNING|SEPARATION_WARNING,0,1,1,66.799,-19.54,1.102,-0.309,17.36,16.996,13.663,-4.351,-4.292,-4.36
,0.0,0.0,0.0,20.6577,19.5777,3.6579,1,12.9473,12.9473,LOST,0.0,FAILSAFE_HOLD_OR_RETREAT|SEPARATION_WARNING|SEPARATION_WARNING,0,1,1,66.899,-19.54,1.114,-0.318,17.36,17.013,13.648,-4.351,-4.287,-4.36
,0.0,0.0,0.0,20.6698,19.5795,3.6905,1,12.9512,12.9512,LOST,0.0,FAILSAFE_HOLD_OR_RETREAT|SEPARATION_WARNING|FORMATION_RECOVERY,0,1,1,66.999,-19.54,1.127,-0.318,17.36,17.029,13.634,-4.351,-4.282,-4.36
,0.0,0.0,0.0,20.6783,19.5914,3.7105,1,12.9573,12.9573,LOST,0.0,FAILSAFE_HOLD_OR_RETREAT|FORMATION_WAIT_REJOIN|FORMATION_RECOVERY,0,1,1,67.099,-19.54,1.135,-0.309,17.36,17.039,13.622,-4.351,-4.278,-4.361
,0.0,0.0,0.0,20.6822,19.6119,3.7172,1,12.9646,12.9646,LOST,0.0,FAILSAFE_HOLD_OR_RETREAT|FORMATION_WAIT_REJOIN|FORMATION_RECOVERY,0,1,1,67.199,-19.54,1.139,-0.289,17.36,17.044,13.613,-4.351,-4.275,-4.361
,0.0,0.0,0.0,20.6823,19.6391,3.714,1,12.9729,12.9729,LOST,0.0,FAILSAFE_HOLD_OR_RETREAT|FORMATION_WAIT_REJOIN|FORMATION_RECOVERY,0,1,1,67.299,-19.54,1.139,-0.263,17.36,17.044,13.606,-4.351,-4.274,-4.361
,0.0,0.0,0.0,20.6797,19.6717,3.7027,1,12.982,12.982,LOST,0.0,FAILSAFE_HOLD_OR_RETREAT|FORMATION_WAIT_REJOIN|FORMATION_RECOVERY,0,1,1,67.399,-19.54,1.137,-0.231,17.36,17.04,13.6,-4.351,-4.274,-4.361
,0.0,0.0,0.0,20.6749,19.7085,3.6856,1,12.9919,12.9919,LOST,0.0,FAILSAFE_HOLD_OR_RETREAT|FORMATION_WAIT_REJOIN|FORMATION_RECOVERY,0,1,1,67.499,-19.54,1.132,-0.195,17.36,17.033,13.596,-4.351,-4.275,-4.361
,0.0,0.0,0.0,20.6683,19.7489,3.6637,1,13.0023,13.0023,LOST,0.0,FAILSAFE_HOLD_OR_RETREAT|FORMATION_WAIT_REJOIN|FORMATION_RECOVERY,0,1,1,67.599,-19.54,1.125,-0.154,17.36,17.024,13.592,-4.351,-4.277,-4.361
,0.0,0.0,0.0,20.6602,19.7918,3.6389,1,13.013,13.013,LOST,0.0,FAILSAFE_HOLD_OR_RETREAT|FORMATION_WAIT_REJOIN|FORMATION_RECOVERY,0,1,1,67.699,-19.54,1.117,-0.111,17.36,17.013,13.589,-4.351,-4.28,-4.361
,0.0,0.0,0.0,20.651,19.8365,3.6124,1,13.0239,13.0239,LOST,0.0,FAILSAFE_HOLD_OR_RETREAT|FORMATION_WAIT_REJOIN|FORMATION_RECOVERY,0,1,1,67.799,-19.54,1.108,-0.066,17.36,17.002,13.586,-4.351,-4.283,-4.361
,0.0,0.0,0.0,20.6413,19.8824,3.5852,1,13.0351,13.0351,LOST,0.0,FAILSAFE_HOLD_OR_RETREAT|FORMATION_WAIT_REJOIN|FORMATION_RECOVERY,0,1,1,67.899,-19.54,1.098,-0.02,17.36,16.989,13.584,-4.351,-4.288,-4.362
,0.0,0.0,0.0,20.6311,19.9295,3.5581,1,13.0465,13.0465,LOST,0.0,FAILSAFE_HOLD_OR_RETREAT|FORMATION_WAIT_REJOIN|FORMATION_RECOVERY,0,1,1,67.999,-19.54,1.087,0.028,17.36,16.977,13.581,-4.351,-4.292,-4.362
,0.0,0.0,0.0,20.6206,19.9776,3.5317,1,13.0581,13.0581,LOST,0.0,FAILSAFE_HOLD_OR_RETREAT|FORMATION_WAIT_REJOIN|FORMATION_RECOVERY,0,1,1,68.099,-19.54,1.076,0.076,17.36,16.965,13.578,-4.351,-4.297,-4.362
,0.0,0.0,0.0,20.6097,20.0268,3.506,1,13.07,13.07,LOST,0.0,FAILSAFE_HOLD_OR_RETREAT|FORMATION_WAIT_REJOIN|FORMATION_RECOVERY,0,1,1,68.199,-19.54,1.065,0.126,17.36,16.953,13.576,-4.351,-4.301,-4.363
,0.0,0.0,0.0,20.5989,20.0771,3.4818,1,13.0823,13.0823,LOST,0.0,FAILSAFE_HOLD_OR_RETREAT|FORMATION_WAIT_REJOIN|FORMATION_RECOVERY,0,1,1,68.299,-19.54,1.054,0.176,17.36,16.942,13.573,-4.351,-4.306,-4.363
,0.0,0.0,0.0,20.5885,20.1283,3.4599,1,13.0951,13.0951,LOST,0.0,FAILSAFE_HOLD_OR_RETREAT|FORMATION_WAIT_REJOIN|FORMATION_RECOVERY,0,1,1,68.399,-19.54,1.044,0.228,17.36,16.932,13.57,-4.351,-4.311,-4.363
,0.0,0.0,0.0,20.5787,20.18,3.4403,1,13.1082,13.1082,LOST,0.0,FAILSAFE_HOLD_OR_RETREAT|FORMATION_WAIT_REJOIN|FORMATION_RECOVERY,0,1,1,68.499,-19.54,1.034,0.28,17.36,16.922,13.566,-4.351,-4.315,-4.363
,0.0,0.0,0.0,20.5693,20.2323,3.4237,1,13.1216,13.1216,LOST,0.0,FAILSAFE_HOLD_OR_RETREAT|FORMATION_WAIT_REJOIN|FORMATION_RECOVERY,0,1,1,68.599,-19.54,1.024,0.332,17.36,16.914,13.561,-4.351,-4.319,-4.363
,0.0,0.0,0.0,20.5598,20.2847,3.4101,1,13.1349,13.1349,LOST,0.0,FAILSAFE_HOLD_OR_RETREAT|FORMATION_WAIT_REJOIN|FORMATION_RECOVERY,0,1,1,68.699,-19.54,1.015,0.384,17.36,16.906,13.555,-4.351,-4.322,-4.363
,0.0,0.0,0.0,20.5505,20.3365,3.3987,1,13.1482,13.1482,LOST,0.0,FAILSAFE_HOLD_OR_RETREAT|FORMATION_WAIT_REJOIN|FORMATION_RECOVERY,0,1,1,68.799,-19.54,1.005,0.436,17.36,16.9,13.549,-4.351,-4.326,-4.363
,0.0,0.0,0.0,20.5419,20.3873,3.39,1,13.1613,13.1613,LOST,0.0,FAILSAFE_HOLD_OR_RETREAT|FORMATION_WAIT_REJOIN|FORMATION_RECOVERY,0,1,1,68.899,-19.54,0.996,0.487,17.36,16.894,13.543,-4.351,-4.329,-4.363
,0.0,0.0,0.0,20.534,20.4367,3.3835,1,13.1742,13.1742,LOST,0.0,FAILSAFE_HOLD_OR_RETREAT|FORMATION_WAIT_REJOIN|FORMATION_RECOVERY,0,1,1,68.999,-19.54,0.988,0.536,17.36,16.889,13.536,-4.351,-4.332,-4.363
,0.0,0.0,0.0,20.5264,20.4847,3.3788,1,13.1868,13.1868,LOST,0.0,FAILSAFE_HOLD_OR_RETREAT|FORMATION_WAIT_REJOIN|FORMATION_RECOVERY,0,1,1,69.099,-19.54,0.981,0.583,17.36,16.885,13.53,-4.351,-4.334,-4.362
,0.0,0.0,0.0,20.5189,20.5311,3.3763,1,13.1989,13.1989,LOST,0.0,FAILSAFE_HOLD_OR_RETREAT|FORMATION_WAIT_REJOIN|FORMATION_RECOVERY,0,1,1,69.199,-19.54,0.973,0.629,17.36,16.881,13.523,-4.351,-4.336,-4.362
,0.0,0.0,0.0,20.512,20.5758,3.3758,1,13.2107,13.2107,LOST,0.0,FAILSAFE_HOLD_OR_RETREAT|FORMATION_WAIT_REJOIN|FORMATION_RECOVERY,0,1,1,69.299,-19.54,0.966,0.673,17.36,16.879,13.516,-4.351,-4.338,-4.361
,0.0,0.0,0.0,20.5057,20.6189,3.3774,1,13.2221,13.2221,LOST,0.0,FAILSAFE_HOLD_OR_RETREAT|FORMATION_WAIT_REJOIN|FORMATION_RECOVERY,0,1,1,69.399,-19.54,0.96,0.716,17.36,16.877,13.509,-4.351,-4.34,-4.361
,0.0,0.0,0.0,20.4997,20.6598,3.3807,1,13.2329,13.2329,LOST,0.0,FAILSAFE_HOLD_OR_RETREAT|FORMATION_WAIT_REJOIN|FORMATION_RECOVERY,0,1,1,69.499,-19.54,0.954,0.756,17.36,16.876,13.501,-4.351,-4.342,-4.36
,0.0,0.0,0.0,20.4942,20.6985,3.3846,1,13.2431,13.2431,LOST,0.0,FAILSAFE_HOLD_OR_RETREAT|FORMATION_WAIT_REJOIN|FORMATION_RECOVERY,0,1,1,69.599,-19.54,0.948,0.794,17.36,16.874,13.493,-4.351,-4.343,-4.36
,0.0,0.0,0.0,20.4894,20.7351,3.3889,1,13.253,13.253,LOST,0.0,FAILSAFE_HOLD_OR_RETREAT|FORMATION_WAIT_REJOIN|FORMATION_RECOVERY,0,1,1,69.699,-19.54,0.943,0.83,17.36,16.874,13.487,-4.351,-4.345,-4.36
,0.0,0.0,0.0,20.4852,20.7694,3.3936,1,13.2623,13.2623,LOST,0.0,FAILSAFE_HOLD_OR_RETREAT|FORMATION_WAIT_REJOIN|FORMATION_RECOVERY,0,1,1,69.799,-19.54,0.939,0.864,17.36,16.873,13.48,-4.351,-4.346,-4.359
,0.0,0.0,0.0,20.4817,20.8011,3.3993,1,13.271,13.271,LOST,0.0,FAILSAFE_HOLD_OR_RETREAT|FORMATION_WAIT_REJOIN|FORMATION_RECOVERY,0,1,1,69.899,-19.54,0.936,0.895,17.36,16.872,13.473,-4.351,-4.348,-4.358
,0.0,0.0,0.0,20.4785,20.8306,3.4058,1,13.2791,13.2791,LOST,0.0,FAILSAFE_HOLD_OR_RETREAT|FORMATION_WAIT_REJOIN|FORMATION_RECOVERY,0,1,1,69.999,-19.54,0.932,0.923,17.36,16.872,13.466,-4.351,-4.349,-4.358
,0.0,0.0,0.0,20.4751,20.858,3.4127,1,13.2864,13.2864,LOST,0.0,FAILSAFE_HOLD_OR_RETREAT|FORMATION_WAIT_REJOIN|FORMATION_RECOVERY,0,1,1,70.099,-19.54,0.929,0.95,17.36,16.872,13.46,-4.351,-4.35,-4.358
,0.0,0.0,0.0,20.472,20.8833,3.4193,1,13.2933,13.2933,LOST,0.0,FAILSAFE_HOLD_OR_RETREAT|FORMATION_WAIT_REJOIN|FORMATION_RECOVERY,0,1,1,70.199,-19.54,0.926,0.975,17.36,16.873,13.454,-4.351,-4.35,-4.358
,0.0,0.0,0.0,20.4692,20.9072,3.4253,1,13.2998,13.2998,LOST,0.0,FAILSAFE_HOLD_OR_RETREAT|FORMATION_WAIT_REJOIN|FORMATION_RECOVERY,0,1,1,70.299,-19.54,0.923,0.998,17.36,16.873,13.449,-4.351,-4.352,-4.359
,0.0,0.0,0.0,20.4663,20.9297,3.4309,1,13.3058,13.3058,LOST,0.0,FAILSAFE_HOLD_OR_RETREAT|FORMATION_WAIT_REJOIN|FORMATION_RECOVERY,0,1,1,70.399,-19.54,0.92,1.02,17.36,16.873,13.444,-4.351,-4.352,-4.359
,0.0,0.0,0.0,20.4637,20.9506,3.4363,1,13.3115,13.3115,LOST,0.0,FAILSAFE_HOLD_OR_RETREAT|FORMATION_WAIT_REJOIN|FORMATION_RECOVERY,0,1,1,70.499,-19.54,0.918,1.04,17.36,16.873,13.439,-4.351,-4.353,-4.36
,0.0,0.0,0.0,20.4614,20.9704,3.4414,1,13.3168,13.3168,LOST,0.0,FAILSAFE_HOLD_OR_RETREAT|FORMATION_WAIT_REJOIN|FORMATION_RECOVERY,0,1,1,70.599,-19.54,0.915,1.06,17.36,16.873,13.435,-4.351,-4.353,-4.36
,0.0,0.0,0.0,20.4594,20.9892,3.4461,1,13.322,13.322,LOST,0.0,FAILSAFE_HOLD_OR_RETREAT|FORMATION_WAIT_REJOIN|FORMATION_RECOVERY,0,1,1,70.699,-19.54,0.913,1.078,17.36,16.873,13.431,-4.351,-4.353,-4.361
,0.0,0.0,0.0,20.4579,21.0063,3.4504,1,13.3269,13.3269,LOST,0.0,FAILSAFE_HOLD_OR_RETREAT|FORMATION_WAIT_REJOIN|FORMATION_RECOVERY,0,1,1,70.799,-19.54,0.912,1.095,17.36,16.873,13.427,-4.351,-4.354,-4.361
,0.0,0.0,0.0,20.4567,21.022,3.4541,1,13.3314,13.3314,LOST,0.0,FAILSAFE_HOLD_OR_RETREAT|FORMATION_WAIT_REJOIN|FORMATION_RECOVERY,0,1,1,70.899,-19.54,0.911,1.11,17.36,16.873,13.424,-4.351,-4.354,-4.361
,0.0,0.0,0.0,20.4556,21.0369,3.4575,1,13.3357,13.3357,LOST,0.0,FAILSAFE_HOLD_OR_RETREAT|FORMATION_WAIT_REJOIN|FORMATION_RECOVERY,0,1,1,70.999,-19.54,0.91,1.125,17.36,16.872,13.421,-4.351,-4.354,-4.362
,0.0,0.0,0.0,20.4545,21.0507,3.4602,1,13.3396,13.3396,LOST,0.0,FAILSAFE_HOLD_OR_RETREAT|FORMATION_WAIT_REJOIN|FORMATION_RECOVERY,0,1,1,71.099,-19.54,0.908,1.138,17.36,16.871,13.418,-4.351,-4.354,-4.362
,0.0,0.0,0.0,20.4533,21.0633,3.4623,1,13.3431,13.3431,LOST,0.0,FAILSAFE_HOLD_OR_RETREAT|FORMATION_WAIT_REJOIN|FORMATION_RECOVERY,0,1,1,71.199,-19.54,0.907,1.151,17.36,16.87,13.416,-4.351,-4.354,-4.362
,0.0,0.0,0.0,20.4519,21.0747,3.4635,1,13.3461,13.3461,LOST,0.0,FAILSAFE_HOLD_OR_RETREAT|FORMATION_WAIT_REJOIN|FORMATION_RECOVERY,0,1,1,71.299,-19.54,0.906,1.162,17.36,16.868,13.414,-4.351,-4.354,-4.362
,0.0,0.0,0.0,20.4503,21.0852,3.4638,1,13.3488,13.3488,LOST,0.0,FAILSAFE_HOLD_OR_RETREAT|FORMATION_WAIT_REJOIN|FORMATION_RECOVERY,0,1,1,71.399,-19.54,0.904,1.172,17.36,16.866,13.413,-4.351,-4.355,-4.363
,0.0,0.0,0.0,20.4488,21.0951,3.464,1,13.3513,13.3513,LOST,0.0,FAILSAFE_HOLD_OR_RETREAT|FORMATION_WAIT_REJOIN|FORMATION_RECOVERY,0,1,1,71.499,-19.54,0.903,1.182,17.36,16.864,13.411,-4.351,-4.355,-4.363
,0.0,0.0,0.0,20.4475,21.1039,3.4645,1,13.3536,13.3536,LOST,0.0,FAILSAFE_HOLD_OR_RETREAT|FORMATION_WAIT_REJOIN|FORMATION_RECOVERY,0,1,1,71.599,-19.54,0.901,1.191,17.36,16.862,13.41,-4.351,-4.355,-4.363
,0.0,0.0,0.0,20.4464,21.1119,3.4645,1,13.3557,13.3557,LOST,0.0,FAILSAFE_HOLD_OR_RETREAT|FORMATION_WAIT_REJOIN|FORMATION_RECOVERY,0,1,1,71.699,-19.54,0.9,1.199,17.36,16.86,13.409,-4.351,-4.355,-4.363
,0.0,0.0,0.0,20.4456,21.1199,3.4648,1,13.3578,13.3578,LOST,0.0,FAILSAFE_HOLD_OR_RETREAT|FORMATION_WAIT_REJOIN|FORMATION_RECOVERY,0,1,1,71.799,-19.54,0.899,1.207,17.36,16.858,13.407,-4.351,-4.355,-4.363
,0.0,0.0,0.0,20.4449,21.1277,3.4654,1,13.36,13.36,LOST,0.0,FAILSAFE_HOLD_OR_RETREAT|FORMATION_WAIT_REJOIN|FORMATION_RECOVERY,0,1,1,71.899,-19.54,0.898,1.214,17.36,16.857,13.406,-4.351,-4.355,-4.363
,0.0,0.0,0.0,20.4444,21.1353,3.4658,1,13.3621,13.3621,LOST,0.0,FAILSAFE_HOLD_OR_RETREAT|FORMATION_WAIT_REJOIN|FORMATION_RECOVERY,0,1,1,71.999,-19.54,0.898,1.222,17.36,16.855,13.404,-4.351,-4.355,-4.363
