t,d_01,d_02,d_12,occ_G06,occ_G07,drift_0,drift_1,drift_2,x_0,y_0,z_0,yaw_0,x_1,y_1,z_1,yaw_1,x_2,y_2,z_2,yaw_2,form_err,perturbation
0.1,5.0012,3.5363,3.5355,0,0,0.205,0.205,0.205,-16.0199,27.1447,-4.2856,-45.0,-19.5562,23.6082,-4.285,-45.0,-19.5562,27.1438,-4.285,-45.0,,
0.2,5.0078,3.5417,3.5355,0,0,0.202,0.202,0.202,-16.014,27.1464,-4.2868,-45.0,-19.5558,23.606,-4.285,-45.0,-19.5558,27.1415,-4.285,-45.0,,
0.3,5.0212,3.5532,3.5355,0,0,0.199,0.199,0.199,-16.0023,27.152,-4.2885,-44.99,-19.5555,23.6041,-4.285,-45.0,-19.5555,27.1396,-4.285,-45.0,,
0.4,5.035,3.5692,3.5355,0,0,0.196,0.196,0.196,-15.986,27.1538,-4.2906,-44.97,-19.5552,23.6024,-4.285,-45.0,-19.5552,27.138,-4.285,-45.0,,
0.5,5.0458,3.5883,3.5355,0,0,0.193,0.193,0.193,-15.9666,27.1485,-4.2933,-44.96,-19.5549,23.6011,-4.285,-45.0,-19.5549,27.1366,-4.285,-45.0,,
0.6,5.0545,3.6098,3.5355,0,0,0.19,0.19,0.19,-15.9448,27.1379,-4.2963,-44.97,-19.5547,23.5999,-4.285,-45.0,-19.5547,27.1354,-4.285,-45.0,,
0.7,5.0613,3.6331,3.5355,0,0,0.187,0.187,0.187,-15.9214,27.1228,-4.2995,-44.98,-19.5544,23.5989,-4.285,-45.0,-19.5544,27.1345,-4.285,-45.0,,
0.8,5.0668,3.6578,3.5355,0,0,0.184,0.184,0.184,-15.8966,27.1044,-4.3025,-45.0,-19.5542,23.5981,-4.285,-45.0,-19.5542,27.1337,-4.285,-45.0,,
0.9,5.0716,3.6828,3.5355,0,0,0.182,0.182,0.182,-15.8716,27.0845,-4.3056,-45.01,-19.5541,23.5975,-4.285,-45.0,-19.5541,27.133,-4.285,-45.0,,
1.0,5.0752,3.7074,3.5355,0,0,0.179,0.179,0.179,-15.8472,27.0636,-4.3083,-45.02,-19.5539,23.5969,-4.285,-45.0,-19.5539,27.1324,-4.285,-45.0,,
1.1,5.0783,3.7315,3.5355,0,0,0.176,0.176,0.176,-15.8234,27.0421,-4.3109,-45.02,-19.5537,23.5965,-4.285,-45.0,-19.5537,27.132,-4.285,-45.0,,
1.2,5.0813,3.7557,3.5355,0,0,0.173,0.173,0.173,-15.7996,27.0206,-4.3133,-45.02,-19.5536,23.5961,-4.285,-45.0,-19.5536,27.1317,-4.285,-45.0,,
1.3,5.0845,3.7799,3.5355,0,0,0.17,0.17,0.17,-15.776,26.9991,-4.3154,-45.03,-19.5535,23.5959,-4.285,-45.0,-19.5535,27.1314,-4.285,-45.0,,
1.4,5.0873,3.8036,3.5355,0,0,0.167,0.167,0.167,-15.753,26.9775,-4.3174,-45.04,-19.5533,23.5957,-4.285,-45.0,-19.5533,27.1312,-4.285,-45.0,,
1.5,5.09,3.8269,3.5355,0,0,0.165,0.165,0.165,-15.7304,26.9561,-4.3191,-45.04,-19.5532,23.5955,-4.285,-45.0,-19.5532,27.131,-4.285,-45.0,,
1.6,5.0926,3.8499,3.5355,0,0,0.162,0.162,0.162,-15.7084,26.9348,-4.3207,-45.05,-19.5531,23.5954,-4.285,-45.0,-19.5531,27.131,-4.285,-45.0,,
1.7,5.0952,3.8727,3.5355,0,0,0.159,0.159,0.159,-15.6865,26.9135,-4.322,-45.06,-19.553,23.5954,-4.285,-45.0,-19.553,27.1309,-4.285,-45.0,,
1.8,5.0979,3.8955,3.5355,0,0,0.157,0.157,0.157,-15.6649,26.8924,-4.3233,-45.07,-19.5529,23.5954,-4.285,-45.0,-19.5529,27.1309,-4.285,-45.0,,
1.9,5.1008,3.9181,3.5355,0,0,0.154,0.154,0.154,-15.6435,26.8717,-4.3246,-45.09,-19.5528,23.5954,-4.285,-45.0,-19.5528,27.1309,-4.285,-45.0,,
2.0,5.1038,3.9401,3.5355,0,0,0.151,0.151,0.151,-15.6227,26.8516,-4.3259,-45.1,-19.5527,23.5955,-4.285,-45.0,-19.5527,27.131,-4.285,-45.0,,
2.1,5.1071,3.9619,3.5355,0,0,0.149,0.149,0.149,-15.6023,26.8321,-4.3275,-45.1,-19.5526,23.5955,-4.285,-45.0,-19.5526,27.1311,-4.285,-45.0,,
2.2,5.1109,3.9833,3.5355,0,0,0.146,0.146,0.146,-15.5821,26.8135,-4.3293,-45.11,-19.5525,23.5956,-4.285,-45.0,-19.5525,27.1312,-4.285,-45.0,,
2.3,5.1144,4.0034,3.5355,0,0,0.144,0.144,0.144,-15.5633,26.7961,-4.3307,-45.11,-19.5524,23.5958,-4.285,-45.0,-19.5524,27.1313,-4.285,-45.0,,
2.4,5.1173,4.022,3.5355,0,0,0.141,0.141,0.141,-15.5461,26.7793,-4.3319,-45.11,-19.5523,23.5959,-4.285,-45.0,-19.5523,27.1314,-4.285,-45.0,,
2.5,5.119,4.0392,3.5355,0,0,0.139,0.139,0.139,-15.5302,26.7624,-4.3332,-45.11,-19.5523,23.596,-4.285,-45.0,-19.5523,27.1316,-4.285,-45.0,,
2.6,5.1205,4.0555,3.5355,0,0,0.136,0.136,0.136,-15.5153,26.7459,-4.3344,-45.12,-19.5522,23.5962,-4.285,-45.0,-19.5522,27.1317,-4.285,-45.0,,
2.7,5.1222,4.0711,3.5355,0,0,0.134,0.134,0.134,-15.5011,26.7307,-4.3356,-45.11,-19.5521,23.5964,-4.285,-45.0,-19.5521,27.1319,-4.285,-45.0,,
2.8,5.1243,4.0859,3.5355,0,0,0.132,0.132,0.132,-15.4876,26.7168,-4.3368,-45.1,-19.552,23.5965,-4.285,-45.0,-19.552,27.1321,-4.285,-45.0,,
2.9,5.1265,4.1004,3.5355,0,0,0.129,0.129,0.129,-15.4743,26.7034,-4.3377,-45.09,-19.5519,23.5967,-4.285,-45.0,-19.5519,27.1323,-4.285,-45.0,,
3.0,5.1291,4.1149,3.5355,0,0,0.127,0.127,0.127,-15.4611,26.6905,-4.3384,-45.09,-19.5518,23.5969,-4.285,-45.0,-19.5518,27.1325,-4.285,-45.0,,
3.1,5.1315,4.1289,3.5355,0,0,0.125,0.125,0.125,-15.4483,26.6778,-4.3388,-45.08,-19.5517,23.5971,-4.285,-45.0,-19.5517,27.1326,-4.285,-45.0,,
3.2,5.1341,4.1427,3.5355,0,0,0.123,0.123,0.123,-15.4358,26.6659,-4.3395,-45.06,-19.5517,23.5973,-4.285,-45.0,-19.5517,27.1328,-4.285,-45.0,,
3.3,5.1375,4.1563,3.5355,0,0,0.121,0.121,0.121,-15.4232,26.6549,-4.3403,-45.05,-19.5516,23.5975,-4.285,-45.0,-19.5516,27.133,-4.285,-45.0,,
3.4,5.1413,4.1699,3.5355,0,0,0.119,0.119,0.119,-15.4107,26.6447,-4.3409,-45.04,-19.5515,23.5977,-4.285,-45.0,-19.5515,27.1333,-4.285,-45.0,,
3.5,5.1452,4.183,3.5355,0,0,0.117,0.117,0.117,-15.3986,26.6351,-4.3416,-45.02,-19.5514,23.5979,-4.285,-45.0,-19.5514,27.1335,-4.285,-45.0,,
3.6,5.1485,4.1951,3.5355,0,0,0.115,0.115,0.115,-15.3874,26.6257,-4.3423,-45.01,-19.5513,23.5981,-4.285,-45.0,-19.5513,27.1337,-4.285,-45.0,,
3.7,5.1515,4.2071,3.5355,0,0,0.113,0.113,0.113,-15.3765,26.6161,-4.3432,-45.01,-19.5512,23.5984,-4.285,-45.0,-19.5512,27.1339,-4.285,-45.0,,
3.8,5.1547,4.219,3.5355,0,0,0.111,0.111,0.111,-15.3657,26.6068,-4.3436,-45.02,-19.5512,23.5986,-4.285,-45.0,-19.5512,27.1341,-4.285,-45.0,,
3.9,5.1573,4.2301,3.5355,0,0,0.109,0.109,0.109,-15.3556,26.5975,-4.3433,-45.01,-19.5511,23.5988,-4.285,-45.0,-19.5511,27.1344,-4.285,-45.0,,
4.0,5.159,4.2405,3.5355,0,0,0.108,0.108,0.108,-15.3463,26.5879,-4.3428,-45.0,-19.551,23.5991,-4.285,-45.0,-19.551,27.1346,-4.285,-45.0,,
4.1,5.1608,4.2507,3.5355,0,0,0.106,0.106,0.106,-15.3372,26.5785,-4.3421,-44.99,-19.551,23.5993,-4.285,-45.0,-19.551,27.1349,-4.285,-45.0,,
4.2,5.1628,4.2608,3.5355,0,0,0.104,0.104,0.104,-15.3282,26.5694,-4.3414,-44.99,-19.5509,23.5996,-4.285,-45.0,-19.5509,27.1351,-4.285,-45.0,,
4.3,5.1649,4.271,3.5355,0,0,0.103,0.103,0.103,-15.3191,26.5605,-4.3407,-45.0,-19.5509,23.5999,-4.285,-45.0,-19.5509,27.1354,-4.285,-45.0,,
4.4,5.1678,4.2815,3.5355,0,0,0.101,0.101,0.101,-15.3096,26.5523,-4.3403,-45.01,-19.5508,23.6001,-4.285,-45.0,-19.5508,27.1357,-4.285,-45.0,,
4.5,5.1711,4.2922,3.5355,0,0,0.1,0.1,0.1,-15.2998,26.5444,-4.3401,-45.03,-19.5508,23.6004,-4.285,-45.0,-19.5508,27.1359,-4.285,-45.0,,
4.6,5.1749,4.3033,3.5355,0,0,0.098,0.098,0.098,-15.2897,26.5367,-4.34,-45.04,-19.5507,23.6007,-4.285,-45.0,-19.5507,27.1362,-4.285,-45.0,,
4.7,5.1789,4.3146,3.5355,0,0,0.097,0.097,0.097,-15.2794,26.529,-4.3402,-45.04,-19.5507,23.6009,-4.285,-45.0,-19.5507,27.1365,-4.285,-45.0,,
4.8,5.1826,4.3259,3.5355,0,0,0.096,0.096,0.096,-15.2691,26.521,-4.3407,-45.04,-19.5506,23.6012,-4.285,-45.0,-19.5506,27.1367,-4.285,-45.0,,
4.9,5.1861,4.3372,3.5355,0,0,0.095,0.095,0.095,-15.259,26.5125,-4.3411,-45.06,-19.5506,23.6014,-4.285,-45.0,-19.5506,27.137,-4.285,-45.0,,
5.0,5.1896,4.3478,3.5355,0,0,0.093,0.093,0.093,-15.2494,26.5049,-4.3412,-45.07,-19.5506,23.6017,-4.285,-45.0,-19.5506,27.1372,-4.285,-45.0,,
5.1,5.1934,4.3577,3.5355,0,0,0.092,0.092,0.092,-15.2403,26.4985,-4.3412,-45.09,-19.5505,23.602,-4.285,-45.0,-19.5505,27.1375,-4.285,-45.0,,
5.2,5.1972,4.3673,3.5355,0,0,0.091,0.091,0.091,-15.2315,26.4925,-4.3416,-45.11,-19.5505,23.6022,-4.285,-45.0,-19.5505,27.1377,-4.285,-45.0,,
5.3,5.2007,4.3759,3.5355,0,0,0.09,0.09,0.09,-15.2236,26.4873,-4.3421,-45.13,-19.5505,23.6024,-4.285,-45.0,-19.5505,27.138,-4.285,-45.0,,
5.4,5.2043,4.384,3.5355,0,0,0.089,0.089,0.089,-15.2161,26.4827,-4.3422,-45.14,-19.5504,23.6027,-4.285,-45.0,-19.5504,27.1382,-4.285,-45.0,,
5.5,5.2082,4.3922,3.5355,0,0,0.089,0.089,0.089,-15.2084,26.4785,-4.3422,-45.14,-19.5504,23.6029,-4.285,-45.0,-19.5504,27.1385,-4.285,-45.0,,
5.6,5.2122,4.4,3.5355,0,0,0.088,0.088,0.088,-15.2011,26.4749,-4.3422,-45.13,-19.5504,23.6032,-4.285,-45.0,-19.5504,27.1387,-4.285,-45.0,,
5.7,5.2161,4.4076,3.5355,0,0,0.087,0.087,0.087,-15.1939,26.4714,-4.3422,-45.12,-19.5503,23.6034,-4.285,-45.0,-19.5503,27.1389,-4.285,-45.0,,
5.8,5.2188,4.4148,3.5355,0,0,0.086,0.086,0.086,-15.1873,26.4667,-4.3424,-45.12,-19.5503,23.6036,-4.285,-45.0,-19.5503,27.1391,-4.285,-45.0,,
5.9,5.2212,4.4219,3.5355,0,0,0.086,0.086,0.086,-15.181,26.4617,-4.3428,-45.1,-19.5503,23.6038,-4.285,-45.0,-19.5503,27.1394,-4.285,-45.0,,
6.0,5.224,4.429,3.5355,0,0,0.085,0.085,0.085,-15.1745,26.4571,-4.343,-45.09,-19.5502,23.6041,-4.285,-45.0,-19.5502,27.1396,-4.285,-45.0,,
6.1,5.2267,4.4358,3.5355,0,0,0.129,0.129,0.129,-15.1683,26.4528,-4.3431,-45.08,-19.5502,23.6043,-4.285,-45.0,-19.5502,27.1398,-4.285,-45.0,,
6.2,5.2298,4.4425,3.5355,0,0,0.131,0.131,0.131,-15.1623,26.4505,-4.3431,-45.09,-19.5503,23.6058,-4.285,-45.0,-19.5503,27.1413,-4.285,-45.0,,
6.3,5.2331,4.4482,3.5355,0,0,0.133,0.133,0.133,-15.157,26.4502,-4.3429,-45.09,-19.5504,23.6078,-4.285,-45.0,-19.5504,27.1433,-4.285,-45.0,,
6.4,5.2368,4.4531,3.5355,0,0,0.135,0.135,0.135,-15.1522,26.4512,-4.3431,-45.09,-19.5506,23.6095,-4.285,-45.0,-19.5506,27.1451,-4.285,-45.0,,
6.5,5.2402,4.4571,3.5355,0,0,0.136,0.136,0.136,-15.1483,26.4529,-4.3433,-45.1,-19.5507,23.6111,-4.285,-45.0,-19.5507,27.1466,-4.285,-45.0,,
6.6,5.2435,4.4605,3.5355,0,0,0.138,0.138,0.138,-15.1448,26.4548,-4.3433,-45.11,-19.5508,23.6125,-4.285,-45.0,-19.5508,27.148,-4.285,-45.0,,
6.7,5.2468,4.4638,3.5355,0,0,0.14,0.14,0.14,-15.1415,26.4568,-4.3435,-45.13,-19.5509,23.6137,-4.285,-45.0,-19.5509,27.1493,-4.285,-45.0,,
6.8,5.25,4.4668,3.5355,0,0,0.141,0.141,0.141,-15.1384,26.4588,-4.3439,-45.13,-19.551,23.6148,-4.285,-45.0,-19.551,27.1504,-4.285,-45.0,,
6.9,5.2529,4.4695,3.5355,0,0,0.143,0.143,0.143,-15.1356,26.4608,-4.3442,-45.14,-19.551,23.6158,-4.285,-45.0,-19.551,27.1513,-4.285,-45.0,,
7.0,5.2556,4.4719,3.5355,0,0,0.144,0.144,0.144,-15.1331,26.4625,-4.3442,-45.14,-19.5511,23.6167,-4.285,-45.0,-19.5511,27.1522,-4.285,-45.0,,
7.1,5.258,4.4743,3.5355,0,0,0.146,0.146,0.146,-15.1306,26.4639,-4.344,-45.13,-19.5512,23.6175,-4.285,-45.0,-19.5512,27.153,-4.285,-45.0,,
7.2,5.2518,4.4765,3.5281,0,0,0.147,0.147,0.147,-15.1284,26.4651,-4.344,-45.13,-19.546,23.6256,-4.2855,-44.99,-19.5512,27.1537,-4.285,-45.0,,
7.3,5.2444,4.4787,3.5248,0,0,0.149,0.149,0.149,-15.1261,26.4658,-4.3442,-45.14,-19.5371,23.6296,-4.2869,-44.99,-19.5513,27.1543,-4.285,-45.0,,
7.4,5.2356,4.4808,3.5278,0,0,0.15,0.15,0.15,-15.1241,26.4665,-4.3443,-45.15,-19.5226,23.6272,-4.289,-44.99,-19.5513,27.1549,-4.285,-45.0,,
7.5,5.2254,4.4824,3.5361,0,0,0.151,0.151,0.151,-15.1225,26.4669,-4.3447,-45.15,-19.5038,23.6197,-4.2916,-44.99,-19.5513,27.1554,-4.285,-45.0,,
7.6,5.214,4.4838,3.5485,0,0,0.152,0.152,0.152,-15.1212,26.4669,-4.3452,-45.15,-19.4813,23.6081,-4.2946,-44.98,-19.5514,27.1558,-4.285,-45.0,,
7.7,5.2022,4.4855,3.5642,0,0,0.153,0.153,0.153,-15.1196,26.4671,-4.3458,-45.14,-19.4558,23.5934,-4.2977,-44.98,-19.5514,27.1563,-4.285,-45.0,,
7.8,5.1909,4.4875,3.5827,0,0,0.155,0.155,0.155,-15.1177,26.4667,-4.3463,-45.13,-19.4289,23.576,-4.3006,-44.98,-19.5514,27.1566,-4.285,-45.0,,
7.9,5.1796,4.4901,3.6038,0,0,0.156,0.156,0.156,-15.1154,26.4652,-4.3466,-45.12,-19.4009,23.5564,-4.3035,-44.97,-19.5514,27.157,-4.285,-45.0,,
8.0,5.169,4.4934,3.6268,0,0,0.157,0.157,0.157,-15.1125,26.463,-4.3469,-45.13,-19.3721,23.535,-4.3062,-44.95,-19.5515,27.1573,-4.285,-45.0,,
8.1,5.1594,4.4974,3.6513,0,0,0.158,0.158,0.158,-15.1089,26.4602,-4.347,-45.14,-19.343,23.5123,-4.3088,-44.94,-19.5515,27.1576,-4.285,-45.0,,
8.2,5.1503,4.502,3.6772,0,0,0.159,0.159,0.159,-15.1049,26.4566,-4.3473,-45.15,-19.3137,23.4884,-4.311,-44.92,-19.5515,27.1578,-4.285,-45.0,,
8.3,5.1423,4.5075,3.7043,0,0,0.159,0.159,0.159,-15.1001,26.4524,-4.3478,-45.16,-19.2845,23.4635,-4.3131,-44.91,-19.5515,27.1581,-4.285,-45.0,,
8.4,5.1354,4.5136,3.732,0,0,0.16,0.16,0.16,-15.0946,26.4476,-4.3485,-45.16,-19.2557,23.4381,-4.3149,-44.92,-19.5515,27.1583,-4.285,-45.0,,
8.5,5.1296,4.52,3.76,0,0,0.161,0.161,0.161,-15.089,26.4424,-4.3495,-45.16,-19.2281,23.4126,-4.3164,-44.92,-19.5515,27.1585,-4.285,-45.0,,
8.6,5.1247,4.5266,3.788,0,0,0.162,0.162,0.162,-15.0833,26.4368,-4.3504,-45.16,-19.2017,23.3871,-4.3177,-44.93,-19.5515,27.1587,-4.285,-45.0,,
8.7,5.1206,4.5333,3.8162,0,0,0.162,0.162,0.162,-15.0775,26.4309,-4.3511,-45.15,-19.176,23.3613,-4.3192,-44.92,-19.5515,27.1588,-4.285,-45.0,,
8.8,5.117,4.5405,3.8441,0,0,0.163,0.163,0.163,-15.0713,26.4248,-4.3516,-45.14,-19.1507,23.336,-4.3208,-44.92,-19.5515,27.159,-4.285,-45.0,,
8.9,5.1134,4.5477,3.8712,0,0,0.164,0.164,0.164,-15.0649,26.4189,-4.3521,-45.13,-19.1258,23.3116,-4.3228,-44.92,-19.5515,27.1591,-4.285,-45.0,,
9.0,5.1099,4.5548,3.8971,0,0,0.164,0.164,0.164,-15.0587,26.4133,-4.3525,-45.12,-19.1016,23.2884,-4.3247,-44.92,-19.5515,27.1593,-4.285,-45.0,,
9.1,5.1063,4.5617,3.9224,0,0,0.165,0.165,0.165,-15.0527,26.4074,-4.3529,-45.11,-19.0782,23.2659,-4.3263,-44.92,-19.5515,27.1594,-4.285,-45.0,,
9.2,5.1023,4.5682,3.9469,0,0,0.165,0.165,0.165,-15.0472,26.401,-4.3533,-45.11,-19.0555,23.2441,-4.3282,-44.92,-19.5515,27.1595,-4.285,-45.0,,
9.3,5.0981,4.5744,3.9712,0,0,0.165,0.165,0.165,-15.042,26.3942,-4.3537,-45.12,-19.0333,23.2226,-4.3299,-44.93,-19.5515,27.1596,-4.285,-45.0,,
9.4,5.0938,4.5803,3.9951,0,0,0.166,0.166,0.166,-15.0372,26.3876,-4.3538,-45.14,-19.0115,23.2015,-4.3317,-44.93,-19.5515,27.1597,-4.285,-45.0,,
9.5,5.0897,4.5861,4.0186,0,0,0.166,0.166,0.166,-15.0324,26.3813,-4.3536,-45.15,-18.9899,23.1809,-4.3336,-44.94,-19.5515,27.1598,-4.285,-45.0,,
9.6,5.0856,4.5923,4.0419,0,0,0.166,0.166,0.166,-15.0272,26.375,-4.3533,-45.16,-18.9681,23.1606,-4.3353,-44.94,-19.5515,27.1599,-4.285,-45.0,,
9.7,5.0819,4.5984,4.0655,0,0,0.166,0.166,0.166,-15.0221,26.3686,-4.3534,-45.15,-18.9466,23.14,-4.3366,-44.94,-19.5515,27.1599,-4.285,-45.0,,
9.8,5.0785,4.6045,4.0894,0,0,0.167,0.167,0.167,-15.0172,26.362,-4.3535,-45.13,-18.9255,23.1191,-4.3377,-44.94,-19.5515,27.16,-4.285,-45.0,,
9.9,5.0763,4.6097,4.1136,0,0,0.167,0.167,0.167,-15.0128,26.3568,-4.3534,-45.12,-18.9048,23.098,-4.3387,-44.94,-19.5514,27.1601,-4.285,-45.0,,
10.0,5.0755,4.6137,4.1375,0,0,0.167,0.167,0.167,-15.0092,26.3539,-4.3531,-45.12,-18.8851,23.077,-4.3395,-44.94,-19.5514,27.1601,-4.285,-45.0,,
10.1,5.0754,4.6162,4.1608,0,0,0.167,0.167,0.167,-15.0069,26.3526,-4.3527,-45.11,-18.8663,23.0565,-4.3401,-44.94,-19.5514,27.1601,-4.285,-45.0,,
10.2,5.0757,4.6179,4.1836,0,0,0.167,0.167,0.167,-15.0052,26.3522,-4.3522,-45.11,-18.8482,23.0365,-4.3411,-44.93,-19.5514,27.1602,-4.285,-45.0,,
10.3,5.0768,4.619,4.2064,0,0,0.166,0.166,0.166,-15.0041,26.3525,-4.3517,-45.11,-18.8308,23.0164,-4.3418,-44.92,-19.5514,27.1602,-4.285,-45.0,,
10.4,5.078,4.6191,4.2295,0,0,0.166,0.166,0.166,-15.0039,26.3532,-4.3511,-45.1,-18.8137,22.996,-4.3424,-44.92,-19.5514,27.1602,-4.285,-45.0,,
10.5,5.0797,4.6185,4.2522,0,0,0.166,0.166,0.166,-15.0042,26.3547,-4.3508,-45.09,-18.7972,22.9759,-4.343,-44.93,-19.5514,27.1603,-4.285,-45.0,,
10.6,5.0814,4.6192,4.2743,0,0,0.166,0.166,0.166,-15.0035,26.3546,-4.3506,-45.09,-18.7814,22.9564,-4.3434,-44.93,-19.5514,27.1603,-4.285,-45.0,,
10.7,5.0823,4.6221,4.2953,0,0,0.165,0.165,0.165,-15.0011,26.3515,-4.3504,-45.08,-18.7663,22.9378,-4.3437,-44.93,-19.5514,27.1603,-4.285,-45.0,,
10.8,5.0822,4.6268,4.3152,0,0,0.165,0.165,0.165,-14.9973,26.3458,-4.3501,-45.08,-18.7517,22.9203,-4.344,-44.92,-19.5514,27.1603,-4.285,-45.0,,
10.9,5.0824,4.6332,4.3342,0,0,0.165,0.165,0.165,-14.9923,26.3383,-4.3499,-45.09,-18.7383,22.9035,-4.3443,-44.92,-19.5514,27.1603,-4.285,-45.0,,
11.0,5.0834,4.6408,4.3524,0,0,0.164,0.164,0.164,-14.986,26.3298,-4.3495,-45.09,-18.7263,22.8873,-4.3443,-44.93,-19.5514,27.1603,-4.285,-45.0,,
11.1,5.0847,4.6492,4.3701,0,0,0.164,0.164,0.164,-14.9791,26.3207,-4.3494,-45.09,-18.715,22.8714,-4.3445,-44.93,-19.5515,27.1603,-4.285,-45.0,,
11.2,5.0854,4.6582,4.3873,0,0,0.163,0.163,0.163,-14.9718,26.3108,-4.3493,-45.08,-18.7036,22.8561,-4.3447,-44.94,-19.5515,27.1603,-4.285,-45.0,,
11.3,5.0857,4.6671,4.4039,0,0,0.162,0.162,0.162,-14.9647,26.3001,-4.3491,-45.07,-18.693,22.8412,-4.345,-44.95,-19.5515,27.1603,-4.285,-45.0,,
11.4,5.0855,4.6761,4.4203,0,0,0.162,0.162,0.162,-14.9578,26.2887,-4.3491,-45.06,-18.6829,22.8266,-4.345,-44.96,-19.5515,27.1603,-4.285,-45.0,,
11.5,5.0852,4.6851,4.4361,0,0,0.161,0.161,0.161,-14.9508,26.2776,-4.3492,-45.04,-18.6727,22.8125,-4.3449,-44.97,-19.5515,27.1602,-4.285,-45.0,,
11.6,5.085,4.6939,4.4519,0,0,0.16,0.16,0.16,-14.9436,26.2677,-4.3493,-45.03,-18.6615,22.7986,-4.3448,-44.97,-19.5515,27.1602,-4.285,-45.0,,
11.7,5.0851,4.7028,4.4675,0,0,0.159,0.159,0.159,-14.9364,26.2584,-4.3493,-45.03,-18.6503,22.7849,-4.3448,-44.98,-19.5515,27.1602,-4.285,-45.0,,
11.8,5.0849,4.712,4.4825,0,0,0.159,0.159,0.159,-14.9289,26.249,-4.3492,-45.04,-18.6391,22.7719,-4.3448,-44.97,-19.5515,27.1601,-4.285,-45.0,,
11.9,5.0838,4.7213,4.4971,0,0,0.158,0.158,0.158,-14.9213,26.2393,-4.3487,-45.05,-18.6275,22.7594,-4.3445,-44.97,-19.5515,27.1601,-4.285,-45.0,,
12.0,5.0816,4.7302,4.5116,0,0,0.157,0.157,0.157,-14.9144,26.2287,-4.3481,-45.06,-18.6159,22.747,-4.3443,-44.97,-19.5515,27.1601,-4.285,-45.0,,
12.1,5.0795,4.7393,4.5258,0,0,0.013,0.013,0.013,-14.9072,26.2183,-4.3474,-45.07,-18.6041,22.7349,-4.3444,-44.96,-19.5515,27.16,-4.285,-45.0,,
12.2,5.078,4.7492,4.5403,0,0,0.014,0.014,0.014,-14.8997,26.2065,-4.3467,-45.07,-18.5931,22.7214,-4.3441,-44.95,-19.552,27.1589,-4.285,-45.0,,
12.3,5.0777,4.7591,4.5564,0,0,0.015,0.015,0.015,-14.8926,26.1928,-4.3463,-45.06,-18.5835,22.7056,-4.3434,-44.95,-19.5526,27.1574,-4.285,-45.0,,
12.4,5.0781,4.7691,4.5743,0,0,0.016,0.016,0.016,-14.8858,26.178,-4.3459,-45.04,-18.5745,22.688,-4.3429,-44.95,-19.5531,27.156,-4.285,-45.0,,
12.5,5.0785,4.7787,4.5933,0,0,0.017,0.017,0.017,-14.8795,26.1622,-4.3456,-45.04,-18.566,22.6692,-4.3427,-44.94,-19.5536,27.1548,-4.285,-45.0,,
12.6,5.0787,4.788,4.6134,0,0,0.019,0.019,0.019,-14.8737,26.1458,-4.3451,-45.03,-18.5574,22.6496,-4.3428,-44.95,-19.554,27.1537,-4.285,-45.0,,
12.7,5.0786,4.7971,4.6336,0,0,0.02,0.02,0.02,-14.868,26.1293,-4.3443,-45.03,-18.5486,22.6299,-4.343,-44.97,-19.5544,27.1527,-4.285,-45.0,,
12.8,5.0782,4.806,4.6538,0,0,0.021,0.021,0.021,-14.8627,26.1129,-4.3435,-45.02,-18.5397,22.6104,-4.3431,-44.98,-19.5547,27.1518,-4.285,-45.0,,
12.9,5.0783,4.8149,4.6744,0,0,0.022,0.022,0.022,-14.8573,26.097,-4.3427,-45.02,-18.5306,22.5905,-4.3433,-44.99,-19.555,27.1509,-4.285,-45.0,,
13.0,5.078,4.8241,4.6951,0,0,0.024,0.024,0.024,-14.8515,26.0811,-4.3421,-45.02,-18.5208,22.5708,-4.3437,-45.01,-19.5553,27.1502,-4.285,-45.0,,
13.1,5.0777,4.8338,4.7153,0,0,0.025,0.025,0.025,-14.8451,26.0658,-4.342,-45.02,-18.5105,22.5519,-4.3444,-45.04,-19.5555,27.1495,-4.285,-45.0,,
13.2,5.0767,4.844,4.7349,0,0,0.027,0.027,0.027,-14.8384,26.0504,-4.3422,-45.01,-18.4997,22.5336,-4.3451,-45.06,-19.5558,27.1489,-4.285,-45.0,,
13.3,5.0765,4.8544,4.7543,0,0,0.028,0.028,0.028,-14.8311,26.0357,-4.3424,-45.02,-18.489,22.5157,-4.3454,-45.06,-19.556,27.1483,-4.285,-45.0,,
13.4,5.0769,4.8656,4.773,0,0,0.03,0.03,0.03,-14.8229,26.0221,-4.3427,-45.03,-18.478,22.4986,-4.3456,-45.06,-19.5561,27.1478,-4.285,-45.0,,
13.5,5.0777,4.8776,4.7909,0,0,0.031,0.031,0.031,-14.8137,26.009,-4.3433,-45.04,-18.4669,22.4823,-4.3455,-45.06,-19.5563,27.1473,-4.285,-45.0,,
13.6,5.079,4.8904,4.8083,0,0,0.033,0.033,0.033,-14.8037,25.9963,-4.344,-45.06,-18.4558,22.4667,-4.3449,-45.06,-19.5564,27.1469,-4.285,-45.0,,
13.7,5.0804,4.9038,4.8251,0,0,0.035,0.035,0.035,-14.7929,25.9841,-4.345,-45.06,-18.4443,22.4517,-4.3444,-45.04,-19.5566,27.1465,-4.285,-45.0,,
13.8,5.082,4.9176,4.8418,0,0,0.037,0.037,0.037,-14.7816,25.9722,-4.3459,-45.08,-18.4325,22.437,-4.3438,-45.02,-19.5567,27.1461,-4.285,-45.0,,
13.9,5.0835,4.9316,4.8585,0,0,0.038,0.038,0.038,-14.7702,25.9603,-4.3467,-45.09,-18.4206,22.4224,-4.3432,-45.01,-19.5568,27.1458,-4.285,-45.0,,
14.0,5.0855,4.9457,4.875,0,0,0.04,0.04,0.04,-14.7586,25.9488,-4.347,-45.1,-18.4089,22.4079,-4.3425,-45.01,-19.5569,27.1455,-4.285,-45.0,,
14.1,5.0879,4.9599,4.8907,0,0,0.042,0.042,0.042,-14.7466,25.9379,-4.3471,-45.1,-18.3975,22.3942,-4.3418,-45.02,-19.557,27.1452,-4.285,-45.0,1.1455,1
14.2,5.0902,4.9725,4.8981,0,0,0.044,0.044,0.044,-14.7344,25.9273,-4.3471,-45.09,-18.3862,22.3814,-4.3413,-45.03,-19.557,27.1372,-4.2854,-44.99,1.1528,1
14.3,5.0921,4.9792,4.8961,0,0,0.046,0.046,0.046,-14.7221,25.9166,-4.3474,-45.07,-18.3754,22.3693,-4.341,-45.05,-19.553,27.1213,-4.2868,-44.97,1.1543,1
14.4,5.0934,4.9791,4.8875,0,0,0.048,0.048,0.048,-14.7104,25.9058,-4.3482,-45.06,-18.3648,22.3578,-4.3406,-45.07,-19.5437,27.1007,-4.2888,-44.96,1.1507,1
14.5,5.0937,4.9727,4.8738,0,0,0.05,0.05,0.05,-14.6993,25.8951,-4.349,-45.06,-18.3538,22.3468,-4.3404,-45.07,-19.5293,27.0765,-4.2912,-44.95,1.1429,1
14.6,5.0935,4.9623,4.8557,0,0,0.052,0.052,0.052,-14.6884,25.8847,-4.3494,-45.06,-18.3424,22.3363,-4.3404,-45.09,-19.5119,27.0488,-4.2937,-44.95,1.1319,1
14.7,5.093,4.9484,4.8344,0,0,0.054,0.054,0.054,-14.6775,25.8744,-4.3496,-45.05,-18.3309,22.3259,-4.3408,-45.1,-19.4915,27.0187,-4.2961,-44.96,1.1183,1
14.8,5.0923,4.9315,4.8099,0,0,0.057,0.057,0.057,-14.6669,25.8642,-4.3495,-45.05,-18.3194,22.3159,-4.3414,-45.1,-19.4688,26.9863,-4.2985,-44.97,1.1024,1
14.9,5.092,4.913,4.7831,0,0,0.059,0.059,0.059,-14.6559,25.8541,-4.3493,-45.03,-18.3082,22.306,-4.3419,-45.1,-19.4444,26.952,-4.3006,-44.97,1.0849,1
15.0,5.0922,4.8935,4.7549,0,0,0.061,0.061,0.061,-14.6444,25.8441,-4.3492,-45.01,-18.2974,22.2963,-4.3421,-45.1,-19.4186,26.9169,-4.303,-44.99,1.0663,1
15.1,5.0918,4.8729,4.726,0,0,0.063,0.063,0.063,-14.633,25.8331,-4.3489,-45.0,-18.2864,22.2864,-4.3421,-45.08,-19.3917,26.8812,-4.3057,-45.01,1.0472,1
15.2,5.0905,4.8522,4.6961,0,0,0.066,0.066,0.066,-14.6215,25.821,-4.3489,-44.98,-18.2751,22.2764,-4.3424,-45.06,-19.3643,26.8443,-4.3082,-45.04,1.0277,1
15.3,5.089,4.8315,4.6654,0,0,0.068,0.068,0.068,-14.6097,25.8086,-4.3489,-44.96,-18.2637,22.2665,-4.343,-45.06,-19.3368,26.8067,-4.3105,-45.06,1.008,1
15.4,5.0876,4.8099,4.6349,0,0,0.07,0.07,0.07,-14.5983,25.7962,-4.3487,-44.92,-18.2522,22.256,-4.3437,-45.05,-19.3086,26.7687,-4.3126,-45.07,0.988,1
15.5,5.0871,4.7876,4.6054,0,0,0.073,0.073,0.073,-14.5867,25.7841,-4.3486,-44.9,-18.2406,22.2448,-4.3446,-45.05,-19.2794,26.7314,-4.3146,-45.08,0.9679,1
15.6,5.0873,4.7642,4.5776,0,0,0.075,0.075,0.075,-14.5755,25.773,-4.3484,-44.89,-18.229,22.2329,-4.3455,-45.06,-19.2494,26.6952,-4.3166,-45.09,0.9477,1
15.7,5.0876,4.7396,4.5508,0,0,0.078,0.078,0.078,-14.5653,25.7629,-4.3482,-44.88,-18.2169,22.2204,-4.3463,-45.07,-19.2193,26.6594,-4.3185,-45.1,0.9274,1
15.8,5.0875,4.7149,4.5243,0,0,0.08,0.08,0.08,-14.5553,25.7534,-4.3481,-44.89,-18.2038,22.2079,-4.3469,-45.08,-19.1892,26.6235,-4.3204,-45.1,0.9072,1
15.9,5.0865,4.6903,4.4978,0,0,0.083,0.083,0.083,-14.5453,25.744,-4.3482,-44.9,-18.1899,22.1959,-4.3473,-45.08,-19.1589,26.5879,-4.3221,-45.1,0.8872,1
16.0,5.0851,4.6658,4.4719,0,0,0.085,0.085,0.085,-14.5352,25.7342,-4.3482,-44.91,-18.1757,22.1839,-4.3476,-45.08,-19.1285,26.553,-4.3238,-45.09,0.8676,1
16.1,5.083,4.642,4.4467,0,0,0.088,0.088,0.088,-14.5246,25.7231,-4.348,-44.93,-18.1611,22.1717,-4.3475,-45.08,-19.0978,26.5185,-4.3254,-45.09,0.8487,1
16.2,5.0805,4.6192,4.4225,0,0,0.091,0.091,0.091,-14.5131,25.7107,-4.348,-44.94,-18.1461,22.1591,-4.3473,-45.07,-19.067,26.4847,-4.327,-45.11,0.8305,1
16.3,5.0781,4.5967,4.3996,0,0,0.093,0.093,0.093,-14.501,25.697,-4.3475,-44.95,-18.1314,22.1462,-4.3471,-45.07,-19.0353,26.4519,-4.3288,-45.13,0.8129,1
16.4,5.0751,4.5737,4.3782,0,0,0.096,0.096,0.096,-14.4887,25.6824,-4.3469,-44.96,-18.1164,22.1332,-4.3473,-45.06,-19.0024,26.4208,-4.3308,-45.14,0.7957,1
16.5,5.0716,4.5507,4.3573,0,0,0.099,0.099,0.099,-14.4765,25.6674,-4.3465,-44.97,-18.1012,22.1203,-4.3476,-45.06,-18.9695,26.3902,-4.3328,-45.14,0.7787,1
16.6,5.0686,4.5283,4.3369,0,0,0.102,0.102,0.102,-14.4639,25.6526,-4.3462,-44.99,-18.0863,22.1073,-4.3478,-45.05,-18.9366,26.36,-4.3344,-45.14,0.762,1
16.7,5.0664,4.5071,4.3164,0,0,0.104,0.104,0.104,-14.4504,25.6377,-4.3458,-45.0,-18.0716,22.0943,-4.3481,-45.03,-18.9041,26.3297,-4.336,-45.13,0.7455,1
16.8,5.0647,4.487,4.2962,0,0,0.107,0.107,0.107,-14.4362,25.6226,-4.3457,-45.0,-18.0568,22.0811,-4.3484,-45.02,-18.872,26.2993,-4.3374,-45.12,0.7296,1
16.9,5.0635,4.4677,4.2767,0,0,0.11,0.11,0.11,-14.4219,25.6073,-4.3455,-45.0,-18.0423,22.0673,-4.3486,-45.0,-18.8404,26.2689,-4.3386,-45.11,0.714,1
17.0,5.0628,4.4491,4.2577,0,0,0.113,0.113,0.113,-14.4072,25.5921,-4.3451,-45.0,-18.0277,22.0532,-4.3487,-44.99,-18.809,26.2386,-4.339,-45.1,0.6989,1
17.1,5.0633,4.4314,4.2391,0,0,0.116,0.116,0.116,-14.3917,25.5767,-4.3446,-44.99,-18.0136,22.0385,-4.3488,-44.98,-18.7779,26.2081,-4.3392,-45.09,0.6839,1
17.2,5.0652,4.4147,4.2211,0,0,0.119,0.119,0.119,-14.3755,25.5614,-4.344,-44.99,-18.0,22.0231,-4.3489,-44.97,-18.747,26.1775,-4.3395,-45.08,0.6693,1
17.3,5.0674,4.3986,4.2037,0,0,0.122,0.122,0.122,-14.3588,25.5456,-4.3439,-44.98,-17.986,22.0069,-4.349,-44.96,-18.7162,26.1468,-4.3397,-45.07,0.6551,1
17.4,5.0693,4.3826,4.1866,0,0,0.125,0.125,0.125,-14.3428,25.5293,-4.3437,-44.98,-17.9723,21.9903,-4.3495,-44.94,-18.686,26.1157,-4.3394,-45.06,0.641,1
17.5,5.0705,4.3664,4.1703,0,0,0.128,0.128,0.128,-14.3271,25.5125,-4.3436,-44.98,-17.9583,21.9736,-4.3499,-44.93,-18.6558,26.0851,-4.3389,-45.06,0.6273,1
17.6,5.0714,4.3505,4.1545,0,0,0.131,0.131,0.131,-14.3112,25.4955,-4.3436,-44.98,-17.9438,21.9566,-4.3498,-44.92,-18.6256,26.0548,-4.3383,-45.05,0.614,1
17.7,5.0719,4.335,4.1389,0,0,0.134,0.134,0.134,-14.2953,25.4778,-4.3437,-44.98,-17.9289,21.9394,-4.3494,-44.91,-18.5957,26.0242,-4.3384,-45.04,0.601,1
17.8,5.0719,4.3201,4.1233,0,0,0.137,0.137,0.137,-14.2794,25.46,-4.3439,-44.98,-17.9137,21.9221,-4.3492,-44.91,-18.5664,25.9934,-4.3393,-45.03,0.5883,1
17.9,5.072,4.3055,4.1077,0,0,0.14,0.14,0.14,-14.2635,25.4427,-4.3441,-44.97,-17.8979,21.9049,-4.349,-44.91,-18.5375,25.9624,-4.3405,-45.01,0.5759,1
18.0,5.0719,4.2913,4.0917,0,0,0.143,0.143,0.143,-14.2477,25.4255,-4.3443,-44.96,-17.882,21.8877,-4.3486,-44.92,-18.5091,25.931,-4.3418,-45.0,0.5635,1
18.1,5.0716,4.2773,4.075,0,0,0.176,0.176,0.176,-14.2316,25.4087,-4.3445,-44.95,-17.8657,21.8711,-4.3485,-44.92,-18.4807,25.8994,-4.3429,-44.98,0.551,1
18.2,5.0715,4.2637,4.058,0,0,0.179,0.179,0.179,-14.2154,25.3923,-4.3446,-44.94,-17.8491,21.8544,-4.3486,-44.91,-18.4526,25.8673,-4.3433,-44.96,0.5386,1
18.3,5.072,4.2509,4.0417,0,0,0.182,0.182,0.182,-14.1991,25.3758,-4.3447,-44.93,-17.8327,21.8372,-4.3487,-44.91,-18.4251,25.8353,-4.3434,-44.95,0.5266,1
18.4,5.0733,4.2384,4.0264,0,0,0.185,0.185,0.185,-14.183,25.3596,-4.3447,-44.91,-17.8169,21.8193,-4.3488,-44.92,-18.3981,25.8035,-4.3437,-44.94,0.5149,1
18.5,5.0746,4.2255,4.0117,0,0,0.188,0.188,0.188,-14.1672,25.3437,-4.3446,-44.89,-17.8007,21.8012,-4.3487,-44.91,-18.371,25.7722,-4.3442,-44.94,0.5033,1
18.6,5.0747,4.2125,3.997,0,0,0.191,0.191,0.191,-14.1517,25.3275,-4.3443,-44.88,-17.7838,21.7833,-4.3486,-44.91,-18.3439,25.7409,-4.3446,-44.93,0.492,1
18.7,5.0747,4.1998,3.98,0,0,0.194,0.194,0.194,-14.1365,25.3105,-4.344,-44.89,-17.7699,21.7677,-4.3537,-44.9,-18.3173,25.7099,-4.3451,-44.93,0.4798,1
18.8,5.0751,4.1867,3.9596,0,0,0.197,0.197,0.197,-14.1214,25.2931,-4.3436,-44.89,-17.7601,21.7553,-4.3653,-44.89,-18.2903,25.6792,-4.3452,-44.94,0.4659,1
18.9,5.076,4.1727,3.9367,0,0,0.201,0.201,0.201,-14.1067,25.2756,-4.3433,-44.88,-17.754,21.7455,-4.3821,-44.88,-18.2627,25.649,-4.3451,-44.94,0.4504,1
19.0,5.0779,4.1577,3.9123,0,0,0.204,0.204,0.204,-14.0922,25.2583,-4.3429,-44.88,-17.7509,21.7377,-4.4031,-44.87,-18.2342,25.6196,-4.345,-44.94,0.4335,1
19.1,5.0808,4.1422,3.8868,0,0,0.207,0.207,0.207,-14.0778,25.2418,-4.3424,-44.87,-17.75,21.7314,-4.4273,-44.87,-18.2053,25.5906,-4.3447,-44.94,0.4157,1
19.2,5.0845,4.126,3.8605,0,0,0.21,0.21,0.21,-14.0636,25.2257,-4.3415,-44.85,-17.7507,21.7265,-4.4539,-44.86,-18.1759,25.5619,-4.3441,-44.95,0.3972,1
19.3,5.0886,4.1087,3.8344,0,0,0.213,0.213,0.213,-14.0499,25.2097,-4.3405,-44.83,-17.753,21.7225,-4.4825,-44.86,-18.1458,25.5342,-4.3432,-44.95,0.3783,1
19.4,5.0914,4.0907,3.8109,0,0,0.216,0.216,0.216,-14.037,25.1938,-4.3398,-44.83,-17.7526,21.7169,-4.5063,-44.87,-18.1157,25.5068,-4.3422,-44.96,0.3605,1
19.5,5.0928,4.073,3.79,0,0,0.219,0.219,0.219,-14.0246,25.1788,-4.3394,-44.82,-17.7479,21.7088,-4.5232,-44.88,-18.0866,25.4793,-4.3415,-44.96,0.3444,1
19.6,5.093,4.0559,3.7714,0,0,0.223,0.223,0.223,-14.0127,25.1644,-4.3396,-44.83,-17.7395,21.6986,-4.5338,-44.88,-18.0584,25.4515,-4.3411,-44.96,0.3297,1
19.7,5.0915,4.0388,3.7548,0,0,0.226,0.226,0.226,-14.0017,25.1506,-4.3402,-44.83,-17.7278,21.6866,-4.5394,-44.89,-18.0313,25.4238,-4.3404,-44.95,0.3164,1
19.8,5.089,4.0265,3.7448,0,0,0.229,0.229,0.229,-13.9916,25.1374,-4.3406,-44.83,-17.7138,21.6729,-4.5411,-44.9,-18.0095,25.4003,-4.3345,-44.94,0.3086,1
19.9,5.0858,4.0206,3.7427,0,0,0.232,0.232,0.232,-13.9822,25.125,-4.3408,-44.82,-17.6978,21.658,-4.5402,-44.9,-17.9946,25.3825,-4.3222,-44.93,0.308,1
20.0,5.082,4.0198,3.7475,0,0,0.235,0.235,0.235,-13.9735,25.113,-4.341,-44.82,-17.6801,21.6418,-4.5373,-44.9,-17.985,25.3696,-4.3049,-44.93,0.3133,1
20.1,5.0782,4.023,3.7577,0,0,0.238,0.238,0.238,-13.9653,25.1017,-4.3409,-44.82,-17.6611,21.6244,-4.5327,-44.9,-17.9795,25.3603,-4.2836,-44.93,0.3232,1
20.2,5.0743,4.0292,3.7721,0,0,0.242,0.242,0.242,-13.9572,25.0909,-4.341,-44.82,-17.6407,21.6058,-4.5269,-44.9,-17.977,25.3534,-4.2591,-44.93,0.3368,1
20.3,5.0708,4.0384,3.7893,0,0,0.245,0.245,0.245,-13.9489,25.0803,-4.3413,-44.83,-17.6199,21.5868,-4.52,-44.9,-17.977,25.3483,-4.2323,-44.93,0.3532,1
20.4,5.0682,4.05,3.8084,0,0,0.248,0.248,0.248,-13.9403,25.0702,-4.3416,-44.85,-17.5996,21.5678,-4.512,-44.92,-17.9786,25.3448,-4.2038,-44.93,0.3716,1
20.5,5.0656,4.0574,3.8242,0,0,0.251,0.251,0.251,-13.9319,25.06,-4.3418,-44.85,-17.5797,21.549,-4.5034,-44.95,-17.9765,25.3388,-4.1801,-44.93,0.3858,1
20.6,5.063,4.0582,3.8346,0,0,0.254,0.254,0.254,-13.9238,25.0501,-4.3423,-44.85,-17.5599,21.5302,-4.4946,-44.97,-17.9685,25.3286,-4.1639,-44.94,0.3936,1
20.7,5.0599,4.053,3.8401,0,0,0.257,0.257,0.257,-13.9162,25.0406,-4.3431,-44.84,-17.5398,21.5119,-4.4859,-45.0,-17.9554,25.315,-4.154,-44.94,0.3959,1
20.8,5.0567,4.0434,3.8417,0,0,0.261,0.261,0.261,-13.9088,25.0313,-4.344,-44.84,-17.5196,21.4936,-4.4772,-45.01,-17.9387,25.2983,-4.1488,-44.94,0.3938,1
20.9,5.0539,4.0305,3.8408,0,0,0.264,0.264,0.264,-13.9018,25.022,-4.3443,-44.85,-17.4996,21.4748,-4.4684,-45.01,-17.9193,25.2791,-4.1473,-44.95,0.3884,1
21.0,5.0512,4.0149,3.8376,0,0,0.267,0.267,0.267,-13.8951,25.0126,-4.3444,-44.85,-17.4798,21.4558,-4.4598,-45.01,-17.8977,25.2579,-4.1488,-44.95,0.3803,1
21.1,5.0485,3.9971,3.8325,0,0,0.27,0.27,0.27,-13.8881,25.0033,-4.3443,-44.85,-17.4598,21.4369,-4.4518,-45.01,-17.8739,25.2352,-4.1525,-44.94,0.3701,1
21.2,5.0459,3.9776,3.8263,0,0,0.273,0.273,0.273,-13.8812,24.9942,-4.3443,-44.85,-17.4397,21.4182,-4.4443,-45.0,-17.8485,25.2118,-4.158,-44.95,0.3584,1
21.3,5.0487,3.9597,3.8191,0,0,0.276,0.276,0.276,-13.8717,24.9899,-4.3446,-44.87,-17.4198,21.3994,-4.4368,-45.0,-17.8224,25.1875,-4.1649,-44.95,0.3457,1
21.4,5.0585,3.9447,3.8119,0,0,0.279,0.279,0.279,-13.8589,24.992,-4.3449,-44.88,-17.3999,21.3805,-4.4298,-44.99,-17.7961,25.1631,-4.1727,-44.96,0.3326,1
21.5,5.0737,3.9319,3.8041,0,0,0.283,0.283,0.283,-13.8436,24.9989,-4.3453,-44.9,-17.3801,21.3618,-4.4234,-44.98,-17.7695,25.1381,-4.1808,-44.96,0.3194,1
21.6,5.0929,3.9214,3.7958,0,0,0.286,0.286,0.286,-13.8265,25.0094,-4.3456,-44.9,-17.3605,21.3429,-4.4174,-44.97,-17.7434,25.1125,-4.189,-44.95,0.3066,1
21.7,5.1152,3.9132,3.7868,0,0,0.289,0.289,0.289,-13.8081,25.0224,-4.3455,-44.91,-17.3413,21.324,-4.4116,-44.96,-17.718,25.0859,-4.197,-44.95,0.2944,1
21.8,5.1399,3.9068,3.777,0,0,0.292,0.292,0.292,-13.7888,25.0374,-4.3453,-44.92,-17.3227,21.3055,-4.406,-44.96,-17.6931,25.0589,-4.2052,-44.95,0.2828,1
21.9,5.16,3.901,3.7669,0,0,0.295,0.295,0.295,-13.7698,25.0462,-4.345,-44.93,-17.3046,21.2875,-4.4008,-44.95,-17.6685,25.0321,-4.2135,-44.96,0.2725,1
22.0,5.1738,3.8941,3.7551,0,0,0.298,0.298,0.298,-13.7516,25.0462,-4.3448,-44.94,-17.2899,21.2719,-4.4016,-44.94,-17.6436,25.0059,-4.2217,-44.97,0.2627,1
22.1,5.1827,3.8862,3.7405,0,0,0.301,0.301,0.301,-13.7341,25.0393,-4.3445,-44.94,-17.2796,21.2596,-4.4098,-44.93,-17.6182,24.9804,-4.2301,-44.98,0.2527,1
22.2,5.1876,3.8774,3.7236,0,0,0.304,0.304,0.304,-13.7174,25.0266,-4.3441,-44.94,-17.2729,21.2499,-4.4241,-44.93,-17.5926,24.9551,-4.2384,-44.99,0.2426,1
22.3,5.1892,3.8673,3.7052,0,0,0.307,0.307,0.307,-13.7016,25.0097,-4.3439,-44.94,-17.2686,21.2422,-4.4429,-44.93,-17.5668,24.9301,-4.2461,-45.01,0.2325,1
22.4,5.1882,3.8566,3.6859,0,0,0.31,0.31,0.31,-13.6862,24.9891,-4.3439,-44.94,-17.2663,21.236,-4.4653,-44.94,-17.5408,24.9056,-4.2531,-45.03,0.2228,1
22.5,5.1861,3.8455,3.6663,0,0,0.313,0.313,0.313,-13.671,24.9661,-4.3441,-44.95,-17.2658,21.2308,-4.4905,-44.94,-17.5146,24.8814,-4.2594,-45.03,0.2136,1
22.6,5.184,3.8341,3.6469,0,0,0.316,0.316,0.316,-13.6557,24.9416,-4.3446,-44.95,-17.2665,21.2261,-4.5177,-44.94,-17.4881,24.8574,-4.2653,-45.03,0.2052,1
22.7,5.1803,3.8227,3.6292,0,0,0.319,0.319,0.319,-13.6404,24.9161,-4.3455,-44.96,-17.2648,21.22,-4.5399,-44.94,-17.4616,24.8339,-4.2708,-45.03,0.1974,1
22.8,5.1739,3.8115,3.6137,0,0,0.322,0.322,0.322,-13.625,24.8898,-4.3466,-44.96,-17.2584,21.2123,-4.5544,-44.93,-17.4351,24.8109,-4.2758,-45.03,0.1903,1
22.9,5.1658,3.801,3.6005,0,0,0.325,0.325,0.325,-13.6093,24.863,-4.3478,-44.97,-17.2478,21.2024,-4.5626,-44.92,-17.409,24.7882,-4.2805,-45.02,0.1837,1
23.0,5.1569,3.7906,3.5895,0,0,0.328,0.328,0.328,-13.5935,24.8363,-4.3486,-44.97,-17.2341,21.1904,-4.5658,-44.92,-17.3829,24.7658,-4.2849,-45.01,0.177,1
23.1,5.1474,3.7809,3.5799,0,0,0.33,0.33,0.33,-13.5776,24.8098,-4.3495,-44.96,-17.2179,21.177,-4.5653,-44.92,-17.3574,24.7435,-4.2893,-45.01,0.1705,1
23.2,5.1378,3.7723,3.5714,0,0,0.333,0.333,0.333,-13.5612,24.7833,-4.3505,-44.96,-17.2001,21.1624,-4.5614,-44.93,-17.3326,24.7213,-4.2935,-45.01,0.1642,1
23.3,5.1287,3.765,3.5641,0,0,0.336,0.336,0.336,-13.5444,24.757,-4.3513,-44.96,-17.1812,21.1466,-4.555,-44.94,-17.3085,24.6991,-4.2975,-45.02,0.1582,1
23.4,5.12,3.7582,3.558,0,0,0.339,0.339,0.339,-13.5274,24.7308,-4.352,-44.97,-17.162,21.1299,-4.547,-44.96,-17.2849,24.6773,-4.301,-45.01,0.1523,1
23.5,5.1121,3.7522,3.5528,0,0,0.342,0.342,0.342,-13.5103,24.7051,-4.3524,-44.97,-17.1426,21.1127,-4.5378,-44.98,-17.2618,24.6558,-4.3043,-45.01,0.1466,1
23.6,5.1047,3.7463,3.5478,0,0,0.344,0.344,0.344,-13.4932,24.6802,-4.3526,-44.98,-17.1229,21.0952,-4.528,-45.0,-17.2389,24.6343,-4.3075,-45.01,0.1409,1
23.7,5.0977,3.7405,3.5429,0,0,0.347,0.347,0.347,-13.4761,24.6562,-4.3526,-44.98,-17.1023,21.0772,-4.5179,-45.02,-17.216,24.6122,-4.3109,-45.02,0.1355,1
23.8,5.0911,3.735,3.539,0,0,0.35,0.35,0.35,-13.4587,24.6329,-4.3524,-45.0,-17.081,21.0588,-4.5081,-45.04,-17.1933,24.5907,-4.3139,-45.03,0.1305,1
23.9,5.0854,3.7295,3.5361,0,0,0.352,0.352,0.352,-13.4414,24.6108,-4.3522,-45.01,-17.0594,21.0401,-4.4984,-45.05,-17.1705,24.5698,-4.3167,-45.03,0.1257,1
24.0,5.0803,3.7236,3.5339,0,0,0.355,0.355,0.355,-13.4243,24.5898,-4.3519,-45.0,-17.0375,21.021,-4.489,-45.06,-17.1476,24.5491,-4.3193,-45.04,0.121,1
24.1,5.0754,3.7186,3.5319,0,0,0.278,0.278,0.278,-13.4071,24.5697,-4.3517,-45.0,-17.0147,21.0019,-4.48,-45.06,-17.1254,24.5285,-4.3219,-45.04,0.1173,1
24.2,5.0708,3.7144,3.5299,0,0,0.28,0.28,0.28,-13.388,24.5512,-4.3517,-45.0,-16.9895,20.9836,-4.4712,-45.08,-17.1021,24.5086,-4.3242,-45.05,0.1145,1
24.3,5.0699,3.7105,3.5283,0,0,0.282,0.282,0.282,-13.3663,24.5395,-4.3516,-45.0,-16.9611,20.9661,-4.4629,-45.09,-17.0764,24.4899,-4.3264,-45.05,0.1125,1
24.4,5.0749,3.7072,3.5277,0,0,0.285,0.285,0.285,-13.3419,24.536,-4.3514,-45.01,-16.9305,20.9491,-4.4552,-45.09,-17.0484,24.4725,-4.3284,-45.06,0.1114,1
24.5,5.0855,3.705,3.527,0,0,0.287,0.287,0.287,-13.3152,24.5395,-4.3514,-45.02,-16.8987,20.9325,-4.448,-45.09,-17.0191,24.4554,-4.3304,-45.06,0.1115,1
24.6,5.1008,3.7045,3.5261,0,0,0.289,0.289,0.289,-13.2867,24.5483,-4.3513,-45.02,-16.8666,20.9158,-4.4412,-45.1,-16.9896,24.4381,-4.3323,-45.05,0.1135,1
24.7,5.1204,3.7058,3.5255,0,0,0.291,0.291,0.291,-13.2567,24.561,-4.3509,-45.03,-16.8345,20.8988,-4.4346,-45.11,-16.9599,24.4206,-4.3342,-45.05,0.117,1
24.8,5.1429,3.7083,3.5249,0,0,0.293,0.293,0.293,-13.2258,24.5762,-4.3504,-45.02,-16.8025,20.8816,-4.4282,-45.1,-16.93,24.403,-4.3362,-45.04,0.1327,1
24.9,5.1678,3.7123,3.5243,0,0,0.295,0.295,0.295,-13.1942,24.5934,-4.3498,-45.02,-16.7709,20.864,-4.4219,-45.08,-16.9006,24.3849,-4.338,-45.03,0.1529,1
25.0,5.1951,3.7181,3.5231,0,0,0.297,0.297,0.297,-13.1621,24.6124,-4.349,-45.02,-16.7399,20.8462,-4.416,-45.07,-16.872,24.366,-4.3394,-45.02,0.1756,1
25.1,5.2241,3.7253,3.5219,0,0,0.299,0.299,0.299,-13.1298,24.6326,-4.3485,-45.02,-16.7097,20.8284,-4.4108,-45.07,-16.8442,24.3471,-4.3405,-45.01,0.1999,1
25.2,5.2545,3.734,3.5208,0,0,0.301,0.301,0.301,-13.0975,24.6535,-4.3478,-45.02,-16.6807,20.8107,-4.4059,-45.06,-16.8173,24.3283,-4.3411,-44.99,0.2252,1
25.3,5.2778,3.7408,3.519,0,0,0.303,0.303,0.303,-13.0675,24.6663,-4.347,-45.02,-16.6524,20.7932,-4.4016,-45.05,-16.7912,24.309,-4.3416,-44.98,0.2453,1
25.4,5.2901,3.7432,3.5163,0,0,0.305,0.305,0.305,-13.0408,24.6674,-4.3464,-45.03,-16.6245,20.7765,-4.3977,-45.05,-16.7649,24.2895,-4.3422,-44.97,0.2573,1
25.5,5.2938,3.7414,3.5141,0,0,0.307,0.307,0.307,-13.0169,24.6587,-4.3457,-45.03,-16.5976,20.7598,-4.3939,-45.04,-16.7382,24.2707,-4.3429,-44.97,0.2624,1
25.6,5.2903,3.7352,3.5122,0,0,0.309,0.309,0.309,-12.9963,24.6418,-4.3451,-45.05,-16.5719,20.7431,-4.3904,-45.03,-16.7111,24.2522,-4.3434,-44.96,0.2618,1
25.7,5.2813,3.7269,3.5108,0,0,0.311,0.311,0.311,-12.9777,24.6185,-4.3448,-45.06,-16.5469,20.726,-4.3874,-45.03,-16.6848,24.2339,-4.3438,-44.95,0.2568,1
25.8,5.2678,3.7169,3.5094,0,0,0.313,0.313,0.313,-12.9608,24.5905,-4.3447,-45.06,-16.5222,20.7092,-4.3845,-45.03,-16.6588,24.2157,-4.3442,-44.95,0.2486,1
25.9,5.2512,3.7056,3.5078,0,0,0.314,0.314,0.314,-12.9452,24.5593,-4.3446,-45.07,-16.4978,20.6924,-4.3816,-45.03,-16.6331,24.1974,-4.3448,-44.95,0.2382,1
26.0,5.2332,3.6936,3.5063,0,0,0.316,0.316,0.316,-12.9306,24.5262,-4.3446,-45.07,-16.4738,20.675,-4.3786,-45.03,-16.6078,24.1786,-4.3456,-44.95,0.2269,1
26.1,5.2148,3.6817,3.5055,0,0,0.318,0.318,0.318,-12.9163,24.4916,-4.3447,-45.06,-16.4501,20.6569,-4.3756,-45.03,-16.583,24.1597,-4.3464,-44.95,0.2151,1
26.2,5.1967,3.6705,3.5048,0,0,0.319,0.319,0.319,-12.9018,24.4563,-4.3447,-45.04,-16.4271,20.6383,-4.3727,-45.03,-16.5587,24.1405,-4.3469,-44.94,0.2031,1
26.3,5.1794,3.6606,3.5046,0,0,0.321,0.321,0.321,-12.8872,24.4208,-4.3448,-45.01,-16.4046,20.6191,-4.3698,-45.02,-16.5354,24.1211,-4.3472,-44.93,0.1914,1
26.4,5.1638,3.6519,3.5052,0,0,0.323,0.323,0.323,-12.8718,24.3857,-4.3448,-44.99,-16.3827,20.5991,-4.3673,-45.02,-16.5126,24.1018,-4.3473,-44.93,0.1805,1
26.5,5.1495,3.6429,3.5064,0,0,0.324,0.324,0.324,-12.8566,24.3514,-4.3448,-44.97,-16.3613,20.5786,-4.3654,-45.0,-16.4895,24.0826,-4.3472,-44.93,0.1703,1
26.6,5.1362,3.6339,3.5073,0,0,0.326,0.326,0.326,-12.8413,24.3177,-4.3448,-44.94,-16.3404,20.5578,-4.3638,-45.0,-16.4662,24.0628,-4.347,-44.94,0.1609,1
26.7,5.1241,3.626,3.5078,0,0,0.327,0.327,0.327,-12.8256,24.2847,-4.3447,-44.92,-16.3199,20.537,-4.3625,-45.0,-16.4435,24.0426,-4.347,-44.96,0.1522,1
26.8,5.1141,3.6172,3.508,0,0,0.329,0.329,0.329,-12.8121,24.2566,-4.3442,-44.9,-16.2996,20.5162,-4.3615,-45.0,-16.4216,24.0221,-4.3474,-44.97,0.1469,1
26.9,5.1069,3.6061,3.5086,0,0,0.33,0.33,0.33,-12.8018,24.2348,-4.3437,-44.88,-16.2797,20.4951,-4.3604,-44.99,-16.4004,24.0016,-4.3479,-44.98,0.1459,1
27.0,5.1025,3.5934,3.5092,0,0,0.331,0.331,0.331,-12.7943,24.2186,-4.3433,-44.86,-16.2603,20.4739,-4.3593,-44.99,-16.3799,23.9811,-4.3482,-44.98,0.1492,1
27.1,5.0999,3.5801,3.5095,0,0,0.333,0.333,0.333,-12.7887,24.2064,-4.3428,-44.85,-16.2409,20.4526,-4.3584,-44.99,-16.3603,23.96,-4.3482,-44.97,0.1558,1
27.2,5.0994,3.5663,3.5101,0,0,0.334,0.334,0.334,-12.7845,24.1969,-4.3423,-44.84,-16.2222,20.4306,-4.3578,-45.0,-16.3414,23.9386,-4.3483,-44.95,0.1652,1
27.3,5.1003,3.5521,3.5106,0,0,0.335,0.335,0.335,-12.7816,24.1894,-4.3418,-44.83,-16.2044,20.4083,-4.3573,-45.01,-16.3232,23.9169,-4.3484,-44.94,0.1765,1
27.4,5.102,3.5383,3.5109,0,0,0.336,0.336,0.336,-12.7792,24.1829,-4.3416,-44.82,-16.1871,20.386,-4.357,-45.01,-16.3057,23.895,-4.3487,-44.94,0.1888,1
27.5,5.1032,3.5268,3.5117,0,0,0.337,0.337,0.337,-12.774,24.1729,-4.3418,-44.82,-16.17,20.3636,-4.3564,-45.01,-16.2881,23.8733,-4.3493,-44.93,0.1986,1
27.6,5.1033,3.5187,3.5121,0,0,0.339,0.339,0.339,-12.7648,24.1584,-4.3422,-44.83,-16.1523,20.3416,-4.3558,-45.01,-16.2701,23.8517,-4.3497,-44.92,0.2049,1
27.7,5.1026,3.513,3.5127,0,0,0.34,0.34,0.34,-12.7525,24.1407,-4.3426,-44.83,-16.1345,20.3198,-4.3553,-45.02,-16.2517,23.8306,-4.35,-44.9,0.2084,1
27.8,5.1021,3.5095,3.5133,0,0,0.341,0.341,0.341,-12.738,24.121,-4.3427,-44.83,-16.117,20.2981,-4.3548,-45.02,-16.2337,23.8095,-4.3503,-44.88,0.2101,1
27.9,5.1014,3.5077,3.5141,0,0,0.342,0.342,0.342,-12.7216,24.0995,-4.3427,-44.83,-16.0992,20.2764,-4.3538,-45.02,-16.2155,23.7886,-4.3506,-44.85,0.2104,1
28.0,5.0999,3.5067,3.5145,0,0,0.343,0.343,0.343,-12.7038,24.0761,-4.3429,-44.84,-16.0811,20.2548,-4.3527,-45.02,-16.1968,23.7674,-4.351,-44.83,0.2093,1
28.1,5.0982,3.5064,3.5146,0,0,0.343,0.343,0.343,-12.6847,24.0515,-4.3434,-44.86,-16.0631,20.2335,-4.3517,-45.02,-16.1777,23.7463,-4.3513,-44.83,0.207,1
28.2,5.0966,3.5078,3.5149,0,0,0.344,0.344,0.344,-12.6642,24.0265,-4.3441,-44.88,-16.0448,20.2125,-4.3509,-45.02,-16.1591,23.7256,-4.3517,-44.84,0.2039,1
28.3,5.0953,3.5099,3.5157,0,0,0.345,0.345,0.345,-12.6427,24.0011,-4.3446,-44.9,-16.0264,20.1915,-4.3503,-45.02,-16.1401,23.7054,-4.3519,-44.86,0.2003,1
28.4,5.0943,3.5125,3.5168,0,0,0.346,0.346,0.346,-12.6207,23.9753,-4.3448,-44.91,-16.008,20.1703,-4.3497,-45.02,-16.1212,23.6853,-4.3517,-44.87,0.1963,1
28.5,5.0939,3.5155,3.5184,0,0,0.347,0.347,0.347,-12.5984,23.9494,-4.3447,-44.91,-15.9901,20.1488,-4.3489,-45.02,-16.1024,23.6654,-4.3516,-44.89,0.1921,1
28.6,5.093,3.5191,3.5201,0,0,0.347,0.347,0.347,-12.5762,23.9228,-4.3445,-44.9,-15.972,20.1271,-4.3482,-45.02,-16.0843,23.6454,-4.3516,-44.91,0.1877,1
28.7,5.0922,3.5232,3.5218,0,0,0.348,0.348,0.348,-12.554,23.8963,-4.3446,-44.89,-15.9542,20.1055,-4.3478,-45.01,-16.0668,23.6255,-4.3515,-44.92,0.1831,1
28.8,5.0921,3.5267,3.5244,0,0,0.348,0.348,0.348,-12.5317,23.8699,-4.345,-44.88,-15.9367,20.0836,-4.3472,-45.01,-16.0485,23.6062,-4.3512,-44.92,0.1786,1
28.9,5.0924,3.5294,3.527,0,0,0.349,0.349,0.349,-12.5093,23.8441,-4.3453,-44.86,-15.9193,20.062,-4.347,-45.0,-16.0293,23.5872,-4.3508,-44.92,0.1743,1
29.0,5.0916,3.532,3.5282,0,0,0.349,0.349,0.349,-12.4869,23.8183,-4.3454,-44.84,-15.9016,20.0415,-4.3469,-44.99,-16.0101,23.568,-4.3505,-44.92,0.1698,1
29.1,5.0902,3.5352,3.5288,0,0,0.35,0.35,0.35,-12.4644,23.7926,-4.3457,-44.83,-15.8835,20.0216,-4.3466,-44.98,-15.9912,23.5488,-4.3504,-44.91,0.1651,1
29.2,5.0885,3.5386,3.5291,0,0,0.35,0.35,0.35,-12.4418,23.7667,-4.346,-44.83,-15.8652,20.0018,-4.3462,-44.96,-15.9724,23.5293,-4.3505,-44.91,0.1604,1
29.3,5.087,3.5414,3.5292,0,0,0.351,0.351,0.351,-12.4189,23.7409,-4.3462,-44.84,-15.8467,19.9822,-4.3459,-44.95,-15.9528,23.5098,-4.3504,-44.91,0.1558,1
29.4,5.0861,3.5441,3.5292,0,0,0.351,0.351,0.351,-12.3957,23.7156,-4.3462,-44.86,-15.8286,19.9628,-4.3456,-44.94,-15.9327,23.4904,-4.35,-44.9,0.1513,1
29.5,5.0852,3.5465,3.5285,0,0,0.351,0.351,0.351,-12.3724,23.6911,-4.3463,-44.88,-15.8101,19.9438,-4.3453,-44.94,-15.9121,23.4708,-4.3494,-44.88,0.1473,1
29.6,5.084,3.5494,3.5266,0,0,0.351,0.351,0.351,-12.3491,23.6666,-4.3463,-44.89,-15.7911,19.9251,-4.3454,-44.95,-15.8919,23.4503,-4.349,-44.87,0.1437,1
29.7,5.0829,3.553,3.5245,0,0,0.352,0.352,0.352,-12.3256,23.6422,-4.3465,-44.9,-15.772,19.9062,-4.3456,-44.95,-15.8723,23.4293,-4.3489,-44.87,0.1403,1
29.8,5.0822,3.5575,3.5225,0,0,0.352,0.352,0.352,-12.302,23.6178,-4.3468,-44.92,-15.7532,19.8871,-4.3459,-44.94,-15.8534,23.4081,-4.3489,-44.88,0.1369,1
29.9,5.0813,3.5622,3.52,0,0,0.352,0.352,0.352,-12.2786,23.5931,-4.3469,-44.93,-15.7346,19.8681,-4.3463,-44.94,-15.8348,23.3866,-4.3488,-44.88,0.1335,1
30.0,5.0792,3.5664,3.5166,0,0,0.352,0.352,0.352,-12.2558,23.5679,-4.3472,-44.94,-15.7161,19.8497,-4.3466,-44.92,-15.8164,23.3649,-4.349,-44.9,0.1296,1
30.1,5.0766,3.5704,3.5127,0,0,0.277,0.277,0.277,-12.2336,23.5425,-4.3476,-44.94,-15.6978,19.8315,-4.3465,-44.92,-15.7983,23.3428,-4.3493,-44.9,0.1258,1
30.2,5.0742,3.5745,3.5084,0,0,0.277,0.277,0.277,-12.2117,23.5179,-4.3478,-44.94,-15.6799,19.814,-4.3465,-44.93,-15.7808,23.3209,-4.3496,-44.91,0.1223,1
30.3,5.072,3.5786,3.5035,0,0,0.277,0.277,0.277,-12.1902,23.4947,-4.3478,-44.94,-15.6624,19.7975,-4.3468,-44.95,-15.7635,23.2995,-4.3495,-44.91,0.1192,1
30.4,5.0702,3.5824,3.4987,0,0,0.277,0.277,0.277,-12.1689,23.4726,-4.3476,-44.94,-15.6453,19.7819,-4.3473,-44.96,-15.746,23.2791,-4.3493,-44.92,0.1164,1
30.5,5.0689,3.586,3.4942,0,0,0.276,0.276,0.276,-12.1477,23.4518,-4.3476,-44.94,-15.6283,19.7668,-4.3473,-44.96,-15.7286,23.2596,-4.3492,-44.93,0.114,1
30.6,5.0676,3.5894,3.4905,0,0,0.276,0.276,0.276,-12.1267,23.4315,-4.3472,-44.93,-15.6112,19.752,-4.347,-44.95,-15.711,23.241,-4.3492,-44.93,0.1115,1
30.7,5.0665,3.5923,3.4872,0,0,0.276,0.276,0.276,-12.1059,23.4114,-4.347,-44.93,-15.5943,19.7371,-4.3467,-44.96,-15.6932,23.2228,-4.3492,-44.94,0.1091,1
30.8,5.0661,3.5949,3.4842,0,0,0.276,0.276,0.276,-12.0852,23.3918,-4.3468,-44.93,-15.5778,19.7221,-4.346,-44.96,-15.6753,23.2049,-4.3494,-44.95,0.1071,1
30.9,5.0661,3.5968,3.4814,0,0,0.275,0.275,0.275,-12.0647,23.3726,-4.3465,-44.93,-15.5614,19.7067,-4.3451,-44.97,-15.6567,23.1869,-4.3495,-44.95,0.1055,1
31.0,5.0661,3.5986,3.4787,0,0,0.275,0.275,0.275,-12.044,23.3534,-4.346,-44.93,-15.5447,19.6914,-4.3445,-44.98,-15.6378,23.1689,-4.3493,-44.96,0.1039,1
31.1,5.0657,3.6004,3.4761,0,0,0.274,0.274,0.274,-12.0233,23.3339,-4.3456,-44.92,-15.5278,19.6761,-4.3443,-44.98,-15.6191,23.151,-4.3487,-44.97,0.1022,1
31.2,5.0652,3.6029,3.4734,0,0,0.274,0.274,0.274,-12.0024,23.3146,-4.3453,-44.92,-15.5104,19.6608,-4.3444,-44.98,-15.6007,23.1331,-4.3482,-44.96,0.1006,1
31.3,5.0643,3.606,3.4712,0,0,0.273,0.273,0.273,-11.9812,23.2957,-4.3451,-44.91,-15.4919,19.6458,-4.3446,-44.97,-15.5827,23.1159,-4.3474,-44.96,0.099,1
31.4,5.063,3.6098,3.4698,0,0,0.272,0.272,0.272,-11.9596,23.2766,-4.3451,-44.91,-15.4725,19.6305,-4.3448,-44.96,-15.565,23.0991,-4.3465,-44.98,0.0978,1
31.5,5.0615,3.614,3.469,0,0,0.272,0.272,0.272,-11.938,23.2571,-4.3452,-44.91,-15.4528,19.6149,-4.3449,-44.95,-15.5478,23.0826,-4.3459,-45.0,0.0985,1
31.6,5.06,3.6186,3.4682,0,0,0.271,0.271,0.271,-11.9164,23.2373,-4.3455,-44.9,-15.4331,19.5991,-4.3451,-44.96,-15.5309,23.0659,-4.3452,-45.01,0.0994,1
31.7,5.0587,3.6229,3.4672,0,0,0.27,0.27,0.27,-11.8951,23.2177,-4.346,-44.9,-15.4136,19.583,-4.3453,-44.98,-15.5141,23.0488,-4.3448,-45.02,0.1005,1
31.8,5.0575,3.6268,3.4665,0,0,0.269,0.269,0.269,-11.8741,23.1979,-4.3464,-44.91,-15.394,19.5663,-4.3455,-44.99,-15.4971,23.0313,-4.3446,-45.03,0.1014,1
31.9,5.0558,3.6296,3.4657,0,0,0.268,0.268,0.268,-11.8536,23.1774,-4.3468,-44.92,-15.3747,19.5494,-4.3453,-45.0,-15.4794,23.0136,-4.3444,-45.03,0.1019,1
32.0,5.0541,3.6315,3.4662,0,0,0.268,0.268,0.268,-11.8333,23.1565,-4.3471,-44.93,-15.3554,19.5317,-4.3448,-45.0,-15.4612,22.9963,-4.3442,-45.04,0.1015,1
32.1,5.0534,3.6332,3.4674,0,0,0.267,0.267,0.267,-11.813,23.1355,-4.3473,-44.93,-15.3364,19.5131,-4.3439,-45.0,-15.4428,22.9789,-4.3442,-45.04,0.1008,1
32.2,5.0527,3.6344,3.4689,0,0,0.266,0.266,0.266,-11.7928,23.1145,-4.3473,-44.94,-15.3175,19.4943,-4.3433,-44.99,-15.4239,22.9615,-4.3442,-45.05,0.0999,1
32.3,5.0517,3.6353,3.4699,0,0,0.265,0.265,0.265,-11.7724,23.0933,-4.3469,-44.95,-15.2982,19.4755,-4.3428,-44.98,-15.4045,22.9437,-4.344,-45.05,0.099,1
32.4,5.0507,3.6357,3.4707,0,0,0.263,0.263,0.263,-11.7517,23.0718,-4.3462,-44.97,-15.2785,19.4564,-4.3423,-44.98,-15.3845,22.9255,-4.3437,-45.05,0.0981,1
32.5,5.0497,3.6358,3.4716,0,0,0.262,0.262,0.262,-11.731,23.0501,-4.3455,-44.99,-15.2589,19.4372,-4.3425,-44.99,-15.364,22.9072,-4.3433,-45.05,0.0969,1
32.6,5.0484,3.6362,3.4721,0,0,0.261,0.261,0.261,-11.7102,23.0285,-4.3451,-45.01,-15.239,19.4182,-4.3433,-44.99,-15.3437,22.8887,-4.3428,-45.07,0.0961,1
32.7,5.0468,3.6365,3.4726,0,0,0.26,0.26,0.26,-11.6893,23.0073,-4.3447,-45.03,-15.2183,19.3994,-4.3442,-44.98,-15.3233,22.8704,-4.3426,-45.08,0.0954,1
32.8,5.0449,3.6365,3.4728,0,0,0.259,0.259,0.259,-11.6689,22.9869,-4.3444,-45.04,-15.1968,19.3807,-4.3449,-44.97,-15.3029,22.8519,-4.3426,-45.08,0.0952,1
32.9,5.0433,3.6362,3.4732,0,0,0.257,0.257,0.257,-11.6488,22.9668,-4.3441,-45.04,-15.1757,19.3618,-4.3454,-44.97,-15.2826,22.8334,-4.3424,-45.08,0.0949,1
33.0,5.042,3.636,3.4742,0,0,0.256,0.256,0.256,-11.629,22.9471,-4.3435,-45.03,-15.1547,19.3428,-4.346,-44.98,-15.2625,22.8153,-4.3419,-45.08,0.0945,1
33.1,5.0411,3.6363,3.4755,0,0,0.255,0.255,0.255,-11.6088,22.9277,-4.3432,-45.03,-15.1334,19.3236,-4.3466,-44.98,-15.2428,22.7973,-4.3413,-45.07,0.0944,1
33.2,5.0402,3.6366,3.4773,0,0,0.253,0.253,0.253,-11.589,22.9077,-4.3431,-45.02,-15.1126,19.3038,-4.3469,-44.98,-15.2233,22.7793,-4.3408,-45.06,0.094,1
33.3,5.0401,3.6371,3.4796,0,0,0.252,0.252,0.252,-11.569,22.8878,-4.3431,-45.03,-15.0922,19.2836,-4.3468,-45.0,-15.2039,22.7614,-4.3404,-45.05,0.0934,1
33.4,5.0408,3.6382,3.4818,0,0,0.25,0.25,0.25,-11.5484,22.8681,-4.3433,-45.04,-15.0721,19.2634,-4.3466,-45.02,-15.1845,22.7434,-4.3401,-45.04,0.0931,1
33.5,5.0418,3.6397,3.4836,0,0,0.249,0.249,0.249,-11.5275,22.8486,-4.3437,-45.05,-15.0522,19.2436,-4.3461,-45.04,-15.1651,22.7253,-4.3396,-45.03,0.0929,1
33.6,5.0424,3.6411,3.4844,0,0,0.247,0.247,0.247,-11.5063,22.8291,-4.344,-45.06,-15.032,19.2242,-4.3456,-45.05,-15.1454,22.7067,-4.3393,-45.03,0.0931,1
33.7,5.0423,3.6423,3.484,0,0,0.245,0.245,0.245,-11.4849,22.8091,-4.3442,-45.07,-15.0114,19.2052,-4.345,-45.05,-15.1252,22.6873,-4.3391,-45.02,0.0934,1
33.8,5.0418,3.6434,3.4834,0,0,0.244,0.244,0.244,-11.4636,22.7883,-4.3449,-45.09,-14.9913,19.1861,-4.3446,-45.05,-15.105,22.6676,-4.3391,-45.02,0.0936,1
33.9,5.0413,3.6445,3.4827,0,0,0.242,0.242,0.242,-11.4427,22.7671,-4.3455,-45.1,-14.9717,19.1669,-4.3446,-45.07,-15.0853,22.6477,-4.3396,-45.01,0.0937,1
34.0,5.0411,3.6459,3.4821,0,0,0.24,0.24,0.24,-11.4218,22.7462,-4.3458,-45.12,-14.952,19.1476,-4.345,-45.07,-15.0657,22.6278,-4.3401,-45.01,0.0941,1
34.1,5.0407,3.6468,3.4817,0,0,0.238,0.238,0.238,-11.4009,22.7255,-4.3459,-45.12,-14.9321,19.1284,-4.3458,-45.08,-15.0459,22.6083,-4.3406,-45.02,0.0941,1
34.2,5.0406,3.6474,3.4824,0,0,0.237,0.237,0.237,-11.3801,22.7048,-4.3456,-45.11,-14.9124,19.109,-4.3469,-45.07,-15.0257,22.5895,-4.3408,-45.02,0.0937,1
34.3,5.0413,3.6481,3.4835,0,0,0.235,0.235,0.235,-11.3593,22.6848,-4.3453,-45.1,-14.8928,19.0892,-4.3477,-45.06,-15.0056,22.5708,-4.3408,-45.03,0.0933,1
34.4,5.0424,3.6491,3.4852,0,0,0.233,0.233,0.233,-11.3385,22.665,-4.3448,-45.09,-14.8731,19.0689,-4.348,-45.05,-14.9858,22.5523,-4.3411,-45.02,0.0929,1
34.5,5.044,3.6497,3.4874,0,0,0.231,0.231,0.231,-11.3179,22.6449,-4.3441,-45.07,-14.8539,19.0478,-4.3481,-45.03,-14.9659,22.5334,-4.341,-45.01,0.0923,1
34.6,5.0449,3.6505,3.4893,0,0,0.229,0.229,0.229,-11.2977,22.6247,-4.343,-45.05,-14.8342,19.0269,-4.3482,-45.01,-14.9466,22.5143,-4.3408,-45.0,0.092,1
34.7,5.0457,3.6517,3.491,0,0,0.227,0.227,0.227,-11.2771,22.6043,-4.3423,-45.04,-14.8145,19.0062,-4.3481,-44.98,-14.9272,22.4953,-4.3409,-45.0,0.0918,1
34.8,5.046,3.6522,3.4926,0,0,0.225,0.225,0.225,-11.2569,22.5833,-4.3416,-45.03,-14.7949,18.9854,-4.3479,-44.95,-14.9075,22.4761,-4.341,-45.01,0.0913,1
34.9,5.0461,3.6522,3.4937,0,0,0.223,0.223,0.223,-11.2369,22.5617,-4.3408,-45.02,-14.776,18.9647,-4.3477,-44.93,-14.8876,22.4566,-4.341,-45.01,0.0904,1
35.0,5.0465,3.6529,3.4946,0,0,0.221,0.221,0.221,-11.2165,22.5401,-4.3401,-45.02,-14.7571,18.9441,-4.3473,-44.92,-14.868,22.4369,-4.3408,-45.01,0.0899,1
35.1,5.0467,3.6541,3.4953,0,0,0.219,0.219,0.219,-11.1957,22.5185,-4.3392,-45.03,-14.7378,18.9237,-4.3466,-44.9,-14.8484,22.4173,-4.3407,-45.01,0.0897,1
35.2,5.0472,3.6568,3.4957,0,0,0.217,0.217,0.217,-11.1731,22.4961,-4.338,-44.73,-14.7184,18.9037,-4.3459,-44.88,-14.8287,22.3977,-4.3408,-45.01,0.0898,1
35.3,5.0487,3.6624,3.4959,0,0,0.214,0.214,0.214,-11.1482,22.4724,-4.3367,-43.99,-14.6994,18.8838,-4.3451,-44.86,-14.8094,22.378,-4.3411,-45.0,0.0907,1
35.4,5.0501,3.6703,3.4958,0,0,0.212,0.212,0.212,-11.1214,22.4481,-4.3352,-42.83,-14.6797,18.8645,-4.3444,-44.85,-14.7907,22.3585,-4.3414,-44.98,0.0926,1
35.5,5.051,3.6794,3.4957,0,0,0.21,0.21,0.21,-11.0938,22.4236,-4.3332,-41.35,-14.6592,18.8458,-4.344,-44.83,-14.7722,22.3397,-4.3417,-44.96,0.095,1
35.6,5.0516,3.6883,3.4958,0,0,0.208,0.208,0.208,-11.0657,22.3988,-4.331,-39.64,-14.6382,18.8272,-4.3438,-44.8,-14.7532,22.3211,-4.3418,-44.93,0.0975,1
35.7,5.0521,3.697,3.4953,0,0,0.205,0.205,0.205,-11.0374,22.3736,-4.329,-37.79,-14.6172,18.8086,-4.3438,-44.78,-14.7338,22.302,-4.3417,-44.92,0.1,1
35.8,5.0519,3.7062,3.4938,0,0,0.203,0.203,0.203,-11.0093,22.3481,-4.327,-35.89,-14.5961,18.7905,-4.3437,-44.77,-14.7148,22.2823,-4.3417,-44.9,0.103,1
35.9,5.0508,3.7157,3.4917,0,0,0.201,0.201,0.201,-10.9815,22.3222,-4.3251,-33.96,-14.5749,18.7728,-4.3435,-44.78,-14.6967,22.2624,-4.342,-44.87,0.1066,1
36.0,5.0488,3.7243,3.4898,0,0,0.199,0.199,0.199,-10.9545,22.2962,-4.3232,-32.05,-14.5536,18.7555,-4.3431,-44.8,-14.6783,22.2431,-4.3425,-44.84,0.1098,1
36.1,5.0471,3.7314,3.4896,0,0,0.303,0.303,0.303,-10.9282,22.2701,-4.3213,-30.19,-14.5328,18.7374,-4.3429,-44.82,-14.6593,22.2247,-4.3431,-44.83,0.112,1
36.2,5.0458,3.7374,3.4904,0,0,0.301,0.301,0.301,-10.9032,22.2428,-4.3193,-28.39,-14.513,18.7173,-4.3431,-44.84,-14.6403,22.2054,-4.3435,-44.82,0.1135,1
36.3,5.0447,3.7429,3.4919,0,0,0.298,0.298,0.298,-10.8793,22.2138,-4.3173,-26.63,-14.4942,18.6951,-4.3435,-44.85,-14.622,22.1847,-4.344,-44.82,0.1148,1
36.4,5.044,3.7486,3.4941,0,0,0.295,0.295,0.295,-10.8563,22.1836,-4.3153,-24.93,-14.4763,18.6713,-4.3434,-44.85,-14.6047,22.163,-4.3447,-44.83,0.1162,1
36.5,5.0431,3.7545,3.4961,0,0,0.293,0.293,0.293,-10.8337,22.1526,-4.3134,-23.29,-14.4589,18.6469,-4.3432,-44.87,-14.588,22.1406,-4.3454,-44.83,0.1179,1
36.6,5.0427,3.7603,3.4982,0,0,0.29,0.29,0.29,-10.8112,22.1212,-4.312,-21.72,-14.4421,18.6219,-4.3431,-44.88,-14.5713,22.1177,-4.3463,-44.85,0.1195,1
36.7,5.0424,3.7658,3.5,0,0,0.287,0.287,0.287,-10.7888,22.0893,-4.3109,-20.2,-14.4257,18.5968,-4.3426,-44.9,-14.5544,22.0945,-4.3473,-44.86,0.1209,1
36.8,5.0416,3.7709,3.5014,0,0,0.284,0.284,0.284,-10.7667,22.0574,-4.31,-18.75,-14.4092,18.5719,-4.3423,-44.91,-14.5374,22.0709,-4.3478,-44.87,0.1222,1
36.9,5.0404,3.7756,3.5027,0,0,0.282,0.282,0.282,-10.7449,22.0252,-4.3093,-17.38,-14.3926,18.5468,-4.3422,-44.92,-14.5203,22.0472,-4.3478,-44.87,0.1234,1
37.0,5.0382,3.7792,3.5043,0,0,0.279,0.279,0.279,-10.7235,21.9925,-4.3085,-16.08,-14.376,18.5224,-4.3423,-44.92,-14.5024,22.0245,-4.3476,-44.88,0.1267,1
37.1,5.0351,3.7818,3.506,0,0,0.276,0.276,0.276,-10.7022,21.9599,-4.3078,-14.83,-14.3589,18.4986,-4.3424,-44.92,-14.4836,22.0024,-4.3474,-44.88,0.1307,1
37.2,5.0313,3.7839,3.5068,0,0,0.273,0.273,0.273,-10.6808,21.9274,-4.3071,-13.65,-14.3409,18.4753,-4.3423,-44.93,-14.4641,21.9799,-4.3475,-44.88,0.1345,1
37.3,5.0273,3.7856,3.5072,0,0,0.27,0.27,0.27,-10.6593,21.8949,-4.3063,-12.52,-14.3226,18.4522,-4.3421,-44.93,-14.4441,21.9573,-4.3478,-44.88,0.1383,1
37.4,5.0224,3.7864,3.5069,0,0,0.267,0.267,0.267,-10.6382,21.8623,-4.3054,-11.45,-14.3041,18.4294,-4.342,-44.92,-14.4237,21.9342,-4.3481,-44.87,0.1419,1
37.5,5.0171,3.7872,3.506,0,0,0.264,0.264,0.264,-10.6175,21.8298,-4.3045,-10.43,-14.2854,18.4069,-4.342,-44.92,-14.4035,21.9109,-4.3483,-44.87,0.1456,1
37.6,5.0117,3.7882,3.505,0,0,0.261,0.261,0.261,-10.5966,21.7973,-4.3034,-9.46,-14.2668,18.3848,-4.3419,-44.92,-14.3835,21.8878,-4.3485,-44.86,0.1496,1
37.7,5.0064,3.7893,3.504,0,0,0.258,0.258,0.258,-10.5757,21.765,-4.3024,-8.53,-14.2482,18.3627,-4.342,-44.92,-14.3634,21.8647,-4.3485,-44.86,0.1538,1
37.8,5.0016,3.7901,3.5032,0,0,0.255,0.255,0.255,-10.5548,21.7329,-4.3016,-7.65,-14.2298,18.3404,-4.3423,-44.93,-14.343,21.8418,-4.3486,-44.86,0.1581,1
37.9,4.9965,3.791,3.5018,0,0,0.253,0.253,0.253,-10.5338,21.7007,-4.3009,-6.83,-14.2114,18.3186,-4.3427,-44.94,-14.3226,21.8186,-4.3489,-44.87,0.1626,1
38.0,4.9912,3.7918,3.4994,0,0,0.25,0.25,0.25,-10.5128,21.6685,-4.3002,-6.04,-14.1933,18.2974,-4.3431,-44.96,-14.3022,21.7951,-4.3492,-44.88,0.1674,1
38.1,4.986,3.7924,3.4973,0,0,0.246,0.246,0.246,-10.492,21.6365,-4.2995,-5.3,-14.1754,18.2764,-4.3438,-44.97,-14.2816,21.7721,-4.3494,-44.9,0.1723,1
38.2,4.981,3.7924,3.4954,0,0,0.243,0.243,0.243,-10.4711,21.6046,-4.2989,-4.59,-14.1575,18.2551,-4.3443,-44.99,-14.2604,21.749,-4.3496,-44.93,0.177,1
38.3,4.9755,3.7919,3.4933,0,0,0.24,0.24,0.24,-10.4503,21.573,-4.2981,-3.93,-14.1389,18.2342,-4.3448,-45.01,-14.2388,21.726,-4.3498,-44.95,0.1816,1
38.4,4.9692,3.7915,3.4914,0,0,0.237,0.237,0.237,-10.4295,21.5414,-4.2977,-3.31,-14.1195,18.2135,-4.3451,-45.02,-14.2172,21.7036,-4.3498,-44.96,0.1862,1
38.5,4.9623,3.7912,3.49,0,0,0.234,0.234,0.234,-10.4085,21.5096,-4.2976,-2.71,-14.0993,18.193,-4.3454,-45.04,-14.1954,21.6817,-4.3495,-44.97,0.1909,1
38.6,4.9551,3.7911,3.4889,0,0,0.231,0.231,0.231,-10.3871,21.4777,-4.2971,-2.14,-14.0785,18.1726,-4.3453,-45.04,-14.1734,21.6603,-4.3489,-44.98,0.1961,1
38.7,4.9474,3.7911,3.4881,0,0,0.228,0.228,0.228,-10.365,21.4461,-4.2964,-1.59,-14.057,18.1531,-4.3449,-45.06,-14.1508,21.6399,-4.3481,-44.97,0.2016,1
38.8,4.9395,3.7913,3.4872,0,0,0.225,0.225,0.225,-10.3428,21.4148,-4.2958,-1.06,-14.0351,18.1341,-4.3444,-45.08,-14.1282,21.62,-4.3471,-44.98,0.2074,1
38.9,4.9316,3.7922,3.4857,0,0,0.222,0.222,0.222,-10.3203,21.3836,-4.2956,-0.57,-14.0131,18.1154,-4.3442,-45.09,-14.106,21.5999,-4.3458,-44.99,0.2133,1
39.0,4.9236,3.7932,3.4845,0,0,0.219,0.219,0.219,-10.2975,21.3521,-4.2957,-0.1,-13.9911,18.0968,-4.3441,-45.09,-14.0836,21.5801,-4.3443,-44.99,0.2198,1
39.1,4.9158,3.7942,3.4842,0,0,0.216,0.216,0.216,-10.2746,21.3202,-4.2958,0.34,-13.969,18.0777,-4.3439,-45.1,-14.0609,21.5606,-4.3427,-44.99,0.2264,1
39.2,4.9083,3.7951,3.4847,0,0,0.213,0.213,0.213,-10.2516,21.2882,-4.2959,0.75,-13.9467,18.0578,-4.3438,-45.11,-14.038,21.5412,-4.3413,-45.0,0.233,1
39.3,4.9015,3.7971,3.485,0,0,0.21,0.21,0.21,-10.2283,21.2563,-4.2961,1.15,-13.9245,18.0375,-4.344,-45.11,-14.0159,21.5213,-4.3402,-45.01,0.2398,1
39.4,4.8946,3.7997,3.4849,0,0,0.206,0.206,0.206,-10.2048,21.2246,-4.2965,1.52,-13.9016,18.017,-4.3442,-45.1,-13.9942,21.5007,-4.3393,-45.02,0.2462,1
39.5,4.8924,3.8021,3.4841,0,0,0.203,0.203,0.203,-10.1807,21.1994,-4.2974,1.87,-13.8789,17.9967,-4.3443,-45.1,-13.9723,21.4796,-4.3384,-45.03,0.2492,1
39.6,4.8965,3.8042,3.4832,0,0,0.2,0.2,0.2,-10.156,21.1827,-4.2982,2.21,-13.8566,17.9766,-4.3441,-45.11,-13.9499,21.4586,-4.3379,-45.04,0.2479,1
39.7,4.9058,3.8045,3.4815,0,0,0.197,0.197,0.197,-10.1308,21.1728,-4.2986,2.53,-13.8346,17.9563,-4.3442,-45.12,-13.9259,21.4366,-4.3373,-44.73,0.2426,1
39.8,4.9183,3.803,3.4783,0,0,0.194,0.194,0.194,-10.1051,21.1681,-4.2991,2.82,-13.8122,17.9362,-4.3445,-45.12,-13.8999,21.4134,-4.336,-43.98,0.2343,1
39.9,4.9336,3.8004,3.4742,0,0,0.191,0.191,0.191,-10.0789,21.1672,-4.2994,3.11,-13.7896,17.9161,-4.3446,-45.13,-13.8726,21.3893,-4.3344,-42.81,0.2238,1
40.0,4.951,3.7973,3.4692,0,0,0.188,0.188,0.188,-10.0523,21.1693,-4.2996,3.39,-13.7668,17.8962,-4.3445,-45.13,-13.8444,21.3645,-4.3324,-41.32,0.2122,1
40.1,4.9701,3.7938,3.4636,0,0,0.185,0.185,0.185,-10.0255,21.1738,-4.2996,3.65,-13.7441,17.8766,-4.3445,-45.13,-13.8155,21.3394,-4.3303,-39.61,0.2001,1
40.2,4.9905,3.7902,3.4571,0,0,0.182,0.182,0.182,-9.9984,21.1803,-4.2995,3.9,-13.7218,17.8577,-4.3445,-45.14,-13.7862,21.3142,-4.3281,-37.77,0.1884,1
40.3,5.0116,3.7872,3.4501,0,0,0.179,0.179,0.179,-9.971,21.1881,-4.2996,4.14,-13.6992,17.8392,-4.3443,-45.14,-13.7568,21.2888,-4.3259,-35.87,0.1776,1
40.4,5.0336,3.7849,3.4435,0,0,0.176,0.176,0.176,-9.9435,21.1966,-4.2997,4.37,-13.6766,17.8205,-4.344,-45.14,-13.7277,21.2636,-4.3237,-33.94,0.1684,1
40.5,5.0563,3.7834,3.4371,0,0,0.172,0.172,0.172,-9.916,21.2058,-4.2995,4.59,-13.6546,17.8018,-4.3436,-45.13,-13.6992,21.2385,-4.322,-32.02,0.1615,1
40.6,5.0792,3.7826,3.4305,0,0,0.169,0.169,0.169,-9.8886,21.2155,-4.2994,4.8,-13.6324,17.7833,-4.3433,-45.12,-13.6712,21.2135,-4.3204,-30.15,0.1569,1
40.7,5.1023,3.7825,3.424,0,0,0.166,0.166,0.166,-9.8615,21.2256,-4.2989,4.99,-13.6102,17.7646,-4.3433,-45.11,-13.6438,21.1884,-4.3188,-28.32,0.1553,1
40.8,5.1262,3.7836,3.4174,0,0,0.163,0.163,0.163,-9.8344,21.2355,-4.2984,5.18,-13.5891,17.7458,-4.3437,-45.1,-13.6173,21.163,-4.3173,-26.57,0.1572,1
40.9,5.1508,3.7858,3.4109,0,0,0.16,0.16,0.16,-9.8071,21.2453,-4.2976,5.36,-13.5683,17.7265,-4.3438,-45.09,-13.5913,21.1373,-4.3157,-24.87,0.1624,1
41.0,5.176,3.7891,3.4045,0,0,0.157,0.157,0.157,-9.7792,21.2549,-4.2965,5.52,-13.5477,17.7071,-4.3439,-45.08,-13.5656,21.1114,-4.314,-23.25,0.1708,1
41.1,5.2014,3.7933,3.3978,0,0,0.154,0.154,0.154,-9.7511,21.2647,-4.2953,5.68,-13.5271,17.6877,-4.3442,-45.07,-13.5401,21.0854,-4.3125,-21.69,0.1817,1
41.2,5.227,3.7982,3.3906,0,0,0.151,0.151,0.151,-9.7228,21.2748,-4.2946,5.82,-13.5063,17.6687,-4.3446,-45.05,-13.5148,21.0592,-4.3111,-20.19,0.1946,1
41.3,5.2525,3.8038,3.3832,0,0,0.148,0.148,0.148,-9.6947,21.2849,-4.2945,5.96,-13.4858,17.6498,-4.345,-45.04,-13.4901,21.0328,-4.3099,-18.76,0.2091,1
41.4,5.2775,3.8101,3.3751,0,0,0.145,0.145,0.145,-9.6666,21.2949,-4.2945,6.08,-13.465,17.6313,-4.3454,-45.04,-13.4657,21.0061,-4.309,-17.39,0.2249,1
41.5,5.3017,3.8167,3.3663,0,0,0.142,0.142,0.142,-9.6387,21.3049,-4.2948,6.21,-13.4434,17.6131,-4.3459,-45.04,-13.4414,20.9793,-4.3079,-16.08,0.2413,1
41.6,5.3256,3.8241,3.3575,0,0,0.14,0.14,0.14,-9.6105,21.3148,-4.2952,6.33,-13.4214,17.595,-4.3466,-45.05,-13.4174,20.9523,-4.3066,-14.84,0.2586,1
41.7,5.3497,3.8322,3.3487,0,0,0.137,0.137,0.137,-9.5821,21.3244,-4.2959,6.44,-13.3994,17.5766,-4.3471,-45.07,-13.3935,20.9251,-4.3051,-13.67,0.2766,1
41.8,5.374,3.8413,3.3401,0,0,0.134,0.134,0.134,-9.5535,21.3338,-4.2967,6.55,-13.3773,17.558,-4.3473,-45.08,-13.37,20.8978,-4.3037,-12.55,0.2953,1
41.9,5.3985,3.851,3.3314,0,0,0.131,0.131,0.131,-9.5247,21.343,-4.2975,6.66,-13.355,17.5391,-4.3474,-45.09,-13.3466,20.8702,-4.3022,-11.49,0.3145,1
42.0,5.4226,3.8612,3.3224,0,0,0.128,0.128,0.128,-9.4959,21.3521,-4.2982,6.76,-13.3324,17.5202,-4.3471,-45.09,-13.3233,20.8422,-4.3007,-10.49,0.334,1
42.1,5.4469,3.872,3.3131,0,0,0.047,0.047,0.047,-9.4669,21.3614,-4.2985,6.86,-13.3097,17.5013,-4.3471,-45.1,-13.3001,20.8141,-4.2996,-9.53,0.3541,1
42.2,5.4716,3.8835,3.3037,0,0,0.049,0.049,0.049,-9.4379,21.3718,-4.2984,6.95,-13.2869,17.4833,-4.3469,-45.11,-13.277,20.7866,-4.2987,-8.63,0.3747,1
42.3,5.4961,3.8955,3.2937,0,0,0.05,0.05,0.05,-9.4085,21.3837,-4.2982,7.05,-13.2633,17.4664,-4.3469,-45.12,-13.2537,20.7597,-4.2983,-7.76,0.3958,1
42.4,5.5205,3.9077,3.283,0,0,0.052,0.052,0.052,-9.3792,21.3968,-4.2985,7.14,-13.2392,17.4505,-4.3471,-45.11,-13.2301,20.7331,-4.2978,-6.94,0.4172,1
42.5,5.5447,3.9199,3.2717,0,0,0.054,0.054,0.054,-9.3499,21.4105,-4.2987,7.24,-13.215,17.4352,-4.3476,-45.11,-13.2061,20.7065,-4.2973,-6.15,0.4388,1
42.6,5.569,3.9323,3.2601,0,0,0.056,0.056,0.056,-9.3207,21.4249,-4.2987,7.33,-13.1905,17.4203,-4.3482,-45.1,-13.1818,20.68,-4.297,-5.41,0.4608,1
42.7,5.5932,3.945,3.2486,0,0,0.058,0.058,0.058,-9.2914,21.4395,-4.2988,7.42,-13.1657,17.4057,-4.3487,-45.1,-13.1574,20.6539,-4.2968,-4.71,0.4829,1
42.8,5.6172,3.9582,3.2369,0,0,0.06,0.06,0.06,-9.2621,21.4541,-4.2992,7.5,-13.1413,17.3918,-4.3488,-45.1,-13.1332,20.6283,-4.2967,-4.04,0.5048,1
42.9,5.6413,3.9721,3.2251,0,0,0.062,0.062,0.062,-9.2327,21.4686,-4.2998,7.56,-13.1173,17.3782,-4.349,-45.1,-13.1093,20.6028,-4.2966,-3.41,0.5267,1
43.0,5.6661,3.9867,3.2134,0,0,0.064,0.064,0.064,-9.2031,21.4834,-4.2999,7.64,-13.0941,17.3648,-4.3489,-45.09,-13.0856,20.5777,-4.2967,-2.81,0.5489,1
43.1,5.6909,4.0013,3.2017,0,0,0.066,0.066,0.066,-9.1734,21.4976,-4.2996,7.71,-13.0713,17.3515,-4.3487,-45.1,-13.0616,20.5527,-4.2971,-2.23,0.5708,1
43.2,5.7155,4.0162,3.1899,0,0,0.068,0.068,0.068,-9.1436,21.5115,-4.2991,7.77,-13.0485,17.3381,-4.3486,-45.1,-13.0375,20.5276,-4.2976,-1.69,0.5927,1
43.3,5.7396,4.0316,3.1777,0,0,0.071,0.071,0.071,-9.1138,21.5251,-4.2988,7.83,-13.0254,17.3251,-4.3486,-45.1,-13.0134,20.5023,-4.2979,-1.17,0.6144,1
43.4,5.7638,4.0473,3.1667,0,0,0.073,0.073,0.073,-9.0839,21.5386,-4.2986,7.88,-13.001,17.3106,-4.3482,-44.78,-12.9894,20.4769,-4.2981,-0.68,0.6363,1
43.5,5.7888,4.0636,3.1578,0,0,0.075,0.075,0.075,-9.0537,21.5522,-4.2983,7.93,-12.9749,17.294,-4.3472,-44.02,-12.9653,20.4514,-4.2984,-0.23,0.6589,1
43.6,5.8142,4.0802,3.1504,0,0,0.077,0.077,0.077,-9.0233,21.5658,-4.2979,7.97,-12.9471,17.2755,-4.3459,-42.84,-12.9409,20.4255,-4.2989,0.2,0.682,1
43.7,5.8402,4.0974,3.1435,0,0,0.08,0.08,0.08,-8.9928,21.5795,-4.2974,8.01,-12.9186,17.2559,-4.3442,-41.34,-12.9165,20.3991,-4.2991,0.62,0.7058,1
43.8,5.8664,4.115,3.1373,0,0,0.082,0.082,0.082,-8.9625,21.5932,-4.2968,8.05,-12.8895,17.2353,-4.3421,-39.62,-12.8922,20.3724,-4.2988,1.02,0.7298,1
43.9,5.8927,4.1326,3.132,0,0,0.084,0.084,0.084,-8.9324,21.6066,-4.2962,8.08,-12.8603,17.2141,-4.3396,-37.77,-12.8679,20.3459,-4.2983,1.39,0.7538,1
44.0,5.9192,4.1499,3.1276,0,0,0.087,0.087,0.087,-8.9023,21.6194,-4.2956,8.11,-12.831,17.1921,-4.3369,-35.85,-12.8433,20.3194,-4.298,1.75,0.7777,1
44.1,5.9463,4.168,3.1239,0,0,0.089,0.089,0.089,-8.8724,21.6318,-4.2951,8.14,-12.8019,17.1691,-4.3343,-33.9,-12.8195,20.2927,-4.298,2.09,0.8018,1
44.2,5.9731,4.1869,3.1206,0,0,0.091,0.091,0.091,-8.843,21.6434,-4.2944,8.15,-12.773,17.1454,-4.3322,-31.97,-12.7967,20.2656,-4.2982,2.41,0.8259,1
44.3,6.0003,4.2075,3.1174,0,0,0.093,0.093,0.093,-8.8137,21.6546,-4.2938,8.17,-12.7444,17.1212,-4.3301,-30.08,-12.7757,20.2383,-4.2983,2.72,0.8502,1
44.4,6.0282,4.2298,3.1144,0,0,0.096,0.096,0.096,-8.784,21.6657,-4.2931,8.19,-12.716,17.0966,-4.3281,-28.24,-12.7555,20.2105,-4.2983,3.0,0.8749,1
44.5,6.0565,4.2532,3.1117,0,0,0.098,0.098,0.098,-8.754,21.6766,-4.2926,8.21,-12.6877,17.0716,-4.3261,-26.47,-12.7362,20.1828,-4.2982,3.26,0.8997,1
44.6,6.0852,4.2775,3.1101,0,0,0.1,0.1,0.1,-8.724,21.6875,-4.2926,8.22,-12.6592,17.0461,-4.3245,-24.76,-12.7177,20.1554,-4.2978,3.52,0.9247,1
44.7,6.1138,4.3008,3.1091,0,0,0.102,0.102,0.102,-8.6944,21.6978,-4.2928,8.24,-12.6309,17.0201,-4.323,-23.12,-12.6986,20.1284,-4.2979,3.76,0.9493,1
44.8,6.1423,4.325,3.1073,0,0,0.104,0.104,0.104,-8.6648,21.7081,-4.2929,8.26,-12.603,16.9945,-4.3214,-21.55,-12.6801,20.1007,-4.298,4.0,0.974,1
44.9,6.1712,4.3491,3.1055,0,0,0.106,0.106,0.106,-8.635,21.7181,-4.2927,8.27,-12.5756,16.9689,-4.3199,-20.05,-12.661,20.0731,-4.2978,4.22,0.9986,1
45.0,6.2003,4.3741,3.1036,0,0,0.109,0.109,0.109,-8.605,21.7279,-4.2921,8.29,-12.5487,16.9435,-4.3186,-18.63,-12.6427,20.0456,-4.2969,4.43,1.0231,1
45.1,6.2297,4.4009,3.1016,0,0,0.111,0.111,0.111,-8.575,21.7376,-4.2918,8.31,-12.5219,16.9178,-4.317,-17.27,-12.6258,20.0176,-4.296,4.62,1.048,1
45.2,6.259,4.4292,3.0995,0,0,0.113,0.113,0.113,-8.545,21.7472,-4.2918,8.32,-12.4952,16.8923,-4.3156,-15.98,-12.6105,19.9897,-4.2951,4.81,1.0729,1
45.3,6.2881,4.4584,3.0977,0,0,0.115,0.115,0.115,-8.5151,21.7564,-4.2919,8.33,-12.4686,16.8668,-4.3144,-14.75,-12.5963,19.9618,-4.2946,4.99,1.0977,1
45.4,6.3169,4.4888,3.0958,0,0,0.117,0.117,0.117,-8.485,21.7652,-4.2915,8.34,-12.4419,16.8412,-4.3135,-13.58,-12.5832,19.9337,-4.2943,5.16,1.1223,1
45.5,6.3459,4.5201,3.0942,0,0,0.119,0.119,0.119,-8.4548,21.7739,-4.2913,8.35,-12.415,16.8154,-4.3128,-12.47,-12.5708,19.9056,-4.2943,5.33,1.1471,1
45.6,6.3752,4.5524,3.0929,0,0,0.121,0.121,0.121,-8.4245,21.7824,-4.2915,8.37,-12.3884,16.7894,-4.312,-11.41,-12.5592,19.8775,-4.2946,5.49,1.172,1
45.7,6.3977,4.5799,3.0915,0,0,0.123,0.123,0.123,-8.3974,21.7845,-4.2918,8.39,-12.3621,16.7634,-4.3113,-10.41,-12.5483,19.8492,-4.2947,5.66,1.1923,1
45.8,6.4109,4.6003,3.09,0,0,0.125,0.125,0.125,-8.3748,21.7779,-4.2924,8.41,-12.3359,16.7371,-4.3105,-9.46,-12.5378,19.8204,-4.2948,5.82,1.2064,1
45.9,6.4163,4.6146,3.089,0,0,0.126,0.126,0.126,-8.3558,21.7635,-4.2931,8.4,-12.3097,16.7103,-4.3099,-8.57,-12.5277,19.7916,-4.295,5.97,1.2152,1
46.0,6.4163,4.6243,3.0886,0,0,0.128,0.128,0.128,-8.3395,21.744,-4.2935,8.41,-12.2834,16.683,-4.3097,-7.72,-12.5178,19.7627,-4.2952,6.11,1.2203,1
46.1,6.4117,4.6303,3.0884,0,0,0.13,0.13,0.13,-8.3254,21.7204,-4.2938,8.4,-12.2571,16.6556,-4.3094,-6.92,-12.5078,19.7337,-4.2953,6.25,1.2225,1
46.2,6.4037,4.6337,3.0884,0,0,0.132,0.132,0.132,-8.313,21.6937,-4.2943,8.39,-12.2305,16.6281,-4.3089,-6.16,-12.4981,19.7048,-4.2951,6.37,1.2224,1
46.3,6.3934,4.6357,3.0885,0,0,0.133,0.133,0.133,-8.3015,21.6648,-4.2948,8.39,-12.2039,16.6005,-4.3082,-5.43,-12.4888,19.6758,-4.2947,6.48,1.2207,1
46.4,6.3811,4.6365,3.0878,0,0,0.135,0.135,0.135,-8.2908,21.6342,-4.295,8.38,-12.1775,16.5734,-4.3071,-4.73,-12.4796,19.6464,-4.2945,6.58,1.2179,1
46.5,6.3676,4.6367,3.0873,0,0,0.137,0.137,0.137,-8.2806,21.6022,-4.2952,8.37,-12.1514,16.5462,-4.306,-4.07,-12.4707,19.617,-4.2946,6.68,1.2143,1
46.6,6.3534,4.636,3.0874,0,0,0.138,0.138,0.138,-8.271,21.5694,-4.2958,8.36,-12.1252,16.5186,-4.305,-3.45,-12.462,19.5876,-4.2947,6.77,1.2101,1
46.7,6.3387,4.6348,3.0879,0,0,0.14,0.14,0.14,-8.2619,21.536,-4.2965,8.36,-12.099,16.4906,-4.3043,-2.86,-12.4534,19.558,-4.2951,6.86,1.2056,1
46.8,6.3238,4.6333,3.0885,0,0,0.141,0.141,0.141,-8.2531,21.5021,-4.2973,8.36,-12.0729,16.4623,-4.3037,-2.29,-12.445,19.5283,-4.2952,6.95,1.201,1
46.9,6.309,4.6323,3.0895,0,0,0.143,0.143,0.143,-8.2443,21.4681,-4.2978,8.35,-12.0467,16.4338,-4.3029,-1.76,-12.437,19.4985,-4.2953,7.04,1.1965,1
47.0,6.2942,4.6317,3.0903,0,0,0.144,0.144,0.144,-8.2353,21.4343,-4.298,8.35,-12.0204,16.4054,-4.3019,-1.27,-12.4291,19.4685,-4.2954,7.11,1.1921,1
47.1,6.2796,4.6312,3.0908,0,0,0.146,0.146,0.146,-8.2264,21.4004,-4.2978,8.37,-11.9941,16.3767,-4.3008,-0.79,-12.4212,19.4379,-4.2958,7.16,1.188,1
47.2,6.2652,4.6311,3.0913,0,0,0.147,0.147,0.147,-8.2174,21.3667,-4.2972,8.38,-11.9676,16.3478,-4.2996,-0.33,-12.4134,19.4068,-4.2962,7.21,1.1842,1
47.3,6.2562,4.6311,3.0918,0,0,0.148,0.148,0.148,-8.2083,21.3331,-4.2964,8.4,-11.9484,16.3179,-4.2983,0.11,-12.4054,19.3757,-4.2966,7.25,1.1815,1
47.4,6.2542,4.6312,3.092,0,0,0.15,0.15,0.15,-8.199,21.2996,-4.2957,8.42,-11.939,16.2869,-4.2971,0.52,-12.3974,19.3447,-4.2968,7.3,1.18,1
47.5,6.2575,4.6311,3.0924,0,0,0.151,0.151,0.151,-8.1897,21.2661,-4.2952,8.45,-11.9372,16.2548,-4.2961,0.91,-12.3894,19.3139,-4.2968,7.36,1.1793,1
47.6,6.2645,4.6309,3.0926,0,0,0.152,0.152,0.152,-8.1807,21.2322,-4.2947,8.47,-11.9412,16.2219,-4.2957,1.3,-12.3813,19.283,-4.2966,7.42,1.1792,1
47.7,6.275,4.6309,3.0926,0,0,0.153,0.153,0.153,-8.1716,21.1985,-4.2943,8.49,-11.9497,16.1883,-4.2953,1.67,-12.3735,19.2517,-4.2964,7.47,1.18,1
47.8,6.288,4.6313,3.0927,0,0,0.154,0.154,0.154,-8.1627,21.1652,-4.2936,8.5,-11.9612,16.1542,-4.2949,2.02,-12.3658,19.2203,-4.2961,7.52,1.1816,1
47.9,6.3029,4.6322,3.0926,0,0,0.155,0.155,0.155,-8.1534,21.1323,-4.2929,8.52,-11.9748,16.12,-4.2945,2.35,-12.3582,19.1888,-4.2954,7.56,1.1837,1
48.0,6.3186,4.6332,3.0924,0,0,0.156,0.156,0.156,-8.1443,21.0994,-4.2925,8.53,-11.9902,16.086,-4.2942,2.68,-12.3509,19.1573,-4.2944,7.61,1.186,1
48.1,6.3347,4.6338,3.0918,0,0,0.158,0.158,0.158,-8.1356,21.0663,-4.2922,8.54,-12.0069,16.0522,-4.2942,2.98,-12.3434,19.1256,-4.2938,7.66,1.1883,1
48.2,6.3514,4.6342,3.0913,0,0,0.159,0.159,0.159,-8.1275,21.033,-4.2923,8.56,-12.0254,16.0184,-4.2943,3.26,-12.3366,19.0941,-4.2934,7.71,1.1905,1
48.3,6.3687,4.6354,3.091,0,0,0.16,0.16,0.16,-8.1199,20.9999,-4.2923,8.58,-12.0452,15.9849,-4.2946,3.53,-12.331,19.0626,-4.2931,7.76,1.193,1
48.4,6.3872,4.6369,3.0914,0,0,0.161,0.161,0.161,-8.1128,20.9673,-4.2925,8.61,-12.0665,15.9508,-4.295,3.78,-12.3262,19.0313,-4.2931,7.81,1.1961,1
48.5,6.4066,4.6382,3.0923,0,0,0.162,0.162,0.162,-8.1064,20.9351,-4.2929,8.63,-12.0886,15.9165,-4.2953,4.03,-12.3217,19.0,-4.2933,7.85,1.1996,1
48.6,6.426,4.6394,3.0933,0,0,0.162,0.162,0.162,-8.1004,20.9029,-4.2934,8.64,-12.1113,15.8823,-4.2958,4.26,-12.3174,18.9687,-4.2935,7.91,1.2032,1
48.7,6.4456,4.641,3.0943,0,0,0.163,0.163,0.163,-8.0945,20.8709,-4.2937,8.65,-12.1341,15.8482,-4.2962,4.46,-12.3135,18.9373,-4.2934,7.96,1.207,1
48.8,6.4657,4.6431,3.0955,0,0,0.164,0.164,0.164,-8.0882,20.8391,-4.294,8.66,-12.157,15.8141,-4.2965,4.66,-12.3097,18.9059,-4.2935,8.0,1.2111,1
48.9,6.4863,4.6455,3.097,0,0,0.164,0.164,0.164,-8.0816,20.8074,-4.2944,8.67,-12.1801,15.7801,-4.2965,4.86,-12.3058,18.8745,-4.2937,8.04,1.2154,1
49.0,6.5072,4.6446,3.0992,0,0,0.165,0.165,0.165,-8.0749,20.7759,-4.2948,8.67,-12.2031,15.7458,-4.2964,5.05,-12.2985,18.8436,-4.2937,8.07,1.2194,1
49.1,6.5284,4.6399,3.1024,0,0,0.165,0.165,0.165,-8.0679,20.7445,-4.2951,8.67,-12.2256,15.7113,-4.2963,5.21,-12.2867,18.8131,-4.2936,8.1,1.2231,1
49.2,6.5502,4.6347,3.1069,0,0,0.166,0.166,0.166,-8.0609,20.7132,-4.2956,8.67,-12.2479,15.6761,-4.2962,5.37,-12.2745,18.7829,-4.2934,8.12,1.2268,1
49.3,6.5723,4.6276,3.1126,0,0,0.166,0.166,0.166,-8.054,20.682,-4.2961,8.68,-12.2703,15.6403,-4.2961,5.52,-12.2603,18.753,-4.2929,8.13,1.2305,1
49.4,6.5947,4.6174,3.1196,0,0,0.166,0.166,0.166,-8.0471,20.6506,-4.2963,8.68,-12.2927,15.6043,-4.2957,5.65,-12.2431,18.7236,-4.2922,8.14,1.2336,1
49.5,6.6172,4.6045,3.1279,0,0,0.167,0.167,0.167,-8.0403,20.619,-4.2962,8.69,-12.3154,15.5682,-4.2953,5.78,-12.2234,18.6948,-4.2918,8.15,1.2363,1
49.6,6.6394,4.5898,3.1371,0,0,0.167,0.167,0.167,-8.0336,20.5873,-4.2965,8.7,-12.3379,15.5321,-4.2949,5.89,-12.2021,18.6663,-4.2921,8.17,1.2384,1
49.7,6.6612,4.574,3.1469,0,0,0.167,0.167,0.167,-8.0268,20.5551,-4.2972,8.69,-12.3601,15.496,-4.2947,6.01,-12.1796,18.6377,-4.2925,8.19,1.2402,1
49.8,6.684,4.5579,3.1576,0,0,0.167,0.167,0.167,-8.0195,20.5233,-4.2975,8.69,-12.3823,15.4596,-4.2945,6.12,-12.1559,18.609,-4.293,8.21,1.2423,1
49.9,6.7073,4.5414,3.1692,0,0,0.167,0.167,0.167,-8.0117,20.4919,-4.2976,8.7,-12.4045,15.4232,-4.2944,6.22,-12.1313,18.5806,-4.2935,8.22,1.2446,1
49.999,6.73,4.5237,3.1815,0,0,0.167,0.167,0.167,-8.0042,20.4602,-4.2975,8.71,-12.4262,15.387,-4.2942,6.32,-12.1059,18.5524,-4.294,8.24,1.2464,1
50.099,6.7523,4.5054,3.1945,0,0,0.167,0.167,0.167,-7.9967,20.4286,-4.2976,8.72,-12.4472,15.3506,-4.2939,6.42,-12.0797,18.524,-4.2944,8.25,1.2482,1
50.199,6.7746,4.487,3.2083,0,0,0.167,0.167,0.167,-7.9889,20.3972,-4.2979,8.73,-12.4677,15.3143,-4.2938,6.52,-12.0531,18.4956,-4.2948,8.28,1.25,1
50.299,6.7967,4.4685,3.2225,0,0,0.167,0.167,0.167,-7.981,20.3656,-4.2985,8.74,-12.4877,15.2779,-4.294,6.63,-12.0262,18.4672,-4.295,8.29,1.2517,1
50.399,6.8189,4.4503,3.2374,0,0,0.167,0.167,0.167,-7.9729,20.3341,-4.2992,8.75,-12.5072,15.2412,-4.2941,6.73,-11.9993,18.4385,-4.2948,8.31,1.2535,1
50.499,6.8413,4.4321,3.2531,0,0,0.167,0.167,0.167,-7.9647,20.3026,-4.2992,8.75,-12.5266,15.2044,-4.2943,6.83,-11.9722,18.4098,-4.2946,8.32,1.2555,1
50.599,6.864,4.414,3.2694,0,0,0.166,0.166,0.166,-7.9563,20.2712,-4.2993,8.75,-12.5459,15.1673,-4.2947,6.9,-11.9451,18.381,-4.2945,8.32,1.2576,1
50.699,6.8866,4.3958,3.2863,0,0,0.166,0.166,0.166,-7.948,20.2397,-4.2992,8.74,-12.565,15.13,-4.295,6.97,-11.9178,18.352,-4.2943,8.32,1.2597,1
50.799,6.9088,4.3774,3.3039,0,0,0.166,0.166,0.166,-7.9397,20.2079,-4.2992,8.74,-12.5838,15.0927,-4.2953,7.04,-11.8905,18.3231,-4.2941,8.33,1.2616,1
50.899,6.9309,4.3594,3.3218,0,0,0.165,0.165,0.165,-7.9312,20.1755,-4.2992,8.74,-12.6024,15.0552,-4.2957,7.1,-11.8636,18.2938,-4.2941,8.34,1.2634,1
50.999,6.9528,4.3417,3.34,0,0,0.165,0.165,0.165,-7.9226,20.1429,-4.2993,8.74,-12.621,15.0177,-4.296,7.15,-11.837,18.2644,-4.2942,8.35,1.2651,1
51.099,6.9744,4.3239,3.3587,0,0,0.164,0.164,0.164,-7.9143,20.1102,-4.2994,8.74,-12.6394,14.9803,-4.296,7.2,-11.8105,18.2351,-4.2945,8.35,1.2667,1
51.199,6.9963,4.306,3.3782,0,0,0.164,0.164,0.164,-7.9059,20.0775,-4.2994,8.73,-12.6579,14.9427,-4.2958,7.26,-11.7838,18.206,-4.2952,8.36,1.2683,1
51.299,7.0181,4.2876,3.3985,0,0,0.163,0.163,0.163,-7.8976,20.0448,-4.2994,8.74,-12.6764,14.9051,-4.2957,7.32,-11.7569,18.1769,-4.2961,8.37,1.2698,1
51.399,7.0399,4.2694,3.4188,0,0,0.162,0.162,0.162,-7.8892,20.0121,-4.2991,8.74,-12.6949,14.8677,-4.2958,7.38,-11.7298,18.1475,-4.297,8.38,1.2713,1
51.499,7.0619,4.2515,3.4394,0,0,0.162,0.162,0.162,-7.8805,19.9794,-4.2986,8.76,-12.7134,14.8302,-4.2959,7.45,-11.7027,18.1178,-4.2975,8.38,1.2731,1
51.599,7.084,4.2337,3.4604,0,0,0.161,0.161,0.161,-7.8719,19.9466,-4.2985,8.77,-12.7319,14.7926,-4.2961,7.51,-11.6758,18.088,-4.2978,8.4,1.2748,1
51.699,7.1061,4.2161,3.4817,0,0,0.16,0.16,0.16,-7.8632,19.9135,-4.2984,8.78,-12.7505,14.7549,-4.2961,7.56,-11.649,18.0578,-4.2978,8.42,1.2766,1
51.799,7.1279,4.1988,3.5033,0,0,0.159,0.159,0.159,-7.8544,19.88,-4.2981,8.77,-12.7686,14.717,-4.2958,7.61,-11.6225,18.0275,-4.2977,8.43,1.2783,1
51.899,7.1496,4.1817,3.5253,0,0,0.158,0.158,0.158,-7.8451,19.8463,-4.2975,8.77,-12.7867,14.6792,-4.2954,7.66,-11.5958,17.9973,-4.2974,8.44,1.2799,1
51.999,7.1712,4.1643,3.5476,0,0,0.157,0.157,0.157,-7.8358,19.812,-4.2968,8.76,-12.8049,14.6416,-4.2949,7.7,-11.5691,17.9669,-4.2973,8.44,1.2811,1
52.099,7.1924,4.1467,3.5701,0,0,0.156,0.156,0.156,-7.8266,19.7779,-4.2963,8.74,-12.8228,14.6041,-4.2942,7.74,-11.5421,17.9366,-4.2974,8.44,1.2823,1
52.199,7.2133,4.1283,3.5935,0,0,0.155,0.155,0.155,-7.8178,19.7435,-4.2955,8.72,-12.8406,14.5664,-4.2937,7.78,-11.5148,17.9064,-4.2976,8.44,1.2832,1
52.299,7.2344,4.1098,3.6176,0,0,0.154,0.154,0.154,-7.809,19.709,-4.2949,8.69,-12.8586,14.5284,-4.2931,7.81,-11.4874,17.8761,-4.2977,8.44,1.2842,1
52.399,7.2557,4.0913,3.6422,0,0,0.153,0.153,0.153,-7.8003,19.6744,-4.2944,8.69,-12.8767,14.4903,-4.2922,7.83,-11.4601,17.8457,-4.2976,8.43,1.2851,1
52.499,7.2772,4.0725,3.6676,0,0,0.152,0.152,0.152,-7.7919,19.6399,-4.2939,8.7,-12.8948,14.4517,-4.2914,7.85,-11.4329,17.8154,-4.2972,8.43,1.2862,1
52.599,7.2994,4.0558,3.6969,0,0,0.151,0.151,0.151,-7.7835,19.6058,-4.2932,8.71,-12.9131,14.4127,-4.2909,7.86,-11.4103,17.7904,-4.2917,8.43,1.2868,1
52.699,7.3216,4.0417,3.7304,0,0,0.149,0.149,0.149,-7.7748,19.5715,-4.2927,8.71,-12.9311,14.3736,-4.2907,7.88,-11.394,17.7726,-4.2797,8.44,1.2861,1
52.799,7.3436,4.0297,3.7668,0,0,0.148,0.148,0.148,-7.7659,19.537,-4.2921,8.72,-12.9488,14.3344,-4.2906,7.9,-11.3826,17.7601,-4.2625,8.45,1.2845,1
52.899,7.3655,4.0195,3.8056,0,0,0.147,0.147,0.147,-7.7572,19.5024,-4.2914,8.72,-12.9663,14.2951,-4.2909,7.91,-11.375,17.7517,-4.2412,8.45,1.2823,1
52.999,7.3877,4.0109,3.8465,0,0,0.145,0.145,0.145,-7.7484,19.4679,-4.2912,8.71,-12.9838,14.2555,-4.2913,7.92,-11.3704,17.7465,-4.2166,8.46,1.2799,1
53.099,7.4097,4.0037,3.8885,0,0,0.144,0.144,0.144,-7.7395,19.4335,-4.2913,8.71,-13.0011,14.2163,-4.2917,7.94,-11.3676,17.7436,-4.1897,8.47,1.2774,1
53.199,7.4313,3.9977,3.9309,0,0,0.142,0.142,0.142,-7.7307,19.399,-4.291,8.71,-13.0184,14.1774,-4.2922,7.95,-11.3664,17.742,-4.1609,8.49,1.2747,1
53.299,7.4522,3.9909,3.9704,0,0,0.141,0.141,0.141,-7.7215,19.364,-4.2908,8.72,-13.0349,14.1388,-4.2925,7.97,-11.3621,17.7362,-4.1371,8.51,1.291,1
53.399,7.4736,3.9829,4.0056,0,0,0.139,0.139,0.139,-7.7119,19.3296,-4.2906,8.73,-13.0511,14.1,-4.2927,7.99,-11.3528,17.7237,-4.1209,8.52,1.3111,1
53.499,7.4949,3.9729,4.0377,0,0,0.137,0.137,0.137,-7.7024,19.2953,-4.2905,8.74,-13.067,14.0613,-4.2927,8.02,-11.3392,17.7061,-4.1103,8.54,1.3314,1
53.599,7.516,3.961,4.0678,0,0,0.136,0.136,0.136,-7.6932,19.2609,-4.2907,8.75,-13.0831,14.0225,-4.2925,8.06,-11.3224,17.6848,-4.1044,8.54,1.352,1
53.699,7.5375,3.9479,4.0966,0,0,0.134,0.134,0.134,-7.6842,19.2262,-4.2908,8.77,-13.0996,13.9834,-4.2929,8.09,-11.3033,17.6602,-4.1023,8.55,1.3731,1
53.799,7.5592,3.934,4.1242,0,0,0.132,0.132,0.132,-7.6751,19.1912,-4.2907,8.79,-13.1165,13.944,-4.2936,8.12,-11.2826,17.6332,-4.1031,8.55,1.3945,1
53.899,7.5807,3.9194,4.151,0,0,0.131,0.131,0.131,-7.6659,19.156,-4.2906,8.79,-13.1331,13.9046,-4.2944,8.16,-11.2604,17.6044,-4.106,8.56,1.416,1
53.999,7.6025,3.9045,4.1775,0,0,0.129,0.129,0.129,-7.6564,19.1209,-4.2907,8.78,-13.1497,13.8652,-4.2951,8.19,-11.2372,17.5747,-4.1111,8.57,1.4376,1
54.099,7.6243,3.8893,4.2037,0,0,0.135,0.135,0.135,-7.647,19.086,-4.2907,8.78,-13.1662,13.8259,-4.2959,8.22,-11.2135,17.5444,-4.1179,8.57,1.4593,1
54.199,7.6443,3.8733,4.2291,0,0,0.135,0.135,0.135,-7.6368,19.049,-4.2903,8.78,-13.1797,13.785,-4.2969,8.24,-11.1881,17.5118,-4.1257,8.58,1.4799,1
54.299,7.6624,3.8563,4.2539,0,0,0.136,0.136,0.136,-7.6255,19.0095,-4.2894,8.77,-13.1899,13.7416,-4.2982,8.27,-11.1608,17.4767,-4.1344,8.58,1.4992,1
54.399,7.6795,3.8391,4.2779,0,0,0.136,0.136,0.136,-7.6133,18.9679,-4.2887,8.76,-13.1977,13.6964,-4.2996,8.28,-11.132,17.4392,-4.1432,8.58,1.5178,1
54.499,7.6953,3.8218,4.3011,0,0,0.136,0.136,0.136,-7.6003,18.9247,-4.2881,8.75,-13.2035,13.6501,-4.3012,8.29,-11.1022,17.4,-4.1521,8.58,1.5356,1
54.599,7.7106,3.8046,4.324,0,0,0.136,0.136,0.136,-7.5864,18.8806,-4.2873,8.75,-13.2078,13.603,-4.3027,8.3,-11.0715,17.3597,-4.1607,8.59,1.553,1
54.699,7.7207,3.7873,4.3432,0,0,0.137,0.137,0.137,-7.5721,18.8358,-4.2866,8.74,-13.2055,13.5562,-4.3036,8.3,-11.0404,17.319,-4.169,8.6,1.5663,1
54.799,7.7237,3.7701,4.3573,0,0,0.137,0.137,0.137,-7.5576,18.7906,-4.2864,8.73,-13.1946,13.5105,-4.3041,8.31,-11.0092,17.2779,-4.1771,8.6,1.5743,1
54.899,7.7212,3.7528,4.3671,0,0,0.137,0.137,0.137,-7.5431,18.7454,-4.2868,8.73,-13.1769,13.4655,-4.3045,8.32,-10.9777,17.2366,-4.185,8.6,1.5779,1
54.999,7.7146,3.7354,4.374,0,0,0.138,0.138,0.138,-7.5286,18.7,-4.2873,8.72,-13.154,13.4208,-4.3048,8.33,-10.9461,17.195,-4.1927,8.57,1.5782,1
55.099,7.705,3.7179,4.3785,0,0,0.138,0.138,0.138,-7.5142,18.6544,-4.2879,8.71,-13.1278,13.3767,-4.3051,8.33,-10.9143,17.1531,-4.2004,8.55,1.5764,1
55.199,7.6931,3.7002,4.3816,0,0,0.139,0.139,0.139,-7.4999,18.6089,-4.2885,8.69,-13.0987,13.3328,-4.3054,8.34,-10.8825,17.1114,-4.2079,8.53,1.5727,1
55.299,7.6795,3.6827,4.3835,0,0,0.139,0.139,0.139,-7.4856,18.5637,-4.2892,8.68,-13.0674,13.2894,-4.3056,8.33,-10.851,17.0702,-4.2148,8.51,1.5677,1
55.399,7.6646,3.6652,4.3842,0,0,0.14,0.14,0.14,-7.4715,18.5188,-4.29,8.67,-13.0349,13.2468,-4.3055,8.34,-10.8196,17.0291,-4.221,8.51,1.5616,1
55.499,7.6533,3.6475,4.3878,0,0,0.141,0.141,0.141,-7.4578,18.4742,-4.2906,8.67,-13.0075,13.2041,-4.3053,8.34,-10.7884,16.9886,-4.2269,8.51,1.5586,1
55.599,7.6431,3.6294,4.3925,0,0,0.141,0.141,0.141,-7.4444,18.4298,-4.291,8.67,-12.9822,13.162,-4.3051,8.35,-10.7572,16.9486,-4.2327,8.52,1.5567,1
55.699,7.6311,3.6114,4.3959,0,0,0.142,0.142,0.142,-7.4313,18.3857,-4.291,8.67,-12.9551,13.1207,-4.305,8.36,-10.7266,16.9093,-4.2383,8.52,1.5534,1
55.799,7.6171,3.5935,4.3977,0,0,0.143,0.143,0.143,-7.4184,18.3419,-4.2908,8.66,-12.9262,13.0803,-4.3051,8.37,-10.6965,16.8703,-4.2436,8.51,1.5487,1
55.899,7.6015,3.5756,4.3983,0,0,0.144,0.144,0.144,-7.4058,18.2984,-4.2903,8.65,-12.8958,13.0408,-4.3052,8.37,-10.6665,16.8318,-4.2486,8.51,1.5427,1
55.999,7.5851,3.5579,4.3982,0,0,0.145,0.145,0.145,-7.3931,18.2552,-4.2896,8.64,-12.8644,13.0017,-4.3053,8.38,-10.6367,16.7936,-4.2532,8.51,1.5361,1
56.099,7.5681,3.5399,4.3977,0,0,0.146,0.146,0.146,-7.3808,18.2124,-4.2887,8.62,-12.8323,12.963,-4.3055,8.39,-10.607,16.7558,-4.2574,8.53,1.529,1
56.199,7.5506,3.5219,4.3968,0,0,0.147,0.147,0.147,-7.3688,18.1703,-4.2877,8.6,-12.7999,12.9248,-4.3057,8.41,-10.5773,16.7183,-4.2613,8.54,1.5215,1
56.299,7.533,3.5043,4.3954,0,0,0.148,0.148,0.148,-7.3569,18.1289,-4.2867,8.58,-12.767,12.8871,-4.3056,8.44,-10.548,16.681,-4.265,8.55,1.5137,1
56.399,7.5157,3.4872,4.3939,0,0,0.149,0.149,0.149,-7.345,18.0879,-4.2861,8.57,-12.7341,12.8493,-4.3055,8.46,-10.5191,16.6439,-4.2682,8.56,1.5058,1
56.499,7.4986,3.4706,4.3923,0,0,0.15,0.15,0.15,-7.3333,18.0476,-4.2856,8.57,-12.7012,12.8117,-4.3053,8.48,-10.4907,16.6071,-4.2711,8.57,1.4978,1
56.599,7.4816,3.4543,4.3903,0,0,0.151,0.151,0.151,-7.3216,18.0078,-4.2851,8.56,-12.6685,12.7747,-4.305,8.49,-10.4627,16.5705,-4.2736,8.58,1.4897,1
56.699,7.4645,3.4385,4.3877,0,0,0.153,0.153,0.153,-7.3097,17.9683,-4.284,8.54,-12.6358,12.7385,-4.3046,8.48,-10.4348,16.5342,-4.276,8.57,1.4815,1
56.799,7.4468,3.4229,4.3841,0,0,0.154,0.154,0.154,-7.298,17.9292,-4.2827,8.53,-12.6032,12.7035,-4.3043,8.48,-10.4072,16.4979,-4.2783,8.56,1.473,1
56.899,7.428,3.4072,4.379,0,0,0.155,0.155,0.155,-7.2866,17.8903,-4.2818,8.52,-12.5708,12.6701,-4.3039,8.47,-10.3796,16.4614,-4.2798,8.55,1.464,1
56.999,7.408,3.3915,4.3725,0,0,0.157,0.157,0.157,-7.2753,17.8516,-4.2813,8.52,-12.5388,12.6388,-4.3035,8.47,-10.3522,16.4252,-4.2809,8.54,1.4546,1
57.099,7.387,3.3754,4.365,0,0,0.158,0.158,0.158,-7.2644,17.813,-4.2813,8.52,-12.5073,12.6093,-4.3031,8.46,-10.3248,16.3894,-4.2819,8.53,1.445,1
57.199,7.365,3.3592,4.3562,0,0,0.16,0.16,0.16,-7.2537,17.7746,-4.2819,8.51,-12.4764,12.5817,-4.3025,8.45,-10.2976,16.3538,-4.2828,8.52,1.435,1
57.299,7.3422,3.3429,4.346,0,0,0.162,0.162,0.162,-7.243,17.7366,-4.2828,8.51,-12.446,12.5561,-4.3018,8.45,-10.2701,16.3182,-4.2837,8.52,1.425,1
57.399,7.3184,3.327,4.3341,0,0,0.163,0.163,0.163,-7.2321,17.6987,-4.284,8.5,-12.416,12.5329,-4.301,8.44,-10.2427,16.2827,-4.2846,8.51,1.4145,1
57.499,7.2934,3.3112,4.3207,0,0,0.165,0.165,0.165,-7.2211,17.6607,-4.2857,8.48,-12.3865,12.5117,-4.3001,8.44,-10.2155,16.2473,-4.2853,8.51,1.4038,1
57.599,7.2674,3.2951,4.3062,0,0,0.167,0.167,0.167,-7.2101,17.6225,-4.2873,8.47,-12.3576,12.4924,-4.299,8.43,-10.1882,16.2122,-4.2858,8.52,1.393,1
57.699,7.2404,3.2786,4.2909,0,0,0.168,0.168,0.168,-7.1993,17.5844,-4.2887,8.45,-12.329,12.4748,-4.2981,8.43,-10.1606,16.1775,-4.2861,8.52,1.382,1
57.799,7.2129,3.2623,4.2747,0,0,0.17,0.17,0.17,-7.1883,17.5463,-4.2895,8.44,-12.3012,12.4586,-4.2976,8.42,-10.1333,16.1428,-4.2862,8.53,1.3711,1
57.899,7.1851,3.2457,4.258,0,0,0.172,0.172,0.172,-7.1775,17.5084,-4.2896,8.43,-12.2741,12.4438,-4.2976,8.41,-10.1056,16.1082,-4.2862,8.53,1.3605,1
57.999,7.1569,3.229,4.2403,0,0,0.174,0.174,0.174,-7.1665,17.4709,-4.2891,8.42,-12.2476,12.4307,-4.2977,8.41,-10.0775,16.0737,-4.2862,8.52,1.3501,1
58.099,7.128,3.2121,4.222,0,0,0.176,0.176,0.176,-7.1556,17.4336,-4.2888,8.41,-12.2212,12.4188,-4.2979,8.41,-10.0494,16.0394,-4.2863,8.52,1.3396,1
58.199,7.0983,3.1951,4.2029,0,0,0.178,0.178,0.178,-7.1448,17.3962,-4.2886,8.41,-12.1951,12.4081,-4.2979,8.42,-10.0212,16.0051,-4.2869,8.52,1.3291,1
58.299,7.0682,3.1782,4.1831,0,0,0.18,0.18,0.18,-7.134,17.3589,-4.2888,8.41,-12.1691,12.3983,-4.2977,8.42,-9.9931,15.9709,-4.2874,8.53,1.3186,1
58.399,7.0382,3.1616,4.1632,0,0,0.182,0.182,0.182,-7.123,17.3214,-4.2892,8.41,-12.1436,12.3888,-4.2977,8.43,-9.9653,15.9367,-4.2883,8.53,1.3084,1
58.499,7.0081,3.1452,4.1432,0,0,0.184,0.184,0.184,-7.1122,17.2845,-4.2893,8.4,-12.1182,12.3801,-4.2977,8.43,-9.9379,15.9031,-4.2894,8.53,1.2982,1
58.599,6.9779,3.1285,4.1234,0,0,0.186,0.186,0.186,-7.1017,17.2479,-4.2896,8.41,-12.0935,12.3722,-4.2974,8.43,-9.9106,15.8703,-4.2903,8.53,1.2885,1
58.699,6.9475,3.1114,4.104,0,0,0.189,0.189,0.189,-7.0913,17.2117,-4.2899,8.41,-12.0691,12.3651,-4.2971,8.42,-9.8833,15.8386,-4.2913,8.54,1.279,1
58.799,6.9168,3.0942,4.0848,0,0,0.191,0.191,0.191,-7.081,17.1757,-4.2902,8.42,-12.0448,12.3588,-4.2968,8.41,-9.8565,15.808,-4.2923,8.54,1.2697,1
58.899,6.8857,3.0768,4.0663,0,0,0.193,0.193,0.193,-7.0705,17.1395,-4.2907,8.43,-12.0207,12.3532,-4.2963,8.41,-9.8301,15.7791,-4.2934,8.53,1.2605,1
58.999,6.8548,3.0588,4.0491,0,0,0.195,0.195,0.195,-7.0601,17.1035,-4.2911,8.45,-11.9969,12.3479,-4.2959,8.41,-9.8039,15.7517,-4.2942,8.53,1.2518,1
59.099,6.8236,3.0402,4.0329,0,0,0.198,0.198,0.198,-7.0499,17.0672,-4.2913,8.46,-11.9734,12.3428,-4.2957,8.42,-9.7781,15.7259,-4.295,8.53,1.2434,1
59.199,6.7919,3.0208,4.0178,0,0,0.2,0.2,0.2,-7.0399,17.0308,-4.2918,8.46,-11.9501,12.3384,-4.2957,8.43,-9.7527,15.7021,-4.2958,8.53,1.2352,1
59.299,6.76,3.0011,4.0035,0,0,0.203,0.203,0.203,-7.0298,16.9946,-4.2921,8.46,-11.927,12.3347,-4.2958,8.45,-9.7276,15.6799,-4.2963,8.54,1.2272,1
59.399,6.7277,2.9812,3.9898,0,0,0.205,0.205,0.205,-7.0196,16.9582,-4.2924,8.46,-11.9038,12.3316,-4.2959,8.47,-9.703,15.6595,-4.2965,8.56,1.2193,1
59.499,6.695,2.9605,3.9773,0,0,0.207,0.207,0.207,-7.0096,16.9215,-4.2925,8.46,-11.8809,12.3287,-4.2962,8.49,-9.6786,15.6406,-4.2967,8.56,1.2116,1
59.599,6.6619,2.939,3.9658,0,0,0.21,0.21,0.21,-6.9998,16.8844,-4.293,8.49,-11.8579,12.326,-4.2964,8.51,-9.6545,15.6234,-4.297,8.56,1.2041,1
59.699,6.6283,2.917,3.9551,0,0,0.212,0.212,0.212,-6.9899,16.8469,-4.2935,8.51,-11.8351,12.3238,-4.2966,8.52,-9.6306,15.6075,-4.2972,8.57,1.1968,1
59.799,6.5947,2.895,3.945,0,0,0.215,0.215,0.215,-6.98,16.8095,-4.2938,8.54,-11.8127,12.3222,-4.2969,8.54,-9.6071,15.5931,-4.2971,8.58,1.1898,1
59.899,6.5614,2.8729,3.9358,0,0,0.217,0.217,0.217,-6.9701,16.7723,-4.294,8.57,-11.7904,12.3207,-4.2974,8.56,-9.5838,15.5798,-4.2971,8.59,1.1831,1
59.999,6.5284,2.8511,3.9273,0,0,0.22,0.22,0.22,-6.96,16.7351,-4.2941,8.58,-11.7683,12.3191,-4.2977,8.57,-9.561,15.5674,-4.2968,8.59,1.1767,1
60.099,6.4954,2.8299,3.9189,0,0,0.248,0.248,0.248,-6.9499,16.6977,-4.294,8.58,-11.7464,12.3178,-4.2981,8.58,-9.5393,15.5561,-4.2964,8.57,1.1703,1
60.199,6.4627,2.8099,3.9105,0,0,0.25,0.251,0.251,-6.9396,16.6606,-4.2935,8.58,-11.7244,12.3165,-4.2986,8.59,-9.5187,15.5455,-4.2962,8.55,1.1638,1
60.299,6.4304,2.7911,3.9022,0,0,0.251,0.253,0.253,-6.9288,16.6235,-4.293,8.57,-11.7023,12.3149,-4.299,8.59,-9.4992,15.5358,-4.2961,8.54,1.1571,1
60.399,6.3988,2.7737,3.8941,0,0,0.252,0.256,0.255,-6.9172,16.5865,-4.2924,8.56,-11.68,12.3132,-4.2992,8.6,-9.4804,15.5265,-4.2961,8.52,1.1534,1
60.499,6.3678,2.758,3.8856,0,0,0.252,0.258,0.256,-6.9046,16.5493,-4.2922,8.54,-11.6576,12.3117,-4.2995,8.6,-9.4624,15.5178,-4.2961,8.5,1.1508,1
60.599,6.3375,2.7442,3.8769,0,0,0.252,0.261,0.258,-6.8907,16.5119,-4.2922,8.53,-11.6351,12.3103,-4.2999,8.59,-9.4453,15.5094,-4.2961,8.49,1.1473,1
60.699,6.3137,2.7331,3.8718,0,0,0.25,0.263,0.259,-6.8755,16.4748,-4.292,8.51,-11.6187,12.3078,-4.3001,8.58,-9.4292,15.5011,-4.2958,8.48,1.1445,1
60.799,6.2978,2.724,3.8722,0,0,0.248,0.266,0.261,-6.8591,16.438,-4.2916,8.51,-11.6104,12.3042,-4.3,8.57,-9.414,15.4932,-4.2956,8.47,1.1431,1
60.899,6.2835,2.7169,3.873,0,0,0.246,0.269,0.262,-6.8416,16.4015,-4.2915,8.51,-11.6025,12.3007,-4.2999,8.58,-9.3997,15.4862,-4.2952,8.48,1.145,1
60.999,6.2676,2.7121,3.8713,0,0,0.242,0.271,0.262,-6.8228,16.3655,-4.2916,8.51,-11.591,12.2977,-4.2994,8.57,-9.3862,15.4799,-4.2946,8.48,1.1474,1
61.099,6.2505,2.7095,3.8673,0,0,0.238,0.274,0.263,-6.8028,16.3302,-4.2915,8.52,-11.5767,12.2953,-4.299,8.56,-9.3735,15.4737,-4.2939,8.48,1.1482,1
61.199,6.2331,2.7095,3.8615,0,0,0.233,0.276,0.264,-6.7816,16.2956,-4.2916,8.53,-11.5601,12.2934,-4.2988,8.56,-9.3616,15.4679,-4.2935,8.49,1.1477,1
61.299,6.2162,2.712,3.8544,0,0,0.227,0.279,0.264,-6.7591,16.2622,-4.2918,8.55,-11.542,12.2918,-4.2987,8.55,-9.3505,15.4624,-4.2932,8.49,1.1466,1
61.399,6.2,2.7165,3.8464,0,0,0.221,0.282,0.264,-6.7359,16.2305,-4.2921,8.56,-11.5232,12.2906,-4.2987,8.55,-9.3402,15.4576,-4.293,8.48,1.145,1
61.499,6.1852,2.7231,3.8382,0,0,0.213,0.284,0.264,-6.7118,16.2006,-4.2922,8.56,-11.5036,12.2896,-4.2987,8.55,-9.3304,15.4533,-4.2929,8.47,1.1432,1
61.599,6.1769,2.732,3.8333,0,0,0.205,0.287,0.264,-6.6865,16.1724,-4.2921,8.56,-11.4893,12.2882,-4.2986,8.55,-9.321,15.4494,-4.2934,8.46,1.1452,1
61.699,6.1726,2.743,3.8297,0,0,0.197,0.289,0.264,-6.6598,16.1466,-4.2919,8.55,-11.4767,12.2867,-4.2983,8.54,-9.3118,15.4459,-4.2943,8.46,1.1489,1
61.799,6.1692,2.7563,3.8252,0,0,0.188,0.292,0.264,-6.632,16.1232,-4.2915,8.55,-11.4623,12.2854,-4.2979,8.53,-9.3031,15.443,-4.2951,8.45,1.1516,1
61.899,6.1668,2.7722,3.8194,0,0,0.179,0.295,0.263,-6.603,16.102,-4.2912,8.56,-11.4462,12.2844,-4.2974,8.53,-9.2951,15.4404,-4.2962,8.45,1.1534,1
61.999,6.1656,2.7906,3.8122,0,0,0.17,0.297,0.263,-6.5728,16.0831,-4.2908,8.56,-11.4288,12.2839,-4.2969,8.54,-9.2878,15.4381,-4.2973,8.44,1.1545,1
62.099,6.1658,2.8112,3.8042,0,0,0.161,0.3,0.262,-6.5416,16.0667,-4.2904,8.56,-11.4104,12.2836,-4.2966,8.55,-9.2812,15.4361,-4.2982,8.42,1.1551,1
62.199,6.1728,2.8333,3.8001,1,0,0.152,0.302,0.262,-6.5099,16.053,-4.29,8.58,-11.3974,12.2825,-4.2965,8.56,-9.275,15.4347,-4.2987,8.4,1.1592,1
62.299,6.1829,2.8572,3.797,1,0,0.143,0.305,0.261,-6.4774,16.0409,-4.2897,8.59,-11.3857,12.281,-4.2966,8.55,-9.2692,15.4335,-4.2991,8.39,1.1643,1
62.399,6.1923,2.8822,3.7928,1,0,0.135,0.308,0.261,-6.4441,16.0297,-4.2896,8.6,-11.3718,12.2797,-4.2966,8.53,-9.2637,15.4326,-4.2997,8.38,1.1681,1
62.499,6.2011,2.9081,3.7872,1,0,0.127,0.31,0.26,-6.41,16.0198,-4.2899,8.6,-11.3557,12.2789,-4.2964,8.52,-9.2581,15.4321,-4.2999,8.38,1.1707,1
62.599,6.2098,2.9347,3.7805,1,0,0.12,0.313,0.26,-6.3755,16.0113,-4.2907,8.6,-11.3379,12.2783,-4.2963,8.5,-9.2523,15.4314,-4.3002,8.37,1.1725,1
62.699,6.2184,2.9617,3.7731,1,0,0.113,0.315,0.26,-6.3408,16.0039,-4.2918,8.6,-11.3192,12.2778,-4.2965,8.48,-9.2464,15.4305,-4.3005,8.35,1.1736,1
62.799,6.2269,2.9888,3.7654,1,0,0.107,0.318,0.259,-6.3062,15.9974,-4.2929,8.59,-11.2998,12.2774,-4.2965,8.47,-9.2406,15.4298,-4.3004,8.34,3.5456,1
62.899,6.2359,3.0169,3.7571,1,0,0.102,0.32,0.259,-6.2716,15.9924,-4.2944,8.57,-11.2797,12.2769,-4.2966,8.47,-9.2354,15.4291,-4.3001,8.34,3.5455,1
62.999,6.2509,3.046,3.7524,1,0,0.098,0.323,0.259,-6.237,15.989,-4.2958,8.57,-11.2657,12.2759,-4.2966,8.45,-9.231,15.4288,-4.2997,8.34,3.5491,1
63.099,6.2745,3.0755,3.753,1,0,0.094,0.325,0.259,-6.2026,15.9871,-4.297,8.57,-11.2605,12.2741,-4.2965,8.43,-9.2269,15.4284,-4.2989,8.34,3.5585,1
63.199,6.305,3.1053,3.7579,1,0,0.091,0.328,0.26,-6.1683,15.9865,-4.2981,8.56,-11.2627,12.2716,-4.296,8.42,-9.2229,15.4278,-4.2983,8.35,3.5727,1
63.299,6.3403,3.1352,3.766,1,0,0.089,0.33,0.26,-6.1343,15.9865,-4.2989,8.56,-11.2699,12.2685,-4.2952,8.41,-9.2192,15.4271,-4.2979,8.36,3.5901,1
63.399,6.3789,3.1651,3.7768,1,0,0.088,0.333,0.261,-6.1007,15.9871,-4.2995,8.55,-11.2809,12.2648,-4.2945,8.4,-9.2159,15.427,-4.2977,8.37,3.6096,1
63.499,6.4199,3.1953,3.789,1,0,0.086,0.335,0.262,-6.0674,15.9882,-4.3001,8.55,-11.2943,12.2608,-4.2939,8.4,-9.2131,15.427,-4.2974,8.38,3.6306,1
63.599,6.463,3.2261,3.8021,1,0,0.085,0.338,0.263,-6.0339,15.9899,-4.3004,8.55,-11.3097,12.2567,-4.2934,8.39,-9.2105,15.4268,-4.297,8.38,3.6528,1
63.699,6.502,3.2565,3.812,1,0,0.084,0.34,0.264,-6.0006,15.9919,-4.3004,8.55,-11.3204,12.2535,-4.2928,8.37,-9.2077,15.4265,-4.2968,8.39,3.6719,1
63.799,6.5401,3.2865,3.8216,1,0,0.084,0.342,0.265,-5.9676,15.994,-4.3002,8.54,-11.3304,12.2507,-4.2923,8.36,-9.2047,15.4265,-4.2969,8.39,3.6906,1
63.899,6.5747,3.3164,3.8287,1,0,0.084,0.345,0.267,-5.9347,15.9962,-4.2995,8.53,-11.3366,12.2484,-4.292,8.36,-9.2018,15.4266,-4.297,8.4,3.7066,1
63.999,6.6035,3.3461,3.8313,1,0,0.084,0.347,0.269,-5.9019,15.9984,-4.2984,8.53,-11.3365,12.2473,-4.2919,8.36,-9.1989,15.4268,-4.2973,8.39,3.7184,1
64.099,6.6272,3.376,3.83,1,0,0.085,0.349,0.271,-5.869,16.0005,-4.2972,8.53,-11.3309,12.2471,-4.292,8.36,-9.1959,15.4268,-4.2976,8.39,3.7266,1
64.199,6.6467,3.4057,3.8255,1,0,0.085,0.352,0.273,-5.836,16.0024,-4.2957,8.53,-11.3208,12.2478,-4.2924,8.36,-9.1927,15.4268,-4.2978,8.38,3.7319,1
64.299,6.6684,3.435,3.8228,1,0,0.086,0.354,0.275,-5.8033,16.0044,-4.2939,8.53,-11.3132,12.2481,-4.2928,8.38,-9.1893,15.4267,-4.2981,8.37,3.7389,1
64.399,6.6953,3.4644,3.8241,1,0,0.087,0.356,0.277,-5.7708,16.0063,-4.2919,8.51,-11.3114,12.2475,-4.293,8.4,-9.1863,15.4268,-4.2985,8.36,3.7496,1
64.499,6.7246,3.494,3.8269,1,0,0.088,0.358,0.279,-5.7384,16.0081,-4.2903,8.5,-11.3123,12.2462,-4.2981,8.42,-9.1836,15.4264,-4.2988,8.35,3.7618,1
64.599,6.7545,3.5233,3.8301,1,0,0.089,0.361,0.28,-5.7062,16.0101,-4.2889,8.48,-11.3134,12.2442,-4.3098,8.44,-9.1807,15.4256,-4.2992,8.35,3.7743,1
64.699,6.7846,3.5519,3.8342,1,0,0.091,0.363,0.282,-5.6746,16.0123,-4.288,8.46,-11.3148,12.2417,-4.3266,8.45,-9.1775,15.4247,-4.2993,8.34,3.7869,1
64.799,6.8152,3.5799,3.8392,1,0,0.093,0.365,0.284,-5.6431,16.0142,-4.2877,8.46,-11.3164,12.2384,-4.3475,8.46,-9.1739,15.4238,-4.2995,8.33,3.7997,1
64.899,6.8461,3.6086,3.8442,1,0,0.094,0.367,0.286,-5.6114,16.0157,-4.2873,8.45,-11.3182,12.2348,-4.3714,8.47,-9.1709,15.4226,-4.2997,8.33,3.8126,1
64.999,6.8769,3.6377,3.8492,1,0,0.096,0.369,0.287,-5.5796,16.017,-4.2874,8.45,-11.3196,12.2313,-4.3976,8.47,-9.1682,15.4216,-4.2996,8.34,3.8253,1
65.099,6.9075,3.6668,3.8545,1,0,0.098,0.371,0.289,-5.5476,16.018,-4.2876,8.43,-11.3207,12.2277,-4.4255,8.47,-9.1655,15.4209,-4.2993,8.36,3.838,1
65.199,6.9414,3.6962,3.862,1,0,0.1,0.373,0.291,-5.5156,16.0187,-4.2877,8.42,-11.3257,12.2241,-4.4483,8.46,-9.1629,15.4202,-4.299,8.38,3.8532,1
65.299,6.9726,3.7257,3.867,1,0,0.103,0.375,0.293,-5.4835,16.0193,-4.2882,8.41,-11.3286,12.2217,-4.4632,8.46,-9.1607,15.4197,-4.2986,8.4,3.8668,1
65.399,6.9975,3.7552,3.8667,1,0,0.105,0.377,0.294,-5.4517,16.0199,-4.2895,8.4,-11.3256,12.2213,-4.4721,8.45,-9.1585,15.419,-4.2982,8.41,3.8763,1
65.499,7.0171,3.7846,3.8622,1,0,0.108,0.379,0.296,-5.4202,16.0205,-4.2909,8.39,-11.3175,12.2223,-4.4764,8.45,-9.1566,15.4184,-4.2979,8.42,3.8822,1
65.599,7.0328,3.8137,3.8549,1,0,0.11,0.381,0.298,-5.3889,16.0209,-4.292,8.38,-11.3058,12.2241,-4.477,8.45,-9.1546,15.4179,-4.2978,8.42,3.8855,1
65.699,7.0457,3.8424,3.8459,1,0,0.113,0.383,0.299,-5.3578,16.0211,-4.2928,8.38,-11.2915,12.2264,-4.4748,8.45,-9.1526,15.4177,-4.298,8.41,3.8869,1
65.799,7.0553,3.8703,3.8355,1,0,0.115,0.385,0.301,-5.3273,16.0199,-4.2934,8.39,-11.2751,12.2293,-4.4706,8.46,-9.1504,15.4179,-4.2983,8.41,3.8868,1
65.899,7.0629,3.898,3.8237,1,0,0.118,0.386,0.303,-5.2969,16.0183,-4.294,8.4,-11.257,12.2325,-4.465,8.46,-9.1484,15.4178,-4.2984,8.4,3.8855,1
65.999,7.0694,3.9253,3.8115,1,0,0.121,0.388,0.304,-5.2667,16.0166,-4.2943,8.41,-11.2378,12.2358,-4.458,8.47,-9.1461,15.4179,-4.2983,8.41,3.8834,1
66.099,7.0802,3.9523,3.8026,1,0,0.134,0.34,0.262,-5.2368,16.0153,-4.2947,8.43,-11.2235,12.2384,-4.4501,8.48,-9.1438,15.4183,-4.2981,8.41,3.8844,1
66.199,7.0964,3.9784,3.7983,1,0,0.135,0.341,0.264,-5.2094,16.0135,-4.2949,8.45,-11.2183,12.2412,-4.4415,8.49,-9.1432,15.4193,-4.2982,8.41,3.8901,1
66.299,7.1172,4.004,3.7973,1,0,0.137,0.343,0.266,-5.1848,16.012,-4.2949,8.48,-11.2216,12.2445,-4.4329,8.51,-9.145,15.4208,-4.2983,8.41,3.8998,1
66.399,7.142,4.0301,3.7988,1,0,0.138,0.345,0.268,-5.1621,16.0104,-4.2949,8.5,-11.2314,12.2481,-4.4242,8.52,-9.1491,15.4228,-4.2984,8.42,3.9125,1
66.499,7.1648,4.0565,3.7988,1,0,0.139,0.347,0.27,-5.1405,16.0095,-4.2947,8.51,-11.2399,12.2522,-4.4158,8.52,-9.1548,15.4254,-4.2985,8.42,3.9233,1
66.599,7.1836,4.0836,3.7956,1,0,0.141,0.348,0.272,-5.1195,16.0098,-4.2947,8.51,-11.2438,12.257,-4.4079,8.52,-9.1615,15.4285,-4.2986,8.42,3.9306,1
66.699,7.2036,4.11,3.7937,1,0,0.142,0.35,0.275,-5.0994,16.0102,-4.2947,8.53,-11.2497,12.2614,-4.4003,8.51,-9.1685,15.4315,-4.2988,8.42,3.9388,1
66.799,7.2221,4.1359,3.7913,1,0,0.144,0.352,0.277,-5.0798,16.0101,-4.2953,8.55,-11.2547,12.2657,-4.393,8.51,-9.1755,15.4345,-4.299,8.42,3.9463,1
66.899,7.2401,4.1585,3.7907,1,0,0.145,0.353,0.279,-5.0636,16.0102,-4.2982,8.56,-11.2616,12.269,-4.3858,8.5,-9.1825,15.4375,-4.2992,8.41,3.9539,1
66.999,7.2611,4.1789,3.7936,1,0,0.147,0.355,0.281,-5.0496,16.0111,-4.3038,8.55,-11.2731,12.2713,-4.3792,8.52,-9.1893,15.4403,-4.2994,8.4,3.9638,1
67.099,7.287,4.1994,3.7996,1,0,0.148,0.356,0.283,-5.035,16.0128,-4.3095,8.54,-11.2885,12.2725,-4.3729,8.54,-9.1955,15.4429,-4.2997,8.4,3.9768,1
67.199,7.312,4.2211,3.8034,1,0,0.15,0.357,0.285,-5.0188,16.0157,-4.3139,8.54,-11.3009,12.2742,-4.3669,8.56,-9.2011,15.4448,-4.3003,8.4,3.9885,1
67.299,7.3282,4.239,3.803,1,0,0.152,0.359,0.287,-5.0064,16.0187,-4.3172,8.55,-11.3069,12.2766,-4.3611,8.56,-9.2065,15.4464,-4.3006,8.41,3.9949,1
67.399,7.3391,4.2556,3.7995,1,0,0.153,0.36,0.288,-4.9947,16.0223,-4.3195,8.55,-11.3076,12.2793,-4.3554,8.56,-9.2114,15.4478,-4.3006,8.41,3.9975,1
67.499,7.3488,4.2738,3.7941,1,0,0.155,0.361,0.29,-4.981,16.0263,-4.3208,8.55,-11.3044,12.2823,-4.35,8.57,-9.2156,15.4492,-4.3006,8.4,3.9986,1
67.599,7.3579,4.2938,3.787,1,0,0.157,0.362,0.291,-4.965,16.0302,-4.3212,8.55,-11.2983,12.2849,-4.3451,8.58,-9.2194,15.4499,-4.3006,8.39,3.9986,1
67.699,7.3652,4.3137,3.7785,1,0,0.159,0.364,0.293,-4.9485,16.034,-4.3196,8.55,-11.2897,12.2876,-4.3406,8.58,-9.2224,15.4502,-4.3005,8.39,3.9973,1
67.799,7.3717,4.3337,3.7692,1,0,0.161,0.365,0.294,-4.931,16.0379,-4.3174,8.55,-11.279,12.2904,-4.3365,8.59,-9.2247,15.4504,-4.3005,8.39,3.9953,1
67.899,7.3782,4.355,3.759,1,0,0.163,0.366,0.295,-4.9117,16.042,-4.3155,8.54,-11.2666,12.2932,-4.3325,8.59,-9.2263,15.4502,-4.3002,8.39,3.9929,1
67.999,7.3905,4.377,3.7522,1,0,0.165,0.367,0.296,-4.8911,16.046,-4.3136,8.54,-11.2591,12.2952,-4.3289,8.6,-9.2272,15.4495,-4.2997,8.39,3.9944,1
68.099,7.4107,4.3997,3.7506,1,0,0.167,0.368,0.297,-4.8695,16.0495,-4.3115,8.54,-11.2591,12.2958,-4.3258,8.6,-9.2279,15.4487,-4.2993,8.39,4.0014,1
68.199,7.4374,4.4227,3.7534,1,0,0.169,0.369,0.298,-4.8471,16.0529,-4.3095,8.54,-11.2655,12.2954,-4.3229,8.6,-9.2282,15.4476,-4.2984,8.41,4.013,1
68.299,7.4694,4.4456,3.76,1,0,0.172,0.37,0.299,-4.8241,16.0561,-4.3076,8.54,-11.2768,12.294,-4.3203,8.6,-9.2276,15.4464,-4.2973,8.43,4.0284,1
68.399,7.5049,4.4688,3.7684,1,0,0.174,0.37,0.299,-4.8002,16.0592,-4.3059,8.54,-11.2913,12.2923,-4.3175,8.6,-9.2266,15.4447,-4.2961,8.45,4.0463,1
68.499,7.5427,4.4924,3.7785,1,0,0.176,0.371,0.3,-4.7758,16.0624,-4.3046,8.54,-11.3073,12.29,-4.3147,8.58,-9.2252,15.443,-4.2952,8.45,4.0656,1
68.599,7.5763,4.516,3.7856,1,0,0.179,0.372,0.301,-4.751,16.0657,-4.3038,8.53,-11.3186,12.2885,-4.3123,8.56,-9.2237,15.4415,-4.2945,8.45,4.0818,1
68.699,7.6028,4.5396,3.7876,1,0,0.181,0.373,0.301,-4.7263,16.0689,-4.3031,8.53,-11.3223,12.288,-4.31,8.54,-9.222,15.4399,-4.2942,8.46,4.0931,1
68.799,7.6237,4.563,3.7856,1,0,0.183,0.373,0.301,-4.7016,16.072,-4.3024,8.54,-11.32,12.2881,-4.3078,8.53,-9.2203,15.4381,-4.2942,8.46,4.1003,1
68.899,7.6405,4.5865,3.7809,1,0,0.186,0.374,0.302,-4.6767,16.075,-4.3018,8.55,-11.3129,12.2886,-4.3056,8.52,-9.2185,15.4364,-4.2942,8.47,4.1046,1
68.999,7.6546,4.6101,3.7746,1,0,0.188,0.374,0.302,-4.6513,16.0782,-4.301,8.55,-11.3024,12.2892,-4.3041,8.52,-9.2163,15.435,-4.294,8.47,4.1067,1
69.099,7.6721,4.6339,3.7708,1,0,0.191,0.375,0.302,-4.6253,16.0812,-4.3002,8.54,-11.2948,12.2893,-4.3032,8.52,-9.2137,15.4338,-4.294,8.48,4.1112,1
69.199,7.6895,4.6579,3.7669,1,0,0.193,0.375,0.303,-4.599,16.0839,-4.2997,8.54,-11.287,12.2895,-4.3026,8.53,-9.2112,15.4328,-4.2941,8.5,4.1156,1
69.299,7.7044,4.6821,3.761,1,0,0.196,0.376,0.303,-4.5726,16.0867,-4.2997,8.52,-11.2767,12.2903,-4.3017,8.52,-9.2087,15.4317,-4.2943,8.52,4.1184,1
69.399,7.7172,4.7061,3.7537,1,0,0.198,0.376,0.303,-4.5462,16.0898,-4.3,8.51,-11.2639,12.2915,-4.3007,8.52,-9.2059,15.4307,-4.2942,8.54,4.1195,1
69.499,7.7283,4.7301,3.7455,1,0,0.2,0.376,0.303,-4.5198,16.0932,-4.3,8.51,-11.249,12.2926,-4.3,8.52,-9.2032,15.4301,-4.2939,8.56,4.1193,1
69.599,7.7383,4.7544,3.7366,1,0,0.203,0.376,0.303,-4.493,16.0971,-4.3003,8.52,-11.2322,12.2939,-4.2996,8.52,-9.2004,15.4299,-4.2937,8.57,4.118,1
69.699,7.753,4.7792,3.731,1,0,0.205,0.377,0.303,-4.4661,16.1011,-4.3004,8.54,-11.2203,12.2946,-4.2993,8.51,-9.198,15.43,-4.2934,8.6,4.1198,1
69.799,7.7747,4.8042,3.7302,1,0,0.208,0.377,0.303,-4.4394,16.105,-4.3002,8.56,-11.2164,12.2945,-4.299,8.5,-9.196,15.4302,-4.2933,8.62,4.1267,1
69.899,7.8034,4.829,3.7341,1,0,0.21,0.377,0.303,-4.4129,16.1091,-4.3,8.59,-11.2199,12.2937,-4.299,8.48,-9.194,15.4305,-4.2932,8.62,4.1385,1
69.999,7.837,4.854,3.7413,1,0,0.213,0.377,0.303,-4.3864,16.1132,-4.2997,8.6,-11.2288,12.2921,-4.299,8.48,-9.1921,15.4305,-4.2932,8.63,4.1539,1
70.099,7.8735,4.8788,3.7503,1,0,0.215,0.377,0.302,-4.36,16.117,-4.2995,8.61,-11.2412,12.2905,-4.2989,8.48,-9.1902,15.4302,-4.2932,8.64,4.1716,1
70.199,7.9127,4.9038,3.7606,1,0,0.217,0.377,0.302,-4.3332,16.1208,-4.2998,8.61,-11.2561,12.2889,-4.2986,8.49,-9.188,15.4297,-4.2933,8.65,4.1913,1
70.299,7.9531,4.9293,3.7715,1,0,0.22,0.377,0.302,-4.3058,16.1246,-4.3,8.61,-11.2719,12.2875,-4.2983,8.49,-9.1858,15.4294,-4.2931,8.66,4.2117,1
70.399,7.9884,4.9549,3.7792,1,0,0.222,0.376,0.302,-4.2781,16.1283,-4.2999,8.61,-11.2822,12.2867,-4.298,8.49,-9.1835,15.4296,-4.2929,8.66,4.2285,1
70.499,8.0232,4.9806,3.7868,1,0,0.224,0.376,0.301,-4.2502,16.1319,-4.2997,8.62,-11.2917,12.2863,-4.2976,8.49,-9.1811,15.4303,-4.2929,8.65,4.2449,1
70.599,8.0545,5.0064,3.7917,1,0,0.227,0.376,0.301,-4.2221,16.1353,-4.2992,8.62,-11.2976,12.2868,-4.2969,8.49,-9.1787,15.4312,-4.2929,8.64,4.259,1
70.699,8.0798,5.032,3.7926,1,0,0.229,0.376,0.3,-4.1941,16.1388,-4.2989,8.62,-11.2973,12.2881,-4.2962,8.49,-9.1762,15.4321,-4.2931,8.65,4.2689,1
70.799,8.1059,5.0576,3.7942,1,0,0.231,0.375,0.3,-4.1659,16.1425,-4.2993,8.62,-11.2975,12.2892,-4.296,8.49,-9.1736,15.4333,-4.2935,8.65,4.2793,1
70.899,8.1302,5.0833,3.7944,1,0,0.233,0.375,0.299,-4.1376,16.1463,-4.2999,8.61,-11.2956,12.2908,-4.2959,8.5,-9.1709,15.4345,-4.2941,8.65,4.2884,1
70.999,8.1501,5.109,3.7914,1,0,0.235,0.374,0.299,-4.1095,16.15,-4.2999,8.6,-11.2891,12.2929,-4.2959,8.5,-9.1683,15.4357,-4.2944,8.64,4.2943,1
71.099,8.1664,5.1346,3.7863,1,0,0.237,0.374,0.298,-4.0812,16.1534,-4.2997,8.58,-11.2788,12.2951,-4.2962,8.5,-9.1656,15.4368,-4.2946,8.63,4.2977,1
71.199,8.1799,5.1597,3.7799,1,0,0.239,0.373,0.297,-4.0532,16.1564,-4.2991,8.57,-11.2656,12.2971,-4.2964,8.5,-9.1627,15.438,-4.295,8.63,4.2993,1
71.299,8.1976,5.1847,3.7767,1,0,0.241,0.373,0.296,-4.0254,16.159,-4.2983,8.57,-11.2569,12.2981,-4.2965,8.49,-9.1599,15.4391,-4.2954,8.63,4.3037,1
71.399,8.2158,5.2101,3.7737,1,0,0.243,0.372,0.296,-3.9975,16.1616,-4.2977,8.57,-11.2488,12.299,-4.2965,8.48,-9.1575,15.4402,-4.2956,8.62,4.3084,1
71.499,8.2314,5.2361,3.7684,1,0,0.245,0.371,0.295,-3.9694,16.164,-4.2972,8.57,-11.2378,12.3005,-4.2962,8.47,-9.1554,15.4413,-4.2961,8.61,4.3111,1
71.599,8.2446,5.2627,3.7611,1,0,0.246,0.37,0.294,-3.941,16.1665,-4.2968,8.57,-11.224,12.3023,-4.2957,8.48,-9.1536,15.4423,-4.2967,8.61,4.312,1
71.699,8.2562,5.2897,3.7524,1,0,0.248,0.37,0.293,-3.9122,16.1692,-4.2965,8.56,-11.208,12.3044,-4.2952,8.49,-9.1518,15.4433,-4.2975,8.6,4.3115,1
71.799,8.2665,5.3165,3.7427,1,0,0.25,0.369,0.292,-3.8834,16.1725,-4.2959,8.56,-11.1904,12.3068,-4.2948,8.5,-9.1497,15.4442,-4.2984,8.59,4.3101,1
71.899,8.2754,5.3432,3.7319,1,0,0.251,0.368,0.291,-3.8545,16.1762,-4.295,8.55,-11.171,12.3096,-4.2944,8.52,-9.1475,15.4452,-4.2991,8.58,4.3075,1
71.999,8.2835,5.3703,3.7207,1,0,0.253,0.367,0.29,-3.8255,16.18,-4.2939,8.54,-11.1506,12.3122,-4.294,8.53,-9.1454,15.4463,-4.2997,8.58,4.3043,1
72.099,8.2974,5.3972,3.7138,1,0,0.152,0.256,0.182,-3.7965,16.184,-4.293,8.53,-11.136,12.3138,-4.2936,8.55,-9.1433,15.4477,-4.3002,8.58,4.3049,1
72.199,8.3187,5.4239,3.7121,1,0,0.153,0.254,0.181,-3.7673,16.1893,-4.2923,8.52,-11.129,12.3158,-4.2931,8.56,-9.1406,15.4503,-4.3007,8.58,4.3109,1
72.299,8.3469,5.4505,3.7148,1,0,0.154,0.253,0.18,-3.7376,16.1959,-4.2917,8.51,-11.1292,12.3182,-4.2923,8.57,-9.1373,15.4539,-4.3014,8.57,4.322,1
72.399,8.3807,5.4772,3.7208,1,0,0.156,0.252,0.179,-3.7076,16.2037,-4.291,8.51,-11.1348,12.3214,-4.2917,8.58,-9.1339,15.4584,-4.302,8.57,4.3369,1
72.499,8.4188,5.5042,3.7292,1,0,0.157,0.251,0.177,-3.6777,16.2126,-4.2904,8.52,-11.1451,12.3251,-4.2916,8.6,-9.1306,15.4633,-4.3021,8.57,4.3548,1
72.599,8.4597,5.5316,3.7388,1,0,0.158,0.25,0.176,-3.6476,16.2219,-4.2897,8.53,-11.1586,12.3293,-4.2918,8.62,-9.1277,15.4684,-4.3023,8.56,4.3748,1
72.699,8.5021,5.5594,3.7491,1,0,0.159,0.249,0.175,-3.6171,16.2312,-4.2888,8.55,-11.1734,12.3338,-4.2921,8.62,-9.1246,15.4736,-4.3026,8.55,4.3958,1
72.799,8.539,5.5873,3.7554,1,0,0.161,0.247,0.174,-3.5863,16.2405,-4.2884,8.56,-11.1821,12.3395,-4.2924,8.62,-9.1214,15.4789,-4.3024,8.53,4.413,1
72.899,8.5746,5.6151,3.7608,1,0,0.162,0.246,0.172,-3.5557,16.2498,-4.2886,8.57,-11.1897,12.3454,-4.2925,8.61,-9.1183,15.4843,-4.3017,8.52,4.4293,1
72.999,8.607,5.6432,3.7639,1,0,0.163,0.244,0.171,-3.5248,16.2586,-4.2887,8.57,-11.1939,12.3515,-4.2925,8.59,-9.1153,15.4894,-4.3012,8.51,4.4434,1
73.099,8.6332,5.6713,3.7627,0,0,0.164,0.243,0.169,-3.4937,16.2669,-4.2885,8.57,-11.1913,12.3581,-4.2926,8.58,-9.1121,15.4942,-4.3006,8.51,4.4531,1
73.199,8.6539,5.6996,3.7575,0,0,0.165,0.241,0.168,-3.4625,16.275,-4.2877,8.56,-11.1828,12.3652,-4.2928,8.56,-9.1089,15.4986,-4.2998,8.52,4.4589,1
73.299,8.6702,5.7279,3.7492,0,0,0.165,0.24,0.166,-3.4312,16.2826,-4.2868,8.55,-11.1698,12.3727,-4.2928,8.56,-9.1057,15.5025,-4.299,8.52,4.4617,1
73.399,8.6835,5.7562,3.7387,0,0,0.166,0.238,0.165,-3.3998,16.2895,-4.2861,8.53,-11.1535,12.38,-4.2925,8.55,-9.1024,15.5059,-4.2981,8.52,4.4624,1
73.499,8.6944,5.7848,3.7262,0,0,0.167,0.237,0.163,-3.3683,16.2959,-4.2858,8.52,-11.1345,12.3872,-4.2923,8.54,-9.0993,15.5084,-4.2971,8.51,4.4613,1
73.599,8.7088,5.8137,3.716,0,0,0.167,0.235,0.162,-3.337,16.3018,-4.286,8.51,-11.1195,12.3934,-4.2925,8.55,-9.0966,15.5106,-4.2965,8.49,4.4626,1
73.699,8.7296,5.8427,3.7105,0,0,0.167,0.233,0.16,-3.3061,16.3072,-4.2861,8.5,-11.1116,12.3982,-4.2928,8.54,-9.0945,15.5126,-4.2961,8.47,4.4684,1
73.799,8.7561,5.8721,3.7085,0,0,0.168,0.231,0.158,-3.2751,16.3122,-4.2864,8.48,-11.1093,12.4016,-4.2933,8.54,-9.0926,15.5138,-4.2959,8.45,4.4778,1
73.899,8.7875,5.9015,3.7099,0,0,0.168,0.23,0.156,-3.2441,16.3174,-4.2866,8.47,-11.1121,12.4039,-4.294,8.54,-9.0907,15.5148,-4.2962,8.43,4.4906,1
73.999,8.8229,5.9308,3.7144,0,0,0.168,0.228,0.155,-3.2132,16.3224,-4.2871,8.47,-11.1189,12.4054,-4.295,8.55,-9.0889,15.5159,-4.2967,8.41,4.5061,1
74.099,8.8548,5.96,3.7166,0,0,0.168,0.226,0.153,-3.1821,16.3271,-4.2877,8.47,-11.122,12.407,-4.2958,8.56,-9.0868,15.517,-4.2974,8.38,4.5191,1
74.199,8.8863,5.9894,3.7188,0,0,0.168,0.224,0.151,-3.151,16.3316,-4.2883,8.47,-11.1243,12.4083,-4.2964,8.57,-9.0849,15.5181,-4.298,8.36,4.5317,1
74.299,8.92,6.0188,3.7232,0,0,0.168,0.222,0.149,-3.12,16.3353,-4.2884,8.46,-11.1292,12.4087,-4.2971,8.58,-9.0831,15.5194,-4.2984,8.35,4.5459,1
74.399,8.9564,6.048,3.7296,0,0,0.167,0.22,0.147,-3.0891,16.3391,-4.2883,8.44,-11.1369,12.4086,-4.2979,8.59,-9.0814,15.5207,-4.2986,8.33,4.5619,1
74.499,8.9954,6.0773,3.7376,0,0,0.167,0.218,0.145,-3.0582,16.343,-4.2888,8.43,-11.1473,12.4081,-4.2984,8.59,-9.0797,15.5218,-4.2986,8.31,4.5797,1
74.599,9.03,6.1066,3.7424,0,0,0.167,0.216,0.143,-3.0274,16.347,-4.2896,8.42,-11.1531,12.4083,-4.2989,8.59,-9.0781,15.5227,-4.2985,8.3,4.5944,1
74.699,9.0633,6.1359,3.7461,0,0,0.166,0.214,0.141,-2.9965,16.351,-4.2901,8.42,-11.1574,12.4085,-4.2994,8.59,-9.0764,15.5234,-4.298,8.3,4.6081,1
74.799,9.093,6.1656,3.7474,0,0,0.165,0.212,0.139,-2.9657,16.3549,-4.2905,8.43,-11.1578,12.4087,-4.3,8.6,-9.0751,15.524,-4.2975,8.3,4.6191,1
74.899,9.1166,6.1957,3.7442,0,0,0.165,0.21,0.137,-2.935,16.3586,-4.2908,8.44,-11.1519,12.4095,-4.3003,8.6,-9.0743,15.5244,-4.2969,8.3,4.6257,1
74.999,9.1351,6.2259,3.7373,0,0,0.164,0.207,0.135,-2.9044,16.3622,-4.2911,8.45,-11.1407,12.4109,-4.3006,8.6,-9.0737,15.5246,-4.2964,8.3,4.6286,1
75.099,9.1551,6.2559,3.7319,0,0,0.163,0.205,0.133,-2.8739,16.366,-4.2916,8.45,-11.1311,12.4118,-4.3009,8.61,-9.0731,15.5249,-4.2962,8.31,4.6326,1
75.199,9.1751,6.2861,3.7264,0,0,0.163,0.203,0.131,-2.8433,16.37,-4.2921,8.45,-11.121,12.4126,-4.3008,8.61,-9.0724,15.5254,-4.2963,8.33,4.6363,1
75.299,9.1921,6.3169,3.7191,0,0,0.162,0.201,0.129,-2.8123,16.3741,-4.293,8.44,-11.1073,12.4134,-4.3008,8.61,-9.072,15.5261,-4.2963,8.34,4.6376,1
75.399,9.2121,6.3478,3.7137,0,0,0.161,0.198,0.127,-2.7811,16.3785,-4.2939,8.43,-11.0963,12.4137,-4.3007,8.6,-9.0716,15.5269,-4.2961,8.35,4.6408,1
75.499,9.2383,6.3793,3.712,0,0,0.16,0.196,0.125,-2.7495,16.383,-4.2946,8.43,-11.0915,12.4134,-4.3006,8.6,-9.0712,15.5274,-4.2961,8.36,4.6483,1
75.599,9.2692,6.4109,3.7132,0,0,0.159,0.193,0.123,-2.7178,16.3875,-4.2954,8.43,-11.0914,12.4125,-4.3008,8.6,-9.0708,15.5279,-4.2962,8.36,4.6589,1
75.699,9.2972,6.4424,3.7124,0,0,0.158,0.191,0.121,-2.6864,16.3924,-4.2964,8.42,-11.0886,12.4122,-4.3007,8.6,-9.0706,15.5283,-4.2962,8.36,4.6676,1
75.799,9.3199,6.4735,3.7079,0,0,0.156,0.188,0.119,-2.6554,16.3978,-4.2976,8.42,-11.0806,12.4131,-4.3005,8.61,-9.0703,15.5287,-4.2962,8.36,4.6726,1
75.899,9.3447,6.5044,3.7049,0,0,0.155,0.186,0.117,-2.6245,16.4029,-4.2983,8.41,-11.0749,12.4137,-4.3003,8.61,-9.07,15.5292,-4.2961,8.38,4.6793,1
75.999,9.3754,6.5352,3.7057,0,0,0.154,0.183,0.115,-2.5936,16.4081,-4.2989,8.41,-11.0754,12.4135,-4.2999,8.61,-9.0695,15.5293,-4.2959,8.39,4.6901,1
76.099,9.4106,6.5659,3.7094,0,0,0.152,0.181,0.113,-2.5629,16.4131,-4.2995,8.41,-11.0808,12.4127,-4.2995,8.61,-9.069,15.5292,-4.2957,8.41,4.7041,1
76.199,9.4489,6.5967,3.7153,0,0,0.151,0.178,0.111,-2.5321,16.4181,-4.2999,8.42,-11.0895,12.4113,-4.2992,8.62,-9.0687,15.529,-4.2953,8.44,4.7203,1
76.299,9.4897,6.6275,3.7229,0,0,0.15,0.176,0.109,-2.5013,16.423,-4.3001,8.42,-11.1005,12.4095,-4.2988,8.61,-9.0682,15.5287,-4.2942,8.47,4.7381,1
76.399,9.532,6.658,3.7316,0,0,0.148,0.173,0.106,-2.4706,16.4277,-4.3003,8.42,-11.1133,12.4076,-4.2984,8.6,-9.0676,15.5285,-4.293,8.48,4.7571,1
76.499,9.5753,6.6833,3.7449,0,0,0.146,0.171,0.104,-2.44,16.4325,-4.3001,8.42,-11.1274,12.4057,-4.2984,8.6,-9.062,15.5295,-4.2918,8.48,4.7786,1
76.599,9.613,6.7014,3.7595,0,0,0.145,0.168,0.101,-2.4095,16.4371,-4.2998,8.44,-11.1359,12.4048,-4.2985,8.59,-9.0495,15.5322,-4.2909,8.48,4.7986,1
76.699,9.6496,6.7141,3.7777,0,0,0.143,0.165,0.099,-2.3788,16.4416,-4.2994,8.46,-11.143,12.4039,-4.2984,8.57,-9.0316,15.5364,-4.2906,8.47,4.8196,1
76.799,9.6822,6.7224,3.7967,0,0,0.141,0.162,0.096,-2.3481,16.446,-4.2987,8.48,-11.146,12.4034,-4.2981,8.54,-9.0095,15.5419,-4.2903,8.46,4.8391,1
76.899,9.714,6.727,3.8185,0,0,0.139,0.16,0.093,-2.3179,16.4504,-4.2983,8.5,-11.1483,12.4026,-4.2978,8.51,-8.9841,15.5486,-4.2901,8.46,4.8593,1
76.999,9.7425,6.7293,3.8401,0,0,0.137,0.157,0.09,-2.2876,16.4552,-4.2982,8.52,-11.1471,12.4021,-4.2975,8.49,-8.9566,15.5561,-4.2902,8.46,4.8778,1
77.099,9.7664,6.7294,3.8588,0,0,0.136,0.154,0.088,-2.2585,16.465,-4.2984,8.44,-11.1398,12.4024,-4.2973,8.48,-8.9273,15.564,-4.2903,8.46,4.8924,1
77.199,9.7873,6.7276,3.8757,0,0,0.134,0.151,0.085,-2.2308,16.4821,-4.2993,8.28,-11.1278,12.4035,-4.2978,8.47,-8.8965,15.5724,-4.2904,8.46,4.904,1
77.299,9.8062,6.7245,3.891,0,0,0.132,0.149,0.083,-2.204,16.5046,-4.3008,8.04,-11.1121,12.4049,-4.2983,8.47,-8.8647,15.5813,-4.2907,8.46,4.9132,1
77.399,9.8229,6.7206,3.9047,0,0,0.13,0.146,0.081,-2.178,16.5309,-4.3029,7.77,-11.0932,12.4068,-4.2989,8.48,-8.8324,15.5905,-4.2916,8.47,4.9203,1
77.499,9.8385,6.7161,3.9174,0,0,0.128,0.143,0.08,-2.1524,16.5602,-4.3056,7.47,-11.0723,12.4092,-4.2994,8.49,-8.7995,15.5998,-4.292,8.49,4.926,1
77.599,9.8532,6.711,3.9292,0,0,0.126,0.14,0.078,-2.1274,16.5916,-4.3083,7.16,-11.0501,12.4118,-4.2999,8.49,-8.7661,15.609,-4.2919,8.5,4.931,1
77.699,9.8675,6.7059,3.9404,0,0,0.124,0.137,0.078,-2.1028,16.625,-4.311,6.85,-11.0269,12.4146,-4.3003,8.48,-8.7326,15.6182,-4.2915,8.51,4.9351,1
77.799,9.8816,6.7011,3.951,0,0,0.122,0.129,0.077,-2.0782,16.6599,-4.3133,6.54,-11.0028,12.4174,-4.3007,8.47,-8.6993,15.6274,-4.2912,8.51,4.9387,1
77.899,9.8958,6.6963,3.9616,0,0,0.12,0.126,0.077,-2.0537,16.6959,-4.3154,6.23,-10.9783,12.4205,-4.3012,8.46,-8.6657,15.637,-4.2911,8.5,4.9421,1
77.999,9.9099,6.6912,3.9721,0,0,0.118,0.123,0.078,-2.0294,16.7324,-4.3176,5.93,-10.9536,12.4239,-4.3013,8.45,-8.6319,15.6468,-4.2905,8.48,4.9454,1
78.099,9.9234,6.6859,3.9826,0,0,0.133,0.137,0.073,-2.0052,16.7693,-4.3199,5.63,-10.9284,12.4276,-4.301,8.45,-8.5979,15.657,-4.2898,8.46,4.9485,1
78.199,9.9371,6.6814,3.9926,0,0,0.131,0.135,0.074,-1.9793,16.8066,-4.3221,5.35,-10.9014,12.4314,-4.3005,8.43,-8.5628,15.6674,-4.289,8.44,4.9513,1
78.299,9.9509,6.6775,4.0021,0,0,0.13,0.132,0.076,-1.9513,16.844,-4.3244,5.07,-10.8723,12.4352,-4.2997,8.42,-8.526,15.6773,-4.2882,8.43,4.954,1
78.399,9.9651,6.6743,4.0112,0,0,0.128,0.13,0.078,-1.9218,16.8815,-4.3268,4.81,-10.8419,12.439,-4.299,8.41,-8.4882,15.6871,-4.288,8.41,4.9567,1
78.499,9.98,6.672,4.0202,0,0,0.127,0.127,0.081,-1.8908,16.9192,-4.3291,4.58,-10.8105,12.4427,-4.2988,8.41,-8.4497,15.6967,-4.2881,8.4,4.9595,1
78.599,9.9952,6.6703,4.0288,0,0,0.126,0.125,0.085,-1.8589,16.9572,-4.3311,4.35,-10.7784,12.4466,-4.2987,8.4,-8.4106,15.7062,-4.288,8.4,4.9624,1
78.699,10.0109,6.6686,4.0376,0,0,0.124,0.123,0.088,-1.8265,16.9952,-4.3328,4.13,-10.7463,12.4504,-4.299,8.42,-8.371,15.7154,-4.2877,8.4,4.9656,1
78.799,10.0271,6.6674,4.0465,0,0,0.123,0.12,0.093,-1.794,17.0333,-4.3342,3.93,-10.7143,12.4542,-4.2996,8.43,-8.3315,15.7247,-4.2871,8.41,4.9691,1
78.899,10.0436,6.6664,4.0552,0,0,0.121,0.118,0.097,-1.7613,17.0716,-4.3354,3.73,-10.6825,12.4581,-4.3001,8.44,-8.2919,15.7338,-4.2862,8.41,4.9727,1
78.999,10.0636,6.6658,4.066,0,0,0.125,0.116,0.102,-1.7285,17.1101,-4.3363,3.54,-10.6545,12.4622,-4.3054,8.44,-8.2524,15.7428,-4.2853,8.4,4.9788,1
79.099,10.0884,6.6658,4.0799,0,0,0.123,0.114,0.107,-1.6955,17.1483,-4.3374,3.36,-10.6317,12.4666,-4.3173,8.45,-8.2132,15.7522,-4.2848,8.39,4.9885,1
79.199,10.117,6.6666,4.0964,0,0,0.121,0.112,0.112,-1.662,17.1852,-4.3391,3.1,-10.6134,12.4708,-4.3347,8.46,-8.1746,15.7617,-4.2845,8.39,5.0011,1
79.299,10.1492,6.6683,4.1152,0,0,0.119,0.11,0.117,-1.628,17.2212,-4.3413,2.76,-10.5989,12.4748,-4.3562,8.47,-8.1365,15.7712,-4.2845,8.39,5.0163,1
79.399,10.1841,6.6706,4.1359,0,0,0.118,0.109,0.123,-1.5936,17.2568,-4.3438,2.36,-10.5871,12.4786,-4.3809,8.49,-8.0986,15.7807,-4.2846,8.4,5.0335,1
79.499,10.2208,6.6734,4.1581,0,0,0.116,0.107,0.128,-1.5591,17.2919,-4.3467,1.94,-10.5773,12.4823,-4.408,8.5,-8.0611,15.7903,-4.2844,8.4,5.0519,1
79.599,10.259,6.6766,4.1815,0,0,0.114,0.106,0.134,-1.5247,17.3269,-4.35,1.52,-10.5692,12.4858,-4.437,8.49,-8.0239,15.7999,-4.2842,8.39,5.0715,1
79.699,10.2948,6.6796,4.2037,0,0,0.113,0.104,0.139,-1.4907,17.3617,-4.3535,1.09,-10.5587,12.4892,-4.4613,8.49,-7.9871,15.8097,-4.284,8.39,5.0893,1
79.799,10.3267,6.6829,4.223,0,0,0.112,0.103,0.145,-1.4567,17.3963,-4.3569,0.66,-10.5441,12.4927,-4.4782,8.5,-7.9505,15.8198,-4.284,8.4,5.1042,1
79.899,10.3559,6.6866,4.2401,0,0,0.11,0.102,0.151,-1.4225,17.4309,-4.3596,0.25,-10.5261,12.4962,-4.4889,8.5,-7.9142,15.83,-4.2841,8.41,5.1167,1
79.999,10.3829,6.6909,4.2553,0,0,0.109,0.101,0.156,-1.3886,17.466,-4.3618,-0.14,-10.5056,12.4994,-4.4944,8.5,-7.8784,15.8403,-4.2841,8.41,5.1274,1
80.099,10.4086,6.6953,4.2693,0,0,0.108,0.1,0.162,-1.3548,17.5015,-4.3638,-0.52,-10.4835,12.5026,-4.4958,8.51,-7.843,15.8507,-4.2845,8.42,5.1368,1
80.199,10.4329,6.6997,4.2807,0,0,0.107,0.099,0.167,-1.3213,17.537,-4.3658,-0.88,-10.46,12.5059,-4.4942,8.52,-7.8069,15.8588,-4.2855,8.42,5.1453,1
80.299,10.4561,6.7047,4.2887,0,0,0.106,0.098,0.174,-1.2878,17.5723,-4.368,-1.23,-10.4358,12.5097,-4.4904,8.53,-7.7706,15.8635,-4.2869,8.43,5.1533,1
80.399,10.4787,6.7105,4.2939,0,0,0.105,0.097,0.18,-1.2542,17.6074,-4.3702,-1.57,-10.4109,12.5137,-4.4849,8.54,-7.7341,15.8654,-4.2882,8.43,5.1607,1
80.499,10.5004,6.7167,4.297,0,0,0.104,0.097,0.187,-1.2207,17.642,-4.3723,-1.9,-10.3853,12.5179,-4.4776,8.54,-7.6976,15.8652,-4.2895,8.43,5.1677,1
80.599,10.5217,6.7235,4.2985,0,0,0.103,0.096,0.194,-1.1875,17.6767,-4.3744,-2.22,-10.3594,12.5218,-4.4692,8.55,-7.6612,15.8632,-4.2907,8.43,5.1743,1
80.699,10.5429,6.7305,4.2993,0,0,0.102,0.096,0.202,-1.1547,17.7116,-4.3764,-2.53,-10.3333,12.5251,-4.4601,8.54,-7.625,15.8599,-4.2917,8.42,5.1805,1
80.799,10.5638,6.7376,4.3,0,0,0.102,0.096,0.209,-1.1223,17.7465,-4.3783,-2.84,-10.3071,12.5282,-4.4503,8.53,-7.5888,15.8562,-4.2926,8.42,5.1865,1
80.899,10.5849,6.7452,4.3006,0,0,0.101,0.096,0.216,-1.0897,17.7815,-4.3801,-3.13,-10.2806,12.5313,-4.4401,8.54,-7.5527,15.8527,-4.2934,8.42,5.1925,1
80.999,10.6064,6.7532,4.3013,0,0,0.101,0.096,0.224,-1.0571,17.8168,-4.3817,-3.4,-10.2546,12.5346,-4.4302,8.55,-7.5168,15.8493,-4.2942,8.43,5.1986,1
81.099,10.6283,6.7614,4.3022,0,0,0.101,0.096,0.231,-1.0247,17.8523,-4.3833,-3.67,-10.229,12.5381,-4.4204,8.56,-7.4809,15.8459,-4.2948,8.42,5.2051,1
81.199,10.65,6.7694,4.3035,0,0,0.101,0.097,0.238,-0.9925,17.8877,-4.3847,-3.93,-10.2036,12.5418,-4.4105,8.57,-7.4452,15.843,-4.296,8.42,5.2115,1
81.299,10.6721,6.7775,4.3053,0,0,0.101,0.098,0.246,-0.9605,17.9235,-4.386,-4.18,-10.1786,12.5458,-4.4011,8.58,-7.4095,15.8408,-4.2975,8.4,5.2182,1
81.399,10.6939,6.7851,4.3077,0,0,0.101,0.099,0.253,-0.9288,17.9595,-4.3869,-4.41,-10.1536,12.55,-4.3922,8.59,-7.3736,15.8393,-4.2986,8.4,5.2249,1
81.499,10.7154,6.7922,4.3109,0,0,0.101,0.1,0.26,-0.8975,17.9955,-4.3875,-4.62,-10.1284,12.554,-4.3837,8.59,-7.3375,15.8384,-4.2996,8.4,5.2315,1
81.599,10.737,6.7994,4.3149,0,0,0.101,0.101,0.266,-0.8661,18.0313,-4.3881,-4.83,-10.1032,12.5578,-4.3759,8.59,-7.3017,15.8386,-4.3,8.4,5.2381,1
81.699,10.7587,6.8065,4.3199,0,0,0.101,0.102,0.273,-0.8349,18.0672,-4.3887,-5.04,-10.078,12.5613,-4.3685,8.59,-7.2661,15.8401,-4.3002,8.41,5.2446,1
81.799,10.7803,6.8137,4.3254,0,0,0.102,0.104,0.279,-0.8041,18.1033,-4.3894,-5.24,-10.0529,12.5648,-4.3615,8.58,-7.2311,15.8426,-4.3002,8.41,5.2509,1
81.899,10.802,6.8212,4.3314,0,0,0.102,0.105,0.285,-0.7733,18.1396,-4.3901,-5.42,-10.0276,12.5681,-4.355,8.59,-7.1966,15.8458,-4.2999,8.41,5.257,1
81.999,10.8235,6.8287,4.3376,0,0,0.103,0.107,0.291,-0.7429,18.176,-4.3907,-5.59,-10.0021,12.5714,-4.3491,8.6,-7.1625,15.8499,-4.2991,8.41,5.2628,1
82.099,10.8446,6.836,4.3442,0,0,0.104,0.109,0.297,-0.7128,18.2121,-4.3914,-5.74,-9.9768,12.5745,-4.3438,8.61,-7.1288,15.8545,-4.2984,8.41,5.2685,1
82.199,10.8655,6.8431,4.351,0,0,0.105,0.111,0.302,-0.683,18.2478,-4.3921,-5.88,-9.9517,12.5779,-4.3391,8.6,-7.0952,15.8596,-4.298,8.42,5.2742,1
82.299,10.8866,6.8505,4.358,0,0,0.105,0.113,0.307,-0.653,18.2832,-4.3928,-6.02,-9.9267,12.5812,-4.335,8.59,-7.0618,15.865,-4.2978,8.42,5.28,1
82.399,10.9077,6.8583,4.3651,0,0,0.106,0.115,0.312,-0.6231,18.3186,-4.3934,-6.14,-9.9018,12.5844,-4.3315,8.6,-7.029,15.8707,-4.2975,8.43,5.2857,1
82.499,10.9285,6.8663,4.3717,0,0,0.107,0.117,0.317,-0.5936,18.354,-4.3939,-6.24,-9.8767,12.5876,-4.3284,8.58,-6.9965,15.8763,-4.297,8.44,5.2911,1
82.599,10.9491,6.8742,4.3784,0,0,0.108,0.12,0.322,-0.5641,18.3892,-4.3945,-6.33,-9.8515,12.5909,-4.3258,8.56,-6.9641,15.8821,-4.2956,8.45,5.2964,1
82.699,10.9696,6.8816,4.3856,0,0,0.11,0.122,0.327,-0.5349,18.4242,-4.3952,-6.42,-9.8266,12.5941,-4.3234,8.55,-6.9313,15.8879,-4.294,8.45,5.3019,1
82.799,10.9901,6.889,4.3928,0,0,0.111,0.125,0.332,-0.5058,18.4588,-4.3959,-6.52,-9.802,12.5973,-4.3211,8.54,-6.8987,15.8938,-4.2925,8.45,5.3075,1
82.899,11.0106,6.8962,4.4002,0,0,0.112,0.128,0.336,-0.4772,18.4935,-4.3961,-6.62,-9.7775,12.6003,-4.3188,8.53,-6.8659,15.8993,-4.2912,8.47,5.3131,1
82.999,11.031,6.9031,4.4076,0,0,0.113,0.13,0.341,-0.4488,18.5283,-4.3958,-6.71,-9.7531,12.6033,-4.3164,8.52,-6.8331,15.9049,-4.2904,8.49,5.3188,1
83.099,11.0515,6.9101,4.4153,0,0,0.115,0.133,0.345,-0.4205,18.5628,-4.3953,-6.79,-9.7292,12.6066,-4.3141,8.5,-6.8005,15.9107,-4.2897,8.49,5.3246,1
83.199,11.0725,6.9178,4.4229,0,0,0.116,0.136,0.349,-0.3918,18.5974,-4.3947,-6.87,-9.7055,12.6101,-4.3121,8.49,-6.7683,15.9168,-4.2892,8.5,5.3307,1
83.299,11.0937,6.9261,4.4303,0,0,0.117,0.139,0.353,-0.3629,18.6322,-4.3942,-6.95,-9.6817,12.6137,-4.3102,8.47,-6.7363,15.9231,-4.2891,8.51,5.3367,1
83.399,11.1145,6.9345,4.4376,0,0,0.119,0.142,0.357,-0.3341,18.6667,-4.3935,-7.04,-9.6576,12.6171,-4.3088,8.44,-6.7046,15.9295,-4.2889,8.52,5.3424,1
83.499,11.1357,6.9428,4.4454,0,0,0.12,0.145,0.36,-0.3054,18.7013,-4.3929,-7.13,-9.6334,12.6199,-4.3079,8.4,-6.673,15.9361,-4.2887,8.54,5.348,1
83.599,11.1573,6.9513,4.4538,0,0,0.122,0.149,0.364,-0.2768,18.736,-4.3926,-7.21,-9.6095,12.6222,-4.3075,8.37,-6.6414,15.9427,-4.2887,8.56,5.3539,1
83.699,11.1791,6.9598,4.4623,0,0,0.124,0.152,0.367,-0.248,18.7709,-4.3924,-7.29,-9.5856,12.6248,-4.307,8.35,-6.6094,15.9495,-4.289,8.59,5.36,1
83.799,11.2003,6.968,4.4702,0,0,0.125,0.155,0.37,-0.2196,18.8057,-4.3924,-7.36,-9.5616,12.6278,-4.3066,8.33,-6.5774,15.956,-4.2892,8.59,5.3659,1
83.899,11.2209,6.9763,4.4776,0,0,0.127,0.158,0.374,-0.1916,18.8403,-4.3926,-7.42,-9.5375,12.6309,-4.3063,8.33,-6.5458,15.9624,-4.2895,8.6,5.3714,1
83.999,11.2415,6.9848,4.4847,0,0,0.128,0.162,0.377,-0.1638,18.8748,-4.3928,-7.48,-9.5135,12.6341,-4.3058,8.32,-6.5143,15.9683,-4.2901,8.61,5.3769,1
84.099,11.2621,6.9936,4.4913,1,0,0.126,0.109,0.266,-0.1358,18.9093,-4.3929,-7.54,-9.4896,12.6376,-4.3051,8.32,-6.4827,15.9738,-4.2909,8.62,5.3825,1
84.199,11.2832,7.0032,4.4977,1,0,0.126,0.11,0.269,-0.1076,18.943,-4.3929,-7.59,-9.466,12.6402,-4.3043,8.33,-6.4514,15.9781,-4.2916,8.63,5.3883,1
84.299,11.3048,7.0136,4.5037,1,0,0.125,0.111,0.272,-0.0792,18.9753,-4.3928,-7.63,-9.4426,12.6415,-4.3031,8.34,-6.4205,15.9806,-4.2919,8.65,5.3942,1
84.399,11.3263,7.0243,4.5093,1,0,0.125,0.112,0.276,-0.0506,19.006,-4.3927,-7.68,-9.4194,12.6419,-4.3019,8.35,-6.3896,15.9817,-4.2919,8.66,5.4002,1
84.499,11.347,7.0347,4.5145,1,0,0.124,0.113,0.279,-0.0219,19.035,-4.3926,-7.73,-9.3961,12.642,-4.3011,8.36,-6.3587,15.9819,-4.2922,8.66,5.4061,1
84.599,11.3669,7.0447,4.5195,1,0,0.124,0.114,0.283,0.0067,19.0624,-4.3923,-7.76,-9.3728,12.642,-4.3007,8.37,-6.3278,15.9817,-4.2921,8.66,5.4118,1
84.699,11.3854,7.0536,4.5243,1,0,0.123,0.115,0.286,0.0349,19.0881,-4.392,-7.79,-9.3494,12.642,-4.3003,8.37,-6.2969,15.9813,-4.2918,8.66,5.4173,1
84.799,11.4025,7.0614,4.529,1,0,0.123,0.117,0.289,0.0626,19.1122,-4.3921,-7.83,-9.3261,12.6422,-4.2998,8.37,-6.2657,15.9808,-4.2915,8.67,5.4226,1
84.899,11.4182,7.0682,4.5334,1,0,0.122,0.118,0.293,0.0899,19.1346,-4.3921,-7.87,-9.3029,12.6428,-4.2994,8.37,-6.2345,15.98,-4.2913,8.68,5.4277,1
84.999,11.4327,7.0743,4.5375,1,0,0.122,0.12,0.296,0.1171,19.155,-4.3919,-7.89,-9.2797,12.6436,-4.2992,8.37,-6.2035,15.9791,-4.2912,8.69,5.4326,1
85.099,11.4461,7.0795,4.5417,1,0,0.122,0.122,0.298,0.1441,19.1743,-4.3918,-7.91,-9.2564,12.6447,-4.2991,8.37,-6.1724,15.9788,-4.2915,8.69,5.4374,1
85.199,11.4586,7.0838,4.5462,1,0,0.122,0.124,0.301,0.1707,19.1924,-4.3921,-7.92,-9.2333,12.6461,-4.2992,8.38,-6.1415,15.9791,-4.2917,8.69,5.442,1
85.299,11.4702,7.0871,4.5512,1,0,0.122,0.126,0.303,0.1971,19.2093,-4.3927,-7.94,-9.2106,12.6478,-4.299,8.39,-6.1109,15.9802,-4.2918,8.68,5.4466,1
85.399,11.4807,7.0892,4.5564,1,0,0.122,0.128,0.306,0.2229,19.2249,-4.3933,-7.95,-9.188,12.6499,-4.2988,8.39,-6.0803,15.982,-4.292,8.67,5.4511,1
85.499,11.4902,7.09,4.5621,1,0,0.122,0.13,0.307,0.2485,19.2393,-4.3939,-7.97,-9.1657,12.6524,-4.2985,8.39,-6.0494,15.9843,-4.2922,8.65,5.4557,1
85.599,11.4989,7.0899,4.5681,1,0,0.122,0.132,0.309,0.2738,19.2528,-4.3943,-8.0,-9.1435,12.655,-4.2982,8.38,-6.0182,15.9867,-4.292,8.63,5.4602,1
85.699,11.5069,7.0894,4.5739,1,0,0.122,0.135,0.311,0.2992,19.2652,-4.3946,-8.03,-9.1212,12.6579,-4.298,8.39,-5.9871,15.9893,-4.2916,8.6,5.4647,1
85.799,11.5144,7.0886,4.5796,1,0,0.122,0.137,0.312,0.3245,19.277,-4.3948,-8.05,-9.0989,12.661,-4.298,8.39,-5.9562,15.9922,-4.2916,8.58,5.469,1
85.899,11.5212,7.0873,4.5853,1,0,0.122,0.14,0.313,0.3496,19.2882,-4.3951,-8.07,-9.0764,12.6641,-4.2982,8.39,-5.9254,15.9951,-4.292,8.56,5.4731,1
85.999,11.5271,7.0854,4.5908,1,0,0.122,0.142,0.314,0.3742,19.2987,-4.3953,-8.1,-9.0538,12.6672,-4.2983,8.38,-5.8947,15.9982,-4.2921,8.54,5.4769,1
86.099,11.532,7.0827,4.5963,1,0,0.122,0.145,0.315,0.3987,19.3079,-4.3957,-8.12,-9.0311,12.6705,-4.2979,8.37,-5.8639,16.0014,-4.2918,8.52,5.4804,1
86.199,11.5361,7.0796,4.6016,1,0,0.122,0.148,0.316,0.4231,19.3166,-4.3963,-8.14,-9.008,12.674,-4.2974,8.37,-5.8333,16.0051,-4.2915,8.51,5.4836,1
86.299,11.5394,7.0763,4.6064,1,0,0.122,0.15,0.316,0.4474,19.3249,-4.3968,-8.16,-8.9848,12.6781,-4.2969,8.37,-5.8029,16.0089,-4.2915,8.51,5.4866,1
86.399,11.542,7.0722,4.6112,1,0,0.123,0.153,0.317,0.4714,19.3326,-4.3972,-8.18,-8.9617,12.6825,-4.2966,8.39,-5.7723,16.0128,-4.2915,8.51,5.4895,1
86.499,11.5437,7.0674,4.6158,1,0,0.123,0.156,0.317,0.4952,19.3396,-4.3979,-8.19,-8.9386,12.6876,-4.2965,8.4,-5.7414,16.0168,-4.2915,8.51,5.4924,1
86.599,11.5453,7.0626,4.6202,1,0,0.123,0.159,0.317,0.5193,19.3458,-4.3984,-8.2,-8.9158,12.6928,-4.2966,8.4,-5.7106,16.0204,-4.2913,8.52,5.4953,1
86.699,11.547,7.0579,4.6248,1,0,0.123,0.162,0.317,0.5435,19.3512,-4.3986,-8.2,-8.8936,12.6981,-4.2967,8.39,-5.6801,16.0241,-4.2913,8.53,5.4986,1
86.799,11.5491,7.053,4.63,1,0,0.124,0.165,0.317,0.5677,19.356,-4.3986,-8.2,-8.8723,12.7034,-4.2966,8.38,-5.6496,16.0277,-4.2913,8.53,5.5025,1
86.899,11.5517,7.0474,4.6363,1,0,0.124,0.168,0.317,0.5915,19.3603,-4.3985,-8.19,-8.8522,12.7083,-4.2965,8.38,-5.6192,16.0314,-4.2908,8.52,5.5069,1
86.999,11.5543,7.0412,4.6433,1,0,0.124,0.171,0.317,0.6151,19.3635,-4.3984,-8.19,-8.8329,12.7131,-4.2963,8.38,-5.589,16.0354,-4.2903,8.51,5.5118,1
87.099,11.5569,7.0348,4.6506,1,0,0.124,0.174,0.316,0.6384,19.3663,-4.3985,-8.19,-8.814,12.7177,-4.2961,8.38,-5.559,16.0394,-4.2899,8.5,5.5168,1
87.199,11.5601,7.0286,4.6582,1,0,0.125,0.177,0.316,0.662,19.3692,-4.3986,-8.21,-8.7957,12.7226,-4.2957,8.38,-5.529,16.0434,-4.2898,8.48,5.5221,1
87.299,11.5637,7.0244,4.6638,1,0,0.125,0.18,0.316,0.6852,19.3725,-4.3987,-8.23,-8.7781,12.7277,-4.2953,8.38,-5.5004,16.0455,-4.2905,8.47,5.5274,1
87.399,11.5683,7.0205,4.67,1,0,0.125,0.183,0.315,0.7083,19.3757,-4.3987,-8.25,-8.7616,12.7322,-4.2951,8.38,-5.4719,16.0467,-4.2916,8.47,5.5332,1
87.499,11.5736,7.0171,4.676,1,0,0.126,0.185,0.315,0.731,19.3784,-4.3985,-8.27,-8.7461,12.7361,-4.295,8.38,-5.4437,16.0464,-4.292,8.47,5.5394,1
87.599,11.5797,7.0157,4.6805,1,0,0.126,0.188,0.316,0.7538,19.381,-4.3979,-8.3,-8.7316,12.7397,-4.2948,8.39,-5.4164,16.0437,-4.2923,8.47,5.5459,1
87.699,11.5865,7.0157,4.6838,1,0,0.126,0.19,0.316,0.7763,19.384,-4.397,-8.31,-8.7177,12.7433,-4.2945,8.4,-5.3899,16.0393,-4.293,8.47,5.5524,1
87.799,11.5936,7.0166,4.6865,1,0,0.127,0.193,0.317,0.7986,19.387,-4.396,-8.33,-8.7045,12.7468,-4.2942,8.4,-5.3641,16.0339,-4.2937,8.47,5.5589,1
87.899,11.6007,7.0171,4.6895,1,0,0.127,0.195,0.318,0.8204,19.3897,-4.3951,-8.33,-8.6919,12.7503,-4.2939,8.4,-5.3383,16.0282,-4.2946,8.48,5.5657,1
87.999,11.6086,7.0179,4.6929,1,0,0.127,0.197,0.318,0.8422,19.3924,-4.3943,-8.33,-8.6799,12.7533,-4.2933,8.38,-5.3125,16.022,-4.2961,8.48,5.5729,1
88.099,11.6174,7.0184,4.6977,1,0,0.127,0.199,0.319,0.8644,19.3951,-4.3939,-8.33,-8.6686,12.7562,-4.2926,8.37,-5.2863,16.0163,-4.2969,8.49,5.5809,1
88.199,11.627,7.0189,4.7032,1,0,0.128,0.201,0.319,0.8868,19.3974,-4.3937,-8.33,-8.6582,12.7589,-4.2923,8.37,-5.2603,16.0107,-4.2972,8.5,5.5895,1
88.299,11.6371,7.0197,4.7091,1,0,0.128,0.203,0.319,0.9093,19.3993,-4.3932,-8.34,-8.6485,12.7615,-4.2924,8.37,-5.2344,16.0049,-4.2982,8.52,5.5985,1
88.399,11.6473,7.02,4.7155,1,0,0.128,0.205,0.319,0.9318,19.4009,-4.3928,-8.35,-8.6391,12.7642,-4.2926,8.38,-5.2082,15.9991,-4.2988,8.52,5.6078,1
88.499,11.6576,7.0186,4.7243,1,0,0.129,0.207,0.319,0.9544,19.4021,-4.3926,-8.36,-8.6301,12.7668,-4.2924,8.39,-5.1815,15.9957,-4.2988,8.52,5.6177,1
88.599,11.6681,7.0164,4.7342,1,0,0.129,0.208,0.318,0.9771,19.4029,-4.3924,-8.37,-8.6215,12.7695,-4.2918,8.39,-5.1545,15.9931,-4.2992,8.52,5.6279,1
88.699,11.6788,7.0138,4.7449,1,0,0.129,0.21,0.317,0.9996,19.4034,-4.3924,-8.38,-8.6134,12.772,-4.2912,8.39,-5.1273,15.9908,-4.3004,8.51,5.6386,1
88.799,11.6902,7.0094,4.7584,1,0,0.129,0.212,0.316,1.0222,19.4034,-4.3925,-8.39,-8.6061,12.7742,-4.2905,8.39,-5.1,15.9913,-4.3014,8.5,5.65,1
88.899,11.7022,7.0047,4.7734,1,0,0.129,0.213,0.314,1.0447,19.4034,-4.3928,-8.4,-8.5995,12.7762,-4.29,8.39,-5.0733,15.9936,-4.3005,8.5,5.6617,1
88.999,11.7143,6.9987,4.7903,1,0,0.13,0.214,0.312,1.0671,19.4032,-4.3932,-8.4,-8.5931,12.7779,-4.2897,8.39,-5.0466,15.9981,-4.2987,8.51,5.6737,1
89.099,11.7265,6.9909,4.8095,1,0,0.13,0.215,0.309,1.0895,19.4026,-4.3936,-8.4,-8.587,12.7795,-4.2896,8.4,-5.0197,16.0052,-4.2973,8.52,5.6861,1
89.199,11.7387,6.9875,4.825,1,0,0.13,0.216,0.306,1.1119,19.4017,-4.394,-8.4,-8.5811,12.7811,-4.2896,8.41,-4.9977,16.0122,-4.2964,8.53,5.6969,1
89.299,11.7513,6.9859,4.839,1,0,0.13,0.217,0.304,1.1343,19.4008,-4.3943,-8.4,-8.5756,12.7827,-4.2898,8.42,-4.9771,16.018,-4.2963,8.53,5.7075,1
89.399,11.7643,6.9829,4.8545,1,0,0.13,0.218,0.302,1.1568,19.3999,-4.3942,-8.4,-8.5704,12.784,-4.2901,8.42,-4.9546,16.0232,-4.2968,8.54,5.719,1
89.499,11.7774,6.9781,4.8716,1,0,0.13,0.219,0.3,1.1792,19.3988,-4.3942,-8.39,-8.5654,12.7852,-4.2901,8.42,-4.9303,16.0284,-4.2976,8.55,5.7312,1
89.599,11.7907,6.972,4.8901,1,0,0.13,0.22,0.297,1.2013,19.3976,-4.3943,-8.38,-8.5608,12.7862,-4.2901,8.44,-4.9046,16.0334,-4.2986,8.55,5.744,1
89.699,11.8038,6.9643,4.9097,1,0,0.13,0.221,0.294,1.223,19.3964,-4.3941,-8.36,-8.5564,12.7872,-4.2902,8.45,-4.8779,16.039,-4.2995,8.54,5.7571,1
89.799,11.817,6.9557,4.9305,1,0,0.13,0.221,0.291,1.2444,19.3949,-4.3939,-8.35,-8.5526,12.7881,-4.2905,8.46,-4.8505,16.0445,-4.2998,8.53,5.7708,1
89.899,11.8304,6.9466,4.9517,1,0,0.13,0.222,0.288,1.2658,19.3934,-4.3937,-8.35,-8.5488,12.7889,-4.2907,8.47,-4.8225,16.0499,-4.3001,8.53,5.7847,1
89.999,11.8438,6.9372,4.9734,1,0,0.13,0.222,0.285,1.2873,19.3919,-4.3935,-8.35,-8.5451,12.7896,-4.2907,8.47,-4.794,16.0552,-4.3006,8.52,5.7988,1
90.099,11.8574,6.9272,4.9958,1,0,0.158,0.306,0.372,1.3086,19.3903,-4.3936,-8.36,-8.5417,12.7904,-4.2906,8.47,-4.7654,16.0611,-4.3011,8.52,5.8132,1
90.199,11.8709,6.9167,5.0189,1,0,0.158,0.306,0.368,1.3301,19.3889,-4.3938,-8.38,-8.5386,12.7923,-4.2905,8.47,-4.7369,16.0688,-4.3017,8.53,5.8277,1
90.299,11.8839,6.9055,5.0422,1,0,0.158,0.307,0.364,1.3515,19.3883,-4.3941,-8.4,-8.5356,12.7958,-4.2903,8.47,-4.7085,16.0785,-4.3022,8.54,5.8423,1
90.399,11.8971,6.8941,5.066,1,0,0.158,0.307,0.36,1.3728,19.3886,-4.3942,-8.41,-8.5329,12.8002,-4.2899,8.48,-4.6799,16.0894,-4.3028,8.54,5.857,1
90.499,11.9107,6.8825,5.0906,1,0,0.158,0.308,0.355,1.394,19.3895,-4.394,-8.42,-8.5304,12.8046,-4.2893,8.48,-4.6514,16.1011,-4.3034,8.55,5.8719,1
90.599,11.9244,6.8706,5.1155,1,0,0.158,0.308,0.351,1.4148,19.3909,-4.3939,-8.43,-8.528,12.809,-4.2889,8.47,-4.623,16.1134,-4.3034,8.55,5.8868,1
90.699,11.9381,6.8587,5.1405,1,0,0.157,0.308,0.346,1.4356,19.3922,-4.3938,-8.45,-8.5257,12.8134,-4.2887,8.48,-4.5946,16.1257,-4.3023,8.55,5.9017,1
90.799,11.9518,6.8466,5.1657,1,0,0.157,0.308,0.341,1.4561,19.3934,-4.394,-8.47,-8.5237,12.8178,-4.2887,8.48,-4.5664,16.1381,-4.3011,8.56,5.9167,1
90.899,11.9653,6.8341,5.1911,1,0,0.157,0.308,0.337,1.4764,19.3941,-4.3942,-8.49,-8.5218,12.822,-4.2886,8.47,-4.5379,16.15,-4.3007,8.57,5.9317,1
90.999,11.9791,6.8217,5.2166,1,0,0.156,0.308,0.332,1.4968,19.3946,-4.3943,-8.51,-8.5202,12.8259,-4.2885,8.47,-4.5092,16.1612,-4.3001,8.58,5.947,1
91.099,11.9939,6.8097,5.2425,1,0,0.156,0.308,0.327,1.5176,19.3947,-4.3946,-8.54,-8.5191,12.8292,-4.2885,8.47,-4.4803,16.1717,-4.2994,8.57,5.9629,1
91.199,12.0092,6.7977,5.269,1,0,0.155,0.307,0.322,1.5386,19.3945,-4.3949,-8.57,-8.5184,12.8319,-4.2889,8.46,-4.4511,16.1816,-4.2989,8.57,5.9791,1
91.299,12.0242,6.7856,5.2952,1,0,0.154,0.305,0.316,1.5593,19.394,-4.3947,-8.58,-8.5176,12.8344,-4.2894,8.45,-4.4217,16.1904,-4.298,8.56,5.9952,1
91.399,12.0394,6.7739,5.321,1,0,0.154,0.303,0.31,1.5799,19.3933,-4.3946,-8.59,-8.5167,12.8364,-4.29,8.43,-4.3923,16.1984,-4.2968,8.55,6.0113,1
91.499,12.0546,6.7631,5.3459,1,0,0.153,0.3,0.304,1.6008,19.3925,-4.3949,-8.6,-8.5158,12.8382,-4.2905,8.41,-4.3633,16.205,-4.2957,8.54,6.0272,1
91.599,12.0699,6.7531,5.37,1,0,0.152,0.297,0.297,1.6216,19.3912,-4.3953,-8.6,-8.5148,12.8396,-4.2913,8.4,-4.3347,16.2106,-4.2944,8.53,6.0429,1
91.699,12.0847,6.7435,5.3932,1,0,0.152,0.293,0.291,1.6423,19.3893,-4.3956,-8.59,-8.5135,12.8405,-4.2919,8.38,-4.3065,16.215,-4.2934,8.53,6.0582,1
91.799,12.0997,6.7343,5.4162,1,0,0.151,0.289,0.284,1.6629,19.3872,-4.3961,-8.59,-8.5122,12.8406,-4.2924,8.39,-4.2784,16.2185,-4.2927,8.53,6.0734,1
91.899,12.1146,6.7252,5.439,1,0,0.15,0.285,0.277,1.6834,19.385,-4.3965,-8.59,-8.5107,12.8403,-4.2926,8.4,-4.2502,16.2212,-4.2923,8.54,6.0885,1
91.999,12.1296,6.716,5.4618,1,0,0.149,0.279,0.269,1.7039,19.3828,-4.3967,-8.59,-8.5091,12.8397,-4.2923,8.42,-4.2216,16.2233,-4.2924,8.54,6.1037,1
92.099,12.1448,6.7068,5.4847,1,0,0.148,0.274,0.262,1.7243,19.3805,-4.3971,-8.59,-8.5078,12.839,-4.2922,8.44,-4.1929,16.2248,-4.2927,8.54,6.119,1
92.199,12.1606,6.6977,5.5083,1,0,0.147,0.268,0.254,1.7446,19.3782,-4.3975,-8.59,-8.5068,12.8377,-4.2922,8.46,-4.1643,16.2265,-4.2928,8.54,6.1346,1
92.299,12.1766,6.6886,5.532,1,0,0.146,0.261,0.246,1.7649,19.3755,-4.3979,-8.6,-8.5058,12.8357,-4.2921,8.46,-4.1357,16.2277,-4.2928,8.53,6.1502,1
92.399,12.1924,6.6796,5.5557,1,0,0.145,0.255,0.239,1.7854,19.3724,-4.398,-8.6,-8.5048,12.8335,-4.292,8.47,-4.1072,16.2286,-4.2923,8.53,6.1657,1
92.499,12.2081,6.6708,5.5789,1,0,0.144,0.248,0.231,1.8058,19.3693,-4.398,-8.59,-8.5035,12.8314,-4.2915,8.48,-4.0788,16.2294,-4.2917,8.52,6.181,1
92.599,12.2238,6.6621,5.6021,1,0,0.143,0.241,0.223,1.8265,19.366,-4.3976,-8.58,-8.5021,12.8291,-4.2913,8.49,-4.0505,16.2301,-4.2913,8.51,6.1963,1
92.699,12.2404,6.6537,5.626,1,0,0.142,0.233,0.215,1.8474,19.3624,-4.3973,-8.57,-8.5009,12.8259,-4.2913,8.51,-4.0222,16.2307,-4.2908,8.51,6.212,1
92.799,12.257,6.6451,5.6502,1,0,0.141,0.226,0.208,1.8682,19.3586,-4.3969,-8.57,-8.4999,12.8221,-4.2913,8.52,-3.994,16.2311,-4.2899,8.5,6.2276,1
92.899,12.2735,6.6362,5.6746,1,0,0.139,0.218,0.2,1.8886,19.3544,-4.3961,-8.58,-8.499,12.818,-4.2915,8.53,-3.9658,16.2313,-4.289,8.5,6.2433,1
92.999,12.2905,6.6272,5.6997,1,0,0.138,0.211,0.193,1.9091,19.35,-4.3952,-8.59,-8.4988,12.8138,-4.2914,8.54,-3.9375,16.2315,-4.288,8.51,6.2594,1
93.099,12.3081,6.6182,5.7252,1,0,0.137,0.203,0.186,1.93,19.3452,-4.3943,-8.59,-8.499,12.8094,-4.2914,8.55,-3.909,16.2315,-4.2871,8.51,6.276,1
93.199,12.3263,6.6094,5.7513,1,0,0.135,0.195,0.179,1.951,19.3406,-4.3938,-8.6,-8.4994,12.8049,-4.2918,8.56,-3.8805,16.2317,-4.2866,8.51,6.2928,1
93.299,12.3446,6.6008,5.7773,1,0,0.134,0.188,0.173,1.9722,19.3362,-4.3936,-8.61,-8.4995,12.8,-4.2923,8.56,-3.852,16.2318,-4.2858,8.51,6.3096,1
93.399,12.3627,6.5917,5.8035,1,0,0.133,0.181,0.166,1.9928,19.3321,-4.3936,-8.6,-8.4996,12.7948,-4.2927,8.55,-3.8233,16.2318,-4.2855,8.52,6.3261,1
93.499,12.3807,6.5825,5.8298,1,0,0.131,0.173,0.16,2.0132,19.3281,-4.3936,-8.58,-8.4994,12.7893,-4.2931,8.56,-3.7946,16.2318,-4.2856,8.54,6.3426,1
93.599,12.3984,6.5731,5.856,1,0,0.13,0.167,0.155,2.0336,19.3242,-4.3934,-8.56,-8.499,12.784,-4.2935,8.56,-3.7658,16.2321,-4.286,8.56,6.3588,1
93.699,12.4161,6.5633,5.8826,1,0,0.128,0.16,0.149,2.0538,19.3202,-4.3931,-8.54,-8.4988,12.7786,-4.294,8.55,-3.7368,16.2324,-4.2866,8.57,6.3753,1
93.799,12.4346,6.5538,5.9098,1,0,0.126,0.154,0.144,2.0743,19.3163,-4.3927,-8.5,-8.4991,12.7731,-4.2941,8.56,-3.7078,16.2328,-4.287,8.59,6.3922,1
93.899,12.4544,6.5455,5.9371,1,0,0.125,0.148,0.139,2.0964,19.3122,-4.3929,-8.48,-8.4993,12.7675,-4.2944,8.56,-3.6789,16.2334,-4.2873,8.6,6.4095,1
93.999,12.4753,6.5383,5.9647,1,0,0.123,0.142,0.135,2.1203,19.3075,-4.3931,-8.47,-8.4994,12.7618,-4.295,8.57,-3.6499,16.2346,-4.2875,8.62,6.4274,1
94.099,12.4971,6.5323,5.992,1,0,0.122,0.137,0.131,2.1457,19.3025,-4.3934,-8.47,-8.4994,12.7566,-4.2959,8.58,-3.621,16.236,-4.2874,8.62,6.4456,1
94.199,12.5198,6.5271,6.0195,1,0,0.12,0.132,0.127,2.1722,19.2974,-4.3938,-8.47,-8.4995,12.7514,-4.2965,8.59,-3.5922,16.2374,-4.2876,8.62,6.4642,1
94.299,12.5431,6.5229,6.0466,1,0,0.118,0.127,0.123,2.1999,19.292,-4.3938,-8.47,-8.4995,12.7464,-4.2965,8.61,-3.5634,16.2388,-4.2883,8.61,6.4831,1
94.399,12.5671,6.5197,6.0736,1,0,0.117,0.123,0.12,2.2286,19.2863,-4.3936,-8.48,-8.4993,12.7415,-4.2962,8.62,-3.5349,16.2404,-4.2892,8.61,6.5022,1
94.499,12.5919,6.5166,6.1012,0,0,0.115,0.119,0.117,2.258,19.2807,-4.3934,-8.49,-8.499,12.7361,-4.2958,8.64,-3.5059,16.2423,-4.2902,8.61,6.5216,1
94.599,12.6171,6.5135,6.1293,0,0,0.113,0.116,0.115,2.2879,19.2752,-4.3931,-8.5,-8.4987,12.7306,-4.2955,8.65,-3.4766,16.2443,-4.291,8.61,6.5413,1
94.699,12.6424,6.5104,6.1574,0,0,0.111,0.113,0.112,2.3181,19.2696,-4.3924,-8.5,-8.4983,12.7255,-4.2952,8.65,-3.4469,16.2463,-4.2914,8.6,6.5611,1
94.799,12.6676,6.5073,6.1855,0,0,0.109,0.11,0.11,2.3485,19.2639,-4.3915,-8.51,-8.498,12.7208,-4.2948,8.65,-3.4171,16.2485,-4.2918,8.59,6.581,1
94.899,12.6923,6.5039,6.2134,0,0,0.108,0.108,0.108,2.3788,19.258,-4.3906,-8.51,-8.4975,12.7164,-4.2945,8.64,-3.3876,16.2513,-4.2925,8.59,6.6006,1
94.999,12.7169,6.5008,6.2409,0,0,0.106,0.106,0.106,2.4091,19.2519,-4.3898,-8.52,-8.4972,12.7126,-4.2946,8.61,-3.3585,16.2543,-4.2933,8.6,6.6202,1
95.099,12.7414,6.4977,6.2685,0,0,0.104,0.104,0.104,2.4394,19.2457,-4.3887,-8.53,-8.4971,12.7092,-4.2946,8.59,-3.3297,16.2577,-4.294,8.6,6.6399,1
95.199,12.766,6.4996,6.2913,0,0,0.102,0.102,0.102,2.47,19.2393,-4.3878,-8.54,-8.4972,12.7062,-4.2943,8.56,-3.3056,16.2598,-4.2895,8.6,6.658,1
95.299,12.7909,6.5086,6.3078,0,0,0.1,0.1,0.1,2.5008,19.2328,-4.3878,-8.54,-8.4975,12.7033,-4.294,8.54,-3.2882,16.26,-4.2782,8.6,6.6741,1
95.399,12.8153,6.5233,6.3183,0,0,0.098,0.098,0.098,2.5313,19.2264,-4.388,-8.54,-8.4976,12.7007,-4.2938,8.52,-3.2765,16.2587,-4.2614,8.6,6.6879,1
95.499,12.839,6.5421,6.3245,0,0,0.096,0.096,0.096,2.5615,19.2199,-4.3879,-8.54,-8.4973,12.698,-4.2939,8.49,-3.269,16.2563,-4.2403,8.6,6.6999,1
95.599,12.8626,6.5644,6.3275,0,0,0.095,0.095,0.095,2.5916,19.2133,-4.3879,-8.53,-8.4967,12.6952,-4.2942,8.46,-3.2651,16.2534,-4.2159,8.6,6.7105,1
95.699,12.8865,6.5897,6.3283,0,0,0.093,0.093,0.093,2.622,19.2068,-4.3877,-8.52,-8.4964,12.6926,-4.2943,8.44,-3.2638,16.2502,-4.1889,8.61,6.7205,1
95.799,12.9107,6.617,6.3277,0,0,0.091,0.091,0.091,2.6524,19.2001,-4.3875,-8.51,-8.4966,12.6904,-4.2948,8.44,-3.2644,16.2465,-4.1599,8.61,6.7302,1
95.899,12.9347,6.6397,6.3314,0,0,0.089,0.089,0.089,2.6827,19.1929,-4.3872,-8.5,-8.4972,12.6886,-4.295,8.44,-3.2613,16.2448,-4.1356,8.61,6.7414,1
95.999,12.9586,6.6556,6.3414,0,0,0.087,0.087,0.087,2.7128,19.1857,-4.3867,-8.49,-8.4983,12.6873,-4.2951,8.45,-3.2524,16.2459,-4.1194,8.61,6.7547,1
96.099,12.9823,6.6659,6.3563,0,0,0.068,0.068,0.068,2.7426,19.1785,-4.3865,-8.48,-8.4997,12.6867,-4.2952,8.46,-3.2388,16.2493,-4.1106,8.61,6.3914,1
96.199,13.0058,6.6719,6.3747,0,0,0.07,0.07,0.07,2.7721,19.1708,-4.3864,-8.47,-8.5014,12.6861,-4.2954,8.46,-3.2219,16.2539,-4.1079,8.61,6.4078,1
96.299,13.0293,6.6748,6.3959,0,0,0.072,0.072,0.072,2.8013,19.1627,-4.3865,-8.46,-8.5033,12.6849,-4.2957,8.46,-3.2025,16.2591,-4.1094,8.6,6.4251,1
96.399,13.0529,6.6751,6.4196,0,0,0.073,0.073,0.073,2.8301,19.1542,-4.3866,-8.46,-8.5055,12.6832,-4.2963,8.46,-3.181,16.2647,-4.1135,8.59,6.4432,1
96.499,13.0768,6.6735,6.4453,0,0,0.075,0.075,0.075,2.8586,19.1455,-4.3871,-8.46,-8.5081,12.6808,-4.2969,8.45,-3.1579,16.2705,-4.1197,8.57,6.4621,1
96.599,13.1008,6.6702,6.4727,0,0,0.077,0.077,0.077,2.8871,19.1366,-4.3879,-8.46,-8.5105,12.6777,-4.2975,8.46,-3.1331,16.2763,-4.1277,8.57,6.4814,1
96.699,13.1248,6.6657,6.5011,0,0,0.079,0.079,0.079,2.9157,19.1277,-4.3887,-8.46,-8.5127,12.6745,-4.2978,8.47,-3.1069,16.2823,-4.1367,8.56,6.501,1
96.799,13.1486,6.6606,6.5299,0,0,0.081,0.081,0.081,2.9443,19.1192,-4.3896,-8.45,-8.5147,12.6718,-4.2979,8.47,-3.0801,16.2887,-4.1467,8.56,6.5208,1
96.899,13.1724,6.6553,6.5589,0,0,0.083,0.083,0.083,2.973,19.1105,-4.3904,-8.46,-8.5166,12.6693,-4.2982,8.46,-3.0529,16.2951,-4.1572,8.56,6.5407,1
96.999,13.1958,6.6495,6.588,0,0,0.085,0.085,0.085,3.0017,19.1018,-4.3913,-8.47,-8.5183,12.667,-4.2987,8.45,-3.0252,16.3016,-4.1683,8.55,6.5606,1
97.099,13.2192,6.6437,6.6172,0,0,0.087,0.087,0.087,3.0305,19.0934,-4.3924,-8.49,-8.5198,12.6645,-4.2988,8.45,-2.9972,16.3078,-4.1794,8.55,6.5804,1
97.199,13.2426,6.6378,6.6462,0,0,0.09,0.09,0.09,3.0594,19.085,-4.3937,-8.49,-8.521,12.6622,-4.2988,8.44,-2.9687,16.3135,-4.1902,8.54,6.6002,1
97.299,13.2652,6.6313,6.675,0,0,0.092,0.092,0.092,3.088,19.0765,-4.3946,-8.48,-8.5219,12.6604,-4.2993,8.45,-2.9396,16.3188,-4.2006,8.54,6.6199,1
97.399,13.2871,6.6244,6.7036,0,0,0.094,0.094,0.094,3.1162,19.0679,-4.3954,-8.47,-8.5226,12.6588,-4.3001,8.47,-2.9102,16.3237,-4.2102,8.54,6.6394,1
97.499,13.3089,6.6176,6.7319,0,0,0.097,0.097,0.097,3.1445,19.0594,-4.3961,-8.45,-8.5232,12.6577,-4.3005,8.49,-2.8807,16.3284,-4.2191,8.53,6.6588,1
97.599,13.3304,6.6106,6.7602,0,0,0.099,0.099,0.099,3.1728,19.0509,-4.3971,-8.43,-8.5238,12.657,-4.3008,8.5,-2.8512,16.3336,-4.2274,8.52,6.6782,1
97.699,13.3518,6.6036,6.7884,0,0,0.102,0.102,0.102,3.2009,19.0423,-4.3979,-8.41,-8.5244,12.6567,-4.3008,8.49,-2.8217,16.3385,-4.2355,8.52,6.6976,1
97.799,13.3729,6.5969,6.816,0,0,0.104,0.104,0.104,3.2291,19.0338,-4.3984,-8.4,-8.5249,12.6565,-4.3008,8.5,-2.7921,16.343,-4.2434,8.52,6.7169,1
97.899,13.3938,6.5905,6.843,0,0,0.107,0.107,0.107,3.2574,19.0251,-4.399,-8.41,-8.5251,12.6568,-4.3006,8.5,-2.7627,16.3471,-4.2506,8.51,6.7359,1
97.999,13.4143,6.5842,6.8696,0,0,0.109,0.109,0.109,3.2857,19.0165,-4.4,-8.42,-8.5251,12.6576,-4.3003,8.51,-2.7332,16.3513,-4.2571,8.52,6.7548,1
98.099,13.4349,6.5782,6.896,0,0,0.112,0.112,0.112,3.3141,19.0083,-4.401,-8.44,-8.5249,12.6582,-4.3,8.53,-2.7037,16.3551,-4.2626,8.52,6.7735,1
98.199,13.4556,6.5727,6.9221,0,0,0.115,0.115,0.115,3.3427,19.0002,-4.4016,-8.45,-8.5243,12.6586,-4.2996,8.55,-2.6744,16.3588,-4.2674,8.53,6.7921,1
98.299,13.4763,6.5672,6.9481,0,0,0.118,0.118,0.118,3.3712,18.9918,-4.402,-8.48,-8.5239,12.6588,-4.299,8.55,-2.6453,16.3626,-4.2717,8.52,6.8106,1
98.399,13.497,6.5617,6.9742,0,0,0.12,0.12,0.12,3.3996,18.9836,-4.4024,-8.5,-8.5235,12.6593,-4.2986,8.55,-2.6162,16.3663,-4.2758,8.51,6.8292,1
98.499,13.518,6.5577,6.9988,0,0,0.123,0.123,0.123,3.4279,18.9758,-4.4026,-8.51,-8.5234,12.6597,-4.298,8.55,-2.5879,16.3681,-4.28,8.42,6.8476,1
98.599,13.5387,6.5558,7.0209,0,0,0.126,0.126,0.126,3.4561,18.9679,-4.4028,-8.53,-8.5231,12.6603,-4.2977,8.54,-2.5606,16.3673,-4.284,8.24,6.8653,1
98.699,13.5594,6.5552,7.0412,0,0,0.129,0.129,0.129,3.4843,18.9602,-4.4029,-8.54,-8.5228,12.6614,-4.2979,8.55,-2.534,16.3645,-4.288,8.0,6.8827,1
98.799,13.5801,6.5556,7.0605,0,0,0.132,0.132,0.132,3.5121,18.9527,-4.4031,-8.54,-8.523,12.6627,-4.2985,8.55,-2.508,16.3601,-4.2917,7.73,6.9001,1
98.899,13.6007,6.5566,7.079,0,0,0.134,0.134,0.134,3.5399,18.9447,-4.4031,-8.53,-8.5234,12.6642,-4.2992,8.55,-2.4825,16.3548,-4.2951,7.44,6.9173,1
98.999,13.6209,6.5585,7.0963,0,0,0.137,0.137,0.137,3.5679,18.9366,-4.4032,-8.52,-8.5232,12.6657,-4.2994,8.55,-2.4577,16.3489,-4.2984,7.14,6.9341,1
99.099,13.6415,6.5612,7.1131,0,0,0.14,0.14,0.14,3.596,18.9282,-4.4032,-8.51,-8.5232,12.6669,-4.2992,8.54,-2.4333,16.3424,-4.3016,6.82,6.9508,1
99.199,13.6622,6.5638,7.1303,0,0,0.143,0.143,0.143,3.6242,18.9194,-4.4031,-8.51,-8.5233,12.6677,-4.2991,8.53,-2.4091,16.3361,-4.3049,6.5,6.9675,1
99.299,13.6829,6.5669,7.147,0,0,0.146,0.146,0.146,3.6526,18.9104,-4.403,-8.51,-8.5232,12.6685,-4.2992,8.52,-2.3852,16.3298,-4.3081,6.19,6.9841,1
99.399,13.7034,6.5705,7.1631,0,0,0.149,0.149,0.149,3.6812,18.9013,-4.4035,-8.51,-8.5226,12.6693,-4.2992,8.53,-2.3619,16.3237,-4.3113,5.9,7.0003,1
99.499,13.7238,6.5747,7.1786,0,0,0.152,0.152,0.152,3.7102,18.8924,-4.4039,-8.51,-8.5215,12.67,-4.2992,8.54,-2.3389,16.318,-4.3145,5.62,7.0161,1
99.599,13.7443,6.5786,7.1946,0,0,0.155,0.155,0.155,3.7392,18.8836,-4.4041,-8.5,-8.5204,12.6707,-4.299,8.54,-2.3156,16.3125,-4.3177,5.36,7.0322,1
99.699,13.7611,6.582,7.2075,0,0,0.158,0.158,0.158,3.768,18.8748,-4.4039,-8.49,-8.515,12.6711,-4.2987,8.54,-2.2921,16.3076,-4.3204,5.11,7.0454,1
99.799,13.7726,6.5853,7.2154,0,0,0.161,0.161,0.161,3.7969,18.8663,-4.4038,-8.48,-8.5034,12.6715,-4.2983,8.53,-2.2685,16.303,-4.3229,4.86,7.0546,1
99.899,13.7791,6.5882,7.2189,0,0,0.164,0.164,0.164,3.8258,18.8577,-4.4036,-8.48,-8.4863,12.672,-4.2977,8.52,-2.2447,16.2989,-4.3251,4.63,7.0603,1
99.999,13.7818,6.591,7.219,0,0,0.167,0.167,0.167,3.8545,18.8493,-4.4033,-8.48,-8.465,12.6722,-4.2969,8.5,-2.221,16.2952,-4.3272,4.41,7.063,1
100.099,13.782,6.5938,7.2167,0,0,0.17,0.17,0.17,3.8832,18.8411,-4.4032,-8.47,-8.4407,12.6724,-4.2961,8.48,-2.1976,16.2923,-4.3288,4.19,7.0638,1
100.199,13.7732,6.5898,7.2126,0,0,0.173,0.173,0.173,3.9066,18.8282,-4.4035,-8.46,-8.4141,12.6728,-4.295,8.46,-2.1742,16.2898,-4.3302,3.97,7.0611,1
100.299,13.7535,6.5768,7.2067,0,0,0.177,0.177,0.177,3.9232,18.8084,-4.4035,-8.46,-8.3855,12.6731,-4.2939,8.45,-2.151,16.2879,-4.3311,3.77,7.0545,1
100.399,13.7248,6.5566,7.1996,0,0,0.18,0.18,0.18,3.9341,18.783,-4.4036,-8.46,-8.3554,12.6734,-4.2927,8.44,-2.1281,16.2863,-4.332,3.58,7.0448,1
100.499,13.6896,6.5286,7.1943,0,0,0.183,0.183,0.183,3.9405,18.7534,-4.404,-8.47,-8.3246,12.6738,-4.2917,8.43,-2.1049,16.2893,-4.3331,3.33,7.0333,1
100.599,13.6496,6.4935,7.1924,0,0,0.186,0.186,0.186,3.9435,18.7205,-4.4039,-8.47,-8.2935,12.6745,-4.2907,8.43,-2.081,16.2985,-4.335,2.99,7.0207,1
100.699,13.606,6.4526,7.1935,0,0,0.189,0.189,0.189,3.9438,18.685,-4.4033,-8.47,-8.2623,12.675,-4.2897,8.45,-2.0566,16.3128,-4.3376,2.59,7.0075,1
100.799,13.5594,6.4078,7.1966,0,0,0.192,0.192,0.192,3.9422,18.6475,-4.4028,-8.49,-8.2307,12.6754,-4.2888,8.46,-2.032,16.3313,-4.3402,2.17,6.9935,1
100.899,13.5106,6.3602,7.2011,0,0,0.195,0.195,0.195,3.9391,18.6088,-4.4023,-8.5,-8.1988,12.6762,-4.2878,8.47,-2.0072,16.3528,-4.3426,1.74,6.9789,1
100.999,13.4604,6.3103,7.207,0,0,0.198,0.198,0.198,3.9351,18.5693,-4.4018,-8.5,-8.1667,12.6771,-4.2872,8.48,-1.9816,16.3762,-4.345,1.3,6.9642,1
101.099,13.4095,6.2592,7.2143,0,0,0.201,0.201,0.201,3.9303,18.5293,-4.4014,-8.5,-8.1346,12.6777,-4.2869,8.5,-1.9558,16.4013,-4.3477,0.86,6.9493,1
101.199,13.3579,6.2073,7.2224,0,0,0.204,0.204,0.204,3.9248,18.489,-4.4012,-8.51,-8.1023,12.6779,-4.2865,8.52,-1.9299,16.4277,-4.3504,0.44,6.9342,1
101.299,13.3061,6.155,7.2313,0,0,0.207,0.207,0.207,3.9191,18.4485,-4.4009,-8.53,-8.07,12.6778,-4.286,8.53,-1.9039,16.4548,-4.3534,0.03,6.9191,1
101.399,13.2537,6.1019,7.241,0,0,0.21,0.21,0.21,3.9126,18.4075,-4.4009,-8.54,-8.0379,12.6778,-4.2854,8.54,-1.8775,16.4826,-4.3562,-0.37,6.904,1
101.499,13.2014,6.0485,7.2519,0,0,0.213,0.213,0.213,3.9061,18.3661,-4.4004,-8.55,-8.0062,12.6775,-4.2848,8.54,-1.8506,16.5107,-4.3587,-0.76,6.8893,1
101.599,13.1495,5.9956,7.2633,0,0,0.216,0.216,0.216,3.8999,18.3244,-4.3994,-8.55,-7.9746,12.677,-4.284,8.55,-1.8236,16.539,-4.3611,-1.13,6.8748,1
101.699,13.0977,5.9435,7.2746,0,0,0.219,0.219,0.219,3.8938,18.2827,-4.3984,-8.55,-7.9429,12.6767,-4.2831,8.56,-1.7967,16.5674,-4.3635,-1.49,6.8603,1
101.799,13.0465,5.8923,7.2861,0,0,0.222,0.222,0.222,3.8881,18.2412,-4.3973,-8.56,-7.9116,12.6767,-4.2826,8.56,-1.7696,16.5955,-4.3657,-1.83,6.8462,1
101.899,12.9961,5.8425,7.2974,0,0,0.225,0.225,0.225,3.8829,18.2002,-4.3964,-8.56,-7.8805,12.6768,-4.2826,8.55,-1.7426,16.6229,-4.3679,-2.16,6.8323,1
101.999,12.9461,5.794,7.3082,0,0,0.228,0.228,0.228,3.878,18.1592,-4.3953,-8.55,-7.8494,12.6769,-4.2832,8.56,-1.7158,16.6494,-4.3702,-2.47,6.8186,1
102.099,12.8961,5.7467,7.3179,0,0,0.304,0.304,0.304,3.8732,18.1181,-4.3943,-8.53,-7.8184,12.6773,-4.284,8.56,-1.6891,16.6743,-4.3721,-2.78,6.8047,1
102.199,12.8459,5.7004,7.3266,0,0,0.306,0.306,0.306,3.8687,18.0765,-4.3936,-8.51,-7.7869,12.6774,-4.2849,8.55,-1.6622,16.6973,-4.3735,-3.08,6.7906,1
102.299,12.7961,5.6554,7.3345,0,0,0.309,0.309,0.309,3.8649,18.0342,-4.3933,-8.48,-7.7551,12.6767,-4.2856,8.54,-1.6351,16.7179,-4.375,-3.36,6.7766,1
102.399,12.7468,5.6118,7.3413,0,0,0.312,0.312,0.312,3.8619,17.9911,-4.3937,-8.47,-7.7231,12.6753,-4.2861,8.53,-1.6078,16.736,-4.3763,-3.63,6.7628,1
102.499,12.6985,5.5695,7.3478,0,0,0.314,0.314,0.314,3.8595,17.9476,-4.3948,-8.47,-7.6913,12.6733,-4.2861,8.52,-1.5801,16.752,-4.3776,-3.88,6.7493,1
102.599,12.6509,5.528,7.3543,0,0,0.317,0.317,0.317,3.8578,17.9039,-4.3964,-8.47,-7.6594,12.6708,-4.2859,8.51,-1.5519,16.7666,-4.379,-4.12,6.7362,1
102.699,12.6034,5.4869,7.3606,0,0,0.32,0.32,0.32,3.8563,17.8601,-4.3978,-8.47,-7.6275,12.6682,-4.2857,8.5,-1.5232,16.7799,-4.3804,-4.36,6.7233,1
102.799,12.5561,5.4467,7.366,0,0,0.322,0.322,0.322,3.8551,17.8165,-4.3988,-8.46,-7.5952,12.6655,-4.2856,8.51,-1.4944,16.7921,-4.3814,-4.56,6.7103,1
102.899,12.5088,5.4075,7.3705,0,0,0.325,0.325,0.325,3.854,17.7729,-4.3992,-8.45,-7.5628,12.6629,-4.2854,8.53,-1.4657,16.8029,-4.3826,-4.76,6.6971,1
102.999,12.461,5.369,7.3737,0,0,0.328,0.328,0.328,3.8529,17.7295,-4.3993,-8.44,-7.5298,12.6602,-4.2851,8.53,-1.4372,16.8126,-4.3836,-4.95,6.6835,1
103.099,12.4135,5.3316,7.3763,0,0,0.33,0.33,0.33,3.8519,17.6865,-4.3992,-8.44,-7.4968,12.6576,-4.2847,8.53,-1.409,16.8216,-4.3847,-5.12,6.6698,1
103.199,12.3665,5.295,7.3787,0,0,0.333,0.333,0.333,3.8512,17.6436,-4.399,-8.44,-7.4638,12.6548,-4.2847,8.52,-1.381,16.8302,-4.3859,-5.29,6.6561,1
103.299,12.3196,5.2593,7.3806,0,0,0.335,0.335,0.335,3.8505,17.6009,-4.3992,-8.44,-7.4307,12.6517,-4.2853,8.52,-1.3531,16.838,-4.3869,-5.46,6.6424,1
103.399,12.2731,5.2243,7.3818,0,0,0.338,0.338,0.338,3.8499,17.5588,-4.3992,-8.45,-7.3977,12.6487,-4.2864,8.5,-1.3254,16.8449,-4.3878,-5.63,6.6287,1
103.499,12.2267,5.1897,7.3827,0,0,0.341,0.341,0.341,3.8491,17.5169,-4.3992,-8.45,-7.3649,12.6458,-4.2875,8.49,-1.2978,16.8512,-4.3888,-5.79,6.615,1
103.599,12.1807,5.1561,7.3834,0,0,0.343,0.343,0.343,3.8483,17.475,-4.3991,-8.45,-7.3325,12.6431,-4.2882,8.47,-1.2706,16.8571,-4.3897,-5.92,6.6014,1
103.699,12.1351,5.1233,7.3837,0,0,0.346,0.346,0.346,3.8476,17.4328,-4.3993,-8.45,-7.3007,12.6405,-4.2885,8.45,-1.2438,16.8623,-4.3903,-6.04,6.5881,1
103.799,12.0899,5.0916,7.3834,0,0,0.348,0.348,0.348,3.847,17.3906,-4.3994,-8.47,-7.269,12.6379,-4.2887,8.44,-1.2176,16.8669,-4.3908,-6.15,6.5748,1
103.899,12.0454,5.0613,7.3824,0,0,0.351,0.351,0.351,3.8467,17.349,-4.3988,-8.48,-7.2376,12.6353,-4.2887,8.42,-1.1919,16.8708,-4.3912,-6.26,6.5615,1
103.999,12.0017,5.032,7.3811,0,0,0.353,0.353,0.353,3.8469,17.3077,-4.3979,-8.49,-7.2064,12.6329,-4.2888,8.41,-1.1664,16.8742,-4.3914,-6.37,6.5485,1
104.099,11.9586,5.0041,7.3792,0,0,0.355,0.355,0.355,3.8478,17.2661,-4.3973,-8.51,-7.1753,12.6307,-4.2889,8.42,-1.1411,16.8768,-4.3918,-6.47,6.5358,1
104.199,11.9191,4.9775,7.3787,0,0,0.358,0.358,0.358,3.8496,17.2244,-4.3971,-8.51,-7.1488,12.6323,-4.2891,8.42,-1.1159,16.8794,-4.3924,-6.58,6.5261,1
104.299,11.8843,4.9527,7.38,0,0,0.36,0.36,0.36,3.8524,17.1829,-4.3971,-8.5,-7.1284,12.6389,-4.2893,8.43,-1.0912,16.8822,-4.3929,-6.68,6.5205,1
104.399,11.8538,4.9298,7.3825,0,0,0.362,0.362,0.362,3.8565,17.1415,-4.3974,-8.49,-7.1129,12.65,-4.2901,8.43,-1.0666,16.8848,-4.3935,-6.8,6.5184,1
104.499,11.8271,4.9087,7.3861,0,0,0.365,0.365,0.365,3.8621,17.1002,-4.3978,-8.48,-7.1013,12.6648,-4.2912,8.43,-1.0421,16.8872,-4.394,-6.9,6.5194,1
104.599,11.804,4.8896,7.3908,0,0,0.367,0.367,0.367,3.8692,17.0589,-4.3979,-8.48,-7.093,12.6823,-4.2924,8.44,-1.0175,16.8897,-4.3944,-7.01,6.5229,1
104.699,11.7836,4.8727,7.3957,0,0,0.369,0.369,0.369,3.8778,17.0172,-4.398,-8.48,-7.0868,12.7021,-4.2933,8.44,-0.9933,16.8921,-4.3945,-7.1,6.5283,1
104.799,11.7654,4.8575,7.4009,0,0,0.371,0.371,0.371,3.8876,16.9753,-4.3983,-8.49,-7.0822,12.7235,-4.2937,8.43,-0.9692,16.8941,-4.3947,-7.17,6.5352,1
104.899,11.7496,4.8438,7.4064,0,0,0.374,0.374,0.374,3.8986,16.9335,-4.3992,-8.49,-7.0789,12.746,-4.2938,8.42,-0.945,16.8958,-4.395,-7.24,6.5435,1
104.999,11.7359,4.832,7.4121,0,0,0.376,0.376,0.376,3.9111,16.892,-4.4,-8.5,-7.0763,12.7695,-4.2938,8.4,-0.9208,16.8972,-4.395,-7.31,6.5528,1
105.099,11.7247,4.8218,7.4179,0,0,0.378,0.378,0.378,3.9252,16.8517,-4.4006,-8.51,-7.0744,12.7937,-4.294,8.38,-0.8964,16.8983,-4.3948,-7.37,6.5633,1
105.199,11.716,4.8134,7.4237,0,0,0.38,0.38,0.38,3.9407,16.8129,-4.4014,-8.5,-7.0729,12.8186,-4.2943,8.37,-0.8719,16.8991,-4.3946,-7.43,6.5747,1
105.299,11.7099,4.807,7.4294,0,0,0.382,0.382,0.382,3.9578,16.7761,-4.4015,-8.5,-7.0718,12.8443,-4.2944,8.37,-0.8477,16.8995,-4.3944,-7.47,6.587,1
105.399,11.7068,4.8031,7.4347,0,0,0.384,0.384,0.384,3.9766,16.741,-4.4012,-8.5,-7.0712,12.8703,-4.2943,8.38,-0.8239,16.8997,-4.3944,-7.52,6.6001,1
105.499,11.7064,4.8014,7.4403,0,0,0.386,0.386,0.386,3.9973,16.7076,-4.4004,-8.51,-7.071,12.8969,-4.2943,8.39,-0.8003,16.9,-4.3947,-7.57,6.6142,1
105.599,11.7089,4.8016,7.4461,0,0,0.388,0.388,0.388,4.0197,16.6761,-4.3996,-8.5,-7.0712,12.9239,-4.2946,8.4,-0.7766,16.9003,-4.3952,-7.6,6.6293,1
105.699,11.7139,4.8034,7.4519,0,0,0.39,0.39,0.39,4.0437,16.6464,-4.3994,-8.5,-7.0716,12.951,-4.295,8.4,-0.753,16.9001,-4.3956,-7.65,6.6452,1
105.799,11.7208,4.8066,7.4571,0,0,0.392,0.392,0.392,4.0688,16.6185,-4.3988,-8.5,-7.0719,12.978,-4.2954,8.4,-0.7296,16.8991,-4.3962,-7.69,6.6613,1
105.899,11.7293,4.8109,7.4624,0,0,0.394,0.394,0.394,4.0947,16.5914,-4.3978,-8.5,-7.0724,13.005,-4.2956,8.4,-0.7065,16.8977,-4.3969,-7.74,6.678,1
105.999,11.7394,4.8162,7.468,0,0,0.395,0.395,0.395,4.1214,16.5651,-4.3971,-8.49,-7.0733,13.032,-4.2953,8.41,-0.6835,16.896,-4.3974,-7.78,6.6953,1
106.099,11.7508,4.8226,7.4734,0,0,0.397,0.397,0.397,4.1489,16.5397,-4.3967,-8.49,-7.0742,13.0593,-4.2952,8.42,-0.6606,16.8943,-4.3974,-7.81,6.7128,1
106.199,11.7636,4.8297,7.4787,0,0,0.399,0.399,0.399,4.1771,16.5157,-4.3965,-8.49,-7.0751,13.0866,-4.2955,8.45,-0.6379,16.8923,-4.3973,-7.85,6.7307,1
106.299,11.7777,4.8377,7.484,0,0,0.401,0.401,0.401,4.2059,16.4931,-4.3961,-8.48,-7.0763,13.1142,-4.2959,8.47,-0.6154,16.89,-4.3967,-7.9,6.749,1
106.399,11.7931,4.8463,7.489,0,0,0.402,0.402,0.402,4.235,16.4722,-4.3956,-8.49,-7.0777,13.142,-4.2963,8.49,-0.5935,16.8876,-4.3958,-7.96,6.7675,1
106.499,11.8094,4.8551,7.494,0,0,0.404,0.404,0.404,4.2643,16.4528,-4.3955,-8.51,-7.0791,13.1695,-4.2969,8.51,-0.5715,16.8848,-4.3951,-8.01,6.786,1
106.599,11.8265,4.8644,7.4988,0,0,0.405,0.405,0.405,4.2941,16.4351,-4.3956,-8.53,-7.0801,13.197,-4.2978,8.54,-0.5498,16.8818,-4.3947,-8.06,6.8045,1
106.699,11.8442,4.8739,7.5036,0,0,0.407,0.407,0.407,4.3241,16.4187,-4.3954,-8.56,-7.0809,13.2246,-4.2989,8.57,-0.5281,16.8789,-4.3947,-8.11,6.8231,1
106.799,11.8626,4.8832,7.5087,0,0,0.408,0.408,0.408,4.3542,16.4036,-4.3951,-8.58,-7.0818,13.2525,-4.2998,8.6,-0.5061,16.8762,-4.3948,-8.15,6.8418,1
106.899,11.8811,4.8922,7.5138,0,0,0.41,0.41,0.41,4.3843,16.3898,-4.3951,-8.61,-7.0825,13.2808,-4.3001,8.62,-0.484,16.8735,-4.395,-8.19,6.8605,1
106.999,11.9004,4.9012,7.5192,0,0,0.411,0.411,0.411,4.4145,16.377,-4.3952,-8.62,-7.0833,13.3094,-4.3,8.63,-0.4618,16.8709,-4.3951,-8.22,6.8795,1
107.099,11.9205,4.9103,7.5253,0,0,0.413,0.413,0.413,4.4448,16.3654,-4.3953,-8.63,-7.0845,13.3379,-4.3001,8.64,-0.4397,16.8688,-4.3954,-8.26,6.8988,1
107.199,11.9409,4.9192,7.5317,0,0,0.414,0.414,0.414,4.4749,16.3546,-4.3954,-8.62,-7.0856,13.3665,-4.3003,8.65,-0.4175,16.867,-4.3959,-8.29,6.9181,1
107.299,11.9614,4.9274,7.5385,0,0,0.415,0.415,0.415,4.5049,16.3449,-4.3959,-8.6,-7.0867,13.3952,-4.3007,8.64,-0.395,16.8652,-4.3965,-8.32,6.9374,1
107.399,11.9823,4.9357,7.5455,0,1,0.417,0.417,0.417,4.535,16.3359,-4.3963,-8.57,-7.0878,13.4241,-4.3012,8.64,-0.3724,16.8635,-4.3969,-8.34,6.9569,1
107.499,12.0035,4.9441,7.5525,0,1,0.418,0.418,0.418,4.5653,16.3276,-4.3964,-8.56,-7.0885,13.4529,-4.3017,8.63,-0.3499,16.862,-4.3969,-8.36,6.9762,1
107.599,12.0252,4.9532,7.5596,0,1,0.419,0.419,0.419,4.596,16.3197,-4.3963,-8.56,-7.0891,13.4815,-4.302,8.62,-0.3276,16.8608,-4.3965,-8.38,6.9956,1
107.699,12.0474,4.9627,7.5669,0,1,0.42,0.42,0.42,4.6269,16.3124,-4.396,-8.56,-7.0897,13.5102,-4.302,8.61,-0.3055,16.8602,-4.3958,-8.4,7.015,1
107.799,12.0696,4.9719,7.5742,0,1,0.421,0.421,0.421,4.6575,16.3058,-4.3955,-8.57,-7.0904,13.5391,-4.3019,8.6,-0.2835,16.8597,-4.395,-8.42,7.0343,1
107.899,12.0918,4.9808,7.5817,0,1,0.422,0.422,0.422,4.6877,16.2995,-4.3949,-8.58,-7.0911,13.5679,-4.3023,8.59,-0.2615,16.8589,-4.3941,-8.44,7.0536,1
107.999,12.1138,4.9896,7.5891,0,1,0.423,0.423,0.423,4.718,16.2934,-4.3942,-8.58,-7.0914,13.5965,-4.3032,8.59,-0.2395,16.858,-4.3931,-8.45,7.0727,1
108.099,12.1362,4.9983,7.597,0,1,0.298,0.298,0.298,4.7484,16.2876,-4.3936,-8.59,-7.0918,13.6251,-4.3037,8.6,-0.2173,16.8575,-4.3927,-8.46,7.092,1
108.199,12.1594,5.0074,7.6053,0,1,0.299,0.299,0.299,4.7779,16.283,-4.3933,-8.6,-7.0939,13.6555,-4.3038,8.6,-0.1963,16.8582,-4.3929,-8.47,7.1119,1
108.299,12.1829,5.0165,7.6137,0,1,0.3,0.3,0.3,4.8063,16.2803,-4.3933,-8.63,-7.0974,13.6885,-4.3035,8.6,-0.1766,16.8607,-4.3931,-8.47,7.132,1
108.399,12.2064,5.0252,7.6223,0,1,0.3,0.3,0.3,4.8336,16.2791,-4.393,-8.66,-7.102,13.7236,-4.3028,8.59,-0.1574,16.8645,-4.3931,-8.48,7.1523,1
108.499,12.23,5.0338,7.631,0,1,0.301,0.301,0.301,4.8603,16.2788,-4.3931,-8.68,-7.1072,13.76,-4.3019,8.59,-0.1389,16.869,-4.3933,-8.5,7.1727,1
108.599,12.2535,5.0423,7.6396,0,1,0.302,0.302,0.302,4.8862,16.2794,-4.3932,-8.69,-7.113,13.7974,-4.3012,8.58,-0.1208,16.8741,-4.3936,-8.53,7.1932,1
108.699,12.2772,5.0507,7.6482,0,1,0.303,0.303,0.303,4.9116,16.2807,-4.3928,-8.7,-7.1193,13.8356,-4.3005,8.56,-0.1035,16.8794,-4.3936,-8.56,7.2137,1
108.799,12.3005,5.059,7.6566,0,1,0.303,0.303,0.303,4.9366,16.2824,-4.3923,-8.69,-7.1255,13.8742,-4.2999,8.55,-0.0863,16.885,-4.3936,-8.58,7.2341,1
108.899,12.3236,5.0669,7.6651,0,1,0.304,0.304,0.304,4.9613,16.2839,-4.392,-8.69,-7.1318,13.9131,-4.2992,8.53,-0.0691,16.8903,-4.3937,-8.59,7.2544,1
108.999,12.3469,5.0748,7.6736,0,1,0.304,0.304,0.304,4.986,16.285,-4.3916,-8.67,-7.1381,13.9519,-4.2982,8.51,-0.052,16.8951,-4.3939,-8.6,7.2748,1
109.099,12.3703,5.083,7.6823,0,1,0.305,0.305,0.305,5.0108,16.2851,-4.3913,-8.65,-7.1444,13.9901,-4.297,8.5,-0.035,16.8995,-4.3943,-8.61,7.2954,1
109.199,12.3939,5.0915,7.691,0,1,0.305,0.305,0.305,5.0359,16.2848,-4.3914,-8.64,-7.1505,14.0283,-4.2962,8.49,-0.0178,16.9037,-4.3947,-8.61,7.316,1
109.299,12.418,5.1001,7.7,0,1,0.306,0.306,0.306,5.0616,16.2844,-4.392,-8.63,-7.1564,14.0668,-4.2954,8.48,-0.0003,16.9075,-4.3954,-8.62,7.3369,1
109.399,12.4424,5.1091,7.7087,0,1,0.306,0.306,0.306,5.0876,16.2836,-4.3928,-8.62,-7.1623,14.1054,-4.2945,8.48,0.0171,16.9108,-4.3963,-8.62,7.358,1
109.499,12.4669,5.1183,7.7173,0,1,0.306,0.306,0.306,5.1138,16.2821,-4.3932,-8.62,-7.168,14.1443,-4.2936,8.48,0.0346,16.9134,-4.3966,-8.62,7.3793,1
109.599,12.4916,5.1278,7.7259,0,1,0.307,0.307,0.307,5.1403,16.2797,-4.3934,-8.61,-7.1736,14.1832,-4.293,8.49,0.0522,16.9157,-4.3966,-8.61,7.4007,1
109.699,12.5166,5.1373,7.7347,0,1,0.307,0.307,0.307,5.1671,16.2768,-4.3934,-8.61,-7.1793,14.2221,-4.2923,8.5,0.0699,16.9175,-4.3964,-8.6,7.4223,1
109.799,12.5414,5.1465,7.7437,0,1,0.307,0.307,0.307,5.194,16.2734,-4.393,-8.61,-7.1845,14.261,-4.2916,8.5,0.0881,16.9187,-4.3962,-8.59,7.444,1
109.899,12.5661,5.1554,7.7528,0,1,0.307,0.307,0.307,5.221,16.2697,-4.393,-8.61,-7.1893,14.2995,-4.2907,8.5,0.1067,16.9194,-4.3958,-8.58,7.4657,1
109.999,12.5905,5.1641,7.7619,0,1,0.307,0.307,0.307,5.2479,16.2656,-4.3931,-8.62,-7.1937,14.3376,-4.2899,8.5,0.1254,16.9195,-4.3957,-8.57,7.4872,1
110.099,12.6148,5.1725,7.7711,0,1,0.307,0.307,0.307,5.2747,16.2614,-4.393,-8.64,-7.1979,14.3754,-4.2897,8.51,0.1442,16.9193,-4.3957,-8.56,7.5086,1
110.199,12.6397,5.1808,7.781,0,1,0.307,0.307,0.307,5.3016,16.2572,-4.3931,-8.66,-7.2024,14.4128,-4.2899,8.51,0.1632,16.9188,-4.3955,-8.55,7.5304,1
110.299,12.6652,5.189,7.7914,0,1,0.307,0.307,0.307,5.3288,16.2531,-4.3938,-8.65,-7.2069,14.45,-4.29,8.51,0.1826,16.9179,-4.3952,-8.54,7.5525,1
110.399,12.6908,5.1975,7.8021,0,1,0.307,0.307,0.307,5.3561,16.2487,-4.3946,-8.65,-7.2114,14.4867,-4.2897,8.51,0.2018,16.9172,-4.3951,-8.53,7.5745,1
110.499,12.7162,5.206,7.8128,0,1,0.306,0.306,0.306,5.3833,16.2436,-4.3953,-8.65,-7.2155,14.5232,-4.2894,8.5,0.221,16.9163,-4.3952,-8.51,7.5964,1
110.599,12.7417,5.2143,7.824,0,1,0.306,0.306,0.306,5.4106,16.2382,-4.396,-8.66,-7.2196,14.5595,-4.2896,8.49,0.2405,16.9155,-4.3953,-8.5,7.6185,1
110.699,12.7671,5.2227,7.8351,0,1,0.306,0.306,0.306,5.4379,16.2326,-4.3967,-8.67,-7.2234,14.596,-4.2897,8.47,0.2599,16.9148,-4.3955,-8.5,7.6405,1
110.799,12.7921,5.2313,7.8458,0,1,0.305,0.305,0.305,5.4655,16.2269,-4.3976,-8.66,-7.2264,14.6326,-4.2901,8.46,0.2796,16.9142,-4.3958,-8.49,7.6621,1
110.899,12.8165,5.2396,7.8559,0,1,0.305,0.305,0.305,5.4933,16.2212,-4.3984,-8.67,-7.2284,14.6693,-4.291,8.45,0.2995,16.913,-4.3961,-8.51,7.6834,1
110.999,12.8406,5.2483,7.8655,0,1,0.304,0.304,0.304,5.5213,16.2156,-4.3987,-8.66,-7.2298,14.7062,-4.2923,8.46,0.3194,16.9117,-4.3959,-8.52,7.7044,1
111.099,12.8637,5.2568,7.8741,0,1,0.304,0.304,0.304,5.5494,16.2098,-4.3989,-8.65,-7.23,14.7436,-4.2935,8.45,0.3395,16.9102,-4.3956,-8.54,7.7249,1
111.199,12.884,5.2636,7.8822,0,1,0.303,0.303,0.303,5.576,16.2022,-4.3991,-8.65,-7.2289,14.7809,-4.2946,8.45,0.36,16.9086,-4.3952,-8.56,7.7444,1
111.299,12.901,5.2686,7.8893,0,1,0.303,0.303,0.303,5.6007,16.1925,-4.3992,-8.65,-7.2265,14.8184,-4.2957,8.44,0.3807,16.9068,-4.3949,-8.56,7.7626,1
111.399,12.9166,5.2733,7.8953,0,1,0.302,0.302,0.302,5.6253,16.183,-4.3995,-8.64,-7.2226,14.8556,-4.2964,8.44,0.4016,16.9046,-4.3949,-8.56,7.78,1
111.499,12.9301,5.2772,7.9,0,1,0.301,0.301,0.301,5.6492,16.1729,-4.3999,-8.63,-7.2171,14.893,-4.2971,8.42,0.4226,16.9021,-4.3948,-8.56,7.7963,1
111.599,12.9419,5.2806,7.9036,0,1,0.3,0.3,0.3,5.6725,16.1619,-4.4008,-8.63,-7.2103,14.931,-4.2979,8.4,0.4436,16.8994,-4.3948,-8.55,7.8119,1
111.699,12.9524,5.2839,7.9062,0,1,0.3,0.3,0.3,5.6955,16.1504,-4.4017,-8.62,-7.2025,14.9691,-4.2985,8.4,0.4645,16.8964,-4.395,-8.54,7.8268,1
111.799,12.9613,5.2863,7.908,0,1,0.299,0.299,0.299,5.7177,16.1387,-4.4013,-8.63,-7.1937,15.0072,-4.299,8.41,0.4856,16.8932,-4.3952,-8.52,7.8409,1
111.899,12.9686,5.2879,7.9091,0,1,0.298,0.298,0.298,5.7395,16.1267,-4.4006,-8.63,-7.1835,15.0448,-4.2993,8.42,0.5069,16.8896,-4.3953,-8.51,7.8541,1
111.999,12.9747,5.2895,7.9092,0,1,0.297,0.297,0.297,5.7612,16.1146,-4.4,-8.63,-7.1719,15.0816,-4.3,8.43,0.5282,16.8856,-4.3952,-8.51,7.8664,1
112.099,12.9791,5.2907,7.9083,0,1,0.296,0.296,0.296,5.7825,16.1024,-4.3995,-8.63,-7.1588,15.1172,-4.3008,8.44,0.5495,16.8818,-4.3953,-8.5,7.8776,1
112.199,12.9822,5.2921,7.9059,0,1,0.295,0.295,0.295,5.8041,16.091,-4.3992,-8.6,-7.1437,15.1517,-4.3015,8.44,0.5708,16.8781,-4.3955,-8.49,7.8874,1
112.299,12.9844,5.2941,7.9022,0,1,0.294,0.294,0.294,5.8263,16.0803,-4.3986,-8.58,-7.1269,15.185,-4.3024,8.45,0.5921,16.8743,-4.3956,-8.48,7.8962,1
112.399,12.9861,5.2968,7.8974,0,1,0.292,0.292,0.292,5.8494,16.0705,-4.3978,-8.57,-7.1082,15.2166,-4.3029,8.46,0.6134,16.8708,-4.3955,-8.47,7.9038,1
112.499,12.9872,5.3007,7.8911,0,1,0.291,0.291,0.291,5.8735,16.061,-4.3969,-8.57,-7.0877,15.2464,-4.3029,8.46,0.6345,16.8673,-4.3954,-8.47,7.9103,1
112.599,12.9876,5.3053,7.8834,0,1,0.29,0.29,0.29,5.8985,16.052,-4.3961,-8.56,-7.0655,15.2748,-4.3027,8.47,0.6556,16.8637,-4.3954,-8.46,7.9158,1
112.699,12.988,5.3109,7.8748,0,1,0.289,0.289,0.289,5.9244,16.0438,-4.3954,-8.56,-7.0421,15.3016,-4.3023,8.48,0.6765,16.8598,-4.3954,-8.46,7.9205,1
112.799,12.9878,5.3171,7.8652,0,1,0.287,0.287,0.287,5.9507,16.0364,-4.3952,-8.56,-7.0174,15.3273,-4.3015,8.48,0.6972,16.8562,-4.3954,-8.45,7.9244,1
112.899,12.9872,5.3236,7.8549,0,1,0.286,0.286,0.286,5.9774,16.0301,-4.395,-8.56,-6.9917,15.3517,-4.3004,8.48,0.7178,16.853,-4.3953,-8.44,7.9274,1
112.999,12.9868,5.3309,7.8441,0,1,0.284,0.284,0.284,6.0051,16.0248,-4.3941,-8.56,-6.9651,15.3756,-4.2996,8.46,0.7385,16.8502,-4.395,-8.44,7.93,1
113.099,12.9865,5.3387,7.8328,0,1,0.283,0.283,0.283,6.0334,16.0204,-4.393,-8.56,-6.9379,15.3991,-4.2995,8.45,0.7592,16.8476,-4.3947,-8.44,7.9323,1
113.199,12.9829,5.3438,7.8209,0,1,0.281,0.281,0.281,6.0591,16.0169,-4.3901,-8.56,-6.9099,15.4217,-4.2995,8.44,0.7798,16.8452,-4.3942,-8.43,7.9331,1
113.299,12.9783,5.3482,7.8089,0,1,0.28,0.28,0.28,6.0841,16.0139,-4.3868,-8.56,-6.8814,15.4435,-4.2992,8.44,0.8005,16.8429,-4.3935,-8.42,7.9332,1
113.399,12.9749,5.3539,7.7969,0,1,0.278,0.278,0.278,6.1105,16.0118,-4.384,-8.57,-6.8526,15.4642,-4.2989,8.45,0.8212,16.841,-4.3929,-8.42,7.9333,1
113.499,12.9719,5.36,7.7848,0,1,0.277,0.277,0.277,6.1378,16.0111,-4.3816,-8.58,-6.8232,15.4839,-4.2991,8.45,0.8422,16.8392,-4.3926,-8.41,7.9331,1
113.599,12.9692,5.3663,7.7726,0,1,0.275,0.275,0.275,6.1656,16.0114,-4.3799,-8.59,-6.7935,15.5028,-4.2993,8.47,0.8632,16.8369,-4.3923,-8.41,7.9328,1
113.699,12.967,5.3728,7.7604,0,1,0.273,0.273,0.273,6.1941,16.0128,-4.379,-8.6,-6.7633,15.5204,-4.2992,8.48,0.8845,16.8346,-4.3923,-8.41,7.9323,1
113.799,12.965,5.3793,7.7488,0,1,0.271,0.271,0.271,6.2229,16.0151,-4.379,-8.61,-6.733,15.5371,-4.299,8.48,0.9061,16.8325,-4.3924,-8.42,7.9317,1
113.899,12.9633,5.3861,7.7372,0,1,0.269,0.269,0.269,6.252,16.0178,-4.3793,-8.61,-6.7027,15.5524,-4.2988,8.48,0.9276,16.8305,-4.3926,-8.42,7.9308,1
113.999,12.9619,5.3935,7.7255,0,1,0.268,0.268,0.268,6.2815,16.0209,-4.3798,-8.61,-6.6722,15.5663,-4.2991,8.48,0.9489,16.8288,-4.3931,-8.41,7.9297,1
114.099,12.961,5.4016,7.7137,0,1,0.216,0.216,0.216,6.3116,16.0238,-4.3807,-8.61,-6.6415,15.5791,-4.2994,8.5,0.9701,16.8268,-4.394,-8.41,7.9284,1
114.199,12.96,5.4097,7.702,0,1,0.214,0.214,0.214,6.3419,16.0272,-4.3813,-8.61,-6.6105,15.5912,-4.2996,8.51,0.9914,16.8253,-4.3946,-8.41,7.9269,1
114.299,12.9589,5.418,7.6902,0,1,0.212,0.212,0.212,6.3725,16.0312,-4.3816,-8.6,-6.5791,15.603,-4.2997,8.51,1.0129,16.8244,-4.3948,-8.41,7.9251,1
114.399,12.958,5.4268,7.6781,0,1,0.21,0.21,0.21,6.4036,16.0353,-4.3821,-8.6,-6.5473,15.6145,-4.2998,8.51,1.0344,16.8238,-4.395,-8.42,7.9232,1
114.499,12.9571,5.4363,7.6656,0,1,0.208,0.208,0.208,6.4351,16.0395,-4.3829,-8.61,-6.5152,15.6257,-4.2997,8.51,1.0556,16.8235,-4.395,-8.44,7.921,1
114.599,12.9558,5.4451,7.6533,0,1,0.206,0.206,0.206,6.4662,16.0433,-4.3839,-8.62,-6.4829,15.6369,-4.2995,8.52,1.0773,16.8234,-4.3948,-8.45,7.9187,1
114.699,12.9538,5.4533,7.6413,1,1,0.204,0.204,0.204,6.4968,16.0465,-4.3854,-8.62,-6.4506,15.6475,-4.2995,8.51,1.0991,16.8231,-4.3943,-8.45,7.9163,1
114.799,12.9518,5.4611,7.6296,1,1,0.201,0.201,0.201,6.5273,16.0492,-4.3875,-8.62,-6.4183,15.6576,-4.2993,8.5,1.1212,16.8225,-4.394,-8.46,7.9139,1
114.899,12.9493,5.4688,7.6176,1,1,0.199,0.199,0.199,6.5577,16.0511,-4.3894,-8.62,-6.3856,15.6673,-4.2987,8.48,1.1434,16.8215,-4.394,-8.48,7.9114,1
114.999,12.9469,5.4765,7.6059,1,1,0.197,0.197,0.197,6.5883,16.0525,-4.391,-8.63,-6.3529,15.6765,-4.2982,8.47,1.1659,16.8205,-4.3943,-8.49,7.9089,1
115.099,12.9448,5.4842,7.5945,1,1,0.195,0.195,0.195,6.6189,16.0533,-4.3924,-8.63,-6.3204,15.6855,-4.2979,8.47,1.1884,16.8193,-4.3947,-8.49,7.9066,1
115.199,12.9428,5.4924,7.583,1,1,0.192,0.192,0.192,6.6494,16.0532,-4.3937,-8.64,-6.288,15.6941,-4.2974,8.47,1.2106,16.818,-4.3947,-8.48,7.9043,1
115.299,12.9408,5.5005,7.5716,1,1,0.19,0.19,0.19,6.68,16.0523,-4.3948,-8.65,-6.2556,15.7021,-4.2971,8.46,1.2329,16.8165,-4.3946,-8.47,7.9021,1
115.399,12.9389,5.5085,7.5606,1,1,0.187,0.187,0.187,6.7107,16.0507,-4.3954,-8.66,-6.2233,15.7099,-4.2967,8.46,1.2554,16.815,-4.3943,-8.46,7.9,1
115.499,12.9372,5.5166,7.5498,1,1,0.185,0.185,0.185,6.7415,16.0489,-4.3959,-8.67,-6.1911,15.7169,-4.2963,8.45,1.2781,16.8133,-4.3941,-8.45,7.8979,1
115.599,12.9355,5.5249,7.5391,1,1,0.183,0.183,0.183,6.7724,16.0466,-4.3963,-8.67,-6.1587,15.7235,-4.2963,8.45,1.3008,16.8118,-4.3941,-8.45,7.8958,1
115.699,12.9338,5.5329,7.5285,1,1,0.18,0.18,0.18,6.8033,16.0437,-4.3967,-8.65,-6.1263,15.7302,-4.2962,8.46,1.3237,16.8102,-4.394,-8.44,7.8938,1
115.799,12.9316,5.5405,7.5181,1,1,0.178,0.178,0.178,6.8337,16.0408,-4.3971,-8.64,-6.094,15.7369,-4.2964,8.46,1.3467,16.8086,-4.394,-8.44,7.8917,1
115.899,12.9295,5.548,7.5077,1,1,0.175,0.175,0.175,6.8642,16.0377,-4.3973,-8.64,-6.0616,15.7436,-4.2971,8.46,1.3697,16.8069,-4.3942,-8.44,7.8896,1
115.999,12.9276,5.5559,7.4972,1,1,0.172,0.172,0.172,6.8948,16.0343,-4.3974,-8.66,-6.0293,15.7501,-4.2974,8.47,1.3926,16.8051,-4.3945,-8.43,7.8876,1
116.099,12.9259,5.5639,7.4869,1,1,0.17,0.17,0.17,6.9255,16.0305,-4.3977,-8.68,-5.9971,15.7564,-4.2974,8.47,1.4156,16.8035,-4.3947,-8.42,7.8857,1
116.199,12.9241,5.5721,7.4763,1,1,0.167,0.167,0.167,6.9562,16.0262,-4.3984,-8.69,-5.9648,15.7625,-4.2976,8.47,1.4383,16.8017,-4.3947,-8.43,7.8838,1
116.299,12.9221,5.5805,7.4656,1,1,0.164,0.164,0.164,6.9867,16.0216,-4.3989,-8.68,-5.9325,15.7686,-4.2976,8.47,1.4608,16.8,-4.3948,-8.44,7.8816,1
116.399,12.9199,5.5888,7.4546,1,1,0.162,0.162,0.162,7.017,16.0168,-4.3993,-8.68,-5.9002,15.7744,-4.2977,8.45,1.4831,16.7981,-4.395,-8.45,7.8794,1
116.499,12.9183,5.5979,7.4434,1,1,0.159,0.159,0.159,7.0477,16.0118,-4.3998,-8.68,-5.8681,15.7801,-4.2976,8.44,1.505,16.7959,-4.3952,-8.45,7.8773,1
116.599,12.9164,5.6075,7.4313,1,1,0.156,0.156,0.156,7.0781,16.0067,-4.4002,-8.67,-5.8359,15.7861,-4.2976,8.44,1.5261,16.7935,-4.3954,-8.44,7.8749,1
116.699,12.9135,5.6174,7.4181,1,1,0.153,0.153,0.153,7.1078,16.0011,-4.4006,-8.67,-5.8037,15.7921,-4.2975,8.42,1.5462,16.791,-4.3957,-8.44,7.872,1
116.799,12.911,5.6282,7.4042,1,1,0.151,0.151,0.151,7.1376,15.9956,-4.4012,-8.67,-5.7715,15.7982,-4.2974,8.42,1.5655,16.7886,-4.3958,-8.44,7.8689,1
116.899,12.9087,5.64,7.3896,1,1,0.148,0.148,0.148,7.1674,15.9903,-4.4017,-8.67,-5.7396,15.8045,-4.2972,8.42,1.5838,16.7864,-4.3959,-8.43,7.8656,1
116.999,12.9062,5.6523,7.3743,1,1,0.145,0.145,0.145,7.1969,15.9853,-4.4021,-8.67,-5.7077,15.8105,-4.2966,8.42,1.6014,16.7841,-4.3964,-8.42,7.862,1
117.099,12.9041,5.6649,7.359,1,1,0.142,0.142,0.142,7.2265,15.9803,-4.4025,-8.68,-5.6761,15.8165,-4.2959,8.41,1.6186,16.7818,-4.3969,-8.41,7.8585,1
117.199,12.9024,5.6784,7.3432,1,1,0.139,0.139,0.139,7.2563,15.9756,-4.4027,-8.66,-5.6448,15.8223,-4.295,8.41,1.6351,16.7795,-4.3969,-8.41,7.8549,1
117.299,12.901,5.6928,7.3269,1,1,0.136,0.136,0.136,7.2862,15.9711,-4.4025,-8.65,-5.6135,15.8278,-4.2939,8.4,1.6508,16.7773,-4.3966,-8.41,7.8511,1
117.399,12.8998,5.7081,7.3098,1,1,0.133,0.133,0.133,7.3162,15.9666,-4.4019,-8.64,-5.5824,15.8329,-4.2934,8.4,1.6657,16.7749,-4.3958,-8.42,7.8471,1
117.499,12.8982,5.7242,7.2914,1,1,0.13,0.13,0.13,7.3462,15.9621,-4.4014,-8.63,-5.5509,15.8381,-4.293,8.42,1.6796,16.7722,-4.3951,-8.43,7.8426,1
117.599,12.8964,5.7409,7.2722,1,1,0.127,0.127,0.127,7.3762,15.9577,-4.4011,-8.61,-5.5192,15.8436,-4.2929,8.43,1.6931,16.7696,-4.3943,-8.44,7.8378,1
117.699,12.8943,5.7578,7.2525,1,1,0.124,0.124,0.124,7.4062,15.9534,-4.4009,-8.61,-5.4873,15.8495,-4.2933,8.44,1.7062,16.7674,-4.3934,-8.45,7.8328,1
117.799,12.8921,5.7756,7.232,1,1,0.121,0.121,0.121,7.4363,15.9486,-4.401,-8.61,-5.455,15.8556,-4.2937,8.45,1.7187,16.7657,-4.3927,-8.46,7.8276,1
117.899,12.8901,5.7948,7.2104,1,1,0.118,0.118,0.118,7.4667,15.9437,-4.401,-8.62,-5.4227,15.8609,-4.2936,8.44,1.7303,16.764,-4.3918,-8.47,7.8218,1
117.999,12.8883,5.8152,7.1878,1,1,0.115,0.115,0.115,7.4974,15.9392,-4.4011,-8.63,-5.3902,15.866,-4.293,8.44,1.7408,16.7625,-4.3908,-8.49,7.8158,1
118.099,12.8867,5.8363,7.1648,1,0,0.112,0.112,0.112,7.528,15.9346,-4.4009,-8.65,-5.3581,15.8712,-4.2923,8.45,1.7505,16.7612,-4.3901,-8.5,7.8096,1
118.199,12.8864,5.8575,7.1427,1,0,0.109,0.109,0.109,7.5581,15.9302,-4.4004,-8.67,-5.3278,15.8787,-4.2921,8.45,1.7597,16.7602,-4.3896,-8.5,7.8047,1
118.299,12.8878,5.8794,7.1215,1,0,0.106,0.106,0.106,7.5879,15.926,-4.3995,-8.67,-5.2994,15.8893,-4.2918,8.46,1.768,16.7599,-4.3895,-8.49,7.8012,1
118.399,12.8906,5.9018,7.1009,1,0,0.103,0.103,0.103,7.6177,15.9217,-4.3981,-8.67,-5.2725,15.902,-4.2921,8.47,1.7757,16.76,-4.3893,-8.48,7.7987,1
118.499,12.8943,5.9245,7.0808,1,0,0.099,0.099,0.099,7.6475,15.9176,-4.3964,-8.66,-5.2463,15.9157,-4.292,8.47,1.7832,16.7603,-4.3893,-8.46,7.7968,1
118.599,12.8983,5.9476,7.0606,1,0,0.096,0.096,0.096,7.6775,15.9138,-4.3951,-8.66,-5.2204,15.9301,-4.2913,8.49,1.7905,16.7608,-4.3898,-8.46,7.7952,1
118.699,12.9027,5.9715,7.04,1,0,0.093,0.093,0.093,7.7077,15.9097,-4.394,-8.66,-5.1945,15.9451,-4.2898,8.51,1.7972,16.7615,-4.3905,-8.45,7.7937,1
118.799,12.9079,5.9962,7.0193,1,0,0.09,0.09,0.09,7.7383,15.9056,-4.3928,-8.66,-5.1691,15.9607,-4.2882,8.5,1.8036,16.7618,-4.3914,-8.46,7.7926,1
118.899,12.9134,6.0213,6.9982,1,0,0.087,0.087,0.087,7.769,15.9016,-4.3915,-8.66,-5.1438,15.9765,-4.2864,8.5,1.8094,16.7618,-4.3923,-8.46,7.7916,1
118.999,12.9223,6.0466,6.9805,1,0,0.084,0.084,0.084,7.7995,15.8981,-4.3904,-8.64,-5.1221,15.9905,-4.286,8.5,1.8149,16.7617,-4.3931,-8.47,7.7923,1
119.099,12.9314,6.0719,6.9633,1,0,0.08,0.08,0.08,7.8299,15.8949,-4.3897,-8.62,-5.1006,16.0015,-4.2865,8.49,1.8202,16.7617,-4.3935,-8.45,7.7924,1
119.199,12.944,6.0976,6.9495,1,0,0.077,0.077,0.077,7.8606,15.8919,-4.389,-8.6,-5.0824,16.0101,-4.2874,8.48,1.8254,16.7621,-4.3939,-8.43,7.7942,1
119.299,12.9567,6.1238,6.9355,1,0,0.074,0.074,0.074,7.8916,15.889,-4.3885,-8.57,-5.0641,16.0167,-4.2888,8.46,1.8304,16.7621,-4.394,-8.41,7.7956,1
119.399,12.9662,6.1502,6.9181,1,0,0.071,0.071,0.071,7.9225,15.8861,-4.3882,-8.56,-5.0427,16.0231,-4.2907,8.45,1.835,16.7622,-4.3937,-8.41,7.7948,1
119.499,12.9728,6.177,6.8976,1,0,0.068,0.068,0.068,7.9533,15.883,-4.3881,-8.53,-5.0184,16.0285,-4.2925,8.45,1.8393,16.7626,-4.3934,-8.41,7.7918,1
119.599,12.9772,6.2042,6.8747,1,0,0.064,0.064,0.064,7.9841,15.8798,-4.3881,-8.51,-4.9919,16.0321,-4.2938,8.47,1.8431,16.763,-4.393,-8.42,7.7869,1
119.699,12.9797,6.2314,6.85,1,0,0.061,0.061,0.061,8.0147,15.8761,-4.3884,-8.5,-4.9636,16.034,-4.2945,8.48,1.8467,16.7631,-4.3929,-8.42,7.7805,1
119.799,12.9808,6.2592,6.8238,1,0,0.058,0.058,0.058,8.0455,15.8719,-4.3888,-8.49,-4.934,16.0342,-4.2953,8.49,1.85,16.7634,-4.3931,-8.43,7.7729,1
119.899,12.9808,6.2869,6.7967,1,0,0.055,0.055,0.055,8.0763,15.8678,-4.3889,-8.48,-4.9031,16.0335,-4.2962,8.5,1.8535,16.764,-4.3937,-8.44,7.7644,1
119.999,12.9796,6.314,6.7692,1,0,0.052,0.052,0.052,8.1067,15.8638,-4.3893,-8.48,-4.8715,16.0324,-4.2969,8.5,1.8573,16.7647,-4.3945,-8.45,7.7553,1
120.099,12.978,6.341,6.7413,1,0,0.165,0.165,0.165,8.1371,15.86,-4.3898,-8.48,-4.8395,16.0311,-4.298,8.49,1.861,16.7654,-4.3949,-8.47,7.7458,1
120.199,12.9762,6.3682,6.713,1,0,0.161,0.161,0.161,8.1671,15.8554,-4.3899,-8.48,-4.8076,16.0287,-4.2993,8.48,1.8642,16.7653,-4.3953,-8.48,7.7361,1
120.299,12.9742,6.3953,6.6847,1,0,0.158,0.158,0.158,8.1966,15.8499,-4.3894,-8.47,-4.7761,16.0245,-4.3005,8.48,1.8669,16.7636,-4.3956,-8.48,7.7262,1
120.399,12.972,6.4223,6.6563,1,0,0.155,0.155,0.155,8.2257,15.8433,-4.3889,-8.47,-4.7448,16.019,-4.3018,8.49,1.8694,16.761,-4.3957,-8.48,7.7161,1
120.499,12.9698,6.4492,6.628,1,0,0.152,0.152,0.152,8.2547,15.8358,-4.389,-8.46,-4.7136,16.013,-4.3029,8.51,1.8717,16.7577,-4.3954,-8.49,7.7061,1
120.599,12.9676,6.4764,6.5993,1,0,0.149,0.149,0.149,8.2836,15.8279,-4.3896,-8.45,-4.6825,16.0071,-4.3039,8.51,1.8738,16.7539,-4.3948,-8.49,7.6961,1
120.699,12.9656,6.5036,6.5707,1,0,0.145,0.145,0.145,8.3123,15.8199,-4.3904,-8.43,-4.6518,16.0018,-4.3044,8.51,1.8755,16.75,-4.3944,-8.49,7.6864,1
120.799,12.9636,6.5306,6.5422,1,0,0.142,0.142,0.142,8.3408,15.8119,-4.3911,-8.42,-4.6212,15.9974,-4.3043,8.51,1.8773,16.7463,-4.394,-8.48,7.6769,1
120.899,12.9615,6.5574,6.5138,1,0,0.139,0.139,0.139,8.3693,15.8038,-4.3917,-8.42,-4.5906,15.9943,-4.3041,8.51,1.8795,16.7428,-4.3937,-8.48,7.6677,1
120.999,12.9594,6.5839,6.4854,1,0,0.136,0.136,0.136,8.3976,15.7961,-4.3924,-8.42,-4.56,15.9923,-4.3038,8.51,1.8816,16.7392,-4.3934,-8.47,7.6587,1
121.099,12.9576,6.6106,6.4571,1,0,0.133,0.133,0.133,8.426,15.7887,-4.3932,-8.42,-4.5296,15.9908,-4.3033,8.5,1.8836,16.7358,-4.3932,-8.46,7.6499,1
121.199,12.9562,6.6372,6.4291,1,0,0.129,0.129,0.129,8.4547,15.7815,-4.3939,-8.43,-4.4995,15.9899,-4.3028,8.5,1.886,16.7328,-4.3933,-8.45,7.6414,1
121.299,12.9547,6.6641,6.4009,1,0,0.126,0.126,0.126,8.4835,15.7749,-4.3944,-8.44,-4.4691,15.9897,-4.3018,8.5,1.8882,16.7301,-4.3935,-8.45,7.6329,1
121.399,12.9534,6.6912,6.3724,1,0,0.123,0.123,0.123,8.5125,15.769,-4.3944,-8.45,-4.4386,15.9905,-4.3005,8.49,1.8904,16.7276,-4.3933,-8.46,7.6245,1
121.499,12.9523,6.7181,6.3443,1,0,0.12,0.12,0.12,8.5417,15.7636,-4.3947,-8.46,-4.4082,15.992,-4.2997,8.5,1.8928,16.7254,-4.3927,-8.48,7.6163,1
121.599,12.9515,6.7445,6.3168,1,0,0.117,0.117,0.117,8.5708,15.7585,-4.3953,-8.46,-4.3782,15.994,-4.2996,8.51,1.8957,16.7235,-4.3919,-8.5,7.6085,1
121.699,12.9509,6.7663,6.2941,1,0,0.114,0.114,0.114,8.5998,15.7536,-4.3955,-8.46,-4.3485,15.9965,-4.2996,8.51,1.903,16.7211,-4.3914,-8.51,7.6025,1
121.799,12.9503,6.7818,6.2773,1,0,0.111,0.111,0.111,8.6289,15.749,-4.3953,-8.47,-4.3187,15.9991,-4.2994,8.51,1.9166,16.7182,-4.3912,-8.52,7.5984,1
121.899,12.9497,6.7923,6.2655,1,0,0.108,0.108,0.108,8.658,15.7449,-4.3954,-8.48,-4.2888,16.0022,-4.2995,8.51,1.9353,16.715,-4.3909,-8.51,7.596,1
121.999,12.9488,6.7977,6.2575,1,0,0.104,0.104,0.104,8.6868,15.747,-4.395,-8.48,-4.259,16.0061,-4.2998,8.52,1.9579,16.7114,-4.3902,-8.51,7.5944,1
122.099,12.9475,6.7984,6.2526,1,0,0.101,0.101,0.101,8.7155,15.7575,-4.3938,-8.47,-4.2292,16.0106,-4.2998,8.53,1.9838,16.7073,-4.3893,-8.51,7.593,1
122.199,12.9457,6.7956,6.2498,1,0,0.098,0.098,0.098,8.7441,15.7749,-4.3922,-8.46,-4.199,16.0151,-4.2996,8.52,2.0122,16.7029,-4.3885,-8.5,7.5915,1
122.299,12.9435,6.7902,6.2486,1,0,0.095,0.095,0.095,8.7725,15.7976,-4.3905,-8.46,-4.1687,16.0195,-4.2995,8.51,2.0423,16.6983,-4.3882,-8.5,7.5899,1
122.399,12.9415,6.7833,6.2488,1,0,0.092,0.092,0.092,8.801,15.8241,-4.3889,-8.47,-4.1386,16.0242,-4.2995,8.52,2.0737,16.6937,-4.388,-8.5,7.5885,1
122.499,12.9395,6.7754,6.2499,1,0,0.089,0.089,0.089,8.8294,15.8537,-4.3877,-8.48,-4.1086,16.0292,-4.2992,8.52,2.1057,16.6889,-4.3878,-8.5,7.5871,1
122.599,12.9375,6.7672,6.251,1,0,0.086,0.086,0.086,8.8579,15.8854,-4.3859,-8.49,-4.0785,16.0347,-4.299,8.53,2.138,16.6843,-4.3878,-8.5,7.5856,1
122.699,12.9352,6.7582,6.2526,1,0,0.084,0.084,0.084,8.8862,15.9187,-4.3841,-8.5,-4.0482,16.0404,-4.2989,8.53,2.171,16.6799,-4.3881,-8.5,7.584,1
122.799,12.9328,6.7485,6.2549,1,0,0.081,0.081,0.081,8.9143,15.9534,-4.3824,-8.48,-4.0179,16.0458,-4.2989,8.54,2.2046,16.6759,-4.3888,-8.5,7.5824,1
122.899,12.9305,6.7387,6.2577,1,0,0.078,0.078,0.078,8.9425,15.989,-4.3805,-8.48,-3.9876,16.0518,-4.2989,8.55,2.2386,16.6723,-4.3897,-8.5,7.5808,1
122.999,12.9282,6.7288,6.2605,1,0,0.075,0.075,0.075,8.9706,16.0253,-4.3784,-8.48,-3.9573,16.0584,-4.2993,8.57,2.2727,16.6693,-4.3907,-8.51,7.5793,1
123.099,12.9265,6.7196,6.2634,1,0,0.072,0.072,0.072,8.9992,16.0621,-4.3762,-8.5,-3.9271,16.0656,-4.2997,8.58,2.3068,16.6661,-4.3911,-8.52,7.578,1
123.199,12.9251,6.7159,6.2613,1,0,0.069,0.069,0.069,9.028,16.099,-4.3741,-8.51,-3.8969,16.0733,-4.3001,8.6,2.3359,16.6641,-4.3862,-8.52,7.5752,1
123.299,12.9182,6.7134,6.2526,1,0,0.066,0.066,0.066,9.0509,16.1384,-4.3724,-8.22,-3.867,16.0811,-4.3007,8.61,2.358,16.6633,-4.3746,-8.53,7.5682,1
123.399,12.9031,6.7088,6.2379,1,0,0.064,0.064,0.064,9.0657,16.181,-4.3707,-7.47,-3.8369,16.0888,-4.3009,8.62,2.3743,16.6633,-4.3576,-8.54,7.5562,1
123.499,12.8808,6.702,6.2185,1,0,0.061,0.061,0.061,9.0736,16.2265,-4.3688,-6.32,-3.8064,16.0963,-4.3012,8.62,2.3861,16.6641,-4.3362,-8.54,7.5399,1
123.599,12.8523,6.6928,6.1954,1,0,0.058,0.058,0.058,9.0756,16.2746,-4.3669,-4.83,-3.7754,16.1035,-4.3016,8.62,2.3944,16.6655,-4.3116,-8.55,7.5199,1
123.699,12.819,6.6819,6.1696,1,0,0.056,0.056,0.056,9.0728,16.3247,-4.3654,-3.12,-3.7443,16.1106,-4.302,8.63,2.4001,16.6676,-4.2843,-8.55,7.4972,1
123.799,12.7824,6.6701,6.142,1,0,0.053,0.053,0.053,9.0664,16.3762,-4.3641,-1.28,-3.7132,16.1174,-4.302,8.64,2.4037,16.6701,-4.255,-8.54,7.4725,1
123.899,12.7433,6.6525,6.1178,1,0,0.05,0.05,0.05,9.0573,16.4285,-4.3629,0.62,-3.6822,16.124,-4.3022,8.65,2.4106,16.6721,-4.2312,-8.54,7.448,1
123.999,12.7021,6.6269,6.0995,1,0,0.048,0.048,0.048,9.0458,16.4811,-4.3618,2.53,-3.6513,16.1302,-4.3028,8.66,2.4233,16.6732,-4.2157,-8.54,7.4247,1
124.099,12.6593,6.5949,6.0859,1,0,0.045,0.045,0.045,9.0325,16.5333,-4.3606,4.44,-3.6204,16.1356,-4.3034,8.66,2.4408,16.6736,-4.2073,-8.55,7.4022,1
124.199,12.6154,6.558,6.0761,1,0,0.043,0.043,0.043,9.0178,16.5853,-4.3591,6.32,-3.5897,16.1408,-4.3035,8.66,2.4622,16.6734,-4.2041,-8.55,7.3807,1
124.299,12.5709,6.5175,6.0693,1,0,0.041,0.041,0.041,9.0022,16.6372,-4.3574,8.15,-3.559,16.146,-4.3031,8.66,2.4866,16.6726,-4.205,-8.55,7.3599,1
124.399,12.526,6.4744,6.0647,1,0,0.038,0.038,0.038,8.9857,16.6892,-4.3559,9.92,-3.5286,16.1512,-4.3027,8.66,2.5131,16.6716,-4.2093,-8.56,7.3398,1
124.499,12.4806,6.4295,6.0616,0,0,0.036,0.036,0.036,8.9687,16.741,-4.3545,11.62,-3.4981,16.156,-4.3022,8.65,2.541,16.6702,-4.2159,-8.55,7.3198,1
124.599,12.4349,6.3836,6.0594,0,0,0.034,0.034,0.034,8.9512,16.7926,-4.3532,13.25,-3.4675,16.1604,-4.3017,8.64,2.5701,16.6687,-4.2247,-8.54,7.3,1
124.699,12.3892,6.3371,6.0582,0,0,0.031,0.031,0.031,8.9338,16.8436,-4.352,14.81,-3.4367,16.1649,-4.301,8.62,2.6003,16.6671,-4.2349,-8.55,7.2805,1
124.799,12.3434,6.29,6.0577,0,0,0.029,0.029,0.029,8.9161,16.894,-4.3506,16.31,-3.4059,16.1693,-4.3005,8.61,2.6312,16.6653,-4.2456,-8.56,7.2613,1
124.899,12.2975,6.2428,6.0574,0,0,0.027,0.027,0.027,8.8984,16.9439,-4.3495,17.73,-3.3748,16.1737,-4.3006,8.62,2.6626,16.6632,-4.2567,-8.58,7.242,1
124.999,12.2513,6.1959,6.057,0,0,0.025,0.025,0.025,8.8808,16.9933,-4.3486,19.08,-3.3433,16.1782,-4.3006,8.63,2.6943,16.6608,-4.2682,-8.57,7.2228,1
125.099,12.2058,6.1494,6.0571,0,0,0.023,0.023,0.023,8.8635,17.0424,-4.3479,20.37,-3.3119,16.1826,-4.3008,8.63,2.7265,16.6583,-4.2798,-8.56,7.2039,1
125.199,12.161,6.1034,6.0579,0,0,0.021,0.021,0.021,8.8466,17.0914,-4.3475,21.59,-3.2806,16.1872,-4.3011,8.64,2.7591,16.6556,-4.2911,-8.55,7.1854,1
125.299,12.1171,6.0577,6.0595,0,0,0.02,0.02,0.02,8.8297,17.1399,-4.3471,22.76,-3.2501,16.1921,-4.3011,8.65,2.7918,16.6529,-4.3015,-8.53,7.1676,1
125.399,12.0734,6.0127,6.061,0,0,0.018,0.018,0.018,8.8127,17.1879,-4.3465,23.87,-3.2199,16.1972,-4.301,8.67,2.8242,16.6502,-4.3111,-8.53,7.1498,1
125.499,12.0298,5.9687,6.062,0,0,0.016,0.016,0.016,8.7958,17.2359,-4.3457,24.93,-3.1894,16.2023,-4.301,8.67,2.8562,16.6475,-4.3205,-8.53,7.1319,1
125.599,11.9864,5.9255,6.0628,0,0,0.015,0.015,0.015,8.7791,17.2839,-4.3449,25.96,-3.1587,16.2071,-4.3012,8.68,2.8882,16.6448,-4.3293,-8.53,7.1138,1
125.699,11.9431,5.883,6.0634,0,0,0.014,0.014,0.014,8.7627,17.332,-4.3443,26.95,-3.1277,16.2119,-4.3013,8.67,2.9202,16.6426,-4.337,-8.53,7.0956,1
125.799,11.9002,5.841,6.064,0,0,0.013,0.013,0.013,8.7465,17.38,-4.344,27.88,-3.0966,16.217,-4.301,8.67,2.9524,16.6405,-4.3435,-8.53,7.0775,1
125.899,11.8579,5.7999,6.0649,0,0,0.013,0.013,0.013,8.7309,17.4276,-4.3437,28.77,-3.0655,16.2223,-4.3002,8.68,2.9849,16.6382,-4.3494,-8.52,7.0598,1
125.999,11.816,5.7598,6.0657,0,0,0.013,0.013,0.013,8.7157,17.4751,-4.3434,29.6,-3.0343,16.2278,-4.2992,8.69,3.0175,16.6356,-4.3545,-8.52,7.0422,1
126.099,11.7741,5.7203,6.066,0,0,0.115,0.115,0.115,8.7004,17.5226,-4.3434,30.39,-3.0028,16.2333,-4.2986,8.7,3.0498,16.6329,-4.359,-8.51,7.0243,1
126.199,11.7328,5.6821,6.0661,0,0,0.116,0.116,0.116,8.6864,17.5701,-4.3435,31.14,-2.9706,16.2391,-4.2982,8.7,3.0826,16.6306,-4.363,-8.51,7.0067,1
126.299,11.6924,5.6454,6.066,0,0,0.117,0.117,0.117,8.6742,17.6171,-4.3434,31.84,-2.9374,16.2452,-4.2976,8.7,3.116,16.6287,-4.3672,-8.5,6.9892,1
126.399,11.6531,5.6101,6.0658,0,0,0.118,0.118,0.118,8.6636,17.6639,-4.3434,32.52,-2.9035,16.251,-4.2969,8.7,3.1502,16.6272,-4.3717,-8.5,6.972,1
126.499,11.615,5.576,6.0659,0,0,0.119,0.119,0.119,8.6543,17.7105,-4.3434,33.16,-2.8693,16.2565,-4.2964,8.69,3.1849,16.626,-4.376,-8.5,6.955,1
126.599,11.5778,5.543,6.0661,0,0,0.12,0.12,0.12,8.6459,17.7568,-4.3434,33.76,-2.8348,16.2616,-4.2959,8.67,3.2199,16.6245,-4.3801,-8.5,6.9383,1
126.699,11.5411,5.5111,6.0661,0,0,0.121,0.121,0.121,8.6383,17.8029,-4.3438,34.32,-2.7999,16.2663,-4.2957,8.65,3.255,16.6233,-4.3837,-8.51,6.9216,1
126.799,11.505,5.4806,6.0659,0,0,0.122,0.122,0.122,8.6312,17.8489,-4.3443,34.85,-2.765,16.2706,-4.2954,8.63,3.2901,16.6206,-4.3868,-8.52,6.9051,1
126.899,11.4697,5.4516,6.0657,0,0,0.123,0.123,0.123,8.6245,17.8946,-4.345,35.35,-2.7302,16.2756,-4.2948,8.62,3.3252,16.6158,-4.3895,-8.53,6.8891,1
126.999,11.4346,5.424,6.0653,0,0,0.124,0.124,0.124,8.6182,17.9401,-4.3459,35.82,-2.6953,16.2811,-4.2943,8.6,3.3603,16.6089,-4.3917,-8.55,6.8734,1
127.099,11.3995,5.3976,6.0643,0,0,0.125,0.125,0.125,8.6119,17.9851,-4.3467,36.28,-2.6602,16.2868,-4.2936,8.59,3.3952,16.6005,-4.3931,-8.56,6.8579,1
127.199,11.3647,5.3731,6.0625,0,0,0.126,0.126,0.126,8.6062,18.0293,-4.347,36.73,-2.6248,16.2922,-4.2926,8.57,3.4294,16.5909,-4.3943,-8.57,6.8422,1
127.299,11.3307,5.3507,6.06,0,0,0.127,0.127,0.127,8.6013,18.0725,-4.3473,37.16,-2.5894,16.2976,-4.2916,8.55,3.4631,16.58,-4.3957,-8.59,6.8268,1
127.399,11.298,5.3301,6.0577,0,0,0.128,0.128,0.128,8.5972,18.1146,-4.3474,37.58,-2.5544,16.303,-4.2908,8.54,3.4966,16.5682,-4.3969,-8.6,6.812,1
127.499,11.2664,5.3113,6.0553,0,0,0.129,0.129,0.129,8.5943,18.1549,-4.3476,37.96,-2.5196,16.308,-4.2903,8.53,3.5297,16.5558,-4.3971,-8.61,6.7977,1
127.599,11.2362,5.2942,6.0527,0,0,0.129,0.129,0.129,8.5926,18.1939,-4.3477,38.32,-2.4849,16.3129,-4.2895,8.54,3.5624,16.5434,-4.3967,-8.62,6.784,1
127.699,11.2076,5.2787,6.0504,0,0,0.13,0.13,0.13,8.5923,18.2316,-4.3475,38.65,-2.4506,16.3177,-4.2885,8.56,3.5951,16.5315,-4.3957,-8.62,6.7708,1
127.799,11.183,5.2646,6.0498,0,0,0.131,0.131,0.131,8.5936,18.2679,-4.3474,38.96,-2.4177,16.3163,-4.2879,8.5,3.6278,16.5202,-4.3942,-8.61,6.7582,1
127.899,11.1625,5.2512,6.0514,0,0,0.132,0.132,0.132,8.596,18.3027,-4.3474,39.26,-2.3864,16.3063,-4.2882,8.35,3.6607,16.5093,-4.3929,-8.61,6.7456,1
127.999,11.1451,5.2388,6.0542,0,0,0.132,0.132,0.132,8.5992,18.3363,-4.3474,39.53,-2.3561,16.2891,-4.2891,8.14,3.6936,16.4984,-4.3923,-8.6,6.7327,1
128.099,11.1297,5.227,6.0575,0,0,0.133,0.133,0.133,8.6029,18.3686,-4.3474,39.8,-2.3263,16.2666,-4.2905,7.89,3.7263,16.4878,-4.3922,-8.59,6.7195,1
128.199,11.1171,5.216,6.0618,0,0,0.134,0.134,0.134,8.6076,18.3997,-4.347,40.05,-2.2975,16.2396,-4.2922,7.61,3.7587,16.4778,-4.3925,-8.58,6.7065,1
128.299,11.1073,5.2062,6.0667,0,0,0.134,0.134,0.134,8.6133,18.4299,-4.3468,40.29,-2.2695,16.209,-4.2941,7.3,3.7908,16.4687,-4.3932,-8.57,6.6937,1
128.399,11.0995,5.1972,6.0722,0,0,0.135,0.135,0.135,8.6199,18.4592,-4.3467,40.53,-2.2421,16.176,-4.2965,6.98,3.8227,16.4602,-4.3936,-8.57,6.6813,1
128.499,11.0936,5.1892,6.0782,0,0,0.135,0.135,0.135,8.6273,18.4876,-4.3466,40.76,-2.2152,16.1411,-4.2989,6.65,3.8543,16.4519,-4.394,-8.57,6.6691,1
128.599,11.0884,5.1814,6.0842,0,0,0.136,0.136,0.136,8.6351,18.515,-4.3463,40.99,-2.1882,16.1052,-4.3014,6.33,3.8859,16.4438,-4.3942,-8.58,6.6571,1
128.699,11.0845,5.174,6.0907,0,0,0.136,0.136,0.136,8.6437,18.5412,-4.3457,41.2,-2.1614,16.0685,-4.3035,6.02,3.9176,16.436,-4.3948,-8.59,6.6456,1
128.799,11.0818,5.1673,6.0974,0,0,0.137,0.137,0.137,8.653,18.5665,-4.3454,41.39,-2.1348,16.0314,-4.3057,5.72,3.949,16.4286,-4.3952,-8.58,6.6344,1
128.899,11.0801,5.1617,6.104,0,0,0.137,0.137,0.137,8.663,18.5916,-4.3451,41.57,-2.1083,15.9943,-4.3081,5.43,3.9802,16.4211,-4.395,-8.58,6.6236,1
128.999,11.0788,5.1562,6.1107,0,0,0.138,0.138,0.138,8.6735,18.6162,-4.3449,41.75,-2.0815,15.9575,-4.3105,5.16,4.0116,16.4138,-4.3948,-8.57,6.613,1
129.099,11.0782,5.1512,6.1176,0,0,0.138,0.138,0.138,8.6847,18.6403,-4.3447,41.92,-2.0545,15.9207,-4.3128,4.9,4.0432,16.4066,-4.3946,-8.56,6.6028,1
129.199,11.0783,5.1467,6.1244,0,0,0.138,0.138,0.138,8.6964,18.6639,-4.3444,42.08,-2.0275,15.8839,-4.3148,4.65,4.0747,16.3997,-4.3951,-8.56,6.5928,1
129.299,11.0791,5.1423,6.1316,0,0,0.139,0.139,0.139,8.708,18.6871,-4.3442,42.24,-2.0008,15.847,-4.3164,4.4,4.1059,16.3933,-4.3958,-8.56,6.583,1
129.399,11.0824,5.1381,6.1408,0,0,0.139,0.139,0.139,8.7201,18.7098,-4.344,42.38,-1.9758,15.8091,-4.3185,4.09,4.1372,16.3873,-4.3964,-8.55,6.5745,1
129.499,11.0883,5.1341,6.1522,0,0,0.139,0.139,0.139,8.7326,18.7321,-4.3438,42.52,-1.9528,15.7705,-4.3211,3.7,4.1684,16.3815,-4.3971,-8.54,6.5675,1
129.599,11.0963,5.1305,6.1651,0,0,0.139,0.139,0.139,8.7454,18.7539,-4.3438,42.66,-1.9313,15.7313,-4.3243,3.26,4.1996,16.3758,-4.3975,-8.52,6.5615,1
129.699,11.1063,5.1274,6.1792,0,0,0.139,0.139,0.139,8.7587,18.7753,-4.3438,42.79,-1.9109,15.6915,-4.3279,2.8,4.2305,16.3705,-4.3975,-8.5,6.5565,1
129.799,11.1178,5.1246,6.1943,0,0,0.14,0.14,0.14,8.7723,18.7962,-4.3434,42.91,-1.8915,15.6513,-4.3317,2.33,4.2611,16.3654,-4.397,-8.5,6.5523,1
129.899,11.1311,5.1226,6.2103,0,0,0.14,0.14,0.14,8.7864,18.8173,-4.3432,43.02,-1.873,15.611,-4.3357,1.87,4.2917,16.3605,-4.3964,-8.49,6.5488,1
129.999,11.1455,5.1212,6.2269,0,0,0.14,0.14,0.14,8.801,18.8384,-4.3431,43.13,-1.8547,15.5706,-4.3398,1.41,4.3223,16.3555,-4.3958,-8.48,6.5459,1
130.099,11.1605,5.12,6.2439,0,0,0.14,0.14,0.14,8.8158,18.8594,-4.3428,43.23,-1.8366,15.5304,-4.344,0.95,4.3529,16.3504,-4.395,-8.48,6.5434,1
130.199,11.1761,5.1189,6.2615,0,0,0.14,0.14,0.14,8.8307,18.8802,-4.3429,43.32,-1.819,15.4905,-4.3479,0.51,4.3837,16.3455,-4.3945,-8.48,6.5414,1
130.299,11.1922,5.1174,6.2798,0,0,0.139,0.139,0.139,8.8455,18.9003,-4.3433,43.4,-1.8019,15.4509,-4.3517,0.08,4.4144,16.3408,-4.3943,-8.47,6.54,1
130.399,11.2048,5.1118,6.2985,0,0,0.139,0.139,0.139,8.8573,18.9171,-4.3441,43.47,-1.785,15.4116,-4.3555,-0.34,4.4452,16.3362,-4.3945,-8.46,6.5381,1
130.499,11.213,5.1012,6.3176,0,0,0.139,0.139,0.139,8.8654,18.9299,-4.3451,43.54,-1.7682,15.3724,-4.3591,-0.74,4.4761,16.3312,-4.3947,-8.46,6.5355,1
130.599,11.2175,5.0865,6.3371,0,0,0.139,0.139,0.139,8.8704,18.9397,-4.3464,43.61,-1.7515,15.3332,-4.3624,-1.12,4.5073,16.3256,-4.3948,-8.46,6.5322,1
130.699,11.2193,5.0685,6.357,0,1,0.139,0.139,0.139,8.8732,18.9466,-4.3475,43.67,-1.735,15.2942,-4.3656,-1.49,4.5385,16.32,-4.3948,-8.46,6.5287,1
130.799,11.2196,5.0486,6.377,0,1,0.138,0.138,0.138,8.8744,18.9512,-4.348,43.73,-1.719,15.2554,-4.3683,-1.84,4.5694,16.3145,-4.3954,-8.46,6.5251,1
130.899,11.2185,5.027,6.397,0,1,0.138,0.138,0.138,8.8743,18.9544,-4.3483,43.78,-1.7031,15.2165,-4.3708,-2.17,4.5998,16.3093,-4.3958,-8.46,6.5211,1
130.999,11.2166,5.0047,6.4169,0,1,0.138,0.138,0.138,8.8734,18.9566,-4.3482,43.84,-1.6874,15.1775,-4.3729,-2.5,4.6298,16.3042,-4.3962,-8.46,6.517,1
131.099,11.2136,4.9815,6.4366,0,1,0.137,0.137,0.137,8.8713,18.9584,-4.3482,43.9,-1.6717,15.1386,-4.3748,-2.81,4.6595,16.2988,-4.3964,-8.46,6.5124,1
131.199,11.2097,4.9577,6.4562,0,1,0.137,0.137,0.137,8.8684,18.9599,-4.3485,43.97,-1.6557,15.0996,-4.3764,-3.11,4.6892,16.2932,-4.3968,-8.46,6.5076,1
131.299,11.2052,4.9333,6.4759,0,1,0.137,0.137,0.137,8.8653,18.9606,-4.3487,44.03,-1.6394,15.061,-4.3777,-3.4,4.7192,16.2877,-4.3969,-8.45,6.5028,1
131.399,11.2001,4.9082,6.4956,0,1,0.136,0.136,0.136,8.8621,18.9607,-4.349,44.08,-1.623,15.0232,-4.3793,-3.66,4.7494,16.2823,-4.3966,-8.44,6.498,1
131.499,11.1943,4.8828,6.5152,0,1,0.136,0.136,0.136,8.8588,18.9604,-4.3492,44.13,-1.6063,14.9864,-4.3808,-3.91,4.7798,16.2768,-4.3962,-8.44,6.4933,1
131.599,11.189,4.8574,6.5364,0,1,0.135,0.135,0.135,8.8556,18.9598,-4.3497,44.18,-1.5926,14.9561,-4.387,-4.12,4.8101,16.2715,-4.3963,-8.45,6.1266,1
131.699,11.1846,4.8315,6.5604,0,1,0.134,0.134,0.134,8.8525,18.9589,-4.3503,44.22,-1.583,14.9347,-4.3995,-4.28,4.8408,16.2668,-4.3963,-8.45,6.1277,1
131.799,11.1807,4.8054,6.5865,0,1,0.134,0.134,0.134,8.8492,18.9582,-4.3507,44.27,-1.5768,14.9204,-4.4172,-4.39,4.8715,16.2621,-4.3957,-8.45,6.1318,1
131.899,11.1775,4.7792,6.6145,0,1,0.133,0.133,0.133,8.8457,18.9577,-4.351,44.32,-1.5734,14.9114,-4.439,-4.47,4.9025,16.2577,-4.3947,-8.45,6.1381,1
131.999,11.1748,4.7532,6.6434,0,1,0.132,0.132,0.132,8.8424,18.9571,-4.351,44.36,-1.5717,14.9061,-4.4638,-4.53,4.9333,16.2534,-4.394,-8.45,6.146,1
132.099,11.172,4.7271,6.6728,0,1,0.036,0.036,0.036,8.8393,18.956,-4.3509,44.4,-1.571,14.904,-4.491,-4.58,4.964,16.2493,-4.3938,-8.44,6.1549,1
132.199,11.1697,4.7011,6.7032,0,1,0.037,0.037,0.037,8.8355,18.9542,-4.3508,44.44,-1.5723,14.9032,-4.5202,-4.61,4.9941,16.2447,-4.3938,-8.43,6.1649,1
132.299,11.1668,4.6751,6.7325,0,1,0.038,0.038,0.038,8.8309,18.9515,-4.3507,44.49,-1.5727,14.8987,-4.5449,-4.67,5.0233,16.2391,-4.3939,-8.42,6.1736,1
132.399,11.1623,4.649,6.7593,0,1,0.039,0.039,0.039,8.8255,18.9478,-4.3505,44.54,-1.5703,14.8886,-4.5625,-4.76,5.0518,16.233,-4.3938,-8.41,6.1794,1
132.499,11.1563,4.6232,6.7838,0,1,0.04,0.04,0.04,8.8193,18.9439,-4.3502,44.58,-1.5657,14.8738,-4.5744,-4.87,5.0795,16.226,-4.3933,-8.39,6.1829,1
132.599,11.1494,4.5975,6.8067,0,1,0.041,0.041,0.041,8.8126,18.9391,-4.3498,44.62,-1.5593,14.8552,-4.5813,-4.99,5.1069,16.2184,-4.3927,-8.38,6.1845,1
132.699,11.1415,4.5718,6.8281,0,1,0.042,0.042,0.042,8.8056,18.934,-4.3494,44.65,-1.5513,14.8337,-4.5844,-5.11,5.1338,16.2106,-4.3924,-8.38,6.1846,1
132.799,11.1326,4.5456,6.8485,0,1,0.043,0.043,0.043,8.7984,18.9285,-4.3492,44.66,-1.5419,14.8103,-4.5844,-5.24,5.1608,16.203,-4.3924,-8.37,6.1835,1
132.899,11.1233,4.5194,6.8682,0,1,0.044,0.044,0.044,8.7911,18.9229,-4.3489,44.67,-1.5315,14.7857,-4.582,-5.37,5.1878,16.1953,-4.3928,-8.38,6.1817,1
132.999,11.1135,4.4935,6.887,0,1,0.046,0.046,0.046,8.7841,18.9173,-4.3486,44.68,-1.5203,14.7609,-4.5778,-5.5,5.2146,16.1881,-4.3939,-8.38,6.1793,1
133.099,11.1031,4.4675,6.9051,0,1,0.047,0.047,0.047,8.7771,18.912,-4.3485,44.71,-1.5085,14.7362,-4.5718,-5.63,5.2414,16.1815,-4.3954,-8.39,6.1764,1
133.199,11.0958,4.4453,6.9229,0,1,0.048,0.048,0.048,8.7729,18.9097,-4.3488,44.74,-1.4958,14.7115,-4.5647,-5.76,5.2685,16.1752,-4.397,-8.39,6.174,1
133.299,11.093,4.4286,6.9401,0,1,0.05,0.05,0.05,8.7728,18.9115,-4.3492,44.77,-1.4824,14.6874,-4.5569,-5.89,5.2958,16.1691,-4.3983,-8.38,6.1723,1
133.399,11.0942,4.4169,6.9567,0,1,0.051,0.051,0.051,8.7766,18.9168,-4.3497,44.79,-1.4682,14.6641,-4.5485,-6.01,5.3234,16.1632,-4.3993,-8.37,6.1715,1
133.499,11.0982,4.4094,6.9726,0,1,0.053,0.053,0.053,8.7831,18.9251,-4.3499,44.8,-1.4534,14.6418,-4.5403,-6.14,5.351,16.1573,-4.3997,-8.38,6.1712,1
133.599,11.0999,4.4006,6.9874,0,1,0.054,0.054,0.054,8.7887,18.9327,-4.3496,44.81,-1.4378,14.6207,-4.5318,-6.27,5.3785,16.1518,-4.3998,-8.39,6.1701,1
133.699,11.0981,4.3887,7.0017,0,1,0.056,0.056,0.056,8.7923,18.9382,-4.3493,44.82,-1.4217,14.601,-4.5232,-6.4,5.4061,16.1468,-4.3998,-8.41,6.1683,1
133.799,11.093,4.374,7.0155,0,1,0.057,0.057,0.057,8.7941,18.9418,-4.3489,44.84,-1.405,14.5823,-4.5151,-6.53,5.4339,16.1421,-4.3996,-8.41,6.1658,1
133.899,11.085,4.357,7.0287,0,1,0.059,0.059,0.059,8.7945,18.9435,-4.3483,44.85,-1.3878,14.5646,-4.5074,-6.65,5.4619,16.1373,-4.3992,-8.43,6.1626,1
133.999,11.0747,4.339,7.0409,0,1,0.061,0.061,0.061,8.7937,18.944,-4.3478,44.87,-1.37,14.548,-4.4999,-6.74,5.4897,16.1319,-4.3985,-8.44,6.1587,1
134.099,11.0623,4.3198,7.0524,0,1,0.063,0.063,0.063,8.7919,18.9436,-4.3475,44.88,-1.3519,14.5325,-4.4926,-6.82,5.5174,16.1264,-4.3982,-8.45,6.1544,1
134.199,11.0483,4.2995,7.0637,0,1,0.065,0.065,0.065,8.7892,18.9424,-4.3471,44.89,-1.3335,14.5179,-4.4852,-6.89,5.5453,16.1209,-4.3983,-8.47,6.1499,1
134.299,11.0329,4.2787,7.0745,0,1,0.066,0.066,0.066,8.786,18.9406,-4.3469,44.89,-1.3148,14.5044,-4.4784,-6.96,5.5735,16.115,-4.3987,-8.48,6.1451,1
134.399,11.0164,4.2575,7.085,0,1,0.068,0.068,0.068,8.7823,18.9386,-4.3467,44.89,-1.296,14.4918,-4.4722,-7.02,5.6016,16.1089,-4.3991,-8.49,6.1401,1
134.499,10.9996,4.2362,7.0954,0,1,0.07,0.07,0.07,8.7784,18.9364,-4.3463,44.89,-1.2773,14.4799,-4.4665,-7.1,5.6296,16.103,-4.3997,-8.49,6.1351,1
134.599,10.9827,4.2148,7.1059,0,1,0.072,0.072,0.072,8.7745,18.9344,-4.3457,44.88,-1.2586,14.4687,-4.4615,-7.17,5.6579,16.0975,-4.4005,-8.49,6.1303,1
134.699,10.9653,4.1931,7.1164,0,1,0.074,0.074,0.074,8.7706,18.9323,-4.345,44.88,-1.2397,14.4579,-4.4568,-7.24,5.6863,16.0923,-4.4009,-8.49,6.1255,1
134.799,10.9471,4.1726,7.1253,0,1,0.076,0.076,0.076,8.7665,18.93,-4.3441,44.88,-1.2203,14.4477,-4.4522,-7.29,5.7139,16.0859,-4.4006,-8.48,6.12,1
134.899,10.9286,4.153,7.1332,0,1,0.079,0.079,0.079,8.7624,18.9276,-4.3432,44.88,-1.2007,14.4376,-4.4476,-7.34,5.7409,16.079,-4.4004,-8.46,6.1142,1
134.999,10.9137,4.1389,7.14,0,1,0.081,0.081,0.081,8.7611,18.9283,-4.3423,44.87,-1.1809,14.4279,-4.443,-7.38,5.7674,16.0709,-4.4001,-8.45,6.1091,1
135.099,10.9035,4.1308,7.1465,0,1,0.083,0.083,0.083,8.764,18.9333,-4.3418,44.86,-1.1606,14.4189,-4.4384,-7.42,5.7941,16.0628,-4.3995,-8.44,6.105,1
135.199,10.8933,4.1242,7.1519,0,1,0.085,0.085,0.085,8.7673,18.9385,-4.3416,44.86,-1.1399,14.4105,-4.4342,-7.46,5.8207,16.0536,-4.3987,-8.45,6.1007,1
135.299,10.8812,4.1171,7.1567,0,1,0.088,0.088,0.088,8.7692,18.9422,-4.3419,44.86,-1.1193,14.4021,-4.4308,-7.48,5.8467,16.0428,-4.3983,-8.46,6.096,1
135.399,10.8669,4.1074,7.1614,0,1,0.09,0.09,0.09,8.7699,18.9442,-4.3425,44.86,-1.0983,14.3944,-4.4275,-7.51,5.873,16.0329,-4.3981,-8.46,6.0908,1
135.499,10.8508,4.0961,7.1658,0,1,0.092,0.092,0.092,8.7698,18.9448,-4.3432,44.86,-1.0772,14.3875,-4.4242,-7.54,5.8994,16.0232,-4.3978,-8.45,6.0854,1
135.599,10.8338,4.0844,7.1703,0,1,0.095,0.095,0.095,8.7694,18.9444,-4.3441,44.86,-1.0561,14.381,-4.4212,-7.58,5.9259,16.0127,-4.3975,-8.45,6.08,1
135.699,10.8161,4.0724,7.1744,0,1,0.097,0.097,0.097,8.7687,18.9432,-4.345,44.87,-1.0349,14.3746,-4.4189,-7.61,5.9525,16.0021,-4.3974,-8.44,6.0744,1
135.799,10.7974,4.0598,7.1775,0,1,0.1,0.1,0.1,8.7677,18.9414,-4.3458,44.87,-1.0131,14.3681,-4.4165,-7.64,5.9782,15.9921,-4.3956,-8.45,6.0681,1
135.899,10.7781,4.0451,7.1811,0,1,0.102,0.102,0.102,8.7664,18.9388,-4.3468,44.88,-0.9913,14.3617,-4.4143,-7.67,6.0042,15.984,-4.3927,-8.46,6.0618,1
135.999,10.7588,4.0324,7.181,0,1,0.105,0.105,0.105,8.7649,18.9361,-4.3479,44.87,-0.97,14.3557,-4.4124,-7.7,6.0255,15.9773,-4.39,-8.48,6.0541,1
136.099,10.7395,4.0196,7.1801,0,1,0.107,0.107,0.107,8.7633,18.9331,-4.3487,44.86,-0.9489,14.3501,-4.4107,-7.71,6.0456,15.9717,-4.3879,-8.5,6.0462,1
136.199,10.72,4.0047,7.1811,0,1,0.11,0.11,0.11,8.7616,18.9301,-4.3494,44.86,-0.928,14.3449,-4.409,-7.72,6.0673,15.9676,-4.3866,-8.51,6.0388,1
136.299,10.7002,3.9883,7.1837,0,1,0.112,0.112,0.112,8.7599,18.9272,-4.3498,44.86,-0.907,14.34,-4.4075,-7.74,6.0906,15.964,-4.3857,-8.5,6.032,1
136.399,10.6844,3.9752,7.1878,0,1,0.115,0.115,0.115,8.761,18.9269,-4.3499,44.87,-0.886,14.3349,-4.4061,-7.74,6.1156,15.96,-4.3854,-8.51,6.0265,1
136.499,10.6736,3.9663,7.1932,0,1,0.118,0.118,0.118,8.7659,18.9304,-4.3495,44.88,-0.865,14.3295,-4.4047,-7.75,6.1418,15.9565,-4.3854,-8.52,6.0226,1
136.599,10.6628,3.9567,7.1997,0,1,0.121,0.121,0.121,8.7707,18.9341,-4.3489,44.88,-0.844,14.3243,-4.4032,-7.77,6.169,15.9533,-4.3853,-8.52,6.0189,1
136.699,10.6497,3.9439,7.2072,0,1,0.123,0.123,0.123,8.7738,18.9362,-4.3483,44.88,-0.823,14.3193,-4.4016,-7.79,6.1972,15.9506,-4.385,-8.52,6.0151,1
136.799,10.6351,3.9282,7.2158,0,1,0.126,0.126,0.126,8.7758,18.9368,-4.3479,44.88,-0.8022,14.3144,-4.4,-7.81,6.2261,15.9487,-4.3848,-8.51,6.0113,1
136.899,10.6193,3.9101,7.2252,0,1,0.129,0.129,0.129,8.7768,18.9359,-4.3477,44.88,-0.7816,14.3094,-4.3987,-7.84,6.2555,15.9475,-4.3847,-8.51,6.0075,1
136.999,10.6025,3.8911,7.2344,0,1,0.132,0.132,0.132,8.7771,18.9344,-4.3475,44.88,-0.7608,14.3043,-4.3976,-7.88,6.2846,15.9466,-4.3842,-8.51,6.0033,1
137.099,10.5852,3.8716,7.2433,0,1,0.135,0.135,0.135,8.7771,18.9323,-4.3471,44.88,-0.7401,14.2993,-4.3966,-7.91,6.3135,15.9459,-4.3839,-8.52,5.9989,1
137.199,10.5674,3.8518,7.2523,0,1,0.137,0.137,0.137,8.7768,18.9299,-4.3468,44.88,-0.7195,14.2945,-4.3957,-7.94,6.3424,15.9451,-4.3839,-8.53,5.9946,1
137.299,10.5494,3.832,7.2615,0,1,0.14,0.14,0.14,8.7762,18.9272,-4.3467,44.89,-0.6991,14.2897,-4.3949,-7.97,6.3714,15.9439,-4.384,-8.54,5.9903,1
137.399,10.5317,3.8121,7.2711,0,1,0.143,0.143,0.143,8.7754,18.9243,-4.3469,44.88,-0.6791,14.2845,-4.3942,-7.99,6.4004,15.9426,-4.3843,-8.55,5.9862,1
137.499,10.5119,3.7928,7.2806,0,1,0.146,0.146,0.146,8.7703,18.925,-4.3472,44.86,-0.659,14.2789,-4.3936,-8.01,6.4293,15.9411,-4.3847,-8.56,5.9804,1
137.599,10.4911,3.7741,7.2897,0,1,0.149,0.149,0.149,8.7635,18.9272,-4.347,44.85,-0.6386,14.273,-4.3929,-8.03,6.4581,15.9393,-4.3859,-8.58,5.9738,1
137.699,10.4706,3.7557,7.2988,0,1,0.152,0.152,0.152,8.7575,18.9288,-4.347,44.85,-0.6181,14.2672,-4.3925,-8.05,6.4871,15.9373,-4.3873,-8.6,5.9675,1
137.799,10.4486,3.7383,7.3077,0,1,0.155,0.155,0.155,8.7485,18.9334,-4.3471,44.85,-0.5974,14.2617,-4.3922,-8.07,6.5161,15.9351,-4.3886,-8.61,5.9601,1
137.899,10.4279,3.7257,7.3166,0,1,0.158,0.158,0.158,8.7376,18.9451,-4.3474,44.85,-0.5766,14.2561,-4.3922,-8.09,6.5453,15.9329,-4.3898,-8.6,5.9518,1
137.999,10.4104,3.7193,7.3257,0,1,0.161,0.161,0.161,8.7265,18.9638,-4.3478,44.85,-0.5558,14.2508,-4.3923,-8.11,6.5747,15.9305,-4.3906,-8.59,5.9433,1
138.099,10.3915,3.7139,7.3347,0,1,0.084,0.084,0.084,8.7128,18.9852,-4.3478,44.86,-0.5347,14.2455,-4.3927,-8.12,6.6044,15.9282,-4.3913,-8.58,5.9338,1
138.199,10.3695,3.7076,7.3434,0,1,0.085,0.085,0.085,8.6961,19.0081,-4.3479,44.88,-0.5127,14.2414,-4.3932,-8.13,6.6347,15.9268,-4.3917,-8.58,5.923,1
138.299,10.3454,3.7007,7.3521,0,1,0.087,0.087,0.087,8.6776,19.0324,-4.3478,44.89,-0.49,14.2385,-4.3937,-8.14,6.6656,15.9267,-4.3921,-8.58,5.9113,1
138.399,10.3193,3.6931,7.3604,0,1,0.089,0.089,0.089,8.6575,19.0574,-4.3476,44.9,-0.4666,14.2369,-4.3942,-8.15,6.6968,15.9281,-4.3923,-8.57,5.8987,1
138.499,10.2917,3.6858,7.3685,0,1,0.091,0.091,0.091,8.636,19.0833,-4.3474,44.92,-0.4427,14.2363,-4.3944,-8.17,6.7285,15.9299,-4.3925,-8.56,5.8855,1
138.599,10.2634,3.6791,7.3767,0,1,0.092,0.092,0.092,8.6137,19.1099,-4.3473,44.93,-0.4186,14.2362,-4.3944,-8.18,6.7606,15.932,-4.3931,-8.56,5.8721,1
138.699,10.2347,3.6733,7.3854,0,1,0.094,0.094,0.094,8.5908,19.1371,-4.3474,44.94,-0.3943,14.2364,-4.3944,-8.19,6.7934,15.9339,-4.3938,-8.57,5.8585,1
138.799,10.2059,3.6686,7.3942,0,1,0.096,0.096,0.096,8.5673,19.1645,-4.3476,44.97,-0.3698,14.2365,-4.3944,-8.2,6.8266,15.9356,-4.3945,-8.58,5.8448,1
138.899,10.1769,3.6651,7.4026,0,1,0.099,0.099,0.099,8.5436,19.1918,-4.3479,44.99,-0.3451,14.2363,-4.3941,-8.22,6.8596,15.9369,-4.3951,-8.59,5.8308,1
138.999,10.1475,3.6634,7.4104,0,1,0.101,0.101,0.101,8.5195,19.2191,-4.348,45.01,-0.3204,14.2364,-4.3936,-8.24,6.8921,15.9374,-4.3957,-8.59,5.8166,1
139.099,10.1185,3.6628,7.4183,0,1,0.103,0.103,0.103,8.4951,19.246,-4.348,45.02,-0.2961,14.2362,-4.3935,-8.26,6.9246,15.9373,-4.3959,-8.58,5.8026,1
139.199,10.0892,3.6632,7.4264,0,1,0.105,0.105,0.105,8.4702,19.2723,-4.3478,45.03,-0.2718,14.2357,-4.3936,-8.27,6.9572,15.9365,-4.3959,-8.56,5.7885,1
139.299,10.0603,3.6652,7.4342,0,1,0.107,0.107,0.107,8.4452,19.2982,-4.3476,45.05,-0.2476,14.2344,-4.3938,-8.28,6.9894,15.9349,-4.396,-8.54,5.7742,1
139.399,10.032,3.669,7.4418,0,1,0.11,0.11,0.11,8.4203,19.3238,-4.3475,45.07,-0.2237,14.2326,-4.3942,-8.29,7.0214,15.9323,-4.3964,-8.52,5.7601,1
139.499,10.0044,3.6742,7.45,0,1,0.112,0.112,0.112,8.3955,19.3491,-4.3474,45.09,-0.2002,14.2304,-4.3952,-8.29,7.0535,15.929,-4.3967,-8.51,5.7464,1
139.599,9.977,3.6804,7.4582,0,1,0.115,0.115,0.115,8.3705,19.3735,-4.3475,45.11,-0.1769,14.2278,-4.3963,-8.3,7.0856,15.925,-4.3965,-8.51,5.7328,1
139.699,9.9495,3.6879,7.4663,0,1,0.117,0.117,0.117,8.3456,19.3973,-4.3478,45.12,-0.1536,14.2249,-4.3973,-8.31,7.1176,15.9202,-4.3959,-8.51,5.7192,1
139.799,9.9224,3.6962,7.4741,0,1,0.12,0.12,0.12,8.3207,19.4205,-4.348,45.11,-0.1305,14.2217,-4.3982,-8.33,7.1492,15.9151,-4.3954,-8.51,5.7056,1
139.899,9.8953,3.7056,7.4815,0,1,0.122,0.122,0.122,8.2955,19.4435,-4.3479,45.11,-0.1073,14.2178,-4.3988,-8.35,7.1803,15.91,-4.3949,-8.51,5.6917,1
139.999,9.8685,3.7158,7.489,0,1,0.125,0.125,0.125,8.2703,19.4661,-4.3477,45.11,-0.0841,14.2136,-4.3995,-8.37,7.2115,15.9046,-4.3944,-8.51,5.6778,1
140.099,9.8421,3.7274,7.4963,0,1,0.128,0.128,0.128,8.2452,19.4887,-4.3476,45.11,-0.0609,14.209,-4.4002,-8.39,7.2424,15.899,-4.3938,-8.51,5.6639,1
140.199,9.8165,3.7407,7.5035,0,1,0.13,0.13,0.13,8.22,19.5116,-4.3473,45.1,-0.0379,14.2043,-4.4008,-8.41,7.2732,15.893,-4.3928,-8.52,5.65,1
140.299,9.7913,3.7557,7.5109,0,1,0.133,0.133,0.133,8.1946,19.5348,-4.3471,45.1,-0.0153,14.1997,-4.4016,-8.43,7.3038,15.8866,-4.3916,-8.53,5.6363,1
140.399,9.7669,3.7719,7.5184,0,1,0.136,0.136,0.136,8.1695,19.558,-4.3472,45.1,0.0071,14.1948,-4.4024,-8.45,7.3342,15.8801,-4.3904,-8.53,5.6228,1
140.499,9.7433,3.7891,7.526,0,1,0.138,0.138,0.138,8.1448,19.5811,-4.3474,45.1,0.0293,14.1896,-4.4031,-8.46,7.3645,15.8735,-4.3895,-8.53,5.6095,1
140.599,9.7201,3.8068,7.5338,0,1,0.141,0.141,0.141,8.1199,19.6038,-4.3472,45.1,0.0513,14.1839,-4.4035,-8.48,7.3947,15.8669,-4.3889,-8.54,5.5962,1
140.699,9.6975,3.8238,7.5416,0,1,0.144,0.144,0.144,8.0967,19.6245,-4.3467,45.1,0.0734,14.178,-4.4038,-8.5,7.4249,15.8604,-4.3889,-8.55,5.5835,1
140.799,9.6757,3.8407,7.5493,0,1,0.147,0.147,0.147,8.075,19.6441,-4.346,45.1,0.0955,14.172,-4.4044,-8.51,7.4549,15.854,-4.3896,-8.57,5.5712,1
140.899,9.6543,3.8572,7.5565,0,1,0.15,0.15,0.15,8.0547,19.6623,-4.3456,45.11,0.1175,14.1666,-4.4048,-8.52,7.4846,15.8477,-4.3902,-8.59,5.5594,1
140.999,9.633,3.8727,7.5636,0,0,0.152,0.152,0.152,8.036,19.6786,-4.3454,45.11,0.1395,14.1616,-4.4046,-8.53,7.5142,15.8415,-4.3907,-8.59,5.5481,1
141.099,9.6125,3.8874,7.5713,0,0,0.155,0.155,0.155,8.0191,19.6932,-4.3453,45.1,0.1611,14.1571,-4.4039,-8.52,7.5441,15.8352,-4.3911,-8.59,5.5379,1
141.199,9.5922,3.9013,7.5793,0,0,0.158,0.158,0.158,8.0038,19.7061,-4.3454,45.1,0.1827,14.153,-4.403,-8.51,7.5744,15.8287,-4.3912,-8.59,5.5283,1
141.299,9.5719,3.9144,7.5869,0,0,0.161,0.161,0.161,7.9899,19.7173,-4.3458,45.1,0.2043,14.1493,-4.4024,-8.5,7.6045,15.8221,-4.3912,-8.59,5.5192,1
141.399,9.5521,3.9261,7.5944,0,0,0.164,0.164,0.164,7.9774,19.7266,-4.3463,45.11,0.2257,14.1452,-4.4018,-8.5,7.6341,15.8158,-4.3911,-8.58,5.5104,1
141.499,9.5333,3.9361,7.6017,0,0,0.166,0.166,0.166,7.9668,19.7341,-4.3465,45.11,0.2469,14.1409,-4.4016,-8.5,7.6631,15.81,-4.3912,-8.55,5.5023,1
141.599,9.5154,3.9447,7.6093,0,0,0.169,0.169,0.169,7.958,19.7402,-4.3465,45.11,0.268,14.1363,-4.4014,-8.5,7.6922,15.8047,-4.3915,-8.52,5.4949,1
141.699,9.4979,3.952,7.6173,0,0,0.172,0.172,0.172,7.9507,19.7449,-4.3466,45.11,0.2893,14.1315,-4.4011,-8.49,7.7217,15.7998,-4.392,-8.5,5.488,1
141.799,9.4811,3.9585,7.6255,0,0,0.175,0.175,0.175,7.9447,19.7484,-4.3468,45.11,0.3106,14.1262,-4.4009,-8.49,7.7513,15.7949,-4.3929,-8.48,5.4816,1
141.899,9.4652,3.9647,7.634,0,0,0.178,0.178,0.178,7.94,19.7508,-4.3472,45.11,0.3316,14.1206,-4.4006,-8.5,7.7808,15.7896,-4.3938,-8.47,5.4759,1
141.999,9.4495,3.9704,7.6429,0,0,0.181,0.181,0.181,7.9364,19.7519,-4.3477,45.1,0.3525,14.115,-4.4001,-8.52,7.811,15.7838,-4.3946,-8.47,5.4707,1
142.099,9.4378,3.9778,7.6523,0,0,0.183,0.183,0.183,7.9367,19.7547,-4.3485,45.09,0.3735,14.1096,-4.3997,-8.53,7.8417,15.7782,-4.3953,-8.46,5.4669,1
142.199,9.4317,3.9883,7.6615,0,0,0.186,0.186,0.186,7.9422,19.7603,-4.3489,45.09,0.3946,14.1045,-4.3993,-8.52,7.8723,15.7728,-4.3957,-8.46,5.4648,1
142.299,9.4265,3.9984,7.6706,0,0,0.189,0.189,0.189,7.9491,19.7654,-4.3491,45.09,0.4157,14.0993,-4.3988,-8.51,7.9027,15.7675,-4.3962,-8.45,5.463,1
142.399,9.4191,4.0066,7.6792,0,0,0.192,0.192,0.192,7.9549,19.7686,-4.3491,45.09,0.4369,14.0943,-4.3982,-8.51,7.9328,15.7623,-4.397,-8.45,5.4608,1
142.499,9.41,4.0136,7.6879,0,0,0.194,0.194,0.194,7.9595,19.7703,-4.349,45.09,0.4581,14.0894,-4.3974,-8.51,7.9629,15.757,-4.3975,-8.45,5.4582,1
142.599,9.3994,4.0195,7.6968,0,0,0.197,0.197,0.197,7.9633,19.7705,-4.3487,45.08,0.4792,14.0843,-4.3967,-8.52,7.9932,15.7515,-4.3978,-8.46,5.4555,1
142.699,9.3877,4.0242,7.7057,0,0,0.2,0.2,0.2,7.9669,19.7694,-4.3483,45.08,0.5003,14.0794,-4.3961,-8.53,8.0237,15.7459,-4.398,-8.47,5.4527,1
142.799,9.3751,4.0276,7.7144,0,0,0.203,0.203,0.203,7.9707,19.7669,-4.3477,45.07,0.5215,14.0747,-4.3958,-8.52,8.054,15.7404,-4.3985,-8.47,5.4499,1
142.899,9.3618,4.0299,7.7227,0,0,0.205,0.205,0.205,7.9744,19.7632,-4.3471,45.06,0.5427,14.0703,-4.3959,-8.52,8.0838,15.7351,-4.399,-8.47,5.447,1
142.999,9.3477,4.0319,7.7307,0,0,0.208,0.208,0.208,7.9781,19.7589,-4.3466,45.04,0.5639,14.0662,-4.396,-8.53,8.1134,15.7296,-4.3996,-8.47,5.444,1
143.099,9.3332,4.0333,7.7386,0,0,0.211,0.211,0.211,7.982,19.7541,-4.3461,45.03,0.5851,14.0625,-4.3961,-8.52,8.1432,15.7243,-4.4001,-8.47,5.4411,1
143.199,9.3187,4.0344,7.7468,0,0,0.214,0.214,0.214,7.9858,19.7488,-4.3456,45.03,0.6063,14.0586,-4.396,-8.52,8.1731,15.7191,-4.3999,-8.48,5.4382,1
143.299,9.3039,4.0351,7.7553,0,0,0.216,0.216,0.216,7.9894,19.743,-4.3447,45.03,0.6271,14.0546,-4.3959,-8.52,8.2029,15.7139,-4.3996,-8.49,5.4355,1
143.399,9.2888,4.0361,7.7637,0,0,0.219,0.219,0.219,7.9926,19.7373,-4.3438,45.04,0.6482,14.0507,-4.3956,-8.52,8.2327,15.7087,-4.3997,-8.5,5.4325,1
143.499,9.2737,4.0375,7.7722,0,0,0.221,0.221,0.221,7.9957,19.7318,-4.3432,45.05,0.6692,14.0466,-4.3954,-8.52,8.2627,15.7035,-4.4002,-8.52,5.4296,1
143.599,9.2581,4.0383,7.7808,0,0,0.224,0.224,0.224,7.9988,19.7257,-4.3427,45.06,0.6903,14.0429,-4.3953,-8.53,8.2929,15.6985,-4.4007,-8.53,5.4267,1
143.699,9.2417,4.0393,7.7891,0,0,0.227,0.227,0.227,8.0015,19.7197,-4.3421,45.07,0.7116,14.0396,-4.3952,-8.53,8.323,15.6937,-4.4008,-8.53,5.4234,1
143.799,9.2254,4.0405,7.7975,0,0,0.229,0.229,0.229,8.004,19.7139,-4.3414,45.08,0.7329,14.0362,-4.395,-8.54,8.3533,15.6889,-4.4007,-8.53,5.4201,1
143.899,9.2096,4.0416,7.8067,0,0,0.232,0.232,0.232,8.0071,19.7076,-4.3408,45.08,0.7538,14.0329,-4.3953,-8.55,8.3839,15.6841,-4.4009,-8.54,5.4175,1
143.999,9.1941,4.0425,7.816,0,0,0.234,0.234,0.234,8.0108,19.7009,-4.3404,45.08,0.7747,14.0293,-4.3952,-8.57,8.4146,15.6791,-4.4017,-8.55,5.4151,1
144.099,9.1788,4.0434,7.8251,0,0,0.301,0.301,0.301,8.0147,19.6937,-4.34,45.07,0.7957,14.0252,-4.3952,-8.58,8.4452,15.6738,-4.4028,-8.56,5.4126,1
144.199,9.1633,4.0447,7.8339,0,0,0.304,0.304,0.304,8.0178,19.686,-4.3401,45.06,0.8161,14.0205,-4.3954,-8.59,8.4749,15.6677,-4.4035,-8.58,5.41,1
144.299,9.1476,4.0414,7.8429,0,0,0.306,0.306,0.306,8.0199,19.6774,-4.3404,45.06,0.8356,14.0151,-4.3956,-8.59,8.5029,15.6655,-4.4036,-8.6,5.407,1
144.399,9.1317,4.0314,7.8526,0,0,0.309,0.309,0.309,8.021,19.6681,-4.3404,45.07,0.8545,14.0091,-4.3956,-8.6,8.5296,15.6694,-4.4028,-8.6,5.4037,1
144.499,9.12,4.0186,7.8635,0,0,0.311,0.311,0.311,8.0246,19.6613,-4.3403,45.08,0.8726,14.0027,-4.3952,-8.6,8.5554,15.6784,-4.4013,-8.59,5.4012,1
144.599,9.1136,4.0057,7.8748,0,0,0.314,0.314,0.314,8.031,19.6583,-4.3405,45.08,0.8902,13.9958,-4.3949,-8.6,8.5804,15.6909,-4.3995,-8.59,5.3998,1
144.699,9.1118,3.9931,7.8867,0,0,0.316,0.316,0.316,8.0399,19.6586,-4.3408,45.08,0.9074,13.9885,-4.3946,-8.6,8.6048,15.7061,-4.3974,-8.59,5.3991,1
144.799,9.1087,3.9789,7.8983,0,0,0.319,0.319,0.319,8.0475,19.6586,-4.3412,45.08,0.9247,13.9813,-4.3944,-8.62,8.6286,15.7228,-4.3953,-8.59,5.3978,1
144.899,9.1024,3.9634,7.9095,0,0,0.321,0.321,0.321,8.0525,19.657,-4.3416,45.07,0.9422,13.9742,-4.3945,-8.64,8.6521,15.7395,-4.3931,-8.6,5.3954,1
144.999,9.0932,3.9479,7.9202,0,0,0.323,0.323,0.323,8.0551,19.6542,-4.342,45.06,0.9597,13.9675,-4.3944,-8.66,8.6754,15.7556,-4.3909,-8.61,5.3922,1
145.099,9.0817,3.9321,7.931,0,0,0.326,0.326,0.326,8.056,19.6501,-4.3421,45.04,0.9771,13.9611,-4.3944,-8.67,8.6988,15.7712,-4.3888,-8.61,5.3885,1
145.199,9.0682,3.9166,7.941,0,0,0.328,0.328,0.328,8.0555,19.6453,-4.3422,45.03,0.9951,13.9549,-4.3947,-8.68,8.7221,15.786,-4.387,-8.61,5.3841,1
145.299,9.0528,3.9021,7.9497,0,0,0.33,0.33,0.33,8.0541,19.64,-4.3422,45.02,1.0138,13.9494,-4.3952,-8.68,8.7451,15.7998,-4.385,-8.6,5.3787,1
145.399,9.0362,3.8885,7.9572,0,0,0.332,0.332,0.332,8.0522,19.6345,-4.3422,45.02,1.0327,13.9446,-4.3958,-8.67,8.7675,15.8125,-4.3829,-8.6,5.3729,1
145.499,9.0231,3.878,7.9644,0,0,0.334,0.334,0.334,8.0531,19.6315,-4.3425,45.04,1.0514,13.9404,-4.3963,-8.66,8.7898,15.8242,-4.3806,-8.6,5.3681,1
145.599,9.0148,3.8708,7.971,0,0,0.336,0.336,0.336,8.0581,19.6315,-4.3428,45.05,1.0701,13.9366,-4.3966,-8.65,8.8117,15.8349,-4.3783,-8.59,5.3645,1
145.699,9.0105,3.8664,7.9769,0,0,0.338,0.338,0.338,8.0663,19.6336,-4.3429,45.06,1.0886,13.933,-4.397,-8.64,8.8332,15.8442,-4.3764,-8.59,5.362,1
145.799,9.0055,3.8619,7.9828,0,0,0.34,0.34,0.34,8.0741,19.6349,-4.3428,45.04,1.1071,13.9291,-4.3978,-8.64,8.8546,15.8528,-4.3743,-8.58,5.3593,1
145.899,8.9969,3.857,7.9878,0,0,0.342,0.342,0.342,8.0798,19.6339,-4.3428,45.03,1.1259,13.9257,-4.3986,-8.63,8.8759,15.86,-4.3722,-8.58,5.3558,1
145.999,8.9853,3.8523,7.992,0,0,0.344,0.344,0.344,8.0837,19.6314,-4.343,45.01,1.145,13.9229,-4.3992,-8.62,8.8971,15.866,-4.3703,-8.58,5.3513,1
146.099,8.9719,3.8451,7.9944,0,0,0.346,0.346,0.346,8.086,19.6282,-4.3432,44.99,1.1643,13.9201,-4.3998,-8.61,8.9163,15.8739,-4.369,-8.27,5.3456,1
146.199,8.957,3.8331,7.9946,0,0,0.348,0.348,0.348,8.087,19.6246,-4.3434,44.98,1.1839,13.9173,-4.4002,-8.59,8.9322,15.8858,-4.3676,-7.51,5.3382,1
146.299,8.941,3.8177,7.9926,0,0,0.35,0.35,0.35,8.0871,19.6205,-4.3434,44.97,1.2037,13.9145,-4.4006,-8.57,8.9455,15.9007,-4.3658,-6.34,5.3294,1
146.399,8.9244,3.7993,7.989,0,0,0.352,0.352,0.352,8.0869,19.6158,-4.3437,44.96,1.2237,13.9116,-4.4009,-8.54,8.9567,15.9175,-4.3641,-4.84,5.3197,1
146.499,8.9075,3.7783,7.9846,0,0,0.353,0.353,0.353,8.0864,19.6102,-4.3441,44.97,1.2432,13.9083,-4.4008,-8.53,8.9661,15.9357,-4.3626,-3.12,5.3096,1
146.599,8.8907,3.7567,7.98,0,0,0.355,0.355,0.355,8.0852,19.6046,-4.3445,44.96,1.2621,13.9049,-4.4004,-8.53,8.9742,15.9546,-4.3613,-1.28,5.2994,1
146.699,8.8738,3.7348,7.9751,0,0,0.357,0.357,0.357,8.0829,19.5996,-4.3447,44.96,1.2804,13.9016,-4.3995,-8.53,8.9813,15.9745,-4.3599,0.62,5.2887,1
146.799,8.8569,3.7116,7.9691,0,0,0.358,0.358,0.358,8.0798,19.5949,-4.3453,44.97,1.2983,13.8982,-4.3986,-8.53,8.9863,15.9957,-4.3588,2.54,5.2774,1
146.899,8.844,3.6906,7.9626,0,0,0.36,0.36,0.36,8.0791,19.5931,-4.346,44.97,1.3156,13.8949,-4.3981,-8.54,8.9902,16.0167,-4.3577,4.45,5.2669,1
146.999,8.8367,3.6729,7.9563,0,0,0.361,0.361,0.361,8.0822,19.5952,-4.3465,44.96,1.3324,13.8922,-4.398,-8.54,8.994,16.0372,-4.3568,6.33,5.2581,1
147.099,8.8343,3.6577,7.9504,0,0,0.363,0.363,0.363,8.0888,19.6002,-4.3469,44.95,1.3486,13.8896,-4.3975,-8.55,8.9977,16.0572,-4.3561,8.15,5.2508,1
147.199,8.8319,3.6433,7.9453,0,0,0.364,0.364,0.364,8.0947,19.6051,-4.347,44.95,1.3637,13.8872,-4.3973,-8.55,9.0014,16.0764,-4.3556,9.92,5.2439,1
147.299,8.8269,3.6282,7.9405,0,0,0.365,0.365,0.365,8.0981,19.6083,-4.3471,44.95,1.3781,13.8853,-4.3972,-8.55,9.0047,16.0952,-4.3549,11.61,5.2367,1
147.399,8.8196,3.6126,7.9362,0,0,0.367,0.367,0.367,8.0994,19.61,-4.3472,44.95,1.3917,13.8837,-4.397,-8.57,9.0081,16.1136,-4.3543,13.23,5.2292,1
147.499,8.8108,3.5975,7.9321,0,0,0.368,0.368,0.368,8.0993,19.6107,-4.3474,44.94,1.4049,13.8825,-4.3964,-8.59,9.0116,16.1308,-4.3541,14.76,5.2217,1
147.599,8.8011,3.5832,7.9286,0,0,0.369,0.369,0.369,8.0979,19.6111,-4.348,44.94,1.4175,13.8814,-4.3959,-8.59,9.0153,16.1473,-4.3539,16.23,5.2141,1
147.699,8.7905,3.5678,7.9254,0,0,0.37,0.37,0.37,8.0954,19.6109,-4.3486,44.94,1.4294,13.8807,-4.3955,-8.58,9.0185,16.1645,-4.3536,17.66,5.2065,1
147.799,8.7792,3.5529,7.9224,0,0,0.371,0.371,0.371,8.0922,19.6102,-4.3491,44.94,1.4411,13.8799,-4.3956,-8.57,9.0218,16.181,-4.3533,19.02,5.1988,1
147.899,8.7675,3.5394,7.9202,0,0,0.373,0.373,0.373,8.0882,19.6092,-4.3496,44.95,1.4521,13.8794,-4.3955,-8.57,9.0258,16.1962,-4.3527,20.32,5.1915,1
147.999,8.7554,3.5271,7.919,0,0,0.374,0.374,0.374,8.0833,19.6082,-4.35,44.98,1.4625,13.8793,-4.3953,-8.57,9.0304,16.2106,-4.3522,21.55,5.1846,1
148.099,8.7438,3.512,7.9156,0,0,0.375,0.375,0.375,8.0785,19.6072,-4.3504,45.0,1.4723,13.8791,-4.3949,-8.56,9.0316,16.227,-4.3516,22.74,5.1769,1
148.199,8.733,3.4931,7.9092,0,0,0.375,0.375,0.375,8.0737,19.6065,-4.3508,45.02,1.4814,13.8789,-4.3949,-8.54,9.0279,16.2463,-4.351,23.86,5.1682,1
148.299,8.722,3.4709,7.9002,0,0,0.376,0.376,0.376,8.0684,19.6058,-4.3509,45.04,1.4899,13.8791,-4.3951,-8.53,9.0201,16.2679,-4.3502,24.93,5.1583,1
148.399,8.7111,3.4459,7.8893,0,0,0.377,0.377,0.377,8.0626,19.6051,-4.3511,45.06,1.4979,13.8793,-4.3953,-8.52,9.0091,16.2918,-4.3495,25.93,5.1476,1
148.499,8.7009,3.4184,7.8776,0,0,0.378,0.378,0.378,8.0571,19.6045,-4.3512,45.08,1.5053,13.8794,-4.3956,-8.51,8.9959,16.3176,-4.3491,26.89,5.1366,1
148.599,8.6949,3.391,7.8649,0,0,0.379,0.379,0.379,8.0541,19.607,-4.351,45.08,1.5125,13.8793,-4.3956,-8.51,8.9807,16.345,-4.3487,27.82,5.126,1
148.699,8.6942,3.3647,7.8515,0,0,0.379,0.379,0.379,8.0547,19.6134,-4.3509,45.07,1.5197,13.8791,-4.3952,-8.5,8.9642,16.3739,-4.3481,28.7,5.1162,1
148.799,8.6938,3.3372,7.838,0,0,0.38,0.38,0.38,8.0552,19.6198,-4.351,45.06,1.5267,13.8788,-4.3949,-8.5,8.9467,16.4039,-4.3475,29.52,5.1062,1
148.899,8.6919,3.3074,7.8249,0,0,0.381,0.381,0.381,8.0546,19.6248,-4.3514,45.04,1.5332,13.8785,-4.395,-8.49,8.9285,16.435,-4.3472,30.3,5.096,1
148.999,8.6888,3.2759,7.812,0,0,0.381,0.381,0.381,8.0526,19.6287,-4.3518,45.02,1.5391,13.8781,-4.3954,-8.49,8.9096,16.4669,-4.3471,31.05,5.0856,1
149.099,8.6847,3.2441,7.7993,0,0,0.382,0.382,0.382,8.0493,19.6324,-4.3524,45.01,1.5446,13.8781,-4.3959,-8.48,8.8901,16.4992,-4.3471,31.75,5.0748,1
149.199,8.6796,3.2119,7.7864,0,0,0.382,0.382,0.382,8.045,19.6359,-4.3527,45.0,1.5498,13.8787,-4.3965,-8.46,8.87,16.5318,-4.3472,32.41,5.0637,1
149.299,8.674,3.1796,7.7734,0,0,0.382,0.382,0.382,8.0396,19.6397,-4.3531,44.98,1.5548,13.8792,-4.3971,-8.45,8.8493,16.5649,-4.3471,33.04,5.0521,1
149.399,8.6693,3.148,7.7608,0,0,0.383,0.383,0.383,8.0338,19.6443,-4.3536,44.97,1.5594,13.8791,-4.3975,-8.44,8.8282,16.5982,-4.3472,33.66,5.0407,1
149.499,8.6648,3.1171,7.7487,0,0,0.383,0.383,0.383,8.0278,19.6493,-4.3539,44.97,1.5638,13.8793,-4.3975,-8.44,8.8071,16.6312,-4.3473,34.22,5.0294,1
149.599,8.6636,3.088,7.7368,0,0,0.383,0.383,0.383,8.0241,19.6571,-4.3541,44.97,1.5681,13.8798,-4.3975,-8.43,8.7861,16.6646,-4.3471,34.77,5.0189,1
149.699,8.663,3.0593,7.7256,0,0,0.383,0.383,0.383,8.0206,19.6656,-4.3541,44.97,1.5723,13.8806,-4.398,-8.43,8.7656,16.6983,-4.3469,35.29,5.0088,1
149.799,8.6612,3.0303,7.7148,0,0,0.384,0.384,0.384,8.0159,19.6736,-4.3539,44.97,1.5764,13.8815,-4.3986,-8.43,8.745,16.7323,-4.3467,35.79,4.9984,1
149.899,8.6583,3.0009,7.7044,0,0,0.384,0.384,0.384,8.01,19.6811,-4.3537,44.97,1.5806,13.8823,-4.3989,-8.44,8.7245,16.7666,-4.3465,36.25,4.9877,1
149.999,8.6549,2.9712,7.6947,0,0,0.384,0.384,0.384,8.0038,19.6882,-4.3536,44.95,1.5846,13.8831,-4.3989,-8.45,8.7046,16.8008,-4.3461,36.7,4.9771,1
150.098,8.6511,2.9411,7.6859,0,0,0.488,0.488,0.488,7.9975,19.6948,-4.3534,44.93,1.5886,13.8839,-4.3989,-8.46,8.685,16.8352,-4.3457,37.13,4.9667,1
150.198,8.6471,2.911,7.6778,0,0,0.488,0.488,0.488,7.9903,19.7002,-4.3531,44.92,1.592,13.8836,-4.3987,-8.47,8.6656,16.8685,-4.345,37.54,4.9564,1
150.298,8.6433,2.8805,7.6701,0,0,0.488,0.488,0.488,7.9832,19.7038,-4.3527,44.92,1.5948,13.882,-4.3985,-8.47,8.6458,16.9005,-4.3442,37.94,4.9465,1
150.398,8.6393,2.8499,7.663,0,0,0.488,0.488,0.488,7.9757,19.7062,-4.3521,44.93,1.5972,13.8794,-4.398,-8.48,8.626,16.9315,-4.3434,38.31,4.9368,1
150.498,8.6388,2.8209,7.6565,0,0,0.487,0.487,0.487,7.9707,19.7099,-4.3515,44.94,1.5994,13.8761,-4.3974,-8.49,8.6065,16.9615,-4.3428,38.67,4.9282,1
150.598,8.6427,2.7939,7.6502,0,0,0.487,0.487,0.487,7.9695,19.7156,-4.3509,44.94,1.6014,13.8725,-4.3967,-8.51,8.587,16.9908,-4.3425,39.0,4.9211,1
150.698,8.6501,2.7693,7.6441,0,0,0.487,0.487,0.487,7.9704,19.7236,-4.3504,44.94,1.6031,13.8687,-4.3961,-8.51,8.5675,17.0195,-4.3423,39.3,4.915,1
150.798,8.6558,2.7457,7.6382,0,0,0.486,0.486,0.486,7.9689,19.7316,-4.3501,44.94,1.6045,13.8652,-4.3957,-8.52,8.5479,17.0477,-4.3421,39.6,4.9083,1
150.898,8.6582,2.7222,7.6322,0,0,0.486,0.486,0.486,7.9643,19.7385,-4.3498,44.94,1.6058,13.862,-4.3953,-8.52,8.5284,17.0754,-4.3419,39.89,4.9005,1
150.998,8.6579,2.699,7.6259,0,0,0.485,0.485,0.485,7.9566,19.7448,-4.3496,44.94,1.6071,13.8592,-4.3949,-8.52,8.5086,17.1028,-4.3414,40.16,4.8918,1
151.098,8.6559,2.6761,7.6193,0,0,0.485,0.485,0.485,7.9475,19.7507,-4.3495,44.93,1.6085,13.8566,-4.3949,-8.51,8.4887,17.1299,-4.3409,40.42,4.8824,1
151.198,8.6532,2.6521,7.6129,0,0,0.484,0.484,0.484,7.9388,19.7553,-4.3493,44.93,1.61,13.8544,-4.3953,-8.5,8.469,17.1568,-4.3406,40.66,4.8732,1
151.298,8.6501,2.6278,7.6064,0,0,0.484,0.484,0.484,7.9303,19.7594,-4.3491,44.94,1.6114,13.8523,-4.3956,-8.49,8.4493,17.1835,-4.3404,40.88,4.864,1
151.398,8.6463,2.604,7.5996,0,0,0.483,0.483,0.483,7.9208,19.7637,-4.3489,44.94,1.6131,13.8503,-4.3957,-8.49,8.4295,17.21,-4.3399,41.09,4.8543,1
151.498,8.6417,2.5807,7.5923,0,0,0.482,0.482,0.482,7.9105,19.7684,-4.3485,44.94,1.6154,13.8483,-4.3957,-8.49,8.4096,17.2364,-4.3398,41.3,4.844,1
151.598,8.6361,2.5587,7.5843,0,0,0.481,0.481,0.481,7.899,19.774,-4.3483,44.94,1.618,13.8469,-4.3958,-8.48,8.3894,17.2627,-4.3399,41.5,4.833,1
151.698,8.63,2.5375,7.5759,0,0,0.481,0.481,0.481,7.8866,19.7801,-4.3478,44.96,1.6209,13.8457,-4.3959,-8.47,8.3689,17.2889,-4.3401,41.68,4.8214,1
151.798,8.6267,2.5175,7.5675,0,0,0.48,0.48,0.48,7.8763,19.7879,-4.3471,44.98,1.6239,13.8444,-4.3958,-8.47,8.3483,17.3151,-4.3406,41.84,4.8106,1
151.898,8.627,2.4991,7.5594,0,0,0.479,0.479,0.479,7.8692,19.7979,-4.3465,44.99,1.6268,13.8435,-4.3958,-8.47,8.328,17.3413,-4.3416,42.0,4.801,1
151.998,8.6302,2.4821,7.5514,0,0,0.478,0.478,0.478,7.865,19.8096,-4.3457,44.99,1.6299,13.843,-4.3957,-8.46,8.3082,17.3674,-4.3424,42.15,4.7925,1
152.098,8.6358,2.4754,7.5487,0,0,0.477,0.477,0.477,7.8626,19.8231,-4.3451,44.99,1.6328,13.8427,-4.3958,-8.46,8.2979,17.3862,-4.3426,42.29,4.7877,1
152.198,8.6396,2.4772,7.5536,0,0,0.476,0.476,0.476,7.8585,19.8358,-4.3447,44.99,1.6356,13.8429,-4.3956,-8.46,8.3,17.3983,-4.3426,42.41,4.7862,1
152.298,8.6402,2.4825,7.5657,0,0,0.475,0.475,0.475,7.852,19.8469,-4.3442,44.99,1.6386,13.8433,-4.3953,-8.46,8.312,17.4074,-4.3424,42.54,4.7868,1
152.398,8.6386,2.4939,7.5819,0,0,0.474,0.474,0.474,7.8437,19.8567,-4.3439,44.99,1.6412,13.8441,-4.395,-8.47,8.3315,17.411,-4.3422,42.67,4.7893,1
152.498,8.6352,2.5109,7.5993,0,0,0.472,0.472,0.472,7.8342,19.8653,-4.3438,44.99,1.6435,13.8454,-4.3946,-8.47,8.3551,17.4091,-4.3423,42.78,4.7926,1
152.598,8.6308,2.5289,7.6193,0,0,0.471,0.471,0.471,7.8247,19.8728,-4.3435,44.98,1.6458,13.847,-4.3946,-8.48,8.3825,17.4062,-4.3425,42.89,4.797,1
152.698,8.6255,2.5463,7.6429,0,0,0.47,0.47,0.47,7.8152,19.8795,-4.3435,44.96,1.6483,13.8491,-4.3945,-8.49,8.4137,17.4046,-4.3427,43.0,4.8026,1
152.798,8.6199,2.5633,7.6697,0,0,0.468,0.468,0.468,7.8062,19.8858,-4.3439,44.96,1.6507,13.8517,-4.3941,-8.49,8.4479,17.4042,-4.3425,43.1,4.8094,1
152.898,8.6142,2.5791,7.6995,0,0,0.467,0.467,0.467,7.7981,19.8912,-4.3444,44.97,1.6532,13.8544,-4.394,-8.49,8.4848,17.4052,-4.3427,43.2,4.8173,1
152.998,8.6084,2.5927,7.7325,0,0,0.466,0.466,0.466,7.7911,19.8954,-4.3446,44.95,1.6557,13.8572,-4.3938,-8.5,8.5242,17.4085,-4.3429,43.3,4.8265,1
153.098,8.6044,2.6041,7.769,0,0,0.464,0.464,0.464,7.786,19.8986,-4.3448,44.93,1.6576,13.8591,-4.3985,-8.51,8.5654,17.4138,-4.3428,43.4,4.8373,1
153.198,8.6025,2.6146,7.8082,0,0,0.462,0.462,0.462,7.7827,19.9012,-4.3447,44.91,1.6588,13.8599,-4.4098,-8.52,8.6078,17.4203,-4.3429,43.5,4.8498,1
153.298,8.6023,2.6282,7.8458,0,0,0.461,0.461,0.461,7.7806,19.9038,-4.3446,44.9,1.6593,13.8604,-4.4263,-8.53,8.649,17.4232,-4.3431,43.59,4.8628,1
153.398,8.6032,2.6458,7.8806,0,0,0.459,0.459,0.459,7.7795,19.9061,-4.3448,44.89,1.6592,13.8608,-4.4468,-8.53,8.6888,17.4214,-4.3431,43.67,4.8758,1
153.498,8.6055,2.6662,7.9135,0,0,0.458,0.458,0.458,7.7798,19.9083,-4.3452,44.89,1.6587,13.8608,-4.4703,-8.54,8.7275,17.4162,-4.3431,43.75,4.8891,1
153.598,8.6089,2.6884,7.9456,0,0,0.456,0.456,0.456,7.7812,19.9102,-4.3452,44.9,1.6578,13.8609,-4.4961,-8.54,8.7657,17.4086,-4.3433,43.82,4.9029,1
153.698,8.6128,2.7117,7.9764,0,0,0.454,0.454,0.454,7.7835,19.9117,-4.3451,44.9,1.6567,13.861,-4.5236,-8.54,8.8032,17.399,-4.3435,43.87,4.9169,1
153.798,8.6173,2.7354,8.0058,0,0,0.452,0.452,0.452,7.7877,19.9132,-4.3447,44.91,1.6559,13.8619,-4.5464,-8.55,8.8402,17.3885,-4.3438,43.92,4.931,1
153.898,8.6222,2.7594,8.0343,0,0,0.451,0.451,0.451,7.7935,19.9149,-4.3443,44.92,1.6552,13.8639,-4.562,-8.55,8.8772,17.3772,-4.3438,43.96,4.9454,1
153.998,8.6265,2.7835,8.0619,0,0,0.449,0.449,0.449,7.8004,19.9164,-4.3441,44.94,1.6549,13.8668,-4.5718,-8.55,8.9144,17.3655,-4.3437,44.0,4.9597,1
154.098,8.6311,2.8078,8.0889,0,0,0.447,0.447,0.447,7.8086,19.9179,-4.3441,44.95,1.655,13.8702,-4.5767,-8.53,8.9518,17.3534,-4.3434,44.04,4.9741,1
154.198,8.6362,2.8323,8.1156,0,0,0.445,0.445,0.445,7.8182,19.9196,-4.344,44.96,1.6557,13.8737,-4.5778,-8.52,8.9896,17.3409,-4.3431,44.08,4.9887,1
154.298,8.6415,2.8561,8.142,0,0,0.443,0.443,0.443,7.8289,19.921,-4.344,44.96,1.657,13.877,-4.5762,-8.51,9.0276,17.3286,-4.3431,44.12,5.0032,1
154.398,8.6465,2.8792,8.1683,0,0,0.441,0.441,0.441,7.8402,19.9218,-4.3441,44.97,1.6587,13.8803,-4.5722,-8.51,9.0656,17.3163,-4.3429,44.15,5.0177,1
154.498,8.6512,2.9015,8.1943,0,0,0.439,0.439,0.439,7.8523,19.922,-4.3445,44.98,1.6609,13.8838,-4.5663,-8.51,9.1037,17.3043,-4.343,44.19,5.0321,1
154.598,8.6535,2.9237,8.2167,0,0,0.436,0.436,0.436,7.8646,19.9223,-4.345,44.99,1.6678,13.886,-4.5588,-8.51,9.142,17.2924,-4.3431,44.22,5.0435,1
154.698,8.6527,2.9459,8.2345,0,0,0.434,0.434,0.434,7.8769,19.9228,-4.3454,45.0,1.6807,13.8867,-4.5502,-8.51,9.1803,17.2809,-4.3433,44.26,5.0511,1
154.798,8.649,2.9673,8.2486,0,0,0.432,0.432,0.432,7.8891,19.923,-4.3457,45.02,1.6986,13.8861,-4.5407,-8.52,9.2184,17.2701,-4.3433,44.29,5.0554,1
154.898,8.6426,2.9887,8.2595,0,0,0.43,0.43,0.43,7.9008,19.9231,-4.3458,45.03,1.7206,13.8846,-4.5308,-8.53,9.2566,17.2597,-4.3435,44.32,5.0569,1
154.998,8.6349,3.0097,8.2683,0,0,0.428,0.428,0.428,7.9128,19.9233,-4.3456,45.05,1.7454,13.8823,-4.5207,-8.53,9.2948,17.2496,-4.3441,44.36,5.0568,1
155.098,8.6266,3.0305,8.2759,0,0,0.425,0.425,0.425,7.9254,19.9232,-4.3451,45.07,1.7721,13.8793,-4.5105,-8.53,9.3334,17.2396,-4.3448,44.4,5.0557,1
155.198,8.6179,3.0507,8.2824,0,0,0.423,0.423,0.423,7.9388,19.9232,-4.3448,45.08,1.8008,13.876,-4.5008,-8.52,9.372,17.2301,-4.3453,44.44,5.0537,1
155.298,8.6094,3.0695,8.2869,0,0,0.421,0.421,0.421,7.9532,19.9237,-4.3451,45.09,1.831,13.8724,-4.4914,-8.5,9.4095,17.2217,-4.3458,44.47,5.0507,1
155.398,8.6014,3.0861,8.2899,0,0,0.418,0.418,0.418,7.9692,19.9247,-4.3458,45.09,1.8623,13.869,-4.4822,-8.48,9.4458,17.2147,-4.3466,44.51,5.0472,1
155.498,8.5944,3.1004,8.2922,0,0,0.416,0.416,0.416,7.9867,19.9258,-4.3463,45.09,1.8942,13.8653,-4.4736,-8.47,9.4812,17.2093,-4.3475,44.54,5.0436,1
155.598,8.5881,3.1127,8.2937,0,0,0.413,0.413,0.413,8.0049,19.9273,-4.3469,45.08,1.9266,13.8615,-4.4658,-8.47,9.5153,17.2057,-4.3481,44.59,5.0396,1
155.698,8.5814,3.123,8.2943,0,0,0.411,0.411,0.411,8.0231,19.929,-4.3472,45.08,1.9594,13.8577,-4.4592,-8.49,9.5481,17.2037,-4.3481,44.63,5.0349,1
155.798,8.5777,3.1318,8.2988,0,0,0.408,0.408,0.408,8.0407,19.9308,-4.3469,45.09,1.9873,13.8546,-4.4589,-8.49,9.5797,17.2033,-4.3477,44.66,5.033,1
155.898,8.578,3.1386,8.3083,0,0,0.406,0.406,0.406,8.0585,19.9328,-4.3466,45.1,2.0087,13.8526,-4.4665,-8.49,9.61,17.2044,-4.3471,44.68,5.0351,1
155.998,8.5818,3.1438,8.3218,0,0,0.403,0.403,0.403,8.0764,19.9351,-4.3466,45.11,2.0249,13.8516,-4.4802,-8.49,9.6391,17.2071,-4.3467,44.68,5.0403,1
156.098,8.5862,3.1484,8.3389,0,0,0.33,0.33,0.33,8.0916,19.9372,-4.3466,45.11,2.0366,13.8514,-4.4985,-8.49,9.6671,17.2113,-4.3464,44.69,5.0474,1
156.198,8.5896,3.1529,8.3588,0,0,0.328,0.328,0.328,8.1036,19.9397,-4.3465,45.1,2.0454,13.8528,-4.5205,-8.49,9.695,17.2179,-4.346,44.69,5.0553,1
156.298,8.5919,3.1574,8.3807,0,0,0.325,0.325,0.325,8.1134,19.9428,-4.3467,45.09,2.0531,13.8557,-4.5453,-8.49,9.7233,17.2267,-4.3455,44.71,5.0635,1
156.398,8.5932,3.1622,8.4036,0,0,0.322,0.322,0.322,8.122,19.9466,-4.3467,45.08,2.0601,13.86,-4.5722,-8.47,9.7521,17.2369,-4.3449,44.72,5.0719,1
156.498,8.5907,3.167,8.4226,0,0,0.32,0.32,0.32,8.1292,19.9507,-4.3467,45.06,2.0716,13.8643,-4.5938,-8.47,9.7805,17.2483,-4.3441,44.73,5.0768,1
156.598,8.5834,3.1711,8.4359,0,0,0.317,0.317,0.317,8.1356,19.9549,-4.3464,45.04,2.0893,13.8681,-4.6069,-8.46,9.8084,17.2609,-4.3435,44.74,5.0771,1
156.698,8.5721,3.1746,8.4446,0,0,0.314,0.314,0.314,8.1412,19.9592,-4.3459,45.02,2.1119,13.8717,-4.613,-8.46,9.8358,17.2747,-4.343,44.75,5.0736,1
156.798,8.561,3.1776,8.4501,0,0,0.311,0.311,0.311,8.1492,19.9647,-4.3454,45.0,2.1383,13.8747,-4.6139,-8.46,9.8632,17.289,-4.3423,44.75,5.0683,1
156.898,8.551,3.1787,8.4528,0,0,0.308,0.308,0.308,8.1605,19.9712,-4.3451,44.99,2.1674,13.8776,-4.6102,-8.45,9.8898,17.3042,-4.3414,44.77,5.0622,1
156.998,8.5422,3.1777,8.4534,0,0,0.306,0.306,0.306,8.1744,19.9785,-4.3446,44.98,2.1982,13.8804,-4.6029,-8.44,9.9155,17.3203,-4.3405,44.78,5.0555,1
157.098,8.5353,3.1742,8.453,0,0,0.303,0.303,0.303,8.1918,19.986,-4.3446,44.98,2.2302,13.8828,-4.5935,-8.43,9.9409,17.3372,-4.3398,44.78,5.049,1
157.198,8.5299,3.1682,8.4514,0,0,0.3,0.3,0.3,8.2126,19.9933,-4.3448,44.99,2.2635,13.8851,-4.5824,-8.4,9.966,17.3546,-4.3394,44.78,5.0427,1
157.298,8.5261,3.1599,8.4489,0,0,0.297,0.297,0.297,8.2365,20.0005,-4.3452,45.0,2.2975,13.8872,-4.5698,-8.39,9.9907,17.3722,-4.3395,44.79,5.0368,1
157.398,8.5235,3.1509,8.4462,0,0,0.294,0.294,0.294,8.2616,20.0082,-4.3455,45.0,2.332,13.889,-4.5567,-8.38,10.0152,17.3904,-4.3398,44.8,5.0311,1
157.498,8.5213,3.1427,8.4428,0,0,0.291,0.291,0.291,8.2864,20.017,-4.3457,45.0,2.3671,13.8904,-4.5434,-8.37,10.0393,17.4085,-4.3399,44.82,5.0247,1
157.598,8.5225,3.1361,8.4431,0,0,0.288,0.288,0.288,8.3105,20.0272,-4.3459,45.0,2.3978,13.8922,-4.537,-8.37,10.0631,17.4265,-4.34,44.82,5.0211,1
157.698,8.5285,3.1316,8.4454,0,0,0.285,0.285,0.285,8.334,20.0385,-4.3461,45.01,2.4217,13.8951,-4.5399,-8.37,10.0838,17.4414,-4.3401,44.82,5.0209,1
157.798,8.5381,3.1295,8.4474,0,0,0.282,0.282,0.282,8.3567,20.051,-4.3463,45.01,2.4401,13.8986,-4.55,-8.36,10.1007,17.4525,-4.3404,44.83,5.0227,1
157.898,8.5504,3.1296,8.4492,0,0,0.279,0.279,0.279,8.3784,20.0645,-4.3463,45.02,2.4542,13.9028,-4.5658,-8.35,10.1145,17.4606,-4.3408,44.82,5.0259,1
157.998,8.5647,3.131,8.4503,0,0,0.276,0.276,0.276,8.3994,20.0786,-4.346,45.01,2.4651,13.9077,-4.586,-8.34,10.1256,17.4664,-4.3412,44.83,5.0302,1
158.098,8.5811,3.1332,8.4515,0,0,0.273,0.273,0.273,8.4203,20.0934,-4.3455,45.02,2.4732,13.9131,-4.6093,-8.33,10.1346,17.4708,-4.3416,44.84,5.0357,1
158.198,8.5988,3.136,8.4529,0,0,0.27,0.27,0.27,8.441,20.1085,-4.3452,45.02,2.4794,13.9185,-4.6353,-8.32,10.1424,17.4741,-4.3416,44.86,5.0419,1
158.298,8.614,3.139,8.4498,0,0,0.267,0.267,0.267,8.4611,20.1237,-4.3455,45.03,2.4894,13.9235,-4.6563,-8.32,10.1491,17.4771,-4.3414,44.86,5.0451,1
158.398,8.6253,3.1425,8.4405,0,0,0.264,0.264,0.264,8.4808,20.1389,-4.3458,45.04,2.5051,13.9274,-4.668,-8.34,10.1547,17.4794,-4.3409,44.87,5.0438,1
158.498,8.6338,3.1463,8.4265,0,0,0.261,0.261,0.261,8.5,20.1544,-4.3461,45.05,2.525,13.9306,-4.672,-8.35,10.1596,17.4815,-4.3403,44.89,5.0392,1
158.598,8.6389,3.1509,8.4087,0,0,0.258,0.258,0.258,8.5178,20.1701,-4.3461,45.07,2.5486,13.9335,-4.6703,-8.35,10.1641,17.4834,-4.3404,44.89,5.0315,1
158.698,8.6409,3.1563,8.3878,0,0,0.255,0.255,0.255,8.5339,20.1857,-4.3459,45.08,2.5752,13.9361,-4.6638,-8.34,10.1682,17.4853,-4.3407,44.9,5.021,1
158.798,8.6408,3.1623,8.3647,0,0,0.252,0.252,0.252,8.549,20.2012,-4.3458,45.1,2.6038,13.9385,-4.6537,-8.33,10.1719,17.4871,-4.3409,44.9,5.0086,1
158.898,8.6387,3.1684,8.3397,0,0,0.248,0.248,0.248,8.563,20.2166,-4.3456,45.11,2.6339,13.9408,-4.6409,-8.33,10.1752,17.489,-4.3412,44.9,4.9946,1
158.998,8.6357,3.1749,8.3133,0,0,0.245,0.245,0.245,8.5766,20.2321,-4.3452,45.13,2.6653,13.9431,-4.6267,-8.34,10.1782,17.4908,-4.3418,44.89,4.9796,1
159.098,8.6318,3.1815,8.2858,0,0,0.242,0.242,0.242,8.5901,20.2476,-4.3445,45.13,2.6979,13.9453,-4.6118,-8.35,10.1812,17.4925,-4.3423,44.89,4.9638,1
159.198,8.6267,3.1886,8.2582,0,0,0.239,0.239,0.239,8.603,20.2625,-4.3437,45.13,2.7313,13.9474,-4.5963,-8.35,10.1848,17.4939,-4.3422,44.89,4.9473,1
159.298,8.6209,3.1954,8.2307,0,0,0.236,0.236,0.236,8.6155,20.2766,-4.3431,45.14,2.7652,13.949,-4.5805,-8.36,10.1888,17.4954,-4.342,44.9,4.9307,1
159.398,8.6149,3.2015,8.2032,0,0,0.233,0.233,0.233,8.6278,20.2902,-4.3428,45.14,2.7991,13.9504,-4.5652,-8.38,10.1925,17.4972,-4.3419,44.9,4.9139,1
159.498,8.6083,3.2065,8.1754,0,0,0.23,0.23,0.23,8.6398,20.3032,-4.3426,45.14,2.8332,13.9516,-4.5505,-8.39,10.1957,17.4995,-4.3417,44.91,4.8967,1
159.598,8.6021,3.2113,8.1477,0,0,0.226,0.226,0.226,8.6523,20.3159,-4.3425,45.14,2.8673,13.9526,-4.5366,-8.4,10.1988,17.5016,-4.3417,44.92,4.8797,1
159.698,8.596,3.2154,8.1203,0,0,0.223,0.223,0.223,8.6654,20.328,-4.3428,45.16,2.9011,13.9538,-4.5233,-8.41,10.202,17.5036,-4.3418,44.94,4.8632,1
159.798,8.5901,3.2191,8.0927,0,0,0.22,0.22,0.22,8.6785,20.3401,-4.3435,45.16,2.9345,13.9551,-4.5107,-8.42,10.2047,17.5058,-4.3419,44.94,4.8468,1
159.898,8.5847,3.2231,8.0655,0,0,0.217,0.217,0.217,8.6916,20.3523,-4.3444,45.16,2.9677,13.9561,-4.4983,-8.42,10.2073,17.5079,-4.3421,44.94,4.8304,1
159.998,8.5799,3.2257,8.0383,0,0,0.214,0.214,0.214,8.7042,20.3649,-4.3453,45.16,3.0006,13.9567,-4.4859,-8.43,10.2087,17.5115,-4.3423,44.95,4.8139,1
160.098,8.5754,3.2239,8.0104,0,0,0.211,0.211,0.211,8.718,20.3767,-4.3463,45.14,3.0336,13.9573,-4.4743,-8.44,10.2081,17.5178,-4.3426,44.96,4.7972,1
160.198,8.5691,3.2216,7.9836,0,0,0.208,0.208,0.208,8.7322,20.3881,-4.3475,45.13,3.0632,13.9633,-4.4636,-8.43,10.2076,17.5243,-4.3429,44.97,4.7824,1
160.298,8.5598,3.2218,7.9585,0,0,0.204,0.204,0.204,8.7454,20.3998,-4.3482,45.12,3.0881,13.9767,-4.4537,-8.43,10.2087,17.5295,-4.3432,44.97,4.7701,1
160.398,8.5472,3.2241,7.9343,0,0,0.201,0.201,0.201,8.7573,20.4112,-4.3484,45.12,3.1094,13.9966,-4.4451,-8.42,10.2111,17.5335,-4.3435,44.96,4.7594,1
160.498,8.5316,3.2274,7.9107,0,0,0.198,0.198,0.198,8.7685,20.4222,-4.3485,45.11,3.1283,14.0215,-4.4374,-8.41,10.2144,17.5368,-4.3439,44.97,4.7499,1
160.598,8.5143,3.232,7.8878,0,0,0.195,0.195,0.195,8.7791,20.4334,-4.3485,45.11,3.1456,14.0498,-4.4312,-8.4,10.2188,17.5397,-4.3442,44.97,4.7413,1
160.698,8.4957,3.2376,7.8656,0,0,0.192,0.192,0.192,8.789,20.4448,-4.3486,45.11,3.1615,14.0806,-4.426,-8.39,10.2239,17.5425,-4.3444,44.97,4.7334,1
160.798,8.4759,3.2442,7.8437,0,0,0.189,0.189,0.189,8.7984,20.4562,-4.3485,45.1,3.1765,14.1135,-4.421,-8.38,10.2295,17.5448,-4.3444,44.97,4.726,1
160.898,8.4546,3.2511,7.8223,0,0,0.186,0.186,0.186,8.8071,20.4672,-4.3484,45.11,3.1907,14.148,-4.4164,-8.38,10.2357,17.5467,-4.344,44.97,4.719,1
160.998,8.4324,3.2581,7.8017,0,0,0.183,0.183,0.183,8.8154,20.4775,-4.3483,45.12,3.204,14.1835,-4.4125,-8.39,10.2424,17.5485,-4.3437,44.96,4.7124,1
161.098,8.4088,3.265,7.7814,0,0,0.18,0.18,0.18,8.823,20.4872,-4.3481,45.13,3.217,14.22,-4.4096,-8.4,10.2494,17.5502,-4.3436,44.95,4.706,1
161.198,8.3839,3.2713,7.7615,0,0,0.176,0.176,0.176,8.8301,20.4964,-4.3474,45.14,3.2299,14.2575,-4.4076,-8.42,10.2569,17.5526,-4.3437,44.95,4.6996,1
161.298,8.3584,3.2764,7.7424,0,0,0.173,0.173,0.173,8.837,20.5051,-4.3467,45.13,3.2426,14.2953,-4.4055,-8.43,10.2646,17.5561,-4.3438,44.96,4.6934,1
161.398,8.333,3.2814,7.7237,0,0,0.17,0.17,0.17,8.8441,20.514,-4.346,45.11,3.255,14.3336,-4.4034,-8.44,10.2724,17.5598,-4.3435,44.97,4.6877,1
161.498,8.3075,3.2861,7.7049,0,0,0.167,0.167,0.167,8.8512,20.5227,-4.3455,45.09,3.267,14.3723,-4.4016,-8.46,10.2797,17.5634,-4.3428,44.96,4.6821,1
161.598,8.2817,3.2903,7.6855,0,0,0.164,0.164,0.164,8.8588,20.5309,-4.3451,45.07,3.2789,14.4115,-4.4003,-8.47,10.2866,17.5666,-4.3421,44.96,4.6766,1
161.698,8.2559,3.2941,7.6654,0,0,0.161,0.161,0.161,8.8666,20.5389,-4.3446,45.06,3.2906,14.4507,-4.399,-8.47,10.2926,17.5695,-4.3416,44.94,4.671,1
161.798,8.2302,3.2981,7.6452,0,0,0.158,0.158,0.158,8.8743,20.5467,-4.3442,45.05,3.3022,14.49,-4.3979,-8.46,10.2984,17.572,-4.3412,44.93,4.6656,1
161.898,8.2048,3.3024,7.6249,0,0,0.156,0.156,0.156,8.8823,20.5549,-4.3438,45.04,3.314,14.5291,-4.3972,-8.44,10.3041,17.5744,-4.3413,44.92,4.6601,1
161.998,8.18,3.3064,7.605,0,0,0.153,0.153,0.153,8.8904,20.5634,-4.3436,45.04,3.326,14.5678,-4.3969,-8.43,10.31,17.5773,-4.3413,44.91,4.6548,1
162.098,8.1545,3.31,7.5845,0,0,0.145,0.145,0.145,8.8979,20.5716,-4.3432,45.04,3.3383,14.6063,-4.3967,-8.43,10.3152,17.5804,-4.3412,44.9,4.649,1
162.198,8.129,3.3135,7.564,0,0,0.142,0.142,0.142,8.9055,20.5802,-4.3427,45.04,3.3511,14.6451,-4.396,-8.42,10.3206,17.5841,-4.3409,44.91,4.6431,1
162.298,8.1035,3.3172,7.5436,0,0,0.14,0.14,0.14,8.9141,20.5891,-4.3424,45.02,3.3646,14.6843,-4.3949,-8.42,10.3269,17.5878,-4.3407,44.92,4.6374,1
162.398,8.0777,3.3201,7.5232,0,0,0.138,0.138,0.138,8.9235,20.5977,-4.3423,45.0,3.3788,14.7237,-4.3936,-8.42,10.3336,17.5919,-4.3407,44.93,4.6317,1
162.498,8.0518,3.3165,7.5004,0,0,0.136,0.136,0.136,8.9332,20.606,-4.3423,44.98,3.3932,14.7633,-4.3925,-8.44,10.336,17.6008,-4.3407,44.94,4.6248,1
162.598,8.0257,3.3047,7.4743,0,0,0.134,0.134,0.134,8.9433,20.614,-4.3425,44.97,3.4076,14.8032,-4.3918,-8.44,10.3324,17.6155,-4.3406,44.94,4.6162,1
162.698,7.9994,3.2868,7.4448,0,0,0.131,0.131,0.131,8.9536,20.6219,-4.3426,44.97,3.4221,14.8434,-4.3915,-8.46,10.3238,17.6344,-4.3405,44.94,4.6061,1
162.798,7.973,3.2643,7.4132,0,0,0.129,0.129,0.129,8.9637,20.6298,-4.3427,44.97,3.4365,14.8838,-4.3913,-8.48,10.3113,17.6567,-4.3406,44.93,4.5948,1
162.898,7.9467,3.2386,7.3797,0,0,0.127,0.127,0.127,8.9734,20.6379,-4.3427,44.98,3.4508,14.924,-4.3914,-8.51,10.2957,17.6816,-4.3405,44.93,4.5825,1
162.998,7.9207,3.2104,7.3449,0,0,0.125,0.125,0.125,8.9834,20.6463,-4.3424,44.98,3.4654,14.9641,-4.3918,-8.54,10.278,17.7086,-4.3401,44.93,4.5695,1
163.098,7.8935,3.1812,7.3092,0,0,0.123,0.123,0.123,8.9916,20.6548,-4.3419,44.99,3.4801,15.0043,-4.3925,-8.58,10.2591,17.737,-4.3398,44.94,4.5554,1
163.198,7.8645,3.1577,7.2755,0,0,0.122,0.122,0.122,8.9975,20.6631,-4.3412,44.99,3.4948,15.0445,-4.3933,-8.6,10.2437,17.7616,-4.3395,44.94,4.5418,1
163.298,7.8343,3.1363,7.2425,0,0,0.12,0.12,0.12,9.0014,20.6713,-4.3403,44.99,3.5092,15.0848,-4.3939,-8.62,10.2291,17.7854,-4.3394,44.94,4.5281,1
163.398,7.803,3.1129,7.2092,0,0,0.118,0.118,0.118,9.0033,20.6796,-4.3396,44.98,3.523,15.1253,-4.3941,-8.62,10.2129,17.8113,-4.3396,44.93,4.5136,1
163.498,7.7706,3.0878,7.1755,0,0,0.116,0.116,0.116,9.0037,20.6876,-4.3392,44.98,3.5366,15.1657,-4.3943,-8.61,10.1953,17.839,-4.3399,44.93,4.4983,1
163.598,7.7375,3.0613,7.1413,0,0,0.115,0.115,0.115,9.0028,20.6955,-4.3386,44.98,3.5501,15.206,-4.3944,-8.61,10.1764,17.868,-4.3405,44.93,4.4823,1
163.698,7.7041,3.0341,7.1066,0,0,0.113,0.113,0.113,9.0008,20.7035,-4.3379,44.99,3.5633,15.2461,-4.3937,-8.6,10.1564,17.898,-4.3409,44.93,4.4658,1
163.798,7.6703,3.0064,7.0723,0,0,0.112,0.112,0.112,8.998,20.7116,-4.3372,44.98,3.5762,15.2862,-4.3927,-8.6,10.1359,17.9289,-4.341,44.92,4.4492,1
163.898,7.6418,2.9779,7.0422,0,0,0.11,0.11,0.11,8.9945,20.72,-4.3366,44.98,3.5874,15.3202,-4.3969,-8.61,10.1154,17.9611,-4.3411,44.92,4.4335,1
163.998,7.6204,2.9487,7.0176,0,0,0.109,0.109,0.109,8.9905,20.7283,-4.3363,44.97,3.5961,15.3462,-4.4079,-8.6,10.0947,17.9941,-4.3415,44.92,4.4195,1
164.098,7.6051,2.9194,6.9975,0,0,0.108,0.108,0.108,8.9863,20.7366,-4.3362,44.96,3.6026,15.3658,-4.4245,-8.59,10.0737,18.0272,-4.3422,44.91,4.4069,1
164.198,7.5946,2.8898,6.9807,0,0,0.106,0.106,0.106,8.9826,20.7449,-4.3363,44.95,3.6076,15.3806,-4.4455,-8.58,10.0525,18.0605,-4.3429,44.91,4.3955,1
164.298,7.5876,2.8599,6.9667,0,0,0.105,0.105,0.105,8.979,20.7533,-4.3366,44.94,3.6117,15.3918,-4.4697,-8.57,10.0316,18.0941,-4.3435,44.91,4.3851,1
164.398,7.5834,2.8301,6.9548,0,0,0.104,0.104,0.104,8.9755,20.7616,-4.337,44.94,3.6147,15.4001,-4.4966,-8.56,10.0105,18.1276,-4.3438,44.9,4.3754,1
164.498,7.581,2.8005,6.9447,0,0,0.103,0.103,0.103,8.9715,20.7697,-4.3375,44.95,3.6169,15.4064,-4.5254,-8.56,9.9894,18.1608,-4.3437,44.88,4.3663,1
164.598,7.5741,2.7709,6.9317,0,0,0.102,0.102,0.102,8.9671,20.7778,-4.3379,44.95,3.6207,15.4171,-4.5495,-8.56,9.9685,18.1942,-4.3434,44.87,4.356,1
164.698,7.5604,2.7409,6.9138,0,0,0.101,0.101,0.101,8.9629,20.7857,-4.3381,44.95,3.627,15.4344,-4.5657,-8.55,9.9475,18.2278,-4.3433,44.87,4.3438,1
164.798,7.5414,2.7108,6.8917,0,0,0.1,0.1,0.1,8.9589,20.7935,-4.3383,44.96,3.6355,15.4569,-4.5746,-8.55,9.9265,18.2613,-4.3433,44.88,4.3301,1
164.898,7.5183,2.6806,6.8657,0,0,0.099,0.099,0.099,8.9551,20.8011,-4.3388,44.97,3.6456,15.4837,-4.5781,-8.54,9.9051,18.2945,-4.3437,44.88,4.3149,1
164.998,7.4913,2.65,6.8364,0,0,0.098,0.098,0.098,8.9518,20.8085,-4.3393,44.97,3.6574,15.514,-4.5772,-8.53,9.8835,18.3277,-4.3444,44.88,4.2986,1
165.098,7.461,2.6188,6.8044,0,0,0.098,0.098,0.098,8.9487,20.8155,-4.3396,44.95,3.6709,15.547,-4.573,-8.52,9.8619,18.3611,-4.3448,44.88,4.281,1
165.198,7.4283,2.5872,6.7699,0,0,0.097,0.097,0.097,8.9458,20.822,-4.3398,44.94,3.6859,15.5817,-4.5665,-8.51,9.8399,18.3942,-4.345,44.88,4.2623,1
165.298,7.3931,2.5553,6.7335,0,0,0.097,0.097,0.097,8.9431,20.828,-4.3398,44.92,3.7025,15.6178,-4.5582,-8.5,9.8181,18.4273,-4.3453,44.87,4.2427,1
165.398,7.3558,2.5231,6.6951,0,0,0.096,0.096,0.096,8.9407,20.8336,-4.3403,44.92,3.7207,15.6551,-4.5481,-8.5,9.7965,18.4601,-4.3461,44.85,4.2221,1
165.498,7.3169,2.4904,6.6545,0,0,0.096,0.096,0.096,8.9388,20.8387,-4.3411,44.92,3.7405,15.6933,-4.5374,-8.5,9.7745,18.4927,-4.3469,44.85,4.2006,1
165.598,7.2765,2.4579,6.6119,0,0,0.095,0.095,0.095,8.9368,20.8436,-4.3418,44.93,3.7617,15.7318,-4.5267,-8.5,9.7519,18.5248,-4.3476,44.84,4.1779,1
165.698,7.2355,2.4341,6.5612,0,0,0.095,0.095,0.095,8.935,20.8484,-4.3423,44.94,3.784,15.77,-4.5158,-8.5,9.7264,18.5465,-4.3482,44.84,4.1535,1
165.798,7.1938,2.4185,6.4996,0,0,0.094,0.094,0.094,8.9332,20.853,-4.343,44.95,3.8079,15.8077,-4.5046,-8.5,9.695,18.5576,-4.3485,44.83,4.1263,1
165.898,7.152,2.4111,6.429,0,0,0.094,0.094,0.094,8.9316,20.8573,-4.3435,44.96,3.8331,15.844,-4.494,-8.5,9.659,18.5586,-4.349,44.82,4.0969,1
165.998,7.1101,2.4084,6.3513,0,0,0.094,0.094,0.094,8.9302,20.861,-4.3434,44.97,3.8597,15.8786,-4.4838,-8.5,9.6189,18.5532,-4.349,44.81,4.0653,1
166.098,7.0685,2.4123,6.2685,0,0,0.094,0.094,0.094,8.9285,20.8646,-4.3427,44.98,3.8877,15.9112,-4.4742,-8.5,9.5765,18.541,-4.349,44.81,4.0322,1
166.198,7.0295,2.4226,6.1822,0,0,0.094,0.094,0.094,8.9268,20.8707,-4.3421,44.97,3.9166,15.9416,-4.4651,-8.5,9.532,18.5249,-4.3492,44.81,3.9979,1
166.298,6.9931,2.4412,6.1045,0,0,0.093,0.093,0.093,8.9247,20.8798,-4.3417,44.95,3.9466,15.9699,-4.4566,-8.49,9.4979,18.5069,-4.3491,44.81,3.9663,1
166.398,6.9584,2.4678,6.0407,0,0,0.093,0.093,0.093,8.9218,20.8914,-4.3416,44.94,3.978,15.9958,-4.449,-8.49,9.4799,18.4875,-4.349,44.81,3.9389,1
166.498,6.9252,2.4991,5.9891,0,0,0.093,0.093,0.093,8.9185,20.9039,-4.3418,44.93,4.0104,16.0192,-4.4419,-8.49,9.4754,18.4677,-4.3489,44.81,3.9153,1
166.598,6.893,2.5338,5.9471,0,0,0.093,0.093,0.093,8.9145,20.9172,-4.3417,44.91,4.0436,16.0409,-4.4347,-8.49,9.4813,18.4476,-4.3485,44.81,3.8944,1
166.698,6.8614,2.5702,5.9123,0,0,0.093,0.093,0.093,8.9112,20.9303,-4.3412,44.89,4.0774,16.0613,-4.4281,-8.49,9.495,18.4273,-4.348,44.81,3.8761,1
166.798,6.8311,2.6078,5.8834,0,0,0.093,0.093,0.093,8.9085,20.943,-4.3406,44.87,4.1116,16.0802,-4.422,-8.5,9.5149,18.4067,-4.3475,44.81,3.8597,1
166.898,6.802,2.6468,5.8593,0,0,0.093,0.093,0.093,8.9059,20.9556,-4.34,44.87,4.146,16.0971,-4.4164,-8.51,9.5394,18.3857,-4.347,44.82,3.8449,1
166.998,6.7741,2.6861,5.8393,0,0,0.093,0.093,0.093,8.9038,20.9672,-4.3396,44.87,4.1805,16.1119,-4.4116,-8.52,9.5675,18.3644,-4.3468,44.82,3.8312,1
167.098,6.7477,2.7249,5.8233,0,0,0.094,0.094,0.094,8.9024,20.9778,-4.3393,44.89,4.2149,16.1244,-4.4074,-8.51,9.5986,18.3434,-4.3466,44.82,3.8189,1
167.198,6.723,2.758,5.8121,0,0,0.094,0.094,0.094,8.9021,20.9874,-4.3388,44.91,4.2492,16.1351,-4.4037,-8.51,9.6315,18.3276,-4.3463,44.82,3.8075,1
167.298,6.6994,2.7792,5.8,0,0,0.094,0.094,0.094,8.9025,20.9955,-4.3381,44.93,4.2832,16.1436,-4.4007,-8.51,9.6586,18.3211,-4.3458,44.82,3.7944,1
167.398,6.6765,2.7874,5.7837,0,0,0.094,0.094,0.094,8.9036,21.0017,-4.3374,44.96,4.317,16.1504,-4.3979,-8.52,9.6766,18.3237,-4.3455,44.81,3.7783,1
167.498,6.6539,2.784,5.7639,0,0,0.094,0.094,0.094,8.9051,21.0062,-4.337,44.98,4.3507,16.1556,-4.395,-8.52,9.6868,18.3342,-4.3453,44.82,3.7597,1
167.598,6.6314,2.7711,5.7413,0,0,0.094,0.094,0.094,8.9072,21.0092,-4.337,44.98,4.3844,16.1598,-4.393,-8.51,9.6908,18.3512,-4.3453,44.82,3.739,1
167.698,6.6092,2.7504,5.7173,0,0,0.095,0.095,0.095,8.9097,21.0108,-4.3372,44.98,4.4177,16.1631,-4.3914,-8.52,9.6901,18.3734,-4.345,44.83,3.7171,1
167.798,6.5875,2.7241,5.6918,0,0,0.095,0.095,0.095,8.9125,21.0116,-4.3377,44.97,4.4507,16.1654,-4.3901,-8.52,9.6855,18.3994,-4.3447,44.84,3.694,1
167.898,6.5665,2.6935,5.6651,0,0,0.095,0.095,0.095,8.9157,21.0114,-4.3384,44.95,4.4836,16.1665,-4.3891,-8.53,9.6776,18.4278,-4.3446,44.85,3.67,1
167.998,6.5464,2.6594,5.6378,0,1,0.095,0.095,0.095,8.9196,21.01,-4.339,44.94,4.5161,16.1663,-4.3887,-8.54,9.667,18.4578,-4.3444,44.85,3.6456,1
168.098,6.5273,2.6237,5.6101,0,1,0.188,0.188,0.188,8.9237,21.0085,-4.3395,44.93,4.5483,16.1651,-4.3881,-8.54,9.6543,18.4886,-4.3436,44.86,3.6207,1
168.198,6.5092,2.5876,5.5818,0,1,0.189,0.189,0.189,8.9276,21.0087,-4.3399,44.93,4.5804,16.1643,-4.3869,-8.53,9.64,18.5211,-4.3427,44.86,3.5952,1
168.298,6.4913,2.5511,5.5533,0,1,0.189,0.189,0.189,8.9313,21.0105,-4.3402,44.93,4.6129,16.1642,-4.3859,-8.52,9.6248,18.5554,-4.342,44.85,3.5691,1
168.398,6.4738,2.5135,5.5248,0,1,0.19,0.19,0.19,8.9348,21.0132,-4.3407,44.94,4.6458,16.1642,-4.3854,-8.52,9.6085,18.5917,-4.3415,44.86,3.5423,1
168.498,6.4566,2.4747,5.4961,0,1,0.191,0.191,0.191,8.9392,21.016,-4.341,44.94,4.679,16.1646,-4.385,-8.52,9.5915,18.6288,-4.3409,44.85,3.5154,1
168.598,6.4397,2.4445,5.4713,0,1,0.191,0.191,0.191,8.9441,21.0187,-4.3411,44.94,4.7121,16.165,-4.3845,-8.52,9.5818,18.6589,-4.3402,44.85,3.4913,1
168.698,6.423,2.4262,5.4517,0,1,0.192,0.192,0.192,8.9488,21.0213,-4.3413,44.94,4.745,16.1653,-4.384,-8.51,9.5822,18.6792,-4.3396,44.85,3.4771,1
168.798,6.4066,2.4178,5.4357,0,1,0.193,0.193,0.193,8.9538,21.0236,-4.3414,44.96,4.778,16.165,-4.3838,-8.51,9.5908,18.6913,-4.3395,44.84,3.4697,1
168.898,6.3908,2.4174,5.4217,0,1,0.193,0.193,0.193,8.9593,21.0257,-4.3415,44.97,4.8111,16.1643,-4.3839,-8.52,9.6051,18.6962,-4.3395,44.84,3.4663,1
168.998,6.3755,2.4213,5.3996,0,1,0.194,0.194,0.194,8.9649,21.0275,-4.3418,44.98,4.8441,16.1629,-4.3842,-8.53,9.6132,18.6946,-4.3396,44.85,3.4589,1
169.098,6.3606,2.4297,5.3751,0,1,0.194,0.194,0.194,8.9704,21.0295,-4.3424,44.98,4.8771,16.1612,-4.3847,-8.53,9.6208,18.6884,-4.3397,44.87,3.4513,1
169.198,6.3459,2.4423,5.3542,0,1,0.194,0.194,0.194,8.976,21.0314,-4.343,44.99,4.9101,16.1593,-4.3855,-8.55,9.6339,18.6794,-4.3396,44.88,3.4475,1
169.298,6.3318,2.4584,5.337,0,1,0.195,0.195,0.195,8.9816,21.0332,-4.3436,45.0,4.9428,16.157,-4.3865,-8.57,9.6519,18.668,-4.339,44.9,3.4472,1
169.398,6.3178,2.477,5.3226,0,1,0.195,0.195,0.195,8.9873,21.0348,-4.344,45.01,4.9755,16.1544,-4.3879,-8.59,9.674,18.6548,-4.3387,44.92,3.4496,1
169.498,6.3038,2.4972,5.3108,0,1,0.195,0.195,0.195,8.9933,21.0358,-4.344,45.01,5.0083,16.1516,-4.3892,-8.59,9.6995,18.6406,-4.3383,44.94,3.4542,1
169.598,6.2903,2.519,5.3014,0,1,0.195,0.195,0.195,8.9994,21.0367,-4.3439,45.02,5.0408,16.1485,-4.3902,-8.59,9.7278,18.6254,-4.3382,44.97,3.4608,1
169.698,6.2771,2.5431,5.293,0,1,0.196,0.196,0.196,9.005,21.0381,-4.3435,45.02,5.0733,16.1452,-4.3911,-8.59,9.7576,18.6089,-4.3381,45.0,3.4686,1
169.798,6.2645,2.5702,5.2854,0,1,0.196,0.196,0.196,9.0099,21.0402,-4.3433,45.02,5.1053,16.1415,-4.392,-8.59,9.7887,18.5908,-4.3379,45.02,5.3722,1
169.898,6.2518,2.599,5.2782,0,1,0.196,0.196,0.196,9.014,21.0425,-4.3433,45.02,5.1376,16.1379,-4.3926,-8.59,9.8207,18.5719,-4.3379,45.03,5.3623,1
169.998,6.2388,2.6291,5.2711,0,1,0.196,0.196,0.196,9.0173,21.0451,-4.3431,45.01,5.1698,16.1342,-4.3926,-8.59,9.8532,18.5524,-4.3382,45.04,5.3523,1
170.098,6.2265,2.6606,5.2647,0,1,0.196,0.196,0.196,9.0201,21.0483,-4.3427,45.01,5.2017,16.1302,-4.3925,-8.59,9.8861,18.5325,-4.3387,45.07,5.3425,1
170.198,6.2145,2.6927,5.2582,0,1,0.196,0.196,0.196,9.0225,21.0515,-4.3425,45.0,5.2335,16.126,-4.3925,-8.57,9.9187,18.5124,-4.3394,45.08,5.3326,1
170.298,6.2024,2.725,5.2524,0,1,0.196,0.196,0.196,9.0241,21.055,-4.3423,44.99,5.2651,16.1217,-4.3927,-8.56,9.9516,18.4927,-4.3401,45.08,5.3227,1
170.398,6.1903,2.7561,5.2473,0,1,0.195,0.195,0.195,9.0263,21.0573,-4.3418,44.98,5.2968,16.1169,-4.393,-8.55,9.9849,18.4733,-4.3405,45.09,5.3131,1
170.498,6.1784,2.7861,5.2419,0,1,0.195,0.195,0.195,9.0299,21.0581,-4.3411,44.98,5.3285,16.1114,-4.3931,-8.54,10.018,18.4531,-4.3407,45.1,5.3037,1
170.598,6.1669,2.8153,5.2364,0,1,0.195,0.195,0.195,9.0342,21.0578,-4.3408,44.98,5.36,16.1053,-4.3939,-8.53,10.0505,18.4324,-4.3409,45.11,5.2946,1
170.698,6.1549,2.8427,5.2311,0,1,0.195,0.195,0.195,9.0393,21.0561,-4.3407,44.99,5.3912,16.0992,-4.395,-8.53,10.083,18.412,-4.3411,45.12,5.2858,1
170.798,6.1424,2.8685,5.2262,0,1,0.194,0.194,0.194,9.045,21.053,-4.3407,45.02,5.4223,16.093,-4.3957,-8.53,10.1155,18.3917,-4.3412,45.13,5.2771,1
170.898,6.1297,2.8935,5.2217,0,1,0.194,0.194,0.194,9.051,21.049,-4.3409,45.03,5.4528,16.0867,-4.3963,-8.53,10.1478,18.3715,-4.3415,45.13,5.2688,1
170.998,6.1165,2.9176,5.2172,0,1,0.194,0.194,0.194,9.0572,21.0442,-4.3414,45.03,5.483,16.081,-4.3971,-8.51,10.18,18.3514,-4.3417,45.14,5.2607,1
171.098,6.1035,2.9411,5.213,0,1,0.193,0.193,0.193,9.064,21.0394,-4.3422,45.03,5.5132,16.0753,-4.398,-8.5,10.2123,18.3317,-4.3418,45.14,5.2528,1
171.198,6.0914,2.9643,5.2093,0,1,0.193,0.193,0.193,9.0712,21.0346,-4.3436,45.02,5.5433,16.0691,-4.3989,-8.5,10.2445,18.3124,-4.3419,45.14,5.2451,1
171.298,6.0793,2.9874,5.2054,0,1,0.192,0.192,0.192,9.0783,21.0297,-4.3449,45.01,5.5735,16.0626,-4.3998,-8.49,10.2765,18.293,-4.3418,45.15,5.2373,1
171.398,6.0671,3.0112,5.2002,0,1,0.192,0.192,0.192,9.0853,21.0251,-4.3454,45.0,5.6037,16.0566,-4.4006,-8.49,10.3076,18.2731,-4.3419,45.16,5.2291,1
171.498,6.0546,3.0351,5.1943,0,1,0.191,0.191,0.191,9.0923,21.0201,-4.3456,44.99,5.6339,16.0508,-4.4013,-8.5,10.3381,18.2525,-4.3422,45.16,5.2206,1
171.598,6.0418,3.0578,5.1873,0,1,0.19,0.19,0.19,9.0996,21.0148,-4.3459,44.98,5.664,16.0452,-4.4019,-8.5,10.3674,18.2321,-4.3425,45.15,5.2119,1
171.698,6.0307,3.0796,5.1838,0,1,0.189,0.189,0.189,9.1069,21.0093,-4.3465,44.98,5.6892,16.0408,-4.4032,-8.5,10.3958,18.2124,-4.3432,45.15,5.2058,1
171.798,6.0205,3.1006,5.1818,0,1,0.189,0.189,0.189,9.1142,21.0038,-4.3471,44.98,5.7126,16.0367,-4.4046,-8.51,10.4238,18.1934,-4.3439,45.16,5.2009,1
171.898,6.0097,3.1206,5.178,0,1,0.188,0.188,0.188,9.1213,20.9983,-4.3478,44.98,5.7373,16.0323,-4.4054,-8.52,10.4507,18.175,-4.3445,45.17,5.1947,1
171.998,5.9966,3.1394,5.1711,0,1,0.187,0.187,0.187,9.1281,20.9929,-4.3481,44.98,5.763,16.0298,-4.4058,-8.51,10.4757,18.1574,-4.3451,45.18,5.187,1
172.098,5.9813,3.1568,5.161,0,1,0.186,0.186,0.186,9.1347,20.9875,-4.3483,44.98,5.7896,16.0295,-4.4058,-8.52,10.4986,18.1406,-4.3454,45.17,5.1777,1
172.198,5.9646,3.1724,5.1484,0,1,0.185,0.185,0.185,9.141,20.9823,-4.3485,44.99,5.8168,16.0302,-4.4055,-8.52,10.5194,18.125,-4.3455,45.16,5.1671,1
172.298,5.9487,3.1869,5.1348,0,1,0.184,0.184,0.184,9.1471,20.9775,-4.3485,45.01,5.8445,16.0302,-4.4051,-8.52,10.5386,18.1105,-4.3457,45.15,5.1559,1
172.398,5.9327,3.1993,5.1196,0,1,0.183,0.183,0.183,9.1532,20.9726,-4.3485,45.03,5.8725,16.0298,-4.4048,-8.52,10.5558,18.0972,-4.3457,45.14,5.1439,1
172.498,5.9181,3.2099,5.1055,0,1,0.182,0.182,0.182,9.159,20.9678,-4.3487,45.05,5.8977,16.0296,-4.4026,-8.53,10.5709,18.0851,-4.3458,45.13,5.133,1
172.598,5.9049,3.2189,5.0921,0,1,0.181,0.181,0.181,9.1643,20.9634,-4.3489,45.06,5.9224,16.0283,-4.3994,-8.54,10.5849,18.0749,-4.3459,45.13,5.1224,1
172.698,5.8926,3.2266,5.0778,0,1,0.18,0.18,0.18,9.1694,20.9592,-4.349,45.08,5.9483,16.0251,-4.397,-8.56,10.5976,18.0659,-4.3457,45.13,5.1108,1
172.798,5.882,3.2343,5.0628,0,1,0.179,0.179,0.179,9.1748,20.9562,-4.3489,45.1,5.9742,16.0215,-4.3968,-8.57,10.6093,18.0574,-4.3455,45.12,5.0993,1
172.898,5.8734,3.2413,5.0474,0,1,0.178,0.178,0.178,9.1814,20.9545,-4.3488,45.1,6.0003,16.0173,-4.3978,-8.57,10.6201,18.0499,-4.3455,45.11,5.0879,1
172.998,5.8672,3.2479,5.0314,0,1,0.177,0.177,0.177,9.1892,20.9541,-4.3485,45.1,6.0269,16.0123,-4.3991,-8.57,10.6299,18.0432,-4.3455,45.11,5.0766,1
173.098,5.8625,3.2545,5.0145,0,1,0.175,0.175,0.175,9.1973,20.9548,-4.3481,45.09,6.0538,16.0066,-4.4002,-8.58,10.6386,18.0369,-4.3455,45.1,5.065,1
173.198,5.8573,3.2586,4.9971,0,1,0.174,0.174,0.174,9.2057,20.9545,-4.3479,45.08,6.0809,16.0006,-4.4012,-8.58,10.6463,18.0316,-4.3457,45.09,5.0531,1
173.298,5.8506,3.2599,4.9788,0,1,0.173,0.173,0.173,9.2142,20.9523,-4.3479,45.07,6.1085,15.9943,-4.4024,-8.58,10.653,18.0271,-4.3459,45.08,5.0406,1
173.398,5.8424,3.2591,4.9601,0,1,0.171,0.171,0.171,9.223,20.9484,-4.3478,45.05,6.1364,15.9882,-4.4027,-8.56,10.6596,18.023,-4.3458,45.07,5.0278,1
173.498,5.8337,3.2563,4.9416,0,1,0.17,0.17,0.17,9.2322,20.9432,-4.3476,45.04,6.1643,15.9816,-4.4024,-8.55,10.6658,18.0194,-4.3459,45.06,5.015,1
173.598,5.8241,3.2521,4.923,0,1,0.169,0.169,0.169,9.2411,20.937,-4.3473,45.04,6.1924,15.975,-4.4024,-8.54,10.6717,18.0164,-4.3458,45.05,5.002,1
173.698,5.8134,3.2459,4.9036,0,1,0.167,0.167,0.167,9.2506,20.9294,-4.347,45.03,6.2207,15.9684,-4.4022,-8.52,10.6771,18.0137,-4.346,45.04,4.9886,1
173.798,5.8018,3.238,4.8835,0,1,0.166,0.166,0.166,9.2605,20.9209,-4.3469,45.04,6.2493,15.962,-4.4017,-8.5,10.6816,18.0114,-4.3464,45.03,4.9749,1
173.898,5.7897,3.2294,4.8627,0,1,0.164,0.164,0.164,9.2699,20.9121,-4.3468,45.04,6.2778,15.9559,-4.4012,-8.49,10.6853,18.0093,-4.3463,45.03,4.9608,1
173.998,5.7766,3.2196,4.8412,0,1,0.163,0.163,0.163,9.2794,20.9023,-4.3467,45.04,6.3064,15.9497,-4.4007,-8.49,10.6882,18.0073,-4.3462,45.02,4.9463,1
174.098,5.7631,3.2087,4.8193,0,1,0.069,0.069,0.069,9.289,20.8917,-4.3469,45.04,6.3352,15.9434,-4.4,-8.48,10.6908,18.0054,-4.3459,45.01,4.9316,1
174.198,5.7497,3.1976,4.798,0,1,0.069,0.069,0.069,9.297,20.88,-4.3475,45.04,6.3623,15.936,-4.3993,-8.49,10.692,18.0028,-4.3457,45.01,4.917,1
174.298,5.7364,3.1869,4.7769,0,1,0.069,0.069,0.069,9.3027,20.8673,-4.348,45.05,6.3874,15.9272,-4.3989,-8.49,10.6914,17.9988,-4.3456,45.02,4.9025,1
174.398,5.7232,3.1772,4.7563,0,1,0.07,0.07,0.07,9.3065,20.8538,-4.348,45.06,6.4109,15.9175,-4.3984,-8.5,10.6898,17.9936,-4.3455,45.01,4.8881,1
174.498,5.7096,3.1682,4.736,0,1,0.07,0.07,0.07,9.3089,20.8398,-4.348,45.08,6.4331,15.9076,-4.3982,-8.51,10.6876,17.9874,-4.3451,45.0,4.8737,1
174.598,5.6958,3.1599,4.7157,0,1,0.07,0.07,0.07,9.3101,20.8256,-4.3479,45.08,6.4542,15.8978,-4.3982,-8.51,10.6847,17.9804,-4.345,45.0,4.8594,1
174.698,5.6817,3.1527,4.6947,0,1,0.071,0.071,0.071,9.31,20.8117,-4.3477,45.07,6.4752,15.8879,-4.3983,-8.52,10.6813,17.9729,-4.3454,45.02,4.8444,1
174.798,5.6673,3.1469,4.6735,0,1,0.072,0.072,0.072,9.309,20.7986,-4.3474,45.07,6.4966,15.8787,-4.3986,-8.52,10.6781,17.9652,-4.3461,45.04,4.8291,1
174.898,5.6528,3.1421,4.6518,0,1,0.072,0.072,0.072,9.3078,20.7867,-4.3474,45.06,6.5183,15.8704,-4.3986,-8.54,10.6751,17.9577,-4.3465,45.05,4.8135,1
174.998,5.6384,3.1384,4.6298,0,1,0.073,0.073,0.073,9.3063,20.7758,-4.3475,45.05,6.5399,15.8629,-4.3983,-8.55,10.6721,17.9502,-4.3468,45.06,4.7977,1
175.098,5.6239,3.1358,4.6069,0,1,0.074,0.074,0.074,9.3043,20.7656,-4.3478,45.03,6.5617,15.8561,-4.3979,-8.55,10.6689,17.9423,-4.3475,45.06,4.7816,1
175.198,5.6092,3.1346,4.5833,0,1,0.075,0.075,0.075,9.3019,20.7562,-4.3481,45.0,6.5837,15.8498,-4.398,-8.56,10.6655,17.9338,-4.348,45.06,4.765,1
175.298,5.5948,3.1348,4.5595,0,1,0.076,0.076,0.076,9.2992,20.7476,-4.3483,44.98,6.6061,15.8439,-4.3982,-8.56,10.6627,17.9249,-4.3481,45.06,4.7483,1
175.398,5.58,3.1352,4.5361,0,1,0.077,0.077,0.077,9.2962,20.7392,-4.3486,44.96,6.6285,15.8385,-4.3985,-8.56,10.6604,17.9163,-4.348,45.05,4.7316,1
175.498,5.5653,3.1358,4.513,0,1,0.078,0.078,0.078,9.2932,20.7311,-4.3489,44.96,6.6511,15.8333,-4.3987,-8.57,10.6585,17.9082,-4.3477,45.03,4.715,1
175.598,5.5508,3.1366,4.4904,0,1,0.079,0.079,0.079,9.2901,20.7235,-4.349,44.95,6.6738,15.8283,-4.3987,-8.58,10.6571,17.9005,-4.3473,45.02,4.6985,1
175.698,5.5357,3.1367,4.4679,0,1,0.08,0.08,0.08,9.2872,20.7159,-4.349,44.96,6.6968,15.8239,-4.3985,-8.61,10.656,17.8936,-4.3466,45.01,4.6818,1
175.798,5.5198,3.1363,4.445,0,1,0.082,0.082,0.082,9.2846,20.708,-4.3487,44.97,6.7204,15.8202,-4.3983,-8.63,10.6552,17.8871,-4.3459,45.0,4.6649,1
175.898,5.5035,3.1357,4.4216,0,1,0.083,0.083,0.083,9.282,20.7,-4.3485,44.98,6.7445,15.8166,-4.3981,-8.66,10.6544,17.8806,-4.3451,45.0,4.6476,1
175.998,5.4871,3.1361,4.3986,0,1,0.084,0.084,0.084,9.2787,20.6925,-4.3482,44.98,6.7691,15.8132,-4.3983,-8.67,10.6545,17.8744,-4.3443,45.0,4.6301,1
176.098,5.4714,3.1366,4.3764,0,1,0.086,0.086,0.086,9.2754,20.6854,-4.3477,44.98,6.7938,15.8094,-4.3982,-8.68,10.6551,17.8686,-4.3437,45.02,4.6128,1
176.198,5.4559,3.1367,4.3537,0,1,0.088,0.088,0.088,9.2725,20.6786,-4.3472,44.98,6.8187,15.8059,-4.3981,-8.68,10.6553,17.8632,-4.3433,45.03,4.5954,1
176.298,5.4409,3.1366,4.3304,0,1,0.089,0.089,0.089,9.2704,20.6722,-4.3465,44.98,6.8441,15.8025,-4.3979,-8.69,10.6552,17.8578,-4.3431,45.03,4.5779,1
176.398,5.4258,3.1367,4.3065,0,1,0.091,0.091,0.091,9.2685,20.6655,-4.3461,44.98,6.8699,15.7991,-4.3976,-8.7,10.6552,17.852,-4.3431,45.02,4.5602,1
176.498,5.4103,3.1358,4.2827,0,1,0.093,0.093,0.093,9.2676,20.6582,-4.3463,44.99,6.896,15.7957,-4.3974,-8.71,10.6555,17.8463,-4.3433,45.01,4.5426,1
176.598,5.3946,3.1341,4.2599,0,1,0.095,0.095,0.095,9.2666,20.6508,-4.3466,45.0,6.9222,15.7926,-4.3968,-8.72,10.6564,17.8418,-4.3436,45.02,4.5252,1
176.698,5.3786,3.1321,4.2368,0,1,0.097,0.097,0.097,9.2655,20.6436,-4.3466,44.99,6.9487,15.7898,-4.3964,-8.72,10.6573,17.8377,-4.344,45.02,4.5075,1
176.798,5.3622,3.1296,4.2131,0,1,0.099,0.099,0.099,9.2647,20.6362,-4.3463,44.99,6.9754,15.7874,-4.3962,-8.71,10.6578,17.8338,-4.3444,45.02,4.4896,1
176.898,5.3457,3.1266,4.1888,0,1,0.101,0.101,0.101,9.2643,20.6284,-4.3458,44.98,7.0025,15.7851,-4.3962,-8.7,10.6581,17.8297,-4.3448,45.02,4.4715,1
176.998,5.3296,3.1232,4.1646,0,1,0.103,0.103,0.103,9.2643,20.6205,-4.3454,44.97,7.0295,15.7824,-4.3966,-8.7,10.6581,17.8255,-4.3451,45.02,4.4535,1
177.098,5.3143,3.1203,4.1405,0,1,0.105,0.105,0.105,9.2644,20.613,-4.3454,44.96,7.0564,15.7794,-4.3969,-8.7,10.6581,17.8212,-4.3457,45.01,4.4357,1
177.198,5.2998,3.1178,4.1172,0,1,0.107,0.107,0.107,9.2644,20.6059,-4.3455,44.95,7.0831,15.7761,-4.3972,-8.7,10.6584,17.8171,-4.3463,45.01,4.4182,1
177.298,5.2858,3.1152,4.0942,0,1,0.11,0.11,0.11,9.2643,20.599,-4.3456,44.94,7.1096,15.7726,-4.3977,-8.7,10.6587,17.8133,-4.3466,45.01,4.4008,1
177.398,5.2722,3.1129,4.0708,0,1,0.112,0.112,0.112,9.2644,20.5926,-4.3455,44.93,7.1363,15.7692,-4.3982,-8.69,10.6586,17.8093,-4.3468,45.01,4.3834,1
177.498,5.259,3.1103,4.0477,0,1,0.114,0.114,0.114,9.2649,20.5861,-4.3454,44.92,7.1629,15.7658,-4.3982,-8.69,10.6587,17.8056,-4.3469,44.99,4.3661,1
177.598,5.2459,3.1066,4.0254,0,1,0.117,0.117,0.117,9.2656,20.5795,-4.3455,44.9,7.1897,15.7621,-4.3979,-8.68,10.659,17.803,-4.3465,44.97,4.349,1
177.698,5.2332,3.1025,4.0031,0,1,0.119,0.119,0.119,9.2661,20.5729,-4.3459,44.89,7.2167,15.7579,-4.3974,-8.67,10.6589,17.8006,-4.341,44.95,4.3317,1
177.798,5.2208,3.0983,3.98,0,1,0.122,0.122,0.122,9.2664,20.5665,-4.3461,44.89,7.2438,15.7537,-4.3972,-8.65,10.6578,17.7983,-4.3289,44.94,4.3139,1
177.898,5.209,3.0946,3.9565,0,1,0.124,0.124,0.124,9.2662,20.5606,-4.3459,44.91,7.271,15.7491,-4.3972,-8.64,10.656,17.7958,-4.3115,44.94,4.2959,1
177.998,5.1974,3.0913,3.9326,0,1,0.127,0.127,0.127,9.2659,20.5547,-4.3458,44.92,7.2985,15.7444,-4.3974,-8.62,10.6536,17.793,-4.29,44.94,4.2775,1
178.098,5.1859,3.0883,3.9091,0,1,0.129,0.129,0.129,9.2656,20.549,-4.346,44.92,7.3258,15.7399,-4.3972,-8.59,10.6513,17.7902,-4.2653,44.94,4.2592,1
178.198,5.1748,3.0857,3.8861,0,1,0.132,0.132,0.132,9.2653,20.5435,-4.3465,44.92,7.353,15.7353,-4.3962,-8.57,10.6491,17.7876,-4.2382,44.95,4.2411,1
178.298,5.1642,3.0833,3.8633,0,1,0.135,0.135,0.135,9.2653,20.5381,-4.347,44.93,7.3802,15.7305,-4.3949,-8.57,10.6466,17.7849,-4.2092,44.96,4.2231,1
178.398,5.1535,3.0793,3.8415,0,1,0.137,0.137,0.137,9.2657,20.5325,-4.3475,44.94,7.4072,15.726,-4.3936,-8.56,10.6443,17.7839,-4.1852,44.96,4.2055,1
178.498,5.1426,3.0747,3.8202,0,1,0.14,0.14,0.14,9.2666,20.5267,-4.3481,44.95,7.4345,15.7217,-4.3925,-8.56,10.6429,17.7832,-4.1687,44.94,4.1881,1
178.598,5.1316,3.0703,3.7993,0,1,0.143,0.143,0.143,9.2677,20.5206,-4.3488,44.96,7.4618,15.7175,-4.3922,-8.56,10.6426,17.782,-4.1583,44.94,4.1709,1
178.698,5.1205,3.0666,3.7779,0,0,0.146,0.146,0.146,9.2693,20.5142,-4.3493,44.97,7.4894,15.7133,-4.3922,-8.57,10.6431,17.7795,-4.1529,44.94,4.1539,1
178.798,5.1088,3.0631,3.7553,0,0,0.148,0.148,0.148,9.2715,20.5073,-4.3494,44.99,7.5174,15.7092,-4.3923,-8.57,10.6437,17.7759,-4.1514,44.94,4.1366,1
178.898,5.0972,3.06,3.732,0,0,0.151,0.151,0.151,9.2737,20.5004,-4.3493,44.99,7.5458,15.7053,-4.3921,-8.56,10.6443,17.7716,-4.153,44.94,4.119,1
178.998,5.0857,3.0574,3.7082,0,0,0.154,0.154,0.154,9.276,20.4934,-4.3493,44.99,7.5744,15.7011,-4.3921,-8.56,10.6452,17.7664,-4.157,44.94,4.1013,1
179.098,5.0746,3.0556,3.6847,0,0,0.157,0.157,0.157,9.2788,20.4863,-4.3496,44.99,7.603,15.6966,-4.3923,-8.54,10.6468,17.7605,-4.1629,44.94,4.0839,1
179.198,5.064,3.0542,3.661,0,0,0.16,0.16,0.16,9.282,20.4796,-4.3499,44.99,7.6317,15.6922,-4.3926,-8.52,10.6486,17.7541,-4.1702,44.95,4.0667,1
179.298,5.054,3.0531,3.6373,0,0,0.163,0.163,0.163,9.2857,20.473,-4.3501,45.0,7.6605,15.6877,-4.3927,-8.52,10.6506,17.7475,-4.1779,44.95,4.0496,1
179.398,5.0443,3.0514,3.6144,0,0,0.166,0.166,0.166,9.2898,20.4666,-4.3503,45.0,7.6891,15.6832,-4.3925,-8.53,10.6529,17.7415,-4.1863,44.96,4.0329,1
179.498,5.0349,3.0493,3.5925,0,0,0.169,0.169,0.169,9.2939,20.4603,-4.3503,45.0,7.7175,15.6787,-4.3928,-8.54,10.6556,17.7364,-4.195,44.97,4.0166,1
179.598,5.0262,3.0479,3.5711,0,0,0.172,0.172,0.172,9.2976,20.4545,-4.3503,45.0,7.7461,15.6739,-4.3938,-8.55,10.6588,17.7314,-4.2042,45.0,4.0003,1
179.698,5.0179,3.0472,3.5498,0,0,0.175,0.175,0.175,9.301,20.4492,-4.3503,45.0,7.7747,15.6692,-4.3947,-8.54,10.662,17.7262,-4.2134,45.03,3.984,1
179.798,5.0102,3.0479,3.5279,0,0,0.178,0.178,0.178,9.3037,20.4448,-4.3504,44.99,7.8033,15.6647,-4.3953,-8.53,10.6649,17.7207,-4.2223,45.04,3.9673,1
179.898,5.0029,3.0493,3.5052,0,0,0.181,0.181,0.181,9.3056,20.4414,-4.3506,44.99,7.8322,15.6606,-4.3953,-8.51,10.6671,17.7155,-4.2308,45.06,3.95,1
179.998,4.9957,3.0507,3.4821,0,0,0.184,0.184,0.184,9.3072,20.4385,-4.3509,44.97,7.8613,15.6568,-4.3948,-8.5,10.6687,17.7109,-4.2387,45.05,3.9324,1
180.098,4.9883,3.0513,3.459,0,0,0.182,0.182,0.182,9.3085,20.4354,-4.3508,44.94,7.8903,15.6531,-4.3947,-8.48,10.6698,17.7066,-4.2466,45.05,3.9146,1
180.198,4.9812,3.0517,3.4366,0,0,0.185,0.185,0.185,9.3099,20.4321,-4.3506,44.91,7.9195,15.6491,-4.3947,-8.47,10.6714,17.7026,-4.2543,45.05,3.8969,1
180.298,4.9746,3.0508,3.415,0,0,0.188,0.188,0.188,9.3125,20.4282,-4.3504,44.9,7.949,15.6444,-4.3946,-8.46,10.6734,17.6992,-4.2618,45.04,3.8796,1
180.398,4.9683,3.0486,3.3937,0,0,0.191,0.191,0.191,9.3162,20.424,-4.3505,44.89,7.9791,15.6392,-4.3945,-8.45,10.6753,17.6963,-4.269,45.04,3.8624,1
180.498,4.9623,3.045,3.3716,0,0,0.195,0.195,0.195,9.321,20.4196,-4.3507,44.89,8.0097,15.6339,-4.3945,-8.44,10.6763,17.6938,-4.2756,45.04,3.8451,1
180.598,4.9571,3.0409,3.3499,0,0,0.198,0.198,0.198,9.3264,20.4154,-4.351,44.87,8.0407,15.6281,-4.3949,-8.43,10.677,17.6918,-4.2814,45.04,3.8278,1
180.698,4.952,3.0362,3.3282,0,0,0.201,0.201,0.201,9.3322,20.4108,-4.3509,44.85,8.0717,15.6221,-4.3955,-8.43,10.6776,17.6897,-4.2867,45.03,3.8105,1
180.798,4.9468,3.0316,3.3058,0,0,0.204,0.204,0.204,9.3384,20.4062,-4.3508,44.83,8.1031,15.6164,-4.3961,-8.44,10.6779,17.6872,-4.2919,45.03,3.793,1
180.898,4.9419,3.0278,3.2828,0,0,0.207,0.207,0.207,9.3442,20.4021,-4.3506,44.82,8.1346,15.6107,-4.3964,-8.44,10.6777,17.6842,-4.2967,45.04,3.7751,1
180.998,4.9374,3.0246,3.2595,0,0,0.211,0.211,0.211,9.3497,20.3983,-4.3504,44.82,8.1659,15.6051,-4.3965,-8.44,10.6771,17.681,-4.301,45.05,3.7571,1
181.098,4.9335,3.0218,3.2365,0,0,0.214,0.214,0.214,9.3553,20.395,-4.35,44.81,8.1967,15.5997,-4.3968,-8.45,10.6764,17.6776,-4.305,45.06,3.7394,1
181.198,4.9299,3.0196,3.2142,0,0,0.217,0.217,0.217,9.3607,20.3919,-4.3496,44.82,8.2272,15.5943,-4.3969,-8.46,10.6762,17.6742,-4.3087,45.06,3.7221,1
181.298,4.9264,3.0181,3.1923,0,0,0.22,0.22,0.22,9.3657,20.3891,-4.349,44.82,8.2577,15.5892,-4.3969,-8.47,10.6765,17.6708,-4.3123,45.06,3.7048,1
181.398,4.9232,3.0175,3.1703,0,0,0.223,0.223,0.223,9.3702,20.387,-4.3487,44.83,8.2883,15.5843,-4.397,-8.48,10.6768,17.6673,-4.3154,45.07,3.6873,1
181.498,4.9205,3.0175,3.1485,0,0,0.226,0.226,0.226,9.3739,20.3851,-4.3487,44.84,8.3186,15.5793,-4.3974,-8.48,10.6771,17.6636,-4.3185,45.07,3.6697,1
181.598,4.9178,3.0179,3.1267,0,0,0.23,0.23,0.23,9.3774,20.3833,-4.3488,44.84,8.3488,15.5745,-4.3978,-8.49,10.6773,17.6598,-4.3215,45.09,3.6521,1
181.698,4.9156,3.0187,3.1052,0,0,0.233,0.233,0.233,9.3806,20.3819,-4.3487,44.85,8.3791,15.5696,-4.3982,-8.5,10.6776,17.6562,-4.3243,45.1,3.6345,1
181.798,4.9136,3.0196,3.0839,0,0,0.236,0.236,0.236,9.3837,20.3803,-4.3484,44.86,8.4094,15.5645,-4.3987,-8.51,10.6781,17.6523,-4.3268,45.1,3.6169,1
181.898,4.9116,3.0206,3.0628,0,0,0.239,0.239,0.239,9.3861,20.3786,-4.3478,44.88,8.4398,15.5593,-4.399,-8.51,10.6784,17.6485,-4.3287,45.09,3.599,1
181.998,4.9099,3.0217,3.0417,0,0,0.242,0.242,0.242,9.3884,20.3773,-4.3472,44.88,8.47,15.5544,-4.3992,-8.52,10.6784,17.6449,-4.3304,45.08,3.5811,1
182.098,4.9081,3.0221,3.0206,0,0,0.245,0.245,0.245,9.3917,20.376,-4.3467,44.89,8.5002,15.5499,-4.3991,-8.51,10.6783,17.6416,-4.3319,45.08,3.5635,1
182.198,4.9064,3.0215,3.0001,0,0,0.248,0.248,0.248,9.3963,20.3745,-4.3464,44.9,8.5306,15.5454,-4.3991,-8.51,10.6787,17.6387,-4.3332,45.09,3.5464,1
182.298,4.9118,3.0209,2.9848,0,0,0.251,0.251,0.251,9.4012,20.373,-4.346,44.91,8.5615,15.5338,-4.3987,-8.51,10.6795,17.636,-4.3344,45.1,3.5306,1
182.398,4.9267,3.0199,2.9761,0,0,0.254,0.254,0.254,9.4063,20.372,-4.3451,44.93,8.5931,15.5131,-4.3975,-8.5,10.6801,17.6339,-4.3354,45.11,3.5167,1
182.498,4.9489,3.0189,2.9724,0,0,0.257,0.257,0.257,9.4119,20.371,-4.3442,44.95,8.6258,15.4852,-4.3958,-8.49,10.6809,17.6318,-4.3363,45.11,3.5039,1
182.598,4.9768,3.0185,2.972,0,0,0.26,0.26,0.26,9.4176,20.3703,-4.3434,44.98,8.6595,15.4518,-4.3937,-8.47,10.6815,17.6292,-4.337,45.11,3.4918,1
182.698,5.0087,3.0136,2.9746,0,0,0.263,0.263,0.263,9.4234,20.3696,-4.3424,45.0,8.6939,15.4145,-4.3914,-8.46,10.6784,17.6297,-4.3375,45.11,3.4796,1
182.798,5.0437,3.0024,2.9805,0,0,0.266,0.266,0.266,9.4292,20.3687,-4.3418,45.01,8.7285,15.3741,-4.3886,-8.45,10.6702,17.6348,-4.338,45.1,3.4672,1
182.898,5.0806,2.9903,2.989,0,0,0.269,0.269,0.269,9.4354,20.3674,-4.3417,45.01,8.7632,15.3317,-4.3855,-8.45,10.6615,17.6401,-4.3383,45.1,3.4556,1
182.998,5.1188,2.9764,3.0002,0,0,0.272,0.272,0.272,9.4414,20.3656,-4.342,45.01,8.7982,15.2875,-4.3825,-8.45,10.6516,17.6463,-4.3382,45.1,3.4443,1
183.098,5.1581,2.9595,3.0139,0,0,0.275,0.275,0.275,9.4471,20.3635,-4.3426,45.02,8.8333,15.2421,-4.3792,-8.45,10.6393,17.6547,-4.3381,45.09,3.433,1
183.198,5.1984,2.9403,3.0297,0,0,0.277,0.277,0.277,9.4532,20.3612,-4.3434,45.03,8.8687,15.1959,-4.3762,-8.44,10.6248,17.6644,-4.3381,45.09,3.4218,1
183.298,5.2392,2.9196,3.0474,0,0,0.28,0.28,0.28,9.4593,20.3587,-4.3441,45.04,8.904,15.1491,-4.3736,-8.44,10.6087,17.6749,-4.3384,45.1,3.4109,1
183.398,5.2804,2.8986,3.067,0,0,0.283,0.283,0.283,9.4649,20.3563,-4.3446,45.04,8.9397,15.1022,-4.3711,-8.44,10.5921,17.6859,-4.339,45.1,3.4002,1
183.498,5.322,2.878,3.0887,0,0,0.286,0.286,0.286,9.4704,20.3538,-4.3446,45.03,8.9755,15.055,-4.3685,-8.43,10.5758,17.6966,-4.3396,45.08,3.39,1
183.598,5.3565,2.8585,3.1045,0,0,0.289,0.289,0.289,9.4765,20.351,-4.3447,45.03,9.0136,15.0146,-4.3661,-8.12,10.5606,17.7061,-4.3403,45.06,3.3771,1
183.698,5.3814,2.8398,3.1115,0,0,0.291,0.291,0.291,9.4831,20.348,-4.3447,45.04,9.0547,14.9838,-4.3639,-7.35,10.5458,17.7146,-4.3407,45.05,3.3603,1
183.798,5.3976,2.8217,3.1114,0,0,0.294,0.294,0.294,9.4897,20.3443,-4.3445,45.05,9.0983,14.9609,-4.3617,-6.18,10.5322,17.7222,-4.341,45.03,3.3398,1
183.898,5.4076,2.8052,3.1059,0,0,0.297,0.297,0.297,9.4959,20.3401,-4.3442,45.05,9.1442,14.944,-4.3597,-4.68,10.52,17.7284,-4.3412,45.01,3.3165,1
183.998,5.4129,2.7911,3.0961,0,0,0.299,0.299,0.299,9.5017,20.3356,-4.3441,45.05,9.1912,14.9316,-4.3581,-2.97,10.5098,17.7329,-4.3412,44.99,3.2914,1
184.098,5.4154,2.7795,3.0835,0,0,0.302,0.302,0.302,9.5072,20.3312,-4.3438,45.05,9.239,14.9225,-4.3565,-1.14,10.5014,17.7356,-4.3408,44.97,3.2652,1
184.198,5.4164,2.7701,3.0688,0,0,0.304,0.304,0.304,9.513,20.3274,-4.3433,45.04,9.2873,14.9158,-4.355,0.75,10.4946,17.7371,-4.3402,44.97,3.2384,1
184.298,5.4165,2.7623,3.0528,0,0,0.307,0.307,0.307,9.5192,20.3243,-4.3427,45.02,9.3359,14.9109,-4.3535,2.67,10.4886,17.7377,-4.3395,44.97,3.2113,1
184.398,5.4157,2.7558,3.0357,0,0,0.309,0.309,0.309,9.5251,20.3215,-4.342,45.01,9.3849,14.9076,-4.3523,4.57,10.4833,17.7376,-4.3388,44.97,3.1836,1
184.498,5.4141,2.7508,3.0176,0,0,0.312,0.312,0.312,9.5305,20.3188,-4.3417,45.01,9.4339,14.9056,-4.3512,6.44,10.4785,17.7366,-4.3383,44.98,3.1555,1
184.598,5.4127,2.7474,2.9996,0,0,0.314,0.314,0.314,9.5353,20.3169,-4.3417,45.01,9.4826,14.9045,-4.3505,8.26,10.4749,17.7351,-4.3379,44.98,3.1275,1
184.698,5.4117,2.7452,2.9822,0,0,0.317,0.317,0.317,9.5399,20.3153,-4.3419,45.0,9.5308,14.9036,-4.3499,10.02,10.4724,17.7333,-4.3378,44.97,3.1001,1
184.798,5.4108,2.7431,2.9657,0,0,0.319,0.319,0.319,9.5453,20.3133,-4.3425,44.99,9.5784,14.9027,-4.3494,11.7,10.4704,17.731,-4.3379,44.98,3.0733,1
184.898,5.4098,2.7418,2.9493,0,0,0.322,0.322,0.322,9.5513,20.3111,-4.343,44.99,9.6253,14.9017,-4.3491,13.31,10.4695,17.7276,-4.3381,44.97,3.0473,1
184.998,5.4085,2.7413,2.9325,0,0,0.324,0.324,0.324,9.558,20.3086,-4.3436,44.98,9.6715,14.9013,-4.3487,14.86,10.4693,17.7232,-4.3383,44.97,3.0217,1
185.098,5.4072,2.7416,2.916,0,0,0.326,0.326,0.326,9.565,20.3062,-4.3445,44.97,9.7172,14.9011,-4.3484,16.36,10.4698,17.7183,-4.3383,44.97,2.9966,1
185.198,5.4064,2.7428,2.8996,0,0,0.328,0.328,0.328,9.572,20.3042,-4.3453,44.95,9.7627,14.9011,-4.3484,17.79,10.4709,17.7129,-4.3382,44.97,2.9718,1
185.298,5.4061,2.745,2.8835,0,0,0.331,0.331,0.331,9.579,20.3023,-4.3458,44.94,9.8078,14.9011,-4.3485,19.16,10.4726,17.7069,-4.3381,44.98,2.9473,1
185.398,5.4062,2.7479,2.8678,0,0,0.333,0.333,0.333,9.5858,20.3008,-4.3461,44.93,9.8526,14.9012,-4.3486,20.47,10.4748,17.7006,-4.3378,44.99,2.9231,1
185.498,5.4065,2.7513,2.8525,0,0,0.335,0.335,0.335,9.592,20.2994,-4.3465,44.91,9.8973,14.9016,-4.3485,21.72,10.4773,17.6944,-4.3371,45.0,2.8988,1
185.598,5.4071,2.7549,2.8377,0,0,0.337,0.337,0.337,9.5978,20.2981,-4.3469,44.91,9.9421,14.9019,-4.3483,22.9,10.4798,17.6882,-4.3365,45.01,2.8745,1
185.698,5.4076,2.7572,2.8239,0,0,0.339,0.339,0.339,9.6048,20.2961,-4.3475,44.91,9.9866,14.9021,-4.3482,24.02,10.4818,17.6822,-4.3362,45.01,2.8506,1
185.798,5.4079,2.759,2.8105,0,0,0.341,0.341,0.341,9.613,20.2938,-4.3482,44.91,10.0312,14.9021,-4.3483,25.09,10.4837,17.6759,-4.3362,45.01,2.8269,1
185.898,5.4085,2.7607,2.7975,0,0,0.343,0.343,0.343,9.6216,20.2916,-4.3489,44.9,10.0759,14.9021,-4.3485,26.11,10.4852,17.6695,-4.3364,45.01,2.8032,1
185.998,5.41,2.7631,2.7847,0,0,0.345,0.345,0.345,9.6306,20.29,-4.3495,44.89,10.1208,14.9022,-4.3487,27.07,10.4865,17.6628,-4.3366,45.0,2.7796,1
186.098,5.4123,2.7657,2.7729,0,0,0.421,0.421,0.421,9.6403,20.2886,-4.3502,44.88,10.1658,14.9019,-4.3486,27.97,10.488,17.656,-4.3367,44.99,2.7563,1
186.198,5.4148,2.7685,2.7617,0,0,0.423,0.423,0.423,9.6514,20.2863,-4.3506,44.88,10.2126,14.9007,-4.3481,28.82,10.4913,17.6483,-4.3369,44.97,2.733,1
186.298,5.417,2.771,2.7511,0,0,0.424,0.424,0.424,9.6643,20.2828,-4.3507,44.89,10.2616,14.8989,-4.3475,29.63,10.4969,17.6399,-4.3369,44.97,2.7096,1
186.398,5.419,2.7735,2.7409,0,0,0.426,0.426,0.426,9.6784,20.2783,-4.3507,44.91,10.3122,14.8966,-4.3471,30.4,10.5043,17.6307,-4.3368,44.97,2.6859,1
186.498,5.4217,2.7764,2.7315,0,0,0.428,0.428,0.428,9.6933,20.2739,-4.3507,44.93,10.3637,14.8938,-4.3467,31.14,10.5127,17.6212,-4.337,44.96,2.6625,1
186.598,5.4253,2.7807,2.7222,0,0,0.429,0.429,0.429,9.7083,20.27,-4.3505,44.94,10.4158,14.8911,-4.3464,31.84,10.5222,17.6111,-4.3375,44.97,2.6391,1
186.698,5.43,2.7863,2.7131,0,0,0.431,0.431,0.431,9.7231,20.2668,-4.3507,44.96,10.4689,14.8883,-4.346,32.51,10.5321,17.6006,-4.3382,44.97,2.6154,1
186.798,5.4357,2.7917,2.7053,0,0,0.432,0.432,0.432,9.7378,20.2638,-4.351,44.99,10.5226,14.8851,-4.3456,33.13,10.5418,17.5904,-4.339,44.96,2.5916,1
186.898,5.4416,2.7966,2.6987,0,0,0.434,0.434,0.434,9.7531,20.2608,-4.3512,45.0,10.5764,14.8818,-4.3456,33.73,10.5508,17.5804,-4.34,44.95,2.5679,1
186.998,5.4479,2.8012,2.693,0,0,0.435,0.435,0.435,9.7686,20.2579,-4.3514,45.01,10.6303,14.8787,-4.3459,34.29,10.5593,17.5707,-4.3408,44.95,2.5441,1
187.098,5.4546,2.8058,2.6883,0,0,0.436,0.436,0.436,9.7832,20.2552,-4.3518,45.01,10.6843,14.8755,-4.3462,34.84,10.5676,17.5613,-4.3416,44.95,2.5202,1
187.198,5.4617,2.8102,2.6847,0,0,0.438,0.438,0.438,9.7972,20.2526,-4.3522,45.02,10.7384,14.8726,-4.3467,35.36,10.5757,17.5523,-4.3422,44.96,2.4961,1
187.298,5.4693,2.8144,2.6824,0,0,0.439,0.439,0.439,9.8101,20.2502,-4.3527,45.02,10.792,14.8697,-4.3475,35.87,10.5828,17.5439,-4.3426,44.97,2.472,1
187.398,5.4771,2.8179,2.6814,0,0,0.44,0.44,0.44,9.8217,20.2475,-4.3529,45.03,10.8455,14.867,-4.3482,36.36,10.5891,17.536,-4.3431,44.98,2.4474,1
187.498,5.4855,2.8213,2.6819,0,0,0.441,0.441,0.441,9.8322,20.2452,-4.3534,45.04,10.8989,14.8643,-4.349,36.82,10.5949,17.529,-4.3436,44.99,2.4229,1
187.598,5.4949,2.8243,2.6842,0,0,0.443,0.443,0.443,9.8416,20.2432,-4.3537,45.06,10.952,14.8616,-4.3496,37.25,10.6001,17.5227,-4.3439,44.99,2.3984,1
187.698,5.5042,2.8273,2.687,0,0,0.444,0.444,0.444,9.8504,20.2409,-4.3537,45.06,11.0048,14.8591,-4.3497,37.65,10.6048,17.5161,-4.3439,44.98,2.3738,1
187.798,5.5134,2.8302,2.6902,0,0,0.445,0.445,0.445,9.8582,20.2385,-4.3534,45.05,11.0571,14.857,-4.3495,38.03,10.6089,17.5096,-4.3436,44.99,2.3489,1
187.898,5.5231,2.8333,2.6945,0,0,0.446,0.446,0.446,9.8657,20.2364,-4.3528,45.03,11.1095,14.8551,-4.349,38.36,10.6124,17.5033,-4.3433,45.0,2.324,1
187.998,5.5332,2.8361,2.6997,0,0,0.447,0.447,0.447,9.8726,20.2343,-4.3523,45.03,11.1618,14.8534,-4.3487,38.69,10.6157,17.4973,-4.3433,45.0,2.299,1
188.098,5.5431,2.8385,2.7059,0,0,0.448,0.448,0.448,9.8792,20.2318,-4.3521,45.03,11.2137,14.8517,-4.3484,38.99,10.6188,17.4914,-4.3435,44.99,2.2741,1
188.198,5.5523,2.8405,2.7121,0,0,0.448,0.448,0.448,9.8858,20.2289,-4.3521,45.03,11.2649,14.8507,-4.3481,39.28,10.6214,17.4854,-4.3436,44.97,2.2493,1
188.298,5.5602,2.842,2.7182,0,0,0.449,0.449,0.449,9.892,20.2258,-4.3521,45.03,11.3149,14.8508,-4.3477,39.55,10.6237,17.4797,-4.3436,44.97,2.2246,1
188.398,5.5669,2.8426,2.7245,0,0,0.45,0.45,0.45,9.898,20.2225,-4.3518,45.04,11.3638,14.8521,-4.3479,39.82,10.6253,17.4745,-4.3435,44.96,2.1998,1
188.498,5.5724,2.8428,2.7304,0,0,0.451,0.451,0.451,9.9038,20.2194,-4.3513,45.04,11.4113,14.8548,-4.3484,40.07,10.6268,17.47,-4.3439,44.96,2.1754,1
188.598,5.5764,2.8427,2.7355,0,0,0.451,0.451,0.451,9.9095,20.2164,-4.3509,45.05,11.4571,14.8591,-4.3489,40.3,10.6282,17.466,-4.3442,44.97,2.1513,1
188.698,5.5789,2.8423,2.7399,0,0,0.452,0.452,0.452,9.9148,20.2136,-4.3505,45.04,11.5012,14.8649,-4.3494,40.54,10.6295,17.4625,-4.3445,44.97,2.1275,1
188.798,5.5799,2.8422,2.7429,0,0,0.453,0.453,0.453,9.9197,20.2109,-4.3501,45.03,11.5438,14.8726,-4.3499,40.77,10.6309,17.4592,-4.3448,44.97,2.1035,1
188.898,5.58,2.8427,2.7447,0,0,0.453,0.453,0.453,9.9239,20.2091,-4.3497,45.02,11.585,14.8821,-4.3506,40.98,10.6321,17.4561,-4.3448,44.97,2.0796,1
188.998,5.5825,2.8439,2.7485,0,0,0.454,0.454,0.454,9.9278,20.2083,-4.3494,45.0,11.6268,14.8906,-4.3513,41.2,10.633,17.4532,-4.3446,44.97,2.056,1
189.098,5.5887,2.846,2.7557,0,0,0.454,0.454,0.454,9.9314,20.2081,-4.3491,44.99,11.6708,14.897,-4.3515,41.42,10.6339,17.4502,-4.3443,44.98,2.0326,1
189.198,5.5981,2.8486,2.766,0,0,0.455,0.455,0.455,9.9345,20.2083,-4.3487,45.0,11.7167,14.9015,-4.3516,41.61,10.6347,17.4471,-4.344,44.98,2.0093,1
189.298,5.6123,2.8539,2.7788,0,0,0.455,0.455,0.455,9.9343,20.2105,-4.3484,44.99,11.7641,14.9049,-4.3515,41.79,10.6356,17.4442,-4.3436,44.99,1.9857,1
189.398,5.6318,2.8629,2.7931,0,0,0.455,0.455,0.455,9.93,20.2155,-4.3483,44.98,11.8123,14.9076,-4.3511,41.95,10.6367,17.4413,-4.3434,45.0,1.9621,1
189.498,5.6534,2.8753,2.8054,0,0,0.456,0.456,0.456,9.9224,20.2228,-4.3482,44.97,11.8522,14.909,-4.3557,42.07,10.6381,17.438,-4.3432,45.02,1.9429,1
189.598,5.6717,2.8872,2.8142,0,0,0.456,0.456,0.456,9.9181,20.2303,-4.3482,44.97,11.8808,14.9091,-4.3669,42.16,10.6397,17.4347,-4.343,45.02,1.9306,1
189.698,5.6853,2.8969,2.8204,0,0,0.456,0.456,0.456,9.9199,20.2374,-4.3484,44.97,11.9001,14.9082,-4.3833,42.21,10.641,17.4316,-4.343,45.03,1.9242,1
189.798,5.6946,2.9045,2.8245,0,0,0.456,0.456,0.456,9.9268,20.244,-4.3486,44.97,11.9126,14.9071,-4.4037,42.25,10.642,17.4289,-4.343,45.03,1.9223,1
189.898,5.7008,2.9106,2.8267,0,0,0.456,0.456,0.456,9.9374,20.25,-4.3486,44.99,11.9197,14.9056,-4.4272,42.27,10.6434,17.4263,-4.3428,45.03,1.9238,1
189.998,5.7049,2.9155,2.828,0,0,0.456,0.456,0.456,9.9505,20.2556,-4.3483,45.01,11.9228,14.9035,-4.4529,42.29,10.6454,17.4241,-4.3422,45.03,1.9282,1
190.098,5.7073,2.9198,2.8283,0,0,0.456,0.456,0.456,9.9657,20.2607,-4.3481,45.02,11.9234,14.9014,-4.4804,42.31,10.6474,17.4216,-4.3418,45.02,1.9342,1
190.198,5.7117,2.924,2.8316,0,0,0.456,0.456,0.456,9.982,20.2659,-4.348,45.05,11.93,14.8989,-4.5034,42.35,10.649,17.419,-4.3415,45.02,1.9379,1
190.298,5.7144,2.9278,2.8342,0,0,0.456,0.456,0.456,9.9994,20.2712,-4.3481,45.06,11.9406,14.8994,-4.5191,42.41,10.6505,17.4167,-4.3415,45.02,1.9385,1
190.398,5.7131,2.9315,2.8334,0,0,0.456,0.456,0.456,10.0172,20.2764,-4.3485,45.05,11.9521,14.9039,-4.5286,42.49,10.6522,17.4145,-4.3413,45.03,1.9366,1
190.498,5.7094,2.9358,2.8295,0,0,0.456,0.456,0.456,10.0343,20.2822,-4.3488,45.05,11.9639,14.9119,-4.533,42.57,10.6543,17.4127,-4.3411,45.04,1.9328,1
190.598,5.7037,2.9409,2.8226,0,0,0.455,0.455,0.455,10.0502,20.2885,-4.3486,45.05,11.9755,14.9227,-4.5334,42.65,10.6565,17.4108,-4.3411,45.04,1.9274,1
190.698,5.6964,2.9465,2.8138,0,0,0.455,0.455,0.455,10.0651,20.2953,-4.3485,45.06,11.9872,14.9361,-4.5308,42.74,10.6582,17.4091,-4.3418,45.04,1.9204,1
190.798,5.6879,2.9529,2.8034,0,0,0.455,0.455,0.455,10.0796,20.3028,-4.3483,45.07,11.9991,14.9515,-4.526,42.85,10.6598,17.4074,-4.3425,45.04,1.9122,1
190.898,5.6782,2.9596,2.7917,0,0,0.454,0.454,0.454,10.0938,20.3106,-4.3479,45.08,12.0112,14.9687,-4.5198,42.94,10.6613,17.4059,-4.3431,45.04,1.9032,1
190.998,5.6679,2.9669,2.7791,0,0,0.454,0.454,0.454,10.1074,20.3191,-4.3479,45.07,12.0233,14.9873,-4.5126,43.03,10.6625,17.4046,-4.3439,45.04,1.8933,1
191.098,5.6567,2.9739,2.7659,0,0,0.453,0.453,0.453,10.1201,20.3275,-4.3481,45.06,12.0353,15.0072,-4.5047,43.12,10.6637,17.4037,-4.345,45.04,1.8828,1
191.198,5.6452,2.9811,2.7524,0,0,0.453,0.453,0.453,10.1318,20.3364,-4.3481,45.05,12.0473,15.0281,-4.4968,43.19,10.6646,17.4033,-4.3459,45.04,1.8717,1
191.298,5.6338,2.9881,2.7395,0,0,0.452,0.452,0.452,10.1425,20.3456,-4.3484,45.03,12.0598,15.0499,-4.4887,43.28,10.6651,17.4036,-4.3465,45.04,1.8599,1
191.398,5.6226,2.9952,2.727,0,0,0.452,0.452,0.452,10.1523,20.3551,-4.3489,45.02,12.0731,15.0724,-4.4805,43.36,10.6655,17.4042,-4.3469,45.05,1.8474,1
191.498,5.6115,3.0026,2.7145,0,0,0.451,0.451,0.451,10.1615,20.3646,-4.3493,45.0,12.0873,15.0954,-4.4727,43.44,10.6661,17.4047,-4.347,45.07,1.8341,1
191.598,5.5997,3.0103,2.7015,0,0,0.45,0.45,0.45,10.1705,20.3738,-4.3498,45.0,12.1017,15.1189,-4.4655,43.52,10.6668,17.4047,-4.3472,45.07,1.8203,1
191.698,5.5877,3.0177,2.6886,0,0,0.449,0.449,0.449,10.1786,20.3827,-4.3499,44.99,12.116,15.1427,-4.4584,43.6,10.6671,17.4048,-4.3474,45.07,1.8061,1
191.798,5.5758,3.0244,2.6769,0,0,0.448,0.448,0.448,10.1861,20.3916,-4.3496,44.99,12.1307,15.1669,-4.4513,43.67,10.6667,17.4056,-4.3474,45.06,1.7915,1
191.898,5.5642,3.0314,2.666,0,0,0.448,0.448,0.448,10.1936,20.4007,-4.3493,44.99,12.1461,15.1911,-4.4445,43.75,10.666,17.4064,-4.3475,45.05,1.7764,1
191.998,5.5549,3.0401,2.6551,0,0,0.447,0.447,0.447,10.1971,20.4107,-4.3489,45.0,12.162,15.2157,-4.4379,43.84,10.6654,17.4069,-4.3475,45.06,1.7604,1
192.098,5.5488,3.0509,2.6444,0,0,0.347,0.347,0.347,10.1951,20.4219,-4.3484,45.01,12.178,15.2401,-4.4317,43.93,10.6651,17.4073,-4.3476,45.07,1.7433,1
192.198,5.5462,3.0634,2.6352,0,0,0.346,0.346,0.346,10.187,20.4357,-4.348,45.02,12.1929,15.2655,-4.4258,44.0,10.6625,17.4094,-4.3481,45.07,1.7255,1
192.298,5.5466,3.0779,2.6266,0,0,0.345,0.345,0.345,10.1728,20.4526,-4.3477,45.03,12.2059,15.2925,-4.4199,44.08,10.6577,17.4132,-4.3487,45.07,1.707,1
192.398,5.5504,3.0942,2.6191,0,0,0.343,0.343,0.343,10.1535,20.4724,-4.347,45.04,12.2178,15.3207,-4.414,44.14,10.6509,17.4184,-4.3492,45.08,1.688,1
192.498,5.5572,3.1127,2.6126,0,0,0.342,0.342,0.342,10.1306,20.4951,-4.3463,45.05,12.2291,15.3497,-4.4083,44.2,10.6429,17.4248,-4.3492,45.08,1.6687,1
192.598,5.5619,3.1287,2.6079,0,0,0.341,0.341,0.341,10.1115,20.5173,-4.3453,45.06,12.2405,15.3793,-4.403,44.24,10.6334,17.4325,-4.3494,45.07,1.6498,1
192.698,5.5616,3.14,2.6048,0,0,0.34,0.34,0.34,10.0995,20.5369,-4.3443,45.07,12.2524,15.4091,-4.398,44.28,10.6231,17.4409,-4.3496,45.07,1.6316,1
192.798,5.5563,3.1472,2.6023,0,0,0.338,0.338,0.338,10.094,20.5535,-4.3429,45.07,12.2649,15.439,-4.3936,44.3,10.6129,17.4493,-4.3499,45.07,1.6139,1
192.898,5.5475,3.1519,2.6004,0,0,0.337,0.337,0.337,10.0938,20.5679,-4.3416,45.08,12.2783,15.4688,-4.3895,44.33,10.6032,17.4574,-4.3497,45.07,1.5965,1
192.998,5.536,3.1549,2.5992,0,0,0.335,0.335,0.335,10.0979,20.5807,-4.341,45.09,12.2929,15.4986,-4.3855,44.36,10.5934,17.4649,-4.3493,45.06,1.5789,1
193.098,5.5225,3.1568,2.5982,0,0,0.334,0.334,0.334,10.1054,20.5922,-4.3409,45.1,12.3083,15.5283,-4.382,44.38,10.5844,17.4719,-4.3489,45.06,1.5616,1
193.198,5.5078,3.1581,2.5977,0,0,0.332,0.332,0.332,10.1157,20.603,-4.3412,45.11,12.3245,15.5577,-4.3789,44.42,10.5761,17.4786,-4.3487,45.06,1.5445,1
193.298,5.4922,3.1594,2.5973,0,0,0.331,0.331,0.331,10.1284,20.6129,-4.3416,45.11,12.3416,15.5865,-4.376,44.45,10.5686,17.4843,-4.3486,45.07,1.5276,1
193.398,5.4762,3.1608,2.5975,0,0,0.329,0.329,0.329,10.1437,20.6224,-4.3418,45.1,12.3596,15.6147,-4.3733,44.47,10.5617,17.4894,-4.3488,45.08,1.5111,1
193.498,5.4589,3.1619,2.5981,0,0,0.328,0.328,0.328,10.1611,20.631,-4.3419,45.09,12.3783,15.6427,-4.3708,44.5,10.5554,17.4938,-4.3494,45.07,1.4946,1
193.598,5.4412,3.1628,2.599,0,0,0.326,0.326,0.326,10.1798,20.6386,-4.3419,45.07,12.3979,15.6701,-4.3687,44.51,10.5499,17.4975,-4.3499,45.08,1.478,1
193.698,5.4242,3.1644,2.6002,0,0,0.324,0.324,0.324,10.1986,20.6461,-4.3419,45.04,12.4186,15.6971,-4.367,44.54,10.5459,17.5008,-4.3506,45.09,1.4615,1
193.798,5.409,3.1672,2.6019,0,0,0.322,0.322,0.322,10.2161,20.6539,-4.3419,45.02,12.4405,15.7234,-4.3658,44.57,10.5429,17.5035,-4.3511,45.09,1.4445,1
193.898,5.3951,3.171,2.604,0,0,0.321,0.321,0.321,10.2329,20.6616,-4.3419,45.02,12.4633,15.7493,-4.3646,44.59,10.5408,17.5056,-4.3514,45.08,1.4273,1
193.998,5.3812,3.1756,2.6057,0,0,0.319,0.319,0.319,10.2495,20.6693,-4.3419,45.02,12.4866,15.7752,-4.3634,44.61,10.5398,17.507,-4.3515,45.08,1.4097,1
194.098,5.368,3.1811,2.6075,0,0,0.317,0.317,0.317,10.2661,20.6773,-4.3416,45.02,12.5104,15.801,-4.3617,44.64,10.5392,17.5079,-4.3517,45.08,1.3922,1
194.198,5.3561,3.1884,2.6089,0,0,0.315,0.315,0.315,10.2829,20.6864,-4.3412,45.02,12.5348,15.8268,-4.3599,44.66,10.5402,17.5085,-4.3518,45.07,1.3749,1
194.298,5.3458,3.1963,2.6112,0,0,0.313,0.313,0.313,10.2997,20.6966,-4.341,45.02,12.5597,15.8521,-4.358,44.67,10.542,17.5095,-4.3515,45.08,1.3582,1
194.398,5.3374,3.2044,2.6154,0,0,0.311,0.311,0.311,10.3157,20.7075,-4.3407,45.04,12.5855,15.8768,-4.3561,44.69,10.5437,17.5113,-4.3513,45.08,1.3415,1
194.498,5.3303,3.2131,2.6205,0,0,0.309,0.309,0.309,10.331,20.7194,-4.3404,45.06,12.612,15.9018,-4.3543,44.73,10.5457,17.5135,-4.3507,45.08,1.3247,1
194.598,5.3242,3.2224,2.6259,0,0,0.307,0.307,0.307,10.3456,20.7318,-4.3402,45.09,12.639,15.9269,-4.3523,44.76,10.5483,17.5158,-4.3499,45.06,1.3077,1
194.698,5.3193,3.2325,2.6309,0,0,0.305,0.305,0.305,10.3595,20.745,-4.3403,45.11,12.6662,15.9519,-4.3507,44.79,10.5524,17.5183,-4.349,45.04,1.291,1
194.798,5.314,3.2431,2.6345,0,0,0.302,0.302,0.302,10.3729,20.7585,-4.3406,45.13,12.6928,15.9776,-4.3495,44.82,10.5575,17.5206,-4.3481,45.02,1.2744,1
194.898,5.3086,3.2535,2.6384,0,0,0.3,0.3,0.3,10.3868,20.7719,-4.3409,45.13,12.7196,16.0034,-4.3483,44.85,10.5629,17.5232,-4.3474,45.0,1.258,1
194.998,5.3026,3.2633,2.6425,0,0,0.298,0.298,0.298,10.4013,20.7848,-4.3413,45.13,12.7463,16.0289,-4.3476,44.88,10.5686,17.5258,-4.3466,44.98,1.2418,1
195.098,5.297,3.2737,2.6467,0,0,0.296,0.296,0.296,10.4157,20.798,-4.3421,45.13,12.7733,16.0546,-4.3471,44.9,10.5748,17.5282,-4.3456,44.97,1.2254,1
195.198,5.2926,3.2845,2.651,0,0,0.293,0.293,0.293,10.4297,20.8117,-4.3427,45.13,12.8013,16.0802,-4.3469,44.9,10.5823,17.5307,-4.3447,44.96,1.2091,1
195.298,5.2888,3.2955,2.6555,0,0,0.291,0.291,0.291,10.4435,20.8256,-4.3428,45.12,12.8301,16.106,-4.3468,44.89,10.5909,17.5334,-4.3442,44.96,1.1925,1
195.398,5.2854,3.3064,2.6606,0,0,0.289,0.289,0.289,10.4573,20.8396,-4.3426,45.11,12.8595,16.1316,-4.3468,44.88,10.5999,17.5363,-4.3437,44.98,1.176,1
195.498,5.2823,3.3173,2.6658,0,0,0.286,0.286,0.286,10.4713,20.8539,-4.3422,45.1,12.8889,16.1574,-4.347,44.87,10.6094,17.5395,-4.3433,44.99,1.1597,1
195.598,5.2791,3.3273,2.6711,0,0,0.284,0.284,0.284,10.4852,20.8682,-4.3422,45.08,12.9185,16.1833,-4.3471,44.86,10.6197,17.5436,-4.3429,45.01,1.1435,1
195.698,5.2764,3.3372,2.6767,0,0,0.281,0.281,0.281,10.4989,20.8829,-4.3424,45.08,12.9484,16.2096,-4.3472,44.85,10.6306,17.5483,-4.3431,45.01,1.1274,1
195.798,5.2741,3.3466,2.6834,0,0,0.279,0.279,0.279,10.5127,20.8976,-4.3422,45.07,12.9787,16.2354,-4.3471,44.84,10.6413,17.5534,-4.3433,45.02,1.1115,1
195.898,5.2717,3.3551,2.691,0,0,0.276,0.276,0.276,10.527,20.9118,-4.3419,45.05,13.0097,16.2613,-4.3468,44.84,10.6523,17.5591,-4.3437,45.04,1.0954,1
195.998,5.2687,3.3626,2.6987,0,0,0.274,0.274,0.274,10.5421,20.9254,-4.3417,45.03,13.0411,16.2871,-4.3465,44.86,10.6642,17.565,-4.3442,45.05,1.0794,1
196.098,5.2653,3.3696,2.7088,0,0,0.271,0.271,0.271,10.5581,20.9382,-4.3415,45.02,13.0732,16.3124,-4.3463,44.87,10.6743,17.5705,-4.3398,45.06,1.0629,1
196.198,5.2615,3.3765,2.7215,0,0,0.269,0.269,0.269,10.5746,20.9506,-4.3413,45.03,13.1056,16.3379,-4.3462,44.88,10.6821,17.5759,-4.3285,45.06,1.0457,1
196.298,5.2568,3.3832,2.7361,0,0,0.266,0.266,0.266,10.5921,20.9628,-4.3411,45.04,13.1379,16.3636,-4.3458,44.9,10.6879,17.581,-4.3119,45.06,1.028,1
196.398,5.2512,3.3905,2.7521,0,0,0.263,0.263,0.263,10.6105,20.9748,-4.3413,45.04,13.1702,16.3898,-4.3455,44.91,10.6921,17.5857,-4.2911,45.06,1.0099,1
196.498,5.2451,3.3978,2.7694,0,0,0.261,0.261,0.261,10.6285,20.9867,-4.3413,45.02,13.2023,16.4165,-4.345,44.92,10.6952,17.5904,-4.2672,45.06,0.9914,1
196.598,5.2386,3.405,2.7876,0,0,0.258,0.258,0.258,10.6461,20.9984,-4.3413,45.01,13.2339,16.4436,-4.3447,44.93,10.6975,17.5953,-4.241,45.06,0.9726,1
196.698,5.2328,3.4131,2.8065,0,0,0.255,0.255,0.255,10.6627,21.0109,-4.3415,45.01,13.2652,16.4711,-4.3443,44.93,10.6993,17.6004,-4.2129,45.06,0.954,1
196.798,5.228,3.4204,2.8254,0,0,0.252,0.252,0.252,10.6788,21.0241,-4.3417,45.0,13.2966,16.4987,-4.3439,44.94,10.7023,17.6072,-4.1895,45.06,0.9359,1
196.898,5.2232,3.4264,2.8422,0,0,0.249,0.249,0.249,10.6945,21.0375,-4.342,45.0,13.328,16.5268,-4.3435,44.95,10.708,17.6153,-4.1733,45.05,0.9184,1
196.998,5.2181,3.4309,2.8571,0,0,0.247,0.247,0.247,10.7098,21.0507,-4.3424,44.99,13.3593,16.5552,-4.3434,44.97,10.7159,17.6245,-4.1632,45.05,0.9014,1
197.098,5.2128,3.4347,2.8704,0,0,0.244,0.244,0.244,10.7254,21.0639,-4.3425,44.98,13.3902,16.5837,-4.3434,44.97,10.7254,17.6342,-4.1579,45.04,0.8849,1
197.198,5.2074,3.4378,2.8828,0,0,0.241,0.241,0.241,10.7412,21.0774,-4.3431,44.96,13.421,16.6124,-4.3436,44.97,10.7358,17.6446,-4.1564,45.04,0.8688,1
197.298,5.2016,3.4413,2.8936,0,0,0.238,0.238,0.238,10.7571,21.0914,-4.3439,44.94,13.4514,16.642,-4.3439,44.97,10.7474,17.6552,-4.1578,45.03,0.8529,1
197.398,5.1961,3.4451,2.903,0,0,0.235,0.235,0.235,10.7728,21.106,-4.3444,44.92,13.4818,16.6719,-4.3441,44.97,10.7603,17.6657,-4.1615,45.04,0.8371,1
197.498,5.1906,3.4487,2.9122,0,0,0.232,0.232,0.232,10.7879,21.1204,-4.3448,44.91,13.5121,16.7022,-4.3442,44.97,10.7733,17.6763,-4.1668,45.04,0.8209,1
197.598,5.1857,3.4515,2.9221,0,0,0.229,0.229,0.229,10.8021,21.1348,-4.3451,44.89,13.5426,16.7325,-4.3445,44.97,10.7863,17.6877,-4.1734,45.05,0.8046,1
197.698,5.1807,3.454,2.9319,0,0,0.226,0.226,0.226,10.8166,21.1494,-4.3454,44.88,13.5731,16.7628,-4.3451,44.97,10.7997,17.6993,-4.1804,45.05,0.7886,1
197.798,5.1747,3.4558,2.9412,0,0,0.223,0.223,0.223,10.832,21.1636,-4.3457,44.87,13.6031,16.7933,-4.3456,44.98,10.8133,17.7114,-4.1878,45.06,0.773,1
197.898,5.1683,3.4568,2.95,0,0,0.22,0.22,0.22,10.8477,21.1775,-4.346,44.85,13.6326,16.8237,-4.3457,44.98,10.8274,17.7241,-4.1956,45.06,0.7579,1
197.998,5.1621,3.4577,2.9587,0,0,0.217,0.217,0.217,10.8632,21.1917,-4.3462,44.85,13.662,16.8542,-4.3456,44.98,10.8416,17.737,-4.2036,45.06,0.7429,1
198.098,5.1561,3.4589,2.9677,0,0,0.194,0.194,0.194,10.8786,21.2057,-4.3463,44.85,13.6917,16.8846,-4.3456,44.99,10.8559,17.7495,-4.2119,45.06,0.7276,1
198.198,5.1509,3.4596,2.977,0,0,0.191,0.191,0.191,10.8944,21.2198,-4.3464,44.86,13.7228,16.9149,-4.3453,44.99,10.8718,17.7626,-4.2201,45.05,0.7124,1
198.298,5.1461,3.4588,2.9868,0,0,0.188,0.188,0.188,10.9107,21.2338,-4.3464,44.86,13.7549,16.9451,-4.3452,45.0,10.8887,17.777,-4.2286,45.03,0.6974,1
198.398,5.1418,3.4573,2.9975,0,0,0.185,0.185,0.185,10.9277,21.2481,-4.3467,44.85,13.7877,16.9751,-4.345,45.0,10.9059,17.7926,-4.2369,45.03,0.6828,1
198.498,5.1375,3.4559,3.0082,0,0,0.182,0.182,0.182,10.9464,21.2627,-4.3472,44.85,13.8213,17.0049,-4.3447,45.0,10.9241,17.8083,-4.2448,45.02,0.6687,1
198.598,5.1335,3.4553,3.0187,0,0,0.179,0.179,0.179,10.9657,21.2775,-4.3477,44.85,13.8558,17.0348,-4.3444,45.0,10.9435,17.8236,-4.2523,45.0,0.6545,1
198.698,5.1303,3.455,3.0287,0,0,0.176,0.176,0.176,10.9847,21.2924,-4.3479,44.86,13.8909,17.0645,-4.3444,44.99,10.9639,17.8385,-4.2595,44.98,0.6402,1
198.798,5.1272,3.455,3.0384,0,0,0.173,0.173,0.173,11.004,21.3073,-4.3485,44.85,13.9262,17.0943,-4.3447,45.0,10.9852,17.8533,-4.2665,44.96,0.626,1
198.898,5.1247,3.4557,3.0481,0,0,0.169,0.169,0.169,11.0233,21.3225,-4.3491,44.85,13.9619,17.124,-4.3452,45.0,11.0069,17.8677,-4.273,44.94,0.6119,1
198.998,5.1234,3.4574,3.0575,0,0,0.166,0.166,0.166,11.0424,21.3385,-4.3499,44.86,13.9977,17.1534,-4.3458,44.99,11.029,17.8818,-4.2792,44.92,0.598,1
199.098,5.1218,3.4616,3.0689,0,0,0.163,0.163,0.163,11.0618,21.3554,-4.3508,44.87,14.0329,17.1834,-4.3465,44.97,11.0483,17.8945,-4.2795,44.9,0.5835,1
199.198,5.1207,3.4687,3.084,0,0,0.16,0.16,0.16,11.0812,21.373,-4.3516,44.89,14.068,17.2136,-4.3472,44.96,11.0635,17.9052,-4.2719,44.9,0.5677,1
199.298,5.1202,3.4784,3.1022,0,0,0.157,0.157,0.157,11.1004,21.3915,-4.352,44.9,14.1028,17.244,-4.3477,44.95,11.0752,17.9144,-4.2581,44.89,0.5513,1
199.398,5.1202,3.49,3.1232,0,0,0.154,0.154,0.154,11.1196,21.4105,-4.3519,44.91,14.1375,17.2743,-4.3477,44.95,11.0843,17.9225,-4.2394,44.88,0.5344,1
199.498,5.1201,3.5033,3.1458,0,0,0.15,0.15,0.15,11.1387,21.4298,-4.3515,44.92,14.1723,17.3051,-4.3477,44.97,11.0918,17.9294,-4.217,44.87,0.5169,1
199.598,5.1196,3.5174,3.1701,0,0,0.147,0.147,0.147,11.1579,21.449,-4.3507,44.93,14.2067,17.3363,-4.3475,44.98,11.0977,17.9357,-4.1916,44.87,0.4991,1
199.698,5.1192,3.5319,3.1968,0,0,0.144,0.144,0.144,11.1769,21.4678,-4.3501,44.93,14.2413,17.3671,-4.3474,44.97,11.1019,17.9416,-4.1639,44.86,0.4811,1
199.798,5.1192,3.5449,3.2223,0,0,0.141,0.141,0.141,11.1956,21.4865,-4.3496,44.94,14.276,17.3979,-4.3473,44.97,11.1079,17.9489,-4.1412,44.85,0.4639,1
199.898,5.1191,3.5547,3.2449,0,0,0.138,0.138,0.138,11.2139,21.505,-4.3491,44.95,14.3104,17.4287,-4.3471,44.96,11.1167,17.9586,-4.1262,44.83,0.4477,1
199.998,5.1187,3.5617,3.2644,0,0,0.134,0.134,0.134,11.2321,21.5233,-4.3487,44.96,14.3441,17.4592,-4.3471,44.94,11.1282,17.9707,-4.1175,44.81,0.4328,1
200.098,5.1178,3.5664,3.28,0,0,0.131,0.131,0.131,11.2499,21.5412,-4.3483,44.97,14.377,17.4898,-4.3469,44.93,11.1428,17.9841,-4.1136,44.8,0.4187,1
200.198,5.1164,3.5696,3.2925,0,0,0.128,0.128,0.128,11.2674,21.559,-4.3482,44.98,14.409,17.5207,-4.3465,44.92,11.1598,17.9988,-4.1137,44.8,0.4053,1
200.298,5.1153,3.5719,3.3032,0,0,0.125,0.125,0.125,11.2843,21.5772,-4.3481,45.0,14.4408,17.5519,-4.346,44.92,11.1782,18.0144,-4.117,44.81,0.392,1
200.398,5.1141,3.574,3.3123,0,0,0.122,0.122,0.122,11.3011,21.5959,-4.3481,45.0,14.4721,17.5835,-4.3454,44.92,11.1976,18.0305,-4.123,44.82,0.3791,1
200.498,5.1124,3.5747,3.3211,0,0,0.118,0.118,0.118,11.318,21.6142,-4.3483,45.01,14.5033,17.6154,-4.3448,44.92,11.2173,18.0475,-4.131,44.83,0.366,1
200.598,5.1103,3.5736,3.3289,0,0,0.115,0.115,0.115,11.335,21.632,-4.3484,45.02,14.5341,17.647,-4.3443,44.92,11.238,18.0658,-4.14,44.84,0.3536,1
200.698,5.1078,3.5717,3.3357,0,0,0.112,0.112,0.112,11.3522,21.6494,-4.3484,45.03,14.5648,17.6784,-4.3438,44.92,11.2596,18.0844,-4.1499,44.84,0.3415,1
200.798,5.1047,3.5699,3.3417,0,0,0.109,0.109,0.109,11.3699,21.667,-4.348,45.03,14.595,17.7101,-4.3433,44.92,11.2815,18.1031,-4.1602,44.84,0.3298,1
200.898,5.1018,3.5673,3.3473,0,0,0.106,0.106,0.106,11.3881,21.6848,-4.3475,45.03,14.6249,17.7413,-4.343,44.93,11.3039,18.1229,-4.171,44.84,0.3188,1
200.998,5.0994,3.564,3.3534,0,0,0.102,0.102,0.102,11.4065,21.7026,-4.347,45.02,14.6551,17.772,-4.343,44.93,11.3263,18.1433,-4.1819,44.84,0.3084,1
201.098,5.0965,3.5607,3.3595,0,0,0.099,0.099,0.099,11.4259,21.7204,-4.3464,45.03,14.6853,17.8024,-4.3433,44.94,11.3487,18.1638,-4.1927,44.84,0.2983,1
201.198,5.0942,3.5579,3.3654,0,0,0.096,0.096,0.096,11.4457,21.739,-4.346,45.03,14.7154,17.8327,-4.3436,44.94,11.3714,18.1848,-4.2033,44.85,0.2888,1
201.298,5.0933,3.5552,3.3715,0,0,0.093,0.093,0.093,11.4656,21.7586,-4.3457,45.03,14.7456,17.8621,-4.3438,44.95,11.3943,18.2066,-4.2134,44.87,0.2804,1
201.398,5.0932,3.553,3.3775,0,0,0.09,0.09,0.09,11.4861,21.779,-4.3454,45.03,14.7758,17.8908,-4.3441,44.94,11.4174,18.2288,-4.2229,44.89,0.2729,1
201.498,5.0935,3.5512,3.3833,0,0,0.087,0.087,0.087,11.5067,21.7999,-4.345,45.03,14.8056,17.919,-4.3443,44.94,11.4405,18.251,-4.2319,44.9,0.266,1
201.598,5.0935,3.5501,3.3891,0,0,0.084,0.084,0.084,11.5279,21.8209,-4.3447,45.04,14.8353,17.9473,-4.3445,44.93,11.4635,18.2729,-4.2401,44.91,0.2592,1
201.698,5.0935,3.5492,3.3951,0,0,0.081,0.081,0.081,11.5491,21.842,-4.3443,45.06,14.8648,17.9755,-4.3446,44.93,11.4861,18.2946,-4.248,44.92,0.2525,1
201.798,5.0939,3.5481,3.401,0,0,0.078,0.078,0.078,11.5702,21.8632,-4.344,45.08,14.8944,18.0035,-4.3445,44.93,11.5089,18.3167,-4.2557,44.92,0.2461,1
201.898,5.094,3.5464,3.4068,0,0,0.075,0.075,0.075,11.5915,21.8841,-4.3438,45.08,14.924,18.0314,-4.3446,44.94,11.5321,18.3392,-4.263,44.93,0.2398,1
201.998,5.094,3.544,3.4124,0,0,0.072,0.072,0.072,11.6133,21.9049,-4.3435,45.08,14.9534,18.0589,-4.3445,44.95,11.5554,18.3622,-4.2696,44.93,0.2341,1
202.098,5.0936,3.5412,3.4178,0,0,0.069,0.069,0.069,11.6351,21.9257,-4.3431,45.07,14.9824,18.0864,-4.3442,44.96,11.5785,18.3856,-4.2757,44.94,0.2287,1
202.198,5.0921,3.5384,3.423,0,0,0.066,0.066,0.066,11.6572,21.9464,-4.3427,45.07,15.011,18.1147,-4.3436,44.98,11.6012,18.409,-4.2815,44.96,0.2229,1
202.298,5.0902,3.5362,3.4285,0,0,0.063,0.063,0.063,11.6795,21.9677,-4.3426,45.07,15.0389,18.1435,-4.3429,45.01,11.6231,18.4324,-4.2869,44.98,0.2172,1
202.398,5.0886,3.5347,3.4347,0,0,0.06,0.06,0.06,11.7017,21.9894,-4.3426,45.08,15.0667,18.1722,-4.3426,45.03,11.6441,18.4556,-4.2921,45.0,0.2114,1
202.498,5.0872,3.5336,3.4409,0,0,0.057,0.057,0.057,11.7235,22.0111,-4.3426,45.09,15.0939,18.2005,-4.3425,45.04,11.6646,18.4782,-4.2972,45.0,0.2058,1
202.598,5.0856,3.533,3.4458,0,0,0.055,0.055,0.055,11.7452,22.0325,-4.3426,45.1,15.1201,18.2281,-4.3426,45.06,11.6853,18.5003,-4.3021,45.0,0.2008,1
202.698,5.0845,3.5329,3.4497,0,0,0.052,0.052,0.052,11.7663,22.0543,-4.3425,45.1,15.1455,18.2553,-4.3429,45.07,11.7063,18.5222,-4.3065,44.99,0.1962,1
202.798,5.0831,3.5327,3.4533,0,0,0.049,0.049,0.049,11.7875,22.0761,-4.3425,45.09,15.1704,18.2821,-4.3432,45.08,11.7273,18.544,-4.3105,44.98,0.192,1
202.898,5.0816,3.5331,3.4566,0,0,0.046,0.046,0.046,11.8087,22.0978,-4.3428,45.09,15.195,18.309,-4.3432,45.09,11.7481,18.5654,-4.3142,44.98,0.1877,1
202.998,5.0805,3.5342,3.4601,0,0,0.044,0.044,0.044,11.8294,22.1199,-4.3431,45.09,15.2193,18.3358,-4.3432,45.1,11.7684,18.5863,-4.3176,44.97,0.1834,1
203.098,5.08,3.5363,3.4635,0,0,0.041,0.041,0.041,11.8498,22.1422,-4.3437,45.09,15.2437,18.3623,-4.3431,45.1,11.7889,18.6065,-4.3204,44.97,0.1791,1
203.198,5.08,3.5387,3.4667,0,0,0.039,0.039,0.039,11.8699,22.1646,-4.3445,45.09,15.2679,18.3884,-4.3429,45.1,11.8095,18.6264,-4.3229,44.96,0.1749,1
203.298,5.08,3.5405,3.4699,0,0,0.036,0.036,0.036,11.89,22.187,-4.3453,45.1,15.2917,18.4142,-4.3428,45.1,11.8297,18.6471,-4.325,44.96,0.1714,1
203.398,5.08,3.5423,3.4735,0,0,0.034,0.034,0.034,11.9104,22.2095,-4.3462,45.11,15.3155,18.4396,-4.3428,45.09,11.8496,18.6678,-4.3272,44.94,0.168,1
203.498,5.0796,3.5442,3.4772,0,0,0.032,0.032,0.032,11.9311,22.2318,-4.3466,45.12,15.339,18.4649,-4.3429,45.09,11.8691,18.6882,-4.3293,44.93,0.1647,1
203.598,5.0783,3.5429,3.4806,0,0,0.03,0.03,0.03,11.9489,22.251,-4.3467,45.12,15.3623,18.4909,-4.343,45.08,11.8886,18.7086,-4.331,44.9,0.1597,1
203.698,5.0766,3.5374,3.484,0,0,0.028,0.028,0.028,11.9627,22.2663,-4.3467,45.12,15.3858,18.5174,-4.3432,45.08,11.9082,18.7293,-4.3327,44.88,0.1527,1
203.798,5.0753,3.5284,3.4881,0,0,0.026,0.026,0.026,11.9731,22.2783,-4.3464,45.13,15.41,18.5439,-4.3434,45.09,11.928,18.7502,-4.3342,44.86,0.1443,1
203.898,5.0747,3.516,3.4931,0,0,0.024,0.024,0.024,11.9809,22.288,-4.3464,45.13,15.4346,18.5698,-4.3436,45.09,11.9474,18.7721,-4.3354,44.85,0.1355,1
203.998,5.0745,3.5007,3.4982,0,0,0.023,0.023,0.023,11.9867,22.2955,-4.3466,45.14,15.4594,18.5953,-4.3438,45.1,11.9668,18.7949,-4.3364,44.83,0.1264,1
204.098,5.0752,3.4833,3.5037,0,0,0.107,0.107,0.107,11.9906,22.3014,-4.347,45.15,15.4847,18.6205,-4.3442,45.09,11.9866,18.8181,-4.3375,44.81,0.1173,1
204.198,5.0761,3.4653,3.5091,0,0,0.108,0.108,0.108,11.9924,22.3065,-4.3474,45.14,15.5091,18.6459,-4.3448,45.08,12.0055,18.8412,-4.3388,44.79,0.1081,1
204.298,5.0763,3.4495,3.5139,0,0,0.109,0.109,0.109,11.9961,22.3141,-4.3476,45.14,15.5318,18.6716,-4.3454,45.05,12.0233,18.8648,-4.3397,44.78,0.1004,1
204.398,5.076,3.4377,3.5181,0,0,0.11,0.11,0.11,12.0031,22.3256,-4.3479,45.13,15.5532,18.6976,-4.346,45.03,12.0403,18.8881,-4.3404,44.78,0.0983,1
204.498,5.0748,3.4288,3.5221,0,0,0.111,0.111,0.111,12.0125,22.34,-4.3484,45.12,15.5736,18.7243,-4.3465,45.02,12.0565,18.9114,-4.341,44.79,0.1003,1
204.598,5.0735,3.4226,3.5259,0,0,0.112,0.112,0.112,12.0241,22.3572,-4.3492,45.11,15.5935,18.7518,-4.347,45.02,12.0723,18.9349,-4.3416,44.79,0.1011,1
204.698,5.0723,3.4186,3.5299,0,0,0.113,0.113,0.113,12.038,22.377,-4.3498,45.11,15.6138,18.7795,-4.3479,45.02,12.0884,18.9588,-4.3422,44.79,0.101,1
204.798,5.0715,3.4163,3.5339,0,0,0.114,0.114,0.114,12.0537,22.3987,-4.3501,45.11,15.6342,18.8071,-4.3489,45.02,12.1047,18.9828,-4.3423,44.8,0.1003,1
204.898,5.071,3.4159,3.5378,0,0,0.115,0.115,0.115,12.0708,22.4218,-4.3503,45.1,15.6547,18.8342,-4.3498,45.02,12.1211,19.0062,-4.3423,44.81,0.099,1
204.998,5.0701,3.4175,3.5404,0,0,0.116,0.116,0.116,12.0894,22.4459,-4.3503,45.1,15.6747,18.8611,-4.3507,45.01,12.1382,19.0288,-4.3421,44.83,0.0969,1
205.098,5.0692,3.4202,3.5426,0,0,0.117,0.117,0.117,12.109,22.4708,-4.3504,45.08,15.6948,18.8877,-4.3514,45.0,12.156,19.0509,-4.3422,44.84,0.0942,1
205.198,5.0682,3.4232,3.5451,0,0,0.119,0.119,0.119,12.1294,22.4956,-4.3506,45.07,15.7153,18.9139,-4.3515,44.99,12.1737,19.0727,-4.3426,44.84,0.0916,1
205.298,5.068,3.4269,3.5477,0,0,0.12,0.12,0.12,12.1504,22.5207,-4.3508,45.04,15.7361,18.9392,-4.3515,44.98,12.1918,19.0941,-4.3434,44.85,0.0888,1
205.398,5.0687,3.4312,3.5503,0,0,0.121,0.121,0.121,12.1716,22.5461,-4.351,45.02,15.7571,18.9633,-4.3513,44.97,12.21,19.1151,-4.3443,44.87,0.0861,1
205.498,5.0704,3.4356,3.5539,0,0,0.122,0.122,0.122,12.193,22.5711,-4.3513,45.01,15.7787,18.9862,-4.3507,44.96,12.228,19.1357,-4.3449,44.87,0.0836,1
205.598,5.0721,3.4398,3.5574,0,0,0.123,0.123,0.123,12.2147,22.5958,-4.3517,45.02,15.8005,19.0087,-4.3501,44.95,12.2462,19.1562,-4.3455,44.88,0.0813,1
205.698,5.074,3.4436,3.5607,0,0,0.124,0.124,0.124,12.2365,22.6201,-4.3523,45.05,15.8226,19.0304,-4.3497,44.94,12.2649,19.1767,-4.3462,44.9,0.0795,1
205.798,5.0761,3.4475,3.5644,0,0,0.126,0.126,0.126,12.2587,22.6445,-4.3528,45.06,15.8448,19.0519,-4.3491,44.92,12.2833,19.1971,-4.3468,44.92,0.0778,1
205.898,5.0777,3.4515,3.5683,0,0,0.127,0.127,0.127,12.2811,22.6689,-4.3529,45.08,15.8671,19.0739,-4.3485,44.9,12.3017,19.2174,-4.3474,44.94,0.076,1
205.998,5.079,3.4552,3.5729,0,0,0.128,0.128,0.128,12.3041,22.6932,-4.353,45.09,15.8898,19.0961,-4.3483,44.89,12.3197,19.238,-4.348,44.96,0.0744,1
206.098,5.0796,3.4587,3.5775,0,0,0.129,0.129,0.129,12.3276,22.7171,-4.353,45.09,15.9126,19.1185,-4.3482,44.89,12.3378,19.2584,-4.3484,44.98,0.0739,1
206.198,5.0808,3.4626,3.5821,0,0,0.13,0.13,0.13,12.3511,22.7411,-4.3527,45.08,15.9357,19.1403,-4.3479,44.9,12.3562,19.2785,-4.3487,44.99,0.0746,1
206.298,5.0828,3.4672,3.587,0,0,0.132,0.132,0.132,12.3744,22.765,-4.3523,45.08,15.959,19.1615,-4.3477,44.9,12.3746,19.2979,-4.3492,45.0,0.0756,1
206.398,5.0851,3.4712,3.5919,0,0,0.133,0.133,0.133,12.3974,22.7886,-4.352,45.09,15.9825,19.1823,-4.3476,44.9,12.3932,19.3174,-4.3498,45.0,0.0768,1
206.498,5.0865,3.475,3.5965,0,0,0.134,0.134,0.134,12.4206,22.8118,-4.3516,45.09,16.0058,19.2037,-4.3473,44.91,12.4118,19.3368,-4.3504,45.0,0.0775,1
206.598,5.0873,3.479,3.6008,0,0,0.135,0.135,0.135,12.444,22.8348,-4.3511,45.08,16.0293,19.2256,-4.3468,44.92,12.4308,19.3559,-4.3507,44.99,0.0777,1
206.698,5.0884,3.4827,3.6054,0,0,0.136,0.136,0.136,12.4679,22.8579,-4.3506,45.06,16.0531,19.247,-4.3461,44.92,12.45,19.3752,-4.3507,44.98,0.0784,1
206.798,5.0895,3.4866,3.6101,0,0,0.137,0.137,0.137,12.4921,22.8808,-4.3501,45.04,16.077,19.2681,-4.3458,44.93,12.4691,19.3943,-4.3509,44.97,0.0791,1
206.898,5.0897,3.4906,3.614,0,0,0.138,0.138,0.138,12.5163,22.9032,-4.3496,45.03,16.1005,19.2895,-4.3455,44.93,12.4886,19.4127,-4.3511,44.97,0.0791,1
206.998,5.0894,3.4944,3.6176,0,0,0.139,0.139,0.139,12.5404,22.9256,-4.3491,45.03,16.1237,19.3115,-4.3454,44.95,12.5081,19.4314,-4.3509,44.96,0.0788,1
207.098,5.0898,3.4976,3.6218,0,0,0.14,0.14,0.14,12.5638,22.9482,-4.3486,45.03,16.1471,19.3335,-4.3456,44.96,12.5272,19.4508,-4.3508,44.95,0.079,1
207.198,5.0908,3.5006,3.626,0,0,0.141,0.141,0.141,12.5869,22.9706,-4.348,45.03,16.171,19.3553,-4.346,44.97,12.5468,19.4702,-4.3506,44.95,0.0794,1
207.298,5.0915,3.5037,3.6297,0,0,0.142,0.142,0.142,12.61,22.9924,-4.3474,45.04,16.195,19.377,-4.3462,44.99,12.567,19.489,-4.3505,44.95,0.0796,1
207.398,5.0921,3.5068,3.633,0,0,0.143,0.143,0.143,12.6328,23.014,-4.3471,45.06,16.219,19.3989,-4.3465,45.01,12.5877,19.5074,-4.3505,44.94,0.0795,1
207.498,5.0929,3.5098,3.6365,0,0,0.144,0.144,0.144,12.6555,23.0354,-4.3466,45.06,16.2435,19.4209,-4.3468,45.02,12.6085,19.5259,-4.3504,44.95,0.0795,1
207.598,5.0936,3.513,3.6402,0,0,0.145,0.145,0.145,12.6784,23.0567,-4.3459,45.07,16.2681,19.443,-4.3469,45.02,12.6293,19.5441,-4.3502,44.96,0.0795,1
207.698,5.0944,3.517,3.6435,0,0,0.146,0.146,0.146,12.7017,23.0783,-4.3451,45.07,16.2924,19.4645,-4.347,45.03,12.6502,19.5617,-4.35,44.97,0.0796,1
207.798,5.0958,3.5214,3.6464,0,0,0.146,0.146,0.146,12.7251,23.1002,-4.3446,45.08,16.3167,19.4854,-4.3472,45.02,12.6716,19.5792,-4.3498,44.98,0.0799,1
207.898,5.0978,3.526,3.6486,0,0,0.147,0.147,0.147,12.7479,23.122,-4.3443,45.09,16.3409,19.5056,-4.3472,45.02,12.6934,19.5964,-4.3494,44.99,0.0804,1
207.998,5.0997,3.5301,3.6506,0,0,0.148,0.148,0.148,12.7705,23.143,-4.3439,45.1,16.3647,19.5252,-4.3472,45.01,12.7152,19.6134,-4.3488,45.01,0.0809,1
208.098,5.1011,3.5335,3.6522,0,0,0.149,0.149,0.149,12.7934,23.1638,-4.3435,45.11,16.3883,19.5447,-4.3472,45.02,12.7371,19.6307,-4.348,45.04,0.0812,1
208.198,5.1023,3.537,3.6535,0,0,0.149,0.149,0.149,12.8163,23.1845,-4.3431,45.12,16.4116,19.5641,-4.347,45.03,12.7591,19.648,-4.3472,45.07,0.0815,1
208.298,5.1035,3.5405,3.6552,0,0,0.15,0.15,0.15,12.8394,23.2053,-4.3427,45.12,16.4351,19.5836,-4.3466,45.05,12.7809,19.6653,-4.3466,45.11,0.0818,1
208.398,5.1054,3.5438,3.6567,0,0,0.151,0.151,0.151,12.8623,23.2263,-4.3425,45.12,16.4587,19.6026,-4.3458,45.06,12.8029,19.683,-4.3461,45.13,0.0825,1
208.498,5.1082,3.5464,3.6588,0,0,0.151,0.151,0.151,12.8848,23.2477,-4.3423,45.13,16.4823,19.6211,-4.3451,45.08,12.8245,19.7018,-4.3456,45.14,0.084,1
208.598,5.1106,3.5485,3.6612,0,0,0.152,0.152,0.152,12.9075,23.269,-4.3422,45.14,16.5057,19.6397,-4.3443,45.08,12.8454,19.721,-4.3451,45.15,0.0855,1
208.698,5.1116,3.5496,3.6635,0,0,0.152,0.152,0.152,12.9305,23.2897,-4.3422,45.13,16.5282,19.6586,-4.344,45.08,12.8656,19.7407,-4.3449,45.17,0.0865,1
208.798,5.1116,3.5497,3.665,0,0,0.153,0.153,0.153,12.9536,23.31,-4.3423,45.12,16.5501,19.6778,-4.3443,45.08,12.886,19.7609,-4.3448,45.17,0.0871,1
208.898,5.1103,3.5491,3.6628,0,0,0.153,0.153,0.153,12.9769,23.3297,-4.3425,45.12,16.5682,19.6941,-4.3497,45.08,12.9064,19.7813,-4.3445,45.16,0.0871,1
208.998,5.1085,3.5482,3.6554,0,0,0.154,0.154,0.154,13.0,23.349,-4.3428,45.13,16.5814,19.7062,-4.3615,45.08,12.9272,19.8016,-4.3443,45.15,0.0878,1
209.098,5.1066,3.5475,3.6433,0,0,0.154,0.154,0.154,13.023,23.3683,-4.343,45.13,16.5905,19.7147,-4.3787,45.08,12.9489,19.8215,-4.3441,45.15,0.091,1
209.198,5.1046,3.5473,3.6282,0,0,0.154,0.154,0.154,13.0462,23.3875,-4.3431,45.12,16.5966,19.7203,-4.4,45.09,12.9709,19.841,-4.3439,45.15,0.0986,1
209.298,5.1023,3.5476,3.6107,0,0,0.155,0.155,0.155,13.0699,23.4068,-4.3433,45.11,16.6001,19.7238,-4.4245,45.1,12.9929,19.8601,-4.3436,45.15,0.1112,1
209.398,5.0995,3.5477,3.5912,0,0,0.155,0.155,0.155,13.0939,23.4259,-4.3436,45.1,16.6016,19.726,-4.4514,45.1,13.0153,19.8791,-4.3432,45.14,0.1282,1
209.498,5.0965,3.5469,3.5703,0,0,0.155,0.155,0.155,13.118,23.4446,-4.3439,45.1,16.6016,19.7271,-4.4802,45.1,13.0381,19.8986,-4.3428,45.13,0.1492,1
209.598,5.093,3.5455,3.5513,0,0,0.155,0.155,0.155,13.1428,23.4629,-4.3443,45.11,16.6042,19.7305,-4.504,45.11,13.0615,19.9183,-4.3425,45.13,0.1686,1
209.698,5.089,3.5443,3.5363,0,0,0.155,0.155,0.155,13.1681,23.4812,-4.3451,45.12,16.6112,19.7378,-4.5203,45.11,13.0851,19.9379,-4.3421,45.12,0.1831,1
209.798,5.0844,3.5432,3.5247,0,0,0.155,0.155,0.155,13.1935,23.4993,-4.346,45.12,16.6217,19.749,-4.5307,45.11,13.1082,19.9571,-4.3419,45.13,0.1929,1
209.898,5.079,3.542,3.5152,0,0,0.155,0.155,0.155,13.2187,23.5173,-4.3469,45.12,16.6349,19.7636,-4.5363,45.11,13.1315,19.9764,-4.3416,45.13,0.199,1
209.998,5.073,3.5406,3.507,0,0,0.155,0.155,0.155,13.2438,23.5355,-4.3476,45.1,16.6499,19.7809,-4.538,45.11,13.1551,19.996,-4.3415,45.14,0.202,1
210.098,5.0665,3.5402,3.5005,0,0,0.042,0.042,0.042,13.2688,23.554,-4.3486,45.1,16.6666,19.8004,-4.5369,45.09,13.1782,20.015,-4.3417,45.15,0.2023,1
210.198,5.0602,3.5411,3.495,0,0,0.041,0.041,0.041,13.2943,23.572,-4.3493,45.1,16.6851,19.8205,-4.5337,45.08,13.2018,20.0321,-4.3423,45.17,0.2008,1
210.298,5.0538,3.5432,3.4898,0,0,0.041,0.041,0.041,13.3202,23.5891,-4.3499,45.09,16.7055,19.8409,-4.5286,45.05,13.2267,20.0472,-4.3431,45.18,0.1975,1
210.398,5.0474,3.5458,3.4856,0,0,0.041,0.041,0.041,13.3464,23.6056,-4.3503,45.09,16.7272,19.8616,-4.522,45.03,13.2518,20.061,-4.3439,45.18,0.1929,1
210.498,5.0404,3.5482,3.4822,0,0,0.041,0.041,0.041,13.3727,23.6213,-4.3505,45.1,16.7497,19.883,-4.5142,45.02,13.2768,20.0744,-4.3446,45.18,0.1872,1
210.598,5.0332,3.5502,3.4791,0,0,0.041,0.041,0.041,13.3989,23.6367,-4.3503,45.09,16.7728,19.9049,-4.506,45.01,13.3022,20.0878,-4.3448,45.18,0.1813,1
210.698,5.0267,3.5509,3.4768,0,0,0.04,0.04,0.04,13.425,23.6518,-4.3503,45.08,16.797,19.9268,-4.4977,45.0,13.3281,20.1022,-4.3447,45.18,0.1752,1
210.798,5.0213,3.5536,3.4795,0,0,0.04,0.04,0.04,13.4505,23.6663,-4.3504,45.08,16.8223,19.948,-4.4891,45.0,13.35,20.1141,-4.3395,45.19,0.1688,1
210.898,5.0168,3.5603,3.4881,0,0,0.04,0.04,0.04,13.4754,23.6804,-4.3503,45.07,16.8481,19.9687,-4.4804,44.99,13.3667,20.1219,-4.3276,45.21,0.1618,1
210.998,5.0133,3.5704,3.5018,0,0,0.039,0.039,0.039,13.4998,23.6943,-4.3499,45.06,16.8745,19.989,-4.4718,44.98,13.3791,20.1261,-4.3102,45.22,0.1545,1
211.098,5.0109,3.5843,3.5193,0,0,0.038,0.038,0.038,13.5237,23.7085,-4.3497,45.06,16.9014,20.0089,-4.4631,44.97,13.3885,20.1273,-4.2886,45.23,0.1473,1
211.198,5.0094,3.6004,3.5398,0,0,0.038,0.038,0.038,13.5476,23.7225,-4.3492,45.07,16.9286,20.0278,-4.4543,44.97,13.3954,20.1264,-4.2637,45.24,0.1408,1
211.298,5.0085,3.6184,3.563,0,0,0.037,0.037,0.037,13.5717,23.7364,-4.3486,45.08,16.9562,20.0457,-4.4455,44.97,13.4002,20.1238,-4.2362,45.25,0.1355,1
211.398,5.0139,3.6389,3.5882,0,0,0.037,0.037,0.037,13.5885,23.7514,-4.3483,45.09,16.9838,20.0631,-4.4375,44.97,13.4035,20.1199,-4.2066,45.26,0.1465,1
211.498,5.0288,3.658,3.6119,0,0,0.036,0.036,0.036,13.5946,23.7684,-4.3482,45.07,17.0116,20.0797,-4.4297,44.97,13.4084,20.1189,-4.1816,45.26,0.164,1
211.598,5.0513,3.6732,3.6322,0,0,0.035,0.035,0.035,13.5917,23.7872,-4.3483,45.06,17.0394,20.0962,-4.4221,44.98,13.4165,20.1228,-4.1636,45.26,0.1751,1
211.698,5.0789,3.6848,3.6487,0,0,0.034,0.034,0.034,13.5818,23.8069,-4.3484,45.06,17.0666,20.1127,-4.4148,44.99,13.4274,20.1306,-4.1521,45.25,0.1803,1
211.798,5.1106,3.6932,3.6616,0,0,0.033,0.033,0.033,13.5659,23.8272,-4.3483,45.07,17.093,20.1294,-4.4079,45.0,13.4408,20.1416,-4.146,45.24,0.1804,1
211.898,5.1401,3.6983,3.672,0,0,0.032,0.032,0.032,13.5524,23.8469,-4.348,45.07,17.1191,20.146,-4.4015,45.01,13.4561,20.1555,-4.1443,45.24,0.1776,1
211.998,5.1646,3.7002,3.6802,0,0,0.031,0.031,0.031,13.545,23.8656,-4.348,45.07,17.1447,20.1624,-4.3957,45.02,13.473,20.1717,-4.1457,45.23,0.1733,1
212.098,5.1838,3.6994,3.686,0,0,0.03,0.03,0.03,13.5434,23.8831,-4.3479,45.07,17.1696,20.1789,-4.3903,45.04,13.4915,20.1894,-4.1494,45.21,0.1676,1
212.198,5.1979,3.6964,3.6896,0,0,0.029,0.029,0.029,13.547,23.8994,-4.3474,45.08,17.1939,20.1957,-4.3854,45.04,13.5116,20.2082,-4.1548,45.2,0.1608,1
212.298,5.2076,3.6915,3.6925,0,0,0.028,0.028,0.028,13.5548,23.9149,-4.3469,45.09,17.2178,20.2135,-4.381,45.05,13.5319,20.2281,-4.1618,45.18,0.1535,1
212.398,5.2139,3.6848,3.6956,0,0,0.027,0.027,0.027,13.5656,23.9299,-4.3467,45.09,17.2411,20.2321,-4.377,45.06,13.5514,20.2494,-4.1698,45.15,0.1461,1
212.498,5.2171,3.6768,3.6978,0,0,0.026,0.026,0.026,13.5788,23.9448,-4.3468,45.09,17.2633,20.2513,-4.373,45.07,13.5707,20.2718,-4.1787,45.13,0.1391,1
212.598,5.2167,3.6683,3.6985,0,0,0.025,0.025,0.025,13.5949,23.959,-4.347,45.06,17.2845,20.2711,-4.3693,45.08,13.5905,20.2942,-4.1878,45.1,0.1374,1
212.698,5.2129,3.6598,3.6981,0,0,0.023,0.023,0.023,13.614,23.9727,-4.3475,45.03,17.3051,20.2916,-4.3658,45.08,13.6109,20.316,-4.197,45.07,0.1344,1
212.798,5.2065,3.6506,3.6973,0,0,0.022,0.022,0.022,13.6351,23.9857,-4.348,45.01,17.325,20.3126,-4.3629,45.09,13.6311,20.3378,-4.2061,45.06,0.1307,1
212.898,5.1984,3.6417,3.6959,0,0,0.021,0.021,0.021,13.6571,23.9984,-4.3483,44.99,17.3444,20.334,-4.3603,45.1,13.6514,20.3591,-4.2157,45.04,0.1264,1
212.998,5.1894,3.6324,3.6947,0,0,0.019,0.019,0.019,13.6803,24.0109,-4.3483,44.98,17.3635,20.3554,-4.358,45.11,13.6713,20.3806,-4.2254,45.02,0.122,1
213.098,5.1802,3.623,3.6936,0,0,0.018,0.018,0.018,13.7044,24.024,-4.3486,44.96,17.3828,20.3765,-4.3562,45.11,13.6913,20.4028,-4.2347,45.0,0.1179,1
213.198,5.1712,3.614,3.6922,0,0,0.016,0.016,0.016,13.7293,24.0377,-4.3491,44.95,17.4022,20.3974,-4.3547,45.11,13.7118,20.4252,-4.2433,45.0,0.1139,1
213.298,5.1624,3.605,3.6906,0,0,0.015,0.015,0.015,13.7547,24.0514,-4.3496,44.94,17.4215,20.4176,-4.3531,45.11,13.7325,20.4478,-4.2515,44.99,0.1099,0
213.398,5.1544,3.5958,3.6885,0,0,0.013,0.013,0.013,13.7798,24.0654,-4.3498,44.94,17.4408,20.437,-4.3517,45.12,13.7536,20.4708,-4.2593,44.98,0.1063,0
213.498,5.1464,3.5868,3.686,0,0,0.011,0.011,0.011,13.8051,24.0795,-4.35,44.94,17.4602,20.4566,-4.351,45.12,13.7753,20.4938,-4.267,44.97,0.1028,0
213.598,5.1387,3.5785,3.6829,0,0,0.01,0.01,0.01,13.8302,24.0939,-4.3504,44.94,17.4795,20.4761,-4.3505,45.12,13.7976,20.5164,-4.2745,44.98,0.0991,0
213.698,5.1314,3.5707,3.6798,0,0,0.008,0.008,0.008,13.8554,24.1085,-4.3508,44.94,17.499,20.4953,-4.3504,45.11,13.8201,20.5386,-4.2812,44.99,0.0958,0
213.798,5.1251,3.5643,3.6768,0,0,0.006,0.006,0.006,13.8803,24.124,-4.3511,44.93,17.5185,20.5143,-4.3504,45.09,13.8425,20.5605,-4.2871,44.99,0.0928,0
213.898,5.12,3.5591,3.6747,0,0,0.004,0.004,0.004,13.9045,24.1404,-4.3511,44.94,17.5382,20.5333,-4.3505,45.08,13.8643,20.582,-4.2925,45.01,0.0905,0
213.998,5.1154,3.5551,3.6729,0,0,0.002,0.002,0.002,13.9287,24.1575,-4.351,44.95,17.5578,20.5523,-4.3505,45.07,13.8857,20.6031,-4.2975,45.02,0.0884,0
214.098,5.1111,3.5515,3.671,0,0,0.001,0.001,0.001,13.9527,24.175,-4.3509,44.94,17.5774,20.5714,-4.3504,45.06,13.9071,20.6241,-4.3017,45.02,0.0863,0
214.198,5.1076,3.5482,3.6699,0,0,0.002,0.002,0.002,13.9763,24.1927,-4.3508,44.94,17.5972,20.5903,-4.3501,45.04,13.928,20.6451,-4.3055,45.03,0.0848,0
214.298,5.1052,3.5443,3.6699,0,0,0.004,0.004,0.004,13.9992,24.2107,-4.3503,44.94,17.6172,20.6089,-4.3497,45.02,13.948,20.667,-4.3093,45.03,0.0842,0
214.398,5.1035,3.5409,3.6701,0,0,0.006,0.006,0.006,14.0216,24.2292,-4.3497,44.95,17.6374,20.6275,-4.3495,45.0,13.968,20.6888,-4.313,45.03,0.0839,0
214.498,5.1019,3.5383,3.6702,0,0,0.008,0.008,0.008,14.0436,24.2476,-4.3495,44.96,17.6575,20.6462,-4.3492,45.0,13.9879,20.7098,-4.3165,45.03,0.0836,0
214.598,5.1002,3.5354,3.671,0,0,0.01,0.01,0.01,14.0655,24.2661,-4.3494,44.97,17.6774,20.6652,-4.349,45.0,14.0072,20.7313,-4.32,45.03,0.0834,0
214.698,5.099,3.5316,3.6726,0,0,0.012,0.012,0.012,14.0868,24.285,-4.3491,44.98,17.6972,20.6843,-4.3491,44.99,14.0253,20.754,-4.3234,45.03,0.084,0
214.798,5.0984,3.5278,3.6746,0,0,0.014,0.014,0.014,14.1075,24.3042,-4.3488,44.98,17.7168,20.7032,-4.3494,44.99,14.043,20.777,-4.3264,45.04,0.0849,0
214.898,5.0982,3.5252,3.6765,0,0,0.017,0.017,0.017,14.1277,24.3236,-4.3484,44.99,17.7361,20.7221,-4.3496,45.0,14.0604,20.7992,-4.3287,45.05,0.0858,0
214.998,5.0987,3.5237,3.6786,0,0,0.019,0.019,0.019,14.1466,24.3435,-4.3482,44.99,17.7553,20.7415,-4.3497,45.0,14.0775,20.8205,-4.3308,45.06,0.0869,0
215.098,5.0994,3.5229,3.6806,0,0,0.021,0.021,0.021,14.1653,24.3637,-4.348,45.01,17.7741,20.7609,-4.3496,45.01,14.0944,20.8415,-4.3326,45.08,0.0879,0
215.198,5.0996,3.5225,3.682,0,0,0.023,0.023,0.023,14.184,24.3838,-4.3477,45.02,17.7927,20.7806,-4.3495,45.01,14.1116,20.8621,-4.3342,45.1,0.0884,0
215.298,5.1003,3.5231,3.6822,0,0,0.026,0.026,0.026,14.2024,24.4042,-4.3473,45.03,17.8113,20.8002,-4.3494,45.01,14.13,20.8819,-4.3354,45.12,0.0887,0
215.398,5.1016,3.5243,3.6822,0,0,0.028,0.028,0.028,14.2203,24.4248,-4.3473,45.03,17.8303,20.82,-4.3491,45.02,14.149,20.9012,-4.3363,45.14,0.089,0
215.498,5.1026,3.5255,3.6824,0,0,0.031,0.031,0.031,14.238,24.445,-4.3473,45.04,17.8494,20.8402,-4.3488,45.03,14.168,20.9202,-4.3371,45.16,0.0892,0
215.598,5.1036,3.5269,3.6828,0,0,0.033,0.033,0.033,14.2556,24.465,-4.3474,45.04,17.8685,20.8604,-4.3487,45.03,14.1866,20.9388,-4.3381,45.18,0.0894,0
215.698,5.1048,3.5285,3.6831,0,0,0.036,0.036,0.036,14.2728,24.485,-4.3479,45.04,17.8875,20.8804,-4.3486,45.02,14.2052,20.9572,-4.3393,45.19,0.0897,0
215.798,5.1057,3.5297,3.6836,0,0,0.038,0.038,0.038,14.2901,24.5043,-4.3483,45.02,17.9066,20.9003,-4.3485,45.0,14.2238,20.9753,-4.3406,45.19,0.0899,0
215.898,5.1062,3.531,3.684,0,0,0.041,0.041,0.041,14.3077,24.5234,-4.3485,45.0,17.9257,20.9202,-4.3485,44.97,14.2424,20.9929,-4.3418,45.2,0.0899,0
215.998,5.107,3.5332,3.6837,0,0,0.043,0.043,0.043,14.325,24.5426,-4.3487,44.98,17.9448,20.94,-4.3486,44.95,14.2618,21.01,-4.3427,45.2,0.0898,0
216.098,5.1083,3.5356,3.6833,0,0,0.076,0.076,0.076,14.3419,24.5618,-4.3488,44.98,17.9644,20.96,-4.3488,44.94,14.2817,21.0266,-4.3433,45.21,0.0897,1
216.198,5.1095,3.5378,3.6828,0,0,0.079,0.079,0.079,14.3588,24.5804,-4.3486,44.97,17.9837,20.9794,-4.3485,44.94,14.3014,21.0431,-4.3439,45.22,0.0897,1
216.298,5.1103,3.5393,3.6826,0,0,0.081,0.081,0.081,14.3758,24.5985,-4.3482,44.97,18.0025,20.998,-4.348,44.94,14.3203,21.0596,-4.3448,45.22,0.0897,1
216.398,5.1106,3.5409,3.682,0,0,0.084,0.084,0.084,14.393,24.6164,-4.3475,44.97,18.0206,21.0165,-4.3474,44.95,14.3391,21.0759,-4.3457,45.22,0.0894,1
216.498,5.1101,3.5427,3.6813,0,0,0.086,0.086,0.086,14.4105,24.6342,-4.3472,44.98,18.0381,21.0351,-4.3469,44.97,14.3572,21.0919,-4.3467,45.22,0.0887,1
216.598,5.1093,3.5444,3.6809,0,0,0.089,0.089,0.089,14.428,24.652,-4.3472,44.99,18.0551,21.0535,-4.3463,44.99,14.3746,21.1079,-4.3473,45.22,0.088,1
216.698,5.1086,3.5455,3.6802,0,0,0.091,0.091,0.091,14.4453,24.6692,-4.3471,45.01,18.0716,21.0709,-4.3455,45.0,14.3918,21.1241,-4.3477,45.22,0.0874,1
216.798,5.1077,3.5459,3.6797,0,0,0.094,0.094,0.094,14.4625,24.686,-4.347,45.03,18.0876,21.0878,-4.3447,45.01,14.4083,21.1405,-4.3478,45.21,0.0868,1
216.898,5.1068,3.5454,3.6798,0,0,0.097,0.097,0.097,14.4798,24.7025,-4.347,45.03,18.1034,21.104,-4.3443,45.0,14.424,21.1576,-4.3474,45.21,0.0865,1
216.998,5.1064,3.5451,3.6801,0,0,0.099,0.099,0.099,14.4972,24.7191,-4.3474,45.05,18.1192,21.1197,-4.3443,44.98,14.4395,21.1745,-4.3467,45.2,0.0865,1
217.098,5.1059,3.5445,3.6812,0,0,0.102,0.102,0.102,14.5144,24.7358,-4.3477,45.06,18.135,21.1355,-4.3443,44.97,14.4542,21.1918,-4.346,45.18,0.0867,1
217.198,5.106,3.544,3.6828,0,0,0.105,0.105,0.105,14.5315,24.7527,-4.3477,45.06,18.151,21.1513,-4.3441,44.96,14.4687,21.2092,-4.3452,45.16,0.0873,1
217.298,5.1066,3.5443,3.684,0,0,0.108,0.108,0.108,14.5482,24.7696,-4.3476,45.06,18.1671,21.1666,-4.3443,44.94,14.4836,21.2259,-4.3444,45.15,0.0879,1
217.398,5.1069,3.5446,3.6839,0,0,0.111,0.111,0.111,14.5647,24.7863,-4.3476,45.07,18.183,21.1824,-4.3445,44.93,14.4996,21.2422,-4.3434,45.14,0.088,1
217.498,5.1067,3.5458,3.6832,0,0,0.113,0.113,0.113,14.5812,24.8028,-4.3476,45.08,18.199,21.1986,-4.3444,44.92,14.5163,21.2576,-4.3424,45.12,0.0875,1
217.598,5.1072,3.5473,3.6828,0,0,0.116,0.116,0.116,14.5979,24.8194,-4.3477,45.1,18.2152,21.214,-4.3441,44.91,14.5328,21.2727,-4.3414,45.11,0.0874,1
217.698,5.1082,3.5485,3.6833,0,0,0.119,0.119,0.119,14.6149,24.8357,-4.3478,45.12,18.2318,21.2286,-4.3438,44.91,14.549,21.2878,-4.3405,45.09,0.0878,1
217.798,5.1092,3.5498,3.6836,0,0,0.122,0.122,0.122,14.6319,24.852,-4.3475,45.13,18.2483,21.243,-4.3437,44.93,14.5652,21.3028,-4.3398,45.08,0.0882,1
217.898,5.1105,3.5517,3.6847,0,0,0.125,0.125,0.125,14.6491,24.8686,-4.3472,45.14,18.2653,21.2575,-4.3438,44.95,14.5811,21.3175,-4.3392,45.09,0.0888,1
217.998,5.1113,3.5539,3.6864,0,0,0.128,0.128,0.128,14.6668,24.8855,-4.3468,45.14,18.2827,21.2729,-4.3438,44.97,14.5967,21.3323,-4.3386,45.09,0.0894,1
218.098,5.1116,3.5552,3.6877,0,0,0.131,0.131,0.131,14.6849,24.9023,-4.3466,45.14,18.3003,21.2888,-4.3437,44.98,14.6131,21.3478,-4.3383,45.09,0.0897,1
218.198,5.1112,3.5559,3.688,0,0,0.134,0.134,0.134,14.7036,24.9187,-4.3464,45.14,18.3176,21.3044,-4.3435,44.98,14.6301,21.3635,-4.3382,45.09,0.0895,1
218.298,5.1106,3.5562,3.6881,0,0,0.137,0.137,0.137,14.7223,24.9349,-4.3459,45.14,18.3351,21.3202,-4.3432,44.99,14.6475,21.3795,-4.3385,45.08,0.0893,1
218.398,5.1102,3.5564,3.6882,0,0,0.14,0.14,0.14,14.741,24.9509,-4.3454,45.14,18.3528,21.3359,-4.3432,44.99,14.6651,21.3953,-4.339,45.07,0.0891,1
218.498,5.1098,3.5571,3.6876,0,0,0.143,0.143,0.143,14.7596,24.9669,-4.345,45.14,18.3702,21.3511,-4.3434,45.0,14.6831,21.4106,-4.3398,45.07,0.0888,1
218.598,5.1088,3.5578,3.6865,0,0,0.146,0.146,0.146,14.7785,24.9828,-4.3448,45.14,18.3871,21.3665,-4.3435,45.02,14.7011,21.4258,-4.3408,45.07,0.088,1
218.698,5.1073,3.5586,3.685,0,0,0.149,0.149,0.149,14.7974,24.9988,-4.3447,45.13,18.4035,21.3821,-4.3434,45.04,14.7189,21.4411,-4.3417,45.08,0.0869,1
218.798,5.1054,3.5587,3.6829,0,0,0.153,0.153,0.153,14.8168,25.0147,-4.3445,45.12,18.4196,21.3974,-4.3433,45.06,14.7373,21.4568,-4.3423,45.09,0.0855,1
218.898,5.1036,3.5584,3.681,0,0,0.156,0.156,0.156,14.8365,25.0307,-4.344,45.11,18.4361,21.4128,-4.3433,45.08,14.7556,21.4732,-4.3426,45.09,0.0844,1
218.998,5.1027,3.5586,3.6769,0,0,0.159,0.159,0.159,14.8561,25.0474,-4.3432,45.09,18.4499,21.425,-4.3483,45.1,14.7735,21.4897,-4.3429,45.09,0.0835,1
219.098,5.103,3.5589,3.6694,0,0,0.162,0.162,0.162,14.8748,25.0645,-4.3425,45.09,18.4596,21.4327,-4.3599,45.1,14.791,21.5066,-4.3433,45.1,0.0839,1
219.198,5.1045,3.5587,3.6579,0,0,0.165,0.165,0.165,14.8926,25.0819,-4.3421,45.09,18.4657,21.4367,-4.3768,45.11,14.809,21.5241,-4.3436,45.1,0.0874,1
219.298,5.1064,3.5585,3.6437,0,0,0.168,0.168,0.168,14.91,25.0992,-4.342,45.08,18.469,21.4379,-4.3978,45.12,14.8272,21.5417,-4.3435,45.1,0.0953,1
219.398,5.1084,3.5585,3.6285,0,0,0.171,0.171,0.171,14.9278,25.1163,-4.3423,45.06,18.4707,21.4371,-4.4222,45.13,14.8451,21.5588,-4.3434,45.09,0.1081,1
219.498,5.1103,3.5594,3.6121,0,0,0.175,0.175,0.175,14.9457,25.1335,-4.3428,45.05,18.4707,21.4351,-4.4491,45.14,14.8629,21.575,-4.3431,45.09,0.125,1
219.598,5.1122,3.5609,3.5945,0,0,0.178,0.178,0.178,14.9637,25.1505,-4.3434,45.05,18.4695,21.4322,-4.4778,45.15,14.881,21.5906,-4.3429,45.09,0.1451,1
219.698,5.1138,3.5622,3.5792,0,0,0.181,0.181,0.181,14.9816,25.1675,-4.3436,45.04,18.4711,21.4327,-4.5018,45.16,14.8997,21.6062,-4.3426,45.09,0.1633,1
219.798,5.1149,3.5629,3.5668,0,0,0.184,0.184,0.184,14.999,25.1844,-4.3435,45.04,18.4764,21.4374,-4.5185,45.17,14.9188,21.6224,-4.3421,45.09,0.177,1
219.898,5.1149,3.5626,3.5567,0,0,0.187,0.187,0.187,15.0166,25.2009,-4.3435,45.05,18.4844,21.4457,-4.5291,45.17,14.9379,21.6392,-4.3417,45.08,0.1865,1
219.998,5.1134,3.5616,3.5487,0,0,0.19,0.19,0.19,15.0342,25.2171,-4.3434,45.06,18.4943,21.4571,-4.5346,45.16,14.9565,21.6563,-4.3412,45.08,0.1923,1
220.098,5.1101,3.5604,3.5426,0,0,0.194,0.194,0.194,15.0521,25.2331,-4.3435,45.08,18.5056,21.4716,-4.5362,45.16,14.9742,21.6736,-4.3408,45.07,0.1947,1
220.198,5.1049,3.5585,3.5378,0,0,0.197,0.197,0.197,15.0706,25.2488,-4.3438,45.09,18.5181,21.4889,-4.5352,45.16,14.9915,21.6913,-4.3405,45.07,0.1945,1
220.298,5.0987,3.5564,3.534,0,0,0.2,0.2,0.2,15.0891,25.2646,-4.3443,45.09,18.5312,21.5077,-4.532,45.16,15.0081,21.7091,-4.3406,45.08,0.1925,1
220.398,5.092,3.554,3.5309,0,0,0.203,0.203,0.203,15.1074,25.2802,-4.3451,45.1,18.5447,21.5279,-4.5271,45.17,15.0244,21.7271,-4.3407,45.08,0.1891,1
220.498,5.085,3.5512,3.5279,0,0,0.206,0.206,0.206,15.1257,25.2959,-4.3457,45.1,18.5591,21.5491,-4.5208,45.16,15.0413,21.7457,-4.3404,45.08,0.1847,1
220.598,5.0776,3.5483,3.5253,0,0,0.21,0.21,0.21,15.1442,25.3116,-4.3463,45.09,18.5743,21.5715,-4.5132,45.15,15.0585,21.7643,-4.3401,45.1,0.1793,1
220.698,5.0703,3.5454,3.5231,0,0,0.213,0.213,0.213,15.1628,25.3271,-4.3467,45.08,18.59,21.5939,-4.505,45.14,15.0758,21.7828,-4.3401,45.11,0.1734,1
220.798,5.0635,3.543,3.5215,0,0,0.216,0.216,0.216,15.1812,25.3426,-4.3465,45.06,18.606,21.616,-4.4965,45.12,15.0928,21.8007,-4.3401,45.1,0.1675,1
220.898,5.0567,3.5403,3.5209,0,0,0.219,0.219,0.219,15.2,25.3575,-4.3464,45.05,18.6225,21.6377,-4.4877,45.11,15.1094,21.8185,-4.3401,45.1,0.1616,1
220.998,5.0495,3.5375,3.5211,0,0,0.222,0.222,0.222,15.2194,25.372,-4.3462,45.04,18.6393,21.6593,-4.479,45.1,15.1253,21.8358,-4.3399,45.1,0.1556,1
221.098,5.0435,3.5351,3.5226,0,0,0.225,0.225,0.225,15.2379,25.3864,-4.3457,45.04,18.6568,21.6806,-4.4705,45.1,15.1408,21.8527,-4.3401,45.11,0.1494,1
221.198,5.0392,3.5328,3.5258,0,0,0.229,0.229,0.229,15.2559,25.4009,-4.3453,45.05,18.6753,21.7012,-4.4622,45.09,15.1557,21.8696,-4.3405,45.12,0.1433,1
221.298,5.0363,3.5311,3.5294,0,0,0.232,0.232,0.232,15.2735,25.4156,-4.345,45.05,18.6944,21.7211,-4.4543,45.09,15.1707,21.886,-4.3408,45.12,0.1377,1
221.398,5.0345,3.5302,3.5331,0,0,0.235,0.235,0.235,15.2908,25.4306,-4.3446,45.04,18.7138,21.7402,-4.4466,45.08,15.186,21.9019,-4.3409,45.11,0.1324,1
221.498,5.0335,3.5302,3.5363,0,0,0.238,0.238,0.238,15.3074,25.4459,-4.3445,45.03,18.7333,21.7593,-4.4391,45.07,15.2018,21.9172,-4.3413,45.1,0.1271,1
221.598,5.0384,3.531,3.5386,0,0,0.241,0.241,0.241,15.3163,25.462,-4.3441,45.02,18.7526,21.7784,-4.4319,45.06,15.2185,21.9324,-4.3418,45.09,0.1216,1
221.698,5.0512,3.533,3.5401,0,0,0.244,0.244,0.244,15.3153,25.4797,-4.3439,45.01,18.772,21.7974,-4.4255,45.05,15.2361,21.9476,-4.3425,45.08,0.1161,1
221.798,5.0707,3.5357,3.5415,0,0,0.247,0.247,0.247,15.3062,25.4983,-4.344,45.0,18.7916,21.8161,-4.4196,45.06,15.254,21.963,-4.3432,45.06,0.1114,1
221.898,5.0952,3.539,3.5428,0,0,0.25,0.25,0.25,15.2909,25.5178,-4.3441,45.0,18.8111,21.8349,-4.4141,45.05,15.2719,21.9789,-4.3434,45.04,0.1079,1
221.998,5.1227,3.5434,3.5442,0,0,0.253,0.253,0.253,15.2711,25.538,-4.3442,44.99,18.8301,21.8541,-4.4087,45.04,15.2893,21.9947,-4.3431,45.03,0.1061,1
222.098,5.1529,3.5491,3.5461,0,0,0.179,0.179,0.179,15.2481,25.5588,-4.3444,44.99,18.8491,21.8735,-4.4037,45.03,15.3062,22.0102,-4.3425,45.01,0.1064,1
222.198,5.1856,3.5555,3.549,0,0,0.182,0.182,0.182,15.2239,25.5806,-4.3444,44.99,18.8699,21.8937,-4.3992,45.03,15.3238,22.0265,-4.3421,45.0,0.1095,1
222.298,5.2129,3.5601,3.5527,0,0,0.185,0.185,0.185,15.2076,25.6021,-4.3446,44.99,18.8926,21.9153,-4.3947,45.04,15.3427,22.0446,-4.3419,44.98,0.1136,1
222.398,5.2312,3.5618,3.5568,0,0,0.187,0.187,0.187,15.2033,25.6222,-4.345,44.99,18.9163,21.9376,-4.3907,45.05,15.3621,22.0639,-4.3415,44.96,0.1267,1
222.498,5.2405,3.56,3.5618,0,0,0.19,0.19,0.19,15.2098,25.64,-4.3452,44.98,18.9409,21.9603,-4.3872,45.05,15.3815,22.0841,-4.3411,44.94,0.1347,1
222.598,5.2431,3.5554,3.5674,0,0,0.193,0.193,0.193,15.2244,25.6561,-4.3454,44.97,18.966,21.9833,-4.3837,45.04,15.4009,22.105,-4.3407,44.93,0.1378,1
222.698,5.2406,3.549,3.5723,0,0,0.196,0.196,0.196,15.245,25.6713,-4.3455,44.97,18.9911,22.0066,-4.3804,45.04,15.421,22.1267,-4.3402,44.92,0.1372,1
222.798,5.2343,3.5406,3.5769,0,0,0.198,0.198,0.198,15.27,25.6855,-4.3455,44.96,19.0162,22.0299,-4.3775,45.03,15.4415,22.149,-4.3399,44.92,0.1339,1
222.898,5.2242,3.5313,3.5806,0,0,0.201,0.201,0.201,15.2981,25.6985,-4.3456,44.96,19.0408,22.0538,-4.3748,45.03,15.4622,22.171,-4.34,44.94,0.1285,1
222.998,5.2115,3.5219,3.5837,0,0,0.204,0.204,0.204,15.3285,25.7113,-4.3458,44.95,19.0649,22.0782,-4.3721,45.03,15.4831,22.1928,-4.3399,44.96,0.1217,1
223.098,5.198,3.5123,3.5868,0,0,0.206,0.206,0.206,15.3602,25.7239,-4.3461,44.94,19.0889,22.1024,-4.3695,45.03,15.504,22.2146,-4.3399,44.97,0.1142,1
223.198,5.184,3.5033,3.5896,0,0,0.209,0.209,0.209,15.3929,25.7368,-4.3461,44.93,19.1128,22.1263,-4.3672,45.03,15.5249,22.236,-4.3401,44.97,0.1064,1
223.298,5.1702,3.4953,3.5923,0,0,0.212,0.212,0.212,15.4257,25.7503,-4.3462,44.91,19.1364,22.1502,-4.3653,45.02,15.5458,22.2571,-4.3406,44.97,0.0988,1
223.398,5.1567,3.4878,3.5949,0,0,0.214,0.214,0.214,15.4581,25.7641,-4.3466,44.91,19.1596,22.1738,-4.3633,45.02,15.5664,22.278,-4.3412,44.97,0.0924,1
223.498,5.1437,3.4815,3.5971,0,0,0.217,0.217,0.217,15.4898,25.7789,-4.347,44.91,19.1822,22.1978,-4.3612,45.04,15.5865,22.2988,-4.3419,44.96,0.088,1
223.598,5.1314,3.4762,3.5987,0,0,0.219,0.219,0.219,15.521,25.7947,-4.3474,44.91,19.2041,22.2218,-4.3593,45.06,15.6068,22.3195,-4.3423,44.95,0.0836,1
223.698,5.1203,3.4715,3.6,0,0,0.222,0.222,0.222,15.5514,25.8111,-4.3478,44.9,19.2261,22.2454,-4.3575,45.07,15.6273,22.3405,-4.3425,44.93,0.0797,1
223.798,5.1111,3.4678,3.602,0,0,0.225,0.225,0.225,15.5809,25.8284,-4.3481,44.9,19.2482,22.2682,-4.3556,45.07,15.6474,22.3612,-4.3429,44.92,0.0768,1
223.898,5.1028,3.4653,3.6037,0,0,0.227,0.227,0.227,15.6092,25.8463,-4.3482,44.91,19.2698,22.2912,-4.3538,45.06,15.6672,22.3815,-4.3433,44.91,0.074,1
223.998,5.0957,3.4637,3.6054,0,0,0.23,0.23,0.23,15.636,25.8648,-4.3482,44.9,19.2908,22.314,-4.3522,45.05,15.6865,22.4015,-4.3437,44.89,0.0716,1
224.098,5.0899,3.4631,3.6073,0,0,0.232,0.232,0.232,15.6618,25.8835,-4.348,44.9,19.3121,22.3362,-4.3509,45.05,15.7057,22.4207,-4.3444,44.89,0.0697,1
224.198,5.0859,3.4632,3.6096,0,0,0.234,0.234,0.234,15.6865,25.9023,-4.3479,44.91,19.3338,22.3577,-4.3497,45.05,15.7251,22.4393,-4.3455,44.89,0.0687,1
224.298,5.084,3.4642,3.6128,0,0,0.237,0.237,0.237,15.7105,25.9214,-4.3475,44.92,19.3566,22.3784,-4.3485,45.06,15.7446,22.4575,-4.3466,44.89,0.0687,1
224.398,5.0835,3.4654,3.6168,0,0,0.239,0.239,0.239,15.7335,25.9407,-4.347,44.94,19.3798,22.3985,-4.3475,45.07,15.7638,22.4754,-4.3477,44.89,0.0695,1
224.498,5.0844,3.4671,3.6213,0,0,0.242,0.242,0.242,15.7553,25.9605,-4.3465,44.94,19.4031,22.4186,-4.3466,45.08,15.7826,22.4934,-4.3486,44.89,0.0711,1
224.598,5.0857,3.4691,3.6255,0,0,0.244,0.244,0.244,15.7765,25.9806,-4.3462,44.95,19.4261,22.4387,-4.3458,45.09,15.8013,22.5116,-4.3494,44.89,0.0727,1
224.698,5.0874,3.4713,3.6299,0,0,0.246,0.246,0.246,15.7976,26.0008,-4.3462,44.95,19.4492,22.4585,-4.3449,45.1,15.8199,22.5295,-4.3499,44.89,0.0746,1
224.798,5.0896,3.4742,3.6348,0,0,0.248,0.248,0.248,15.8182,26.021,-4.3462,44.96,19.4723,22.4781,-4.344,45.11,15.8381,22.5469,-4.35,44.89,0.0767,1
224.898,5.0917,3.4774,3.6393,0,0,0.251,0.251,0.251,15.8386,26.0412,-4.3463,44.98,19.495,22.4978,-4.3434,45.11,15.8563,22.5639,-4.35,44.89,0.0787,1
224.998,5.093,3.4802,3.6429,0,0,0.253,0.253,0.253,15.8591,26.0611,-4.3466,44.99,19.5171,22.5176,-4.3428,45.11,15.8748,22.5809,-4.3501,44.88,0.0801,1
225.098,5.0942,3.4835,3.6454,0,0,0.255,0.255,0.255,15.8789,26.0812,-4.3467,45.01,19.5384,22.5374,-4.3421,45.1,15.8935,22.5978,-4.3503,44.89,0.0812,1
225.198,5.0956,3.4863,3.6477,0,0,0.257,0.257,0.257,15.8984,26.1011,-4.3469,45.03,19.5594,22.5568,-4.3418,45.09,15.9122,22.6148,-4.3504,44.9,0.0822,1
225.298,5.0974,3.489,3.6501,0,0,0.259,0.259,0.259,15.9179,26.1207,-4.3472,45.04,19.5805,22.5754,-4.3416,45.08,15.9309,22.6317,-4.3505,44.93,0.0835,1
225.398,5.0996,3.4911,3.6531,0,0,0.261,0.261,0.261,15.9377,26.1402,-4.3478,45.03,19.6019,22.5933,-4.3419,45.06,15.9493,22.6491,-4.3507,44.95,0.085,1
225.498,5.1022,3.4923,3.6567,0,0,0.263,0.263,0.263,15.9576,26.1595,-4.3485,45.03,19.6234,22.6106,-4.3425,45.06,15.9672,22.6672,-4.351,44.97,0.087,1
225.598,5.1044,3.4931,3.6608,0,0,0.265,0.265,0.265,15.9772,26.1786,-4.3492,45.02,19.6449,22.6286,-4.3432,45.05,15.9846,22.6854,-4.3514,44.99,0.089,1
225.698,5.1063,3.4941,3.665,0,0,0.267,0.267,0.267,15.9964,26.1978,-4.3497,45.02,19.6662,22.6471,-4.3439,45.05,16.0017,22.7037,-4.3517,45.0,0.0911,1
225.798,5.1076,3.4953,3.6689,0,0,0.269,0.269,0.269,16.0163,26.217,-4.3502,45.01,19.6872,22.6656,-4.3447,45.04,16.0187,22.7217,-4.3521,45.01,0.0927,1
225.898,5.1084,3.4973,3.6719,0,0,0.271,0.271,0.271,16.0363,26.2365,-4.3506,45.0,19.707,22.6839,-4.3453,45.03,16.0355,22.7392,-4.352,45.0,0.0937,1
225.998,5.1091,3.4994,3.6744,0,0,0.273,0.273,0.273,16.0559,26.2561,-4.3508,44.99,19.7261,22.7018,-4.3459,45.02,16.0521,22.7566,-4.3517,45.0,0.0944,1
226.098,5.1102,3.5009,3.6771,0,0,0.275,0.275,0.275,16.0753,26.2758,-4.3506,44.99,19.7449,22.7194,-4.3464,45.0,16.0682,22.7749,-4.3511,45.0,0.0953,1
226.198,5.1113,3.5019,3.6795,0,0,0.277,0.277,0.277,16.0947,26.2954,-4.3502,45.0,19.7634,22.7366,-4.3469,44.97,16.0843,22.7935,-4.3501,45.01,0.0961,1
226.298,5.1126,3.5029,3.6811,0,0,0.278,0.278,0.278,16.1139,26.315,-4.3499,45.01,19.781,22.7526,-4.3471,44.95,16.1004,22.8122,-4.3494,45.02,0.0966,1
226.398,5.1143,3.5043,3.6814,0,0,0.28,0.28,0.28,16.1325,26.3346,-4.3499,45.02,19.7977,22.7677,-4.3472,44.94,16.1168,22.8303,-4.3488,45.03,0.0969,1
226.498,5.1155,3.5064,3.6809,0,0,0.282,0.282,0.282,16.1508,26.354,-4.3501,45.03,19.8141,22.7835,-4.3471,44.93,16.1338,22.8477,-4.3484,45.02,0.0967,1
226.598,5.1163,3.5087,3.6806,0,0,0.283,0.283,0.283,16.1695,26.3735,-4.3505,45.04,19.8309,22.7999,-4.3468,44.93,16.1509,22.8649,-4.3478,45.01,0.0964,1
226.698,5.1161,3.5109,3.6805,0,0,0.285,0.285,0.285,16.189,26.3928,-4.351,45.04,19.848,22.8171,-4.3465,44.92,16.1681,22.8819,-4.3471,45.01,0.0959,1
226.798,5.1156,3.5127,3.6806,0,0,0.286,0.286,0.286,16.2087,26.4117,-4.3511,45.03,19.8653,22.8342,-4.3464,44.9,16.1853,22.8991,-4.3463,45.01,0.0954,1
226.898,5.1151,3.5144,3.6811,0,0,0.288,0.288,0.288,16.2285,26.4304,-4.3509,45.01,19.883,22.8515,-4.3464,44.89,16.2024,22.9161,-4.3455,45.02,0.0951,1
226.998,5.1142,3.5164,3.6814,0,0,0.289,0.289,0.289,16.2481,26.4491,-4.3508,44.98,19.9004,22.8692,-4.3468,44.87,16.2196,22.9329,-4.3449,45.03,0.0945,1
227.098,5.1129,3.518,3.6814,0,0,0.291,0.291,0.291,16.2677,26.4676,-4.3506,44.96,19.9175,22.887,-4.3468,44.86,16.2367,22.9498,-4.3444,45.03,0.0937,1
227.198,5.1117,3.5187,3.6811,0,0,0.292,0.292,0.292,16.2871,26.4855,-4.3504,44.95,19.9346,22.9044,-4.3464,44.86,16.2541,22.967,-4.344,45.05,0.093,1
227.298,5.1105,3.5185,3.681,0,0,0.293,0.293,0.293,16.3066,26.5033,-4.3502,44.94,19.9519,22.9216,-4.3463,44.87,16.2715,22.985,-4.3439,45.06,0.0924,1
227.398,5.109,3.5179,3.6815,0,0,0.295,0.295,0.295,16.3262,26.5214,-4.3499,44.94,19.9694,22.9396,-4.3463,44.88,16.2885,23.0037,-4.3437,45.07,0.092,1
227.498,5.1078,3.5175,3.6823,0,0,0.296,0.296,0.296,16.3455,26.5395,-4.3498,44.95,19.9874,22.9581,-4.3463,44.88,16.3056,23.0222,-4.3433,45.07,0.0918,1
227.598,5.1068,3.5171,3.6831,0,0,0.297,0.297,0.297,16.3647,26.5575,-4.3493,44.96,20.0058,22.9768,-4.3462,44.88,16.3233,23.0406,-4.3429,45.07,0.0917,1
227.698,5.1061,3.5178,3.6835,0,0,0.298,0.298,0.298,16.3835,26.576,-4.3488,44.98,20.0242,22.9959,-4.346,44.89,16.3412,23.0584,-4.3425,45.07,0.0914,1
227.798,5.1057,3.5193,3.6837,0,0,0.299,0.299,0.299,16.4024,26.5949,-4.3485,44.98,20.0422,23.0145,-4.3458,44.9,16.359,23.0759,-4.3423,45.07,0.0912,1
227.898,5.1054,3.5208,3.6841,0,0,0.3,0.3,0.3,16.4214,26.6141,-4.3486,44.98,20.0598,23.0326,-4.3458,44.89,16.3762,23.0936,-4.3422,45.09,0.091,1
227.998,5.1057,3.5227,3.6844,0,0,0.301,0.301,0.301,16.4402,26.6334,-4.3485,44.96,20.0775,23.0504,-4.3457,44.89,16.3936,23.1111,-4.3422,45.09,0.0908,1
228.098,5.106,3.525,3.6846,0,0,0.404,0.404,0.404,16.459,26.6528,-4.3484,44.95,20.0952,23.0682,-4.3457,44.89,16.4111,23.1282,-4.3422,45.08,0.0907,1
228.198,5.1062,3.5266,3.6851,0,0,0.405,0.405,0.405,16.4768,26.6704,-4.3484,44.94,20.1124,23.0849,-4.3455,44.89,16.4277,23.1442,-4.342,45.07,0.0907,1
228.298,5.1062,3.5272,3.6862,0,0,0.406,0.406,0.406,16.494,26.6861,-4.3485,44.93,20.1289,23.0999,-4.3456,44.89,16.4431,23.1592,-4.3421,45.07,0.0909,1
228.398,5.1052,3.5276,3.6871,0,0,0.407,0.407,0.407,16.5109,26.7001,-4.3487,44.92,20.1449,23.1144,-4.3455,44.9,16.4582,23.1729,-4.342,45.08,0.0907,1
228.498,5.1046,3.5285,3.6876,0,0,0.408,0.408,0.408,16.5269,26.7136,-4.349,44.91,20.1605,23.1283,-4.3453,44.92,16.4734,23.1854,-4.3418,45.07,0.0905,1
228.598,5.104,3.5289,3.6883,0,0,0.409,0.409,0.409,16.5426,26.7264,-4.3493,44.9,20.1757,23.1415,-4.3447,44.93,16.4878,23.198,-4.3416,45.08,0.0905,1
228.698,5.1033,3.5286,3.6892,0,0,0.409,0.409,0.409,16.5582,26.7389,-4.3493,44.89,20.1907,23.1545,-4.3441,44.94,16.5019,23.2108,-4.3414,45.08,0.0905,1
228.798,5.1029,3.5285,3.6899,0,0,0.41,0.41,0.41,16.5737,26.7518,-4.349,44.88,20.2055,23.1671,-4.344,44.95,16.516,23.2238,-4.3414,45.08,0.0905,1
228.898,5.1027,3.5283,3.69,0,0,0.41,0.41,0.41,16.5889,26.7649,-4.3486,44.88,20.2199,23.1796,-4.3442,44.95,16.5304,23.2371,-4.3413,45.08,0.0905,1
228.998,5.1032,3.5286,3.6895,0,0,0.411,0.411,0.411,16.6033,26.7784,-4.3483,44.88,20.2343,23.1926,-4.3441,44.95,16.5452,23.2503,-4.3412,45.08,0.0905,1
229.098,5.1042,3.5287,3.6893,0,0,0.411,0.411,0.411,16.6166,26.7927,-4.3483,44.88,20.2482,23.2059,-4.3441,44.94,16.5594,23.2644,-4.3411,45.08,0.0908,1
229.198,5.1055,3.5286,3.6892,0,0,0.412,0.412,0.412,16.6296,26.8075,-4.3483,44.88,20.2615,23.2193,-4.3441,44.93,16.5728,23.2794,-4.3411,45.07,0.0913,1
229.298,5.1068,3.5288,3.689,0,0,0.412,0.412,0.412,16.6429,26.8228,-4.3483,44.89,20.2747,23.2325,-4.3439,44.92,16.5862,23.2944,-4.3416,45.07,0.0917,1
229.398,5.1077,3.5291,3.6883,0,0,0.413,0.413,0.413,16.6568,26.838,-4.3481,44.9,20.288,23.2461,-4.3435,44.9,16.6003,23.3093,-4.3422,45.07,0.0918,1
229.498,5.1082,3.5296,3.6882,0,0,0.413,0.413,0.413,16.6711,26.8536,-4.348,44.9,20.302,23.2604,-4.343,44.88,16.6143,23.3244,-4.3429,45.06,0.0919,1
229.598,5.1089,3.5299,3.6887,0,0,0.413,0.413,0.413,16.6855,26.8695,-4.3478,44.91,20.3163,23.2753,-4.3424,44.87,16.6282,23.3401,-4.3436,45.05,0.0923,1
229.698,5.1098,3.5302,3.6892,0,0,0.413,0.413,0.413,16.7002,26.8856,-4.3476,44.91,20.3313,23.2904,-4.3418,44.86,16.6427,23.3559,-4.3442,45.03,0.0928,1
229.798,5.1108,3.5305,3.6893,0,0,0.413,0.413,0.413,16.715,26.9019,-4.3474,44.9,20.3464,23.3056,-4.3412,44.86,16.6577,23.3719,-4.3444,45.01,0.0932,1
229.898,5.1119,3.5308,3.6895,0,0,0.414,0.414,0.414,16.7299,26.9183,-4.3474,44.9,20.3619,23.3211,-4.3406,44.86,16.673,23.388,-4.3442,44.99,0.0937,1
229.998,5.1122,3.5312,3.6903,0,0,0.414,0.414,0.414,16.7454,26.9347,-4.3474,44.9,20.3778,23.3375,-4.3404,44.86,16.6881,23.404,-4.344,44.98,0.094,1
230.098,5.1118,3.5317,3.6912,0,0,0.414,0.414,0.414,16.7615,26.951,-4.3476,44.9,20.394,23.3545,-4.3402,44.86,16.7035,23.4198,-4.3437,44.97,0.0941,1
230.198,5.1114,3.5323,3.6922,0,0,0.413,0.413,0.413,16.7773,26.9675,-4.3477,44.9,20.4105,23.3721,-4.3399,44.86,16.7188,23.4357,-4.3432,44.96,0.0941,1
230.298,5.1113,3.5329,3.6932,0,0,0.413,0.413,0.413,16.7929,26.9842,-4.3481,44.9,20.4269,23.3898,-4.3399,44.86,16.7342,23.4518,-4.3426,44.96,0.0943,1
230.398,5.1119,3.5336,3.6938,0,0,0.413,0.413,0.413,16.8086,27.0013,-4.3485,44.89,20.4432,23.4067,-4.34,44.86,16.7499,23.4681,-4.3419,44.95,0.0946,1
230.498,5.1125,3.5345,3.6942,0,0,0.413,0.413,0.413,16.8246,27.0187,-4.3487,44.89,20.4596,23.4237,-4.3403,44.86,16.7658,23.4847,-4.3413,44.95,0.0949,1
230.598,5.113,3.5351,3.6942,0,0,0.413,0.413,0.413,16.8409,27.0365,-4.3487,44.89,20.4754,23.4404,-4.3409,44.86,16.7818,23.5019,-4.341,44.95,0.0949,1
230.698,5.1138,3.5361,3.6933,0,0,0.412,0.412,0.412,16.8572,27.0548,-4.3486,44.89,20.4907,23.4564,-4.3414,44.85,16.798,23.5192,-4.3406,44.94,0.0948,1
230.798,5.1143,3.537,3.6922,0,0,0.412,0.412,0.412,16.8736,27.073,-4.3484,44.89,20.5061,23.4728,-4.3422,44.84,16.8145,23.5364,-4.3402,44.94,0.0945,1
230.898,5.1148,3.5384,3.6907,0,0,0.411,0.411,0.411,16.8899,27.0913,-4.348,44.88,20.5217,23.4896,-4.3431,44.86,16.8315,23.5534,-4.3397,44.94,0.0942,1
230.998,5.1154,3.5398,3.6899,0,0,0.411,0.411,0.411,16.9066,27.1096,-4.3476,44.85,20.5377,23.5065,-4.3441,44.87,16.8484,23.5702,-4.3392,44.94,0.094,1
231.098,5.116,3.5414,3.69,0,0,0.41,0.41,0.41,16.9239,27.1278,-4.3473,44.83,20.5543,23.5232,-4.3449,44.86,16.8649,23.5869,-4.339,44.95,0.094,1
231.198,5.1167,3.543,3.6899,0,0,0.41,0.41,0.41,16.9413,27.1463,-4.3468,44.82,20.5709,23.5397,-4.3452,44.86,16.8815,23.6038,-4.3389,44.95,0.0941,1
231.298,5.1177,3.5442,3.6901,0,0,0.409,0.409,0.409,16.9587,27.1649,-4.3464,44.82,20.5877,23.5564,-4.3453,44.85,16.8982,23.6212,-4.339,44.95,0.0944,1
231.398,5.1181,3.5458,3.6908,0,0,0.409,0.409,0.409,16.9765,27.1834,-4.3463,44.82,20.6049,23.5738,-4.3452,44.84,16.9146,23.6382,-4.339,44.96,0.0946,1
231.498,5.118,3.5477,3.692,0,0,0.408,0.408,0.408,16.9947,27.2018,-4.3462,44.83,20.6226,23.5917,-4.3453,44.85,16.9311,23.6547,-4.3387,44.97,0.0946,1
231.598,5.1174,3.5493,3.693,0,0,0.407,0.407,0.407,17.0131,27.2201,-4.3464,44.84,20.6404,23.6104,-4.3456,44.87,16.9479,23.6714,-4.3383,44.97,0.0944,1
231.698,5.1157,3.5506,3.6928,0,0,0.406,0.406,0.406,17.032,27.2383,-4.3464,44.85,20.6577,23.6292,-4.3461,44.88,16.9654,23.6883,-4.3378,44.98,0.0935,1
231.798,5.1139,3.5519,3.689,0,0,0.405,0.405,0.405,17.0514,27.2567,-4.346,44.86,20.6716,23.6448,-4.3464,44.89,16.9831,23.7054,-4.3375,44.98,0.0915,1
231.898,5.1127,3.5533,3.681,0,0,0.404,0.404,0.404,17.0702,27.2758,-4.3458,44.87,20.6814,23.6565,-4.3466,44.9,17.001,23.7232,-4.3372,44.98,0.089,1
231.998,5.1123,3.5545,3.6696,0,0,0.404,0.404,0.404,17.0886,27.2954,-4.346,44.88,20.6878,23.6647,-4.3467,44.9,17.019,23.7416,-4.3372,44.99,0.0872,1
232.098,5.1118,3.5555,3.6559,0,0,0.403,0.403,0.403,17.1069,27.315,-4.3465,44.88,20.6916,23.6708,-4.3469,44.91,17.0367,23.7602,-4.3379,45.01,0.0868,1
232.198,5.1116,3.5563,3.641,0,0,0.401,0.401,0.401,17.1251,27.3345,-4.3472,44.87,20.6938,23.6749,-4.3473,44.92,17.0542,23.779,-4.3388,45.02,0.0888,1
232.298,5.112,3.557,3.6249,0,0,0.4,0.4,0.4,17.1432,27.3542,-4.3479,44.86,20.6948,23.6775,-4.3479,44.92,17.0719,23.7979,-4.3395,45.03,0.0938,1
232.398,5.1112,3.5609,3.6103,0,0,0.399,0.399,0.399,17.1612,27.3738,-4.3485,44.86,20.6942,23.6802,-4.3489,44.93,17.0864,23.8137,-4.3403,45.05,0.1,1
232.498,5.1099,3.5685,3.5996,0,0,0.398,0.398,0.398,17.1794,27.3932,-4.3486,44.87,20.693,23.6829,-4.3499,44.93,17.0962,23.8257,-4.3411,45.06,0.1067,1
232.598,5.1077,3.5749,3.5916,0,0,0.397,0.397,0.397,17.1945,27.4085,-4.3484,44.89,20.691,23.6853,-4.3508,44.94,17.1025,23.8348,-4.3419,45.08,0.1126,1
232.698,5.1051,3.5791,3.5857,0,0,0.395,0.395,0.395,17.2053,27.4193,-4.3484,44.91,20.6884,23.687,-4.351,44.96,17.106,23.8416,-4.3429,45.08,0.1172,1
232.798,5.1029,3.5816,3.5817,0,0,0.394,0.394,0.394,17.2123,27.4268,-4.3488,44.92,20.6854,23.6883,-4.3507,44.98,17.1073,23.8467,-4.3439,45.08,0.1207,1
232.898,5.1015,3.5837,3.5789,0,0,0.393,0.393,0.393,17.2162,27.4327,-4.3492,44.93,20.6823,23.6896,-4.3503,44.99,17.1071,23.8507,-4.3448,45.07,0.1233,1
232.998,5.1008,3.5856,3.5766,0,0,0.391,0.391,0.391,17.2175,27.4377,-4.3499,44.94,20.679,23.6913,-4.3502,45.0,17.1061,23.8539,-4.3455,45.05,0.1251,1
233.098,5.1003,3.587,3.575,0,0,0.39,0.39,0.39,17.2172,27.4418,-4.3505,44.95,20.6758,23.6932,-4.3504,45.01,17.1046,23.8565,-4.3462,45.03,0.1262,1
233.198,5.1001,3.5884,3.5738,0,0,0.388,0.388,0.388,17.2161,27.445,-4.3511,44.96,20.6729,23.6952,-4.3509,45.01,17.1029,23.8585,-4.3464,45.01,0.1267,1
233.298,5.0997,3.5893,3.5726,0,0,0.387,0.387,0.387,17.2147,27.4474,-4.3513,44.97,20.6703,23.697,-4.3511,45.0,17.1014,23.8599,-4.3467,44.99,0.1269,1
233.398,5.0999,3.59,3.5715,0,0,0.385,0.385,0.385,17.2125,27.4494,-4.3516,44.98,20.6679,23.6984,-4.3512,44.99,17.1,23.8611,-4.3467,44.97,0.127,1
233.498,5.1005,3.5908,3.5709,0,0,0.383,0.383,0.383,17.2096,27.4511,-4.3516,44.98,20.6656,23.7,-4.3512,45.0,17.0984,23.862,-4.3464,44.96,0.1269,1
233.598,5.1,3.5912,3.57,0,0,0.382,0.382,0.382,17.2069,27.4521,-4.3513,44.99,20.6632,23.7019,-4.3512,45.02,17.0968,23.8626,-4.3459,44.95,0.1262,1
233.698,5.0987,3.5911,3.5688,0,0,0.38,0.38,0.38,17.2042,27.4528,-4.3506,45.0,20.6602,23.7041,-4.3513,45.04,17.095,23.8634,-4.3458,44.94,0.1253,1
233.798,5.0981,3.5916,3.5679,0,0,0.378,0.378,0.378,17.201,27.4538,-4.3501,45.01,20.6574,23.7062,-4.3509,45.06,17.093,23.8639,-4.3458,44.95,0.1244,1
233.898,5.0987,3.5928,3.5672,0,0,0.376,0.376,0.376,17.1978,27.4555,-4.3495,45.02,20.655,23.7079,-4.3506,45.08,17.0912,23.8643,-4.3461,44.95,0.124,1
233.998,5.1,3.5939,3.567,0,0,0.374,0.374,0.374,17.1948,27.4577,-4.3487,45.03,20.6527,23.7091,-4.3501,45.09,17.0891,23.8654,-4.3463,44.95,0.1242,1
234.098,5.1014,3.5948,3.567,0,0,0.303,0.303,0.303,17.1916,27.4601,-4.3479,45.04,20.6503,23.7102,-4.3498,45.1,17.0868,23.8667,-4.3462,44.94,0.1247,1
234.198,5.1031,3.5969,3.5664,0,0,0.301,0.301,0.301,17.1883,27.4634,-4.3471,45.05,20.6481,23.7123,-4.3493,45.1,17.0852,23.8679,-4.3461,44.94,0.1248,1
234.298,5.1041,3.5993,3.5657,0,0,0.299,0.299,0.299,17.1855,27.4676,-4.3465,45.05,20.6464,23.716,-4.3488,45.1,17.0839,23.8697,-4.3459,44.94,0.1243,1
234.398,5.1049,3.6014,3.5656,0,0,0.297,0.297,0.297,17.1834,27.4726,-4.3464,45.05,20.6452,23.7208,-4.348,45.09,17.0828,23.8726,-4.3457,44.93,0.1237,1
234.498,5.1059,3.6027,3.566,0,0,0.295,0.295,0.295,17.1818,27.478,-4.3466,45.04,20.6447,23.7258,-4.347,45.1,17.0819,23.8767,-4.3456,44.93,0.1234,1
234.598,5.1071,3.6032,3.5662,0,0,0.293,0.293,0.293,17.1802,27.4833,-4.347,45.04,20.6445,23.7307,-4.3464,45.11,17.0815,23.8814,-4.3454,44.93,0.1234,1
234.698,5.1092,3.604,3.5663,0,0,0.291,0.291,0.291,17.1788,27.4889,-4.3474,45.04,20.6448,23.7353,-4.346,45.11,17.0817,23.8863,-4.3453,44.93,0.1238,1
234.798,5.112,3.6051,3.5666,0,0,0.289,0.289,0.289,17.1775,27.4951,-4.3478,45.04,20.6457,23.7395,-4.3457,45.1,17.0824,23.8912,-4.3453,44.93,0.1246,1
234.898,5.1142,3.6059,3.567,0,0,0.286,0.286,0.286,17.1767,27.5008,-4.3481,45.05,20.6466,23.7439,-4.3457,45.08,17.0829,23.8961,-4.3452,44.94,0.1252,1
234.998,5.1146,3.6059,3.5671,0,0,0.284,0.284,0.284,17.1766,27.5057,-4.3483,45.06,20.6472,23.7489,-4.346,45.06,17.0834,23.901,-4.3452,44.95,0.1251,1
235.098,5.1133,3.6054,3.5663,0,0,0.282,0.282,0.282,17.1772,27.51,-4.3483,45.07,20.6473,23.7544,-4.346,45.04,17.0842,23.9058,-4.3449,44.97,0.1245,1
235.198,5.1113,3.6041,3.5657,0,0,0.28,0.28,0.28,17.1782,27.5139,-4.3484,45.08,20.6473,23.76,-4.3461,45.03,17.0848,23.911,-4.3445,44.98,0.1238,1
235.298,5.1101,3.6032,3.5657,0,0,0.277,0.277,0.277,17.1792,27.518,-4.3483,45.08,20.6475,23.7652,-4.3462,45.01,17.0851,23.916,-4.3441,44.99,0.1234,1
235.398,5.1096,3.6029,3.5661,0,0,0.275,0.275,0.275,17.1802,27.5223,-4.3482,45.09,20.6484,23.7701,-4.3463,44.99,17.0855,23.9206,-4.3438,45.01,0.1231,1
235.498,5.1089,3.6029,3.5664,0,0,0.272,0.272,0.272,17.1813,27.5263,-4.3486,45.1,20.6494,23.775,-4.3466,44.99,17.0862,23.9246,-4.3438,45.02,0.1225,1
235.598,5.1079,3.6031,3.5667,0,0,0.27,0.27,0.27,17.1825,27.5301,-4.3491,45.1,20.6506,23.7799,-4.3472,44.98,17.0869,23.9282,-4.344,45.03,0.1217,1
235.698,5.1066,3.6035,3.5668,0,0,0.267,0.267,0.267,17.184,27.5338,-4.3494,45.09,20.6513,23.7848,-4.348,44.96,17.0875,23.9316,-4.3438,45.04,0.1208,1
235.798,5.1051,3.6036,3.5667,0,0,0.265,0.265,0.265,17.1856,27.5374,-4.3494,45.08,20.6518,23.7895,-4.3487,44.96,17.0881,23.9352,-4.3439,45.04,0.1202,1
235.898,5.1041,3.6039,3.5664,0,0,0.262,0.262,0.262,17.1873,27.541,-4.3496,45.06,20.6526,23.7936,-4.3493,44.96,17.0892,23.9384,-4.344,45.04,0.1197,1
235.998,5.104,3.6047,3.5664,0,0,0.26,0.26,0.26,17.189,27.5444,-4.3499,45.05,20.6543,23.7971,-4.3496,44.96,17.0908,23.9411,-4.344,45.04,0.1194,1
236.098,5.1039,3.6051,3.567,0,0,0.257,0.257,0.257,17.1909,27.5478,-4.3502,45.05,20.6564,23.8008,-4.35,44.97,17.0923,23.9441,-4.3439,45.03,0.1191,1
236.198,5.1041,3.6059,3.568,0,0,0.255,0.255,0.255,17.1929,27.5516,-4.3505,45.05,20.659,23.8048,-4.3503,44.99,17.0938,23.9471,-4.3442,45.02,0.1186,1
236.298,5.1047,3.6066,3.5691,0,0,0.252,0.252,0.252,17.1947,27.5556,-4.3508,45.05,20.6615,23.8087,-4.3506,45.02,17.0952,23.9503,-4.3449,44.99,0.1183,1
236.398,5.106,3.6076,3.57,0,0,0.249,0.249,0.249,17.1963,27.5599,-4.3513,45.05,20.6641,23.8121,-4.3507,45.05,17.097,23.9537,-4.3454,44.98,0.1186,1
236.498,5.1078,3.609,3.5707,0,0,0.246,0.246,0.246,17.198,27.5643,-4.3515,45.05,20.6669,23.815,-4.3508,45.07,17.099,23.9567,-4.3461,44.96,0.119,1
236.598,5.1096,3.6101,3.5713,0,0,0.244,0.244,0.244,17.1999,27.568,-4.3518,45.04,20.6698,23.8174,-4.3509,45.09,17.1013,23.9593,-4.3469,44.95,0.1195,1
236.698,5.1119,3.6112,3.5716,0,0,0.241,0.241,0.241,17.2017,27.5717,-4.3523,45.03,20.673,23.8193,-4.3507,45.1,17.1043,23.9619,-4.3477,44.96,0.1203,1
236.798,5.1146,3.6124,3.5719,0,0,0.238,0.238,0.238,17.2034,27.5753,-4.3526,45.03,20.6767,23.821,-4.3507,45.11,17.1077,23.9641,-4.3485,44.96,0.121,1
236.898,5.117,3.6137,3.5722,0,0,0.235,0.235,0.235,17.2052,27.5786,-4.3526,45.04,20.6804,23.8228,-4.3506,45.12,17.1111,23.9661,-4.349,44.96,0.1215,1
236.998,5.1182,3.6154,3.5717,0,0,0.232,0.232,0.232,17.2074,27.5818,-4.3526,45.04,20.6836,23.8252,-4.3508,45.12,17.1147,23.9676,-4.3494,44.96,0.1215,1
237.098,5.1185,3.6171,3.5709,0,0,0.23,0.23,0.23,17.2097,27.5847,-4.3527,45.04,20.6864,23.8281,-4.351,45.11,17.1183,23.9687,-4.3497,44.96,0.1209,1
237.198,5.1192,3.619,3.5705,0,0,0.227,0.227,0.227,17.212,27.5876,-4.3529,45.05,20.6897,23.831,-4.3511,45.11,17.1218,23.9697,-4.3501,44.96,0.1202,1
237.298,5.1211,3.6209,3.5713,0,0,0.224,0.224,0.224,17.2141,27.5904,-4.3529,45.05,20.6938,23.8332,-4.3511,45.1,17.1252,23.9706,-4.3504,44.97,0.1199,1
237.398,5.1239,3.6225,3.5726,0,0,0.221,0.221,0.221,17.2158,27.5933,-4.3529,45.05,20.6984,23.8349,-4.3515,45.1,17.1284,23.9718,-4.3505,44.97,0.1201,1
237.498,5.126,3.6235,3.5735,0,0,0.218,0.218,0.218,17.2172,27.5959,-4.3531,45.05,20.7026,23.8372,-4.3521,45.11,17.1317,23.9734,-4.3504,44.98,0.1199,1
237.598,5.1272,3.6233,3.5743,0,0,0.215,0.215,0.215,17.219,27.5982,-4.3533,45.05,20.7065,23.8398,-4.3529,45.11,17.1349,23.9758,-4.3499,44.99,0.1197,1
237.698,5.1279,3.6222,3.5749,0,0,0.212,0.212,0.212,17.221,27.5999,-4.3536,45.06,20.7101,23.842,-4.3534,45.11,17.1378,23.9787,-4.3492,44.99,0.1197,1
237.798,5.1285,3.6213,3.5755,0,0,0.209,0.209,0.209,17.2229,27.6018,-4.3538,45.08,20.7133,23.8444,-4.3536,45.1,17.1405,23.9814,-4.3484,44.98,0.1197,1
237.898,5.1286,3.6208,3.5758,0,0,0.206,0.206,0.206,17.225,27.604,-4.3536,45.09,20.7163,23.8472,-4.3533,45.09,17.1431,23.9842,-4.3477,44.98,0.1194,1
237.998,5.1287,3.6204,3.5768,0,0,0.203,0.203,0.203,17.2276,27.6062,-4.3533,45.1,20.7196,23.8499,-4.3529,45.08,17.1455,23.9868,-4.3471,44.99,0.1193,1
238.098,5.1287,3.6203,3.5775,0,0,0.2,0.2,0.2,17.2305,27.6085,-4.3531,45.1,20.723,23.8526,-4.3523,45.07,17.1481,23.9891,-4.3468,44.99,0.1189,1
238.198,5.1284,3.6207,3.577,0,0,0.197,0.197,0.197,17.2332,27.6107,-4.3529,45.09,20.7258,23.8555,-4.3513,45.05,17.1514,23.991,-4.3468,44.99,0.1184,1
238.298,5.128,3.6219,3.5757,0,0,0.194,0.194,0.194,17.2358,27.6132,-4.3523,45.09,20.7284,23.8585,-4.3502,45.05,17.1551,23.9923,-4.3466,44.98,0.1177,1
238.398,5.1275,3.6235,3.574,0,0,0.191,0.191,0.191,17.2381,27.6159,-4.352,45.08,20.7307,23.8618,-4.3494,45.05,17.1591,23.9933,-4.3461,44.98,0.1167,1
238.498,5.1274,3.6254,3.5722,0,0,0.188,0.188,0.188,17.2401,27.6188,-4.3517,45.08,20.7328,23.8649,-4.3483,45.04,17.163,23.9942,-4.3457,44.97,0.1159,1
238.598,5.127,3.6267,3.5708,0,0,0.185,0.185,0.185,17.2425,27.6214,-4.351,45.07,20.735,23.868,-4.3474,45.03,17.1664,23.9955,-4.3458,44.95,0.1152,1
238.698,5.1253,3.627,3.5691,0,0,0.181,0.181,0.181,17.2452,27.6235,-4.3499,45.05,20.7366,23.8713,-4.3468,45.02,17.1697,23.9973,-4.3461,44.93,0.1143,1
238.798,5.1227,3.6273,3.5665,0,0,0.178,0.178,0.178,17.2479,27.6256,-4.3492,45.04,20.7375,23.8752,-4.3466,45.0,17.1731,23.999,-4.3464,44.9,0.113,1
238.898,5.1202,3.6272,3.5645,0,0,0.175,0.175,0.175,17.2507,27.6274,-4.3486,45.03,20.7387,23.879,-4.3466,44.99,17.1763,24.001,-4.3463,44.88,0.1118,1
238.998,5.1183,3.6258,3.5637,0,0,0.172,0.172,0.172,17.2535,27.6291,-4.3483,45.01,20.7403,23.8822,-4.3467,44.99,17.1787,24.0041,-4.3461,44.86,0.1113,1
239.098,5.1162,3.6233,3.5637,0,0,0.169,0.169,0.169,17.2564,27.6306,-4.3478,44.99,20.7417,23.8853,-4.347,44.99,17.1802,24.0081,-4.346,44.85,0.1112,1
239.198,5.1144,3.6208,3.5637,0,0,0.166,0.166,0.166,17.2594,27.6323,-4.3474,44.97,20.7431,23.8879,-4.3469,45.01,17.1816,24.0123,-4.3461,44.83,0.1114,1
239.298,5.1129,3.6184,3.5642,0,0,0.163,0.163,0.163,17.2626,27.6338,-4.3468,44.96,20.7451,23.8904,-4.347,45.01,17.1831,24.0163,-4.3457,44.82,0.1116,1
239.398,5.1117,3.6158,3.5654,0,0,0.16,0.16,0.16,17.2663,27.635,-4.3461,44.96,20.7478,23.8922,-4.3471,45.02,17.1846,24.0201,-4.3451,44.82,0.1121,1
239.498,5.111,3.6138,3.5669,0,0,0.156,0.156,0.156,17.2698,27.6362,-4.3454,44.95,20.751,23.894,-4.3468,45.04,17.1864,24.0234,-4.345,44.82,0.1123,1
239.598,5.1114,3.6122,3.5691,0,0,0.153,0.153,0.153,17.2731,27.6378,-4.3447,44.96,20.7547,23.8956,-4.3467,45.05,17.188,24.0266,-4.3452,44.83,0.1129,1
239.698,5.1121,3.6108,3.5712,0,0,0.15,0.15,0.15,17.2759,27.6398,-4.344,44.97,20.7584,23.8972,-4.347,45.06,17.1896,24.03,-4.3453,44.84,0.1135,1
239.798,5.113,3.6097,3.5735,0,0,0.147,0.147,0.147,17.2783,27.642,-4.3434,44.97,20.7619,23.8993,-4.3474,45.06,17.191,24.0333,-4.3456,44.85,0.1139,1
239.898,5.1146,3.6084,3.5766,0,0,0.144,0.144,0.144,17.2802,27.6445,-4.3427,44.97,20.7657,23.9013,-4.3476,45.05,17.1917,24.0372,-4.3459,44.85,0.1146,1
239.998,5.1165,3.607,3.5799,0,0,0.141,0.141,0.141,17.2817,27.6476,-4.3422,44.97,20.7692,23.9037,-4.3527,45.04,17.192,24.0417,-4.346,44.86,0.1156,1
240.098,5.1182,3.6071,3.5822,0,0,0.115,0.115,0.115,17.283,27.6513,-4.3415,44.99,20.772,23.9066,-4.3645,45.02,17.1926,24.0453,-4.3456,44.86,0.1168,1
240.198,5.1189,3.6079,3.5835,0,0,0.113,0.113,0.113,17.2855,27.6549,-4.3409,45.0,20.7749,23.9098,-4.3816,45.0,17.1942,24.0482,-4.3453,44.85,0.1188,1
240.298,5.1191,3.6087,3.5843,0,0,0.11,0.11,0.11,17.2889,27.6586,-4.3405,45.01,20.7783,23.9136,-4.4029,44.99,17.197,24.0511,-4.3451,44.83,0.1224,1
240.398,5.1191,3.6099,3.5843,0,0,0.108,0.108,0.108,17.2923,27.6625,-4.3404,45.01,20.7818,23.918,-4.4275,44.97,17.201,24.0537,-4.3451,44.81,0.128,1
240.498,5.1187,3.6113,3.5837,0,0,0.106,0.106,0.106,17.296,27.6665,-4.3402,45.02,20.7852,23.923,-4.4547,44.94,17.2057,24.0563,-4.345,44.79,0.1361,1
240.598,5.1182,3.6128,3.5828,0,0,0.104,0.104,0.104,17.3003,27.6706,-4.3399,45.02,20.7885,23.928,-4.4838,44.92,17.2108,24.0589,-4.3447,44.76,0.147,1
240.698,5.1184,3.6153,3.5812,0,0,0.102,0.102,0.102,17.3042,27.6752,-4.3393,45.02,20.7917,23.9327,-4.5083,44.9,17.2166,24.061,-4.3441,44.75,0.1576,1
240.798,5.119,3.618,3.579,0,0,0.1,0.1,0.1,17.3078,27.6804,-4.3389,45.02,20.7948,23.9372,-4.5255,44.88,17.2226,24.0633,-4.3436,44.74,0.1658,1
240.898,5.1201,3.6208,3.5767,0,0,0.098,0.098,0.098,17.3112,27.6858,-4.3385,45.02,20.7978,23.9415,-4.5368,44.87,17.2285,24.0659,-4.3433,44.74,0.1715,1
240.998,5.1217,3.6239,3.5748,0,0,0.096,0.096,0.096,17.3144,27.6914,-4.3382,45.02,20.8012,23.9454,-4.5431,44.85,17.2341,24.0684,-4.3431,44.75,0.1749,1
241.098,5.1237,3.6265,3.5733,0,0,0.094,0.094,0.094,17.3176,27.6969,-4.3384,45.02,20.805,23.9489,-4.5454,44.83,17.2396,24.0712,-4.3432,44.77,0.1763,1
241.198,5.1262,3.6285,3.5723,0,0,0.092,0.092,0.092,17.3207,27.7027,-4.3387,45.01,20.8089,23.9519,-4.5444,44.82,17.2444,24.075,-4.3433,44.8,0.1765,1
241.298,5.1289,3.6296,3.5722,0,0,0.091,0.091,0.091,17.3237,27.7083,-4.3387,45.01,20.8131,23.9548,-4.5409,44.81,17.2486,24.0795,-4.3429,44.82,0.1757,1
241.398,5.1316,3.63,3.5722,0,0,0.089,0.089,0.089,17.3272,27.7134,-4.3388,45.01,20.8179,23.9571,-4.5355,44.81,17.2531,24.0841,-4.3427,44.82,0.1741,1
241.498,5.134,3.6298,3.5724,0,0,0.088,0.088,0.088,17.3311,27.7176,-4.3389,45.01,20.823,23.9589,-4.5286,44.8,17.2578,24.0886,-4.3424,44.82,0.1719,1
241.598,5.1359,3.6281,3.5737,0,0,0.086,0.086,0.086,17.3354,27.7212,-4.339,45.01,20.8283,23.9604,-4.5207,44.81,17.2616,24.0939,-4.3421,44.81,0.1695,1
241.698,5.1376,3.6261,3.5756,0,0,0.085,0.085,0.085,17.34,27.7246,-4.3394,45.02,20.8338,23.9618,-4.5121,44.82,17.265,24.0993,-4.3421,44.82,0.1668,1
241.798,5.1391,3.6234,3.5779,0,0,0.084,0.084,0.084,17.3446,27.7276,-4.34,45.02,20.8395,23.9634,-4.5029,44.83,17.268,24.1049,-4.3421,44.82,0.1639,1
241.898,5.1391,3.6198,3.58,0,0,0.083,0.083,0.083,17.3497,27.7297,-4.3405,45.03,20.8447,23.9651,-4.4936,44.85,17.2708,24.1107,-4.3423,44.81,0.1609,1
241.998,5.1371,3.6159,3.5808,0,0,0.082,0.082,0.082,17.3552,27.7312,-4.3413,45.04,20.8489,23.9678,-4.4844,44.86,17.274,24.1162,-4.3426,44.81,0.1573,1
242.098,5.1341,3.6124,3.5805,0,0,0.081,0.081,0.081,17.3606,27.7328,-4.3419,45.05,20.8525,23.9714,-4.475,44.87,17.2776,24.1214,-4.3428,44.82,0.1534,1
242.198,5.1312,3.6091,3.5803,0,0,0.081,0.081,0.081,17.3657,27.7343,-4.3425,45.06,20.856,23.9751,-4.4657,44.87,17.2811,24.1262,-4.3429,44.82,0.1495,1
242.298,5.1285,3.6059,3.5802,0,0,0.08,0.08,0.08,17.3704,27.7358,-4.3434,45.06,20.8593,23.9786,-4.4567,44.87,17.2842,24.1308,-4.3429,44.83,0.1459,1
242.398,5.126,3.603,3.5795,0,0,0.079,0.079,0.079,17.3748,27.737,-4.3445,45.06,20.8624,23.9818,-4.4479,44.88,17.2877,24.1351,-4.3427,44.83,0.1425,1
242.498,5.1299,3.6052,3.5776,0,0,0.079,0.079,0.079,17.3746,27.7425,-4.3458,45.06,20.8653,23.9846,-4.4395,44.87,17.2924,24.1382,-4.342,44.83,0.1406,1
242.598,5.1423,3.6148,3.5745,0,0,0.079,0.079,0.079,17.3682,27.7543,-4.3469,45.06,20.8679,23.9876,-4.4317,44.87,17.2978,24.1402,-4.3418,44.83,0.1406,1
242.698,5.1621,3.6299,3.571,0,0,0.079,0.079,0.079,17.3565,27.7711,-4.3478,45.06,20.8704,23.9904,-4.4246,44.87,17.3036,24.1417,-4.3421,44.83,0.1425,1
242.798,5.1864,3.6493,3.5666,0,0,0.079,0.079,0.079,17.3411,27.792,-4.3484,45.07,20.8721,23.9938,-4.418,44.88,17.3094,24.1428,-4.3427,44.83,0.1457,1
242.898,5.2149,3.6718,3.5623,0,0,0.079,0.079,0.079,17.3226,27.8158,-4.349,45.07,20.8734,23.997,-4.4114,44.88,17.3148,24.144,-4.3435,44.82,0.1504,1
242.998,5.2472,3.696,3.5593,0,0,0.079,0.079,0.079,17.3017,27.8418,-4.3496,45.07,20.8749,23.9997,-4.4049,44.89,17.3191,24.1459,-4.3443,44.82,0.1576,1
243.098,5.2822,3.7209,3.558,0,0,0.079,0.079,0.079,17.2788,27.8693,-4.3501,45.08,20.8766,24.0022,-4.3989,44.88,17.3221,24.1486,-4.3449,44.83,0.1764,1
243.198,5.3194,3.7472,3.5575,0,0,0.08,0.08,0.08,17.2547,27.8984,-4.3507,45.09,20.8784,24.0044,-4.3932,44.88,17.3243,24.1518,-4.3454,44.83,0.1974,1
243.298,5.3499,3.7686,3.5578,0,0,0.08,0.08,0.08,17.2355,27.9228,-4.3512,45.09,20.8804,24.0068,-4.388,44.88,17.3259,24.1553,-4.3457,44.83,0.215,1
243.398,5.3693,3.7821,3.5585,0,0,0.081,0.081,0.081,17.2241,27.9395,-4.3515,45.1,20.8824,24.0095,-4.3833,44.89,17.3272,24.1588,-4.3459,44.85,0.2263,1
243.498,5.3785,3.7885,3.5594,0,0,0.081,0.081,0.081,17.2194,27.9493,-4.3515,45.11,20.884,24.0125,-4.3792,44.9,17.3279,24.1624,-4.346,44.86,0.2316,1
243.598,5.3794,3.7888,3.5602,0,0,0.082,0.082,0.082,17.2206,27.9536,-4.3516,45.11,20.8853,24.0157,-4.3756,44.9,17.3284,24.1663,-4.346,44.88,0.232,1
243.698,5.3731,3.7847,3.5601,0,0,0.083,0.083,0.083,17.2258,27.9534,-4.3519,45.12,20.8858,24.0197,-4.3726,44.9,17.329,24.1701,-4.3456,44.89,0.2283,1
243.798,5.3615,3.7768,3.5595,0,0,0.084,0.084,0.084,17.2341,27.9496,-4.3522,45.12,20.8857,24.024,-4.37,44.9,17.3295,24.1741,-4.3448,44.89,0.2216,1
243.898,5.3466,3.7661,3.5589,0,0,0.085,0.085,0.085,17.2449,27.9432,-4.3523,45.12,20.8858,24.0279,-4.3675,44.91,17.3302,24.1781,-4.3437,44.9,0.2128,1
243.998,5.3294,3.7533,3.5586,0,0,0.086,0.086,0.086,17.2575,27.9348,-4.3524,45.12,20.8863,24.0316,-4.3652,44.92,17.3309,24.1822,-4.343,44.92,0.2027,1
244.098,5.3112,3.7389,3.5594,0,0,0.087,0.087,0.087,17.2714,27.9247,-4.3526,45.11,20.8874,24.0347,-4.3634,44.94,17.3313,24.1863,-4.3428,44.93,0.1916,1
244.198,5.2929,3.7242,3.561,0,0,0.088,0.088,0.088,17.2856,27.9137,-4.3531,45.1,20.8897,24.0375,-4.3618,44.96,17.332,24.1899,-4.3428,44.95,0.1805,1
244.298,5.2748,3.7094,3.5624,0,0,0.089,0.089,0.089,17.3002,27.9021,-4.3536,45.08,20.8922,24.0395,-4.3601,44.98,17.3332,24.1929,-4.3431,44.96,0.1696,1
244.398,5.2566,3.6949,3.5637,0,0,0.09,0.09,0.09,17.3147,27.8904,-4.3539,45.06,20.8946,24.0412,-4.3584,45.01,17.3342,24.1956,-4.3441,44.97,0.1591,1
244.498,5.2386,3.6814,3.5644,0,0,0.091,0.091,0.091,17.3286,27.8791,-4.354,45.05,20.8966,24.0434,-4.3569,45.03,17.3356,24.1977,-4.3449,44.99,0.1528,1
244.598,5.2219,3.6695,3.5643,0,0,0.093,0.093,0.093,17.3416,27.8689,-4.354,45.05,20.8986,24.0458,-4.3555,45.04,17.3377,24.1994,-4.3454,45.01,0.1479,1
244.698,5.2065,3.6588,3.5635,0,0,0.094,0.094,0.094,17.3534,27.8597,-4.3538,45.05,20.9004,24.0484,-4.3542,45.03,17.3402,24.2009,-4.346,45.02,0.1433,1
244.798,5.1917,3.6486,3.5625,0,0,0.095,0.095,0.095,17.3644,27.8512,-4.3534,45.04,20.9016,24.0509,-4.353,45.02,17.3423,24.2027,-4.3464,45.02,0.1391,1
244.898,5.1785,3.6399,3.5616,0,0,0.097,0.097,0.097,17.3748,27.8437,-4.3527,45.03,20.903,24.0531,-4.352,45.0,17.3447,24.204,-4.3468,45.02,0.1354,1
244.998,5.1682,3.6331,3.5611,0,0,0.098,0.098,0.098,17.384,27.8375,-4.3514,45.02,20.9054,24.0547,-4.3512,44.99,17.3475,24.2047,-4.3472,45.02,0.1325,1
245.098,5.1599,3.6275,3.5609,0,0,0.099,0.099,0.099,17.3923,27.8324,-4.3503,45.01,20.9082,24.0558,-4.3505,44.99,17.3504,24.2051,-4.3474,45.01,0.1301,1
245.198,5.1529,3.6227,3.5606,0,0,0.101,0.101,0.101,17.4003,27.8279,-4.3496,45.0,20.911,24.056,-4.3498,45.0,17.3535,24.2055,-4.3472,45.01,0.1286,1
245.298,5.1473,3.6182,3.5612,0,0,0.102,0.102,0.102,17.4075,27.8241,-4.3496,44.99,20.9139,24.0558,-4.3493,45.01,17.3559,24.2063,-4.3469,45.01,0.1278,1
245.398,5.1426,3.6141,3.5622,0,0,0.104,0.104,0.104,17.4146,27.8209,-4.35,44.98,20.9172,24.0555,-4.3489,45.02,17.3582,24.2073,-4.3468,45.01,0.1273,1
245.498,5.1386,3.6105,3.5631,0,0,0.105,0.105,0.105,17.4209,27.8186,-4.3503,44.98,20.9202,24.0556,-4.3486,45.02,17.3604,24.2086,-4.3469,44.99,0.1269,1
245.598,5.1349,3.6077,3.563,0,0,0.106,0.106,0.106,17.4261,27.817,-4.3506,44.96,20.9227,24.0565,-4.3482,45.03,17.363,24.2098,-4.3472,44.98,0.1262,1
245.698,5.1325,3.606,3.5623,0,0,0.108,0.108,0.108,17.4305,27.8162,-4.3507,44.94,20.9253,24.0574,-4.3477,45.04,17.3663,24.2108,-4.3475,44.96,0.1257,1
245.798,5.1311,3.6045,3.5621,0,0,0.109,0.109,0.109,17.4348,27.8158,-4.3508,44.94,20.9284,24.0577,-4.3473,45.05,17.3697,24.2119,-4.3477,44.94,0.1257,1
245.898,5.1302,3.6033,3.5623,0,0,0.111,0.111,0.111,17.4391,27.8153,-4.3509,44.93,20.9318,24.0577,-4.3471,45.06,17.3729,24.2126,-4.3479,44.92,0.1258,1
245.998,5.1293,3.6021,3.5633,0,0,0.112,0.112,0.112,17.4433,27.8152,-4.3508,44.92,20.9351,24.058,-4.3469,45.06,17.3752,24.2137,-4.348,44.91,0.1259,1
246.098,5.1289,3.6014,3.5641,0,0,0.169,0.169,0.169,17.4464,27.8157,-4.3508,44.92,20.938,24.0588,-4.3468,45.06,17.3773,24.2149,-4.348,44.9,0.126,1
246.198,5.1299,3.6014,3.5648,0,0,0.17,0.17,0.17,17.4488,27.817,-4.3511,44.92,20.9413,24.0595,-4.3469,45.07,17.38,24.2162,-4.3479,44.91,0.1263,1
246.298,5.1324,3.6021,3.5658,0,0,0.171,0.171,0.171,17.451,27.8189,-4.3515,44.92,20.9457,24.06,-4.347,45.08,17.3833,24.2174,-4.3477,44.91,0.127,1
246.398,5.1357,3.6039,3.5667,0,0,0.173,0.173,0.173,17.4534,27.8215,-4.3517,44.93,20.9505,24.0604,-4.3471,45.09,17.3873,24.2182,-4.3475,44.91,0.1278,1
246.498,5.1389,3.606,3.5672,0,0,0.174,0.174,0.174,17.4559,27.8248,-4.3518,44.94,20.955,24.0612,-4.3475,45.09,17.3914,24.2193,-4.3474,44.91,0.1287,1
246.598,5.1421,3.6079,3.5677,0,0,0.175,0.175,0.175,17.4585,27.8282,-4.3522,44.95,20.9595,24.062,-4.3482,45.1,17.3954,24.2209,-4.3473,44.91,0.1298,1
246.698,5.1449,3.6091,3.5682,0,0,0.176,0.176,0.176,17.4611,27.8316,-4.3523,44.95,20.9636,24.0629,-4.3485,45.1,17.3989,24.223,-4.3472,44.9,0.1311,1
246.798,5.1475,3.6105,3.5687,0,0,0.177,0.177,0.177,17.4639,27.8352,-4.3522,44.96,20.9675,24.0641,-4.3485,45.1,17.4025,24.2253,-4.3471,44.89,0.1322,1
246.898,5.1503,3.6119,3.5696,0,0,0.178,0.178,0.178,17.4665,27.8387,-4.3525,44.96,20.9719,24.0654,-4.3482,45.1,17.406,24.2274,-4.3472,44.89,0.1332,1
246.998,5.1533,3.6135,3.5707,0,0,0.179,0.179,0.179,17.4693,27.8423,-4.3526,44.96,20.9764,24.0665,-4.3482,45.11,17.4095,24.2292,-4.3471,44.9,0.1343,1
247.098,5.1563,3.6163,3.5712,0,0,0.18,0.18,0.18,17.4719,27.8462,-4.3525,44.95,20.9806,24.0677,-4.3482,45.11,17.4132,24.2304,-4.3468,44.9,0.1352,1
247.198,5.1588,3.6195,3.5713,0,0,0.181,0.181,0.181,17.4747,27.8502,-4.3524,44.94,20.9845,24.0693,-4.3484,45.11,17.4169,24.2312,-4.3465,44.91,0.1357,1
247.298,5.1607,3.6227,3.5709,0,0,0.182,0.182,0.182,17.4777,27.8542,-4.3522,44.93,20.988,24.0712,-4.3489,45.1,17.4207,24.2319,-4.3459,44.92,0.1361,1
247.398,5.1625,3.6256,3.5712,0,0,0.183,0.183,0.183,17.4808,27.858,-4.352,44.92,20.9915,24.073,-4.349,45.09,17.4238,24.2329,-4.3452,44.92,0.1365,1
247.498,5.1636,3.6275,3.5725,0,0,0.184,0.184,0.184,17.4842,27.8615,-4.3515,44.92,20.9949,24.0749,-4.3488,45.08,17.426,24.2344,-4.3447,44.92,0.1369,1
247.598,5.1647,3.6289,3.5746,0,0,0.185,0.185,0.185,17.4878,27.8644,-4.3508,44.92,20.9987,24.0765,-4.3484,45.08,17.4276,24.2359,-4.3441,44.92,0.1373,1
247.698,5.1656,3.6301,3.5765,0,0,0.186,0.186,0.186,17.4913,27.867,-4.3498,44.92,21.0024,24.0781,-4.3476,45.08,17.4294,24.2375,-4.3436,44.93,0.1376,1
247.798,5.1658,3.6309,3.5778,0,0,0.187,0.187,0.187,17.4947,27.8692,-4.3488,44.91,21.0057,24.08,-4.3467,45.09,17.4314,24.2389,-4.3434,44.94,0.1376,1
247.898,5.1659,3.6319,3.5791,0,0,0.187,0.187,0.187,17.498,27.8714,-4.348,44.89,21.0091,24.0822,-4.346,45.1,17.4335,24.2401,-4.3433,44.94,0.1373,1
247.998,5.1655,3.6334,3.5795,0,0,0.188,0.188,0.188,17.5011,27.8737,-4.3473,44.87,21.0117,24.0845,-4.3459,45.12,17.4356,24.2409,-4.3433,44.94,0.1368,1
248.098,5.1648,3.6346,3.5798,0,0,0.189,0.189,0.189,17.5035,27.8761,-4.3465,44.86,21.0135,24.0872,-4.3455,45.13,17.4371,24.242,-4.3434,44.94,0.1361,1
248.198,5.1633,3.6346,3.5801,0,0,0.19,0.19,0.19,17.5058,27.8783,-4.3458,44.86,21.0147,24.0905,-4.3453,45.15,17.4379,24.2443,-4.3437,44.94,0.1354,1
248.298,5.1609,3.6336,3.5804,0,0,0.19,0.19,0.19,17.5082,27.8797,-4.3458,44.86,21.0158,24.094,-4.345,45.17,17.4387,24.2468,-4.3444,44.94,0.1344,1
248.398,5.1585,3.6326,3.5803,0,0,0.191,0.191,0.191,17.511,27.8806,-4.346,44.86,21.0172,24.0969,-4.3446,45.18,17.4401,24.2487,-4.345,44.93,0.1334,1
248.498,5.1562,3.6315,3.581,0,0,0.191,0.191,0.191,17.514,27.8814,-4.3464,44.86,21.0188,24.0995,-4.3442,45.19,17.441,24.2506,-4.3456,44.93,0.1326,1
248.598,5.1539,3.6303,3.5821,0,0,0.192,0.192,0.192,17.5169,27.8821,-4.3466,44.86,21.0201,24.1019,-4.3437,45.21,17.4412,24.2526,-4.3461,44.94,0.1318,1
248.698,5.1519,3.6301,3.5827,0,0,0.193,0.193,0.193,17.5196,27.8834,-4.3468,44.86,21.0213,24.1045,-4.3432,45.22,17.4417,24.2541,-4.3464,44.96,0.1311,1
248.798,5.1505,3.6303,3.5834,0,0,0.193,0.193,0.193,17.5223,27.8849,-4.3465,44.86,21.0227,24.1068,-4.3429,45.22,17.4423,24.2555,-4.3467,44.97,0.1305,1
248.898,5.1486,3.6299,3.5845,0,0,0.193,0.193,0.193,17.5251,27.8861,-4.3459,44.86,21.0241,24.1092,-4.3427,45.22,17.4426,24.2572,-4.3472,44.96,0.1298,1
248.998,5.1465,3.6293,3.5853,0,0,0.194,0.194,0.194,17.528,27.8872,-4.3452,44.88,21.0254,24.1116,-4.3428,45.21,17.4431,24.2589,-4.3475,44.95,0.1291,1
249.098,5.1448,3.629,3.5852,0,0,0.194,0.194,0.194,17.5305,27.888,-4.3449,44.9,21.0263,24.1133,-4.3426,45.21,17.4441,24.26,-4.3477,44.94,0.1287,1
249.198,5.1427,3.6296,3.5844,0,0,0.195,0.195,0.195,17.5332,27.889,-4.3451,44.91,21.027,24.1153,-4.3426,45.22,17.4455,24.2604,-4.3477,44.94,0.1278,1
249.298,5.1404,3.6306,3.5836,0,0,0.195,0.195,0.195,17.5357,27.8897,-4.3454,44.93,21.0279,24.1177,-4.3423,45.22,17.4472,24.2601,-4.3473,44.95,0.1263,1
249.398,5.1387,3.6317,3.583,0,0,0.195,0.195,0.195,17.5379,27.89,-4.3457,44.94,21.0293,24.1196,-4.3417,45.22,17.4491,24.2593,-4.3468,44.96,0.1249,1
249.498,5.1376,3.6331,3.5827,0,0,0.195,0.195,0.195,17.5401,27.8902,-4.3458,44.96,21.0313,24.1211,-4.3411,45.21,17.4513,24.2581,-4.3468,44.98,0.1236,1
249.598,5.1356,3.6344,3.5823,0,0,0.196,0.196,0.196,17.5429,27.89,-4.3461,44.97,21.0335,24.1229,-4.3407,45.22,17.4536,24.2567,-4.3469,45.0,0.1218,1
249.698,5.1326,3.6355,3.5812,0,0,0.196,0.196,0.196,17.5458,27.8898,-4.3467,44.99,21.0347,24.1254,-4.3406,45.23,17.4559,24.2554,-4.3474,44.99,0.1197,1
249.798,5.1296,3.6369,3.5796,0,0,0.196,0.196,0.196,17.5483,27.8898,-4.3471,45.0,21.0357,24.128,-4.3403,45.26,17.4583,24.254,-4.3479,44.99,0.1182,1
249.898,5.1267,3.638,3.5783,0,0,0.196,0.196,0.196,17.5506,27.8896,-4.3476,45.01,21.0367,24.1306,-4.3401,45.27,17.4605,24.2527,-4.3484,44.99,0.1178,1
249.998,5.1243,3.6393,3.5772,0,0,0.196,0.196,0.196,17.5525,27.8898,-4.3483,45.02,21.0375,24.1331,-4.34,45.29,17.4623,24.2516,-4.3486,44.98,0.1177,1
250.097,5.1229,3.6411,3.576,0,0,0.196,0.196,0.196,17.554,27.8904,-4.3489,45.02,21.0386,24.1352,-4.34,45.31,17.4645,24.2504,-4.3487,44.98,0.1178,1
250.197,5.1222,3.6435,3.5745,0,0,0.196,0.196,0.196,17.5553,27.8914,-4.3492,45.02,21.04,24.1372,-4.3402,45.31,17.4672,24.249,-4.3489,44.98,0.118,1
250.297,5.1216,3.6465,3.5724,0,0,0.196,0.196,0.196,17.5564,27.8931,-4.3495,45.02,21.0408,24.1395,-4.3405,45.32,17.4701,24.2477,-4.3492,44.98,0.1186,1
250.397,5.1211,3.6497,3.57,0,0,0.196,0.196,0.196,17.5574,27.8948,-4.35,45.02,21.0413,24.1414,-4.3408,45.32,17.4728,24.2461,-4.3494,44.98,0.1194,1
250.497,5.1209,3.6529,3.5678,0,0,0.195,0.195,0.195,17.5583,27.8963,-4.3505,45.03,21.0417,24.1428,-4.3412,45.32,17.4754,24.2444,-4.3498,44.98,0.1203,1
250.597,5.1214,3.6557,3.5664,0,0,0.195,0.195,0.195,17.559,27.8975,-4.3508,45.05,21.0425,24.1433,-4.3416,45.3,17.4775,24.2427,-4.3504,44.97,0.1212,1
250.697,5.1222,3.6583,3.5658,0,0,0.195,0.195,0.195,17.5601,27.8986,-4.3507,45.07,21.0434,24.1432,-4.3418,45.29,17.4791,24.2412,-4.3509,44.95,0.1223,1
250.797,5.1225,3.6611,3.565,0,0,0.195,0.195,0.195,17.561,27.8998,-4.3505,45.08,21.0438,24.1435,-4.3419,45.28,17.4802,24.2397,-4.3512,44.94,0.1235,1
250.897,5.1232,3.664,3.5645,0,0,0.194,0.194,0.194,17.5614,27.9013,-4.3506,45.09,21.0443,24.1441,-4.3419,45.26,17.4811,24.2382,-4.3511,44.94,0.1246,1
250.997,5.1245,3.6668,3.5645,0,0,0.194,0.194,0.194,17.5615,27.9029,-4.3511,45.1,21.0451,24.1445,-4.342,45.23,17.4818,24.237,-4.3507,44.94,0.1257,1
251.097,5.1266,3.6691,3.5656,0,0,0.193,0.193,0.193,17.5614,27.9046,-4.3519,45.11,21.0461,24.1444,-4.3421,45.21,17.4817,24.2364,-4.3501,44.95,0.1269,1
251.197,5.1288,3.6711,3.5672,0,0,0.193,0.193,0.193,17.5613,27.9063,-4.3527,45.1,21.0473,24.1443,-4.3422,45.19,17.4813,24.2361,-4.35,44.95,0.1279,1
251.297,5.1312,3.6729,3.5689,0,0,0.193,0.193,0.193,17.5611,27.908,-4.3534,45.1,21.0487,24.1443,-4.3423,45.17,17.481,24.236,-4.3505,44.94,0.1289,1
251.397,5.1336,3.6745,3.5703,0,0,0.192,0.192,0.192,17.5611,27.9096,-4.3537,45.09,21.0502,24.1439,-4.3426,45.16,17.481,24.2359,-4.3509,44.94,0.1299,1
251.497,5.1363,3.6763,3.5714,0,0,0.192,0.192,0.192,17.561,27.911,-4.3537,45.09,21.0517,24.1433,-4.3431,45.15,17.4815,24.2356,-4.351,44.95,0.1308,1
251.597,5.1386,3.6782,3.5726,0,0,0.191,0.191,0.191,17.5611,27.9122,-4.3535,45.08,21.0532,24.1425,-4.3433,45.13,17.4818,24.2349,-4.3508,44.95,0.1319,1
251.697,5.1407,3.6802,3.5738,0,0,0.19,0.19,0.19,17.5615,27.9132,-4.3534,45.08,21.0548,24.1418,-4.3432,45.11,17.4821,24.2339,-4.3508,44.94,0.1329,1
251.797,5.1422,3.6818,3.5751,0,0,0.19,0.19,0.19,17.5617,27.9141,-4.353,45.07,21.0559,24.1414,-4.3426,45.1,17.482,24.2331,-4.3508,44.92,0.1338,1
251.897,5.1427,3.6831,3.5758,0,0,0.189,0.189,0.189,17.5622,27.9146,-4.3524,45.07,21.0564,24.1412,-4.342,45.09,17.4818,24.2324,-4.3509,44.91,0.1345,1
251.997,5.1415,3.6836,3.5758,0,0,0.188,0.188,0.188,17.5632,27.9145,-4.3517,45.06,21.0561,24.1416,-4.3417,45.09,17.4814,24.2317,-4.3509,44.92,0.1348,1
252.097,5.1392,3.6837,3.5755,0,0,0.116,0.116,0.116,17.5645,27.9138,-4.3508,45.06,21.0554,24.1422,-4.3414,45.1,17.481,24.231,-4.3507,44.92,0.1347,1
252.197,5.1375,3.6837,3.5759,0,0,0.115,0.115,0.115,17.5657,27.9125,-4.3498,45.07,21.0549,24.1416,-4.3413,45.09,17.48,24.2298,-4.3503,44.93,0.1349,1
252.297,5.1368,3.6839,3.5774,0,0,0.115,0.115,0.115,17.5665,27.9107,-4.349,45.07,21.0546,24.1397,-4.3411,45.07,17.4782,24.2278,-4.3495,44.93,0.1354,1
252.397,5.1372,3.6844,3.5792,0,0,0.114,0.114,0.114,17.5665,27.9083,-4.3483,45.07,21.0545,24.1367,-4.3411,45.05,17.4764,24.225,-4.3486,44.94,0.136,1
252.497,5.1386,3.6858,3.5804,0,0,0.114,0.114,0.114,17.5657,27.906,-4.3479,45.07,21.0543,24.133,-4.3414,45.04,17.475,24.2213,-4.3476,44.94,0.1368,1
252.597,5.1411,3.688,3.5817,0,0,0.113,0.113,0.113,17.5643,27.9036,-4.3475,45.07,21.0545,24.1288,-4.3416,45.04,17.4739,24.2167,-4.3469,44.94,0.1379,1
252.697,5.144,3.6899,3.5832,0,0,0.113,0.113,0.113,17.5628,27.9011,-4.3472,45.07,21.0548,24.124,-4.342,45.04,17.4726,24.2123,-4.3464,44.93,0.139,1
252.797,5.1464,3.6911,3.5846,0,0,0.112,0.112,0.112,17.5611,27.8981,-4.347,45.08,21.0548,24.1191,-4.3422,45.05,17.4713,24.2081,-4.3461,44.92,0.1397,1
252.897,5.1486,3.6919,3.5855,0,0,0.112,0.112,0.112,17.5594,27.8948,-4.3471,45.09,21.0545,24.1144,-4.3424,45.06,17.4701,24.204,-4.346,44.9,0.1402,1
252.997,5.1505,3.6928,3.586,0,0,0.111,0.111,0.111,17.5574,27.8914,-4.3473,45.1,21.0539,24.1097,-4.3428,45.07,17.4691,24.1997,-4.346,44.89,0.1407,1
253.097,5.1516,3.6938,3.586,0,0,0.111,0.111,0.111,17.5558,27.888,-4.3477,45.09,21.0529,24.1052,-4.3435,45.08,17.468,24.1952,-4.3463,44.88,0.1412,1
253.197,5.1528,3.6951,3.5862,0,0,0.11,0.11,0.11,17.5541,27.8851,-4.3482,45.07,21.0515,24.1009,-4.3438,45.07,17.4664,24.191,-4.347,44.86,0.1421,1
253.297,5.1545,3.6967,3.5867,0,0,0.11,0.11,0.11,17.5523,27.8827,-4.3484,45.05,21.0501,24.0967,-4.344,45.06,17.4646,24.1871,-4.3476,44.85,0.1431,1
253.397,5.1562,3.6978,3.5871,0,0,0.109,0.109,0.109,17.5504,27.8801,-4.3487,45.04,21.049,24.0924,-4.3491,45.06,17.463,24.1834,-4.3479,44.84,0.1439,1
253.497,5.158,3.6983,3.5873,0,0,0.109,0.109,0.109,17.5481,27.8774,-4.3487,45.03,21.0475,24.0881,-4.3609,45.06,17.4614,24.1801,-4.348,44.83,0.1445,1
253.597,5.1598,3.6988,3.5876,0,0,0.108,0.108,0.108,17.5458,27.8748,-4.3487,45.02,21.0459,24.0838,-4.3782,45.07,17.4596,24.1771,-4.3477,44.83,0.1453,1
253.697,5.1611,3.6989,3.5884,0,0,0.108,0.108,0.108,17.5441,27.8719,-4.3486,45.01,21.0445,24.0797,-4.3996,45.07,17.4578,24.174,-4.3471,44.84,0.1463,1
253.797,5.1621,3.6993,3.5896,0,0,0.107,0.107,0.107,17.5429,27.8688,-4.3484,45.01,21.0437,24.0759,-4.4243,45.07,17.4561,24.1706,-4.3469,44.84,0.1479,1
253.897,5.1629,3.6998,3.5911,0,0,0.107,0.107,0.107,17.5419,27.8658,-4.3484,45.01,21.0427,24.0724,-4.4514,45.07,17.4544,24.1671,-4.347,44.84,0.15,1
253.997,5.1625,3.6994,3.5922,0,0,0.106,0.106,0.106,17.5416,27.8621,-4.3483,45.01,21.0414,24.0692,-4.4805,45.08,17.4529,24.1637,-4.347,44.84,0.1524,1
254.097,5.1611,3.6986,3.5935,0,0,0.106,0.106,0.106,17.5422,27.8576,-4.3479,45.0,21.0402,24.066,-4.5052,45.09,17.4515,24.1601,-4.3471,44.84,0.1572,1
254.197,5.159,3.6973,3.5947,0,0,0.105,0.105,0.105,17.5434,27.8526,-4.3472,44.99,21.0392,24.0627,-4.5227,45.09,17.4501,24.1565,-4.3467,44.84,0.165,1
254.297,5.1565,3.6955,3.5958,0,0,0.105,0.105,0.105,17.5448,27.8476,-4.3465,44.99,21.0382,24.0594,-4.5336,45.1,17.4485,24.1534,-4.346,44.85,0.1702,1
254.397,5.1544,3.6938,3.5968,0,0,0.105,0.105,0.105,17.5458,27.8431,-4.3459,44.97,21.0373,24.0562,-4.5392,45.1,17.4469,24.1506,-4.3453,44.85,0.1731,1
254.497,5.1521,3.6927,3.5969,0,0,0.105,0.105,0.105,17.5466,27.839,-4.3456,44.96,21.0361,24.0537,-4.5406,45.1,17.4457,24.1477,-4.3448,44.85,0.1736,1
254.597,5.1492,3.6919,3.5959,0,0,0.104,0.104,0.104,17.547,27.8353,-4.3456,44.95,21.0345,24.052,-4.5392,45.11,17.445,24.1448,-4.3447,44.85,0.1722,1
254.697,5.1459,3.6913,3.5943,0,0,0.104,0.104,0.104,17.5473,27.832,-4.3456,44.94,21.0323,24.0506,-4.5357,45.11,17.4443,24.1422,-4.3446,44.86,0.1697,1
254.797,5.1422,3.6906,3.5924,0,0,0.104,0.104,0.104,17.548,27.8289,-4.3455,44.93,21.03,24.0495,-4.5306,45.12,17.4436,24.1397,-4.3447,44.87,0.1664,1
254.897,5.1373,3.6894,3.5901,0,0,0.104,0.104,0.104,17.5489,27.8253,-4.3455,44.92,21.0273,24.049,-4.524,45.13,17.4427,24.1374,-4.3448,44.87,0.1621,1
254.997,5.1317,3.6883,3.5877,0,0,0.104,0.104,0.104,17.5499,27.8216,-4.3458,44.9,21.0242,24.0487,-4.5162,45.15,17.4417,24.1349,-4.345,44.87,0.1569,1
255.097,5.1259,3.6871,3.5852,0,0,0.104,0.104,0.104,17.5508,27.8178,-4.3463,44.89,21.0212,24.0488,-4.5075,45.16,17.4407,24.1323,-4.3449,44.88,0.1512,1
255.197,5.1204,3.6857,3.5825,0,0,0.104,0.104,0.104,17.5515,27.8137,-4.3471,44.88,21.0184,24.0485,-4.4983,45.17,17.4401,24.1296,-4.3448,44.89,0.1481,1
255.297,5.1157,3.6847,3.5798,0,0,0.104,0.104,0.104,17.5518,27.8097,-4.3479,44.88,21.0158,24.0479,-4.489,45.17,17.4397,24.1268,-4.3447,44.9,0.1462,1
255.397,5.1113,3.6836,3.5775,0,0,0.104,0.104,0.104,17.5524,27.8057,-4.3484,44.88,21.0136,24.0469,-4.4795,45.16,17.4395,24.1238,-4.345,44.92,0.1445,1
255.497,5.1066,3.6822,3.5758,0,0,0.104,0.104,0.104,17.5535,27.8013,-4.349,44.88,21.0115,24.0456,-4.4701,45.15,17.4387,24.1209,-4.3454,44.93,0.143,1
255.597,5.103,3.6809,3.575,0,0,0.104,0.104,0.104,17.5544,27.7971,-4.3495,44.9,21.01,24.0438,-4.4613,45.13,17.4376,24.118,-4.3454,44.95,0.1417,1
255.697,5.1009,3.6804,3.5745,0,0,0.105,0.105,0.105,17.5545,27.7933,-4.3498,44.91,21.009,24.0416,-4.4531,45.12,17.4369,24.1148,-4.3452,44.97,0.1407,1
255.797,5.0994,3.6804,3.5742,0,0,0.105,0.105,0.105,17.5545,27.7898,-4.3499,44.93,21.0083,24.0393,-4.4452,45.12,17.4362,24.1113,-4.3451,44.99,0.1399,1
255.897,5.0989,3.6807,3.5744,0,0,0.106,0.106,0.106,17.5542,27.7865,-4.3498,44.93,21.008,24.0366,-4.4377,45.12,17.4354,24.1078,-4.3448,45.01,0.1395,1
255.997,5.105,3.6854,3.5748,0,0,0.106,0.106,0.106,17.5495,27.7878,-4.3496,44.91,21.0079,24.0336,-4.4302,45.12,17.4349,24.1041,-4.3444,45.03,0.1402,1
256.097,5.1197,3.6962,3.5746,0,0,0.107,0.107,0.107,17.5392,27.795,-4.3491,44.9,21.0081,24.0304,-4.4233,45.12,17.435,24.1003,-4.3442,45.03,0.1433,1
256.197,5.1411,3.7122,3.5742,0,0,0.107,0.107,0.107,17.5245,27.807,-4.3483,44.88,21.0082,24.0268,-4.4171,45.13,17.4354,24.0959,-4.3441,45.04,0.1493,1
256.297,5.1674,3.7323,3.5733,0,0,0.108,0.108,0.108,17.5062,27.8227,-4.3476,44.86,21.008,24.0234,-4.4113,45.12,17.436,24.0911,-4.344,45.04,0.1584,1
256.397,5.1907,3.7503,3.5725,0,0,0.109,0.109,0.109,17.4894,27.8368,-4.3472,44.84,21.0074,24.0205,-4.4058,45.12,17.4361,24.0868,-4.3441,45.04,0.1678,1
256.497,5.2085,3.7631,3.5728,0,0,0.11,0.11,0.11,17.4768,27.8469,-4.347,44.83,21.0067,24.0174,-4.4007,45.12,17.435,24.084,-4.3446,45.04,0.1753,1
256.597,5.2208,3.7708,3.5741,0,0,0.111,0.111,0.111,17.4679,27.8531,-4.3467,44.82,21.0061,24.0145,-4.3963,45.12,17.433,24.0824,-4.3453,45.03,0.1804,1
256.697,5.2282,3.7748,3.5758,0,0,0.112,0.112,0.112,17.4624,27.8561,-4.3462,44.8,21.0054,24.0117,-4.3921,45.12,17.4306,24.0814,-4.3459,45.04,0.1835,1
256.797,5.2319,3.7765,3.5778,0,0,0.113,0.113,0.113,17.4596,27.8564,-4.346,44.79,21.0043,24.0085,-4.3884,45.12,17.4274,24.0801,-4.3462,45.04,0.1851,1
256.897,5.2322,3.7759,3.5802,0,0,0.114,0.114,0.114,17.4593,27.8548,-4.3458,44.79,21.0029,24.0056,-4.3852,45.12,17.4237,24.0791,-4.3465,45.03,0.1853,1
256.997,5.2306,3.7735,3.5825,0,0,0.115,0.115,0.115,17.46,27.8519,-4.3456,44.79,21.0015,24.0028,-4.3827,45.11,17.42,24.0786,-4.3467,45.02,0.1846,1
257.097,5.2274,3.7693,3.585,0,0,0.116,0.116,0.116,17.4617,27.8476,-4.3452,44.77,21.0001,24.0,-4.3802,45.1,17.4161,24.0786,-4.3467,45.0,0.1828,1
257.197,5.2227,3.7633,3.5878,0,0,0.118,0.118,0.118,17.4639,27.8421,-4.3446,44.76,20.9986,23.9973,-4.3777,45.1,17.4118,24.0791,-4.3465,44.98,0.1801,1
257.297,5.2174,3.7561,3.5915,0,0,0.119,0.119,0.119,17.4664,27.8359,-4.3441,44.76,20.9972,23.9948,-4.3754,45.1,17.4068,24.0803,-4.3465,44.96,0.1769,1
257.397,5.212,3.7485,3.5952,0,0,0.121,0.121,0.121,17.4693,27.8295,-4.3436,44.76,20.996,23.9919,-4.3733,45.1,17.4021,24.0816,-4.3468,44.94,0.1737,1
257.497,5.2068,3.7412,3.5982,0,0,0.122,0.122,0.122,17.4721,27.8233,-4.3433,44.75,20.9946,23.989,-4.3716,45.1,17.3978,24.0828,-4.347,44.94,0.1707,1
257.597,5.2012,3.7345,3.6001,0,0,0.124,0.124,0.124,17.4744,27.8172,-4.3431,44.75,20.9927,23.9867,-4.3701,45.1,17.3939,24.0836,-4.3472,44.94,0.1679,1
257.697,5.195,3.7285,3.6013,0,0,0.126,0.126,0.126,17.4767,27.8112,-4.3431,44.76,20.9905,23.9849,-4.3686,45.1,17.3906,24.0837,-4.3475,44.94,0.1652,1
257.797,5.189,3.7232,3.602,0,0,0.127,0.127,0.127,17.4791,27.8053,-4.3431,44.76,20.9884,23.983,-4.3674,45.09,17.3878,24.0832,-4.348,44.94,0.1629,1
257.897,5.1839,3.7187,3.6024,0,0,0.129,0.129,0.129,17.4812,27.7995,-4.3431,44.78,20.9868,23.9808,-4.3664,45.09,17.3858,24.082,-4.3487,44.93,0.1609,1
257.997,5.1778,3.7148,3.6018,0,0,0.131,0.131,0.131,17.4833,27.7937,-4.3431,44.78,20.9847,23.9793,-4.3653,45.08,17.3844,24.0802,-4.3495,44.92,0.1589,1
258.097,5.1709,3.7113,3.5996,0,0,0.207,0.207,0.207,17.4853,27.788,-4.343,44.78,20.982,23.9786,-4.3642,45.09,17.3838,24.0781,-4.3502,44.93,0.1568,1
258.197,5.1635,3.7082,3.5961,0,0,0.21,0.21,0.21,17.4865,27.7816,-4.3429,44.79,20.9783,23.9777,-4.3631,45.11,17.3835,24.0748,-4.351,44.94,0.1548,1
258.297,5.1576,3.7061,3.5928,0,0,0.213,0.213,0.213,17.4869,27.775,-4.3426,44.8,20.9745,23.9753,-4.3619,45.12,17.3829,24.0703,-4.352,44.95,0.1534,1
258.397,5.1533,3.7047,3.5904,0,0,0.215,0.215,0.215,17.4865,27.7688,-4.3425,44.82,20.9707,23.9718,-4.3605,45.11,17.3815,24.0656,-4.353,44.96,0.1525,1
258.497,5.1503,3.7039,3.5884,0,0,0.218,0.218,0.218,17.4856,27.7629,-4.3425,44.84,20.9671,23.9675,-4.3589,45.1,17.3799,24.0605,-4.3541,44.96,0.1521,1
258.597,5.148,3.7032,3.5871,0,0,0.221,0.221,0.221,17.4844,27.7567,-4.3425,44.86,20.964,23.9626,-4.3571,45.09,17.3781,24.0551,-4.3551,44.97,0.1518,1
258.697,5.1462,3.703,3.5861,0,0,0.224,0.224,0.224,17.483,27.7506,-4.3424,44.87,20.9608,23.9575,-4.3555,45.09,17.3759,24.0492,-4.3558,44.98,0.1517,1
258.797,5.1454,3.7028,3.5855,0,0,0.227,0.227,0.227,17.481,27.7445,-4.3422,44.89,20.9579,23.9515,-4.3543,45.08,17.3736,24.0432,-4.356,44.99,0.1518,1
258.897,5.1454,3.7018,3.5855,0,0,0.23,0.23,0.23,17.4786,27.7379,-4.3418,44.91,20.9553,23.9448,-4.3534,45.06,17.371,24.0376,-4.3562,44.99,0.1516,1
258.997,5.1454,3.7005,3.5859,0,0,0.232,0.232,0.232,17.4763,27.7308,-4.3414,44.92,20.953,23.9378,-4.3524,45.06,17.3684,24.0319,-4.3564,44.99,0.1512,1
259.097,5.1459,3.6995,3.5863,0,0,0.235,0.235,0.235,17.4736,27.7241,-4.3411,44.92,20.9508,23.9308,-4.3512,45.04,17.3658,24.0263,-4.3565,44.99,0.1509,1
259.197,5.1469,3.6988,3.5867,0,0,0.238,0.238,0.238,17.4704,27.7179,-4.3408,44.93,20.9486,23.9242,-4.35,45.02,17.3632,24.0208,-4.3563,44.99,0.1505,1
259.297,5.1481,3.6979,3.5871,0,0,0.241,0.241,0.241,17.4666,27.712,-4.3403,44.93,20.9464,23.918,-4.3489,45.02,17.3606,24.0157,-4.3558,45.0,0.15,1
259.397,5.1491,3.6975,3.5866,0,0,0.244,0.244,0.244,17.4624,27.7067,-4.3397,44.93,20.9434,23.9124,-4.3477,45.01,17.3582,24.0107,-4.3552,45.01,0.1496,1
259.497,5.1495,3.698,3.5851,0,0,0.247,0.247,0.247,17.4577,27.702,-4.3395,44.93,20.9393,23.9079,-4.3466,45.01,17.3555,24.0055,-4.3547,45.01,0.1494,1
259.597,5.1493,3.6984,3.5833,0,0,0.25,0.25,0.25,17.4528,27.6976,-4.3396,44.94,20.9351,23.9043,-4.3458,45.01,17.3531,24.0006,-4.3542,45.01,0.1489,1
259.697,5.1494,3.6988,3.5813,0,0,0.253,0.253,0.253,17.4478,27.6934,-4.3397,44.94,20.931,23.9007,-4.3452,45.01,17.351,23.9959,-4.3536,45.0,0.1484,1
259.797,5.1497,3.6991,3.58,0,0,0.256,0.256,0.256,17.4433,27.6893,-4.3394,44.94,20.9271,23.8969,-4.3448,45.0,17.3484,23.9915,-4.353,45.0,0.1482,1
259.897,5.1501,3.6994,3.5793,0,0,0.259,0.259,0.259,17.4392,27.6852,-4.3389,44.94,20.9237,23.8928,-4.3446,44.99,17.3456,23.987,-4.3523,45.0,0.148,1
259.997,5.1516,3.6999,3.5797,0,0,0.262,0.262,0.262,17.4352,27.6815,-4.3386,44.94,20.921,23.8883,-4.3446,44.99,17.3426,23.9828,-4.3518,45.01,0.1482,1
260.097,5.1537,3.7002,3.5805,0,0,0.265,0.265,0.265,17.4318,27.6778,-4.3384,44.93,20.9189,23.8831,-4.3443,44.98,17.3397,23.9788,-4.3517,45.02,0.1486,1
260.197,5.1552,3.7001,3.5814,0,0,0.268,0.268,0.268,17.4289,27.6739,-4.3385,44.91,20.9168,23.8778,-4.3437,44.99,17.3367,23.9751,-4.3512,45.03,0.1489,1
260.297,5.1565,3.6999,3.5824,0,0,0.271,0.271,0.271,17.426,27.6702,-4.339,44.88,20.9145,23.8728,-4.3429,45.01,17.3335,23.9714,-4.3508,45.03,0.1492,1
260.397,5.1569,3.7002,3.5828,0,0,0.274,0.274,0.274,17.4235,27.6664,-4.3393,44.85,20.9118,23.8683,-4.3425,45.02,17.3304,23.9674,-4.3506,45.03,0.1496,1
260.497,5.1574,3.7006,3.5829,0,0,0.277,0.277,0.277,17.4206,27.663,-4.3394,44.84,20.9085,23.8638,-4.3425,45.02,17.327,23.9636,-4.3502,45.04,0.1501,1
260.597,5.1576,3.7011,3.5825,0,0,0.28,0.28,0.28,17.4176,27.6593,-4.3396,44.82,20.9049,23.8594,-4.3429,45.02,17.3238,23.9594,-4.3496,45.04,0.1506,1
260.697,5.157,3.7013,3.5819,0,0,0.283,0.283,0.283,17.4148,27.6552,-4.3396,44.81,20.9012,23.8553,-4.3434,45.02,17.3207,23.9551,-4.3491,45.04,0.1508,1
260.797,5.1557,3.7011,3.5817,0,0,0.286,0.286,0.286,17.4124,27.6507,-4.3395,44.82,20.8977,23.8514,-4.3436,45.02,17.3174,23.9508,-4.3486,45.04,0.1508,1
260.897,5.155,3.7011,3.5819,0,0,0.289,0.289,0.289,17.41,27.6465,-4.3399,44.83,20.8944,23.8474,-4.3436,45.03,17.3139,23.9466,-4.3482,45.03,0.1509,1
260.997,5.1545,3.701,3.5826,0,0,0.292,0.292,0.292,17.4075,27.6425,-4.3405,44.83,20.8914,23.8436,-4.3436,45.04,17.3102,23.9428,-4.3481,45.03,0.151,1
261.097,5.154,3.7013,3.5836,0,0,0.295,0.295,0.295,17.4051,27.639,-4.3407,44.84,20.8885,23.8403,-4.3439,45.04,17.3062,23.939,-4.348,45.03,0.1512,1
261.197,5.1538,3.7021,3.5843,0,0,0.298,0.298,0.298,17.4022,27.6362,-4.3406,44.84,20.8851,23.8374,-4.3445,45.05,17.3021,23.9355,-4.3479,45.03,0.1516,1
261.297,5.1526,3.7025,3.5839,0,0,0.301,0.301,0.301,17.3992,27.6332,-4.3404,44.84,20.8808,23.8349,-4.3452,45.05,17.2982,23.9321,-4.3478,45.03,0.1519,1
261.397,5.1505,3.7022,3.5835,0,0,0.304,0.304,0.304,17.3964,27.6299,-4.3404,44.83,20.8761,23.8326,-4.3457,45.04,17.294,23.9291,-4.3478,45.02,0.1519,1
261.497,5.1483,3.7016,3.5829,0,0,0.307,0.307,0.307,17.3935,27.6264,-4.3404,44.83,20.8715,23.8305,-4.3459,45.05,17.2898,23.9262,-4.3479,45.03,0.1516,1
261.597,5.1454,3.7012,3.5819,0,0,0.31,0.31,0.31,17.3905,27.6228,-4.3405,44.82,20.8666,23.8291,-4.3461,45.05,17.2859,23.9231,-4.3481,45.04,0.1511,1
261.697,5.1427,3.7002,3.5811,0,0,0.313,0.313,0.313,17.3869,27.6192,-4.341,44.82,20.8618,23.8281,-4.3463,45.06,17.2818,23.9205,-4.3484,45.04,0.1502,1
261.797,5.1401,3.6992,3.5802,0,0,0.316,0.316,0.316,17.3832,27.6158,-4.3418,44.81,20.857,23.8273,-4.3469,45.06,17.2779,23.9181,-4.3488,45.05,0.1492,1
261.897,5.1382,3.6989,3.5792,0,0,0.319,0.319,0.319,17.3799,27.6127,-4.3424,44.82,20.8525,23.8255,-4.3477,45.06,17.2744,23.9153,-4.3491,45.04,0.1489,1
261.997,5.1376,3.6993,3.5785,0,0,0.322,0.322,0.322,17.3767,27.6098,-4.3425,44.84,20.8485,23.8228,-4.3484,45.08,17.2711,23.912,-4.3494,45.03,0.1491,1
262.097,5.138,3.7003,3.5779,0,0,0.325,0.325,0.325,17.3734,27.6072,-4.3427,44.86,20.8449,23.8194,-4.3486,45.08,17.2682,23.9085,-4.3496,45.02,0.1496,1
262.197,5.14,3.7014,3.5778,0,0,0.328,0.328,0.328,17.3697,27.605,-4.3429,44.87,20.842,23.8152,-4.348,45.07,17.2653,23.9051,-4.3498,45.02,0.1504,1
262.297,5.143,3.7021,3.5779,0,0,0.331,0.331,0.331,17.3655,27.6028,-4.343,44.88,20.8393,23.8104,-4.3472,45.06,17.2626,23.9021,-4.3501,45.01,0.1511,1
262.397,5.1457,3.7026,3.5781,0,0,0.334,0.334,0.334,17.3616,27.6002,-4.343,44.89,20.8371,23.8055,-4.3466,45.04,17.2602,23.899,-4.3503,45.02,0.1515,1
262.497,5.1478,3.7023,3.5786,0,0,0.336,0.336,0.336,17.3581,27.5968,-4.3431,44.9,20.8351,23.8007,-4.3464,45.03,17.2577,23.8958,-4.3504,45.02,0.1516,1
262.597,5.1494,3.7019,3.5792,0,0,0.339,0.339,0.339,17.3549,27.5932,-4.3433,44.91,20.833,23.796,-4.3513,45.02,17.2552,23.8926,-4.3509,45.04,0.1517,1
262.697,5.1512,3.7012,3.5802,0,0,0.342,0.342,0.342,17.3518,27.5894,-4.3438,44.92,20.8311,23.791,-4.3627,45.02,17.2524,23.8895,-4.3511,45.05,0.1518,1
262.797,5.1538,3.7009,3.5819,0,0,0.345,0.345,0.345,17.3486,27.5858,-4.3444,44.91,20.8298,23.7856,-4.3796,45.02,17.2495,23.8862,-4.351,45.04,0.1524,1
262.897,5.1565,3.7011,3.5837,0,0,0.348,0.348,0.348,17.3457,27.5821,-4.3449,44.9,20.829,23.7804,-4.4004,45.0,17.2471,23.8823,-4.3506,45.03,0.1534,1
262.997,5.1592,3.7016,3.5855,0,0,0.35,0.35,0.35,17.3427,27.5786,-4.3452,44.89,20.8281,23.7756,-4.4243,44.99,17.2448,23.8783,-4.3498,45.02,0.1548,1
263.097,5.1617,3.7021,3.5873,0,0,0.353,0.353,0.353,17.3403,27.575,-4.3453,44.9,20.8271,23.7706,-4.4504,44.98,17.2427,23.8742,-4.349,45.0,0.157,1
263.197,5.1642,3.7026,3.5889,0,0,0.356,0.356,0.356,17.3381,27.5713,-4.3453,44.91,20.8262,23.7655,-4.4783,44.96,17.2412,23.87,-4.3484,44.98,0.1597,1
263.297,5.1658,3.7027,3.59,0,0,0.359,0.359,0.359,17.3362,27.5673,-4.3448,44.91,20.8252,23.761,-4.5017,44.96,17.24,23.8658,-4.3481,44.97,0.1624,1
263.397,5.1662,3.703,3.5903,0,0,0.361,0.361,0.361,17.3341,27.5632,-4.3439,44.9,20.8234,23.7573,-4.5177,44.96,17.2387,23.8614,-4.348,44.97,0.1694,1
263.497,5.166,3.7033,3.5901,0,0,0.364,0.364,0.364,17.3319,27.5592,-4.3434,44.9,20.8212,23.7541,-4.5277,44.95,17.237,23.8571,-4.348,44.96,0.1736,1
263.597,5.1651,3.7033,3.5902,0,0,0.367,0.367,0.367,17.3297,27.5552,-4.3429,44.9,20.8188,23.7514,-4.5331,44.94,17.2348,23.8531,-4.3483,44.95,0.1756,1
263.697,5.1635,3.7031,3.5895,0,0,0.369,0.369,0.369,17.3277,27.5511,-4.3424,44.9,20.8161,23.7491,-4.535,44.94,17.2328,23.8493,-4.3485,44.93,0.1758,1
263.797,5.1611,3.7028,3.5882,0,0,0.372,0.372,0.372,17.326,27.5473,-4.342,44.89,20.8129,23.747,-4.5341,44.94,17.2308,23.8457,-4.3483,44.91,0.1747,1
263.897,5.1581,3.7026,3.5866,0,0,0.375,0.375,0.375,17.3243,27.5434,-4.3415,44.89,20.8094,23.7454,-4.5308,44.95,17.2287,23.8421,-4.3479,44.9,0.1724,1
263.997,5.1544,3.7022,3.5849,0,0,0.377,0.377,0.377,17.3229,27.5393,-4.3412,44.88,20.8055,23.7439,-4.5258,44.96,17.2263,23.8383,-4.3474,44.88,0.1691,1
264.097,5.15,3.7018,3.5827,0,0,0.35,0.35,0.35,17.3219,27.535,-4.3408,44.87,20.8014,23.7426,-4.52,44.97,17.224,23.8345,-4.3472,44.87,0.1653,1
264.197,5.1451,3.7007,3.5813,0,0,0.352,0.352,0.352,17.32,27.531,-4.3401,44.88,20.7965,23.742,-4.513,44.97,17.2202,23.8317,-4.3471,44.86,0.1608,1
264.297,5.1406,3.6995,3.58,0,0,0.355,0.355,0.355,17.3164,27.5275,-4.3394,44.89,20.7903,23.7419,-4.505,44.96,17.2148,23.8295,-4.3471,44.86,0.1588,1
264.397,5.1365,3.6986,3.5785,0,0,0.357,0.357,0.357,17.3113,27.5244,-4.3386,44.91,20.7829,23.7422,-4.4968,44.97,17.2085,23.8273,-4.3472,44.87,0.1572,1
264.497,5.1323,3.6979,3.5773,0,0,0.36,0.36,0.36,17.3049,27.5219,-4.3381,44.93,20.7748,23.7433,-4.4888,44.98,17.2012,23.8255,-4.3475,44.88,0.1554,1
264.597,5.1284,3.6974,3.5762,0,0,0.362,0.362,0.362,17.2981,27.5199,-4.3377,44.93,20.7663,23.7447,-4.4803,44.99,17.1934,23.8241,-4.3481,44.88,0.1538,1
264.697,5.1253,3.6967,3.5756,0,0,0.364,0.364,0.364,17.291,27.5184,-4.3373,44.93,20.7577,23.7457,-4.4717,44.99,17.1851,23.8232,-4.3486,44.87,0.1525,1
264.797,5.1233,3.6965,3.5748,0,0,0.367,0.367,0.367,17.2833,27.517,-4.3369,44.93,20.7493,23.7462,-4.4634,44.99,17.1772,23.822,-4.349,44.86,0.1513,1
264.897,5.1218,3.6965,3.5735,0,0,0.369,0.369,0.369,17.2753,27.5155,-4.3366,44.94,20.7413,23.7465,-4.4557,44.98,17.1702,23.8205,-4.3494,44.86,0.1499,1
264.997,5.1214,3.6973,3.5724,0,0,0.371,0.371,0.371,17.2671,27.5144,-4.3365,44.95,20.734,23.7465,-4.4486,44.97,17.1637,23.8185,-4.3501,44.85,0.1489,1
265.097,5.1219,3.6985,3.5714,0,0,0.374,0.374,0.374,17.2591,27.5131,-4.3367,44.97,20.7273,23.7455,-4.4425,44.96,17.1578,23.8159,-4.351,44.86,0.1483,1
265.197,5.1281,3.7033,3.5705,0,0,0.376,0.376,0.376,17.2478,27.5152,-4.3371,44.98,20.7211,23.7437,-4.4368,44.97,17.1523,23.8131,-4.3516,44.87,0.149,1
265.297,5.1418,3.7131,3.5698,0,0,0.378,0.378,0.378,17.2317,27.5219,-4.3377,45.0,20.7153,23.7412,-4.4311,44.98,17.1471,23.8098,-4.352,44.87,0.1521,1
265.397,5.1618,3.727,3.5694,0,0,0.38,0.38,0.38,17.2114,27.5326,-4.3382,45.01,20.7102,23.7385,-4.4254,44.98,17.1422,23.8063,-4.3522,44.87,0.1576,1
265.497,5.1868,3.7438,3.5694,0,0,0.382,0.382,0.382,17.1882,27.5462,-4.3388,45.03,20.7057,23.7353,-4.4197,44.98,17.1376,23.8028,-4.3524,44.88,0.1657,1
265.597,5.2153,3.7623,3.5699,0,0,0.384,0.384,0.384,17.1625,27.5617,-4.3392,45.03,20.7017,23.7317,-4.4141,44.96,17.1329,23.7994,-4.3523,44.9,0.1764,1
265.697,5.2468,3.7819,3.5712,0,0,0.386,0.386,0.386,17.1352,27.5787,-4.3395,45.03,20.6979,23.7275,-4.4088,44.95,17.1278,23.7968,-4.3518,44.92,0.1894,1
265.797,5.2808,3.8023,3.5733,0,0,0.388,0.388,0.388,17.1066,27.5968,-4.3396,45.03,20.6946,23.7226,-4.4037,44.95,17.1224,23.7945,-4.3515,44.93,0.2047,1
265.897,5.3091,3.8184,3.5756,0,0,0.39,0.39,0.39,17.0824,27.6107,-4.3398,45.02,20.6914,23.7174,-4.3988,44.94,17.1169,23.7925,-4.351,44.93,0.2177,1
265.997,5.3277,3.8274,3.5785,0,0,0.392,0.392,0.392,17.065,27.6179,-4.3397,45.02,20.6886,23.7126,-4.3942,44.92,17.1113,23.7908,-4.3501,44.94,0.226,1
266.097,5.3381,3.8305,3.5817,0,0,0.394,0.394,0.394,17.0536,27.6197,-4.3395,45.02,20.6858,23.7081,-4.3899,44.9,17.1053,23.7895,-4.3494,44.94,0.2298,1
266.197,5.3422,3.8293,3.585,0,0,0.396,0.396,0.396,17.047,27.6176,-4.3394,45.02,20.683,23.7039,-4.3861,44.88,17.0992,23.7886,-4.3491,44.93,0.2303,1
266.297,5.3414,3.8252,3.5878,0,0,0.398,0.398,0.398,17.0442,27.6123,-4.3393,45.02,20.6803,23.6998,-4.3827,44.87,17.0938,23.7875,-4.3493,44.93,0.2284,1
266.397,5.3362,3.8186,3.5903,0,0,0.4,0.4,0.4,17.0443,27.6043,-4.3393,45.03,20.6774,23.6961,-4.3799,44.86,17.0884,23.786,-4.3498,44.93,0.2242,1
266.497,5.3278,3.81,3.5925,0,0,0.401,0.401,0.401,17.0463,27.5943,-4.3391,45.02,20.6743,23.6929,-4.3776,44.85,17.083,23.7846,-4.3502,44.93,0.2183,1
266.597,5.3176,3.8004,3.5944,0,0,0.403,0.403,0.403,17.0497,27.5833,-4.3391,45.02,20.6712,23.6898,-4.3757,44.84,17.0781,23.7831,-4.3501,44.94,0.2117,1
266.697,5.3053,3.7899,3.5959,0,0,0.405,0.405,0.405,17.0545,27.5712,-4.3389,45.02,20.6679,23.6868,-4.3741,44.83,17.0733,23.7814,-4.3496,44.96,0.2042,1
266.797,5.2921,3.7796,3.5968,0,0,0.406,0.406,0.406,17.0603,27.5591,-4.3388,45.01,20.6643,23.684,-4.3727,44.83,17.0688,23.7795,-4.3492,44.97,0.1968,1
266.897,5.2787,3.7693,3.5977,0,0,0.408,0.408,0.408,17.0665,27.547,-4.3391,45.0,20.6609,23.6812,-4.3712,44.83,17.0646,23.7778,-4.3491,44.97,0.1895,1
266.997,5.265,3.7591,3.5985,0,0,0.409,0.409,0.409,17.0732,27.535,-4.3394,44.99,20.6577,23.6787,-4.3694,44.84,17.0606,23.7759,-4.349,44.98,0.1823,1
267.097,5.2509,3.7496,3.599,0,0,0.411,0.411,0.411,17.0801,27.5231,-4.3398,44.99,20.6546,23.6767,-4.3676,44.84,17.0569,23.7735,-4.349,45.0,0.1755,1
267.197,5.2368,3.7408,3.5996,0,0,0.412,0.412,0.412,17.0871,27.5115,-4.3401,44.98,20.6515,23.675,-4.3659,44.85,17.0532,23.7708,-4.349,45.02,0.1691,1
267.297,5.2236,3.7326,3.5998,0,0,0.413,0.413,0.413,17.0934,27.5004,-4.3402,44.99,20.6484,23.6732,-4.3641,44.86,17.0499,23.7681,-4.3489,45.03,0.1634,1
267.397,5.2115,3.7243,3.6005,0,0,0.415,0.415,0.415,17.0992,27.4899,-4.3403,44.99,20.6456,23.6712,-4.3625,44.88,17.0464,23.766,-4.349,45.03,0.1581,1
267.497,5.2009,3.7165,3.6018,0,0,0.416,0.416,0.416,17.1043,27.4799,-4.341,45.0,20.6432,23.6687,-4.361,44.9,17.0426,23.7639,-4.349,45.04,0.1535,1
267.597,5.1919,3.7095,3.6038,0,0,0.417,0.417,0.417,17.1086,27.4706,-4.3419,45.01,20.6412,23.6658,-4.3597,44.92,17.0386,23.7618,-4.3491,45.04,0.1497,1
267.697,5.1841,3.7028,3.6062,0,0,0.418,0.418,0.418,17.1125,27.4618,-4.343,45.02,20.6395,23.6625,-4.3585,44.94,17.0346,23.7598,-4.3491,45.06,0.1464,1
267.797,5.1775,3.6971,3.6086,0,0,0.419,0.419,0.419,17.1158,27.4538,-4.3438,45.03,20.6381,23.6592,-4.3572,44.96,17.0309,23.7577,-4.3489,45.07,0.1438,1
267.897,5.1713,3.692,3.6099,0,0,0.42,0.42,0.42,17.1186,27.4463,-4.3445,45.04,20.6366,23.656,-4.356,44.98,17.0281,23.7554,-4.3485,45.08,0.1415,1
267.997,5.1659,3.6884,3.6102,0,0,0.422,0.422,0.422,17.1207,27.4397,-4.3452,45.05,20.6348,23.6532,-4.355,44.99,17.0259,23.7526,-4.3485,45.08,0.1398,1
268.097,5.1611,3.6857,3.6096,0,0,0.422,0.422,0.422,17.1225,27.4338,-4.3456,45.06,20.6327,23.6502,-4.3542,45.0,17.0245,23.7494,-4.3485,45.09,0.1386,1
268.197,5.1567,3.6838,3.6081,0,0,0.423,0.423,0.423,17.1237,27.4281,-4.3457,45.06,20.6306,23.6475,-4.3534,45.0,17.0239,23.7457,-4.3486,45.09,0.1375,1
268.297,5.1529,3.6826,3.6064,0,0,0.424,0.424,0.424,17.1242,27.4233,-4.3454,45.06,20.6284,23.6453,-4.3524,45.0,17.0234,23.7421,-4.3485,45.08,0.1367,1
268.397,5.1492,3.6821,3.6043,0,0,0.425,0.425,0.425,17.1249,27.419,-4.345,45.07,20.6263,23.6435,-4.3514,45.0,17.0233,23.7384,-4.3482,45.08,0.1362,1
268.497,5.1461,3.6818,3.6048,0,0,0.426,0.426,0.426,17.1254,27.4152,-4.3444,45.07,20.627,23.6441,-4.3504,44.99,17.0233,23.7348,-4.348,45.08,0.1347,1
268.597,5.1443,3.6822,3.6091,0,0,0.427,0.427,0.427,17.1254,27.412,-4.3437,45.08,20.6317,23.6477,-4.3494,44.96,17.0236,23.7312,-4.3477,45.07,0.1322,1
268.697,5.1432,3.6831,3.6126,0,0,0.427,0.427,0.427,17.1249,27.409,-4.3427,45.08,20.6363,23.651,-4.3489,44.95,17.0245,23.7273,-4.3473,45.04,0.1298,1
268.797,5.1428,3.6871,3.6143,0,0,0.428,0.428,0.428,17.1264,27.4089,-4.342,45.08,20.639,23.6526,-4.3486,44.93,17.0255,23.7231,-4.3471,45.02,0.1304,1
268.897,5.1425,3.6945,3.6152,0,0,0.429,0.429,0.429,17.1312,27.412,-4.3415,45.08,20.6403,23.6528,-4.3479,44.92,17.0257,23.7191,-4.3469,45.0,0.1345,1
268.997,5.1419,3.7016,3.6154,0,0,0.429,0.429,0.429,17.1364,27.4148,-4.3409,45.08,20.6404,23.6518,-4.3474,44.92,17.0256,23.7149,-4.3467,44.97,0.139,1
269.097,5.1415,3.7071,3.6153,0,0,0.43,0.43,0.43,17.14,27.416,-4.3407,45.09,20.6402,23.6499,-4.3469,44.92,17.0255,23.7106,-4.3462,44.95,0.1425,1
269.197,5.1413,3.711,3.6149,0,0,0.43,0.43,0.43,17.1422,27.416,-4.3407,45.1,20.6396,23.6476,-4.3466,44.93,17.0253,23.7068,-4.3458,44.94,0.1451,1
269.297,5.1417,3.7134,3.6145,0,0,0.43,0.43,0.43,17.1427,27.415,-4.3408,45.1,20.6389,23.6449,-4.3464,44.95,17.0249,23.7035,-4.3454,44.92,0.1466,1
269.397,5.1429,3.713,3.611,0,0,0.431,0.431,0.431,17.1419,27.4138,-4.3411,45.1,20.638,23.642,-4.3461,44.96,17.0275,23.7026,-4.3451,44.91,0.1466,1
269.497,5.1446,3.7089,3.604,0,0,0.431,0.431,0.431,17.1401,27.4123,-4.3414,45.08,20.637,23.6387,-4.3459,44.98,17.0336,23.7049,-4.345,44.9,0.1449,1
269.597,5.1464,3.7039,3.5972,0,0,0.431,0.431,0.431,17.138,27.4101,-4.3418,45.07,20.636,23.6352,-4.346,44.99,17.0395,23.7075,-4.3451,44.89,0.1429,1
269.697,5.1479,3.6998,3.5929,0,0,0.431,0.431,0.431,17.1363,27.4073,-4.3424,45.06,20.6354,23.6315,-4.3461,45.0,17.0433,23.7087,-4.345,44.88,0.1412,1
269.797,5.1489,3.6964,3.593,0,0,0.431,0.431,0.431,17.1347,27.404,-4.343,45.06,20.6376,23.6303,-4.3463,45.01,17.0454,23.7087,-4.345,44.86,0.1387,1
269.897,5.1498,3.694,3.5974,0,0,0.432,0.432,0.432,17.1327,27.401,-4.3435,45.08,20.6429,23.6328,-4.3466,45.03,17.0462,23.7079,-4.345,44.84,0.1353,1
269.997,5.1516,3.6928,3.6025,0,0,0.432,0.432,0.432,17.1302,27.3985,-4.3444,45.08,20.6478,23.6349,-4.3471,45.05,17.0461,23.7067,-4.3449,44.84,0.1326,1
270.097,5.1539,3.6919,3.6063,0,0,0.345,0.345,0.345,17.1272,27.3966,-4.3451,45.07,20.6509,23.6353,-4.3475,45.08,17.0452,23.7056,-4.345,44.84,0.1308,1
270.197,5.156,3.6927,3.6096,0,0,0.345,0.345,0.345,17.1278,27.3979,-4.3456,45.07,20.6531,23.6354,-4.3476,45.11,17.0442,23.7062,-4.3451,44.85,0.1315,1
270.297,5.1572,3.693,3.6122,0,0,0.344,0.344,0.344,17.1308,27.4005,-4.3459,45.08,20.6553,23.6355,-4.3477,45.12,17.0438,23.7085,-4.3451,44.86,0.1327,1
270.397,5.1577,3.6917,3.6148,0,0,0.344,0.344,0.344,17.1343,27.4027,-4.3462,45.09,20.6576,23.6359,-4.3475,45.13,17.0436,23.7121,-4.3452,44.86,0.1332,1
270.497,5.1575,3.6897,3.6172,0,0,0.344,0.344,0.344,17.1379,27.4046,-4.3463,45.1,20.6599,23.6369,-4.3473,45.14,17.0436,23.7161,-4.3455,44.86,0.1334,1
270.597,5.1567,3.688,3.6191,0,0,0.344,0.344,0.344,17.1419,27.4065,-4.3466,45.09,20.6622,23.6383,-4.347,45.14,17.044,23.7198,-4.3458,44.87,0.1334,1
270.697,5.156,3.6868,3.6208,0,0,0.343,0.343,0.343,17.1461,27.4085,-4.3467,45.09,20.6648,23.6398,-4.347,45.13,17.0449,23.7231,-4.3461,44.88,0.1336,1
270.797,5.1554,3.6859,3.6223,0,0,0.343,0.343,0.343,17.1506,27.4106,-4.3467,45.08,20.6679,23.6413,-4.3471,45.12,17.0465,23.7261,-4.3459,44.89,0.1339,1
270.897,5.1543,3.6848,3.623,0,0,0.343,0.343,0.343,17.1554,27.4122,-4.3467,45.06,20.6708,23.6428,-4.347,45.12,17.0489,23.729,-4.3457,44.89,0.134,1
270.997,5.153,3.6836,3.6227,0,0,0.342,0.342,0.342,17.1602,27.4138,-4.347,45.05,20.6735,23.6441,-4.3472,45.11,17.0519,23.7318,-4.3456,44.88,0.1341,1
271.097,5.1523,3.6828,3.622,0,0,0.342,0.342,0.342,17.1644,27.4157,-4.3472,45.05,20.676,23.6454,-4.3472,45.09,17.0551,23.7345,-4.3458,44.87,0.1343,1
271.197,5.1526,3.6824,3.621,0,0,0.341,0.341,0.341,17.1676,27.4178,-4.3472,45.05,20.6786,23.6466,-4.3523,45.08,17.0587,23.737,-4.3461,44.86,0.1345,1
271.297,5.1525,3.6823,3.6199,0,0,0.34,0.34,0.34,17.1709,27.4195,-4.3472,45.06,20.6812,23.6479,-4.3639,45.07,17.0625,23.7388,-4.3462,44.86,0.1348,1
271.397,5.1521,3.6827,3.6181,0,0,0.34,0.34,0.34,17.174,27.4214,-4.3472,45.06,20.6834,23.6495,-4.3808,45.07,17.0666,23.7402,-4.3461,44.87,0.1353,1
271.497,5.1519,3.6832,3.6165,0,0,0.339,0.339,0.339,17.1769,27.4233,-4.3474,45.05,20.6856,23.6514,-4.4016,45.06,17.0708,23.7416,-4.341,44.87,0.1359,1
271.597,5.1523,3.684,3.6157,0,0,0.338,0.338,0.338,17.1794,27.4255,-4.3476,45.03,20.6879,23.6531,-4.4255,45.05,17.0746,23.743,-4.3292,44.87,0.1367,1
271.697,5.1535,3.6851,3.6155,0,0,0.337,0.337,0.337,17.1815,27.4277,-4.3476,45.01,20.69,23.6545,-4.4518,45.05,17.0784,23.7443,-4.3122,44.87,0.1376,1
271.797,5.1549,3.6861,3.6161,0,0,0.337,0.337,0.337,17.1836,27.4297,-4.3477,45.01,20.6921,23.6553,-4.4798,45.05,17.0821,23.7454,-4.2913,44.87,0.1539,1
271.897,5.1555,3.6875,3.6176,0,0,0.336,0.336,0.336,17.1861,27.4315,-4.3481,45.01,20.6939,23.6566,-4.5031,45.05,17.0851,23.7463,-4.2673,44.88,0.171,1
271.997,5.155,3.6888,3.6196,0,0,0.335,0.335,0.335,17.1891,27.4332,-4.3482,45.02,20.6956,23.6584,-4.5189,45.04,17.0877,23.7473,-4.2409,44.89,0.1858,1
272.097,5.1537,3.6897,3.6216,0,0,0.334,0.334,0.334,17.1919,27.4343,-4.348,45.03,20.6969,23.6604,-4.5287,45.02,17.0901,23.7485,-4.2128,44.9,0.1986,1
272.197,5.1512,3.69,3.6229,0,0,0.333,0.333,0.333,17.1945,27.4351,-4.3475,45.04,20.6976,23.663,-4.5337,45.0,17.0922,23.7499,-4.1892,44.91,0.2076,1
272.297,5.1483,3.6898,3.6234,0,0,0.332,0.332,0.332,17.1972,27.4358,-4.3468,45.06,20.6982,23.6659,-4.535,45.01,17.0939,23.7515,-4.173,44.92,0.2125,1
272.397,5.1448,3.6896,3.6233,0,0,0.33,0.33,0.33,17.1998,27.4364,-4.3461,45.06,20.6986,23.6691,-4.5335,45.01,17.0952,23.7528,-4.1627,44.93,0.214,1
272.497,5.1405,3.6892,3.6218,0,0,0.329,0.329,0.329,17.2028,27.4368,-4.3458,45.06,20.6986,23.6724,-4.5296,45.02,17.0969,23.7539,-4.1572,44.94,0.2125,1
272.597,5.1353,3.6879,3.6196,0,0,0.328,0.328,0.328,17.2064,27.4365,-4.3457,45.05,20.6987,23.6757,-4.5238,45.03,17.0987,23.7551,-4.1556,44.95,0.2086,1
272.697,5.129,3.6853,3.6169,0,0,0.327,0.327,0.327,17.2108,27.4353,-4.3459,45.05,20.6986,23.6787,-4.5168,45.02,17.1004,23.7565,-4.1573,44.95,0.203,1
272.797,5.1218,3.682,3.6137,0,0,0.325,0.325,0.325,17.2158,27.4337,-4.3462,45.06,20.6983,23.6817,-4.509,45.01,17.1022,23.7581,-4.1615,44.95,0.1961,1
272.897,5.1143,3.6786,3.6103,0,0,0.324,0.324,0.324,17.2209,27.4318,-4.3462,45.06,20.6982,23.6846,-4.5006,45.01,17.104,23.7595,-4.1672,44.94,0.1885,1
272.997,5.1065,3.6749,3.6068,0,0,0.323,0.323,0.323,17.2265,27.4298,-4.3461,45.07,20.698,23.6877,-4.4922,45.01,17.106,23.761,-4.1742,44.93,0.1806,1
273.097,5.0989,3.6715,3.603,0,0,0.321,0.321,0.321,17.2315,27.4282,-4.3457,45.07,20.6977,23.6911,-4.484,45.03,17.1081,23.7624,-4.1822,44.92,0.1727,1
273.197,5.0922,3.6691,3.5993,0,0,0.32,0.32,0.32,17.2357,27.4273,-4.3453,45.06,20.6972,23.6949,-4.4762,45.04,17.1099,23.7637,-4.1906,44.92,0.1648,1
273.297,5.0874,3.6671,3.5961,0,0,0.318,0.318,0.318,17.239,27.4274,-4.3451,45.07,20.6969,23.6979,-4.4683,45.03,17.1116,23.7654,-4.1989,44.91,0.1575,1
273.397,5.0838,3.6657,3.5932,0,0,0.316,0.316,0.316,17.2421,27.428,-4.3454,45.07,20.6969,23.7003,-4.461,45.02,17.1133,23.7672,-4.2071,44.91,0.1508,1
273.497,5.0808,3.6649,3.5907,0,0,0.315,0.315,0.315,17.245,27.429,-4.3458,45.07,20.6973,23.7028,-4.454,45.01,17.1152,23.7688,-4.2151,44.9,0.1444,1
273.597,5.0781,3.6638,3.589,0,0,0.313,0.313,0.313,17.2475,27.4299,-4.3464,45.08,20.698,23.7056,-4.4471,45.0,17.1166,23.7706,-4.2226,44.89,0.1381,1
273.697,5.076,3.6627,3.5884,0,0,0.311,0.311,0.311,17.2498,27.4313,-4.3471,45.09,20.699,23.7083,-4.4403,44.99,17.1174,23.7729,-4.2298,44.87,0.1322,1
273.797,5.0795,3.665,3.5878,0,0,0.31,0.31,0.31,17.248,27.4362,-4.3481,45.08,20.7001,23.711,-4.4337,44.99,17.1183,23.7753,-4.237,44.85,0.1271,1
273.897,5.0898,3.6713,3.5873,0,0,0.308,0.308,0.308,17.2409,27.4459,-4.3489,45.07,20.7009,23.7138,-4.4275,44.98,17.1188,23.7781,-4.2441,44.84,0.1282,1
273.997,5.1062,3.6812,3.5868,0,0,0.306,0.306,0.306,17.2294,27.4596,-4.3498,45.08,20.7014,23.7162,-4.4218,44.96,17.1193,23.7814,-4.2506,44.84,0.1307,1
274.097,5.1272,3.6942,3.5865,0,0,0.304,0.304,0.304,17.2144,27.4767,-4.3506,45.09,20.7017,23.7187,-4.4164,44.95,17.1193,23.7849,-4.2571,44.83,0.1353,1
274.197,5.1518,3.7102,3.5865,0,0,0.302,0.302,0.302,17.197,27.4968,-4.3513,45.09,20.7017,23.7212,-4.4113,44.94,17.1189,23.7884,-4.2635,44.82,0.1426,1
274.297,5.1794,3.7279,3.5868,0,0,0.3,0.3,0.3,17.1774,27.5186,-4.3514,45.09,20.7019,23.7237,-4.4064,44.93,17.1183,23.7921,-4.2698,44.81,0.1522,1
274.397,5.2088,3.7471,3.587,0,0,0.298,0.298,0.298,17.1562,27.5415,-4.3511,45.08,20.7019,23.7261,-4.4019,44.93,17.1177,23.7953,-4.2757,44.8,0.164,1
274.497,5.2329,3.7627,3.5869,0,0,0.296,0.296,0.296,17.1384,27.5605,-4.3506,45.07,20.7017,23.7285,-4.3976,44.95,17.1173,23.7986,-4.281,44.8,0.1745,1
274.597,5.25,3.7727,3.5872,0,0,0.294,0.294,0.294,17.1259,27.5742,-4.3501,45.07,20.702,23.7307,-4.3938,44.96,17.1172,23.8021,-4.286,44.81,0.182,1
274.697,5.2615,3.7783,3.5881,0,0,0.292,0.292,0.292,17.1178,27.5834,-4.3497,45.08,20.7031,23.7327,-4.39,44.97,17.1172,23.8056,-4.2905,44.83,0.1866,1
274.797,5.2673,3.7802,3.5886,0,0,0.29,0.29,0.29,17.1136,27.5887,-4.349,45.08,20.7042,23.735,-4.3866,44.98,17.1175,23.8089,-4.295,44.84,0.1886,1
274.897,5.2688,3.7797,3.589,0,0,0.287,0.287,0.287,17.1129,27.5915,-4.3482,45.08,20.7052,23.7374,-4.3832,44.99,17.118,23.8121,-4.2995,44.84,0.1887,1
274.997,5.267,3.778,3.5891,0,0,0.285,0.285,0.285,17.1147,27.5927,-4.3474,45.07,20.7063,23.7403,-4.3802,45.0,17.1188,23.815,-4.3034,44.85,0.1874,1
275.097,5.262,3.7749,3.5886,0,0,0.283,0.283,0.283,17.1187,27.5921,-4.3467,45.06,20.7072,23.7435,-4.3779,45.0,17.12,23.8174,-4.3071,44.86,0.1849,1
275.197,5.2552,3.7706,3.5881,0,0,0.281,0.281,0.281,17.1244,27.59,-4.346,45.05,20.7081,23.7465,-4.3756,45.0,17.1213,23.8196,-4.3104,44.85,0.1816,1
275.297,5.2465,3.765,3.588,0,0,0.278,0.278,0.278,17.1315,27.5869,-4.3453,45.05,20.709,23.7493,-4.3732,45.0,17.1222,23.822,-4.3133,44.86,0.1775,1
275.397,5.2373,3.759,3.5879,0,0,0.276,0.276,0.276,17.1393,27.5836,-4.3445,45.05,20.7098,23.7522,-4.3709,45.0,17.1231,23.8248,-4.3158,44.87,0.1732,1
275.497,5.2282,3.7523,3.5886,0,0,0.274,0.274,0.274,17.1474,27.5802,-4.3437,45.06,20.7111,23.7549,-4.3686,45.0,17.1237,23.828,-4.3181,44.87,0.1688,1
275.597,5.2193,3.7451,3.5904,0,0,0.271,0.271,0.271,17.156,27.5766,-4.3428,45.07,20.7131,23.7572,-4.3664,45.0,17.1237,23.8317,-4.3202,44.86,0.1645,1
275.697,5.2105,3.7371,3.5929,0,0,0.269,0.269,0.269,17.1645,27.573,-4.3421,45.08,20.715,23.7595,-4.3644,44.99,17.1232,23.8362,-4.3219,44.85,0.16,1
275.797,5.2017,3.7289,3.5953,0,0,0.266,0.266,0.266,17.1726,27.5692,-4.3419,45.08,20.7167,23.7617,-4.363,44.99,17.1225,23.8407,-4.3236,44.85,0.1556,1
275.897,5.1931,3.7203,3.5981,0,0,0.264,0.264,0.264,17.1801,27.5656,-4.342,45.08,20.718,23.7641,-4.3616,44.98,17.121,23.8459,-4.3255,44.84,0.1513,1
275.997,5.1854,3.7121,3.6005,0,0,0.261,0.261,0.261,17.1868,27.5627,-4.3422,45.07,20.719,23.7664,-4.3601,44.98,17.1196,23.8512,-4.3274,44.83,0.1475,1
276.097,5.1788,3.705,3.6022,0,0,0.373,0.373,0.373,17.1929,27.5602,-4.3426,45.06,20.72,23.7682,-4.3588,44.99,17.1189,23.856,-4.3294,44.83,0.1444,1
276.197,5.1727,3.698,3.6042,0,0,0.37,0.37,0.37,17.1995,27.5568,-4.3428,45.05,20.722,23.7688,-4.3577,44.99,17.1191,23.8597,-4.3313,44.83,0.1415,1
276.297,5.1664,3.6901,3.6067,0,0,0.368,0.368,0.368,17.2073,27.5516,-4.3431,45.04,20.7254,23.7681,-4.3566,44.98,17.12,23.8626,-4.3333,44.83,0.1383,1
276.397,5.1598,3.6825,3.6089,0,0,0.366,0.366,0.366,17.2161,27.5452,-4.343,45.05,20.7294,23.7662,-4.3555,44.98,17.1218,23.8638,-4.3352,44.83,0.1354,1
276.497,5.1536,3.6766,3.6097,0,0,0.363,0.363,0.363,17.225,27.5387,-4.3426,45.05,20.7335,23.7638,-4.3544,44.99,17.1252,23.8635,-4.3367,44.82,0.1333,1
276.597,5.1483,3.6723,3.6097,0,0,0.361,0.361,0.361,17.2337,27.533,-4.3423,45.05,20.7376,23.7611,-4.3534,45.0,17.1293,23.8621,-4.3382,44.81,0.132,1
276.697,5.1443,3.6698,3.6091,0,0,0.358,0.358,0.358,17.2414,27.5282,-4.3423,45.05,20.7417,23.7584,-4.3524,45.0,17.1341,23.86,-4.3396,44.81,0.1312,1
276.797,5.141,3.6681,3.6077,0,0,0.356,0.356,0.356,17.2487,27.5238,-4.3428,45.04,20.7459,23.7555,-4.3514,45.0,17.1396,23.8573,-4.3407,44.8,0.1309,1
276.897,5.1381,3.6669,3.6063,0,0,0.353,0.353,0.353,17.2558,27.5196,-4.3432,45.04,20.7501,23.7526,-4.3504,45.0,17.1452,23.8543,-4.3418,44.81,0.1306,1
276.997,5.1349,3.6664,3.6041,0,0,0.35,0.35,0.35,17.2629,27.5158,-4.3433,45.05,20.7539,23.7502,-4.3494,44.99,17.1513,23.8511,-4.3428,44.81,0.1306,1
277.097,5.1322,3.6668,3.6013,0,0,0.348,0.348,0.348,17.269,27.5131,-4.3433,45.07,20.7572,23.7485,-4.3486,44.98,17.1573,23.8479,-4.3436,44.8,0.1308,1
277.197,5.1304,3.6676,3.599,0,0,0.345,0.345,0.345,17.2741,27.5111,-4.3437,45.09,20.7605,23.7473,-4.3477,44.98,17.1629,23.8451,-4.3442,44.8,0.131,1
277.297,5.1293,3.6683,3.597,0,0,0.343,0.343,0.343,17.2787,27.5094,-4.344,45.11,20.7642,23.7462,-4.347,44.97,17.1685,23.8427,-4.3447,44.79,0.131,1
277.397,5.1287,3.6686,3.5957,0,0,0.34,0.34,0.34,17.2825,27.5079,-4.3442,45.11,20.7677,23.7453,-4.3463,44.97,17.1733,23.8409,-4.3455,44.79,0.1308,1
277.497,5.1281,3.6689,3.5949,0,0,0.337,0.337,0.337,17.2861,27.5067,-4.3441,45.11,20.7712,23.7449,-4.3456,44.97,17.1775,23.8394,-4.3461,44.81,0.1306,1
277.597,5.1282,3.6694,3.5943,0,0,0.335,0.335,0.335,17.2894,27.5063,-4.3442,45.1,20.7745,23.7444,-4.3451,44.97,17.1815,23.8385,-4.3462,44.83,0.1307,1
277.697,5.1284,3.6695,3.5934,0,0,0.332,0.332,0.332,17.2923,27.5063,-4.3443,45.09,20.7773,23.744,-4.3451,44.97,17.1851,23.8384,-4.3464,44.83,0.1308,1
277.797,5.1282,3.6691,3.5925,0,0,0.329,0.329,0.329,17.2949,27.5067,-4.3443,45.09,20.7796,23.7444,-4.3452,44.96,17.1883,23.8391,-4.3463,44.83,0.1306,1
277.897,5.128,3.6694,3.5914,0,0,0.327,0.327,0.327,17.2971,27.5081,-4.344,45.08,20.7813,23.7456,-4.3455,44.96,17.1911,23.8403,-4.346,44.82,0.1308,1
277.997,5.129,3.6704,3.5905,0,0,0.324,0.324,0.324,17.2986,27.5107,-4.3438,45.08,20.7828,23.7467,-4.3459,44.95,17.1936,23.8418,-4.3458,44.82,0.1314,1
278.097,5.1313,3.6716,3.5896,0,0,0.321,0.321,0.321,17.299,27.5139,-4.3435,45.07,20.7841,23.7477,-4.346,44.93,17.1957,23.8438,-4.3455,44.81,0.1321,1
278.197,5.1341,3.6727,3.5889,0,0,0.318,0.318,0.318,17.2985,27.517,-4.3432,45.08,20.7854,23.7486,-4.346,44.92,17.1978,23.8457,-4.3454,44.8,0.1326,1
278.297,5.1375,3.6737,3.5887,0,0,0.316,0.316,0.316,17.2975,27.5202,-4.3425,45.09,20.787,23.7496,-4.346,44.91,17.1996,23.8478,-4.3453,44.8,0.133,1
278.397,5.1413,3.6746,3.5891,0,0,0.313,0.313,0.313,17.2963,27.5239,-4.3421,45.1,20.7887,23.7508,-4.3459,44.9,17.201,23.8506,-4.3454,44.81,0.1334,1
278.497,5.1449,3.6754,3.5894,0,0,0.31,0.31,0.31,17.2951,27.5276,-4.342,45.1,20.7902,23.7522,-4.3459,44.91,17.2022,23.8534,-4.3454,44.8,0.1338,1
278.597,5.1484,3.676,3.5903,0,0,0.308,0.308,0.308,17.2936,27.5314,-4.342,45.11,20.7917,23.7539,-4.3462,44.92,17.2029,23.8565,-4.3456,44.81,0.1341,1
278.697,5.1516,3.6764,3.5914,0,0,0.305,0.305,0.305,17.2922,27.535,-4.3417,45.11,20.7932,23.7559,-4.3464,44.93,17.2033,23.8597,-4.3459,44.82,0.1343,1
278.797,5.154,3.6764,3.5927,0,0,0.302,0.302,0.302,17.2911,27.5386,-4.3415,45.11,20.7945,23.7584,-4.3465,44.94,17.2033,23.8632,-4.346,44.82,0.1343,1
278.897,5.1552,3.6761,3.5934,0,0,0.299,0.299,0.299,17.2905,27.5419,-4.3416,45.11,20.7952,23.7613,-4.3464,44.94,17.2034,23.8669,-4.3458,44.82,0.1341,1
278.997,5.1543,3.6755,3.5924,0,0,0.297,0.297,0.297,17.2904,27.545,-4.3418,45.1,20.7947,23.7652,-4.3463,44.96,17.2038,23.8706,-4.3457,44.83,0.1336,1
279.097,5.1518,3.6743,3.5906,0,0,0.294,0.294,0.294,17.2906,27.5477,-4.3422,45.1,20.7935,23.77,-4.346,44.97,17.2044,23.8743,-4.3456,44.83,0.1327,1
279.197,5.1489,3.673,3.5893,0,0,0.291,0.291,0.291,17.2911,27.5503,-4.3429,45.09,20.7921,23.7749,-4.3459,44.98,17.2043,23.8783,-4.3456,44.83,0.1318,1
279.297,5.1459,3.6716,3.5887,0,0,0.289,0.289,0.289,17.2917,27.553,-4.3436,45.07,20.7909,23.78,-4.3457,44.99,17.2036,23.8825,-4.3457,44.84,0.1309,1
279.397,5.1438,3.6706,3.5881,0,0,0.286,0.286,0.286,17.292,27.5564,-4.3443,45.06,20.7899,23.7851,-4.3459,45.0,17.2032,23.8869,-4.3457,44.84,0.1303,1
279.497,5.1416,3.6696,3.5872,0,0,0.283,0.283,0.283,17.2924,27.5596,-4.3446,45.05,20.7889,23.7899,-4.3461,45.01,17.2032,23.8911,-4.3459,44.84,0.1297,1
279.597,5.1399,3.6686,3.5863,0,0,0.28,0.28,0.28,17.293,27.5628,-4.3449,45.04,20.7883,23.7943,-4.3463,45.02,17.2034,23.8953,-4.3462,44.85,0.1291,1
279.697,5.138,3.668,3.5856,0,0,0.278,0.278,0.278,17.2939,27.5665,-4.3453,45.02,20.7877,23.7992,-4.3464,45.03,17.2035,23.8996,-4.3469,44.86,0.1288,1
279.797,5.1366,3.6681,3.5855,0,0,0.275,0.275,0.275,17.2953,27.5703,-4.3455,45.01,20.7877,23.8037,-4.3467,45.04,17.2036,23.9034,-4.3477,44.87,0.1289,1
279.897,5.1356,3.6682,3.5856,0,0,0.272,0.272,0.272,17.2965,27.5741,-4.3457,44.99,20.7879,23.8079,-4.3467,45.04,17.2037,23.9071,-4.3483,44.89,0.1291,1
279.997,5.1341,3.668,3.5853,0,0,0.27,0.27,0.27,17.2978,27.5776,-4.346,44.99,20.7877,23.8121,-4.3468,45.04,17.2038,23.9108,-4.3486,44.91,0.1291,1
280.097,5.1331,3.6681,3.5846,0,0,0.267,0.267,0.267,17.2986,27.5814,-4.3463,44.98,20.7875,23.8163,-4.347,45.04,17.2043,23.9146,-4.3487,44.91,0.1292,1
280.197,5.1323,3.6686,3.5837,0,0,0.264,0.264,0.264,17.2992,27.5855,-4.3466,44.98,20.7874,23.8209,-4.3466,45.04,17.205,23.9181,-4.3489,44.91,0.1293,1
280.297,5.1309,3.6697,3.5824,0,0,0.262,0.262,0.262,17.3002,27.5899,-4.3466,44.98,20.7869,23.8258,-4.3458,45.04,17.2059,23.9214,-4.3492,44.91,0.1296,1
280.397,5.1295,3.6711,3.5811,0,0,0.259,0.259,0.259,17.3014,27.5944,-4.3463,44.97,20.7868,23.831,-4.3451,45.04,17.2069,23.9245,-4.3495,44.9,0.13,1
280.497,5.1283,3.6725,3.5799,0,0,0.257,0.257,0.257,17.3029,27.5988,-4.3458,44.96,20.7871,23.8358,-4.3445,45.04,17.2084,23.9275,-4.3495,44.88,0.1305,1
280.597,5.1276,3.6739,3.5791,0,0,0.254,0.254,0.254,17.3043,27.6029,-4.3458,44.96,20.7879,23.8404,-4.3439,45.04,17.2099,23.9302,-4.3492,44.86,0.1308,1
280.697,5.1273,3.6754,3.5787,0,0,0.252,0.252,0.252,17.3053,27.6072,-4.3457,44.95,20.789,23.8451,-4.3484,45.05,17.2113,23.9331,-4.3487,44.86,0.1311,1
280.797,5.1274,3.6768,3.5787,0,0,0.249,0.249,0.249,17.3061,27.6115,-4.3454,44.95,20.7901,23.8497,-4.3597,45.04,17.2125,23.9359,-4.3484,44.85,0.1315,1
280.897,5.1273,3.6779,3.5789,0,0,0.247,0.247,0.247,17.307,27.6154,-4.3448,44.96,20.7914,23.8542,-4.3762,45.04,17.2137,23.9387,-4.348,44.85,0.1319,1
280.997,5.127,3.6786,3.5793,0,0,0.244,0.244,0.244,17.3081,27.6192,-4.344,44.95,20.7928,23.8589,-4.3969,45.04,17.2148,23.9418,-4.3476,44.85,0.1327,1
281.097,5.127,3.6791,3.5801,0,0,0.242,0.242,0.242,17.3093,27.6229,-4.3437,44.94,20.7946,23.8635,-4.4208,45.03,17.2161,23.9449,-4.3472,44.85,0.1338,1
281.197,5.1271,3.6798,3.5808,0,0,0.239,0.239,0.239,17.3105,27.6263,-4.3436,44.94,20.7965,23.8682,-4.4471,45.02,17.218,23.9477,-4.3468,44.85,0.1355,1
281.297,5.1272,3.6803,3.5812,0,0,0.237,0.237,0.237,17.3116,27.6295,-4.3436,44.95,20.7984,23.8727,-4.4753,45.01,17.2203,23.9504,-4.3463,44.86,0.1378,1
281.397,5.1274,3.6807,3.5816,0,0,0.234,0.234,0.234,17.313,27.6323,-4.3437,44.97,20.8004,23.8767,-4.4988,45.0,17.2229,23.9528,-4.3461,44.87,0.1424,1
281.497,5.1279,3.6811,3.5824,0,0,0.232,0.232,0.232,17.3145,27.6348,-4.3441,44.98,20.8029,23.8802,-4.5152,45.0,17.2252,23.9548,-4.3461,44.87,0.1498,1
281.597,5.128,3.6813,3.5834,0,0,0.23,0.23,0.23,17.3161,27.6369,-4.3444,45.0,20.8057,23.8837,-4.5257,45.01,17.2275,23.9566,-4.3464,44.88,0.1543,1
281.697,5.1273,3.6811,3.5842,0,0,0.227,0.227,0.227,17.318,27.6385,-4.3447,45.01,20.8086,23.8875,-4.5316,45.02,17.2298,23.9585,-4.3467,44.88,0.1564,1
281.797,5.1263,3.6807,3.5852,0,0,0.225,0.225,0.225,17.32,27.6402,-4.3449,45.02,20.8112,23.8913,-4.534,45.03,17.2316,23.9607,-4.3474,44.89,0.1567,1
281.897,5.1249,3.6798,3.5863,0,0,0.223,0.223,0.223,17.3223,27.642,-4.3448,45.03,20.8136,23.895,-4.5333,45.04,17.2327,23.9633,-4.3483,44.91,0.1555,1
281.997,5.1221,3.6781,3.5873,0,0,0.221,0.221,0.221,17.3254,27.6431,-4.3445,45.03,20.8156,23.8988,-4.53,45.04,17.2335,23.9662,-4.349,44.93,0.153,1
282.097,5.1178,3.6756,3.5878,0,0,0.078,0.078,0.078,17.3292,27.6434,-4.3441,45.03,20.8172,23.9027,-4.525,45.04,17.2343,23.969,-4.3498,44.94,0.1493,1
282.197,5.1131,3.6731,3.5876,0,0,0.078,0.078,0.078,17.3326,27.6447,-4.3437,45.03,20.8181,23.9079,-4.5186,45.04,17.235,23.9729,-4.3502,44.95,0.1448,1
282.297,5.1089,3.6711,3.5872,0,0,0.078,0.078,0.078,17.3352,27.6481,-4.3433,45.03,20.8184,23.9145,-4.5115,45.04,17.2355,23.9783,-4.3503,44.97,0.1403,1
282.397,5.1053,3.6698,3.5864,0,0,0.078,0.078,0.078,17.3372,27.653,-4.3429,45.03,20.8183,23.9221,-4.504,45.05,17.2357,23.9847,-4.3502,44.98,0.1357,1
282.497,5.1024,3.669,3.5855,0,0,0.078,0.078,0.078,17.3387,27.6593,-4.3427,45.03,20.8179,23.9301,-4.4958,45.06,17.2359,23.9917,-4.3503,44.99,0.1321,1
282.597,5.0998,3.6679,3.5849,0,0,0.078,0.078,0.078,17.3403,27.6659,-4.3429,45.02,20.8179,23.9386,-4.4872,45.05,17.2362,23.9996,-4.3501,45.01,0.1305,1
282.697,5.0978,3.6669,3.5848,0,0,0.079,0.079,0.079,17.3415,27.6731,-4.343,45.03,20.8183,23.9475,-4.4783,45.05,17.2364,24.0078,-4.3497,45.01,0.1288,1
282.797,5.0958,3.6665,3.5848,0,0,0.079,0.079,0.079,17.3425,27.6806,-4.3431,45.04,20.8189,23.9569,-4.4693,45.04,17.2366,24.0156,-4.3494,45.01,0.1272,1
282.897,5.0939,3.6666,3.5847,0,0,0.08,0.08,0.08,17.3438,27.688,-4.343,45.05,20.8198,23.9663,-4.4607,45.03,17.2373,24.023,-4.3489,45.0,0.1258,1
282.997,5.0926,3.6669,3.5847,0,0,0.081,0.081,0.081,17.3453,27.6953,-4.3426,45.04,20.8212,23.975,-4.4525,45.02,17.2385,24.03,-4.348,45.0,0.1247,1
283.097,5.0924,3.6674,3.5856,0,0,0.082,0.082,0.082,17.347,27.7027,-4.3424,45.03,20.8236,23.983,-4.4444,45.01,17.2397,24.0369,-4.347,45.0,0.1238,1
283.197,5.0926,3.6672,3.5874,0,0,0.082,0.082,0.082,17.3493,27.7091,-4.3423,45.01,20.827,23.9901,-4.4365,45.02,17.2412,24.0435,-4.3461,45.0,0.1227,1
283.297,5.0998,3.6715,3.5893,0,0,0.083,0.083,0.083,17.3473,27.7197,-4.3422,44.99,20.831,23.9962,-4.4292,45.03,17.2431,24.0496,-4.3453,45.01,0.1231,1
283.397,5.1167,3.6827,3.5907,0,0,0.084,0.084,0.084,17.339,27.7369,-4.342,44.97,20.8349,24.0016,-4.4228,45.04,17.2454,24.0555,-4.3449,45.03,0.1266,1
283.497,5.1409,3.6993,3.5915,0,0,0.086,0.086,0.086,17.3254,27.7593,-4.3422,44.98,20.8384,24.0068,-4.4169,45.06,17.2481,24.0609,-4.3446,45.04,0.1334,1
283.597,5.1716,3.7203,3.5919,0,0,0.087,0.087,0.087,17.3073,27.7858,-4.3423,44.97,20.842,24.0114,-4.4111,45.08,17.2511,24.0659,-4.3443,45.04,0.1443,1
283.697,5.2073,3.7447,3.5926,0,0,0.088,0.088,0.088,17.2861,27.8155,-4.3424,44.96,20.8459,24.0155,-4.4057,45.08,17.2543,24.0709,-4.3439,45.04,0.1593,1
283.797,5.2386,3.766,3.5938,0,0,0.089,0.089,0.089,17.2683,27.8421,-4.3421,44.95,20.85,24.0197,-4.4006,45.07,17.2572,24.0761,-4.3436,45.05,0.174,1
283.897,5.2617,3.7813,3.596,0,0,0.091,0.091,0.091,17.2565,27.8629,-4.3418,44.94,20.8543,24.0238,-4.396,45.07,17.2592,24.0816,-4.3433,45.07,0.1853,1
283.997,5.2777,3.791,3.5991,0,0,0.092,0.092,0.092,17.2497,27.8783,-4.3417,44.92,20.8586,24.0276,-4.3921,45.06,17.2603,24.0873,-4.3431,45.09,0.193,1
284.097,5.2877,3.7964,3.6023,0,0,0.093,0.093,0.093,17.2472,27.8894,-4.3417,44.92,20.8625,24.0311,-4.3886,45.05,17.2611,24.093,-4.3432,45.09,0.1977,1
284.197,5.2921,3.7974,3.6053,0,0,0.095,0.095,0.095,17.2485,27.8962,-4.3415,44.91,20.8663,24.0342,-4.3848,45.03,17.2619,24.0989,-4.3434,45.08,0.1993,1
284.297,5.2919,3.7953,3.6082,0,0,0.096,0.096,0.096,17.2531,27.8997,-4.3415,44.9,20.8703,24.0372,-4.3811,45.02,17.2629,24.1044,-4.3436,45.08,0.1984,1
284.397,5.2886,3.7915,3.6109,0,0,0.098,0.098,0.098,17.2598,27.9007,-4.3416,44.88,20.8744,24.0403,-4.378,45.01,17.2643,24.1092,-4.344,45.07,0.196,1
284.497,5.2822,3.7863,3.6131,0,0,0.099,0.099,0.099,17.2683,27.8998,-4.3416,44.87,20.878,24.0437,-4.3751,45.02,17.2658,24.1136,-4.3443,45.06,0.1923,1
284.597,5.2736,3.7792,3.6152,0,0,0.101,0.101,0.101,17.2777,27.8973,-4.3415,44.87,20.8815,24.0473,-4.3726,45.03,17.2671,24.118,-4.3447,45.04,0.1874,1
284.697,5.2631,3.7707,3.6169,0,0,0.102,0.102,0.102,17.2879,27.8934,-4.3416,44.88,20.8847,24.0512,-4.3703,45.03,17.2686,24.1227,-4.345,45.02,0.1814,1
284.797,5.2515,3.761,3.6184,0,0,0.104,0.104,0.104,17.2986,27.8885,-4.342,44.9,20.8876,24.0549,-4.3682,45.03,17.2699,24.1276,-4.3451,45.02,0.175,1
284.897,5.239,3.751,3.6197,0,0,0.105,0.105,0.105,17.3098,27.8832,-4.3426,44.92,20.8901,24.0585,-4.3663,45.04,17.2712,24.1323,-4.3447,45.02,0.1684,1
284.997,5.2261,3.7407,3.6213,0,0,0.107,0.107,0.107,17.3209,27.8778,-4.3432,44.95,20.8923,24.0624,-4.3648,45.05,17.2719,24.1374,-4.3441,45.03,0.1618,1
285.097,5.2142,3.7307,3.6228,0,0,0.109,0.109,0.109,17.3317,27.8726,-4.3436,44.97,20.8948,24.0658,-4.3636,45.05,17.2729,24.1424,-4.344,45.03,0.1558,1
285.197,5.2041,3.7219,3.6243,0,0,0.11,0.11,0.11,17.3419,27.868,-4.3436,44.98,20.8981,24.0686,-4.3621,45.04,17.2747,24.1467,-4.3441,45.04,0.1508,1
285.297,5.1956,3.7141,3.6263,0,0,0.112,0.112,0.112,17.3511,27.864,-4.3431,44.99,20.9017,24.071,-4.3608,45.03,17.2763,24.1507,-4.3435,45.04,0.1466,1
285.397,5.1876,3.7071,3.628,0,0,0.113,0.113,0.113,17.3599,27.8603,-4.3425,44.99,20.9053,24.0734,-4.3595,45.01,17.2783,24.1541,-4.3427,45.04,0.1428,1
285.497,5.1805,3.7013,3.6292,0,0,0.115,0.115,0.115,17.3682,27.8572,-4.3418,45.0,20.9091,24.0757,-4.3581,45.01,17.2809,24.1569,-4.3423,45.04,0.1397,1
285.597,5.1734,3.6963,3.6296,0,0,0.116,0.116,0.116,17.3765,27.8544,-4.3411,45.01,20.9126,24.0781,-4.362,45.01,17.2839,24.1593,-4.3423,45.03,0.1371,1
285.697,5.1657,3.6922,3.6287,0,0,0.118,0.118,0.118,17.3846,27.8519,-4.3409,45.01,20.9152,24.0811,-4.3728,45.01,17.2875,24.161,-4.3426,45.02,0.1351,1
285.797,5.1579,3.6894,3.6266,0,0,0.119,0.119,0.119,17.3923,27.8497,-4.3411,45.02,20.9171,24.0844,-4.3892,45.02,17.2916,24.1617,-4.343,45.02,0.1338,1
285.897,5.1497,3.6872,3.6239,0,0,0.121,0.121,0.121,17.3998,27.8475,-4.3411,45.01,20.9186,24.0881,-4.4099,45.03,17.2961,24.1618,-4.3431,45.01,0.1331,1
285.997,5.1416,3.6858,3.6203,0,0,0.122,0.122,0.122,17.4069,27.8457,-4.3408,45.01,20.9196,24.0922,-4.434,45.04,17.3011,24.1614,-4.3431,45.01,0.1334,1
286.097,5.1336,3.6847,3.6161,0,0,0.124,0.124,0.124,17.4136,27.8438,-4.3407,44.99,20.9202,24.0965,-4.4607,45.05,17.3066,24.1606,-4.3433,45.0,0.1345,1
286.197,5.1267,3.6841,3.6119,0,0,0.125,0.125,0.125,17.4194,27.8425,-4.3403,44.99,20.9207,24.1006,-4.4894,45.05,17.3122,24.1599,-4.3434,44.99,0.1367,1
286.297,5.1215,3.6842,3.6084,0,0,0.127,0.127,0.127,17.4246,27.8419,-4.3399,44.99,20.9217,24.1043,-4.5136,45.05,17.3177,24.1593,-4.3435,44.99,0.1434,1
286.397,5.1187,3.685,3.6056,0,0,0.128,0.128,0.128,17.4286,27.8421,-4.3396,44.98,20.9237,24.1073,-4.5308,45.06,17.3233,24.1586,-4.3438,44.99,0.1515,1
286.497,5.1178,3.6863,3.6035,0,0,0.129,0.129,0.129,17.4315,27.8428,-4.3394,44.98,20.9263,24.1095,-4.5416,45.08,17.3286,24.158,-4.3438,44.97,0.1567,1
286.597,5.1181,3.6882,3.6016,0,0,0.131,0.131,0.131,17.4338,27.8441,-4.3394,44.97,20.9289,24.111,-4.5472,45.1,17.3334,24.1573,-4.3438,44.95,0.1595,1
286.697,5.1191,3.6904,3.5997,0,0,0.132,0.132,0.132,17.4358,27.8462,-4.3394,44.98,20.9316,24.1125,-4.5488,45.1,17.338,24.1571,-4.3439,44.92,0.1602,1
286.797,5.1208,3.6923,3.5979,0,0,0.133,0.133,0.133,17.4371,27.8488,-4.3395,44.99,20.9343,24.114,-4.5473,45.11,17.3423,24.1577,-4.3439,44.9,0.1593,1
286.897,5.1229,3.6941,3.596,0,0,0.135,0.135,0.135,17.4378,27.8515,-4.3395,45.0,20.9365,24.115,-4.5433,45.11,17.3462,24.1586,-4.3438,44.88,0.1573,1
286.997,5.126,3.6968,3.5944,0,0,0.136,0.136,0.136,17.438,27.855,-4.3393,45.0,20.9386,24.1157,-4.5373,45.12,17.3496,24.1593,-4.3437,44.87,0.1546,1
287.097,5.129,3.6994,3.5931,0,0,0.137,0.137,0.137,17.4382,27.8585,-4.3393,45.01,20.9409,24.1166,-4.5298,45.13,17.3529,24.1601,-4.3439,44.86,0.1507,1
287.197,5.132,3.7024,3.5917,0,0,0.138,0.138,0.138,17.4385,27.8622,-4.3393,45.02,20.9432,24.1176,-4.5214,45.13,17.3561,24.1608,-4.3441,44.85,0.1465,1
287.297,5.1354,3.7051,3.5905,0,0,0.139,0.139,0.139,17.4386,27.866,-4.3396,45.03,20.9455,24.1186,-4.5129,45.12,17.3592,24.1618,-4.3441,44.85,0.1446,1
287.397,5.1393,3.7072,3.5904,0,0,0.14,0.14,0.14,17.4385,27.8699,-4.34,45.03,20.9482,24.1193,-4.5041,45.11,17.3616,24.1635,-4.3437,44.85,0.1444,1
287.497,5.143,3.7091,3.5907,0,0,0.141,0.141,0.141,17.4385,27.8736,-4.3404,45.04,20.9507,24.1198,-4.4956,45.11,17.3635,24.1653,-4.3428,44.87,0.1443,1
287.597,5.1465,3.7111,3.5914,0,0,0.142,0.142,0.142,17.4385,27.8771,-4.3408,45.05,20.9533,24.1206,-4.4874,45.1,17.3651,24.1667,-4.3424,44.89,0.1443,1
287.697,5.1503,3.7129,3.5932,0,0,0.143,0.143,0.143,17.4388,27.8803,-4.3412,45.05,20.9565,24.1211,-4.4794,45.09,17.3663,24.1681,-4.3424,44.9,0.1445,1
287.797,5.1536,3.7149,3.5946,0,0,0.144,0.144,0.144,17.4395,27.883,-4.3417,45.04,20.9599,24.1215,-4.4718,45.09,17.3679,24.1689,-4.3428,44.92,0.1447,1
287.897,5.1564,3.7171,3.5953,0,0,0.145,0.145,0.145,17.4403,27.8857,-4.3425,45.03,20.9628,24.1219,-4.4641,45.09,17.3699,24.1693,-4.3432,44.94,0.145,1
287.997,5.1597,3.7184,3.5967,0,0,0.146,0.146,0.146,17.4406,27.8881,-4.3435,45.02,20.9655,24.1218,-4.4562,45.08,17.3709,24.1703,-4.3434,44.96,0.1452,1
288.097,5.1693,3.723,3.5995,0,0,0.067,0.067,0.067,17.4367,27.8947,-4.3444,45.01,20.9685,24.1216,-4.4482,45.07,17.3709,24.1723,-4.3435,44.97,0.1474,1
288.197,5.1871,3.7329,3.6027,0,0,0.068,0.068,0.068,17.4263,27.9066,-4.3451,45.0,20.9708,24.1207,-4.4406,45.06,17.3698,24.1742,-4.3434,44.98,0.1531,1
288.297,5.212,3.7475,3.6063,0,0,0.069,0.069,0.069,17.4101,27.9226,-4.3457,44.99,20.9725,24.119,-4.4332,45.03,17.3677,24.1753,-4.3435,44.99,0.1625,1
288.397,5.243,3.7665,3.6101,0,0,0.07,0.07,0.07,17.3895,27.9421,-4.3461,44.97,20.9739,24.1166,-4.4261,45.02,17.3653,24.1757,-4.3439,45.0,0.1757,1
288.497,5.2784,3.7891,3.6134,0,0,0.071,0.071,0.071,17.3654,27.9646,-4.3467,44.95,20.9751,24.114,-4.4194,45.0,17.3629,24.1755,-4.3445,45.0,0.1924,1
288.597,5.3165,3.8135,3.6169,0,0,0.072,0.072,0.072,17.3386,27.9888,-4.3471,44.94,20.9756,24.1116,-4.4133,44.98,17.36,24.1754,-4.3452,45.0,0.2116,1
288.697,5.3563,3.8393,3.6199,0,0,0.072,0.072,0.072,17.3095,28.0144,-4.3474,44.93,20.9752,24.1094,-4.4073,44.97,17.3565,24.1753,-4.3458,44.99,0.2328,1
288.797,5.3888,3.8604,3.6224,0,0,0.073,0.073,0.073,17.285,28.0349,-4.3478,44.93,20.9743,24.1074,-4.4015,44.96,17.3529,24.175,-4.3464,44.98,0.2505,1
288.897,5.4095,3.8735,3.6244,0,0,0.073,0.073,0.073,17.2688,28.0476,-4.3485,44.94,20.9729,24.1056,-4.3965,44.95,17.3495,24.1749,-4.3468,44.97,0.2619,1
288.997,5.4197,3.879,3.6264,0,0,0.074,0.074,0.074,17.26,28.0533,-4.3496,44.95,20.9716,24.1042,-4.3917,44.94,17.3461,24.1753,-4.3472,44.98,0.2671,1
289.097,5.4209,3.8783,3.6277,0,0,0.074,0.074,0.074,17.2575,28.0529,-4.3505,44.96,20.9699,24.1029,-4.3871,44.95,17.3431,24.1756,-4.3475,44.99,0.2671,1
289.197,5.4151,3.8726,3.6285,0,0,0.075,0.075,0.075,17.2595,28.0477,-4.3511,44.96,20.9678,24.1017,-4.3828,44.96,17.3403,24.176,-4.3479,45.0,0.263,1
289.297,5.4034,3.8628,3.6286,0,0,0.075,0.075,0.075,17.2653,28.0384,-4.3515,44.95,20.9653,24.1006,-4.3788,44.97,17.3376,24.1763,-4.3483,45.01,0.2556,1
289.397,5.3871,3.8503,3.6285,0,0,0.076,0.076,0.076,17.2741,28.0264,-4.3517,44.94,20.9624,24.1,-4.3751,44.98,17.3349,24.1766,-4.3487,45.02,0.2457,1
289.497,5.3675,3.8358,3.6285,0,0,0.076,0.076,0.076,17.2851,28.0125,-4.3519,44.94,20.9594,24.0998,-4.3718,44.99,17.3318,24.1771,-4.3491,45.02,0.2341,1
289.597,5.3461,3.8205,3.6284,0,0,0.076,0.076,0.076,17.2973,27.9977,-4.3522,44.94,20.9563,24.0999,-4.3687,44.99,17.3287,24.1773,-4.3494,45.02,0.2218,1
289.697,5.3239,3.8051,3.6279,0,0,0.076,0.076,0.076,17.3101,27.9824,-4.3525,44.94,20.9532,24.1002,-4.3658,45.0,17.3261,24.1773,-4.3496,45.02,0.2095,1
289.797,5.3016,3.79,3.6273,0,0,0.076,0.076,0.076,17.3229,27.9671,-4.3527,44.96,20.9503,24.1006,-4.3631,45.01,17.3238,24.177,-4.3494,45.03,0.1976,1
289.897,5.28,3.7749,3.627,0,0,0.077,0.077,0.077,17.3355,27.9517,-4.3523,44.98,20.9481,24.101,-4.3606,45.01,17.322,24.1768,-4.3491,45.04,0.186,1
289.997,5.259,3.7608,3.6263,0,0,0.077,0.077,0.077,17.348,27.9366,-4.3518,45.01,20.9463,24.1013,-4.3582,45.0,17.3208,24.1759,-4.3488,45.05,0.1754,1
290.097,5.2399,3.7487,3.6252,0,0,0.077,0.077,0.077,17.3601,27.9226,-4.3512,45.03,20.9448,24.1009,-4.3562,44.99,17.3203,24.1741,-4.3485,45.06,0.1664,1
290.197,5.2232,3.7383,3.6242,0,0,0.076,0.076,0.076,17.3712,27.91,-4.3507,45.04,20.9439,24.0999,-4.3544,44.98,17.3204,24.1721,-4.3482,45.06,0.1591,1
290.297,5.2089,3.7289,3.6239,0,0,0.076,0.076,0.076,17.381,27.8989,-4.3501,45.04,20.9435,24.0987,-4.353,44.98,17.3203,24.1705,-4.3479,45.07,0.1529,1
290.397,5.1969,3.7206,3.6245,0,0,0.076,0.076,0.076,17.3898,27.8888,-4.3497,45.05,20.9439,24.0972,-4.3518,44.97,17.3201,24.1688,-4.3476,45.07,0.1478,1
290.497,5.1871,3.7139,3.6255,0,0,0.076,0.076,0.076,17.3976,27.88,-4.3494,45.05,20.945,24.0954,-4.3508,44.96,17.3202,24.1669,-4.3473,45.05,0.1439,1
290.597,5.1794,3.7084,3.6272,0,0,0.076,0.076,0.076,17.4048,27.872,-4.3489,45.05,20.9469,24.0931,-4.35,44.95,17.3203,24.1646,-4.3473,45.03,0.1409,1
290.697,5.173,3.7036,3.6291,0,0,0.075,0.075,0.075,17.4111,27.8647,-4.3487,45.05,20.9491,24.0908,-4.3493,44.96,17.3207,24.1622,-4.3471,45.02,0.1383,1
290.797,5.1684,3.7005,3.631,0,0,0.075,0.075,0.075,17.4161,27.8584,-4.3487,45.05,20.9516,24.0884,-4.3489,44.96,17.3213,24.1592,-4.3468,45.02,0.1364,1
290.897,5.1651,3.6982,3.6328,0,0,0.074,0.074,0.074,17.4204,27.8529,-4.3489,45.04,20.9544,24.086,-4.3488,44.97,17.3223,24.156,-4.3464,45.02,0.1351,1
290.997,5.1617,3.6963,3.6342,0,0,0.074,0.074,0.074,17.4245,27.8473,-4.349,45.04,20.9569,24.0837,-4.3486,44.98,17.3234,24.1523,-4.3458,45.03,0.1338,1
291.097,5.1586,3.6952,3.6348,0,0,0.073,0.073,0.073,17.4282,27.8419,-4.3489,45.02,20.9593,24.0813,-4.349,44.99,17.3251,24.1481,-4.3455,45.05,0.1327,1
291.197,5.1561,3.6949,3.6345,0,0,0.073,0.073,0.073,17.4316,27.837,-4.3489,45.01,20.9618,24.0789,-4.3495,44.99,17.3279,24.1436,-4.3454,45.07,0.1319,1
291.297,5.1546,3.6954,3.6339,0,0,0.072,0.072,0.072,17.4347,27.8328,-4.3488,45.0,20.9644,24.0764,-4.3501,44.99,17.331,24.1389,-4.345,45.07,0.1316,1
291.397,5.1536,3.6961,3.6336,0,0,0.072,0.072,0.072,17.4373,27.8293,-4.349,44.99,20.9668,24.074,-4.3506,44.98,17.3337,24.1346,-4.3447,45.07,0.1314,1
291.497,5.1532,3.6966,3.6339,0,0,0.071,0.071,0.071,17.4393,27.8261,-4.3494,44.99,20.9689,24.0714,-4.351,44.97,17.3355,24.131,-4.3442,45.06,0.1315,1
291.597,5.1529,3.6971,3.6343,0,0,0.07,0.07,0.07,17.4412,27.8233,-4.3502,44.99,20.9706,24.069,-4.351,44.97,17.3368,24.1277,-4.3438,45.06,0.1316,1
291.697,5.1514,3.6968,3.6346,0,0,0.069,0.069,0.069,17.4437,27.8197,-4.3509,44.99,20.9722,24.0664,-4.3507,44.98,17.338,24.1244,-4.3437,45.07,0.1313,1
291.797,5.1496,3.6961,3.6349,0,0,0.068,0.068,0.068,17.4461,27.8154,-4.3515,44.99,20.9738,24.0639,-4.3501,45.0,17.3394,24.1208,-4.3438,45.08,0.1307,1
291.897,5.1475,3.6949,3.6349,0,0,0.067,0.067,0.067,17.4484,27.8108,-4.352,45.0,20.9755,24.0617,-4.3494,45.01,17.3411,24.1175,-4.3441,45.08,0.1297,1
291.997,5.1454,3.6939,3.635,0,0,0.066,0.066,0.066,17.4507,27.8066,-4.3524,45.0,20.9772,24.0597,-4.3483,45.02,17.3425,24.1143,-4.3445,45.08,0.1288,1
292.097,5.1433,3.6936,3.6353,0,0,0.065,0.065,0.065,17.453,27.8028,-4.3526,44.99,20.9787,24.0581,-4.3473,45.03,17.3438,24.1108,-4.3447,45.08,0.1283,1
292.197,5.1415,3.6937,3.6354,0,0,0.064,0.064,0.064,17.4553,27.7994,-4.3525,44.98,20.9802,24.0564,-4.3465,45.04,17.3452,24.1073,-4.345,45.09,0.1279,1
292.297,5.14,3.6941,3.635,0,0,0.063,0.063,0.063,17.4569,27.7965,-4.3521,44.96,20.9809,24.0548,-4.3459,45.05,17.3463,24.104,-4.3451,45.09,0.1278,1
292.397,5.1391,3.695,3.6346,0,0,0.062,0.062,0.062,17.4576,27.7944,-4.3518,44.95,20.9813,24.0535,-4.3454,45.06,17.347,24.101,-4.345,45.1,0.1278,1
292.497,5.1392,3.6961,3.6342,0,0,0.061,0.061,0.061,17.4579,27.7928,-4.3518,44.94,20.9818,24.052,-4.345,45.07,17.3479,24.0984,-4.345,45.11,0.1281,1
292.597,5.1405,3.6977,3.6344,0,0,0.06,0.06,0.06,17.458,27.7918,-4.3515,44.94,20.9829,24.0501,-4.3448,45.08,17.3488,24.0957,-4.3448,45.11,0.1287,1
292.697,5.142,3.6994,3.635,0,0,0.058,0.058,0.058,17.4584,27.7906,-4.3514,44.94,20.9845,24.048,-4.3446,45.09,17.3497,24.0928,-4.3444,45.1,0.1293,1
292.797,5.1435,3.7009,3.6355,0,0,0.057,0.057,0.057,17.4587,27.7893,-4.3513,44.94,20.9859,24.0457,-4.3445,45.1,17.3506,24.09,-4.3441,45.1,0.1299,1
292.897,5.1447,3.7023,3.6357,0,0,0.056,0.056,0.056,17.4591,27.7878,-4.3513,44.94,20.987,24.0432,-4.3442,45.1,17.3516,24.087,-4.3437,45.1,0.1306,1
292.997,5.1454,3.703,3.6357,0,0,0.054,0.054,0.054,17.4597,27.7859,-4.3514,44.93,20.9881,24.0408,-4.344,45.1,17.3526,24.0844,-4.3433,45.1,0.1309,1
293.097,5.1459,3.703,3.636,0,0,0.053,0.053,0.053,17.4606,27.7837,-4.3512,44.92,20.9892,24.0381,-4.3439,45.1,17.3535,24.0823,-4.3431,45.11,0.1311,1
293.197,5.1465,3.7031,3.6358,0,0,0.051,0.051,0.051,17.4617,27.7816,-4.3509,44.91,20.9901,24.0351,-4.3437,45.11,17.3545,24.0801,-4.3429,45.13,0.1314,1
293.297,5.1473,3.7034,3.6355,0,0,0.05,0.05,0.05,17.4626,27.7798,-4.3506,44.91,20.991,24.0322,-4.3433,45.11,17.3558,24.078,-4.3427,45.14,0.1319,0
293.397,5.1478,3.7033,3.6351,0,0,0.048,0.048,0.048,17.4633,27.7778,-4.3502,44.91,20.9919,24.0296,-4.3429,45.11,17.3571,24.076,-4.3424,45.14,0.1319,0
293.497,5.1483,3.7034,3.6343,0,0,0.046,0.046,0.046,17.4639,27.7762,-4.3496,44.91,20.9927,24.0275,-4.3428,45.11,17.3587,24.0742,-4.3426,45.15,0.132,0
293.597,5.1486,3.7032,3.6337,0,0,0.045,0.045,0.045,17.4646,27.7745,-4.3491,44.92,20.9935,24.0256,-4.3426,45.1,17.3601,24.0727,-4.343,45.15,0.1319,0
293.697,5.1476,3.7027,3.6331,0,0,0.043,0.043,0.043,17.466,27.7722,-4.3487,44.92,20.9942,24.0238,-4.3423,45.08,17.3614,24.071,-4.3435,45.14,0.1316,0
293.797,5.1463,3.7026,3.6319,0,0,0.041,0.041,0.041,17.4672,27.77,-4.3483,44.92,20.9941,24.0223,-4.3419,45.07,17.3625,24.069,-4.344,45.14,0.1315,0
293.897,5.1451,3.7031,3.6307,0,0,0.039,0.039,0.039,17.468,27.7686,-4.3482,44.92,20.9933,24.0209,-4.3416,45.06,17.3629,24.0671,-4.3447,45.12,0.1319,0
293.997,5.1445,3.7038,3.6296,0,0,0.037,0.037,0.037,17.4684,27.7679,-4.3481,44.93,20.9922,24.0197,-4.3414,45.06,17.3629,24.0656,-4.3453,45.1,0.1324,0
294.097,5.1442,3.7045,3.6287,0,0,0.033,0.033,0.033,17.4683,27.7672,-4.3479,44.93,20.9914,24.0188,-4.3412,45.05,17.3631,24.0642,-4.346,45.1,0.1327,0
294.197,5.1448,3.7054,3.6289,0,0,0.031,0.031,0.031,17.4676,27.7671,-4.3477,44.94,20.9909,24.018,-4.3407,45.04,17.3623,24.0632,-4.3464,45.09,0.1332,0
294.297,5.1463,3.7066,3.6297,0,0,0.029,0.029,0.029,17.4664,27.7674,-4.3473,44.94,20.9905,24.0171,-4.3395,45.03,17.3611,24.0623,-4.3468,45.09,0.1339,0
294.397,5.1477,3.7077,3.6304,0,0,0.027,0.027,0.027,17.4653,27.7677,-4.347,44.94,20.9899,24.0159,-4.3385,45.01,17.3598,24.0615,-4.3472,45.1,0.1347,1
294.497,5.1492,3.7088,3.6313,0,0,0.025,0.025,0.025,17.4641,27.7677,-4.3468,44.94,20.9895,24.0146,-4.338,45.01,17.3585,24.0604,-4.3479,45.1,0.1354,1
294.597,5.1508,3.7096,3.6324,0,0,0.023,0.023,0.023,17.4632,27.7671,-4.3466,44.94,20.9896,24.0128,-4.3376,45.01,17.3576,24.0591,-4.3486,45.11,0.1359,1
294.697,5.1524,3.7098,3.6334,0,0,0.021,0.021,0.021,17.4623,27.7661,-4.3465,44.95,20.9899,24.0108,-4.337,45.0,17.3569,24.0578,-4.3492,45.12,0.1362,1
294.797,5.1536,3.71,3.6335,0,0,0.019,0.019,0.019,17.4615,27.765,-4.3464,44.97,20.9901,24.0088,-4.3366,44.99,17.357,24.0564,-4.3496,45.11,0.1364,1
294.897,5.1543,3.7107,3.633,0,0,0.016,0.016,0.016,17.4613,27.7638,-4.3461,44.98,20.9899,24.0068,-4.3367,44.98,17.3573,24.0545,-4.3498,45.12,0.1368,1
294.997,5.1544,3.7115,3.6324,0,0,0.014,0.014,0.014,17.4612,27.7626,-4.3461,44.99,20.9892,24.0048,-4.3369,44.98,17.3571,24.0526,-4.3495,45.12,0.1374,1
295.097,5.1547,3.7125,3.6318,0,0,0.012,0.012,0.012,17.4605,27.7615,-4.3463,44.99,20.9883,24.0031,-4.3371,44.98,17.3569,24.0504,-4.3488,45.13,0.1379,0
295.197,5.1538,3.7124,3.6311,0,0,0.009,0.009,0.009,17.46,27.7594,-4.3464,44.99,20.9873,24.0017,-4.3376,44.98,17.3565,24.0484,-4.3481,45.14,0.1377,0
295.297,5.1522,3.7111,3.6311,0,0,0.007,0.007,0.007,17.4602,27.7564,-4.3467,44.99,20.9863,23.9999,-4.3376,44.99,17.3556,24.0467,-4.3475,45.15,0.1371,0
295.397,5.1503,3.7099,3.6309,0,0,0.005,0.005,0.005,17.4606,27.7533,-4.3471,45.0,20.9852,23.9979,-4.3376,45.02,17.3546,24.0449,-4.3469,45.15,0.1366,0
295.497,5.1484,3.7092,3.6302,0,0,0.002,0.002,0.002,17.4611,27.7502,-4.3474,45.01,20.9839,23.9958,-4.3376,45.05,17.354,24.0425,-4.3464,45.16,0.1364,0
295.597,5.1473,3.7091,3.6296,0,0,0.001,0.001,0.001,17.461,27.7478,-4.3478,45.02,20.9829,23.994,-4.3375,45.08,17.3535,24.0403,-4.3462,45.17,0.1363,0
295.697,5.1465,3.7096,3.629,0,0,0.003,0.003,0.003,17.4608,27.7459,-4.3482,45.03,20.9817,23.9922,-4.3377,45.11,17.353,24.0378,-4.3461,45.17,0.1366,0
295.797,5.146,3.7102,3.6293,0,0,0.005,0.005,0.005,17.4608,27.7442,-4.3484,45.03,20.9809,23.9906,-4.338,45.13,17.3519,24.0356,-4.3461,45.19,0.1369,0
295.897,5.1457,3.7109,3.6296,0,0,0.008,0.008,0.008,17.4606,27.7427,-4.3482,45.03,20.9804,23.9892,-4.3382,45.16,17.3511,24.0334,-4.3464,45.2,0.1371,0
295.997,5.146,3.7118,3.6296,0,0,0.011,0.011,0.011,17.4597,27.7415,-4.3476,45.02,20.9799,23.9879,-4.3383,45.17,17.3506,24.0312,-4.3465,45.21,0.1373,0
296.097,5.1465,3.7128,3.6296,0,0,0.013,0.013,0.013,17.4586,27.7404,-4.3474,45.01,20.9793,23.9866,-4.3382,45.17,17.35,24.0291,-4.3464,45.21,0.1377,0
296.197,5.1471,3.7141,3.6297,0,0,0.016,0.016,0.016,17.4577,27.7397,-4.3478,45.0,20.9785,23.9852,-4.3379,45.17,17.349,24.0272,-4.3461,45.19,0.1383,0
296.297,5.1475,3.7153,3.6295,0,0,0.019,0.019,0.019,17.4564,27.739,-4.3484,45.0,20.9773,23.9841,-4.3378,45.17,17.3481,24.0253,-4.3463,45.17,0.1388,0
296.397,5.1475,3.7165,3.6293,0,0,0.021,0.021,0.021,17.455,27.7384,-4.3488,44.99,20.976,23.9835,-4.3378,45.17,17.3469,24.0235,-4.3466,45.15,0.1391,1
296.497,5.1475,3.7177,3.6291,0,0,0.024,0.024,0.024,17.4534,27.7381,-4.349,44.99,20.9744,23.9832,-4.338,45.18,17.3456,24.0219,-4.347,45.13,0.1395,1
296.597,5.148,3.7189,3.6288,0,0,0.027,0.027,0.027,17.4515,27.7379,-4.3492,44.98,20.9729,23.9826,-4.3383,45.19,17.3443,24.0205,-4.3475,45.13,0.1399,1
296.697,5.1493,3.7202,3.6285,0,0,0.03,0.03,0.03,17.4489,27.7379,-4.3495,44.98,20.9714,23.982,-4.3384,45.18,17.3431,24.0192,-4.3478,45.14,0.1403,1
296.797,5.1506,3.7212,3.6282,0,0,0.032,0.032,0.032,17.4463,27.738,-4.3498,44.98,20.9698,23.9811,-4.3383,45.17,17.3417,24.0183,-4.3477,45.14,0.1407,1
296.897,5.152,3.7217,3.6283,0,0,0.035,0.035,0.035,17.4441,27.7382,-4.3501,44.99,20.9681,23.9799,-4.3382,45.17,17.34,24.0179,-4.3476,45.14,0.1413,1
296.997,5.1536,3.7221,3.6286,0,0,0.038,0.038,0.038,17.442,27.7384,-4.3501,45.0,20.9665,23.9783,-4.338,45.16,17.3381,24.0177,-4.3475,45.14,0.1419,1
297.097,5.1548,3.7224,3.6288,0,0,0.041,0.041,0.041,17.4399,27.738,-4.35,45.01,20.9648,23.9767,-4.3379,45.15,17.3362,24.0171,-4.3474,45.15,0.1423,1
297.197,5.1558,3.7229,3.6289,0,0,0.044,0.044,0.044,17.438,27.7372,-4.35,45.02,20.9634,23.9751,-4.338,45.14,17.3347,24.0157,-4.3473,45.14,0.1427,1
297.297,5.1571,3.7235,3.6295,0,0,0.047,0.047,0.047,17.4361,27.7362,-4.3501,45.03,20.9626,23.9733,-4.3384,45.13,17.3333,24.0142,-4.3474,45.13,0.143,1
297.397,5.1589,3.724,3.6308,0,0,0.05,0.05,0.05,17.4341,27.7355,-4.35,45.04,20.9622,23.9716,-4.3389,45.11,17.3316,24.0128,-4.3475,45.12,0.1433,1
297.497,5.1597,3.724,3.6324,0,0,0.053,0.053,0.053,17.4326,27.7341,-4.3499,45.05,20.962,23.9703,-4.3395,45.09,17.3298,24.0115,-4.3476,45.1,0.1431,1
297.597,5.1601,3.7238,3.6337,0,0,0.056,0.056,0.056,17.4315,27.7325,-4.3497,45.05,20.9616,23.9689,-4.3401,45.09,17.3281,24.0101,-4.3476,45.08,0.143,1
297.697,5.1605,3.724,3.6344,0,0,0.059,0.059,0.059,17.4303,27.7313,-4.3494,45.06,20.9607,23.9674,-4.3404,45.09,17.3265,24.0088,-4.3473,45.08,0.1432,1
297.797,5.1604,3.7241,3.6349,0,0,0.062,0.062,0.062,17.4294,27.7301,-4.349,45.07,20.9594,23.966,-4.3406,45.08,17.3248,24.0075,-4.347,45.08,0.1434,1
297.897,5.1592,3.7236,3.6348,0,0,0.065,0.065,0.065,17.4288,27.7283,-4.3485,45.07,20.9577,23.9647,-4.3411,45.07,17.3232,24.0062,-4.3467,45.1,0.1432,1
297.997,5.1582,3.7235,3.6343,0,0,0.068,0.068,0.068,17.428,27.7264,-4.3479,45.07,20.9561,23.9635,-4.3418,45.06,17.322,24.0044,-4.3464,45.12,0.1431,1
298.097,5.1577,3.7233,3.6341,0,0,0.071,0.071,0.071,17.427,27.7243,-4.3474,45.06,20.9552,23.9622,-4.3426,45.05,17.3213,24.0025,-4.3459,45.13,0.1427,1
298.197,5.1581,3.7227,3.6343,0,0,0.074,0.074,0.074,17.4255,27.7222,-4.3469,45.06,20.9548,23.9606,-4.3429,45.04,17.3207,24.001,-4.3452,45.14,0.1422,1
298.297,5.1582,3.7214,3.6348,0,0,0.077,0.077,0.077,17.424,27.7196,-4.3466,45.05,20.9543,23.9587,-4.3429,45.04,17.3197,23.9996,-4.3445,45.13,0.1414,1
298.397,5.1586,3.7204,3.636,0,0,0.08,0.08,0.08,17.4225,27.7169,-4.3462,45.06,20.954,23.9568,-4.3428,45.04,17.3183,23.998,-4.344,45.12,0.1407,1
298.497,5.1592,3.7198,3.6371,0,0,0.084,0.084,0.084,17.421,27.7145,-4.346,45.07,20.9538,23.9545,-4.3428,45.04,17.3169,23.9961,-4.3438,45.12,0.1404,1
298.597,5.1597,3.7196,3.6373,0,0,0.087,0.087,0.087,17.4197,27.7119,-4.3457,45.07,20.9534,23.9521,-4.3425,45.05,17.3164,23.9938,-4.3435,45.11,0.1401,1
298.697,5.1602,3.7195,3.6366,0,0,0.09,0.09,0.09,17.4182,27.7092,-4.3456,45.07,20.9528,23.9496,-4.3425,45.07,17.3164,23.9911,-4.343,45.09,0.1398,1
298.797,5.1604,3.7199,3.6356,0,0,0.093,0.093,0.093,17.4167,27.7067,-4.3458,45.07,20.9519,23.9474,-4.3426,45.07,17.3165,23.9882,-4.3425,45.07,0.1397,1
298.897,5.1604,3.7204,3.6348,0,0,0.096,0.096,0.096,17.4152,27.7042,-4.3462,45.07,20.9508,23.9453,-4.3428,45.05,17.3162,23.9851,-4.3421,45.06,0.1396,1
298.997,5.1596,3.7203,3.6343,0,0,0.099,0.099,0.099,17.4138,27.701,-4.3464,45.06,20.9497,23.9435,-4.343,45.03,17.3156,23.9821,-4.342,45.06,0.139,1
299.097,5.1593,3.7201,3.6343,0,0,0.103,0.103,0.103,17.4122,27.6981,-4.3465,45.06,20.9488,23.9417,-4.3433,45.01,17.3147,23.9793,-4.3419,45.05,0.1385,1
299.197,5.1595,3.7197,3.6346,0,0,0.106,0.106,0.106,17.4105,27.6953,-4.3468,45.06,20.948,23.9393,-4.3434,44.99,17.3136,23.9769,-4.3416,45.05,0.1382,1
299.297,5.1597,3.7192,3.6345,0,0,0.109,0.109,0.109,17.4089,27.6927,-4.3472,45.07,20.9467,23.9369,-4.3435,44.99,17.3125,23.9748,-4.3412,45.05,0.1379,1
299.397,5.1597,3.7187,3.6336,0,0,0.112,0.112,0.112,17.407,27.6899,-4.3477,45.07,20.945,23.9342,-4.3435,45.0,17.3117,23.9724,-4.3409,45.05,0.1376,1
299.497,5.1596,3.7183,3.6322,0,0,0.116,0.116,0.116,17.4053,27.6867,-4.3482,45.06,20.9434,23.9312,-4.3433,45.01,17.3115,23.9697,-4.3355,45.04,0.1374,1
299.597,5.1597,3.7179,3.6311,0,0,0.119,0.119,0.119,17.4039,27.6834,-4.3487,45.06,20.9423,23.9281,-4.343,45.02,17.3115,23.9667,-4.3236,45.04,0.1373,1
299.697,5.1598,3.7174,3.6305,0,0,0.122,0.122,0.122,17.4024,27.6799,-4.349,45.05,20.9414,23.925,-4.3425,45.02,17.3113,23.9638,-4.3062,45.04,0.1374,1
299.797,5.159,3.7164,3.6301,0,0,0.125,0.125,0.125,17.4014,27.6758,-4.3491,45.04,20.9406,23.9222,-4.342,45.02,17.3111,23.9611,-4.2847,45.03,0.1376,1
299.897,5.1576,3.7153,3.6302,0,0,0.128,0.128,0.128,17.401,27.6715,-4.3492,45.04,20.9399,23.9196,-4.3419,45.01,17.3109,23.9583,-4.26,45.01,0.1383,1
299.997,5.1552,3.7142,3.6307,0,0,0.132,0.132,0.132,17.401,27.6668,-4.3494,45.03,20.9389,23.9171,-4.3418,45.02,17.31,23.9555,-4.2329,44.99,0.1396,1
300.097,5.1524,3.7132,3.6319,0,0,0.1,0.1,0.1,17.4011,27.6618,-4.3498,45.01,20.9376,23.9148,-4.3419,45.02,17.3086,23.9526,-4.2038,44.97,0.1416,1
300.197,5.1489,3.7118,3.6332,0,0,0.102,0.102,0.102,17.402,27.6571,-4.3502,44.98,20.9369,23.9134,-4.3421,45.02,17.3075,23.9504,-4.1797,44.97,0.1433,1
300.297,5.1449,3.7094,3.6351,0,0,0.104,0.104,0.104,17.4042,27.6528,-4.3502,44.96,20.9373,23.9129,-4.3426,45.03,17.3068,23.9494,-4.163,44.96,0.1448,1
300.397,5.1412,3.7066,3.637,0,0,0.105,0.105,0.105,17.4072,27.6491,-4.3499,44.95,20.9386,23.9127,-4.343,45.03,17.3067,23.9491,-4.1527,44.96,0.151,1
300.497,5.1376,3.7035,3.6386,0,0,0.107,0.107,0.107,17.4111,27.6456,-4.3492,44.92,20.9409,23.9125,-4.3435,45.02,17.3077,23.9491,-4.1476,44.96,0.1541,1
300.597,5.1338,3.7002,3.6394,0,0,0.11,0.11,0.11,17.4157,27.6421,-4.3487,44.91,20.9436,23.9124,-4.3437,45.03,17.3098,23.949,-4.1464,44.94,0.155,1
300.697,5.13,3.6966,3.6395,0,0,0.112,0.112,0.112,17.4206,27.6386,-4.3484,44.9,20.9463,23.9121,-4.3439,45.02,17.3122,23.9489,-4.1484,44.93,0.1538,1
300.797,5.1262,3.6924,3.6394,0,0,0.114,0.114,0.114,17.4258,27.6349,-4.3481,44.9,20.949,23.9113,-4.3442,45.01,17.3148,23.9494,-4.153,44.93,0.1512,1
300.897,5.1222,3.6879,3.6394,0,0,0.116,0.116,0.116,17.4313,27.6312,-4.3479,44.9,20.9515,23.9103,-4.3445,45.0,17.317,23.9498,-4.1593,44.92,0.1478,1
300.997,5.1183,3.6835,3.6397,0,0,0.118,0.118,0.118,17.437,27.6276,-4.348,44.9,20.9541,23.909,-4.3444,45.0,17.319,23.9505,-4.1665,44.92,0.1439,1
301.097,5.1148,3.679,3.6396,0,0,0.12,0.12,0.12,17.4424,27.6241,-4.3483,44.91,20.9566,23.9077,-4.3442,45.0,17.3213,23.9512,-4.1746,44.93,0.1396,1
301.197,5.112,3.6754,3.6386,0,0,0.123,0.123,0.123,17.4468,27.6215,-4.3483,44.91,20.9586,23.9066,-4.3438,44.99,17.3239,23.9518,-4.1834,44.92,0.1346,1
301.297,5.1105,3.6729,3.6372,0,0,0.125,0.125,0.125,17.45,27.6197,-4.3484,44.92,20.9603,23.9055,-4.3437,44.99,17.3265,23.9522,-4.1923,44.92,0.1295,1
301.397,5.1093,3.6709,3.6354,0,0,0.127,0.127,0.127,17.4524,27.6185,-4.3489,44.92,20.9615,23.9049,-4.3439,44.98,17.3292,23.9526,-4.2013,44.92,0.1251,1
301.497,5.1083,3.6696,3.6335,0,0,0.13,0.13,0.13,17.4542,27.6178,-4.3494,44.91,20.9624,23.9047,-4.3441,44.98,17.3317,23.9529,-4.2102,44.91,0.1236,1
301.597,5.1077,3.6684,3.6321,0,0,0.132,0.132,0.132,17.4553,27.6177,-4.3496,44.91,20.963,23.905,-4.344,44.98,17.3334,23.9537,-4.2188,44.9,0.1222,1
301.697,5.1074,3.6676,3.631,0,0,0.135,0.135,0.135,17.4558,27.618,-4.3498,44.91,20.9634,23.9056,-4.3438,44.97,17.3345,23.9544,-4.2274,44.89,0.121,1
301.797,5.1072,3.6674,3.6302,0,0,0.137,0.137,0.137,17.4563,27.6185,-4.3499,44.91,20.9638,23.9062,-4.3436,44.95,17.3356,23.9548,-4.2359,44.9,0.1199,1
301.897,5.1065,3.6672,3.6295,0,0,0.14,0.14,0.14,17.4567,27.6188,-4.35,44.91,20.9639,23.9072,-4.3438,44.93,17.336,23.9552,-4.2442,44.9,0.1189,1
301.997,5.1057,3.6664,3.6294,0,0,0.142,0.142,0.142,17.457,27.6189,-4.3502,44.92,20.9638,23.908,-4.3441,44.93,17.3359,23.9558,-4.2518,44.91,0.1179,1
302.097,5.1053,3.6655,3.6294,0,0,0.145,0.145,0.145,17.457,27.6189,-4.3503,44.92,20.9635,23.9084,-4.3445,44.93,17.3354,23.9566,-4.2588,44.92,0.117,1
302.197,5.1062,3.6652,3.6294,0,0,0.147,0.147,0.147,17.4563,27.6195,-4.3504,44.93,20.9633,23.9082,-4.3448,44.93,17.3351,23.9573,-4.2655,44.91,0.1165,1
302.297,5.1081,3.6658,3.6292,0,0,0.15,0.15,0.15,17.4547,27.6206,-4.3507,44.94,20.963,23.9079,-4.3451,44.93,17.3348,23.9576,-4.2718,44.9,0.1162,1
302.397,5.1108,3.6671,3.6293,0,0,0.152,0.152,0.152,17.4525,27.6223,-4.3511,44.94,20.9627,23.9077,-4.3452,44.93,17.3343,23.9579,-4.2774,44.9,0.1163,1
302.497,5.1138,3.6687,3.6294,0,0,0.155,0.155,0.155,17.4499,27.6242,-4.3511,44.94,20.9622,23.9074,-4.3449,44.94,17.3337,23.958,-4.2825,44.89,0.1166,1
302.597,5.1168,3.6707,3.6294,0,0,0.157,0.157,0.157,17.447,27.626,-4.351,44.94,20.9617,23.9072,-4.3444,44.95,17.3332,23.9576,-4.2872,44.88,0.1169,1
302.697,5.1201,3.6738,3.6286,0,0,0.16,0.16,0.16,17.4438,27.6279,-4.3507,44.93,20.9609,23.907,-4.344,44.95,17.333,23.9562,-4.2918,44.88,0.1175,1
302.797,5.1235,3.6769,3.6278,0,0,0.162,0.162,0.162,17.4403,27.6298,-4.3504,44.93,20.9599,23.9066,-4.3434,44.96,17.3328,23.9549,-4.2961,44.87,0.1183,1
302.897,5.1264,3.6797,3.6269,0,0,0.165,0.165,0.165,17.4368,27.6315,-4.3503,44.93,20.9585,23.9063,-4.3427,44.96,17.3321,23.9536,-4.2997,44.87,0.1191,1
302.997,5.1286,3.6825,3.6258,0,0,0.167,0.167,0.167,17.4334,27.6331,-4.3502,44.94,20.9565,23.9061,-4.3422,44.96,17.3312,23.9523,-4.3031,44.86,0.12,1
303.097,5.1308,3.6853,3.6244,0,0,0.17,0.17,0.17,17.4299,27.6346,-4.3503,44.94,20.9543,23.9059,-4.3421,44.95,17.3304,23.9509,-4.3063,44.86,0.1209,1
303.197,5.1327,3.6877,3.6227,0,0,0.172,0.172,0.172,17.4265,27.6361,-4.3504,44.94,20.9518,23.9056,-4.3418,44.94,17.3295,23.9499,-4.3094,44.86,0.1217,1
303.297,5.1338,3.6898,3.621,0,0,0.175,0.175,0.175,17.4232,27.6371,-4.3505,44.96,20.9491,23.9056,-4.3417,44.94,17.3284,23.9487,-4.3124,44.86,0.1223,1
303.397,5.1342,3.6916,3.6195,0,0,0.177,0.177,0.177,17.4204,27.6375,-4.3503,44.97,20.9465,23.9057,-4.342,44.94,17.3273,23.9473,-4.3153,44.85,0.1227,1
303.497,5.1336,3.6926,3.6179,0,0,0.18,0.18,0.18,17.4184,27.6373,-4.3498,44.98,20.9438,23.9057,-4.3427,44.94,17.3262,23.946,-4.3179,44.85,0.1228,1
303.597,5.1321,3.6933,3.6165,0,0,0.182,0.182,0.182,17.4166,27.6368,-4.3495,44.98,20.9409,23.9062,-4.3433,44.93,17.3247,23.9448,-4.3203,44.84,0.1227,1
303.697,5.1303,3.6936,3.616,0,0,0.184,0.184,0.184,17.4149,27.636,-4.3496,44.98,20.9381,23.9068,-4.344,44.91,17.3224,23.9437,-4.3227,44.84,0.1225,1
303.797,5.129,3.6931,3.616,0,0,0.187,0.187,0.187,17.4133,27.6351,-4.35,44.98,20.9356,23.9069,-4.3449,44.9,17.3198,23.9433,-4.3252,44.84,0.122,1
303.897,5.1276,3.692,3.6161,0,0,0.189,0.189,0.189,17.4118,27.6339,-4.3501,44.98,20.9331,23.9067,-4.3457,44.89,17.3173,23.9432,-4.3277,44.85,0.1215,1
303.997,5.1258,3.6907,3.6159,0,0,0.192,0.192,0.192,17.4108,27.6325,-4.3501,44.99,20.9306,23.9063,-4.3461,44.88,17.3149,23.943,-4.33,44.85,0.121,1
304.097,5.1245,3.6898,3.6162,0,0,0.194,0.194,0.194,17.4098,27.6312,-4.3497,44.99,20.9284,23.9056,-4.3462,44.88,17.3124,23.9427,-4.3318,44.84,0.1208,1
304.197,5.1239,3.6896,3.6165,0,0,0.196,0.196,0.196,17.4086,27.6302,-4.3493,44.99,20.9266,23.9048,-4.3464,44.88,17.3103,23.9419,-4.3336,44.83,0.1207,1
304.297,5.1244,3.6907,3.6165,0,0,0.199,0.199,0.199,17.4068,27.6297,-4.3492,45.01,20.9251,23.9039,-4.3464,44.89,17.3088,23.9403,-4.3351,44.82,0.1211,1
304.397,5.1251,3.6929,3.6159,0,0,0.201,0.201,0.201,17.405,27.6294,-4.349,45.01,20.9239,23.9032,-4.3465,44.9,17.3081,23.9377,-4.3366,44.82,0.1217,1
304.497,5.1264,3.6954,3.615,0,0,0.203,0.203,0.203,17.4031,27.629,-4.3489,45.01,20.9229,23.902,-4.3466,44.91,17.3081,23.9348,-4.3381,44.81,0.1225,1
304.597,5.1286,3.6981,3.6146,0,0,0.205,0.205,0.205,17.401,27.629,-4.349,45.01,20.9223,23.9003,-4.3468,44.92,17.3078,23.9321,-4.3393,44.82,0.1235,1
304.697,5.1313,3.7008,3.6149,0,0,0.207,0.207,0.207,17.3984,27.6293,-4.3492,45.01,20.9215,23.8987,-4.347,44.93,17.3068,23.9296,-4.3404,44.82,0.1247,1
304.797,5.1347,3.7036,3.6156,0,0,0.21,0.21,0.21,17.3951,27.6301,-4.3495,45.0,20.9206,23.897,-4.3473,44.94,17.3051,23.9276,-4.3417,44.83,0.126,1
304.897,5.1378,3.7056,3.6167,0,0,0.212,0.212,0.212,17.3918,27.6306,-4.3495,45.0,20.9197,23.8955,-4.3476,44.95,17.3031,23.9261,-4.3429,44.85,0.127,1
304.997,5.1403,3.707,3.6177,0,0,0.214,0.214,0.214,17.3883,27.6311,-4.3491,45.0,20.9181,23.8944,-4.3478,44.96,17.3005,23.9251,-4.3437,44.87,0.1278,1
305.097,5.1418,3.7074,3.6188,0,0,0.216,0.216,0.216,17.385,27.6313,-4.3486,44.99,20.9161,23.8936,-4.3479,44.97,17.2974,23.9249,-4.3442,44.88,0.1281,1
305.197,5.1428,3.7073,3.6204,0,0,0.218,0.218,0.218,17.3823,27.631,-4.3483,44.98,20.9141,23.8928,-4.348,44.98,17.2939,23.9248,-4.3444,44.89,0.1282,1
305.297,5.1434,3.7068,3.6219,0,0,0.22,0.22,0.22,17.3798,27.6304,-4.3483,44.99,20.912,23.8917,-4.3481,44.98,17.2903,23.9247,-4.3445,44.89,0.1283,1
305.397,5.144,3.7061,3.6233,0,0,0.222,0.222,0.222,17.3776,27.6295,-4.3485,44.99,20.9101,23.8903,-4.348,45.0,17.2869,23.9245,-4.3445,44.9,0.1283,1
305.497,5.1444,3.7054,3.6244,0,0,0.224,0.224,0.224,17.3753,27.6282,-4.3488,45.0,20.9083,23.8889,-4.3478,45.01,17.284,23.9239,-4.3442,44.92,0.1281,1
305.597,5.1445,3.705,3.6254,0,0,0.226,0.226,0.226,17.3731,27.627,-4.3487,45.01,20.9064,23.8879,-4.3477,45.01,17.2811,23.9231,-4.3438,44.94,0.1279,1
305.697,5.1444,3.705,3.6259,0,0,0.228,0.228,0.228,17.3709,27.6259,-4.3481,45.01,20.9044,23.887,-4.3477,45.02,17.2786,23.922,-4.3436,44.95,0.1278,1
305.797,5.1441,3.705,3.6257,0,0,0.23,0.23,0.23,17.3686,27.6247,-4.3476,45.0,20.9021,23.8863,-4.3476,45.03,17.2766,23.9208,-4.3437,44.96,0.1276,1
305.897,5.1433,3.7048,3.6252,0,0,0.232,0.232,0.232,17.3666,27.6232,-4.3471,44.99,20.8997,23.8856,-4.3476,45.04,17.2746,23.9196,-4.3439,44.96,0.1274,1
305.997,5.1416,3.7041,3.6246,0,0,0.233,0.233,0.233,17.3654,27.6212,-4.3471,44.98,20.8974,23.8847,-4.3476,45.06,17.2729,23.9183,-4.3442,44.95,0.1269,1
306.097,5.1397,3.7033,3.6239,0,0,0.366,0.366,0.366,17.3644,27.6188,-4.3472,44.98,20.8951,23.8838,-4.3477,45.08,17.2714,23.9166,-4.3444,44.95,0.1263,1
306.197,5.1379,3.7022,3.6238,0,0,0.367,0.367,0.367,17.3642,27.6149,-4.3473,44.99,20.8936,23.8811,-4.3476,45.1,17.27,23.9138,-4.3443,44.95,0.1258,1
306.297,5.1371,3.7015,3.6238,0,0,0.369,0.369,0.369,17.3646,27.6095,-4.3476,44.99,20.8931,23.8758,-4.3472,45.12,17.2695,23.9092,-4.3441,44.96,0.1256,1
306.397,5.1372,3.7015,3.6237,0,0,0.371,0.371,0.371,17.365,27.6032,-4.3479,44.99,20.8929,23.869,-4.347,45.13,17.2694,23.903,-4.3439,44.96,0.1259,1
306.497,5.1378,3.7019,3.624,0,0,0.372,0.372,0.372,17.3652,27.5963,-4.348,45.0,20.8931,23.8612,-4.3468,45.13,17.2692,23.8956,-4.3438,44.97,0.1264,1
306.597,5.1388,3.7024,3.6245,0,0,0.374,0.374,0.374,17.3655,27.5889,-4.3479,45.0,20.8937,23.8527,-4.3469,45.12,17.2693,23.8877,-4.3438,44.97,0.1269,1
306.697,5.1404,3.7031,3.6253,0,0,0.375,0.375,0.375,17.3656,27.5817,-4.3478,45.01,20.8945,23.8439,-4.3471,45.11,17.2694,23.8798,-4.3441,44.99,0.1276,1
306.797,5.1428,3.7038,3.6266,0,0,0.377,0.377,0.377,17.3654,27.5744,-4.3479,45.02,20.8956,23.8347,-4.3474,45.11,17.2692,23.8719,-4.3444,45.0,0.1283,1
306.897,5.1448,3.7039,3.6282,0,0,0.378,0.378,0.378,17.3652,27.5669,-4.348,45.03,20.8966,23.8254,-4.348,45.12,17.2686,23.8642,-4.3446,45.01,0.1288,1
306.997,5.1462,3.7035,3.6293,0,0,0.379,0.379,0.379,17.365,27.5591,-4.3479,45.04,20.8972,23.8166,-4.3485,45.12,17.2681,23.8569,-4.345,45.02,0.129,1
307.097,5.1473,3.7035,3.6294,0,0,0.381,0.381,0.381,17.3641,27.552,-4.3478,45.05,20.897,23.8086,-4.3488,45.11,17.2678,23.8498,-4.3454,45.03,0.1291,1
307.197,5.1481,3.7034,3.6295,0,0,0.382,0.382,0.382,17.3632,27.5451,-4.3476,45.06,20.8966,23.801,-4.3485,45.09,17.2674,23.8429,-4.3457,45.05,0.1292,1
307.297,5.1478,3.7033,3.6295,0,0,0.383,0.383,0.383,17.3628,27.5382,-4.3473,45.07,20.8957,23.7941,-4.3482,45.07,17.2664,23.8362,-4.346,45.06,0.1293,1
307.397,5.1463,3.7029,3.6293,0,0,0.385,0.385,0.385,17.363,27.5317,-4.347,45.08,20.894,23.7879,-4.3478,45.06,17.265,23.8301,-4.3458,45.06,0.1294,1
307.497,5.1441,3.7027,3.6285,0,0,0.386,0.386,0.386,17.3629,27.5253,-4.347,45.08,20.8917,23.7824,-4.3471,45.06,17.2634,23.824,-4.3457,45.07,0.1293,1
307.597,5.142,3.7028,3.6274,0,0,0.387,0.387,0.387,17.3623,27.5194,-4.3468,45.08,20.8891,23.7775,-4.3466,45.06,17.2619,23.8179,-4.3457,45.08,0.1293,1
307.697,5.1402,3.7028,3.6262,0,0,0.388,0.388,0.388,17.3612,27.5139,-4.3466,45.09,20.8863,23.7729,-4.3464,45.06,17.2603,23.8125,-4.3458,45.08,0.1292,1
307.797,5.1388,3.703,3.6252,0,0,0.389,0.389,0.389,17.3596,27.5092,-4.3464,45.08,20.8832,23.7687,-4.3464,45.06,17.2583,23.8076,-4.3458,45.07,0.1293,1
307.897,5.1369,3.7028,3.6245,0,0,0.39,0.39,0.39,17.3583,27.5048,-4.3464,45.08,20.8802,23.7653,-4.3464,45.05,17.2559,23.8035,-4.3458,45.07,0.1292,1
307.997,5.1346,3.7023,3.6238,0,0,0.391,0.391,0.391,17.3575,27.5004,-4.3463,45.07,20.8775,23.7623,-4.3466,45.04,17.2539,23.7996,-4.346,45.06,0.1289,1
308.097,5.1325,3.702,3.623,0,0,0.392,0.392,0.392,17.3566,27.4965,-4.3462,45.06,20.8747,23.7594,-4.3469,45.04,17.2518,23.796,-4.3462,45.06,0.1288,1
308.197,5.1307,3.7022,3.6224,0,0,0.393,0.393,0.393,17.3553,27.4932,-4.3464,45.06,20.8716,23.7568,-4.3473,45.04,17.2493,23.7925,-4.3464,45.07,0.129,1
308.297,5.1301,3.7031,3.6221,0,0,0.393,0.393,0.393,17.3532,27.4909,-4.3468,45.07,20.8683,23.7543,-4.3479,45.04,17.2464,23.7894,-4.3467,45.08,0.1295,1
